location,model,datetime,real_value,predicted_value
Potomje,Suhopolje_2025-03-13_11-08_tf_1h,2021-01-02 01:00:00,283.11743,282.80252
Potomje,Suhopolje_2025-03-13_11-08_tf_1h,2021-01-02 02:00:00,283.10593,282.84445
Potomje,Suhopolje_2025-03-13_11-08_tf_1h,2021-01-02 03:00:00,283.19678,282.92322
Potomje,Suhopolje_2025-03-13_11-08_tf_1h,2021-01-02 04:00:00,283.0889,283.128
Potomje,Suhopolje_2025-03-13_11-08_tf_1h,2021-01-02 05:00:00,283.26138,282.92746
Potomje,Suhopolje_2025-03-13_11-08_tf_1h,2021-01-02 06:00:00,283.30276,283.31995
Potomje,Suhopolje_2025-03-13_11-08_tf_1h,2021-01-02 07:00:00,283.53894,283.29764
Potomje,Suhopolje_2025-03-13_11-08_tf_1h,2021-01-02 08:00:00,283.52652,283.79996
Potomje,Suhopolje_2025-03-13_11-08_tf_1h,2021-01-02 09:00:00,284.02072,283.63602
Potomje,Suhopolje_2025-03-13_11-08_tf_1h,2021-01-02 10:00:00,284.71176,284.35458
Potomje,Suhopolje_2025-03-13_11-08_tf_1h,2021-01-02 11:00:00,285.19125,285.21838
Potomje,Suhopolje_2025-03-13_11-08_tf_1h,2021-01-02 12:00:00,285.51505,285.53564
Potomje,Suhopolje_2025-03-13_11-08_tf_1h,2021-01-02 13:00:00,285.53873,285.66876
Potomje,Suhopolje_2025-03-13_11-08_tf_1h,2021-01-02 14:00:00,285.5523,285.42435
Potomje,Suhopolje_2025-03-13_11-08_tf_1h,2021-01-02 15:00:00,285.21378,285.35315
Potomje,Suhopolje_2025-03-13_11-08_tf_1h,2021-01-02 16:00:00,285.05188,284.7654
Potomje,Suhopolje_2025-03-13_11-08_tf_1h,2021-01-02 17:00:00,285.10733,284.65475
Potomje,Suhopolje_2025-03-13_11-08_tf_1h,2021-01-02 18:00:00,285.03995,284.913
Potomje,Suhopolje_2025-03-13_11-08_tf_1h,2021-01-02 19:00:00,284.9638,284.7724
Potomje,Suhopolje_2025-03-13_11-08_tf_1h,2021-01-02 20:00:00,284.6782,284.69012
Potomje,Suhopolje_2025-03-13_11-08_tf_1h,2021-01-02 21:00:00,284.2109,284.28598
Potomje,Suhopolje_2025-03-13_11-08_tf_1h,2021-01-02 22:00:00,284.08948,283.7249
Potomje,Suhopolje_2025-03-13_11-08_tf_1h,2021-01-02 23:00:00,284.2031,283.85373
Potomje,Suhopolje_2025-03-13_11-08_tf_1h,2021-01-03 00:00:00,284.20102,284.1348
Potomje,Suhopolje_2025-03-13_11-08_tf_1h,2021-01-03 01:00:00,284.07016,284.0603
Potomje,Suhopolje_2025-03-13_11-08_tf_1h,2021-01-03 02:00:00,284.40524,283.84766
Potomje,Suhopolje_2025-03-13_11-08_tf_1h,2021-01-03 03:00:00,284.33508,284.50555
Potomje,Suhopolje_2025-03-13_11-08_tf_1h,2021-01-03 04:00:00,283.9161,284.15067
Potomje,Suhopolje_2025-03-13_11-08_tf_1h,2021-01-03 05:00:00,282.96863,283.54886
Potomje,Suhopolje_2025-03-13_11-08_tf_1h,2021-01-03 06:00:00,282.40936,282.2931
Potomje,Suhopolje_2025-03-13_11-08_tf_1h,2021-01-03 07:00:00,282.10007,282.07544
Potomje,Suhopolje_2025-03-13_11-08_tf_1h,2021-01-03 08:00:00,282.79156,281.98856
Potomje,Suhopolje_2025-03-13_11-08_tf_1h,2021-01-03 09:00:00,283.26828,283.39813
Potomje,Suhopolje_2025-03-13_11-08_tf_1h,2021-01-03 10:00:00,283.96875,283.65216
Potomje,Suhopolje_2025-03-13_11-08_tf_1h,2021-01-03 11:00:00,284.5708,284.48218
Potomje,Suhopolje_2025-03-13_11-08_tf_1h,2021-01-03 12:00:00,284.715,285.0053
Potomje,Suhopolje_2025-03-13_11-08_tf_1h,2021-01-03 13:00:00,284.66187,284.78345
Potomje,Suhopolje_2025-03-13_11-08_tf_1h,2021-01-03 14:00:00,285.01923,284.49863
Potomje,Suhopolje_2025-03-13_11-08_tf_1h,2021-01-03 15:00:00,285.28003,285.1241
Potomje,Suhopolje_2025-03-13_11-08_tf_1h,2021-01-03 16:00:00,285.0797,285.40518
Potomje,Suhopolje_2025-03-13_11-08_tf_1h,2021-01-03 17:00:00,284.7665,284.8345
Potomje,Suhopolje_2025-03-13_11-08_tf_1h,2021-01-03 18:00:00,283.50516,284.34543
Potomje,Suhopolje_2025-03-13_11-08_tf_1h,2021-01-03 19:00:00,283.1547,282.53964
Potomje,Suhopolje_2025-03-13_11-08_tf_1h,2021-01-03 20:00:00,283.6698,282.8166
Potomje,Suhopolje_2025-03-13_11-08_tf_1h,2021-01-03 21:00:00,283.7781,283.91977
Potomje,Suhopolje_2025-03-13_11-08_tf_1h,2021-01-03 22:00:00,283.7487,283.81546
Potomje,Suhopolje_2025-03-13_11-08_tf_1h,2021-01-03 23:00:00,283.59485,283.6353
Potomje,Suhopolje_2025-03-13_11-08_tf_1h,2021-01-04 00:00:00,283.20688,283.3467
Potomje,Suhopolje_2025-03-13_11-08_tf_1h,2021-01-04 01:00:00,282.39972,282.8227
Potomje,Suhopolje_2025-03-13_11-08_tf_1h,2021-01-04 02:00:00,282.06052,281.7613
Potomje,Suhopolje_2025-03-13_11-08_tf_1h,2021-01-04 03:00:00,281.95242,281.75433
Potomje,Suhopolje_2025-03-13_11-08_tf_1h,2021-01-04 04:00:00,281.54517,281.78668
Potomje,Suhopolje_2025-03-13_11-08_tf_1h,2021-01-04 05:00:00,281.41293,281.1974
Potomje,Suhopolje_2025-03-13_11-08_tf_1h,2021-01-04 06:00:00,280.91483,281.33328
Potomje,Suhopolje_2025-03-13_11-08_tf_1h,2021-01-04 07:00:00,280.78326,280.63165
Potomje,Suhopolje_2025-03-13_11-08_tf_1h,2021-01-04 08:00:00,280.77844,280.8703
Potomje,Suhopolje_2025-03-13_11-08_tf_1h,2021-01-04 09:00:00,281.8041,280.91174
Potomje,Suhopolje_2025-03-13_11-08_tf_1h,2021-01-04 10:00:00,282.6745,282.70816
Potomje,Suhopolje_2025-03-13_11-08_tf_1h,2021-01-04 11:00:00,283.2837,283.45966
Potomje,Suhopolje_2025-03-13_11-08_tf_1h,2021-01-04 12:00:00,283.51917,283.78598
Potomje,Suhopolje_2025-03-13_11-08_tf_1h,2021-01-04 13:00:00,283.817,283.67596
Potomje,Suhopolje_2025-03-13_11-08_tf_1h,2021-01-04 14:00:00,284.0237,283.94485
Potomje,Suhopolje_2025-03-13_11-08_tf_1h,2021-01-04 15:00:00,283.99704,284.08826
Potomje,Suhopolje_2025-03-13_11-08_tf_1h,2021-01-04 16:00:00,283.74753,283.8644
Potomje,Suhopolje_2025-03-13_11-08_tf_1h,2021-01-04 17:00:00,283.1963,283.42075
Potomje,Suhopolje_2025-03-13_11-08_tf_1h,2021-01-04 18:00:00,283.4327,282.694
Potomje,Suhopolje_2025-03-13_11-08_tf_1h,2021-01-04 19:00:00,282.33463,283.4908
Potomje,Suhopolje_2025-03-13_11-08_tf_1h,2021-01-04 20:00:00,281.91907,281.6337
Potomje,Suhopolje_2025-03-13_11-08_tf_1h,2021-01-04 21:00:00,282.21664,281.5237
Potomje,Suhopolje_2025-03-13_11-08_tf_1h,2021-01-04 22:00:00,281.87054,282.32645
Potomje,Suhopolje_2025-03-13_11-08_tf_1h,2021-01-04 23:00:00,280.90656,281.52563
Potomje,Suhopolje_2025-03-13_11-08_tf_1h,2021-01-05 00:00:00,279.11673,280.15753
Potomje,Suhopolje_2025-03-13_11-08_tf_1h,2021-01-05 01:00:00,278.57928,278.06583
Potomje,Suhopolje_2025-03-13_11-08_tf_1h,2021-01-05 02:00:00,278.96725,278.2692
Potomje,Suhopolje_2025-03-13_11-08_tf_1h,2021-01-05 03:00:00,279.3591,279.1658
Potomje,Suhopolje_2025-03-13_11-08_tf_1h,2021-01-05 04:00:00,279.67554,279.4903
Potomje,Suhopolje_2025-03-13_11-08_tf_1h,2021-01-05 05:00:00,277.5647,279.71384
Potomje,Suhopolje_2025-03-13_11-08_tf_1h,2021-01-05 06:00:00,277.2326,276.30057
Potomje,Suhopolje_2025-03-13_11-08_tf_1h,2021-01-05 07:00:00,277.76382,277.76007
Potomje,Suhopolje_2025-03-13_11-08_tf_1h,2021-01-05 08:00:00,278.41946,278.51865
Potomje,Suhopolje_2025-03-13_11-08_tf_1h,2021-01-05 09:00:00,279.6592,279.18378
Potomje,Suhopolje_2025-03-13_11-08_tf_1h,2021-01-05 10:00:00,281.29312,280.6457
Potomje,Suhopolje_2025-03-13_11-08_tf_1h,2021-01-05 11:00:00,282.51376,282.4482
Potomje,Suhopolje_2025-03-13_11-08_tf_1h,2021-01-05 12:00:00,283.26712,283.37024
Potomje,Suhopolje_2025-03-13_11-08_tf_1h,2021-01-05 13:00:00,283.56403,283.83212
Potomje,Suhopolje_2025-03-13_11-08_tf_1h,2021-01-05 14:00:00,283.78342,283.80664
Potomje,Suhopolje_2025-03-13_11-08_tf_1h,2021-01-05 15:00:00,283.57574,283.87402
Potomje,Suhopolje_2025-03-13_11-08_tf_1h,2021-01-05 16:00:00,283.0572,283.27692
Potomje,Suhopolje_2025-03-13_11-08_tf_1h,2021-01-05 17:00:00,282.95483,282.4987
Potomje,Suhopolje_2025-03-13_11-08_tf_1h,2021-01-05 18:00:00,282.89413,282.62888
Potomje,Suhopolje_2025-03-13_11-08_tf_1h,2021-01-05 19:00:00,282.88425,282.7176
Potomje,Suhopolje_2025-03-13_11-08_tf_1h,2021-01-05 20:00:00,283.14963,282.72937
Potomje,Suhopolje_2025-03-13_11-08_tf_1h,2021-01-05 21:00:00,283.6045,283.10568
Potomje,Suhopolje_2025-03-13_11-08_tf_1h,2021-01-05 22:00:00,284.05844,283.691
Potomje,Suhopolje_2025-03-13_11-08_tf_1h,2021-01-05 23:00:00,284.44272,284.17398
Potomje,Suhopolje_2025-03-13_11-08_tf_1h,2021-01-06 00:00:00,284.35303,284.55157
Potomje,Suhopolje_2025-03-13_11-08_tf_1h,2021-01-06 01:00:00,284.51883,284.155
Potomje,Suhopolje_2025-03-13_11-08_tf_1h,2021-01-06 02:00:00,284.59265,284.32013
Potomje,Suhopolje_2025-03-13_11-08_tf_1h,2021-01-06 03:00:00,284.22723,284.3073
Potomje,Suhopolje_2025-03-13_11-08_tf_1h,2021-01-06 04:00:00,284.1026,283.6786
Potomje,Suhopolje_2025-03-13_11-08_tf_1h,2021-01-06 05:00:00,284.12973,283.81393
Potomje,Suhopolje_2025-03-13_11-08_tf_1h,2021-01-06 06:00:00,284.42386,284.01065
Potomje,Suhopolje_2025-03-13_11-08_tf_1h,2021-01-06 07:00:00,284.5239,284.53772
Potomje,Suhopolje_2025-03-13_11-08_tf_1h,2021-01-06 08:00:00,284.3466,284.57346
Potomje,Suhopolje_2025-03-13_11-08_tf_1h,2021-01-06 09:00:00,284.30243,284.25995
Potomje,Suhopolje_2025-03-13_11-08_tf_1h,2021-01-06 10:00:00,284.5248,284.17935
Potomje,Suhopolje_2025-03-13_11-08_tf_1h,2021-01-06 11:00:00,284.78973,284.5597
Potomje,Suhopolje_2025-03-13_11-08_tf_1h,2021-01-06 12:00:00,285.03256,284.84494
Potomje,Suhopolje_2025-03-13_11-08_tf_1h,2021-01-06 13:00:00,285.18457,285.05142
Potomje,Suhopolje_2025-03-13_11-08_tf_1h,2021-01-06 14:00:00,285.21518,285.08475
Potomje,Suhopolje_2025-03-13_11-08_tf_1h,2021-01-06 15:00:00,284.9024,284.9933
Potomje,Suhopolje_2025-03-13_11-08_tf_1h,2021-01-06 16:00:00,284.46042,284.4738
Potomje,Suhopolje_2025-03-13_11-08_tf_1h,2021-01-06 17:00:00,284.13895,283.99466
Potomje,Suhopolje_2025-03-13_11-08_tf_1h,2021-01-06 18:00:00,284.07614,283.80835
Potomje,Suhopolje_2025-03-13_11-08_tf_1h,2021-01-06 19:00:00,284.02142,283.9562
Potomje,Suhopolje_2025-03-13_11-08_tf_1h,2021-01-06 20:00:00,282.4457,283.91934
Potomje,Suhopolje_2025-03-13_11-08_tf_1h,2021-01-06 21:00:00,281.96323,281.5187
Potomje,Suhopolje_2025-03-13_11-08_tf_1h,2021-01-06 22:00:00,281.79007,281.6775
Potomje,Suhopolje_2025-03-13_11-08_tf_1h,2021-01-06 23:00:00,281.91608,281.5869
Potomje,Suhopolje_2025-03-13_11-08_tf_1h,2021-01-07 00:00:00,281.59323,281.97815
Potomje,Suhopolje_2025-03-13_11-08_tf_1h,2021-01-07 01:00:00,280.9139,281.2835
Potomje,Suhopolje_2025-03-13_11-08_tf_1h,2021-01-07 02:00:00,280.57883,280.3802
Potomje,Suhopolje_2025-03-13_11-08_tf_1h,2021-01-07 03:00:00,280.24286,280.36084
Potomje,Suhopolje_2025-03-13_11-08_tf_1h,2021-01-07 04:00:00,279.76245,280.04602
Potomje,Suhopolje_2025-03-13_11-08_tf_1h,2021-01-07 05:00:00,279.3421,279.5003
Potomje,Suhopolje_2025-03-13_11-08_tf_1h,2021-01-07 06:00:00,278.87158,279.13123
Potomje,Suhopolje_2025-03-13_11-08_tf_1h,2021-01-07 07:00:00,278.41327,278.62936
Potomje,Suhopolje_2025-03-13_11-08_tf_1h,2021-01-07 08:00:00,278.4804,278.26663
Potomje,Suhopolje_2025-03-13_11-08_tf_1h,2021-01-07 09:00:00,279.31128,278.75958
Potomje,Suhopolje_2025-03-13_11-08_tf_1h,2021-01-07 10:00:00,280.86905,280.05814
Potomje,Suhopolje_2025-03-13_11-08_tf_1h,2021-01-07 11:00:00,282.01544,282.10522
Potomje,Suhopolje_2025-03-13_11-08_tf_1h,2021-01-07 12:00:00,282.84952,282.84882
Potomje,Suhopolje_2025-03-13_11-08_tf_1h,2021-01-07 13:00:00,283.30392,283.45273
Potomje,Suhopolje_2025-03-13_11-08_tf_1h,2021-01-07 14:00:00,283.57,283.61658
Potomje,Suhopolje_2025-03-13_11-08_tf_1h,2021-01-07 15:00:00,283.61346,283.6664
Potomje,Suhopolje_2025-03-13_11-08_tf_1h,2021-01-07 16:00:00,283.34854,283.50687
Potomje,Suhopolje_2025-03-13_11-08_tf_1h,2021-01-07 17:00:00,283.05142,283.0099
Potomje,Suhopolje_2025-03-13_11-08_tf_1h,2021-01-07 18:00:00,282.752,282.63492
Potomje,Suhopolje_2025-03-13_11-08_tf_1h,2021-01-07 19:00:00,282.3406,282.31964
Potomje,Suhopolje_2025-03-13_11-08_tf_1h,2021-01-07 20:00:00,281.53986,281.89734
Potomje,Suhopolje_2025-03-13_11-08_tf_1h,2021-01-07 21:00:00,281.303,280.8485
Potomje,Suhopolje_2025-03-13_11-08_tf_1h,2021-01-07 22:00:00,281.14548,281.05707
Potomje,Suhopolje_2025-03-13_11-08_tf_1h,2021-01-07 23:00:00,280.95255,280.9251
Potomje,Suhopolje_2025-03-13_11-08_tf_1h,2021-01-08 00:00:00,280.63358,280.72107
Potomje,Suhopolje_2025-03-13_11-08_tf_1h,2021-01-08 01:00:00,280.39877,280.3262
Potomje,Suhopolje_2025-03-13_11-08_tf_1h,2021-01-08 02:00:00,280.2102,280.15915
Potomje,Suhopolje_2025-03-13_11-08_tf_1h,2021-01-08 03:00:00,279.9186,279.99457
Potomje,Suhopolje_2025-03-13_11-08_tf_1h,2021-01-08 04:00:00,279.713,279.62994
Potomje,Suhopolje_2025-03-13_11-08_tf_1h,2021-01-08 05:00:00,279.61783,279.49472
Potomje,Suhopolje_2025-03-13_11-08_tf_1h,2021-01-08 06:00:00,279.64932,279.5014
Potomje,Suhopolje_2025-03-13_11-08_tf_1h,2021-01-08 07:00:00,279.76776,279.7111
Potomje,Suhopolje_2025-03-13_11-08_tf_1h,2021-01-08 08:00:00,279.96875,280.15573
Potomje,Suhopolje_2025-03-13_11-08_tf_1h,2021-01-08 09:00:00,280.138,280.5143
Potomje,Suhopolje_2025-03-13_11-08_tf_1h,2021-01-08 10:00:00,280.3868,280.49243
Potomje,Suhopolje_2025-03-13_11-08_tf_1h,2021-01-08 11:00:00,280.78214,280.6943
Potomje,Suhopolje_2025-03-13_11-08_tf_1h,2021-01-08 12:00:00,281.08524,281.13995
Potomje,Suhopolje_2025-03-13_11-08_tf_1h,2021-01-08 13:00:00,281.4251,281.34503
Potomje,Suhopolje_2025-03-13_11-08_tf_1h,2021-01-08 14:00:00,281.69373,281.65335
Potomje,Suhopolje_2025-03-13_11-08_tf_1h,2021-01-08 15:00:00,281.87698,281.8498
Potomje,Suhopolje_2025-03-13_11-08_tf_1h,2021-01-08 16:00:00,281.7841,281.95248
Potomje,Suhopolje_2025-03-13_11-08_tf_1h,2021-01-08 17:00:00,281.5725,281.6428
Potomje,Suhopolje_2025-03-13_11-08_tf_1h,2021-01-08 18:00:00,281.26114,281.29846
Potomje,Suhopolje_2025-03-13_11-08_tf_1h,2021-01-08 19:00:00,280.78625,280.90573
Potomje,Suhopolje_2025-03-13_11-08_tf_1h,2021-01-08 20:00:00,280.3829,280.33923
Potomje,Suhopolje_2025-03-13_11-08_tf_1h,2021-01-08 21:00:00,279.831,280.03415
Potomje,Suhopolje_2025-03-13_11-08_tf_1h,2021-01-08 22:00:00,279.5571,279.38718
Potomje,Suhopolje_2025-03-13_11-08_tf_1h,2021-01-08 23:00:00,279.452,279.33878
Potomje,Suhopolje_2025-03-13_11-08_tf_1h,2021-01-09 00:00:00,279.1956,279.34576
Potomje,Suhopolje_2025-03-13_11-08_tf_1h,2021-01-09 01:00:00,278.76373,278.97675
Potomje,Suhopolje_2025-03-13_11-08_tf_1h,2021-01-09 02:00:00,278.30792,278.42142
Potomje,Suhopolje_2025-03-13_11-08_tf_1h,2021-01-09 03:00:00,277.9538,277.96527
Potomje,Suhopolje_2025-03-13_11-08_tf_1h,2021-01-09 04:00:00,277.59158,277.70557
Potomje,Suhopolje_2025-03-13_11-08_tf_1h,2021-01-09 05:00:00,277.25607,277.34732
Potomje,Suhopolje_2025-03-13_11-08_tf_1h,2021-01-09 06:00:00,277.06314,277.0505
Potomje,Suhopolje_2025-03-13_11-08_tf_1h,2021-01-09 07:00:00,277.12155,276.9885
Potomje,Suhopolje_2025-03-13_11-08_tf_1h,2021-01-09 08:00:00,278.11133,277.25525
Potomje,Suhopolje_2025-03-13_11-08_tf_1h,2021-01-09 09:00:00,278.90768,278.98236
Potomje,Suhopolje_2025-03-13_11-08_tf_1h,2021-01-09 10:00:00,280.27435,279.51938
Potomje,Suhopolje_2025-03-13_11-08_tf_1h,2021-01-09 11:00:00,281.2646,281.34396
Potomje,Suhopolje_2025-03-13_11-08_tf_1h,2021-01-09 12:00:00,281.9492,282.0036
Potomje,Suhopolje_2025-03-13_11-08_tf_1h,2021-01-09 13:00:00,282.10168,282.49527
Potomje,Suhopolje_2025-03-13_11-08_tf_1h,2021-01-09 14:00:00,282.07245,282.2291
Potomje,Suhopolje_2025-03-13_11-08_tf_1h,2021-01-09 15:00:00,281.8096,281.93124
Potomje,Suhopolje_2025-03-13_11-08_tf_1h,2021-01-09 16:00:00,281.11374,281.489
Potomje,Suhopolje_2025-03-13_11-08_tf_1h,2021-01-09 17:00:00,280.0214,280.46252
Potomje,Suhopolje_2025-03-13_11-08_tf_1h,2021-01-09 18:00:00,279.47018,279.09686
Potomje,Suhopolje_2025-03-13_11-08_tf_1h,2021-01-09 19:00:00,279.1188,279.04236
Potomje,Suhopolje_2025-03-13_11-08_tf_1h,2021-01-09 20:00:00,279.2846,278.81143
Potomje,Suhopolje_2025-03-13_11-08_tf_1h,2021-01-09 21:00:00,279.2915,279.3971
Potomje,Suhopolje_2025-03-13_11-08_tf_1h,2021-01-09 22:00:00,279.28873,279.24182
Potomje,Suhopolje_2025-03-13_11-08_tf_1h,2021-01-09 23:00:00,279.31012,279.24072
Potomje,Suhopolje_2025-03-13_11-08_tf_1h,2021-01-10 00:00:00,279.22964,279.26816
Potomje,Suhopolje_2025-03-13_11-08_tf_1h,2021-01-10 01:00:00,278.973,279.10785
Potomje,Suhopolje_2025-03-13_11-08_tf_1h,2021-01-10 02:00:00,278.75177,278.73352
Potomje,Suhopolje_2025-03-13_11-08_tf_1h,2021-01-10 03:00:00,278.52295,278.5565
Potomje,Suhopolje_2025-03-13_11-08_tf_1h,2021-01-10 04:00:00,278.54272,278.32535
Potomje,Suhopolje_2025-03-13_11-08_tf_1h,2021-01-10 05:00:00,278.41464,278.56805
Potomje,Suhopolje_2025-03-13_11-08_tf_1h,2021-01-10 06:00:00,278.51813,278.37488
Potomje,Suhopolje_2025-03-13_11-08_tf_1h,2021-01-10 07:00:00,278.61816,278.95932
Potomje,Suhopolje_2025-03-13_11-08_tf_1h,2021-01-10 08:00:00,279.37842,279.00278
Potomje,Suhopolje_2025-03-13_11-08_tf_1h,2021-01-10 09:00:00,279.58517,280.18552
Potomje,Suhopolje_2025-03-13_11-08_tf_1h,2021-01-10 10:00:00,279.97885,279.91376
Potomje,Suhopolje_2025-03-13_11-08_tf_1h,2021-01-10 11:00:00,280.20422,280.29715
Potomje,Suhopolje_2025-03-13_11-08_tf_1h,2021-01-10 12:00:00,280.00598,280.37656
Potomje,Suhopolje_2025-03-13_11-08_tf_1h,2021-01-10 13:00:00,280.18262,279.8238
Potomje,Suhopolje_2025-03-13_11-08_tf_1h,2021-01-10 14:00:00,280.41327,280.1897
Potomje,Suhopolje_2025-03-13_11-08_tf_1h,2021-01-10 15:00:00,280.3116,280.49
Potomje,Suhopolje_2025-03-13_11-08_tf_1h,2021-01-10 16:00:00,280.13086,280.1518
Potomje,Suhopolje_2025-03-13_11-08_tf_1h,2021-01-10 17:00:00,279.81558,279.896
Potomje,Suhopolje_2025-03-13_11-08_tf_1h,2021-01-10 18:00:00,279.5647,279.51138
Potomje,Suhopolje_2025-03-13_11-08_tf_1h,2021-01-10 19:00:00,279.35635,279.35834
Potomje,Suhopolje_2025-03-13_11-08_tf_1h,2021-01-10 20:00:00,279.45154,279.19955
Potomje,Suhopolje_2025-03-13_11-08_tf_1h,2021-01-10 21:00:00,279.0613,279.52454
Potomje,Suhopolje_2025-03-13_11-08_tf_1h,2021-01-10 22:00:00,278.72256,278.74597
Potomje,Suhopolje_2025-03-13_11-08_tf_1h,2021-01-10 23:00:00,278.1559,278.45795
Potomje,Suhopolje_2025-03-13_11-08_tf_1h,2021-01-11 00:00:00,277.90137,277.71744
Potomje,Suhopolje_2025-03-13_11-08_tf_1h,2021-01-11 01:00:00,277.74106,277.73074
Potomje,Suhopolje_2025-03-13_11-08_tf_1h,2021-01-11 02:00:00,277.82178,277.61288
Potomje,Suhopolje_2025-03-13_11-08_tf_1h,2021-01-11 03:00:00,277.76382,277.8844
Potomje,Suhopolje_2025-03-13_11-08_tf_1h,2021-01-11 04:00:00,277.5718,277.67496
Potomje,Suhopolje_2025-03-13_11-08_tf_1h,2021-01-11 05:00:00,277.57343,277.43262
Potomje,Suhopolje_2025-03-13_11-08_tf_1h,2021-01-11 06:00:00,277.6093,277.64578
Potomje,Suhopolje_2025-03-13_11-08_tf_1h,2021-01-11 07:00:00,277.62357,277.73596
Potomje,Suhopolje_2025-03-13_11-08_tf_1h,2021-01-11 08:00:00,278.15338,277.70206
Potomje,Suhopolje_2025-03-13_11-08_tf_1h,2021-01-11 09:00:00,278.41187,278.6358
Potomje,Suhopolje_2025-03-13_11-08_tf_1h,2021-01-11 10:00:00,279.07303,278.68158
Potomje,Suhopolje_2025-03-13_11-08_tf_1h,2021-01-11 11:00:00,279.785,279.60025
Potomje,Suhopolje_2025-03-13_11-08_tf_1h,2021-01-11 12:00:00,280.49054,280.3825
Potomje,Suhopolje_2025-03-13_11-08_tf_1h,2021-01-11 13:00:00,281.27036,281.03787
Potomje,Suhopolje_2025-03-13_11-08_tf_1h,2021-01-11 14:00:00,281.55734,281.81635
Potomje,Suhopolje_2025-03-13_11-08_tf_1h,2021-01-11 15:00:00,281.55298,281.7369
Potomje,Suhopolje_2025-03-13_11-08_tf_1h,2021-01-11 16:00:00,281.25357,281.45642
Potomje,Suhopolje_2025-03-13_11-08_tf_1h,2021-01-11 17:00:00,280.6384,280.9326
Potomje,Suhopolje_2025-03-13_11-08_tf_1h,2021-01-11 18:00:00,280.02945,280.0704
Potomje,Suhopolje_2025-03-13_11-08_tf_1h,2021-01-11 19:00:00,279.4451,279.4755
Potomje,Suhopolje_2025-03-13_11-08_tf_1h,2021-01-11 20:00:00,279.2156,278.95663
Potomje,Suhopolje_2025-03-13_11-08_tf_1h,2021-01-11 21:00:00,278.80603,279.00595
Potomje,Suhopolje_2025-03-13_11-08_tf_1h,2021-01-11 22:00:00,278.39117,278.45682
Potomje,Suhopolje_2025-03-13_11-08_tf_1h,2021-01-11 23:00:00,278.20514,278.09323
Potomje,Suhopolje_2025-03-13_11-08_tf_1h,2021-01-12 00:00:00,277.79926,278.0778
Potomje,Suhopolje_2025-03-13_11-08_tf_1h,2021-01-12 01:00:00,277.5104,277.49774
Potomje,Suhopolje_2025-03-13_11-08_tf_1h,2021-01-12 02:00:00,277.3253,277.30887
Potomje,Suhopolje_2025-03-13_11-08_tf_1h,2021-01-12 03:00:00,277.2218,277.17374
Potomje,Suhopolje_2025-03-13_11-08_tf_1h,2021-01-12 04:00:00,277.02426,277.13373
Potomje,Suhopolje_2025-03-13_11-08_tf_1h,2021-01-12 05:00:00,276.88123,276.85455
Potomje,Suhopolje_2025-03-13_11-08_tf_1h,2021-01-12 06:00:00,276.80972,276.82178
Potomje,Suhopolje_2025-03-13_11-08_tf_1h,2021-01-12 07:00:00,276.6154,276.90695
Potomje,Suhopolje_2025-03-13_11-08_tf_1h,2021-01-12 08:00:00,278.01312,276.7225
Potomje,Suhopolje_2025-03-13_11-08_tf_1h,2021-01-12 09:00:00,278.5163,279.5484
Potomje,Suhopolje_2025-03-13_11-08_tf_1h,2021-01-12 10:00:00,279.32852,279.05682
Potomje,Suhopolje_2025-03-13_11-08_tf_1h,2021-01-12 11:00:00,280.3367,280.01498
Potomje,Suhopolje_2025-03-13_11-08_tf_1h,2021-01-12 12:00:00,281.29587,281.14026
Potomje,Suhopolje_2025-03-13_11-08_tf_1h,2021-01-12 13:00:00,281.9575,281.95392
Potomje,Suhopolje_2025-03-13_11-08_tf_1h,2021-01-12 14:00:00,282.18768,282.41605
Potomje,Suhopolje_2025-03-13_11-08_tf_1h,2021-01-12 15:00:00,281.99887,282.27155
Potomje,Suhopolje_2025-03-13_11-08_tf_1h,2021-01-12 16:00:00,281.55597,281.704
Potomje,Suhopolje_2025-03-13_11-08_tf_1h,2021-01-12 17:00:00,280.96497,281.04163
Potomje,Suhopolje_2025-03-13_11-08_tf_1h,2021-01-12 18:00:00,280.55032,280.3435
Potomje,Suhopolje_2025-03-13_11-08_tf_1h,2021-01-12 19:00:00,280.1987,280.1296
Potomje,Suhopolje_2025-03-13_11-08_tf_1h,2021-01-12 20:00:00,279.9545,279.85712
Potomje,Suhopolje_2025-03-13_11-08_tf_1h,2021-01-12 21:00:00,279.51984,279.70837
Potomje,Suhopolje_2025-03-13_11-08_tf_1h,2021-01-12 22:00:00,279.25723,279.14633
Potomje,Suhopolje_2025-03-13_11-08_tf_1h,2021-01-12 23:00:00,279.0919,279.03284
Potomje,Suhopolje_2025-03-13_11-08_tf_1h,2021-01-13 00:00:00,278.85065,278.93713
Potomje,Suhopolje_2025-03-13_11-08_tf_1h,2021-01-13 01:00:00,278.5563,278.6489
Potomje,Suhopolje_2025-03-13_11-08_tf_1h,2021-01-13 02:00:00,278.29712,278.31992
Potomje,Suhopolje_2025-03-13_11-08_tf_1h,2021-01-13 03:00:00,278.11017,278.0805
Potomje,Suhopolje_2025-03-13_11-08_tf_1h,2021-01-13 04:00:00,277.9639,277.9438
Potomje,Suhopolje_2025-03-13_11-08_tf_1h,2021-01-13 05:00:00,277.9177,277.8391
Potomje,Suhopolje_2025-03-13_11-08_tf_1h,2021-01-13 06:00:00,277.87766,277.91565
Potomje,Suhopolje_2025-03-13_11-08_tf_1h,2021-01-13 07:00:00,277.73578,278.1278
Potomje,Suhopolje_2025-03-13_11-08_tf_1h,2021-01-13 08:00:00,277.60126,277.89423
Potomje,Suhopolje_2025-03-13_11-08_tf_1h,2021-01-13 09:00:00,278.66943,277.91858
Potomje,Suhopolje_2025-03-13_11-08_tf_1h,2021-01-13 10:00:00,279.9301,279.80862
Potomje,Suhopolje_2025-03-13_11-08_tf_1h,2021-01-13 11:00:00,281.05533,280.97968
Potomje,Suhopolje_2025-03-13_11-08_tf_1h,2021-01-13 12:00:00,281.99222,281.91028
Potomje,Suhopolje_2025-03-13_11-08_tf_1h,2021-01-13 13:00:00,282.63266,282.66882
Potomje,Suhopolje_2025-03-13_11-08_tf_1h,2021-01-13 14:00:00,282.80743,283.07916
Potomje,Suhopolje_2025-03-13_11-08_tf_1h,2021-01-13 15:00:00,282.408,282.84766
Potomje,Suhopolje_2025-03-13_11-08_tf_1h,2021-01-13 16:00:00,281.4359,281.9487
Potomje,Suhopolje_2025-03-13_11-08_tf_1h,2021-01-13 17:00:00,280.29276,280.55884
Potomje,Suhopolje_2025-03-13_11-08_tf_1h,2021-01-13 18:00:00,279.4198,279.34845
Potomje,Suhopolje_2025-03-13_11-08_tf_1h,2021-01-13 19:00:00,278.7642,278.74878
Potomje,Suhopolje_2025-03-13_11-08_tf_1h,2021-01-13 20:00:00,278.21066,278.2663
Potomje,Suhopolje_2025-03-13_11-08_tf_1h,2021-01-13 21:00:00,277.71072,277.8185
Potomje,Suhopolje_2025-03-13_11-08_tf_1h,2021-01-13 22:00:00,277.27423,277.35297
Potomje,Suhopolje_2025-03-13_11-08_tf_1h,2021-01-13 23:00:00,276.85086,276.95435
Potomje,Suhopolje_2025-03-13_11-08_tf_1h,2021-01-14 00:00:00,276.36932,276.53247
Potomje,Suhopolje_2025-03-13_11-08_tf_1h,2021-01-14 01:00:00,275.86133,276.0088
Potomje,Suhopolje_2025-03-13_11-08_tf_1h,2021-01-14 02:00:00,275.59387,275.50302
Potomje,Suhopolje_2025-03-13_11-08_tf_1h,2021-01-14 03:00:00,275.2678,275.44385
Potomje,Suhopolje_2025-03-13_11-08_tf_1h,2021-01-14 04:00:00,274.9601,275.0578
Potomje,Suhopolje_2025-03-13_11-08_tf_1h,2021-01-14 05:00:00,274.51672,274.8581
Potomje,Suhopolje_2025-03-13_11-08_tf_1h,2021-01-14 06:00:00,274.80762,274.46255
Potomje,Suhopolje_2025-03-13_11-08_tf_1h,2021-01-14 07:00:00,275.0346,275.8386
Potomje,Suhopolje_2025-03-13_11-08_tf_1h,2021-01-14 08:00:00,275.60953,275.97937
Potomje,Suhopolje_2025-03-13_11-08_tf_1h,2021-01-14 09:00:00,276.60114,276.79147
Potomje,Suhopolje_2025-03-13_11-08_tf_1h,2021-01-14 10:00:00,278.08163,277.67862
Potomje,Suhopolje_2025-03-13_11-08_tf_1h,2021-01-14 11:00:00,279.32968,279.29858
Potomje,Suhopolje_2025-03-13_11-08_tf_1h,2021-01-14 12:00:00,280.1021,280.1464
Potomje,Suhopolje_2025-03-13_11-08_tf_1h,2021-01-14 13:00:00,280.6469,280.6216
Potomje,Suhopolje_2025-03-13_11-08_tf_1h,2021-01-14 14:00:00,280.63104,280.96997
Potomje,Suhopolje_2025-03-13_11-08_tf_1h,2021-01-14 15:00:00,280.02438,280.44183
Potomje,Suhopolje_2025-03-13_11-08_tf_1h,2021-01-14 16:00:00,278.41003,279.38702
Potomje,Suhopolje_2025-03-13_11-08_tf_1h,2021-01-14 17:00:00,277.8871,277.18167
Potomje,Suhopolje_2025-03-13_11-08_tf_1h,2021-01-14 18:00:00,277.70197,277.5573
Potomje,Suhopolje_2025-03-13_11-08_tf_1h,2021-01-14 19:00:00,277.51157,277.46658
Potomje,Suhopolje_2025-03-13_11-08_tf_1h,2021-01-14 20:00:00,278.23895,277.32254
Potomje,Suhopolje_2025-03-13_11-08_tf_1h,2021-01-14 21:00:00,277.80246,278.7764
Potomje,Suhopolje_2025-03-13_11-08_tf_1h,2021-01-14 22:00:00,277.2317,277.45724
Potomje,Suhopolje_2025-03-13_11-08_tf_1h,2021-01-14 23:00:00,276.73636,276.77298
Potomje,Suhopolje_2025-03-13_11-08_tf_1h,2021-01-15 00:00:00,276.2962,276.39804
Potomje,Suhopolje_2025-03-13_11-08_tf_1h,2021-01-15 01:00:00,275.8089,276.00256
Potomje,Suhopolje_2025-03-13_11-08_tf_1h,2021-01-15 02:00:00,275.254,275.4892
Potomje,Suhopolje_2025-03-13_11-08_tf_1h,2021-01-15 03:00:00,274.835,274.89383
Potomje,Suhopolje_2025-03-13_11-08_tf_1h,2021-01-15 04:00:00,274.51834,274.60907
Potomje,Suhopolje_2025-03-13_11-08_tf_1h,2021-01-15 05:00:00,274.22397,274.42938
Potomje,Suhopolje_2025-03-13_11-08_tf_1h,2021-01-15 06:00:00,273.9754,274.2429
Potomje,Suhopolje_2025-03-13_11-08_tf_1h,2021-01-15 07:00:00,273.78543,274.33237
Potomje,Suhopolje_2025-03-13_11-08_tf_1h,2021-01-15 08:00:00,274.42566,274.4195
Potomje,Suhopolje_2025-03-13_11-08_tf_1h,2021-01-15 09:00:00,275.06955,275.64755
Potomje,Suhopolje_2025-03-13_11-08_tf_1h,2021-01-15 10:00:00,276.16418,275.81512
Potomje,Suhopolje_2025-03-13_11-08_tf_1h,2021-01-15 11:00:00,277.14844,277.13336
Potomje,Suhopolje_2025-03-13_11-08_tf_1h,2021-01-15 12:00:00,278.05588,277.9077
Potomje,Suhopolje_2025-03-13_11-08_tf_1h,2021-01-15 13:00:00,278.71198,278.66132
Potomje,Suhopolje_2025-03-13_11-08_tf_1h,2021-01-15 14:00:00,279.0822,279.10236
Potomje,Suhopolje_2025-03-13_11-08_tf_1h,2021-01-15 15:00:00,279.01807,279.2597
Potomje,Suhopolje_2025-03-13_11-08_tf_1h,2021-01-15 16:00:00,278.57538,278.94504
Potomje,Suhopolje_2025-03-13_11-08_tf_1h,2021-01-15 17:00:00,277.72473,278.24188
Potomje,Suhopolje_2025-03-13_11-08_tf_1h,2021-01-15 18:00:00,277.00656,277.09332
Potomje,Suhopolje_2025-03-13_11-08_tf_1h,2021-01-15 19:00:00,276.3684,276.52917
Potomje,Suhopolje_2025-03-13_11-08_tf_1h,2021-01-15 20:00:00,276.0975,275.92896
Potomje,Suhopolje_2025-03-13_11-08_tf_1h,2021-01-15 21:00:00,275.68564,275.94727
Potomje,Suhopolje_2025-03-13_11-08_tf_1h,2021-01-15 22:00:00,275.4497,275.4036
Potomje,Suhopolje_2025-03-13_11-08_tf_1h,2021-01-15 23:00:00,275.3623,275.34558
Potomje,Suhopolje_2025-03-13_11-08_tf_1h,2021-01-16 00:00:00,275.1788,275.32468
Potomje,Suhopolje_2025-03-13_11-08_tf_1h,2021-01-16 01:00:00,275.0413,275.0592
Potomje,Suhopolje_2025-03-13_11-08_tf_1h,2021-01-16 02:00:00,274.84006,274.98483
Potomje,Suhopolje_2025-03-13_11-08_tf_1h,2021-01-16 03:00:00,274.57675,274.72424
Potomje,Suhopolje_2025-03-13_11-08_tf_1h,2021-01-16 04:00:00,274.399,274.4413
Potomje,Suhopolje_2025-03-13_11-08_tf_1h,2021-01-16 05:00:00,274.25272,274.36774
Potomje,Suhopolje_2025-03-13_11-08_tf_1h,2021-01-16 06:00:00,274.22098,274.29648
Potomje,Suhopolje_2025-03-13_11-08_tf_1h,2021-01-16 07:00:00,274.23248,274.54974
Potomje,Suhopolje_2025-03-13_11-08_tf_1h,2021-01-16 08:00:00,274.49167,274.75195
Potomje,Suhopolje_2025-03-13_11-08_tf_1h,2021-01-16 09:00:00,275.19305,275.28177
Potomje,Suhopolje_2025-03-13_11-08_tf_1h,2021-01-16 10:00:00,275.92896,276.14597
Potomje,Suhopolje_2025-03-13_11-08_tf_1h,2021-01-16 11:00:00,276.54733,276.71655
Potomje,Suhopolje_2025-03-13_11-08_tf_1h,2021-01-16 12:00:00,277.01416,277.12863
Potomje,Suhopolje_2025-03-13_11-08_tf_1h,2021-01-16 13:00:00,277.29953,277.40244
Potomje,Suhopolje_2025-03-13_11-08_tf_1h,2021-01-16 14:00:00,277.28503,277.4924
Potomje,Suhopolje_2025-03-13_11-08_tf_1h,2021-01-16 15:00:00,276.99207,277.21338
Potomje,Suhopolje_2025-03-13_11-08_tf_1h,2021-01-16 16:00:00,276.49603,276.69385
Potomje,Suhopolje_2025-03-13_11-08_tf_1h,2021-01-16 17:00:00,275.74197,276.0564
Potomje,Suhopolje_2025-03-13_11-08_tf_1h,2021-01-16 18:00:00,275.23538,275.19064
Potomje,Suhopolje_2025-03-13_11-08_tf_1h,2021-01-16 19:00:00,274.91364,274.978
Potomje,Suhopolje_2025-03-13_11-08_tf_1h,2021-01-16 20:00:00,274.85776,274.77075
Potomje,Suhopolje_2025-03-13_11-08_tf_1h,2021-01-16 21:00:00,274.56894,274.93225
Potomje,Suhopolje_2025-03-13_11-08_tf_1h,2021-01-16 22:00:00,274.3424,274.4158
Potomje,Suhopolje_2025-03-13_11-08_tf_1h,2021-01-16 23:00:00,274.17984,274.29117
Potomje,Suhopolje_2025-03-13_11-08_tf_1h,2021-01-17 00:00:00,274.02368,274.15228
Potomje,Suhopolje_2025-03-13_11-08_tf_1h,2021-01-17 01:00:00,273.84476,274.00275
Potomje,Suhopolje_2025-03-13_11-08_tf_1h,2021-01-17 02:00:00,273.68332,273.80814
Potomje,Suhopolje_2025-03-13_11-08_tf_1h,2021-01-17 03:00:00,273.48395,273.67688
Potomje,Suhopolje_2025-03-13_11-08_tf_1h,2021-01-17 04:00:00,273.2057,273.46347
Potomje,Suhopolje_2025-03-13_11-08_tf_1h,2021-01-17 05:00:00,272.9785,273.18082
Potomje,Suhopolje_2025-03-13_11-08_tf_1h,2021-01-17 06:00:00,272.7559,273.09613
Potomje,Suhopolje_2025-03-13_11-08_tf_1h,2021-01-17 07:00:00,272.70093,273.00146
Potomje,Suhopolje_2025-03-13_11-08_tf_1h,2021-01-17 08:00:00,273.2487,273.18887
Potomje,Suhopolje_2025-03-13_11-08_tf_1h,2021-01-17 09:00:00,274.0538,274.1094
Potomje,Suhopolje_2025-03-13_11-08_tf_1h,2021-01-17 10:00:00,274.91043,274.8513
Potomje,Suhopolje_2025-03-13_11-08_tf_1h,2021-01-17 11:00:00,275.693,275.6493
Potomje,Suhopolje_2025-03-13_11-08_tf_1h,2021-01-17 12:00:00,276.21664,276.32138
Potomje,Suhopolje_2025-03-13_11-08_tf_1h,2021-01-17 13:00:00,276.61032,276.6231
Potomje,Suhopolje_2025-03-13_11-08_tf_1h,2021-01-17 14:00:00,276.38266,276.88446
Potomje,Suhopolje_2025-03-13_11-08_tf_1h,2021-01-17 15:00:00,276.22745,276.1768
Potomje,Suhopolje_2025-03-13_11-08_tf_1h,2021-01-17 16:00:00,275.81833,276.05176
Potomje,Suhopolje_2025-03-13_11-08_tf_1h,2021-01-17 17:00:00,275.16867,275.49692
Potomje,Suhopolje_2025-03-13_11-08_tf_1h,2021-01-17 18:00:00,275.24918,274.741
Potomje,Suhopolje_2025-03-13_11-08_tf_1h,2021-01-17 19:00:00,274.9518,275.48248
Potomje,Suhopolje_2025-03-13_11-08_tf_1h,2021-01-17 20:00:00,275.27652,274.7489
Potomje,Suhopolje_2025-03-13_11-08_tf_1h,2021-01-17 21:00:00,275.12314,275.68658
Potomje,Suhopolje_2025-03-13_11-08_tf_1h,2021-01-17 22:00:00,275.00034,274.99713
Potomje,Suhopolje_2025-03-13_11-08_tf_1h,2021-01-17 23:00:00,274.81912,275.03116
Potomje,Suhopolje_2025-03-13_11-08_tf_1h,2021-01-18 00:00:00,274.61652,274.75986
Potomje,Suhopolje_2025-03-13_11-08_tf_1h,2021-01-18 01:00:00,274.28537,274.55347
Potomje,Suhopolje_2025-03-13_11-08_tf_1h,2021-01-18 02:00:00,273.8526,274.12296
Potomje,Suhopolje_2025-03-13_11-08_tf_1h,2021-01-18 03:00:00,273.43912,273.64514
Potomje,Suhopolje_2025-03-13_11-08_tf_1h,2021-01-18 04:00:00,273.0599,273.28165
Potomje,Suhopolje_2025-03-13_11-08_tf_1h,2021-01-18 05:00:00,272.6662,272.94574
Potomje,Suhopolje_2025-03-13_11-08_tf_1h,2021-01-18 06:00:00,272.37,272.59464
Potomje,Suhopolje_2025-03-13_11-08_tf_1h,2021-01-18 07:00:00,272.11475,272.49747
Potomje,Suhopolje_2025-03-13_11-08_tf_1h,2021-01-18 08:00:00,272.29803,272.3472
Potomje,Suhopolje_2025-03-13_11-08_tf_1h,2021-01-18 09:00:00,272.74463,272.91193
Potomje,Suhopolje_2025-03-13_11-08_tf_1h,2021-01-18 10:00:00,273.51248,273.36658
Potomje,Suhopolje_2025-03-13_11-08_tf_1h,2021-01-18 11:00:00,274.42014,274.233
Potomje,Suhopolje_2025-03-13_11-08_tf_1h,2021-01-18 12:00:00,275.369,275.10434
Potomje,Suhopolje_2025-03-13_11-08_tf_1h,2021-01-18 13:00:00,276.09244,276.04147
Potomje,Suhopolje_2025-03-13_11-08_tf_1h,2021-01-18 14:00:00,276.6393,276.63632
Potomje,Suhopolje_2025-03-13_11-08_tf_1h,2021-01-18 15:00:00,276.9118,277.05682
Potomje,Suhopolje_2025-03-13_11-08_tf_1h,2021-01-18 16:00:00,276.88766,277.13446
Potomje,Suhopolje_2025-03-13_11-08_tf_1h,2021-01-18 17:00:00,276.52524,276.91867
Potomje,Suhopolje_2025-03-13_11-08_tf_1h,2021-01-18 18:00:00,276.31943,276.28683
Potomje,Suhopolje_2025-03-13_11-08_tf_1h,2021-01-18 19:00:00,276.1757,276.2032
Potomje,Suhopolje_2025-03-13_11-08_tf_1h,2021-01-18 20:00:00,275.88846,276.10147
Potomje,Suhopolje_2025-03-13_11-08_tf_1h,2021-01-18 21:00:00,275.65805,275.71564
Potomje,Suhopolje_2025-03-13_11-08_tf_1h,2021-01-18 22:00:00,275.39288,275.56873
Potomje,Suhopolje_2025-03-13_11-08_tf_1h,2021-01-18 23:00:00,275.15833,275.27127
Potomje,Suhopolje_2025-03-13_11-08_tf_1h,2021-01-19 00:00:00,274.87915,275.07062
Potomje,Suhopolje_2025-03-13_11-08_tf_1h,2021-01-19 01:00:00,274.81476,274.7537
Potomje,Suhopolje_2025-03-13_11-08_tf_1h,2021-01-19 02:00:00,275.00516,274.85938
Potomje,Suhopolje_2025-03-13_11-08_tf_1h,2021-01-19 03:00:00,274.98907,275.19287
Potomje,Suhopolje_2025-03-13_11-08_tf_1h,2021-01-19 04:00:00,274.81247,274.96643
Potomje,Suhopolje_2025-03-13_11-08_tf_1h,2021-01-19 05:00:00,274.70416,274.71094
Potomje,Suhopolje_2025-03-13_11-08_tf_1h,2021-01-19 06:00:00,274.7591,274.68555
Potomje,Suhopolje_2025-03-13_11-08_tf_1h,2021-01-19 07:00:00,274.72806,274.88992
Potomje,Suhopolje_2025-03-13_11-08_tf_1h,2021-01-19 08:00:00,275.20294,274.82816
Potomje,Suhopolje_2025-03-13_11-08_tf_1h,2021-01-19 09:00:00,276.59308,275.81818
Potomje,Suhopolje_2025-03-13_11-08_tf_1h,2021-01-19 10:00:00,278.32013,277.85007
Potomje,Suhopolje_2025-03-13_11-08_tf_1h,2021-01-19 11:00:00,279.63254,279.73608
Potomje,Suhopolje_2025-03-13_11-08_tf_1h,2021-01-19 12:00:00,280.5416,280.69028
Potomje,Suhopolje_2025-03-13_11-08_tf_1h,2021-01-19 13:00:00,281.01416,281.3319
Potomje,Suhopolje_2025-03-13_11-08_tf_1h,2021-01-19 14:00:00,281.18365,281.44855
Potomje,Suhopolje_2025-03-13_11-08_tf_1h,2021-01-19 15:00:00,281.04913,281.2288
Potomje,Suhopolje_2025-03-13_11-08_tf_1h,2021-01-19 16:00:00,280.83066,280.82416
Potomje,Suhopolje_2025-03-13_11-08_tf_1h,2021-01-19 17:00:00,280.1203,280.52573
Potomje,Suhopolje_2025-03-13_11-08_tf_1h,2021-01-19 18:00:00,280.73428,279.47202
Potomje,Suhopolje_2025-03-13_11-08_tf_1h,2021-01-19 19:00:00,280.6168,281.12717
Potomje,Suhopolje_2025-03-13_11-08_tf_1h,2021-01-19 20:00:00,280.71683,280.49573
Potomje,Suhopolje_2025-03-13_11-08_tf_1h,2021-01-19 21:00:00,279.69302,280.66287
Potomje,Suhopolje_2025-03-13_11-08_tf_1h,2021-01-19 22:00:00,279.07394,278.9679
Potomje,Suhopolje_2025-03-13_11-08_tf_1h,2021-01-19 23:00:00,278.62918,278.58865
Potomje,Suhopolje_2025-03-13_11-08_tf_1h,2021-01-20 00:00:00,278.13477,278.298
Potomje,Suhopolje_2025-03-13_11-08_tf_1h,2021-01-20 01:00:00,277.17352,277.79297
Potomje,Suhopolje_2025-03-13_11-08_tf_1h,2021-01-20 02:00:00,276.14832,276.50854
Potomje,Suhopolje_2025-03-13_11-08_tf_1h,2021-01-20 03:00:00,275.92664,275.46964
Potomje,Suhopolje_2025-03-13_11-08_tf_1h,2021-01-20 04:00:00,275.99448,275.86966
Potomje,Suhopolje_2025-03-13_11-08_tf_1h,2021-01-20 05:00:00,275.80682,276.08008
Potomje,Suhopolje_2025-03-13_11-08_tf_1h,2021-01-20 06:00:00,275.8742,275.6629
Potomje,Suhopolje_2025-03-13_11-08_tf_1h,2021-01-20 07:00:00,275.88962,276.2062
Potomje,Suhopolje_2025-03-13_11-08_tf_1h,2021-01-20 08:00:00,279.29886,276.5125
Potomje,Suhopolje_2025-03-13_11-08_tf_1h,2021-01-20 09:00:00,280.7467,282.729
Potomje,Suhopolje_2025-03-13_11-08_tf_1h,2021-01-20 10:00:00,282.15524,281.24832
Potomje,Suhopolje_2025-03-13_11-08_tf_1h,2021-01-20 11:00:00,283.37982,283.3649
Potomje,Suhopolje_2025-03-13_11-08_tf_1h,2021-01-20 12:00:00,284.03152,284.26315
Potomje,Suhopolje_2025-03-13_11-08_tf_1h,2021-01-20 13:00:00,283.99243,284.52264
Potomje,Suhopolje_2025-03-13_11-08_tf_1h,2021-01-20 14:00:00,284.12558,284.02267
Potomje,Suhopolje_2025-03-13_11-08_tf_1h,2021-01-20 15:00:00,283.983,284.1344
Potomje,Suhopolje_2025-03-13_11-08_tf_1h,2021-01-20 16:00:00,283.6889,283.7403
Potomje,Suhopolje_2025-03-13_11-08_tf_1h,2021-01-20 17:00:00,283.4824,283.32776
Potomje,Suhopolje_2025-03-13_11-08_tf_1h,2021-01-20 18:00:00,283.34048,283.1102
Potomje,Suhopolje_2025-03-13_11-08_tf_1h,2021-01-20 19:00:00,283.13837,283.0072
Potomje,Suhopolje_2025-03-13_11-08_tf_1h,2021-01-20 20:00:00,283.29977,282.73022
Potomje,Suhopolje_2025-03-13_11-08_tf_1h,2021-01-20 21:00:00,283.20044,283.13022
Potomje,Suhopolje_2025-03-13_11-08_tf_1h,2021-01-20 22:00:00,282.8886,282.9065
Potomje,Suhopolje_2025-03-13_11-08_tf_1h,2021-01-20 23:00:00,282.84424,282.37762
Potomje,Suhopolje_2025-03-13_11-08_tf_1h,2021-01-21 00:00:00,283.01025,282.5527
Potomje,Suhopolje_2025-03-13_11-08_tf_1h,2021-01-21 01:00:00,283.1142,282.88348
Potomje,Suhopolje_2025-03-13_11-08_tf_1h,2021-01-21 02:00:00,283.07672,282.98328
Potomje,Suhopolje_2025-03-13_11-08_tf_1h,2021-01-21 03:00:00,282.97922,282.87265
Potomje,Suhopolje_2025-03-13_11-08_tf_1h,2021-01-21 04:00:00,283.06015,282.7598
Potomje,Suhopolje_2025-03-13_11-08_tf_1h,2021-01-21 05:00:00,282.8847,283.01263
Potomje,Suhopolje_2025-03-13_11-08_tf_1h,2021-01-21 06:00:00,283.0174,282.72333
Potomje,Suhopolje_2025-03-13_11-08_tf_1h,2021-01-21 07:00:00,283.05075,283.54086
Potomje,Suhopolje_2025-03-13_11-08_tf_1h,2021-01-21 08:00:00,283.23492,283.20792
Potomje,Suhopolje_2025-03-13_11-08_tf_1h,2021-01-21 09:00:00,283.78247,283.52136
Potomje,Suhopolje_2025-03-13_11-08_tf_1h,2021-01-21 10:00:00,284.71475,284.24536
Potomje,Suhopolje_2025-03-13_11-08_tf_1h,2021-01-21 11:00:00,285.62817,285.40182
Potomje,Suhopolje_2025-03-13_11-08_tf_1h,2021-01-21 12:00:00,285.90967,286.28018
Potomje,Suhopolje_2025-03-13_11-08_tf_1h,2021-01-21 13:00:00,286.06674,286.07892
Potomje,Suhopolje_2025-03-13_11-08_tf_1h,2021-01-21 14:00:00,286.01797,285.9863
Potomje,Suhopolje_2025-03-13_11-08_tf_1h,2021-01-21 15:00:00,285.80664,285.75317
Potomje,Suhopolje_2025-03-13_11-08_tf_1h,2021-01-21 16:00:00,285.52332,285.38095
Potomje,Suhopolje_2025-03-13_11-08_tf_1h,2021-01-21 17:00:00,284.9698,285.00922
Potomje,Suhopolje_2025-03-13_11-08_tf_1h,2021-01-21 18:00:00,284.73407,284.31226
Potomje,Suhopolje_2025-03-13_11-08_tf_1h,2021-01-21 19:00:00,284.755,284.3568
Potomje,Suhopolje_2025-03-13_11-08_tf_1h,2021-01-21 20:00:00,284.54483,284.5523
Potomje,Suhopolje_2025-03-13_11-08_tf_1h,2021-01-21 21:00:00,284.5522,284.20288
Potomje,Suhopolje_2025-03-13_11-08_tf_1h,2021-01-21 22:00:00,284.53287,284.3881
Potomje,Suhopolje_2025-03-13_11-08_tf_1h,2021-01-21 23:00:00,284.61127,284.3614
Potomje,Suhopolje_2025-03-13_11-08_tf_1h,2021-01-22 00:00:00,284.77066,284.5075
Potomje,Suhopolje_2025-03-13_11-08_tf_1h,2021-01-22 01:00:00,284.90726,284.71326
Potomje,Suhopolje_2025-03-13_11-08_tf_1h,2021-01-22 02:00:00,284.95117,284.82877
Potomje,Suhopolje_2025-03-13_11-08_tf_1h,2021-01-22 03:00:00,284.9921,284.81116
Potomje,Suhopolje_2025-03-13_11-08_tf_1h,2021-01-22 04:00:00,285.02774,284.86032
Potomje,Suhopolje_2025-03-13_11-08_tf_1h,2021-01-22 05:00:00,285.04315,284.92773
Potomje,Suhopolje_2025-03-13_11-08_tf_1h,2021-01-22 06:00:00,285.134,284.95425
Potomje,Suhopolje_2025-03-13_11-08_tf_1h,2021-01-22 07:00:00,285.4102,285.14047
Potomje,Suhopolje_2025-03-13_11-08_tf_1h,2021-01-22 08:00:00,286.12582,285.58002
Potomje,Suhopolje_2025-03-13_11-08_tf_1h,2021-01-22 09:00:00,286.5715,286.6358
Potomje,Suhopolje_2025-03-13_11-08_tf_1h,2021-01-22 10:00:00,286.6589,286.9045
Potomje,Suhopolje_2025-03-13_11-08_tf_1h,2021-01-22 11:00:00,286.80606,286.60547
Potomje,Suhopolje_2025-03-13_11-08_tf_1h,2021-01-22 12:00:00,287.15494,286.68198
Potomje,Suhopolje_2025-03-13_11-08_tf_1h,2021-01-22 13:00:00,287.18506,287.14328
Potomje,Suhopolje_2025-03-13_11-08_tf_1h,2021-01-22 14:00:00,286.93323,286.96796
Potomje,Suhopolje_2025-03-13_11-08_tf_1h,2021-01-22 15:00:00,286.85596,286.43442
Potomje,Suhopolje_2025-03-13_11-08_tf_1h,2021-01-22 16:00:00,286.59702,286.4119
Potomje,Suhopolje_2025-03-13_11-08_tf_1h,2021-01-22 17:00:00,286.14606,286.10736
Potomje,Suhopolje_2025-03-13_11-08_tf_1h,2021-01-22 18:00:00,286.2261,285.57355
Potomje,Suhopolje_2025-03-13_11-08_tf_1h,2021-01-22 19:00:00,286.26886,286.01218
Potomje,Suhopolje_2025-03-13_11-08_tf_1h,2021-01-22 20:00:00,286.39465,286.04956
Potomje,Suhopolje_2025-03-13_11-08_tf_1h,2021-01-22 21:00:00,286.4917,286.23853
Potomje,Suhopolje_2025-03-13_11-08_tf_1h,2021-01-22 22:00:00,286.29462,286.31482
Potomje,Suhopolje_2025-03-13_11-08_tf_1h,2021-01-22 23:00:00,286.02396,285.94116
Potomje,Suhopolje_2025-03-13_11-08_tf_1h,2021-01-23 00:00:00,285.98117,285.64545
Potomje,Suhopolje_2025-03-13_11-08_tf_1h,2021-01-23 01:00:00,285.94647,285.7646
Potomje,Suhopolje_2025-03-13_11-08_tf_1h,2021-01-23 02:00:00,286.03363,285.74402
Potomje,Suhopolje_2025-03-13_11-08_tf_1h,2021-01-23 03:00:00,285.80273,285.92288
Potomje,Suhopolje_2025-03-13_11-08_tf_1h,2021-01-23 04:00:00,285.54562,285.49133
Potomje,Suhopolje_2025-03-13_11-08_tf_1h,2021-01-23 05:00:00,285.46445,285.268
Potomje,Suhopolje_2025-03-13_11-08_tf_1h,2021-01-23 06:00:00,285.31842,285.34204
Potomje,Suhopolje_2025-03-13_11-08_tf_1h,2021-01-23 07:00:00,285.51135,285.15472
Potomje,Suhopolje_2025-03-13_11-08_tf_1h,2021-01-23 08:00:00,285.45456,285.57056
Potomje,Suhopolje_2025-03-13_11-08_tf_1h,2021-01-23 09:00:00,285.6054,285.3061
Potomje,Suhopolje_2025-03-13_11-08_tf_1h,2021-01-23 10:00:00,285.9375,285.5909
Potomje,Suhopolje_2025-03-13_11-08_tf_1h,2021-01-23 11:00:00,286.5179,286.0502
Potomje,Suhopolje_2025-03-13_11-08_tf_1h,2021-01-23 12:00:00,286.0534,286.81168
Potomje,Suhopolje_2025-03-13_11-08_tf_1h,2021-01-23 13:00:00,286.1999,285.6842
Potomje,Suhopolje_2025-03-13_11-08_tf_1h,2021-01-23 14:00:00,286.3698,286.0307
Potomje,Suhopolje_2025-03-13_11-08_tf_1h,2021-01-23 15:00:00,286.32727,286.29825
Potomje,Suhopolje_2025-03-13_11-08_tf_1h,2021-01-23 16:00:00,285.94806,286.11618
Potomje,Suhopolje_2025-03-13_11-08_tf_1h,2021-01-23 17:00:00,285.36786,285.48965
Potomje,Suhopolje_2025-03-13_11-08_tf_1h,2021-01-23 18:00:00,284.78214,284.78305
Potomje,Suhopolje_2025-03-13_11-08_tf_1h,2021-01-23 19:00:00,284.32382,284.26685
Potomje,Suhopolje_2025-03-13_11-08_tf_1h,2021-01-23 20:00:00,283.85583,283.91437
Potomje,Suhopolje_2025-03-13_11-08_tf_1h,2021-01-23 21:00:00,282.9753,283.44992
Potomje,Suhopolje_2025-03-13_11-08_tf_1h,2021-01-23 22:00:00,281.74844,282.31622
Potomje,Suhopolje_2025-03-13_11-08_tf_1h,2021-01-23 23:00:00,282.72144,280.94247
Potomje,Suhopolje_2025-03-13_11-08_tf_1h,2021-01-24 00:00:00,282.30862,283.46292
Potomje,Suhopolje_2025-03-13_11-08_tf_1h,2021-01-24 01:00:00,279.8777,281.8854
Potomje,Suhopolje_2025-03-13_11-08_tf_1h,2021-01-24 02:00:00,281.42673,278.63043
Potomje,Suhopolje_2025-03-13_11-08_tf_1h,2021-01-24 03:00:00,280.0451,282.8765
Potomje,Suhopolje_2025-03-13_11-08_tf_1h,2021-01-24 04:00:00,281.38925,279.0506
Potomje,Suhopolje_2025-03-13_11-08_tf_1h,2021-01-24 05:00:00,282.49536,282.63806
Potomje,Suhopolje_2025-03-13_11-08_tf_1h,2021-01-24 06:00:00,282.9344,283.03802
Potomje,Suhopolje_2025-03-13_11-08_tf_1h,2021-01-24 07:00:00,283.29794,283.1867
Potomje,Suhopolje_2025-03-13_11-08_tf_1h,2021-01-24 08:00:00,283.37247,283.52377
Potomje,Suhopolje_2025-03-13_11-08_tf_1h,2021-01-24 09:00:00,284.23758,283.39404
Potomje,Suhopolje_2025-03-13_11-08_tf_1h,2021-01-24 10:00:00,284.78055,284.76532
Potomje,Suhopolje_2025-03-13_11-08_tf_1h,2021-01-24 11:00:00,285.15332,285.14835
Potomje,Suhopolje_2025-03-13_11-08_tf_1h,2021-01-24 12:00:00,284.97003,285.31635
Potomje,Suhopolje_2025-03-13_11-08_tf_1h,2021-01-24 13:00:00,284.38892,284.70703
Potomje,Suhopolje_2025-03-13_11-08_tf_1h,2021-01-24 14:00:00,284.09824,283.77048
Potomje,Suhopolje_2025-03-13_11-08_tf_1h,2021-01-24 15:00:00,284.1525,283.63177
Potomje,Suhopolje_2025-03-13_11-08_tf_1h,2021-01-24 16:00:00,284.43604,284.0013
Potomje,Suhopolje_2025-03-13_11-08_tf_1h,2021-01-24 17:00:00,284.45398,284.46988
Potomje,Suhopolje_2025-03-13_11-08_tf_1h,2021-01-24 18:00:00,284.4694,284.3348
Potomje,Suhopolje_2025-03-13_11-08_tf_1h,2021-01-24 19:00:00,284.7104,284.2537
Potomje,Suhopolje_2025-03-13_11-08_tf_1h,2021-01-24 20:00:00,284.24564,284.5989
Potomje,Suhopolje_2025-03-13_11-08_tf_1h,2021-01-24 21:00:00,283.67508,283.7566
Potomje,Suhopolje_2025-03-13_11-08_tf_1h,2021-01-24 22:00:00,283.39615,283.0853
Potomje,Suhopolje_2025-03-13_11-08_tf_1h,2021-01-24 23:00:00,282.99417,282.99902
Potomje,Suhopolje_2025-03-13_11-08_tf_1h,2021-01-25 00:00:00,282.5853,282.55872
Potomje,Suhopolje_2025-03-13_11-08_tf_1h,2021-01-25 01:00:00,282.2928,282.26917
Potomje,Suhopolje_2025-03-13_11-08_tf_1h,2021-01-25 02:00:00,281.93103,282.01105
Potomje,Suhopolje_2025-03-13_11-08_tf_1h,2021-01-25 03:00:00,280.63013,281.75613
Potomje,Suhopolje_2025-03-13_11-08_tf_1h,2021-01-25 04:00:00,279.51065,279.80984
Potomje,Suhopolje_2025-03-13_11-08_tf_1h,2021-01-25 05:00:00,278.8762,278.88773
Potomje,Suhopolje_2025-03-13_11-08_tf_1h,2021-01-25 06:00:00,278.45834,278.59015
Potomje,Suhopolje_2025-03-13_11-08_tf_1h,2021-01-25 07:00:00,277.96368,278.31845
Potomje,Suhopolje_2025-03-13_11-08_tf_1h,2021-01-25 08:00:00,277.69644,277.7599
Potomje,Suhopolje_2025-03-13_11-08_tf_1h,2021-01-25 09:00:00,279.31058,277.62668
Potomje,Suhopolje_2025-03-13_11-08_tf_1h,2021-01-25 10:00:00,280.614,280.67084
Potomje,Suhopolje_2025-03-13_11-08_tf_1h,2021-01-25 11:00:00,281.10294,281.36194
Potomje,Suhopolje_2025-03-13_11-08_tf_1h,2021-01-25 12:00:00,281.32553,281.3776
Potomje,Suhopolje_2025-03-13_11-08_tf_1h,2021-01-25 13:00:00,281.53503,281.46518
Potomje,Suhopolje_2025-03-13_11-08_tf_1h,2021-01-25 14:00:00,282.06625,281.70526
Potomje,Suhopolje_2025-03-13_11-08_tf_1h,2021-01-25 15:00:00,281.854,282.48303
Potomje,Suhopolje_2025-03-13_11-08_tf_1h,2021-01-25 16:00:00,281.86572,281.73865
Potomje,Suhopolje_2025-03-13_11-08_tf_1h,2021-01-25 17:00:00,281.92758,281.8046
Potomje,Suhopolje_2025-03-13_11-08_tf_1h,2021-01-25 18:00:00,281.63828,281.9422
Potomje,Suhopolje_2025-03-13_11-08_tf_1h,2021-01-25 19:00:00,281.07602,281.384
Potomje,Suhopolje_2025-03-13_11-08_tf_1h,2021-01-25 20:00:00,281.27518,280.59256
Potomje,Suhopolje_2025-03-13_11-08_tf_1h,2021-01-25 21:00:00,281.2952,281.32715
Potomje,Suhopolje_2025-03-13_11-08_tf_1h,2021-01-25 22:00:00,280.99667,281.29752
Potomje,Suhopolje_2025-03-13_11-08_tf_1h,2021-01-25 23:00:00,280.61655,280.72598
Potomje,Suhopolje_2025-03-13_11-08_tf_1h,2021-01-26 00:00:00,280.72534,280.21408
Potomje,Suhopolje_2025-03-13_11-08_tf_1h,2021-01-26 01:00:00,280.66116,280.69125
Potomje,Suhopolje_2025-03-13_11-08_tf_1h,2021-01-26 02:00:00,280.5041,280.46106
Potomje,Suhopolje_2025-03-13_11-08_tf_1h,2021-01-26 03:00:00,280.15985,280.27966
Potomje,Suhopolje_2025-03-13_11-08_tf_1h,2021-01-26 04:00:00,279.46075,279.8186
Potomje,Suhopolje_2025-03-13_11-08_tf_1h,2021-01-26 05:00:00,278.79385,278.8976
Potomje,Suhopolje_2025-03-13_11-08_tf_1h,2021-01-26 06:00:00,278.06577,278.31488
Potomje,Suhopolje_2025-03-13_11-08_tf_1h,2021-01-26 07:00:00,277.83673,277.65005
Potomje,Suhopolje_2025-03-13_11-08_tf_1h,2021-01-26 08:00:00,277.59644,278.11844
Potomje,Suhopolje_2025-03-13_11-08_tf_1h,2021-01-26 09:00:00,278.3668,277.61496
Potomje,Suhopolje_2025-03-13_11-08_tf_1h,2021-01-26 10:00:00,278.7934,279.05386
Potomje,Suhopolje_2025-03-13_11-08_tf_1h,2021-01-26 11:00:00,279.54767,279.0248
Potomje,Suhopolje_2025-03-13_11-08_tf_1h,2021-01-26 12:00:00,280.1909,280.11325
Potomje,Suhopolje_2025-03-13_11-08_tf_1h,2021-01-26 13:00:00,280.6138,280.7335
Potomje,Suhopolje_2025-03-13_11-08_tf_1h,2021-01-26 14:00:00,280.69498,280.93298
Potomje,Suhopolje_2025-03-13_11-08_tf_1h,2021-01-26 15:00:00,280.40845,280.7434
Potomje,Suhopolje_2025-03-13_11-08_tf_1h,2021-01-26 16:00:00,279.9041,280.1564
Potomje,Suhopolje_2025-03-13_11-08_tf_1h,2021-01-26 17:00:00,279.05002,279.4586
Potomje,Suhopolje_2025-03-13_11-08_tf_1h,2021-01-26 18:00:00,278.37946,278.3769
Potomje,Suhopolje_2025-03-13_11-08_tf_1h,2021-01-26 19:00:00,277.8142,277.96664
Potomje,Suhopolje_2025-03-13_11-08_tf_1h,2021-01-26 20:00:00,277.43246,277.45514
Potomje,Suhopolje_2025-03-13_11-08_tf_1h,2021-01-26 21:00:00,277.06818,277.20413
Potomje,Suhopolje_2025-03-13_11-08_tf_1h,2021-01-26 22:00:00,276.7575,276.8384
Potomje,Suhopolje_2025-03-13_11-08_tf_1h,2021-01-26 23:00:00,276.59286,276.5821
Potomje,Suhopolje_2025-03-13_11-08_tf_1h,2021-01-27 00:00:00,276.45947,276.48642
Potomje,Suhopolje_2025-03-13_11-08_tf_1h,2021-01-27 01:00:00,276.482,276.33328
Potomje,Suhopolje_2025-03-13_11-08_tf_1h,2021-01-27 02:00:00,276.4473,276.44867
Potomje,Suhopolje_2025-03-13_11-08_tf_1h,2021-01-27 03:00:00,276.24054,276.32343
Potomje,Suhopolje_2025-03-13_11-08_tf_1h,2021-01-27 04:00:00,275.89813,276.0116
Potomje,Suhopolje_2025-03-13_11-08_tf_1h,2021-01-27 05:00:00,275.64978,275.6224
Potomje,Suhopolje_2025-03-13_11-08_tf_1h,2021-01-27 06:00:00,275.41956,275.57794
Potomje,Suhopolje_2025-03-13_11-08_tf_1h,2021-01-27 07:00:00,275.31378,275.49884
Potomje,Suhopolje_2025-03-13_11-08_tf_1h,2021-01-27 08:00:00,276.11063,275.7173
Potomje,Suhopolje_2025-03-13_11-08_tf_1h,2021-01-27 09:00:00,277.01807,277.1287
Potomje,Suhopolje_2025-03-13_11-08_tf_1h,2021-01-27 10:00:00,278.38498,277.8829
Potomje,Suhopolje_2025-03-13_11-08_tf_1h,2021-01-27 11:00:00,279.4389,279.49112
Potomje,Suhopolje_2025-03-13_11-08_tf_1h,2021-01-27 12:00:00,280.0115,280.20642
Potomje,Suhopolje_2025-03-13_11-08_tf_1h,2021-01-27 13:00:00,280.36475,280.42096
Potomje,Suhopolje_2025-03-13_11-08_tf_1h,2021-01-27 14:00:00,280.55652,280.5129
Potomje,Suhopolje_2025-03-13_11-08_tf_1h,2021-01-27 15:00:00,280.5379,280.57013
Potomje,Suhopolje_2025-03-13_11-08_tf_1h,2021-01-27 16:00:00,280.27667,280.38803
Potomje,Suhopolje_2025-03-13_11-08_tf_1h,2021-01-27 17:00:00,279.71118,279.95047
Potomje,Suhopolje_2025-03-13_11-08_tf_1h,2021-01-27 18:00:00,279.34393,279.16364
Potomje,Suhopolje_2025-03-13_11-08_tf_1h,2021-01-27 19:00:00,279.02725,278.9888
Potomje,Suhopolje_2025-03-13_11-08_tf_1h,2021-01-27 20:00:00,278.0152,278.75992
Potomje,Suhopolje_2025-03-13_11-08_tf_1h,2021-01-27 21:00:00,277.61966,277.27704
Potomje,Suhopolje_2025-03-13_11-08_tf_1h,2021-01-27 22:00:00,277.1459,277.40094
Potomje,Suhopolje_2025-03-13_11-08_tf_1h,2021-01-27 23:00:00,276.588,276.82108
Potomje,Suhopolje_2025-03-13_11-08_tf_1h,2021-01-28 00:00:00,276.2086,276.23718
Potomje,Suhopolje_2025-03-13_11-08_tf_1h,2021-01-28 01:00:00,275.94138,275.97046
Potomje,Suhopolje_2025-03-13_11-08_tf_1h,2021-01-28 02:00:00,275.79095,275.75464
Potomje,Suhopolje_2025-03-13_11-08_tf_1h,2021-01-28 03:00:00,275.74036,275.6761
Potomje,Suhopolje_2025-03-13_11-08_tf_1h,2021-01-28 04:00:00,275.50626,275.6895
Potomje,Suhopolje_2025-03-13_11-08_tf_1h,2021-01-28 05:00:00,275.03735,275.33148
Potomje,Suhopolje_2025-03-13_11-08_tf_1h,2021-01-28 06:00:00,274.45303,274.8542
Potomje,Suhopolje_2025-03-13_11-08_tf_1h,2021-01-28 07:00:00,273.7951,274.62048
Potomje,Suhopolje_2025-03-13_11-08_tf_1h,2021-01-28 08:00:00,274.1513,274.16235
Potomje,Suhopolje_2025-03-13_11-08_tf_1h,2021-01-28 09:00:00,276.94562,275.3509
Potomje,Suhopolje_2025-03-13_11-08_tf_1h,2021-01-28 10:00:00,278.51053,279.4778
Potomje,Suhopolje_2025-03-13_11-08_tf_1h,2021-01-28 11:00:00,279.61343,279.37427
Potomje,Suhopolje_2025-03-13_11-08_tf_1h,2021-01-28 12:00:00,280.47858,280.52914
Potomje,Suhopolje_2025-03-13_11-08_tf_1h,2021-01-28 13:00:00,281.09787,281.1185
Potomje,Suhopolje_2025-03-13_11-08_tf_1h,2021-01-28 14:00:00,281.44443,281.53693
Potomje,Suhopolje_2025-03-13_11-08_tf_1h,2021-01-28 15:00:00,281.55872,281.61948
Potomje,Suhopolje_2025-03-13_11-08_tf_1h,2021-01-28 16:00:00,281.34003,281.4862
Potomje,Suhopolje_2025-03-13_11-08_tf_1h,2021-01-28 17:00:00,280.91943,281.01782
Potomje,Suhopolje_2025-03-13_11-08_tf_1h,2021-01-28 18:00:00,280.56183,280.42444
Potomje,Suhopolje_2025-03-13_11-08_tf_1h,2021-01-28 19:00:00,280.52594,280.10553
Potomje,Suhopolje_2025-03-13_11-08_tf_1h,2021-01-28 20:00:00,279.95746,280.3755
Potomje,Suhopolje_2025-03-13_11-08_tf_1h,2021-01-28 21:00:00,279.91837,279.46536
Potomje,Suhopolje_2025-03-13_11-08_tf_1h,2021-01-28 22:00:00,280.00162,279.80414
Potomje,Suhopolje_2025-03-13_11-08_tf_1h,2021-01-28 23:00:00,280.04025,279.99677
Potomje,Suhopolje_2025-03-13_11-08_tf_1h,2021-01-29 00:00:00,279.97174,280.0052
Potomje,Suhopolje_2025-03-13_11-08_tf_1h,2021-01-29 01:00:00,279.8926,279.84692
Potomje,Suhopolje_2025-03-13_11-08_tf_1h,2021-01-29 02:00:00,279.71417,279.76013
Potomje,Suhopolje_2025-03-13_11-08_tf_1h,2021-01-29 03:00:00,279.66083,279.50882
Potomje,Suhopolje_2025-03-13_11-08_tf_1h,2021-01-29 04:00:00,279.72797,279.54565
Potomje,Suhopolje_2025-03-13_11-08_tf_1h,2021-01-29 05:00:00,279.5187,279.7006
Potomje,Suhopolje_2025-03-13_11-08_tf_1h,2021-01-29 06:00:00,279.45868,279.33514
Potomje,Suhopolje_2025-03-13_11-08_tf_1h,2021-01-29 07:00:00,279.52124,279.4919
Potomje,Suhopolje_2025-03-13_11-08_tf_1h,2021-01-29 08:00:00,280.69037,280.07974
Potomje,Suhopolje_2025-03-13_11-08_tf_1h,2021-01-29 09:00:00,281.42282,281.8565
Potomje,Suhopolje_2025-03-13_11-08_tf_1h,2021-01-29 10:00:00,282.448,282.20758
Potomje,Suhopolje_2025-03-13_11-08_tf_1h,2021-01-29 11:00:00,283.13812,283.26797
Potomje,Suhopolje_2025-03-13_11-08_tf_1h,2021-01-29 12:00:00,283.46167,283.69363
Potomje,Suhopolje_2025-03-13_11-08_tf_1h,2021-01-29 13:00:00,283.6038,283.67517
Potomje,Suhopolje_2025-03-13_11-08_tf_1h,2021-01-29 14:00:00,283.85654,283.58908
Potomje,Suhopolje_2025-03-13_11-08_tf_1h,2021-01-29 15:00:00,283.8248,283.86398
Potomje,Suhopolje_2025-03-13_11-08_tf_1h,2021-01-29 16:00:00,283.82205,283.64194
Potomje,Suhopolje_2025-03-13_11-08_tf_1h,2021-01-29 17:00:00,283.6314,283.59885
Potomje,Suhopolje_2025-03-13_11-08_tf_1h,2021-01-29 18:00:00,283.71695,283.29025
Potomje,Suhopolje_2025-03-13_11-08_tf_1h,2021-01-29 19:00:00,283.41568,283.52155
Potomje,Suhopolje_2025-03-13_11-08_tf_1h,2021-01-29 20:00:00,283.27243,283.0477
Potomje,Suhopolje_2025-03-13_11-08_tf_1h,2021-01-29 21:00:00,283.17975,282.96198
Potomje,Suhopolje_2025-03-13_11-08_tf_1h,2021-01-29 22:00:00,282.78467,282.94128
Potomje,Suhopolje_2025-03-13_11-08_tf_1h,2021-01-29 23:00:00,282.7651,282.3528
Potomje,Suhopolje_2025-03-13_11-08_tf_1h,2021-01-30 00:00:00,282.62186,282.6076
Potomje,Suhopolje_2025-03-13_11-08_tf_1h,2021-01-30 01:00:00,282.30313,282.37833
Potomje,Suhopolje_2025-03-13_11-08_tf_1h,2021-01-30 02:00:00,281.90506,281.96255
Potomje,Suhopolje_2025-03-13_11-08_tf_1h,2021-01-30 03:00:00,281.74637,281.52286
Potomje,Suhopolje_2025-03-13_11-08_tf_1h,2021-01-30 04:00:00,281.309,281.54642
Potomje,Suhopolje_2025-03-13_11-08_tf_1h,2021-01-30 05:00:00,280.64874,280.94565
Potomje,Suhopolje_2025-03-13_11-08_tf_1h,2021-01-30 06:00:00,279.86182,280.20517
Potomje,Suhopolje_2025-03-13_11-08_tf_1h,2021-01-30 07:00:00,279.2586,279.48032
Potomje,Suhopolje_2025-03-13_11-08_tf_1h,2021-01-30 08:00:00,279.7197,279.05753
Potomje,Suhopolje_2025-03-13_11-08_tf_1h,2021-01-30 09:00:00,280.6851,280.3284
Potomje,Suhopolje_2025-03-13_11-08_tf_1h,2021-01-30 10:00:00,281.97336,281.44562
Potomje,Suhopolje_2025-03-13_11-08_tf_1h,2021-01-30 11:00:00,283.45477,282.99893
Potomje,Suhopolje_2025-03-13_11-08_tf_1h,2021-01-30 12:00:00,284.5777,284.52478
Potomje,Suhopolje_2025-03-13_11-08_tf_1h,2021-01-30 13:00:00,285.07858,285.39362
Potomje,Suhopolje_2025-03-13_11-08_tf_1h,2021-01-30 14:00:00,285.2653,285.4867
Potomje,Suhopolje_2025-03-13_11-08_tf_1h,2021-01-30 15:00:00,285.22736,285.38623
Potomje,Suhopolje_2025-03-13_11-08_tf_1h,2021-01-30 16:00:00,284.92404,285.04758
Potomje,Suhopolje_2025-03-13_11-08_tf_1h,2021-01-30 17:00:00,284.24564,284.52432
Potomje,Suhopolje_2025-03-13_11-08_tf_1h,2021-01-30 18:00:00,283.1655,283.53683
Potomje,Suhopolje_2025-03-13_11-08_tf_1h,2021-01-30 19:00:00,282.84906,282.175
Potomje,Suhopolje_2025-03-13_11-08_tf_1h,2021-01-30 20:00:00,283.21402,282.50198
Potomje,Suhopolje_2025-03-13_11-08_tf_1h,2021-01-30 21:00:00,283.36258,283.32767
Potomje,Suhopolje_2025-03-13_11-08_tf_1h,2021-01-30 22:00:00,283.42926,283.38934
Potomje,Suhopolje_2025-03-13_11-08_tf_1h,2021-01-30 23:00:00,283.68912,283.35867
Potomje,Suhopolje_2025-03-13_11-08_tf_1h,2021-01-31 00:00:00,283.85516,283.69464
Potomje,Suhopolje_2025-03-13_11-08_tf_1h,2021-01-31 01:00:00,284.2914,283.8231
Potomje,Suhopolje_2025-03-13_11-08_tf_1h,2021-01-31 02:00:00,284.56552,284.37796
Potomje,Suhopolje_2025-03-13_11-08_tf_1h,2021-01-31 03:00:00,284.60117,284.5331
Potomje,Suhopolje_2025-03-13_11-08_tf_1h,2021-01-31 04:00:00,284.72372,284.34082
Potomje,Suhopolje_2025-03-13_11-08_tf_1h,2021-01-31 05:00:00,284.77203,284.55225
Potomje,Suhopolje_2025-03-13_11-08_tf_1h,2021-01-31 06:00:00,284.93277,284.61417
Potomje,Suhopolje_2025-03-13_11-08_tf_1h,2021-01-31 07:00:00,284.8801,284.95822
Potomje,Suhopolje_2025-03-13_11-08_tf_1h,2021-01-31 08:00:00,284.89206,284.84064
Potomje,Suhopolje_2025-03-13_11-08_tf_1h,2021-01-31 09:00:00,284.86377,284.97968
Potomje,Suhopolje_2025-03-13_11-08_tf_1h,2021-01-31 10:00:00,285.09927,284.8946
Potomje,Suhopolje_2025-03-13_11-08_tf_1h,2021-01-31 11:00:00,285.44006,285.1969
Potomje,Suhopolje_2025-03-13_11-08_tf_1h,2021-01-31 12:00:00,285.73306,285.58722
Potomje,Suhopolje_2025-03-13_11-08_tf_1h,2021-01-31 13:00:00,285.79837,285.82016
Potomje,Suhopolje_2025-03-13_11-08_tf_1h,2021-01-31 14:00:00,285.7303,285.68533
Potomje,Suhopolje_2025-03-13_11-08_tf_1h,2021-01-31 15:00:00,285.67624,285.43683
Potomje,Suhopolje_2025-03-13_11-08_tf_1h,2021-01-31 16:00:00,285.5815,285.3152
Potomje,Suhopolje_2025-03-13_11-08_tf_1h,2021-01-31 17:00:00,284.9937,285.24005
Potomje,Suhopolje_2025-03-13_11-08_tf_1h,2021-01-31 18:00:00,284.0927,284.38736
Potomje,Suhopolje_2025-03-13_11-08_tf_1h,2021-01-31 19:00:00,282.7727,283.35953
Potomje,Suhopolje_2025-03-13_11-08_tf_1h,2021-01-31 20:00:00,282.94287,281.8626
Potomje,Suhopolje_2025-03-13_11-08_tf_1h,2021-01-31 21:00:00,283.38788,283.0231
Potomje,Suhopolje_2025-03-13_11-08_tf_1h,2021-01-31 22:00:00,283.4824,283.61826
Potomje,Suhopolje_2025-03-13_11-08_tf_1h,2021-01-31 23:00:00,283.25723,283.4582
Potomje,Suhopolje_2025-03-13_11-08_tf_1h,2021-02-01 00:00:00,283.1588,283.0137
Potomje,Suhopolje_2025-03-13_11-08_tf_1h,2021-02-01 01:00:00,282.89804,283.03867
Potomje,Suhopolje_2025-03-13_11-08_tf_1h,2021-02-01 02:00:00,282.651,282.66714
Potomje,Suhopolje_2025-03-13_11-08_tf_1h,2021-02-01 03:00:00,282.40863,282.47964
Potomje,Suhopolje_2025-03-13_11-08_tf_1h,2021-02-01 04:00:00,282.37775,282.24936
Potomje,Suhopolje_2025-03-13_11-08_tf_1h,2021-02-01 05:00:00,282.0137,282.3943
Potomje,Suhopolje_2025-03-13_11-08_tf_1h,2021-02-01 06:00:00,282.10168,281.76263
Potomje,Suhopolje_2025-03-13_11-08_tf_1h,2021-02-01 07:00:00,281.94852,282.25574
Potomje,Suhopolje_2025-03-13_11-08_tf_1h,2021-02-01 08:00:00,283.19315,281.88568
Potomje,Suhopolje_2025-03-13_11-08_tf_1h,2021-02-01 09:00:00,283.6264,284.1814
Potomje,Suhopolje_2025-03-13_11-08_tf_1h,2021-02-01 10:00:00,283.92273,284.11862
Potomje,Suhopolje_2025-03-13_11-08_tf_1h,2021-02-01 11:00:00,284.3897,284.10754
Potomje,Suhopolje_2025-03-13_11-08_tf_1h,2021-02-01 12:00:00,284.6923,284.6385
Potomje,Suhopolje_2025-03-13_11-08_tf_1h,2021-02-01 13:00:00,285.0042,284.84546
Potomje,Suhopolje_2025-03-13_11-08_tf_1h,2021-02-01 14:00:00,285.15674,285.11166
Potomje,Suhopolje_2025-03-13_11-08_tf_1h,2021-02-01 15:00:00,284.77588,285.1327
Potomje,Suhopolje_2025-03-13_11-08_tf_1h,2021-02-01 16:00:00,284.1127,284.32083
Potomje,Suhopolje_2025-03-13_11-08_tf_1h,2021-02-01 17:00:00,283.65353,283.36832
Potomje,Suhopolje_2025-03-13_11-08_tf_1h,2021-02-01 18:00:00,283.43115,283.14355
Potomje,Suhopolje_2025-03-13_11-08_tf_1h,2021-02-01 19:00:00,281.7071,283.17484
Potomje,Suhopolje_2025-03-13_11-08_tf_1h,2021-02-01 20:00:00,281.69275,280.6872
Potomje,Suhopolje_2025-03-13_11-08_tf_1h,2021-02-01 21:00:00,281.68152,281.6994
Potomje,Suhopolje_2025-03-13_11-08_tf_1h,2021-02-01 22:00:00,281.82623,281.52234
Potomje,Suhopolje_2025-03-13_11-08_tf_1h,2021-02-01 23:00:00,281.73483,281.84354
Potomje,Suhopolje_2025-03-13_11-08_tf_1h,2021-02-02 00:00:00,281.50464,281.5375
Potomje,Suhopolje_2025-03-13_11-08_tf_1h,2021-02-02 01:00:00,281.15372,281.2403
Potomje,Suhopolje_2025-03-13_11-08_tf_1h,2021-02-02 02:00:00,280.9828,280.8301
Potomje,Suhopolje_2025-03-13_11-08_tf_1h,2021-02-02 03:00:00,280.77597,280.83615
Potomje,Suhopolje_2025-03-13_11-08_tf_1h,2021-02-02 04:00:00,280.53015,280.60434
Potomje,Suhopolje_2025-03-13_11-08_tf_1h,2021-02-02 05:00:00,280.066,280.40787
Potomje,Suhopolje_2025-03-13_11-08_tf_1h,2021-02-02 06:00:00,279.53043,279.87256
Potomje,Suhopolje_2025-03-13_11-08_tf_1h,2021-02-02 07:00:00,279.13364,279.53403
Potomje,Suhopolje_2025-03-13_11-08_tf_1h,2021-02-02 08:00:00,280.25037,279.10455
Potomje,Suhopolje_2025-03-13_11-08_tf_1h,2021-02-02 09:00:00,281.67776,281.3119
Potomje,Suhopolje_2025-03-13_11-08_tf_1h,2021-02-02 10:00:00,283.64917,282.8101
Potomje,Suhopolje_2025-03-13_11-08_tf_1h,2021-02-02 11:00:00,285.10654,285.00992
Potomje,Suhopolje_2025-03-13_11-08_tf_1h,2021-02-02 12:00:00,285.94315,286.12378
Potomje,Suhopolje_2025-03-13_11-08_tf_1h,2021-02-02 13:00:00,286.45627,286.53558
Potomje,Suhopolje_2025-03-13_11-08_tf_1h,2021-02-02 14:00:00,286.679,286.77158
Potomje,Suhopolje_2025-03-13_11-08_tf_1h,2021-02-02 15:00:00,286.664,286.75067
Potomje,Suhopolje_2025-03-13_11-08_tf_1h,2021-02-02 16:00:00,286.31308,286.41156
Potomje,Suhopolje_2025-03-13_11-08_tf_1h,2021-02-02 17:00:00,285.51236,285.69934
Potomje,Suhopolje_2025-03-13_11-08_tf_1h,2021-02-02 18:00:00,284.83826,284.53384
Potomje,Suhopolje_2025-03-13_11-08_tf_1h,2021-02-02 19:00:00,284.1667,284.05646
Potomje,Suhopolje_2025-03-13_11-08_tf_1h,2021-02-02 20:00:00,284.83484,283.482
Potomje,Suhopolje_2025-03-13_11-08_tf_1h,2021-02-02 21:00:00,284.4577,285.05072
Potomje,Suhopolje_2025-03-13_11-08_tf_1h,2021-02-02 22:00:00,283.97888,284.0173
Potomje,Suhopolje_2025-03-13_11-08_tf_1h,2021-02-02 23:00:00,283.3937,283.3945
Potomje,Suhopolje_2025-03-13_11-08_tf_1h,2021-02-03 00:00:00,281.93076,282.80234
Potomje,Suhopolje_2025-03-13_11-08_tf_1h,2021-02-03 01:00:00,280.51425,280.97607
Potomje,Suhopolje_2025-03-13_11-08_tf_1h,2021-02-03 02:00:00,280.06445,279.61307
Potomje,Suhopolje_2025-03-13_11-08_tf_1h,2021-02-03 03:00:00,279.78308,279.68176
Potomje,Suhopolje_2025-03-13_11-08_tf_1h,2021-02-03 04:00:00,280.28467,279.50955
Potomje,Suhopolje_2025-03-13_11-08_tf_1h,2021-02-03 05:00:00,280.57632,280.60193
Potomje,Suhopolje_2025-03-13_11-08_tf_1h,2021-02-03 06:00:00,280.40695,280.62256
Potomje,Suhopolje_2025-03-13_11-08_tf_1h,2021-02-03 07:00:00,280.03824,280.39423
Potomje,Suhopolje_2025-03-13_11-08_tf_1h,2021-02-03 08:00:00,280.96594,280.47528
Potomje,Suhopolje_2025-03-13_11-08_tf_1h,2021-02-03 09:00:00,281.65125,282.52612
Potomje,Suhopolje_2025-03-13_11-08_tf_1h,2021-02-03 10:00:00,283.01285,282.35464
Potomje,Suhopolje_2025-03-13_11-08_tf_1h,2021-02-03 11:00:00,284.66638,284.06332
Potomje,Suhopolje_2025-03-13_11-08_tf_1h,2021-02-03 12:00:00,285.71356,285.73767
Potomje,Suhopolje_2025-03-13_11-08_tf_1h,2021-02-03 13:00:00,286.52084,286.4039
Potomje,Suhopolje_2025-03-13_11-08_tf_1h,2021-02-03 14:00:00,286.95535,287.0111
Potomje,Suhopolje_2025-03-13_11-08_tf_1h,2021-02-03 15:00:00,286.79285,287.16205
Potomje,Suhopolje_2025-03-13_11-08_tf_1h,2021-02-03 16:00:00,286.32742,286.58685
Potomje,Suhopolje_2025-03-13_11-08_tf_1h,2021-02-03 17:00:00,285.7488,285.7266
Potomje,Suhopolje_2025-03-13_11-08_tf_1h,2021-02-03 18:00:00,285.30554,285.0303
Potomje,Suhopolje_2025-03-13_11-08_tf_1h,2021-02-03 19:00:00,285.02573,284.67743
Potomje,Suhopolje_2025-03-13_11-08_tf_1h,2021-02-03 20:00:00,285.1421,284.5304
Potomje,Suhopolje_2025-03-13_11-08_tf_1h,2021-02-03 21:00:00,285.22287,284.90485
Potomje,Suhopolje_2025-03-13_11-08_tf_1h,2021-02-03 22:00:00,285.1527,284.91528
Potomje,Suhopolje_2025-03-13_11-08_tf_1h,2021-02-03 23:00:00,285.08658,284.7551
Potomje,Suhopolje_2025-03-13_11-08_tf_1h,2021-02-04 00:00:00,285.0775,284.72906
Potomje,Suhopolje_2025-03-13_11-08_tf_1h,2021-02-04 01:00:00,285.0934,284.80408
Potomje,Suhopolje_2025-03-13_11-08_tf_1h,2021-02-04 02:00:00,284.95367,284.86752
Potomje,Suhopolje_2025-03-13_11-08_tf_1h,2021-02-04 03:00:00,284.81674,284.664
Potomje,Suhopolje_2025-03-13_11-08_tf_1h,2021-02-04 04:00:00,284.74063,284.53546
Potomje,Suhopolje_2025-03-13_11-08_tf_1h,2021-02-04 05:00:00,284.72473,284.51614
Potomje,Suhopolje_2025-03-13_11-08_tf_1h,2021-02-04 06:00:00,284.73376,284.58084
Potomje,Suhopolje_2025-03-13_11-08_tf_1h,2021-02-04 07:00:00,284.8208,284.66653
Potomje,Suhopolje_2025-03-13_11-08_tf_1h,2021-02-04 08:00:00,285.5638,284.86047
Potomje,Suhopolje_2025-03-13_11-08_tf_1h,2021-02-04 09:00:00,285.97745,286.18216
Potomje,Suhopolje_2025-03-13_11-08_tf_1h,2021-02-04 10:00:00,286.2454,286.4533
Potomje,Suhopolje_2025-03-13_11-08_tf_1h,2021-02-04 11:00:00,286.90887,286.44025
Potomje,Suhopolje_2025-03-13_11-08_tf_1h,2021-02-04 12:00:00,287.41232,287.25238
Potomje,Suhopolje_2025-03-13_11-08_tf_1h,2021-02-04 13:00:00,287.3696,287.66684
Potomje,Suhopolje_2025-03-13_11-08_tf_1h,2021-02-04 14:00:00,287.4192,287.1575
Potomje,Suhopolje_2025-03-13_11-08_tf_1h,2021-02-04 15:00:00,287.14346,287.12244
Potomje,Suhopolje_2025-03-13_11-08_tf_1h,2021-02-04 16:00:00,286.9148,286.63522
Potomje,Suhopolje_2025-03-13_11-08_tf_1h,2021-02-04 17:00:00,286.5205,286.36414
Potomje,Suhopolje_2025-03-13_11-08_tf_1h,2021-02-04 18:00:00,286.2538,285.93842
Potomje,Suhopolje_2025-03-13_11-08_tf_1h,2021-02-04 19:00:00,286.08163,285.81
Potomje,Suhopolje_2025-03-13_11-08_tf_1h,2021-02-04 20:00:00,285.84238,285.71918
Potomje,Suhopolje_2025-03-13_11-08_tf_1h,2021-02-04 21:00:00,285.63025,285.4556
Potomje,Suhopolje_2025-03-13_11-08_tf_1h,2021-02-04 22:00:00,285.44778,285.28745
Potomje,Suhopolje_2025-03-13_11-08_tf_1h,2021-02-04 23:00:00,285.2104,285.14737
Potomje,Suhopolje_2025-03-13_11-08_tf_1h,2021-02-05 00:00:00,284.85355,284.8945
Potomje,Suhopolje_2025-03-13_11-08_tf_1h,2021-02-05 01:00:00,284.58966,284.47552
Potomje,Suhopolje_2025-03-13_11-08_tf_1h,2021-02-05 02:00:00,284.327,284.2954
Potomje,Suhopolje_2025-03-13_11-08_tf_1h,2021-02-05 03:00:00,284.1358,284.0514
Potomje,Suhopolje_2025-03-13_11-08_tf_1h,2021-02-05 04:00:00,283.9171,283.9377
Potomje,Suhopolje_2025-03-13_11-08_tf_1h,2021-02-05 05:00:00,283.84415,283.7236
Potomje,Suhopolje_2025-03-13_11-08_tf_1h,2021-02-05 06:00:00,283.66104,283.80164
Potomje,Suhopolje_2025-03-13_11-08_tf_1h,2021-02-05 07:00:00,283.60645,283.57785
Potomje,Suhopolje_2025-03-13_11-08_tf_1h,2021-02-05 08:00:00,284.32138,283.61917
Potomje,Suhopolje_2025-03-13_11-08_tf_1h,2021-02-05 09:00:00,285.01233,284.87686
Potomje,Suhopolje_2025-03-13_11-08_tf_1h,2021-02-05 10:00:00,286.09628,285.59933
Potomje,Suhopolje_2025-03-13_11-08_tf_1h,2021-02-05 11:00:00,286.8649,286.8639
Potomje,Suhopolje_2025-03-13_11-08_tf_1h,2021-02-05 12:00:00,287.24014,287.3804
Potomje,Suhopolje_2025-03-13_11-08_tf_1h,2021-02-05 13:00:00,287.36182,287.44058
Potomje,Suhopolje_2025-03-13_11-08_tf_1h,2021-02-05 14:00:00,287.53616,287.26675
Potomje,Suhopolje_2025-03-13_11-08_tf_1h,2021-02-05 15:00:00,287.43542,287.40784
Potomje,Suhopolje_2025-03-13_11-08_tf_1h,2021-02-05 16:00:00,287.13876,287.10403
Potomje,Suhopolje_2025-03-13_11-08_tf_1h,2021-02-05 17:00:00,286.7242,286.60864
Potomje,Suhopolje_2025-03-13_11-08_tf_1h,2021-02-05 18:00:00,286.2064,286.07462
Potomje,Suhopolje_2025-03-13_11-08_tf_1h,2021-02-05 19:00:00,285.91037,285.5287
Potomje,Suhopolje_2025-03-13_11-08_tf_1h,2021-02-05 20:00:00,285.53107,285.43744
Potomje,Suhopolje_2025-03-13_11-08_tf_1h,2021-02-05 21:00:00,285.49646,285.03073
Potomje,Suhopolje_2025-03-13_11-08_tf_1h,2021-02-05 22:00:00,285.44403,285.24683
Potomje,Suhopolje_2025-03-13_11-08_tf_1h,2021-02-05 23:00:00,285.4528,285.19156
Potomje,Suhopolje_2025-03-13_11-08_tf_1h,2021-02-06 00:00:00,285.44653,285.25806
Potomje,Suhopolje_2025-03-13_11-08_tf_1h,2021-02-06 01:00:00,285.328,285.24356
Potomje,Suhopolje_2025-03-13_11-08_tf_1h,2021-02-06 02:00:00,285.3386,285.06085
Potomje,Suhopolje_2025-03-13_11-08_tf_1h,2021-02-06 03:00:00,285.37573,285.17062
Potomje,Suhopolje_2025-03-13_11-08_tf_1h,2021-02-06 04:00:00,285.48242,285.24283
Potomje,Suhopolje_2025-03-13_11-08_tf_1h,2021-02-06 05:00:00,285.51984,285.4169
Potomje,Suhopolje_2025-03-13_11-08_tf_1h,2021-02-06 06:00:00,285.61996,285.43887
Potomje,Suhopolje_2025-03-13_11-08_tf_1h,2021-02-06 07:00:00,285.57318,285.6791
Potomje,Suhopolje_2025-03-13_11-08_tf_1h,2021-02-06 08:00:00,285.77594,285.54184
Potomje,Suhopolje_2025-03-13_11-08_tf_1h,2021-02-06 09:00:00,286.1593,285.9037
Potomje,Suhopolje_2025-03-13_11-08_tf_1h,2021-02-06 10:00:00,286.84494,286.3748
Potomje,Suhopolje_2025-03-13_11-08_tf_1h,2021-02-06 11:00:00,287.39175,287.2434
Potomje,Suhopolje_2025-03-13_11-08_tf_1h,2021-02-06 12:00:00,287.90955,287.70255
Potomje,Suhopolje_2025-03-13_11-08_tf_1h,2021-02-06 13:00:00,288.03528,288.11658
Potomje,Suhopolje_2025-03-13_11-08_tf_1h,2021-02-06 14:00:00,287.99222,287.92874
Potomje,Suhopolje_2025-03-13_11-08_tf_1h,2021-02-06 15:00:00,287.88086,287.67313
Potomje,Suhopolje_2025-03-13_11-08_tf_1h,2021-02-06 16:00:00,287.6753,287.4526
Potomje,Suhopolje_2025-03-13_11-08_tf_1h,2021-02-06 17:00:00,287.18494,287.1329
Potomje,Suhopolje_2025-03-13_11-08_tf_1h,2021-02-06 18:00:00,286.7267,286.47012
Potomje,Suhopolje_2025-03-13_11-08_tf_1h,2021-02-06 19:00:00,286.5854,286.09784
Potomje,Suhopolje_2025-03-13_11-08_tf_1h,2021-02-06 20:00:00,286.42227,286.20547
Potomje,Suhopolje_2025-03-13_11-08_tf_1h,2021-02-06 21:00:00,286.28656,286.05624
Potomje,Suhopolje_2025-03-13_11-08_tf_1h,2021-02-06 22:00:00,286.38858,285.96796
Potomje,Suhopolje_2025-03-13_11-08_tf_1h,2021-02-06 23:00:00,286.31433,286.22946
Potomje,Suhopolje_2025-03-13_11-08_tf_1h,2021-02-07 00:00:00,286.23135,286.0499
Potomje,Suhopolje_2025-03-13_11-08_tf_1h,2021-02-07 01:00:00,286.2429,285.98215
Potomje,Suhopolje_2025-03-13_11-08_tf_1h,2021-02-07 02:00:00,286.13715,286.06345
Potomje,Suhopolje_2025-03-13_11-08_tf_1h,2021-02-07 03:00:00,286.19736,285.89297
Potomje,Suhopolje_2025-03-13_11-08_tf_1h,2021-02-07 04:00:00,286.25693,286.0753
Potomje,Suhopolje_2025-03-13_11-08_tf_1h,2021-02-07 05:00:00,286.2716,286.14023
Potomje,Suhopolje_2025-03-13_11-08_tf_1h,2021-02-07 06:00:00,286.32025,286.14316
Potomje,Suhopolje_2025-03-13_11-08_tf_1h,2021-02-07 07:00:00,286.36893,286.2506
Potomje,Suhopolje_2025-03-13_11-08_tf_1h,2021-02-07 08:00:00,286.59756,286.31195
Potomje,Suhopolje_2025-03-13_11-08_tf_1h,2021-02-07 09:00:00,286.7894,286.64133
Potomje,Suhopolje_2025-03-13_11-08_tf_1h,2021-02-07 10:00:00,287.09885,286.8161
Potomje,Suhopolje_2025-03-13_11-08_tf_1h,2021-02-07 11:00:00,287.41794,287.177
Potomje,Suhopolje_2025-03-13_11-08_tf_1h,2021-02-07 12:00:00,287.6388,287.49268
Potomje,Suhopolje_2025-03-13_11-08_tf_1h,2021-02-07 13:00:00,287.74548,287.6182
Potomje,Suhopolje_2025-03-13_11-08_tf_1h,2021-02-07 14:00:00,287.8796,287.59897
Potomje,Suhopolje_2025-03-13_11-08_tf_1h,2021-02-07 15:00:00,287.74985,287.69745
Potomje,Suhopolje_2025-03-13_11-08_tf_1h,2021-02-07 16:00:00,287.47598,287.38098
Potomje,Suhopolje_2025-03-13_11-08_tf_1h,2021-02-07 17:00:00,287.23328,286.93127
Potomje,Suhopolje_2025-03-13_11-08_tf_1h,2021-02-07 18:00:00,287.0633,286.73993
Potomje,Suhopolje_2025-03-13_11-08_tf_1h,2021-02-07 19:00:00,286.87738,286.6539
Potomje,Suhopolje_2025-03-13_11-08_tf_1h,2021-02-07 20:00:00,286.67462,286.47885
Potomje,Suhopolje_2025-03-13_11-08_tf_1h,2021-02-07 21:00:00,286.58447,286.29822
Potomje,Suhopolje_2025-03-13_11-08_tf_1h,2021-02-07 22:00:00,286.36142,286.29526
Potomje,Suhopolje_2025-03-13_11-08_tf_1h,2021-02-07 23:00:00,286.32556,286.0045
Potomje,Suhopolje_2025-03-13_11-08_tf_1h,2021-02-08 00:00:00,286.32245,286.11182
Potomje,Suhopolje_2025-03-13_11-08_tf_1h,2021-02-08 01:00:00,286.34335,286.13123
Potomje,Suhopolje_2025-03-13_11-08_tf_1h,2021-02-08 02:00:00,286.35394,286.18176
Potomje,Suhopolje_2025-03-13_11-08_tf_1h,2021-02-08 03:00:00,285.88107,286.1869
Potomje,Suhopolje_2025-03-13_11-08_tf_1h,2021-02-08 04:00:00,285.76596,285.40424
Potomje,Suhopolje_2025-03-13_11-08_tf_1h,2021-02-08 05:00:00,285.56976,285.575
Potomje,Suhopolje_2025-03-13_11-08_tf_1h,2021-02-08 06:00:00,285.3246,285.32443
Potomje,Suhopolje_2025-03-13_11-08_tf_1h,2021-02-08 07:00:00,285.3255,285.0774
Potomje,Suhopolje_2025-03-13_11-08_tf_1h,2021-02-08 08:00:00,285.69357,285.2566
Potomje,Suhopolje_2025-03-13_11-08_tf_1h,2021-02-08 09:00:00,286.22168,285.87775
Potomje,Suhopolje_2025-03-13_11-08_tf_1h,2021-02-08 10:00:00,287.0639,286.51706
Potomje,Suhopolje_2025-03-13_11-08_tf_1h,2021-02-08 11:00:00,287.32,287.59796
Potomje,Suhopolje_2025-03-13_11-08_tf_1h,2021-02-08 12:00:00,286.36703,287.47766
Potomje,Suhopolje_2025-03-13_11-08_tf_1h,2021-02-08 13:00:00,286.60193,285.65103
Potomje,Suhopolje_2025-03-13_11-08_tf_1h,2021-02-08 14:00:00,286.73575,286.51395
Potomje,Suhopolje_2025-03-13_11-08_tf_1h,2021-02-08 15:00:00,286.34833,286.63065
Potomje,Suhopolje_2025-03-13_11-08_tf_1h,2021-02-08 16:00:00,285.89667,285.90268
Potomje,Suhopolje_2025-03-13_11-08_tf_1h,2021-02-08 17:00:00,285.44498,285.33728
Potomje,Suhopolje_2025-03-13_11-08_tf_1h,2021-02-08 18:00:00,285.0036,284.975
Potomje,Suhopolje_2025-03-13_11-08_tf_1h,2021-02-08 19:00:00,285.31927,284.56332
Potomje,Suhopolje_2025-03-13_11-08_tf_1h,2021-02-08 20:00:00,283.46515,285.41595
Potomje,Suhopolje_2025-03-13_11-08_tf_1h,2021-02-08 21:00:00,284.01288,282.5324
Potomje,Suhopolje_2025-03-13_11-08_tf_1h,2021-02-08 22:00:00,284.3161,284.40744
Potomje,Suhopolje_2025-03-13_11-08_tf_1h,2021-02-08 23:00:00,284.56876,284.31396
Potomje,Suhopolje_2025-03-13_11-08_tf_1h,2021-02-09 00:00:00,284.59653,284.61862
Potomje,Suhopolje_2025-03-13_11-08_tf_1h,2021-02-09 01:00:00,284.68198,284.4583
Potomje,Suhopolje_2025-03-13_11-08_tf_1h,2021-02-09 02:00:00,284.7528,284.60013
Potomje,Suhopolje_2025-03-13_11-08_tf_1h,2021-02-09 03:00:00,285.09592,284.68845
Potomje,Suhopolje_2025-03-13_11-08_tf_1h,2021-02-09 04:00:00,285.328,285.23962
Potomje,Suhopolje_2025-03-13_11-08_tf_1h,2021-02-09 05:00:00,285.34735,285.3858
Potomje,Suhopolje_2025-03-13_11-08_tf_1h,2021-02-09 06:00:00,285.25125,285.3265
Potomje,Suhopolje_2025-03-13_11-08_tf_1h,2021-02-09 07:00:00,284.95837,285.1519
Potomje,Suhopolje_2025-03-13_11-08_tf_1h,2021-02-09 08:00:00,284.96054,284.69962
Potomje,Suhopolje_2025-03-13_11-08_tf_1h,2021-02-09 09:00:00,285.10184,284.85828
Potomje,Suhopolje_2025-03-13_11-08_tf_1h,2021-02-09 10:00:00,285.3932,285.10052
Potomje,Suhopolje_2025-03-13_11-08_tf_1h,2021-02-09 11:00:00,285.3882,285.48532
Potomje,Suhopolje_2025-03-13_11-08_tf_1h,2021-02-09 12:00:00,285.5966,285.31323
Potomje,Suhopolje_2025-03-13_11-08_tf_1h,2021-02-09 13:00:00,285.95123,285.5751
Potomje,Suhopolje_2025-03-13_11-08_tf_1h,2021-02-09 14:00:00,286.30655,286.0382
Potomje,Suhopolje_2025-03-13_11-08_tf_1h,2021-02-09 15:00:00,286.74573,286.39493
Potomje,Suhopolje_2025-03-13_11-08_tf_1h,2021-02-09 16:00:00,286.71518,286.83984
Potomje,Suhopolje_2025-03-13_11-08_tf_1h,2021-02-09 17:00:00,286.03546,286.49417
Potomje,Suhopolje_2025-03-13_11-08_tf_1h,2021-02-09 18:00:00,285.5214,285.30127
Potomje,Suhopolje_2025-03-13_11-08_tf_1h,2021-02-09 19:00:00,284.84296,284.88583
Potomje,Suhopolje_2025-03-13_11-08_tf_1h,2021-02-09 20:00:00,284.0787,284.2421
Potomje,Suhopolje_2025-03-13_11-08_tf_1h,2021-02-09 21:00:00,283.0618,283.458
Potomje,Suhopolje_2025-03-13_11-08_tf_1h,2021-02-09 22:00:00,283.4087,282.32205
Potomje,Suhopolje_2025-03-13_11-08_tf_1h,2021-02-09 23:00:00,283.23743,283.60126
Potomje,Suhopolje_2025-03-13_11-08_tf_1h,2021-02-10 00:00:00,283.09738,283.03333
Potomje,Suhopolje_2025-03-13_11-08_tf_1h,2021-02-10 01:00:00,283.18036,282.9748
Potomje,Suhopolje_2025-03-13_11-08_tf_1h,2021-02-10 02:00:00,283.63422,283.18747
Potomje,Suhopolje_2025-03-13_11-08_tf_1h,2021-02-10 03:00:00,283.754,283.9051
Potomje,Suhopolje_2025-03-13_11-08_tf_1h,2021-02-10 04:00:00,283.8535,283.74225
Potomje,Suhopolje_2025-03-13_11-08_tf_1h,2021-02-10 05:00:00,284.44617,283.8628
Potomje,Suhopolje_2025-03-13_11-08_tf_1h,2021-02-10 06:00:00,285.21478,284.82144
Potomje,Suhopolje_2025-03-13_11-08_tf_1h,2021-02-10 07:00:00,285.68765,285.74902
Potomje,Suhopolje_2025-03-13_11-08_tf_1h,2021-02-10 08:00:00,285.9244,286.0815
Potomje,Suhopolje_2025-03-13_11-08_tf_1h,2021-02-10 09:00:00,286.05637,286.0791
Potomje,Suhopolje_2025-03-13_11-08_tf_1h,2021-02-10 10:00:00,286.32336,286.07953
Potomje,Suhopolje_2025-03-13_11-08_tf_1h,2021-02-10 11:00:00,285.91226,286.40436
Potomje,Suhopolje_2025-03-13_11-08_tf_1h,2021-02-10 12:00:00,286.09537,285.53912
Potomje,Suhopolje_2025-03-13_11-08_tf_1h,2021-02-10 13:00:00,286.27286,285.9575
Potomje,Suhopolje_2025-03-13_11-08_tf_1h,2021-02-10 14:00:00,286.03296,286.22955
Potomje,Suhopolje_2025-03-13_11-08_tf_1h,2021-02-10 15:00:00,285.93594,285.66714
Potomje,Suhopolje_2025-03-13_11-08_tf_1h,2021-02-10 16:00:00,286.12997,285.54904
Potomje,Suhopolje_2025-03-13_11-08_tf_1h,2021-02-10 17:00:00,286.21545,285.95532
Potomje,Suhopolje_2025-03-13_11-08_tf_1h,2021-02-10 18:00:00,286.3212,285.9542
Potomje,Suhopolje_2025-03-13_11-08_tf_1h,2021-02-10 19:00:00,286.58292,286.0547
Potomje,Suhopolje_2025-03-13_11-08_tf_1h,2021-02-10 20:00:00,286.6272,286.42752
Potomje,Suhopolje_2025-03-13_11-08_tf_1h,2021-02-10 21:00:00,286.33087,286.35934
Potomje,Suhopolje_2025-03-13_11-08_tf_1h,2021-02-10 22:00:00,286.38297,285.84824
Potomje,Suhopolje_2025-03-13_11-08_tf_1h,2021-02-10 23:00:00,285.9631,286.14374
Potomje,Suhopolje_2025-03-13_11-08_tf_1h,2021-02-11 00:00:00,285.08313,285.47308
Potomje,Suhopolje_2025-03-13_11-08_tf_1h,2021-02-11 01:00:00,284.81143,284.36743
Potomje,Suhopolje_2025-03-13_11-08_tf_1h,2021-02-11 02:00:00,284.5675,284.51318
Potomje,Suhopolje_2025-03-13_11-08_tf_1h,2021-02-11 03:00:00,284.2771,284.32697
Potomje,Suhopolje_2025-03-13_11-08_tf_1h,2021-02-11 04:00:00,284.1205,284.06345
Potomje,Suhopolje_2025-03-13_11-08_tf_1h,2021-02-11 05:00:00,283.87064,283.9886
Potomje,Suhopolje_2025-03-13_11-08_tf_1h,2021-02-11 06:00:00,283.4804,283.64935
Potomje,Suhopolje_2025-03-13_11-08_tf_1h,2021-02-11 07:00:00,283.4957,283.17465
Potomje,Suhopolje_2025-03-13_11-08_tf_1h,2021-02-11 08:00:00,283.2833,283.49698
Potomje,Suhopolje_2025-03-13_11-08_tf_1h,2021-02-11 09:00:00,284.17883,283.09946
Potomje,Suhopolje_2025-03-13_11-08_tf_1h,2021-02-11 10:00:00,284.7843,284.8155
Potomje,Suhopolje_2025-03-13_11-08_tf_1h,2021-02-11 11:00:00,284.9824,285.20776
Potomje,Suhopolje_2025-03-13_11-08_tf_1h,2021-02-11 12:00:00,284.68793,285.10956
Potomje,Suhopolje_2025-03-13_11-08_tf_1h,2021-02-11 13:00:00,284.3507,284.37848
Potomje,Suhopolje_2025-03-13_11-08_tf_1h,2021-02-11 14:00:00,283.7362,283.9659
Potomje,Suhopolje_2025-03-13_11-08_tf_1h,2021-02-11 15:00:00,282.91644,283.23813
Potomje,Suhopolje_2025-03-13_11-08_tf_1h,2021-02-11 16:00:00,282.06644,282.31906
Potomje,Suhopolje_2025-03-13_11-08_tf_1h,2021-02-11 17:00:00,281.17868,281.48813
Potomje,Suhopolje_2025-03-13_11-08_tf_1h,2021-02-11 18:00:00,280.24475,280.59128
Potomje,Suhopolje_2025-03-13_11-08_tf_1h,2021-02-11 19:00:00,279.26932,279.63925
Potomje,Suhopolje_2025-03-13_11-08_tf_1h,2021-02-11 20:00:00,278.3376,278.64554
Potomje,Suhopolje_2025-03-13_11-08_tf_1h,2021-02-11 21:00:00,277.64633,277.76297
Potomje,Suhopolje_2025-03-13_11-08_tf_1h,2021-02-11 22:00:00,276.9919,277.2028
Potomje,Suhopolje_2025-03-13_11-08_tf_1h,2021-02-11 23:00:00,276.4763,276.55396
Potomje,Suhopolje_2025-03-13_11-08_tf_1h,2021-02-12 00:00:00,275.94006,276.1969
Potomje,Suhopolje_2025-03-13_11-08_tf_1h,2021-02-12 01:00:00,275.46124,275.65784
Potomje,Suhopolje_2025-03-13_11-08_tf_1h,2021-02-12 02:00:00,274.9603,275.31567
Potomje,Suhopolje_2025-03-13_11-08_tf_1h,2021-02-12 03:00:00,274.53824,274.896
Potomje,Suhopolje_2025-03-13_11-08_tf_1h,2021-02-12 04:00:00,274.25595,274.71884
Potomje,Suhopolje_2025-03-13_11-08_tf_1h,2021-02-12 05:00:00,274.00485,274.71088
Potomje,Suhopolje_2025-03-13_11-08_tf_1h,2021-02-12 06:00:00,273.80646,274.58063
Potomje,Suhopolje_2025-03-13_11-08_tf_1h,2021-02-12 07:00:00,273.6745,274.39517
Potomje,Suhopolje_2025-03-13_11-08_tf_1h,2021-02-12 08:00:00,273.94153,274.20148
Potomje,Suhopolje_2025-03-13_11-08_tf_1h,2021-02-12 09:00:00,274.53888,274.57587
Potomje,Suhopolje_2025-03-13_11-08_tf_1h,2021-02-12 10:00:00,275.4962,275.17966
Potomje,Suhopolje_2025-03-13_11-08_tf_1h,2021-02-12 11:00:00,276.60855,276.2302
Potomje,Suhopolje_2025-03-13_11-08_tf_1h,2021-02-12 12:00:00,277.559,277.37906
Potomje,Suhopolje_2025-03-13_11-08_tf_1h,2021-02-12 13:00:00,278.37845,278.14447
Potomje,Suhopolje_2025-03-13_11-08_tf_1h,2021-02-12 14:00:00,278.82544,278.83426
Potomje,Suhopolje_2025-03-13_11-08_tf_1h,2021-02-12 15:00:00,279.143,278.99298
Potomje,Suhopolje_2025-03-13_11-08_tf_1h,2021-02-12 16:00:00,279.23938,279.20953
Potomje,Suhopolje_2025-03-13_11-08_tf_1h,2021-02-12 17:00:00,278.9552,279.1676
Potomje,Suhopolje_2025-03-13_11-08_tf_1h,2021-02-12 18:00:00,278.41275,278.61588
Potomje,Suhopolje_2025-03-13_11-08_tf_1h,2021-02-12 19:00:00,278.0169,277.8768
Potomje,Suhopolje_2025-03-13_11-08_tf_1h,2021-02-12 20:00:00,277.26578,277.62424
Potomje,Suhopolje_2025-03-13_11-08_tf_1h,2021-02-12 21:00:00,276.76108,276.66257
Potomje,Suhopolje_2025-03-13_11-08_tf_1h,2021-02-12 22:00:00,276.38022,276.42807
Potomje,Suhopolje_2025-03-13_11-08_tf_1h,2021-02-12 23:00:00,276.05518,276.12482
Potomje,Suhopolje_2025-03-13_11-08_tf_1h,2021-02-13 00:00:00,275.78378,275.85706
Potomje,Suhopolje_2025-03-13_11-08_tf_1h,2021-02-13 01:00:00,275.54297,275.6303
Potomje,Suhopolje_2025-03-13_11-08_tf_1h,2021-02-13 02:00:00,275.28625,275.4143
Potomje,Suhopolje_2025-03-13_11-08_tf_1h,2021-02-13 03:00:00,275.00427,275.14905
Potomje,Suhopolje_2025-03-13_11-08_tf_1h,2021-02-13 04:00:00,274.64273,274.85196
Potomje,Suhopolje_2025-03-13_11-08_tf_1h,2021-02-13 05:00:00,274.28433,274.44354
Potomje,Suhopolje_2025-03-13_11-08_tf_1h,2021-02-13 06:00:00,273.90347,274.14276
Potomje,Suhopolje_2025-03-13_11-08_tf_1h,2021-02-13 07:00:00,273.52103,273.84967
Potomje,Suhopolje_2025-03-13_11-08_tf_1h,2021-02-13 08:00:00,273.19196,273.6774
Potomje,Suhopolje_2025-03-13_11-08_tf_1h,2021-02-13 09:00:00,272.9867,273.6361
Potomje,Suhopolje_2025-03-13_11-08_tf_1h,2021-02-13 10:00:00,273.08588,273.56354
Potomje,Suhopolje_2025-03-13_11-08_tf_1h,2021-02-13 11:00:00,273.24966,273.76825
Potomje,Suhopolje_2025-03-13_11-08_tf_1h,2021-02-13 12:00:00,273.5959,273.7622
Potomje,Suhopolje_2025-03-13_11-08_tf_1h,2021-02-13 13:00:00,273.68604,274.11234
Potomje,Suhopolje_2025-03-13_11-08_tf_1h,2021-02-13 14:00:00,274.0588,273.86325
Potomje,Suhopolje_2025-03-13_11-08_tf_1h,2021-02-13 15:00:00,274.09998,274.4877
Potomje,Suhopolje_2025-03-13_11-08_tf_1h,2021-02-13 16:00:00,273.77493,274.11072
Potomje,Suhopolje_2025-03-13_11-08_tf_1h,2021-02-13 17:00:00,273.1277,273.56726
Potomje,Suhopolje_2025-03-13_11-08_tf_1h,2021-02-13 18:00:00,272.62048,272.75885
Potomje,Suhopolje_2025-03-13_11-08_tf_1h,2021-02-13 19:00:00,272.25146,272.4343
Potomje,Suhopolje_2025-03-13_11-08_tf_1h,2021-02-13 20:00:00,271.4027,272.17908
Potomje,Suhopolje_2025-03-13_11-08_tf_1h,2021-02-13 21:00:00,271.23456,271.03827
Potomje,Suhopolje_2025-03-13_11-08_tf_1h,2021-02-13 22:00:00,270.9579,271.4417
Potomje,Suhopolje_2025-03-13_11-08_tf_1h,2021-02-13 23:00:00,270.7074,270.93817
Potomje,Suhopolje_2025-03-13_11-08_tf_1h,2021-02-14 00:00:00,270.56174,270.82462
Potomje,Suhopolje_2025-03-13_11-08_tf_1h,2021-02-14 01:00:00,270.4878,270.7251
Potomje,Suhopolje_2025-03-13_11-08_tf_1h,2021-02-14 02:00:00,270.6394,270.71823
Potomje,Suhopolje_2025-03-13_11-08_tf_1h,2021-02-14 03:00:00,270.82437,271.0504
Potomje,Suhopolje_2025-03-13_11-08_tf_1h,2021-02-14 04:00:00,270.97192,271.20413
Potomje,Suhopolje_2025-03-13_11-08_tf_1h,2021-02-14 05:00:00,271.11697,271.3418
Potomje,Suhopolje_2025-03-13_11-08_tf_1h,2021-02-14 06:00:00,271.1622,271.50134
Potomje,Suhopolje_2025-03-13_11-08_tf_1h,2021-02-14 07:00:00,271.1725,271.48807
Potomje,Suhopolje_2025-03-13_11-08_tf_1h,2021-02-14 08:00:00,271.69623,271.53882
Potomje,Suhopolje_2025-03-13_11-08_tf_1h,2021-02-14 09:00:00,272.64825,272.49323
Potomje,Suhopolje_2025-03-13_11-08_tf_1h,2021-02-14 10:00:00,273.8991,273.58948
Potomje,Suhopolje_2025-03-13_11-08_tf_1h,2021-02-14 11:00:00,275.0283,274.9237
Potomje,Suhopolje_2025-03-13_11-08_tf_1h,2021-02-14 12:00:00,275.96002,275.91547
Potomje,Suhopolje_2025-03-13_11-08_tf_1h,2021-02-14 13:00:00,276.5652,276.70456
Potomje,Suhopolje_2025-03-13_11-08_tf_1h,2021-02-14 14:00:00,276.9813,277.039
Potomje,Suhopolje_2025-03-13_11-08_tf_1h,2021-02-14 15:00:00,277.01624,277.27557
Potomje,Suhopolje_2025-03-13_11-08_tf_1h,2021-02-14 16:00:00,276.75732,277.00436
Potomje,Suhopolje_2025-03-13_11-08_tf_1h,2021-02-14 17:00:00,276.14468,276.4997
Potomje,Suhopolje_2025-03-13_11-08_tf_1h,2021-02-14 18:00:00,275.43442,275.6102
Potomje,Suhopolje_2025-03-13_11-08_tf_1h,2021-02-14 19:00:00,274.90695,274.9086
Potomje,Suhopolje_2025-03-13_11-08_tf_1h,2021-02-14 20:00:00,274.24878,274.61243
Potomje,Suhopolje_2025-03-13_11-08_tf_1h,2021-02-14 21:00:00,274.03946,273.84506
Potomje,Suhopolje_2025-03-13_11-08_tf_1h,2021-02-14 22:00:00,273.91873,274.04965
Potomje,Suhopolje_2025-03-13_11-08_tf_1h,2021-02-14 23:00:00,273.86353,273.9254
Potomje,Suhopolje_2025-03-13_11-08_tf_1h,2021-02-15 00:00:00,273.81674,273.92065
Potomje,Suhopolje_2025-03-13_11-08_tf_1h,2021-02-15 01:00:00,273.8214,273.85257
Potomje,Suhopolje_2025-03-13_11-08_tf_1h,2021-02-15 02:00:00,273.86945,273.89615
Potomje,Suhopolje_2025-03-13_11-08_tf_1h,2021-02-15 03:00:00,273.88257,273.9608
Potomje,Suhopolje_2025-03-13_11-08_tf_1h,2021-02-15 04:00:00,273.85916,273.93906
Potomje,Suhopolje_2025-03-13_11-08_tf_1h,2021-02-15 05:00:00,273.86353,273.90155
Potomje,Suhopolje_2025-03-13_11-08_tf_1h,2021-02-15 06:00:00,273.90564,273.9643
Potomje,Suhopolje_2025-03-13_11-08_tf_1h,2021-02-15 07:00:00,273.91687,274.1546
Potomje,Suhopolje_2025-03-13_11-08_tf_1h,2021-02-15 08:00:00,274.3302,274.3034
Potomje,Suhopolje_2025-03-13_11-08_tf_1h,2021-02-15 09:00:00,275.22638,275.1275
Potomje,Suhopolje_2025-03-13_11-08_tf_1h,2021-02-15 10:00:00,276.32532,276.2412
Potomje,Suhopolje_2025-03-13_11-08_tf_1h,2021-02-15 11:00:00,277.4233,277.36215
Potomje,Suhopolje_2025-03-13_11-08_tf_1h,2021-02-15 12:00:00,278.45425,278.35715
Potomje,Suhopolje_2025-03-13_11-08_tf_1h,2021-02-15 13:00:00,279.27307,279.26465
Potomje,Suhopolje_2025-03-13_11-08_tf_1h,2021-02-15 14:00:00,279.8202,279.86523
Potomje,Suhopolje_2025-03-13_11-08_tf_1h,2021-02-15 15:00:00,280.11343,280.1731
Potomje,Suhopolje_2025-03-13_11-08_tf_1h,2021-02-15 16:00:00,280.06506,280.24338
Potomje,Suhopolje_2025-03-13_11-08_tf_1h,2021-02-15 17:00:00,279.58688,279.92072
Potomje,Suhopolje_2025-03-13_11-08_tf_1h,2021-02-15 18:00:00,279.08154,279.11105
Potomje,Suhopolje_2025-03-13_11-08_tf_1h,2021-02-15 19:00:00,278.74,278.59177
Potomje,Suhopolje_2025-03-13_11-08_tf_1h,2021-02-15 20:00:00,278.43927,278.4794
Potomje,Suhopolje_2025-03-13_11-08_tf_1h,2021-02-15 21:00:00,278.006,278.22668
Potomje,Suhopolje_2025-03-13_11-08_tf_1h,2021-02-15 22:00:00,277.55963,277.70865
Potomje,Suhopolje_2025-03-13_11-08_tf_1h,2021-02-15 23:00:00,276.98038,277.27856
Potomje,Suhopolje_2025-03-13_11-08_tf_1h,2021-02-16 00:00:00,276.30814,276.61523
Potomje,Suhopolje_2025-03-13_11-08_tf_1h,2021-02-16 01:00:00,275.83713,275.90527
Potomje,Suhopolje_2025-03-13_11-08_tf_1h,2021-02-16 02:00:00,275.54703,275.59607
Potomje,Suhopolje_2025-03-13_11-08_tf_1h,2021-02-16 03:00:00,275.09412,275.40704
Potomje,Suhopolje_2025-03-13_11-08_tf_1h,2021-02-16 04:00:00,274.30334,274.80734
Potomje,Suhopolje_2025-03-13_11-08_tf_1h,2021-02-16 05:00:00,274.24222,273.82224
Potomje,Suhopolje_2025-03-13_11-08_tf_1h,2021-02-16 06:00:00,273.8239,274.43622
Potomje,Suhopolje_2025-03-13_11-08_tf_1h,2021-02-16 07:00:00,273.51822,273.7018
Potomje,Suhopolje_2025-03-13_11-08_tf_1h,2021-02-16 08:00:00,275.06573,273.93552
Potomje,Suhopolje_2025-03-13_11-08_tf_1h,2021-02-16 09:00:00,277.55963,277.12973
Potomje,Suhopolje_2025-03-13_11-08_tf_1h,2021-02-16 10:00:00,278.66418,279.3758
Potomje,Suhopolje_2025-03-13_11-08_tf_1h,2021-02-16 11:00:00,279.83298,279.62524
Potomje,Suhopolje_2025-03-13_11-08_tf_1h,2021-02-16 12:00:00,280.52362,280.77573
Potomje,Suhopolje_2025-03-13_11-08_tf_1h,2021-02-16 13:00:00,280.8945,281.07834
Potomje,Suhopolje_2025-03-13_11-08_tf_1h,2021-02-16 14:00:00,281.34338,281.21402
Potomje,Suhopolje_2025-03-13_11-08_tf_1h,2021-02-16 15:00:00,281.51587,281.57
Potomje,Suhopolje_2025-03-13_11-08_tf_1h,2021-02-16 16:00:00,281.39233,281.5191
Potomje,Suhopolje_2025-03-13_11-08_tf_1h,2021-02-16 17:00:00,280.95035,281.16605
Potomje,Suhopolje_2025-03-13_11-08_tf_1h,2021-02-16 18:00:00,280.49524,280.4931
Potomje,Suhopolje_2025-03-13_11-08_tf_1h,2021-02-16 19:00:00,280.2644,280.01016
Potomje,Suhopolje_2025-03-13_11-08_tf_1h,2021-02-16 20:00:00,280.12466,279.9595
Potomje,Suhopolje_2025-03-13_11-08_tf_1h,2021-02-16 21:00:00,279.39285,279.91107
Potomje,Suhopolje_2025-03-13_11-08_tf_1h,2021-02-16 22:00:00,278.13983,278.76477
Potomje,Suhopolje_2025-03-13_11-08_tf_1h,2021-02-16 23:00:00,277.3684,277.20905
Potomje,Suhopolje_2025-03-13_11-08_tf_1h,2021-02-17 00:00:00,276.77417,276.85776
Potomje,Suhopolje_2025-03-13_11-08_tf_1h,2021-02-17 01:00:00,276.99597,276.3479
Potomje,Suhopolje_2025-03-13_11-08_tf_1h,2021-02-17 02:00:00,277.37527,277.17654
Potomje,Suhopolje_2025-03-13_11-08_tf_1h,2021-02-17 03:00:00,276.50186,277.56158
Potomje,Suhopolje_2025-03-13_11-08_tf_1h,2021-02-17 04:00:00,275.79376,275.78397
Potomje,Suhopolje_2025-03-13_11-08_tf_1h,2021-02-17 05:00:00,275.91574,275.39294
Potomje,Suhopolje_2025-03-13_11-08_tf_1h,2021-02-17 06:00:00,276.4663,276.2398
Potomje,Suhopolje_2025-03-13_11-08_tf_1h,2021-02-17 07:00:00,276.9186,277.46817
Potomje,Suhopolje_2025-03-13_11-08_tf_1h,2021-02-17 08:00:00,278.23495,277.9457
Potomje,Suhopolje_2025-03-13_11-08_tf_1h,2021-02-17 09:00:00,279.4908,279.77304
Potomje,Suhopolje_2025-03-13_11-08_tf_1h,2021-02-17 10:00:00,280.3087,280.5194
Potomje,Suhopolje_2025-03-13_11-08_tf_1h,2021-02-17 11:00:00,281.01147,281.01648
Potomje,Suhopolje_2025-03-13_11-08_tf_1h,2021-02-17 12:00:00,281.53116,281.5973
Potomje,Suhopolje_2025-03-13_11-08_tf_1h,2021-02-17 13:00:00,281.96475,281.95947
Potomje,Suhopolje_2025-03-13_11-08_tf_1h,2021-02-17 14:00:00,281.9738,282.25623
Potomje,Suhopolje_2025-03-13_11-08_tf_1h,2021-02-17 15:00:00,282.15408,281.8776
Potomje,Suhopolje_2025-03-13_11-08_tf_1h,2021-02-17 16:00:00,282.18716,282.13028
Potomje,Suhopolje_2025-03-13_11-08_tf_1h,2021-02-17 17:00:00,282.0337,282.09375
Potomje,Suhopolje_2025-03-13_11-08_tf_1h,2021-02-17 18:00:00,281.80597,281.787
Potomje,Suhopolje_2025-03-13_11-08_tf_1h,2021-02-17 19:00:00,281.4326,281.45895
Potomje,Suhopolje_2025-03-13_11-08_tf_1h,2021-02-17 20:00:00,280.86642,280.94806
Potomje,Suhopolje_2025-03-13_11-08_tf_1h,2021-02-17 21:00:00,280.58786,280.27252
Potomje,Suhopolje_2025-03-13_11-08_tf_1h,2021-02-17 22:00:00,279.89258,280.2827
Potomje,Suhopolje_2025-03-13_11-08_tf_1h,2021-02-17 23:00:00,279.1249,279.31873
Potomje,Suhopolje_2025-03-13_11-08_tf_1h,2021-02-18 00:00:00,277.6713,278.56717
Potomje,Suhopolje_2025-03-13_11-08_tf_1h,2021-02-18 01:00:00,276.44635,276.72995
Potomje,Suhopolje_2025-03-13_11-08_tf_1h,2021-02-18 02:00:00,275.67554,275.67606
Potomje,Suhopolje_2025-03-13_11-08_tf_1h,2021-02-18 03:00:00,275.70425,275.2021
Potomje,Suhopolje_2025-03-13_11-08_tf_1h,2021-02-18 04:00:00,275.89984,275.84137
Potomje,Suhopolje_2025-03-13_11-08_tf_1h,2021-02-18 05:00:00,275.67743,276.07455
Potomje,Suhopolje_2025-03-13_11-08_tf_1h,2021-02-18 06:00:00,275.35583,275.61026
Potomje,Suhopolje_2025-03-13_11-08_tf_1h,2021-02-18 07:00:00,274.9637,275.81772
Potomje,Suhopolje_2025-03-13_11-08_tf_1h,2021-02-18 08:00:00,275.98373,275.48984
Potomje,Suhopolje_2025-03-13_11-08_tf_1h,2021-02-18 09:00:00,278.13202,277.6693
Potomje,Suhopolje_2025-03-13_11-08_tf_1h,2021-02-18 10:00:00,280.4893,279.86298
Potomje,Suhopolje_2025-03-13_11-08_tf_1h,2021-02-18 11:00:00,282.35342,282.0659
Potomje,Suhopolje_2025-03-13_11-08_tf_1h,2021-02-18 12:00:00,283.66446,283.5885
Potomje,Suhopolje_2025-03-13_11-08_tf_1h,2021-02-18 13:00:00,284.42712,284.60214
Potomje,Suhopolje_2025-03-13_11-08_tf_1h,2021-02-18 14:00:00,284.65298,285.00092
Potomje,Suhopolje_2025-03-13_11-08_tf_1h,2021-02-18 15:00:00,284.57657,284.83502
Potomje,Suhopolje_2025-03-13_11-08_tf_1h,2021-02-18 16:00:00,284.30112,284.51883
Potomje,Suhopolje_2025-03-13_11-08_tf_1h,2021-02-18 17:00:00,283.70438,283.93326
Potomje,Suhopolje_2025-03-13_11-08_tf_1h,2021-02-18 18:00:00,283.015,283.01416
Potomje,Suhopolje_2025-03-13_11-08_tf_1h,2021-02-18 19:00:00,282.65692,282.216
Potomje,Suhopolje_2025-03-13_11-08_tf_1h,2021-02-18 20:00:00,282.65662,282.15997
Potomje,Suhopolje_2025-03-13_11-08_tf_1h,2021-02-18 21:00:00,282.26855,282.4106
Potomje,Suhopolje_2025-03-13_11-08_tf_1h,2021-02-18 22:00:00,281.23044,281.7259
Potomje,Suhopolje_2025-03-13_11-08_tf_1h,2021-02-18 23:00:00,279.88196,280.3146
Potomje,Suhopolje_2025-03-13_11-08_tf_1h,2021-02-19 00:00:00,278.95178,278.9326
Potomje,Suhopolje_2025-03-13_11-08_tf_1h,2021-02-19 01:00:00,277.9486,278.28464
Potomje,Suhopolje_2025-03-13_11-08_tf_1h,2021-02-19 02:00:00,277.81885,277.25885
Potomje,Suhopolje_2025-03-13_11-08_tf_1h,2021-02-19 03:00:00,277.32098,277.75058
Potomje,Suhopolje_2025-03-13_11-08_tf_1h,2021-02-19 04:00:00,276.8715,276.92957
Potomje,Suhopolje_2025-03-13_11-08_tf_1h,2021-02-19 05:00:00,276.71646,276.57098
Potomje,Suhopolje_2025-03-13_11-08_tf_1h,2021-02-19 06:00:00,277.15662,276.70288
Potomje,Suhopolje_2025-03-13_11-08_tf_1h,2021-02-19 07:00:00,276.50967,277.94815
Potomje,Suhopolje_2025-03-13_11-08_tf_1h,2021-02-19 08:00:00,278.81702,276.7965
Potomje,Suhopolje_2025-03-13_11-08_tf_1h,2021-02-19 09:00:00,281.27225,282.3072
Potomje,Suhopolje_2025-03-13_11-08_tf_1h,2021-02-19 10:00:00,282.9074,282.4849
Potomje,Suhopolje_2025-03-13_11-08_tf_1h,2021-02-19 11:00:00,284.04034,284.22086
Potomje,Suhopolje_2025-03-13_11-08_tf_1h,2021-02-19 12:00:00,284.78024,284.88782
Potomje,Suhopolje_2025-03-13_11-08_tf_1h,2021-02-19 13:00:00,285.32956,285.31195
Potomje,Suhopolje_2025-03-13_11-08_tf_1h,2021-02-19 14:00:00,285.3835,285.66663
Potomje,Suhopolje_2025-03-13_11-08_tf_1h,2021-02-19 15:00:00,285.36295,285.37592
Potomje,Suhopolje_2025-03-13_11-08_tf_1h,2021-02-19 16:00:00,285.21353,285.22537
Potomje,Suhopolje_2025-03-13_11-08_tf_1h,2021-02-19 17:00:00,284.8049,284.87527
Potomje,Suhopolje_2025-03-13_11-08_tf_1h,2021-02-19 18:00:00,284.31702,284.26077
Potomje,Suhopolje_2025-03-13_11-08_tf_1h,2021-02-19 19:00:00,283.8669,283.66656
Potomje,Suhopolje_2025-03-13_11-08_tf_1h,2021-02-19 20:00:00,282.99942,283.2026
Potomje,Suhopolje_2025-03-13_11-08_tf_1h,2021-02-19 21:00:00,282.60764,282.10028
Potomje,Suhopolje_2025-03-13_11-08_tf_1h,2021-02-19 22:00:00,282.10916,282.08875
Potomje,Suhopolje_2025-03-13_11-08_tf_1h,2021-02-19 23:00:00,281.7102,281.55167
Potomje,Suhopolje_2025-03-13_11-08_tf_1h,2021-02-20 00:00:00,281.35022,281.27252
Potomje,Suhopolje_2025-03-13_11-08_tf_1h,2021-02-20 01:00:00,280.9622,280.97308
Potomje,Suhopolje_2025-03-13_11-08_tf_1h,2021-02-20 02:00:00,280.79813,280.5847
Potomje,Suhopolje_2025-03-13_11-08_tf_1h,2021-02-20 03:00:00,280.65775,280.6046
Potomje,Suhopolje_2025-03-13_11-08_tf_1h,2021-02-20 04:00:00,280.48587,280.49753
Potomje,Suhopolje_2025-03-13_11-08_tf_1h,2021-02-20 05:00:00,280.53546,280.33334
Potomje,Suhopolje_2025-03-13_11-08_tf_1h,2021-02-20 06:00:00,280.59753,280.57864
Potomje,Suhopolje_2025-03-13_11-08_tf_1h,2021-02-20 07:00:00,280.70203,281.1423
Potomje,Suhopolje_2025-03-13_11-08_tf_1h,2021-02-20 08:00:00,281.52087,281.471
Potomje,Suhopolje_2025-03-13_11-08_tf_1h,2021-02-20 09:00:00,282.66348,282.54266
Potomje,Suhopolje_2025-03-13_11-08_tf_1h,2021-02-20 10:00:00,284.29395,283.65198
Potomje,Suhopolje_2025-03-13_11-08_tf_1h,2021-02-20 11:00:00,285.03976,285.42142
Potomje,Suhopolje_2025-03-13_11-08_tf_1h,2021-02-20 12:00:00,285.45837,285.63266
Potomje,Suhopolje_2025-03-13_11-08_tf_1h,2021-02-20 13:00:00,285.80493,285.77603
Potomje,Suhopolje_2025-03-13_11-08_tf_1h,2021-02-20 14:00:00,286.0336,285.99573
Potomje,Suhopolje_2025-03-13_11-08_tf_1h,2021-02-20 15:00:00,286.02142,286.03503
Potomje,Suhopolje_2025-03-13_11-08_tf_1h,2021-02-20 16:00:00,285.70264,285.77603
Potomje,Suhopolje_2025-03-13_11-08_tf_1h,2021-02-20 17:00:00,285.33142,285.1964
Potomje,Suhopolje_2025-03-13_11-08_tf_1h,2021-02-20 18:00:00,284.50293,284.72327
Potomje,Suhopolje_2025-03-13_11-08_tf_1h,2021-02-20 19:00:00,283.38342,283.58347
Potomje,Suhopolje_2025-03-13_11-08_tf_1h,2021-02-20 20:00:00,283.75024,282.38773
Potomje,Suhopolje_2025-03-13_11-08_tf_1h,2021-02-20 21:00:00,283.4305,283.786
Potomje,Suhopolje_2025-03-13_11-08_tf_1h,2021-02-20 22:00:00,283.10422,282.99658
Potomje,Suhopolje_2025-03-13_11-08_tf_1h,2021-02-20 23:00:00,282.55585,282.7259
Potomje,Suhopolje_2025-03-13_11-08_tf_1h,2021-02-21 00:00:00,280.84677,282.03085
Potomje,Suhopolje_2025-03-13_11-08_tf_1h,2021-02-21 01:00:00,279.97742,279.83972
Potomje,Suhopolje_2025-03-13_11-08_tf_1h,2021-02-21 02:00:00,279.61993,279.41177
Potomje,Suhopolje_2025-03-13_11-08_tf_1h,2021-02-21 03:00:00,278.6988,279.3198
Potomje,Suhopolje_2025-03-13_11-08_tf_1h,2021-02-21 04:00:00,277.96732,278.04
Potomje,Suhopolje_2025-03-13_11-08_tf_1h,2021-02-21 05:00:00,277.85223,277.5595
Potomje,Suhopolje_2025-03-13_11-08_tf_1h,2021-02-21 06:00:00,277.6186,278.01593
Potomje,Suhopolje_2025-03-13_11-08_tf_1h,2021-02-21 07:00:00,277.5041,277.9012
Potomje,Suhopolje_2025-03-13_11-08_tf_1h,2021-02-21 08:00:00,279.08435,278.27692
Potomje,Suhopolje_2025-03-13_11-08_tf_1h,2021-02-21 09:00:00,280.86984,281.09375
Potomje,Suhopolje_2025-03-13_11-08_tf_1h,2021-02-21 10:00:00,282.93298,281.99548
Potomje,Suhopolje_2025-03-13_11-08_tf_1h,2021-02-21 11:00:00,284.8417,284.35767
Potomje,Suhopolje_2025-03-13_11-08_tf_1h,2021-02-21 12:00:00,285.833,286.09525
Potomje,Suhopolje_2025-03-13_11-08_tf_1h,2021-02-21 13:00:00,286.39636,286.50275
Potomje,Suhopolje_2025-03-13_11-08_tf_1h,2021-02-21 14:00:00,286.63406,286.7465
Potomje,Suhopolje_2025-03-13_11-08_tf_1h,2021-02-21 15:00:00,286.5907,286.71338
Potomje,Suhopolje_2025-03-13_11-08_tf_1h,2021-02-21 16:00:00,286.28345,286.45078
Potomje,Suhopolje_2025-03-13_11-08_tf_1h,2021-02-21 17:00:00,285.814,285.81577
Potomje,Suhopolje_2025-03-13_11-08_tf_1h,2021-02-21 18:00:00,284.64706,285.17444
Potomje,Suhopolje_2025-03-13_11-08_tf_1h,2021-02-21 19:00:00,283.86346,283.57227
Potomje,Suhopolje_2025-03-13_11-08_tf_1h,2021-02-21 20:00:00,282.56833,283.02866
Potomje,Suhopolje_2025-03-13_11-08_tf_1h,2021-02-21 21:00:00,281.5954,281.48102
Potomje,Suhopolje_2025-03-13_11-08_tf_1h,2021-02-21 22:00:00,280.70828,280.76086
Potomje,Suhopolje_2025-03-13_11-08_tf_1h,2021-02-21 23:00:00,279.9562,279.9583
Potomje,Suhopolje_2025-03-13_11-08_tf_1h,2021-02-22 00:00:00,279.29367,279.35382
Potomje,Suhopolje_2025-03-13_11-08_tf_1h,2021-02-22 01:00:00,278.79736,278.7696
Potomje,Suhopolje_2025-03-13_11-08_tf_1h,2021-02-22 02:00:00,278.3279,278.3906
Potomje,Suhopolje_2025-03-13_11-08_tf_1h,2021-02-22 03:00:00,277.909,277.95667
Potomje,Suhopolje_2025-03-13_11-08_tf_1h,2021-02-22 04:00:00,277.68378,277.61697
Potomje,Suhopolje_2025-03-13_11-08_tf_1h,2021-02-22 05:00:00,278.48795,277.6051
Potomje,Suhopolje_2025-03-13_11-08_tf_1h,2021-02-22 06:00:00,278.49792,279.44977
Potomje,Suhopolje_2025-03-13_11-08_tf_1h,2021-02-22 07:00:00,278.0581,278.87787
Potomje,Suhopolje_2025-03-13_11-08_tf_1h,2021-02-22 08:00:00,279.44058,279.06165
Potomje,Suhopolje_2025-03-13_11-08_tf_1h,2021-02-22 09:00:00,282.07922,281.6459
Potomje,Suhopolje_2025-03-13_11-08_tf_1h,2021-02-22 10:00:00,284.55096,283.7776
Potomje,Suhopolje_2025-03-13_11-08_tf_1h,2021-02-22 11:00:00,285.9787,286.22256
Potomje,Suhopolje_2025-03-13_11-08_tf_1h,2021-02-22 12:00:00,286.7944,286.96664
Potomje,Suhopolje_2025-03-13_11-08_tf_1h,2021-02-22 13:00:00,287.17184,287.3288
Potomje,Suhopolje_2025-03-13_11-08_tf_1h,2021-02-22 14:00:00,287.2938,287.34372
Potomje,Suhopolje_2025-03-13_11-08_tf_1h,2021-02-22 15:00:00,287.16684,287.22903
Potomje,Suhopolje_2025-03-13_11-08_tf_1h,2021-02-22 16:00:00,286.81592,286.84186
Potomje,Suhopolje_2025-03-13_11-08_tf_1h,2021-02-22 17:00:00,286.11032,286.15555
Potomje,Suhopolje_2025-03-13_11-08_tf_1h,2021-02-22 18:00:00,284.9284,285.16647
Potomje,Suhopolje_2025-03-13_11-08_tf_1h,2021-02-22 19:00:00,284.9384,283.67514
Potomje,Suhopolje_2025-03-13_11-08_tf_1h,2021-02-22 20:00:00,283.589,284.6202
Potomje,Suhopolje_2025-03-13_11-08_tf_1h,2021-02-22 21:00:00,282.8294,282.5006
Potomje,Suhopolje_2025-03-13_11-08_tf_1h,2021-02-22 22:00:00,281.87585,282.13174
Potomje,Suhopolje_2025-03-13_11-08_tf_1h,2021-02-22 23:00:00,280.9525,281.06345
Potomje,Suhopolje_2025-03-13_11-08_tf_1h,2021-02-23 00:00:00,280.43347,280.2395
Potomje,Suhopolje_2025-03-13_11-08_tf_1h,2021-02-23 01:00:00,279.43216,280.01114
Potomje,Suhopolje_2025-03-13_11-08_tf_1h,2021-02-23 02:00:00,278.44177,278.7318
Potomje,Suhopolje_2025-03-13_11-08_tf_1h,2021-02-23 03:00:00,278.35007,277.80423
Potomje,Suhopolje_2025-03-13_11-08_tf_1h,2021-02-23 04:00:00,278.1105,278.42493
Potomje,Suhopolje_2025-03-13_11-08_tf_1h,2021-02-23 05:00:00,277.99103,277.92822
Potomje,Suhopolje_2025-03-13_11-08_tf_1h,2021-02-23 06:00:00,278.36722,278.09006
Potomje,Suhopolje_2025-03-13_11-08_tf_1h,2021-02-23 07:00:00,278.91653,279.65973
Potomje,Suhopolje_2025-03-13_11-08_tf_1h,2021-02-23 08:00:00,280.8212,280.49902
Potomje,Suhopolje_2025-03-13_11-08_tf_1h,2021-02-23 09:00:00,283.4305,282.82483
Potomje,Suhopolje_2025-03-13_11-08_tf_1h,2021-02-23 10:00:00,285.10684,285.04233
Potomje,Suhopolje_2025-03-13_11-08_tf_1h,2021-02-23 11:00:00,286.14307,286.23743
Potomje,Suhopolje_2025-03-13_11-08_tf_1h,2021-02-23 12:00:00,286.7919,286.8449
Potomje,Suhopolje_2025-03-13_11-08_tf_1h,2021-02-23 13:00:00,287.18744,287.17087
Potomje,Suhopolje_2025-03-13_11-08_tf_1h,2021-02-23 14:00:00,287.38675,287.3308
Potomje,Suhopolje_2025-03-13_11-08_tf_1h,2021-02-23 15:00:00,287.30502,287.34515
Potomje,Suhopolje_2025-03-13_11-08_tf_1h,2021-02-23 16:00:00,286.85803,287.01654
Potomje,Suhopolje_2025-03-13_11-08_tf_1h,2021-02-23 17:00:00,286.07507,286.17163
Potomje,Suhopolje_2025-03-13_11-08_tf_1h,2021-02-23 18:00:00,285.33237,285.13077
Potomje,Suhopolje_2025-03-13_11-08_tf_1h,2021-02-23 19:00:00,285.02728,284.38696
Potomje,Suhopolje_2025-03-13_11-08_tf_1h,2021-02-23 20:00:00,284.55847,284.47055
Potomje,Suhopolje_2025-03-13_11-08_tf_1h,2021-02-23 21:00:00,284.16885,283.89206
Potomje,Suhopolje_2025-03-13_11-08_tf_1h,2021-02-23 22:00:00,283.45828,283.6029
Potomje,Suhopolje_2025-03-13_11-08_tf_1h,2021-02-23 23:00:00,282.54492,282.74368
Potomje,Suhopolje_2025-03-13_11-08_tf_1h,2021-02-24 00:00:00,281.80066,281.77902
Potomje,Suhopolje_2025-03-13_11-08_tf_1h,2021-02-24 01:00:00,281.37146,281.20734
Potomje,Suhopolje_2025-03-13_11-08_tf_1h,2021-02-24 02:00:00,279.09714,281.02863
Potomje,Suhopolje_2025-03-13_11-08_tf_1h,2021-02-24 03:00:00,278.5606,278.0217
Potomje,Suhopolje_2025-03-13_11-08_tf_1h,2021-02-24 04:00:00,278.3956,278.36954
Potomje,Suhopolje_2025-03-13_11-08_tf_1h,2021-02-24 05:00:00,278.51257,278.28375
Potomje,Suhopolje_2025-03-13_11-08_tf_1h,2021-02-24 06:00:00,278.6046,278.8146
Potomje,Suhopolje_2025-03-13_11-08_tf_1h,2021-02-24 07:00:00,278.65045,279.39734
Potomje,Suhopolje_2025-03-13_11-08_tf_1h,2021-02-24 08:00:00,279.7731,279.8171
Potomje,Suhopolje_2025-03-13_11-08_tf_1h,2021-02-24 09:00:00,282.63416,281.4224
Potomje,Suhopolje_2025-03-13_11-08_tf_1h,2021-02-24 10:00:00,285.53638,284.518
Potomje,Suhopolje_2025-03-13_11-08_tf_1h,2021-02-24 11:00:00,287.87057,287.38437
Potomje,Suhopolje_2025-03-13_11-08_tf_1h,2021-02-24 12:00:00,289.346,289.38232
Potomje,Suhopolje_2025-03-13_11-08_tf_1h,2021-02-24 13:00:00,290.09558,290.2852
Potomje,Suhopolje_2025-03-13_11-08_tf_1h,2021-02-24 14:00:00,290.1592,290.50983
Potomje,Suhopolje_2025-03-13_11-08_tf_1h,2021-02-24 15:00:00,289.8529,290.0642
Potomje,Suhopolje_2025-03-13_11-08_tf_1h,2021-02-24 16:00:00,289.19534,289.43777
Potomje,Suhopolje_2025-03-13_11-08_tf_1h,2021-02-24 17:00:00,288.3631,288.41135
Potomje,Suhopolje_2025-03-13_11-08_tf_1h,2021-02-24 18:00:00,287.67123,287.2915
Potomje,Suhopolje_2025-03-13_11-08_tf_1h,2021-02-24 19:00:00,287.1132,286.68628
Potomje,Suhopolje_2025-03-13_11-08_tf_1h,2021-02-24 20:00:00,286.22324,286.29587
Potomje,Suhopolje_2025-03-13_11-08_tf_1h,2021-02-24 21:00:00,284.6168,285.21658
Potomje,Suhopolje_2025-03-13_11-08_tf_1h,2021-02-24 22:00:00,283.43082,283.51297
Potomje,Suhopolje_2025-03-13_11-08_tf_1h,2021-02-24 23:00:00,282.91272,282.52826
Potomje,Suhopolje_2025-03-13_11-08_tf_1h,2021-02-25 00:00:00,282.30194,282.36334
Potomje,Suhopolje_2025-03-13_11-08_tf_1h,2021-02-25 01:00:00,281.90515,281.74524
Potomje,Suhopolje_2025-03-13_11-08_tf_1h,2021-02-25 02:00:00,281.5795,281.5565
Potomje,Suhopolje_2025-03-13_11-08_tf_1h,2021-02-25 03:00:00,281.18802,281.29196
Potomje,Suhopolje_2025-03-13_11-08_tf_1h,2021-02-25 04:00:00,280.88513,280.86023
Potomje,Suhopolje_2025-03-13_11-08_tf_1h,2021-02-25 05:00:00,280.54263,280.6414
Potomje,Suhopolje_2025-03-13_11-08_tf_1h,2021-02-25 06:00:00,280.27594,280.31778
Potomje,Suhopolje_2025-03-13_11-08_tf_1h,2021-02-25 07:00:00,280.11996,280.5328
Potomje,Suhopolje_2025-03-13_11-08_tf_1h,2021-02-25 08:00:00,281.72144,281.19595
Potomje,Suhopolje_2025-03-13_11-08_tf_1h,2021-02-25 09:00:00,284.434,283.92352
Potomje,Suhopolje_2025-03-13_11-08_tf_1h,2021-02-25 10:00:00,287.14813,286.08395
Potomje,Suhopolje_2025-03-13_11-08_tf_1h,2021-02-25 11:00:00,289.1679,288.94247
Potomje,Suhopolje_2025-03-13_11-08_tf_1h,2021-02-25 12:00:00,290.36758,290.4704
Potomje,Suhopolje_2025-03-13_11-08_tf_1h,2021-02-25 13:00:00,290.85202,291.08472
Potomje,Suhopolje_2025-03-13_11-08_tf_1h,2021-02-25 14:00:00,290.9297,291.04248
Potomje,Suhopolje_2025-03-13_11-08_tf_1h,2021-02-25 15:00:00,290.6455,290.78165
Potomje,Suhopolje_2025-03-13_11-08_tf_1h,2021-02-25 16:00:00,289.97083,290.1949
Potomje,Suhopolje_2025-03-13_11-08_tf_1h,2021-02-25 17:00:00,288.90463,289.0896
Potomje,Suhopolje_2025-03-13_11-08_tf_1h,2021-02-25 18:00:00,287.27634,287.60272
Potomje,Suhopolje_2025-03-13_11-08_tf_1h,2021-02-25 19:00:00,286.59756,285.87814
Potomje,Suhopolje_2025-03-13_11-08_tf_1h,2021-02-25 20:00:00,284.63333,285.81647
Potomje,Suhopolje_2025-03-13_11-08_tf_1h,2021-02-25 21:00:00,283.87845,283.4865
Potomje,Suhopolje_2025-03-13_11-08_tf_1h,2021-02-25 22:00:00,283.2942,283.2547
Potomje,Suhopolje_2025-03-13_11-08_tf_1h,2021-02-25 23:00:00,282.82132,282.70047
Potomje,Suhopolje_2025-03-13_11-08_tf_1h,2021-02-26 00:00:00,282.6067,282.3768
Potomje,Suhopolje_2025-03-13_11-08_tf_1h,2021-02-26 01:00:00,282.77856,282.34674
Potomje,Suhopolje_2025-03-13_11-08_tf_1h,2021-02-26 02:00:00,281.69055,282.76443
Potomje,Suhopolje_2025-03-13_11-08_tf_1h,2021-02-26 03:00:00,280.39478,280.7892
Potomje,Suhopolje_2025-03-13_11-08_tf_1h,2021-02-26 04:00:00,279.7157,279.52298
Potomje,Suhopolje_2025-03-13_11-08_tf_1h,2021-02-26 05:00:00,279.41345,279.46188
Potomje,Suhopolje_2025-03-13_11-08_tf_1h,2021-02-26 06:00:00,279.26184,279.5282
Potomje,Suhopolje_2025-03-13_11-08_tf_1h,2021-02-26 07:00:00,279.24625,280.056
Potomje,Suhopolje_2025-03-13_11-08_tf_1h,2021-02-26 08:00:00,281.3546,280.56464
Potomje,Suhopolje_2025-03-13_11-08_tf_1h,2021-02-26 09:00:00,285.29898,283.80127
Potomje,Suhopolje_2025-03-13_11-08_tf_1h,2021-02-26 10:00:00,287.43323,287.51996
Potomje,Suhopolje_2025-03-13_11-08_tf_1h,2021-02-26 11:00:00,288.65976,288.862
Potomje,Suhopolje_2025-03-13_11-08_tf_1h,2021-02-26 12:00:00,289.34195,289.4643
Potomje,Suhopolje_2025-03-13_11-08_tf_1h,2021-02-26 13:00:00,289.5756,289.69424
Potomje,Suhopolje_2025-03-13_11-08_tf_1h,2021-02-26 14:00:00,289.5603,289.54703
Potomje,Suhopolje_2025-03-13_11-08_tf_1h,2021-02-26 15:00:00,289.22217,289.29776
Potomje,Suhopolje_2025-03-13_11-08_tf_1h,2021-02-26 16:00:00,288.59143,288.68198
Potomje,Suhopolje_2025-03-13_11-08_tf_1h,2021-02-26 17:00:00,287.5892,287.6516
Potomje,Suhopolje_2025-03-13_11-08_tf_1h,2021-02-26 18:00:00,286.61877,286.3517
Potomje,Suhopolje_2025-03-13_11-08_tf_1h,2021-02-26 19:00:00,285.94812,285.50595
Potomje,Suhopolje_2025-03-13_11-08_tf_1h,2021-02-26 20:00:00,285.10217,285.1574
Potomje,Suhopolje_2025-03-13_11-08_tf_1h,2021-02-26 21:00:00,283.87097,284.2462
Potomje,Suhopolje_2025-03-13_11-08_tf_1h,2021-02-26 22:00:00,283.92868,282.89752
Potomje,Suhopolje_2025-03-13_11-08_tf_1h,2021-02-26 23:00:00,284.15295,283.7674
Potomje,Suhopolje_2025-03-13_11-08_tf_1h,2021-02-27 00:00:00,283.5715,284.07632
Potomje,Suhopolje_2025-03-13_11-08_tf_1h,2021-02-27 01:00:00,282.0471,282.9946
Potomje,Suhopolje_2025-03-13_11-08_tf_1h,2021-02-27 02:00:00,281.04578,281.0559
Potomje,Suhopolje_2025-03-13_11-08_tf_1h,2021-02-27 03:00:00,280.32803,280.3618
Potomje,Suhopolje_2025-03-13_11-08_tf_1h,2021-02-27 04:00:00,279.84827,279.85013
Potomje,Suhopolje_2025-03-13_11-08_tf_1h,2021-02-27 05:00:00,279.45587,279.60287
Potomje,Suhopolje_2025-03-13_11-08_tf_1h,2021-02-27 06:00:00,279.036,279.3337
Potomje,Suhopolje_2025-03-13_11-08_tf_1h,2021-02-27 07:00:00,278.68976,279.61682
Potomje,Suhopolje_2025-03-13_11-08_tf_1h,2021-02-27 08:00:00,281.5277,279.83157
Potomje,Suhopolje_2025-03-13_11-08_tf_1h,2021-02-27 09:00:00,284.69415,284.44937
Potomje,Suhopolje_2025-03-13_11-08_tf_1h,2021-02-27 10:00:00,286.8939,286.3765
Potomje,Suhopolje_2025-03-13_11-08_tf_1h,2021-02-27 11:00:00,288.61734,288.4264
Potomje,Suhopolje_2025-03-13_11-08_tf_1h,2021-02-27 12:00:00,289.80112,289.71204
Potomje,Suhopolje_2025-03-13_11-08_tf_1h,2021-02-27 13:00:00,290.40408,290.47653
Potomje,Suhopolje_2025-03-13_11-08_tf_1h,2021-02-27 14:00:00,290.736,290.64658
Potomje,Suhopolje_2025-03-13_11-08_tf_1h,2021-02-27 15:00:00,290.7213,290.73688
Potomje,Suhopolje_2025-03-13_11-08_tf_1h,2021-02-27 16:00:00,290.4047,290.44278
Potomje,Suhopolje_2025-03-13_11-08_tf_1h,2021-02-27 17:00:00,289.33292,289.8555
Potomje,Suhopolje_2025-03-13_11-08_tf_1h,2021-02-27 18:00:00,287.81192,288.12396
Potomje,Suhopolje_2025-03-13_11-08_tf_1h,2021-02-27 19:00:00,286.44348,286.35022
Potomje,Suhopolje_2025-03-13_11-08_tf_1h,2021-02-27 20:00:00,285.9291,285.29272
Potomje,Suhopolje_2025-03-13_11-08_tf_1h,2021-02-27 21:00:00,285.20197,285.29752
Potomje,Suhopolje_2025-03-13_11-08_tf_1h,2021-02-27 22:00:00,284.4727,284.44232
Potomje,Suhopolje_2025-03-13_11-08_tf_1h,2021-02-27 23:00:00,283.74213,283.76596
Potomje,Suhopolje_2025-03-13_11-08_tf_1h,2021-02-28 00:00:00,283.12888,283.08447
Potomje,Suhopolje_2025-03-13_11-08_tf_1h,2021-02-28 01:00:00,282.4838,282.60016
Potomje,Suhopolje_2025-03-13_11-08_tf_1h,2021-02-28 02:00:00,281.9245,281.97592
Potomje,Suhopolje_2025-03-13_11-08_tf_1h,2021-02-28 03:00:00,281.47095,281.4997
Potomje,Suhopolje_2025-03-13_11-08_tf_1h,2021-02-28 04:00:00,281.1266,281.12784
Potomje,Suhopolje_2025-03-13_11-08_tf_1h,2021-02-28 05:00:00,280.73947,280.87186
Potomje,Suhopolje_2025-03-13_11-08_tf_1h,2021-02-28 06:00:00,280.3692,280.5144
Potomje,Suhopolje_2025-03-13_11-08_tf_1h,2021-02-28 07:00:00,280.08472,280.90378
Potomje,Suhopolje_2025-03-13_11-08_tf_1h,2021-02-28 08:00:00,281.67993,281.17056
Potomje,Suhopolje_2025-03-13_11-08_tf_1h,2021-02-28 09:00:00,282.98883,283.8767
Potomje,Suhopolje_2025-03-13_11-08_tf_1h,2021-02-28 10:00:00,284.22375,283.87192
Potomje,Suhopolje_2025-03-13_11-08_tf_1h,2021-02-28 11:00:00,285.3517,285.18695
Potomje,Suhopolje_2025-03-13_11-08_tf_1h,2021-02-28 12:00:00,286.31122,286.08975
Potomje,Suhopolje_2025-03-13_11-08_tf_1h,2021-02-28 13:00:00,286.98718,286.8773
Potomje,Suhopolje_2025-03-13_11-08_tf_1h,2021-02-28 14:00:00,287.37366,287.31635
Potomje,Suhopolje_2025-03-13_11-08_tf_1h,2021-02-28 15:00:00,287.40018,287.46603
Potomje,Suhopolje_2025-03-13_11-08_tf_1h,2021-02-28 16:00:00,287.10226,287.2163
Potomje,Suhopolje_2025-03-13_11-08_tf_1h,2021-02-28 17:00:00,286.3786,286.5583
Potomje,Suhopolje_2025-03-13_11-08_tf_1h,2021-02-28 18:00:00,285.4038,285.50577
Potomje,Suhopolje_2025-03-13_11-08_tf_1h,2021-02-28 19:00:00,284.52353,284.32285
Potomje,Suhopolje_2025-03-13_11-08_tf_1h,2021-02-28 20:00:00,284.4758,283.64493
Potomje,Suhopolje_2025-03-13_11-08_tf_1h,2021-02-28 21:00:00,283.7412,284.1929
Potomje,Suhopolje_2025-03-13_11-08_tf_1h,2021-02-28 22:00:00,282.82755,283.00687
Potomje,Suhopolje_2025-03-13_11-08_tf_1h,2021-02-28 23:00:00,281.89737,282.04807
Potomje,Suhopolje_2025-03-13_11-08_tf_1h,2021-03-01 00:00:00,281.0779,281.15533
Potomje,Suhopolje_2025-03-13_11-08_tf_1h,2021-03-01 01:00:00,280.37354,280.45068
Potomje,Suhopolje_2025-03-13_11-08_tf_1h,2021-03-01 02:00:00,279.77588,279.8544
Potomje,Suhopolje_2025-03-13_11-08_tf_1h,2021-03-01 03:00:00,279.24734,279.34244
Potomje,Suhopolje_2025-03-13_11-08_tf_1h,2021-03-01 04:00:00,278.79416,278.86658
Potomje,Suhopolje_2025-03-13_11-08_tf_1h,2021-03-01 05:00:00,278.4457,278.51236
Potomje,Suhopolje_2025-03-13_11-08_tf_1h,2021-03-01 06:00:00,278.12427,278.3891
Potomje,Suhopolje_2025-03-13_11-08_tf_1h,2021-03-01 07:00:00,277.92993,278.7514
Potomje,Suhopolje_2025-03-13_11-08_tf_1h,2021-03-01 08:00:00,279.36557,278.81085
Potomje,Suhopolje_2025-03-13_11-08_tf_1h,2021-03-01 09:00:00,281.51947,281.45193
Potomje,Suhopolje_2025-03-13_11-08_tf_1h,2021-03-01 10:00:00,283.56598,282.95438
Potomje,Suhopolje_2025-03-13_11-08_tf_1h,2021-03-01 11:00:00,285.13406,284.9968
Potomje,Suhopolje_2025-03-13_11-08_tf_1h,2021-03-01 12:00:00,286.27518,286.18784
Potomje,Suhopolje_2025-03-13_11-08_tf_1h,2021-03-01 13:00:00,287.04764,286.99933
Potomje,Suhopolje_2025-03-13_11-08_tf_1h,2021-03-01 14:00:00,287.42908,287.46936
Potomje,Suhopolje_2025-03-13_11-08_tf_1h,2021-03-01 15:00:00,287.438,287.54968
Potomje,Suhopolje_2025-03-13_11-08_tf_1h,2021-03-01 16:00:00,287.02115,287.28146
Potomje,Suhopolje_2025-03-13_11-08_tf_1h,2021-03-01 17:00:00,286.32983,286.45395
Potomje,Suhopolje_2025-03-13_11-08_tf_1h,2021-03-01 18:00:00,285.69583,285.45627
Potomje,Suhopolje_2025-03-13_11-08_tf_1h,2021-03-01 19:00:00,285.15573,284.84402
Potomje,Suhopolje_2025-03-13_11-08_tf_1h,2021-03-01 20:00:00,284.93588,284.41083
Potomje,Suhopolje_2025-03-13_11-08_tf_1h,2021-03-01 21:00:00,284.46945,284.43524
Potomje,Suhopolje_2025-03-13_11-08_tf_1h,2021-03-01 22:00:00,283.467,283.81973
Potomje,Suhopolje_2025-03-13_11-08_tf_1h,2021-03-01 23:00:00,282.3738,282.54288
Potomje,Suhopolje_2025-03-13_11-08_tf_1h,2021-03-02 00:00:00,281.49588,281.48492
Potomje,Suhopolje_2025-03-13_11-08_tf_1h,2021-03-02 01:00:00,280.76553,280.79953
Potomje,Suhopolje_2025-03-13_11-08_tf_1h,2021-03-02 02:00:00,280.17535,280.20023
Potomje,Suhopolje_2025-03-13_11-08_tf_1h,2021-03-02 03:00:00,279.60684,279.7343
Potomje,Suhopolje_2025-03-13_11-08_tf_1h,2021-03-02 04:00:00,279.08624,279.1967
Potomje,Suhopolje_2025-03-13_11-08_tf_1h,2021-03-02 05:00:00,278.6138,278.73398
Potomje,Suhopolje_2025-03-13_11-08_tf_1h,2021-03-02 06:00:00,278.2042,278.35544
Potomje,Suhopolje_2025-03-13_11-08_tf_1h,2021-03-02 07:00:00,277.9514,278.50937
Potomje,Suhopolje_2025-03-13_11-08_tf_1h,2021-03-02 08:00:00,279.74796,278.99176
Potomje,Suhopolje_2025-03-13_11-08_tf_1h,2021-03-02 09:00:00,282.04248,282.38245
Potomje,Suhopolje_2025-03-13_11-08_tf_1h,2021-03-02 10:00:00,283.9414,283.4028
Potomje,Suhopolje_2025-03-13_11-08_tf_1h,2021-03-02 11:00:00,285.3416,285.32407
Potomje,Suhopolje_2025-03-13_11-08_tf_1h,2021-03-02 12:00:00,286.36813,286.31046
Potomje,Suhopolje_2025-03-13_11-08_tf_1h,2021-03-02 13:00:00,286.99106,287.0182
Potomje,Suhopolje_2025-03-13_11-08_tf_1h,2021-03-02 14:00:00,287.09412,287.31653
Potomje,Suhopolje_2025-03-13_11-08_tf_1h,2021-03-02 15:00:00,286.76303,287.04364
Potomje,Suhopolje_2025-03-13_11-08_tf_1h,2021-03-02 16:00:00,286.12372,286.35355
Potomje,Suhopolje_2025-03-13_11-08_tf_1h,2021-03-02 17:00:00,285.2973,285.32465
Potomje,Suhopolje_2025-03-13_11-08_tf_1h,2021-03-02 18:00:00,284.3623,284.35287
Potomje,Suhopolje_2025-03-13_11-08_tf_1h,2021-03-02 19:00:00,283.87302,283.40045
Potomje,Suhopolje_2025-03-13_11-08_tf_1h,2021-03-02 20:00:00,284.3257,283.29547
Potomje,Suhopolje_2025-03-13_11-08_tf_1h,2021-03-02 21:00:00,284.0678,284.35635
Potomje,Suhopolje_2025-03-13_11-08_tf_1h,2021-03-02 22:00:00,283.63968,283.62772
Potomje,Suhopolje_2025-03-13_11-08_tf_1h,2021-03-02 23:00:00,282.75644,283.07782
Potomje,Suhopolje_2025-03-13_11-08_tf_1h,2021-03-03 00:00:00,281.74606,281.9642
Potomje,Suhopolje_2025-03-13_11-08_tf_1h,2021-03-03 01:00:00,280.8556,280.93576
Potomje,Suhopolje_2025-03-13_11-08_tf_1h,2021-03-03 02:00:00,280.2488,280.1753
Potomje,Suhopolje_2025-03-13_11-08_tf_1h,2021-03-03 03:00:00,279.89987,279.7885
Potomje,Suhopolje_2025-03-13_11-08_tf_1h,2021-03-03 04:00:00,279.54422,279.63852
Potomje,Suhopolje_2025-03-13_11-08_tf_1h,2021-03-03 05:00:00,279.25912,279.28824
Potomje,Suhopolje_2025-03-13_11-08_tf_1h,2021-03-03 06:00:00,279.0092,279.10327
Potomje,Suhopolje_2025-03-13_11-08_tf_1h,2021-03-03 07:00:00,278.90805,279.45114
Potomje,Suhopolje_2025-03-13_11-08_tf_1h,2021-03-03 08:00:00,280.3215,279.83383
Potomje,Suhopolje_2025-03-13_11-08_tf_1h,2021-03-03 09:00:00,282.90356,282.17786
Potomje,Suhopolje_2025-03-13_11-08_tf_1h,2021-03-03 10:00:00,285.06253,284.56302
Potomje,Suhopolje_2025-03-13_11-08_tf_1h,2021-03-03 11:00:00,286.5817,286.56274
Potomje,Suhopolje_2025-03-13_11-08_tf_1h,2021-03-03 12:00:00,287.49118,287.61728
Potomje,Suhopolje_2025-03-13_11-08_tf_1h,2021-03-03 13:00:00,287.74307,288.0593
Potomje,Suhopolje_2025-03-13_11-08_tf_1h,2021-03-03 14:00:00,287.66193,287.83868
Potomje,Suhopolje_2025-03-13_11-08_tf_1h,2021-03-03 15:00:00,287.40762,287.4822
Potomje,Suhopolje_2025-03-13_11-08_tf_1h,2021-03-03 16:00:00,286.90366,286.94318
Potomje,Suhopolje_2025-03-13_11-08_tf_1h,2021-03-03 17:00:00,286.08783,286.1904
Potomje,Suhopolje_2025-03-13_11-08_tf_1h,2021-03-03 18:00:00,285.188,285.16495
Potomje,Suhopolje_2025-03-13_11-08_tf_1h,2021-03-03 19:00:00,284.45837,284.23563
Potomje,Suhopolje_2025-03-13_11-08_tf_1h,2021-03-03 20:00:00,283.88672,283.69574
Potomje,Suhopolje_2025-03-13_11-08_tf_1h,2021-03-03 21:00:00,282.94858,283.23648
Potomje,Suhopolje_2025-03-13_11-08_tf_1h,2021-03-03 22:00:00,281.63336,282.10205
Potomje,Suhopolje_2025-03-13_11-08_tf_1h,2021-03-03 23:00:00,280.93457,280.66525
Potomje,Suhopolje_2025-03-13_11-08_tf_1h,2021-03-04 00:00:00,280.5245,280.36777
Potomje,Suhopolje_2025-03-13_11-08_tf_1h,2021-03-04 01:00:00,280.04437,280.15347
Potomje,Suhopolje_2025-03-13_11-08_tf_1h,2021-03-04 02:00:00,279.80453,279.6555
Potomje,Suhopolje_2025-03-13_11-08_tf_1h,2021-03-04 03:00:00,279.42288,279.59076
Potomje,Suhopolje_2025-03-13_11-08_tf_1h,2021-03-04 04:00:00,278.95547,279.0912
Potomje,Suhopolje_2025-03-13_11-08_tf_1h,2021-03-04 05:00:00,278.439,278.6485
Potomje,Suhopolje_2025-03-13_11-08_tf_1h,2021-03-04 06:00:00,278.36722,278.344
Potomje,Suhopolje_2025-03-13_11-08_tf_1h,2021-03-04 07:00:00,278.2259,279.50986
Potomje,Suhopolje_2025-03-13_11-08_tf_1h,2021-03-04 08:00:00,280.03424,279.27585
Potomje,Suhopolje_2025-03-13_11-08_tf_1h,2021-03-04 09:00:00,282.36465,282.3179
Potomje,Suhopolje_2025-03-13_11-08_tf_1h,2021-03-04 10:00:00,284.32907,283.76352
Potomje,Suhopolje_2025-03-13_11-08_tf_1h,2021-03-04 11:00:00,285.52533,285.664
Potomje,Suhopolje_2025-03-13_11-08_tf_1h,2021-03-04 12:00:00,286.31998,286.30344
Potomje,Suhopolje_2025-03-13_11-08_tf_1h,2021-03-04 13:00:00,286.61807,286.78894
Potomje,Suhopolje_2025-03-13_11-08_tf_1h,2021-03-04 14:00:00,286.60242,286.71054
Potomje,Suhopolje_2025-03-13_11-08_tf_1h,2021-03-04 15:00:00,286.43506,286.44412
Potomje,Suhopolje_2025-03-13_11-08_tf_1h,2021-03-04 16:00:00,286.03198,286.03116
Potomje,Suhopolje_2025-03-13_11-08_tf_1h,2021-03-04 17:00:00,285.397,285.40067
Potomje,Suhopolje_2025-03-13_11-08_tf_1h,2021-03-04 18:00:00,284.60455,284.57468
Potomje,Suhopolje_2025-03-13_11-08_tf_1h,2021-03-04 19:00:00,283.7743,283.67383
Potomje,Suhopolje_2025-03-13_11-08_tf_1h,2021-03-04 20:00:00,282.18863,282.9183
Potomje,Suhopolje_2025-03-13_11-08_tf_1h,2021-03-04 21:00:00,281.29675,281.06958
Potomje,Suhopolje_2025-03-13_11-08_tf_1h,2021-03-04 22:00:00,280.597,280.5932
Potomje,Suhopolje_2025-03-13_11-08_tf_1h,2021-03-04 23:00:00,280.00992,279.99115
Potomje,Suhopolje_2025-03-13_11-08_tf_1h,2021-03-05 00:00:00,279.71567,279.52332
Potomje,Suhopolje_2025-03-13_11-08_tf_1h,2021-03-05 01:00:00,279.99017,279.44043
Potomje,Suhopolje_2025-03-13_11-08_tf_1h,2021-03-05 02:00:00,279.98682,280.0902
Potomje,Suhopolje_2025-03-13_11-08_tf_1h,2021-03-05 03:00:00,280.03232,279.8174
Potomje,Suhopolje_2025-03-13_11-08_tf_1h,2021-03-05 04:00:00,279.91507,279.9682
Potomje,Suhopolje_2025-03-13_11-08_tf_1h,2021-03-05 05:00:00,279.8563,279.7909
Potomje,Suhopolje_2025-03-13_11-08_tf_1h,2021-03-05 06:00:00,279.76624,280.03415
Potomje,Suhopolje_2025-03-13_11-08_tf_1h,2021-03-05 07:00:00,280.06436,280.59668
Potomje,Suhopolje_2025-03-13_11-08_tf_1h,2021-03-05 08:00:00,281.82623,281.20584
Potomje,Suhopolje_2025-03-13_11-08_tf_1h,2021-03-05 09:00:00,283.8287,283.43823
Potomje,Suhopolje_2025-03-13_11-08_tf_1h,2021-03-05 10:00:00,285.09216,285.16116
Potomje,Suhopolje_2025-03-13_11-08_tf_1h,2021-03-05 11:00:00,285.73508,286.01126
Potomje,Suhopolje_2025-03-13_11-08_tf_1h,2021-03-05 12:00:00,286.0563,286.19818
Potomje,Suhopolje_2025-03-13_11-08_tf_1h,2021-03-05 13:00:00,286.19717,286.22812
Potomje,Suhopolje_2025-03-13_11-08_tf_1h,2021-03-05 14:00:00,286.12973,286.18027
Potomje,Suhopolje_2025-03-13_11-08_tf_1h,2021-03-05 15:00:00,285.95877,285.8229
Potomje,Suhopolje_2025-03-13_11-08_tf_1h,2021-03-05 16:00:00,285.4945,285.51218
Potomje,Suhopolje_2025-03-13_11-08_tf_1h,2021-03-05 17:00:00,285.15356,284.81052
Potomje,Suhopolje_2025-03-13_11-08_tf_1h,2021-03-05 18:00:00,284.48343,284.49554
Potomje,Suhopolje_2025-03-13_11-08_tf_1h,2021-03-05 19:00:00,283.33652,283.6788
Potomje,Suhopolje_2025-03-13_11-08_tf_1h,2021-03-05 20:00:00,283.54553,282.3344
Potomje,Suhopolje_2025-03-13_11-08_tf_1h,2021-03-05 21:00:00,283.5838,283.4522
Potomje,Suhopolje_2025-03-13_11-08_tf_1h,2021-03-05 22:00:00,282.89874,283.3943
Potomje,Suhopolje_2025-03-13_11-08_tf_1h,2021-03-05 23:00:00,282.43378,282.29825
Potomje,Suhopolje_2025-03-13_11-08_tf_1h,2021-03-06 00:00:00,281.85635,281.99866
Potomje,Suhopolje_2025-03-13_11-08_tf_1h,2021-03-06 01:00:00,280.67477,281.36032
Potomje,Suhopolje_2025-03-13_11-08_tf_1h,2021-03-06 02:00:00,280.65887,279.85825
Potomje,Suhopolje_2025-03-13_11-08_tf_1h,2021-03-06 03:00:00,280.69305,280.6579
Potomje,Suhopolje_2025-03-13_11-08_tf_1h,2021-03-06 04:00:00,280.56616,280.66174
Potomje,Suhopolje_2025-03-13_11-08_tf_1h,2021-03-06 05:00:00,280.44986,280.44376
Potomje,Suhopolje_2025-03-13_11-08_tf_1h,2021-03-06 06:00:00,280.1963,280.4723
Potomje,Suhopolje_2025-03-13_11-08_tf_1h,2021-03-06 07:00:00,279.7299,280.65872
Potomje,Suhopolje_2025-03-13_11-08_tf_1h,2021-03-06 08:00:00,280.7003,280.02298
Potomje,Suhopolje_2025-03-13_11-08_tf_1h,2021-03-06 09:00:00,281.3827,281.816
Potomje,Suhopolje_2025-03-13_11-08_tf_1h,2021-03-06 10:00:00,282.3524,282.02823
Potomje,Suhopolje_2025-03-13_11-08_tf_1h,2021-03-06 11:00:00,283.4846,283.09915
Potomje,Suhopolje_2025-03-13_11-08_tf_1h,2021-03-06 12:00:00,284.5111,284.2474
Potomje,Suhopolje_2025-03-13_11-08_tf_1h,2021-03-06 13:00:00,285.26913,285.14615
Potomje,Suhopolje_2025-03-13_11-08_tf_1h,2021-03-06 14:00:00,285.60745,285.72852
Potomje,Suhopolje_2025-03-13_11-08_tf_1h,2021-03-06 15:00:00,285.62454,285.7876
Potomje,Suhopolje_2025-03-13_11-08_tf_1h,2021-03-06 16:00:00,285.29443,285.49847
Potomje,Suhopolje_2025-03-13_11-08_tf_1h,2021-03-06 17:00:00,284.63007,284.81345
Potomje,Suhopolje_2025-03-13_11-08_tf_1h,2021-03-06 18:00:00,283.46463,283.87466
Potomje,Suhopolje_2025-03-13_11-08_tf_1h,2021-03-06 19:00:00,282.27823,282.40768
Potomje,Suhopolje_2025-03-13_11-08_tf_1h,2021-03-06 20:00:00,281.26544,281.30252
Potomje,Suhopolje_2025-03-13_11-08_tf_1h,2021-03-06 21:00:00,280.42868,280.44232
Potomje,Suhopolje_2025-03-13_11-08_tf_1h,2021-03-06 22:00:00,279.7624,279.76666
Potomje,Suhopolje_2025-03-13_11-08_tf_1h,2021-03-06 23:00:00,279.184,279.23117
Potomje,Suhopolje_2025-03-13_11-08_tf_1h,2021-03-07 00:00:00,278.6752,278.71597
Potomje,Suhopolje_2025-03-13_11-08_tf_1h,2021-03-07 01:00:00,278.1989,278.28754
Potomje,Suhopolje_2025-03-13_11-08_tf_1h,2021-03-07 02:00:00,277.7999,277.828
Potomje,Suhopolje_2025-03-13_11-08_tf_1h,2021-03-07 03:00:00,277.4209,277.49863
Potomje,Suhopolje_2025-03-13_11-08_tf_1h,2021-03-07 04:00:00,277.08618,277.16202
Potomje,Suhopolje_2025-03-13_11-08_tf_1h,2021-03-07 05:00:00,276.7929,276.97446
Potomje,Suhopolje_2025-03-13_11-08_tf_1h,2021-03-07 06:00:00,276.5114,276.9435
Potomje,Suhopolje_2025-03-13_11-08_tf_1h,2021-03-07 07:00:00,276.48685,277.1719
Potomje,Suhopolje_2025-03-13_11-08_tf_1h,2021-03-07 08:00:00,278.34964,277.47684
Potomje,Suhopolje_2025-03-13_11-08_tf_1h,2021-03-07 09:00:00,280.1173,280.6888
Potomje,Suhopolje_2025-03-13_11-08_tf_1h,2021-03-07 10:00:00,281.73572,281.26617
Potomje,Suhopolje_2025-03-13_11-08_tf_1h,2021-03-07 11:00:00,283.03384,282.95166
Potomje,Suhopolje_2025-03-13_11-08_tf_1h,2021-03-07 12:00:00,283.81015,283.93597
Potomje,Suhopolje_2025-03-13_11-08_tf_1h,2021-03-07 13:00:00,284.30283,284.33038
Potomje,Suhopolje_2025-03-13_11-08_tf_1h,2021-03-07 14:00:00,284.45502,284.5769
Potomje,Suhopolje_2025-03-13_11-08_tf_1h,2021-03-07 15:00:00,284.33847,284.46246
Potomje,Suhopolje_2025-03-13_11-08_tf_1h,2021-03-07 16:00:00,283.93802,284.02234
Potomje,Suhopolje_2025-03-13_11-08_tf_1h,2021-03-07 17:00:00,283.311,283.35712
Potomje,Suhopolje_2025-03-13_11-08_tf_1h,2021-03-07 18:00:00,282.51468,282.53934
Potomje,Suhopolje_2025-03-13_11-08_tf_1h,2021-03-07 19:00:00,281.70248,281.65872
Potomje,Suhopolje_2025-03-13_11-08_tf_1h,2021-03-07 20:00:00,280.87463,280.9446
Potomje,Suhopolje_2025-03-13_11-08_tf_1h,2021-03-07 21:00:00,279.83102,280.15875
Potomje,Suhopolje_2025-03-13_11-08_tf_1h,2021-03-07 22:00:00,279.22687,279.0104
Potomje,Suhopolje_2025-03-13_11-08_tf_1h,2021-03-07 23:00:00,279.72147,278.75305
Potomje,Suhopolje_2025-03-13_11-08_tf_1h,2021-03-08 00:00:00,279.01062,280.0077
Potomje,Suhopolje_2025-03-13_11-08_tf_1h,2021-03-08 01:00:00,278.45004,278.3746
Potomje,Suhopolje_2025-03-13_11-08_tf_1h,2021-03-08 02:00:00,277.72623,278.01852
Potomje,Suhopolje_2025-03-13_11-08_tf_1h,2021-03-08 03:00:00,277.10016,277.15353
Potomje,Suhopolje_2025-03-13_11-08_tf_1h,2021-03-08 04:00:00,277.18204,276.69284
Potomje,Suhopolje_2025-03-13_11-08_tf_1h,2021-03-08 05:00:00,277.32,277.39377
Potomje,Suhopolje_2025-03-13_11-08_tf_1h,2021-03-08 06:00:00,277.39056,277.58783
Potomje,Suhopolje_2025-03-13_11-08_tf_1h,2021-03-08 07:00:00,277.641,278.3311
Potomje,Suhopolje_2025-03-13_11-08_tf_1h,2021-03-08 08:00:00,279.91794,278.7787
Potomje,Suhopolje_2025-03-13_11-08_tf_1h,2021-03-08 09:00:00,281.56595,282.1758
Potomje,Suhopolje_2025-03-13_11-08_tf_1h,2021-03-08 10:00:00,282.62473,282.5759
Potomje,Suhopolje_2025-03-13_11-08_tf_1h,2021-03-08 11:00:00,283.47256,283.4945
Potomje,Suhopolje_2025-03-13_11-08_tf_1h,2021-03-08 12:00:00,283.95367,284.1081
Potomje,Suhopolje_2025-03-13_11-08_tf_1h,2021-03-08 13:00:00,284.23853,284.28683
Potomje,Suhopolje_2025-03-13_11-08_tf_1h,2021-03-08 14:00:00,284.2951,284.3914
Potomje,Suhopolje_2025-03-13_11-08_tf_1h,2021-03-08 15:00:00,284.2012,284.18793
Potomje,Suhopolje_2025-03-13_11-08_tf_1h,2021-03-08 16:00:00,284.00735,283.89395
Potomje,Suhopolje_2025-03-13_11-08_tf_1h,2021-03-08 17:00:00,283.62595,283.59637
Potomje,Suhopolje_2025-03-13_11-08_tf_1h,2021-03-08 18:00:00,283.12653,283.07
Potomje,Suhopolje_2025-03-13_11-08_tf_1h,2021-03-08 19:00:00,282.20187,282.46222
Potomje,Suhopolje_2025-03-13_11-08_tf_1h,2021-03-08 20:00:00,283.2602,281.32465
Potomje,Suhopolje_2025-03-13_11-08_tf_1h,2021-03-08 21:00:00,282.69095,283.8376
Potomje,Suhopolje_2025-03-13_11-08_tf_1h,2021-03-08 22:00:00,282.637,282.27194
Potomje,Suhopolje_2025-03-13_11-08_tf_1h,2021-03-08 23:00:00,281.80844,282.32355
Potomje,Suhopolje_2025-03-13_11-08_tf_1h,2021-03-09 00:00:00,280.79974,281.04837
Potomje,Suhopolje_2025-03-13_11-08_tf_1h,2021-03-09 01:00:00,280.38797,279.9837
Potomje,Suhopolje_2025-03-13_11-08_tf_1h,2021-03-09 02:00:00,280.22086,280.0333
Potomje,Suhopolje_2025-03-13_11-08_tf_1h,2021-03-09 03:00:00,280.07855,280.069
Potomje,Suhopolje_2025-03-13_11-08_tf_1h,2021-03-09 04:00:00,280.23242,279.94672
Potomje,Suhopolje_2025-03-13_11-08_tf_1h,2021-03-09 05:00:00,280.22617,280.3142
Potomje,Suhopolje_2025-03-13_11-08_tf_1h,2021-03-09 06:00:00,280.26614,280.20306
Potomje,Suhopolje_2025-03-13_11-08_tf_1h,2021-03-09 07:00:00,280.17535,280.84427
Potomje,Suhopolje_2025-03-13_11-08_tf_1h,2021-03-09 08:00:00,281.23315,280.51376
Potomje,Suhopolje_2025-03-13_11-08_tf_1h,2021-03-09 09:00:00,281.9156,282.33044
Potomje,Suhopolje_2025-03-13_11-08_tf_1h,2021-03-09 10:00:00,282.21658,282.60898
Potomje,Suhopolje_2025-03-13_11-08_tf_1h,2021-03-09 11:00:00,282.316,282.50327
Potomje,Suhopolje_2025-03-13_11-08_tf_1h,2021-03-09 12:00:00,282.03214,282.36697
Potomje,Suhopolje_2025-03-13_11-08_tf_1h,2021-03-09 13:00:00,281.80722,281.79083
Potomje,Suhopolje_2025-03-13_11-08_tf_1h,2021-03-09 14:00:00,281.23172,281.565
Potomje,Suhopolje_2025-03-13_11-08_tf_1h,2021-03-09 15:00:00,281.10843,280.76273
Potomje,Suhopolje_2025-03-13_11-08_tf_1h,2021-03-09 16:00:00,280.77615,280.94687
Potomje,Suhopolje_2025-03-13_11-08_tf_1h,2021-03-09 17:00:00,280.39304,280.4909
Potomje,Suhopolje_2025-03-13_11-08_tf_1h,2021-03-09 18:00:00,279.96323,280.077
Potomje,Suhopolje_2025-03-13_11-08_tf_1h,2021-03-09 19:00:00,279.61575,279.69852
Potomje,Suhopolje_2025-03-13_11-08_tf_1h,2021-03-09 20:00:00,280.11685,279.344
Potomje,Suhopolje_2025-03-13_11-08_tf_1h,2021-03-09 21:00:00,279.94107,280.4734
Potomje,Suhopolje_2025-03-13_11-08_tf_1h,2021-03-09 22:00:00,279.68558,279.7248
Potomje,Suhopolje_2025-03-13_11-08_tf_1h,2021-03-09 23:00:00,279.41925,279.41397
Potomje,Suhopolje_2025-03-13_11-08_tf_1h,2021-03-10 00:00:00,279.23648,279.18472
Potomje,Suhopolje_2025-03-13_11-08_tf_1h,2021-03-10 01:00:00,278.98196,279.08185
Potomje,Suhopolje_2025-03-13_11-08_tf_1h,2021-03-10 02:00:00,278.84064,278.7841
Potomje,Suhopolje_2025-03-13_11-08_tf_1h,2021-03-10 03:00:00,278.82715,278.75827
Potomje,Suhopolje_2025-03-13_11-08_tf_1h,2021-03-10 04:00:00,278.8493,278.83322
Potomje,Suhopolje_2025-03-13_11-08_tf_1h,2021-03-10 05:00:00,278.99063,278.92383
Potomje,Suhopolje_2025-03-13_11-08_tf_1h,2021-03-10 06:00:00,278.9692,279.21573
Potomje,Suhopolje_2025-03-13_11-08_tf_1h,2021-03-10 07:00:00,278.87457,279.14624
Potomje,Suhopolje_2025-03-13_11-08_tf_1h,2021-03-10 08:00:00,279.75516,278.903
Potomje,Suhopolje_2025-03-13_11-08_tf_1h,2021-03-10 09:00:00,280.00705,280.4453
Potomje,Suhopolje_2025-03-13_11-08_tf_1h,2021-03-10 10:00:00,280.43372,280.2855
Potomje,Suhopolje_2025-03-13_11-08_tf_1h,2021-03-10 11:00:00,281.5327,280.70532
Potomje,Suhopolje_2025-03-13_11-08_tf_1h,2021-03-10 12:00:00,282.9717,282.28607
Potomje,Suhopolje_2025-03-13_11-08_tf_1h,2021-03-10 13:00:00,283.9515,283.95486
Potomje,Suhopolje_2025-03-13_11-08_tf_1h,2021-03-10 14:00:00,284.44803,284.62875
Potomje,Suhopolje_2025-03-13_11-08_tf_1h,2021-03-10 15:00:00,284.42032,284.82217
Potomje,Suhopolje_2025-03-13_11-08_tf_1h,2021-03-10 16:00:00,284.05722,284.2971
Potomje,Suhopolje_2025-03-13_11-08_tf_1h,2021-03-10 17:00:00,283.32663,283.5741
Potomje,Suhopolje_2025-03-13_11-08_tf_1h,2021-03-10 18:00:00,282.26883,282.56274
Potomje,Suhopolje_2025-03-13_11-08_tf_1h,2021-03-10 19:00:00,281.4424,281.31882
Potomje,Suhopolje_2025-03-13_11-08_tf_1h,2021-03-10 20:00:00,280.84164,280.75128
Potomje,Suhopolje_2025-03-13_11-08_tf_1h,2021-03-10 21:00:00,280.20883,280.3185
Potomje,Suhopolje_2025-03-13_11-08_tf_1h,2021-03-10 22:00:00,279.7029,279.69238
Potomje,Suhopolje_2025-03-13_11-08_tf_1h,2021-03-10 23:00:00,279.27094,279.29413
Potomje,Suhopolje_2025-03-13_11-08_tf_1h,2021-03-11 00:00:00,278.8404,278.91336
Potomje,Suhopolje_2025-03-13_11-08_tf_1h,2021-03-11 01:00:00,278.452,278.49554
Potomje,Suhopolje_2025-03-13_11-08_tf_1h,2021-03-11 02:00:00,278.12305,278.1454
Potomje,Suhopolje_2025-03-13_11-08_tf_1h,2021-03-11 03:00:00,277.81195,277.86206
Potomje,Suhopolje_2025-03-13_11-08_tf_1h,2021-03-11 04:00:00,277.45557,277.56708
Potomje,Suhopolje_2025-03-13_11-08_tf_1h,2021-03-11 05:00:00,277.08017,277.20142
Potomje,Suhopolje_2025-03-13_11-08_tf_1h,2021-03-11 06:00:00,276.72644,276.94696
Potomje,Suhopolje_2025-03-13_11-08_tf_1h,2021-03-11 07:00:00,276.66312,276.90186
Potomje,Suhopolje_2025-03-13_11-08_tf_1h,2021-03-11 08:00:00,278.16617,277.1685
Potomje,Suhopolje_2025-03-13_11-08_tf_1h,2021-03-11 09:00:00,279.78262,280.06824
Potomje,Suhopolje_2025-03-13_11-08_tf_1h,2021-03-11 10:00:00,281.09927,280.97226
Potomje,Suhopolje_2025-03-13_11-08_tf_1h,2021-03-11 11:00:00,282.11594,282.1735
Potomje,Suhopolje_2025-03-13_11-08_tf_1h,2021-03-11 12:00:00,282.95798,282.88446
Potomje,Suhopolje_2025-03-13_11-08_tf_1h,2021-03-11 13:00:00,283.50845,283.54517
Potomje,Suhopolje_2025-03-13_11-08_tf_1h,2021-03-11 14:00:00,283.63245,283.84897
Potomje,Suhopolje_2025-03-13_11-08_tf_1h,2021-03-11 15:00:00,283.51688,283.64865
Potomje,Suhopolje_2025-03-13_11-08_tf_1h,2021-03-11 16:00:00,283.23416,283.20154
Potomje,Suhopolje_2025-03-13_11-08_tf_1h,2021-03-11 17:00:00,282.82336,282.78043
Potomje,Suhopolje_2025-03-13_11-08_tf_1h,2021-03-11 18:00:00,282.2416,282.2798
Potomje,Suhopolje_2025-03-13_11-08_tf_1h,2021-03-11 19:00:00,281.6276,281.5883
Potomje,Suhopolje_2025-03-13_11-08_tf_1h,2021-03-11 20:00:00,281.944,281.0067
Potomje,Suhopolje_2025-03-13_11-08_tf_1h,2021-03-11 21:00:00,280.26782,282.04126
Potomje,Suhopolje_2025-03-13_11-08_tf_1h,2021-03-11 22:00:00,280.85464,279.3436
Potomje,Suhopolje_2025-03-13_11-08_tf_1h,2021-03-11 23:00:00,281.0333,281.24442
Potomje,Suhopolje_2025-03-13_11-08_tf_1h,2021-03-12 00:00:00,280.82623,280.93985
Potomje,Suhopolje_2025-03-13_11-08_tf_1h,2021-03-12 01:00:00,280.6502,280.5243
Potomje,Suhopolje_2025-03-13_11-08_tf_1h,2021-03-12 02:00:00,280.58206,280.38245
Potomje,Suhopolje_2025-03-13_11-08_tf_1h,2021-03-12 03:00:00,280.7841,280.3977
Potomje,Suhopolje_2025-03-13_11-08_tf_1h,2021-03-12 04:00:00,281.1455,280.8166
Potomje,Suhopolje_2025-03-13_11-08_tf_1h,2021-03-12 05:00:00,281.43784,281.31195
Potomje,Suhopolje_2025-03-13_11-08_tf_1h,2021-03-12 06:00:00,281.6377,281.58383
Potomje,Suhopolje_2025-03-13_11-08_tf_1h,2021-03-12 07:00:00,281.9252,281.99658
Potomje,Suhopolje_2025-03-13_11-08_tf_1h,2021-03-12 08:00:00,282.43304,282.44318
Potomje,Suhopolje_2025-03-13_11-08_tf_1h,2021-03-12 09:00:00,283.16168,283.02988
Potomje,Suhopolje_2025-03-13_11-08_tf_1h,2021-03-12 10:00:00,284.0204,283.8311
Potomje,Suhopolje_2025-03-13_11-08_tf_1h,2021-03-12 11:00:00,284.69003,284.67728
Potomje,Suhopolje_2025-03-13_11-08_tf_1h,2021-03-12 12:00:00,285.2075,285.1713
Potomje,Suhopolje_2025-03-13_11-08_tf_1h,2021-03-12 13:00:00,285.39966,285.5311
Potomje,Suhopolje_2025-03-13_11-08_tf_1h,2021-03-12 14:00:00,285.44107,285.42017
Potomje,Suhopolje_2025-03-13_11-08_tf_1h,2021-03-12 15:00:00,285.3221,285.25137
Potomje,Suhopolje_2025-03-13_11-08_tf_1h,2021-03-12 16:00:00,285.07312,284.9677
Potomje,Suhopolje_2025-03-13_11-08_tf_1h,2021-03-12 17:00:00,284.85352,284.5824
Potomje,Suhopolje_2025-03-13_11-08_tf_1h,2021-03-12 18:00:00,284.50485,284.3508
Potomje,Suhopolje_2025-03-13_11-08_tf_1h,2021-03-12 19:00:00,284.1988,283.9803
Potomje,Suhopolje_2025-03-13_11-08_tf_1h,2021-03-12 20:00:00,284.22095,283.73392
Potomje,Suhopolje_2025-03-13_11-08_tf_1h,2021-03-12 21:00:00,284.23758,284.0429
Potomje,Suhopolje_2025-03-13_11-08_tf_1h,2021-03-12 22:00:00,284.57132,284.0366
Potomje,Suhopolje_2025-03-13_11-08_tf_1h,2021-03-12 23:00:00,284.83978,284.57434
Potomje,Suhopolje_2025-03-13_11-08_tf_1h,2021-03-13 00:00:00,284.7661,284.79236
Potomje,Suhopolje_2025-03-13_11-08_tf_1h,2021-03-13 01:00:00,284.92288,284.51633
Potomje,Suhopolje_2025-03-13_11-08_tf_1h,2021-03-13 02:00:00,284.6852,284.84528
Potomje,Suhopolje_2025-03-13_11-08_tf_1h,2021-03-13 03:00:00,284.48776,284.36026
Potomje,Suhopolje_2025-03-13_11-08_tf_1h,2021-03-13 04:00:00,283.77164,284.21933
Potomje,Suhopolje_2025-03-13_11-08_tf_1h,2021-03-13 05:00:00,283.30185,283.19254
Potomje,Suhopolje_2025-03-13_11-08_tf_1h,2021-03-13 06:00:00,283.78607,282.97147
Potomje,Suhopolje_2025-03-13_11-08_tf_1h,2021-03-13 07:00:00,282.79086,284.15872
Potomje,Suhopolje_2025-03-13_11-08_tf_1h,2021-03-13 08:00:00,284.21902,282.14923
Potomje,Suhopolje_2025-03-13_11-08_tf_1h,2021-03-13 09:00:00,285.23038,285.32135
Potomje,Suhopolje_2025-03-13_11-08_tf_1h,2021-03-13 10:00:00,286.09625,286.00635
Potomje,Suhopolje_2025-03-13_11-08_tf_1h,2021-03-13 11:00:00,286.71246,286.76352
Potomje,Suhopolje_2025-03-13_11-08_tf_1h,2021-03-13 12:00:00,287.26123,287.11383
Potomje,Suhopolje_2025-03-13_11-08_tf_1h,2021-03-13 13:00:00,287.65543,287.49243
Potomje,Suhopolje_2025-03-13_11-08_tf_1h,2021-03-13 14:00:00,287.76932,287.71646
Potomje,Suhopolje_2025-03-13_11-08_tf_1h,2021-03-13 15:00:00,287.69827,287.56638
Potomje,Suhopolje_2025-03-13_11-08_tf_1h,2021-03-13 16:00:00,287.54922,287.28976
Potomje,Suhopolje_2025-03-13_11-08_tf_1h,2021-03-13 17:00:00,286.97638,287.03146
Potomje,Suhopolje_2025-03-13_11-08_tf_1h,2021-03-13 18:00:00,286.1767,286.20322
Potomje,Suhopolje_2025-03-13_11-08_tf_1h,2021-03-13 19:00:00,285.67175,285.32095
Potomje,Suhopolje_2025-03-13_11-08_tf_1h,2021-03-13 20:00:00,285.27057,285.08926
Potomje,Suhopolje_2025-03-13_11-08_tf_1h,2021-03-13 21:00:00,285.21713,284.79514
Potomje,Suhopolje_2025-03-13_11-08_tf_1h,2021-03-13 22:00:00,285.0204,284.9934
Potomje,Suhopolje_2025-03-13_11-08_tf_1h,2021-03-13 23:00:00,285.09045,284.709
Potomje,Suhopolje_2025-03-13_11-08_tf_1h,2021-03-14 00:00:00,285.23254,284.97256
Potomje,Suhopolje_2025-03-13_11-08_tf_1h,2021-03-14 01:00:00,285.181,285.14142
Potomje,Suhopolje_2025-03-13_11-08_tf_1h,2021-03-14 02:00:00,285.2831,284.96228
Potomje,Suhopolje_2025-03-13_11-08_tf_1h,2021-03-14 03:00:00,285.29056,285.16922
Potomje,Suhopolje_2025-03-13_11-08_tf_1h,2021-03-14 04:00:00,285.22363,285.13297
Potomje,Suhopolje_2025-03-13_11-08_tf_1h,2021-03-14 05:00:00,285.16293,285.0703
Potomje,Suhopolje_2025-03-13_11-08_tf_1h,2021-03-14 06:00:00,284.99103,285.0286
Potomje,Suhopolje_2025-03-13_11-08_tf_1h,2021-03-14 07:00:00,284.8044,284.99557
Potomje,Suhopolje_2025-03-13_11-08_tf_1h,2021-03-14 08:00:00,285.1721,284.77975
Potomje,Suhopolje_2025-03-13_11-08_tf_1h,2021-03-14 09:00:00,285.7141,285.50064
Potomje,Suhopolje_2025-03-13_11-08_tf_1h,2021-03-14 10:00:00,286.09048,286.1204
Potomje,Suhopolje_2025-03-13_11-08_tf_1h,2021-03-14 11:00:00,286.40112,286.3667
Potomje,Suhopolje_2025-03-13_11-08_tf_1h,2021-03-14 12:00:00,286.56317,286.54553
Potomje,Suhopolje_2025-03-13_11-08_tf_1h,2021-03-14 13:00:00,286.65274,286.56616
Potomje,Suhopolje_2025-03-13_11-08_tf_1h,2021-03-14 14:00:00,286.63226,286.54926
Potomje,Suhopolje_2025-03-13_11-08_tf_1h,2021-03-14 15:00:00,286.92606,286.4186
Potomje,Suhopolje_2025-03-13_11-08_tf_1h,2021-03-14 16:00:00,286.79288,286.86533
Potomje,Suhopolje_2025-03-13_11-08_tf_1h,2021-03-14 17:00:00,286.57834,286.4787
Potomje,Suhopolje_2025-03-13_11-08_tf_1h,2021-03-14 18:00:00,286.07147,286.09018
Potomje,Suhopolje_2025-03-13_11-08_tf_1h,2021-03-14 19:00:00,285.60553,285.44333
Potomje,Suhopolje_2025-03-13_11-08_tf_1h,2021-03-14 20:00:00,284.48392,285.08057
Potomje,Suhopolje_2025-03-13_11-08_tf_1h,2021-03-14 21:00:00,283.8128,283.61206
Potomje,Suhopolje_2025-03-13_11-08_tf_1h,2021-03-14 22:00:00,283.48242,283.27472
Potomje,Suhopolje_2025-03-13_11-08_tf_1h,2021-03-14 23:00:00,283.18625,283.18787
Potomje,Suhopolje_2025-03-13_11-08_tf_1h,2021-03-15 00:00:00,282.97195,282.92914
Potomje,Suhopolje_2025-03-13_11-08_tf_1h,2021-03-15 01:00:00,282.6878,282.7772
Potomje,Suhopolje_2025-03-13_11-08_tf_1h,2021-03-15 02:00:00,282.15662,282.42572
Potomje,Suhopolje_2025-03-13_11-08_tf_1h,2021-03-15 03:00:00,281.6307,281.73096
Potomje,Suhopolje_2025-03-13_11-08_tf_1h,2021-03-15 04:00:00,281.06366,281.2644
Potomje,Suhopolje_2025-03-13_11-08_tf_1h,2021-03-15 05:00:00,280.7386,280.70615
Potomje,Suhopolje_2025-03-13_11-08_tf_1h,2021-03-15 06:00:00,280.45325,280.6477
Potomje,Suhopolje_2025-03-13_11-08_tf_1h,2021-03-15 07:00:00,280.3473,280.43414
Potomje,Suhopolje_2025-03-13_11-08_tf_1h,2021-03-15 08:00:00,280.77686,280.482
Potomje,Suhopolje_2025-03-13_11-08_tf_1h,2021-03-15 09:00:00,281.06268,281.25156
Potomje,Suhopolje_2025-03-13_11-08_tf_1h,2021-03-15 10:00:00,281.2664,281.38748
Potomje,Suhopolje_2025-03-13_11-08_tf_1h,2021-03-15 11:00:00,281.75015,281.48734
Potomje,Suhopolje_2025-03-13_11-08_tf_1h,2021-03-15 12:00:00,282.19034,282.10922
Potomje,Suhopolje_2025-03-13_11-08_tf_1h,2021-03-15 13:00:00,282.72104,282.51752
Potomje,Suhopolje_2025-03-13_11-08_tf_1h,2021-03-15 14:00:00,283.07645,283.0609
Potomje,Suhopolje_2025-03-13_11-08_tf_1h,2021-03-15 15:00:00,283.40756,283.2511
Potomje,Suhopolje_2025-03-13_11-08_tf_1h,2021-03-15 16:00:00,283.71335,283.51837
Potomje,Suhopolje_2025-03-13_11-08_tf_1h,2021-03-15 17:00:00,283.6163,283.79593
Potomje,Suhopolje_2025-03-13_11-08_tf_1h,2021-03-15 18:00:00,283.1634,283.4248
Potomje,Suhopolje_2025-03-13_11-08_tf_1h,2021-03-15 19:00:00,282.69745,282.66907
Potomje,Suhopolje_2025-03-13_11-08_tf_1h,2021-03-15 20:00:00,281.7145,282.18134
Potomje,Suhopolje_2025-03-13_11-08_tf_1h,2021-03-15 21:00:00,281.39136,280.89902
Potomje,Suhopolje_2025-03-13_11-08_tf_1h,2021-03-15 22:00:00,281.21222,281.10425
Potomje,Suhopolje_2025-03-13_11-08_tf_1h,2021-03-15 23:00:00,281.07278,281.0037
Potomje,Suhopolje_2025-03-13_11-08_tf_1h,2021-03-16 00:00:00,281.02994,280.90396
Potomje,Suhopolje_2025-03-13_11-08_tf_1h,2021-03-16 01:00:00,280.819,280.90872
Potomje,Suhopolje_2025-03-13_11-08_tf_1h,2021-03-16 02:00:00,280.50644,280.57086
Potomje,Suhopolje_2025-03-13_11-08_tf_1h,2021-03-16 03:00:00,280.1024,280.21036
Potomje,Suhopolje_2025-03-13_11-08_tf_1h,2021-03-16 04:00:00,279.69763,279.76434
Potomje,Suhopolje_2025-03-13_11-08_tf_1h,2021-03-16 05:00:00,279.29092,279.38672
Potomje,Suhopolje_2025-03-13_11-08_tf_1h,2021-03-16 06:00:00,278.96176,279.01163
Potomje,Suhopolje_2025-03-13_11-08_tf_1h,2021-03-16 07:00:00,279.03326,278.8024
Potomje,Suhopolje_2025-03-13_11-08_tf_1h,2021-03-16 08:00:00,280.70343,279.18246
Potomje,Suhopolje_2025-03-13_11-08_tf_1h,2021-03-16 09:00:00,281.94736,282.08453
Potomje,Suhopolje_2025-03-13_11-08_tf_1h,2021-03-16 10:00:00,282.7904,282.8659
Potomje,Suhopolje_2025-03-13_11-08_tf_1h,2021-03-16 11:00:00,283.80798,283.55884
Potomje,Suhopolje_2025-03-13_11-08_tf_1h,2021-03-16 12:00:00,284.51184,284.57684
Potomje,Suhopolje_2025-03-13_11-08_tf_1h,2021-03-16 13:00:00,285.1165,285.03723
Potomje,Suhopolje_2025-03-13_11-08_tf_1h,2021-03-16 14:00:00,285.48514,285.53214
Potomje,Suhopolje_2025-03-13_11-08_tf_1h,2021-03-16 15:00:00,285.49863,285.70844
Potomje,Suhopolje_2025-03-13_11-08_tf_1h,2021-03-16 16:00:00,285.24338,285.35263
Potomje,Suhopolje_2025-03-13_11-08_tf_1h,2021-03-16 17:00:00,284.62717,284.79178
Potomje,Suhopolje_2025-03-13_11-08_tf_1h,2021-03-16 18:00:00,283.684,283.87772
Potomje,Suhopolje_2025-03-13_11-08_tf_1h,2021-03-16 19:00:00,282.84625,282.70514
Potomje,Suhopolje_2025-03-13_11-08_tf_1h,2021-03-16 20:00:00,282.09186,282.08087
Potomje,Suhopolje_2025-03-13_11-08_tf_1h,2021-03-16 21:00:00,281.54114,281.43686
Potomje,Suhopolje_2025-03-13_11-08_tf_1h,2021-03-16 22:00:00,281.10434,281.0554
Potomje,Suhopolje_2025-03-13_11-08_tf_1h,2021-03-16 23:00:00,280.63815,280.71634
Potomje,Suhopolje_2025-03-13_11-08_tf_1h,2021-03-17 00:00:00,280.29214,280.22574
Potomje,Suhopolje_2025-03-13_11-08_tf_1h,2021-03-17 01:00:00,279.87628,279.96213
Potomje,Suhopolje_2025-03-13_11-08_tf_1h,2021-03-17 02:00:00,279.465,279.49252
Potomje,Suhopolje_2025-03-13_11-08_tf_1h,2021-03-17 03:00:00,279.03543,279.1073
Potomje,Suhopolje_2025-03-13_11-08_tf_1h,2021-03-17 04:00:00,278.67688,278.68958
Potomje,Suhopolje_2025-03-13_11-08_tf_1h,2021-03-17 05:00:00,278.41055,278.46918
Potomje,Suhopolje_2025-03-13_11-08_tf_1h,2021-03-17 06:00:00,278.1835,278.45984
Potomje,Suhopolje_2025-03-13_11-08_tf_1h,2021-03-17 07:00:00,278.2779,278.76343
Potomje,Suhopolje_2025-03-13_11-08_tf_1h,2021-03-17 08:00:00,279.24878,279.0936
Potomje,Suhopolje_2025-03-13_11-08_tf_1h,2021-03-17 09:00:00,279.9189,280.5332
Potomje,Suhopolje_2025-03-13_11-08_tf_1h,2021-03-17 10:00:00,281.08942,280.655
Potomje,Suhopolje_2025-03-13_11-08_tf_1h,2021-03-17 11:00:00,282.08945,282.0105
Potomje,Suhopolje_2025-03-13_11-08_tf_1h,2021-03-17 12:00:00,282.7521,282.78995
Potomje,Suhopolje_2025-03-13_11-08_tf_1h,2021-03-17 13:00:00,283.37503,283.21854
Potomje,Suhopolje_2025-03-13_11-08_tf_1h,2021-03-17 14:00:00,283.75357,283.7544
Potomje,Suhopolje_2025-03-13_11-08_tf_1h,2021-03-17 15:00:00,283.95657,283.91785
Potomje,Suhopolje_2025-03-13_11-08_tf_1h,2021-03-17 16:00:00,283.80823,283.90988
Potomje,Suhopolje_2025-03-13_11-08_tf_1h,2021-03-17 17:00:00,283.34445,283.50797
Potomje,Suhopolje_2025-03-13_11-08_tf_1h,2021-03-17 18:00:00,282.53323,282.7794
Potomje,Suhopolje_2025-03-13_11-08_tf_1h,2021-03-17 19:00:00,281.81036,281.7098
Potomje,Suhopolje_2025-03-13_11-08_tf_1h,2021-03-17 20:00:00,281.231,281.11777
Potomje,Suhopolje_2025-03-13_11-08_tf_1h,2021-03-17 21:00:00,280.6868,280.69882
Potomje,Suhopolje_2025-03-13_11-08_tf_1h,2021-03-17 22:00:00,280.23434,280.19986
Potomje,Suhopolje_2025-03-13_11-08_tf_1h,2021-03-17 23:00:00,279.74072,279.83862
Potomje,Suhopolje_2025-03-13_11-08_tf_1h,2021-03-18 00:00:00,279.26514,279.31467
Potomje,Suhopolje_2025-03-13_11-08_tf_1h,2021-03-18 01:00:00,278.71228,278.86115
Potomje,Suhopolje_2025-03-13_11-08_tf_1h,2021-03-18 02:00:00,278.1387,278.25647
Potomje,Suhopolje_2025-03-13_11-08_tf_1h,2021-03-18 03:00:00,277.693,277.68997
Potomje,Suhopolje_2025-03-13_11-08_tf_1h,2021-03-18 04:00:00,277.40405,277.36014
Potomje,Suhopolje_2025-03-13_11-08_tf_1h,2021-03-18 05:00:00,277.17096,277.22324
Potomje,Suhopolje_2025-03-13_11-08_tf_1h,2021-03-18 06:00:00,276.97833,277.13348
Potomje,Suhopolje_2025-03-13_11-08_tf_1h,2021-03-18 07:00:00,277.26392,277.29626
Potomje,Suhopolje_2025-03-13_11-08_tf_1h,2021-03-18 08:00:00,278.97934,278.12817
Potomje,Suhopolje_2025-03-13_11-08_tf_1h,2021-03-18 09:00:00,280.1602,280.9059
Potomje,Suhopolje_2025-03-13_11-08_tf_1h,2021-03-18 10:00:00,281.20813,280.99078
Potomje,Suhopolje_2025-03-13_11-08_tf_1h,2021-03-18 11:00:00,282.0933,282.0725
Potomje,Suhopolje_2025-03-13_11-08_tf_1h,2021-03-18 12:00:00,282.7172,282.7678
Potomje,Suhopolje_2025-03-13_11-08_tf_1h,2021-03-18 13:00:00,283.167,283.18457
Potomje,Suhopolje_2025-03-13_11-08_tf_1h,2021-03-18 14:00:00,283.3081,283.47308
Potomje,Suhopolje_2025-03-13_11-08_tf_1h,2021-03-18 15:00:00,283.25415,283.32428
Potomje,Suhopolje_2025-03-13_11-08_tf_1h,2021-03-18 16:00:00,282.8301,283.0249
Potomje,Suhopolje_2025-03-13_11-08_tf_1h,2021-03-18 17:00:00,282.46484,282.31723
Potomje,Suhopolje_2025-03-13_11-08_tf_1h,2021-03-18 18:00:00,281.87054,281.96747
Potomje,Suhopolje_2025-03-13_11-08_tf_1h,2021-03-18 19:00:00,281.3651,281.25336
Potomje,Suhopolje_2025-03-13_11-08_tf_1h,2021-03-18 20:00:00,280.0528,280.843
Potomje,Suhopolje_2025-03-13_11-08_tf_1h,2021-03-18 21:00:00,279.47803,279.0635
Potomje,Suhopolje_2025-03-13_11-08_tf_1h,2021-03-18 22:00:00,278.84375,279.0392
Potomje,Suhopolje_2025-03-13_11-08_tf_1h,2021-03-18 23:00:00,278.2685,278.3068
Potomje,Suhopolje_2025-03-13_11-08_tf_1h,2021-03-19 00:00:00,278.1033,277.8132
Potomje,Suhopolje_2025-03-13_11-08_tf_1h,2021-03-19 01:00:00,277.58008,277.9269
Potomje,Suhopolje_2025-03-13_11-08_tf_1h,2021-03-19 02:00:00,277.13748,277.11108
Potomje,Suhopolje_2025-03-13_11-08_tf_1h,2021-03-19 03:00:00,276.76135,276.7927
Potomje,Suhopolje_2025-03-13_11-08_tf_1h,2021-03-19 04:00:00,276.43484,276.4844
Potomje,Suhopolje_2025-03-13_11-08_tf_1h,2021-03-19 05:00:00,276.03897,276.3251
Potomje,Suhopolje_2025-03-13_11-08_tf_1h,2021-03-19 06:00:00,275.66382,276.17172
Potomje,Suhopolje_2025-03-13_11-08_tf_1h,2021-03-19 07:00:00,275.9547,276.39673
Potomje,Suhopolje_2025-03-13_11-08_tf_1h,2021-03-19 08:00:00,277.82037,277.15015
Potomje,Suhopolje_2025-03-13_11-08_tf_1h,2021-03-19 09:00:00,279.35327,279.86368
Potomje,Suhopolje_2025-03-13_11-08_tf_1h,2021-03-19 10:00:00,280.62878,280.3791
Potomje,Suhopolje_2025-03-13_11-08_tf_1h,2021-03-19 11:00:00,281.55414,281.6043
Potomje,Suhopolje_2025-03-13_11-08_tf_1h,2021-03-19 12:00:00,282.06656,282.2345
Potomje,Suhopolje_2025-03-13_11-08_tf_1h,2021-03-19 13:00:00,282.559,282.4517
Potomje,Suhopolje_2025-03-13_11-08_tf_1h,2021-03-19 14:00:00,282.90765,282.87524
Potomje,Suhopolje_2025-03-13_11-08_tf_1h,2021-03-19 15:00:00,282.85806,283.06473
Potomje,Suhopolje_2025-03-13_11-08_tf_1h,2021-03-19 16:00:00,282.61942,282.65726
Potomje,Suhopolje_2025-03-13_11-08_tf_1h,2021-03-19 17:00:00,282.27243,282.22943
Potomje,Suhopolje_2025-03-13_11-08_tf_1h,2021-03-19 18:00:00,281.61362,281.78918
Potomje,Suhopolje_2025-03-13_11-08_tf_1h,2021-03-19 19:00:00,280.48645,280.9113
Potomje,Suhopolje_2025-03-13_11-08_tf_1h,2021-03-19 20:00:00,280.85464,279.52432
Potomje,Suhopolje_2025-03-13_11-08_tf_1h,2021-03-19 21:00:00,280.19125,281.05133
Potomje,Suhopolje_2025-03-13_11-08_tf_1h,2021-03-19 22:00:00,278.6533,279.60526
Potomje,Suhopolje_2025-03-13_11-08_tf_1h,2021-03-19 23:00:00,277.23743,277.64233
Potomje,Suhopolje_2025-03-13_11-08_tf_1h,2021-03-20 00:00:00,276.66528,276.3202
Potomje,Suhopolje_2025-03-13_11-08_tf_1h,2021-03-20 01:00:00,277.1919,276.2497
Potomje,Suhopolje_2025-03-13_11-08_tf_1h,2021-03-20 02:00:00,277.1353,277.5581
Potomje,Suhopolje_2025-03-13_11-08_tf_1h,2021-03-20 03:00:00,276.99567,276.91116
Potomje,Suhopolje_2025-03-13_11-08_tf_1h,2021-03-20 04:00:00,276.8194,276.81082
Potomje,Suhopolje_2025-03-13_11-08_tf_1h,2021-03-20 05:00:00,276.69513,276.68033
Potomje,Suhopolje_2025-03-13_11-08_tf_1h,2021-03-20 06:00:00,276.67926,276.94543
Potomje,Suhopolje_2025-03-13_11-08_tf_1h,2021-03-20 07:00:00,276.8613,277.61972
Potomje,Suhopolje_2025-03-13_11-08_tf_1h,2021-03-20 08:00:00,277.92728,277.8965
Potomje,Suhopolje_2025-03-13_11-08_tf_1h,2021-03-20 09:00:00,279.35303,279.37305
Potomje,Suhopolje_2025-03-13_11-08_tf_1h,2021-03-20 10:00:00,280.9423,280.54315
Potomje,Suhopolje_2025-03-13_11-08_tf_1h,2021-03-20 11:00:00,282.06705,282.06522
Potomje,Suhopolje_2025-03-13_11-08_tf_1h,2021-03-20 12:00:00,282.73428,282.8947
Potomje,Suhopolje_2025-03-13_11-08_tf_1h,2021-03-20 13:00:00,283.13834,283.25357
Potomje,Suhopolje_2025-03-13_11-08_tf_1h,2021-03-20 14:00:00,283.36612,283.43158
Potomje,Suhopolje_2025-03-13_11-08_tf_1h,2021-03-20 15:00:00,283.3069,283.4743
Potomje,Suhopolje_2025-03-13_11-08_tf_1h,2021-03-20 16:00:00,283.10895,283.08115
Potomje,Suhopolje_2025-03-13_11-08_tf_1h,2021-03-20 17:00:00,282.6948,282.73474
Potomje,Suhopolje_2025-03-13_11-08_tf_1h,2021-03-20 18:00:00,281.9606,282.16476
Potomje,Suhopolje_2025-03-13_11-08_tf_1h,2021-03-20 19:00:00,281.26785,281.20444
Potomje,Suhopolje_2025-03-13_11-08_tf_1h,2021-03-20 20:00:00,280.6709,280.55948
Potomje,Suhopolje_2025-03-13_11-08_tf_1h,2021-03-20 21:00:00,279.73373,280.08325
Potomje,Suhopolje_2025-03-13_11-08_tf_1h,2021-03-20 22:00:00,279.11826,278.9657
Potomje,Suhopolje_2025-03-13_11-08_tf_1h,2021-03-20 23:00:00,278.63788,278.67337
Potomje,Suhopolje_2025-03-13_11-08_tf_1h,2021-03-21 00:00:00,278.12714,278.3024
Potomje,Suhopolje_2025-03-13_11-08_tf_1h,2021-03-21 01:00:00,277.8512,277.74777
Potomje,Suhopolje_2025-03-13_11-08_tf_1h,2021-03-21 02:00:00,277.50998,277.633
Potomje,Suhopolje_2025-03-13_11-08_tf_1h,2021-03-21 03:00:00,277.3301,277.21414
Potomje,Suhopolje_2025-03-13_11-08_tf_1h,2021-03-21 04:00:00,277.15964,277.19168
Potomje,Suhopolje_2025-03-13_11-08_tf_1h,2021-03-21 05:00:00,276.98434,277.05124
Potomje,Suhopolje_2025-03-13_11-08_tf_1h,2021-03-21 06:00:00,276.90848,277.057
Potomje,Suhopolje_2025-03-13_11-08_tf_1h,2021-03-21 07:00:00,277.2615,277.5578
Potomje,Suhopolje_2025-03-13_11-08_tf_1h,2021-03-21 08:00:00,278.7171,278.44058
Potomje,Suhopolje_2025-03-13_11-08_tf_1h,2021-03-21 09:00:00,280.08603,280.4073
Potomje,Suhopolje_2025-03-13_11-08_tf_1h,2021-03-21 10:00:00,281.39716,281.1272
Potomje,Suhopolje_2025-03-13_11-08_tf_1h,2021-03-21 11:00:00,282.52768,282.36597
Potomje,Suhopolje_2025-03-13_11-08_tf_1h,2021-03-21 12:00:00,283.4764,283.33844
Potomje,Suhopolje_2025-03-13_11-08_tf_1h,2021-03-21 13:00:00,284.1458,284.13458
Potomje,Suhopolje_2025-03-13_11-08_tf_1h,2021-03-21 14:00:00,284.58286,284.58655
Potomje,Suhopolje_2025-03-13_11-08_tf_1h,2021-03-21 15:00:00,284.64645,284.83902
Potomje,Suhopolje_2025-03-13_11-08_tf_1h,2021-03-21 16:00:00,284.1817,284.596
Potomje,Suhopolje_2025-03-13_11-08_tf_1h,2021-03-21 17:00:00,283.26428,283.58286
Potomje,Suhopolje_2025-03-13_11-08_tf_1h,2021-03-21 18:00:00,281.93027,282.29666
Potomje,Suhopolje_2025-03-13_11-08_tf_1h,2021-03-21 19:00:00,280.616,280.75647
Potomje,Suhopolje_2025-03-13_11-08_tf_1h,2021-03-21 20:00:00,279.61453,279.5926
Potomje,Suhopolje_2025-03-13_11-08_tf_1h,2021-03-21 21:00:00,279.10333,278.83893
Potomje,Suhopolje_2025-03-13_11-08_tf_1h,2021-03-21 22:00:00,278.7537,278.7062
Potomje,Suhopolje_2025-03-13_11-08_tf_1h,2021-03-21 23:00:00,278.46185,278.4576
Potomje,Suhopolje_2025-03-13_11-08_tf_1h,2021-03-22 00:00:00,278.3092,278.19656
Potomje,Suhopolje_2025-03-13_11-08_tf_1h,2021-03-22 01:00:00,278.29813,278.1297
Potomje,Suhopolje_2025-03-13_11-08_tf_1h,2021-03-22 02:00:00,278.56348,278.2186
Potomje,Suhopolje_2025-03-13_11-08_tf_1h,2021-03-22 03:00:00,278.68484,278.69427
Potomje,Suhopolje_2025-03-13_11-08_tf_1h,2021-03-22 04:00:00,278.75827,278.6824
Potomje,Suhopolje_2025-03-13_11-08_tf_1h,2021-03-22 05:00:00,278.68845,278.8476
Potomje,Suhopolje_2025-03-13_11-08_tf_1h,2021-03-22 06:00:00,278.56107,278.9114
Potomje,Suhopolje_2025-03-13_11-08_tf_1h,2021-03-22 07:00:00,278.6528,279.2488
Potomje,Suhopolje_2025-03-13_11-08_tf_1h,2021-03-22 08:00:00,279.39685,279.5003
Potomje,Suhopolje_2025-03-13_11-08_tf_1h,2021-03-22 09:00:00,279.94586,280.46292
Potomje,Suhopolje_2025-03-13_11-08_tf_1h,2021-03-22 10:00:00,281.15732,280.62762
Potomje,Suhopolje_2025-03-13_11-08_tf_1h,2021-03-22 11:00:00,282.24957,282.09393
Potomje,Suhopolje_2025-03-13_11-08_tf_1h,2021-03-22 12:00:00,283.27344,283.00284
Potomje,Suhopolje_2025-03-13_11-08_tf_1h,2021-03-22 13:00:00,284.11478,283.95834
Potomje,Suhopolje_2025-03-13_11-08_tf_1h,2021-03-22 14:00:00,284.47955,284.63828
Potomje,Suhopolje_2025-03-13_11-08_tf_1h,2021-03-22 15:00:00,284.03915,284.67734
Potomje,Suhopolje_2025-03-13_11-08_tf_1h,2021-03-22 16:00:00,283.402,283.54468
Potomje,Suhopolje_2025-03-13_11-08_tf_1h,2021-03-22 17:00:00,282.6105,282.59906
Potomje,Suhopolje_2025-03-13_11-08_tf_1h,2021-03-22 18:00:00,281.6064,281.73087
Potomje,Suhopolje_2025-03-13_11-08_tf_1h,2021-03-22 19:00:00,280.66995,280.72006
Potomje,Suhopolje_2025-03-13_11-08_tf_1h,2021-03-22 20:00:00,279.91818,279.9044
Potomje,Suhopolje_2025-03-13_11-08_tf_1h,2021-03-22 21:00:00,279.38965,279.33273
Potomje,Suhopolje_2025-03-13_11-08_tf_1h,2021-03-22 22:00:00,279.05084,278.99026
Potomje,Suhopolje_2025-03-13_11-08_tf_1h,2021-03-22 23:00:00,278.7183,278.78735
Potomje,Suhopolje_2025-03-13_11-08_tf_1h,2021-03-23 00:00:00,278.42792,278.4511
Potomje,Suhopolje_2025-03-13_11-08_tf_1h,2021-03-23 01:00:00,278.20853,278.18936
Potomje,Suhopolje_2025-03-13_11-08_tf_1h,2021-03-23 02:00:00,277.948,278.00894
Potomje,Suhopolje_2025-03-13_11-08_tf_1h,2021-03-23 03:00:00,277.67975,277.71335
Potomje,Suhopolje_2025-03-13_11-08_tf_1h,2021-03-23 04:00:00,277.3412,277.46384
Potomje,Suhopolje_2025-03-13_11-08_tf_1h,2021-03-23 05:00:00,276.97543,277.13293
Potomje,Suhopolje_2025-03-13_11-08_tf_1h,2021-03-23 06:00:00,276.68552,276.96835
Potomje,Suhopolje_2025-03-13_11-08_tf_1h,2021-03-23 07:00:00,276.85165,277.0937
Potomje,Suhopolje_2025-03-13_11-08_tf_1h,2021-03-23 08:00:00,277.52997,277.7605
Potomje,Suhopolje_2025-03-13_11-08_tf_1h,2021-03-23 09:00:00,278.72675,278.6515
Potomje,Suhopolje_2025-03-13_11-08_tf_1h,2021-03-23 10:00:00,279.92853,279.9151
Potomje,Suhopolje_2025-03-13_11-08_tf_1h,2021-03-23 11:00:00,281.1583,280.86853
Potomje,Suhopolje_2025-03-13_11-08_tf_1h,2021-03-23 12:00:00,282.25076,281.99966
Potomje,Suhopolje_2025-03-13_11-08_tf_1h,2021-03-23 13:00:00,282.94186,282.95798
Potomje,Suhopolje_2025-03-13_11-08_tf_1h,2021-03-23 14:00:00,283.29678,283.36874
Potomje,Suhopolje_2025-03-13_11-08_tf_1h,2021-03-23 15:00:00,283.3861,283.49435
Potomje,Suhopolje_2025-03-13_11-08_tf_1h,2021-03-23 16:00:00,283.193,283.27402
Potomje,Suhopolje_2025-03-13_11-08_tf_1h,2021-03-23 17:00:00,282.72635,282.81476
Potomje,Suhopolje_2025-03-13_11-08_tf_1h,2021-03-23 18:00:00,281.99915,282.12894
Potomje,Suhopolje_2025-03-13_11-08_tf_1h,2021-03-23 19:00:00,281.40292,281.223
Potomje,Suhopolje_2025-03-13_11-08_tf_1h,2021-03-23 20:00:00,280.9577,280.8158
Potomje,Suhopolje_2025-03-13_11-08_tf_1h,2021-03-23 21:00:00,280.6259,280.52982
Potomje,Suhopolje_2025-03-13_11-08_tf_1h,2021-03-23 22:00:00,280.34103,280.2935
Potomje,Suhopolje_2025-03-13_11-08_tf_1h,2021-03-23 23:00:00,280.04004,280.06097
Potomje,Suhopolje_2025-03-13_11-08_tf_1h,2021-03-24 00:00:00,279.8994,279.7612
Potomje,Suhopolje_2025-03-13_11-08_tf_1h,2021-03-24 01:00:00,279.89676,279.73608
Potomje,Suhopolje_2025-03-13_11-08_tf_1h,2021-03-24 02:00:00,279.94708,279.81992
Potomje,Suhopolje_2025-03-13_11-08_tf_1h,2021-03-24 03:00:00,279.84402,279.8962
Potomje,Suhopolje_2025-03-13_11-08_tf_1h,2021-03-24 04:00:00,279.62778,279.6791
Potomje,Suhopolje_2025-03-13_11-08_tf_1h,2021-03-24 05:00:00,279.40552,279.40854
Potomje,Suhopolje_2025-03-13_11-08_tf_1h,2021-03-24 06:00:00,279.2967,279.25778
Potomje,Suhopolje_2025-03-13_11-08_tf_1h,2021-03-24 07:00:00,279.73132,279.3733
Potomje,Suhopolje_2025-03-13_11-08_tf_1h,2021-03-24 08:00:00,281.77496,280.4829
Potomje,Suhopolje_2025-03-13_11-08_tf_1h,2021-03-24 09:00:00,282.81543,283.50363
Potomje,Suhopolje_2025-03-13_11-08_tf_1h,2021-03-24 10:00:00,283.8198,283.6846
Potomje,Suhopolje_2025-03-13_11-08_tf_1h,2021-03-24 11:00:00,285.19522,284.66498
Potomje,Suhopolje_2025-03-13_11-08_tf_1h,2021-03-24 12:00:00,286.38522,286.13544
Potomje,Suhopolje_2025-03-13_11-08_tf_1h,2021-03-24 13:00:00,286.90268,287.15103
Potomje,Suhopolje_2025-03-13_11-08_tf_1h,2021-03-24 14:00:00,287.05487,287.24185
Potomje,Suhopolje_2025-03-13_11-08_tf_1h,2021-03-24 15:00:00,286.8148,287.08212
Potomje,Suhopolje_2025-03-13_11-08_tf_1h,2021-03-24 16:00:00,286.62988,286.38284
Potomje,Suhopolje_2025-03-13_11-08_tf_1h,2021-03-24 17:00:00,286.05606,286.06613
Potomje,Suhopolje_2025-03-13_11-08_tf_1h,2021-03-24 18:00:00,285.08588,285.22156
Potomje,Suhopolje_2025-03-13_11-08_tf_1h,2021-03-24 19:00:00,284.13885,284.03555
Potomje,Suhopolje_2025-03-13_11-08_tf_1h,2021-03-24 20:00:00,283.4863,283.23206
Potomje,Suhopolje_2025-03-13_11-08_tf_1h,2021-03-24 21:00:00,282.8954,282.83417
Potomje,Suhopolje_2025-03-13_11-08_tf_1h,2021-03-24 22:00:00,282.50143,282.33658
Potomje,Suhopolje_2025-03-13_11-08_tf_1h,2021-03-24 23:00:00,282.17178,282.11023
Potomje,Suhopolje_2025-03-13_11-08_tf_1h,2021-03-25 00:00:00,281.92593,281.83792
Potomje,Suhopolje_2025-03-13_11-08_tf_1h,2021-03-25 01:00:00,281.6926,281.65515
Potomje,Suhopolje_2025-03-13_11-08_tf_1h,2021-03-25 02:00:00,281.45422,281.43185
Potomje,Suhopolje_2025-03-13_11-08_tf_1h,2021-03-25 03:00:00,281.1684,281.19974
Potomje,Suhopolje_2025-03-13_11-08_tf_1h,2021-03-25 04:00:00,280.64346,280.9075
Potomje,Suhopolje_2025-03-13_11-08_tf_1h,2021-03-25 05:00:00,280.00534,280.27008
Potomje,Suhopolje_2025-03-13_11-08_tf_1h,2021-03-25 06:00:00,279.3711,279.75955
Potomje,Suhopolje_2025-03-13_11-08_tf_1h,2021-03-25 07:00:00,279.6899,279.69205
Potomje,Suhopolje_2025-03-13_11-08_tf_1h,2021-03-25 08:00:00,281.8282,280.7129
Potomje,Suhopolje_2025-03-13_11-08_tf_1h,2021-03-25 09:00:00,283.03503,283.72565
Potomje,Suhopolje_2025-03-13_11-08_tf_1h,2021-03-25 10:00:00,283.8193,283.9434
Potomje,Suhopolje_2025-03-13_11-08_tf_1h,2021-03-25 11:00:00,284.82367,284.53226
Potomje,Suhopolje_2025-03-13_11-08_tf_1h,2021-03-25 12:00:00,285.6397,285.48187
Potomje,Suhopolje_2025-03-13_11-08_tf_1h,2021-03-25 13:00:00,286.32022,286.1108
Potomje,Suhopolje_2025-03-13_11-08_tf_1h,2021-03-25 14:00:00,286.72137,286.6624
Potomje,Suhopolje_2025-03-13_11-08_tf_1h,2021-03-25 15:00:00,286.1909,286.86276
Potomje,Suhopolje_2025-03-13_11-08_tf_1h,2021-03-25 16:00:00,285.32596,285.62756
Potomje,Suhopolje_2025-03-13_11-08_tf_1h,2021-03-25 17:00:00,284.95706,284.3427
Potomje,Suhopolje_2025-03-13_11-08_tf_1h,2021-03-25 18:00:00,284.38422,284.354
Potomje,Suhopolje_2025-03-13_11-08_tf_1h,2021-03-25 19:00:00,283.79715,283.70547
Potomje,Suhopolje_2025-03-13_11-08_tf_1h,2021-03-25 20:00:00,283.52097,283.16418
Potomje,Suhopolje_2025-03-13_11-08_tf_1h,2021-03-25 21:00:00,283.2922,283.13754
Potomje,Suhopolje_2025-03-13_11-08_tf_1h,2021-03-25 22:00:00,282.8814,282.9558
Potomje,Suhopolje_2025-03-13_11-08_tf_1h,2021-03-25 23:00:00,282.09857,282.4527
Potomje,Suhopolje_2025-03-13_11-08_tf_1h,2021-03-26 00:00:00,280.6384,281.44855
Potomje,Suhopolje_2025-03-13_11-08_tf_1h,2021-03-26 01:00:00,279.67184,279.6794
Potomje,Suhopolje_2025-03-13_11-08_tf_1h,2021-03-26 02:00:00,278.70505,279.00043
Potomje,Suhopolje_2025-03-13_11-08_tf_1h,2021-03-26 03:00:00,278.2839,277.99155
Potomje,Suhopolje_2025-03-13_11-08_tf_1h,2021-03-26 04:00:00,278.30896,278.01505
Potomje,Suhopolje_2025-03-13_11-08_tf_1h,2021-03-26 05:00:00,278.2119,278.38373
Potomje,Suhopolje_2025-03-13_11-08_tf_1h,2021-03-26 06:00:00,278.1522,278.30478
Potomje,Suhopolje_2025-03-13_11-08_tf_1h,2021-03-26 07:00:00,279.2023,279.03717
Potomje,Suhopolje_2025-03-13_11-08_tf_1h,2021-03-26 08:00:00,281.71426,280.8541
Potomje,Suhopolje_2025-03-13_11-08_tf_1h,2021-03-26 09:00:00,283.50412,283.56046
Potomje,Suhopolje_2025-03-13_11-08_tf_1h,2021-03-26 10:00:00,284.66257,284.72943
Potomje,Suhopolje_2025-03-13_11-08_tf_1h,2021-03-26 11:00:00,285.4613,285.54672
Potomje,Suhopolje_2025-03-13_11-08_tf_1h,2021-03-26 12:00:00,285.9997,286.0334
Potomje,Suhopolje_2025-03-13_11-08_tf_1h,2021-03-26 13:00:00,286.3679,286.30133
Potomje,Suhopolje_2025-03-13_11-08_tf_1h,2021-03-26 14:00:00,286.55545,286.48312
Potomje,Suhopolje_2025-03-13_11-08_tf_1h,2021-03-26 15:00:00,286.3686,286.53802
Potomje,Suhopolje_2025-03-13_11-08_tf_1h,2021-03-26 16:00:00,286.00333,286.0648
Potomje,Suhopolje_2025-03-13_11-08_tf_1h,2021-03-26 17:00:00,285.48776,285.4459
Potomje,Suhopolje_2025-03-13_11-08_tf_1h,2021-03-26 18:00:00,284.88965,284.81427
Potomje,Suhopolje_2025-03-13_11-08_tf_1h,2021-03-26 19:00:00,284.1386,284.13864
Potomje,Suhopolje_2025-03-13_11-08_tf_1h,2021-03-26 20:00:00,283.7136,283.31772
Potomje,Suhopolje_2025-03-13_11-08_tf_1h,2021-03-26 21:00:00,283.56094,283.15427
Potomje,Suhopolje_2025-03-13_11-08_tf_1h,2021-03-26 22:00:00,283.20554,283.16626
Potomje,Suhopolje_2025-03-13_11-08_tf_1h,2021-03-26 23:00:00,282.86697,282.70206
Potomje,Suhopolje_2025-03-13_11-08_tf_1h,2021-03-27 00:00:00,282.54694,282.42426
Potomje,Suhopolje_2025-03-13_11-08_tf_1h,2021-03-27 01:00:00,282.13422,282.16498
Potomje,Suhopolje_2025-03-13_11-08_tf_1h,2021-03-27 02:00:00,281.57318,281.75082
Potomje,Suhopolje_2025-03-13_11-08_tf_1h,2021-03-27 03:00:00,281.02054,281.13803
Potomje,Suhopolje_2025-03-13_11-08_tf_1h,2021-03-27 04:00:00,280.49924,280.6294
Potomje,Suhopolje_2025-03-13_11-08_tf_1h,2021-03-27 05:00:00,279.96683,280.1747
Potomje,Suhopolje_2025-03-13_11-08_tf_1h,2021-03-27 06:00:00,279.62418,279.83206
Potomje,Suhopolje_2025-03-13_11-08_tf_1h,2021-03-27 07:00:00,280.05182,280.20703
Potomje,Suhopolje_2025-03-13_11-08_tf_1h,2021-03-27 08:00:00,282.58884,281.03546
Potomje,Suhopolje_2025-03-13_11-08_tf_1h,2021-03-27 09:00:00,284.42538,284.6264
Potomje,Suhopolje_2025-03-13_11-08_tf_1h,2021-03-27 10:00:00,285.79962,285.70444
Potomje,Suhopolje_2025-03-13_11-08_tf_1h,2021-03-27 11:00:00,286.62747,286.84622
Potomje,Suhopolje_2025-03-13_11-08_tf_1h,2021-03-27 12:00:00,287.00095,287.2207
Potomje,Suhopolje_2025-03-13_11-08_tf_1h,2021-03-27 13:00:00,287.6099,287.2222
Potomje,Suhopolje_2025-03-13_11-08_tf_1h,2021-03-27 14:00:00,287.72357,287.874
Potomje,Suhopolje_2025-03-13_11-08_tf_1h,2021-03-27 15:00:00,287.59906,287.65286
Potomje,Suhopolje_2025-03-13_11-08_tf_1h,2021-03-27 16:00:00,287.14276,287.2069
Potomje,Suhopolje_2025-03-13_11-08_tf_1h,2021-03-27 17:00:00,286.5191,286.44226
Potomje,Suhopolje_2025-03-13_11-08_tf_1h,2021-03-27 18:00:00,285.77576,285.66357
Potomje,Suhopolje_2025-03-13_11-08_tf_1h,2021-03-27 19:00:00,285.11142,284.8845
Potomje,Suhopolje_2025-03-13_11-08_tf_1h,2021-03-27 20:00:00,284.72253,284.3637
Potomje,Suhopolje_2025-03-13_11-08_tf_1h,2021-03-27 21:00:00,284.39145,284.1843
Potomje,Suhopolje_2025-03-13_11-08_tf_1h,2021-03-27 22:00:00,284.15906,283.91714
Potomje,Suhopolje_2025-03-13_11-08_tf_1h,2021-03-27 23:00:00,283.78198,283.7778
Potomje,Suhopolje_2025-03-13_11-08_tf_1h,2021-03-28 00:00:00,283.28403,283.33087
Potomje,Suhopolje_2025-03-13_11-08_tf_1h,2021-03-28 01:00:00,282.9132,282.7874
Potomje,Suhopolje_2025-03-13_11-08_tf_1h,2021-03-28 02:00:00,282.58813,282.53217
Potomje,Suhopolje_2025-03-13_11-08_tf_1h,2021-03-28 03:00:00,282.3926,282.2668
Potomje,Suhopolje_2025-03-13_11-08_tf_1h,2021-03-28 04:00:00,282.2515,282.19022
Potomje,Suhopolje_2025-03-13_11-08_tf_1h,2021-03-28 05:00:00,282.14868,282.111
Potomje,Suhopolje_2025-03-13_11-08_tf_1h,2021-03-28 06:00:00,282.29675,282.15332
Potomje,Suhopolje_2025-03-13_11-08_tf_1h,2021-03-28 07:00:00,282.92114,283.0103
Potomje,Suhopolje_2025-03-13_11-08_tf_1h,2021-03-28 08:00:00,285.6048,283.82037
Potomje,Suhopolje_2025-03-13_11-08_tf_1h,2021-03-28 09:00:00,286.73535,287.46686
Potomje,Suhopolje_2025-03-13_11-08_tf_1h,2021-03-28 10:00:00,287.85938,287.64554
Potomje,Suhopolje_2025-03-13_11-08_tf_1h,2021-03-28 11:00:00,288.48328,288.64594
Potomje,Suhopolje_2025-03-13_11-08_tf_1h,2021-03-28 12:00:00,288.71564,288.88315
Potomje,Suhopolje_2025-03-13_11-08_tf_1h,2021-03-28 13:00:00,288.7183,288.77576
Potomje,Suhopolje_2025-03-13_11-08_tf_1h,2021-03-28 14:00:00,288.66266,288.53967
Potomje,Suhopolje_2025-03-13_11-08_tf_1h,2021-03-28 15:00:00,288.41656,288.2588
Potomje,Suhopolje_2025-03-13_11-08_tf_1h,2021-03-28 16:00:00,287.9781,287.81613
Potomje,Suhopolje_2025-03-13_11-08_tf_1h,2021-03-28 17:00:00,287.5574,287.1792
Potomje,Suhopolje_2025-03-13_11-08_tf_1h,2021-03-28 18:00:00,286.89377,286.7848
Potomje,Suhopolje_2025-03-13_11-08_tf_1h,2021-03-28 19:00:00,286.15814,286.05054
Potomje,Suhopolje_2025-03-13_11-08_tf_1h,2021-03-28 20:00:00,286.57568,285.33618
Potomje,Suhopolje_2025-03-13_11-08_tf_1h,2021-03-28 21:00:00,286.2446,286.48816
Potomje,Suhopolje_2025-03-13_11-08_tf_1h,2021-03-28 22:00:00,285.88315,285.71497
Potomje,Suhopolje_2025-03-13_11-08_tf_1h,2021-03-28 23:00:00,284.64716,285.38016
Potomje,Suhopolje_2025-03-13_11-08_tf_1h,2021-03-29 00:00:00,283.32953,283.73578
Potomje,Suhopolje_2025-03-13_11-08_tf_1h,2021-03-29 01:00:00,282.68372,282.4467
Potomje,Suhopolje_2025-03-13_11-08_tf_1h,2021-03-29 02:00:00,282.25366,282.21716
Potomje,Suhopolje_2025-03-13_11-08_tf_1h,2021-03-29 03:00:00,281.47925,281.95697
Potomje,Suhopolje_2025-03-13_11-08_tf_1h,2021-03-29 04:00:00,281.00345,280.9549
Potomje,Suhopolje_2025-03-13_11-08_tf_1h,2021-03-29 05:00:00,280.74026,280.7672
Potomje,Suhopolje_2025-03-13_11-08_tf_1h,2021-03-29 06:00:00,280.54907,280.8425
Potomje,Suhopolje_2025-03-13_11-08_tf_1h,2021-03-29 07:00:00,282.51782,281.1816
Potomje,Suhopolje_2025-03-13_11-08_tf_1h,2021-03-29 08:00:00,285.364,284.5653
Potomje,Suhopolje_2025-03-13_11-08_tf_1h,2021-03-29 09:00:00,287.20972,287.0776
Potomje,Suhopolje_2025-03-13_11-08_tf_1h,2021-03-29 10:00:00,288.55093,288.55652
Potomje,Suhopolje_2025-03-13_11-08_tf_1h,2021-03-29 11:00:00,289.4804,289.4724
Potomje,Suhopolje_2025-03-13_11-08_tf_1h,2021-03-29 12:00:00,289.94345,290.05035
Potomje,Suhopolje_2025-03-13_11-08_tf_1h,2021-03-29 13:00:00,290.04315,290.14758
Potomje,Suhopolje_2025-03-13_11-08_tf_1h,2021-03-29 14:00:00,289.91263,289.94525
Potomje,Suhopolje_2025-03-13_11-08_tf_1h,2021-03-29 15:00:00,289.49026,289.59702
Potomje,Suhopolje_2025-03-13_11-08_tf_1h,2021-03-29 16:00:00,289.2148,288.82886
Potomje,Suhopolje_2025-03-13_11-08_tf_1h,2021-03-29 17:00:00,288.6925,288.5145
Potomje,Suhopolje_2025-03-13_11-08_tf_1h,2021-03-29 18:00:00,288.033,287.82758
Potomje,Suhopolje_2025-03-13_11-08_tf_1h,2021-03-29 19:00:00,287.5969,287.10452
Potomje,Suhopolje_2025-03-13_11-08_tf_1h,2021-03-29 20:00:00,287.65326,286.87857
Potomje,Suhopolje_2025-03-13_11-08_tf_1h,2021-03-29 21:00:00,287.40137,287.22305
Potomje,Suhopolje_2025-03-13_11-08_tf_1h,2021-03-29 22:00:00,287.4305,286.7874
Potomje,Suhopolje_2025-03-13_11-08_tf_1h,2021-03-29 23:00:00,287.03827,287.0237
Potomje,Suhopolje_2025-03-13_11-08_tf_1h,2021-03-30 00:00:00,285.9448,286.44797
Potomje,Suhopolje_2025-03-13_11-08_tf_1h,2021-03-30 01:00:00,284.82318,285.0472
Potomje,Suhopolje_2025-03-13_11-08_tf_1h,2021-03-30 02:00:00,283.9821,283.9953
Potomje,Suhopolje_2025-03-13_11-08_tf_1h,2021-03-30 03:00:00,283.42874,283.38223
Potomje,Suhopolje_2025-03-13_11-08_tf_1h,2021-03-30 04:00:00,282.92474,283.05057
Potomje,Suhopolje_2025-03-13_11-08_tf_1h,2021-03-30 05:00:00,282.57248,282.5855
Potomje,Suhopolje_2025-03-13_11-08_tf_1h,2021-03-30 06:00:00,282.33722,282.44452
Potomje,Suhopolje_2025-03-13_11-08_tf_1h,2021-03-30 07:00:00,282.95773,282.65033
Potomje,Suhopolje_2025-03-13_11-08_tf_1h,2021-03-30 08:00:00,285.96625,283.8686
Potomje,Suhopolje_2025-03-13_11-08_tf_1h,2021-03-30 09:00:00,288.15387,288.1796
Potomje,Suhopolje_2025-03-13_11-08_tf_1h,2021-03-30 10:00:00,289.26007,289.63083
Potomje,Suhopolje_2025-03-13_11-08_tf_1h,2021-03-30 11:00:00,290.05182,290.10944
Potomje,Suhopolje_2025-03-13_11-08_tf_1h,2021-03-30 12:00:00,290.65765,290.56775
Potomje,Suhopolje_2025-03-13_11-08_tf_1h,2021-03-30 13:00:00,291.02414,290.94156
Potomje,Suhopolje_2025-03-13_11-08_tf_1h,2021-03-30 14:00:00,291.3976,291.07162
Potomje,Suhopolje_2025-03-13_11-08_tf_1h,2021-03-30 15:00:00,291.44385,291.36902
Potomje,Suhopolje_2025-03-13_11-08_tf_1h,2021-03-30 16:00:00,290.88736,291.14426
Potomje,Suhopolje_2025-03-13_11-08_tf_1h,2021-03-30 17:00:00,290.1219,290.11536
Potomje,Suhopolje_2025-03-13_11-08_tf_1h,2021-03-30 18:00:00,289.2189,289.03375
Potomje,Suhopolje_2025-03-13_11-08_tf_1h,2021-03-30 19:00:00,288.40814,288.10062
Potomje,Suhopolje_2025-03-13_11-08_tf_1h,2021-03-30 20:00:00,287.98602,287.45462
Potomje,Suhopolje_2025-03-13_11-08_tf_1h,2021-03-30 21:00:00,287.5728,287.32278
Potomje,Suhopolje_2025-03-13_11-08_tf_1h,2021-03-30 22:00:00,287.1105,286.94803
Potomje,Suhopolje_2025-03-13_11-08_tf_1h,2021-03-30 23:00:00,286.5244,286.4906
Potomje,Suhopolje_2025-03-13_11-08_tf_1h,2021-03-31 00:00:00,285.74182,285.89658
Potomje,Suhopolje_2025-03-13_11-08_tf_1h,2021-03-31 01:00:00,284.92575,285.0848
Potomje,Suhopolje_2025-03-13_11-08_tf_1h,2021-03-31 02:00:00,284.22144,284.3074
Potomje,Suhopolje_2025-03-13_11-08_tf_1h,2021-03-31 03:00:00,283.67868,283.7066
Potomje,Suhopolje_2025-03-13_11-08_tf_1h,2021-03-31 04:00:00,283.3175,283.28152
Potomje,Suhopolje_2025-03-13_11-08_tf_1h,2021-03-31 05:00:00,282.94836,283.0489
Potomje,Suhopolje_2025-03-13_11-08_tf_1h,2021-03-31 06:00:00,282.70346,282.74252
Potomje,Suhopolje_2025-03-13_11-08_tf_1h,2021-03-31 07:00:00,283.47354,283.19098
Potomje,Suhopolje_2025-03-13_11-08_tf_1h,2021-03-31 08:00:00,286.53308,284.68884
Potomje,Suhopolje_2025-03-13_11-08_tf_1h,2021-03-31 09:00:00,288.66122,288.66165
Potomje,Suhopolje_2025-03-13_11-08_tf_1h,2021-03-31 10:00:00,289.88953,290.12488
Potomje,Suhopolje_2025-03-13_11-08_tf_1h,2021-03-31 11:00:00,290.6651,290.81082
Potomje,Suhopolje_2025-03-13_11-08_tf_1h,2021-03-31 12:00:00,291.04822,291.1866
Potomje,Suhopolje_2025-03-13_11-08_tf_1h,2021-03-31 13:00:00,290.99765,291.21085
Potomje,Suhopolje_2025-03-13_11-08_tf_1h,2021-03-31 14:00:00,290.727,290.78787
Potomje,Suhopolje_2025-03-13_11-08_tf_1h,2021-03-31 15:00:00,290.48547,290.2816
Potomje,Suhopolje_2025-03-13_11-08_tf_1h,2021-03-31 16:00:00,290.125,289.86047
Potomje,Suhopolje_2025-03-13_11-08_tf_1h,2021-03-31 17:00:00,289.62103,289.3591
Potomje,Suhopolje_2025-03-13_11-08_tf_1h,2021-03-31 18:00:00,288.8305,288.71136
Potomje,Suhopolje_2025-03-13_11-08_tf_1h,2021-03-31 19:00:00,288.1192,287.8027
Potomje,Suhopolje_2025-03-13_11-08_tf_1h,2021-03-31 20:00:00,287.9523,287.23383
Potomje,Suhopolje_2025-03-13_11-08_tf_1h,2021-03-31 21:00:00,287.65805,287.44324
Potomje,Suhopolje_2025-03-13_11-08_tf_1h,2021-03-31 22:00:00,287.30215,287.10297
Potomje,Suhopolje_2025-03-13_11-08_tf_1h,2021-03-31 23:00:00,286.62506,286.74582
Potomje,Suhopolje_2025-03-13_11-08_tf_1h,2021-04-01 00:00:00,285.6985,285.94467
Potomje,Suhopolje_2025-03-13_11-08_tf_1h,2021-04-01 01:00:00,284.81573,284.96133
Potomje,Suhopolje_2025-03-13_11-08_tf_1h,2021-04-01 02:00:00,284.13696,284.17184
Potomje,Suhopolje_2025-03-13_11-08_tf_1h,2021-04-01 03:00:00,283.6948,283.65378
Potomje,Suhopolje_2025-03-13_11-08_tf_1h,2021-04-01 04:00:00,283.3578,283.37024
Potomje,Suhopolje_2025-03-13_11-08_tf_1h,2021-04-01 05:00:00,283.03833,283.0961
Potomje,Suhopolje_2025-03-13_11-08_tf_1h,2021-04-01 06:00:00,282.81818,282.8978
Potomje,Suhopolje_2025-03-13_11-08_tf_1h,2021-04-01 07:00:00,283.9848,283.3377
Potomje,Suhopolje_2025-03-13_11-08_tf_1h,2021-04-01 08:00:00,286.8168,285.40884
Potomje,Suhopolje_2025-03-13_11-08_tf_1h,2021-04-01 09:00:00,289.09454,288.67038
Potomje,Suhopolje_2025-03-13_11-08_tf_1h,2021-04-01 10:00:00,290.40564,290.6755
Potomje,Suhopolje_2025-03-13_11-08_tf_1h,2021-04-01 11:00:00,291.14578,291.32822
Potomje,Suhopolje_2025-03-13_11-08_tf_1h,2021-04-01 12:00:00,291.37125,291.61047
Potomje,Suhopolje_2025-03-13_11-08_tf_1h,2021-04-01 13:00:00,291.29263,291.416
Potomje,Suhopolje_2025-03-13_11-08_tf_1h,2021-04-01 14:00:00,291.05334,291.0533
Potomje,Suhopolje_2025-03-13_11-08_tf_1h,2021-04-01 15:00:00,290.84198,290.6011
Potomje,Suhopolje_2025-03-13_11-08_tf_1h,2021-04-01 16:00:00,290.55356,290.2176
Potomje,Suhopolje_2025-03-13_11-08_tf_1h,2021-04-01 17:00:00,289.88434,289.80286
Potomje,Suhopolje_2025-03-13_11-08_tf_1h,2021-04-01 18:00:00,288.9068,288.85992
Potomje,Suhopolje_2025-03-13_11-08_tf_1h,2021-04-01 19:00:00,287.96085,287.8009
Potomje,Suhopolje_2025-03-13_11-08_tf_1h,2021-04-01 20:00:00,286.75598,286.9803
Potomje,Suhopolje_2025-03-13_11-08_tf_1h,2021-04-01 21:00:00,287.1562,285.78088
Potomje,Suhopolje_2025-03-13_11-08_tf_1h,2021-04-01 22:00:00,285.99142,287.08868
Potomje,Suhopolje_2025-03-13_11-08_tf_1h,2021-04-01 23:00:00,285.71442,285.11658
Potomje,Suhopolje_2025-03-13_11-08_tf_1h,2021-04-02 00:00:00,286.16245,285.35803
Potomje,Suhopolje_2025-03-13_11-08_tf_1h,2021-04-02 01:00:00,285.89157,286.24704
Potomje,Suhopolje_2025-03-13_11-08_tf_1h,2021-04-02 02:00:00,285.58243,285.52292
Potomje,Suhopolje_2025-03-13_11-08_tf_1h,2021-04-02 03:00:00,284.2031,285.22354
Potomje,Suhopolje_2025-03-13_11-08_tf_1h,2021-04-02 04:00:00,282.7786,283.1687
Potomje,Suhopolje_2025-03-13_11-08_tf_1h,2021-04-02 05:00:00,282.61288,281.96332
Potomje,Suhopolje_2025-03-13_11-08_tf_1h,2021-04-02 06:00:00,282.892,283.11847
Potomje,Suhopolje_2025-03-13_11-08_tf_1h,2021-04-02 07:00:00,284.7645,283.71353
Potomje,Suhopolje_2025-03-13_11-08_tf_1h,2021-04-02 08:00:00,287.36942,286.5488
Potomje,Suhopolje_2025-03-13_11-08_tf_1h,2021-04-02 09:00:00,288.95142,289.08093
Potomje,Suhopolje_2025-03-13_11-08_tf_1h,2021-04-02 10:00:00,289.8222,290.10007
Potomje,Suhopolje_2025-03-13_11-08_tf_1h,2021-04-02 11:00:00,290.31058,290.4361
Potomje,Suhopolje_2025-03-13_11-08_tf_1h,2021-04-02 12:00:00,290.56445,290.57654
Potomje,Suhopolje_2025-03-13_11-08_tf_1h,2021-04-02 13:00:00,290.7039,290.5852
Potomje,Suhopolje_2025-03-13_11-08_tf_1h,2021-04-02 14:00:00,290.51135,290.56372
Potomje,Suhopolje_2025-03-13_11-08_tf_1h,2021-04-02 15:00:00,290.13928,290.0812
Potomje,Suhopolje_2025-03-13_11-08_tf_1h,2021-04-02 16:00:00,289.8344,289.4035
Potomje,Suhopolje_2025-03-13_11-08_tf_1h,2021-04-02 17:00:00,289.30273,289.06418
Potomje,Suhopolje_2025-03-13_11-08_tf_1h,2021-04-02 18:00:00,288.53528,288.3845
Potomje,Suhopolje_2025-03-13_11-08_tf_1h,2021-04-02 19:00:00,287.77203,287.55103
Potomje,Suhopolje_2025-03-13_11-08_tf_1h,2021-04-02 20:00:00,287.4661,286.89325
Potomje,Suhopolje_2025-03-13_11-08_tf_1h,2021-04-02 21:00:00,287.20053,286.89233
Potomje,Suhopolje_2025-03-13_11-08_tf_1h,2021-04-02 22:00:00,286.9461,286.71594
Potomje,Suhopolje_2025-03-13_11-08_tf_1h,2021-04-02 23:00:00,286.66782,286.52573
Potomje,Suhopolje_2025-03-13_11-08_tf_1h,2021-04-03 00:00:00,286.3826,286.2461
Potomje,Suhopolje_2025-03-13_11-08_tf_1h,2021-04-03 01:00:00,286.18127,285.9694
Potomje,Suhopolje_2025-03-13_11-08_tf_1h,2021-04-03 02:00:00,286.0801,285.83893
Potomje,Suhopolje_2025-03-13_11-08_tf_1h,2021-04-03 03:00:00,285.97495,285.8406
Potomje,Suhopolje_2025-03-13_11-08_tf_1h,2021-04-03 04:00:00,285.81427,285.76025
Potomje,Suhopolje_2025-03-13_11-08_tf_1h,2021-04-03 05:00:00,285.6908,285.60306
Potomje,Suhopolje_2025-03-13_11-08_tf_1h,2021-04-03 06:00:00,285.68018,285.7516
Potomje,Suhopolje_2025-03-13_11-08_tf_1h,2021-04-03 07:00:00,286.1332,286.02408
Potomje,Suhopolje_2025-03-13_11-08_tf_1h,2021-04-03 08:00:00,287.04092,286.60602
Potomje,Suhopolje_2025-03-13_11-08_tf_1h,2021-04-03 09:00:00,287.46875,287.77087
Potomje,Suhopolje_2025-03-13_11-08_tf_1h,2021-04-03 10:00:00,287.95898,287.85803
Potomje,Suhopolje_2025-03-13_11-08_tf_1h,2021-04-03 11:00:00,288.7294,288.2108
Potomje,Suhopolje_2025-03-13_11-08_tf_1h,2021-04-03 12:00:00,289.18564,289.1321
Potomje,Suhopolje_2025-03-13_11-08_tf_1h,2021-04-03 13:00:00,289.20422,289.3548
Potomje,Suhopolje_2025-03-13_11-08_tf_1h,2021-04-03 14:00:00,288.4439,289.01544
Potomje,Suhopolje_2025-03-13_11-08_tf_1h,2021-04-03 15:00:00,287.90854,287.64056
Potomje,Suhopolje_2025-03-13_11-08_tf_1h,2021-04-03 16:00:00,287.03296,287.12042
Potomje,Suhopolje_2025-03-13_11-08_tf_1h,2021-04-03 17:00:00,285.79303,286.14276
Potomje,Suhopolje_2025-03-13_11-08_tf_1h,2021-04-03 18:00:00,284.3648,284.7906
Potomje,Suhopolje_2025-03-13_11-08_tf_1h,2021-04-03 19:00:00,283.28662,283.38937
Potomje,Suhopolje_2025-03-13_11-08_tf_1h,2021-04-03 20:00:00,283.67966,282.52652
Potomje,Suhopolje_2025-03-13_11-08_tf_1h,2021-04-03 21:00:00,283.40985,283.85822
Potomje,Suhopolje_2025-03-13_11-08_tf_1h,2021-04-03 22:00:00,283.20325,283.09805
Potomje,Suhopolje_2025-03-13_11-08_tf_1h,2021-04-03 23:00:00,283.27972,282.99466
Potomje,Suhopolje_2025-03-13_11-08_tf_1h,2021-04-04 00:00:00,283.22687,283.23425
Potomje,Suhopolje_2025-03-13_11-08_tf_1h,2021-04-04 01:00:00,283.06223,283.09412
Potomje,Suhopolje_2025-03-13_11-08_tf_1h,2021-04-04 02:00:00,282.87262,282.9148
Potomje,Suhopolje_2025-03-13_11-08_tf_1h,2021-04-04 03:00:00,282.51355,282.7714
Potomje,Suhopolje_2025-03-13_11-08_tf_1h,2021-04-04 04:00:00,282.12823,282.37582
Potomje,Suhopolje_2025-03-13_11-08_tf_1h,2021-04-04 05:00:00,281.6733,282.13297
Potomje,Suhopolje_2025-03-13_11-08_tf_1h,2021-04-04 06:00:00,281.26752,281.72668
Potomje,Suhopolje_2025-03-13_11-08_tf_1h,2021-04-04 07:00:00,281.51608,281.3008
Potomje,Suhopolje_2025-03-13_11-08_tf_1h,2021-04-04 08:00:00,282.35742,281.90436
Potomje,Suhopolje_2025-03-13_11-08_tf_1h,2021-04-04 09:00:00,283.41196,283.04462
Potomje,Suhopolje_2025-03-13_11-08_tf_1h,2021-04-04 10:00:00,284.58044,284.26877
Potomje,Suhopolje_2025-03-13_11-08_tf_1h,2021-04-04 11:00:00,285.6576,285.33154
Potomje,Suhopolje_2025-03-13_11-08_tf_1h,2021-04-04 12:00:00,286.52386,286.28714
Potomje,Suhopolje_2025-03-13_11-08_tf_1h,2021-04-04 13:00:00,287.08023,286.99094
Potomje,Suhopolje_2025-03-13_11-08_tf_1h,2021-04-04 14:00:00,287.28073,287.33725
Potomje,Suhopolje_2025-03-13_11-08_tf_1h,2021-04-04 15:00:00,287.10095,287.2699
Potomje,Suhopolje_2025-03-13_11-08_tf_1h,2021-04-04 16:00:00,286.8088,286.66608
Potomje,Suhopolje_2025-03-13_11-08_tf_1h,2021-04-04 17:00:00,286.1964,286.20142
Potomje,Suhopolje_2025-03-13_11-08_tf_1h,2021-04-04 18:00:00,285.0545,285.38318
Potomje,Suhopolje_2025-03-13_11-08_tf_1h,2021-04-04 19:00:00,283.77527,283.9758
Potomje,Suhopolje_2025-03-13_11-08_tf_1h,2021-04-04 20:00:00,282.2533,282.73965
Potomje,Suhopolje_2025-03-13_11-08_tf_1h,2021-04-04 21:00:00,281.72086,281.2186
Potomje,Suhopolje_2025-03-13_11-08_tf_1h,2021-04-04 22:00:00,281.31613,281.31003
Potomje,Suhopolje_2025-03-13_11-08_tf_1h,2021-04-04 23:00:00,280.87555,280.96027
Potomje,Suhopolje_2025-03-13_11-08_tf_1h,2021-04-05 00:00:00,280.45834,280.50906
Potomje,Suhopolje_2025-03-13_11-08_tf_1h,2021-04-05 01:00:00,279.98883,280.0868
Potomje,Suhopolje_2025-03-13_11-08_tf_1h,2021-04-05 02:00:00,279.5355,279.5766
Potomje,Suhopolje_2025-03-13_11-08_tf_1h,2021-04-05 03:00:00,279.13742,279.1768
Potomje,Suhopolje_2025-03-13_11-08_tf_1h,2021-04-05 04:00:00,278.7672,278.88254
Potomje,Suhopolje_2025-03-13_11-08_tf_1h,2021-04-05 05:00:00,278.4573,278.65787
Potomje,Suhopolje_2025-03-13_11-08_tf_1h,2021-04-05 06:00:00,278.26477,278.72
Potomje,Suhopolje_2025-03-13_11-08_tf_1h,2021-04-05 07:00:00,279.29385,278.97632
Potomje,Suhopolje_2025-03-13_11-08_tf_1h,2021-04-05 08:00:00,280.86707,281.05295
Potomje,Suhopolje_2025-03-13_11-08_tf_1h,2021-04-05 09:00:00,282.23364,282.13803
Potomje,Suhopolje_2025-03-13_11-08_tf_1h,2021-04-05 10:00:00,283.38275,283.30957
Potomje,Suhopolje_2025-03-13_11-08_tf_1h,2021-04-05 11:00:00,284.2562,284.20837
Potomje,Suhopolje_2025-03-13_11-08_tf_1h,2021-04-05 12:00:00,284.83752,284.83023
Potomje,Suhopolje_2025-03-13_11-08_tf_1h,2021-04-05 13:00:00,285.12512,285.16275
Potomje,Suhopolje_2025-03-13_11-08_tf_1h,2021-04-05 14:00:00,285.2088,285.21402
Potomje,Suhopolje_2025-03-13_11-08_tf_1h,2021-04-05 15:00:00,285.09726,285.06198
Potomje,Suhopolje_2025-03-13_11-08_tf_1h,2021-04-05 16:00:00,284.76663,284.72415
Potomje,Suhopolje_2025-03-13_11-08_tf_1h,2021-04-05 17:00:00,284.2445,284.21472
Potomje,Suhopolje_2025-03-13_11-08_tf_1h,2021-04-05 18:00:00,283.61804,283.54498
Potomje,Suhopolje_2025-03-13_11-08_tf_1h,2021-04-05 19:00:00,282.60703,282.85947
Potomje,Suhopolje_2025-03-13_11-08_tf_1h,2021-04-05 20:00:00,283.43854,281.69446
Potomje,Suhopolje_2025-03-13_11-08_tf_1h,2021-04-05 21:00:00,282.8131,283.83524
Potomje,Suhopolje_2025-03-13_11-08_tf_1h,2021-04-05 22:00:00,281.24283,282.26898
Potomje,Suhopolje_2025-03-13_11-08_tf_1h,2021-04-05 23:00:00,279.66827,280.17798
Potomje,Suhopolje_2025-03-13_11-08_tf_1h,2021-04-06 00:00:00,279.0065,278.69232
Potomje,Suhopolje_2025-03-13_11-08_tf_1h,2021-04-06 01:00:00,278.75287,278.47177
Potomje,Suhopolje_2025-03-13_11-08_tf_1h,2021-04-06 02:00:00,279.48584,278.4773
Potomje,Suhopolje_2025-03-13_11-08_tf_1h,2021-04-06 03:00:00,279.7113,279.9422
Potomje,Suhopolje_2025-03-13_11-08_tf_1h,2021-04-06 04:00:00,279.87543,279.6403
Potomje,Suhopolje_2025-03-13_11-08_tf_1h,2021-04-06 05:00:00,279.8778,279.9291
Potomje,Suhopolje_2025-03-13_11-08_tf_1h,2021-04-06 06:00:00,280.0077,280.1171
Potomje,Suhopolje_2025-03-13_11-08_tf_1h,2021-04-06 07:00:00,281.0495,280.84097
Potomje,Suhopolje_2025-03-13_11-08_tf_1h,2021-04-06 08:00:00,282.85162,282.41144
Potomje,Suhopolje_2025-03-13_11-08_tf_1h,2021-04-06 09:00:00,284.33774,284.13208
Potomje,Suhopolje_2025-03-13_11-08_tf_1h,2021-04-06 10:00:00,285.47968,285.42514
Potomje,Suhopolje_2025-03-13_11-08_tf_1h,2021-04-06 11:00:00,286.10907,286.33243
Potomje,Suhopolje_2025-03-13_11-08_tf_1h,2021-04-06 12:00:00,286.50635,286.58798
Potomje,Suhopolje_2025-03-13_11-08_tf_1h,2021-04-06 13:00:00,286.37994,286.75647
Potomje,Suhopolje_2025-03-13_11-08_tf_1h,2021-04-06 14:00:00,286.56796,286.2428
Potomje,Suhopolje_2025-03-13_11-08_tf_1h,2021-04-06 15:00:00,286.4968,286.43765
Potomje,Suhopolje_2025-03-13_11-08_tf_1h,2021-04-06 16:00:00,285.93988,286.17847
Potomje,Suhopolje_2025-03-13_11-08_tf_1h,2021-04-06 17:00:00,285.2088,285.20874
Potomje,Suhopolje_2025-03-13_11-08_tf_1h,2021-04-06 18:00:00,284.51328,284.30142
Potomje,Suhopolje_2025-03-13_11-08_tf_1h,2021-04-06 19:00:00,284.14706,283.74
Potomje,Suhopolje_2025-03-13_11-08_tf_1h,2021-04-06 20:00:00,282.54013,283.57166
Potomje,Suhopolje_2025-03-13_11-08_tf_1h,2021-04-06 21:00:00,281.18256,281.45514
Potomje,Suhopolje_2025-03-13_11-08_tf_1h,2021-04-06 22:00:00,278.57098,280.28427
Potomje,Suhopolje_2025-03-13_11-08_tf_1h,2021-04-06 23:00:00,276.80203,277.53735
Potomje,Suhopolje_2025-03-13_11-08_tf_1h,2021-04-07 00:00:00,276.40634,275.94772
Potomje,Suhopolje_2025-03-13_11-08_tf_1h,2021-04-07 01:00:00,276.26694,276.2052
Potomje,Suhopolje_2025-03-13_11-08_tf_1h,2021-04-07 02:00:00,276.45468,276.13718
Potomje,Suhopolje_2025-03-13_11-08_tf_1h,2021-04-07 03:00:00,276.413,276.61542
Potomje,Suhopolje_2025-03-13_11-08_tf_1h,2021-04-07 04:00:00,276.36438,276.43796
Potomje,Suhopolje_2025-03-13_11-08_tf_1h,2021-04-07 05:00:00,276.19098,276.98184
Potomje,Suhopolje_2025-03-13_11-08_tf_1h,2021-04-07 06:00:00,276.00986,277.43796
Potomje,Suhopolje_2025-03-13_11-08_tf_1h,2021-04-07 07:00:00,276.7006,277.5348
Potomje,Suhopolje_2025-03-13_11-08_tf_1h,2021-04-07 08:00:00,278.03958,278.5004
Potomje,Suhopolje_2025-03-13_11-08_tf_1h,2021-04-07 09:00:00,279.3459,279.47995
Potomje,Suhopolje_2025-03-13_11-08_tf_1h,2021-04-07 10:00:00,280.6193,280.3937
Potomje,Suhopolje_2025-03-13_11-08_tf_1h,2021-04-07 11:00:00,281.72723,281.4436
Potomje,Suhopolje_2025-03-13_11-08_tf_1h,2021-04-07 12:00:00,282.55923,282.36722
Potomje,Suhopolje_2025-03-13_11-08_tf_1h,2021-04-07 13:00:00,282.9706,283.041
Potomje,Suhopolje_2025-03-13_11-08_tf_1h,2021-04-07 14:00:00,283.148,283.15497
Potomje,Suhopolje_2025-03-13_11-08_tf_1h,2021-04-07 15:00:00,283.11426,283.14267
Potomje,Suhopolje_2025-03-13_11-08_tf_1h,2021-04-07 16:00:00,282.986,282.8485
Potomje,Suhopolje_2025-03-13_11-08_tf_1h,2021-04-07 17:00:00,282.67316,282.63898
Potomje,Suhopolje_2025-03-13_11-08_tf_1h,2021-04-07 18:00:00,281.97235,282.18198
Potomje,Suhopolje_2025-03-13_11-08_tf_1h,2021-04-07 19:00:00,281.1188,281.15292
Potomje,Suhopolje_2025-03-13_11-08_tf_1h,2021-04-07 20:00:00,280.80145,280.21982
Potomje,Suhopolje_2025-03-13_11-08_tf_1h,2021-04-07 21:00:00,280.12213,280.3911
Potomje,Suhopolje_2025-03-13_11-08_tf_1h,2021-04-07 22:00:00,279.5116,279.4947
Potomje,Suhopolje_2025-03-13_11-08_tf_1h,2021-04-07 23:00:00,278.8748,279.043
Potomje,Suhopolje_2025-03-13_11-08_tf_1h,2021-04-08 00:00:00,278.2876,278.40057
Potomje,Suhopolje_2025-03-13_11-08_tf_1h,2021-04-08 01:00:00,277.71185,277.87784
Potomje,Suhopolje_2025-03-13_11-08_tf_1h,2021-04-08 02:00:00,277.23492,277.29965
Potomje,Suhopolje_2025-03-13_11-08_tf_1h,2021-04-08 03:00:00,276.82755,276.89532
Potomje,Suhopolje_2025-03-13_11-08_tf_1h,2021-04-08 04:00:00,276.47113,276.54425
Potomje,Suhopolje_2025-03-13_11-08_tf_1h,2021-04-08 05:00:00,276.15564,276.28586
Potomje,Suhopolje_2025-03-13_11-08_tf_1h,2021-04-08 06:00:00,275.96045,276.24185
Potomje,Suhopolje_2025-03-13_11-08_tf_1h,2021-04-08 07:00:00,276.84534,276.60464
Potomje,Suhopolje_2025-03-13_11-08_tf_1h,2021-04-08 08:00:00,278.69446,278.51205
Potomje,Suhopolje_2025-03-13_11-08_tf_1h,2021-04-08 09:00:00,280.17526,280.40787
Potomje,Suhopolje_2025-03-13_11-08_tf_1h,2021-04-08 10:00:00,281.4104,281.33557
Potomje,Suhopolje_2025-03-13_11-08_tf_1h,2021-04-08 11:00:00,282.50613,282.3228
Potomje,Suhopolje_2025-03-13_11-08_tf_1h,2021-04-08 12:00:00,283.44092,283.29913
Potomje,Suhopolje_2025-03-13_11-08_tf_1h,2021-04-08 13:00:00,284.11996,284.08505
Potomje,Suhopolje_2025-03-13_11-08_tf_1h,2021-04-08 14:00:00,284.56,284.56558
Potomje,Suhopolje_2025-03-13_11-08_tf_1h,2021-04-08 15:00:00,284.69836,284.82065
Potomje,Suhopolje_2025-03-13_11-08_tf_1h,2021-04-08 16:00:00,284.39484,284.72736
Potomje,Suhopolje_2025-03-13_11-08_tf_1h,2021-04-08 17:00:00,283.84537,283.94922
Potomje,Suhopolje_2025-03-13_11-08_tf_1h,2021-04-08 18:00:00,283.28424,283.15756
Potomje,Suhopolje_2025-03-13_11-08_tf_1h,2021-04-08 19:00:00,282.71008,282.5773
Potomje,Suhopolje_2025-03-13_11-08_tf_1h,2021-04-08 20:00:00,282.50027,282.04736
Potomje,Suhopolje_2025-03-13_11-08_tf_1h,2021-04-08 21:00:00,282.2281,282.15207
Potomje,Suhopolje_2025-03-13_11-08_tf_1h,2021-04-08 22:00:00,281.98642,281.83185
Potomje,Suhopolje_2025-03-13_11-08_tf_1h,2021-04-08 23:00:00,281.61224,281.63715
Potomje,Suhopolje_2025-03-13_11-08_tf_1h,2021-04-09 00:00:00,280.87424,281.1919
Potomje,Suhopolje_2025-03-13_11-08_tf_1h,2021-04-09 01:00:00,280.1301,280.24442
Potomje,Suhopolje_2025-03-13_11-08_tf_1h,2021-04-09 02:00:00,279.79285,279.54684
Potomje,Suhopolje_2025-03-13_11-08_tf_1h,2021-04-09 03:00:00,279.32782,279.51605
Potomje,Suhopolje_2025-03-13_11-08_tf_1h,2021-04-09 04:00:00,278.9279,278.98495
Potomje,Suhopolje_2025-03-13_11-08_tf_1h,2021-04-09 05:00:00,278.63736,278.6779
Potomje,Suhopolje_2025-03-13_11-08_tf_1h,2021-04-09 06:00:00,278.43262,278.5514
Potomje,Suhopolje_2025-03-13_11-08_tf_1h,2021-04-09 07:00:00,279.86746,278.76312
Potomje,Suhopolje_2025-03-13_11-08_tf_1h,2021-04-09 08:00:00,281.8276,281.65295
Potomje,Suhopolje_2025-03-13_11-08_tf_1h,2021-04-09 09:00:00,283.01547,283.06097
Potomje,Suhopolje_2025-03-13_11-08_tf_1h,2021-04-09 10:00:00,283.95984,284.01575
Potomje,Suhopolje_2025-03-13_11-08_tf_1h,2021-04-09 11:00:00,284.83115,284.7428
Potomje,Suhopolje_2025-03-13_11-08_tf_1h,2021-04-09 12:00:00,285.41275,285.4818
Potomje,Suhopolje_2025-03-13_11-08_tf_1h,2021-04-09 13:00:00,285.6868,285.81235
Potomje,Suhopolje_2025-03-13_11-08_tf_1h,2021-04-09 14:00:00,285.70673,285.8395
Potomje,Suhopolje_2025-03-13_11-08_tf_1h,2021-04-09 15:00:00,285.5705,285.58395
Potomje,Suhopolje_2025-03-13_11-08_tf_1h,2021-04-09 16:00:00,285.31607,285.2215
Potomje,Suhopolje_2025-03-13_11-08_tf_1h,2021-04-09 17:00:00,284.9087,284.85654
Potomje,Suhopolje_2025-03-13_11-08_tf_1h,2021-04-09 18:00:00,284.33853,284.33514
Potomje,Suhopolje_2025-03-13_11-08_tf_1h,2021-04-09 19:00:00,283.44437,283.64954
Potomje,Suhopolje_2025-03-13_11-08_tf_1h,2021-04-09 20:00:00,282.22833,282.5706
Potomje,Suhopolje_2025-03-13_11-08_tf_1h,2021-04-09 21:00:00,281.46432,281.24112
Potomje,Suhopolje_2025-03-13_11-08_tf_1h,2021-04-09 22:00:00,280.85828,280.80576
Potomje,Suhopolje_2025-03-13_11-08_tf_1h,2021-04-09 23:00:00,280.54413,280.3227
Potomje,Suhopolje_2025-03-13_11-08_tf_1h,2021-04-10 00:00:00,279.87463,280.23093
Potomje,Suhopolje_2025-03-13_11-08_tf_1h,2021-04-10 01:00:00,279.1831,279.32382
Potomje,Suhopolje_2025-03-13_11-08_tf_1h,2021-04-10 02:00:00,278.82858,278.64926
Potomje,Suhopolje_2025-03-13_11-08_tf_1h,2021-04-10 03:00:00,279.0479,278.5668
Potomje,Suhopolje_2025-03-13_11-08_tf_1h,2021-04-10 04:00:00,279.0596,279.24808
Potomje,Suhopolje_2025-03-13_11-08_tf_1h,2021-04-10 05:00:00,278.8599,279.05655
Potomje,Suhopolje_2025-03-13_11-08_tf_1h,2021-04-10 06:00:00,279.0883,279.3503
Potomje,Suhopolje_2025-03-13_11-08_tf_1h,2021-04-10 07:00:00,280.8097,280.23352
Potomje,Suhopolje_2025-03-13_11-08_tf_1h,2021-04-10 08:00:00,283.45898,282.68124
Potomje,Suhopolje_2025-03-13_11-08_tf_1h,2021-04-10 09:00:00,284.56506,285.0775
Potomje,Suhopolje_2025-03-13_11-08_tf_1h,2021-04-10 10:00:00,285.62946,285.45303
Potomje,Suhopolje_2025-03-13_11-08_tf_1h,2021-04-10 11:00:00,286.59662,286.439
Potomje,Suhopolje_2025-03-13_11-08_tf_1h,2021-04-10 12:00:00,287.10413,287.22263
Potomje,Suhopolje_2025-03-13_11-08_tf_1h,2021-04-10 13:00:00,287.3171,287.38324
Potomje,Suhopolje_2025-03-13_11-08_tf_1h,2021-04-10 14:00:00,287.2927,287.36197
Potomje,Suhopolje_2025-03-13_11-08_tf_1h,2021-04-10 15:00:00,287.05103,287.10876
Potomje,Suhopolje_2025-03-13_11-08_tf_1h,2021-04-10 16:00:00,286.69888,286.54343
Potomje,Suhopolje_2025-03-13_11-08_tf_1h,2021-04-10 17:00:00,286.20837,286.03036
Potomje,Suhopolje_2025-03-13_11-08_tf_1h,2021-04-10 18:00:00,285.5041,285.38483
Potomje,Suhopolje_2025-03-13_11-08_tf_1h,2021-04-10 19:00:00,284.6721,284.59625
Potomje,Suhopolje_2025-03-13_11-08_tf_1h,2021-04-10 20:00:00,284.33374,283.7844
Potomje,Suhopolje_2025-03-13_11-08_tf_1h,2021-04-10 21:00:00,283.93884,283.81143
Potomje,Suhopolje_2025-03-13_11-08_tf_1h,2021-04-10 22:00:00,283.5344,283.42526
Potomje,Suhopolje_2025-03-13_11-08_tf_1h,2021-04-10 23:00:00,283.18704,283.0599
Potomje,Suhopolje_2025-03-13_11-08_tf_1h,2021-04-11 00:00:00,283.0577,282.79047
Potomje,Suhopolje_2025-03-13_11-08_tf_1h,2021-04-11 01:00:00,282.65988,282.8374
Potomje,Suhopolje_2025-03-13_11-08_tf_1h,2021-04-11 02:00:00,282.36884,282.29526
Potomje,Suhopolje_2025-03-13_11-08_tf_1h,2021-04-11 03:00:00,282.1954,282.10342
Potomje,Suhopolje_2025-03-13_11-08_tf_1h,2021-04-11 04:00:00,282.33112,282.0295
Potomje,Suhopolje_2025-03-13_11-08_tf_1h,2021-04-11 05:00:00,282.38184,282.4424
Potomje,Suhopolje_2025-03-13_11-08_tf_1h,2021-04-11 06:00:00,282.62668,282.6416
Potomje,Suhopolje_2025-03-13_11-08_tf_1h,2021-04-11 07:00:00,283.29962,283.396
Potomje,Suhopolje_2025-03-13_11-08_tf_1h,2021-04-11 08:00:00,285.09564,284.06915
Potomje,Suhopolje_2025-03-13_11-08_tf_1h,2021-04-11 09:00:00,286.02567,286.4487
Potomje,Suhopolje_2025-03-13_11-08_tf_1h,2021-04-11 10:00:00,286.52573,286.77048
Potomje,Suhopolje_2025-03-13_11-08_tf_1h,2021-04-11 11:00:00,286.89352,286.91776
Potomje,Suhopolje_2025-03-13_11-08_tf_1h,2021-04-11 12:00:00,287.2295,287.09937
Potomje,Suhopolje_2025-03-13_11-08_tf_1h,2021-04-11 13:00:00,287.37103,287.2959
Potomje,Suhopolje_2025-03-13_11-08_tf_1h,2021-04-11 14:00:00,287.16257,287.22183
Potomje,Suhopolje_2025-03-13_11-08_tf_1h,2021-04-11 15:00:00,286.83856,286.7223
Potomje,Suhopolje_2025-03-13_11-08_tf_1h,2021-04-11 16:00:00,286.58203,286.24954
Potomje,Suhopolje_2025-03-13_11-08_tf_1h,2021-04-11 17:00:00,286.44394,285.99265
Potomje,Suhopolje_2025-03-13_11-08_tf_1h,2021-04-11 18:00:00,286.19617,285.96185
Potomje,Suhopolje_2025-03-13_11-08_tf_1h,2021-04-11 19:00:00,285.9014,285.67868
Potomje,Suhopolje_2025-03-13_11-08_tf_1h,2021-04-11 20:00:00,285.7532,285.37924
Potomje,Suhopolje_2025-03-13_11-08_tf_1h,2021-04-11 21:00:00,285.55377,285.34943
Potomje,Suhopolje_2025-03-13_11-08_tf_1h,2021-04-11 22:00:00,285.281,285.14368
Potomje,Suhopolje_2025-03-13_11-08_tf_1h,2021-04-11 23:00:00,285.15805,284.85748
Potomje,Suhopolje_2025-03-13_11-08_tf_1h,2021-04-12 00:00:00,284.96207,284.85217
Potomje,Suhopolje_2025-03-13_11-08_tf_1h,2021-04-12 01:00:00,284.6912,284.64984
Potomje,Suhopolje_2025-03-13_11-08_tf_1h,2021-04-12 02:00:00,284.38873,284.37347
Potomje,Suhopolje_2025-03-13_11-08_tf_1h,2021-04-12 03:00:00,284.16086,284.08542
Potomje,Suhopolje_2025-03-13_11-08_tf_1h,2021-04-12 04:00:00,284.0472,283.93182
Potomje,Suhopolje_2025-03-13_11-08_tf_1h,2021-04-12 05:00:00,284.0565,283.9329
Potomje,Suhopolje_2025-03-13_11-08_tf_1h,2021-04-12 06:00:00,284.14175,284.1273
Potomje,Suhopolje_2025-03-13_11-08_tf_1h,2021-04-12 07:00:00,285.14743,284.3675
Potomje,Suhopolje_2025-03-13_11-08_tf_1h,2021-04-12 08:00:00,286.42084,285.92554
Potomje,Suhopolje_2025-03-13_11-08_tf_1h,2021-04-12 09:00:00,287.09616,287.40726
Potomje,Suhopolje_2025-03-13_11-08_tf_1h,2021-04-12 10:00:00,287.43182,287.6249
Potomje,Suhopolje_2025-03-13_11-08_tf_1h,2021-04-12 11:00:00,287.56674,287.62357
Potomje,Suhopolje_2025-03-13_11-08_tf_1h,2021-04-12 12:00:00,287.9773,287.4888
Potomje,Suhopolje_2025-03-13_11-08_tf_1h,2021-04-12 13:00:00,287.9452,288.00687
Potomje,Suhopolje_2025-03-13_11-08_tf_1h,2021-04-12 14:00:00,287.94464,287.69022
Potomje,Suhopolje_2025-03-13_11-08_tf_1h,2021-04-12 15:00:00,287.62012,287.59125
Potomje,Suhopolje_2025-03-13_11-08_tf_1h,2021-04-12 16:00:00,287.25842,287.0576
Potomje,Suhopolje_2025-03-13_11-08_tf_1h,2021-04-12 17:00:00,286.91,286.5904
Potomje,Suhopolje_2025-03-13_11-08_tf_1h,2021-04-12 18:00:00,286.6001,286.3133
Potomje,Suhopolje_2025-03-13_11-08_tf_1h,2021-04-12 19:00:00,286.31433,286.07394
Potomje,Suhopolje_2025-03-13_11-08_tf_1h,2021-04-12 20:00:00,286.37012,285.83243
Potomje,Suhopolje_2025-03-13_11-08_tf_1h,2021-04-12 21:00:00,286.27292,286.12674
Potomje,Suhopolje_2025-03-13_11-08_tf_1h,2021-04-12 22:00:00,286.0995,285.95398
Potomje,Suhopolje_2025-03-13_11-08_tf_1h,2021-04-12 23:00:00,286.04373,285.74982
Potomje,Suhopolje_2025-03-13_11-08_tf_1h,2021-04-13 00:00:00,285.9088,285.7799
Potomje,Suhopolje_2025-03-13_11-08_tf_1h,2021-04-13 01:00:00,285.8241,285.6176
Potomje,Suhopolje_2025-03-13_11-08_tf_1h,2021-04-13 02:00:00,285.43478,285.59177
Potomje,Suhopolje_2025-03-13_11-08_tf_1h,2021-04-13 03:00:00,285.39096,285.0396
Potomje,Suhopolje_2025-03-13_11-08_tf_1h,2021-04-13 04:00:00,285.2436,285.27054
Potomje,Suhopolje_2025-03-13_11-08_tf_1h,2021-04-13 05:00:00,285.3304,285.07785
Potomje,Suhopolje_2025-03-13_11-08_tf_1h,2021-04-13 06:00:00,285.32245,285.45572
Potomje,Suhopolje_2025-03-13_11-08_tf_1h,2021-04-13 07:00:00,285.2667,285.33505
Potomje,Suhopolje_2025-03-13_11-08_tf_1h,2021-04-13 08:00:00,285.92264,285.1948
Potomje,Suhopolje_2025-03-13_11-08_tf_1h,2021-04-13 09:00:00,286.15738,286.3265
Potomje,Suhopolje_2025-03-13_11-08_tf_1h,2021-04-13 10:00:00,286.47845,286.34985
Potomje,Suhopolje_2025-03-13_11-08_tf_1h,2021-04-13 11:00:00,287.18246,286.61523
Potomje,Suhopolje_2025-03-13_11-08_tf_1h,2021-04-13 12:00:00,287.73566,287.5549
Potomje,Suhopolje_2025-03-13_11-08_tf_1h,2021-04-13 13:00:00,288.0113,288.042
Potomje,Suhopolje_2025-03-13_11-08_tf_1h,2021-04-13 14:00:00,287.58932,288.03442
Potomje,Suhopolje_2025-03-13_11-08_tf_1h,2021-04-13 15:00:00,286.9748,287.07275
Potomje,Suhopolje_2025-03-13_11-08_tf_1h,2021-04-13 16:00:00,286.22937,286.197
Potomje,Suhopolje_2025-03-13_11-08_tf_1h,2021-04-13 17:00:00,285.6852,285.43066
Potomje,Suhopolje_2025-03-13_11-08_tf_1h,2021-04-13 18:00:00,284.6742,285.09503
Potomje,Suhopolje_2025-03-13_11-08_tf_1h,2021-04-13 19:00:00,284.2052,283.8437
Potomje,Suhopolje_2025-03-13_11-08_tf_1h,2021-04-13 20:00:00,284.12927,283.7776
Potomje,Suhopolje_2025-03-13_11-08_tf_1h,2021-04-13 21:00:00,283.33972,283.97183
Potomje,Suhopolje_2025-03-13_11-08_tf_1h,2021-04-13 22:00:00,282.45193,282.7213
Potomje,Suhopolje_2025-03-13_11-08_tf_1h,2021-04-13 23:00:00,281.57452,281.8099
Potomje,Suhopolje_2025-03-13_11-08_tf_1h,2021-04-14 00:00:00,280.8689,280.9516
Potomje,Suhopolje_2025-03-13_11-08_tf_1h,2021-04-14 01:00:00,280.1872,280.40323
Potomje,Suhopolje_2025-03-13_11-08_tf_1h,2021-04-14 02:00:00,279.91846,279.7596
Potomje,Suhopolje_2025-03-13_11-08_tf_1h,2021-04-14 03:00:00,279.7575,279.82797
Potomje,Suhopolje_2025-03-13_11-08_tf_1h,2021-04-14 04:00:00,279.63297,279.72192
Potomje,Suhopolje_2025-03-13_11-08_tf_1h,2021-04-14 05:00:00,279.55807,279.68726
Potomje,Suhopolje_2025-03-13_11-08_tf_1h,2021-04-14 06:00:00,279.70706,279.7988
Potomje,Suhopolje_2025-03-13_11-08_tf_1h,2021-04-14 07:00:00,280.40363,280.2539
Potomje,Suhopolje_2025-03-13_11-08_tf_1h,2021-04-14 08:00:00,281.21786,281.19296
Potomje,Suhopolje_2025-03-13_11-08_tf_1h,2021-04-14 09:00:00,282.3136,281.93604
Potomje,Suhopolje_2025-03-13_11-08_tf_1h,2021-04-14 10:00:00,283.72614,283.15695
Potomje,Suhopolje_2025-03-13_11-08_tf_1h,2021-04-14 11:00:00,284.72812,284.59665
Potomje,Suhopolje_2025-03-13_11-08_tf_1h,2021-04-14 12:00:00,285.23535,285.32895
Potomje,Suhopolje_2025-03-13_11-08_tf_1h,2021-04-14 13:00:00,285.66318,285.506
Potomje,Suhopolje_2025-03-13_11-08_tf_1h,2021-04-14 14:00:00,285.84058,285.83707
Potomje,Suhopolje_2025-03-13_11-08_tf_1h,2021-04-14 15:00:00,285.9598,285.79944
Potomje,Suhopolje_2025-03-13_11-08_tf_1h,2021-04-14 16:00:00,285.79437,285.78577
Potomje,Suhopolje_2025-03-13_11-08_tf_1h,2021-04-14 17:00:00,285.41565,285.4118
Potomje,Suhopolje_2025-03-13_11-08_tf_1h,2021-04-14 18:00:00,284.78812,284.86017
Potomje,Suhopolje_2025-03-13_11-08_tf_1h,2021-04-14 19:00:00,283.7851,284.029
Potomje,Suhopolje_2025-03-13_11-08_tf_1h,2021-04-14 20:00:00,282.71432,282.77612
Potomje,Suhopolje_2025-03-13_11-08_tf_1h,2021-04-14 21:00:00,282.01324,281.76025
Potomje,Suhopolje_2025-03-13_11-08_tf_1h,2021-04-14 22:00:00,281.3655,281.36514
Potomje,Suhopolje_2025-03-13_11-08_tf_1h,2021-04-14 23:00:00,280.76773,280.80148
Potomje,Suhopolje_2025-03-13_11-08_tf_1h,2021-04-15 00:00:00,280.2273,280.2731
Potomje,Suhopolje_2025-03-13_11-08_tf_1h,2021-04-15 01:00:00,279.78354,279.7942
Potomje,Suhopolje_2025-03-13_11-08_tf_1h,2021-04-15 02:00:00,279.3966,279.42667
Potomje,Suhopolje_2025-03-13_11-08_tf_1h,2021-04-15 03:00:00,279.05164,279.09027
Potomje,Suhopolje_2025-03-13_11-08_tf_1h,2021-04-15 04:00:00,278.72897,278.81287
Potomje,Suhopolje_2025-03-13_11-08_tf_1h,2021-04-15 05:00:00,278.41614,278.592
Potomje,Suhopolje_2025-03-13_11-08_tf_1h,2021-04-15 06:00:00,278.38162,278.52347
Potomje,Suhopolje_2025-03-13_11-08_tf_1h,2021-04-15 07:00:00,279.58383,279.03845
Potomje,Suhopolje_2025-03-13_11-08_tf_1h,2021-04-15 08:00:00,281.09808,281.3451
Potomje,Suhopolje_2025-03-13_11-08_tf_1h,2021-04-15 09:00:00,282.2549,282.2626
Potomje,Suhopolje_2025-03-13_11-08_tf_1h,2021-04-15 10:00:00,283.48553,283.20175
Potomje,Suhopolje_2025-03-13_11-08_tf_1h,2021-04-15 11:00:00,284.5138,284.38293
Potomje,Suhopolje_2025-03-13_11-08_tf_1h,2021-04-15 12:00:00,285.2526,285.22864
Potomje,Suhopolje_2025-03-13_11-08_tf_1h,2021-04-15 13:00:00,285.78745,285.7332
Potomje,Suhopolje_2025-03-13_11-08_tf_1h,2021-04-15 14:00:00,285.9022,286.08536
Potomje,Suhopolje_2025-03-13_11-08_tf_1h,2021-04-15 15:00:00,285.60315,285.89084
Potomje,Suhopolje_2025-03-13_11-08_tf_1h,2021-04-15 16:00:00,284.96634,285.16406
Potomje,Suhopolje_2025-03-13_11-08_tf_1h,2021-04-15 17:00:00,284.41235,284.18686
Potomje,Suhopolje_2025-03-13_11-08_tf_1h,2021-04-15 18:00:00,283.8451,283.63608
Potomje,Suhopolje_2025-03-13_11-08_tf_1h,2021-04-15 19:00:00,283.19846,283.14917
Potomje,Suhopolje_2025-03-13_11-08_tf_1h,2021-04-15 20:00:00,282.83676,282.51245
Potomje,Suhopolje_2025-03-13_11-08_tf_1h,2021-04-15 21:00:00,282.6506,282.37888
Potomje,Suhopolje_2025-03-13_11-08_tf_1h,2021-04-15 22:00:00,282.38608,282.32584
Potomje,Suhopolje_2025-03-13_11-08_tf_1h,2021-04-15 23:00:00,281.8268,282.03464
Potomje,Suhopolje_2025-03-13_11-08_tf_1h,2021-04-16 00:00:00,281.17963,281.30246
Potomje,Suhopolje_2025-03-13_11-08_tf_1h,2021-04-16 01:00:00,280.56775,280.62912
Potomje,Suhopolje_2025-03-13_11-08_tf_1h,2021-04-16 02:00:00,280.00076,280.07892
Potomje,Suhopolje_2025-03-13_11-08_tf_1h,2021-04-16 03:00:00,279.446,279.57745
Potomje,Suhopolje_2025-03-13_11-08_tf_1h,2021-04-16 04:00:00,278.938,279.0633
Potomje,Suhopolje_2025-03-13_11-08_tf_1h,2021-04-16 05:00:00,278.49796,278.65567
Potomje,Suhopolje_2025-03-13_11-08_tf_1h,2021-04-16 06:00:00,278.47565,278.52786
Potomje,Suhopolje_2025-03-13_11-08_tf_1h,2021-04-16 07:00:00,279.94553,279.16904
Potomje,Suhopolje_2025-03-13_11-08_tf_1h,2021-04-16 08:00:00,281.9009,281.7304
Potomje,Suhopolje_2025-03-13_11-08_tf_1h,2021-04-16 09:00:00,283.59387,283.17865
Potomje,Suhopolje_2025-03-13_11-08_tf_1h,2021-04-16 10:00:00,285.0715,284.85242
Potomje,Suhopolje_2025-03-13_11-08_tf_1h,2021-04-16 11:00:00,286.2931,286.1306
Potomje,Suhopolje_2025-03-13_11-08_tf_1h,2021-04-16 12:00:00,287.10095,287.11023
Potomje,Suhopolje_2025-03-13_11-08_tf_1h,2021-04-16 13:00:00,287.6148,287.58905
Potomje,Suhopolje_2025-03-13_11-08_tf_1h,2021-04-16 14:00:00,287.85568,287.86105
Potomje,Suhopolje_2025-03-13_11-08_tf_1h,2021-04-16 15:00:00,287.9104,287.88422
Potomje,Suhopolje_2025-03-13_11-08_tf_1h,2021-04-16 16:00:00,287.50778,287.76587
Potomje,Suhopolje_2025-03-13_11-08_tf_1h,2021-04-16 17:00:00,286.88,286.91937
Potomje,Suhopolje_2025-03-13_11-08_tf_1h,2021-04-16 18:00:00,286.00494,286.01108
Potomje,Suhopolje_2025-03-13_11-08_tf_1h,2021-04-16 19:00:00,285.25897,284.9542
Potomje,Suhopolje_2025-03-13_11-08_tf_1h,2021-04-16 20:00:00,285.1886,284.40973
Potomje,Suhopolje_2025-03-13_11-08_tf_1h,2021-04-16 21:00:00,284.79877,284.80975
Potomje,Suhopolje_2025-03-13_11-08_tf_1h,2021-04-16 22:00:00,284.2036,284.2138
Potomje,Suhopolje_2025-03-13_11-08_tf_1h,2021-04-16 23:00:00,283.1958,283.54626
Potomje,Suhopolje_2025-03-13_11-08_tf_1h,2021-04-17 00:00:00,282.36725,282.356
Potomje,Suhopolje_2025-03-13_11-08_tf_1h,2021-04-17 01:00:00,281.72058,281.708
Potomje,Suhopolje_2025-03-13_11-08_tf_1h,2021-04-17 02:00:00,281.15466,281.2215
Potomje,Suhopolje_2025-03-13_11-08_tf_1h,2021-04-17 03:00:00,280.68008,280.73883
Potomje,Suhopolje_2025-03-13_11-08_tf_1h,2021-04-17 04:00:00,280.29874,280.35345
Potomje,Suhopolje_2025-03-13_11-08_tf_1h,2021-04-17 05:00:00,279.98962,280.05942
Potomje,Suhopolje_2025-03-13_11-08_tf_1h,2021-04-17 06:00:00,279.90118,280.00418
Potomje,Suhopolje_2025-03-13_11-08_tf_1h,2021-04-17 07:00:00,280.86972,280.57715
Potomje,Suhopolje_2025-03-13_11-08_tf_1h,2021-04-17 08:00:00,282.9342,282.46786
Potomje,Suhopolje_2025-03-13_11-08_tf_1h,2021-04-17 09:00:00,284.06607,284.48157
Potomje,Suhopolje_2025-03-13_11-08_tf_1h,2021-04-17 10:00:00,285.3434,285.00586
Potomje,Suhopolje_2025-03-13_11-08_tf_1h,2021-04-17 11:00:00,286.56662,286.2746
Potomje,Suhopolje_2025-03-13_11-08_tf_1h,2021-04-17 12:00:00,287.42017,287.35165
Potomje,Suhopolje_2025-03-13_11-08_tf_1h,2021-04-17 13:00:00,287.8716,287.9155
Potomje,Suhopolje_2025-03-13_11-08_tf_1h,2021-04-17 14:00:00,288.00095,288.06473
Potomje,Suhopolje_2025-03-13_11-08_tf_1h,2021-04-17 15:00:00,287.66953,287.9393
Potomje,Suhopolje_2025-03-13_11-08_tf_1h,2021-04-17 16:00:00,286.82422,287.19815
Potomje,Suhopolje_2025-03-13_11-08_tf_1h,2021-04-17 17:00:00,286.1768,285.84418
Potomje,Suhopolje_2025-03-13_11-08_tf_1h,2021-04-17 18:00:00,285.61884,285.29593
Potomje,Suhopolje_2025-03-13_11-08_tf_1h,2021-04-17 19:00:00,284.8221,284.92706
Potomje,Suhopolje_2025-03-13_11-08_tf_1h,2021-04-17 20:00:00,284.56213,283.9847
Potomje,Suhopolje_2025-03-13_11-08_tf_1h,2021-04-17 21:00:00,283.6361,284.11087
Potomje,Suhopolje_2025-03-13_11-08_tf_1h,2021-04-17 22:00:00,282.76187,282.78522
Potomje,Suhopolje_2025-03-13_11-08_tf_1h,2021-04-17 23:00:00,282.02917,282.02573
Potomje,Suhopolje_2025-03-13_11-08_tf_1h,2021-04-18 00:00:00,281.56335,281.42358
Potomje,Suhopolje_2025-03-13_11-08_tf_1h,2021-04-18 01:00:00,281.26807,281.164
Potomje,Suhopolje_2025-03-13_11-08_tf_1h,2021-04-18 02:00:00,281.0086,281.0031
Potomje,Suhopolje_2025-03-13_11-08_tf_1h,2021-04-18 03:00:00,280.90982,280.76718
Potomje,Suhopolje_2025-03-13_11-08_tf_1h,2021-04-18 04:00:00,280.68353,280.7974
Potomje,Suhopolje_2025-03-13_11-08_tf_1h,2021-04-18 05:00:00,280.38318,280.50684
Potomje,Suhopolje_2025-03-13_11-08_tf_1h,2021-04-18 06:00:00,280.4387,280.5647
Potomje,Suhopolje_2025-03-13_11-08_tf_1h,2021-04-18 07:00:00,281.6287,281.39554
Potomje,Suhopolje_2025-03-13_11-08_tf_1h,2021-04-18 08:00:00,283.1339,283.18863
Potomje,Suhopolje_2025-03-13_11-08_tf_1h,2021-04-18 09:00:00,284.33453,284.23343
Potomje,Suhopolje_2025-03-13_11-08_tf_1h,2021-04-18 10:00:00,285.3883,285.29532
Potomje,Suhopolje_2025-03-13_11-08_tf_1h,2021-04-18 11:00:00,286.18314,286.13312
Potomje,Suhopolje_2025-03-13_11-08_tf_1h,2021-04-18 12:00:00,286.7326,286.6838
Potomje,Suhopolje_2025-03-13_11-08_tf_1h,2021-04-18 13:00:00,286.82104,287.0116
Potomje,Suhopolje_2025-03-13_11-08_tf_1h,2021-04-18 14:00:00,286.93018,286.7626
Potomje,Suhopolje_2025-03-13_11-08_tf_1h,2021-04-18 15:00:00,286.82822,286.73956
Potomje,Suhopolje_2025-03-13_11-08_tf_1h,2021-04-18 16:00:00,286.46545,286.46356
Potomje,Suhopolje_2025-03-13_11-08_tf_1h,2021-04-18 17:00:00,286.26068,285.87057
Potomje,Suhopolje_2025-03-13_11-08_tf_1h,2021-04-18 18:00:00,285.93616,285.71542
Potomje,Suhopolje_2025-03-13_11-08_tf_1h,2021-04-18 19:00:00,285.26855,285.33514
Potomje,Suhopolje_2025-03-13_11-08_tf_1h,2021-04-18 20:00:00,284.63675,284.4445
Potomje,Suhopolje_2025-03-13_11-08_tf_1h,2021-04-18 21:00:00,284.25674,283.9106
Potomje,Suhopolje_2025-03-13_11-08_tf_1h,2021-04-18 22:00:00,283.3676,283.7413
Potomje,Suhopolje_2025-03-13_11-08_tf_1h,2021-04-18 23:00:00,283.49243,282.60294
Potomje,Suhopolje_2025-03-13_11-08_tf_1h,2021-04-19 00:00:00,282.8742,283.39825
Potomje,Suhopolje_2025-03-13_11-08_tf_1h,2021-04-19 01:00:00,282.05307,282.3348
Potomje,Suhopolje_2025-03-13_11-08_tf_1h,2021-04-19 02:00:00,281.4391,281.43997
Potomje,Suhopolje_2025-03-13_11-08_tf_1h,2021-04-19 03:00:00,281.9439,280.9796
Potomje,Suhopolje_2025-03-13_11-08_tf_1h,2021-04-19 04:00:00,280.99692,282.2995
Potomje,Suhopolje_2025-03-13_11-08_tf_1h,2021-04-19 05:00:00,280.94406,280.16818
Potomje,Suhopolje_2025-03-13_11-08_tf_1h,2021-04-19 06:00:00,281.30923,281.43634
Potomje,Suhopolje_2025-03-13_11-08_tf_1h,2021-04-19 07:00:00,282.8102,281.9037
Potomje,Suhopolje_2025-03-13_11-08_tf_1h,2021-04-19 08:00:00,284.74722,284.35135
Potomje,Suhopolje_2025-03-13_11-08_tf_1h,2021-04-19 09:00:00,285.74072,286.02777
Potomje,Suhopolje_2025-03-13_11-08_tf_1h,2021-04-19 10:00:00,286.3324,286.5643
Potomje,Suhopolje_2025-03-13_11-08_tf_1h,2021-04-19 11:00:00,286.92966,286.801
Potomje,Suhopolje_2025-03-13_11-08_tf_1h,2021-04-19 12:00:00,287.25018,287.2862
Potomje,Suhopolje_2025-03-13_11-08_tf_1h,2021-04-19 13:00:00,287.36252,287.37723
Potomje,Suhopolje_2025-03-13_11-08_tf_1h,2021-04-19 14:00:00,287.14502,287.25293
Potomje,Suhopolje_2025-03-13_11-08_tf_1h,2021-04-19 15:00:00,286.79288,286.7053
Potomje,Suhopolje_2025-03-13_11-08_tf_1h,2021-04-19 16:00:00,286.32257,286.20645
Potomje,Suhopolje_2025-03-13_11-08_tf_1h,2021-04-19 17:00:00,286.13376,285.62485
Potomje,Suhopolje_2025-03-13_11-08_tf_1h,2021-04-19 18:00:00,285.78293,285.62863
Potomje,Suhopolje_2025-03-13_11-08_tf_1h,2021-04-19 19:00:00,285.16443,285.209
Potomje,Suhopolje_2025-03-13_11-08_tf_1h,2021-04-19 20:00:00,284.4891,284.45105
Potomje,Suhopolje_2025-03-13_11-08_tf_1h,2021-04-19 21:00:00,283.8496,283.78876
Potomje,Suhopolje_2025-03-13_11-08_tf_1h,2021-04-19 22:00:00,283.425,283.22903
Potomje,Suhopolje_2025-03-13_11-08_tf_1h,2021-04-19 23:00:00,282.4169,282.96237
Potomje,Suhopolje_2025-03-13_11-08_tf_1h,2021-04-20 00:00:00,282.21375,281.64554
Potomje,Suhopolje_2025-03-13_11-08_tf_1h,2021-04-20 01:00:00,282.63837,281.99622
Potomje,Suhopolje_2025-03-13_11-08_tf_1h,2021-04-20 02:00:00,282.6822,282.83682
Potomje,Suhopolje_2025-03-13_11-08_tf_1h,2021-04-20 03:00:00,282.44052,282.56485
Potomje,Suhopolje_2025-03-13_11-08_tf_1h,2021-04-20 04:00:00,280.7635,282.16702
Potomje,Suhopolje_2025-03-13_11-08_tf_1h,2021-04-20 05:00:00,280.128,279.63116
Potomje,Suhopolje_2025-03-13_11-08_tf_1h,2021-04-20 06:00:00,280.09134,280.70123
Potomje,Suhopolje_2025-03-13_11-08_tf_1h,2021-04-20 07:00:00,283.00192,280.7051
Potomje,Suhopolje_2025-03-13_11-08_tf_1h,2021-04-20 08:00:00,283.98215,285.51617
Potomje,Suhopolje_2025-03-13_11-08_tf_1h,2021-04-20 09:00:00,284.74484,284.6341
Potomje,Suhopolje_2025-03-13_11-08_tf_1h,2021-04-20 10:00:00,285.592,285.4528
Potomje,Suhopolje_2025-03-13_11-08_tf_1h,2021-04-20 11:00:00,286.2344,286.14697
Potomje,Suhopolje_2025-03-13_11-08_tf_1h,2021-04-20 12:00:00,286.49173,286.59323
Potomje,Suhopolje_2025-03-13_11-08_tf_1h,2021-04-20 13:00:00,286.6046,286.57062
Potomje,Suhopolje_2025-03-13_11-08_tf_1h,2021-04-20 14:00:00,286.54938,286.46802
Potomje,Suhopolje_2025-03-13_11-08_tf_1h,2021-04-20 15:00:00,286.6378,286.26044
Potomje,Suhopolje_2025-03-13_11-08_tf_1h,2021-04-20 16:00:00,286.4344,286.404
Potomje,Suhopolje_2025-03-13_11-08_tf_1h,2021-04-20 17:00:00,286.17703,286.00952
Potomje,Suhopolje_2025-03-13_11-08_tf_1h,2021-04-20 18:00:00,285.63766,285.6372
Potomje,Suhopolje_2025-03-13_11-08_tf_1h,2021-04-20 19:00:00,285.02502,284.9133
Potomje,Suhopolje_2025-03-13_11-08_tf_1h,2021-04-20 20:00:00,283.681,284.28583
Potomje,Suhopolje_2025-03-13_11-08_tf_1h,2021-04-20 21:00:00,282.39487,282.65482
Potomje,Suhopolje_2025-03-13_11-08_tf_1h,2021-04-20 22:00:00,281.07126,281.45505
Potomje,Suhopolje_2025-03-13_11-08_tf_1h,2021-04-20 23:00:00,280.70746,280.16748
Potomje,Suhopolje_2025-03-13_11-08_tf_1h,2021-04-21 00:00:00,280.64636,280.42435
Potomje,Suhopolje_2025-03-13_11-08_tf_1h,2021-04-21 01:00:00,280.67612,280.52292
Potomje,Suhopolje_2025-03-13_11-08_tf_1h,2021-04-21 02:00:00,280.0924,280.57056
Potomje,Suhopolje_2025-03-13_11-08_tf_1h,2021-04-21 03:00:00,279.42212,279.50134
Potomje,Suhopolje_2025-03-13_11-08_tf_1h,2021-04-21 04:00:00,279.61755,278.96786
Potomje,Suhopolje_2025-03-13_11-08_tf_1h,2021-04-21 05:00:00,280.17075,280.2212
Potomje,Suhopolje_2025-03-13_11-08_tf_1h,2021-04-21 06:00:00,280.63974,281.4073
Potomje,Suhopolje_2025-03-13_11-08_tf_1h,2021-04-21 07:00:00,282.37918,281.42938
Potomje,Suhopolje_2025-03-13_11-08_tf_1h,2021-04-21 08:00:00,283.99356,283.98294
Potomje,Suhopolje_2025-03-13_11-08_tf_1h,2021-04-21 09:00:00,285.0861,285.0524
Potomje,Suhopolje_2025-03-13_11-08_tf_1h,2021-04-21 10:00:00,286.0007,285.90186
Potomje,Suhopolje_2025-03-13_11-08_tf_1h,2021-04-21 11:00:00,286.68506,286.63354
Potomje,Suhopolje_2025-03-13_11-08_tf_1h,2021-04-21 12:00:00,287.06723,287.10614
Potomje,Suhopolje_2025-03-13_11-08_tf_1h,2021-04-21 13:00:00,287.35455,287.24405
Potomje,Suhopolje_2025-03-13_11-08_tf_1h,2021-04-21 14:00:00,287.16043,287.41412
Potomje,Suhopolje_2025-03-13_11-08_tf_1h,2021-04-21 15:00:00,287.10757,286.81873
Potomje,Suhopolje_2025-03-13_11-08_tf_1h,2021-04-21 16:00:00,287.00003,286.701
Potomje,Suhopolje_2025-03-13_11-08_tf_1h,2021-04-21 17:00:00,286.87363,286.54947
Potomje,Suhopolje_2025-03-13_11-08_tf_1h,2021-04-21 18:00:00,286.39667,286.335
Potomje,Suhopolje_2025-03-13_11-08_tf_1h,2021-04-21 19:00:00,285.75558,285.5854
Potomje,Suhopolje_2025-03-13_11-08_tf_1h,2021-04-21 20:00:00,285.1015,284.89734
Potomje,Suhopolje_2025-03-13_11-08_tf_1h,2021-04-21 21:00:00,284.679,284.32922
Potomje,Suhopolje_2025-03-13_11-08_tf_1h,2021-04-21 22:00:00,284.31436,284.1259
Potomje,Suhopolje_2025-03-13_11-08_tf_1h,2021-04-21 23:00:00,283.97284,283.85532
Potomje,Suhopolje_2025-03-13_11-08_tf_1h,2021-04-22 00:00:00,283.53094,283.56714
Potomje,Suhopolje_2025-03-13_11-08_tf_1h,2021-04-22 01:00:00,283.23325,283.09564
Potomje,Suhopolje_2025-03-13_11-08_tf_1h,2021-04-22 02:00:00,283.0123,282.92578
Potomje,Suhopolje_2025-03-13_11-08_tf_1h,2021-04-22 03:00:00,282.90207,282.79742
Potomje,Suhopolje_2025-03-13_11-08_tf_1h,2021-04-22 04:00:00,282.99503,282.77768
Potomje,Suhopolje_2025-03-13_11-08_tf_1h,2021-04-22 05:00:00,283.0192,283.0414
Potomje,Suhopolje_2025-03-13_11-08_tf_1h,2021-04-22 06:00:00,283.1164,283.1938
Potomje,Suhopolje_2025-03-13_11-08_tf_1h,2021-04-22 07:00:00,284.04614,283.48627
Potomje,Suhopolje_2025-03-13_11-08_tf_1h,2021-04-22 08:00:00,285.55005,284.98636
Potomje,Suhopolje_2025-03-13_11-08_tf_1h,2021-04-22 09:00:00,286.454,286.71506
Potomje,Suhopolje_2025-03-13_11-08_tf_1h,2021-04-22 10:00:00,286.82767,287.15924
Potomje,Suhopolje_2025-03-13_11-08_tf_1h,2021-04-22 11:00:00,286.8715,287.13922
Potomje,Suhopolje_2025-03-13_11-08_tf_1h,2021-04-22 12:00:00,286.73843,286.82162
Potomje,Suhopolje_2025-03-13_11-08_tf_1h,2021-04-22 13:00:00,286.53555,286.4309
Potomje,Suhopolje_2025-03-13_11-08_tf_1h,2021-04-22 14:00:00,286.4301,286.13544
Potomje,Suhopolje_2025-03-13_11-08_tf_1h,2021-04-22 15:00:00,286.33557,286.07556
Potomje,Suhopolje_2025-03-13_11-08_tf_1h,2021-04-22 16:00:00,286.12128,285.99115
Potomje,Suhopolje_2025-03-13_11-08_tf_1h,2021-04-22 17:00:00,285.93723,285.67737
Potomje,Suhopolje_2025-03-13_11-08_tf_1h,2021-04-22 18:00:00,285.74283,285.48724
Potomje,Suhopolje_2025-03-13_11-08_tf_1h,2021-04-22 19:00:00,285.52057,285.31918
Potomje,Suhopolje_2025-03-13_11-08_tf_1h,2021-04-22 20:00:00,284.5741,285.10983
Potomje,Suhopolje_2025-03-13_11-08_tf_1h,2021-04-22 21:00:00,284.5584,283.7504
Potomje,Suhopolje_2025-03-13_11-08_tf_1h,2021-04-22 22:00:00,284.4947,284.34235
Potomje,Suhopolje_2025-03-13_11-08_tf_1h,2021-04-22 23:00:00,284.42697,284.27036
Potomje,Suhopolje_2025-03-13_11-08_tf_1h,2021-04-23 00:00:00,284.25912,284.2316
Potomje,Suhopolje_2025-03-13_11-08_tf_1h,2021-04-23 01:00:00,284.15344,284.00214
Potomje,Suhopolje_2025-03-13_11-08_tf_1h,2021-04-23 02:00:00,284.18265,283.9593
Potomje,Suhopolje_2025-03-13_11-08_tf_1h,2021-04-23 03:00:00,284.08173,284.10474
Potomje,Suhopolje_2025-03-13_11-08_tf_1h,2021-04-23 04:00:00,283.94125,283.93417
Potomje,Suhopolje_2025-03-13_11-08_tf_1h,2021-04-23 05:00:00,283.8159,283.8428
Potomje,Suhopolje_2025-03-13_11-08_tf_1h,2021-04-23 06:00:00,283.85757,283.88046
Potomje,Suhopolje_2025-03-13_11-08_tf_1h,2021-04-23 07:00:00,284.90497,284.04803
Potomje,Suhopolje_2025-03-13_11-08_tf_1h,2021-04-23 08:00:00,286.72357,285.6953
Potomje,Suhopolje_2025-03-13_11-08_tf_1h,2021-04-23 09:00:00,287.93668,287.97247
Potomje,Suhopolje_2025-03-13_11-08_tf_1h,2021-04-23 10:00:00,289.03134,288.75183
Potomje,Suhopolje_2025-03-13_11-08_tf_1h,2021-04-23 11:00:00,289.87424,289.68506
Potomje,Suhopolje_2025-03-13_11-08_tf_1h,2021-04-23 12:00:00,289.99667,290.3167
Potomje,Suhopolje_2025-03-13_11-08_tf_1h,2021-04-23 13:00:00,290.5602,289.95084
Potomje,Suhopolje_2025-03-13_11-08_tf_1h,2021-04-23 14:00:00,290.5963,290.6039
Potomje,Suhopolje_2025-03-13_11-08_tf_1h,2021-04-23 15:00:00,290.14645,290.27505
Potomje,Suhopolje_2025-03-13_11-08_tf_1h,2021-04-23 16:00:00,289.11792,289.3421
Potomje,Suhopolje_2025-03-13_11-08_tf_1h,2021-04-23 17:00:00,288.46594,287.89722
Potomje,Suhopolje_2025-03-13_11-08_tf_1h,2021-04-23 18:00:00,287.82434,287.57764
Potomje,Suhopolje_2025-03-13_11-08_tf_1h,2021-04-23 19:00:00,287.03482,286.99866
Potomje,Suhopolje_2025-03-13_11-08_tf_1h,2021-04-23 20:00:00,286.074,286.22015
Potomje,Suhopolje_2025-03-13_11-08_tf_1h,2021-04-23 21:00:00,286.07214,285.25092
Potomje,Suhopolje_2025-03-13_11-08_tf_1h,2021-04-23 22:00:00,284.0387,285.85846
Potomje,Suhopolje_2025-03-13_11-08_tf_1h,2021-04-23 23:00:00,284.51886,283.055
Potomje,Suhopolje_2025-03-13_11-08_tf_1h,2021-04-24 00:00:00,284.31836,284.76178
Potomje,Suhopolje_2025-03-13_11-08_tf_1h,2021-04-24 01:00:00,284.2039,283.9841
Potomje,Suhopolje_2025-03-13_11-08_tf_1h,2021-04-24 02:00:00,283.94736,284.00226
Potomje,Suhopolje_2025-03-13_11-08_tf_1h,2021-04-24 03:00:00,283.40268,283.6251
Potomje,Suhopolje_2025-03-13_11-08_tf_1h,2021-04-24 04:00:00,282.73398,282.9631
Potomje,Suhopolje_2025-03-13_11-08_tf_1h,2021-04-24 05:00:00,282.10645,282.4175
Potomje,Suhopolje_2025-03-13_11-08_tf_1h,2021-04-24 06:00:00,282.1306,282.22784
Potomje,Suhopolje_2025-03-13_11-08_tf_1h,2021-04-24 07:00:00,283.7588,282.93677
Potomje,Suhopolje_2025-03-13_11-08_tf_1h,2021-04-24 08:00:00,286.13297,285.3623
Potomje,Suhopolje_2025-03-13_11-08_tf_1h,2021-04-24 09:00:00,287.85782,287.71695
Potomje,Suhopolje_2025-03-13_11-08_tf_1h,2021-04-24 10:00:00,289.3091,289.0963
Potomje,Suhopolje_2025-03-13_11-08_tf_1h,2021-04-24 11:00:00,290.50787,290.2745
Potomje,Suhopolje_2025-03-13_11-08_tf_1h,2021-04-24 12:00:00,291.33487,291.2251
Potomje,Suhopolje_2025-03-13_11-08_tf_1h,2021-04-24 13:00:00,291.67453,291.72702
Potomje,Suhopolje_2025-03-13_11-08_tf_1h,2021-04-24 14:00:00,291.5861,291.68912
Potomje,Suhopolje_2025-03-13_11-08_tf_1h,2021-04-24 15:00:00,291.3848,291.2591
Potomje,Suhopolje_2025-03-13_11-08_tf_1h,2021-04-24 16:00:00,290.84515,290.8696
Potomje,Suhopolje_2025-03-13_11-08_tf_1h,2021-04-24 17:00:00,290.02112,289.91925
Potomje,Suhopolje_2025-03-13_11-08_tf_1h,2021-04-24 18:00:00,289.13544,288.81912
Potomje,Suhopolje_2025-03-13_11-08_tf_1h,2021-04-24 19:00:00,288.28696,288.0432
Potomje,Suhopolje_2025-03-13_11-08_tf_1h,2021-04-24 20:00:00,288.2365,287.31705
Potomje,Suhopolje_2025-03-13_11-08_tf_1h,2021-04-24 21:00:00,287.6342,287.79443
Potomje,Suhopolje_2025-03-13_11-08_tf_1h,2021-04-24 22:00:00,286.78333,286.93542
Potomje,Suhopolje_2025-03-13_11-08_tf_1h,2021-04-24 23:00:00,285.8225,286.00177
Potomje,Suhopolje_2025-03-13_11-08_tf_1h,2021-04-25 00:00:00,285.03537,285.0587
Potomje,Suhopolje_2025-03-13_11-08_tf_1h,2021-04-25 01:00:00,284.28568,284.4317
Potomje,Suhopolje_2025-03-13_11-08_tf_1h,2021-04-25 02:00:00,283.65018,283.74188
Potomje,Suhopolje_2025-03-13_11-08_tf_1h,2021-04-25 03:00:00,283.11588,283.18686
Potomje,Suhopolje_2025-03-13_11-08_tf_1h,2021-04-25 04:00:00,282.6344,282.72043
Potomje,Suhopolje_2025-03-13_11-08_tf_1h,2021-04-25 05:00:00,282.16727,282.28738
Potomje,Suhopolje_2025-03-13_11-08_tf_1h,2021-04-25 06:00:00,282.42166,282.069
Potomje,Suhopolje_2025-03-13_11-08_tf_1h,2021-04-25 07:00:00,284.56213,283.49124
Potomje,Suhopolje_2025-03-13_11-08_tf_1h,2021-04-25 08:00:00,287.08237,286.66888
Potomje,Suhopolje_2025-03-13_11-08_tf_1h,2021-04-25 09:00:00,288.92245,288.55496
Potomje,Suhopolje_2025-03-13_11-08_tf_1h,2021-04-25 10:00:00,290.04898,290.26852
Potomje,Suhopolje_2025-03-13_11-08_tf_1h,2021-04-25 11:00:00,290.7522,290.85266
Potomje,Suhopolje_2025-03-13_11-08_tf_1h,2021-04-25 12:00:00,291.0916,291.16946
Potomje,Suhopolje_2025-03-13_11-08_tf_1h,2021-04-25 13:00:00,291.1925,291.17807
Potomje,Suhopolje_2025-03-13_11-08_tf_1h,2021-04-25 14:00:00,291.12292,291.03732
Potomje,Suhopolje_2025-03-13_11-08_tf_1h,2021-04-25 15:00:00,290.9445,290.77988
Potomje,Suhopolje_2025-03-13_11-08_tf_1h,2021-04-25 16:00:00,290.47336,290.41284
Potomje,Suhopolje_2025-03-13_11-08_tf_1h,2021-04-25 17:00:00,289.79483,289.62204
Potomje,Suhopolje_2025-03-13_11-08_tf_1h,2021-04-25 18:00:00,288.91635,288.74704
Potomje,Suhopolje_2025-03-13_11-08_tf_1h,2021-04-25 19:00:00,288.02698,287.8436
Potomje,Suhopolje_2025-03-13_11-08_tf_1h,2021-04-25 20:00:00,287.29163,287.03552
Potomje,Suhopolje_2025-03-13_11-08_tf_1h,2021-04-25 21:00:00,286.20093,286.4686
Potomje,Suhopolje_2025-03-13_11-08_tf_1h,2021-04-25 22:00:00,286.09763,285.27136
Potomje,Suhopolje_2025-03-13_11-08_tf_1h,2021-04-25 23:00:00,286.45508,285.79803
Potomje,Suhopolje_2025-03-13_11-08_tf_1h,2021-04-26 00:00:00,286.14383,286.44705
Potomje,Suhopolje_2025-03-13_11-08_tf_1h,2021-04-26 01:00:00,285.7131,285.74445
Potomje,Suhopolje_2025-03-13_11-08_tf_1h,2021-04-26 02:00:00,285.03406,285.25793
Potomje,Suhopolje_2025-03-13_11-08_tf_1h,2021-04-26 03:00:00,283.31,284.45987
Potomje,Suhopolje_2025-03-13_11-08_tf_1h,2021-04-26 04:00:00,281.98297,282.18698
Potomje,Suhopolje_2025-03-13_11-08_tf_1h,2021-04-26 05:00:00,281.4866,281.36066
Potomje,Suhopolje_2025-03-13_11-08_tf_1h,2021-04-26 06:00:00,282.1383,281.78696
Potomje,Suhopolje_2025-03-13_11-08_tf_1h,2021-04-26 07:00:00,285.69238,283.46167
Potomje,Suhopolje_2025-03-13_11-08_tf_1h,2021-04-26 08:00:00,287.76062,288.40213
Potomje,Suhopolje_2025-03-13_11-08_tf_1h,2021-04-26 09:00:00,289.13516,289.07074
Potomje,Suhopolje_2025-03-13_11-08_tf_1h,2021-04-26 10:00:00,290.29303,290.202
Potomje,Suhopolje_2025-03-13_11-08_tf_1h,2021-04-26 11:00:00,290.9758,291.0509
Potomje,Suhopolje_2025-03-13_11-08_tf_1h,2021-04-26 12:00:00,290.98352,291.3363
Potomje,Suhopolje_2025-03-13_11-08_tf_1h,2021-04-26 13:00:00,290.40802,290.85516
Potomje,Suhopolje_2025-03-13_11-08_tf_1h,2021-04-26 14:00:00,289.92896,289.85272
Potomje,Suhopolje_2025-03-13_11-08_tf_1h,2021-04-26 15:00:00,290.09732,289.15717
Potomje,Suhopolje_2025-03-13_11-08_tf_1h,2021-04-26 16:00:00,289.76138,289.68845
Potomje,Suhopolje_2025-03-13_11-08_tf_1h,2021-04-26 17:00:00,289.5099,289.0722
Potomje,Suhopolje_2025-03-13_11-08_tf_1h,2021-04-26 18:00:00,288.8911,288.74405
Potomje,Suhopolje_2025-03-13_11-08_tf_1h,2021-04-26 19:00:00,288.15366,287.96997
Potomje,Suhopolje_2025-03-13_11-08_tf_1h,2021-04-26 20:00:00,287.742,287.22955
Potomje,Suhopolje_2025-03-13_11-08_tf_1h,2021-04-26 21:00:00,287.2364,287.08676
Potomje,Suhopolje_2025-03-13_11-08_tf_1h,2021-04-26 22:00:00,287.01755,286.58936
Potomje,Suhopolje_2025-03-13_11-08_tf_1h,2021-04-26 23:00:00,286.9424,286.57126
Potomje,Suhopolje_2025-03-13_11-08_tf_1h,2021-04-27 00:00:00,286.66885,286.6018
Potomje,Suhopolje_2025-03-13_11-08_tf_1h,2021-04-27 01:00:00,286.6176,286.23175
Potomje,Suhopolje_2025-03-13_11-08_tf_1h,2021-04-27 02:00:00,286.4575,286.32922
Potomje,Suhopolje_2025-03-13_11-08_tf_1h,2021-04-27 03:00:00,286.34354,286.14496
Potomje,Suhopolje_2025-03-13_11-08_tf_1h,2021-04-27 04:00:00,286.1473,286.10345
Potomje,Suhopolje_2025-03-13_11-08_tf_1h,2021-04-27 05:00:00,286.25327,285.89725
Potomje,Suhopolje_2025-03-13_11-08_tf_1h,2021-04-27 06:00:00,286.6755,286.61536
Potomje,Suhopolje_2025-03-13_11-08_tf_1h,2021-04-27 07:00:00,287.36597,287.15643
Potomje,Suhopolje_2025-03-13_11-08_tf_1h,2021-04-27 08:00:00,288.33954,287.95135
Potomje,Suhopolje_2025-03-13_11-08_tf_1h,2021-04-27 09:00:00,289.15298,289.07288
Potomje,Suhopolje_2025-03-13_11-08_tf_1h,2021-04-27 10:00:00,289.03372,289.6584
Potomje,Suhopolje_2025-03-13_11-08_tf_1h,2021-04-27 11:00:00,289.23502,288.92966
Potomje,Suhopolje_2025-03-13_11-08_tf_1h,2021-04-27 12:00:00,289.40366,289.07565
Potomje,Suhopolje_2025-03-13_11-08_tf_1h,2021-04-27 13:00:00,289.5327,289.26584
Potomje,Suhopolje_2025-03-13_11-08_tf_1h,2021-04-27 14:00:00,289.7388,289.32147
Potomje,Suhopolje_2025-03-13_11-08_tf_1h,2021-04-27 15:00:00,289.82007,289.50565
Potomje,Suhopolje_2025-03-13_11-08_tf_1h,2021-04-27 16:00:00,289.65967,289.48105
Potomje,Suhopolje_2025-03-13_11-08_tf_1h,2021-04-27 17:00:00,289.15775,289.10895
Potomje,Suhopolje_2025-03-13_11-08_tf_1h,2021-04-27 18:00:00,288.6845,288.33463
Potomje,Suhopolje_2025-03-13_11-08_tf_1h,2021-04-27 19:00:00,288.09045,287.92758
Potomje,Suhopolje_2025-03-13_11-08_tf_1h,2021-04-27 20:00:00,288.28058,287.3303
Potomje,Suhopolje_2025-03-13_11-08_tf_1h,2021-04-27 21:00:00,287.99722,288.02
Potomje,Suhopolje_2025-03-13_11-08_tf_1h,2021-04-27 22:00:00,287.7768,287.49094
Potomje,Suhopolje_2025-03-13_11-08_tf_1h,2021-04-27 23:00:00,287.81265,287.343
Potomje,Suhopolje_2025-03-13_11-08_tf_1h,2021-04-28 00:00:00,287.65732,287.55072
Potomje,Suhopolje_2025-03-13_11-08_tf_1h,2021-04-28 01:00:00,287.52692,287.30606
Potomje,Suhopolje_2025-03-13_11-08_tf_1h,2021-04-28 02:00:00,287.38483,287.2157
Potomje,Suhopolje_2025-03-13_11-08_tf_1h,2021-04-28 03:00:00,287.32056,287.08984
Potomje,Suhopolje_2025-03-13_11-08_tf_1h,2021-04-28 04:00:00,287.247,287.11627
Potomje,Suhopolje_2025-03-13_11-08_tf_1h,2021-04-28 05:00:00,287.17715,287.0711
Potomje,Suhopolje_2025-03-13_11-08_tf_1h,2021-04-28 06:00:00,287.2008,287.0399
Potomje,Suhopolje_2025-03-13_11-08_tf_1h,2021-04-28 07:00:00,287.43103,287.1366
Potomje,Suhopolje_2025-03-13_11-08_tf_1h,2021-04-28 08:00:00,287.56223,287.48196
Potomje,Suhopolje_2025-03-13_11-08_tf_1h,2021-04-28 09:00:00,287.97864,287.52527
Potomje,Suhopolje_2025-03-13_11-08_tf_1h,2021-04-28 10:00:00,288.49197,288.12073
Potomje,Suhopolje_2025-03-13_11-08_tf_1h,2021-04-28 11:00:00,289.13702,288.74277
Potomje,Suhopolje_2025-03-13_11-08_tf_1h,2021-04-28 12:00:00,289.00955,289.44974
Potomje,Suhopolje_2025-03-13_11-08_tf_1h,2021-04-28 13:00:00,289.19095,288.80005
Potomje,Suhopolje_2025-03-13_11-08_tf_1h,2021-04-28 14:00:00,290.05032,288.97827
Potomje,Suhopolje_2025-03-13_11-08_tf_1h,2021-04-28 15:00:00,289.99854,290.2619
Potomje,Suhopolje_2025-03-13_11-08_tf_1h,2021-04-28 16:00:00,289.49368,289.73715
Potomje,Suhopolje_2025-03-13_11-08_tf_1h,2021-04-28 17:00:00,289.44696,288.7384
Potomje,Suhopolje_2025-03-13_11-08_tf_1h,2021-04-28 18:00:00,288.89963,288.91193
Potomje,Suhopolje_2025-03-13_11-08_tf_1h,2021-04-28 19:00:00,288.32654,288.12192
Potomje,Suhopolje_2025-03-13_11-08_tf_1h,2021-04-28 20:00:00,288.09363,287.56912
Potomje,Suhopolje_2025-03-13_11-08_tf_1h,2021-04-28 21:00:00,287.35483,287.59528
Potomje,Suhopolje_2025-03-13_11-08_tf_1h,2021-04-28 22:00:00,286.63116,286.60767
Potomje,Suhopolje_2025-03-13_11-08_tf_1h,2021-04-28 23:00:00,285.57605,285.96124
Potomje,Suhopolje_2025-03-13_11-08_tf_1h,2021-04-29 00:00:00,284.90417,284.7785
Potomje,Suhopolje_2025-03-13_11-08_tf_1h,2021-04-29 01:00:00,284.6795,284.3916
Potomje,Suhopolje_2025-03-13_11-08_tf_1h,2021-04-29 02:00:00,284.9411,284.46494
Potomje,Suhopolje_2025-03-13_11-08_tf_1h,2021-04-29 03:00:00,285.31104,285.0461
Potomje,Suhopolje_2025-03-13_11-08_tf_1h,2021-04-29 04:00:00,285.2218,285.43695
Potomje,Suhopolje_2025-03-13_11-08_tf_1h,2021-04-29 05:00:00,285.2202,284.9972
Potomje,Suhopolje_2025-03-13_11-08_tf_1h,2021-04-29 06:00:00,285.91388,285.18454
Potomje,Suhopolje_2025-03-13_11-08_tf_1h,2021-04-29 07:00:00,287.6305,286.4377
Potomje,Suhopolje_2025-03-13_11-08_tf_1h,2021-04-29 08:00:00,289.79855,288.79196
Potomje,Suhopolje_2025-03-13_11-08_tf_1h,2021-04-29 09:00:00,291.01645,291.14166
Potomje,Suhopolje_2025-03-13_11-08_tf_1h,2021-04-29 10:00:00,291.59723,291.83868
Potomje,Suhopolje_2025-03-13_11-08_tf_1h,2021-04-29 11:00:00,291.91272,291.95804
Potomje,Suhopolje_2025-03-13_11-08_tf_1h,2021-04-29 12:00:00,291.79562,292.0206
Potomje,Suhopolje_2025-03-13_11-08_tf_1h,2021-04-29 13:00:00,291.85324,291.53488
Potomje,Suhopolje_2025-03-13_11-08_tf_1h,2021-04-29 14:00:00,291.4902,291.526
Potomje,Suhopolje_2025-03-13_11-08_tf_1h,2021-04-29 15:00:00,290.89536,290.7675
Potomje,Suhopolje_2025-03-13_11-08_tf_1h,2021-04-29 16:00:00,290.3225,289.89447
Potomje,Suhopolje_2025-03-13_11-08_tf_1h,2021-04-29 17:00:00,289.6456,289.3552
Potomje,Suhopolje_2025-03-13_11-08_tf_1h,2021-04-29 18:00:00,289.15192,288.7017
Potomje,Suhopolje_2025-03-13_11-08_tf_1h,2021-04-29 19:00:00,288.71613,288.3782
Potomje,Suhopolje_2025-03-13_11-08_tf_1h,2021-04-29 20:00:00,288.8906,288.04453
Potomje,Suhopolje_2025-03-13_11-08_tf_1h,2021-04-29 21:00:00,288.6574,288.6104
Potomje,Suhopolje_2025-03-13_11-08_tf_1h,2021-04-29 22:00:00,288.38202,288.1701
Potomje,Suhopolje_2025-03-13_11-08_tf_1h,2021-04-29 23:00:00,288.3483,287.9138
Potomje,Suhopolje_2025-03-13_11-08_tf_1h,2021-04-30 00:00:00,288.2827,288.05057
Potomje,Suhopolje_2025-03-13_11-08_tf_1h,2021-04-30 01:00:00,288.17993,287.99347
Potomje,Suhopolje_2025-03-13_11-08_tf_1h,2021-04-30 02:00:00,288.00943,287.88998
Potomje,Suhopolje_2025-03-13_11-08_tf_1h,2021-04-30 03:00:00,287.7099,287.69916
Potomje,Suhopolje_2025-03-13_11-08_tf_1h,2021-04-30 04:00:00,287.50726,287.36835
Potomje,Suhopolje_2025-03-13_11-08_tf_1h,2021-04-30 05:00:00,287.50354,287.35202
Potomje,Suhopolje_2025-03-13_11-08_tf_1h,2021-04-30 06:00:00,288.0275,287.62564
Potomje,Suhopolje_2025-03-13_11-08_tf_1h,2021-04-30 07:00:00,289.3192,288.49884
Potomje,Suhopolje_2025-03-13_11-08_tf_1h,2021-04-30 08:00:00,291.38052,290.2431
Potomje,Suhopolje_2025-03-13_11-08_tf_1h,2021-04-30 09:00:00,292.15598,292.50507
Potomje,Suhopolje_2025-03-13_11-08_tf_1h,2021-04-30 10:00:00,292.2059,292.62698
Potomje,Suhopolje_2025-03-13_11-08_tf_1h,2021-04-30 11:00:00,292.48636,292.16165
Potomje,Suhopolje_2025-03-13_11-08_tf_1h,2021-04-30 12:00:00,292.81433,292.39597
Potomje,Suhopolje_2025-03-13_11-08_tf_1h,2021-04-30 13:00:00,293.15903,292.6107
Potomje,Suhopolje_2025-03-13_11-08_tf_1h,2021-04-30 14:00:00,293.36377,292.84705
Potomje,Suhopolje_2025-03-13_11-08_tf_1h,2021-04-30 15:00:00,293.31226,292.89
Potomje,Suhopolje_2025-03-13_11-08_tf_1h,2021-04-30 16:00:00,293.15054,292.57898
Potomje,Suhopolje_2025-03-13_11-08_tf_1h,2021-04-30 17:00:00,292.82095,292.25803
Potomje,Suhopolje_2025-03-13_11-08_tf_1h,2021-04-30 18:00:00,292.20856,291.8787
Potomje,Suhopolje_2025-03-13_11-08_tf_1h,2021-04-30 19:00:00,291.67902,291.2233
Potomje,Suhopolje_2025-03-13_11-08_tf_1h,2021-04-30 20:00:00,291.63467,290.80344
Potomje,Suhopolje_2025-03-13_11-08_tf_1h,2021-04-30 21:00:00,291.35425,291.0742
Potomje,Suhopolje_2025-03-13_11-08_tf_1h,2021-04-30 22:00:00,291.0446,290.71735
Potomje,Suhopolje_2025-03-13_11-08_tf_1h,2021-04-30 23:00:00,290.65475,290.4438
Potomje,Suhopolje_2025-03-13_11-08_tf_1h,2021-05-01 00:00:00,290.32306,290.05896
Potomje,Suhopolje_2025-03-13_11-08_tf_1h,2021-05-01 01:00:00,290.1739,289.8074
Potomje,Suhopolje_2025-03-13_11-08_tf_1h,2021-05-01 02:00:00,290.03427,289.7857
Potomje,Suhopolje_2025-03-13_11-08_tf_1h,2021-05-01 03:00:00,289.86942,289.67206
Potomje,Suhopolje_2025-03-13_11-08_tf_1h,2021-05-01 04:00:00,289.84576,289.50574
Potomje,Suhopolje_2025-03-13_11-08_tf_1h,2021-05-01 05:00:00,289.8704,289.58685
Potomje,Suhopolje_2025-03-13_11-08_tf_1h,2021-05-01 06:00:00,290.06146,289.70126
Potomje,Suhopolje_2025-03-13_11-08_tf_1h,2021-05-01 07:00:00,290.95554,290.11935
Potomje,Suhopolje_2025-03-13_11-08_tf_1h,2021-05-01 08:00:00,291.83554,291.3955
Potomje,Suhopolje_2025-03-13_11-08_tf_1h,2021-05-01 09:00:00,292.45468,292.25394
Potomje,Suhopolje_2025-03-13_11-08_tf_1h,2021-05-01 10:00:00,292.40033,292.6823
Potomje,Suhopolje_2025-03-13_11-08_tf_1h,2021-05-01 11:00:00,292.99246,292.20496
Potomje,Suhopolje_2025-03-13_11-08_tf_1h,2021-05-01 12:00:00,293.41428,292.96432
Potomje,Suhopolje_2025-03-13_11-08_tf_1h,2021-05-01 13:00:00,293.53317,293.27646
Potomje,Suhopolje_2025-03-13_11-08_tf_1h,2021-05-01 14:00:00,293.28305,293.17117
Potomje,Suhopolje_2025-03-13_11-08_tf_1h,2021-05-01 15:00:00,292.4089,292.59598
Potomje,Suhopolje_2025-03-13_11-08_tf_1h,2021-05-01 16:00:00,291.41763,291.31512
Potomje,Suhopolje_2025-03-13_11-08_tf_1h,2021-05-01 17:00:00,290.4913,290.35202
Potomje,Suhopolje_2025-03-13_11-08_tf_1h,2021-05-01 18:00:00,290.1395,289.56824
Potomje,Suhopolje_2025-03-13_11-08_tf_1h,2021-05-01 19:00:00,290.00082,289.5421
Potomje,Suhopolje_2025-03-13_11-08_tf_1h,2021-05-01 20:00:00,289.78668,289.55756
Potomje,Suhopolje_2025-03-13_11-08_tf_1h,2021-05-01 21:00:00,289.66818,289.34418
Potomje,Suhopolje_2025-03-13_11-08_tf_1h,2021-05-01 22:00:00,289.6148,289.3032
Potomje,Suhopolje_2025-03-13_11-08_tf_1h,2021-05-01 23:00:00,289.4554,289.29913
Potomje,Suhopolje_2025-03-13_11-08_tf_1h,2021-05-02 00:00:00,289.4656,289.09717
Potomje,Suhopolje_2025-03-13_11-08_tf_1h,2021-05-02 01:00:00,289.3893,289.24185
Potomje,Suhopolje_2025-03-13_11-08_tf_1h,2021-05-02 02:00:00,289.3686,289.13968
Potomje,Suhopolje_2025-03-13_11-08_tf_1h,2021-05-02 03:00:00,289.2722,289.20758
Potomje,Suhopolje_2025-03-13_11-08_tf_1h,2021-05-02 04:00:00,289.13528,289.10416
Potomje,Suhopolje_2025-03-13_11-08_tf_1h,2021-05-02 05:00:00,288.9675,289.03333
Potomje,Suhopolje_2025-03-13_11-08_tf_1h,2021-05-02 06:00:00,289.2415,288.90784
Potomje,Suhopolje_2025-03-13_11-08_tf_1h,2021-05-02 07:00:00,290.08493,289.46243
Potomje,Suhopolje_2025-03-13_11-08_tf_1h,2021-05-02 08:00:00,291.332,290.60037
Potomje,Suhopolje_2025-03-13_11-08_tf_1h,2021-05-02 09:00:00,291.4245,292.00378
Potomje,Suhopolje_2025-03-13_11-08_tf_1h,2021-05-02 10:00:00,291.6783,291.4758
Potomje,Suhopolje_2025-03-13_11-08_tf_1h,2021-05-02 11:00:00,291.8156,291.61502
Potomje,Suhopolje_2025-03-13_11-08_tf_1h,2021-05-02 12:00:00,291.9959,291.59628
Potomje,Suhopolje_2025-03-13_11-08_tf_1h,2021-05-02 13:00:00,292.08585,291.67438
Potomje,Suhopolje_2025-03-13_11-08_tf_1h,2021-05-02 14:00:00,292.10834,291.62347
Potomje,Suhopolje_2025-03-13_11-08_tf_1h,2021-05-02 15:00:00,292.16055,291.50797
Potomje,Suhopolje_2025-03-13_11-08_tf_1h,2021-05-02 16:00:00,291.95972,291.50626
Potomje,Suhopolje_2025-03-13_11-08_tf_1h,2021-05-02 17:00:00,291.40924,291.187
Potomje,Suhopolje_2025-03-13_11-08_tf_1h,2021-05-02 18:00:00,290.78403,290.4962
Potomje,Suhopolje_2025-03-13_11-08_tf_1h,2021-05-02 19:00:00,290.0601,289.9078
Potomje,Suhopolje_2025-03-13_11-08_tf_1h,2021-05-02 20:00:00,289.36038,289.21826
Potomje,Suhopolje_2025-03-13_11-08_tf_1h,2021-05-02 21:00:00,288.5459,288.62292
Potomje,Suhopolje_2025-03-13_11-08_tf_1h,2021-05-02 22:00:00,288.10745,287.83417
Potomje,Suhopolje_2025-03-13_11-08_tf_1h,2021-05-02 23:00:00,287.5286,287.66046
Potomje,Suhopolje_2025-03-13_11-08_tf_1h,2021-05-03 00:00:00,286.9433,287.0342
Potomje,Suhopolje_2025-03-13_11-08_tf_1h,2021-05-03 01:00:00,286.46713,286.46127
Potomje,Suhopolje_2025-03-13_11-08_tf_1h,2021-05-03 02:00:00,286.7321,286.0648
Potomje,Suhopolje_2025-03-13_11-08_tf_1h,2021-05-03 03:00:00,286.9554,286.84048
Potomje,Suhopolje_2025-03-13_11-08_tf_1h,2021-05-03 04:00:00,286.93353,286.9566
Potomje,Suhopolje_2025-03-13_11-08_tf_1h,2021-05-03 05:00:00,286.64096,286.8648
Potomje,Suhopolje_2025-03-13_11-08_tf_1h,2021-05-03 06:00:00,286.85178,286.54407
Potomje,Suhopolje_2025-03-13_11-08_tf_1h,2021-05-03 07:00:00,288.59067,287.24435
Potomje,Suhopolje_2025-03-13_11-08_tf_1h,2021-05-03 08:00:00,290.1207,289.9056
Potomje,Suhopolje_2025-03-13_11-08_tf_1h,2021-05-03 09:00:00,291.05783,291.1146
Potomje,Suhopolje_2025-03-13_11-08_tf_1h,2021-05-03 10:00:00,291.649,291.7022
Potomje,Suhopolje_2025-03-13_11-08_tf_1h,2021-05-03 11:00:00,292.0049,291.9858
Potomje,Suhopolje_2025-03-13_11-08_tf_1h,2021-05-03 12:00:00,291.97928,292.09683
Potomje,Suhopolje_2025-03-13_11-08_tf_1h,2021-05-03 13:00:00,291.79193,291.7645
Potomje,Suhopolje_2025-03-13_11-08_tf_1h,2021-05-03 14:00:00,291.61807,291.34137
Potomje,Suhopolje_2025-03-13_11-08_tf_1h,2021-05-03 15:00:00,291.37872,290.99557
Potomje,Suhopolje_2025-03-13_11-08_tf_1h,2021-05-03 16:00:00,290.98233,290.63394
Potomje,Suhopolje_2025-03-13_11-08_tf_1h,2021-05-03 17:00:00,290.5339,290.0918
Potomje,Suhopolje_2025-03-13_11-08_tf_1h,2021-05-03 18:00:00,289.83716,289.67444
Potomje,Suhopolje_2025-03-13_11-08_tf_1h,2021-05-03 19:00:00,288.938,288.89987
Potomje,Suhopolje_2025-03-13_11-08_tf_1h,2021-05-03 20:00:00,288.1841,288.0036
Potomje,Suhopolje_2025-03-13_11-08_tf_1h,2021-05-03 21:00:00,287.71027,287.4257
Potomje,Suhopolje_2025-03-13_11-08_tf_1h,2021-05-03 22:00:00,287.37234,287.18454
Potomje,Suhopolje_2025-03-13_11-08_tf_1h,2021-05-03 23:00:00,287.1191,286.9738
Potomje,Suhopolje_2025-03-13_11-08_tf_1h,2021-05-04 00:00:00,286.8729,286.79025
Potomje,Suhopolje_2025-03-13_11-08_tf_1h,2021-05-04 01:00:00,286.57977,286.55344
Potomje,Suhopolje_2025-03-13_11-08_tf_1h,2021-05-04 02:00:00,286.22833,286.22934
Potomje,Suhopolje_2025-03-13_11-08_tf_1h,2021-05-04 03:00:00,285.7991,285.8697
Potomje,Suhopolje_2025-03-13_11-08_tf_1h,2021-05-04 04:00:00,285.32193,285.45258
Potomje,Suhopolje_2025-03-13_11-08_tf_1h,2021-05-04 05:00:00,284.94922,285.08893
Potomje,Suhopolje_2025-03-13_11-08_tf_1h,2021-05-04 06:00:00,285.21555,285.01163
Potomje,Suhopolje_2025-03-13_11-08_tf_1h,2021-05-04 07:00:00,287.19302,285.81882
Potomje,Suhopolje_2025-03-13_11-08_tf_1h,2021-05-04 08:00:00,288.75925,288.76822
Potomje,Suhopolje_2025-03-13_11-08_tf_1h,2021-05-04 09:00:00,289.9052,289.8539
Potomje,Suhopolje_2025-03-13_11-08_tf_1h,2021-05-04 10:00:00,290.85443,290.71713
Potomje,Suhopolje_2025-03-13_11-08_tf_1h,2021-05-04 11:00:00,291.4245,291.4272
Potomje,Suhopolje_2025-03-13_11-08_tf_1h,2021-05-04 12:00:00,291.4904,291.68307
Potomje,Suhopolje_2025-03-13_11-08_tf_1h,2021-05-04 13:00:00,291.3848,291.37656
Potomje,Suhopolje_2025-03-13_11-08_tf_1h,2021-05-04 14:00:00,291.075,291.06598
Potomje,Suhopolje_2025-03-13_11-08_tf_1h,2021-05-04 15:00:00,290.71167,290.43518
Potomje,Suhopolje_2025-03-13_11-08_tf_1h,2021-05-04 16:00:00,290.3327,289.9177
Potomje,Suhopolje_2025-03-13_11-08_tf_1h,2021-05-04 17:00:00,289.86298,289.47546
Potomje,Suhopolje_2025-03-13_11-08_tf_1h,2021-05-04 18:00:00,289.45074,289.0148
Potomje,Suhopolje_2025-03-13_11-08_tf_1h,2021-05-04 19:00:00,289.11575,288.68875
Potomje,Suhopolje_2025-03-13_11-08_tf_1h,2021-05-04 20:00:00,288.35797,288.44818
Potomje,Suhopolje_2025-03-13_11-08_tf_1h,2021-05-04 21:00:00,287.9997,287.5202
Potomje,Suhopolje_2025-03-13_11-08_tf_1h,2021-05-04 22:00:00,288.2866,287.45337
Potomje,Suhopolje_2025-03-13_11-08_tf_1h,2021-05-04 23:00:00,287.31427,288.14734
Potomje,Suhopolje_2025-03-13_11-08_tf_1h,2021-05-05 00:00:00,287.28436,286.53024
Potomje,Suhopolje_2025-03-13_11-08_tf_1h,2021-05-05 01:00:00,287.5407,287.04654
Potomje,Suhopolje_2025-03-13_11-08_tf_1h,2021-05-05 02:00:00,287.4279,287.4868
Potomje,Suhopolje_2025-03-13_11-08_tf_1h,2021-05-05 03:00:00,287.334,287.14685
Potomje,Suhopolje_2025-03-13_11-08_tf_1h,2021-05-05 04:00:00,287.28104,287.09525
Potomje,Suhopolje_2025-03-13_11-08_tf_1h,2021-05-05 05:00:00,287.30762,287.14233
Potomje,Suhopolje_2025-03-13_11-08_tf_1h,2021-05-05 06:00:00,287.5333,287.43475
Potomje,Suhopolje_2025-03-13_11-08_tf_1h,2021-05-05 07:00:00,288.23456,287.76984
Potomje,Suhopolje_2025-03-13_11-08_tf_1h,2021-05-05 08:00:00,288.74164,288.7651
Potomje,Suhopolje_2025-03-13_11-08_tf_1h,2021-05-05 09:00:00,289.16367,289.1634
Potomje,Suhopolje_2025-03-13_11-08_tf_1h,2021-05-05 10:00:00,289.71924,289.3797
Potomje,Suhopolje_2025-03-13_11-08_tf_1h,2021-05-05 11:00:00,289.96445,289.92566
Potomje,Suhopolje_2025-03-13_11-08_tf_1h,2021-05-05 12:00:00,290.42773,289.9478
Potomje,Suhopolje_2025-03-13_11-08_tf_1h,2021-05-05 13:00:00,290.5965,290.41998
Potomje,Suhopolje_2025-03-13_11-08_tf_1h,2021-05-05 14:00:00,290.5926,290.39825
Potomje,Suhopolje_2025-03-13_11-08_tf_1h,2021-05-05 15:00:00,290.57126,290.17847
Potomje,Suhopolje_2025-03-13_11-08_tf_1h,2021-05-05 16:00:00,290.5359,290.0599
Potomje,Suhopolje_2025-03-13_11-08_tf_1h,2021-05-05 17:00:00,290.21283,289.96457
Potomje,Suhopolje_2025-03-13_11-08_tf_1h,2021-05-05 18:00:00,289.6461,289.44522
Potomje,Suhopolje_2025-03-13_11-08_tf_1h,2021-05-05 19:00:00,289.0461,288.77884
Potomje,Suhopolje_2025-03-13_11-08_tf_1h,2021-05-05 20:00:00,288.4573,288.23856
Potomje,Suhopolje_2025-03-13_11-08_tf_1h,2021-05-05 21:00:00,288.2862,287.73224
Potomje,Suhopolje_2025-03-13_11-08_tf_1h,2021-05-05 22:00:00,288.08398,287.84744
Potomje,Suhopolje_2025-03-13_11-08_tf_1h,2021-05-05 23:00:00,287.84677,287.68628
Potomje,Suhopolje_2025-03-13_11-08_tf_1h,2021-05-06 00:00:00,287.43668,287.45932
Potomje,Suhopolje_2025-03-13_11-08_tf_1h,2021-05-06 01:00:00,287.04324,286.96933
Potomje,Suhopolje_2025-03-13_11-08_tf_1h,2021-05-06 02:00:00,286.58466,286.62036
Potomje,Suhopolje_2025-03-13_11-08_tf_1h,2021-05-06 03:00:00,286.23245,286.1593
Potomje,Suhopolje_2025-03-13_11-08_tf_1h,2021-05-06 04:00:00,285.96924,285.9185
Potomje,Suhopolje_2025-03-13_11-08_tf_1h,2021-05-06 05:00:00,285.79422,285.75287
Potomje,Suhopolje_2025-03-13_11-08_tf_1h,2021-05-06 06:00:00,286.5166,285.67996
Potomje,Suhopolje_2025-03-13_11-08_tf_1h,2021-05-06 07:00:00,288.33194,287.05673
Potomje,Suhopolje_2025-03-13_11-08_tf_1h,2021-05-06 08:00:00,290.19247,289.51697
Potomje,Suhopolje_2025-03-13_11-08_tf_1h,2021-05-06 09:00:00,291.08694,291.36945
Potomje,Suhopolje_2025-03-13_11-08_tf_1h,2021-05-06 10:00:00,291.63452,291.71872
Potomje,Suhopolje_2025-03-13_11-08_tf_1h,2021-05-06 11:00:00,291.68497,291.9477
Potomje,Suhopolje_2025-03-13_11-08_tf_1h,2021-05-06 12:00:00,291.8375,291.59778
Potomje,Suhopolje_2025-03-13_11-08_tf_1h,2021-05-06 13:00:00,291.96988,291.65622
Potomje,Suhopolje_2025-03-13_11-08_tf_1h,2021-05-06 14:00:00,291.9044,291.66254
Potomje,Suhopolje_2025-03-13_11-08_tf_1h,2021-05-06 15:00:00,291.78687,291.35516
Potomje,Suhopolje_2025-03-13_11-08_tf_1h,2021-05-06 16:00:00,291.42194,291.09442
Potomje,Suhopolje_2025-03-13_11-08_tf_1h,2021-05-06 17:00:00,290.8654,290.53204
Potomje,Suhopolje_2025-03-13_11-08_tf_1h,2021-05-06 18:00:00,290.23883,289.8924
Potomje,Suhopolje_2025-03-13_11-08_tf_1h,2021-05-06 19:00:00,289.52094,289.3232
Potomje,Suhopolje_2025-03-13_11-08_tf_1h,2021-05-06 20:00:00,289.27805,288.63193
Potomje,Suhopolje_2025-03-13_11-08_tf_1h,2021-05-06 21:00:00,288.9241,288.7314
Potomje,Suhopolje_2025-03-13_11-08_tf_1h,2021-05-06 22:00:00,288.61884,288.36984
Potomje,Suhopolje_2025-03-13_11-08_tf_1h,2021-05-06 23:00:00,288.27466,288.13788
Potomje,Suhopolje_2025-03-13_11-08_tf_1h,2021-05-07 00:00:00,288.01926,287.8114
Potomje,Suhopolje_2025-03-13_11-08_tf_1h,2021-05-07 01:00:00,287.83994,287.63467
Potomje,Suhopolje_2025-03-13_11-08_tf_1h,2021-05-07 02:00:00,287.69208,287.5223
Potomje,Suhopolje_2025-03-13_11-08_tf_1h,2021-05-07 03:00:00,287.68857,287.40744
Potomje,Suhopolje_2025-03-13_11-08_tf_1h,2021-05-07 04:00:00,287.56497,287.5156
Potomje,Suhopolje_2025-03-13_11-08_tf_1h,2021-05-07 05:00:00,287.40384,287.35825
Potomje,Suhopolje_2025-03-13_11-08_tf_1h,2021-05-07 06:00:00,287.97604,287.3585
Potomje,Suhopolje_2025-03-13_11-08_tf_1h,2021-05-07 07:00:00,289.27335,288.53613
Potomje,Suhopolje_2025-03-13_11-08_tf_1h,2021-05-07 08:00:00,290.47427,290.19098
Potomje,Suhopolje_2025-03-13_11-08_tf_1h,2021-05-07 09:00:00,291.27585,291.25143
Potomje,Suhopolje_2025-03-13_11-08_tf_1h,2021-05-07 10:00:00,291.84042,291.73767
Potomje,Suhopolje_2025-03-13_11-08_tf_1h,2021-05-07 11:00:00,292.22293,292.0755
Potomje,Suhopolje_2025-03-13_11-08_tf_1h,2021-05-07 12:00:00,292.42163,292.2614
Potomje,Suhopolje_2025-03-13_11-08_tf_1h,2021-05-07 13:00:00,292.519,292.2547
Potomje,Suhopolje_2025-03-13_11-08_tf_1h,2021-05-07 14:00:00,292.49164,292.18866
Potomje,Suhopolje_2025-03-13_11-08_tf_1h,2021-05-07 15:00:00,292.3962,291.93555
Potomje,Suhopolje_2025-03-13_11-08_tf_1h,2021-05-07 16:00:00,292.20633,291.68323
Potomje,Suhopolje_2025-03-13_11-08_tf_1h,2021-05-07 17:00:00,291.83984,291.3757
Potomje,Suhopolje_2025-03-13_11-08_tf_1h,2021-05-07 18:00:00,291.26608,290.94077
Potomje,Suhopolje_2025-03-13_11-08_tf_1h,2021-05-07 19:00:00,290.68234,290.33096
Potomje,Suhopolje_2025-03-13_11-08_tf_1h,2021-05-07 20:00:00,290.30472,289.81693
Potomje,Suhopolje_2025-03-13_11-08_tf_1h,2021-05-07 21:00:00,290.20792,289.64133
Potomje,Suhopolje_2025-03-13_11-08_tf_1h,2021-05-07 22:00:00,289.99457,289.75558
Potomje,Suhopolje_2025-03-13_11-08_tf_1h,2021-05-07 23:00:00,289.8084,289.52057
Potomje,Suhopolje_2025-03-13_11-08_tf_1h,2021-05-08 00:00:00,289.51584,289.37402
Potomje,Suhopolje_2025-03-13_11-08_tf_1h,2021-05-08 01:00:00,289.04495,289.0486
Potomje,Suhopolje_2025-03-13_11-08_tf_1h,2021-05-08 02:00:00,288.91412,288.51422
Potomje,Suhopolje_2025-03-13_11-08_tf_1h,2021-05-08 03:00:00,288.57346,288.6121
Potomje,Suhopolje_2025-03-13_11-08_tf_1h,2021-05-08 04:00:00,288.24472,288.1676
Potomje,Suhopolje_2025-03-13_11-08_tf_1h,2021-05-08 05:00:00,287.57672,287.91833
Potomje,Suhopolje_2025-03-13_11-08_tf_1h,2021-05-08 06:00:00,287.37372,287.10822
Potomje,Suhopolje_2025-03-13_11-08_tf_1h,2021-05-08 07:00:00,287.74487,287.37335
Potomje,Suhopolje_2025-03-13_11-08_tf_1h,2021-05-08 08:00:00,288.53397,288.07626
Potomje,Suhopolje_2025-03-13_11-08_tf_1h,2021-05-08 09:00:00,289.90265,289.08194
Potomje,Suhopolje_2025-03-13_11-08_tf_1h,2021-05-08 10:00:00,291.29208,290.87057
Potomje,Suhopolje_2025-03-13_11-08_tf_1h,2021-05-08 11:00:00,292.5018,292.10907
Potomje,Suhopolje_2025-03-13_11-08_tf_1h,2021-05-08 12:00:00,293.37204,293.14175
Potomje,Suhopolje_2025-03-13_11-08_tf_1h,2021-05-08 13:00:00,293.7958,293.75397
Potomje,Suhopolje_2025-03-13_11-08_tf_1h,2021-05-08 14:00:00,293.77118,293.84784
Potomje,Suhopolje_2025-03-13_11-08_tf_1h,2021-05-08 15:00:00,293.51126,293.44345
Potomje,Suhopolje_2025-03-13_11-08_tf_1h,2021-05-08 16:00:00,293.12875,292.9043
Potomje,Suhopolje_2025-03-13_11-08_tf_1h,2021-05-08 17:00:00,292.5241,292.22668
Potomje,Suhopolje_2025-03-13_11-08_tf_1h,2021-05-08 18:00:00,291.737,291.41705
Potomje,Suhopolje_2025-03-13_11-08_tf_1h,2021-05-08 19:00:00,290.86166,290.68878
Potomje,Suhopolje_2025-03-13_11-08_tf_1h,2021-05-08 20:00:00,290.35693,289.8825
Potomje,Suhopolje_2025-03-13_11-08_tf_1h,2021-05-08 21:00:00,289.6408,289.61996
Potomje,Suhopolje_2025-03-13_11-08_tf_1h,2021-05-08 22:00:00,289.0375,288.85312
Potomje,Suhopolje_2025-03-13_11-08_tf_1h,2021-05-08 23:00:00,288.39746,288.3921
Potomje,Suhopolje_2025-03-13_11-08_tf_1h,2021-05-09 00:00:00,287.6526,287.79947
Potomje,Suhopolje_2025-03-13_11-08_tf_1h,2021-05-09 01:00:00,286.91122,287.04547
Potomje,Suhopolje_2025-03-13_11-08_tf_1h,2021-05-09 02:00:00,286.2604,286.33517
Potomje,Suhopolje_2025-03-13_11-08_tf_1h,2021-05-09 03:00:00,285.71854,285.75397
Potomje,Suhopolje_2025-03-13_11-08_tf_1h,2021-05-09 04:00:00,285.3051,285.28687
Potomje,Suhopolje_2025-03-13_11-08_tf_1h,2021-05-09 05:00:00,284.9588,284.99197
Potomje,Suhopolje_2025-03-13_11-08_tf_1h,2021-05-09 06:00:00,285.50693,284.79108
Potomje,Suhopolje_2025-03-13_11-08_tf_1h,2021-05-09 07:00:00,287.49243,286.32382
Potomje,Suhopolje_2025-03-13_11-08_tf_1h,2021-05-09 08:00:00,289.76224,289.13095
Potomje,Suhopolje_2025-03-13_11-08_tf_1h,2021-05-09 09:00:00,291.63138,291.23572
Potomje,Suhopolje_2025-03-13_11-08_tf_1h,2021-05-09 10:00:00,293.039,292.9518
Potomje,Suhopolje_2025-03-13_11-08_tf_1h,2021-05-09 11:00:00,293.87717,293.9668
Potomje,Suhopolje_2025-03-13_11-08_tf_1h,2021-05-09 12:00:00,294.0211,294.35315
Potomje,Suhopolje_2025-03-13_11-08_tf_1h,2021-05-09 13:00:00,293.94598,293.9721
Potomje,Suhopolje_2025-03-13_11-08_tf_1h,2021-05-09 14:00:00,293.80853,293.6423
Potomje,Suhopolje_2025-03-13_11-08_tf_1h,2021-05-09 15:00:00,293.5975,293.33725
Potomje,Suhopolje_2025-03-13_11-08_tf_1h,2021-05-09 16:00:00,293.30692,292.95877
Potomje,Suhopolje_2025-03-13_11-08_tf_1h,2021-05-09 17:00:00,292.88217,292.4537
Potomje,Suhopolje_2025-03-13_11-08_tf_1h,2021-05-09 18:00:00,292.28082,291.85425
Potomje,Suhopolje_2025-03-13_11-08_tf_1h,2021-05-09 19:00:00,291.47983,291.2039
Potomje,Suhopolje_2025-03-13_11-08_tf_1h,2021-05-09 20:00:00,291.0672,290.43927
Potomje,Suhopolje_2025-03-13_11-08_tf_1h,2021-05-09 21:00:00,289.9105,290.29132
Potomje,Suhopolje_2025-03-13_11-08_tf_1h,2021-05-09 22:00:00,288.67084,288.91678
Potomje,Suhopolje_2025-03-13_11-08_tf_1h,2021-05-09 23:00:00,287.70343,287.77744
Potomje,Suhopolje_2025-03-13_11-08_tf_1h,2021-05-10 00:00:00,286.76828,286.96585
Potomje,Suhopolje_2025-03-13_11-08_tf_1h,2021-05-10 01:00:00,286.23755,286.11746
Potomje,Suhopolje_2025-03-13_11-08_tf_1h,2021-05-10 02:00:00,285.72342,285.8363
Potomje,Suhopolje_2025-03-13_11-08_tf_1h,2021-05-10 03:00:00,284.7693,285.31155
Potomje,Suhopolje_2025-03-13_11-08_tf_1h,2021-05-10 04:00:00,285.0851,284.04007
Potomje,Suhopolje_2025-03-13_11-08_tf_1h,2021-05-10 05:00:00,285.6274,285.40955
Potomje,Suhopolje_2025-03-13_11-08_tf_1h,2021-05-10 06:00:00,287.07236,285.94836
Potomje,Suhopolje_2025-03-13_11-08_tf_1h,2021-05-10 07:00:00,289.48984,288.62143
Potomje,Suhopolje_2025-03-13_11-08_tf_1h,2021-05-10 08:00:00,292.10873,290.95972
Potomje,Suhopolje_2025-03-13_11-08_tf_1h,2021-05-10 09:00:00,293.61884,293.84225
Potomje,Suhopolje_2025-03-13_11-08_tf_1h,2021-05-10 10:00:00,294.47125,294.64258
Potomje,Suhopolje_2025-03-13_11-08_tf_1h,2021-05-10 11:00:00,294.85416,295.00125
Potomje,Suhopolje_2025-03-13_11-08_tf_1h,2021-05-10 12:00:00,294.9443,294.98886
Potomje,Suhopolje_2025-03-13_11-08_tf_1h,2021-05-10 13:00:00,294.86063,294.7717
Potomje,Suhopolje_2025-03-13_11-08_tf_1h,2021-05-10 14:00:00,294.81857,294.4648
Potomje,Suhopolje_2025-03-13_11-08_tf_1h,2021-05-10 15:00:00,294.85083,294.31427
Potomje,Suhopolje_2025-03-13_11-08_tf_1h,2021-05-10 16:00:00,294.81094,294.26837
Potomje,Suhopolje_2025-03-13_11-08_tf_1h,2021-05-10 17:00:00,294.57333,294.09518
Potomje,Suhopolje_2025-03-13_11-08_tf_1h,2021-05-10 18:00:00,294.04965,293.63263
Potomje,Suhopolje_2025-03-13_11-08_tf_1h,2021-05-10 19:00:00,293.27444,292.87863
Potomje,Suhopolje_2025-03-13_11-08_tf_1h,2021-05-10 20:00:00,292.73785,292.16068
Potomje,Suhopolje_2025-03-13_11-08_tf_1h,2021-05-10 21:00:00,292.0047,291.81897
Potomje,Suhopolje_2025-03-13_11-08_tf_1h,2021-05-10 22:00:00,291.13486,291.0652
Potomje,Suhopolje_2025-03-13_11-08_tf_1h,2021-05-10 23:00:00,290.0718,290.25983
Potomje,Suhopolje_2025-03-13_11-08_tf_1h,2021-05-11 00:00:00,288.92917,289.21854
Potomje,Suhopolje_2025-03-13_11-08_tf_1h,2021-05-11 01:00:00,288.13834,288.14557
Potomje,Suhopolje_2025-03-13_11-08_tf_1h,2021-05-11 02:00:00,288.31943,287.58286
Potomje,Suhopolje_2025-03-13_11-08_tf_1h,2021-05-11 03:00:00,288.08008,288.28137
Potomje,Suhopolje_2025-03-13_11-08_tf_1h,2021-05-11 04:00:00,287.96783,287.7572
Potomje,Suhopolje_2025-03-13_11-08_tf_1h,2021-05-11 05:00:00,287.91367,287.6967
Potomje,Suhopolje_2025-03-13_11-08_tf_1h,2021-05-11 06:00:00,288.6566,287.78156
Potomje,Suhopolje_2025-03-13_11-08_tf_1h,2021-05-11 07:00:00,290.79987,289.67886
Potomje,Suhopolje_2025-03-13_11-08_tf_1h,2021-05-11 08:00:00,293.04095,292.25012
Potomje,Suhopolje_2025-03-13_11-08_tf_1h,2021-05-11 09:00:00,294.53033,294.5152
Potomje,Suhopolje_2025-03-13_11-08_tf_1h,2021-05-11 10:00:00,295.56403,295.50583
Potomje,Suhopolje_2025-03-13_11-08_tf_1h,2021-05-11 11:00:00,296.02554,296.17786
Potomje,Suhopolje_2025-03-13_11-08_tf_1h,2021-05-11 12:00:00,296.16342,296.19086
Potomje,Suhopolje_2025-03-13_11-08_tf_1h,2021-05-11 13:00:00,296.06973,296.01596
Potomje,Suhopolje_2025-03-13_11-08_tf_1h,2021-05-11 14:00:00,295.70386,295.66003
Potomje,Suhopolje_2025-03-13_11-08_tf_1h,2021-05-11 15:00:00,295.1686,295.00482
Potomje,Suhopolje_2025-03-13_11-08_tf_1h,2021-05-11 16:00:00,294.87762,294.22366
Potomje,Suhopolje_2025-03-13_11-08_tf_1h,2021-05-11 17:00:00,294.6318,293.87024
Potomje,Suhopolje_2025-03-13_11-08_tf_1h,2021-05-11 18:00:00,294.0162,293.66846
Potomje,Suhopolje_2025-03-13_11-08_tf_1h,2021-05-11 19:00:00,293.1,292.93167
Potomje,Suhopolje_2025-03-13_11-08_tf_1h,2021-05-11 20:00:00,292.27908,292.03445
Potomje,Suhopolje_2025-03-13_11-08_tf_1h,2021-05-11 21:00:00,291.99786,291.36276
Potomje,Suhopolje_2025-03-13_11-08_tf_1h,2021-05-11 22:00:00,291.76553,291.37872
Potomje,Suhopolje_2025-03-13_11-08_tf_1h,2021-05-11 23:00:00,291.40747,291.23172
Potomje,Suhopolje_2025-03-13_11-08_tf_1h,2021-05-12 00:00:00,291.1104,290.8591
Potomje,Suhopolje_2025-03-13_11-08_tf_1h,2021-05-12 01:00:00,290.62582,290.6266
Potomje,Suhopolje_2025-03-13_11-08_tf_1h,2021-05-12 02:00:00,290.22708,290.06802
Potomje,Suhopolje_2025-03-13_11-08_tf_1h,2021-05-12 03:00:00,289.84595,289.74536
Potomje,Suhopolje_2025-03-13_11-08_tf_1h,2021-05-12 04:00:00,289.5186,289.40295
Potomje,Suhopolje_2025-03-13_11-08_tf_1h,2021-05-12 05:00:00,289.44604,289.1386
Potomje,Suhopolje_2025-03-13_11-08_tf_1h,2021-05-12 06:00:00,289.61264,289.4262
Potomje,Suhopolje_2025-03-13_11-08_tf_1h,2021-05-12 07:00:00,289.99594,290.07986
Potomje,Suhopolje_2025-03-13_11-08_tf_1h,2021-05-12 08:00:00,290.4543,290.48386
Potomje,Suhopolje_2025-03-13_11-08_tf_1h,2021-05-12 09:00:00,290.7418,290.88504
Potomje,Suhopolje_2025-03-13_11-08_tf_1h,2021-05-12 10:00:00,291.63922,290.9546
Potomje,Suhopolje_2025-03-13_11-08_tf_1h,2021-05-12 11:00:00,292.5288,292.09204
Potomje,Suhopolje_2025-03-13_11-08_tf_1h,2021-05-12 12:00:00,292.92245,292.90335
Potomje,Suhopolje_2025-03-13_11-08_tf_1h,2021-05-12 13:00:00,292.9422,292.99026
Potomje,Suhopolje_2025-03-13_11-08_tf_1h,2021-05-12 14:00:00,292.75507,292.73663
Potomje,Suhopolje_2025-03-13_11-08_tf_1h,2021-05-12 15:00:00,292.53937,292.32785
Potomje,Suhopolje_2025-03-13_11-08_tf_1h,2021-05-12 16:00:00,292.3962,291.91586
Potomje,Suhopolje_2025-03-13_11-08_tf_1h,2021-05-12 17:00:00,292.10013,291.71857
Potomje,Suhopolje_2025-03-13_11-08_tf_1h,2021-05-12 18:00:00,291.5115,291.28616
Potomje,Suhopolje_2025-03-13_11-08_tf_1h,2021-05-12 19:00:00,290.69427,290.57407
Potomje,Suhopolje_2025-03-13_11-08_tf_1h,2021-05-12 20:00:00,289.8172,289.7663
Potomje,Suhopolje_2025-03-13_11-08_tf_1h,2021-05-12 21:00:00,290.64774,288.9405
Potomje,Suhopolje_2025-03-13_11-08_tf_1h,2021-05-12 22:00:00,290.1336,290.71643
Potomje,Suhopolje_2025-03-13_11-08_tf_1h,2021-05-12 23:00:00,288.65305,289.4917
Potomje,Suhopolje_2025-03-13_11-08_tf_1h,2021-05-13 00:00:00,287.93478,287.7111
Potomje,Suhopolje_2025-03-13_11-08_tf_1h,2021-05-13 01:00:00,287.93674,287.32434
Potomje,Suhopolje_2025-03-13_11-08_tf_1h,2021-05-13 02:00:00,287.98288,287.75232
Potomje,Suhopolje_2025-03-13_11-08_tf_1h,2021-05-13 03:00:00,288.05972,287.8472
Potomje,Suhopolje_2025-03-13_11-08_tf_1h,2021-05-13 04:00:00,287.44998,287.94226
Potomje,Suhopolje_2025-03-13_11-08_tf_1h,2021-05-13 05:00:00,286.8643,286.88403
Potomje,Suhopolje_2025-03-13_11-08_tf_1h,2021-05-13 06:00:00,286.57135,286.54004
Potomje,Suhopolje_2025-03-13_11-08_tf_1h,2021-05-13 07:00:00,286.6218,286.55612
Potomje,Suhopolje_2025-03-13_11-08_tf_1h,2021-05-13 08:00:00,287.08783,286.90497
Potomje,Suhopolje_2025-03-13_11-08_tf_1h,2021-05-13 09:00:00,287.42047,287.61786
Potomje,Suhopolje_2025-03-13_11-08_tf_1h,2021-05-13 10:00:00,287.97858,287.80792
Potomje,Suhopolje_2025-03-13_11-08_tf_1h,2021-05-13 11:00:00,289.49533,288.38303
Potomje,Suhopolje_2025-03-13_11-08_tf_1h,2021-05-13 12:00:00,290.59277,290.44702
Potomje,Suhopolje_2025-03-13_11-08_tf_1h,2021-05-13 13:00:00,290.9837,291.2335
Potomje,Suhopolje_2025-03-13_11-08_tf_1h,2021-05-13 14:00:00,291.15952,291.17407
Potomje,Suhopolje_2025-03-13_11-08_tf_1h,2021-05-13 15:00:00,290.9612,291.12775
Potomje,Suhopolje_2025-03-13_11-08_tf_1h,2021-05-13 16:00:00,290.74023,290.59476
Potomje,Suhopolje_2025-03-13_11-08_tf_1h,2021-05-13 17:00:00,290.4956,290.1567
Potomje,Suhopolje_2025-03-13_11-08_tf_1h,2021-05-13 18:00:00,290.0069,289.83005
Potomje,Suhopolje_2025-03-13_11-08_tf_1h,2021-05-13 19:00:00,289.34747,289.16293
Potomje,Suhopolje_2025-03-13_11-08_tf_1h,2021-05-13 20:00:00,288.64133,288.46478
Potomje,Suhopolje_2025-03-13_11-08_tf_1h,2021-05-13 21:00:00,287.96274,287.78323
Potomje,Suhopolje_2025-03-13_11-08_tf_1h,2021-05-13 22:00:00,287.78732,287.1833
Potomje,Suhopolje_2025-03-13_11-08_tf_1h,2021-05-13 23:00:00,287.50708,287.37817
Potomje,Suhopolje_2025-03-13_11-08_tf_1h,2021-05-14 00:00:00,286.88736,287.09277
Potomje,Suhopolje_2025-03-13_11-08_tf_1h,2021-05-14 01:00:00,286.4857,286.31384
Potomje,Suhopolje_2025-03-13_11-08_tf_1h,2021-05-14 02:00:00,286.10065,286.0732
Potomje,Suhopolje_2025-03-13_11-08_tf_1h,2021-05-14 03:00:00,286.11298,285.71964
Potomje,Suhopolje_2025-03-13_11-08_tf_1h,2021-05-14 04:00:00,286.01166,286.00912
Potomje,Suhopolje_2025-03-13_11-08_tf_1h,2021-05-14 05:00:00,285.67413,285.81235
Potomje,Suhopolje_2025-03-13_11-08_tf_1h,2021-05-14 06:00:00,286.22797,285.35355
Potomje,Suhopolje_2025-03-13_11-08_tf_1h,2021-05-14 07:00:00,286.9263,286.6639
Potomje,Suhopolje_2025-03-13_11-08_tf_1h,2021-05-14 08:00:00,289.60992,287.34183
Potomje,Suhopolje_2025-03-13_11-08_tf_1h,2021-05-14 09:00:00,290.00748,291.30478
Potomje,Suhopolje_2025-03-13_11-08_tf_1h,2021-05-14 10:00:00,290.52414,290.46405
Potomje,Suhopolje_2025-03-13_11-08_tf_1h,2021-05-14 11:00:00,291.26297,290.87506
Potomje,Suhopolje_2025-03-13_11-08_tf_1h,2021-05-14 12:00:00,291.9038,291.59082
Potomje,Suhopolje_2025-03-13_11-08_tf_1h,2021-05-14 13:00:00,292.18774,292.07916
Potomje,Suhopolje_2025-03-13_11-08_tf_1h,2021-05-14 14:00:00,292.23956,292.09802
Potomje,Suhopolje_2025-03-13_11-08_tf_1h,2021-05-14 15:00:00,291.88815,291.92105
Potomje,Suhopolje_2025-03-13_11-08_tf_1h,2021-05-14 16:00:00,291.49704,291.19522
Potomje,Suhopolje_2025-03-13_11-08_tf_1h,2021-05-14 17:00:00,290.9301,290.60303
Potomje,Suhopolje_2025-03-13_11-08_tf_1h,2021-05-14 18:00:00,290.4594,289.92514
Potomje,Suhopolje_2025-03-13_11-08_tf_1h,2021-05-14 19:00:00,289.84692,289.6115
Potomje,Suhopolje_2025-03-13_11-08_tf_1h,2021-05-14 20:00:00,289.57764,288.96732
Potomje,Suhopolje_2025-03-13_11-08_tf_1h,2021-05-14 21:00:00,289.35745,288.97543
Potomje,Suhopolje_2025-03-13_11-08_tf_1h,2021-05-14 22:00:00,289.209,288.83133
Potomje,Suhopolje_2025-03-13_11-08_tf_1h,2021-05-14 23:00:00,288.8535,288.7605
Potomje,Suhopolje_2025-03-13_11-08_tf_1h,2021-05-15 00:00:00,288.27838,288.3291
Potomje,Suhopolje_2025-03-13_11-08_tf_1h,2021-05-15 01:00:00,287.52078,287.6813
Potomje,Suhopolje_2025-03-13_11-08_tf_1h,2021-05-15 02:00:00,286.93723,286.88458
Potomje,Suhopolje_2025-03-13_11-08_tf_1h,2021-05-15 03:00:00,286.3502,286.45026
Potomje,Suhopolje_2025-03-13_11-08_tf_1h,2021-05-15 04:00:00,286.17828,285.89343
Potomje,Suhopolje_2025-03-13_11-08_tf_1h,2021-05-15 05:00:00,286.01654,286.03677
Potomje,Suhopolje_2025-03-13_11-08_tf_1h,2021-05-15 06:00:00,286.16284,285.86774
Potomje,Suhopolje_2025-03-13_11-08_tf_1h,2021-05-15 07:00:00,286.31772,286.40067
Potomje,Suhopolje_2025-03-13_11-08_tf_1h,2021-05-15 08:00:00,287.475,286.49118
Potomje,Suhopolje_2025-03-13_11-08_tf_1h,2021-05-15 09:00:00,287.88647,288.4629
Potomje,Suhopolje_2025-03-13_11-08_tf_1h,2021-05-15 10:00:00,288.40314,288.38748
Potomje,Suhopolje_2025-03-13_11-08_tf_1h,2021-05-15 11:00:00,288.31592,288.73038
Potomje,Suhopolje_2025-03-13_11-08_tf_1h,2021-05-15 12:00:00,288.84256,288.22382
Potomje,Suhopolje_2025-03-13_11-08_tf_1h,2021-05-15 13:00:00,289.28354,289.00357
Potomje,Suhopolje_2025-03-13_11-08_tf_1h,2021-05-15 14:00:00,290.07455,289.45404
Potomje,Suhopolje_2025-03-13_11-08_tf_1h,2021-05-15 15:00:00,290.4209,290.35138
Potomje,Suhopolje_2025-03-13_11-08_tf_1h,2021-05-15 16:00:00,290.3362,290.4275
Potomje,Suhopolje_2025-03-13_11-08_tf_1h,2021-05-15 17:00:00,290.16235,290.00735
Potomje,Suhopolje_2025-03-13_11-08_tf_1h,2021-05-15 18:00:00,289.85416,289.63412
Potomje,Suhopolje_2025-03-13_11-08_tf_1h,2021-05-15 19:00:00,289.3641,289.18918
Potomje,Suhopolje_2025-03-13_11-08_tf_1h,2021-05-15 20:00:00,288.31982,288.54507
Potomje,Suhopolje_2025-03-13_11-08_tf_1h,2021-05-15 21:00:00,288.21188,287.28934
Potomje,Suhopolje_2025-03-13_11-08_tf_1h,2021-05-15 22:00:00,287.89352,287.77573
Potomje,Suhopolje_2025-03-13_11-08_tf_1h,2021-05-15 23:00:00,287.1772,287.3435
Potomje,Suhopolje_2025-03-13_11-08_tf_1h,2021-05-16 00:00:00,287.11597,286.46002
Potomje,Suhopolje_2025-03-13_11-08_tf_1h,2021-05-16 01:00:00,286.75165,286.8275
Potomje,Suhopolje_2025-03-13_11-08_tf_1h,2021-05-16 02:00:00,287.1248,286.3178
Potomje,Suhopolje_2025-03-13_11-08_tf_1h,2021-05-16 03:00:00,287.07803,287.1699
Potomje,Suhopolje_2025-03-13_11-08_tf_1h,2021-05-16 04:00:00,287.66373,286.84302
Potomje,Suhopolje_2025-03-13_11-08_tf_1h,2021-05-16 05:00:00,288.37497,287.8862
Potomje,Suhopolje_2025-03-13_11-08_tf_1h,2021-05-16 06:00:00,288.2502,288.6144
Potomje,Suhopolje_2025-03-13_11-08_tf_1h,2021-05-16 07:00:00,289.15485,288.01236
Potomje,Suhopolje_2025-03-13_11-08_tf_1h,2021-05-16 08:00:00,289.10773,289.5437
Potomje,Suhopolje_2025-03-13_11-08_tf_1h,2021-05-16 09:00:00,289.9852,288.99896
Potomje,Suhopolje_2025-03-13_11-08_tf_1h,2021-05-16 10:00:00,290.9487,290.25357
Potomje,Suhopolje_2025-03-13_11-08_tf_1h,2021-05-16 11:00:00,291.48315,291.3807
Potomje,Suhopolje_2025-03-13_11-08_tf_1h,2021-05-16 12:00:00,291.69318,291.63824
Potomje,Suhopolje_2025-03-13_11-08_tf_1h,2021-05-16 13:00:00,291.73404,291.60245
Potomje,Suhopolje_2025-03-13_11-08_tf_1h,2021-05-16 14:00:00,291.87036,291.42346
Potomje,Suhopolje_2025-03-13_11-08_tf_1h,2021-05-16 15:00:00,291.72485,291.44174
Potomje,Suhopolje_2025-03-13_11-08_tf_1h,2021-05-16 16:00:00,291.56998,291.06766
Potomje,Suhopolje_2025-03-13_11-08_tf_1h,2021-05-16 17:00:00,291.25415,290.80038
Potomje,Suhopolje_2025-03-13_11-08_tf_1h,2021-05-16 18:00:00,290.85052,290.41177
Potomje,Suhopolje_2025-03-13_11-08_tf_1h,2021-05-16 19:00:00,290.3851,290.02124
Potomje,Suhopolje_2025-03-13_11-08_tf_1h,2021-05-16 20:00:00,289.73273,289.58838
Potomje,Suhopolje_2025-03-13_11-08_tf_1h,2021-05-16 21:00:00,289.52347,288.92023
Potomje,Suhopolje_2025-03-13_11-08_tf_1h,2021-05-16 22:00:00,289.28607,289.03397
Potomje,Suhopolje_2025-03-13_11-08_tf_1h,2021-05-16 23:00:00,289.20258,288.84515
Potomje,Suhopolje_2025-03-13_11-08_tf_1h,2021-05-17 00:00:00,289.16483,288.867
Potomje,Suhopolje_2025-03-13_11-08_tf_1h,2021-05-17 01:00:00,289.13608,288.86884
Potomje,Suhopolje_2025-03-13_11-08_tf_1h,2021-05-17 02:00:00,289.13922,288.8401
Potomje,Suhopolje_2025-03-13_11-08_tf_1h,2021-05-17 03:00:00,289.14056,288.87726
Potomje,Suhopolje_2025-03-13_11-08_tf_1h,2021-05-17 04:00:00,288.9853,288.90323
Potomje,Suhopolje_2025-03-13_11-08_tf_1h,2021-05-17 05:00:00,288.9411,288.67825
Potomje,Suhopolje_2025-03-13_11-08_tf_1h,2021-05-17 06:00:00,289.04083,288.78256
Potomje,Suhopolje_2025-03-13_11-08_tf_1h,2021-05-17 07:00:00,289.4398,288.99127
Potomje,Suhopolje_2025-03-13_11-08_tf_1h,2021-05-17 08:00:00,290.79987,289.62457
Potomje,Suhopolje_2025-03-13_11-08_tf_1h,2021-05-17 09:00:00,291.24203,291.5532
Potomje,Suhopolje_2025-03-13_11-08_tf_1h,2021-05-17 10:00:00,291.8029,291.48462
Potomje,Suhopolje_2025-03-13_11-08_tf_1h,2021-05-17 11:00:00,292.27084,291.9334
Potomje,Suhopolje_2025-03-13_11-08_tf_1h,2021-05-17 12:00:00,292.56714,292.28058
Potomje,Suhopolje_2025-03-13_11-08_tf_1h,2021-05-17 13:00:00,292.7746,292.40646
Potomje,Suhopolje_2025-03-13_11-08_tf_1h,2021-05-17 14:00:00,292.99423,292.46637
Potomje,Suhopolje_2025-03-13_11-08_tf_1h,2021-05-17 15:00:00,293.0173,292.57037
Potomje,Suhopolje_2025-03-13_11-08_tf_1h,2021-05-17 16:00:00,292.81647,292.38788
Potomje,Suhopolje_2025-03-13_11-08_tf_1h,2021-05-17 17:00:00,292.35358,291.97812
Potomje,Suhopolje_2025-03-13_11-08_tf_1h,2021-05-17 18:00:00,291.67303,291.36887
Potomje,Suhopolje_2025-03-13_11-08_tf_1h,2021-05-17 19:00:00,290.9002,290.70728
Potomje,Suhopolje_2025-03-13_11-08_tf_1h,2021-05-17 20:00:00,290.83487,289.9902
Potomje,Suhopolje_2025-03-13_11-08_tf_1h,2021-05-17 21:00:00,290.46216,290.3582
Potomje,Suhopolje_2025-03-13_11-08_tf_1h,2021-05-17 22:00:00,289.93805,289.86612
Potomje,Suhopolje_2025-03-13_11-08_tf_1h,2021-05-17 23:00:00,289.52936,289.31424
Potomje,Suhopolje_2025-03-13_11-08_tf_1h,2021-05-18 00:00:00,289.13824,289.0125
Potomje,Suhopolje_2025-03-13_11-08_tf_1h,2021-05-18 01:00:00,288.6509,288.67154
Potomje,Suhopolje_2025-03-13_11-08_tf_1h,2021-05-18 02:00:00,288.03784,288.16187
Potomje,Suhopolje_2025-03-13_11-08_tf_1h,2021-05-18 03:00:00,287.25287,287.50543
Potomje,Suhopolje_2025-03-13_11-08_tf_1h,2021-05-18 04:00:00,286.2524,286.66187
Potomje,Suhopolje_2025-03-13_11-08_tf_1h,2021-05-18 05:00:00,286.00873,285.5928
Potomje,Suhopolje_2025-03-13_11-08_tf_1h,2021-05-18 06:00:00,287.24484,286.0148
Potomje,Suhopolje_2025-03-13_11-08_tf_1h,2021-05-18 07:00:00,288.74417,288.29953
Potomje,Suhopolje_2025-03-13_11-08_tf_1h,2021-05-18 08:00:00,289.98618,289.5755
Potomje,Suhopolje_2025-03-13_11-08_tf_1h,2021-05-18 09:00:00,291.07953,290.9204
Potomje,Suhopolje_2025-03-13_11-08_tf_1h,2021-05-18 10:00:00,292.08957,291.8363
Potomje,Suhopolje_2025-03-13_11-08_tf_1h,2021-05-18 11:00:00,292.7177,292.679
Potomje,Suhopolje_2025-03-13_11-08_tf_1h,2021-05-18 12:00:00,292.7187,293.00607
Potomje,Suhopolje_2025-03-13_11-08_tf_1h,2021-05-18 13:00:00,292.6115,292.5747
Potomje,Suhopolje_2025-03-13_11-08_tf_1h,2021-05-18 14:00:00,292.68582,292.2845
Potomje,Suhopolje_2025-03-13_11-08_tf_1h,2021-05-18 15:00:00,292.81528,292.3071
Potomje,Suhopolje_2025-03-13_11-08_tf_1h,2021-05-18 16:00:00,292.704,292.3494
Potomje,Suhopolje_2025-03-13_11-08_tf_1h,2021-05-18 17:00:00,292.34985,292.01135
Potomje,Suhopolje_2025-03-13_11-08_tf_1h,2021-05-18 18:00:00,291.61514,291.44217
Potomje,Suhopolje_2025-03-13_11-08_tf_1h,2021-05-18 19:00:00,290.70248,290.53232
Potomje,Suhopolje_2025-03-13_11-08_tf_1h,2021-05-18 20:00:00,290.50653,289.69385
Potomje,Suhopolje_2025-03-13_11-08_tf_1h,2021-05-18 21:00:00,288.39258,289.90143
Potomje,Suhopolje_2025-03-13_11-08_tf_1h,2021-05-18 22:00:00,287.82135,287.38043
Potomje,Suhopolje_2025-03-13_11-08_tf_1h,2021-05-18 23:00:00,287.60938,287.27496
Potomje,Suhopolje_2025-03-13_11-08_tf_1h,2021-05-19 00:00:00,287.75272,287.20355
Potomje,Suhopolje_2025-03-13_11-08_tf_1h,2021-05-19 01:00:00,287.86456,287.61472
Potomje,Suhopolje_2025-03-13_11-08_tf_1h,2021-05-19 02:00:00,287.9602,287.70734
Potomje,Suhopolje_2025-03-13_11-08_tf_1h,2021-05-19 03:00:00,288.20346,287.76813
Potomje,Suhopolje_2025-03-13_11-08_tf_1h,2021-05-19 04:00:00,288.4319,288.10736
Potomje,Suhopolje_2025-03-13_11-08_tf_1h,2021-05-19 05:00:00,288.60202,288.3997
Potomje,Suhopolje_2025-03-13_11-08_tf_1h,2021-05-19 06:00:00,289.08054,288.70346
Potomje,Suhopolje_2025-03-13_11-08_tf_1h,2021-05-19 07:00:00,289.88818,289.55966
Potomje,Suhopolje_2025-03-13_11-08_tf_1h,2021-05-19 08:00:00,290.6544,290.533
Potomje,Suhopolje_2025-03-13_11-08_tf_1h,2021-05-19 09:00:00,291.4415,291.15866
Potomje,Suhopolje_2025-03-13_11-08_tf_1h,2021-05-19 10:00:00,291.75458,291.83267
Potomje,Suhopolje_2025-03-13_11-08_tf_1h,2021-05-19 11:00:00,291.9705,291.82883
Potomje,Suhopolje_2025-03-13_11-08_tf_1h,2021-05-19 12:00:00,292.21707,291.8972
Potomje,Suhopolje_2025-03-13_11-08_tf_1h,2021-05-19 13:00:00,292.29395,292.07834
Potomje,Suhopolje_2025-03-13_11-08_tf_1h,2021-05-19 14:00:00,292.11127,291.98492
Potomje,Suhopolje_2025-03-13_11-08_tf_1h,2021-05-19 15:00:00,291.92764,291.5125
Potomje,Suhopolje_2025-03-13_11-08_tf_1h,2021-05-19 16:00:00,292.0059,291.1985
Potomje,Suhopolje_2025-03-13_11-08_tf_1h,2021-05-19 17:00:00,290.66064,291.36832
Potomje,Suhopolje_2025-03-13_11-08_tf_1h,2021-05-19 18:00:00,290.00592,289.52625
Potomje,Suhopolje_2025-03-13_11-08_tf_1h,2021-05-19 19:00:00,289.25848,289.162
Potomje,Suhopolje_2025-03-13_11-08_tf_1h,2021-05-19 20:00:00,288.97104,288.3792
Potomje,Suhopolje_2025-03-13_11-08_tf_1h,2021-05-19 21:00:00,288.36987,288.48715
Potomje,Suhopolje_2025-03-13_11-08_tf_1h,2021-05-19 22:00:00,287.80902,287.80023
Potomje,Suhopolje_2025-03-13_11-08_tf_1h,2021-05-19 23:00:00,287.4101,287.2993
Potomje,Suhopolje_2025-03-13_11-08_tf_1h,2021-05-20 00:00:00,287.133,287.00992
Potomje,Suhopolje_2025-03-13_11-08_tf_1h,2021-05-20 01:00:00,286.95776,286.8096
Potomje,Suhopolje_2025-03-13_11-08_tf_1h,2021-05-20 02:00:00,286.64154,286.70468
Potomje,Suhopolje_2025-03-13_11-08_tf_1h,2021-05-20 03:00:00,286.33786,286.3135
Potomje,Suhopolje_2025-03-13_11-08_tf_1h,2021-05-20 04:00:00,285.96786,286.11136
Potomje,Suhopolje_2025-03-13_11-08_tf_1h,2021-05-20 05:00:00,285.77368,285.8021
Potomje,Suhopolje_2025-03-13_11-08_tf_1h,2021-05-20 06:00:00,286.30246,285.8933
Potomje,Suhopolje_2025-03-13_11-08_tf_1h,2021-05-20 07:00:00,287.16116,286.97665
Potomje,Suhopolje_2025-03-13_11-08_tf_1h,2021-05-20 08:00:00,288.41937,287.93115
Potomje,Suhopolje_2025-03-13_11-08_tf_1h,2021-05-20 09:00:00,289.68756,289.37
Potomje,Suhopolje_2025-03-13_11-08_tf_1h,2021-05-20 10:00:00,290.60785,290.5055
Potomje,Suhopolje_2025-03-13_11-08_tf_1h,2021-05-20 11:00:00,291.1589,291.16907
Potomje,Suhopolje_2025-03-13_11-08_tf_1h,2021-05-20 12:00:00,291.37872,291.42105
Potomje,Suhopolje_2025-03-13_11-08_tf_1h,2021-05-20 13:00:00,291.2643,291.3616
Potomje,Suhopolje_2025-03-13_11-08_tf_1h,2021-05-20 14:00:00,290.94263,290.976
Potomje,Suhopolje_2025-03-13_11-08_tf_1h,2021-05-20 15:00:00,290.60138,290.32617
Potomje,Suhopolje_2025-03-13_11-08_tf_1h,2021-05-20 16:00:00,290.25604,289.83588
Potomje,Suhopolje_2025-03-13_11-08_tf_1h,2021-05-20 17:00:00,289.80978,289.44492
Potomje,Suhopolje_2025-03-13_11-08_tf_1h,2021-05-20 18:00:00,289.36273,288.99347
Potomje,Suhopolje_2025-03-13_11-08_tf_1h,2021-05-20 19:00:00,288.82416,288.5979
Potomje,Suhopolje_2025-03-13_11-08_tf_1h,2021-05-20 20:00:00,288.4479,288.0538
Potomje,Suhopolje_2025-03-13_11-08_tf_1h,2021-05-20 21:00:00,288.15692,287.84183
Potomje,Suhopolje_2025-03-13_11-08_tf_1h,2021-05-20 22:00:00,287.82977,287.65512
Potomje,Suhopolje_2025-03-13_11-08_tf_1h,2021-05-20 23:00:00,287.5816,287.35504
Potomje,Suhopolje_2025-03-13_11-08_tf_1h,2021-05-21 00:00:00,287.3,287.1866
Potomje,Suhopolje_2025-03-13_11-08_tf_1h,2021-05-21 01:00:00,287.0272,286.91257
Potomje,Suhopolje_2025-03-13_11-08_tf_1h,2021-05-21 02:00:00,286.68927,286.6751
Potomje,Suhopolje_2025-03-13_11-08_tf_1h,2021-05-21 03:00:00,286.36484,286.3246
Potomje,Suhopolje_2025-03-13_11-08_tf_1h,2021-05-21 04:00:00,286.01498,286.05173
Potomje,Suhopolje_2025-03-13_11-08_tf_1h,2021-05-21 05:00:00,285.65457,285.75528
Potomje,Suhopolje_2025-03-13_11-08_tf_1h,2021-05-21 06:00:00,286.138,285.48193
Potomje,Suhopolje_2025-03-13_11-08_tf_1h,2021-05-21 07:00:00,287.5595,286.67462
Potomje,Suhopolje_2025-03-13_11-08_tf_1h,2021-05-21 08:00:00,289.07623,288.64847
Potomje,Suhopolje_2025-03-13_11-08_tf_1h,2021-05-21 09:00:00,290.44318,290.15274
Potomje,Suhopolje_2025-03-13_11-08_tf_1h,2021-05-21 10:00:00,291.6484,291.31384
Potomje,Suhopolje_2025-03-13_11-08_tf_1h,2021-05-21 11:00:00,292.494,292.32632
Potomje,Suhopolje_2025-03-13_11-08_tf_1h,2021-05-21 12:00:00,293.03293,292.88763
Potomje,Suhopolje_2025-03-13_11-08_tf_1h,2021-05-21 13:00:00,293.14383,293.16232
Potomje,Suhopolje_2025-03-13_11-08_tf_1h,2021-05-21 14:00:00,292.80884,292.91223
Potomje,Suhopolje_2025-03-13_11-08_tf_1h,2021-05-21 15:00:00,292.47168,292.2063
Potomje,Suhopolje_2025-03-13_11-08_tf_1h,2021-05-21 16:00:00,292.2429,291.63812
Potomje,Suhopolje_2025-03-13_11-08_tf_1h,2021-05-21 17:00:00,291.8987,291.37933
Potomje,Suhopolje_2025-03-13_11-08_tf_1h,2021-05-21 18:00:00,291.3404,290.99252
Potomje,Suhopolje_2025-03-13_11-08_tf_1h,2021-05-21 19:00:00,290.5656,290.37692
Potomje,Suhopolje_2025-03-13_11-08_tf_1h,2021-05-21 20:00:00,289.02792,289.59338
Potomje,Suhopolje_2025-03-13_11-08_tf_1h,2021-05-21 21:00:00,288.66068,288.0037
Potomje,Suhopolje_2025-03-13_11-08_tf_1h,2021-05-21 22:00:00,288.04938,288.14053
Potomje,Suhopolje_2025-03-13_11-08_tf_1h,2021-05-21 23:00:00,287.7312,287.40543
Potomje,Suhopolje_2025-03-13_11-08_tf_1h,2021-05-22 00:00:00,287.69638,287.32202
Potomje,Suhopolje_2025-03-13_11-08_tf_1h,2021-05-22 01:00:00,287.68564,287.47177
Potomje,Suhopolje_2025-03-13_11-08_tf_1h,2021-05-22 02:00:00,287.4009,287.46756
Potomje,Suhopolje_2025-03-13_11-08_tf_1h,2021-05-22 03:00:00,287.25522,287.00165
Potomje,Suhopolje_2025-03-13_11-08_tf_1h,2021-05-22 04:00:00,287.16153,286.98267
Potomje,Suhopolje_2025-03-13_11-08_tf_1h,2021-05-22 05:00:00,287.15723,286.98788
Potomje,Suhopolje_2025-03-13_11-08_tf_1h,2021-05-22 06:00:00,287.99716,287.23984
Potomje,Suhopolje_2025-03-13_11-08_tf_1h,2021-05-22 07:00:00,289.5925,288.86975
Potomje,Suhopolje_2025-03-13_11-08_tf_1h,2021-05-22 08:00:00,291.00464,290.6193
Potomje,Suhopolje_2025-03-13_11-08_tf_1h,2021-05-22 09:00:00,291.89578,291.9929
Potomje,Suhopolje_2025-03-13_11-08_tf_1h,2021-05-22 10:00:00,292.38232,292.47803
Potomje,Suhopolje_2025-03-13_11-08_tf_1h,2021-05-22 11:00:00,292.86163,292.6141
Potomje,Suhopolje_2025-03-13_11-08_tf_1h,2021-05-22 12:00:00,293.1755,292.95816
Potomje,Suhopolje_2025-03-13_11-08_tf_1h,2021-05-22 13:00:00,293.3857,293.08002
Potomje,Suhopolje_2025-03-13_11-08_tf_1h,2021-05-22 14:00:00,293.48077,293.12845
Potomje,Suhopolje_2025-03-13_11-08_tf_1h,2021-05-22 15:00:00,293.51303,293.0635
Potomje,Suhopolje_2025-03-13_11-08_tf_1h,2021-05-22 16:00:00,293.41644,292.94342
Potomje,Suhopolje_2025-03-13_11-08_tf_1h,2021-05-22 17:00:00,293.0871,292.626
Potomje,Suhopolje_2025-03-13_11-08_tf_1h,2021-05-22 18:00:00,292.55618,292.08826
Potomje,Suhopolje_2025-03-13_11-08_tf_1h,2021-05-22 19:00:00,291.76318,291.52866
Potomje,Suhopolje_2025-03-13_11-08_tf_1h,2021-05-22 20:00:00,291.0412,290.7651
Potomje,Suhopolje_2025-03-13_11-08_tf_1h,2021-05-22 21:00:00,290.81766,290.1571
Potomje,Suhopolje_2025-03-13_11-08_tf_1h,2021-05-22 22:00:00,290.42264,290.28116
Potomje,Suhopolje_2025-03-13_11-08_tf_1h,2021-05-22 23:00:00,290.10898,289.85178
Potomje,Suhopolje_2025-03-13_11-08_tf_1h,2021-05-23 00:00:00,289.86453,289.62262
Potomje,Suhopolje_2025-03-13_11-08_tf_1h,2021-05-23 01:00:00,289.6107,289.44186
Potomje,Suhopolje_2025-03-13_11-08_tf_1h,2021-05-23 02:00:00,289.4048,289.202
Potomje,Suhopolje_2025-03-13_11-08_tf_1h,2021-05-23 03:00:00,289.21686,289.03564
Potomje,Suhopolje_2025-03-13_11-08_tf_1h,2021-05-23 04:00:00,289.11612,288.86813
Potomje,Suhopolje_2025-03-13_11-08_tf_1h,2021-05-23 05:00:00,289.07623,288.85806
Potomje,Suhopolje_2025-03-13_11-08_tf_1h,2021-05-23 06:00:00,289.58176,288.95062
Potomje,Suhopolje_2025-03-13_11-08_tf_1h,2021-05-23 07:00:00,290.5789,289.97342
Potomje,Suhopolje_2025-03-13_11-08_tf_1h,2021-05-23 08:00:00,291.33804,291.20657
Potomje,Suhopolje_2025-03-13_11-08_tf_1h,2021-05-23 09:00:00,292.11734,291.87628
Potomje,Suhopolje_2025-03-13_11-08_tf_1h,2021-05-23 10:00:00,292.8843,292.50806
Potomje,Suhopolje_2025-03-13_11-08_tf_1h,2021-05-23 11:00:00,293.2723,293.17215
Potomje,Suhopolje_2025-03-13_11-08_tf_1h,2021-05-23 12:00:00,293.66498,293.3015
Potomje,Suhopolje_2025-03-13_11-08_tf_1h,2021-05-23 13:00:00,294.03928,293.59137
Potomje,Suhopolje_2025-03-13_11-08_tf_1h,2021-05-23 14:00:00,294.17538,293.86017
Potomje,Suhopolje_2025-03-13_11-08_tf_1h,2021-05-23 15:00:00,294.3068,293.78265
Potomje,Suhopolje_2025-03-13_11-08_tf_1h,2021-05-23 16:00:00,294.26807,293.79456
Potomje,Suhopolje_2025-03-13_11-08_tf_1h,2021-05-23 17:00:00,294.00485,293.53683
Potomje,Suhopolje_2025-03-13_11-08_tf_1h,2021-05-23 18:00:00,293.44028,293.0334
Potomje,Suhopolje_2025-03-13_11-08_tf_1h,2021-05-23 19:00:00,292.74802,292.384
Potomje,Suhopolje_2025-03-13_11-08_tf_1h,2021-05-23 20:00:00,291.79175,291.7755
Potomje,Suhopolje_2025-03-13_11-08_tf_1h,2021-05-23 21:00:00,291.54044,290.82776
Potomje,Suhopolje_2025-03-13_11-08_tf_1h,2021-05-23 22:00:00,291.20663,290.96362
Potomje,Suhopolje_2025-03-13_11-08_tf_1h,2021-05-23 23:00:00,290.77856,290.63535
Potomje,Suhopolje_2025-03-13_11-08_tf_1h,2021-05-24 00:00:00,290.23825,290.21335
Potomje,Suhopolje_2025-03-13_11-08_tf_1h,2021-05-24 01:00:00,289.71707,289.663
Potomje,Suhopolje_2025-03-13_11-08_tf_1h,2021-05-24 02:00:00,289.70612,289.1904
Potomje,Suhopolje_2025-03-13_11-08_tf_1h,2021-05-24 03:00:00,289.6019,289.4742
Potomje,Suhopolje_2025-03-13_11-08_tf_1h,2021-05-24 04:00:00,289.633,289.30182
Potomje,Suhopolje_2025-03-13_11-08_tf_1h,2021-05-24 05:00:00,289.7126,289.4325
Potomje,Suhopolje_2025-03-13_11-08_tf_1h,2021-05-24 06:00:00,290.00082,289.604
Potomje,Suhopolje_2025-03-13_11-08_tf_1h,2021-05-24 07:00:00,291.7354,290.16586
Potomje,Suhopolje_2025-03-13_11-08_tf_1h,2021-05-24 08:00:00,293.60495,292.90634
Potomje,Suhopolje_2025-03-13_11-08_tf_1h,2021-05-24 09:00:00,295.302,294.58624
Potomje,Suhopolje_2025-03-13_11-08_tf_1h,2021-05-24 10:00:00,295.91898,296.21497
Potomje,Suhopolje_2025-03-13_11-08_tf_1h,2021-05-24 11:00:00,296.38968,296.21222
Potomje,Suhopolje_2025-03-13_11-08_tf_1h,2021-05-24 12:00:00,297.00098,296.46014
Potomje,Suhopolje_2025-03-13_11-08_tf_1h,2021-05-24 13:00:00,297.4586,297.00015
Potomje,Suhopolje_2025-03-13_11-08_tf_1h,2021-05-24 14:00:00,297.58472,297.24228
Potomje,Suhopolje_2025-03-13_11-08_tf_1h,2021-05-24 15:00:00,297.44843,297.0608
Potomje,Suhopolje_2025-03-13_11-08_tf_1h,2021-05-24 16:00:00,297.31232,296.65112
Potomje,Suhopolje_2025-03-13_11-08_tf_1h,2021-05-24 17:00:00,296.96872,296.38666
Potomje,Suhopolje_2025-03-13_11-08_tf_1h,2021-05-24 18:00:00,296.20566,295.82672
Potomje,Suhopolje_2025-03-13_11-08_tf_1h,2021-05-24 19:00:00,295.459,294.99164
Potomje,Suhopolje_2025-03-13_11-08_tf_1h,2021-05-24 20:00:00,295.20773,294.43292
Potomje,Suhopolje_2025-03-13_11-08_tf_1h,2021-05-24 21:00:00,294.71396,294.3784
Potomje,Suhopolje_2025-03-13_11-08_tf_1h,2021-05-24 22:00:00,294.12357,293.76706
Potomje,Suhopolje_2025-03-13_11-08_tf_1h,2021-05-24 23:00:00,293.59674,293.2581
Potomje,Suhopolje_2025-03-13_11-08_tf_1h,2021-05-25 00:00:00,293.0607,292.87354
Potomje,Suhopolje_2025-03-13_11-08_tf_1h,2021-05-25 01:00:00,292.4629,292.4065
Potomje,Suhopolje_2025-03-13_11-08_tf_1h,2021-05-25 02:00:00,292.07452,291.83188
Potomje,Suhopolje_2025-03-13_11-08_tf_1h,2021-05-25 03:00:00,291.7141,291.57913
Potomje,Suhopolje_2025-03-13_11-08_tf_1h,2021-05-25 04:00:00,291.41354,291.25003
Potomje,Suhopolje_2025-03-13_11-08_tf_1h,2021-05-25 05:00:00,291.19705,290.983
Potomje,Suhopolje_2025-03-13_11-08_tf_1h,2021-05-25 06:00:00,291.54083,290.84683
Potomje,Suhopolje_2025-03-13_11-08_tf_1h,2021-05-25 07:00:00,292.38995,291.79153
Potomje,Suhopolje_2025-03-13_11-08_tf_1h,2021-05-25 08:00:00,293.37674,293.12045
Potomje,Suhopolje_2025-03-13_11-08_tf_1h,2021-05-25 09:00:00,294.4157,294.08994
Potomje,Suhopolje_2025-03-13_11-08_tf_1h,2021-05-25 10:00:00,295.01724,295.0646
Potomje,Suhopolje_2025-03-13_11-08_tf_1h,2021-05-25 11:00:00,295.42188,295.351
Potomje,Suhopolje_2025-03-13_11-08_tf_1h,2021-05-25 12:00:00,295.6393,295.51703
Potomje,Suhopolje_2025-03-13_11-08_tf_1h,2021-05-25 13:00:00,295.79126,295.5075
Potomje,Suhopolje_2025-03-13_11-08_tf_1h,2021-05-25 14:00:00,295.7361,295.50873
Potomje,Suhopolje_2025-03-13_11-08_tf_1h,2021-05-25 15:00:00,295.425,295.25296
Potomje,Suhopolje_2025-03-13_11-08_tf_1h,2021-05-25 16:00:00,294.9848,294.69687
Potomje,Suhopolje_2025-03-13_11-08_tf_1h,2021-05-25 17:00:00,294.6975,293.99268
Potomje,Suhopolje_2025-03-13_11-08_tf_1h,2021-05-25 18:00:00,294.4114,293.77084
Potomje,Suhopolje_2025-03-13_11-08_tf_1h,2021-05-25 19:00:00,293.90552,293.53622
Potomje,Suhopolje_2025-03-13_11-08_tf_1h,2021-05-25 20:00:00,293.374,292.95847
Potomje,Suhopolje_2025-03-13_11-08_tf_1h,2021-05-25 21:00:00,293.00693,292.4917
Potomje,Suhopolje_2025-03-13_11-08_tf_1h,2021-05-25 22:00:00,292.6469,292.27368
Potomje,Suhopolje_2025-03-13_11-08_tf_1h,2021-05-25 23:00:00,292.0843,292.0016
Potomje,Suhopolje_2025-03-13_11-08_tf_1h,2021-05-26 00:00:00,291.52148,291.4116
Potomje,Suhopolje_2025-03-13_11-08_tf_1h,2021-05-26 01:00:00,291.05548,290.91684
Potomje,Suhopolje_2025-03-13_11-08_tf_1h,2021-05-26 02:00:00,291.0105,290.54233
Potomje,Suhopolje_2025-03-13_11-08_tf_1h,2021-05-26 03:00:00,290.99973,290.72983
Potomje,Suhopolje_2025-03-13_11-08_tf_1h,2021-05-26 04:00:00,290.9665,290.72278
Potomje,Suhopolje_2025-03-13_11-08_tf_1h,2021-05-26 05:00:00,291.00443,290.69095
Potomje,Suhopolje_2025-03-13_11-08_tf_1h,2021-05-26 06:00:00,291.34195,290.91342
Potomje,Suhopolje_2025-03-13_11-08_tf_1h,2021-05-26 07:00:00,292.02737,291.60898
Potomje,Suhopolje_2025-03-13_11-08_tf_1h,2021-05-26 08:00:00,292.81488,292.48117
Potomje,Suhopolje_2025-03-13_11-08_tf_1h,2021-05-26 09:00:00,294.08737,293.28455
Potomje,Suhopolje_2025-03-13_11-08_tf_1h,2021-05-26 10:00:00,295.22592,294.61908
Potomje,Suhopolje_2025-03-13_11-08_tf_1h,2021-05-26 11:00:00,296.0545,295.6609
Potomje,Suhopolje_2025-03-13_11-08_tf_1h,2021-05-26 12:00:00,296.56488,296.27972
Potomje,Suhopolje_2025-03-13_11-08_tf_1h,2021-05-26 13:00:00,296.68652,296.5402
Potomje,Suhopolje_2025-03-13_11-08_tf_1h,2021-05-26 14:00:00,296.56784,296.3357
Potomje,Suhopolje_2025-03-13_11-08_tf_1h,2021-05-26 15:00:00,296.31635,295.95178
Potomje,Suhopolje_2025-03-13_11-08_tf_1h,2021-05-26 16:00:00,296.10965,295.5094
Potomje,Suhopolje_2025-03-13_11-08_tf_1h,2021-05-26 17:00:00,295.69604,295.16492
Potomje,Suhopolje_2025-03-13_11-08_tf_1h,2021-05-26 18:00:00,295.0364,294.59793
Potomje,Suhopolje_2025-03-13_11-08_tf_1h,2021-05-26 19:00:00,294.15485,293.9762
Potomje,Suhopolje_2025-03-13_11-08_tf_1h,2021-05-26 20:00:00,293.2287,293.12564
Potomje,Suhopolje_2025-03-13_11-08_tf_1h,2021-05-26 21:00:00,292.63126,292.29553
Potomje,Suhopolje_2025-03-13_11-08_tf_1h,2021-05-26 22:00:00,292.17404,291.8741
Potomje,Suhopolje_2025-03-13_11-08_tf_1h,2021-05-26 23:00:00,291.75223,291.5612
Potomje,Suhopolje_2025-03-13_11-08_tf_1h,2021-05-27 00:00:00,291.33942,291.22458
Potomje,Suhopolje_2025-03-13_11-08_tf_1h,2021-05-27 01:00:00,290.99094,290.8473
Potomje,Suhopolje_2025-03-13_11-08_tf_1h,2021-05-27 02:00:00,290.69214,290.5432
Potomje,Suhopolje_2025-03-13_11-08_tf_1h,2021-05-27 03:00:00,290.30414,290.27515
Potomje,Suhopolje_2025-03-13_11-08_tf_1h,2021-05-27 04:00:00,289.75385,289.848
Potomje,Suhopolje_2025-03-13_11-08_tf_1h,2021-05-27 05:00:00,289.23856,289.25415
Potomje,Suhopolje_2025-03-13_11-08_tf_1h,2021-05-27 06:00:00,289.8915,288.93738
Potomje,Suhopolje_2025-03-13_11-08_tf_1h,2021-05-27 07:00:00,291.85178,290.7167
Potomje,Suhopolje_2025-03-13_11-08_tf_1h,2021-05-27 08:00:00,293.52145,293.1767
Potomje,Suhopolje_2025-03-13_11-08_tf_1h,2021-05-27 09:00:00,294.3676,294.74167
Potomje,Suhopolje_2025-03-13_11-08_tf_1h,2021-05-27 10:00:00,294.8698,294.9908
Potomje,Suhopolje_2025-03-13_11-08_tf_1h,2021-05-27 11:00:00,295.2351,295.13855
Potomje,Suhopolje_2025-03-13_11-08_tf_1h,2021-05-27 12:00:00,295.28928,295.2827
Potomje,Suhopolje_2025-03-13_11-08_tf_1h,2021-05-27 13:00:00,295.33054,295.0368
Potomje,Suhopolje_2025-03-13_11-08_tf_1h,2021-05-27 14:00:00,295.4639,294.95197
Potomje,Suhopolje_2025-03-13_11-08_tf_1h,2021-05-27 15:00:00,295.3816,295.02194
Potomje,Suhopolje_2025-03-13_11-08_tf_1h,2021-05-27 16:00:00,295.1778,294.73178
Potomje,Suhopolje_2025-03-13_11-08_tf_1h,2021-05-27 17:00:00,294.78473,294.32275
Potomje,Suhopolje_2025-03-13_11-08_tf_1h,2021-05-27 18:00:00,294.34982,293.70883
Potomje,Suhopolje_2025-03-13_11-08_tf_1h,2021-05-27 19:00:00,293.71466,293.354
Potomje,Suhopolje_2025-03-13_11-08_tf_1h,2021-05-27 20:00:00,292.5423,292.7249
Potomje,Suhopolje_2025-03-13_11-08_tf_1h,2021-05-27 21:00:00,292.03265,291.51007
Potomje,Suhopolje_2025-03-13_11-08_tf_1h,2021-05-27 22:00:00,291.59326,291.33435
Potomje,Suhopolje_2025-03-13_11-08_tf_1h,2021-05-27 23:00:00,291.19293,290.98233
Potomje,Suhopolje_2025-03-13_11-08_tf_1h,2021-05-28 00:00:00,290.803,290.67343
Potomje,Suhopolje_2025-03-13_11-08_tf_1h,2021-05-28 01:00:00,290.46332,290.3235
Potomje,Suhopolje_2025-03-13_11-08_tf_1h,2021-05-28 02:00:00,290.1997,290.0248
Potomje,Suhopolje_2025-03-13_11-08_tf_1h,2021-05-28 03:00:00,289.93356,289.8056
Potomje,Suhopolje_2025-03-13_11-08_tf_1h,2021-05-28 04:00:00,289.52386,289.54053
Potomje,Suhopolje_2025-03-13_11-08_tf_1h,2021-05-28 05:00:00,289.28647,289.08383
Potomje,Suhopolje_2025-03-13_11-08_tf_1h,2021-05-28 06:00:00,290.04562,289.24258
Potomje,Suhopolje_2025-03-13_11-08_tf_1h,2021-05-28 07:00:00,291.56784,290.88095
Potomje,Suhopolje_2025-03-13_11-08_tf_1h,2021-05-28 08:00:00,293.24942,292.59726
Potomje,Suhopolje_2025-03-13_11-08_tf_1h,2021-05-28 09:00:00,294.38794,294.30933
Potomje,Suhopolje_2025-03-13_11-08_tf_1h,2021-05-28 10:00:00,295.2441,295.07123
Potomje,Suhopolje_2025-03-13_11-08_tf_1h,2021-05-28 11:00:00,295.93207,295.65808
Potomje,Suhopolje_2025-03-13_11-08_tf_1h,2021-05-28 12:00:00,296.3277,296.13895
Potomje,Suhopolje_2025-03-13_11-08_tf_1h,2021-05-28 13:00:00,296.4546,296.27075
Potomje,Suhopolje_2025-03-13_11-08_tf_1h,2021-05-28 14:00:00,296.45383,296.12833
Potomje,Suhopolje_2025-03-13_11-08_tf_1h,2021-05-28 15:00:00,296.2039,295.92667
Potomje,Suhopolje_2025-03-13_11-08_tf_1h,2021-05-28 16:00:00,295.88846,295.4171
Potomje,Suhopolje_2025-03-13_11-08_tf_1h,2021-05-28 17:00:00,295.36807,294.91342
Potomje,Suhopolje_2025-03-13_11-08_tf_1h,2021-05-28 18:00:00,294.668,294.20905
Potomje,Suhopolje_2025-03-13_11-08_tf_1h,2021-05-28 19:00:00,293.80832,293.59848
Potomje,Suhopolje_2025-03-13_11-08_tf_1h,2021-05-28 20:00:00,293.0359,292.78607
Potomje,Suhopolje_2025-03-13_11-08_tf_1h,2021-05-28 21:00:00,292.26303,292.13916
Potomje,Suhopolje_2025-03-13_11-08_tf_1h,2021-05-28 22:00:00,291.4808,291.44196
Potomje,Suhopolje_2025-03-13_11-08_tf_1h,2021-05-28 23:00:00,290.7244,290.7293
Potomje,Suhopolje_2025-03-13_11-08_tf_1h,2021-05-29 00:00:00,290.0368,290.0801
Potomje,Suhopolje_2025-03-13_11-08_tf_1h,2021-05-29 01:00:00,289.44702,289.47925
Potomje,Suhopolje_2025-03-13_11-08_tf_1h,2021-05-29 02:00:00,288.86972,288.9546
Potomje,Suhopolje_2025-03-13_11-08_tf_1h,2021-05-29 03:00:00,288.3118,288.3749
Potomje,Suhopolje_2025-03-13_11-08_tf_1h,2021-05-29 04:00:00,287.80942,287.81738
Potomje,Suhopolje_2025-03-13_11-08_tf_1h,2021-05-29 05:00:00,287.4926,287.4051
Potomje,Suhopolje_2025-03-13_11-08_tf_1h,2021-05-29 06:00:00,288.38397,287.49796
Potomje,Suhopolje_2025-03-13_11-08_tf_1h,2021-05-29 07:00:00,290.41562,289.7282
Potomje,Suhopolje_2025-03-13_11-08_tf_1h,2021-05-29 08:00:00,292.61603,291.8222
Potomje,Suhopolje_2025-03-13_11-08_tf_1h,2021-05-29 09:00:00,293.97006,294.17615
Potomje,Suhopolje_2025-03-13_11-08_tf_1h,2021-05-29 10:00:00,295.02762,294.94638
Potomje,Suhopolje_2025-03-13_11-08_tf_1h,2021-05-29 11:00:00,295.76605,295.69644
Potomje,Suhopolje_2025-03-13_11-08_tf_1h,2021-05-29 12:00:00,296.05096,296.12778
Potomje,Suhopolje_2025-03-13_11-08_tf_1h,2021-05-29 13:00:00,295.9534,296.01828
Potomje,Suhopolje_2025-03-13_11-08_tf_1h,2021-05-29 14:00:00,295.83664,295.5802
Potomje,Suhopolje_2025-03-13_11-08_tf_1h,2021-05-29 15:00:00,295.55737,295.32333
Potomje,Suhopolje_2025-03-13_11-08_tf_1h,2021-05-29 16:00:00,295.0376,294.82373
Potomje,Suhopolje_2025-03-13_11-08_tf_1h,2021-05-29 17:00:00,294.63065,294.01443
Potomje,Suhopolje_2025-03-13_11-08_tf_1h,2021-05-29 18:00:00,294.08835,293.53204
Potomje,Suhopolje_2025-03-13_11-08_tf_1h,2021-05-29 19:00:00,293.54706,293.0394
Potomje,Suhopolje_2025-03-13_11-08_tf_1h,2021-05-29 20:00:00,292.93164,292.56674
Potomje,Suhopolje_2025-03-13_11-08_tf_1h,2021-05-29 21:00:00,292.6209,291.9884
Potomje,Suhopolje_2025-03-13_11-08_tf_1h,2021-05-29 22:00:00,292.2947,291.91873
Potomje,Suhopolje_2025-03-13_11-08_tf_1h,2021-05-29 23:00:00,291.76904,291.66116
Potomje,Suhopolje_2025-03-13_11-08_tf_1h,2021-05-30 00:00:00,291.54398,291.08923
Potomje,Suhopolje_2025-03-13_11-08_tf_1h,2021-05-30 01:00:00,291.2868,291.06354
Potomje,Suhopolje_2025-03-13_11-08_tf_1h,2021-05-30 02:00:00,291.25494,290.82062
Potomje,Suhopolje_2025-03-13_11-08_tf_1h,2021-05-30 03:00:00,291.13153,290.91083
Potomje,Suhopolje_2025-03-13_11-08_tf_1h,2021-05-30 04:00:00,291.13446,290.74142
Potomje,Suhopolje_2025-03-13_11-08_tf_1h,2021-05-30 05:00:00,290.92133,290.82635
Potomje,Suhopolje_2025-03-13_11-08_tf_1h,2021-05-30 06:00:00,290.83624,290.56195
Potomje,Suhopolje_2025-03-13_11-08_tf_1h,2021-05-30 07:00:00,290.66473,290.9533
Potomje,Suhopolje_2025-03-13_11-08_tf_1h,2021-05-30 08:00:00,291.03494,290.70447
Potomje,Suhopolje_2025-03-13_11-08_tf_1h,2021-05-30 09:00:00,292.13593,291.30472
Potomje,Suhopolje_2025-03-13_11-08_tf_1h,2021-05-30 10:00:00,292.99167,292.76102
Potomje,Suhopolje_2025-03-13_11-08_tf_1h,2021-05-30 11:00:00,293.9857,293.37592
Potomje,Suhopolje_2025-03-13_11-08_tf_1h,2021-05-30 12:00:00,294.55634,294.3408
Potomje,Suhopolje_2025-03-13_11-08_tf_1h,2021-05-30 13:00:00,294.94315,294.65463
Potomje,Suhopolje_2025-03-13_11-08_tf_1h,2021-05-30 14:00:00,295.3016,294.84177
Potomje,Suhopolje_2025-03-13_11-08_tf_1h,2021-05-30 15:00:00,295.19482,295.07907
Potomje,Suhopolje_2025-03-13_11-08_tf_1h,2021-05-30 16:00:00,294.8964,294.6408
Potomje,Suhopolje_2025-03-13_11-08_tf_1h,2021-05-30 17:00:00,294.42706,294.0764
Potomje,Suhopolje_2025-03-13_11-08_tf_1h,2021-05-30 18:00:00,293.6734,293.35837
Potomje,Suhopolje_2025-03-13_11-08_tf_1h,2021-05-30 19:00:00,293.04645,292.5959
Potomje,Suhopolje_2025-03-13_11-08_tf_1h,2021-05-30 20:00:00,292.15704,292.13647
Potomje,Suhopolje_2025-03-13_11-08_tf_1h,2021-05-30 21:00:00,291.54105,291.21442
Potomje,Suhopolje_2025-03-13_11-08_tf_1h,2021-05-30 22:00:00,291.01538,290.79205
Potomje,Suhopolje_2025-03-13_11-08_tf_1h,2021-05-30 23:00:00,290.35928,290.38724
Potomje,Suhopolje_2025-03-13_11-08_tf_1h,2021-05-31 00:00:00,289.6625,289.73557
Potomje,Suhopolje_2025-03-13_11-08_tf_1h,2021-05-31 01:00:00,288.938,289.0704
Potomje,Suhopolje_2025-03-13_11-08_tf_1h,2021-05-31 02:00:00,288.2936,288.36612
Potomje,Suhopolje_2025-03-13_11-08_tf_1h,2021-05-31 03:00:00,287.75644,287.78568
Potomje,Suhopolje_2025-03-13_11-08_tf_1h,2021-05-31 04:00:00,287.29453,287.3144
Potomje,Suhopolje_2025-03-13_11-08_tf_1h,2021-05-31 05:00:00,287.00293,286.92325
Potomje,Suhopolje_2025-03-13_11-08_tf_1h,2021-05-31 06:00:00,287.67682,286.8411
Potomje,Suhopolje_2025-03-13_11-08_tf_1h,2021-05-31 07:00:00,288.89673,288.45914
Potomje,Suhopolje_2025-03-13_11-08_tf_1h,2021-05-31 08:00:00,290.23413,289.9024
Potomje,Suhopolje_2025-03-13_11-08_tf_1h,2021-05-31 09:00:00,291.52637,291.30032
Potomje,Suhopolje_2025-03-13_11-08_tf_1h,2021-05-31 10:00:00,292.72845,292.47675
Potomje,Suhopolje_2025-03-13_11-08_tf_1h,2021-05-31 11:00:00,293.64777,293.49838
Potomje,Suhopolje_2025-03-13_11-08_tf_1h,2021-05-31 12:00:00,294.17987,294.1605
Potomje,Suhopolje_2025-03-13_11-08_tf_1h,2021-05-31 13:00:00,294.3723,294.3716
Potomje,Suhopolje_2025-03-13_11-08_tf_1h,2021-05-31 14:00:00,294.0428,294.2582
Potomje,Suhopolje_2025-03-13_11-08_tf_1h,2021-05-31 15:00:00,293.57993,293.5344
Potomje,Suhopolje_2025-03-13_11-08_tf_1h,2021-05-31 16:00:00,293.54453,292.8367
Potomje,Suhopolje_2025-03-13_11-08_tf_1h,2021-05-31 17:00:00,293.30438,292.83932
Potomje,Suhopolje_2025-03-13_11-08_tf_1h,2021-05-31 18:00:00,292.95804,292.44855
Potomje,Suhopolje_2025-03-13_11-08_tf_1h,2021-05-31 19:00:00,292.47678,291.9863
Potomje,Suhopolje_2025-03-13_11-08_tf_1h,2021-05-31 20:00:00,291.83203,291.52246
Potomje,Suhopolje_2025-03-13_11-08_tf_1h,2021-05-31 21:00:00,291.37717,290.8787
Potomje,Suhopolje_2025-03-13_11-08_tf_1h,2021-05-31 22:00:00,290.75275,290.60025
Potomje,Suhopolje_2025-03-13_11-08_tf_1h,2021-05-31 23:00:00,290.02606,289.97983
Potomje,Suhopolje_2025-03-13_11-08_tf_1h,2021-06-01 00:00:00,289.1961,289.3009
Potomje,Suhopolje_2025-03-13_11-08_tf_1h,2021-06-01 01:00:00,288.3773,288.50934
Potomje,Suhopolje_2025-03-13_11-08_tf_1h,2021-06-01 02:00:00,287.96906,287.7577
Potomje,Suhopolje_2025-03-13_11-08_tf_1h,2021-06-01 03:00:00,287.62003,287.59164
Potomje,Suhopolje_2025-03-13_11-08_tf_1h,2021-06-01 04:00:00,287.1234,287.25983
Potomje,Suhopolje_2025-03-13_11-08_tf_1h,2021-06-01 05:00:00,286.85086,286.64758
Potomje,Suhopolje_2025-03-13_11-08_tf_1h,2021-06-01 06:00:00,287.6155,286.64838
Potomje,Suhopolje_2025-03-13_11-08_tf_1h,2021-06-01 07:00:00,289.1952,288.40814
Potomje,Suhopolje_2025-03-13_11-08_tf_1h,2021-06-01 08:00:00,290.84006,290.33374
Potomje,Suhopolje_2025-03-13_11-08_tf_1h,2021-06-01 09:00:00,291.86786,292.02863
Potomje,Suhopolje_2025-03-13_11-08_tf_1h,2021-06-01 10:00:00,293.06198,292.63022
Potomje,Suhopolje_2025-03-13_11-08_tf_1h,2021-06-01 11:00:00,294.13712,293.75217
Potomje,Suhopolje_2025-03-13_11-08_tf_1h,2021-06-01 12:00:00,294.86182,294.66043
Potomje,Suhopolje_2025-03-13_11-08_tf_1h,2021-06-01 13:00:00,294.91565,295.09668
Potomje,Suhopolje_2025-03-13_11-08_tf_1h,2021-06-01 14:00:00,294.89185,294.69373
Potomje,Suhopolje_2025-03-13_11-08_tf_1h,2021-06-01 15:00:00,294.6057,294.50076
Potomje,Suhopolje_2025-03-13_11-08_tf_1h,2021-06-01 16:00:00,294.4122,293.9458
Potomje,Suhopolje_2025-03-13_11-08_tf_1h,2021-06-01 17:00:00,294.06998,293.6422
Potomje,Suhopolje_2025-03-13_11-08_tf_1h,2021-06-01 18:00:00,293.47617,293.0834
Potomje,Suhopolje_2025-03-13_11-08_tf_1h,2021-06-01 19:00:00,292.7679,292.35342
Potomje,Suhopolje_2025-03-13_11-08_tf_1h,2021-06-01 20:00:00,291.73895,291.74646
Potomje,Suhopolje_2025-03-13_11-08_tf_1h,2021-06-01 21:00:00,291.40268,290.69608
Potomje,Suhopolje_2025-03-13_11-08_tf_1h,2021-06-01 22:00:00,290.92078,290.7453
Potomje,Suhopolje_2025-03-13_11-08_tf_1h,2021-06-01 23:00:00,290.24878,290.2405
Potomje,Suhopolje_2025-03-13_11-08_tf_1h,2021-06-02 00:00:00,289.75302,289.55945
Potomje,Suhopolje_2025-03-13_11-08_tf_1h,2021-06-02 01:00:00,289.15353,289.2208
Potomje,Suhopolje_2025-03-13_11-08_tf_1h,2021-06-02 02:00:00,288.50677,288.60867
Potomje,Suhopolje_2025-03-13_11-08_tf_1h,2021-06-02 03:00:00,287.82996,287.95776
Potomje,Suhopolje_2025-03-13_11-08_tf_1h,2021-06-02 04:00:00,287.24323,287.28424
Potomje,Suhopolje_2025-03-13_11-08_tf_1h,2021-06-02 05:00:00,286.9285,286.77213
Potomje,Suhopolje_2025-03-13_11-08_tf_1h,2021-06-02 06:00:00,288.02374,286.73856
Potomje,Suhopolje_2025-03-13_11-08_tf_1h,2021-06-02 07:00:00,290.24484,289.1564
Potomje,Suhopolje_2025-03-13_11-08_tf_1h,2021-06-02 08:00:00,291.72253,291.59753
Potomje,Suhopolje_2025-03-13_11-08_tf_1h,2021-06-02 09:00:00,293.15207,292.8803
Potomje,Suhopolje_2025-03-13_11-08_tf_1h,2021-06-02 10:00:00,294.16006,294.13535
Potomje,Suhopolje_2025-03-13_11-08_tf_1h,2021-06-02 11:00:00,294.772,294.77304
Potomje,Suhopolje_2025-03-13_11-08_tf_1h,2021-06-02 12:00:00,295.01535,295.03043
Potomje,Suhopolje_2025-03-13_11-08_tf_1h,2021-06-02 13:00:00,294.89438,294.94983
Potomje,Suhopolje_2025-03-13_11-08_tf_1h,2021-06-02 14:00:00,294.65613,294.50592
Potomje,Suhopolje_2025-03-13_11-08_tf_1h,2021-06-02 15:00:00,294.31476,294.07626
Potomje,Suhopolje_2025-03-13_11-08_tf_1h,2021-06-02 16:00:00,294.09973,293.53152
Potomje,Suhopolje_2025-03-13_11-08_tf_1h,2021-06-02 17:00:00,293.66995,293.20743
Potomje,Suhopolje_2025-03-13_11-08_tf_1h,2021-06-02 18:00:00,293.1971,292.60843
Potomje,Suhopolje_2025-03-13_11-08_tf_1h,2021-06-02 19:00:00,292.67218,292.19974
Potomje,Suhopolje_2025-03-13_11-08_tf_1h,2021-06-02 20:00:00,291.9506,291.72733
Potomje,Suhopolje_2025-03-13_11-08_tf_1h,2021-06-02 21:00:00,291.83075,291.00433
Potomje,Suhopolje_2025-03-13_11-08_tf_1h,2021-06-02 22:00:00,291.46814,291.27216
Potomje,Suhopolje_2025-03-13_11-08_tf_1h,2021-06-02 23:00:00,291.04742,290.83603
Potomje,Suhopolje_2025-03-13_11-08_tf_1h,2021-06-03 00:00:00,290.63806,290.43936
Potomje,Suhopolje_2025-03-13_11-08_tf_1h,2021-06-03 01:00:00,289.84537,290.0914
Potomje,Suhopolje_2025-03-13_11-08_tf_1h,2021-06-03 02:00:00,288.79092,289.15305
Potomje,Suhopolje_2025-03-13_11-08_tf_1h,2021-06-03 03:00:00,287.94128,288.02063
Potomje,Suhopolje_2025-03-13_11-08_tf_1h,2021-06-03 04:00:00,286.9112,287.34653
Potomje,Suhopolje_2025-03-13_11-08_tf_1h,2021-06-03 05:00:00,286.78345,286.2158
Potomje,Suhopolje_2025-03-13_11-08_tf_1h,2021-06-03 06:00:00,289.44733,286.90317
Potomje,Suhopolje_2025-03-13_11-08_tf_1h,2021-06-03 07:00:00,291.66077,291.69016
Potomje,Suhopolje_2025-03-13_11-08_tf_1h,2021-06-03 08:00:00,293.177,292.75763
Potomje,Suhopolje_2025-03-13_11-08_tf_1h,2021-06-03 09:00:00,294.66122,294.3397
Potomje,Suhopolje_2025-03-13_11-08_tf_1h,2021-06-03 10:00:00,295.81174,295.59442
Potomje,Suhopolje_2025-03-13_11-08_tf_1h,2021-06-03 11:00:00,296.24347,296.42288
Potomje,Suhopolje_2025-03-13_11-08_tf_1h,2021-06-03 12:00:00,295.9732,296.32544
Potomje,Suhopolje_2025-03-13_11-08_tf_1h,2021-06-03 13:00:00,295.70804,295.53375
Potomje,Suhopolje_2025-03-13_11-08_tf_1h,2021-06-03 14:00:00,295.80435,295.1313
Potomje,Suhopolje_2025-03-13_11-08_tf_1h,2021-06-03 15:00:00,296.06982,295.2782
Potomje,Suhopolje_2025-03-13_11-08_tf_1h,2021-06-03 16:00:00,296.05566,295.5234
Potomje,Suhopolje_2025-03-13_11-08_tf_1h,2021-06-03 17:00:00,295.74203,295.30212
Potomje,Suhopolje_2025-03-13_11-08_tf_1h,2021-06-03 18:00:00,295.22614,294.7379
Potomje,Suhopolje_2025-03-13_11-08_tf_1h,2021-06-03 19:00:00,294.52158,294.07
Potomje,Suhopolje_2025-03-13_11-08_tf_1h,2021-06-03 20:00:00,293.83655,293.45734
Potomje,Suhopolje_2025-03-13_11-08_tf_1h,2021-06-03 21:00:00,293.41895,292.8622
Potomje,Suhopolje_2025-03-13_11-08_tf_1h,2021-06-03 22:00:00,293.03818,292.58932
Potomje,Suhopolje_2025-03-13_11-08_tf_1h,2021-06-03 23:00:00,292.28064,292.30292
Potomje,Suhopolje_2025-03-13_11-08_tf_1h,2021-06-04 00:00:00,291.14716,291.46747
Potomje,Suhopolje_2025-03-13_11-08_tf_1h,2021-06-04 01:00:00,289.9604,290.28107
Potomje,Suhopolje_2025-03-13_11-08_tf_1h,2021-06-04 02:00:00,288.968,289.17657
Potomje,Suhopolje_2025-03-13_11-08_tf_1h,2021-06-04 03:00:00,288.4399,288.3477
Potomje,Suhopolje_2025-03-13_11-08_tf_1h,2021-06-04 04:00:00,287.858,288.06116
Potomje,Suhopolje_2025-03-13_11-08_tf_1h,2021-06-04 05:00:00,287.84808,287.3911
Potomje,Suhopolje_2025-03-13_11-08_tf_1h,2021-06-04 06:00:00,290.08163,287.89972
Potomje,Suhopolje_2025-03-13_11-08_tf_1h,2021-06-04 07:00:00,292.61438,292.0732
Potomje,Suhopolje_2025-03-13_11-08_tf_1h,2021-06-04 08:00:00,295.125,293.84955
Potomje,Suhopolje_2025-03-13_11-08_tf_1h,2021-06-04 09:00:00,296.72424,296.78625
Potomje,Suhopolje_2025-03-13_11-08_tf_1h,2021-06-04 10:00:00,297.794,297.77475
Potomje,Suhopolje_2025-03-13_11-08_tf_1h,2021-06-04 11:00:00,298.25635,298.4109
Potomje,Suhopolje_2025-03-13_11-08_tf_1h,2021-06-04 12:00:00,298.09827,298.41263
Potomje,Suhopolje_2025-03-13_11-08_tf_1h,2021-06-04 13:00:00,297.677,297.7784
Potomje,Suhopolje_2025-03-13_11-08_tf_1h,2021-06-04 14:00:00,297.37442,297.04718
Potomje,Suhopolje_2025-03-13_11-08_tf_1h,2021-06-04 15:00:00,296.86194,296.64484
Potomje,Suhopolje_2025-03-13_11-08_tf_1h,2021-06-04 16:00:00,296.77722,295.8721
Potomje,Suhopolje_2025-03-13_11-08_tf_1h,2021-06-04 17:00:00,296.39758,295.8828
Potomje,Suhopolje_2025-03-13_11-08_tf_1h,2021-06-04 18:00:00,295.92307,295.28955
Potomje,Suhopolje_2025-03-13_11-08_tf_1h,2021-06-04 19:00:00,295.33832,294.82382
Potomje,Suhopolje_2025-03-13_11-08_tf_1h,2021-06-04 20:00:00,294.74338,294.30243
Potomje,Suhopolje_2025-03-13_11-08_tf_1h,2021-06-04 21:00:00,293.781,293.76434
Potomje,Suhopolje_2025-03-13_11-08_tf_1h,2021-06-04 22:00:00,293.12488,292.7631
Potomje,Suhopolje_2025-03-13_11-08_tf_1h,2021-06-04 23:00:00,292.11404,292.31705
Potomje,Suhopolje_2025-03-13_11-08_tf_1h,2021-06-05 00:00:00,291.4163,291.26932
Potomje,Suhopolje_2025-03-13_11-08_tf_1h,2021-06-05 01:00:00,292.54526,290.8024
Potomje,Suhopolje_2025-03-13_11-08_tf_1h,2021-06-05 02:00:00,291.59647,292.81552
Potomje,Suhopolje_2025-03-13_11-08_tf_1h,2021-06-05 03:00:00,290.94714,290.82275
Potomje,Suhopolje_2025-03-13_11-08_tf_1h,2021-06-05 04:00:00,291.36926,290.31534
Potomje,Suhopolje_2025-03-13_11-08_tf_1h,2021-06-05 05:00:00,291.10098,291.4409
Potomje,Suhopolje_2025-03-13_11-08_tf_1h,2021-06-05 06:00:00,291.04486,290.79828
Potomje,Suhopolje_2025-03-13_11-08_tf_1h,2021-06-05 07:00:00,293.1807,291.57608
Potomje,Suhopolje_2025-03-13_11-08_tf_1h,2021-06-05 08:00:00,294.77768,294.74872
Potomje,Suhopolje_2025-03-13_11-08_tf_1h,2021-06-05 09:00:00,295.9919,295.6946
Potomje,Suhopolje_2025-03-13_11-08_tf_1h,2021-06-05 10:00:00,296.91916,296.687
Potomje,Suhopolje_2025-03-13_11-08_tf_1h,2021-06-05 11:00:00,297.3968,297.33038
Potomje,Suhopolje_2025-03-13_11-08_tf_1h,2021-06-05 12:00:00,297.23788,297.44366
Potomje,Suhopolje_2025-03-13_11-08_tf_1h,2021-06-05 13:00:00,297.2359,296.83444
Potomje,Suhopolje_2025-03-13_11-08_tf_1h,2021-06-05 14:00:00,296.84607,296.77914
Potomje,Suhopolje_2025-03-13_11-08_tf_1h,2021-06-05 15:00:00,296.81772,296.05692
Potomje,Suhopolje_2025-03-13_11-08_tf_1h,2021-06-05 16:00:00,296.62338,296.07358
Potomje,Suhopolje_2025-03-13_11-08_tf_1h,2021-06-05 17:00:00,296.41147,295.68527
Potomje,Suhopolje_2025-03-13_11-08_tf_1h,2021-06-05 18:00:00,295.98056,295.35562
Potomje,Suhopolje_2025-03-13_11-08_tf_1h,2021-06-05 19:00:00,295.1284,294.93683
Potomje,Suhopolje_2025-03-13_11-08_tf_1h,2021-06-05 20:00:00,294.2428,294.03607
Potomje,Suhopolje_2025-03-13_11-08_tf_1h,2021-06-05 21:00:00,293.71613,293.28888
Potomje,Suhopolje_2025-03-13_11-08_tf_1h,2021-06-05 22:00:00,293.33112,292.9364
Potomje,Suhopolje_2025-03-13_11-08_tf_1h,2021-06-05 23:00:00,292.9359,292.7007
Potomje,Suhopolje_2025-03-13_11-08_tf_1h,2021-06-06 00:00:00,292.656,292.36557
Potomje,Suhopolje_2025-03-13_11-08_tf_1h,2021-06-06 01:00:00,291.80582,292.158
Potomje,Suhopolje_2025-03-13_11-08_tf_1h,2021-06-06 02:00:00,290.627,291.09393
Potomje,Suhopolje_2025-03-13_11-08_tf_1h,2021-06-06 03:00:00,290.15106,289.81543
Potomje,Suhopolje_2025-03-13_11-08_tf_1h,2021-06-06 04:00:00,290.28818,289.74557
Potomje,Suhopolje_2025-03-13_11-08_tf_1h,2021-06-06 05:00:00,290.28534,290.22235
Potomje,Suhopolje_2025-03-13_11-08_tf_1h,2021-06-06 06:00:00,291.83386,290.23508
Potomje,Suhopolje_2025-03-13_11-08_tf_1h,2021-06-06 07:00:00,293.4926,293.30014
Potomje,Suhopolje_2025-03-13_11-08_tf_1h,2021-06-06 08:00:00,294.8584,294.52203
Potomje,Suhopolje_2025-03-13_11-08_tf_1h,2021-06-06 09:00:00,295.86752,295.7744
Potomje,Suhopolje_2025-03-13_11-08_tf_1h,2021-06-06 10:00:00,296.9132,296.4535
Potomje,Suhopolje_2025-03-13_11-08_tf_1h,2021-06-06 11:00:00,297.44354,297.37924
Potomje,Suhopolje_2025-03-13_11-08_tf_1h,2021-06-06 12:00:00,297.43335,297.53424
Potomje,Suhopolje_2025-03-13_11-08_tf_1h,2021-06-06 13:00:00,296.8605,297.1191
Potomje,Suhopolje_2025-03-13_11-08_tf_1h,2021-06-06 14:00:00,296.67383,296.1155
Potomje,Suhopolje_2025-03-13_11-08_tf_1h,2021-06-06 15:00:00,296.71716,295.98108
Potomje,Suhopolje_2025-03-13_11-08_tf_1h,2021-06-06 16:00:00,296.61603,296.0179
Potomje,Suhopolje_2025-03-13_11-08_tf_1h,2021-06-06 17:00:00,296.3106,295.7479
Potomje,Suhopolje_2025-03-13_11-08_tf_1h,2021-06-06 18:00:00,295.8157,295.22574
Potomje,Suhopolje_2025-03-13_11-08_tf_1h,2021-06-06 19:00:00,295.3723,294.74374
Potomje,Suhopolje_2025-03-13_11-08_tf_1h,2021-06-06 20:00:00,294.68985,294.41824
Potomje,Suhopolje_2025-03-13_11-08_tf_1h,2021-06-06 21:00:00,294.15866,293.70337
Potomje,Suhopolje_2025-03-13_11-08_tf_1h,2021-06-06 22:00:00,293.698,293.3085
Potomje,Suhopolje_2025-03-13_11-08_tf_1h,2021-06-06 23:00:00,293.52774,292.94745
Potomje,Suhopolje_2025-03-13_11-08_tf_1h,2021-06-07 00:00:00,292.95038,292.999
Potomje,Suhopolje_2025-03-13_11-08_tf_1h,2021-06-07 01:00:00,292.18347,292.27945
Potomje,Suhopolje_2025-03-13_11-08_tf_1h,2021-06-07 02:00:00,292.06335,291.47345
Potomje,Suhopolje_2025-03-13_11-08_tf_1h,2021-06-07 03:00:00,292.037,291.71066
Potomje,Suhopolje_2025-03-13_11-08_tf_1h,2021-06-07 04:00:00,291.81998,291.7336
Potomje,Suhopolje_2025-03-13_11-08_tf_1h,2021-06-07 05:00:00,291.50043,291.40573
Potomje,Suhopolje_2025-03-13_11-08_tf_1h,2021-06-07 06:00:00,291.5599,291.22263
Potomje,Suhopolje_2025-03-13_11-08_tf_1h,2021-06-07 07:00:00,291.78967,291.81726
Potomje,Suhopolje_2025-03-13_11-08_tf_1h,2021-06-07 08:00:00,292.87134,292.09396
Potomje,Suhopolje_2025-03-13_11-08_tf_1h,2021-06-07 09:00:00,293.44446,293.5896
Potomje,Suhopolje_2025-03-13_11-08_tf_1h,2021-06-07 10:00:00,293.67505,293.77933
Potomje,Suhopolje_2025-03-13_11-08_tf_1h,2021-06-07 11:00:00,294.1394,293.69998
Potomje,Suhopolje_2025-03-13_11-08_tf_1h,2021-06-07 12:00:00,294.79752,294.1638
Potomje,Suhopolje_2025-03-13_11-08_tf_1h,2021-06-07 13:00:00,294.72015,294.85617
Potomje,Suhopolje_2025-03-13_11-08_tf_1h,2021-06-07 14:00:00,294.64706,294.38773
Potomje,Suhopolje_2025-03-13_11-08_tf_1h,2021-06-07 15:00:00,294.5278,294.19717
Potomje,Suhopolje_2025-03-13_11-08_tf_1h,2021-06-07 16:00:00,294.27652,293.91666
Potomje,Suhopolje_2025-03-13_11-08_tf_1h,2021-06-07 17:00:00,294.05554,293.47354
Potomje,Suhopolje_2025-03-13_11-08_tf_1h,2021-06-07 18:00:00,293.85837,293.19022
Potomje,Suhopolje_2025-03-13_11-08_tf_1h,2021-06-07 19:00:00,293.64645,293.05188
Potomje,Suhopolje_2025-03-13_11-08_tf_1h,2021-06-07 20:00:00,292.22427,292.85388
Potomje,Suhopolje_2025-03-13_11-08_tf_1h,2021-06-07 21:00:00,291.98657,291.145
Potomje,Suhopolje_2025-03-13_11-08_tf_1h,2021-06-07 22:00:00,291.83813,291.40225
Potomje,Suhopolje_2025-03-13_11-08_tf_1h,2021-06-07 23:00:00,291.70978,291.29047
Potomje,Suhopolje_2025-03-13_11-08_tf_1h,2021-06-08 00:00:00,291.53754,291.2472
Potomje,Suhopolje_2025-03-13_11-08_tf_1h,2021-06-08 01:00:00,291.47775,291.10117
Potomje,Suhopolje_2025-03-13_11-08_tf_1h,2021-06-08 02:00:00,290.64172,291.11
Potomje,Suhopolje_2025-03-13_11-08_tf_1h,2021-06-08 03:00:00,289.97684,289.89948
Potomje,Suhopolje_2025-03-13_11-08_tf_1h,2021-06-08 04:00:00,289.2952,289.39813
Potomje,Suhopolje_2025-03-13_11-08_tf_1h,2021-06-08 05:00:00,289.3323,288.7884
Potomje,Suhopolje_2025-03-13_11-08_tf_1h,2021-06-08 06:00:00,290.5406,289.36227
Potomje,Suhopolje_2025-03-13_11-08_tf_1h,2021-06-08 07:00:00,291.9078,291.33612
Potomje,Suhopolje_2025-03-13_11-08_tf_1h,2021-06-08 08:00:00,293.61386,292.63922
Potomje,Suhopolje_2025-03-13_11-08_tf_1h,2021-06-08 09:00:00,295.45248,294.56058
Potomje,Suhopolje_2025-03-13_11-08_tf_1h,2021-06-08 10:00:00,296.74606,296.41446
Potomje,Suhopolje_2025-03-13_11-08_tf_1h,2021-06-08 11:00:00,297.3512,297.36923
Potomje,Suhopolje_2025-03-13_11-08_tf_1h,2021-06-08 12:00:00,297.44327,297.4999
Potomje,Suhopolje_2025-03-13_11-08_tf_1h,2021-06-08 13:00:00,297.36508,297.16544
Potomje,Suhopolje_2025-03-13_11-08_tf_1h,2021-06-08 14:00:00,297.28036,296.82742
Potomje,Suhopolje_2025-03-13_11-08_tf_1h,2021-06-08 15:00:00,297.2387,296.5898
Potomje,Suhopolje_2025-03-13_11-08_tf_1h,2021-06-08 16:00:00,297.53818,296.44992
Potomje,Suhopolje_2025-03-13_11-08_tf_1h,2021-06-08 17:00:00,297.35886,296.83044
Potomje,Suhopolje_2025-03-13_11-08_tf_1h,2021-06-08 18:00:00,296.82425,296.35468
Potomje,Suhopolje_2025-03-13_11-08_tf_1h,2021-06-08 19:00:00,296.3027,295.62296
Potomje,Suhopolje_2025-03-13_11-08_tf_1h,2021-06-08 20:00:00,296.1599,295.28458
Potomje,Suhopolje_2025-03-13_11-08_tf_1h,2021-06-08 21:00:00,295.62616,295.30273
Potomje,Suhopolje_2025-03-13_11-08_tf_1h,2021-06-08 22:00:00,295.2321,294.6121
Potomje,Suhopolje_2025-03-13_11-08_tf_1h,2021-06-08 23:00:00,294.7734,294.37393
Potomje,Suhopolje_2025-03-13_11-08_tf_1h,2021-06-09 00:00:00,294.07877,293.9388
Potomje,Suhopolje_2025-03-13_11-08_tf_1h,2021-06-09 01:00:00,293.37192,293.22897
Potomje,Suhopolje_2025-03-13_11-08_tf_1h,2021-06-09 02:00:00,292.7784,292.627
Potomje,Suhopolje_2025-03-13_11-08_tf_1h,2021-06-09 03:00:00,292.21378,292.16235
Potomje,Suhopolje_2025-03-13_11-08_tf_1h,2021-06-09 04:00:00,291.70612,291.66364
Potomje,Suhopolje_2025-03-13_11-08_tf_1h,2021-06-09 05:00:00,291.48032,291.20743
Potomje,Suhopolje_2025-03-13_11-08_tf_1h,2021-06-09 06:00:00,292.46194,291.13434
Potomje,Suhopolje_2025-03-13_11-08_tf_1h,2021-06-09 07:00:00,294.7587,292.96838
Potomje,Suhopolje_2025-03-13_11-08_tf_1h,2021-06-09 08:00:00,297.38632,295.95245
Potomje,Suhopolje_2025-03-13_11-08_tf_1h,2021-06-09 09:00:00,298.7626,298.80115
Potomje,Suhopolje_2025-03-13_11-08_tf_1h,2021-06-09 10:00:00,299.78024,299.5395
Potomje,Suhopolje_2025-03-13_11-08_tf_1h,2021-06-09 11:00:00,300.65848,300.22348
Potomje,Suhopolje_2025-03-13_11-08_tf_1h,2021-06-09 12:00:00,300.9953,300.90967
Potomje,Suhopolje_2025-03-13_11-08_tf_1h,2021-06-09 13:00:00,300.54315,300.8144
Potomje,Suhopolje_2025-03-13_11-08_tf_1h,2021-06-09 14:00:00,300.39612,299.76596
Potomje,Suhopolje_2025-03-13_11-08_tf_1h,2021-06-09 15:00:00,300.22104,299.64932
Potomje,Suhopolje_2025-03-13_11-08_tf_1h,2021-06-09 16:00:00,299.87994,299.26694
Potomje,Suhopolje_2025-03-13_11-08_tf_1h,2021-06-09 17:00:00,299.36237,298.7568
Potomje,Suhopolje_2025-03-13_11-08_tf_1h,2021-06-09 18:00:00,298.61954,298.1606
Potomje,Suhopolje_2025-03-13_11-08_tf_1h,2021-06-09 19:00:00,297.70276,297.39413
Potomje,Suhopolje_2025-03-13_11-08_tf_1h,2021-06-09 20:00:00,297.20926,296.5493
Potomje,Suhopolje_2025-03-13_11-08_tf_1h,2021-06-09 21:00:00,297.13644,296.2944
Potomje,Suhopolje_2025-03-13_11-08_tf_1h,2021-06-09 22:00:00,296.56134,296.3089
Potomje,Suhopolje_2025-03-13_11-08_tf_1h,2021-06-09 23:00:00,295.53665,295.56033
Potomje,Suhopolje_2025-03-13_11-08_tf_1h,2021-06-10 00:00:00,294.68958,294.56198
Potomje,Suhopolje_2025-03-13_11-08_tf_1h,2021-06-10 01:00:00,293.88214,293.91052
Potomje,Suhopolje_2025-03-13_11-08_tf_1h,2021-06-10 02:00:00,293.19174,293.16772
Potomje,Suhopolje_2025-03-13_11-08_tf_1h,2021-06-10 03:00:00,292.5835,292.57373
Potomje,Suhopolje_2025-03-13_11-08_tf_1h,2021-06-10 04:00:00,292.02792,292.05295
Potomje,Suhopolje_2025-03-13_11-08_tf_1h,2021-06-10 05:00:00,291.74408,291.53714
Potomje,Suhopolje_2025-03-13_11-08_tf_1h,2021-06-10 06:00:00,292.70276,291.5544
Potomje,Suhopolje_2025-03-13_11-08_tf_1h,2021-06-10 07:00:00,294.98108,294.02545
Potomje,Suhopolje_2025-03-13_11-08_tf_1h,2021-06-10 08:00:00,297.6393,296.42014
Potomje,Suhopolje_2025-03-13_11-08_tf_1h,2021-06-10 09:00:00,298.99377,299.34134
Potomje,Suhopolje_2025-03-13_11-08_tf_1h,2021-06-10 10:00:00,300.13803,299.91183
Potomje,Suhopolje_2025-03-13_11-08_tf_1h,2021-06-10 11:00:00,300.8409,300.78418
Potomje,Suhopolje_2025-03-13_11-08_tf_1h,2021-06-10 12:00:00,300.89276,301.08408
Potomje,Suhopolje_2025-03-13_11-08_tf_1h,2021-06-10 13:00:00,300.7174,300.6306
Potomje,Suhopolje_2025-03-13_11-08_tf_1h,2021-06-10 14:00:00,300.40152,300.1847
Potomje,Suhopolje_2025-03-13_11-08_tf_1h,2021-06-10 15:00:00,299.03033,299.5957
Potomje,Suhopolje_2025-03-13_11-08_tf_1h,2021-06-10 16:00:00,298.66486,297.7046
Potomje,Suhopolje_2025-03-13_11-08_tf_1h,2021-06-10 17:00:00,298.66995,297.64392
Potomje,Suhopolje_2025-03-13_11-08_tf_1h,2021-06-10 18:00:00,298.56287,297.6808
Potomje,Suhopolje_2025-03-13_11-08_tf_1h,2021-06-10 19:00:00,297.9498,297.52838
Potomje,Suhopolje_2025-03-13_11-08_tf_1h,2021-06-10 20:00:00,297.64667,296.78317
Potomje,Suhopolje_2025-03-13_11-08_tf_1h,2021-06-10 21:00:00,296.6659,296.70578
Potomje,Suhopolje_2025-03-13_11-08_tf_1h,2021-06-10 22:00:00,295.7355,295.51666
Potomje,Suhopolje_2025-03-13_11-08_tf_1h,2021-06-10 23:00:00,294.99213,294.81146
Potomje,Suhopolje_2025-03-13_11-08_tf_1h,2021-06-11 00:00:00,294.253,294.20197
Potomje,Suhopolje_2025-03-13_11-08_tf_1h,2021-06-11 01:00:00,293.53653,293.5269
Potomje,Suhopolje_2025-03-13_11-08_tf_1h,2021-06-11 02:00:00,292.7974,292.85822
Potomje,Suhopolje_2025-03-13_11-08_tf_1h,2021-06-11 03:00:00,292.17923,292.18555
Potomje,Suhopolje_2025-03-13_11-08_tf_1h,2021-06-11 04:00:00,291.5554,291.64975
Potomje,Suhopolje_2025-03-13_11-08_tf_1h,2021-06-11 05:00:00,291.22845,291.04254
Potomje,Suhopolje_2025-03-13_11-08_tf_1h,2021-06-11 06:00:00,291.9047,291.16443
Potomje,Suhopolje_2025-03-13_11-08_tf_1h,2021-06-11 07:00:00,293.63342,293.13354
Potomje,Suhopolje_2025-03-13_11-08_tf_1h,2021-06-11 08:00:00,296.92255,294.97128
Potomje,Suhopolje_2025-03-13_11-08_tf_1h,2021-06-11 09:00:00,298.69687,298.90567
Potomje,Suhopolje_2025-03-13_11-08_tf_1h,2021-06-11 10:00:00,299.8794,299.83658
Potomje,Suhopolje_2025-03-13_11-08_tf_1h,2021-06-11 11:00:00,300.16806,300.5662
Potomje,Suhopolje_2025-03-13_11-08_tf_1h,2021-06-11 12:00:00,300.01083,300.21625
Potomje,Suhopolje_2025-03-13_11-08_tf_1h,2021-06-11 13:00:00,299.81226,299.65057
Potomje,Suhopolje_2025-03-13_11-08_tf_1h,2021-06-11 14:00:00,299.13147,299.27173
Potomje,Suhopolje_2025-03-13_11-08_tf_1h,2021-06-11 15:00:00,297.8246,298.18433
Potomje,Suhopolje_2025-03-13_11-08_tf_1h,2021-06-11 16:00:00,298.24048,296.58188
Potomje,Suhopolje_2025-03-13_11-08_tf_1h,2021-06-11 17:00:00,298.298,297.7275
Potomje,Suhopolje_2025-03-13_11-08_tf_1h,2021-06-11 18:00:00,298.07816,297.32956
Potomje,Suhopolje_2025-03-13_11-08_tf_1h,2021-06-11 19:00:00,297.54102,296.97833
Potomje,Suhopolje_2025-03-13_11-08_tf_1h,2021-06-11 20:00:00,296.47067,296.39163
Potomje,Suhopolje_2025-03-13_11-08_tf_1h,2021-06-11 21:00:00,295.7545,295.2936
Potomje,Suhopolje_2025-03-13_11-08_tf_1h,2021-06-11 22:00:00,295.42615,294.85767
Potomje,Suhopolje_2025-03-13_11-08_tf_1h,2021-06-11 23:00:00,295.05957,294.64862
Potomje,Suhopolje_2025-03-13_11-08_tf_1h,2021-06-12 00:00:00,294.33826,294.2936
Potomje,Suhopolje_2025-03-13_11-08_tf_1h,2021-06-12 01:00:00,293.50308,293.52893
Potomje,Suhopolje_2025-03-13_11-08_tf_1h,2021-06-12 02:00:00,292.76706,292.73782
Potomje,Suhopolje_2025-03-13_11-08_tf_1h,2021-06-12 03:00:00,292.1234,292.13623
Potomje,Suhopolje_2025-03-13_11-08_tf_1h,2021-06-12 04:00:00,291.53073,291.57614
Potomje,Suhopolje_2025-03-13_11-08_tf_1h,2021-06-12 05:00:00,291.15677,291.0232
Potomje,Suhopolje_2025-03-13_11-08_tf_1h,2021-06-12 06:00:00,292.06503,290.9373
Potomje,Suhopolje_2025-03-13_11-08_tf_1h,2021-06-12 07:00:00,294.24988,293.3801
Potomje,Suhopolje_2025-03-13_11-08_tf_1h,2021-06-12 08:00:00,295.9766,295.69577
Potomje,Suhopolje_2025-03-13_11-08_tf_1h,2021-06-12 09:00:00,297.50446,297.17288
Potomje,Suhopolje_2025-03-13_11-08_tf_1h,2021-06-12 10:00:00,298.6323,298.40588
Potomje,Suhopolje_2025-03-13_11-08_tf_1h,2021-06-12 11:00:00,299.00198,299.19724
Potomje,Suhopolje_2025-03-13_11-08_tf_1h,2021-06-12 12:00:00,298.9751,299.03586
Potomje,Suhopolje_2025-03-13_11-08_tf_1h,2021-06-12 13:00:00,299.13458,298.66656
Potomje,Suhopolje_2025-03-13_11-08_tf_1h,2021-06-12 14:00:00,299.13742,298.8047
Potomje,Suhopolje_2025-03-13_11-08_tf_1h,2021-06-12 15:00:00,299.0241,298.61725
Potomje,Suhopolje_2025-03-13_11-08_tf_1h,2021-06-12 16:00:00,298.85242,298.2872
Potomje,Suhopolje_2025-03-13_11-08_tf_1h,2021-06-12 17:00:00,298.4739,297.94324
Potomje,Suhopolje_2025-03-13_11-08_tf_1h,2021-06-12 18:00:00,297.88495,297.39114
Potomje,Suhopolje_2025-03-13_11-08_tf_1h,2021-06-12 19:00:00,297.07413,296.6692
Potomje,Suhopolje_2025-03-13_11-08_tf_1h,2021-06-12 20:00:00,296.8197,295.94235
Potomje,Suhopolje_2025-03-13_11-08_tf_1h,2021-06-12 21:00:00,296.2772,295.95984
Potomje,Suhopolje_2025-03-13_11-08_tf_1h,2021-06-12 22:00:00,295.79245,295.2806
Potomje,Suhopolje_2025-03-13_11-08_tf_1h,2021-06-12 23:00:00,295.2995,294.90723
Potomje,Suhopolje_2025-03-13_11-08_tf_1h,2021-06-13 00:00:00,294.71704,294.45712
Potomje,Suhopolje_2025-03-13_11-08_tf_1h,2021-06-13 01:00:00,293.7544,293.94095
Potomje,Suhopolje_2025-03-13_11-08_tf_1h,2021-06-13 02:00:00,292.48038,292.9364
Potomje,Suhopolje_2025-03-13_11-08_tf_1h,2021-06-13 03:00:00,291.73895,291.71347
Potomje,Suhopolje_2025-03-13_11-08_tf_1h,2021-06-13 04:00:00,291.49673,291.18982
Potomje,Suhopolje_2025-03-13_11-08_tf_1h,2021-06-13 05:00:00,291.59024,291.19824
Potomje,Suhopolje_2025-03-13_11-08_tf_1h,2021-06-13 06:00:00,293.38977,291.4957
Potomje,Suhopolje_2025-03-13_11-08_tf_1h,2021-06-13 07:00:00,295.7372,294.83188
Potomje,Suhopolje_2025-03-13_11-08_tf_1h,2021-06-13 08:00:00,297.59937,296.90692
Potomje,Suhopolje_2025-03-13_11-08_tf_1h,2021-06-13 09:00:00,298.60565,298.82153
Potomje,Suhopolje_2025-03-13_11-08_tf_1h,2021-06-13 10:00:00,299.09012,299.24664
Potomje,Suhopolje_2025-03-13_11-08_tf_1h,2021-06-13 11:00:00,299.03967,299.31284
Potomje,Suhopolje_2025-03-13_11-08_tf_1h,2021-06-13 12:00:00,299.3088,298.82794
Potomje,Suhopolje_2025-03-13_11-08_tf_1h,2021-06-13 13:00:00,299.61194,299.1159
Potomje,Suhopolje_2025-03-13_11-08_tf_1h,2021-06-13 14:00:00,299.806,299.27917
Potomje,Suhopolje_2025-03-13_11-08_tf_1h,2021-06-13 15:00:00,299.83774,299.27036
Potomje,Suhopolje_2025-03-13_11-08_tf_1h,2021-06-13 16:00:00,299.73376,299.0884
Potomje,Suhopolje_2025-03-13_11-08_tf_1h,2021-06-13 17:00:00,299.31448,298.7981
Potomje,Suhopolje_2025-03-13_11-08_tf_1h,2021-06-13 18:00:00,298.69604,298.1855
Potomje,Suhopolje_2025-03-13_11-08_tf_1h,2021-06-13 19:00:00,297.80618,297.47168
Potomje,Suhopolje_2025-03-13_11-08_tf_1h,2021-06-13 20:00:00,296.8792,296.61972
Potomje,Suhopolje_2025-03-13_11-08_tf_1h,2021-06-13 21:00:00,296.02335,295.8162
Potomje,Suhopolje_2025-03-13_11-08_tf_1h,2021-06-13 22:00:00,295.33154,295.0785
Potomje,Suhopolje_2025-03-13_11-08_tf_1h,2021-06-13 23:00:00,294.66434,294.5031
Potomje,Suhopolje_2025-03-13_11-08_tf_1h,2021-06-14 00:00:00,293.73596,293.8986
Potomje,Suhopolje_2025-03-13_11-08_tf_1h,2021-06-14 01:00:00,292.6512,292.9671
Potomje,Suhopolje_2025-03-13_11-08_tf_1h,2021-06-14 02:00:00,292.31888,291.94174
Potomje,Suhopolje_2025-03-13_11-08_tf_1h,2021-06-14 03:00:00,292.1268,291.93735
Potomje,Suhopolje_2025-03-13_11-08_tf_1h,2021-06-14 04:00:00,292.0489,291.79886
Potomje,Suhopolje_2025-03-13_11-08_tf_1h,2021-06-14 05:00:00,291.85992,291.7707
Potomje,Suhopolje_2025-03-13_11-08_tf_1h,2021-06-14 06:00:00,292.37216,291.85693
Potomje,Suhopolje_2025-03-13_11-08_tf_1h,2021-06-14 07:00:00,292.8634,293.29916
Potomje,Suhopolje_2025-03-13_11-08_tf_1h,2021-06-14 08:00:00,293.9609,293.491
Potomje,Suhopolje_2025-03-13_11-08_tf_1h,2021-06-14 09:00:00,294.85983,294.906
Potomje,Suhopolje_2025-03-13_11-08_tf_1h,2021-06-14 10:00:00,295.73325,295.56165
Potomje,Suhopolje_2025-03-13_11-08_tf_1h,2021-06-14 11:00:00,296.4098,296.31274
Potomje,Suhopolje_2025-03-13_11-08_tf_1h,2021-06-14 12:00:00,296.87466,296.76913
Potomje,Suhopolje_2025-03-13_11-08_tf_1h,2021-06-14 13:00:00,297.2682,296.97406
Potomje,Suhopolje_2025-03-13_11-08_tf_1h,2021-06-14 14:00:00,297.5118,297.19693
Potomje,Suhopolje_2025-03-13_11-08_tf_1h,2021-06-14 15:00:00,297.4016,297.24142
Potomje,Suhopolje_2025-03-13_11-08_tf_1h,2021-06-14 16:00:00,297.073,296.83423
Potomje,Suhopolje_2025-03-13_11-08_tf_1h,2021-06-14 17:00:00,296.54434,296.26678
Potomje,Suhopolje_2025-03-13_11-08_tf_1h,2021-06-14 18:00:00,295.92023,295.50925
Potomje,Suhopolje_2025-03-13_11-08_tf_1h,2021-06-14 19:00:00,295.07684,294.77472
Potomje,Suhopolje_2025-03-13_11-08_tf_1h,2021-06-14 20:00:00,294.01447,294.0088
Potomje,Suhopolje_2025-03-13_11-08_tf_1h,2021-06-14 21:00:00,293.26965,292.98267
Potomje,Suhopolje_2025-03-13_11-08_tf_1h,2021-06-14 22:00:00,292.70447,292.4547
Potomje,Suhopolje_2025-03-13_11-08_tf_1h,2021-06-14 23:00:00,292.22766,291.98013
Potomje,Suhopolje_2025-03-13_11-08_tf_1h,2021-06-15 00:00:00,291.7523,291.63553
Potomje,Suhopolje_2025-03-13_11-08_tf_1h,2021-06-15 01:00:00,291.23666,291.23288
Potomje,Suhopolje_2025-03-13_11-08_tf_1h,2021-06-15 02:00:00,290.74628,290.72253
Potomje,Suhopolje_2025-03-13_11-08_tf_1h,2021-06-15 03:00:00,290.32642,290.2567
Potomje,Suhopolje_2025-03-13_11-08_tf_1h,2021-06-15 04:00:00,289.8839,289.88956
Potomje,Suhopolje_2025-03-13_11-08_tf_1h,2021-06-15 05:00:00,289.6244,289.47128
Potomje,Suhopolje_2025-03-13_11-08_tf_1h,2021-06-15 06:00:00,290.50235,289.48676
Potomje,Suhopolje_2025-03-13_11-08_tf_1h,2021-06-15 07:00:00,292.25827,291.4763
Potomje,Suhopolje_2025-03-13_11-08_tf_1h,2021-06-15 08:00:00,294.24847,293.37375
Potomje,Suhopolje_2025-03-13_11-08_tf_1h,2021-06-15 09:00:00,295.495,295.62122
Potomje,Suhopolje_2025-03-13_11-08_tf_1h,2021-06-15 10:00:00,296.55765,296.36542
Potomje,Suhopolje_2025-03-13_11-08_tf_1h,2021-06-15 11:00:00,297.48462,297.18573
Potomje,Suhopolje_2025-03-13_11-08_tf_1h,2021-06-15 12:00:00,298.1688,297.90555
Potomje,Suhopolje_2025-03-13_11-08_tf_1h,2021-06-15 13:00:00,298.36682,298.3156
Potomje,Suhopolje_2025-03-13_11-08_tf_1h,2021-06-15 14:00:00,298.20563,298.11417
Potomje,Suhopolje_2025-03-13_11-08_tf_1h,2021-06-15 15:00:00,298.00363,297.6066
Potomje,Suhopolje_2025-03-13_11-08_tf_1h,2021-06-15 16:00:00,297.54016,297.22543
Potomje,Suhopolje_2025-03-13_11-08_tf_1h,2021-06-15 17:00:00,296.98035,296.48953
Potomje,Suhopolje_2025-03-13_11-08_tf_1h,2021-06-15 18:00:00,296.43442,295.7637
Potomje,Suhopolje_2025-03-13_11-08_tf_1h,2021-06-15 19:00:00,295.83438,295.3464
Potomje,Suhopolje_2025-03-13_11-08_tf_1h,2021-06-15 20:00:00,294.92697,294.7945
Potomje,Suhopolje_2025-03-13_11-08_tf_1h,2021-06-15 21:00:00,294.60486,293.86554
Potomje,Suhopolje_2025-03-13_11-08_tf_1h,2021-06-15 22:00:00,294.3241,293.83755
Potomje,Suhopolje_2025-03-13_11-08_tf_1h,2021-06-15 23:00:00,293.94873,293.59335
Potomje,Suhopolje_2025-03-13_11-08_tf_1h,2021-06-16 00:00:00,293.43423,293.25604
Potomje,Suhopolje_2025-03-13_11-08_tf_1h,2021-06-16 01:00:00,292.4866,292.73978
Potomje,Suhopolje_2025-03-13_11-08_tf_1h,2021-06-16 02:00:00,291.30524,291.6704
Potomje,Suhopolje_2025-03-13_11-08_tf_1h,2021-06-16 03:00:00,290.5913,290.51147
Potomje,Suhopolje_2025-03-13_11-08_tf_1h,2021-06-16 04:00:00,290.4757,290.05838
Potomje,Suhopolje_2025-03-13_11-08_tf_1h,2021-06-16 05:00:00,290.84714,290.25903
Potomje,Suhopolje_2025-03-13_11-08_tf_1h,2021-06-16 06:00:00,292.15826,290.88956
Potomje,Suhopolje_2025-03-13_11-08_tf_1h,2021-06-16 07:00:00,294.25357,293.13416
Potomje,Suhopolje_2025-03-13_11-08_tf_1h,2021-06-16 08:00:00,296.4874,295.4077
Potomje,Suhopolje_2025-03-13_11-08_tf_1h,2021-06-16 09:00:00,297.88098,297.9106
Potomje,Suhopolje_2025-03-13_11-08_tf_1h,2021-06-16 10:00:00,298.74646,298.781
Potomje,Suhopolje_2025-03-13_11-08_tf_1h,2021-06-16 11:00:00,299.15018,299.2208
Potomje,Suhopolje_2025-03-13_11-08_tf_1h,2021-06-16 12:00:00,299.06772,299.2028
Potomje,Suhopolje_2025-03-13_11-08_tf_1h,2021-06-16 13:00:00,298.82748,298.69354
Potomje,Suhopolje_2025-03-13_11-08_tf_1h,2021-06-16 14:00:00,298.6538,298.2026
Potomje,Suhopolje_2025-03-13_11-08_tf_1h,2021-06-16 15:00:00,298.29715,297.89844
Potomje,Suhopolje_2025-03-13_11-08_tf_1h,2021-06-16 16:00:00,298.12177,297.31128
Potomje,Suhopolje_2025-03-13_11-08_tf_1h,2021-06-16 17:00:00,297.7617,297.12393
Potomje,Suhopolje_2025-03-13_11-08_tf_1h,2021-06-16 18:00:00,297.21323,296.6132
Potomje,Suhopolje_2025-03-13_11-08_tf_1h,2021-06-16 19:00:00,296.55652,296.09286
Potomje,Suhopolje_2025-03-13_11-08_tf_1h,2021-06-16 20:00:00,295.91287,295.50687
Potomje,Suhopolje_2025-03-13_11-08_tf_1h,2021-06-16 21:00:00,295.57007,294.94083
Potomje,Suhopolje_2025-03-13_11-08_tf_1h,2021-06-16 22:00:00,295.25815,294.72943
Potomje,Suhopolje_2025-03-13_11-08_tf_1h,2021-06-16 23:00:00,294.94736,294.4503
Potomje,Suhopolje_2025-03-13_11-08_tf_1h,2021-06-17 00:00:00,294.46265,294.2275
Potomje,Suhopolje_2025-03-13_11-08_tf_1h,2021-06-17 01:00:00,293.74448,293.73923
Potomje,Suhopolje_2025-03-13_11-08_tf_1h,2021-06-17 02:00:00,292.95206,292.97653
Potomje,Suhopolje_2025-03-13_11-08_tf_1h,2021-06-17 03:00:00,291.87015,292.24002
Potomje,Suhopolje_2025-03-13_11-08_tf_1h,2021-06-17 04:00:00,291.26642,291.14075
Potomje,Suhopolje_2025-03-13_11-08_tf_1h,2021-06-17 05:00:00,291.701,290.7978
Potomje,Suhopolje_2025-03-13_11-08_tf_1h,2021-06-17 06:00:00,293.2127,292.04736
Potomje,Suhopolje_2025-03-13_11-08_tf_1h,2021-06-17 07:00:00,295.33804,294.45233
Potomje,Suhopolje_2025-03-13_11-08_tf_1h,2021-06-17 08:00:00,297.73932,296.6823
Potomje,Suhopolje_2025-03-13_11-08_tf_1h,2021-06-17 09:00:00,298.95468,299.12708
Potomje,Suhopolje_2025-03-13_11-08_tf_1h,2021-06-17 10:00:00,299.54935,299.6556
Potomje,Suhopolje_2025-03-13_11-08_tf_1h,2021-06-17 11:00:00,299.53943,299.77957
Potomje,Suhopolje_2025-03-13_11-08_tf_1h,2021-06-17 12:00:00,299.16177,299.3063
Potomje,Suhopolje_2025-03-13_11-08_tf_1h,2021-06-17 13:00:00,298.76062,298.56433
Potomje,Suhopolje_2025-03-13_11-08_tf_1h,2021-06-17 14:00:00,298.83655,297.9893
Potomje,Suhopolje_2025-03-13_11-08_tf_1h,2021-06-17 15:00:00,298.58694,298.16623
Potomje,Suhopolje_2025-03-13_11-08_tf_1h,2021-06-17 16:00:00,298.4606,297.62518
Potomje,Suhopolje_2025-03-13_11-08_tf_1h,2021-06-17 17:00:00,298.0858,297.46707
Potomje,Suhopolje_2025-03-13_11-08_tf_1h,2021-06-17 18:00:00,297.46735,296.94598
Potomje,Suhopolje_2025-03-13_11-08_tf_1h,2021-06-17 19:00:00,296.63528,296.3389
Potomje,Suhopolje_2025-03-13_11-08_tf_1h,2021-06-17 20:00:00,296.28937,295.55954
Potomje,Suhopolje_2025-03-13_11-08_tf_1h,2021-06-17 21:00:00,295.31848,295.44736
Potomje,Suhopolje_2025-03-13_11-08_tf_1h,2021-06-17 22:00:00,294.2462,294.29703
Potomje,Suhopolje_2025-03-13_11-08_tf_1h,2021-06-17 23:00:00,293.85608,293.38553
Potomje,Suhopolje_2025-03-13_11-08_tf_1h,2021-06-18 00:00:00,293.86743,293.25912
Potomje,Suhopolje_2025-03-13_11-08_tf_1h,2021-06-18 01:00:00,293.0787,293.482
Potomje,Suhopolje_2025-03-13_11-08_tf_1h,2021-06-18 02:00:00,293.86713,292.3778
Potomje,Suhopolje_2025-03-13_11-08_tf_1h,2021-06-18 03:00:00,293.47617,293.87582
Potomje,Suhopolje_2025-03-13_11-08_tf_1h,2021-06-18 04:00:00,293.1147,292.87692
Potomje,Suhopolje_2025-03-13_11-08_tf_1h,2021-06-18 05:00:00,291.1735,292.65424
Potomje,Suhopolje_2025-03-13_11-08_tf_1h,2021-06-18 06:00:00,293.26343,290.4382
Potomje,Suhopolje_2025-03-13_11-08_tf_1h,2021-06-18 07:00:00,295.28195,295.42908
Potomje,Suhopolje_2025-03-13_11-08_tf_1h,2021-06-18 08:00:00,296.98544,296.21442
Potomje,Suhopolje_2025-03-13_11-08_tf_1h,2021-06-18 09:00:00,298.2147,298.0078
Potomje,Suhopolje_2025-03-13_11-08_tf_1h,2021-06-18 10:00:00,299.04846,298.83228
Potomje,Suhopolje_2025-03-13_11-08_tf_1h,2021-06-18 11:00:00,299.3887,299.32895
Potomje,Suhopolje_2025-03-13_11-08_tf_1h,2021-06-18 12:00:00,299.4094,299.30887
Potomje,Suhopolje_2025-03-13_11-08_tf_1h,2021-06-18 13:00:00,299.3938,299.035
Potomje,Suhopolje_2025-03-13_11-08_tf_1h,2021-06-18 14:00:00,299.1748,298.82947
Potomje,Suhopolje_2025-03-13_11-08_tf_1h,2021-06-18 15:00:00,298.89178,298.35162
Potomje,Suhopolje_2025-03-13_11-08_tf_1h,2021-06-18 16:00:00,298.97592,297.9054
Potomje,Suhopolje_2025-03-13_11-08_tf_1h,2021-06-18 17:00:00,298.87167,298.06168
Potomje,Suhopolje_2025-03-13_11-08_tf_1h,2021-06-18 18:00:00,298.32236,297.81226
Potomje,Suhopolje_2025-03-13_11-08_tf_1h,2021-06-18 19:00:00,297.53705,297.132
Potomje,Suhopolje_2025-03-13_11-08_tf_1h,2021-06-18 20:00:00,297.29453,296.41745
Potomje,Suhopolje_2025-03-13_11-08_tf_1h,2021-06-18 21:00:00,296.68542,296.43723
Potomje,Suhopolje_2025-03-13_11-08_tf_1h,2021-06-18 22:00:00,296.27435,295.6914
Potomje,Suhopolje_2025-03-13_11-08_tf_1h,2021-06-18 23:00:00,295.8933,295.43695
Potomje,Suhopolje_2025-03-13_11-08_tf_1h,2021-06-19 00:00:00,295.48083,295.09482
Potomje,Suhopolje_2025-03-13_11-08_tf_1h,2021-06-19 01:00:00,294.99554,294.7627
Potomje,Suhopolje_2025-03-13_11-08_tf_1h,2021-06-19 02:00:00,294.3717,294.2996
Potomje,Suhopolje_2025-03-13_11-08_tf_1h,2021-06-19 03:00:00,293.7626,293.67297
Potomje,Suhopolje_2025-03-13_11-08_tf_1h,2021-06-19 04:00:00,293.2637,293.12686
Potomje,Suhopolje_2025-03-13_11-08_tf_1h,2021-06-19 05:00:00,293.07474,292.75522
Potomje,Suhopolje_2025-03-13_11-08_tf_1h,2021-06-19 06:00:00,294.42044,292.8403
Potomje,Suhopolje_2025-03-13_11-08_tf_1h,2021-06-19 07:00:00,296.81235,295.4108
Potomje,Suhopolje_2025-03-13_11-08_tf_1h,2021-06-19 08:00:00,298.36655,297.93854
Potomje,Suhopolje_2025-03-13_11-08_tf_1h,2021-06-19 09:00:00,299.56406,299.264
Potomje,Suhopolje_2025-03-13_11-08_tf_1h,2021-06-19 10:00:00,300.66272,300.13208
Potomje,Suhopolje_2025-03-13_11-08_tf_1h,2021-06-19 11:00:00,301.35,301.04156
Potomje,Suhopolje_2025-03-13_11-08_tf_1h,2021-06-19 12:00:00,301.76675,301.3999
Potomje,Suhopolje_2025-03-13_11-08_tf_1h,2021-06-19 13:00:00,301.8132,301.54816
Potomje,Suhopolje_2025-03-13_11-08_tf_1h,2021-06-19 14:00:00,301.47552,301.2431
Potomje,Suhopolje_2025-03-13_11-08_tf_1h,2021-06-19 15:00:00,301.25424,300.54172
Potomje,Suhopolje_2025-03-13_11-08_tf_1h,2021-06-19 16:00:00,300.55222,300.2386
Potomje,Suhopolje_2025-03-13_11-08_tf_1h,2021-06-19 17:00:00,299.9012,299.29007
Potomje,Suhopolje_2025-03-13_11-08_tf_1h,2021-06-19 18:00:00,299.24677,298.69434
Potomje,Suhopolje_2025-03-13_11-08_tf_1h,2021-06-19 19:00:00,298.49658,298.11093
Potomje,Suhopolje_2025-03-13_11-08_tf_1h,2021-06-19 20:00:00,298.10278,297.39203
Potomje,Suhopolje_2025-03-13_11-08_tf_1h,2021-06-19 21:00:00,297.72403,297.19586
Potomje,Suhopolje_2025-03-13_11-08_tf_1h,2021-06-19 22:00:00,297.45007,296.7926
Potomje,Suhopolje_2025-03-13_11-08_tf_1h,2021-06-19 23:00:00,297.23135,296.5802
Potomje,Suhopolje_2025-03-13_11-08_tf_1h,2021-06-20 00:00:00,296.77637,296.38727
Potomje,Suhopolje_2025-03-13_11-08_tf_1h,2021-06-20 01:00:00,295.58536,295.9094
Potomje,Suhopolje_2025-03-13_11-08_tf_1h,2021-06-20 02:00:00,295.2672,294.6536
Potomje,Suhopolje_2025-03-13_11-08_tf_1h,2021-06-20 03:00:00,294.08246,294.70297
Potomje,Suhopolje_2025-03-13_11-08_tf_1h,2021-06-20 04:00:00,293.51132,293.33923
Potomje,Suhopolje_2025-03-13_11-08_tf_1h,2021-06-20 05:00:00,293.42404,293.03464
Potomje,Suhopolje_2025-03-13_11-08_tf_1h,2021-06-20 06:00:00,295.45844,293.30362
Potomje,Suhopolje_2025-03-13_11-08_tf_1h,2021-06-20 07:00:00,297.33362,297.03253
Potomje,Suhopolje_2025-03-13_11-08_tf_1h,2021-06-20 08:00:00,298.22037,298.1856
Potomje,Suhopolje_2025-03-13_11-08_tf_1h,2021-06-20 09:00:00,299.36746,298.93423
Potomje,Suhopolje_2025-03-13_11-08_tf_1h,2021-06-20 10:00:00,300.57715,299.96613
Potomje,Suhopolje_2025-03-13_11-08_tf_1h,2021-06-20 11:00:00,301.24094,301.05545
Potomje,Suhopolje_2025-03-13_11-08_tf_1h,2021-06-20 12:00:00,301.31772,301.2945
Potomje,Suhopolje_2025-03-13_11-08_tf_1h,2021-06-20 13:00:00,300.45108,300.91852
Potomje,Suhopolje_2025-03-13_11-08_tf_1h,2021-06-20 14:00:00,300.08505,299.44986
Potomje,Suhopolje_2025-03-13_11-08_tf_1h,2021-06-20 15:00:00,300.28818,299.16782
Potomje,Suhopolje_2025-03-13_11-08_tf_1h,2021-06-20 16:00:00,300.43637,299.487
Potomje,Suhopolje_2025-03-13_11-08_tf_1h,2021-06-20 17:00:00,299.85928,299.52905
Potomje,Suhopolje_2025-03-13_11-08_tf_1h,2021-06-20 18:00:00,299.25497,298.68524
Potomje,Suhopolje_2025-03-13_11-08_tf_1h,2021-06-20 19:00:00,298.9241,298.11383
Potomje,Suhopolje_2025-03-13_11-08_tf_1h,2021-06-20 20:00:00,297.93054,297.94928
Potomje,Suhopolje_2025-03-13_11-08_tf_1h,2021-06-20 21:00:00,297.7784,296.73846
Potomje,Suhopolje_2025-03-13_11-08_tf_1h,2021-06-20 22:00:00,297.33844,297.0197
Potomje,Suhopolje_2025-03-13_11-08_tf_1h,2021-06-20 23:00:00,297.11096,296.40152
Potomje,Suhopolje_2025-03-13_11-08_tf_1h,2021-06-21 00:00:00,295.4355,296.2962
Potomje,Suhopolje_2025-03-13_11-08_tf_1h,2021-06-21 01:00:00,294.7451,294.39075
Potomje,Suhopolje_2025-03-13_11-08_tf_1h,2021-06-21 02:00:00,294.32608,294.14676
Potomje,Suhopolje_2025-03-13_11-08_tf_1h,2021-06-21 03:00:00,293.71643,293.80664
Potomje,Suhopolje_2025-03-13_11-08_tf_1h,2021-06-21 04:00:00,293.80652,293.13858
Potomje,Suhopolje_2025-03-13_11-08_tf_1h,2021-06-21 05:00:00,294.01416,293.59576
Potomje,Suhopolje_2025-03-13_11-08_tf_1h,2021-06-21 06:00:00,295.0349,293.9627
Potomje,Suhopolje_2025-03-13_11-08_tf_1h,2021-06-21 07:00:00,296.92398,295.8191
Potomje,Suhopolje_2025-03-13_11-08_tf_1h,2021-06-21 08:00:00,298.63004,297.94034
Potomje,Suhopolje_2025-03-13_11-08_tf_1h,2021-06-21 09:00:00,299.87854,299.60544
Potomje,Suhopolje_2025-03-13_11-08_tf_1h,2021-06-21 10:00:00,300.81458,300.513
Potomje,Suhopolje_2025-03-13_11-08_tf_1h,2021-06-21 11:00:00,301.4143,301.1572
Potomje,Suhopolje_2025-03-13_11-08_tf_1h,2021-06-21 12:00:00,301.7693,301.44644
Potomje,Suhopolje_2025-03-13_11-08_tf_1h,2021-06-21 13:00:00,301.79224,301.57346
Potomje,Suhopolje_2025-03-13_11-08_tf_1h,2021-06-21 14:00:00,301.81943,301.26987
Potomje,Suhopolje_2025-03-13_11-08_tf_1h,2021-06-21 15:00:00,301.86252,301.1241
Potomje,Suhopolje_2025-03-13_11-08_tf_1h,2021-06-21 16:00:00,301.73163,301.01025
Potomje,Suhopolje_2025-03-13_11-08_tf_1h,2021-06-21 17:00:00,301.21942,300.66788
Potomje,Suhopolje_2025-03-13_11-08_tf_1h,2021-06-21 18:00:00,300.3131,299.98483
Potomje,Suhopolje_2025-03-13_11-08_tf_1h,2021-06-21 19:00:00,299.50995,298.96973
Potomje,Suhopolje_2025-03-13_11-08_tf_1h,2021-06-21 20:00:00,299.3326,298.38354
Potomje,Suhopolje_2025-03-13_11-08_tf_1h,2021-06-21 21:00:00,298.60226,298.4424
Potomje,Suhopolje_2025-03-13_11-08_tf_1h,2021-06-21 22:00:00,298.147,297.44638
Potomje,Suhopolje_2025-03-13_11-08_tf_1h,2021-06-21 23:00:00,297.8818,297.23944
Potomje,Suhopolje_2025-03-13_11-08_tf_1h,2021-06-22 00:00:00,297.6495,297.02258
Potomje,Suhopolje_2025-03-13_11-08_tf_1h,2021-06-22 01:00:00,297.4002,296.80054
Potomje,Suhopolje_2025-03-13_11-08_tf_1h,2021-06-22 02:00:00,297.19226,296.60406
Potomje,Suhopolje_2025-03-13_11-08_tf_1h,2021-06-22 03:00:00,296.92596,296.4843
Potomje,Suhopolje_2025-03-13_11-08_tf_1h,2021-06-22 04:00:00,296.60922,296.23642
Potomje,Suhopolje_2025-03-13_11-08_tf_1h,2021-06-22 05:00:00,296.4106,295.95117
Potomje,Suhopolje_2025-03-13_11-08_tf_1h,2021-06-22 06:00:00,297.54355,295.8991
Potomje,Suhopolje_2025-03-13_11-08_tf_1h,2021-06-22 07:00:00,299.29407,297.99225
Potomje,Suhopolje_2025-03-13_11-08_tf_1h,2021-06-22 08:00:00,301.02817,299.7224
Potomje,Suhopolje_2025-03-13_11-08_tf_1h,2021-06-22 09:00:00,301.6526,301.74927
Potomje,Suhopolje_2025-03-13_11-08_tf_1h,2021-06-22 10:00:00,302.04553,301.78857
Potomje,Suhopolje_2025-03-13_11-08_tf_1h,2021-06-22 11:00:00,302.34836,301.88635
Potomje,Suhopolje_2025-03-13_11-08_tf_1h,2021-06-22 12:00:00,302.67078,301.99908
Potomje,Suhopolje_2025-03-13_11-08_tf_1h,2021-06-22 13:00:00,302.94952,302.18497
Potomje,Suhopolje_2025-03-13_11-08_tf_1h,2021-06-22 14:00:00,303.05664,302.30273
Potomje,Suhopolje_2025-03-13_11-08_tf_1h,2021-06-22 15:00:00,302.9586,302.18344
Potomje,Suhopolje_2025-03-13_11-08_tf_1h,2021-06-22 16:00:00,302.5413,301.8734
Potomje,Suhopolje_2025-03-13_11-08_tf_1h,2021-06-22 17:00:00,301.93106,301.3056
Potomje,Suhopolje_2025-03-13_11-08_tf_1h,2021-06-22 18:00:00,301.3092,300.708
Potomje,Suhopolje_2025-03-13_11-08_tf_1h,2021-06-22 19:00:00,300.68198,300.1639
Potomje,Suhopolje_2025-03-13_11-08_tf_1h,2021-06-22 20:00:00,299.97656,299.57986
Potomje,Suhopolje_2025-03-13_11-08_tf_1h,2021-06-22 21:00:00,299.52045,298.91278
Potomje,Suhopolje_2025-03-13_11-08_tf_1h,2021-06-22 22:00:00,298.82608,298.60428
Potomje,Suhopolje_2025-03-13_11-08_tf_1h,2021-06-22 23:00:00,297.98694,297.85233
Potomje,Suhopolje_2025-03-13_11-08_tf_1h,2021-06-23 00:00:00,297.694,297.10175
Potomje,Suhopolje_2025-03-13_11-08_tf_1h,2021-06-23 01:00:00,297.25687,297.02905
Potomje,Suhopolje_2025-03-13_11-08_tf_1h,2021-06-23 02:00:00,296.92682,296.55392
Potomje,Suhopolje_2025-03-13_11-08_tf_1h,2021-06-23 03:00:00,296.5891,296.28064
Potomje,Suhopolje_2025-03-13_11-08_tf_1h,2021-06-23 04:00:00,296.0123,295.97867
Potomje,Suhopolje_2025-03-13_11-08_tf_1h,2021-06-23 05:00:00,295.6273,295.4292
Potomje,Suhopolje_2025-03-13_11-08_tf_1h,2021-06-23 06:00:00,296.8843,295.26178
Potomje,Suhopolje_2025-03-13_11-08_tf_1h,2021-06-23 07:00:00,299.5655,297.72375
Potomje,Suhopolje_2025-03-13_11-08_tf_1h,2021-06-23 08:00:00,301.91037,300.5218
Potomje,Suhopolje_2025-03-13_11-08_tf_1h,2021-06-23 09:00:00,303.27646,303.05637
Potomje,Suhopolje_2025-03-13_11-08_tf_1h,2021-06-23 10:00:00,303.95584,303.95285
Potomje,Suhopolje_2025-03-13_11-08_tf_1h,2021-06-23 11:00:00,304.16632,304.14728
Potomje,Suhopolje_2025-03-13_11-08_tf_1h,2021-06-23 12:00:00,303.8598,303.93423
Potomje,Suhopolje_2025-03-13_11-08_tf_1h,2021-06-23 13:00:00,303.47592,303.13678
Potomje,Suhopolje_2025-03-13_11-08_tf_1h,2021-06-23 14:00:00,303.6969,302.52765
Potomje,Suhopolje_2025-03-13_11-08_tf_1h,2021-06-23 15:00:00,304.50967,302.91956
Potomje,Suhopolje_2025-03-13_11-08_tf_1h,2021-06-23 16:00:00,304.9247,303.90515
Potomje,Suhopolje_2025-03-13_11-08_tf_1h,2021-06-23 17:00:00,304.22156,303.98572
Potomje,Suhopolje_2025-03-13_11-08_tf_1h,2021-06-23 18:00:00,302.54102,302.7913
Potomje,Suhopolje_2025-03-13_11-08_tf_1h,2021-06-23 19:00:00,301.37805,300.90634
Potomje,Suhopolje_2025-03-13_11-08_tf_1h,2021-06-23 20:00:00,300.0267,300.18625
Potomje,Suhopolje_2025-03-13_11-08_tf_1h,2021-06-23 21:00:00,299.183,298.74442
Potomje,Suhopolje_2025-03-13_11-08_tf_1h,2021-06-23 22:00:00,299.30032,298.2936
Potomje,Suhopolje_2025-03-13_11-08_tf_1h,2021-06-23 23:00:00,299.55783,298.63144
Potomje,Suhopolje_2025-03-13_11-08_tf_1h,2021-06-24 00:00:00,299.34113,298.7563
Potomje,Suhopolje_2025-03-13_11-08_tf_1h,2021-06-24 01:00:00,298.82776,298.39728
Potomje,Suhopolje_2025-03-13_11-08_tf_1h,2021-06-24 02:00:00,298.56967,297.9106
Potomje,Suhopolje_2025-03-13_11-08_tf_1h,2021-06-24 03:00:00,298.27817,297.79465
Potomje,Suhopolje_2025-03-13_11-08_tf_1h,2021-06-24 04:00:00,298.02094,297.54276
Potomje,Suhopolje_2025-03-13_11-08_tf_1h,2021-06-24 05:00:00,297.8478,297.4313
Potomje,Suhopolje_2025-03-13_11-08_tf_1h,2021-06-24 06:00:00,298.87875,297.47104
Potomje,Suhopolje_2025-03-13_11-08_tf_1h,2021-06-24 07:00:00,301.43613,299.46698
Potomje,Suhopolje_2025-03-13_11-08_tf_1h,2021-06-24 08:00:00,304.10315,302.22665
Potomje,Suhopolje_2025-03-13_11-08_tf_1h,2021-06-24 09:00:00,305.05307,305.22556
Potomje,Suhopolje_2025-03-13_11-08_tf_1h,2021-06-24 10:00:00,305.34912,305.30942
Potomje,Suhopolje_2025-03-13_11-08_tf_1h,2021-06-24 11:00:00,305.32162,305.15048
Potomje,Suhopolje_2025-03-13_11-08_tf_1h,2021-06-24 12:00:00,304.3125,304.8022
Potomje,Suhopolje_2025-03-13_11-08_tf_1h,2021-06-24 13:00:00,304.02695,303.1315
Potomje,Suhopolje_2025-03-13_11-08_tf_1h,2021-06-24 14:00:00,304.47568,303.05447
Potomje,Suhopolje_2025-03-13_11-08_tf_1h,2021-06-24 15:00:00,304.41818,303.5787
Potomje,Suhopolje_2025-03-13_11-08_tf_1h,2021-06-24 16:00:00,304.09436,303.18967
Potomje,Suhopolje_2025-03-13_11-08_tf_1h,2021-06-24 17:00:00,303.24133,302.80164
Potomje,Suhopolje_2025-03-13_11-08_tf_1h,2021-06-24 18:00:00,302.5926,301.85117
Potomje,Suhopolje_2025-03-13_11-08_tf_1h,2021-06-24 19:00:00,302.13477,301.4684
Potomje,Suhopolje_2025-03-13_11-08_tf_1h,2021-06-24 20:00:00,301.36133,301.06476
Potomje,Suhopolje_2025-03-13_11-08_tf_1h,2021-06-24 21:00:00,300.67688,300.20685
Potomje,Suhopolje_2025-03-13_11-08_tf_1h,2021-06-24 22:00:00,300.36328,299.68365
Potomje,Suhopolje_2025-03-13_11-08_tf_1h,2021-06-24 23:00:00,300.19357,299.4921
Potomje,Suhopolje_2025-03-13_11-08_tf_1h,2021-06-25 00:00:00,299.88788,299.33234
Potomje,Suhopolje_2025-03-13_11-08_tf_1h,2021-06-25 01:00:00,299.44565,299.00797
Potomje,Suhopolje_2025-03-13_11-08_tf_1h,2021-06-25 02:00:00,299.1527,298.60086
Potomje,Suhopolje_2025-03-13_11-08_tf_1h,2021-06-25 03:00:00,298.79718,298.41122
Potomje,Suhopolje_2025-03-13_11-08_tf_1h,2021-06-25 04:00:00,298.3184,298.10684
Potomje,Suhopolje_2025-03-13_11-08_tf_1h,2021-06-25 05:00:00,297.91525,297.71896
Potomje,Suhopolje_2025-03-13_11-08_tf_1h,2021-06-25 06:00:00,298.85977,297.5849
Potomje,Suhopolje_2025-03-13_11-08_tf_1h,2021-06-25 07:00:00,300.5698,299.4208
Potomje,Suhopolje_2025-03-13_11-08_tf_1h,2021-06-25 08:00:00,301.51205,300.96918
Potomje,Suhopolje_2025-03-13_11-08_tf_1h,2021-06-25 09:00:00,303.05124,301.62738
Potomje,Suhopolje_2025-03-13_11-08_tf_1h,2021-06-25 10:00:00,303.86942,303.29608
Potomje,Suhopolje_2025-03-13_11-08_tf_1h,2021-06-25 11:00:00,303.85922,303.72577
Potomje,Suhopolje_2025-03-13_11-08_tf_1h,2021-06-25 12:00:00,303.0804,303.2801
Potomje,Suhopolje_2025-03-13_11-08_tf_1h,2021-06-25 13:00:00,302.6637,302.0684
Potomje,Suhopolje_2025-03-13_11-08_tf_1h,2021-06-25 14:00:00,302.39597,301.67456
Potomje,Suhopolje_2025-03-13_11-08_tf_1h,2021-06-25 15:00:00,302.36536,301.32745
Potomje,Suhopolje_2025-03-13_11-08_tf_1h,2021-06-25 16:00:00,302.12314,301.31036
Potomje,Suhopolje_2025-03-13_11-08_tf_1h,2021-06-25 17:00:00,301.82114,300.9975
Potomje,Suhopolje_2025-03-13_11-08_tf_1h,2021-06-25 18:00:00,301.85144,300.76758
Potomje,Suhopolje_2025-03-13_11-08_tf_1h,2021-06-25 19:00:00,301.72397,300.90106
Potomje,Suhopolje_2025-03-13_11-08_tf_1h,2021-06-25 20:00:00,300.56015,300.65775
Potomje,Suhopolje_2025-03-13_11-08_tf_1h,2021-06-25 21:00:00,299.73038,299.24847
Potomje,Suhopolje_2025-03-13_11-08_tf_1h,2021-06-25 22:00:00,299.48105,298.80576
Potomje,Suhopolje_2025-03-13_11-08_tf_1h,2021-06-25 23:00:00,299.0663,298.70343
Potomje,Suhopolje_2025-03-13_11-08_tf_1h,2021-06-26 00:00:00,298.68158,298.21112
Potomje,Suhopolje_2025-03-13_11-08_tf_1h,2021-06-26 01:00:00,296.68005,297.91367
Potomje,Suhopolje_2025-03-13_11-08_tf_1h,2021-06-26 02:00:00,296.27237,295.6934
Potomje,Suhopolje_2025-03-13_11-08_tf_1h,2021-06-26 03:00:00,295.7239,295.8737
Potomje,Suhopolje_2025-03-13_11-08_tf_1h,2021-06-26 04:00:00,295.37772,295.24225
Potomje,Suhopolje_2025-03-13_11-08_tf_1h,2021-06-26 05:00:00,295.26523,294.9423
Potomje,Suhopolje_2025-03-13_11-08_tf_1h,2021-06-26 06:00:00,297.34808,294.99106
Potomje,Suhopolje_2025-03-13_11-08_tf_1h,2021-06-26 07:00:00,299.63773,298.76352
Potomje,Suhopolje_2025-03-13_11-08_tf_1h,2021-06-26 08:00:00,301.5016,300.3849
Potomje,Suhopolje_2025-03-13_11-08_tf_1h,2021-06-26 09:00:00,302.16223,302.3698
Potomje,Suhopolje_2025-03-13_11-08_tf_1h,2021-06-26 10:00:00,303.00565,302.35196
Potomje,Suhopolje_2025-03-13_11-08_tf_1h,2021-06-26 11:00:00,303.40424,303.12927
Potomje,Suhopolje_2025-03-13_11-08_tf_1h,2021-06-26 12:00:00,303.88217,303.22214
Potomje,Suhopolje_2025-03-13_11-08_tf_1h,2021-06-26 13:00:00,303.88754,303.6504
Potomje,Suhopolje_2025-03-13_11-08_tf_1h,2021-06-26 14:00:00,303.7989,303.24545
Potomje,Suhopolje_2025-03-13_11-08_tf_1h,2021-06-26 15:00:00,303.24927,302.9586
Potomje,Suhopolje_2025-03-13_11-08_tf_1h,2021-06-26 16:00:00,302.59314,302.06906
Potomje,Suhopolje_2025-03-13_11-08_tf_1h,2021-06-26 17:00:00,301.88885,301.35248
Potomje,Suhopolje_2025-03-13_11-08_tf_1h,2021-06-26 18:00:00,301.04773,300.61206
Potomje,Suhopolje_2025-03-13_11-08_tf_1h,2021-06-26 19:00:00,300.09952,299.76743
Potomje,Suhopolje_2025-03-13_11-08_tf_1h,2021-06-26 20:00:00,299.12778,298.91492
Potomje,Suhopolje_2025-03-13_11-08_tf_1h,2021-06-26 21:00:00,298.6507,298.05206
Potomje,Suhopolje_2025-03-13_11-08_tf_1h,2021-06-26 22:00:00,298.2637,297.80222
Potomje,Suhopolje_2025-03-13_11-08_tf_1h,2021-06-26 23:00:00,297.94528,297.4099
Potomje,Suhopolje_2025-03-13_11-08_tf_1h,2021-06-27 00:00:00,297.4407,297.12537
Potomje,Suhopolje_2025-03-13_11-08_tf_1h,2021-06-27 01:00:00,296.7523,296.64572
Potomje,Suhopolje_2025-03-13_11-08_tf_1h,2021-06-27 02:00:00,296.07462,295.9939
Potomje,Suhopolje_2025-03-13_11-08_tf_1h,2021-06-27 03:00:00,295.2219,295.4007
Potomje,Suhopolje_2025-03-13_11-08_tf_1h,2021-06-27 04:00:00,294.27765,294.61896
Potomje,Suhopolje_2025-03-13_11-08_tf_1h,2021-06-27 05:00:00,294.1547,293.78168
Potomje,Suhopolje_2025-03-13_11-08_tf_1h,2021-06-27 06:00:00,295.90182,294.3172
Potomje,Suhopolje_2025-03-13_11-08_tf_1h,2021-06-27 07:00:00,298.16937,297.47144
Potomje,Suhopolje_2025-03-13_11-08_tf_1h,2021-06-27 08:00:00,299.97995,299.28082
Potomje,Suhopolje_2025-03-13_11-08_tf_1h,2021-06-27 09:00:00,301.22223,301.1557
Potomje,Suhopolje_2025-03-13_11-08_tf_1h,2021-06-27 10:00:00,301.99026,301.94302
Potomje,Suhopolje_2025-03-13_11-08_tf_1h,2021-06-27 11:00:00,302.38348,302.3085
Potomje,Suhopolje_2025-03-13_11-08_tf_1h,2021-06-27 12:00:00,302.79144,302.30682
Potomje,Suhopolje_2025-03-13_11-08_tf_1h,2021-06-27 13:00:00,302.72998,302.54282
Potomje,Suhopolje_2025-03-13_11-08_tf_1h,2021-06-27 14:00:00,302.5107,302.0431
Potomje,Suhopolje_2025-03-13_11-08_tf_1h,2021-06-27 15:00:00,302.2937,301.60342
Potomje,Suhopolje_2025-03-13_11-08_tf_1h,2021-06-27 16:00:00,301.69962,301.24677
Potomje,Suhopolje_2025-03-13_11-08_tf_1h,2021-06-27 17:00:00,301.43445,300.45343
Potomje,Suhopolje_2025-03-13_11-08_tf_1h,2021-06-27 18:00:00,300.95737,300.30273
Potomje,Suhopolje_2025-03-13_11-08_tf_1h,2021-06-27 19:00:00,300.33267,299.76755
Potomje,Suhopolje_2025-03-13_11-08_tf_1h,2021-06-27 20:00:00,299.64877,299.18176
Potomje,Suhopolje_2025-03-13_11-08_tf_1h,2021-06-27 21:00:00,298.8578,298.5617
Potomje,Suhopolje_2025-03-13_11-08_tf_1h,2021-06-27 22:00:00,297.89682,297.8092
Potomje,Suhopolje_2025-03-13_11-08_tf_1h,2021-06-27 23:00:00,297.55432,296.8997
Potomje,Suhopolje_2025-03-13_11-08_tf_1h,2021-06-28 00:00:00,297.8787,296.8183
Potomje,Suhopolje_2025-03-13_11-08_tf_1h,2021-06-28 01:00:00,297.43817,297.3027
Potomje,Suhopolje_2025-03-13_11-08_tf_1h,2021-06-28 02:00:00,296.87015,296.5531
Potomje,Suhopolje_2025-03-13_11-08_tf_1h,2021-06-28 03:00:00,296.34433,296.05893
Potomje,Suhopolje_2025-03-13_11-08_tf_1h,2021-06-28 04:00:00,295.31537,295.65625
Potomje,Suhopolje_2025-03-13_11-08_tf_1h,2021-06-28 05:00:00,294.75443,294.6578
Potomje,Suhopolje_2025-03-13_11-08_tf_1h,2021-06-28 06:00:00,295.63098,294.42288
Potomje,Suhopolje_2025-03-13_11-08_tf_1h,2021-06-28 07:00:00,298.1535,296.3836
Potomje,Suhopolje_2025-03-13_11-08_tf_1h,2021-06-28 08:00:00,300.18848,299.38644
Potomje,Suhopolje_2025-03-13_11-08_tf_1h,2021-06-28 09:00:00,301.8098,301.27582
Potomje,Suhopolje_2025-03-13_11-08_tf_1h,2021-06-28 10:00:00,302.9042,302.6171
Potomje,Suhopolje_2025-03-13_11-08_tf_1h,2021-06-28 11:00:00,303.28186,303.31985
Potomje,Suhopolje_2025-03-13_11-08_tf_1h,2021-06-28 12:00:00,303.29007,303.16428
Potomje,Suhopolje_2025-03-13_11-08_tf_1h,2021-06-28 13:00:00,302.98154,302.81573
Potomje,Suhopolje_2025-03-13_11-08_tf_1h,2021-06-28 14:00:00,302.68976,302.15045
Potomje,Suhopolje_2025-03-13_11-08_tf_1h,2021-06-28 15:00:00,302.5294,301.70575
Potomje,Suhopolje_2025-03-13_11-08_tf_1h,2021-06-28 16:00:00,302.48547,301.4777
Potomje,Suhopolje_2025-03-13_11-08_tf_1h,2021-06-28 17:00:00,302.16733,301.3915
Potomje,Suhopolje_2025-03-13_11-08_tf_1h,2021-06-28 18:00:00,301.4486,300.95096
Potomje,Suhopolje_2025-03-13_11-08_tf_1h,2021-06-28 19:00:00,300.82108,300.17862
Potomje,Suhopolje_2025-03-13_11-08_tf_1h,2021-06-28 20:00:00,300.3783,299.69803
Potomje,Suhopolje_2025-03-13_11-08_tf_1h,2021-06-28 21:00:00,300.21793,299.3517
Potomje,Suhopolje_2025-03-13_11-08_tf_1h,2021-06-28 22:00:00,299.8913,299.29034
Potomje,Suhopolje_2025-03-13_11-08_tf_1h,2021-06-28 23:00:00,299.53403,298.87967
Potomje,Suhopolje_2025-03-13_11-08_tf_1h,2021-06-29 00:00:00,298.9442,298.56604
Potomje,Suhopolje_2025-03-13_11-08_tf_1h,2021-06-29 01:00:00,298.3623,297.96198
Potomje,Suhopolje_2025-03-13_11-08_tf_1h,2021-06-29 02:00:00,297.88324,297.47784
Potomje,Suhopolje_2025-03-13_11-08_tf_1h,2021-06-29 03:00:00,297.6036,297.08148
Potomje,Suhopolje_2025-03-13_11-08_tf_1h,2021-06-29 04:00:00,297.3475,296.8948
Potomje,Suhopolje_2025-03-13_11-08_tf_1h,2021-06-29 05:00:00,297.18347,296.7354
Potomje,Suhopolje_2025-03-13_11-08_tf_1h,2021-06-29 06:00:00,298.23566,296.6829
Potomje,Suhopolje_2025-03-13_11-08_tf_1h,2021-06-29 07:00:00,300.54572,298.56244
Potomje,Suhopolje_2025-03-13_11-08_tf_1h,2021-06-29 08:00:00,302.12372,301.175
Potomje,Suhopolje_2025-03-13_11-08_tf_1h,2021-06-29 09:00:00,302.95605,302.6559
Potomje,Suhopolje_2025-03-13_11-08_tf_1h,2021-06-29 10:00:00,303.3218,303.00116
Potomje,Suhopolje_2025-03-13_11-08_tf_1h,2021-06-29 11:00:00,303.55212,303.0146
Potomje,Suhopolje_2025-03-13_11-08_tf_1h,2021-06-29 12:00:00,303.71814,303.052
Potomje,Suhopolje_2025-03-13_11-08_tf_1h,2021-06-29 13:00:00,303.836,303.055
Potomje,Suhopolje_2025-03-13_11-08_tf_1h,2021-06-29 14:00:00,303.93854,303.02365
Potomje,Suhopolje_2025-03-13_11-08_tf_1h,2021-06-29 15:00:00,303.9329,302.9967
Potomje,Suhopolje_2025-03-13_11-08_tf_1h,2021-06-29 16:00:00,303.49716,302.84207
Potomje,Suhopolje_2025-03-13_11-08_tf_1h,2021-06-29 17:00:00,302.74103,302.2273
Potomje,Suhopolje_2025-03-13_11-08_tf_1h,2021-06-29 18:00:00,302.06366,301.44598
Potomje,Suhopolje_2025-03-13_11-08_tf_1h,2021-06-29 19:00:00,301.49902,300.9225
Potomje,Suhopolje_2025-03-13_11-08_tf_1h,2021-06-29 20:00:00,300.37515,300.40552
Potomje,Suhopolje_2025-03-13_11-08_tf_1h,2021-06-29 21:00:00,299.9933,299.1314
Potomje,Suhopolje_2025-03-13_11-08_tf_1h,2021-06-29 22:00:00,299.7315,299.18573
Potomje,Suhopolje_2025-03-13_11-08_tf_1h,2021-06-29 23:00:00,299.53235,298.83255
Potomje,Suhopolje_2025-03-13_11-08_tf_1h,2021-06-30 00:00:00,299.353,298.67606
Potomje,Suhopolje_2025-03-13_11-08_tf_1h,2021-06-30 01:00:00,299.10712,298.5223
Potomje,Suhopolje_2025-03-13_11-08_tf_1h,2021-06-30 02:00:00,298.8949,298.28885
Potomje,Suhopolje_2025-03-13_11-08_tf_1h,2021-06-30 03:00:00,298.79944,298.13113
Potomje,Suhopolje_2025-03-13_11-08_tf_1h,2021-06-30 04:00:00,298.69348,298.1155
Potomje,Suhopolje_2025-03-13_11-08_tf_1h,2021-06-30 05:00:00,298.6405,298.0705
Potomje,Suhopolje_2025-03-13_11-08_tf_1h,2021-06-30 06:00:00,299.24677,298.17307
Potomje,Suhopolje_2025-03-13_11-08_tf_1h,2021-06-30 07:00:00,300.17657,299.3006
Potomje,Suhopolje_2025-03-13_11-08_tf_1h,2021-06-30 08:00:00,301.3806,300.23715
Potomje,Suhopolje_2025-03-13_11-08_tf_1h,2021-06-30 09:00:00,302.29425,301.64557
Potomje,Suhopolje_2025-03-13_11-08_tf_1h,2021-06-30 10:00:00,302.89853,302.35126
Potomje,Suhopolje_2025-03-13_11-08_tf_1h,2021-06-30 11:00:00,303.317,302.69485
Potomje,Suhopolje_2025-03-13_11-08_tf_1h,2021-06-30 12:00:00,303.6493,302.8981
Potomje,Suhopolje_2025-03-13_11-08_tf_1h,2021-06-30 13:00:00,303.5748,303.0513
Potomje,Suhopolje_2025-03-13_11-08_tf_1h,2021-06-30 14:00:00,303.0875,302.61243
Potomje,Suhopolje_2025-03-13_11-08_tf_1h,2021-06-30 15:00:00,303.06995,301.90363
Potomje,Suhopolje_2025-03-13_11-08_tf_1h,2021-06-30 16:00:00,302.78693,302.01135
Potomje,Suhopolje_2025-03-13_11-08_tf_1h,2021-06-30 17:00:00,302.19623,301.57492
Potomje,Suhopolje_2025-03-13_11-08_tf_1h,2021-06-30 18:00:00,302.39767,301.02695
Potomje,Suhopolje_2025-03-13_11-08_tf_1h,2021-06-30 19:00:00,301.99084,301.5589
Potomje,Suhopolje_2025-03-13_11-08_tf_1h,2021-06-30 20:00:00,300.025,300.75397
Potomje,Suhopolje_2025-03-13_11-08_tf_1h,2021-06-30 21:00:00,298.96884,298.53787
Potomje,Suhopolje_2025-03-13_11-08_tf_1h,2021-06-30 22:00:00,298.49744,298.1798
Potomje,Suhopolje_2025-03-13_11-08_tf_1h,2021-06-30 23:00:00,298.247,297.79285
Potomje,Suhopolje_2025-03-13_11-08_tf_1h,2021-07-01 00:00:00,297.98834,297.57462
Potomje,Suhopolje_2025-03-13_11-08_tf_1h,2021-07-01 01:00:00,297.73163,297.32474
Potomje,Suhopolje_2025-03-13_11-08_tf_1h,2021-07-01 02:00:00,297.47015,297.08597
Potomje,Suhopolje_2025-03-13_11-08_tf_1h,2021-07-01 03:00:00,297.182,296.84412
Potomje,Suhopolje_2025-03-13_11-08_tf_1h,2021-07-01 04:00:00,296.79425,296.58096
Potomje,Suhopolje_2025-03-13_11-08_tf_1h,2021-07-01 05:00:00,296.12427,296.23184
Potomje,Suhopolje_2025-03-13_11-08_tf_1h,2021-07-01 06:00:00,297.50742,295.64972
Potomje,Suhopolje_2025-03-13_11-08_tf_1h,2021-07-01 07:00:00,298.88263,298.56125
Potomje,Suhopolje_2025-03-13_11-08_tf_1h,2021-07-01 08:00:00,299.8968,299.29395
Potomje,Suhopolje_2025-03-13_11-08_tf_1h,2021-07-01 09:00:00,300.90726,300.48978
Potomje,Suhopolje_2025-03-13_11-08_tf_1h,2021-07-01 10:00:00,301.80228,301.3308
Potomje,Suhopolje_2025-03-13_11-08_tf_1h,2021-07-01 11:00:00,302.37595,302.01007
Potomje,Suhopolje_2025-03-13_11-08_tf_1h,2021-07-01 12:00:00,302.5346,302.2717
Potomje,Suhopolje_2025-03-13_11-08_tf_1h,2021-07-01 13:00:00,301.98456,302.08966
Potomje,Suhopolje_2025-03-13_11-08_tf_1h,2021-07-01 14:00:00,301.73407,301.05695
Potomje,Suhopolje_2025-03-13_11-08_tf_1h,2021-07-01 15:00:00,301.4897,300.79584
Potomje,Suhopolje_2025-03-13_11-08_tf_1h,2021-07-01 16:00:00,301.12027,300.44382
Potomje,Suhopolje_2025-03-13_11-08_tf_1h,2021-07-01 17:00:00,300.7073,299.99527
Potomje,Suhopolje_2025-03-13_11-08_tf_1h,2021-07-01 18:00:00,300.24725,299.56613
Potomje,Suhopolje_2025-03-13_11-08_tf_1h,2021-07-01 19:00:00,299.7125,299.1269
Potomje,Suhopolje_2025-03-13_11-08_tf_1h,2021-07-01 20:00:00,298.70016,298.659
Potomje,Suhopolje_2025-03-13_11-08_tf_1h,2021-07-01 21:00:00,298.02975,297.59204
Potomje,Suhopolje_2025-03-13_11-08_tf_1h,2021-07-01 22:00:00,297.6229,297.18677
Potomje,Suhopolje_2025-03-13_11-08_tf_1h,2021-07-01 23:00:00,297.36182,296.8644
Potomje,Suhopolje_2025-03-13_11-08_tf_1h,2021-07-02 00:00:00,297.07346,296.65097
Potomje,Suhopolje_2025-03-13_11-08_tf_1h,2021-07-02 01:00:00,296.52972,296.38013
Potomje,Suhopolje_2025-03-13_11-08_tf_1h,2021-07-02 02:00:00,296.06134,295.81296
Potomje,Suhopolje_2025-03-13_11-08_tf_1h,2021-07-02 03:00:00,295.81573,295.41864
Potomje,Suhopolje_2025-03-13_11-08_tf_1h,2021-07-02 04:00:00,295.384,295.25806
Potomje,Suhopolje_2025-03-13_11-08_tf_1h,2021-07-02 05:00:00,295.07306,294.83945
Potomje,Suhopolje_2025-03-13_11-08_tf_1h,2021-07-02 06:00:00,295.84506,294.836
Potomje,Suhopolje_2025-03-13_11-08_tf_1h,2021-07-02 07:00:00,297.0315,296.59918
Potomje,Suhopolje_2025-03-13_11-08_tf_1h,2021-07-02 08:00:00,298.46823,297.71475
Potomje,Suhopolje_2025-03-13_11-08_tf_1h,2021-07-02 09:00:00,299.80414,299.23035
Potomje,Suhopolje_2025-03-13_11-08_tf_1h,2021-07-02 10:00:00,300.91583,300.3948
Potomje,Suhopolje_2025-03-13_11-08_tf_1h,2021-07-02 11:00:00,301.70392,301.26508
Potomje,Suhopolje_2025-03-13_11-08_tf_1h,2021-07-02 12:00:00,301.987,301.77338
Potomje,Suhopolje_2025-03-13_11-08_tf_1h,2021-07-02 13:00:00,301.8636,301.68365
Potomje,Suhopolje_2025-03-13_11-08_tf_1h,2021-07-02 14:00:00,301.5842,301.19556
Potomje,Suhopolje_2025-03-13_11-08_tf_1h,2021-07-02 15:00:00,300.51688,300.68253
Potomje,Suhopolje_2025-03-13_11-08_tf_1h,2021-07-02 16:00:00,300.5008,299.25052
Potomje,Suhopolje_2025-03-13_11-08_tf_1h,2021-07-02 17:00:00,300.6798,299.58072
Potomje,Suhopolje_2025-03-13_11-08_tf_1h,2021-07-02 18:00:00,300.0811,299.65573
Potomje,Suhopolje_2025-03-13_11-08_tf_1h,2021-07-02 19:00:00,299.40375,298.83575
Potomje,Suhopolje_2025-03-13_11-08_tf_1h,2021-07-02 20:00:00,299.57074,298.31744
Potomje,Suhopolje_2025-03-13_11-08_tf_1h,2021-07-02 21:00:00,299.16083,298.79376
Potomje,Suhopolje_2025-03-13_11-08_tf_1h,2021-07-02 22:00:00,298.6464,298.05994
Potomje,Suhopolje_2025-03-13_11-08_tf_1h,2021-07-02 23:00:00,298.1208,297.6653
Potomje,Suhopolje_2025-03-13_11-08_tf_1h,2021-07-03 00:00:00,297.73773,297.19513
Potomje,Suhopolje_2025-03-13_11-08_tf_1h,2021-07-03 01:00:00,297.01785,296.906
Potomje,Suhopolje_2025-03-13_11-08_tf_1h,2021-07-03 02:00:00,296.31305,296.17206
Potomje,Suhopolje_2025-03-13_11-08_tf_1h,2021-07-03 03:00:00,295.6801,295.574
Potomje,Suhopolje_2025-03-13_11-08_tf_1h,2021-07-03 04:00:00,295.159,295.02673
Potomje,Suhopolje_2025-03-13_11-08_tf_1h,2021-07-03 05:00:00,294.73315,294.60596
Potomje,Suhopolje_2025-03-13_11-08_tf_1h,2021-07-03 06:00:00,295.31418,294.23398
Potomje,Suhopolje_2025-03-13_11-08_tf_1h,2021-07-03 07:00:00,296.86084,295.55423
Potomje,Suhopolje_2025-03-13_11-08_tf_1h,2021-07-03 08:00:00,298.62747,297.67957
Potomje,Suhopolje_2025-03-13_11-08_tf_1h,2021-07-03 09:00:00,299.71167,299.45242
Potomje,Suhopolje_2025-03-13_11-08_tf_1h,2021-07-03 10:00:00,300.69528,300.19562
Potomje,Suhopolje_2025-03-13_11-08_tf_1h,2021-07-03 11:00:00,301.42188,300.96445
Potomje,Suhopolje_2025-03-13_11-08_tf_1h,2021-07-03 12:00:00,301.7874,301.44824
Potomje,Suhopolje_2025-03-13_11-08_tf_1h,2021-07-03 13:00:00,301.83487,301.51697
Potomje,Suhopolje_2025-03-13_11-08_tf_1h,2021-07-03 14:00:00,301.79556,301.2658
Potomje,Suhopolje_2025-03-13_11-08_tf_1h,2021-07-03 15:00:00,301.21417,301.09964
Potomje,Suhopolje_2025-03-13_11-08_tf_1h,2021-07-03 16:00:00,300.76025,300.14694
Potomje,Suhopolje_2025-03-13_11-08_tf_1h,2021-07-03 17:00:00,300.35968,299.6723
Potomje,Suhopolje_2025-03-13_11-08_tf_1h,2021-07-03 18:00:00,299.79312,299.2467
Potomje,Suhopolje_2025-03-13_11-08_tf_1h,2021-07-03 19:00:00,299.0753,298.65115
Potomje,Suhopolje_2025-03-13_11-08_tf_1h,2021-07-03 20:00:00,298.66208,297.96198
Potomje,Suhopolje_2025-03-13_11-08_tf_1h,2021-07-03 21:00:00,298.28616,297.72382
Potomje,Suhopolje_2025-03-13_11-08_tf_1h,2021-07-03 22:00:00,297.91043,297.34256
Potomje,Suhopolje_2025-03-13_11-08_tf_1h,2021-07-03 23:00:00,296.94904,297.00812
Potomje,Suhopolje_2025-03-13_11-08_tf_1h,2021-07-04 00:00:00,296.10574,295.97177
Potomje,Suhopolje_2025-03-13_11-08_tf_1h,2021-07-04 01:00:00,296.1491,295.3341
Potomje,Suhopolje_2025-03-13_11-08_tf_1h,2021-07-04 02:00:00,296.05664,295.66364
Potomje,Suhopolje_2025-03-13_11-08_tf_1h,2021-07-04 03:00:00,295.44165,295.50183
Potomje,Suhopolje_2025-03-13_11-08_tf_1h,2021-07-04 04:00:00,295.2938,294.69946
Potomje,Suhopolje_2025-03-13_11-08_tf_1h,2021-07-04 05:00:00,295.0602,294.8402
Potomje,Suhopolje_2025-03-13_11-08_tf_1h,2021-07-04 06:00:00,295.95767,294.6601
Potomje,Suhopolje_2025-03-13_11-08_tf_1h,2021-07-04 07:00:00,297.34308,296.67786
Potomje,Suhopolje_2025-03-13_11-08_tf_1h,2021-07-04 08:00:00,298.7295,297.99792
Potomje,Suhopolje_2025-03-13_11-08_tf_1h,2021-07-04 09:00:00,299.19888,299.51437
Potomje,Suhopolje_2025-03-13_11-08_tf_1h,2021-07-04 10:00:00,299.14188,299.4187
Potomje,Suhopolje_2025-03-13_11-08_tf_1h,2021-07-04 11:00:00,299.44266,298.9062
Potomje,Suhopolje_2025-03-13_11-08_tf_1h,2021-07-04 12:00:00,300.56577,299.21747
Potomje,Suhopolje_2025-03-13_11-08_tf_1h,2021-07-04 13:00:00,301.2378,300.57422
Potomje,Suhopolje_2025-03-13_11-08_tf_1h,2021-07-04 14:00:00,301.46484,300.95334
Potomje,Suhopolje_2025-03-13_11-08_tf_1h,2021-07-04 15:00:00,301.4278,300.86783
Potomje,Suhopolje_2025-03-13_11-08_tf_1h,2021-07-04 16:00:00,301.27097,300.581
Potomje,Suhopolje_2025-03-13_11-08_tf_1h,2021-07-04 17:00:00,300.8091,300.23334
Potomje,Suhopolje_2025-03-13_11-08_tf_1h,2021-07-04 18:00:00,300.23566,299.6239
Potomje,Suhopolje_2025-03-13_11-08_tf_1h,2021-07-04 19:00:00,299.5689,299.06436
Potomje,Suhopolje_2025-03-13_11-08_tf_1h,2021-07-04 20:00:00,298.79895,298.4383
Potomje,Suhopolje_2025-03-13_11-08_tf_1h,2021-07-04 21:00:00,298.52972,297.71732
Potomje,Suhopolje_2025-03-13_11-08_tf_1h,2021-07-04 22:00:00,298.42523,297.67377
Potomje,Suhopolje_2025-03-13_11-08_tf_1h,2021-07-04 23:00:00,298.1377,297.56177
Potomje,Suhopolje_2025-03-13_11-08_tf_1h,2021-07-05 00:00:00,297.9923,297.23593
Potomje,Suhopolje_2025-03-13_11-08_tf_1h,2021-07-05 01:00:00,297.5347,297.17065
Potomje,Suhopolje_2025-03-13_11-08_tf_1h,2021-07-05 02:00:00,296.86942,296.6611
Potomje,Suhopolje_2025-03-13_11-08_tf_1h,2021-07-05 03:00:00,296.21103,296.05298
Potomje,Suhopolje_2025-03-13_11-08_tf_1h,2021-07-05 04:00:00,295.3596,295.49063
Potomje,Suhopolje_2025-03-13_11-08_tf_1h,2021-07-05 05:00:00,294.5061,294.71335
Potomje,Suhopolje_2025-03-13_11-08_tf_1h,2021-07-05 06:00:00,294.5723,293.95508
Potomje,Suhopolje_2025-03-13_11-08_tf_1h,2021-07-05 07:00:00,295.628,294.36774
Potomje,Suhopolje_2025-03-13_11-08_tf_1h,2021-07-05 08:00:00,297.84467,295.92993
Potomje,Suhopolje_2025-03-13_11-08_tf_1h,2021-07-05 09:00:00,297.89435,298.64688
Potomje,Suhopolje_2025-03-13_11-08_tf_1h,2021-07-05 10:00:00,298.91196,298.03683
Potomje,Suhopolje_2025-03-13_11-08_tf_1h,2021-07-05 11:00:00,299.8361,299.3424
Potomje,Suhopolje_2025-03-13_11-08_tf_1h,2021-07-05 12:00:00,300.1275,300.0844
Potomje,Suhopolje_2025-03-13_11-08_tf_1h,2021-07-05 13:00:00,300.11346,299.92752
Potomje,Suhopolje_2025-03-13_11-08_tf_1h,2021-07-05 14:00:00,299.72897,299.64346
Potomje,Suhopolje_2025-03-13_11-08_tf_1h,2021-07-05 15:00:00,299.63593,298.93106
Potomje,Suhopolje_2025-03-13_11-08_tf_1h,2021-07-05 16:00:00,299.4736,298.8401
Potomje,Suhopolje_2025-03-13_11-08_tf_1h,2021-07-05 17:00:00,299.1054,298.54062
Potomje,Suhopolje_2025-03-13_11-08_tf_1h,2021-07-05 18:00:00,298.59897,298.0493
Potomje,Suhopolje_2025-03-13_11-08_tf_1h,2021-07-05 19:00:00,298.05807,297.50592
Potomje,Suhopolje_2025-03-13_11-08_tf_1h,2021-07-05 20:00:00,298.29715,297.05695
Potomje,Suhopolje_2025-03-13_11-08_tf_1h,2021-07-05 21:00:00,298.08087,297.5743
Potomje,Suhopolje_2025-03-13_11-08_tf_1h,2021-07-05 22:00:00,297.9153,297.0753
Potomje,Suhopolje_2025-03-13_11-08_tf_1h,2021-07-05 23:00:00,297.71576,297.00693
Potomje,Suhopolje_2025-03-13_11-08_tf_1h,2021-07-06 00:00:00,297.32333,296.81274
Potomje,Suhopolje_2025-03-13_11-08_tf_1h,2021-07-06 01:00:00,296.82767,296.413
Potomje,Suhopolje_2025-03-13_11-08_tf_1h,2021-07-06 02:00:00,296.38065,295.97885
Potomje,Suhopolje_2025-03-13_11-08_tf_1h,2021-07-06 03:00:00,296.0039,295.61636
Potomje,Suhopolje_2025-03-13_11-08_tf_1h,2021-07-06 04:00:00,295.62106,295.33743
Potomje,Suhopolje_2025-03-13_11-08_tf_1h,2021-07-06 05:00:00,295.3728,294.99933
Potomje,Suhopolje_2025-03-13_11-08_tf_1h,2021-07-06 06:00:00,296.25156,294.8561
Potomje,Suhopolje_2025-03-13_11-08_tf_1h,2021-07-06 07:00:00,298.12466,296.42203
Potomje,Suhopolje_2025-03-13_11-08_tf_1h,2021-07-06 08:00:00,300.1255,298.50638
Potomje,Suhopolje_2025-03-13_11-08_tf_1h,2021-07-06 09:00:00,301.43063,300.7569
Potomje,Suhopolje_2025-03-13_11-08_tf_1h,2021-07-06 10:00:00,302.15012,301.7504
Potomje,Suhopolje_2025-03-13_11-08_tf_1h,2021-07-06 11:00:00,302.53378,302.07953
Potomje,Suhopolje_2025-03-13_11-08_tf_1h,2021-07-06 12:00:00,302.9028,302.15475
Potomje,Suhopolje_2025-03-13_11-08_tf_1h,2021-07-06 13:00:00,302.46497,302.37845
Potomje,Suhopolje_2025-03-13_11-08_tf_1h,2021-07-06 14:00:00,302.13748,301.41034
Potomje,Suhopolje_2025-03-13_11-08_tf_1h,2021-07-06 15:00:00,301.98578,301.05154
Potomje,Suhopolje_2025-03-13_11-08_tf_1h,2021-07-06 16:00:00,301.86703,300.88736
Potomje,Suhopolje_2025-03-13_11-08_tf_1h,2021-07-06 17:00:00,301.52716,300.76794
Potomje,Suhopolje_2025-03-13_11-08_tf_1h,2021-07-06 18:00:00,301.10257,300.40778
Potomje,Suhopolje_2025-03-13_11-08_tf_1h,2021-07-06 19:00:00,300.47495,300.0158
Potomje,Suhopolje_2025-03-13_11-08_tf_1h,2021-07-06 20:00:00,299.79495,299.32672
Potomje,Suhopolje_2025-03-13_11-08_tf_1h,2021-07-06 21:00:00,299.30643,298.73337
Potomje,Suhopolje_2025-03-13_11-08_tf_1h,2021-07-06 22:00:00,298.7759,298.35336
Potomje,Suhopolje_2025-03-13_11-08_tf_1h,2021-07-06 23:00:00,297.73917,297.82108
Potomje,Suhopolje_2025-03-13_11-08_tf_1h,2021-07-07 00:00:00,297.35815,296.74146
Potomje,Suhopolje_2025-03-13_11-08_tf_1h,2021-07-07 01:00:00,296.9415,296.6665
Potomje,Suhopolje_2025-03-13_11-08_tf_1h,2021-07-07 02:00:00,296.71524,296.24274
Potomje,Suhopolje_2025-03-13_11-08_tf_1h,2021-07-07 03:00:00,295.7518,296.0681
Potomje,Suhopolje_2025-03-13_11-08_tf_1h,2021-07-07 04:00:00,295.06552,294.98865
Potomje,Suhopolje_2025-03-13_11-08_tf_1h,2021-07-07 05:00:00,295.08997,294.54486
Potomje,Suhopolje_2025-03-13_11-08_tf_1h,2021-07-07 06:00:00,297.02744,294.89883
Potomje,Suhopolje_2025-03-13_11-08_tf_1h,2021-07-07 07:00:00,299.25204,298.34714
Potomje,Suhopolje_2025-03-13_11-08_tf_1h,2021-07-07 08:00:00,301.03555,300.01144
Potomje,Suhopolje_2025-03-13_11-08_tf_1h,2021-07-07 09:00:00,302.38776,301.96506
Potomje,Suhopolje_2025-03-13_11-08_tf_1h,2021-07-07 10:00:00,303.2989,302.99673
Potomje,Suhopolje_2025-03-13_11-08_tf_1h,2021-07-07 11:00:00,303.82245,303.5268
Potomje,Suhopolje_2025-03-13_11-08_tf_1h,2021-07-07 12:00:00,304.20428,303.7119
Potomje,Suhopolje_2025-03-13_11-08_tf_1h,2021-07-07 13:00:00,304.2507,303.8985
Potomje,Suhopolje_2025-03-13_11-08_tf_1h,2021-07-07 14:00:00,304.17517,303.58826
Potomje,Suhopolje_2025-03-13_11-08_tf_1h,2021-07-07 15:00:00,304.05072,303.28516
Potomje,Suhopolje_2025-03-13_11-08_tf_1h,2021-07-07 16:00:00,303.78354,302.97235
Potomje,Suhopolje_2025-03-13_11-08_tf_1h,2021-07-07 17:00:00,303.47604,302.56522
Potomje,Suhopolje_2025-03-13_11-08_tf_1h,2021-07-07 18:00:00,303.00888,302.22803
Potomje,Suhopolje_2025-03-13_11-08_tf_1h,2021-07-07 19:00:00,302.39346,301.7192
Potomje,Suhopolje_2025-03-13_11-08_tf_1h,2021-07-07 20:00:00,301.78397,301.1907
Potomje,Suhopolje_2025-03-13_11-08_tf_1h,2021-07-07 21:00:00,300.9368,300.60825
Potomje,Suhopolje_2025-03-13_11-08_tf_1h,2021-07-07 22:00:00,300.1206,299.73813
Potomje,Suhopolje_2025-03-13_11-08_tf_1h,2021-07-07 23:00:00,300.46902,299.06915
Potomje,Suhopolje_2025-03-13_11-08_tf_1h,2021-07-08 00:00:00,298.51364,299.7837
Potomje,Suhopolje_2025-03-13_11-08_tf_1h,2021-07-08 01:00:00,297.774,297.0751
Potomje,Suhopolje_2025-03-13_11-08_tf_1h,2021-07-08 02:00:00,299.04352,297.1038
Potomje,Suhopolje_2025-03-13_11-08_tf_1h,2021-07-08 03:00:00,298.53867,298.93994
Potomje,Suhopolje_2025-03-13_11-08_tf_1h,2021-07-08 04:00:00,297.0826,297.54465
Potomje,Suhopolje_2025-03-13_11-08_tf_1h,2021-07-08 05:00:00,295.70557,296.2489
Potomje,Suhopolje_2025-03-13_11-08_tf_1h,2021-07-08 06:00:00,297.81107,295.1804
Potomje,Suhopolje_2025-03-13_11-08_tf_1h,2021-07-08 07:00:00,300.6853,298.76093
Potomje,Suhopolje_2025-03-13_11-08_tf_1h,2021-07-08 08:00:00,302.79892,301.21893
Potomje,Suhopolje_2025-03-13_11-08_tf_1h,2021-07-08 09:00:00,304.6189,303.67297
Potomje,Suhopolje_2025-03-13_11-08_tf_1h,2021-07-08 10:00:00,305.7628,305.36
Potomje,Suhopolje_2025-03-13_11-08_tf_1h,2021-07-08 11:00:00,305.92813,306.06808
Potomje,Suhopolje_2025-03-13_11-08_tf_1h,2021-07-08 12:00:00,305.7862,305.5623
Potomje,Suhopolje_2025-03-13_11-08_tf_1h,2021-07-08 13:00:00,305.76035,305.10712
Potomje,Suhopolje_2025-03-13_11-08_tf_1h,2021-07-08 14:00:00,305.77887,304.96094
Potomje,Suhopolje_2025-03-13_11-08_tf_1h,2021-07-08 15:00:00,305.51413,304.80368
Potomje,Suhopolje_2025-03-13_11-08_tf_1h,2021-07-08 16:00:00,305.4563,304.28455
Potomje,Suhopolje_2025-03-13_11-08_tf_1h,2021-07-08 17:00:00,305.22272,304.2695
Potomje,Suhopolje_2025-03-13_11-08_tf_1h,2021-07-08 18:00:00,304.71603,303.9009
Potomje,Suhopolje_2025-03-13_11-08_tf_1h,2021-07-08 19:00:00,304.13992,303.34338
Potomje,Suhopolje_2025-03-13_11-08_tf_1h,2021-07-08 20:00:00,303.12454,302.88718
Potomje,Suhopolje_2025-03-13_11-08_tf_1h,2021-07-08 21:00:00,301.7414,301.7301
Potomje,Suhopolje_2025-03-13_11-08_tf_1h,2021-07-08 22:00:00,300.3729,300.42667
Potomje,Suhopolje_2025-03-13_11-08_tf_1h,2021-07-08 23:00:00,299.62534,299.22906
Potomje,Suhopolje_2025-03-13_11-08_tf_1h,2021-07-09 00:00:00,299.09543,298.80692
Potomje,Suhopolje_2025-03-13_11-08_tf_1h,2021-07-09 01:00:00,298.53522,298.33365
Potomje,Suhopolje_2025-03-13_11-08_tf_1h,2021-07-09 02:00:00,298.1819,297.7795
Potomje,Suhopolje_2025-03-13_11-08_tf_1h,2021-07-09 03:00:00,297.84528,297.50412
Potomje,Suhopolje_2025-03-13_11-08_tf_1h,2021-07-09 04:00:00,297.238,297.20657
Potomje,Suhopolje_2025-03-13_11-08_tf_1h,2021-07-09 05:00:00,296.91583,296.72076
Potomje,Suhopolje_2025-03-13_11-08_tf_1h,2021-07-09 06:00:00,298.89322,296.6376
Potomje,Suhopolje_2025-03-13_11-08_tf_1h,2021-07-09 07:00:00,301.3376,300.05658
Potomje,Suhopolje_2025-03-13_11-08_tf_1h,2021-07-09 08:00:00,303.79556,301.8273
Potomje,Suhopolje_2025-03-13_11-08_tf_1h,2021-07-09 09:00:00,304.40854,305.07623
Potomje,Suhopolje_2025-03-13_11-08_tf_1h,2021-07-09 10:00:00,304.53928,304.7007
Potomje,Suhopolje_2025-03-13_11-08_tf_1h,2021-07-09 11:00:00,304.89157,304.52493
Potomje,Suhopolje_2025-03-13_11-08_tf_1h,2021-07-09 12:00:00,304.7798,304.7815
Potomje,Suhopolje_2025-03-13_11-08_tf_1h,2021-07-09 13:00:00,304.5743,304.1576
Potomje,Suhopolje_2025-03-13_11-08_tf_1h,2021-07-09 14:00:00,304.30347,303.7319
Potomje,Suhopolje_2025-03-13_11-08_tf_1h,2021-07-09 15:00:00,304.60526,303.23883
Potomje,Suhopolje_2025-03-13_11-08_tf_1h,2021-07-09 16:00:00,303.3219,303.6994
Potomje,Suhopolje_2025-03-13_11-08_tf_1h,2021-07-09 17:00:00,303.6978,301.72406
Potomje,Suhopolje_2025-03-13_11-08_tf_1h,2021-07-09 18:00:00,303.12558,302.89108
Potomje,Suhopolje_2025-03-13_11-08_tf_1h,2021-07-09 19:00:00,302.38553,301.6037
Potomje,Suhopolje_2025-03-13_11-08_tf_1h,2021-07-09 20:00:00,302.066,301.19586
Potomje,Suhopolje_2025-03-13_11-08_tf_1h,2021-07-09 21:00:00,301.719,301.0061
Potomje,Suhopolje_2025-03-13_11-08_tf_1h,2021-07-09 22:00:00,301.40112,300.6387
Potomje,Suhopolje_2025-03-13_11-08_tf_1h,2021-07-09 23:00:00,300.8922,300.38046
Potomje,Suhopolje_2025-03-13_11-08_tf_1h,2021-07-10 00:00:00,300.28006,299.84067
Potomje,Suhopolje_2025-03-13_11-08_tf_1h,2021-07-10 01:00:00,299.60986,299.2973
Potomje,Suhopolje_2025-03-13_11-08_tf_1h,2021-07-10 02:00:00,298.99994,298.7001
Potomje,Suhopolje_2025-03-13_11-08_tf_1h,2021-07-10 03:00:00,298.3939,298.1911
Potomje,Suhopolje_2025-03-13_11-08_tf_1h,2021-07-10 04:00:00,297.86664,297.71613
Potomje,Suhopolje_2025-03-13_11-08_tf_1h,2021-07-10 05:00:00,297.5003,297.36383
Potomje,Suhopolje_2025-03-13_11-08_tf_1h,2021-07-10 06:00:00,298.15256,297.08362
Potomje,Suhopolje_2025-03-13_11-08_tf_1h,2021-07-10 07:00:00,299.81125,298.20804
Potomje,Suhopolje_2025-03-13_11-08_tf_1h,2021-07-10 08:00:00,301.86664,300.34918
Potomje,Suhopolje_2025-03-13_11-08_tf_1h,2021-07-10 09:00:00,303.0254,302.32706
Potomje,Suhopolje_2025-03-13_11-08_tf_1h,2021-07-10 10:00:00,303.69415,303.2888
Potomje,Suhopolje_2025-03-13_11-08_tf_1h,2021-07-10 11:00:00,304.07742,303.59015
Potomje,Suhopolje_2025-03-13_11-08_tf_1h,2021-07-10 12:00:00,304.1884,303.73294
Potomje,Suhopolje_2025-03-13_11-08_tf_1h,2021-07-10 13:00:00,304.26212,303.59518
Potomje,Suhopolje_2025-03-13_11-08_tf_1h,2021-07-10 14:00:00,303.93872,303.51016
Potomje,Suhopolje_2025-03-13_11-08_tf_1h,2021-07-10 15:00:00,303.4333,302.8655
Potomje,Suhopolje_2025-03-13_11-08_tf_1h,2021-07-10 16:00:00,303.0539,302.27692
Potomje,Suhopolje_2025-03-13_11-08_tf_1h,2021-07-10 17:00:00,302.68997,301.89514
Potomje,Suhopolje_2025-03-13_11-08_tf_1h,2021-07-10 18:00:00,302.24808,301.51968
Potomje,Suhopolje_2025-03-13_11-08_tf_1h,2021-07-10 19:00:00,301.53735,301.13388
Potomje,Suhopolje_2025-03-13_11-08_tf_1h,2021-07-10 20:00:00,300.64743,300.3333
Potomje,Suhopolje_2025-03-13_11-08_tf_1h,2021-07-10 21:00:00,300.48166,299.51846
Potomje,Suhopolje_2025-03-13_11-08_tf_1h,2021-07-10 22:00:00,300.2605,299.66037
Potomje,Suhopolje_2025-03-13_11-08_tf_1h,2021-07-10 23:00:00,299.886,299.30307
Potomje,Suhopolje_2025-03-13_11-08_tf_1h,2021-07-11 00:00:00,299.33798,298.9476
Potomje,Suhopolje_2025-03-13_11-08_tf_1h,2021-07-11 01:00:00,298.72867,298.4333
Potomje,Suhopolje_2025-03-13_11-08_tf_1h,2021-07-11 02:00:00,298.2041,297.9051
Potomje,Suhopolje_2025-03-13_11-08_tf_1h,2021-07-11 03:00:00,297.876,297.47803
Potomje,Suhopolje_2025-03-13_11-08_tf_1h,2021-07-11 04:00:00,297.57034,297.24774
Potomje,Suhopolje_2025-03-13_11-08_tf_1h,2021-07-11 05:00:00,297.2329,297.0027
Potomje,Suhopolje_2025-03-13_11-08_tf_1h,2021-07-11 06:00:00,297.91818,296.74252
Potomje,Suhopolje_2025-03-13_11-08_tf_1h,2021-07-11 07:00:00,299.50925,298.17514
Potomje,Suhopolje_2025-03-13_11-08_tf_1h,2021-07-11 08:00:00,300.20367,300.08588
Potomje,Suhopolje_2025-03-13_11-08_tf_1h,2021-07-11 09:00:00,300.82928,300.42688
Potomje,Suhopolje_2025-03-13_11-08_tf_1h,2021-07-11 10:00:00,301.41476,300.88574
Potomje,Suhopolje_2025-03-13_11-08_tf_1h,2021-07-11 11:00:00,301.88947,301.29633
Potomje,Suhopolje_2025-03-13_11-08_tf_1h,2021-07-11 12:00:00,302.07578,301.5878
Potomje,Suhopolje_2025-03-13_11-08_tf_1h,2021-07-11 13:00:00,301.97415,301.52264
Potomje,Suhopolje_2025-03-13_11-08_tf_1h,2021-07-11 14:00:00,301.92935,301.16547
Potomje,Suhopolje_2025-03-13_11-08_tf_1h,2021-07-11 15:00:00,301.58115,301.03955
Potomje,Suhopolje_2025-03-13_11-08_tf_1h,2021-07-11 16:00:00,301.31497,300.52258
Potomje,Suhopolje_2025-03-13_11-08_tf_1h,2021-07-11 17:00:00,300.91684,300.24774
Potomje,Suhopolje_2025-03-13_11-08_tf_1h,2021-07-11 18:00:00,300.43115,299.81595
Potomje,Suhopolje_2025-03-13_11-08_tf_1h,2021-07-11 19:00:00,299.77176,299.35507
Potomje,Suhopolje_2025-03-13_11-08_tf_1h,2021-07-11 20:00:00,299.19257,298.70804
Potomje,Suhopolje_2025-03-13_11-08_tf_1h,2021-07-11 21:00:00,298.71707,298.232
Potomje,Suhopolje_2025-03-13_11-08_tf_1h,2021-07-11 22:00:00,298.24338,297.82007
Potomje,Suhopolje_2025-03-13_11-08_tf_1h,2021-07-11 23:00:00,297.71655,297.3868
Potomje,Suhopolje_2025-03-13_11-08_tf_1h,2021-07-12 00:00:00,296.94904,296.9149
Potomje,Suhopolje_2025-03-13_11-08_tf_1h,2021-07-12 01:00:00,296.31183,296.18777
Potomje,Suhopolje_2025-03-13_11-08_tf_1h,2021-07-12 02:00:00,295.98068,295.6717
Potomje,Suhopolje_2025-03-13_11-08_tf_1h,2021-07-12 03:00:00,296.08374,295.4334
Potomje,Suhopolje_2025-03-13_11-08_tf_1h,2021-07-12 04:00:00,295.35223,295.6641
Potomje,Suhopolje_2025-03-13_11-08_tf_1h,2021-07-12 05:00:00,294.6747,294.65897
Potomje,Suhopolje_2025-03-13_11-08_tf_1h,2021-07-12 06:00:00,296.31488,294.27234
Potomje,Suhopolje_2025-03-13_11-08_tf_1h,2021-07-12 07:00:00,298.20267,297.4901
Potomje,Suhopolje_2025-03-13_11-08_tf_1h,2021-07-12 08:00:00,299.8188,298.88925
Potomje,Suhopolje_2025-03-13_11-08_tf_1h,2021-07-12 09:00:00,301.05307,300.70825
Potomje,Suhopolje_2025-03-13_11-08_tf_1h,2021-07-12 10:00:00,301.8308,301.62054
Potomje,Suhopolje_2025-03-13_11-08_tf_1h,2021-07-12 11:00:00,302.24664,302.01437
Potomje,Suhopolje_2025-03-13_11-08_tf_1h,2021-07-12 12:00:00,302.51688,302.1128
Potomje,Suhopolje_2025-03-13_11-08_tf_1h,2021-07-12 13:00:00,302.53766,302.16586
Potomje,Suhopolje_2025-03-13_11-08_tf_1h,2021-07-12 14:00:00,302.4006,301.8879
Potomje,Suhopolje_2025-03-13_11-08_tf_1h,2021-07-12 15:00:00,302.2436,301.52252
Potomje,Suhopolje_2025-03-13_11-08_tf_1h,2021-07-12 16:00:00,301.9935,301.21857
Potomje,Suhopolje_2025-03-13_11-08_tf_1h,2021-07-12 17:00:00,301.64282,300.86044
Potomje,Suhopolje_2025-03-13_11-08_tf_1h,2021-07-12 18:00:00,301.14105,300.45624
Potomje,Suhopolje_2025-03-13_11-08_tf_1h,2021-07-12 19:00:00,300.49286,299.97253
Potomje,Suhopolje_2025-03-13_11-08_tf_1h,2021-07-12 20:00:00,300.7969,299.32288
Potomje,Suhopolje_2025-03-13_11-08_tf_1h,2021-07-12 21:00:00,299.8481,300.0313
Potomje,Suhopolje_2025-03-13_11-08_tf_1h,2021-07-12 22:00:00,298.72235,298.464
Potomje,Suhopolje_2025-03-13_11-08_tf_1h,2021-07-12 23:00:00,298.35458,297.66092
Potomje,Suhopolje_2025-03-13_11-08_tf_1h,2021-07-13 00:00:00,297.29175,297.58252
Potomje,Suhopolje_2025-03-13_11-08_tf_1h,2021-07-13 01:00:00,296.30917,296.34006
Potomje,Suhopolje_2025-03-13_11-08_tf_1h,2021-07-13 02:00:00,295.92877,295.5772
Potomje,Suhopolje_2025-03-13_11-08_tf_1h,2021-07-13 03:00:00,295.77643,295.37592
Potomje,Suhopolje_2025-03-13_11-08_tf_1h,2021-07-13 04:00:00,295.8078,295.25262
Potomje,Suhopolje_2025-03-13_11-08_tf_1h,2021-07-13 05:00:00,295.70557,295.38644
Potomje,Suhopolje_2025-03-13_11-08_tf_1h,2021-07-13 06:00:00,296.8248,295.29388
Potomje,Suhopolje_2025-03-13_11-08_tf_1h,2021-07-13 07:00:00,299.1048,297.47675
Potomje,Suhopolje_2025-03-13_11-08_tf_1h,2021-07-13 08:00:00,301.10052,299.96072
Potomje,Suhopolje_2025-03-13_11-08_tf_1h,2021-07-13 09:00:00,302.36578,302.10077
Potomje,Suhopolje_2025-03-13_11-08_tf_1h,2021-07-13 10:00:00,303.35446,302.98297
Potomje,Suhopolje_2025-03-13_11-08_tf_1h,2021-07-13 11:00:00,304.05765,303.69507
Potomje,Suhopolje_2025-03-13_11-08_tf_1h,2021-07-13 12:00:00,304.43683,304.10114
Potomje,Suhopolje_2025-03-13_11-08_tf_1h,2021-07-13 13:00:00,304.63113,304.1516
Potomje,Suhopolje_2025-03-13_11-08_tf_1h,2021-07-13 14:00:00,304.51526,304.08008
Potomje,Suhopolje_2025-03-13_11-08_tf_1h,2021-07-13 15:00:00,304.54233,303.6042
Potomje,Suhopolje_2025-03-13_11-08_tf_1h,2021-07-13 16:00:00,304.80585,303.5763
Potomje,Suhopolje_2025-03-13_11-08_tf_1h,2021-07-13 17:00:00,304.8207,303.82172
Potomje,Suhopolje_2025-03-13_11-08_tf_1h,2021-07-13 18:00:00,304.4189,303.6272
Potomje,Suhopolje_2025-03-13_11-08_tf_1h,2021-07-13 19:00:00,303.71432,303.06998
Potomje,Suhopolje_2025-03-13_11-08_tf_1h,2021-07-13 20:00:00,302.81522,302.31503
Potomje,Suhopolje_2025-03-13_11-08_tf_1h,2021-07-13 21:00:00,302.41302,301.50653
Potomje,Suhopolje_2025-03-13_11-08_tf_1h,2021-07-13 22:00:00,302.05176,301.38354
Potomje,Suhopolje_2025-03-13_11-08_tf_1h,2021-07-13 23:00:00,301.58237,300.9222
Potomje,Suhopolje_2025-03-13_11-08_tf_1h,2021-07-14 00:00:00,300.97388,300.4735
Potomje,Suhopolje_2025-03-13_11-08_tf_1h,2021-07-14 01:00:00,300.46658,299.8741
Potomje,Suhopolje_2025-03-13_11-08_tf_1h,2021-07-14 02:00:00,299.93854,299.4725
Potomje,Suhopolje_2025-03-13_11-08_tf_1h,2021-07-14 03:00:00,299.53348,298.9774
Potomje,Suhopolje_2025-03-13_11-08_tf_1h,2021-07-14 04:00:00,299.24756,298.6908
Potomje,Suhopolje_2025-03-13_11-08_tf_1h,2021-07-14 05:00:00,299.08505,298.5703
Potomje,Suhopolje_2025-03-13_11-08_tf_1h,2021-07-14 06:00:00,299.4166,298.51315
Potomje,Suhopolje_2025-03-13_11-08_tf_1h,2021-07-14 07:00:00,300.2224,298.9586
Potomje,Suhopolje_2025-03-13_11-08_tf_1h,2021-07-14 08:00:00,301.8027,299.8729
Potomje,Suhopolje_2025-03-13_11-08_tf_1h,2021-07-14 09:00:00,301.9589,301.90826
Potomje,Suhopolje_2025-03-13_11-08_tf_1h,2021-07-14 10:00:00,302.0872,301.47794
Potomje,Suhopolje_2025-03-13_11-08_tf_1h,2021-07-14 11:00:00,302.10938,301.7392
Potomje,Suhopolje_2025-03-13_11-08_tf_1h,2021-07-14 12:00:00,301.97354,301.57208
Potomje,Suhopolje_2025-03-13_11-08_tf_1h,2021-07-14 13:00:00,302.1709,301.24393
Potomje,Suhopolje_2025-03-13_11-08_tf_1h,2021-07-14 14:00:00,302.20346,301.47662
Potomje,Suhopolje_2025-03-13_11-08_tf_1h,2021-07-14 15:00:00,302.3222,301.33783
Potomje,Suhopolje_2025-03-13_11-08_tf_1h,2021-07-14 16:00:00,302.2208,301.3802
Potomje,Suhopolje_2025-03-13_11-08_tf_1h,2021-07-14 17:00:00,301.6917,301.16058
Potomje,Suhopolje_2025-03-13_11-08_tf_1h,2021-07-14 18:00:00,300.8358,300.5307
Potomje,Suhopolje_2025-03-13_11-08_tf_1h,2021-07-14 19:00:00,299.81757,299.65784
Potomje,Suhopolje_2025-03-13_11-08_tf_1h,2021-07-14 20:00:00,299.66788,298.7331
Potomje,Suhopolje_2025-03-13_11-08_tf_1h,2021-07-14 21:00:00,299.0439,298.93094
Potomje,Suhopolje_2025-03-13_11-08_tf_1h,2021-07-14 22:00:00,298.39795,298.06036
Potomje,Suhopolje_2025-03-13_11-08_tf_1h,2021-07-14 23:00:00,298.10187,297.5683
Potomje,Suhopolje_2025-03-13_11-08_tf_1h,2021-07-15 00:00:00,297.80148,297.43158
Potomje,Suhopolje_2025-03-13_11-08_tf_1h,2021-07-15 01:00:00,297.60498,297.12827
Potomje,Suhopolje_2025-03-13_11-08_tf_1h,2021-07-15 02:00:00,297.37262,296.97714
Potomje,Suhopolje_2025-03-13_11-08_tf_1h,2021-07-15 03:00:00,297.05594,296.7413
Potomje,Suhopolje_2025-03-13_11-08_tf_1h,2021-07-15 04:00:00,296.72055,296.4296
Potomje,Suhopolje_2025-03-13_11-08_tf_1h,2021-07-15 05:00:00,296.48166,296.17603
Potomje,Suhopolje_2025-03-13_11-08_tf_1h,2021-07-15 06:00:00,297.15778,296.16232
Potomje,Suhopolje_2025-03-13_11-08_tf_1h,2021-07-15 07:00:00,298.87936,297.54214
Potomje,Suhopolje_2025-03-13_11-08_tf_1h,2021-07-15 08:00:00,299.99677,299.4591
Potomje,Suhopolje_2025-03-13_11-08_tf_1h,2021-07-15 09:00:00,301.24268,300.40967
Potomje,Suhopolje_2025-03-13_11-08_tf_1h,2021-07-15 10:00:00,302.31284,301.60016
Potomje,Suhopolje_2025-03-13_11-08_tf_1h,2021-07-15 11:00:00,302.5792,302.5072
Potomje,Suhopolje_2025-03-13_11-08_tf_1h,2021-07-15 12:00:00,302.63437,302.29645
Potomje,Suhopolje_2025-03-13_11-08_tf_1h,2021-07-15 13:00:00,302.57858,302.1012
Potomje,Suhopolje_2025-03-13_11-08_tf_1h,2021-07-15 14:00:00,302.41138,301.81845
Potomje,Suhopolje_2025-03-13_11-08_tf_1h,2021-07-15 15:00:00,301.9263,301.42432
Potomje,Suhopolje_2025-03-13_11-08_tf_1h,2021-07-15 16:00:00,301.33838,300.75156
Potomje,Suhopolje_2025-03-13_11-08_tf_1h,2021-07-15 17:00:00,300.75516,300.137
Potomje,Suhopolje_2025-03-13_11-08_tf_1h,2021-07-15 18:00:00,300.1941,299.60925
Potomje,Suhopolje_2025-03-13_11-08_tf_1h,2021-07-15 19:00:00,299.49112,299.12106
Potomje,Suhopolje_2025-03-13_11-08_tf_1h,2021-07-15 20:00:00,298.4214,298.41272
Potomje,Suhopolje_2025-03-13_11-08_tf_1h,2021-07-15 21:00:00,298.0532,297.34232
Potomje,Suhopolje_2025-03-13_11-08_tf_1h,2021-07-15 22:00:00,297.63797,297.31335
Potomje,Suhopolje_2025-03-13_11-08_tf_1h,2021-07-15 23:00:00,297.19827,296.84033
Potomje,Suhopolje_2025-03-13_11-08_tf_1h,2021-07-16 00:00:00,296.70892,296.45374
Potomje,Suhopolje_2025-03-13_11-08_tf_1h,2021-07-16 01:00:00,296.3277,296.01172
Potomje,Suhopolje_2025-03-13_11-08_tf_1h,2021-07-16 02:00:00,296.03812,295.69043
Potomje,Suhopolje_2025-03-13_11-08_tf_1h,2021-07-16 03:00:00,295.71738,295.4367
Potomje,Suhopolje_2025-03-13_11-08_tf_1h,2021-07-16 04:00:00,295.20358,295.1251
Potomje,Suhopolje_2025-03-13_11-08_tf_1h,2021-07-16 05:00:00,294.77228,294.64264
Potomje,Suhopolje_2025-03-13_11-08_tf_1h,2021-07-16 06:00:00,295.5508,294.61072
Potomje,Suhopolje_2025-03-13_11-08_tf_1h,2021-07-16 07:00:00,297.0423,296.47903
Potomje,Suhopolje_2025-03-13_11-08_tf_1h,2021-07-16 08:00:00,298.36356,297.91916
Potomje,Suhopolje_2025-03-13_11-08_tf_1h,2021-07-16 09:00:00,299.40436,299.16348
Potomje,Suhopolje_2025-03-13_11-08_tf_1h,2021-07-16 10:00:00,300.25824,299.89694
Potomje,Suhopolje_2025-03-13_11-08_tf_1h,2021-07-16 11:00:00,300.7297,300.52582
Potomje,Suhopolje_2025-03-13_11-08_tf_1h,2021-07-16 12:00:00,300.7352,300.66382
Potomje,Suhopolje_2025-03-13_11-08_tf_1h,2021-07-16 13:00:00,300.57675,300.27954
Potomje,Suhopolje_2025-03-13_11-08_tf_1h,2021-07-16 14:00:00,300.64578,299.89566
Potomje,Suhopolje_2025-03-13_11-08_tf_1h,2021-07-16 15:00:00,300.72256,299.94165
Potomje,Suhopolje_2025-03-13_11-08_tf_1h,2021-07-16 16:00:00,300.5517,299.9044
Potomje,Suhopolje_2025-03-13_11-08_tf_1h,2021-07-16 17:00:00,300.08884,299.5244
Potomje,Suhopolje_2025-03-13_11-08_tf_1h,2021-07-16 18:00:00,299.37912,298.93457
Potomje,Suhopolje_2025-03-13_11-08_tf_1h,2021-07-16 19:00:00,298.64255,298.18668
Potomje,Suhopolje_2025-03-13_11-08_tf_1h,2021-07-16 20:00:00,298.27985,297.57828
Potomje,Suhopolje_2025-03-13_11-08_tf_1h,2021-07-16 21:00:00,297.61618,297.38495
Potomje,Suhopolje_2025-03-13_11-08_tf_1h,2021-07-16 22:00:00,297.127,296.6239
Potomje,Suhopolje_2025-03-13_11-08_tf_1h,2021-07-16 23:00:00,296.77655,296.2909
Potomje,Suhopolje_2025-03-13_11-08_tf_1h,2021-07-17 00:00:00,296.49042,296.01196
Potomje,Suhopolje_2025-03-13_11-08_tf_1h,2021-07-17 01:00:00,296.24054,295.76773
Potomje,Suhopolje_2025-03-13_11-08_tf_1h,2021-07-17 02:00:00,294.77533,295.58606
Potomje,Suhopolje_2025-03-13_11-08_tf_1h,2021-07-17 03:00:00,294.6116,293.90167
Potomje,Suhopolje_2025-03-13_11-08_tf_1h,2021-07-17 04:00:00,294.14505,294.19217
Potomje,Suhopolje_2025-03-13_11-08_tf_1h,2021-07-17 05:00:00,293.54245,293.62762
Potomje,Suhopolje_2025-03-13_11-08_tf_1h,2021-07-17 06:00:00,293.1543,293.06174
Potomje,Suhopolje_2025-03-13_11-08_tf_1h,2021-07-17 07:00:00,293.17896,293.1334
Potomje,Suhopolje_2025-03-13_11-08_tf_1h,2021-07-17 08:00:00,298.11325,293.58493
Potomje,Suhopolje_2025-03-13_11-08_tf_1h,2021-07-17 09:00:00,297.1321,300.99786
Potomje,Suhopolje_2025-03-13_11-08_tf_1h,2021-07-17 10:00:00,296.7242,296.7154
Potomje,Suhopolje_2025-03-13_11-08_tf_1h,2021-07-17 11:00:00,297.3553,296.6327
Potomje,Suhopolje_2025-03-13_11-08_tf_1h,2021-07-17 12:00:00,297.77563,297.4984
Potomje,Suhopolje_2025-03-13_11-08_tf_1h,2021-07-17 13:00:00,298.59692,297.67862
Potomje,Suhopolje_2025-03-13_11-08_tf_1h,2021-07-17 14:00:00,299.05002,298.59454
Potomje,Suhopolje_2025-03-13_11-08_tf_1h,2021-07-17 15:00:00,299.21762,298.79236
Potomje,Suhopolje_2025-03-13_11-08_tf_1h,2021-07-17 16:00:00,299.081,298.71744
Potomje,Suhopolje_2025-03-13_11-08_tf_1h,2021-07-17 17:00:00,298.8814,298.3158
Potomje,Suhopolje_2025-03-13_11-08_tf_1h,2021-07-17 18:00:00,297.82593,297.9709
Potomje,Suhopolje_2025-03-13_11-08_tf_1h,2021-07-17 19:00:00,297.4113,296.58203
Potomje,Suhopolje_2025-03-13_11-08_tf_1h,2021-07-17 20:00:00,297.239,296.4467
Potomje,Suhopolje_2025-03-13_11-08_tf_1h,2021-07-17 21:00:00,297.08932,296.32773
Potomje,Suhopolje_2025-03-13_11-08_tf_1h,2021-07-17 22:00:00,296.87265,296.17352
Potomje,Suhopolje_2025-03-13_11-08_tf_1h,2021-07-17 23:00:00,296.05136,295.955
Potomje,Suhopolje_2025-03-13_11-08_tf_1h,2021-07-18 00:00:00,295.39746,295.03085
Potomje,Suhopolje_2025-03-13_11-08_tf_1h,2021-07-18 01:00:00,294.92337,294.56277
Potomje,Suhopolje_2025-03-13_11-08_tf_1h,2021-07-18 02:00:00,294.81198,294.22406
Potomje,Suhopolje_2025-03-13_11-08_tf_1h,2021-07-18 03:00:00,295.08832,294.31934
Potomje,Suhopolje_2025-03-13_11-08_tf_1h,2021-07-18 04:00:00,294.76675,294.76706
Potomje,Suhopolje_2025-03-13_11-08_tf_1h,2021-07-18 05:00:00,294.68918,294.14178
Potomje,Suhopolje_2025-03-13_11-08_tf_1h,2021-07-18 06:00:00,295.37973,294.24036
Potomje,Suhopolje_2025-03-13_11-08_tf_1h,2021-07-18 07:00:00,296.7678,295.61697
Potomje,Suhopolje_2025-03-13_11-08_tf_1h,2021-07-18 08:00:00,298.065,296.9497
Potomje,Suhopolje_2025-03-13_11-08_tf_1h,2021-07-18 09:00:00,299.50397,298.2277
Potomje,Suhopolje_2025-03-13_11-08_tf_1h,2021-07-18 10:00:00,300.8531,299.97232
Potomje,Suhopolje_2025-03-13_11-08_tf_1h,2021-07-18 11:00:00,301.54346,301.25232
Potomje,Suhopolje_2025-03-13_11-08_tf_1h,2021-07-18 12:00:00,301.2056,301.56845
Potomje,Suhopolje_2025-03-13_11-08_tf_1h,2021-07-18 13:00:00,301.11377,300.51712
Potomje,Suhopolje_2025-03-13_11-08_tf_1h,2021-07-18 14:00:00,300.4672,300.3845
Potomje,Suhopolje_2025-03-13_11-08_tf_1h,2021-07-18 15:00:00,300.40915,299.35666
Potomje,Suhopolje_2025-03-13_11-08_tf_1h,2021-07-18 16:00:00,300.14868,299.4304
Potomje,Suhopolje_2025-03-13_11-08_tf_1h,2021-07-18 17:00:00,300.15866,299.01285
Potomje,Suhopolje_2025-03-13_11-08_tf_1h,2021-07-18 18:00:00,299.89822,299.20944
Potomje,Suhopolje_2025-03-13_11-08_tf_1h,2021-07-18 19:00:00,299.36038,298.79294
Potomje,Suhopolje_2025-03-13_11-08_tf_1h,2021-07-18 20:00:00,298.176,298.24573
Potomje,Suhopolje_2025-03-13_11-08_tf_1h,2021-07-18 21:00:00,297.5007,296.95566
Potomje,Suhopolje_2025-03-13_11-08_tf_1h,2021-07-18 22:00:00,297.06815,296.6306
Potomje,Suhopolje_2025-03-13_11-08_tf_1h,2021-07-18 23:00:00,296.49612,296.25275
Potomje,Suhopolje_2025-03-13_11-08_tf_1h,2021-07-19 00:00:00,295.89496,295.6799
Potomje,Suhopolje_2025-03-13_11-08_tf_1h,2021-07-19 01:00:00,295.4272,295.1598
Potomje,Suhopolje_2025-03-13_11-08_tf_1h,2021-07-19 02:00:00,295.3062,294.7739
Potomje,Suhopolje_2025-03-13_11-08_tf_1h,2021-07-19 03:00:00,295.35837,294.8252
Potomje,Suhopolje_2025-03-13_11-08_tf_1h,2021-07-19 04:00:00,295.49948,294.95767
Potomje,Suhopolje_2025-03-13_11-08_tf_1h,2021-07-19 05:00:00,295.54837,295.1356
Potomje,Suhopolje_2025-03-13_11-08_tf_1h,2021-07-19 06:00:00,296.01654,295.2668
Potomje,Suhopolje_2025-03-13_11-08_tf_1h,2021-07-19 07:00:00,296.723,296.41605
Potomje,Suhopolje_2025-03-13_11-08_tf_1h,2021-07-19 08:00:00,297.40317,297.20343
Potomje,Suhopolje_2025-03-13_11-08_tf_1h,2021-07-19 09:00:00,298.2833,297.7444
Potomje,Suhopolje_2025-03-13_11-08_tf_1h,2021-07-19 10:00:00,298.76797,298.5321
Potomje,Suhopolje_2025-03-13_11-08_tf_1h,2021-07-19 11:00:00,298.914,298.7316
Potomje,Suhopolje_2025-03-13_11-08_tf_1h,2021-07-19 12:00:00,299.7145,298.62228
Potomje,Suhopolje_2025-03-13_11-08_tf_1h,2021-07-19 13:00:00,300.23383,299.60703
Potomje,Suhopolje_2025-03-13_11-08_tf_1h,2021-07-19 14:00:00,299.92,299.93698
Potomje,Suhopolje_2025-03-13_11-08_tf_1h,2021-07-19 15:00:00,299.64813,299.0954
Potomje,Suhopolje_2025-03-13_11-08_tf_1h,2021-07-19 16:00:00,299.55588,298.71768
Potomje,Suhopolje_2025-03-13_11-08_tf_1h,2021-07-19 17:00:00,298.9924,298.58173
Potomje,Suhopolje_2025-03-13_11-08_tf_1h,2021-07-19 18:00:00,298.50833,297.8134
Potomje,Suhopolje_2025-03-13_11-08_tf_1h,2021-07-19 19:00:00,298.02957,297.45856
Potomje,Suhopolje_2025-03-13_11-08_tf_1h,2021-07-19 20:00:00,298.87653,297.03162
Potomje,Suhopolje_2025-03-13_11-08_tf_1h,2021-07-19 21:00:00,298.21143,298.44974
Potomje,Suhopolje_2025-03-13_11-08_tf_1h,2021-07-19 22:00:00,297.85077,296.97488
Potomje,Suhopolje_2025-03-13_11-08_tf_1h,2021-07-19 23:00:00,297.72186,296.93658
Potomje,Suhopolje_2025-03-13_11-08_tf_1h,2021-07-20 00:00:00,297.12213,296.90292
Potomje,Suhopolje_2025-03-13_11-08_tf_1h,2021-07-20 01:00:00,296.71097,296.20657
Potomje,Suhopolje_2025-03-13_11-08_tf_1h,2021-07-20 02:00:00,296.2982,295.94922
Potomje,Suhopolje_2025-03-13_11-08_tf_1h,2021-07-20 03:00:00,295.8679,295.5893
Potomje,Suhopolje_2025-03-13_11-08_tf_1h,2021-07-20 04:00:00,295.46893,295.19662
Potomje,Suhopolje_2025-03-13_11-08_tf_1h,2021-07-20 05:00:00,295.11133,294.8584
Potomje,Suhopolje_2025-03-13_11-08_tf_1h,2021-07-20 06:00:00,295.61313,294.55798
Potomje,Suhopolje_2025-03-13_11-08_tf_1h,2021-07-20 07:00:00,297.08444,295.51932
Potomje,Suhopolje_2025-03-13_11-08_tf_1h,2021-07-20 08:00:00,298.9759,297.4567
Potomje,Suhopolje_2025-03-13_11-08_tf_1h,2021-07-20 09:00:00,300.26517,299.3332
Potomje,Suhopolje_2025-03-13_11-08_tf_1h,2021-07-20 10:00:00,301.13412,300.60327
Potomje,Suhopolje_2025-03-13_11-08_tf_1h,2021-07-20 11:00:00,301.53653,301.22665
Potomje,Suhopolje_2025-03-13_11-08_tf_1h,2021-07-20 12:00:00,301.76318,301.26538
Potomje,Suhopolje_2025-03-13_11-08_tf_1h,2021-07-20 13:00:00,301.52106,301.2569
Potomje,Suhopolje_2025-03-13_11-08_tf_1h,2021-07-20 14:00:00,300.9083,300.64664
Potomje,Suhopolje_2025-03-13_11-08_tf_1h,2021-07-20 15:00:00,301.26324,299.80685
Potomje,Suhopolje_2025-03-13_11-08_tf_1h,2021-07-20 16:00:00,301.20682,300.4832
Potomje,Suhopolje_2025-03-13_11-08_tf_1h,2021-07-20 17:00:00,301.0193,300.1452
Potomje,Suhopolje_2025-03-13_11-08_tf_1h,2021-07-20 18:00:00,300.74924,299.917
Potomje,Suhopolje_2025-03-13_11-08_tf_1h,2021-07-20 19:00:00,300.2104,299.69788
Potomje,Suhopolje_2025-03-13_11-08_tf_1h,2021-07-20 20:00:00,299.6025,299.05542
Potomje,Suhopolje_2025-03-13_11-08_tf_1h,2021-07-20 21:00:00,299.20685,298.5354
Potomje,Suhopolje_2025-03-13_11-08_tf_1h,2021-07-20 22:00:00,298.8747,298.25687
Potomje,Suhopolje_2025-03-13_11-08_tf_1h,2021-07-20 23:00:00,298.79834,297.9355
Potomje,Suhopolje_2025-03-13_11-08_tf_1h,2021-07-21 00:00:00,298.3206,297.94714
Potomje,Suhopolje_2025-03-13_11-08_tf_1h,2021-07-21 01:00:00,297.6577,297.36252
Potomje,Suhopolje_2025-03-13_11-08_tf_1h,2021-07-21 02:00:00,296.91605,296.76724
Potomje,Suhopolje_2025-03-13_11-08_tf_1h,2021-07-21 03:00:00,296.22018,296.12482
Potomje,Suhopolje_2025-03-13_11-08_tf_1h,2021-07-21 04:00:00,295.54816,295.51794
Potomje,Suhopolje_2025-03-13_11-08_tf_1h,2021-07-21 05:00:00,295.00787,294.94904
Potomje,Suhopolje_2025-03-13_11-08_tf_1h,2021-07-21 06:00:00,295.4341,294.51132
Potomje,Suhopolje_2025-03-13_11-08_tf_1h,2021-07-21 07:00:00,297.2166,295.5177
Potomje,Suhopolje_2025-03-13_11-08_tf_1h,2021-07-21 08:00:00,298.7759,298.05396
Potomje,Suhopolje_2025-03-13_11-08_tf_1h,2021-07-21 09:00:00,300.399,299.2571
Potomje,Suhopolje_2025-03-13_11-08_tf_1h,2021-07-21 10:00:00,301.81064,301.0096
Potomje,Suhopolje_2025-03-13_11-08_tf_1h,2021-07-21 11:00:00,302.76697,302.24197
Potomje,Suhopolje_2025-03-13_11-08_tf_1h,2021-07-21 12:00:00,303.00644,302.88834
Potomje,Suhopolje_2025-03-13_11-08_tf_1h,2021-07-21 13:00:00,302.86572,302.69424
Potomje,Suhopolje_2025-03-13_11-08_tf_1h,2021-07-21 14:00:00,302.72174,302.23462
Potomje,Suhopolje_2025-03-13_11-08_tf_1h,2021-07-21 15:00:00,302.63458,301.9226
Potomje,Suhopolje_2025-03-13_11-08_tf_1h,2021-07-21 16:00:00,302.45068,301.71042
Potomje,Suhopolje_2025-03-13_11-08_tf_1h,2021-07-21 17:00:00,302.076,301.3717
Potomje,Suhopolje_2025-03-13_11-08_tf_1h,2021-07-21 18:00:00,301.50864,300.88916
Potomje,Suhopolje_2025-03-13_11-08_tf_1h,2021-07-21 19:00:00,300.75778,300.28842
Potomje,Suhopolje_2025-03-13_11-08_tf_1h,2021-07-21 20:00:00,300.15622,299.56158
Potomje,Suhopolje_2025-03-13_11-08_tf_1h,2021-07-21 21:00:00,299.48663,299.10336
Potomje,Suhopolje_2025-03-13_11-08_tf_1h,2021-07-21 22:00:00,298.66473,298.4256
Potomje,Suhopolje_2025-03-13_11-08_tf_1h,2021-07-21 23:00:00,297.78806,297.6374
Potomje,Suhopolje_2025-03-13_11-08_tf_1h,2021-07-22 00:00:00,296.9863,296.85773
Potomje,Suhopolje_2025-03-13_11-08_tf_1h,2021-07-22 01:00:00,296.17743,296.18494
Potomje,Suhopolje_2025-03-13_11-08_tf_1h,2021-07-22 02:00:00,295.43066,295.4663
Potomje,Suhopolje_2025-03-13_11-08_tf_1h,2021-07-22 03:00:00,294.7686,294.79285
Potomje,Suhopolje_2025-03-13_11-08_tf_1h,2021-07-22 04:00:00,294.16458,294.2003
Potomje,Suhopolje_2025-03-13_11-08_tf_1h,2021-07-22 05:00:00,293.63797,293.66476
Potomje,Suhopolje_2025-03-13_11-08_tf_1h,2021-07-22 06:00:00,294.04648,293.17343
Potomje,Suhopolje_2025-03-13_11-08_tf_1h,2021-07-22 07:00:00,295.7339,294.4629
Potomje,Suhopolje_2025-03-13_11-08_tf_1h,2021-07-22 08:00:00,297.47626,297.07925
Potomje,Suhopolje_2025-03-13_11-08_tf_1h,2021-07-22 09:00:00,299.18402,298.57855
Potomje,Suhopolje_2025-03-13_11-08_tf_1h,2021-07-22 10:00:00,300.73172,300.31433
Potomje,Suhopolje_2025-03-13_11-08_tf_1h,2021-07-22 11:00:00,301.80658,301.6148
Potomje,Suhopolje_2025-03-13_11-08_tf_1h,2021-07-22 12:00:00,302.05908,302.33002
Potomje,Suhopolje_2025-03-13_11-08_tf_1h,2021-07-22 13:00:00,301.88132,301.98627
Potomje,Suhopolje_2025-03-13_11-08_tf_1h,2021-07-22 14:00:00,301.81146,301.42014
Potomje,Suhopolje_2025-03-13_11-08_tf_1h,2021-07-22 15:00:00,301.697,301.22806
Potomje,Suhopolje_2025-03-13_11-08_tf_1h,2021-07-22 16:00:00,301.37912,300.90146
Potomje,Suhopolje_2025-03-13_11-08_tf_1h,2021-07-22 17:00:00,300.97528,300.33112
Potomje,Suhopolje_2025-03-13_11-08_tf_1h,2021-07-22 18:00:00,300.4684,299.83163
Potomje,Suhopolje_2025-03-13_11-08_tf_1h,2021-07-22 19:00:00,299.84995,299.27542
Potomje,Suhopolje_2025-03-13_11-08_tf_1h,2021-07-22 20:00:00,299.42575,298.64508
Potomje,Suhopolje_2025-03-13_11-08_tf_1h,2021-07-22 21:00:00,298.92294,298.3818
Potomje,Suhopolje_2025-03-13_11-08_tf_1h,2021-07-22 22:00:00,298.5279,297.85635
Potomje,Suhopolje_2025-03-13_11-08_tf_1h,2021-07-22 23:00:00,298.17313,297.56927
Potomje,Suhopolje_2025-03-13_11-08_tf_1h,2021-07-23 00:00:00,297.57504,297.24564
Potomje,Suhopolje_2025-03-13_11-08_tf_1h,2021-07-23 01:00:00,296.9085,296.63303
Potomje,Suhopolje_2025-03-13_11-08_tf_1h,2021-07-23 02:00:00,296.30756,296.053
Potomje,Suhopolje_2025-03-13_11-08_tf_1h,2021-07-23 03:00:00,295.66626,295.5507
Potomje,Suhopolje_2025-03-13_11-08_tf_1h,2021-07-23 04:00:00,295.01724,294.95383
Potomje,Suhopolje_2025-03-13_11-08_tf_1h,2021-07-23 05:00:00,294.4949,294.39093
Potomje,Suhopolje_2025-03-13_11-08_tf_1h,2021-07-23 06:00:00,294.95126,293.98935
Potomje,Suhopolje_2025-03-13_11-08_tf_1h,2021-07-23 07:00:00,296.87448,295.05426
Potomje,Suhopolje_2025-03-13_11-08_tf_1h,2021-07-23 08:00:00,298.36884,298.03632
Potomje,Suhopolje_2025-03-13_11-08_tf_1h,2021-07-23 09:00:00,300.05908,299.1346
Potomje,Suhopolje_2025-03-13_11-08_tf_1h,2021-07-23 10:00:00,301.3789,300.92923
Potomje,Suhopolje_2025-03-13_11-08_tf_1h,2021-07-23 11:00:00,301.9141,301.9261
Potomje,Suhopolje_2025-03-13_11-08_tf_1h,2021-07-23 12:00:00,302.16724,301.94867
Potomje,Suhopolje_2025-03-13_11-08_tf_1h,2021-07-23 13:00:00,302.12915,301.93094
Potomje,Suhopolje_2025-03-13_11-08_tf_1h,2021-07-23 14:00:00,301.7695,301.58237
Potomje,Suhopolje_2025-03-13_11-08_tf_1h,2021-07-23 15:00:00,301.41983,300.878
Potomje,Suhopolje_2025-03-13_11-08_tf_1h,2021-07-23 16:00:00,300.97815,300.39908
Potomje,Suhopolje_2025-03-13_11-08_tf_1h,2021-07-23 17:00:00,300.54276,299.8553
Potomje,Suhopolje_2025-03-13_11-08_tf_1h,2021-07-23 18:00:00,299.9866,299.4053
Potomje,Suhopolje_2025-03-13_11-08_tf_1h,2021-07-23 19:00:00,299.2669,298.8313
Potomje,Suhopolje_2025-03-13_11-08_tf_1h,2021-07-23 20:00:00,298.17722,298.1372
Potomje,Suhopolje_2025-03-13_11-08_tf_1h,2021-07-23 21:00:00,297.68478,297.03262
Potomje,Suhopolje_2025-03-13_11-08_tf_1h,2021-07-23 22:00:00,297.27548,296.86227
Potomje,Suhopolje_2025-03-13_11-08_tf_1h,2021-07-23 23:00:00,296.46823,296.4328
Potomje,Suhopolje_2025-03-13_11-08_tf_1h,2021-07-24 00:00:00,296.51364,295.5947
Potomje,Suhopolje_2025-03-13_11-08_tf_1h,2021-07-24 01:00:00,296.65414,295.9479
Potomje,Suhopolje_2025-03-13_11-08_tf_1h,2021-07-24 02:00:00,295.26855,296.13757
Potomje,Suhopolje_2025-03-13_11-08_tf_1h,2021-07-24 03:00:00,294.14157,294.3283
Potomje,Suhopolje_2025-03-13_11-08_tf_1h,2021-07-24 04:00:00,293.69296,293.48373
Potomje,Suhopolje_2025-03-13_11-08_tf_1h,2021-07-24 05:00:00,293.27222,293.27457
Potomje,Suhopolje_2025-03-13_11-08_tf_1h,2021-07-24 06:00:00,294.83133,292.94073
Potomje,Suhopolje_2025-03-13_11-08_tf_1h,2021-07-24 07:00:00,297.44205,296.2965
Potomje,Suhopolje_2025-03-13_11-08_tf_1h,2021-07-24 08:00:00,299.43207,298.72165
Potomje,Suhopolje_2025-03-13_11-08_tf_1h,2021-07-24 09:00:00,300.915,300.70642
Potomje,Suhopolje_2025-03-13_11-08_tf_1h,2021-07-24 10:00:00,301.72308,301.7571
Potomje,Suhopolje_2025-03-13_11-08_tf_1h,2021-07-24 11:00:00,302.18454,302.0717
Potomje,Suhopolje_2025-03-13_11-08_tf_1h,2021-07-24 12:00:00,302.49713,302.17508
Potomje,Suhopolje_2025-03-13_11-08_tf_1h,2021-07-24 13:00:00,302.3118,302.23026
Potomje,Suhopolje_2025-03-13_11-08_tf_1h,2021-07-24 14:00:00,302.00085,301.59805
Potomje,Suhopolje_2025-03-13_11-08_tf_1h,2021-07-24 15:00:00,301.7363,301.073
Potomje,Suhopolje_2025-03-13_11-08_tf_1h,2021-07-24 16:00:00,301.54712,300.68228
Potomje,Suhopolje_2025-03-13_11-08_tf_1h,2021-07-24 17:00:00,301.26242,300.43356
Potomje,Suhopolje_2025-03-13_11-08_tf_1h,2021-07-24 18:00:00,300.62338,300.0811
Potomje,Suhopolje_2025-03-13_11-08_tf_1h,2021-07-24 19:00:00,299.79904,299.37985
Potomje,Suhopolje_2025-03-13_11-08_tf_1h,2021-07-24 20:00:00,299.42575,298.60938
Potomje,Suhopolje_2025-03-13_11-08_tf_1h,2021-07-24 21:00:00,298.56168,298.4886
Potomje,Suhopolje_2025-03-13_11-08_tf_1h,2021-07-24 22:00:00,298.04422,297.42184
Potomje,Suhopolje_2025-03-13_11-08_tf_1h,2021-07-24 23:00:00,297.4445,297.18314
Potomje,Suhopolje_2025-03-13_11-08_tf_1h,2021-07-25 00:00:00,296.90097,296.55737
Potomje,Suhopolje_2025-03-13_11-08_tf_1h,2021-07-25 01:00:00,296.38168,296.08298
Potomje,Suhopolje_2025-03-13_11-08_tf_1h,2021-07-25 02:00:00,295.44287,295.62796
Potomje,Suhopolje_2025-03-13_11-08_tf_1h,2021-07-25 03:00:00,294.8193,294.65472
Potomje,Suhopolje_2025-03-13_11-08_tf_1h,2021-07-25 04:00:00,295.25125,294.2085
Potomje,Suhopolje_2025-03-13_11-08_tf_1h,2021-07-25 05:00:00,295.0806,295.1062
Potomje,Suhopolje_2025-03-13_11-08_tf_1h,2021-07-25 06:00:00,296.041,294.64755
Potomje,Suhopolje_2025-03-13_11-08_tf_1h,2021-07-25 07:00:00,298.44318,296.9802
Potomje,Suhopolje_2025-03-13_11-08_tf_1h,2021-07-25 08:00:00,300.7535,299.5373
Potomje,Suhopolje_2025-03-13_11-08_tf_1h,2021-07-25 09:00:00,302.28983,301.9965
Potomje,Suhopolje_2025-03-13_11-08_tf_1h,2021-07-25 10:00:00,303.17404,303.08163
Potomje,Suhopolje_2025-03-13_11-08_tf_1h,2021-07-25 11:00:00,303.6192,303.49304
Potomje,Suhopolje_2025-03-13_11-08_tf_1h,2021-07-25 12:00:00,304.05255,303.53787
Potomje,Suhopolje_2025-03-13_11-08_tf_1h,2021-07-25 13:00:00,303.83893,303.8129
Potomje,Suhopolje_2025-03-13_11-08_tf_1h,2021-07-25 14:00:00,303.6575,303.02148
Potomje,Suhopolje_2025-03-13_11-08_tf_1h,2021-07-25 15:00:00,304.12567,302.7329
Potomje,Suhopolje_2025-03-13_11-08_tf_1h,2021-07-25 16:00:00,304.29816,303.41174
Potomje,Suhopolje_2025-03-13_11-08_tf_1h,2021-07-25 17:00:00,304.07416,303.23456
Potomje,Suhopolje_2025-03-13_11-08_tf_1h,2021-07-25 18:00:00,303.61005,302.81058
Potomje,Suhopolje_2025-03-13_11-08_tf_1h,2021-07-25 19:00:00,302.81195,302.29178
Potomje,Suhopolje_2025-03-13_11-08_tf_1h,2021-07-25 20:00:00,301.93057,301.46002
Potomje,Suhopolje_2025-03-13_11-08_tf_1h,2021-07-25 21:00:00,301.52838,300.68295
Potomje,Suhopolje_2025-03-13_11-08_tf_1h,2021-07-25 22:00:00,301.04657,300.53018
Potomje,Suhopolje_2025-03-13_11-08_tf_1h,2021-07-25 23:00:00,300.54193,299.9298
Potomje,Suhopolje_2025-03-13_11-08_tf_1h,2021-07-26 00:00:00,300.23322,299.5004
Potomje,Suhopolje_2025-03-13_11-08_tf_1h,2021-07-26 01:00:00,299.91818,299.26712
Potomje,Suhopolje_2025-03-13_11-08_tf_1h,2021-07-26 02:00:00,299.62247,298.947
Potomje,Suhopolje_2025-03-13_11-08_tf_1h,2021-07-26 03:00:00,299.34003,298.70776
Potomje,Suhopolje_2025-03-13_11-08_tf_1h,2021-07-26 04:00:00,299.08994,298.47134
Potomje,Suhopolje_2025-03-13_11-08_tf_1h,2021-07-26 05:00:00,298.93253,298.3756
Potomje,Suhopolje_2025-03-13_11-08_tf_1h,2021-07-26 06:00:00,299.42087,298.3428
Potomje,Suhopolje_2025-03-13_11-08_tf_1h,2021-07-26 07:00:00,301.2327,299.01755
Potomje,Suhopolje_2025-03-13_11-08_tf_1h,2021-07-26 08:00:00,302.79443,301.4996
Potomje,Suhopolje_2025-03-13_11-08_tf_1h,2021-07-26 09:00:00,303.37302,302.6643
Potomje,Suhopolje_2025-03-13_11-08_tf_1h,2021-07-26 10:00:00,304.22525,303.1853
Potomje,Suhopolje_2025-03-13_11-08_tf_1h,2021-07-26 11:00:00,304.39795,304.04504
Potomje,Suhopolje_2025-03-13_11-08_tf_1h,2021-07-26 12:00:00,304.36984,303.78772
Potomje,Suhopolje_2025-03-13_11-08_tf_1h,2021-07-26 13:00:00,304.51788,303.58545
Potomje,Suhopolje_2025-03-13_11-08_tf_1h,2021-07-26 14:00:00,304.5063,303.70724
Potomje,Suhopolje_2025-03-13_11-08_tf_1h,2021-07-26 15:00:00,304.22525,303.46567
Potomje,Suhopolje_2025-03-13_11-08_tf_1h,2021-07-26 16:00:00,304.00287,303.0294
Potomje,Suhopolje_2025-03-13_11-08_tf_1h,2021-07-26 17:00:00,303.72226,302.81824
Potomje,Suhopolje_2025-03-13_11-08_tf_1h,2021-07-26 18:00:00,303.3726,302.53302
Potomje,Suhopolje_2025-03-13_11-08_tf_1h,2021-07-26 19:00:00,302.83395,302.2284
Potomje,Suhopolje_2025-03-13_11-08_tf_1h,2021-07-26 20:00:00,302.24155,301.65244
Potomje,Suhopolje_2025-03-13_11-08_tf_1h,2021-07-26 21:00:00,301.91043,301.1224
Potomje,Suhopolje_2025-03-13_11-08_tf_1h,2021-07-26 22:00:00,301.35568,300.9183
Potomje,Suhopolje_2025-03-13_11-08_tf_1h,2021-07-26 23:00:00,300.7478,300.2781
Potomje,Suhopolje_2025-03-13_11-08_tf_1h,2021-07-27 00:00:00,300.22934,299.76746
Potomje,Suhopolje_2025-03-13_11-08_tf_1h,2021-07-27 01:00:00,299.68988,299.3444
Potomje,Suhopolje_2025-03-13_11-08_tf_1h,2021-07-27 02:00:00,299.14087,298.85587
Potomje,Suhopolje_2025-03-13_11-08_tf_1h,2021-07-27 03:00:00,298.64865,298.38037
Potomje,Suhopolje_2025-03-13_11-08_tf_1h,2021-07-27 04:00:00,298.19614,297.98236
Potomje,Suhopolje_2025-03-13_11-08_tf_1h,2021-07-27 05:00:00,297.7966,297.62488
Potomje,Suhopolje_2025-03-13_11-08_tf_1h,2021-07-27 06:00:00,298.25296,297.2867
Potomje,Suhopolje_2025-03-13_11-08_tf_1h,2021-07-27 07:00:00,300.60324,298.0397
Potomje,Suhopolje_2025-03-13_11-08_tf_1h,2021-07-27 08:00:00,303.1382,301.469
Potomje,Suhopolje_2025-03-13_11-08_tf_1h,2021-07-27 09:00:00,304.85736,303.5598
Potomje,Suhopolje_2025-03-13_11-08_tf_1h,2021-07-27 10:00:00,305.63467,305.33295
Potomje,Suhopolje_2025-03-13_11-08_tf_1h,2021-07-27 11:00:00,305.6746,305.5957
Potomje,Suhopolje_2025-03-13_11-08_tf_1h,2021-07-27 12:00:00,305.39948,305.15872
Potomje,Suhopolje_2025-03-13_11-08_tf_1h,2021-07-27 13:00:00,305.17282,304.5493
Potomje,Suhopolje_2025-03-13_11-08_tf_1h,2021-07-27 14:00:00,305.2215,304.18512
Potomje,Suhopolje_2025-03-13_11-08_tf_1h,2021-07-27 15:00:00,305.22495,304.23514
Potomje,Suhopolje_2025-03-13_11-08_tf_1h,2021-07-27 16:00:00,304.86673,304.10526
Potomje,Suhopolje_2025-03-13_11-08_tf_1h,2021-07-27 17:00:00,304.0762,303.58093
Potomje,Suhopolje_2025-03-13_11-08_tf_1h,2021-07-27 18:00:00,303.02884,302.68954
Potomje,Suhopolje_2025-03-13_11-08_tf_1h,2021-07-27 19:00:00,302.03586,301.67197
Potomje,Suhopolje_2025-03-13_11-08_tf_1h,2021-07-27 20:00:00,300.9543,300.81836
Potomje,Suhopolje_2025-03-13_11-08_tf_1h,2021-07-27 21:00:00,300.90298,299.77988
Potomje,Suhopolje_2025-03-13_11-08_tf_1h,2021-07-27 22:00:00,300.75128,300.1685
Potomje,Suhopolje_2025-03-13_11-08_tf_1h,2021-07-27 23:00:00,299.70535,299.78003
Potomje,Suhopolje_2025-03-13_11-08_tf_1h,2021-07-28 00:00:00,298.44827,298.5926
Potomje,Suhopolje_2025-03-13_11-08_tf_1h,2021-07-28 01:00:00,297.77072,297.55667
Potomje,Suhopolje_2025-03-13_11-08_tf_1h,2021-07-28 02:00:00,298.4896,297.15778
Potomje,Suhopolje_2025-03-13_11-08_tf_1h,2021-07-28 03:00:00,298.0984,298.16373
Potomje,Suhopolje_2025-03-13_11-08_tf_1h,2021-07-28 04:00:00,297.53714,297.32477
Potomje,Suhopolje_2025-03-13_11-08_tf_1h,2021-07-28 05:00:00,297.18097,296.9463
Potomje,Suhopolje_2025-03-13_11-08_tf_1h,2021-07-28 06:00:00,297.89047,296.91046
Potomje,Suhopolje_2025-03-13_11-08_tf_1h,2021-07-28 07:00:00,300.43338,298.5762
Potomje,Suhopolje_2025-03-13_11-08_tf_1h,2021-07-28 08:00:00,302.96957,301.5997
Potomje,Suhopolje_2025-03-13_11-08_tf_1h,2021-07-28 09:00:00,304.93332,304.16373
Potomje,Suhopolje_2025-03-13_11-08_tf_1h,2021-07-28 10:00:00,305.93994,305.81223
Potomje,Suhopolje_2025-03-13_11-08_tf_1h,2021-07-28 11:00:00,306.0664,306.21814
Potomje,Suhopolje_2025-03-13_11-08_tf_1h,2021-07-28 12:00:00,305.89108,305.7254
Potomje,Suhopolje_2025-03-13_11-08_tf_1h,2021-07-28 13:00:00,305.88434,305.20853
Potomje,Suhopolje_2025-03-13_11-08_tf_1h,2021-07-28 14:00:00,305.78842,305.08014
Potomje,Suhopolje_2025-03-13_11-08_tf_1h,2021-07-28 15:00:00,305.74222,304.69977
Potomje,Suhopolje_2025-03-13_11-08_tf_1h,2021-07-28 16:00:00,305.61127,304.5584
Potomje,Suhopolje_2025-03-13_11-08_tf_1h,2021-07-28 17:00:00,305.28482,304.3296
Potomje,Suhopolje_2025-03-13_11-08_tf_1h,2021-07-28 18:00:00,304.86673,303.94424
Potomje,Suhopolje_2025-03-13_11-08_tf_1h,2021-07-28 19:00:00,304.0049,303.5401
Potomje,Suhopolje_2025-03-13_11-08_tf_1h,2021-07-28 20:00:00,302.614,302.62717
Potomje,Suhopolje_2025-03-13_11-08_tf_1h,2021-07-28 21:00:00,302.043,301.15903
Potomje,Suhopolje_2025-03-13_11-08_tf_1h,2021-07-28 22:00:00,300.96042,301.12158
Potomje,Suhopolje_2025-03-13_11-08_tf_1h,2021-07-28 23:00:00,299.80026,299.6755
Potomje,Suhopolje_2025-03-13_11-08_tf_1h,2021-07-29 00:00:00,299.30316,298.79694
Potomje,Suhopolje_2025-03-13_11-08_tf_1h,2021-07-29 01:00:00,299.51517,298.57968
Potomje,Suhopolje_2025-03-13_11-08_tf_1h,2021-07-29 02:00:00,298.9598,298.88467
Potomje,Suhopolje_2025-03-13_11-08_tf_1h,2021-07-29 03:00:00,298.38086,298.08197
Potomje,Suhopolje_2025-03-13_11-08_tf_1h,2021-07-29 04:00:00,297.93427,297.66946
Potomje,Suhopolje_2025-03-13_11-08_tf_1h,2021-07-29 05:00:00,297.61353,297.42078
Potomje,Suhopolje_2025-03-13_11-08_tf_1h,2021-07-29 06:00:00,298.43646,297.23987
Potomje,Suhopolje_2025-03-13_11-08_tf_1h,2021-07-29 07:00:00,301.0046,298.79282
Potomje,Suhopolje_2025-03-13_11-08_tf_1h,2021-07-29 08:00:00,303.4954,302.09262
Potomje,Suhopolje_2025-03-13_11-08_tf_1h,2021-07-29 09:00:00,305.20804,304.46567
Potomje,Suhopolje_2025-03-13_11-08_tf_1h,2021-07-29 10:00:00,306.23584,306.00153
Potomje,Suhopolje_2025-03-13_11-08_tf_1h,2021-07-29 11:00:00,306.49976,306.59808
Potomje,Suhopolje_2025-03-13_11-08_tf_1h,2021-07-29 12:00:00,306.16254,306.28836
Potomje,Suhopolje_2025-03-13_11-08_tf_1h,2021-07-29 13:00:00,305.63998,305.4174
Potomje,Suhopolje_2025-03-13_11-08_tf_1h,2021-07-29 14:00:00,305.26956,304.5879
Potomje,Suhopolje_2025-03-13_11-08_tf_1h,2021-07-29 15:00:00,304.87344,304.11993
Potomje,Suhopolje_2025-03-13_11-08_tf_1h,2021-07-29 16:00:00,304.4234,303.6012
Potomje,Suhopolje_2025-03-13_11-08_tf_1h,2021-07-29 17:00:00,303.68356,303.1127
Potomje,Suhopolje_2025-03-13_11-08_tf_1h,2021-07-29 18:00:00,302.9368,302.2778
Potomje,Suhopolje_2025-03-13_11-08_tf_1h,2021-07-29 19:00:00,302.3456,301.67407
Potomje,Suhopolje_2025-03-13_11-08_tf_1h,2021-07-29 20:00:00,301.9019,301.18793
Potomje,Suhopolje_2025-03-13_11-08_tf_1h,2021-07-29 21:00:00,301.2317,300.82755
Potomje,Suhopolje_2025-03-13_11-08_tf_1h,2021-07-29 22:00:00,300.12772,300.1017
Potomje,Suhopolje_2025-03-13_11-08_tf_1h,2021-07-29 23:00:00,299.57993,299.0155
Potomje,Suhopolje_2025-03-13_11-08_tf_1h,2021-07-30 00:00:00,298.24564,298.7969
Potomje,Suhopolje_2025-03-13_11-08_tf_1h,2021-07-30 01:00:00,299.02805,297.28616
Potomje,Suhopolje_2025-03-13_11-08_tf_1h,2021-07-30 02:00:00,296.62747,298.69656
Potomje,Suhopolje_2025-03-13_11-08_tf_1h,2021-07-30 03:00:00,296.27048,295.5842
Potomje,Suhopolje_2025-03-13_11-08_tf_1h,2021-07-30 04:00:00,295.75302,295.9607
Potomje,Suhopolje_2025-03-13_11-08_tf_1h,2021-07-30 05:00:00,295.63266,295.34576
Potomje,Suhopolje_2025-03-13_11-08_tf_1h,2021-07-30 06:00:00,296.33423,295.59354
Potomje,Suhopolje_2025-03-13_11-08_tf_1h,2021-07-30 07:00:00,299.85403,297.16135
Potomje,Suhopolje_2025-03-13_11-08_tf_1h,2021-07-30 08:00:00,301.5573,301.8241
Potomje,Suhopolje_2025-03-13_11-08_tf_1h,2021-07-30 09:00:00,302.80585,302.32837
Potomje,Suhopolje_2025-03-13_11-08_tf_1h,2021-07-30 10:00:00,303.6284,303.4772
Potomje,Suhopolje_2025-03-13_11-08_tf_1h,2021-07-30 11:00:00,304.2289,303.88266
Potomje,Suhopolje_2025-03-13_11-08_tf_1h,2021-07-30 12:00:00,304.40262,304.21036
Potomje,Suhopolje_2025-03-13_11-08_tf_1h,2021-07-30 13:00:00,304.34622,303.99725
Potomje,Suhopolje_2025-03-13_11-08_tf_1h,2021-07-30 14:00:00,304.35336,303.66046
Potomje,Suhopolje_2025-03-13_11-08_tf_1h,2021-07-30 15:00:00,304.38266,303.54898
Potomje,Suhopolje_2025-03-13_11-08_tf_1h,2021-07-30 16:00:00,304.2849,303.4265
Potomje,Suhopolje_2025-03-13_11-08_tf_1h,2021-07-30 17:00:00,303.84872,303.14697
Potomje,Suhopolje_2025-03-13_11-08_tf_1h,2021-07-30 18:00:00,303.11765,302.54572
Potomje,Suhopolje_2025-03-13_11-08_tf_1h,2021-07-30 19:00:00,302.1269,301.75873
Potomje,Suhopolje_2025-03-13_11-08_tf_1h,2021-07-30 20:00:00,301.52655,300.7657
Potomje,Suhopolje_2025-03-13_11-08_tf_1h,2021-07-30 21:00:00,300.90585,300.44852
Potomje,Suhopolje_2025-03-13_11-08_tf_1h,2021-07-30 22:00:00,300.19452,299.78223
Potomje,Suhopolje_2025-03-13_11-08_tf_1h,2021-07-30 23:00:00,299.03598,299.13474
Potomje,Suhopolje_2025-03-13_11-08_tf_1h,2021-07-31 00:00:00,299.73956,297.9532
Potomje,Suhopolje_2025-03-13_11-08_tf_1h,2021-07-31 01:00:00,299.23453,299.26678
Potomje,Suhopolje_2025-03-13_11-08_tf_1h,2021-07-31 02:00:00,298.6904,298.15958
Potomje,Suhopolje_2025-03-13_11-08_tf_1h,2021-07-31 03:00:00,298.2605,297.81155
Potomje,Suhopolje_2025-03-13_11-08_tf_1h,2021-07-31 04:00:00,297.93262,297.53134
Potomje,Suhopolje_2025-03-13_11-08_tf_1h,2021-07-31 05:00:00,296.00983,297.33972
Potomje,Suhopolje_2025-03-13_11-08_tf_1h,2021-07-31 06:00:00,296.86554,295.1971
Potomje,Suhopolje_2025-03-13_11-08_tf_1h,2021-07-31 07:00:00,299.5064,297.27454
Potomje,Suhopolje_2025-03-13_11-08_tf_1h,2021-07-31 08:00:00,301.65384,300.54843
Potomje,Suhopolje_2025-03-13_11-08_tf_1h,2021-07-31 09:00:00,303.3443,302.41403
Potomje,Suhopolje_2025-03-13_11-08_tf_1h,2021-07-31 10:00:00,304.4448,304.0908
Potomje,Suhopolje_2025-03-13_11-08_tf_1h,2021-07-31 11:00:00,305.13007,304.76505
Potomje,Suhopolje_2025-03-13_11-08_tf_1h,2021-07-31 12:00:00,305.4844,305.1054
Potomje,Suhopolje_2025-03-13_11-08_tf_1h,2021-07-31 13:00:00,305.78885,305.13336
Potomje,Suhopolje_2025-03-13_11-08_tf_1h,2021-07-31 14:00:00,305.52368,305.24243
Potomje,Suhopolje_2025-03-13_11-08_tf_1h,2021-07-31 15:00:00,305.28094,304.42932
Potomje,Suhopolje_2025-03-13_11-08_tf_1h,2021-07-31 16:00:00,305.05573,304.10043
Potomje,Suhopolje_2025-03-13_11-08_tf_1h,2021-07-31 17:00:00,304.94595,303.80203
Potomje,Suhopolje_2025-03-13_11-08_tf_1h,2021-07-31 18:00:00,304.43115,303.7132
Potomje,Suhopolje_2025-03-13_11-08_tf_1h,2021-07-31 19:00:00,303.50394,303.05115
Potomje,Suhopolje_2025-03-13_11-08_tf_1h,2021-07-31 20:00:00,303.30316,302.1587
Potomje,Suhopolje_2025-03-13_11-08_tf_1h,2021-07-31 21:00:00,302.49957,302.33987
Potomje,Suhopolje_2025-03-13_11-08_tf_1h,2021-07-31 22:00:00,302.12915,301.125
Potomje,Suhopolje_2025-03-13_11-08_tf_1h,2021-07-31 23:00:00,301.6121,301.19806
Potomje,Suhopolje_2025-03-13_11-08_tf_1h,2021-08-01 00:00:00,300.96347,300.47644
Potomje,Suhopolje_2025-03-13_11-08_tf_1h,2021-08-01 01:00:00,300.52682,299.9118
Potomje,Suhopolje_2025-03-13_11-08_tf_1h,2021-08-01 02:00:00,300.21204,299.60892
Potomje,Suhopolje_2025-03-13_11-08_tf_1h,2021-08-01 03:00:00,300.02866,299.32587
Potomje,Suhopolje_2025-03-13_11-08_tf_1h,2021-08-01 04:00:00,299.86215,299.17773
Potomje,Suhopolje_2025-03-13_11-08_tf_1h,2021-08-01 05:00:00,299.83936,299.1535
Potomje,Suhopolje_2025-03-13_11-08_tf_1h,2021-08-01 06:00:00,300.30212,299.2601
Potomje,Suhopolje_2025-03-13_11-08_tf_1h,2021-08-01 07:00:00,301.81595,299.8393
Potomje,Suhopolje_2025-03-13_11-08_tf_1h,2021-08-01 08:00:00,302.786,301.87997
Potomje,Suhopolje_2025-03-13_11-08_tf_1h,2021-08-01 09:00:00,304.13116,302.47717
Potomje,Suhopolje_2025-03-13_11-08_tf_1h,2021-08-01 10:00:00,304.68323,304.31158
Potomje,Suhopolje_2025-03-13_11-08_tf_1h,2021-08-01 11:00:00,305.15378,304.3836
Potomje,Suhopolje_2025-03-13_11-08_tf_1h,2021-08-01 12:00:00,305.7954,304.677
Potomje,Suhopolje_2025-03-13_11-08_tf_1h,2021-08-01 13:00:00,305.96082,305.26248
Potomje,Suhopolje_2025-03-13_11-08_tf_1h,2021-08-01 14:00:00,305.88226,305.04138
Potomje,Suhopolje_2025-03-13_11-08_tf_1h,2021-08-01 15:00:00,305.71738,304.76617
Potomje,Suhopolje_2025-03-13_11-08_tf_1h,2021-08-01 16:00:00,305.2664,304.50912
Potomje,Suhopolje_2025-03-13_11-08_tf_1h,2021-08-01 17:00:00,304.83286,303.92914
Potomje,Suhopolje_2025-03-13_11-08_tf_1h,2021-08-01 18:00:00,304.151,303.56424
Potomje,Suhopolje_2025-03-13_11-08_tf_1h,2021-08-01 19:00:00,303.24207,302.8619
Potomje,Suhopolje_2025-03-13_11-08_tf_1h,2021-08-01 20:00:00,302.49615,301.95102
Potomje,Suhopolje_2025-03-13_11-08_tf_1h,2021-08-01 21:00:00,302.09988,301.3937
Potomje,Suhopolje_2025-03-13_11-08_tf_1h,2021-08-01 22:00:00,301.69153,301.11124
Potomje,Suhopolje_2025-03-13_11-08_tf_1h,2021-08-01 23:00:00,300.58902,300.6753
Potomje,Suhopolje_2025-03-13_11-08_tf_1h,2021-08-02 00:00:00,299.79214,299.46277
Potomje,Suhopolje_2025-03-13_11-08_tf_1h,2021-08-02 01:00:00,300.28336,298.98572
Potomje,Suhopolje_2025-03-13_11-08_tf_1h,2021-08-02 02:00:00,299.6664,299.7784
Potomje,Suhopolje_2025-03-13_11-08_tf_1h,2021-08-02 03:00:00,298.2593,298.74402
Potomje,Suhopolje_2025-03-13_11-08_tf_1h,2021-08-02 04:00:00,297.09753,297.41635
Potomje,Suhopolje_2025-03-13_11-08_tf_1h,2021-08-02 05:00:00,296.8624,296.5795
Potomje,Suhopolje_2025-03-13_11-08_tf_1h,2021-08-02 06:00:00,298.11774,296.59586
Potomje,Suhopolje_2025-03-13_11-08_tf_1h,2021-08-02 07:00:00,300.1903,298.36737
Potomje,Suhopolje_2025-03-13_11-08_tf_1h,2021-08-02 08:00:00,301.65237,300.8206
Potomje,Suhopolje_2025-03-13_11-08_tf_1h,2021-08-02 09:00:00,302.73184,302.14163
Potomje,Suhopolje_2025-03-13_11-08_tf_1h,2021-08-02 10:00:00,303.3303,303.23322
Potomje,Suhopolje_2025-03-13_11-08_tf_1h,2021-08-02 11:00:00,303.7665,303.47766
Potomje,Suhopolje_2025-03-13_11-08_tf_1h,2021-08-02 12:00:00,303.86493,303.61557
Potomje,Suhopolje_2025-03-13_11-08_tf_1h,2021-08-02 13:00:00,303.67242,303.35538
Potomje,Suhopolje_2025-03-13_11-08_tf_1h,2021-08-02 14:00:00,303.4228,302.8532
Potomje,Suhopolje_2025-03-13_11-08_tf_1h,2021-08-02 15:00:00,303.14822,302.4299
Potomje,Suhopolje_2025-03-13_11-08_tf_1h,2021-08-02 16:00:00,302.71603,302.05457
Potomje,Suhopolje_2025-03-13_11-08_tf_1h,2021-08-02 17:00:00,302.4074,301.53198
Potomje,Suhopolje_2025-03-13_11-08_tf_1h,2021-08-02 18:00:00,302.10284,301.25864
Potomje,Suhopolje_2025-03-13_11-08_tf_1h,2021-08-02 19:00:00,301.63898,301.01013
Potomje,Suhopolje_2025-03-13_11-08_tf_1h,2021-08-02 20:00:00,301.4304,300.50015
Potomje,Suhopolje_2025-03-13_11-08_tf_1h,2021-08-02 21:00:00,300.71155,300.45135
Potomje,Suhopolje_2025-03-13_11-08_tf_1h,2021-08-02 22:00:00,300.07986,299.52502
Potomje,Suhopolje_2025-03-13_11-08_tf_1h,2021-08-02 23:00:00,299.4983,299.11353
Potomje,Suhopolje_2025-03-13_11-08_tf_1h,2021-08-03 00:00:00,299.0929,298.59366
Potomje,Suhopolje_2025-03-13_11-08_tf_1h,2021-08-03 01:00:00,298.6856,298.2734
Potomje,Suhopolje_2025-03-13_11-08_tf_1h,2021-08-03 02:00:00,298.2062,297.8889
Potomje,Suhopolje_2025-03-13_11-08_tf_1h,2021-08-03 03:00:00,297.5724,297.44638
Potomje,Suhopolje_2025-03-13_11-08_tf_1h,2021-08-03 04:00:00,296.74283,296.87946
Potomje,Suhopolje_2025-03-13_11-08_tf_1h,2021-08-03 05:00:00,295.588,296.14508
Potomje,Suhopolje_2025-03-13_11-08_tf_1h,2021-08-03 06:00:00,296.06152,295.02692
Potomje,Suhopolje_2025-03-13_11-08_tf_1h,2021-08-03 07:00:00,299.0122,296.28165
Potomje,Suhopolje_2025-03-13_11-08_tf_1h,2021-08-03 08:00:00,301.4588,300.4511
Potomje,Suhopolje_2025-03-13_11-08_tf_1h,2021-08-03 09:00:00,301.87573,302.23175
Potomje,Suhopolje_2025-03-13_11-08_tf_1h,2021-08-03 10:00:00,301.80896,302.0304
Potomje,Suhopolje_2025-03-13_11-08_tf_1h,2021-08-03 11:00:00,302.79163,301.50235
Potomje,Suhopolje_2025-03-13_11-08_tf_1h,2021-08-03 12:00:00,303.1193,302.8205
Potomje,Suhopolje_2025-03-13_11-08_tf_1h,2021-08-03 13:00:00,303.68744,302.70816
Potomje,Suhopolje_2025-03-13_11-08_tf_1h,2021-08-03 14:00:00,303.25897,303.30923
Potomje,Suhopolje_2025-03-13_11-08_tf_1h,2021-08-03 15:00:00,302.59055,302.2502
Potomje,Suhopolje_2025-03-13_11-08_tf_1h,2021-08-03 16:00:00,302.28006,301.43057
Potomje,Suhopolje_2025-03-13_11-08_tf_1h,2021-08-03 17:00:00,301.66446,301.1919
Potomje,Suhopolje_2025-03-13_11-08_tf_1h,2021-08-03 18:00:00,301.0617,300.42435
Potomje,Suhopolje_2025-03-13_11-08_tf_1h,2021-08-03 19:00:00,300.44717,299.92105
Potomje,Suhopolje_2025-03-13_11-08_tf_1h,2021-08-03 20:00:00,299.83264,299.33224
Potomje,Suhopolje_2025-03-13_11-08_tf_1h,2021-08-03 21:00:00,299.41302,298.78827
Potomje,Suhopolje_2025-03-13_11-08_tf_1h,2021-08-03 22:00:00,298.51456,298.48135
Potomje,Suhopolje_2025-03-13_11-08_tf_1h,2021-08-03 23:00:00,297.1061,297.4841
Potomje,Suhopolje_2025-03-13_11-08_tf_1h,2021-08-04 00:00:00,296.35297,296.15598
Potomje,Suhopolje_2025-03-13_11-08_tf_1h,2021-08-04 01:00:00,296.30847,295.74988
Potomje,Suhopolje_2025-03-13_11-08_tf_1h,2021-08-04 02:00:00,296.24142,295.83377
Potomje,Suhopolje_2025-03-13_11-08_tf_1h,2021-08-04 03:00:00,295.82288,295.6843
Potomje,Suhopolje_2025-03-13_11-08_tf_1h,2021-08-04 04:00:00,295.5215,295.1609
Potomje,Suhopolje_2025-03-13_11-08_tf_1h,2021-08-04 05:00:00,295.29388,295.0192
Potomje,Suhopolje_2025-03-13_11-08_tf_1h,2021-08-04 06:00:00,295.83496,295.18054
Potomje,Suhopolje_2025-03-13_11-08_tf_1h,2021-08-04 07:00:00,298.1955,296.5741
Potomje,Suhopolje_2025-03-13_11-08_tf_1h,2021-08-04 08:00:00,300.8845,299.5218
Potomje,Suhopolje_2025-03-13_11-08_tf_1h,2021-08-04 09:00:00,302.60233,302.31778
Potomje,Suhopolje_2025-03-13_11-08_tf_1h,2021-08-04 10:00:00,303.68985,303.5879
Potomje,Suhopolje_2025-03-13_11-08_tf_1h,2021-08-04 11:00:00,304.27435,304.20898
Potomje,Suhopolje_2025-03-13_11-08_tf_1h,2021-08-04 12:00:00,303.80594,304.321
Potomje,Suhopolje_2025-03-13_11-08_tf_1h,2021-08-04 13:00:00,304.13947,303.02515
Potomje,Suhopolje_2025-03-13_11-08_tf_1h,2021-08-04 14:00:00,304.71515,303.72952
Potomje,Suhopolje_2025-03-13_11-08_tf_1h,2021-08-04 15:00:00,304.6918,304.192
Potomje,Suhopolje_2025-03-13_11-08_tf_1h,2021-08-04 16:00:00,304.41913,303.64893
Potomje,Suhopolje_2025-03-13_11-08_tf_1h,2021-08-04 17:00:00,304.17862,303.19803
Potomje,Suhopolje_2025-03-13_11-08_tf_1h,2021-08-04 18:00:00,303.83167,302.92868
Potomje,Suhopolje_2025-03-13_11-08_tf_1h,2021-08-04 19:00:00,303.12598,302.52426
Potomje,Suhopolje_2025-03-13_11-08_tf_1h,2021-08-04 20:00:00,302.19775,301.76492
Potomje,Suhopolje_2025-03-13_11-08_tf_1h,2021-08-04 21:00:00,301.9154,300.89603
Potomje,Suhopolje_2025-03-13_11-08_tf_1h,2021-08-04 22:00:00,301.55237,300.9613
Potomje,Suhopolje_2025-03-13_11-08_tf_1h,2021-08-04 23:00:00,301.28586,300.42294
Potomje,Suhopolje_2025-03-13_11-08_tf_1h,2021-08-05 00:00:00,301.01907,300.27737
Potomje,Suhopolje_2025-03-13_11-08_tf_1h,2021-08-05 01:00:00,300.68607,299.98355
Potomje,Suhopolje_2025-03-13_11-08_tf_1h,2021-08-05 02:00:00,300.41232,299.6567
Potomje,Suhopolje_2025-03-13_11-08_tf_1h,2021-08-05 03:00:00,300.17746,299.4412
Potomje,Suhopolje_2025-03-13_11-08_tf_1h,2021-08-05 04:00:00,299.9769,299.24326
Potomje,Suhopolje_2025-03-13_11-08_tf_1h,2021-08-05 05:00:00,299.68546,299.1754
Potomje,Suhopolje_2025-03-13_11-08_tf_1h,2021-08-05 06:00:00,299.4723,299.00092
Potomje,Suhopolje_2025-03-13_11-08_tf_1h,2021-08-05 07:00:00,299.8458,298.8848
Potomje,Suhopolje_2025-03-13_11-08_tf_1h,2021-08-05 08:00:00,295.2861,299.43906
Potomje,Suhopolje_2025-03-13_11-08_tf_1h,2021-08-05 09:00:00,295.0094,293.92953
Potomje,Suhopolje_2025-03-13_11-08_tf_1h,2021-08-05 10:00:00,295.5033,295.24423
Potomje,Suhopolje_2025-03-13_11-08_tf_1h,2021-08-05 11:00:00,297.7177,295.45074
Potomje,Suhopolje_2025-03-13_11-08_tf_1h,2021-08-05 12:00:00,299.01193,298.72162
Potomje,Suhopolje_2025-03-13_11-08_tf_1h,2021-08-05 13:00:00,299.95947,299.2149
Potomje,Suhopolje_2025-03-13_11-08_tf_1h,2021-08-05 14:00:00,300.1536,300.13196
Potomje,Suhopolje_2025-03-13_11-08_tf_1h,2021-08-05 15:00:00,299.9997,299.9212
Potomje,Suhopolje_2025-03-13_11-08_tf_1h,2021-08-05 16:00:00,299.7892,299.46796
Potomje,Suhopolje_2025-03-13_11-08_tf_1h,2021-08-05 17:00:00,299.538,299.11603
Potomje,Suhopolje_2025-03-13_11-08_tf_1h,2021-08-05 18:00:00,299.08218,298.7608
Potomje,Suhopolje_2025-03-13_11-08_tf_1h,2021-08-05 19:00:00,298.42526,298.17584
Potomje,Suhopolje_2025-03-13_11-08_tf_1h,2021-08-05 20:00:00,298.48587,297.4311
Potomje,Suhopolje_2025-03-13_11-08_tf_1h,2021-08-05 21:00:00,297.8802,297.7822
Potomje,Suhopolje_2025-03-13_11-08_tf_1h,2021-08-05 22:00:00,297.49783,296.84546
Potomje,Suhopolje_2025-03-13_11-08_tf_1h,2021-08-05 23:00:00,297.2265,296.65585
Potomje,Suhopolje_2025-03-13_11-08_tf_1h,2021-08-06 00:00:00,296.9517,296.40176
Potomje,Suhopolje_2025-03-13_11-08_tf_1h,2021-08-06 01:00:00,296.6664,296.12628
Potomje,Suhopolje_2025-03-13_11-08_tf_1h,2021-08-06 02:00:00,296.45163,295.86215
Potomje,Suhopolje_2025-03-13_11-08_tf_1h,2021-08-06 03:00:00,296.27307,295.68842
Potomje,Suhopolje_2025-03-13_11-08_tf_1h,2021-08-06 04:00:00,295.99368,295.53842
Potomje,Suhopolje_2025-03-13_11-08_tf_1h,2021-08-06 05:00:00,295.73413,295.25867
Potomje,Suhopolje_2025-03-13_11-08_tf_1h,2021-08-06 06:00:00,295.89447,295.07788
Potomje,Suhopolje_2025-03-13_11-08_tf_1h,2021-08-06 07:00:00,296.95786,295.42053
Potomje,Suhopolje_2025-03-13_11-08_tf_1h,2021-08-06 08:00:00,297.93167,296.9045
Potomje,Suhopolje_2025-03-13_11-08_tf_1h,2021-08-06 09:00:00,298.8977,297.73483
Potomje,Suhopolje_2025-03-13_11-08_tf_1h,2021-08-06 10:00:00,299.45352,299.23877
Potomje,Suhopolje_2025-03-13_11-08_tf_1h,2021-08-06 11:00:00,299.21704,299.45947
Potomje,Suhopolje_2025-03-13_11-08_tf_1h,2021-08-06 12:00:00,299.24652,298.6908
Potomje,Suhopolje_2025-03-13_11-08_tf_1h,2021-08-06 13:00:00,299.31732,298.65326
Potomje,Suhopolje_2025-03-13_11-08_tf_1h,2021-08-06 14:00:00,299.2492,298.6388
Potomje,Suhopolje_2025-03-13_11-08_tf_1h,2021-08-06 15:00:00,299.24573,298.4169
Potomje,Suhopolje_2025-03-13_11-08_tf_1h,2021-08-06 16:00:00,299.14706,298.35648
Potomje,Suhopolje_2025-03-13_11-08_tf_1h,2021-08-06 17:00:00,299.0028,298.15717
Potomje,Suhopolje_2025-03-13_11-08_tf_1h,2021-08-06 18:00:00,298.6918,298.0064
Potomje,Suhopolje_2025-03-13_11-08_tf_1h,2021-08-06 19:00:00,298.2451,297.67944
Potomje,Suhopolje_2025-03-13_11-08_tf_1h,2021-08-06 20:00:00,298.00003,297.23877
Potomje,Suhopolje_2025-03-13_11-08_tf_1h,2021-08-06 21:00:00,297.47855,297.10947
Potomje,Suhopolje_2025-03-13_11-08_tf_1h,2021-08-06 22:00:00,297.00906,296.52554
Potomje,Suhopolje_2025-03-13_11-08_tf_1h,2021-08-06 23:00:00,296.4519,296.15662
Potomje,Suhopolje_2025-03-13_11-08_tf_1h,2021-08-07 00:00:00,295.45877,295.64395
Potomje,Suhopolje_2025-03-13_11-08_tf_1h,2021-08-07 01:00:00,294.58148,294.646
Potomje,Suhopolje_2025-03-13_11-08_tf_1h,2021-08-07 02:00:00,294.31577,293.9185
Potomje,Suhopolje_2025-03-13_11-08_tf_1h,2021-08-07 03:00:00,293.657,293.8608
Potomje,Suhopolje_2025-03-13_11-08_tf_1h,2021-08-07 04:00:00,293.7739,293.0429
Potomje,Suhopolje_2025-03-13_11-08_tf_1h,2021-08-07 05:00:00,293.46075,293.54858
Potomje,Suhopolje_2025-03-13_11-08_tf_1h,2021-08-07 06:00:00,294.05945,293.05206
Potomje,Suhopolje_2025-03-13_11-08_tf_1h,2021-08-07 07:00:00,296.69,294.4558
Potomje,Suhopolje_2025-03-13_11-08_tf_1h,2021-08-07 08:00:00,298.47702,298.0537
Potomje,Suhopolje_2025-03-13_11-08_tf_1h,2021-08-07 09:00:00,299.87903,299.32364
Potomje,Suhopolje_2025-03-13_11-08_tf_1h,2021-08-07 10:00:00,301.01773,300.54034
Potomje,Suhopolje_2025-03-13_11-08_tf_1h,2021-08-07 11:00:00,301.6993,301.4568
Potomje,Suhopolje_2025-03-13_11-08_tf_1h,2021-08-07 12:00:00,301.89288,301.79288
Potomje,Suhopolje_2025-03-13_11-08_tf_1h,2021-08-07 13:00:00,301.78217,301.60126
Potomje,Suhopolje_2025-03-13_11-08_tf_1h,2021-08-07 14:00:00,301.7076,301.1609
Potomje,Suhopolje_2025-03-13_11-08_tf_1h,2021-08-07 15:00:00,301.56094,300.94345
Potomje,Suhopolje_2025-03-13_11-08_tf_1h,2021-08-07 16:00:00,301.31027,300.6084
Potomje,Suhopolje_2025-03-13_11-08_tf_1h,2021-08-07 17:00:00,300.91748,300.20697
Potomje,Suhopolje_2025-03-13_11-08_tf_1h,2021-08-07 18:00:00,300.3981,299.73053
Potomje,Suhopolje_2025-03-13_11-08_tf_1h,2021-08-07 19:00:00,299.72406,299.21436
Potomje,Suhopolje_2025-03-13_11-08_tf_1h,2021-08-07 20:00:00,299.03015,298.54196
Potomje,Suhopolje_2025-03-13_11-08_tf_1h,2021-08-07 21:00:00,298.62424,297.9406
Potomje,Suhopolje_2025-03-13_11-08_tf_1h,2021-08-07 22:00:00,298.13998,297.6784
Potomje,Suhopolje_2025-03-13_11-08_tf_1h,2021-08-07 23:00:00,297.57266,297.16064
Potomje,Suhopolje_2025-03-13_11-08_tf_1h,2021-08-08 00:00:00,296.9643,296.64017
Potomje,Suhopolje_2025-03-13_11-08_tf_1h,2021-08-08 01:00:00,296.66776,296.09982
Potomje,Suhopolje_2025-03-13_11-08_tf_1h,2021-08-08 02:00:00,296.39615,295.9319
Potomje,Suhopolje_2025-03-13_11-08_tf_1h,2021-08-08 03:00:00,296.15616,295.7332
Potomje,Suhopolje_2025-03-13_11-08_tf_1h,2021-08-08 04:00:00,296.05963,295.5408
Potomje,Suhopolje_2025-03-13_11-08_tf_1h,2021-08-08 05:00:00,296.01675,295.5507
Potomje,Suhopolje_2025-03-13_11-08_tf_1h,2021-08-08 06:00:00,296.4551,295.6263
Potomje,Suhopolje_2025-03-13_11-08_tf_1h,2021-08-08 07:00:00,298.37808,296.64978
Potomje,Suhopolje_2025-03-13_11-08_tf_1h,2021-08-08 08:00:00,300.41742,299.32614
Potomje,Suhopolje_2025-03-13_11-08_tf_1h,2021-08-08 09:00:00,301.83792,301.35977
Potomje,Suhopolje_2025-03-13_11-08_tf_1h,2021-08-08 10:00:00,302.7718,302.44305
Potomje,Suhopolje_2025-03-13_11-08_tf_1h,2021-08-08 11:00:00,303.23376,302.99207
Potomje,Suhopolje_2025-03-13_11-08_tf_1h,2021-08-08 12:00:00,303.4759,303.08087
Potomje,Suhopolje_2025-03-13_11-08_tf_1h,2021-08-08 13:00:00,303.59064,303.0588
Potomje,Suhopolje_2025-03-13_11-08_tf_1h,2021-08-08 14:00:00,303.59064,302.93298
Potomje,Suhopolje_2025-03-13_11-08_tf_1h,2021-08-08 15:00:00,303.6349,302.70505
Potomje,Suhopolje_2025-03-13_11-08_tf_1h,2021-08-08 16:00:00,303.61237,302.63986
Potomje,Suhopolje_2025-03-13_11-08_tf_1h,2021-08-08 17:00:00,303.29034,302.48093
Potomje,Suhopolje_2025-03-13_11-08_tf_1h,2021-08-08 18:00:00,302.6911,302.02158
Potomje,Suhopolje_2025-03-13_11-08_tf_1h,2021-08-08 19:00:00,301.93365,301.40402
Potomje,Suhopolje_2025-03-13_11-08_tf_1h,2021-08-08 20:00:00,301.4454,300.71262
Potomje,Suhopolje_2025-03-13_11-08_tf_1h,2021-08-08 21:00:00,301.00354,300.38434
Potomje,Suhopolje_2025-03-13_11-08_tf_1h,2021-08-08 22:00:00,300.64426,299.93094
Potomje,Suhopolje_2025-03-13_11-08_tf_1h,2021-08-08 23:00:00,300.31714,299.63657
Potomje,Suhopolje_2025-03-13_11-08_tf_1h,2021-08-09 00:00:00,299.97394,299.32535
Potomje,Suhopolje_2025-03-13_11-08_tf_1h,2021-08-09 01:00:00,299.67795,299.00296
Potomje,Suhopolje_2025-03-13_11-08_tf_1h,2021-08-09 02:00:00,299.3468,298.75793
Potomje,Suhopolje_2025-03-13_11-08_tf_1h,2021-08-09 03:00:00,298.91592,298.4538
Potomje,Suhopolje_2025-03-13_11-08_tf_1h,2021-08-09 04:00:00,298.4805,298.0647
Potomje,Suhopolje_2025-03-13_11-08_tf_1h,2021-08-09 05:00:00,298.0821,297.7644
Potomje,Suhopolje_2025-03-13_11-08_tf_1h,2021-08-09 06:00:00,298.092,297.49463
Potomje,Suhopolje_2025-03-13_11-08_tf_1h,2021-08-09 07:00:00,299.79404,297.6533
Potomje,Suhopolje_2025-03-13_11-08_tf_1h,2021-08-09 08:00:00,301.70334,300.25662
Potomje,Suhopolje_2025-03-13_11-08_tf_1h,2021-08-09 09:00:00,302.69296,301.79425
Potomje,Suhopolje_2025-03-13_11-08_tf_1h,2021-08-09 10:00:00,303.31635,302.78192
Potomje,Suhopolje_2025-03-13_11-08_tf_1h,2021-08-09 11:00:00,303.5885,303.13617
Potomje,Suhopolje_2025-03-13_11-08_tf_1h,2021-08-09 12:00:00,303.79977,303.1271
Potomje,Suhopolje_2025-03-13_11-08_tf_1h,2021-08-09 13:00:00,304.0207,303.1883
Potomje,Suhopolje_2025-03-13_11-08_tf_1h,2021-08-09 14:00:00,304.21964,303.28775
Potomje,Suhopolje_2025-03-13_11-08_tf_1h,2021-08-09 15:00:00,304.0609,303.34332
Potomje,Suhopolje_2025-03-13_11-08_tf_1h,2021-08-09 16:00:00,303.57535,302.9399
Potomje,Suhopolje_2025-03-13_11-08_tf_1h,2021-08-09 17:00:00,302.94714,302.32626
Potomje,Suhopolje_2025-03-13_11-08_tf_1h,2021-08-09 18:00:00,302.0527,301.70575
Potomje,Suhopolje_2025-03-13_11-08_tf_1h,2021-08-09 19:00:00,301.13678,300.80118
Potomje,Suhopolje_2025-03-13_11-08_tf_1h,2021-08-09 20:00:00,300.04553,300.00284
Potomje,Suhopolje_2025-03-13_11-08_tf_1h,2021-08-09 21:00:00,299.04572,298.93323
Potomje,Suhopolje_2025-03-13_11-08_tf_1h,2021-08-09 22:00:00,298.46548,298.10696
Potomje,Suhopolje_2025-03-13_11-08_tf_1h,2021-08-09 23:00:00,298.25635,297.71808
Potomje,Suhopolje_2025-03-13_11-08_tf_1h,2021-08-10 00:00:00,298.93445,297.60037
Potomje,Suhopolje_2025-03-13_11-08_tf_1h,2021-08-10 01:00:00,298.7953,298.479
Potomje,Suhopolje_2025-03-13_11-08_tf_1h,2021-08-10 02:00:00,298.54083,297.96762
Potomje,Suhopolje_2025-03-13_11-08_tf_1h,2021-08-10 03:00:00,297.7204,297.77722
Potomje,Suhopolje_2025-03-13_11-08_tf_1h,2021-08-10 04:00:00,296.33392,296.9208
Potomje,Suhopolje_2025-03-13_11-08_tf_1h,2021-08-10 05:00:00,296.9935,295.5887
Potomje,Suhopolje_2025-03-13_11-08_tf_1h,2021-08-10 06:00:00,297.219,297.23944
Potomje,Suhopolje_2025-03-13_11-08_tf_1h,2021-08-10 07:00:00,299.42886,297.16718
Potomje,Suhopolje_2025-03-13_11-08_tf_1h,2021-08-10 08:00:00,301.88806,300.71866
Potomje,Suhopolje_2025-03-13_11-08_tf_1h,2021-08-10 09:00:00,303.07022,302.8733
Potomje,Suhopolje_2025-03-13_11-08_tf_1h,2021-08-10 10:00:00,303.67883,303.61157
Potomje,Suhopolje_2025-03-13_11-08_tf_1h,2021-08-10 11:00:00,303.84268,303.76346
Potomje,Suhopolje_2025-03-13_11-08_tf_1h,2021-08-10 12:00:00,303.84802,303.51288
Potomje,Suhopolje_2025-03-13_11-08_tf_1h,2021-08-10 13:00:00,303.86224,303.24048
Potomje,Suhopolje_2025-03-13_11-08_tf_1h,2021-08-10 14:00:00,303.87805,303.0664
Potomje,Suhopolje_2025-03-13_11-08_tf_1h,2021-08-10 15:00:00,303.8845,302.91653
Potomje,Suhopolje_2025-03-13_11-08_tf_1h,2021-08-10 16:00:00,303.6499,302.792
Potomje,Suhopolje_2025-03-13_11-08_tf_1h,2021-08-10 17:00:00,303.31982,302.41788
Potomje,Suhopolje_2025-03-13_11-08_tf_1h,2021-08-10 18:00:00,302.99863,302.07626
Potomje,Suhopolje_2025-03-13_11-08_tf_1h,2021-08-10 19:00:00,302.70102,301.85925
Potomje,Suhopolje_2025-03-13_11-08_tf_1h,2021-08-10 20:00:00,301.4057,301.5881
Potomje,Suhopolje_2025-03-13_11-08_tf_1h,2021-08-10 21:00:00,300.7869,299.96274
Potomje,Suhopolje_2025-03-13_11-08_tf_1h,2021-08-10 22:00:00,299.56693,299.91168
Potomje,Suhopolje_2025-03-13_11-08_tf_1h,2021-08-10 23:00:00,300.108,298.38785
Potomje,Suhopolje_2025-03-13_11-08_tf_1h,2021-08-11 00:00:00,298.7159,299.61475
Potomje,Suhopolje_2025-03-13_11-08_tf_1h,2021-08-11 01:00:00,299.59268,297.44733
Potomje,Suhopolje_2025-03-13_11-08_tf_1h,2021-08-11 02:00:00,299.20013,299.25583
Potomje,Suhopolje_2025-03-13_11-08_tf_1h,2021-08-11 03:00:00,297.9593,298.213
Potomje,Suhopolje_2025-03-13_11-08_tf_1h,2021-08-11 04:00:00,296.8522,297.01062
Potomje,Suhopolje_2025-03-13_11-08_tf_1h,2021-08-11 05:00:00,296.91574,296.2402
Potomje,Suhopolje_2025-03-13_11-08_tf_1h,2021-08-11 06:00:00,297.14554,296.69998
Potomje,Suhopolje_2025-03-13_11-08_tf_1h,2021-08-11 07:00:00,299.7069,296.97723
Potomje,Suhopolje_2025-03-13_11-08_tf_1h,2021-08-11 08:00:00,302.08298,300.99905
Potomje,Suhopolje_2025-03-13_11-08_tf_1h,2021-08-11 09:00:00,303.4,302.65506
Potomje,Suhopolje_2025-03-13_11-08_tf_1h,2021-08-11 10:00:00,304.25558,303.91727
Potomje,Suhopolje_2025-03-13_11-08_tf_1h,2021-08-11 11:00:00,304.54703,304.40524
Potomje,Suhopolje_2025-03-13_11-08_tf_1h,2021-08-11 12:00:00,304.76367,304.28564
Potomje,Suhopolje_2025-03-13_11-08_tf_1h,2021-08-11 13:00:00,304.8449,304.32568
Potomje,Suhopolje_2025-03-13_11-08_tf_1h,2021-08-11 14:00:00,305.01517,304.15158
Potomje,Suhopolje_2025-03-13_11-08_tf_1h,2021-08-11 15:00:00,304.8342,304.20737
Potomje,Suhopolje_2025-03-13_11-08_tf_1h,2021-08-11 16:00:00,304.4221,303.70007
Potomje,Suhopolje_2025-03-13_11-08_tf_1h,2021-08-11 17:00:00,303.9207,303.15817
Potomje,Suhopolje_2025-03-13_11-08_tf_1h,2021-08-11 18:00:00,303.50912,302.6262
Potomje,Suhopolje_2025-03-13_11-08_tf_1h,2021-08-11 19:00:00,302.95975,302.28558
Potomje,Suhopolje_2025-03-13_11-08_tf_1h,2021-08-11 20:00:00,302.90692,301.74826
Potomje,Suhopolje_2025-03-13_11-08_tf_1h,2021-08-11 21:00:00,302.37363,301.9449
Potomje,Suhopolje_2025-03-13_11-08_tf_1h,2021-08-11 22:00:00,302.21277,301.11627
Potomje,Suhopolje_2025-03-13_11-08_tf_1h,2021-08-11 23:00:00,301.56552,301.25613
Potomje,Suhopolje_2025-03-13_11-08_tf_1h,2021-08-12 00:00:00,300.7357,300.36996
Potomje,Suhopolje_2025-03-13_11-08_tf_1h,2021-08-12 01:00:00,299.90744,299.66034
Potomje,Suhopolje_2025-03-13_11-08_tf_1h,2021-08-12 02:00:00,299.27307,298.9251
Potomje,Suhopolje_2025-03-13_11-08_tf_1h,2021-08-12 03:00:00,298.7111,298.42874
Potomje,Suhopolje_2025-03-13_11-08_tf_1h,2021-08-12 04:00:00,298.2137,297.9691
Potomje,Suhopolje_2025-03-13_11-08_tf_1h,2021-08-12 05:00:00,297.8102,297.60165
Potomje,Suhopolje_2025-03-13_11-08_tf_1h,2021-08-12 06:00:00,297.9432,297.3409
Potomje,Suhopolje_2025-03-13_11-08_tf_1h,2021-08-12 07:00:00,299.62592,297.612
Potomje,Suhopolje_2025-03-13_11-08_tf_1h,2021-08-12 08:00:00,302.46185,300.1354
Potomje,Suhopolje_2025-03-13_11-08_tf_1h,2021-08-12 09:00:00,304.05957,302.98605
Potomje,Suhopolje_2025-03-13_11-08_tf_1h,2021-08-12 10:00:00,305.4994,304.4998
Potomje,Suhopolje_2025-03-13_11-08_tf_1h,2021-08-12 11:00:00,306.56168,305.8533
Potomje,Suhopolje_2025-03-13_11-08_tf_1h,2021-08-12 12:00:00,306.83063,306.634
Potomje,Suhopolje_2025-03-13_11-08_tf_1h,2021-08-12 13:00:00,306.481,306.34375
Potomje,Suhopolje_2025-03-13_11-08_tf_1h,2021-08-12 14:00:00,306.3826,305.48102
Potomje,Suhopolje_2025-03-13_11-08_tf_1h,2021-08-12 15:00:00,306.18552,305.38406
Potomje,Suhopolje_2025-03-13_11-08_tf_1h,2021-08-12 16:00:00,305.6962,304.98944
Potomje,Suhopolje_2025-03-13_11-08_tf_1h,2021-08-12 17:00:00,304.91302,304.35663
Potomje,Suhopolje_2025-03-13_11-08_tf_1h,2021-08-12 18:00:00,304.1757,303.50165
Potomje,Suhopolje_2025-03-13_11-08_tf_1h,2021-08-12 19:00:00,303.40857,302.84622
Potomje,Suhopolje_2025-03-13_11-08_tf_1h,2021-08-12 20:00:00,302.9938,302.14407
Potomje,Suhopolje_2025-03-13_11-08_tf_1h,2021-08-12 21:00:00,302.70987,301.90927
Potomje,Suhopolje_2025-03-13_11-08_tf_1h,2021-08-12 22:00:00,302.36237,301.60834
Potomje,Suhopolje_2025-03-13_11-08_tf_1h,2021-08-12 23:00:00,301.94168,301.25656
Potomje,Suhopolje_2025-03-13_11-08_tf_1h,2021-08-13 00:00:00,301.22043,300.8573
Potomje,Suhopolje_2025-03-13_11-08_tf_1h,2021-08-13 01:00:00,300.3949,300.11282
Potomje,Suhopolje_2025-03-13_11-08_tf_1h,2021-08-13 02:00:00,299.69162,299.39896
Potomje,Suhopolje_2025-03-13_11-08_tf_1h,2021-08-13 03:00:00,298.97546,298.83612
Potomje,Suhopolje_2025-03-13_11-08_tf_1h,2021-08-13 04:00:00,298.33118,298.20508
Potomje,Suhopolje_2025-03-13_11-08_tf_1h,2021-08-13 05:00:00,297.81558,297.72214
Potomje,Suhopolje_2025-03-13_11-08_tf_1h,2021-08-13 06:00:00,297.83167,297.36624
Potomje,Suhopolje_2025-03-13_11-08_tf_1h,2021-08-13 07:00:00,299.5031,297.56833
Potomje,Suhopolje_2025-03-13_11-08_tf_1h,2021-08-13 08:00:00,302.37686,300.27966
Potomje,Suhopolje_2025-03-13_11-08_tf_1h,2021-08-13 09:00:00,304.162,303.15698
Potomje,Suhopolje_2025-03-13_11-08_tf_1h,2021-08-13 10:00:00,305.4455,304.8905
Potomje,Suhopolje_2025-03-13_11-08_tf_1h,2021-08-13 11:00:00,306.17856,305.80933
Potomje,Suhopolje_2025-03-13_11-08_tf_1h,2021-08-13 12:00:00,306.2764,306.11426
Potomje,Suhopolje_2025-03-13_11-08_tf_1h,2021-08-13 13:00:00,306.20563,305.73175
Potomje,Suhopolje_2025-03-13_11-08_tf_1h,2021-08-13 14:00:00,306.2638,305.41608
Potomje,Suhopolje_2025-03-13_11-08_tf_1h,2021-08-13 15:00:00,305.9032,305.36627
Potomje,Suhopolje_2025-03-13_11-08_tf_1h,2021-08-13 16:00:00,305.2479,304.65823
Potomje,Suhopolje_2025-03-13_11-08_tf_1h,2021-08-13 17:00:00,304.6347,303.89178
Potomje,Suhopolje_2025-03-13_11-08_tf_1h,2021-08-13 18:00:00,303.8818,303.3141
Potomje,Suhopolje_2025-03-13_11-08_tf_1h,2021-08-13 19:00:00,303.02115,302.51974
Potomje,Suhopolje_2025-03-13_11-08_tf_1h,2021-08-13 20:00:00,303.3555,301.75818
Potomje,Suhopolje_2025-03-13_11-08_tf_1h,2021-08-13 21:00:00,303.1434,302.58972
Potomje,Suhopolje_2025-03-13_11-08_tf_1h,2021-08-13 22:00:00,303.25494,301.82056
Potomje,Suhopolje_2025-03-13_11-08_tf_1h,2021-08-13 23:00:00,302.5254,302.3243
Potomje,Suhopolje_2025-03-13_11-08_tf_1h,2021-08-14 00:00:00,301.52316,301.15018
Potomje,Suhopolje_2025-03-13_11-08_tf_1h,2021-08-14 01:00:00,300.58527,300.3695
Potomje,Suhopolje_2025-03-13_11-08_tf_1h,2021-08-14 02:00:00,299.7884,299.57053
Potomje,Suhopolje_2025-03-13_11-08_tf_1h,2021-08-14 03:00:00,299.05133,298.90668
Potomje,Suhopolje_2025-03-13_11-08_tf_1h,2021-08-14 04:00:00,298.3754,298.27585
Potomje,Suhopolje_2025-03-13_11-08_tf_1h,2021-08-14 05:00:00,297.83112,297.75504
Potomje,Suhopolje_2025-03-13_11-08_tf_1h,2021-08-14 06:00:00,297.86035,297.38623
Potomje,Suhopolje_2025-03-13_11-08_tf_1h,2021-08-14 07:00:00,299.66534,297.57675
Potomje,Suhopolje_2025-03-13_11-08_tf_1h,2021-08-14 08:00:00,302.3098,300.28024
Potomje,Suhopolje_2025-03-13_11-08_tf_1h,2021-08-14 09:00:00,304.6154,302.78683
Potomje,Suhopolje_2025-03-13_11-08_tf_1h,2021-08-14 10:00:00,306.34772,305.40616
Potomje,Suhopolje_2025-03-13_11-08_tf_1h,2021-08-14 11:00:00,307.32153,306.834
Potomje,Suhopolje_2025-03-13_11-08_tf_1h,2021-08-14 12:00:00,307.16522,307.3376
Potomje,Suhopolje_2025-03-13_11-08_tf_1h,2021-08-14 13:00:00,306.5834,306.44427
Potomje,Suhopolje_2025-03-13_11-08_tf_1h,2021-08-14 14:00:00,306.0496,305.47833
Potomje,Suhopolje_2025-03-13_11-08_tf_1h,2021-08-14 15:00:00,305.22723,304.85184
Potomje,Suhopolje_2025-03-13_11-08_tf_1h,2021-08-14 16:00:00,304.7114,303.85443
Potomje,Suhopolje_2025-03-13_11-08_tf_1h,2021-08-14 17:00:00,304.39957,303.48853
Potomje,Suhopolje_2025-03-13_11-08_tf_1h,2021-08-14 18:00:00,303.81317,303.17667
Potomje,Suhopolje_2025-03-13_11-08_tf_1h,2021-08-14 19:00:00,303.11472,302.50616
Potomje,Suhopolje_2025-03-13_11-08_tf_1h,2021-08-14 20:00:00,302.19104,301.89832
Potomje,Suhopolje_2025-03-13_11-08_tf_1h,2021-08-14 21:00:00,301.7347,300.9105
Potomje,Suhopolje_2025-03-13_11-08_tf_1h,2021-08-14 22:00:00,300.6177,300.75763
Potomje,Suhopolje_2025-03-13_11-08_tf_1h,2021-08-14 23:00:00,299.85812,299.35678
Potomje,Suhopolje_2025-03-13_11-08_tf_1h,2021-08-15 00:00:00,298.97278,298.98663
Potomje,Suhopolje_2025-03-13_11-08_tf_1h,2021-08-15 01:00:00,298.3175,298.09497
Potomje,Suhopolje_2025-03-13_11-08_tf_1h,2021-08-15 02:00:00,297.7748,297.62
Potomje,Suhopolje_2025-03-13_11-08_tf_1h,2021-08-15 03:00:00,297.1997,297.13943
Potomje,Suhopolje_2025-03-13_11-08_tf_1h,2021-08-15 04:00:00,296.2827,296.5972
Potomje,Suhopolje_2025-03-13_11-08_tf_1h,2021-08-15 05:00:00,295.7465,295.7262
Potomje,Suhopolje_2025-03-13_11-08_tf_1h,2021-08-15 06:00:00,296.71545,295.4724
Potomje,Suhopolje_2025-03-13_11-08_tf_1h,2021-08-15 07:00:00,299.62244,297.5947
Potomje,Suhopolje_2025-03-13_11-08_tf_1h,2021-08-15 08:00:00,302.38544,301.13724
Potomje,Suhopolje_2025-03-13_11-08_tf_1h,2021-08-15 09:00:00,304.41565,303.85153
Potomje,Suhopolje_2025-03-13_11-08_tf_1h,2021-08-15 10:00:00,305.69244,305.44418
Potomje,Suhopolje_2025-03-13_11-08_tf_1h,2021-08-15 11:00:00,306.1225,306.20847
Potomje,Suhopolje_2025-03-13_11-08_tf_1h,2021-08-15 12:00:00,306.0584,306.00674
Potomje,Suhopolje_2025-03-13_11-08_tf_1h,2021-08-15 13:00:00,305.62247,305.518
Potomje,Suhopolje_2025-03-13_11-08_tf_1h,2021-08-15 14:00:00,304.9307,304.68033
Potomje,Suhopolje_2025-03-13_11-08_tf_1h,2021-08-15 15:00:00,304.1454,303.70978
Potomje,Suhopolje_2025-03-13_11-08_tf_1h,2021-08-15 16:00:00,303.92392,302.81973
Potomje,Suhopolje_2025-03-13_11-08_tf_1h,2021-08-15 17:00:00,303.40106,302.76956
Potomje,Suhopolje_2025-03-13_11-08_tf_1h,2021-08-15 18:00:00,302.54684,302.0428
Potomje,Suhopolje_2025-03-13_11-08_tf_1h,2021-08-15 19:00:00,301.56845,301.19284
Potomje,Suhopolje_2025-03-13_11-08_tf_1h,2021-08-15 20:00:00,301.05286,300.28177
Potomje,Suhopolje_2025-03-13_11-08_tf_1h,2021-08-15 21:00:00,299.97583,300.04755
Potomje,Suhopolje_2025-03-13_11-08_tf_1h,2021-08-15 22:00:00,299.07468,298.7348
Potomje,Suhopolje_2025-03-13_11-08_tf_1h,2021-08-15 23:00:00,298.35986,298.13892
Potomje,Suhopolje_2025-03-13_11-08_tf_1h,2021-08-16 00:00:00,298.08154,297.52725
Potomje,Suhopolje_2025-03-13_11-08_tf_1h,2021-08-16 01:00:00,298.18878,297.4002
Potomje,Suhopolje_2025-03-13_11-08_tf_1h,2021-08-16 02:00:00,297.68686,297.56107
Potomje,Suhopolje_2025-03-13_11-08_tf_1h,2021-08-16 03:00:00,296.78223,296.88522
Potomje,Suhopolje_2025-03-13_11-08_tf_1h,2021-08-16 04:00:00,296.4597,296.0307
Potomje,Suhopolje_2025-03-13_11-08_tf_1h,2021-08-16 05:00:00,297.23026,296.07733
Potomje,Suhopolje_2025-03-13_11-08_tf_1h,2021-08-16 06:00:00,297.40695,297.65836
Potomje,Suhopolje_2025-03-13_11-08_tf_1h,2021-08-16 07:00:00,299.55032,297.57843
Potomje,Suhopolje_2025-03-13_11-08_tf_1h,2021-08-16 08:00:00,301.97736,301.03287
Potomje,Suhopolje_2025-03-13_11-08_tf_1h,2021-08-16 09:00:00,303.44183,303.1436
Potomje,Suhopolje_2025-03-13_11-08_tf_1h,2021-08-16 10:00:00,304.62317,304.1064
Potomje,Suhopolje_2025-03-13_11-08_tf_1h,2021-08-16 11:00:00,305.15326,304.99063
Potomje,Suhopolje_2025-03-13_11-08_tf_1h,2021-08-16 12:00:00,305.06638,305.00174
Potomje,Suhopolje_2025-03-13_11-08_tf_1h,2021-08-16 13:00:00,304.66876,304.4087
Potomje,Suhopolje_2025-03-13_11-08_tf_1h,2021-08-16 14:00:00,304.46283,303.6726
Potomje,Suhopolje_2025-03-13_11-08_tf_1h,2021-08-16 15:00:00,304.38348,303.42303
Potomje,Suhopolje_2025-03-13_11-08_tf_1h,2021-08-16 16:00:00,304.46713,303.2453
Potomje,Suhopolje_2025-03-13_11-08_tf_1h,2021-08-16 17:00:00,304.19016,303.3115
Potomje,Suhopolje_2025-03-13_11-08_tf_1h,2021-08-16 18:00:00,303.52228,302.87906
Potomje,Suhopolje_2025-03-13_11-08_tf_1h,2021-08-16 19:00:00,302.62164,302.15927
Potomje,Suhopolje_2025-03-13_11-08_tf_1h,2021-08-16 20:00:00,302.072,301.33115
Potomje,Suhopolje_2025-03-13_11-08_tf_1h,2021-08-16 21:00:00,301.66498,301.00662
Potomje,Suhopolje_2025-03-13_11-08_tf_1h,2021-08-16 22:00:00,301.2486,300.6015
Potomje,Suhopolje_2025-03-13_11-08_tf_1h,2021-08-16 23:00:00,300.8976,300.20978
Potomje,Suhopolje_2025-03-13_11-08_tf_1h,2021-08-17 00:00:00,300.63943,299.90768
Potomje,Suhopolje_2025-03-13_11-08_tf_1h,2021-08-17 01:00:00,300.42303,299.6826
Potomje,Suhopolje_2025-03-13_11-08_tf_1h,2021-08-17 02:00:00,300.2241,299.48553
Potomje,Suhopolje_2025-03-13_11-08_tf_1h,2021-08-17 03:00:00,300.05652,299.32428
Potomje,Suhopolje_2025-03-13_11-08_tf_1h,2021-08-17 04:00:00,299.9037,299.23676
Potomje,Suhopolje_2025-03-13_11-08_tf_1h,2021-08-17 05:00:00,299.7045,299.16647
Potomje,Suhopolje_2025-03-13_11-08_tf_1h,2021-08-17 06:00:00,299.78412,299.0582
Potomje,Suhopolje_2025-03-13_11-08_tf_1h,2021-08-17 07:00:00,300.63327,299.31177
Potomje,Suhopolje_2025-03-13_11-08_tf_1h,2021-08-17 08:00:00,301.54968,300.6939
Potomje,Suhopolje_2025-03-13_11-08_tf_1h,2021-08-17 09:00:00,302.42752,301.35806
Potomje,Suhopolje_2025-03-13_11-08_tf_1h,2021-08-17 10:00:00,303.0793,302.21002
Potomje,Suhopolje_2025-03-13_11-08_tf_1h,2021-08-17 11:00:00,303.68127,302.65625
Potomje,Suhopolje_2025-03-13_11-08_tf_1h,2021-08-17 12:00:00,303.94427,303.165
Potomje,Suhopolje_2025-03-13_11-08_tf_1h,2021-08-17 13:00:00,303.733,303.2128
Potomje,Suhopolje_2025-03-13_11-08_tf_1h,2021-08-17 14:00:00,303.4531,302.7301
Potomje,Suhopolje_2025-03-13_11-08_tf_1h,2021-08-17 15:00:00,302.91846,302.3673
Potomje,Suhopolje_2025-03-13_11-08_tf_1h,2021-08-17 16:00:00,302.56964,301.71826
Potomje,Suhopolje_2025-03-13_11-08_tf_1h,2021-08-17 17:00:00,300.15762,301.5047
Potomje,Suhopolje_2025-03-13_11-08_tf_1h,2021-08-17 18:00:00,299.54898,298.4358
Potomje,Suhopolje_2025-03-13_11-08_tf_1h,2021-08-17 19:00:00,299.37173,298.9616
Potomje,Suhopolje_2025-03-13_11-08_tf_1h,2021-08-17 20:00:00,301.14697,298.55368
Potomje,Suhopolje_2025-03-13_11-08_tf_1h,2021-08-17 21:00:00,300.40857,301.04865
Potomje,Suhopolje_2025-03-13_11-08_tf_1h,2021-08-17 22:00:00,299.764,299.0806
Potomje,Suhopolje_2025-03-13_11-08_tf_1h,2021-08-17 23:00:00,299.18863,298.82062
Potomje,Suhopolje_2025-03-13_11-08_tf_1h,2021-08-18 00:00:00,298.67383,298.37927
Potomje,Suhopolje_2025-03-13_11-08_tf_1h,2021-08-18 01:00:00,298.18048,297.9228
Potomje,Suhopolje_2025-03-13_11-08_tf_1h,2021-08-18 02:00:00,297.80994,297.49814
Potomje,Suhopolje_2025-03-13_11-08_tf_1h,2021-08-18 03:00:00,297.36942,297.18683
Potomje,Suhopolje_2025-03-13_11-08_tf_1h,2021-08-18 04:00:00,296.71146,296.75143
Potomje,Suhopolje_2025-03-13_11-08_tf_1h,2021-08-18 05:00:00,295.99368,296.1025
Potomje,Suhopolje_2025-03-13_11-08_tf_1h,2021-08-18 06:00:00,295.56363,295.56158
Potomje,Suhopolje_2025-03-13_11-08_tf_1h,2021-08-18 07:00:00,295.90762,295.45334
Potomje,Suhopolje_2025-03-13_11-08_tf_1h,2021-08-18 08:00:00,298.09387,296.29544
Potomje,Suhopolje_2025-03-13_11-08_tf_1h,2021-08-18 09:00:00,299.33502,299.16647
Potomje,Suhopolje_2025-03-13_11-08_tf_1h,2021-08-18 10:00:00,300.78314,299.7754
Potomje,Suhopolje_2025-03-13_11-08_tf_1h,2021-08-18 11:00:00,301.71085,301.2681
Potomje,Suhopolje_2025-03-13_11-08_tf_1h,2021-08-18 12:00:00,302.24466,301.83755
Potomje,Suhopolje_2025-03-13_11-08_tf_1h,2021-08-18 13:00:00,302.7863,302.0551
Potomje,Suhopolje_2025-03-13_11-08_tf_1h,2021-08-18 14:00:00,302.74255,302.48373
Potomje,Suhopolje_2025-03-13_11-08_tf_1h,2021-08-18 15:00:00,302.4506,301.99118
Potomje,Suhopolje_2025-03-13_11-08_tf_1h,2021-08-18 16:00:00,301.99344,301.40613
Potomje,Suhopolje_2025-03-13_11-08_tf_1h,2021-08-18 17:00:00,301.49203,300.9079
Potomje,Suhopolje_2025-03-13_11-08_tf_1h,2021-08-18 18:00:00,300.89468,300.39526
Potomje,Suhopolje_2025-03-13_11-08_tf_1h,2021-08-18 19:00:00,300.25842,299.7516
Potomje,Suhopolje_2025-03-13_11-08_tf_1h,2021-08-18 20:00:00,299.6927,299.09558
Potomje,Suhopolje_2025-03-13_11-08_tf_1h,2021-08-18 21:00:00,298.87653,298.6385
Potomje,Suhopolje_2025-03-13_11-08_tf_1h,2021-08-18 22:00:00,297.93945,297.7838
Potomje,Suhopolje_2025-03-13_11-08_tf_1h,2021-08-18 23:00:00,297.05087,296.9488
Potomje,Suhopolje_2025-03-13_11-08_tf_1h,2021-08-19 00:00:00,296.3398,296.19586
Potomje,Suhopolje_2025-03-13_11-08_tf_1h,2021-08-19 01:00:00,295.7773,295.62994
Potomje,Suhopolje_2025-03-13_11-08_tf_1h,2021-08-19 02:00:00,295.25232,295.14307
Potomje,Suhopolje_2025-03-13_11-08_tf_1h,2021-08-19 03:00:00,294.78232,294.65057
Potomje,Suhopolje_2025-03-13_11-08_tf_1h,2021-08-19 04:00:00,294.33884,294.21603
Potomje,Suhopolje_2025-03-13_11-08_tf_1h,2021-08-19 05:00:00,293.93826,293.79547
Potomje,Suhopolje_2025-03-13_11-08_tf_1h,2021-08-19 06:00:00,293.93265,293.46182
Potomje,Suhopolje_2025-03-13_11-08_tf_1h,2021-08-19 07:00:00,295.09253,294.06717
Potomje,Suhopolje_2025-03-13_11-08_tf_1h,2021-08-19 08:00:00,296.8289,296.3159
Potomje,Suhopolje_2025-03-13_11-08_tf_1h,2021-08-19 09:00:00,298.63333,297.9067
Potomje,Suhopolje_2025-03-13_11-08_tf_1h,2021-08-19 10:00:00,300.25815,299.84076
Potomje,Suhopolje_2025-03-13_11-08_tf_1h,2021-08-19 11:00:00,301.4108,301.2109
Potomje,Suhopolje_2025-03-13_11-08_tf_1h,2021-08-19 12:00:00,302.1307,301.98944
Potomje,Suhopolje_2025-03-13_11-08_tf_1h,2021-08-19 13:00:00,302.12643,302.30505
Potomje,Suhopolje_2025-03-13_11-08_tf_1h,2021-08-19 14:00:00,301.6363,301.7263
Potomje,Suhopolje_2025-03-13_11-08_tf_1h,2021-08-19 15:00:00,301.0644,300.8087
Potomje,Suhopolje_2025-03-13_11-08_tf_1h,2021-08-19 16:00:00,300.5445,300.02997
Potomje,Suhopolje_2025-03-13_11-08_tf_1h,2021-08-19 17:00:00,300.06134,299.42978
Potomje,Suhopolje_2025-03-13_11-08_tf_1h,2021-08-19 18:00:00,299.37497,298.9163
Potomje,Suhopolje_2025-03-13_11-08_tf_1h,2021-08-19 19:00:00,298.61673,298.1295
Potomje,Suhopolje_2025-03-13_11-08_tf_1h,2021-08-19 20:00:00,298.2266,297.47888
Potomje,Suhopolje_2025-03-13_11-08_tf_1h,2021-08-19 21:00:00,298.01453,297.27844
Potomje,Suhopolje_2025-03-13_11-08_tf_1h,2021-08-19 22:00:00,297.79144,297.0962
Potomje,Suhopolje_2025-03-13_11-08_tf_1h,2021-08-19 23:00:00,297.41312,296.87634
Potomje,Suhopolje_2025-03-13_11-08_tf_1h,2021-08-20 00:00:00,296.81332,296.4954
Potomje,Suhopolje_2025-03-13_11-08_tf_1h,2021-08-20 01:00:00,296.19962,295.92038
Potomje,Suhopolje_2025-03-13_11-08_tf_1h,2021-08-20 02:00:00,295.65826,295.40115
Potomje,Suhopolje_2025-03-13_11-08_tf_1h,2021-08-20 03:00:00,295.1904,294.93973
Potomje,Suhopolje_2025-03-13_11-08_tf_1h,2021-08-20 04:00:00,294.6992,294.55585
Potomje,Suhopolje_2025-03-13_11-08_tf_1h,2021-08-20 05:00:00,294.25705,294.106
Potomje,Suhopolje_2025-03-13_11-08_tf_1h,2021-08-20 06:00:00,294.2863,293.7464
Potomje,Suhopolje_2025-03-13_11-08_tf_1h,2021-08-20 07:00:00,295.86337,294.30826
Potomje,Suhopolje_2025-03-13_11-08_tf_1h,2021-08-20 08:00:00,298.49017,297.11505
Potomje,Suhopolje_2025-03-13_11-08_tf_1h,2021-08-20 09:00:00,300.32224,299.8332
Potomje,Suhopolje_2025-03-13_11-08_tf_1h,2021-08-20 10:00:00,301.68082,301.34183
Potomje,Suhopolje_2025-03-13_11-08_tf_1h,2021-08-20 11:00:00,302.4707,302.31485
Potomje,Suhopolje_2025-03-13_11-08_tf_1h,2021-08-20 12:00:00,302.84552,302.6387
Potomje,Suhopolje_2025-03-13_11-08_tf_1h,2021-08-20 13:00:00,302.8426,302.62994
Potomje,Suhopolje_2025-03-13_11-08_tf_1h,2021-08-20 14:00:00,302.04303,302.25284
Potomje,Suhopolje_2025-03-13_11-08_tf_1h,2021-08-20 15:00:00,301.5406,300.89822
Potomje,Suhopolje_2025-03-13_11-08_tf_1h,2021-08-20 16:00:00,301.3159,300.44537
Potomje,Suhopolje_2025-03-13_11-08_tf_1h,2021-08-20 17:00:00,300.9105,300.20938
Potomje,Suhopolje_2025-03-13_11-08_tf_1h,2021-08-20 18:00:00,300.2032,299.7202
Potomje,Suhopolje_2025-03-13_11-08_tf_1h,2021-08-20 19:00:00,299.43234,298.9961
Potomje,Suhopolje_2025-03-13_11-08_tf_1h,2021-08-20 20:00:00,298.99344,298.3059
Potomje,Suhopolje_2025-03-13_11-08_tf_1h,2021-08-20 21:00:00,298.57944,298.03854
Potomje,Suhopolje_2025-03-13_11-08_tf_1h,2021-08-20 22:00:00,298.18317,297.60242
Potomje,Suhopolje_2025-03-13_11-08_tf_1h,2021-08-20 23:00:00,297.78635,297.25085
Potomje,Suhopolje_2025-03-13_11-08_tf_1h,2021-08-21 00:00:00,297.41043,296.8939
Potomje,Suhopolje_2025-03-13_11-08_tf_1h,2021-08-21 01:00:00,296.9833,296.57172
Potomje,Suhopolje_2025-03-13_11-08_tf_1h,2021-08-21 02:00:00,296.5267,296.18533
Potomje,Suhopolje_2025-03-13_11-08_tf_1h,2021-08-21 03:00:00,296.1468,295.7754
Potomje,Suhopolje_2025-03-13_11-08_tf_1h,2021-08-21 04:00:00,295.9009,295.47717
Potomje,Suhopolje_2025-03-13_11-08_tf_1h,2021-08-21 05:00:00,295.59125,295.3322
Potomje,Suhopolje_2025-03-13_11-08_tf_1h,2021-08-21 06:00:00,295.588,295.071
Potomje,Suhopolje_2025-03-13_11-08_tf_1h,2021-08-21 07:00:00,297.0262,295.7347
Potomje,Suhopolje_2025-03-13_11-08_tf_1h,2021-08-21 08:00:00,299.4377,298.10446
Potomje,Suhopolje_2025-03-13_11-08_tf_1h,2021-08-21 09:00:00,301.07028,300.5359
Potomje,Suhopolje_2025-03-13_11-08_tf_1h,2021-08-21 10:00:00,302.4833,301.843
Potomje,Suhopolje_2025-03-13_11-08_tf_1h,2021-08-21 11:00:00,303.10883,303.00336
Potomje,Suhopolje_2025-03-13_11-08_tf_1h,2021-08-21 12:00:00,303.3949,303.0979
Potomje,Suhopolje_2025-03-13_11-08_tf_1h,2021-08-21 13:00:00,303.0839,303.04822
Potomje,Suhopolje_2025-03-13_11-08_tf_1h,2021-08-21 14:00:00,302.61334,302.23633
Potomje,Suhopolje_2025-03-13_11-08_tf_1h,2021-08-21 15:00:00,302.2428,301.5437
Potomje,Suhopolje_2025-03-13_11-08_tf_1h,2021-08-21 16:00:00,301.83875,301.11652
Potomje,Suhopolje_2025-03-13_11-08_tf_1h,2021-08-21 17:00:00,301.3328,300.65472
Potomje,Suhopolje_2025-03-13_11-08_tf_1h,2021-08-21 18:00:00,300.61368,300.13858
Potomje,Suhopolje_2025-03-13_11-08_tf_1h,2021-08-21 19:00:00,299.93185,299.4213
Potomje,Suhopolje_2025-03-13_11-08_tf_1h,2021-08-21 20:00:00,300.234,298.84555
Potomje,Suhopolje_2025-03-13_11-08_tf_1h,2021-08-21 21:00:00,300.00104,299.49573
Potomje,Suhopolje_2025-03-13_11-08_tf_1h,2021-08-21 22:00:00,299.64014,298.88498
Potomje,Suhopolje_2025-03-13_11-08_tf_1h,2021-08-21 23:00:00,299.01917,298.63538
Potomje,Suhopolje_2025-03-13_11-08_tf_1h,2021-08-22 00:00:00,298.32285,297.99106
Potomje,Suhopolje_2025-03-13_11-08_tf_1h,2021-08-22 01:00:00,297.6756,297.38684
Potomje,Suhopolje_2025-03-13_11-08_tf_1h,2021-08-22 02:00:00,297.1112,296.85104
Potomje,Suhopolje_2025-03-13_11-08_tf_1h,2021-08-22 03:00:00,296.46613,296.38394
Potomje,Suhopolje_2025-03-13_11-08_tf_1h,2021-08-22 04:00:00,295.71136,295.76804
Potomje,Suhopolje_2025-03-13_11-08_tf_1h,2021-08-22 05:00:00,295.02496,295.08392
Potomje,Suhopolje_2025-03-13_11-08_tf_1h,2021-08-22 06:00:00,295.41614,294.53085
Potomje,Suhopolje_2025-03-13_11-08_tf_1h,2021-08-22 07:00:00,297.61905,295.6737
Potomje,Suhopolje_2025-03-13_11-08_tf_1h,2021-08-22 08:00:00,299.8699,298.8958
Potomje,Suhopolje_2025-03-13_11-08_tf_1h,2021-08-22 09:00:00,301.7379,300.83862
Potomje,Suhopolje_2025-03-13_11-08_tf_1h,2021-08-22 10:00:00,302.9965,302.5958
Potomje,Suhopolje_2025-03-13_11-08_tf_1h,2021-08-22 11:00:00,303.71933,303.426
Potomje,Suhopolje_2025-03-13_11-08_tf_1h,2021-08-22 12:00:00,303.76035,303.751
Potomje,Suhopolje_2025-03-13_11-08_tf_1h,2021-08-22 13:00:00,303.51343,303.29855
Potomje,Suhopolje_2025-03-13_11-08_tf_1h,2021-08-22 14:00:00,303.06244,302.73514
Potomje,Suhopolje_2025-03-13_11-08_tf_1h,2021-08-22 15:00:00,302.55515,302.0205
Potomje,Suhopolje_2025-03-13_11-08_tf_1h,2021-08-22 16:00:00,301.98914,301.41006
Potomje,Suhopolje_2025-03-13_11-08_tf_1h,2021-08-22 17:00:00,301.48563,300.79584
Potomje,Suhopolje_2025-03-13_11-08_tf_1h,2021-08-22 18:00:00,300.71664,300.31714
Potomje,Suhopolje_2025-03-13_11-08_tf_1h,2021-08-22 19:00:00,299.93613,299.49387
Potomje,Suhopolje_2025-03-13_11-08_tf_1h,2021-08-22 20:00:00,299.6557,298.8183
Potomje,Suhopolje_2025-03-13_11-08_tf_1h,2021-08-22 21:00:00,298.86365,298.7477
Potomje,Suhopolje_2025-03-13_11-08_tf_1h,2021-08-22 22:00:00,298.9961,297.73697
Potomje,Suhopolje_2025-03-13_11-08_tf_1h,2021-08-22 23:00:00,297.6791,298.28207
Potomje,Suhopolje_2025-03-13_11-08_tf_1h,2021-08-23 00:00:00,296.49722,296.49936
Potomje,Suhopolje_2025-03-13_11-08_tf_1h,2021-08-23 01:00:00,295.87222,295.68732
Potomje,Suhopolje_2025-03-13_11-08_tf_1h,2021-08-23 02:00:00,297.41418,295.2875
Potomje,Suhopolje_2025-03-13_11-08_tf_1h,2021-08-23 03:00:00,297.00235,297.5517
Potomje,Suhopolje_2025-03-13_11-08_tf_1h,2021-08-23 04:00:00,293.97528,296.12982
Potomje,Suhopolje_2025-03-13_11-08_tf_1h,2021-08-23 05:00:00,294.1903,292.96783
Potomje,Suhopolje_2025-03-13_11-08_tf_1h,2021-08-23 06:00:00,294.6335,294.473
Potomje,Suhopolje_2025-03-13_11-08_tf_1h,2021-08-23 07:00:00,296.93585,295.0225
Potomje,Suhopolje_2025-03-13_11-08_tf_1h,2021-08-23 08:00:00,299.58972,298.5891
Potomje,Suhopolje_2025-03-13_11-08_tf_1h,2021-08-23 09:00:00,301.50894,300.80762
Potomje,Suhopolje_2025-03-13_11-08_tf_1h,2021-08-23 10:00:00,302.871,302.51294
Potomje,Suhopolje_2025-03-13_11-08_tf_1h,2021-08-23 11:00:00,303.2917,303.44995
Potomje,Suhopolje_2025-03-13_11-08_tf_1h,2021-08-23 12:00:00,303.23376,303.22147
Potomje,Suhopolje_2025-03-13_11-08_tf_1h,2021-08-23 13:00:00,303.1772,302.74417
Potomje,Suhopolje_2025-03-13_11-08_tf_1h,2021-08-23 14:00:00,302.7793,302.52762
Potomje,Suhopolje_2025-03-13_11-08_tf_1h,2021-08-23 15:00:00,302.59027,301.75217
Potomje,Suhopolje_2025-03-13_11-08_tf_1h,2021-08-23 16:00:00,302.45273,301.56332
Potomje,Suhopolje_2025-03-13_11-08_tf_1h,2021-08-23 17:00:00,302.1251,301.34326
Potomje,Suhopolje_2025-03-13_11-08_tf_1h,2021-08-23 18:00:00,301.6658,300.9216
Potomje,Suhopolje_2025-03-13_11-08_tf_1h,2021-08-23 19:00:00,300.9963,300.4642
Potomje,Suhopolje_2025-03-13_11-08_tf_1h,2021-08-23 20:00:00,300.11444,299.79352
Potomje,Suhopolje_2025-03-13_11-08_tf_1h,2021-08-23 21:00:00,299.17172,298.92316
Potomje,Suhopolje_2025-03-13_11-08_tf_1h,2021-08-23 22:00:00,298.29013,298.07428
Potomje,Suhopolje_2025-03-13_11-08_tf_1h,2021-08-23 23:00:00,298.57034,297.31696
Potomje,Suhopolje_2025-03-13_11-08_tf_1h,2021-08-24 00:00:00,296.9565,297.9565
Potomje,Suhopolje_2025-03-13_11-08_tf_1h,2021-08-24 01:00:00,296.91415,295.82462
Potomje,Suhopolje_2025-03-13_11-08_tf_1h,2021-08-24 02:00:00,297.00638,296.3878
Potomje,Suhopolje_2025-03-13_11-08_tf_1h,2021-08-24 03:00:00,296.5326,296.45834
Potomje,Suhopolje_2025-03-13_11-08_tf_1h,2021-08-24 04:00:00,295.94058,295.75177
Potomje,Suhopolje_2025-03-13_11-08_tf_1h,2021-08-24 05:00:00,295.39685,295.2913
Potomje,Suhopolje_2025-03-13_11-08_tf_1h,2021-08-24 06:00:00,295.92102,294.94653
Potomje,Suhopolje_2025-03-13_11-08_tf_1h,2021-08-24 07:00:00,297.67642,296.5205
Potomje,Suhopolje_2025-03-13_11-08_tf_1h,2021-08-24 08:00:00,299.43314,298.72302
Potomje,Suhopolje_2025-03-13_11-08_tf_1h,2021-08-24 09:00:00,301.1274,300.40253
Potomje,Suhopolje_2025-03-13_11-08_tf_1h,2021-08-24 10:00:00,302.42242,301.95584
Potomje,Suhopolje_2025-03-13_11-08_tf_1h,2021-08-24 11:00:00,302.9659,302.94528
Potomje,Suhopolje_2025-03-13_11-08_tf_1h,2021-08-24 12:00:00,303.44586,302.97656
Potomje,Suhopolje_2025-03-13_11-08_tf_1h,2021-08-24 13:00:00,303.12894,303.2797
Potomje,Suhopolje_2025-03-13_11-08_tf_1h,2021-08-24 14:00:00,302.25406,302.3596
Potomje,Suhopolje_2025-03-13_11-08_tf_1h,2021-08-24 15:00:00,301.8012,301.10516
Potomje,Suhopolje_2025-03-13_11-08_tf_1h,2021-08-24 16:00:00,301.7256,300.73383
Potomje,Suhopolje_2025-03-13_11-08_tf_1h,2021-08-24 17:00:00,301.29767,300.65356
Potomje,Suhopolje_2025-03-13_11-08_tf_1h,2021-08-24 18:00:00,300.71692,300.0774
Potomje,Suhopolje_2025-03-13_11-08_tf_1h,2021-08-24 19:00:00,300.03992,299.5412
Potomje,Suhopolje_2025-03-13_11-08_tf_1h,2021-08-24 20:00:00,299.39267,298.8991
Potomje,Suhopolje_2025-03-13_11-08_tf_1h,2021-08-24 21:00:00,299.15994,298.35587
Potomje,Suhopolje_2025-03-13_11-08_tf_1h,2021-08-24 22:00:00,298.34244,298.2945
Potomje,Suhopolje_2025-03-13_11-08_tf_1h,2021-08-24 23:00:00,297.76517,297.27176
Potomje,Suhopolje_2025-03-13_11-08_tf_1h,2021-08-25 00:00:00,297.57104,296.94846
Potomje,Suhopolje_2025-03-13_11-08_tf_1h,2021-08-25 01:00:00,297.39087,296.87085
Potomje,Suhopolje_2025-03-13_11-08_tf_1h,2021-08-25 02:00:00,297.0163,296.6729
Potomje,Suhopolje_2025-03-13_11-08_tf_1h,2021-08-25 03:00:00,296.49506,296.27347
Potomje,Suhopolje_2025-03-13_11-08_tf_1h,2021-08-25 04:00:00,295.24536,295.77914
Potomje,Suhopolje_2025-03-13_11-08_tf_1h,2021-08-25 05:00:00,294.24902,294.5073
Potomje,Suhopolje_2025-03-13_11-08_tf_1h,2021-08-25 06:00:00,293.57443,293.78735
Potomje,Suhopolje_2025-03-13_11-08_tf_1h,2021-08-25 07:00:00,293.56317,293.48883
Potomje,Suhopolje_2025-03-13_11-08_tf_1h,2021-08-25 08:00:00,295.38263,294.0945
Potomje,Suhopolje_2025-03-13_11-08_tf_1h,2021-08-25 09:00:00,295.2837,296.817
Potomje,Suhopolje_2025-03-13_11-08_tf_1h,2021-08-25 10:00:00,296.11407,295.30765
Potomje,Suhopolje_2025-03-13_11-08_tf_1h,2021-08-25 11:00:00,297.14795,296.5773
Potomje,Suhopolje_2025-03-13_11-08_tf_1h,2021-08-25 12:00:00,297.89734,297.57443
Potomje,Suhopolje_2025-03-13_11-08_tf_1h,2021-08-25 13:00:00,298.45905,298.1226
Potomje,Suhopolje_2025-03-13_11-08_tf_1h,2021-08-25 14:00:00,298.6178,298.53012
Potomje,Suhopolje_2025-03-13_11-08_tf_1h,2021-08-25 15:00:00,298.6768,298.3881
Potomje,Suhopolje_2025-03-13_11-08_tf_1h,2021-08-25 16:00:00,298.4344,298.27475
Potomje,Suhopolje_2025-03-13_11-08_tf_1h,2021-08-25 17:00:00,297.92844,297.77216
Potomje,Suhopolje_2025-03-13_11-08_tf_1h,2021-08-25 18:00:00,297.00986,297.03937
Potomje,Suhopolje_2025-03-13_11-08_tf_1h,2021-08-25 19:00:00,296.78384,295.87497
Potomje,Suhopolje_2025-03-13_11-08_tf_1h,2021-08-25 20:00:00,297.12595,295.9388
Potomje,Suhopolje_2025-03-13_11-08_tf_1h,2021-08-25 21:00:00,296.6313,296.4789
Potomje,Suhopolje_2025-03-13_11-08_tf_1h,2021-08-25 22:00:00,296.04892,295.56085
Potomje,Suhopolje_2025-03-13_11-08_tf_1h,2021-08-25 23:00:00,295.60812,295.10254
Potomje,Suhopolje_2025-03-13_11-08_tf_1h,2021-08-26 00:00:00,295.12686,294.76816
Potomje,Suhopolje_2025-03-13_11-08_tf_1h,2021-08-26 01:00:00,294.9944,294.29877
Potomje,Suhopolje_2025-03-13_11-08_tf_1h,2021-08-26 02:00:00,294.7834,294.36002
Potomje,Suhopolje_2025-03-13_11-08_tf_1h,2021-08-26 03:00:00,294.81824,294.17618
Potomje,Suhopolje_2025-03-13_11-08_tf_1h,2021-08-26 04:00:00,294.19272,294.35458
Potomje,Suhopolje_2025-03-13_11-08_tf_1h,2021-08-26 05:00:00,293.97205,293.45676
Potomje,Suhopolje_2025-03-13_11-08_tf_1h,2021-08-26 06:00:00,293.61142,293.48782
Potomje,Suhopolje_2025-03-13_11-08_tf_1h,2021-08-26 07:00:00,295.48587,293.13086
Potomje,Suhopolje_2025-03-13_11-08_tf_1h,2021-08-26 08:00:00,296.29236,296.2479
Potomje,Suhopolje_2025-03-13_11-08_tf_1h,2021-08-26 09:00:00,297.06912,296.39548
Potomje,Suhopolje_2025-03-13_11-08_tf_1h,2021-08-26 10:00:00,297.9727,297.39822
Potomje,Suhopolje_2025-03-13_11-08_tf_1h,2021-08-26 11:00:00,298.32742,298.20703
Potomje,Suhopolje_2025-03-13_11-08_tf_1h,2021-08-26 12:00:00,298.45663,298.1891
Potomje,Suhopolje_2025-03-13_11-08_tf_1h,2021-08-26 13:00:00,298.62503,298.07272
Potomje,Suhopolje_2025-03-13_11-08_tf_1h,2021-08-26 14:00:00,298.66632,298.13074
Potomje,Suhopolje_2025-03-13_11-08_tf_1h,2021-08-26 15:00:00,298.68295,297.98758
Potomje,Suhopolje_2025-03-13_11-08_tf_1h,2021-08-26 16:00:00,298.3341,297.87823
Potomje,Suhopolje_2025-03-13_11-08_tf_1h,2021-08-26 17:00:00,297.8236,297.3149
Potomje,Suhopolje_2025-03-13_11-08_tf_1h,2021-08-26 18:00:00,297.2324,296.70612
Potomje,Suhopolje_2025-03-13_11-08_tf_1h,2021-08-26 19:00:00,296.68518,296.20166
Potomje,Suhopolje_2025-03-13_11-08_tf_1h,2021-08-26 20:00:00,296.07867,295.71475
Potomje,Suhopolje_2025-03-13_11-08_tf_1h,2021-08-26 21:00:00,295.8505,295.14252
Potomje,Suhopolje_2025-03-13_11-08_tf_1h,2021-08-26 22:00:00,295.57114,295.07477
Potomje,Suhopolje_2025-03-13_11-08_tf_1h,2021-08-26 23:00:00,295.41507,294.7961
Potomje,Suhopolje_2025-03-13_11-08_tf_1h,2021-08-27 00:00:00,295.17163,294.77664
Potomje,Suhopolje_2025-03-13_11-08_tf_1h,2021-08-27 01:00:00,294.8464,294.54172
Potomje,Suhopolje_2025-03-13_11-08_tf_1h,2021-08-27 02:00:00,294.59302,294.21442
Potomje,Suhopolje_2025-03-13_11-08_tf_1h,2021-08-27 03:00:00,294.297,294.02618
Potomje,Suhopolje_2025-03-13_11-08_tf_1h,2021-08-27 04:00:00,294.0758,293.74924
Potomje,Suhopolje_2025-03-13_11-08_tf_1h,2021-08-27 05:00:00,293.91977,293.5951
Potomje,Suhopolje_2025-03-13_11-08_tf_1h,2021-08-27 06:00:00,293.96616,293.62024
Potomje,Suhopolje_2025-03-13_11-08_tf_1h,2021-08-27 07:00:00,294.65335,293.9172
Potomje,Suhopolje_2025-03-13_11-08_tf_1h,2021-08-27 08:00:00,295.954,295.0562
Potomje,Suhopolje_2025-03-13_11-08_tf_1h,2021-08-27 09:00:00,297.36807,296.53336
Potomje,Suhopolje_2025-03-13_11-08_tf_1h,2021-08-27 10:00:00,297.93195,297.8934
Potomje,Suhopolje_2025-03-13_11-08_tf_1h,2021-08-27 11:00:00,297.9515,298.01855
Potomje,Suhopolje_2025-03-13_11-08_tf_1h,2021-08-27 12:00:00,297.8542,297.6681
Potomje,Suhopolje_2025-03-13_11-08_tf_1h,2021-08-27 13:00:00,298.1845,297.374
Potomje,Suhopolje_2025-03-13_11-08_tf_1h,2021-08-27 14:00:00,298.706,297.76407
Potomje,Suhopolje_2025-03-13_11-08_tf_1h,2021-08-27 15:00:00,298.7245,298.25912
Potomje,Suhopolje_2025-03-13_11-08_tf_1h,2021-08-27 16:00:00,298.5588,297.95932
Potomje,Suhopolje_2025-03-13_11-08_tf_1h,2021-08-27 17:00:00,298.05286,297.60596
Potomje,Suhopolje_2025-03-13_11-08_tf_1h,2021-08-27 18:00:00,297.89706,296.90527
Potomje,Suhopolje_2025-03-13_11-08_tf_1h,2021-08-27 19:00:00,297.4091,296.96118
Potomje,Suhopolje_2025-03-13_11-08_tf_1h,2021-08-27 20:00:00,296.33768,296.3512
Potomje,Suhopolje_2025-03-13_11-08_tf_1h,2021-08-27 21:00:00,295.35718,295.23038
Potomje,Suhopolje_2025-03-13_11-08_tf_1h,2021-08-27 22:00:00,295.16895,294.45477
Potomje,Suhopolje_2025-03-13_11-08_tf_1h,2021-08-27 23:00:00,295.51724,294.51962
Potomje,Suhopolje_2025-03-13_11-08_tf_1h,2021-08-28 00:00:00,295.60062,295.10138
Potomje,Suhopolje_2025-03-13_11-08_tf_1h,2021-08-28 01:00:00,295.30246,295.06693
Potomje,Suhopolje_2025-03-13_11-08_tf_1h,2021-08-28 02:00:00,294.95767,294.60046
Potomje,Suhopolje_2025-03-13_11-08_tf_1h,2021-08-28 03:00:00,294.08813,294.28793
Potomje,Suhopolje_2025-03-13_11-08_tf_1h,2021-08-28 04:00:00,293.3532,293.3049
Potomje,Suhopolje_2025-03-13_11-08_tf_1h,2021-08-28 05:00:00,292.6934,292.70984
Potomje,Suhopolje_2025-03-13_11-08_tf_1h,2021-08-28 06:00:00,292.54324,292.16473
Potomje,Suhopolje_2025-03-13_11-08_tf_1h,2021-08-28 07:00:00,292.5612,292.49057
Potomje,Suhopolje_2025-03-13_11-08_tf_1h,2021-08-28 08:00:00,293.96133,292.6642
Potomje,Suhopolje_2025-03-13_11-08_tf_1h,2021-08-28 09:00:00,295.0161,294.86798
Potomje,Suhopolje_2025-03-13_11-08_tf_1h,2021-08-28 10:00:00,296.07172,295.594
Potomje,Suhopolje_2025-03-13_11-08_tf_1h,2021-08-28 11:00:00,296.875,296.59378
Potomje,Suhopolje_2025-03-13_11-08_tf_1h,2021-08-28 12:00:00,297.41742,297.2021
Potomje,Suhopolje_2025-03-13_11-08_tf_1h,2021-08-28 13:00:00,297.4311,297.49667
Potomje,Suhopolje_2025-03-13_11-08_tf_1h,2021-08-28 14:00:00,297.5949,297.1258
Potomje,Suhopolje_2025-03-13_11-08_tf_1h,2021-08-28 15:00:00,296.36368,297.23163
Potomje,Suhopolje_2025-03-13_11-08_tf_1h,2021-08-28 16:00:00,295.9701,295.35834
Potomje,Suhopolje_2025-03-13_11-08_tf_1h,2021-08-28 17:00:00,294.8775,295.02097
Potomje,Suhopolje_2025-03-13_11-08_tf_1h,2021-08-28 18:00:00,294.02756,293.67294
Potomje,Suhopolje_2025-03-13_11-08_tf_1h,2021-08-28 19:00:00,293.70688,293.12146
Potomje,Suhopolje_2025-03-13_11-08_tf_1h,2021-08-28 20:00:00,293.47202,292.97552
Potomje,Suhopolje_2025-03-13_11-08_tf_1h,2021-08-28 21:00:00,292.85962,292.79926
Potomje,Suhopolje_2025-03-13_11-08_tf_1h,2021-08-28 22:00:00,292.4735,292.0638
Potomje,Suhopolje_2025-03-13_11-08_tf_1h,2021-08-28 23:00:00,292.29013,291.86472
Potomje,Suhopolje_2025-03-13_11-08_tf_1h,2021-08-29 00:00:00,292.07535,291.82846
Potomje,Suhopolje_2025-03-13_11-08_tf_1h,2021-08-29 01:00:00,292.06732,291.62256
Potomje,Suhopolje_2025-03-13_11-08_tf_1h,2021-08-29 02:00:00,292.10593,291.73236
Potomje,Suhopolje_2025-03-13_11-08_tf_1h,2021-08-29 03:00:00,291.77963,291.8045
Potomje,Suhopolje_2025-03-13_11-08_tf_1h,2021-08-29 04:00:00,291.53,291.2884
Potomje,Suhopolje_2025-03-13_11-08_tf_1h,2021-08-29 05:00:00,291.2482,291.21027
Potomje,Suhopolje_2025-03-13_11-08_tf_1h,2021-08-29 06:00:00,291.2152,291.05652
Potomje,Suhopolje_2025-03-13_11-08_tf_1h,2021-08-29 07:00:00,291.91153,291.48856
Potomje,Suhopolje_2025-03-13_11-08_tf_1h,2021-08-29 08:00:00,293.19156,292.55276
Potomje,Suhopolje_2025-03-13_11-08_tf_1h,2021-08-29 09:00:00,293.53555,293.95978
Potomje,Suhopolje_2025-03-13_11-08_tf_1h,2021-08-29 10:00:00,293.88464,293.74658
Potomje,Suhopolje_2025-03-13_11-08_tf_1h,2021-08-29 11:00:00,294.52225,293.93185
Potomje,Suhopolje_2025-03-13_11-08_tf_1h,2021-08-29 12:00:00,294.86032,294.60147
Potomje,Suhopolje_2025-03-13_11-08_tf_1h,2021-08-29 13:00:00,295.02658,294.70813
Potomje,Suhopolje_2025-03-13_11-08_tf_1h,2021-08-29 14:00:00,295.38962,294.6771
Potomje,Suhopolje_2025-03-13_11-08_tf_1h,2021-08-29 15:00:00,295.42474,295.03558
Potomje,Suhopolje_2025-03-13_11-08_tf_1h,2021-08-29 16:00:00,295.28235,294.8202
Potomje,Suhopolje_2025-03-13_11-08_tf_1h,2021-08-29 17:00:00,295.12952,294.44928
Potomje,Suhopolje_2025-03-13_11-08_tf_1h,2021-08-29 18:00:00,294.76273,294.19073
Potomje,Suhopolje_2025-03-13_11-08_tf_1h,2021-08-29 19:00:00,294.34232,293.7807
Potomje,Suhopolje_2025-03-13_11-08_tf_1h,2021-08-29 20:00:00,294.3785,293.40976
Potomje,Suhopolje_2025-03-13_11-08_tf_1h,2021-08-29 21:00:00,293.84924,293.73096
Potomje,Suhopolje_2025-03-13_11-08_tf_1h,2021-08-29 22:00:00,293.22614,292.93134
Potomje,Suhopolje_2025-03-13_11-08_tf_1h,2021-08-29 23:00:00,292.6915,292.3754
Potomje,Suhopolje_2025-03-13_11-08_tf_1h,2021-08-30 00:00:00,292.148,291.99344
Potomje,Suhopolje_2025-03-13_11-08_tf_1h,2021-08-30 01:00:00,291.60052,291.5126
Potomje,Suhopolje_2025-03-13_11-08_tf_1h,2021-08-30 02:00:00,291.12326,291.02057
Potomje,Suhopolje_2025-03-13_11-08_tf_1h,2021-08-30 03:00:00,290.65216,290.61343
Potomje,Suhopolje_2025-03-13_11-08_tf_1h,2021-08-30 04:00:00,290.24625,290.16495
Potomje,Suhopolje_2025-03-13_11-08_tf_1h,2021-08-30 05:00:00,289.8773,289.80496
Potomje,Suhopolje_2025-03-13_11-08_tf_1h,2021-08-30 06:00:00,289.75073,289.49088
Potomje,Suhopolje_2025-03-13_11-08_tf_1h,2021-08-30 07:00:00,290.66666,289.6395
Potomje,Suhopolje_2025-03-13_11-08_tf_1h,2021-08-30 08:00:00,292.07428,291.2734
Potomje,Suhopolje_2025-03-13_11-08_tf_1h,2021-08-30 09:00:00,293.58353,292.82996
Potomje,Suhopolje_2025-03-13_11-08_tf_1h,2021-08-30 10:00:00,294.85657,294.48074
Potomje,Suhopolje_2025-03-13_11-08_tf_1h,2021-08-30 11:00:00,295.72745,295.55423
Potomje,Suhopolje_2025-03-13_11-08_tf_1h,2021-08-30 12:00:00,296.30603,296.11438
Potomje,Suhopolje_2025-03-13_11-08_tf_1h,2021-08-30 13:00:00,296.505,296.43738
Potomje,Suhopolje_2025-03-13_11-08_tf_1h,2021-08-30 14:00:00,296.4342,296.31708
Potomje,Suhopolje_2025-03-13_11-08_tf_1h,2021-08-30 15:00:00,296.29263,295.96872
Potomje,Suhopolje_2025-03-13_11-08_tf_1h,2021-08-30 16:00:00,296.0366,295.65396
Potomje,Suhopolje_2025-03-13_11-08_tf_1h,2021-08-30 17:00:00,295.647,295.2201
Potomje,Suhopolje_2025-03-13_11-08_tf_1h,2021-08-30 18:00:00,295.17215,294.61194
Potomje,Suhopolje_2025-03-13_11-08_tf_1h,2021-08-30 19:00:00,294.18628,294.0933
Potomje,Suhopolje_2025-03-13_11-08_tf_1h,2021-08-30 20:00:00,293.68274,293.0432
Potomje,Suhopolje_2025-03-13_11-08_tf_1h,2021-08-30 21:00:00,293.81708,292.83676
Potomje,Suhopolje_2025-03-13_11-08_tf_1h,2021-08-30 22:00:00,293.38434,293.25903
Potomje,Suhopolje_2025-03-13_11-08_tf_1h,2021-08-30 23:00:00,293.43073,292.56937
Potomje,Suhopolje_2025-03-13_11-08_tf_1h,2021-08-31 00:00:00,293.6302,292.9282
Potomje,Suhopolje_2025-03-13_11-08_tf_1h,2021-08-31 01:00:00,293.25912,293.22333
Potomje,Suhopolje_2025-03-13_11-08_tf_1h,2021-08-31 02:00:00,293.00037,292.57877
Potomje,Suhopolje_2025-03-13_11-08_tf_1h,2021-08-31 03:00:00,292.684,292.40884
Potomje,Suhopolje_2025-03-13_11-08_tf_1h,2021-08-31 04:00:00,290.37064,292.11877
Potomje,Suhopolje_2025-03-13_11-08_tf_1h,2021-08-31 05:00:00,289.84943,289.407
Potomje,Suhopolje_2025-03-13_11-08_tf_1h,2021-08-31 06:00:00,290.9562,289.4642
Potomje,Suhopolje_2025-03-13_11-08_tf_1h,2021-08-31 07:00:00,292.25232,291.5149
Potomje,Suhopolje_2025-03-13_11-08_tf_1h,2021-08-31 08:00:00,294.54288,292.87112
Potomje,Suhopolje_2025-03-13_11-08_tf_1h,2021-08-31 09:00:00,295.75665,295.79602
Potomje,Suhopolje_2025-03-13_11-08_tf_1h,2021-08-31 10:00:00,296.8825,296.47696
Potomje,Suhopolje_2025-03-13_11-08_tf_1h,2021-08-31 11:00:00,297.77026,297.37912
Potomje,Suhopolje_2025-03-13_11-08_tf_1h,2021-08-31 12:00:00,298.34512,298.03268
Potomje,Suhopolje_2025-03-13_11-08_tf_1h,2021-08-31 13:00:00,298.37515,298.32562
Potomje,Suhopolje_2025-03-13_11-08_tf_1h,2021-08-31 14:00:00,298.19925,297.924
Potomje,Suhopolje_2025-03-13_11-08_tf_1h,2021-08-31 15:00:00,298.03705,297.4825
Potomje,Suhopolje_2025-03-13_11-08_tf_1h,2021-08-31 16:00:00,297.6158,297.1868
Potomje,Suhopolje_2025-03-13_11-08_tf_1h,2021-08-31 17:00:00,297.15198,296.53677
Potomje,Suhopolje_2025-03-13_11-08_tf_1h,2021-08-31 18:00:00,296.5034,296.01343
Potomje,Suhopolje_2025-03-13_11-08_tf_1h,2021-08-31 19:00:00,295.78937,295.42865
Potomje,Suhopolje_2025-03-13_11-08_tf_1h,2021-08-31 20:00:00,295.5191,294.78125
Potomje,Suhopolje_2025-03-13_11-08_tf_1h,2021-08-31 21:00:00,294.99332,294.69617
Potomje,Suhopolje_2025-03-13_11-08_tf_1h,2021-08-31 22:00:00,294.59167,294.06738
Potomje,Suhopolje_2025-03-13_11-08_tf_1h,2021-08-31 23:00:00,294.26163,293.7977
Potomje,Suhopolje_2025-03-13_11-08_tf_1h,2021-09-01 00:00:00,293.75354,293.5652
Potomje,Suhopolje_2025-03-13_11-08_tf_1h,2021-09-01 01:00:00,293.03247,293.04697
Potomje,Suhopolje_2025-03-13_11-08_tf_1h,2021-09-01 02:00:00,292.2616,292.29254
Potomje,Suhopolje_2025-03-13_11-08_tf_1h,2021-09-01 03:00:00,292.07318,291.57053
Potomje,Suhopolje_2025-03-13_11-08_tf_1h,2021-09-01 04:00:00,291.81424,291.70755
Potomje,Suhopolje_2025-03-13_11-08_tf_1h,2021-09-01 05:00:00,291.61374,291.42017
Potomje,Suhopolje_2025-03-13_11-08_tf_1h,2021-09-01 06:00:00,291.56256,291.26743
Potomje,Suhopolje_2025-03-13_11-08_tf_1h,2021-09-01 07:00:00,292.718,291.68002
Potomje,Suhopolje_2025-03-13_11-08_tf_1h,2021-09-01 08:00:00,294.34888,293.84213
Potomje,Suhopolje_2025-03-13_11-08_tf_1h,2021-09-01 09:00:00,296.17786,295.38065
Potomje,Suhopolje_2025-03-13_11-08_tf_1h,2021-09-01 10:00:00,297.5573,297.24612
Potomje,Suhopolje_2025-03-13_11-08_tf_1h,2021-09-01 11:00:00,298.33276,298.28867
Potomje,Suhopolje_2025-03-13_11-08_tf_1h,2021-09-01 12:00:00,298.69778,298.63306
Potomje,Suhopolje_2025-03-13_11-08_tf_1h,2021-09-01 13:00:00,299.0147,298.6566
Potomje,Suhopolje_2025-03-13_11-08_tf_1h,2021-09-01 14:00:00,299.09332,298.8067
Potomje,Suhopolje_2025-03-13_11-08_tf_1h,2021-09-01 15:00:00,299.07376,298.58545
Potomje,Suhopolje_2025-03-13_11-08_tf_1h,2021-09-01 16:00:00,298.64398,298.36395
Potomje,Suhopolje_2025-03-13_11-08_tf_1h,2021-09-01 17:00:00,297.96756,297.59998
Potomje,Suhopolje_2025-03-13_11-08_tf_1h,2021-09-01 18:00:00,297.34207,296.75378
Potomje,Suhopolje_2025-03-13_11-08_tf_1h,2021-09-01 19:00:00,296.8207,296.20493
Potomje,Suhopolje_2025-03-13_11-08_tf_1h,2021-09-01 20:00:00,296.36432,295.80542
Potomje,Suhopolje_2025-03-13_11-08_tf_1h,2021-09-01 21:00:00,295.50473,295.39688
Potomje,Suhopolje_2025-03-13_11-08_tf_1h,2021-09-01 22:00:00,294.51096,294.4705
Potomje,Suhopolje_2025-03-13_11-08_tf_1h,2021-09-01 23:00:00,293.68518,293.58325
Potomje,Suhopolje_2025-03-13_11-08_tf_1h,2021-09-02 00:00:00,293.09418,292.9117
Potomje,Suhopolje_2025-03-13_11-08_tf_1h,2021-09-02 01:00:00,292.56534,292.44412
Potomje,Suhopolje_2025-03-13_11-08_tf_1h,2021-09-02 02:00:00,292.10568,292.0231
Potomje,Suhopolje_2025-03-13_11-08_tf_1h,2021-09-02 03:00:00,291.66513,291.6135
Potomje,Suhopolje_2025-03-13_11-08_tf_1h,2021-09-02 04:00:00,291.2237,291.18784
Potomje,Suhopolje_2025-03-13_11-08_tf_1h,2021-09-02 05:00:00,290.89426,290.7503
Potomje,Suhopolje_2025-03-13_11-08_tf_1h,2021-09-02 06:00:00,290.83145,290.53903
Potomje,Suhopolje_2025-03-13_11-08_tf_1h,2021-09-02 07:00:00,291.76923,291.02982
Potomje,Suhopolje_2025-03-13_11-08_tf_1h,2021-09-02 08:00:00,293.21213,293.02856
Potomje,Suhopolje_2025-03-13_11-08_tf_1h,2021-09-02 09:00:00,294.49054,294.30582
Potomje,Suhopolje_2025-03-13_11-08_tf_1h,2021-09-02 10:00:00,295.83066,295.46207
Potomje,Suhopolje_2025-03-13_11-08_tf_1h,2021-09-02 11:00:00,296.94104,296.66916
Potomje,Suhopolje_2025-03-13_11-08_tf_1h,2021-09-02 12:00:00,297.75058,297.53854
Potomje,Suhopolje_2025-03-13_11-08_tf_1h,2021-09-02 13:00:00,298.19684,298.06216
Potomje,Suhopolje_2025-03-13_11-08_tf_1h,2021-09-02 14:00:00,298.5425,298.18237
Potomje,Suhopolje_2025-03-13_11-08_tf_1h,2021-09-02 15:00:00,298.5368,298.34122
Potomje,Suhopolje_2025-03-13_11-08_tf_1h,2021-09-02 16:00:00,297.9333,298.01227
Potomje,Suhopolje_2025-03-13_11-08_tf_1h,2021-09-02 17:00:00,297.10907,296.9541
Potomje,Suhopolje_2025-03-13_11-08_tf_1h,2021-09-02 18:00:00,296.5464,295.93307
Potomje,Suhopolje_2025-03-13_11-08_tf_1h,2021-09-02 19:00:00,296.00043,295.42453
Potomje,Suhopolje_2025-03-13_11-08_tf_1h,2021-09-02 20:00:00,296.01712,294.96002
Potomje,Suhopolje_2025-03-13_11-08_tf_1h,2021-09-02 21:00:00,295.51242,295.24115
Potomje,Suhopolje_2025-03-13_11-08_tf_1h,2021-09-02 22:00:00,295.01718,294.4798
Potomje,Suhopolje_2025-03-13_11-08_tf_1h,2021-09-02 23:00:00,294.23117,294.11307
Potomje,Suhopolje_2025-03-13_11-08_tf_1h,2021-09-03 00:00:00,293.3751,293.3131
Potomje,Suhopolje_2025-03-13_11-08_tf_1h,2021-09-03 01:00:00,292.77377,292.55252
Potomje,Suhopolje_2025-03-13_11-08_tf_1h,2021-09-03 02:00:00,292.27655,292.14734
Potomje,Suhopolje_2025-03-13_11-08_tf_1h,2021-09-03 03:00:00,291.72992,291.75833
Potomje,Suhopolje_2025-03-13_11-08_tf_1h,2021-09-03 04:00:00,291.27222,291.19843
Potomje,Suhopolje_2025-03-13_11-08_tf_1h,2021-09-03 05:00:00,290.82397,290.7936
Potomje,Suhopolje_2025-03-13_11-08_tf_1h,2021-09-03 06:00:00,290.60568,290.36588
Potomje,Suhopolje_2025-03-13_11-08_tf_1h,2021-09-03 07:00:00,291.65942,290.38705
Potomje,Suhopolje_2025-03-13_11-08_tf_1h,2021-09-03 08:00:00,293.7592,292.66473
Potomje,Suhopolje_2025-03-13_11-08_tf_1h,2021-09-03 09:00:00,295.5803,295.01788
Potomje,Suhopolje_2025-03-13_11-08_tf_1h,2021-09-03 10:00:00,297.14352,296.85236
Potomje,Suhopolje_2025-03-13_11-08_tf_1h,2021-09-03 11:00:00,298.30334,298.11755
Potomje,Suhopolje_2025-03-13_11-08_tf_1h,2021-09-03 12:00:00,299.04303,298.92426
Potomje,Suhopolje_2025-03-13_11-08_tf_1h,2021-09-03 13:00:00,299.3494,299.29434
Potomje,Suhopolje_2025-03-13_11-08_tf_1h,2021-09-03 14:00:00,299.17084,299.2145
Potomje,Suhopolje_2025-03-13_11-08_tf_1h,2021-09-03 15:00:00,298.7092,298.6029
Potomje,Suhopolje_2025-03-13_11-08_tf_1h,2021-09-03 16:00:00,298.0176,297.82275
Potomje,Suhopolje_2025-03-13_11-08_tf_1h,2021-09-03 17:00:00,297.29068,296.9259
Potomje,Suhopolje_2025-03-13_11-08_tf_1h,2021-09-03 18:00:00,296.54816,296.0833
Potomje,Suhopolje_2025-03-13_11-08_tf_1h,2021-09-03 19:00:00,295.81616,295.4146
Potomje,Suhopolje_2025-03-13_11-08_tf_1h,2021-09-03 20:00:00,295.04706,294.7724
Potomje,Suhopolje_2025-03-13_11-08_tf_1h,2021-09-03 21:00:00,294.01724,294.04825
Potomje,Suhopolje_2025-03-13_11-08_tf_1h,2021-09-03 22:00:00,293.21783,293.03125
Potomje,Suhopolje_2025-03-13_11-08_tf_1h,2021-09-03 23:00:00,294.54126,292.428
Potomje,Suhopolje_2025-03-13_11-08_tf_1h,2021-09-04 00:00:00,294.12662,294.69754
Potomje,Suhopolje_2025-03-13_11-08_tf_1h,2021-09-04 01:00:00,293.8029,293.4402
Potomje,Suhopolje_2025-03-13_11-08_tf_1h,2021-09-04 02:00:00,291.53116,293.14102
Potomje,Suhopolje_2025-03-13_11-08_tf_1h,2021-09-04 03:00:00,290.63312,290.56323
Potomje,Suhopolje_2025-03-13_11-08_tf_1h,2021-09-04 04:00:00,290.17456,290.0439
Potomje,Suhopolje_2025-03-13_11-08_tf_1h,2021-09-04 05:00:00,289.9903,289.78278
Potomje,Suhopolje_2025-03-13_11-08_tf_1h,2021-09-04 06:00:00,290.08057,289.7673
Potomje,Suhopolje_2025-03-13_11-08_tf_1h,2021-09-04 07:00:00,292.67624,290.316
Potomje,Suhopolje_2025-03-13_11-08_tf_1h,2021-09-04 08:00:00,294.7365,294.83838
Potomje,Suhopolje_2025-03-13_11-08_tf_1h,2021-09-04 09:00:00,296.475,296.05722
Potomje,Suhopolje_2025-03-13_11-08_tf_1h,2021-09-04 10:00:00,297.6871,297.6819
Potomje,Suhopolje_2025-03-13_11-08_tf_1h,2021-09-04 11:00:00,298.4562,298.42792
Potomje,Suhopolje_2025-03-13_11-08_tf_1h,2021-09-04 12:00:00,298.75577,298.7926
Potomje,Suhopolje_2025-03-13_11-08_tf_1h,2021-09-04 13:00:00,298.62598,298.67804
Potomje,Suhopolje_2025-03-13_11-08_tf_1h,2021-09-04 14:00:00,298.4573,298.1695
Potomje,Suhopolje_2025-03-13_11-08_tf_1h,2021-09-04 15:00:00,298.34793,297.82996
Potomje,Suhopolje_2025-03-13_11-08_tf_1h,2021-09-04 16:00:00,298.13754,297.59866
Potomje,Suhopolje_2025-03-13_11-08_tf_1h,2021-09-04 17:00:00,297.65393,297.2095
Potomje,Suhopolje_2025-03-13_11-08_tf_1h,2021-09-04 18:00:00,296.88394,296.52954
Potomje,Suhopolje_2025-03-13_11-08_tf_1h,2021-09-04 19:00:00,296.10977,295.64432
Potomje,Suhopolje_2025-03-13_11-08_tf_1h,2021-09-04 20:00:00,295.6745,295.05933
Potomje,Suhopolje_2025-03-13_11-08_tf_1h,2021-09-04 21:00:00,295.17596,294.7901
Potomje,Suhopolje_2025-03-13_11-08_tf_1h,2021-09-04 22:00:00,294.8549,294.27798
Potomje,Suhopolje_2025-03-13_11-08_tf_1h,2021-09-04 23:00:00,294.3438,294.03918
Potomje,Suhopolje_2025-03-13_11-08_tf_1h,2021-09-05 00:00:00,293.4691,293.5182
Potomje,Suhopolje_2025-03-13_11-08_tf_1h,2021-09-05 01:00:00,293.1917,292.59518
Potomje,Suhopolje_2025-03-13_11-08_tf_1h,2021-09-05 02:00:00,293.4157,292.6875
Potomje,Suhopolje_2025-03-13_11-08_tf_1h,2021-09-05 03:00:00,292.95145,293.1664
Potomje,Suhopolje_2025-03-13_11-08_tf_1h,2021-09-05 04:00:00,292.248,292.36237
Potomje,Suhopolje_2025-03-13_11-08_tf_1h,2021-09-05 05:00:00,291.9067,291.55518
Potomje,Suhopolje_2025-03-13_11-08_tf_1h,2021-09-05 06:00:00,292.55215,291.55588
Potomje,Suhopolje_2025-03-13_11-08_tf_1h,2021-09-05 07:00:00,293.6004,293.25037
Potomje,Suhopolje_2025-03-13_11-08_tf_1h,2021-09-05 08:00:00,295.7797,294.41788
Potomje,Suhopolje_2025-03-13_11-08_tf_1h,2021-09-05 09:00:00,297.35678,297.06686
Potomje,Suhopolje_2025-03-13_11-08_tf_1h,2021-09-05 10:00:00,298.5739,298.26447
Potomje,Suhopolje_2025-03-13_11-08_tf_1h,2021-09-05 11:00:00,299.40738,299.1622
Potomje,Suhopolje_2025-03-13_11-08_tf_1h,2021-09-05 12:00:00,299.73065,299.6766
Potomje,Suhopolje_2025-03-13_11-08_tf_1h,2021-09-05 13:00:00,299.82224,299.5987
Potomje,Suhopolje_2025-03-13_11-08_tf_1h,2021-09-05 14:00:00,299.8899,299.41602
Potomje,Suhopolje_2025-03-13_11-08_tf_1h,2021-09-05 15:00:00,299.80927,299.29968
Potomje,Suhopolje_2025-03-13_11-08_tf_1h,2021-09-05 16:00:00,299.61053,298.9753
Potomje,Suhopolje_2025-03-13_11-08_tf_1h,2021-09-05 17:00:00,299.06323,298.58792
Potomje,Suhopolje_2025-03-13_11-08_tf_1h,2021-09-05 18:00:00,298.29633,297.87198
Potomje,Suhopolje_2025-03-13_11-08_tf_1h,2021-09-05 19:00:00,297.46066,297.05774
Potomje,Suhopolje_2025-03-13_11-08_tf_1h,2021-09-05 20:00:00,297.93637,296.35306
Potomje,Suhopolje_2025-03-13_11-08_tf_1h,2021-09-05 21:00:00,297.56146,297.39667
Potomje,Suhopolje_2025-03-13_11-08_tf_1h,2021-09-05 22:00:00,297.14728,296.4303
Potomje,Suhopolje_2025-03-13_11-08_tf_1h,2021-09-05 23:00:00,296.1669,296.18338
Potomje,Suhopolje_2025-03-13_11-08_tf_1h,2021-09-06 00:00:00,295.32904,295.1305
Potomje,Suhopolje_2025-03-13_11-08_tf_1h,2021-09-06 01:00:00,294.6816,294.4946
Potomje,Suhopolje_2025-03-13_11-08_tf_1h,2021-09-06 02:00:00,294.0952,293.96133
Potomje,Suhopolje_2025-03-13_11-08_tf_1h,2021-09-06 03:00:00,293.56747,293.44373
Potomje,Suhopolje_2025-03-13_11-08_tf_1h,2021-09-06 04:00:00,293.11746,293.00778
Potomje,Suhopolje_2025-03-13_11-08_tf_1h,2021-09-06 05:00:00,292.65582,292.63135
Potomje,Suhopolje_2025-03-13_11-08_tf_1h,2021-09-06 06:00:00,292.41974,292.1692
Potomje,Suhopolje_2025-03-13_11-08_tf_1h,2021-09-06 07:00:00,293.50092,292.30365
Potomje,Suhopolje_2025-03-13_11-08_tf_1h,2021-09-06 08:00:00,295.89127,294.59015
Potomje,Suhopolje_2025-03-13_11-08_tf_1h,2021-09-06 09:00:00,298.22186,297.21396
Potomje,Suhopolje_2025-03-13_11-08_tf_1h,2021-09-06 10:00:00,299.9235,299.6122
Potomje,Suhopolje_2025-03-13_11-08_tf_1h,2021-09-06 11:00:00,300.96667,300.89355
Potomje,Suhopolje_2025-03-13_11-08_tf_1h,2021-09-06 12:00:00,301.6308,301.47873
Potomje,Suhopolje_2025-03-13_11-08_tf_1h,2021-09-06 13:00:00,301.89502,301.8034
Potomje,Suhopolje_2025-03-13_11-08_tf_1h,2021-09-06 14:00:00,301.528,301.6748
Potomje,Suhopolje_2025-03-13_11-08_tf_1h,2021-09-06 15:00:00,301.0778,300.74887
Potomje,Suhopolje_2025-03-13_11-08_tf_1h,2021-09-06 16:00:00,300.64404,300.0863
Potomje,Suhopolje_2025-03-13_11-08_tf_1h,2021-09-06 17:00:00,299.80246,299.53265
Potomje,Suhopolje_2025-03-13_11-08_tf_1h,2021-09-06 18:00:00,298.5961,298.5335
Potomje,Suhopolje_2025-03-13_11-08_tf_1h,2021-09-06 19:00:00,297.7822,297.21313
Potomje,Suhopolje_2025-03-13_11-08_tf_1h,2021-09-06 20:00:00,296.87363,296.75095
Potomje,Suhopolje_2025-03-13_11-08_tf_1h,2021-09-06 21:00:00,296.2339,295.78806
Potomje,Suhopolje_2025-03-13_11-08_tf_1h,2021-09-06 22:00:00,294.91617,295.34708
Potomje,Suhopolje_2025-03-13_11-08_tf_1h,2021-09-06 23:00:00,294.686,293.9081
Potomje,Suhopolje_2025-03-13_11-08_tf_1h,2021-09-07 00:00:00,294.06183,294.11548
Potomje,Suhopolje_2025-03-13_11-08_tf_1h,2021-09-07 01:00:00,293.67618,293.34155
Potomje,Suhopolje_2025-03-13_11-08_tf_1h,2021-09-07 02:00:00,293.23825,293.13315
Potomje,Suhopolje_2025-03-13_11-08_tf_1h,2021-09-07 03:00:00,292.95804,292.72134
Potomje,Suhopolje_2025-03-13_11-08_tf_1h,2021-09-07 04:00:00,292.5884,292.51154
Potomje,Suhopolje_2025-03-13_11-08_tf_1h,2021-09-07 05:00:00,292.28467,292.10608
Potomje,Suhopolje_2025-03-13_11-08_tf_1h,2021-09-07 06:00:00,292.20538,291.96838
Potomje,Suhopolje_2025-03-13_11-08_tf_1h,2021-09-07 07:00:00,293.42407,292.74744
Potomje,Suhopolje_2025-03-13_11-08_tf_1h,2021-09-07 08:00:00,296.07837,294.84195
Potomje,Suhopolje_2025-03-13_11-08_tf_1h,2021-09-07 09:00:00,298.26797,297.7102
Potomje,Suhopolje_2025-03-13_11-08_tf_1h,2021-09-07 10:00:00,299.8464,299.65546
Potomje,Suhopolje_2025-03-13_11-08_tf_1h,2021-09-07 11:00:00,300.79602,300.78256
Potomje,Suhopolje_2025-03-13_11-08_tf_1h,2021-09-07 12:00:00,301.16476,301.2447
Potomje,Suhopolje_2025-03-13_11-08_tf_1h,2021-09-07 13:00:00,300.59332,301.1135
Potomje,Suhopolje_2025-03-13_11-08_tf_1h,2021-09-07 14:00:00,300.26807,299.83798
Potomje,Suhopolje_2025-03-13_11-08_tf_1h,2021-09-07 15:00:00,299.4109,299.52243
Potomje,Suhopolje_2025-03-13_11-08_tf_1h,2021-09-07 16:00:00,299.06476,298.23825
Potomje,Suhopolje_2025-03-13_11-08_tf_1h,2021-09-07 17:00:00,298.34375,298.003
Potomje,Suhopolje_2025-03-13_11-08_tf_1h,2021-09-07 18:00:00,297.62933,297.04984
Potomje,Suhopolje_2025-03-13_11-08_tf_1h,2021-09-07 19:00:00,297.0344,296.50784
Potomje,Suhopolje_2025-03-13_11-08_tf_1h,2021-09-07 20:00:00,297.02054,296.0152
Potomje,Suhopolje_2025-03-13_11-08_tf_1h,2021-09-07 21:00:00,296.70868,296.20648
Potomje,Suhopolje_2025-03-13_11-08_tf_1h,2021-09-07 22:00:00,296.27274,295.74655
Potomje,Suhopolje_2025-03-13_11-08_tf_1h,2021-09-07 23:00:00,295.93277,295.3522
Potomje,Suhopolje_2025-03-13_11-08_tf_1h,2021-09-08 00:00:00,295.24185,295.12772
Potomje,Suhopolje_2025-03-13_11-08_tf_1h,2021-09-08 01:00:00,294.44748,294.37347
Potomje,Suhopolje_2025-03-13_11-08_tf_1h,2021-09-08 02:00:00,293.73285,293.65652
Potomje,Suhopolje_2025-03-13_11-08_tf_1h,2021-09-08 03:00:00,293.12164,293.05875
Potomje,Suhopolje_2025-03-13_11-08_tf_1h,2021-09-08 04:00:00,292.60004,292.55338
Potomje,Suhopolje_2025-03-13_11-08_tf_1h,2021-09-08 05:00:00,292.1338,292.09128
Potomje,Suhopolje_2025-03-13_11-08_tf_1h,2021-09-08 06:00:00,291.9008,291.69598
Potomje,Suhopolje_2025-03-13_11-08_tf_1h,2021-09-08 07:00:00,293.06564,292.23657
Potomje,Suhopolje_2025-03-13_11-08_tf_1h,2021-09-08 08:00:00,295.5926,294.38437
Potomje,Suhopolje_2025-03-13_11-08_tf_1h,2021-09-08 09:00:00,297.7574,297.0342
Potomje,Suhopolje_2025-03-13_11-08_tf_1h,2021-09-08 10:00:00,299.2238,299.04745
Potomje,Suhopolje_2025-03-13_11-08_tf_1h,2021-09-08 11:00:00,300.31287,300.0272
Potomje,Suhopolje_2025-03-13_11-08_tf_1h,2021-09-08 12:00:00,300.54193,300.78946
Potomje,Suhopolje_2025-03-13_11-08_tf_1h,2021-09-08 13:00:00,300.38797,300.4168
Potomje,Suhopolje_2025-03-13_11-08_tf_1h,2021-09-08 14:00:00,299.97552,299.9065
Potomje,Suhopolje_2025-03-13_11-08_tf_1h,2021-09-08 15:00:00,299.40802,299.17715
Potomje,Suhopolje_2025-03-13_11-08_tf_1h,2021-09-08 16:00:00,298.6824,298.3656
Potomje,Suhopolje_2025-03-13_11-08_tf_1h,2021-09-08 17:00:00,297.80414,297.51602
Potomje,Suhopolje_2025-03-13_11-08_tf_1h,2021-09-08 18:00:00,296.91183,296.53598
Potomje,Suhopolje_2025-03-13_11-08_tf_1h,2021-09-08 19:00:00,296.2901,295.8041
Potomje,Suhopolje_2025-03-13_11-08_tf_1h,2021-09-08 20:00:00,296.1188,295.33862
Potomje,Suhopolje_2025-03-13_11-08_tf_1h,2021-09-08 21:00:00,295.50604,295.30008
Potomje,Suhopolje_2025-03-13_11-08_tf_1h,2021-09-08 22:00:00,294.74463,294.5322
Potomje,Suhopolje_2025-03-13_11-08_tf_1h,2021-09-08 23:00:00,295.34354,293.85852
Potomje,Suhopolje_2025-03-13_11-08_tf_1h,2021-09-09 00:00:00,294.9423,295.06607
Potomje,Suhopolje_2025-03-13_11-08_tf_1h,2021-09-09 01:00:00,294.33966,294.19968
Potomje,Suhopolje_2025-03-13_11-08_tf_1h,2021-09-09 02:00:00,293.5308,293.54984
Potomje,Suhopolje_2025-03-13_11-08_tf_1h,2021-09-09 03:00:00,293.67554,292.76974
Potomje,Suhopolje_2025-03-13_11-08_tf_1h,2021-09-09 04:00:00,293.44208,293.4011
Potomje,Suhopolje_2025-03-13_11-08_tf_1h,2021-09-09 05:00:00,291.4031,292.98566
Potomje,Suhopolje_2025-03-13_11-08_tf_1h,2021-09-09 06:00:00,291.3625,290.31595
Potomje,Suhopolje_2025-03-13_11-08_tf_1h,2021-09-09 07:00:00,291.9135,292.15723
Potomje,Suhopolje_2025-03-13_11-08_tf_1h,2021-09-09 08:00:00,295.05606,292.5978
Potomje,Suhopolje_2025-03-13_11-08_tf_1h,2021-09-09 09:00:00,295.62463,296.91174
Potomje,Suhopolje_2025-03-13_11-08_tf_1h,2021-09-09 10:00:00,295.84338,296.06155
Potomje,Suhopolje_2025-03-13_11-08_tf_1h,2021-09-09 11:00:00,296.52597,295.94766
Potomje,Suhopolje_2025-03-13_11-08_tf_1h,2021-09-09 12:00:00,297.0994,296.68475
Potomje,Suhopolje_2025-03-13_11-08_tf_1h,2021-09-09 13:00:00,297.62735,297.0736
Potomje,Suhopolje_2025-03-13_11-08_tf_1h,2021-09-09 14:00:00,297.60364,297.48013
Potomje,Suhopolje_2025-03-13_11-08_tf_1h,2021-09-09 15:00:00,297.1275,297.10046
Potomje,Suhopolje_2025-03-13_11-08_tf_1h,2021-09-09 16:00:00,296.71924,296.2732
Potomje,Suhopolje_2025-03-13_11-08_tf_1h,2021-09-09 17:00:00,296.37552,295.7267
Potomje,Suhopolje_2025-03-13_11-08_tf_1h,2021-09-09 18:00:00,295.8616,295.34637
Potomje,Suhopolje_2025-03-13_11-08_tf_1h,2021-09-09 19:00:00,295.5311,294.8466
Potomje,Suhopolje_2025-03-13_11-08_tf_1h,2021-09-09 20:00:00,295.69952,294.63666
Potomje,Suhopolje_2025-03-13_11-08_tf_1h,2021-09-09 21:00:00,294.8002,295.04706
Potomje,Suhopolje_2025-03-13_11-08_tf_1h,2021-09-09 22:00:00,295.40436,293.7139
Potomje,Suhopolje_2025-03-13_11-08_tf_1h,2021-09-09 23:00:00,294.8955,295.042
Potomje,Suhopolje_2025-03-13_11-08_tf_1h,2021-09-10 00:00:00,294.47537,293.95212
Potomje,Suhopolje_2025-03-13_11-08_tf_1h,2021-09-10 01:00:00,294.36447,293.67175
Potomje,Suhopolje_2025-03-13_11-08_tf_1h,2021-09-10 02:00:00,294.06448,293.81122
Potomje,Suhopolje_2025-03-13_11-08_tf_1h,2021-09-10 03:00:00,293.77853,293.46103
Potomje,Suhopolje_2025-03-13_11-08_tf_1h,2021-09-10 04:00:00,293.251,293.20145
Potomje,Suhopolje_2025-03-13_11-08_tf_1h,2021-09-10 05:00:00,291.40445,292.6179
Potomje,Suhopolje_2025-03-13_11-08_tf_1h,2021-09-10 06:00:00,291.227,290.46667
Potomje,Suhopolje_2025-03-13_11-08_tf_1h,2021-09-10 07:00:00,293.09088,291.25464
Potomje,Suhopolje_2025-03-13_11-08_tf_1h,2021-09-10 08:00:00,294.8215,294.05365
Potomje,Suhopolje_2025-03-13_11-08_tf_1h,2021-09-10 09:00:00,296.2051,295.50882
Potomje,Suhopolje_2025-03-13_11-08_tf_1h,2021-09-10 10:00:00,297.43716,296.92984
Potomje,Suhopolje_2025-03-13_11-08_tf_1h,2021-09-10 11:00:00,298.39865,297.9561
Potomje,Suhopolje_2025-03-13_11-08_tf_1h,2021-09-10 12:00:00,298.92575,298.6671
Potomje,Suhopolje_2025-03-13_11-08_tf_1h,2021-09-10 13:00:00,299.05774,298.85352
Potomje,Suhopolje_2025-03-13_11-08_tf_1h,2021-09-10 14:00:00,299.05246,298.62894
Potomje,Suhopolje_2025-03-13_11-08_tf_1h,2021-09-10 15:00:00,298.84406,298.40247
Potomje,Suhopolje_2025-03-13_11-08_tf_1h,2021-09-10 16:00:00,298.29654,297.95908
Potomje,Suhopolje_2025-03-13_11-08_tf_1h,2021-09-10 17:00:00,297.60583,297.20108
Potomje,Suhopolje_2025-03-13_11-08_tf_1h,2021-09-10 18:00:00,296.79016,296.40756
Potomje,Suhopolje_2025-03-13_11-08_tf_1h,2021-09-10 19:00:00,296.09244,295.69385
Potomje,Suhopolje_2025-03-13_11-08_tf_1h,2021-09-10 20:00:00,295.6275,295.1136
Potomje,Suhopolje_2025-03-13_11-08_tf_1h,2021-09-10 21:00:00,295.24603,294.7617
Potomje,Suhopolje_2025-03-13_11-08_tf_1h,2021-09-10 22:00:00,295.36813,294.3946
Potomje,Suhopolje_2025-03-13_11-08_tf_1h,2021-09-10 23:00:00,294.99808,294.78833
Potomje,Suhopolje_2025-03-13_11-08_tf_1h,2021-09-11 00:00:00,294.5887,294.2128
Potomje,Suhopolje_2025-03-13_11-08_tf_1h,2021-09-11 01:00:00,294.16,293.85788
Potomje,Suhopolje_2025-03-13_11-08_tf_1h,2021-09-11 02:00:00,293.76028,293.49695
Potomje,Suhopolje_2025-03-13_11-08_tf_1h,2021-09-11 03:00:00,292.03912,293.1617
Potomje,Suhopolje_2025-03-13_11-08_tf_1h,2021-09-11 04:00:00,290.88327,291.164
Potomje,Suhopolje_2025-03-13_11-08_tf_1h,2021-09-11 05:00:00,290.30853,290.22226
Potomje,Suhopolje_2025-03-13_11-08_tf_1h,2021-09-11 06:00:00,290.345,289.92175
Potomje,Suhopolje_2025-03-13_11-08_tf_1h,2021-09-11 07:00:00,292.5603,290.57733
Potomje,Suhopolje_2025-03-13_11-08_tf_1h,2021-09-11 08:00:00,295.57632,294.43698
Potomje,Suhopolje_2025-03-13_11-08_tf_1h,2021-09-11 09:00:00,296.9865,297.28375
Potomje,Suhopolje_2025-03-13_11-08_tf_1h,2021-09-11 10:00:00,298.17355,298.0464
Potomje,Suhopolje_2025-03-13_11-08_tf_1h,2021-09-11 11:00:00,299.09882,298.87897
Potomje,Suhopolje_2025-03-13_11-08_tf_1h,2021-09-11 12:00:00,299.6147,299.51096
Potomje,Suhopolje_2025-03-13_11-08_tf_1h,2021-09-11 13:00:00,299.6707,299.65738
Potomje,Suhopolje_2025-03-13_11-08_tf_1h,2021-09-11 14:00:00,299.40958,299.32098
Potomje,Suhopolje_2025-03-13_11-08_tf_1h,2021-09-11 15:00:00,298.96442,298.71606
Potomje,Suhopolje_2025-03-13_11-08_tf_1h,2021-09-11 16:00:00,298.31323,298.01135
Potomje,Suhopolje_2025-03-13_11-08_tf_1h,2021-09-11 17:00:00,297.67984,297.18655
Potomje,Suhopolje_2025-03-13_11-08_tf_1h,2021-09-11 18:00:00,297.0201,296.4723
Potomje,Suhopolje_2025-03-13_11-08_tf_1h,2021-09-11 19:00:00,296.44406,295.91852
Potomje,Suhopolje_2025-03-13_11-08_tf_1h,2021-09-11 20:00:00,296.84464,295.44464
Potomje,Suhopolje_2025-03-13_11-08_tf_1h,2021-09-11 21:00:00,296.4359,296.27783
Potomje,Suhopolje_2025-03-13_11-08_tf_1h,2021-09-11 22:00:00,296.1893,295.35754
Potomje,Suhopolje_2025-03-13_11-08_tf_1h,2021-09-11 23:00:00,295.72876,295.2982
Potomje,Suhopolje_2025-03-13_11-08_tf_1h,2021-09-12 00:00:00,295.1171,294.805
Potomje,Suhopolje_2025-03-13_11-08_tf_1h,2021-09-12 01:00:00,294.51007,294.23068
Potomje,Suhopolje_2025-03-13_11-08_tf_1h,2021-09-12 02:00:00,294.10684,293.72946
Potomje,Suhopolje_2025-03-13_11-08_tf_1h,2021-09-12 03:00:00,293.81717,293.50104
Potomje,Suhopolje_2025-03-13_11-08_tf_1h,2021-09-12 04:00:00,293.51147,293.29984
Potomje,Suhopolje_2025-03-13_11-08_tf_1h,2021-09-12 05:00:00,293.23343,293.0061
Potomje,Suhopolje_2025-03-13_11-08_tf_1h,2021-09-12 06:00:00,293.01865,292.78113
Potomje,Suhopolje_2025-03-13_11-08_tf_1h,2021-09-12 07:00:00,293.8633,293.00876
Potomje,Suhopolje_2025-03-13_11-08_tf_1h,2021-09-12 08:00:00,295.6455,294.6869
Potomje,Suhopolje_2025-03-13_11-08_tf_1h,2021-09-12 09:00:00,297.76352,296.6404
Potomje,Suhopolje_2025-03-13_11-08_tf_1h,2021-09-12 10:00:00,299.42166,298.83206
Potomje,Suhopolje_2025-03-13_11-08_tf_1h,2021-09-12 11:00:00,300.44815,300.2079
Potomje,Suhopolje_2025-03-13_11-08_tf_1h,2021-09-12 12:00:00,300.73914,300.80643
Potomje,Suhopolje_2025-03-13_11-08_tf_1h,2021-09-12 13:00:00,300.83752,300.57742
Potomje,Suhopolje_2025-03-13_11-08_tf_1h,2021-09-12 14:00:00,300.54413,300.39322
Potomje,Suhopolje_2025-03-13_11-08_tf_1h,2021-09-12 15:00:00,299.76315,299.70288
Potomje,Suhopolje_2025-03-13_11-08_tf_1h,2021-09-12 16:00:00,299.21588,298.60236
Potomje,Suhopolje_2025-03-13_11-08_tf_1h,2021-09-12 17:00:00,298.47684,298.0857
Potomje,Suhopolje_2025-03-13_11-08_tf_1h,2021-09-12 18:00:00,297.60782,297.24957
Potomje,Suhopolje_2025-03-13_11-08_tf_1h,2021-09-12 19:00:00,296.88373,296.49365
Potomje,Suhopolje_2025-03-13_11-08_tf_1h,2021-09-12 20:00:00,297.1912,295.887
Potomje,Suhopolje_2025-03-13_11-08_tf_1h,2021-09-12 21:00:00,296.98584,296.5758
Potomje,Suhopolje_2025-03-13_11-08_tf_1h,2021-09-12 22:00:00,296.6114,296.00186
Potomje,Suhopolje_2025-03-13_11-08_tf_1h,2021-09-12 23:00:00,295.82407,295.67657
Potomje,Suhopolje_2025-03-13_11-08_tf_1h,2021-09-13 00:00:00,294.87903,294.875
Potomje,Suhopolje_2025-03-13_11-08_tf_1h,2021-09-13 01:00:00,294.0926,294.04
Potomje,Suhopolje_2025-03-13_11-08_tf_1h,2021-09-13 02:00:00,293.5354,293.39044
Potomje,Suhopolje_2025-03-13_11-08_tf_1h,2021-09-13 03:00:00,293.17084,292.96432
Potomje,Suhopolje_2025-03-13_11-08_tf_1h,2021-09-13 04:00:00,292.8311,292.71613
Potomje,Suhopolje_2025-03-13_11-08_tf_1h,2021-09-13 05:00:00,292.41315,292.37823
Potomje,Suhopolje_2025-03-13_11-08_tf_1h,2021-09-13 06:00:00,292.1151,291.94177
Potomje,Suhopolje_2025-03-13_11-08_tf_1h,2021-09-13 07:00:00,293.3742,292.21173
Potomje,Suhopolje_2025-03-13_11-08_tf_1h,2021-09-13 08:00:00,295.79068,294.81992
Potomje,Suhopolje_2025-03-13_11-08_tf_1h,2021-09-13 09:00:00,298.2647,297.16516
Potomje,Suhopolje_2025-03-13_11-08_tf_1h,2021-09-13 10:00:00,300.02692,299.7066
Potomje,Suhopolje_2025-03-13_11-08_tf_1h,2021-09-13 11:00:00,300.95065,301.0061
Potomje,Suhopolje_2025-03-13_11-08_tf_1h,2021-09-13 12:00:00,301.12985,301.36188
Potomje,Suhopolje_2025-03-13_11-08_tf_1h,2021-09-13 13:00:00,301.02905,300.97632
Potomje,Suhopolje_2025-03-13_11-08_tf_1h,2021-09-13 14:00:00,300.53796,300.55093
Potomje,Suhopolje_2025-03-13_11-08_tf_1h,2021-09-13 15:00:00,299.87582,299.64807
Potomje,Suhopolje_2025-03-13_11-08_tf_1h,2021-09-13 16:00:00,299.3404,298.768
Potomje,Suhopolje_2025-03-13_11-08_tf_1h,2021-09-13 17:00:00,298.7371,298.2161
Potomje,Suhopolje_2025-03-13_11-08_tf_1h,2021-09-13 18:00:00,297.9572,297.53644
Potomje,Suhopolje_2025-03-13_11-08_tf_1h,2021-09-13 19:00:00,297.29794,296.78534
Potomje,Suhopolje_2025-03-13_11-08_tf_1h,2021-09-13 20:00:00,297.2988,296.2711
Potomje,Suhopolje_2025-03-13_11-08_tf_1h,2021-09-13 21:00:00,297.0168,296.48532
Potomje,Suhopolje_2025-03-13_11-08_tf_1h,2021-09-13 22:00:00,296.61557,296.02466
Potomje,Suhopolje_2025-03-13_11-08_tf_1h,2021-09-13 23:00:00,295.95517,295.6749
Potomje,Suhopolje_2025-03-13_11-08_tf_1h,2021-09-14 00:00:00,295.22778,295.01907
Potomje,Suhopolje_2025-03-13_11-08_tf_1h,2021-09-14 01:00:00,294.60672,294.3877
Potomje,Suhopolje_2025-03-13_11-08_tf_1h,2021-09-14 02:00:00,294.084,293.87866
Potomje,Suhopolje_2025-03-13_11-08_tf_1h,2021-09-14 03:00:00,293.73593,293.4732
Potomje,Suhopolje_2025-03-13_11-08_tf_1h,2021-09-14 04:00:00,293.34872,293.24048
Potomje,Suhopolje_2025-03-13_11-08_tf_1h,2021-09-14 05:00:00,292.99405,292.8493
Potomje,Suhopolje_2025-03-13_11-08_tf_1h,2021-09-14 06:00:00,292.70413,292.54782
Potomje,Suhopolje_2025-03-13_11-08_tf_1h,2021-09-14 07:00:00,293.82993,292.83017
Potomje,Suhopolje_2025-03-13_11-08_tf_1h,2021-09-14 08:00:00,296.08914,295.12408
Potomje,Suhopolje_2025-03-13_11-08_tf_1h,2021-09-14 09:00:00,298.29434,297.3408
Potomje,Suhopolje_2025-03-13_11-08_tf_1h,2021-09-14 10:00:00,299.68036,299.52542
Potomje,Suhopolje_2025-03-13_11-08_tf_1h,2021-09-14 11:00:00,300.42093,300.40125
Potomje,Suhopolje_2025-03-13_11-08_tf_1h,2021-09-14 12:00:00,300.64404,300.67075
Potomje,Suhopolje_2025-03-13_11-08_tf_1h,2021-09-14 13:00:00,300.53467,300.47485
Potomje,Suhopolje_2025-03-13_11-08_tf_1h,2021-09-14 14:00:00,300.25116,300.02542
Potomje,Suhopolje_2025-03-13_11-08_tf_1h,2021-09-14 15:00:00,299.9707,299.47177
Potomje,Suhopolje_2025-03-13_11-08_tf_1h,2021-09-14 16:00:00,299.3729,299.03845
Potomje,Suhopolje_2025-03-13_11-08_tf_1h,2021-09-14 17:00:00,298.62598,298.2366
Potomje,Suhopolje_2025-03-13_11-08_tf_1h,2021-09-14 18:00:00,297.91156,297.3993
Potomje,Suhopolje_2025-03-13_11-08_tf_1h,2021-09-14 19:00:00,297.4532,296.79645
Potomje,Suhopolje_2025-03-13_11-08_tf_1h,2021-09-14 20:00:00,296.9639,296.48654
Potomje,Suhopolje_2025-03-13_11-08_tf_1h,2021-09-14 21:00:00,295.77487,295.97736
Potomje,Suhopolje_2025-03-13_11-08_tf_1h,2021-09-14 22:00:00,295.17398,294.66782
Potomje,Suhopolje_2025-03-13_11-08_tf_1h,2021-09-14 23:00:00,295.62573,294.41815
Potomje,Suhopolje_2025-03-13_11-08_tf_1h,2021-09-15 00:00:00,295.80188,295.26266
Potomje,Suhopolje_2025-03-13_11-08_tf_1h,2021-09-15 01:00:00,294.55707,295.27927
Potomje,Suhopolje_2025-03-13_11-08_tf_1h,2021-09-15 02:00:00,292.8199,293.57745
Potomje,Suhopolje_2025-03-13_11-08_tf_1h,2021-09-15 03:00:00,292.42017,291.96902
Potomje,Suhopolje_2025-03-13_11-08_tf_1h,2021-09-15 04:00:00,291.85904,292.0
Potomje,Suhopolje_2025-03-13_11-08_tf_1h,2021-09-15 05:00:00,291.63242,291.36832
Potomje,Suhopolje_2025-03-13_11-08_tf_1h,2021-09-15 06:00:00,292.0266,291.3846
Potomje,Suhopolje_2025-03-13_11-08_tf_1h,2021-09-15 07:00:00,293.18774,292.764
Potomje,Suhopolje_2025-03-13_11-08_tf_1h,2021-09-15 08:00:00,296.26065,294.34427
Potomje,Suhopolje_2025-03-13_11-08_tf_1h,2021-09-15 09:00:00,298.18036,298.07257
Potomje,Suhopolje_2025-03-13_11-08_tf_1h,2021-09-15 10:00:00,299.50247,299.37537
Potomje,Suhopolje_2025-03-13_11-08_tf_1h,2021-09-15 11:00:00,300.39304,300.24844
Potomje,Suhopolje_2025-03-13_11-08_tf_1h,2021-09-15 12:00:00,300.8562,300.7841
Potomje,Suhopolje_2025-03-13_11-08_tf_1h,2021-09-15 13:00:00,300.93747,300.8609
Potomje,Suhopolje_2025-03-13_11-08_tf_1h,2021-09-15 14:00:00,300.43497,300.57483
Potomje,Suhopolje_2025-03-13_11-08_tf_1h,2021-09-15 15:00:00,299.69244,299.5514
Potomje,Suhopolje_2025-03-13_11-08_tf_1h,2021-09-15 16:00:00,298.95035,298.56586
Potomje,Suhopolje_2025-03-13_11-08_tf_1h,2021-09-15 17:00:00,298.16367,297.76633
Potomje,Suhopolje_2025-03-13_11-08_tf_1h,2021-09-15 18:00:00,297.39236,296.9018
Potomje,Suhopolje_2025-03-13_11-08_tf_1h,2021-09-15 19:00:00,296.93182,296.28564
Potomje,Suhopolje_2025-03-13_11-08_tf_1h,2021-09-15 20:00:00,296.14075,295.97815
Potomje,Suhopolje_2025-03-13_11-08_tf_1h,2021-09-15 21:00:00,296.11835,295.10242
Potomje,Suhopolje_2025-03-13_11-08_tf_1h,2021-09-15 22:00:00,295.55524,295.4202
Potomje,Suhopolje_2025-03-13_11-08_tf_1h,2021-09-15 23:00:00,295.86887,294.60535
Potomje,Suhopolje_2025-03-13_11-08_tf_1h,2021-09-16 00:00:00,295.47375,295.3754
Potomje,Suhopolje_2025-03-13_11-08_tf_1h,2021-09-16 01:00:00,295.44083,294.66513
Potomje,Suhopolje_2025-03-13_11-08_tf_1h,2021-09-16 02:00:00,293.72076,294.85068
Potomje,Suhopolje_2025-03-13_11-08_tf_1h,2021-09-16 03:00:00,293.89337,292.70715
Potomje,Suhopolje_2025-03-13_11-08_tf_1h,2021-09-16 04:00:00,293.69244,293.62308
Potomje,Suhopolje_2025-03-13_11-08_tf_1h,2021-09-16 05:00:00,294.086,293.27365
Potomje,Suhopolje_2025-03-13_11-08_tf_1h,2021-09-16 06:00:00,294.23688,294.008
Potomje,Suhopolje_2025-03-13_11-08_tf_1h,2021-09-16 07:00:00,294.59857,294.50235
Potomje,Suhopolje_2025-03-13_11-08_tf_1h,2021-09-16 08:00:00,296.89185,295.06445
Potomje,Suhopolje_2025-03-13_11-08_tf_1h,2021-09-16 09:00:00,298.6363,298.0094
Potomje,Suhopolje_2025-03-13_11-08_tf_1h,2021-09-16 10:00:00,299.65994,299.49396
Potomje,Suhopolje_2025-03-13_11-08_tf_1h,2021-09-16 11:00:00,300.27225,300.05618
Potomje,Suhopolje_2025-03-13_11-08_tf_1h,2021-09-16 12:00:00,300.2764,300.3292
Potomje,Suhopolje_2025-03-13_11-08_tf_1h,2021-09-16 13:00:00,299.40936,299.84814
Potomje,Suhopolje_2025-03-13_11-08_tf_1h,2021-09-16 14:00:00,298.53262,298.39398
Potomje,Suhopolje_2025-03-13_11-08_tf_1h,2021-09-16 15:00:00,298.66837,297.41666
Potomje,Suhopolje_2025-03-13_11-08_tf_1h,2021-09-16 16:00:00,298.77225,297.8641
Potomje,Suhopolje_2025-03-13_11-08_tf_1h,2021-09-16 17:00:00,298.64178,297.80362
Potomje,Suhopolje_2025-03-13_11-08_tf_1h,2021-09-16 18:00:00,298.0923,297.60977
Potomje,Suhopolje_2025-03-13_11-08_tf_1h,2021-09-16 19:00:00,297.52567,296.97305
Potomje,Suhopolje_2025-03-13_11-08_tf_1h,2021-09-16 20:00:00,297.28476,296.52924
Potomje,Suhopolje_2025-03-13_11-08_tf_1h,2021-09-16 21:00:00,297.06732,296.41354
Potomje,Suhopolje_2025-03-13_11-08_tf_1h,2021-09-16 22:00:00,296.82706,296.18365
Potomje,Suhopolje_2025-03-13_11-08_tf_1h,2021-09-16 23:00:00,296.57034,295.95062
Potomje,Suhopolje_2025-03-13_11-08_tf_1h,2021-09-17 00:00:00,296.36893,295.75574
Potomje,Suhopolje_2025-03-13_11-08_tf_1h,2021-09-17 01:00:00,296.17984,295.63004
Potomje,Suhopolje_2025-03-13_11-08_tf_1h,2021-09-17 02:00:00,296.07993,295.51495
Potomje,Suhopolje_2025-03-13_11-08_tf_1h,2021-09-17 03:00:00,296.01028,295.48257
Potomje,Suhopolje_2025-03-13_11-08_tf_1h,2021-09-17 04:00:00,295.8223,295.44696
Potomje,Suhopolje_2025-03-13_11-08_tf_1h,2021-09-17 05:00:00,295.6319,295.2071
Potomje,Suhopolje_2025-03-13_11-08_tf_1h,2021-09-17 06:00:00,295.5761,295.09586
Potomje,Suhopolje_2025-03-13_11-08_tf_1h,2021-09-17 07:00:00,296.168,295.4984
Potomje,Suhopolje_2025-03-13_11-08_tf_1h,2021-09-17 08:00:00,296.79062,296.31552
Potomje,Suhopolje_2025-03-13_11-08_tf_1h,2021-09-17 09:00:00,297.9247,296.77252
Potomje,Suhopolje_2025-03-13_11-08_tf_1h,2021-09-17 10:00:00,298.83768,297.97986
Potomje,Suhopolje_2025-03-13_11-08_tf_1h,2021-09-17 11:00:00,298.87964,298.77548
Potomje,Suhopolje_2025-03-13_11-08_tf_1h,2021-09-17 12:00:00,298.96243,298.35977
Potomje,Suhopolje_2025-03-13_11-08_tf_1h,2021-09-17 13:00:00,298.5794,298.32635
Potomje,Suhopolje_2025-03-13_11-08_tf_1h,2021-09-17 14:00:00,298.5144,297.70584
Potomje,Suhopolje_2025-03-13_11-08_tf_1h,2021-09-17 15:00:00,298.33914,297.6494
Potomje,Suhopolje_2025-03-13_11-08_tf_1h,2021-09-17 16:00:00,297.8011,297.3541
Potomje,Suhopolje_2025-03-13_11-08_tf_1h,2021-09-17 17:00:00,296.98233,296.71652
Potomje,Suhopolje_2025-03-13_11-08_tf_1h,2021-09-17 18:00:00,296.17963,295.94223
Potomje,Suhopolje_2025-03-13_11-08_tf_1h,2021-09-17 19:00:00,295.54428,295.25168
Potomje,Suhopolje_2025-03-13_11-08_tf_1h,2021-09-17 20:00:00,296.66916,294.72867
Potomje,Suhopolje_2025-03-13_11-08_tf_1h,2021-09-17 21:00:00,296.13834,296.5297
Potomje,Suhopolje_2025-03-13_11-08_tf_1h,2021-09-17 22:00:00,295.2133,295.1373
Potomje,Suhopolje_2025-03-13_11-08_tf_1h,2021-09-17 23:00:00,294.7376,294.30573
Potomje,Suhopolje_2025-03-13_11-08_tf_1h,2021-09-18 00:00:00,294.77844,294.08783
Potomje,Suhopolje_2025-03-13_11-08_tf_1h,2021-09-18 01:00:00,294.39896,294.35736
Potomje,Suhopolje_2025-03-13_11-08_tf_1h,2021-09-18 02:00:00,294.1699,293.81125
Potomje,Suhopolje_2025-03-13_11-08_tf_1h,2021-09-18 03:00:00,293.84396,293.68005
Potomje,Suhopolje_2025-03-13_11-08_tf_1h,2021-09-18 04:00:00,293.06104,293.34555
Potomje,Suhopolje_2025-03-13_11-08_tf_1h,2021-09-18 05:00:00,292.30267,292.37866
Potomje,Suhopolje_2025-03-13_11-08_tf_1h,2021-09-18 06:00:00,292.1575,291.9008
Potomje,Suhopolje_2025-03-13_11-08_tf_1h,2021-09-18 07:00:00,292.51044,292.31583
Potomje,Suhopolje_2025-03-13_11-08_tf_1h,2021-09-18 08:00:00,294.15253,292.90396
Potomje,Suhopolje_2025-03-13_11-08_tf_1h,2021-09-18 09:00:00,294.93042,295.13132
Potomje,Suhopolje_2025-03-13_11-08_tf_1h,2021-09-18 10:00:00,295.8034,295.39233
Potomje,Suhopolje_2025-03-13_11-08_tf_1h,2021-09-18 11:00:00,296.45392,296.15527
Potomje,Suhopolje_2025-03-13_11-08_tf_1h,2021-09-18 12:00:00,296.9439,296.59695
Potomje,Suhopolje_2025-03-13_11-08_tf_1h,2021-09-18 13:00:00,297.3302,296.91245
Potomje,Suhopolje_2025-03-13_11-08_tf_1h,2021-09-18 14:00:00,297.44046,297.14316
Potomje,Suhopolje_2025-03-13_11-08_tf_1h,2021-09-18 15:00:00,297.2261,297.0061
Potomje,Suhopolje_2025-03-13_11-08_tf_1h,2021-09-18 16:00:00,296.5453,296.5041
Potomje,Suhopolje_2025-03-13_11-08_tf_1h,2021-09-18 17:00:00,296.092,295.50775
Potomje,Suhopolje_2025-03-13_11-08_tf_1h,2021-09-18 18:00:00,295.66153,295.0638
Potomje,Suhopolje_2025-03-13_11-08_tf_1h,2021-09-18 19:00:00,295.17334,294.72522
Potomje,Suhopolje_2025-03-13_11-08_tf_1h,2021-09-18 20:00:00,295.06836,294.219
Potomje,Suhopolje_2025-03-13_11-08_tf_1h,2021-09-18 21:00:00,294.4007,294.32077
Potomje,Suhopolje_2025-03-13_11-08_tf_1h,2021-09-18 22:00:00,293.9024,293.4399
Potomje,Suhopolje_2025-03-13_11-08_tf_1h,2021-09-18 23:00:00,295.01212,293.1068
Potomje,Suhopolje_2025-03-13_11-08_tf_1h,2021-09-19 00:00:00,294.76,294.97205
Potomje,Suhopolje_2025-03-13_11-08_tf_1h,2021-09-19 01:00:00,294.46924,294.0637
Potomje,Suhopolje_2025-03-13_11-08_tf_1h,2021-09-19 02:00:00,294.1499,293.74323
Potomje,Suhopolje_2025-03-13_11-08_tf_1h,2021-09-19 03:00:00,292.70743,293.49237
Potomje,Suhopolje_2025-03-13_11-08_tf_1h,2021-09-19 04:00:00,292.20978,291.78433
Potomje,Suhopolje_2025-03-13_11-08_tf_1h,2021-09-19 05:00:00,292.55832,291.7029
Potomje,Suhopolje_2025-03-13_11-08_tf_1h,2021-09-19 06:00:00,292.55545,292.51236
Potomje,Suhopolje_2025-03-13_11-08_tf_1h,2021-09-19 07:00:00,293.01425,292.33267
Potomje,Suhopolje_2025-03-13_11-08_tf_1h,2021-09-19 08:00:00,293.79938,293.19272
Potomje,Suhopolje_2025-03-13_11-08_tf_1h,2021-09-19 09:00:00,294.85333,294.1552
Potomje,Suhopolje_2025-03-13_11-08_tf_1h,2021-09-19 10:00:00,295.67407,295.2567
Potomje,Suhopolje_2025-03-13_11-08_tf_1h,2021-09-19 11:00:00,296.5084,295.89694
Potomje,Suhopolje_2025-03-13_11-08_tf_1h,2021-09-19 12:00:00,297.07172,296.65158
Potomje,Suhopolje_2025-03-13_11-08_tf_1h,2021-09-19 13:00:00,297.1029,297.01877
Potomje,Suhopolje_2025-03-13_11-08_tf_1h,2021-09-19 14:00:00,297.03503,296.67786
Potomje,Suhopolje_2025-03-13_11-08_tf_1h,2021-09-19 15:00:00,296.99945,296.4134
Potomje,Suhopolje_2025-03-13_11-08_tf_1h,2021-09-19 16:00:00,296.85342,296.27136
Potomje,Suhopolje_2025-03-13_11-08_tf_1h,2021-09-19 17:00:00,296.39178,295.9477
Potomje,Suhopolje_2025-03-13_11-08_tf_1h,2021-09-19 18:00:00,295.84735,295.29187
Potomje,Suhopolje_2025-03-13_11-08_tf_1h,2021-09-19 19:00:00,295.40326,294.84396
Potomje,Suhopolje_2025-03-13_11-08_tf_1h,2021-09-19 20:00:00,295.93518,294.49542
Potomje,Suhopolje_2025-03-13_11-08_tf_1h,2021-09-19 21:00:00,295.58884,295.4895
Potomje,Suhopolje_2025-03-13_11-08_tf_1h,2021-09-19 22:00:00,295.34485,294.62094
Potomje,Suhopolje_2025-03-13_11-08_tf_1h,2021-09-19 23:00:00,295.18784,294.49573
Potomje,Suhopolje_2025-03-13_11-08_tf_1h,2021-09-20 00:00:00,295.12524,294.43524
Potomje,Suhopolje_2025-03-13_11-08_tf_1h,2021-09-20 01:00:00,294.89923,294.45554
Potomje,Suhopolje_2025-03-13_11-08_tf_1h,2021-09-20 02:00:00,294.49426,294.2041
Potomje,Suhopolje_2025-03-13_11-08_tf_1h,2021-09-20 03:00:00,294.50854,293.80026
Potomje,Suhopolje_2025-03-13_11-08_tf_1h,2021-09-20 04:00:00,294.54962,294.05368
Potomje,Suhopolje_2025-03-13_11-08_tf_1h,2021-09-20 05:00:00,293.87866,294.1101
Potomje,Suhopolje_2025-03-13_11-08_tf_1h,2021-09-20 06:00:00,293.5622,293.10968
Potomje,Suhopolje_2025-03-13_11-08_tf_1h,2021-09-20 07:00:00,293.46512,293.07465
Potomje,Suhopolje_2025-03-13_11-08_tf_1h,2021-09-20 08:00:00,293.9786,293.16495
Potomje,Suhopolje_2025-03-13_11-08_tf_1h,2021-09-20 09:00:00,295.10394,293.98505
Potomje,Suhopolje_2025-03-13_11-08_tf_1h,2021-09-20 10:00:00,296.40408,295.28647
Potomje,Suhopolje_2025-03-13_11-08_tf_1h,2021-09-20 11:00:00,296.91162,296.6573
Potomje,Suhopolje_2025-03-13_11-08_tf_1h,2021-09-20 12:00:00,296.85123,296.8183
Potomje,Suhopolje_2025-03-13_11-08_tf_1h,2021-09-20 13:00:00,296.64587,296.3971
Potomje,Suhopolje_2025-03-13_11-08_tf_1h,2021-09-20 14:00:00,296.4278,295.99216
Potomje,Suhopolje_2025-03-13_11-08_tf_1h,2021-09-20 15:00:00,296.20093,295.60382
Potomje,Suhopolje_2025-03-13_11-08_tf_1h,2021-09-20 16:00:00,295.93518,295.2636
Potomje,Suhopolje_2025-03-13_11-08_tf_1h,2021-09-20 17:00:00,295.56448,295.02814
Potomje,Suhopolje_2025-03-13_11-08_tf_1h,2021-09-20 18:00:00,295.089,294.65826
Potomje,Suhopolje_2025-03-13_11-08_tf_1h,2021-09-20 19:00:00,294.7163,294.19525
Potomje,Suhopolje_2025-03-13_11-08_tf_1h,2021-09-20 20:00:00,294.27902,293.88083
Potomje,Suhopolje_2025-03-13_11-08_tf_1h,2021-09-20 21:00:00,293.82837,293.4504
Potomje,Suhopolje_2025-03-13_11-08_tf_1h,2021-09-20 22:00:00,294.36557,293.06735
Potomje,Suhopolje_2025-03-13_11-08_tf_1h,2021-09-20 23:00:00,294.74792,294.09735
Potomje,Suhopolje_2025-03-13_11-08_tf_1h,2021-09-21 00:00:00,293.87033,294.36975
Potomje,Suhopolje_2025-03-13_11-08_tf_1h,2021-09-21 01:00:00,292.1048,292.91745
Potomje,Suhopolje_2025-03-13_11-08_tf_1h,2021-09-21 02:00:00,292.0005,291.17035
Potomje,Suhopolje_2025-03-13_11-08_tf_1h,2021-09-21 03:00:00,291.9065,291.65686
Potomje,Suhopolje_2025-03-13_11-08_tf_1h,2021-09-21 04:00:00,291.8002,291.56628
Potomje,Suhopolje_2025-03-13_11-08_tf_1h,2021-09-21 05:00:00,291.44067,291.47244
Potomje,Suhopolje_2025-03-13_11-08_tf_1h,2021-09-21 06:00:00,291.31747,291.01868
Potomje,Suhopolje_2025-03-13_11-08_tf_1h,2021-09-21 07:00:00,291.69235,291.22482
Potomje,Suhopolje_2025-03-13_11-08_tf_1h,2021-09-21 08:00:00,292.72852,292.0028
Potomje,Suhopolje_2025-03-13_11-08_tf_1h,2021-09-21 09:00:00,293.93555,293.37067
Potomje,Suhopolje_2025-03-13_11-08_tf_1h,2021-09-21 10:00:00,294.80875,294.54443
Potomje,Suhopolje_2025-03-13_11-08_tf_1h,2021-09-21 11:00:00,295.7698,295.16135
Potomje,Suhopolje_2025-03-13_11-08_tf_1h,2021-09-21 12:00:00,296.65094,296.04935
Potomje,Suhopolje_2025-03-13_11-08_tf_1h,2021-09-21 13:00:00,297.07852,296.8199
Potomje,Suhopolje_2025-03-13_11-08_tf_1h,2021-09-21 14:00:00,297.2318,296.95804
Potomje,Suhopolje_2025-03-13_11-08_tf_1h,2021-09-21 15:00:00,297.0871,296.84775
Potomje,Suhopolje_2025-03-13_11-08_tf_1h,2021-09-21 16:00:00,296.65817,296.41815
Potomje,Suhopolje_2025-03-13_11-08_tf_1h,2021-09-21 17:00:00,296.04523,295.71793
Potomje,Suhopolje_2025-03-13_11-08_tf_1h,2021-09-21 18:00:00,295.25546,294.89423
Potomje,Suhopolje_2025-03-13_11-08_tf_1h,2021-09-21 19:00:00,294.6111,294.1595
Potomje,Suhopolje_2025-03-13_11-08_tf_1h,2021-09-21 20:00:00,293.72583,293.67685
Potomje,Suhopolje_2025-03-13_11-08_tf_1h,2021-09-21 21:00:00,292.79376,292.74472
Potomje,Suhopolje_2025-03-13_11-08_tf_1h,2021-09-21 22:00:00,291.9124,291.90338
Potomje,Suhopolje_2025-03-13_11-08_tf_1h,2021-09-21 23:00:00,291.10464,291.1023
Potomje,Suhopolje_2025-03-13_11-08_tf_1h,2021-09-22 00:00:00,290.40823,290.38403
Potomje,Suhopolje_2025-03-13_11-08_tf_1h,2021-09-22 01:00:00,289.8682,289.84485
Potomje,Suhopolje_2025-03-13_11-08_tf_1h,2021-09-22 02:00:00,289.38745,289.40817
Potomje,Suhopolje_2025-03-13_11-08_tf_1h,2021-09-22 03:00:00,288.9291,288.95032
Potomje,Suhopolje_2025-03-13_11-08_tf_1h,2021-09-22 04:00:00,288.47165,288.4868
Potomje,Suhopolje_2025-03-13_11-08_tf_1h,2021-09-22 05:00:00,288.04074,288.06137
Potomje,Suhopolje_2025-03-13_11-08_tf_1h,2021-09-22 06:00:00,287.66168,287.80634
Potomje,Suhopolje_2025-03-13_11-08_tf_1h,2021-09-22 07:00:00,288.01483,287.82928
Potomje,Suhopolje_2025-03-13_11-08_tf_1h,2021-09-22 08:00:00,289.18826,289.07428
Potomje,Suhopolje_2025-03-13_11-08_tf_1h,2021-09-22 09:00:00,290.39462,290.37686
Potomje,Suhopolje_2025-03-13_11-08_tf_1h,2021-09-22 10:00:00,291.69476,291.42688
Potomje,Suhopolje_2025-03-13_11-08_tf_1h,2021-09-22 11:00:00,292.7228,292.61478
Potomje,Suhopolje_2025-03-13_11-08_tf_1h,2021-09-22 12:00:00,293.60965,293.39087
Potomje,Suhopolje_2025-03-13_11-08_tf_1h,2021-09-22 13:00:00,294.12003,294.07736
Potomje,Suhopolje_2025-03-13_11-08_tf_1h,2021-09-22 14:00:00,294.41675,294.27646
Potomje,Suhopolje_2025-03-13_11-08_tf_1h,2021-09-22 15:00:00,294.40775,294.34253
Potomje,Suhopolje_2025-03-13_11-08_tf_1h,2021-09-22 16:00:00,294.13693,294.06238
Potomje,Suhopolje_2025-03-13_11-08_tf_1h,2021-09-22 17:00:00,293.6092,293.54517
Potomje,Suhopolje_2025-03-13_11-08_tf_1h,2021-09-22 18:00:00,292.7404,292.6998
Potomje,Suhopolje_2025-03-13_11-08_tf_1h,2021-09-22 19:00:00,291.8729,291.54443
Potomje,Suhopolje_2025-03-13_11-08_tf_1h,2021-09-22 20:00:00,291.1956,290.8091
Potomje,Suhopolje_2025-03-13_11-08_tf_1h,2021-09-22 21:00:00,290.67596,290.27484
Potomje,Suhopolje_2025-03-13_11-08_tf_1h,2021-09-22 22:00:00,290.27536,289.90842
Potomje,Suhopolje_2025-03-13_11-08_tf_1h,2021-09-22 23:00:00,289.8155,289.66043
Potomje,Suhopolje_2025-03-13_11-08_tf_1h,2021-09-23 00:00:00,289.41797,289.2351
Potomje,Suhopolje_2025-03-13_11-08_tf_1h,2021-09-23 01:00:00,289.11227,288.92014
Potomje,Suhopolje_2025-03-13_11-08_tf_1h,2021-09-23 02:00:00,288.87222,288.69333
Potomje,Suhopolje_2025-03-13_11-08_tf_1h,2021-09-23 03:00:00,288.65128,288.50604
Potomje,Suhopolje_2025-03-13_11-08_tf_1h,2021-09-23 04:00:00,288.4589,288.30374
Potomje,Suhopolje_2025-03-13_11-08_tf_1h,2021-09-23 05:00:00,288.3289,288.1474
Potomje,Suhopolje_2025-03-13_11-08_tf_1h,2021-09-23 06:00:00,288.19403,288.11188
Potomje,Suhopolje_2025-03-13_11-08_tf_1h,2021-09-23 07:00:00,288.53424,288.10815
Potomje,Suhopolje_2025-03-13_11-08_tf_1h,2021-09-23 08:00:00,289.8449,289.04205
Potomje,Suhopolje_2025-03-13_11-08_tf_1h,2021-09-23 09:00:00,290.6452,290.89926
Potomje,Suhopolje_2025-03-13_11-08_tf_1h,2021-09-23 10:00:00,291.50217,291.32056
Potomje,Suhopolje_2025-03-13_11-08_tf_1h,2021-09-23 11:00:00,292.37735,292.03534
Potomje,Suhopolje_2025-03-13_11-08_tf_1h,2021-09-23 12:00:00,293.15436,292.80566
Potomje,Suhopolje_2025-03-13_11-08_tf_1h,2021-09-23 13:00:00,293.80356,293.44394
Potomje,Suhopolje_2025-03-13_11-08_tf_1h,2021-09-23 14:00:00,294.1721,293.938
Potomje,Suhopolje_2025-03-13_11-08_tf_1h,2021-09-23 15:00:00,294.14352,294.07004
Potomje,Suhopolje_2025-03-13_11-08_tf_1h,2021-09-23 16:00:00,293.6136,293.71497
Potomje,Suhopolje_2025-03-13_11-08_tf_1h,2021-09-23 17:00:00,292.92157,292.75467
Potomje,Suhopolje_2025-03-13_11-08_tf_1h,2021-09-23 18:00:00,292.21616,291.76584
Potomje,Suhopolje_2025-03-13_11-08_tf_1h,2021-09-23 19:00:00,291.78064,291.17844
Potomje,Suhopolje_2025-03-13_11-08_tf_1h,2021-09-23 20:00:00,291.53336,290.9519
Potomje,Suhopolje_2025-03-13_11-08_tf_1h,2021-09-23 21:00:00,291.34076,290.848
Potomje,Suhopolje_2025-03-13_11-08_tf_1h,2021-09-23 22:00:00,291.18744,290.7381
Potomje,Suhopolje_2025-03-13_11-08_tf_1h,2021-09-23 23:00:00,290.87625,290.64764
Potomje,Suhopolje_2025-03-13_11-08_tf_1h,2021-09-24 00:00:00,290.32874,290.28946
Potomje,Suhopolje_2025-03-13_11-08_tf_1h,2021-09-24 01:00:00,289.38876,289.66953
Potomje,Suhopolje_2025-03-13_11-08_tf_1h,2021-09-24 02:00:00,288.3315,288.59796
Potomje,Suhopolje_2025-03-13_11-08_tf_1h,2021-09-24 03:00:00,288.23203,287.56464
Potomje,Suhopolje_2025-03-13_11-08_tf_1h,2021-09-24 04:00:00,287.77567,288.03973
Potomje,Suhopolje_2025-03-13_11-08_tf_1h,2021-09-24 05:00:00,287.51562,287.34726
Potomje,Suhopolje_2025-03-13_11-08_tf_1h,2021-09-24 06:00:00,287.5027,287.25626
Potomje,Suhopolje_2025-03-13_11-08_tf_1h,2021-09-24 07:00:00,288.42377,287.47107
Potomje,Suhopolje_2025-03-13_11-08_tf_1h,2021-09-24 08:00:00,290.96344,289.19888
Potomje,Suhopolje_2025-03-13_11-08_tf_1h,2021-09-24 09:00:00,292.1428,292.5159
Potomje,Suhopolje_2025-03-13_11-08_tf_1h,2021-09-24 10:00:00,293.12473,293.04895
Potomje,Suhopolje_2025-03-13_11-08_tf_1h,2021-09-24 11:00:00,293.91205,293.76282
Potomje,Suhopolje_2025-03-13_11-08_tf_1h,2021-09-24 12:00:00,294.404,294.31412
Potomje,Suhopolje_2025-03-13_11-08_tf_1h,2021-09-24 13:00:00,294.6783,294.51642
Potomje,Suhopolje_2025-03-13_11-08_tf_1h,2021-09-24 14:00:00,294.7172,294.54285
Potomje,Suhopolje_2025-03-13_11-08_tf_1h,2021-09-24 15:00:00,294.51797,294.31696
Potomje,Suhopolje_2025-03-13_11-08_tf_1h,2021-09-24 16:00:00,294.1499,293.86853
Potomje,Suhopolje_2025-03-13_11-08_tf_1h,2021-09-24 17:00:00,293.59888,293.2431
Potomje,Suhopolje_2025-03-13_11-08_tf_1h,2021-09-24 18:00:00,292.94684,292.49142
Potomje,Suhopolje_2025-03-13_11-08_tf_1h,2021-09-24 19:00:00,292.1125,291.8932
Potomje,Suhopolje_2025-03-13_11-08_tf_1h,2021-09-24 20:00:00,292.40656,291.09824
Potomje,Suhopolje_2025-03-13_11-08_tf_1h,2021-09-24 21:00:00,292.21088,292.00568
Potomje,Suhopolje_2025-03-13_11-08_tf_1h,2021-09-24 22:00:00,291.96643,291.49982
Potomje,Suhopolje_2025-03-13_11-08_tf_1h,2021-09-24 23:00:00,291.5362,291.2938
Potomje,Suhopolje_2025-03-13_11-08_tf_1h,2021-09-25 00:00:00,290.00217,290.83154
Potomje,Suhopolje_2025-03-13_11-08_tf_1h,2021-09-25 01:00:00,289.19968,289.05347
Potomje,Suhopolje_2025-03-13_11-08_tf_1h,2021-09-25 02:00:00,288.53467,288.54816
Potomje,Suhopolje_2025-03-13_11-08_tf_1h,2021-09-25 03:00:00,287.90326,288.00897
Potomje,Suhopolje_2025-03-13_11-08_tf_1h,2021-09-25 04:00:00,287.94388,287.42422
Potomje,Suhopolje_2025-03-13_11-08_tf_1h,2021-09-25 05:00:00,288.4165,287.8409
Potomje,Suhopolje_2025-03-13_11-08_tf_1h,2021-09-25 06:00:00,288.3122,288.52795
Potomje,Suhopolje_2025-03-13_11-08_tf_1h,2021-09-25 07:00:00,289.25436,288.1126
Potomje,Suhopolje_2025-03-13_11-08_tf_1h,2021-09-25 08:00:00,291.52896,290.2435
Potomje,Suhopolje_2025-03-13_11-08_tf_1h,2021-09-25 09:00:00,293.15283,292.9044
Potomje,Suhopolje_2025-03-13_11-08_tf_1h,2021-09-25 10:00:00,294.386,294.2266
Potomje,Suhopolje_2025-03-13_11-08_tf_1h,2021-09-25 11:00:00,295.37802,295.12088
Potomje,Suhopolje_2025-03-13_11-08_tf_1h,2021-09-25 12:00:00,296.16006,295.8779
Potomje,Suhopolje_2025-03-13_11-08_tf_1h,2021-09-25 13:00:00,296.53168,296.4115
Potomje,Suhopolje_2025-03-13_11-08_tf_1h,2021-09-25 14:00:00,296.57956,296.4418
Potomje,Suhopolje_2025-03-13_11-08_tf_1h,2021-09-25 15:00:00,296.3239,296.17017
Potomje,Suhopolje_2025-03-13_11-08_tf_1h,2021-09-25 16:00:00,295.82736,295.60428
Potomje,Suhopolje_2025-03-13_11-08_tf_1h,2021-09-25 17:00:00,295.0701,294.84372
Potomje,Suhopolje_2025-03-13_11-08_tf_1h,2021-09-25 18:00:00,294.301,293.8324
Potomje,Suhopolje_2025-03-13_11-08_tf_1h,2021-09-25 19:00:00,293.74097,293.1937
Potomje,Suhopolje_2025-03-13_11-08_tf_1h,2021-09-25 20:00:00,293.47522,292.78857
Potomje,Suhopolje_2025-03-13_11-08_tf_1h,2021-09-25 21:00:00,292.77682,292.66895
Potomje,Suhopolje_2025-03-13_11-08_tf_1h,2021-09-25 22:00:00,291.62888,291.8052
Potomje,Suhopolje_2025-03-13_11-08_tf_1h,2021-09-25 23:00:00,291.09674,290.64728
Potomje,Suhopolje_2025-03-13_11-08_tf_1h,2021-09-26 00:00:00,290.71286,290.49673
Potomje,Suhopolje_2025-03-13_11-08_tf_1h,2021-09-26 01:00:00,290.0039,290.23868
Potomje,Suhopolje_2025-03-13_11-08_tf_1h,2021-09-26 02:00:00,289.42654,289.40488
Potomje,Suhopolje_2025-03-13_11-08_tf_1h,2021-09-26 03:00:00,289.2704,288.91284
Potomje,Suhopolje_2025-03-13_11-08_tf_1h,2021-09-26 04:00:00,288.96338,288.99667
Potomje,Suhopolje_2025-03-13_11-08_tf_1h,2021-09-26 05:00:00,288.9043,288.55627
Potomje,Suhopolje_2025-03-13_11-08_tf_1h,2021-09-26 06:00:00,288.8327,288.7306
Potomje,Suhopolje_2025-03-13_11-08_tf_1h,2021-09-26 07:00:00,290.2466,288.88953
Potomje,Suhopolje_2025-03-13_11-08_tf_1h,2021-09-26 08:00:00,293.23386,291.80676
Potomje,Suhopolje_2025-03-13_11-08_tf_1h,2021-09-26 09:00:00,295.17178,294.94754
Potomje,Suhopolje_2025-03-13_11-08_tf_1h,2021-09-26 10:00:00,296.4939,296.48224
Potomje,Suhopolje_2025-03-13_11-08_tf_1h,2021-09-26 11:00:00,297.32715,297.341
Potomje,Suhopolje_2025-03-13_11-08_tf_1h,2021-09-26 12:00:00,297.68973,297.758
Potomje,Suhopolje_2025-03-13_11-08_tf_1h,2021-09-26 13:00:00,297.677,297.69095
Potomje,Suhopolje_2025-03-13_11-08_tf_1h,2021-09-26 14:00:00,297.46857,297.31818
Potomje,Suhopolje_2025-03-13_11-08_tf_1h,2021-09-26 15:00:00,297.26587,296.83502
Potomje,Suhopolje_2025-03-13_11-08_tf_1h,2021-09-26 16:00:00,296.8442,296.48135
Potomje,Suhopolje_2025-03-13_11-08_tf_1h,2021-09-26 17:00:00,296.16995,295.82263
Potomje,Suhopolje_2025-03-13_11-08_tf_1h,2021-09-26 18:00:00,295.41733,294.933
Potomje,Suhopolje_2025-03-13_11-08_tf_1h,2021-09-26 19:00:00,294.9067,294.2831
Potomje,Suhopolje_2025-03-13_11-08_tf_1h,2021-09-26 20:00:00,294.58365,293.9417
Potomje,Suhopolje_2025-03-13_11-08_tf_1h,2021-09-26 21:00:00,294.28915,293.69333
Potomje,Suhopolje_2025-03-13_11-08_tf_1h,2021-09-26 22:00:00,294.15408,293.48184
Potomje,Suhopolje_2025-03-13_11-08_tf_1h,2021-09-26 23:00:00,293.33798,293.49243
Potomje,Suhopolje_2025-03-13_11-08_tf_1h,2021-09-27 00:00:00,293.06366,292.40417
Potomje,Suhopolje_2025-03-13_11-08_tf_1h,2021-09-27 01:00:00,292.78342,292.48776
Potomje,Suhopolje_2025-03-13_11-08_tf_1h,2021-09-27 02:00:00,292.43225,292.25977
Potomje,Suhopolje_2025-03-13_11-08_tf_1h,2021-09-27 03:00:00,292.21725,291.88766
Potomje,Suhopolje_2025-03-13_11-08_tf_1h,2021-09-27 04:00:00,291.91394,291.76138
Potomje,Suhopolje_2025-03-13_11-08_tf_1h,2021-09-27 05:00:00,291.70532,291.43173
Potomje,Suhopolje_2025-03-13_11-08_tf_1h,2021-09-27 06:00:00,291.35852,291.30627
Potomje,Suhopolje_2025-03-13_11-08_tf_1h,2021-09-27 07:00:00,292.1474,291.20514
Potomje,Suhopolje_2025-03-13_11-08_tf_1h,2021-09-27 08:00:00,293.83365,293.0249
Potomje,Suhopolje_2025-03-13_11-08_tf_1h,2021-09-27 09:00:00,295.64594,294.8457
Potomje,Suhopolje_2025-03-13_11-08_tf_1h,2021-09-27 10:00:00,297.1969,296.63208
Potomje,Suhopolje_2025-03-13_11-08_tf_1h,2021-09-27 11:00:00,298.15643,297.95624
Potomje,Suhopolje_2025-03-13_11-08_tf_1h,2021-09-27 12:00:00,298.4527,298.5275
Potomje,Suhopolje_2025-03-13_11-08_tf_1h,2021-09-27 13:00:00,298.11798,298.35895
Potomje,Suhopolje_2025-03-13_11-08_tf_1h,2021-09-27 14:00:00,297.8448,297.52383
Potomje,Suhopolje_2025-03-13_11-08_tf_1h,2021-09-27 15:00:00,297.56763,297.10327
Potomje,Suhopolje_2025-03-13_11-08_tf_1h,2021-09-27 16:00:00,297.0792,296.6653
Potomje,Suhopolje_2025-03-13_11-08_tf_1h,2021-09-27 17:00:00,296.06302,295.9682
Potomje,Suhopolje_2025-03-13_11-08_tf_1h,2021-09-27 18:00:00,295.1428,294.7891
Potomje,Suhopolje_2025-03-13_11-08_tf_1h,2021-09-27 19:00:00,294.53708,294.1369
Potomje,Suhopolje_2025-03-13_11-08_tf_1h,2021-09-27 20:00:00,295.36417,293.65237
Potomje,Suhopolje_2025-03-13_11-08_tf_1h,2021-09-27 21:00:00,294.44528,295.13632
Potomje,Suhopolje_2025-03-13_11-08_tf_1h,2021-09-27 22:00:00,294.65436,293.32855
Potomje,Suhopolje_2025-03-13_11-08_tf_1h,2021-09-27 23:00:00,294.3972,294.1768
Potomje,Suhopolje_2025-03-13_11-08_tf_1h,2021-09-28 00:00:00,294.53357,293.7072
Potomje,Suhopolje_2025-03-13_11-08_tf_1h,2021-09-28 01:00:00,293.60986,294.04434
Potomje,Suhopolje_2025-03-13_11-08_tf_1h,2021-09-28 02:00:00,292.49725,292.70908
Potomje,Suhopolje_2025-03-13_11-08_tf_1h,2021-09-28 03:00:00,292.52582,291.6796
Potomje,Suhopolje_2025-03-13_11-08_tf_1h,2021-09-28 04:00:00,292.5704,292.2588
Potomje,Suhopolje_2025-03-13_11-08_tf_1h,2021-09-28 05:00:00,292.41425,292.29495
Potomje,Suhopolje_2025-03-13_11-08_tf_1h,2021-09-28 06:00:00,292.26996,292.01672
Potomje,Suhopolje_2025-03-13_11-08_tf_1h,2021-09-28 07:00:00,292.725,292.21674
Potomje,Suhopolje_2025-03-13_11-08_tf_1h,2021-09-28 08:00:00,294.47144,293.2436
Potomje,Suhopolje_2025-03-13_11-08_tf_1h,2021-09-28 09:00:00,296.3784,295.43582
Potomje,Suhopolje_2025-03-13_11-08_tf_1h,2021-09-28 10:00:00,297.82413,297.30606
Potomje,Suhopolje_2025-03-13_11-08_tf_1h,2021-09-28 11:00:00,299.01053,298.45895
Potomje,Suhopolje_2025-03-13_11-08_tf_1h,2021-09-28 12:00:00,299.8688,299.42856
Potomje,Suhopolje_2025-03-13_11-08_tf_1h,2021-09-28 13:00:00,300.10138,300.01642
Potomje,Suhopolje_2025-03-13_11-08_tf_1h,2021-09-28 14:00:00,299.9942,299.7639
Potomje,Suhopolje_2025-03-13_11-08_tf_1h,2021-09-28 15:00:00,299.76556,299.2884
Potomje,Suhopolje_2025-03-13_11-08_tf_1h,2021-09-28 16:00:00,299.253,298.81592
Potomje,Suhopolje_2025-03-13_11-08_tf_1h,2021-09-28 17:00:00,298.25064,298.09256
Potomje,Suhopolje_2025-03-13_11-08_tf_1h,2021-09-28 18:00:00,297.2382,296.89108
Potomje,Suhopolje_2025-03-13_11-08_tf_1h,2021-09-28 19:00:00,296.65775,296.09357
Potomje,Suhopolje_2025-03-13_11-08_tf_1h,2021-09-28 20:00:00,296.38477,295.7238
Potomje,Suhopolje_2025-03-13_11-08_tf_1h,2021-09-28 21:00:00,295.7494,295.5301
Potomje,Suhopolje_2025-03-13_11-08_tf_1h,2021-09-28 22:00:00,295.14984,294.7714
Potomje,Suhopolje_2025-03-13_11-08_tf_1h,2021-09-28 23:00:00,294.57486,294.28955
Potomje,Suhopolje_2025-03-13_11-08_tf_1h,2021-09-29 00:00:00,294.01724,293.76978
Potomje,Suhopolje_2025-03-13_11-08_tf_1h,2021-09-29 01:00:00,293.4781,293.31427
Potomje,Suhopolje_2025-03-13_11-08_tf_1h,2021-09-29 02:00:00,292.98438,292.8684
Potomje,Suhopolje_2025-03-13_11-08_tf_1h,2021-09-29 03:00:00,292.4955,292.4425
Potomje,Suhopolje_2025-03-13_11-08_tf_1h,2021-09-29 04:00:00,292.03827,291.96765
Potomje,Suhopolje_2025-03-13_11-08_tf_1h,2021-09-29 05:00:00,291.62033,291.54
Potomje,Suhopolje_2025-03-13_11-08_tf_1h,2021-09-29 06:00:00,291.2395,291.1794
Potomje,Suhopolje_2025-03-13_11-08_tf_1h,2021-09-29 07:00:00,291.66382,291.15817
Potomje,Suhopolje_2025-03-13_11-08_tf_1h,2021-09-29 08:00:00,293.57297,292.64206
Potomje,Suhopolje_2025-03-13_11-08_tf_1h,2021-09-29 09:00:00,295.4865,294.96176
Potomje,Suhopolje_2025-03-13_11-08_tf_1h,2021-09-29 10:00:00,297.066,296.7726
Potomje,Suhopolje_2025-03-13_11-08_tf_1h,2021-09-29 11:00:00,298.14743,298.03073
Potomje,Suhopolje_2025-03-13_11-08_tf_1h,2021-09-29 12:00:00,298.7382,298.7057
Potomje,Suhopolje_2025-03-13_11-08_tf_1h,2021-09-29 13:00:00,298.783,298.90125
Potomje,Suhopolje_2025-03-13_11-08_tf_1h,2021-09-29 14:00:00,298.36374,298.50375
Potomje,Suhopolje_2025-03-13_11-08_tf_1h,2021-09-29 15:00:00,297.71368,297.6838
Potomje,Suhopolje_2025-03-13_11-08_tf_1h,2021-09-29 16:00:00,296.99133,296.7448
Potomje,Suhopolje_2025-03-13_11-08_tf_1h,2021-09-29 17:00:00,296.38693,295.86563
Potomje,Suhopolje_2025-03-13_11-08_tf_1h,2021-09-29 18:00:00,295.7553,295.27194
Potomje,Suhopolje_2025-03-13_11-08_tf_1h,2021-09-29 19:00:00,294.82742,294.73215
Potomje,Suhopolje_2025-03-13_11-08_tf_1h,2021-09-29 20:00:00,293.89667,293.74753
Potomje,Suhopolje_2025-03-13_11-08_tf_1h,2021-09-29 21:00:00,293.88593,292.95078
Potomje,Suhopolje_2025-03-13_11-08_tf_1h,2021-09-29 22:00:00,293.64346,293.33145
Potomje,Suhopolje_2025-03-13_11-08_tf_1h,2021-09-29 23:00:00,293.4289,292.9806
Potomje,Suhopolje_2025-03-13_11-08_tf_1h,2021-09-30 00:00:00,293.92545,292.8417
Potomje,Suhopolje_2025-03-13_11-08_tf_1h,2021-09-30 01:00:00,293.50443,293.6969
Potomje,Suhopolje_2025-03-13_11-08_tf_1h,2021-09-30 02:00:00,292.97363,292.826
Potomje,Suhopolje_2025-03-13_11-08_tf_1h,2021-09-30 03:00:00,291.57858,292.27563
Potomje,Suhopolje_2025-03-13_11-08_tf_1h,2021-09-30 04:00:00,290.3975,290.6768
Potomje,Suhopolje_2025-03-13_11-08_tf_1h,2021-09-30 05:00:00,289.6668,289.6621
Potomje,Suhopolje_2025-03-13_11-08_tf_1h,2021-09-30 06:00:00,289.49176,289.23785
Potomje,Suhopolje_2025-03-13_11-08_tf_1h,2021-09-30 07:00:00,290.82288,289.73328
Potomje,Suhopolje_2025-03-13_11-08_tf_1h,2021-09-30 08:00:00,293.76425,292.25803
Potomje,Suhopolje_2025-03-13_11-08_tf_1h,2021-09-30 09:00:00,295.4204,295.53198
Potomje,Suhopolje_2025-03-13_11-08_tf_1h,2021-09-30 10:00:00,296.9292,296.5968
Potomje,Suhopolje_2025-03-13_11-08_tf_1h,2021-09-30 11:00:00,297.7319,297.8188
Potomje,Suhopolje_2025-03-13_11-08_tf_1h,2021-09-30 12:00:00,298.29544,298.09808
Potomje,Suhopolje_2025-03-13_11-08_tf_1h,2021-09-30 13:00:00,298.3765,298.3707
Potomje,Suhopolje_2025-03-13_11-08_tf_1h,2021-09-30 14:00:00,298.24976,298.05887
Potomje,Suhopolje_2025-03-13_11-08_tf_1h,2021-09-30 15:00:00,297.7205,297.66922
Potomje,Suhopolje_2025-03-13_11-08_tf_1h,2021-09-30 16:00:00,296.8934,296.7753
Potomje,Suhopolje_2025-03-13_11-08_tf_1h,2021-09-30 17:00:00,296.53345,295.70056
Potomje,Suhopolje_2025-03-13_11-08_tf_1h,2021-09-30 18:00:00,295.64,295.5122
Potomje,Suhopolje_2025-03-13_11-08_tf_1h,2021-09-30 19:00:00,294.82654,294.44678
Potomje,Suhopolje_2025-03-13_11-08_tf_1h,2021-09-30 20:00:00,293.82617,293.84946
Potomje,Suhopolje_2025-03-13_11-08_tf_1h,2021-09-30 21:00:00,292.799,292.83493
Potomje,Suhopolje_2025-03-13_11-08_tf_1h,2021-09-30 22:00:00,292.0064,291.927
Potomje,Suhopolje_2025-03-13_11-08_tf_1h,2021-09-30 23:00:00,291.34647,291.274
Potomje,Suhopolje_2025-03-13_11-08_tf_1h,2021-10-01 00:00:00,290.81805,290.68317
Potomje,Suhopolje_2025-03-13_11-08_tf_1h,2021-10-01 01:00:00,290.37454,290.28555
Potomje,Suhopolje_2025-03-13_11-08_tf_1h,2021-10-01 02:00:00,290.01395,289.91037
Potomje,Suhopolje_2025-03-13_11-08_tf_1h,2021-10-01 03:00:00,289.73096,289.5932
Potomje,Suhopolje_2025-03-13_11-08_tf_1h,2021-10-01 04:00:00,289.47845,289.34763
Potomje,Suhopolje_2025-03-13_11-08_tf_1h,2021-10-01 05:00:00,289.27826,289.1194
Potomje,Suhopolje_2025-03-13_11-08_tf_1h,2021-10-01 06:00:00,289.09967,289.1386
Potomje,Suhopolje_2025-03-13_11-08_tf_1h,2021-10-01 07:00:00,289.6084,289.67346
Potomje,Suhopolje_2025-03-13_11-08_tf_1h,2021-10-01 08:00:00,291.80762,290.61377
Potomje,Suhopolje_2025-03-13_11-08_tf_1h,2021-10-01 09:00:00,293.41437,293.31036
Potomje,Suhopolje_2025-03-13_11-08_tf_1h,2021-10-01 10:00:00,294.92285,294.539
Potomje,Suhopolje_2025-03-13_11-08_tf_1h,2021-10-01 11:00:00,296.18253,295.8539
Potomje,Suhopolje_2025-03-13_11-08_tf_1h,2021-10-01 12:00:00,296.98477,296.8723
Potomje,Suhopolje_2025-03-13_11-08_tf_1h,2021-10-01 13:00:00,297.35815,297.29318
Potomje,Suhopolje_2025-03-13_11-08_tf_1h,2021-10-01 14:00:00,297.34857,297.29224
Potomje,Suhopolje_2025-03-13_11-08_tf_1h,2021-10-01 15:00:00,296.80792,296.9529
Potomje,Suhopolje_2025-03-13_11-08_tf_1h,2021-10-01 16:00:00,295.89438,295.97684
Potomje,Suhopolje_2025-03-13_11-08_tf_1h,2021-10-01 17:00:00,295.02628,294.73218
Potomje,Suhopolje_2025-03-13_11-08_tf_1h,2021-10-01 18:00:00,294.16357,293.74756
Potomje,Suhopolje_2025-03-13_11-08_tf_1h,2021-10-01 19:00:00,293.69342,293.07303
Potomje,Suhopolje_2025-03-13_11-08_tf_1h,2021-10-01 20:00:00,293.7875,292.79767
Potomje,Suhopolje_2025-03-13_11-08_tf_1h,2021-10-01 21:00:00,293.37753,293.1952
Potomje,Suhopolje_2025-03-13_11-08_tf_1h,2021-10-01 22:00:00,292.61874,292.5413
Potomje,Suhopolje_2025-03-13_11-08_tf_1h,2021-10-01 23:00:00,291.46103,291.72086
Potomje,Suhopolje_2025-03-13_11-08_tf_1h,2021-10-02 00:00:00,291.71304,290.54126
Potomje,Suhopolje_2025-03-13_11-08_tf_1h,2021-10-02 01:00:00,292.24414,291.51447
Potomje,Suhopolje_2025-03-13_11-08_tf_1h,2021-10-02 02:00:00,291.7138,292.17722
Potomje,Suhopolje_2025-03-13_11-08_tf_1h,2021-10-02 03:00:00,291.2682,291.06534
Potomje,Suhopolje_2025-03-13_11-08_tf_1h,2021-10-02 04:00:00,289.91446,290.6916
Potomje,Suhopolje_2025-03-13_11-08_tf_1h,2021-10-02 05:00:00,288.85797,288.94266
Potomje,Suhopolje_2025-03-13_11-08_tf_1h,2021-10-02 06:00:00,288.31412,288.19937
Potomje,Suhopolje_2025-03-13_11-08_tf_1h,2021-10-02 07:00:00,289.2161,288.206
Potomje,Suhopolje_2025-03-13_11-08_tf_1h,2021-10-02 08:00:00,292.20065,290.4065
Potomje,Suhopolje_2025-03-13_11-08_tf_1h,2021-10-02 09:00:00,293.46054,294.10312
Potomje,Suhopolje_2025-03-13_11-08_tf_1h,2021-10-02 10:00:00,294.3731,294.53293
Potomje,Suhopolje_2025-03-13_11-08_tf_1h,2021-10-02 11:00:00,294.97812,295.0048
Potomje,Suhopolje_2025-03-13_11-08_tf_1h,2021-10-02 12:00:00,295.16925,295.271
Potomje,Suhopolje_2025-03-13_11-08_tf_1h,2021-10-02 13:00:00,295.33603,295.08344
Potomje,Suhopolje_2025-03-13_11-08_tf_1h,2021-10-02 14:00:00,295.3682,295.08646
Potomje,Suhopolje_2025-03-13_11-08_tf_1h,2021-10-02 15:00:00,295.42273,294.93234
Potomje,Suhopolje_2025-03-13_11-08_tf_1h,2021-10-02 16:00:00,295.13632,294.88156
Potomje,Suhopolje_2025-03-13_11-08_tf_1h,2021-10-02 17:00:00,294.53818,294.31656
Potomje,Suhopolje_2025-03-13_11-08_tf_1h,2021-10-02 18:00:00,293.84818,293.44174
Potomje,Suhopolje_2025-03-13_11-08_tf_1h,2021-10-02 19:00:00,293.2461,292.772
Potomje,Suhopolje_2025-03-13_11-08_tf_1h,2021-10-02 20:00:00,292.57724,292.30392
Potomje,Suhopolje_2025-03-13_11-08_tf_1h,2021-10-02 21:00:00,293.1142,291.65067
Potomje,Suhopolje_2025-03-13_11-08_tf_1h,2021-10-02 22:00:00,292.70914,292.84808
Potomje,Suhopolje_2025-03-13_11-08_tf_1h,2021-10-02 23:00:00,291.27017,291.96387
Potomje,Suhopolje_2025-03-13_11-08_tf_1h,2021-10-03 00:00:00,290.0395,290.2713
Potomje,Suhopolje_2025-03-13_11-08_tf_1h,2021-10-03 01:00:00,289.56564,289.22183
Potomje,Suhopolje_2025-03-13_11-08_tf_1h,2021-10-03 02:00:00,289.4927,289.0718
Potomje,Suhopolje_2025-03-13_11-08_tf_1h,2021-10-03 03:00:00,289.51062,289.24582
Potomje,Suhopolje_2025-03-13_11-08_tf_1h,2021-10-03 04:00:00,289.51825,289.30368
Potomje,Suhopolje_2025-03-13_11-08_tf_1h,2021-10-03 05:00:00,289.588,289.2572
Potomje,Suhopolje_2025-03-13_11-08_tf_1h,2021-10-03 06:00:00,289.56198,289.39502
Potomje,Suhopolje_2025-03-13_11-08_tf_1h,2021-10-03 07:00:00,290.1616,289.66647
Potomje,Suhopolje_2025-03-13_11-08_tf_1h,2021-10-03 08:00:00,291.5681,290.8656
Potomje,Suhopolje_2025-03-13_11-08_tf_1h,2021-10-03 09:00:00,293.53253,292.56555
Potomje,Suhopolje_2025-03-13_11-08_tf_1h,2021-10-03 10:00:00,294.9037,294.641
Potomje,Suhopolje_2025-03-13_11-08_tf_1h,2021-10-03 11:00:00,295.86295,295.67044
Potomje,Suhopolje_2025-03-13_11-08_tf_1h,2021-10-03 12:00:00,296.52124,296.3264
Potomje,Suhopolje_2025-03-13_11-08_tf_1h,2021-10-03 13:00:00,296.73325,296.70425
Potomje,Suhopolje_2025-03-13_11-08_tf_1h,2021-10-03 14:00:00,296.63644,296.5537
Potomje,Suhopolje_2025-03-13_11-08_tf_1h,2021-10-03 15:00:00,296.21274,296.13116
Potomje,Suhopolje_2025-03-13_11-08_tf_1h,2021-10-03 16:00:00,295.62244,295.38043
Potomje,Suhopolje_2025-03-13_11-08_tf_1h,2021-10-03 17:00:00,294.88626,294.5285
Potomje,Suhopolje_2025-03-13_11-08_tf_1h,2021-10-03 18:00:00,294.1125,293.6824
Potomje,Suhopolje_2025-03-13_11-08_tf_1h,2021-10-03 19:00:00,293.5323,293.07074
Potomje,Suhopolje_2025-03-13_11-08_tf_1h,2021-10-03 20:00:00,293.21024,292.6141
Potomje,Suhopolje_2025-03-13_11-08_tf_1h,2021-10-03 21:00:00,292.57233,292.4128
Potomje,Suhopolje_2025-03-13_11-08_tf_1h,2021-10-03 22:00:00,291.9393,291.69006
Potomje,Suhopolje_2025-03-13_11-08_tf_1h,2021-10-03 23:00:00,291.40897,291.1912
Potomje,Suhopolje_2025-03-13_11-08_tf_1h,2021-10-04 00:00:00,290.99405,290.80014
Potomje,Suhopolje_2025-03-13_11-08_tf_1h,2021-10-04 01:00:00,290.688,290.49283
Potomje,Suhopolje_2025-03-13_11-08_tf_1h,2021-10-04 02:00:00,290.3942,290.2597
Potomje,Suhopolje_2025-03-13_11-08_tf_1h,2021-10-04 03:00:00,290.12842,289.9778
Potomje,Suhopolje_2025-03-13_11-08_tf_1h,2021-10-04 04:00:00,289.92355,289.72845
Potomje,Suhopolje_2025-03-13_11-08_tf_1h,2021-10-04 05:00:00,289.7526,289.57614
Potomje,Suhopolje_2025-03-13_11-08_tf_1h,2021-10-04 06:00:00,289.64548,289.49796
Potomje,Suhopolje_2025-03-13_11-08_tf_1h,2021-10-04 07:00:00,290.23578,289.71957
Potomje,Suhopolje_2025-03-13_11-08_tf_1h,2021-10-04 08:00:00,292.39224,291.083
Potomje,Suhopolje_2025-03-13_11-08_tf_1h,2021-10-04 09:00:00,294.50037,293.78717
Potomje,Suhopolje_2025-03-13_11-08_tf_1h,2021-10-04 10:00:00,295.82462,295.768
Potomje,Suhopolje_2025-03-13_11-08_tf_1h,2021-10-04 11:00:00,296.64136,296.60837
Potomje,Suhopolje_2025-03-13_11-08_tf_1h,2021-10-04 12:00:00,297.10046,297.0283
Potomje,Suhopolje_2025-03-13_11-08_tf_1h,2021-10-04 13:00:00,297.1619,297.14273
Potomje,Suhopolje_2025-03-13_11-08_tf_1h,2021-10-04 14:00:00,296.8649,296.84158
Potomje,Suhopolje_2025-03-13_11-08_tf_1h,2021-10-04 15:00:00,296.44977,296.18884
Potomje,Suhopolje_2025-03-13_11-08_tf_1h,2021-10-04 16:00:00,295.93637,295.55685
Potomje,Suhopolje_2025-03-13_11-08_tf_1h,2021-10-04 17:00:00,295.24982,294.82077
Potomje,Suhopolje_2025-03-13_11-08_tf_1h,2021-10-04 18:00:00,294.42545,294.07764
Potomje,Suhopolje_2025-03-13_11-08_tf_1h,2021-10-04 19:00:00,293.8477,293.35727
Potomje,Suhopolje_2025-03-13_11-08_tf_1h,2021-10-04 20:00:00,293.32275,292.93326
Potomje,Suhopolje_2025-03-13_11-08_tf_1h,2021-10-04 21:00:00,292.76907,292.44534
Potomje,Suhopolje_2025-03-13_11-08_tf_1h,2021-10-04 22:00:00,292.2331,291.97827
Potomje,Suhopolje_2025-03-13_11-08_tf_1h,2021-10-04 23:00:00,291.76315,291.5511
Potomje,Suhopolje_2025-03-13_11-08_tf_1h,2021-10-05 00:00:00,291.50082,291.17188
Potomje,Suhopolje_2025-03-13_11-08_tf_1h,2021-10-05 01:00:00,291.21613,291.0511
Potomje,Suhopolje_2025-03-13_11-08_tf_1h,2021-10-05 02:00:00,290.98398,290.76773
Potomje,Suhopolje_2025-03-13_11-08_tf_1h,2021-10-05 03:00:00,290.9292,290.56866
Potomje,Suhopolje_2025-03-13_11-08_tf_1h,2021-10-05 04:00:00,290.8781,290.6165
Potomje,Suhopolje_2025-03-13_11-08_tf_1h,2021-10-05 05:00:00,290.73663,290.5683
Potomje,Suhopolje_2025-03-13_11-08_tf_1h,2021-10-05 06:00:00,290.6799,290.45117
Potomje,Suhopolje_2025-03-13_11-08_tf_1h,2021-10-05 07:00:00,291.433,290.85834
Potomje,Suhopolje_2025-03-13_11-08_tf_1h,2021-10-05 08:00:00,292.71848,292.27487
Potomje,Suhopolje_2025-03-13_11-08_tf_1h,2021-10-05 09:00:00,293.957,293.56293
Potomje,Suhopolje_2025-03-13_11-08_tf_1h,2021-10-05 10:00:00,295.00418,294.643
Potomje,Suhopolje_2025-03-13_11-08_tf_1h,2021-10-05 11:00:00,295.67648,295.50226
Potomje,Suhopolje_2025-03-13_11-08_tf_1h,2021-10-05 12:00:00,296.043,295.8826
Potomje,Suhopolje_2025-03-13_11-08_tf_1h,2021-10-05 13:00:00,296.32892,295.96674
Potomje,Suhopolje_2025-03-13_11-08_tf_1h,2021-10-05 14:00:00,296.05624,296.09494
Potomje,Suhopolje_2025-03-13_11-08_tf_1h,2021-10-05 15:00:00,295.71628,295.40738
Potomje,Suhopolje_2025-03-13_11-08_tf_1h,2021-10-05 16:00:00,295.02774,294.87592
Potomje,Suhopolje_2025-03-13_11-08_tf_1h,2021-10-05 17:00:00,294.26773,293.87143
Potomje,Suhopolje_2025-03-13_11-08_tf_1h,2021-10-05 18:00:00,293.689,293.17816
Potomje,Suhopolje_2025-03-13_11-08_tf_1h,2021-10-05 19:00:00,293.29965,292.7656
Potomje,Suhopolje_2025-03-13_11-08_tf_1h,2021-10-05 20:00:00,293.51434,292.47165
Potomje,Suhopolje_2025-03-13_11-08_tf_1h,2021-10-05 21:00:00,292.60547,293.05124
Potomje,Suhopolje_2025-03-13_11-08_tf_1h,2021-10-05 22:00:00,292.06433,291.642
Potomje,Suhopolje_2025-03-13_11-08_tf_1h,2021-10-05 23:00:00,291.74548,291.37732
Potomje,Suhopolje_2025-03-13_11-08_tf_1h,2021-10-06 00:00:00,291.34903,291.24332
Potomje,Suhopolje_2025-03-13_11-08_tf_1h,2021-10-06 01:00:00,291.21982,290.8416
Potomje,Suhopolje_2025-03-13_11-08_tf_1h,2021-10-06 02:00:00,291.01346,290.86215
Potomje,Suhopolje_2025-03-13_11-08_tf_1h,2021-10-06 03:00:00,290.5826,290.61923
Potomje,Suhopolje_2025-03-13_11-08_tf_1h,2021-10-06 04:00:00,290.54282,290.06693
Potomje,Suhopolje_2025-03-13_11-08_tf_1h,2021-10-06 05:00:00,290.61652,290.32553
Potomje,Suhopolje_2025-03-13_11-08_tf_1h,2021-10-06 06:00:00,290.5453,290.54846
Potomje,Suhopolje_2025-03-13_11-08_tf_1h,2021-10-06 07:00:00,290.71918,290.61652
Potomje,Suhopolje_2025-03-13_11-08_tf_1h,2021-10-06 08:00:00,292.29425,291.03693
Potomje,Suhopolje_2025-03-13_11-08_tf_1h,2021-10-06 09:00:00,292.60254,293.3078
Potomje,Suhopolje_2025-03-13_11-08_tf_1h,2021-10-06 10:00:00,293.19034,292.85342
Potomje,Suhopolje_2025-03-13_11-08_tf_1h,2021-10-06 11:00:00,293.0329,293.3937
Potomje,Suhopolje_2025-03-13_11-08_tf_1h,2021-10-06 12:00:00,293.0044,292.80783
Potomje,Suhopolje_2025-03-13_11-08_tf_1h,2021-10-06 13:00:00,292.36966,292.64404
Potomje,Suhopolje_2025-03-13_11-08_tf_1h,2021-10-06 14:00:00,292.7794,291.57516
Potomje,Suhopolje_2025-03-13_11-08_tf_1h,2021-10-06 15:00:00,292.56003,292.46674
Potomje,Suhopolje_2025-03-13_11-08_tf_1h,2021-10-06 16:00:00,292.2473,291.94165
Potomje,Suhopolje_2025-03-13_11-08_tf_1h,2021-10-06 17:00:00,291.8177,291.42508
Potomje,Suhopolje_2025-03-13_11-08_tf_1h,2021-10-06 18:00:00,291.40134,291.00397
Potomje,Suhopolje_2025-03-13_11-08_tf_1h,2021-10-06 19:00:00,291.01224,290.65063
Potomje,Suhopolje_2025-03-13_11-08_tf_1h,2021-10-06 20:00:00,290.86044,290.30453
Potomje,Suhopolje_2025-03-13_11-08_tf_1h,2021-10-06 21:00:00,290.66956,290.34164
Potomje,Suhopolje_2025-03-13_11-08_tf_1h,2021-10-06 22:00:00,290.73984,290.17688
Potomje,Suhopolje_2025-03-13_11-08_tf_1h,2021-10-06 23:00:00,290.46985,290.41516
Potomje,Suhopolje_2025-03-13_11-08_tf_1h,2021-10-07 00:00:00,290.25443,289.98026
Potomje,Suhopolje_2025-03-13_11-08_tf_1h,2021-10-07 01:00:00,290.24167,289.81796
Potomje,Suhopolje_2025-03-13_11-08_tf_1h,2021-10-07 02:00:00,290.14243,289.94632
Potomje,Suhopolje_2025-03-13_11-08_tf_1h,2021-10-07 03:00:00,290.10706,289.82938
Potomje,Suhopolje_2025-03-13_11-08_tf_1h,2021-10-07 04:00:00,290.0911,289.8782
Potomje,Suhopolje_2025-03-13_11-08_tf_1h,2021-10-07 05:00:00,290.00095,289.9095
Potomje,Suhopolje_2025-03-13_11-08_tf_1h,2021-10-07 06:00:00,289.8695,289.82468
Potomje,Suhopolje_2025-03-13_11-08_tf_1h,2021-10-07 07:00:00,289.82358,289.6838
Potomje,Suhopolje_2025-03-13_11-08_tf_1h,2021-10-07 08:00:00,290.25345,289.62347
Potomje,Suhopolje_2025-03-13_11-08_tf_1h,2021-10-07 09:00:00,290.82654,290.3505
Potomje,Suhopolje_2025-03-13_11-08_tf_1h,2021-10-07 10:00:00,290.6708,291.01285
Potomje,Suhopolje_2025-03-13_11-08_tf_1h,2021-10-07 11:00:00,290.84717,290.4132
Potomje,Suhopolje_2025-03-13_11-08_tf_1h,2021-10-07 12:00:00,290.88647,290.5763
Potomje,Suhopolje_2025-03-13_11-08_tf_1h,2021-10-07 13:00:00,291.0422,290.6129
Potomje,Suhopolje_2025-03-13_11-08_tf_1h,2021-10-07 14:00:00,291.03485,290.7438
Potomje,Suhopolje_2025-03-13_11-08_tf_1h,2021-10-07 15:00:00,291.06628,290.61206
Potomje,Suhopolje_2025-03-13_11-08_tf_1h,2021-10-07 16:00:00,290.67252,290.57703
Potomje,Suhopolje_2025-03-13_11-08_tf_1h,2021-10-07 17:00:00,290.55878,289.93506
Potomje,Suhopolje_2025-03-13_11-08_tf_1h,2021-10-07 18:00:00,290.04834,290.01434
Potomje,Suhopolje_2025-03-13_11-08_tf_1h,2021-10-07 19:00:00,290.10287,289.3125
Potomje,Suhopolje_2025-03-13_11-08_tf_1h,2021-10-07 20:00:00,290.05472,289.72702
Potomje,Suhopolje_2025-03-13_11-08_tf_1h,2021-10-07 21:00:00,289.85257,289.63333
Potomje,Suhopolje_2025-03-13_11-08_tf_1h,2021-10-07 22:00:00,289.57376,289.35684
Potomje,Suhopolje_2025-03-13_11-08_tf_1h,2021-10-07 23:00:00,289.4539,289.0658
Potomje,Suhopolje_2025-03-13_11-08_tf_1h,2021-10-08 00:00:00,289.462,289.06647
Potomje,Suhopolje_2025-03-13_11-08_tf_1h,2021-10-08 01:00:00,289.16525,289.16925
Potomje,Suhopolje_2025-03-13_11-08_tf_1h,2021-10-08 02:00:00,288.96014,288.71216
Potomje,Suhopolje_2025-03-13_11-08_tf_1h,2021-10-08 03:00:00,288.8393,288.5905
Potomje,Suhopolje_2025-03-13_11-08_tf_1h,2021-10-08 04:00:00,288.63983,288.5413
Potomje,Suhopolje_2025-03-13_11-08_tf_1h,2021-10-08 05:00:00,288.51456,288.31992
Potomje,Suhopolje_2025-03-13_11-08_tf_1h,2021-10-08 06:00:00,288.36078,288.2782
Potomje,Suhopolje_2025-03-13_11-08_tf_1h,2021-10-08 07:00:00,288.22714,288.1272
Potomje,Suhopolje_2025-03-13_11-08_tf_1h,2021-10-08 08:00:00,289.68503,288.0112
Potomje,Suhopolje_2025-03-13_11-08_tf_1h,2021-10-08 09:00:00,290.35883,290.48984
Potomje,Suhopolje_2025-03-13_11-08_tf_1h,2021-10-08 10:00:00,291.12277,290.7495
Potomje,Suhopolje_2025-03-13_11-08_tf_1h,2021-10-08 11:00:00,291.99258,291.44366
Potomje,Suhopolje_2025-03-13_11-08_tf_1h,2021-10-08 12:00:00,292.94003,292.28177
Potomje,Suhopolje_2025-03-13_11-08_tf_1h,2021-10-08 13:00:00,293.34927,293.18704
Potomje,Suhopolje_2025-03-13_11-08_tf_1h,2021-10-08 14:00:00,293.2004,293.26694
Potomje,Suhopolje_2025-03-13_11-08_tf_1h,2021-10-08 15:00:00,292.6907,292.7139
Potomje,Suhopolje_2025-03-13_11-08_tf_1h,2021-10-08 16:00:00,292.2063,291.79437
Potomje,Suhopolje_2025-03-13_11-08_tf_1h,2021-10-08 17:00:00,291.39862,291.20972
Potomje,Suhopolje_2025-03-13_11-08_tf_1h,2021-10-08 18:00:00,290.4355,290.37317
Potomje,Suhopolje_2025-03-13_11-08_tf_1h,2021-10-08 19:00:00,289.55313,289.4501
Potomje,Suhopolje_2025-03-13_11-08_tf_1h,2021-10-08 20:00:00,289.03238,288.67285
Potomje,Suhopolje_2025-03-13_11-08_tf_1h,2021-10-08 21:00:00,288.54623,288.40814
Potomje,Suhopolje_2025-03-13_11-08_tf_1h,2021-10-08 22:00:00,288.21756,288.00522
Potomje,Suhopolje_2025-03-13_11-08_tf_1h,2021-10-08 23:00:00,288.0665,287.80338
Potomje,Suhopolje_2025-03-13_11-08_tf_1h,2021-10-09 00:00:00,287.88474,287.76776
Potomje,Suhopolje_2025-03-13_11-08_tf_1h,2021-10-09 01:00:00,287.63736,287.57428
Potomje,Suhopolje_2025-03-13_11-08_tf_1h,2021-10-09 02:00:00,287.4735,287.3035
Potomje,Suhopolje_2025-03-13_11-08_tf_1h,2021-10-09 03:00:00,287.21634,287.2221
Potomje,Suhopolje_2025-03-13_11-08_tf_1h,2021-10-09 04:00:00,286.98593,286.93698
Potomje,Suhopolje_2025-03-13_11-08_tf_1h,2021-10-09 05:00:00,286.83682,286.81476
Potomje,Suhopolje_2025-03-13_11-08_tf_1h,2021-10-09 06:00:00,286.57938,286.83322
Potomje,Suhopolje_2025-03-13_11-08_tf_1h,2021-10-09 07:00:00,286.4703,286.65402
Potomje,Suhopolje_2025-03-13_11-08_tf_1h,2021-10-09 08:00:00,287.01956,286.70682
Potomje,Suhopolje_2025-03-13_11-08_tf_1h,2021-10-09 09:00:00,287.54843,287.61417
Potomje,Suhopolje_2025-03-13_11-08_tf_1h,2021-10-09 10:00:00,287.92133,288.07962
Potomje,Suhopolje_2025-03-13_11-08_tf_1h,2021-10-09 11:00:00,288.36447,288.22894
Potomje,Suhopolje_2025-03-13_11-08_tf_1h,2021-10-09 12:00:00,287.98373,288.5953
Potomje,Suhopolje_2025-03-13_11-08_tf_1h,2021-10-09 13:00:00,287.36273,287.6359
Potomje,Suhopolje_2025-03-13_11-08_tf_1h,2021-10-09 14:00:00,286.756,286.70374
Potomje,Suhopolje_2025-03-13_11-08_tf_1h,2021-10-09 15:00:00,286.4052,286.15277
Potomje,Suhopolje_2025-03-13_11-08_tf_1h,2021-10-09 16:00:00,286.02817,286.02292
Potomje,Suhopolje_2025-03-13_11-08_tf_1h,2021-10-09 17:00:00,285.70245,285.62326
Potomje,Suhopolje_2025-03-13_11-08_tf_1h,2021-10-09 18:00:00,285.34726,285.37183
Potomje,Suhopolje_2025-03-13_11-08_tf_1h,2021-10-09 19:00:00,285.036,285.00906
Potomje,Suhopolje_2025-03-13_11-08_tf_1h,2021-10-09 20:00:00,285.1156,284.75134
Potomje,Suhopolje_2025-03-13_11-08_tf_1h,2021-10-09 21:00:00,284.93628,285.11246
Potomje,Suhopolje_2025-03-13_11-08_tf_1h,2021-10-09 22:00:00,284.79626,284.74017
Potomje,Suhopolje_2025-03-13_11-08_tf_1h,2021-10-09 23:00:00,284.57864,284.65646
Potomje,Suhopolje_2025-03-13_11-08_tf_1h,2021-10-10 00:00:00,284.39194,284.37433
Potomje,Suhopolje_2025-03-13_11-08_tf_1h,2021-10-10 01:00:00,284.15393,284.22714
Potomje,Suhopolje_2025-03-13_11-08_tf_1h,2021-10-10 02:00:00,284.2647,283.95352
Potomje,Suhopolje_2025-03-13_11-08_tf_1h,2021-10-10 03:00:00,283.94266,284.32593
Potomje,Suhopolje_2025-03-13_11-08_tf_1h,2021-10-10 04:00:00,283.5376,283.65863
Potomje,Suhopolje_2025-03-13_11-08_tf_1h,2021-10-10 05:00:00,283.3104,283.26422
Potomje,Suhopolje_2025-03-13_11-08_tf_1h,2021-10-10 06:00:00,283.33273,283.20242
Potomje,Suhopolje_2025-03-13_11-08_tf_1h,2021-10-10 07:00:00,283.5558,283.4271
Potomje,Suhopolje_2025-03-13_11-08_tf_1h,2021-10-10 08:00:00,283.91934,283.7589
Potomje,Suhopolje_2025-03-13_11-08_tf_1h,2021-10-10 09:00:00,284.13696,284.21222
Potomje,Suhopolje_2025-03-13_11-08_tf_1h,2021-10-10 10:00:00,284.38998,284.29745
Potomje,Suhopolje_2025-03-13_11-08_tf_1h,2021-10-10 11:00:00,284.7997,284.49515
Potomje,Suhopolje_2025-03-13_11-08_tf_1h,2021-10-10 12:00:00,284.99918,285.00385
Potomje,Suhopolje_2025-03-13_11-08_tf_1h,2021-10-10 13:00:00,285.2075,285.07956
Potomje,Suhopolje_2025-03-13_11-08_tf_1h,2021-10-10 14:00:00,285.07877,285.23734
Potomje,Suhopolje_2025-03-13_11-08_tf_1h,2021-10-10 15:00:00,284.9692,284.87488
Potomje,Suhopolje_2025-03-13_11-08_tf_1h,2021-10-10 16:00:00,284.71375,284.70605
Potomje,Suhopolje_2025-03-13_11-08_tf_1h,2021-10-10 17:00:00,284.4799,284.36044
Potomje,Suhopolje_2025-03-13_11-08_tf_1h,2021-10-10 18:00:00,284.32266,284.13666
Potomje,Suhopolje_2025-03-13_11-08_tf_1h,2021-10-10 19:00:00,284.1463,284.07986
Potomje,Suhopolje_2025-03-13_11-08_tf_1h,2021-10-10 20:00:00,284.76752,283.89798
Potomje,Suhopolje_2025-03-13_11-08_tf_1h,2021-10-10 21:00:00,285.01144,285.07977
Potomje,Suhopolje_2025-03-13_11-08_tf_1h,2021-10-10 22:00:00,285.2814,285.11996
Potomje,Suhopolje_2025-03-13_11-08_tf_1h,2021-10-10 23:00:00,285.7513,285.3209
Potomje,Suhopolje_2025-03-13_11-08_tf_1h,2021-10-11 00:00:00,285.82233,285.88837
Potomje,Suhopolje_2025-03-13_11-08_tf_1h,2021-10-11 01:00:00,285.47327,285.72772
Potomje,Suhopolje_2025-03-13_11-08_tf_1h,2021-10-11 02:00:00,285.38287,284.9908
Potomje,Suhopolje_2025-03-13_11-08_tf_1h,2021-10-11 03:00:00,285.18292,285.06192
Potomje,Suhopolje_2025-03-13_11-08_tf_1h,2021-10-11 04:00:00,285.01834,284.84128
Potomje,Suhopolje_2025-03-13_11-08_tf_1h,2021-10-11 05:00:00,284.99106,284.74683
Potomje,Suhopolje_2025-03-13_11-08_tf_1h,2021-10-11 06:00:00,284.95544,284.8457
Potomje,Suhopolje_2025-03-13_11-08_tf_1h,2021-10-11 07:00:00,285.04044,284.81824
Potomje,Suhopolje_2025-03-13_11-08_tf_1h,2021-10-11 08:00:00,285.8611,284.98523
Potomje,Suhopolje_2025-03-13_11-08_tf_1h,2021-10-11 09:00:00,287.24408,286.29636
Potomje,Suhopolje_2025-03-13_11-08_tf_1h,2021-10-11 10:00:00,288.39813,288.128
Potomje,Suhopolje_2025-03-13_11-08_tf_1h,2021-10-11 11:00:00,289.42343,289.07413
Potomje,Suhopolje_2025-03-13_11-08_tf_1h,2021-10-11 12:00:00,289.98914,289.94833
Potomje,Suhopolje_2025-03-13_11-08_tf_1h,2021-10-11 13:00:00,290.47772,290.17355
Potomje,Suhopolje_2025-03-13_11-08_tf_1h,2021-10-11 14:00:00,290.67914,290.47238
Potomje,Suhopolje_2025-03-13_11-08_tf_1h,2021-10-11 15:00:00,290.68015,290.38522
Potomje,Suhopolje_2025-03-13_11-08_tf_1h,2021-10-11 16:00:00,290.2338,290.10037
Potomje,Suhopolje_2025-03-13_11-08_tf_1h,2021-10-11 17:00:00,289.38266,289.33322
Potomje,Suhopolje_2025-03-13_11-08_tf_1h,2021-10-11 18:00:00,288.24582,288.3048
Potomje,Suhopolje_2025-03-13_11-08_tf_1h,2021-10-11 19:00:00,287.2517,287.22723
Potomje,Suhopolje_2025-03-13_11-08_tf_1h,2021-10-11 20:00:00,286.15198,286.35883
Potomje,Suhopolje_2025-03-13_11-08_tf_1h,2021-10-11 21:00:00,285.59927,285.25845
Potomje,Suhopolje_2025-03-13_11-08_tf_1h,2021-10-11 22:00:00,285.18732,285.09268
Potomje,Suhopolje_2025-03-13_11-08_tf_1h,2021-10-11 23:00:00,284.94366,284.7854
Potomje,Suhopolje_2025-03-13_11-08_tf_1h,2021-10-12 00:00:00,284.66953,284.64923
Potomje,Suhopolje_2025-03-13_11-08_tf_1h,2021-10-12 01:00:00,284.4359,284.35678
Potomje,Suhopolje_2025-03-13_11-08_tf_1h,2021-10-12 02:00:00,284.3438,284.15045
Potomje,Suhopolje_2025-03-13_11-08_tf_1h,2021-10-12 03:00:00,284.26962,284.17496
Potomje,Suhopolje_2025-03-13_11-08_tf_1h,2021-10-12 04:00:00,284.12222,284.14072
Potomje,Suhopolje_2025-03-13_11-08_tf_1h,2021-10-12 05:00:00,284.08023,284.00943
Potomje,Suhopolje_2025-03-13_11-08_tf_1h,2021-10-12 06:00:00,283.99008,284.2195
Potomje,Suhopolje_2025-03-13_11-08_tf_1h,2021-10-12 07:00:00,284.30893,284.27408
Potomje,Suhopolje_2025-03-13_11-08_tf_1h,2021-10-12 08:00:00,285.6833,284.97256
Potomje,Suhopolje_2025-03-13_11-08_tf_1h,2021-10-12 09:00:00,286.8481,286.83005
Potomje,Suhopolje_2025-03-13_11-08_tf_1h,2021-10-12 10:00:00,287.83536,287.7209
Potomje,Suhopolje_2025-03-13_11-08_tf_1h,2021-10-12 11:00:00,288.7258,288.5286
Potomje,Suhopolje_2025-03-13_11-08_tf_1h,2021-10-12 12:00:00,289.66858,289.27417
Potomje,Suhopolje_2025-03-13_11-08_tf_1h,2021-10-12 13:00:00,290.3544,290.13983
Potomje,Suhopolje_2025-03-13_11-08_tf_1h,2021-10-12 14:00:00,290.6897,290.60727
Potomje,Suhopolje_2025-03-13_11-08_tf_1h,2021-10-12 15:00:00,290.69904,290.671
Potomje,Suhopolje_2025-03-13_11-08_tf_1h,2021-10-12 16:00:00,290.38046,290.4242
Potomje,Suhopolje_2025-03-13_11-08_tf_1h,2021-10-12 17:00:00,289.74326,289.7232
Potomje,Suhopolje_2025-03-13_11-08_tf_1h,2021-10-12 18:00:00,289.01297,288.74777
Potomje,Suhopolje_2025-03-13_11-08_tf_1h,2021-10-12 19:00:00,288.43176,287.9772
Potomje,Suhopolje_2025-03-13_11-08_tf_1h,2021-10-12 20:00:00,287.62704,287.60388
Potomje,Suhopolje_2025-03-13_11-08_tf_1h,2021-10-12 21:00:00,286.8464,286.7409
Potomje,Suhopolje_2025-03-13_11-08_tf_1h,2021-10-12 22:00:00,286.21634,286.07285
Potomje,Suhopolje_2025-03-13_11-08_tf_1h,2021-10-12 23:00:00,285.6887,285.61322
Potomje,Suhopolje_2025-03-13_11-08_tf_1h,2021-10-13 00:00:00,285.2905,285.20392
Potomje,Suhopolje_2025-03-13_11-08_tf_1h,2021-10-13 01:00:00,284.91345,284.91156
Potomje,Suhopolje_2025-03-13_11-08_tf_1h,2021-10-13 02:00:00,284.58698,284.55295
Potomje,Suhopolje_2025-03-13_11-08_tf_1h,2021-10-13 03:00:00,284.25708,284.25827
Potomje,Suhopolje_2025-03-13_11-08_tf_1h,2021-10-13 04:00:00,283.99768,283.93604
Potomje,Suhopolje_2025-03-13_11-08_tf_1h,2021-10-13 05:00:00,283.67517,283.7657
Potomje,Suhopolje_2025-03-13_11-08_tf_1h,2021-10-13 06:00:00,283.3659,283.4981
Potomje,Suhopolje_2025-03-13_11-08_tf_1h,2021-10-13 07:00:00,283.4654,283.47348
Potomje,Suhopolje_2025-03-13_11-08_tf_1h,2021-10-13 08:00:00,284.9272,283.94498
Potomje,Suhopolje_2025-03-13_11-08_tf_1h,2021-10-13 09:00:00,286.3394,286.33414
Potomje,Suhopolje_2025-03-13_11-08_tf_1h,2021-10-13 10:00:00,287.73416,287.37344
Potomje,Suhopolje_2025-03-13_11-08_tf_1h,2021-10-13 11:00:00,288.8108,288.74808
Potomje,Suhopolje_2025-03-13_11-08_tf_1h,2021-10-13 12:00:00,289.7042,289.546
Potomje,Suhopolje_2025-03-13_11-08_tf_1h,2021-10-13 13:00:00,290.26108,290.21902
Potomje,Suhopolje_2025-03-13_11-08_tf_1h,2021-10-13 14:00:00,290.65802,290.4917
Potomje,Suhopolje_2025-03-13_11-08_tf_1h,2021-10-13 15:00:00,290.8047,290.70148
Potomje,Suhopolje_2025-03-13_11-08_tf_1h,2021-10-13 16:00:00,290.49664,290.6318
Potomje,Suhopolje_2025-03-13_11-08_tf_1h,2021-10-13 17:00:00,289.54968,289.9351
Potomje,Suhopolje_2025-03-13_11-08_tf_1h,2021-10-13 18:00:00,288.25073,288.41583
Potomje,Suhopolje_2025-03-13_11-08_tf_1h,2021-10-13 19:00:00,287.08737,286.97488
Potomje,Suhopolje_2025-03-13_11-08_tf_1h,2021-10-13 20:00:00,286.08884,286.04465
Potomje,Suhopolje_2025-03-13_11-08_tf_1h,2021-10-13 21:00:00,285.0957,285.15585
Potomje,Suhopolje_2025-03-13_11-08_tf_1h,2021-10-13 22:00:00,284.3659,284.26764
Potomje,Suhopolje_2025-03-13_11-08_tf_1h,2021-10-13 23:00:00,283.83557,283.76917
Potomje,Suhopolje_2025-03-13_11-08_tf_1h,2021-10-14 00:00:00,283.3821,283.389
Potomje,Suhopolje_2025-03-13_11-08_tf_1h,2021-10-14 01:00:00,283.07138,282.99286
Potomje,Suhopolje_2025-03-13_11-08_tf_1h,2021-10-14 02:00:00,282.72723,282.76923
Potomje,Suhopolje_2025-03-13_11-08_tf_1h,2021-10-14 03:00:00,282.51254,282.39017
Potomje,Suhopolje_2025-03-13_11-08_tf_1h,2021-10-14 04:00:00,282.37277,282.32547
Potomje,Suhopolje_2025-03-13_11-08_tf_1h,2021-10-14 05:00:00,282.3094,282.30554
Potomje,Suhopolje_2025-03-13_11-08_tf_1h,2021-10-14 06:00:00,282.22144,282.5274
Potomje,Suhopolje_2025-03-13_11-08_tf_1h,2021-10-14 07:00:00,282.47324,282.87268
Potomje,Suhopolje_2025-03-13_11-08_tf_1h,2021-10-14 08:00:00,283.23718,283.44354
Potomje,Suhopolje_2025-03-13_11-08_tf_1h,2021-10-14 09:00:00,284.3954,284.1646
Potomje,Suhopolje_2025-03-13_11-08_tf_1h,2021-10-14 10:00:00,285.65775,285.36484
Potomje,Suhopolje_2025-03-13_11-08_tf_1h,2021-10-14 11:00:00,286.79532,286.54172
Potomje,Suhopolje_2025-03-13_11-08_tf_1h,2021-10-14 12:00:00,287.59167,287.54086
Potomje,Suhopolje_2025-03-13_11-08_tf_1h,2021-10-14 13:00:00,288.00165,288.07312
Potomje,Suhopolje_2025-03-13_11-08_tf_1h,2021-10-14 14:00:00,288.10507,288.17462
Potomje,Suhopolje_2025-03-13_11-08_tf_1h,2021-10-14 15:00:00,287.9093,288.01025
Potomje,Suhopolje_2025-03-13_11-08_tf_1h,2021-10-14 16:00:00,287.34308,287.4684
Potomje,Suhopolje_2025-03-13_11-08_tf_1h,2021-10-14 17:00:00,286.36127,286.57825
Potomje,Suhopolje_2025-03-13_11-08_tf_1h,2021-10-14 18:00:00,285.4072,285.27585
Potomje,Suhopolje_2025-03-13_11-08_tf_1h,2021-10-14 19:00:00,284.68967,284.4295
Potomje,Suhopolje_2025-03-13_11-08_tf_1h,2021-10-14 20:00:00,284.1377,283.93805
Potomje,Suhopolje_2025-03-13_11-08_tf_1h,2021-10-14 21:00:00,283.76334,283.55823
Potomje,Suhopolje_2025-03-13_11-08_tf_1h,2021-10-14 22:00:00,283.42584,283.3433
Potomje,Suhopolje_2025-03-13_11-08_tf_1h,2021-10-14 23:00:00,283.15588,283.05545
Potomje,Suhopolje_2025-03-13_11-08_tf_1h,2021-10-15 00:00:00,282.95715,282.84793
Potomje,Suhopolje_2025-03-13_11-08_tf_1h,2021-10-15 01:00:00,282.77045,282.708
Potomje,Suhopolje_2025-03-13_11-08_tf_1h,2021-10-15 02:00:00,282.5737,282.54123
Potomje,Suhopolje_2025-03-13_11-08_tf_1h,2021-10-15 03:00:00,282.3116,282.35318
Potomje,Suhopolje_2025-03-13_11-08_tf_1h,2021-10-15 04:00:00,282.1092,282.07928
Potomje,Suhopolje_2025-03-13_11-08_tf_1h,2021-10-15 05:00:00,281.9898,281.984
Potomje,Suhopolje_2025-03-13_11-08_tf_1h,2021-10-15 06:00:00,281.9849,282.03256
Potomje,Suhopolje_2025-03-13_11-08_tf_1h,2021-10-15 07:00:00,282.32043,282.33655
Potomje,Suhopolje_2025-03-13_11-08_tf_1h,2021-10-15 08:00:00,284.12003,283.02213
Potomje,Suhopolje_2025-03-13_11-08_tf_1h,2021-10-15 09:00:00,284.53662,285.5759
Potomje,Suhopolje_2025-03-13_11-08_tf_1h,2021-10-15 10:00:00,284.6833,285.0296
Potomje,Suhopolje_2025-03-13_11-08_tf_1h,2021-10-15 11:00:00,285.11954,284.7849
Potomje,Suhopolje_2025-03-13_11-08_tf_1h,2021-10-15 12:00:00,285.93286,285.30887
Potomje,Suhopolje_2025-03-13_11-08_tf_1h,2021-10-15 13:00:00,286.33252,286.3764
Potomje,Suhopolje_2025-03-13_11-08_tf_1h,2021-10-15 14:00:00,286.83658,286.4761
Potomje,Suhopolje_2025-03-13_11-08_tf_1h,2021-10-15 15:00:00,287.17532,286.93695
Potomje,Suhopolje_2025-03-13_11-08_tf_1h,2021-10-15 16:00:00,286.99084,287.17294
Potomje,Suhopolje_2025-03-13_11-08_tf_1h,2021-10-15 17:00:00,286.48654,286.58313
Potomje,Suhopolje_2025-03-13_11-08_tf_1h,2021-10-15 18:00:00,285.9078,285.77438
Potomje,Suhopolje_2025-03-13_11-08_tf_1h,2021-10-15 19:00:00,285.47055,285.10788
Potomje,Suhopolje_2025-03-13_11-08_tf_1h,2021-10-15 20:00:00,285.30597,284.85812
Potomje,Suhopolje_2025-03-13_11-08_tf_1h,2021-10-15 21:00:00,284.9326,284.90485
Potomje,Suhopolje_2025-03-13_11-08_tf_1h,2021-10-15 22:00:00,284.76852,284.42365
Potomje,Suhopolje_2025-03-13_11-08_tf_1h,2021-10-15 23:00:00,284.7017,284.43423
Potomje,Suhopolje_2025-03-13_11-08_tf_1h,2021-10-16 00:00:00,284.46957,284.44806
Potomje,Suhopolje_2025-03-13_11-08_tf_1h,2021-10-16 01:00:00,284.21826,284.1343
Potomje,Suhopolje_2025-03-13_11-08_tf_1h,2021-10-16 02:00:00,283.95248,283.89716
Potomje,Suhopolje_2025-03-13_11-08_tf_1h,2021-10-16 03:00:00,283.69727,283.65042
Potomje,Suhopolje_2025-03-13_11-08_tf_1h,2021-10-16 04:00:00,283.516,283.43393
Potomje,Suhopolje_2025-03-13_11-08_tf_1h,2021-10-16 05:00:00,283.40863,283.33704
Potomje,Suhopolje_2025-03-13_11-08_tf_1h,2021-10-16 06:00:00,283.374,283.34076
Potomje,Suhopolje_2025-03-13_11-08_tf_1h,2021-10-16 07:00:00,283.6582,283.4872
Potomje,Suhopolje_2025-03-13_11-08_tf_1h,2021-10-16 08:00:00,284.91122,283.89023
Potomje,Suhopolje_2025-03-13_11-08_tf_1h,2021-10-16 09:00:00,286.21118,285.83475
Potomje,Suhopolje_2025-03-13_11-08_tf_1h,2021-10-16 10:00:00,287.5858,287.20087
Potomje,Suhopolje_2025-03-13_11-08_tf_1h,2021-10-16 11:00:00,288.5993,288.53494
Potomje,Suhopolje_2025-03-13_11-08_tf_1h,2021-10-16 12:00:00,289.54846,289.25977
Potomje,Suhopolje_2025-03-13_11-08_tf_1h,2021-10-16 13:00:00,290.21414,290.0749
Potomje,Suhopolje_2025-03-13_11-08_tf_1h,2021-10-16 14:00:00,290.5158,290.4969
Potomje,Suhopolje_2025-03-13_11-08_tf_1h,2021-10-16 15:00:00,290.53152,290.48877
Potomje,Suhopolje_2025-03-13_11-08_tf_1h,2021-10-16 16:00:00,290.00043,290.22064
Potomje,Suhopolje_2025-03-13_11-08_tf_1h,2021-10-16 17:00:00,289.21585,289.15714
Potomje,Suhopolje_2025-03-13_11-08_tf_1h,2021-10-16 18:00:00,288.40845,288.0909
Potomje,Suhopolje_2025-03-13_11-08_tf_1h,2021-10-16 19:00:00,287.78403,287.40332
Potomje,Suhopolje_2025-03-13_11-08_tf_1h,2021-10-16 20:00:00,288.66217,286.9737
Potomje,Suhopolje_2025-03-13_11-08_tf_1h,2021-10-16 21:00:00,287.8228,288.774
Potomje,Suhopolje_2025-03-13_11-08_tf_1h,2021-10-16 22:00:00,287.081,286.99588
Potomje,Suhopolje_2025-03-13_11-08_tf_1h,2021-10-16 23:00:00,286.51233,286.2875
Potomje,Suhopolje_2025-03-13_11-08_tf_1h,2021-10-17 00:00:00,285.9174,285.8987
Potomje,Suhopolje_2025-03-13_11-08_tf_1h,2021-10-17 01:00:00,285.34872,285.36484
Potomje,Suhopolje_2025-03-13_11-08_tf_1h,2021-10-17 02:00:00,284.88348,284.86288
Potomje,Suhopolje_2025-03-13_11-08_tf_1h,2021-10-17 03:00:00,284.44745,284.48767
Potomje,Suhopolje_2025-03-13_11-08_tf_1h,2021-10-17 04:00:00,284.05936,284.0785
Potomje,Suhopolje_2025-03-13_11-08_tf_1h,2021-10-17 05:00:00,283.72504,283.7374
Potomje,Suhopolje_2025-03-13_11-08_tf_1h,2021-10-17 06:00:00,283.41403,283.4873
Potomje,Suhopolje_2025-03-13_11-08_tf_1h,2021-10-17 07:00:00,283.47498,283.37445
Potomje,Suhopolje_2025-03-13_11-08_tf_1h,2021-10-17 08:00:00,285.6833,283.8806
Potomje,Suhopolje_2025-03-13_11-08_tf_1h,2021-10-17 09:00:00,287.63245,287.6802
Potomje,Suhopolje_2025-03-13_11-08_tf_1h,2021-10-17 10:00:00,289.22372,288.79727
Potomje,Suhopolje_2025-03-13_11-08_tf_1h,2021-10-17 11:00:00,290.44186,290.38367
Potomje,Suhopolje_2025-03-13_11-08_tf_1h,2021-10-17 12:00:00,291.3038,291.2472
Potomje,Suhopolje_2025-03-13_11-08_tf_1h,2021-10-17 13:00:00,291.80664,291.78546
Potomje,Suhopolje_2025-03-13_11-08_tf_1h,2021-10-17 14:00:00,292.09036,291.97504
Potomje,Suhopolje_2025-03-13_11-08_tf_1h,2021-10-17 15:00:00,292.06015,292.02737
Potomje,Suhopolje_2025-03-13_11-08_tf_1h,2021-10-17 16:00:00,291.534,291.70435
Potomje,Suhopolje_2025-03-13_11-08_tf_1h,2021-10-17 17:00:00,290.7096,290.74887
Potomje,Suhopolje_2025-03-13_11-08_tf_1h,2021-10-17 18:00:00,290.04538,289.55673
Potomje,Suhopolje_2025-03-13_11-08_tf_1h,2021-10-17 19:00:00,289.6617,289.0649
Potomje,Suhopolje_2025-03-13_11-08_tf_1h,2021-10-17 20:00:00,289.54846,288.8942
Potomje,Suhopolje_2025-03-13_11-08_tf_1h,2021-10-17 21:00:00,288.95523,288.96054
Potomje,Suhopolje_2025-03-13_11-08_tf_1h,2021-10-17 22:00:00,287.8975,288.1281
Potomje,Suhopolje_2025-03-13_11-08_tf_1h,2021-10-17 23:00:00,286.8803,286.92862
Potomje,Suhopolje_2025-03-13_11-08_tf_1h,2021-10-18 00:00:00,286.10504,286.02472
Potomje,Suhopolje_2025-03-13_11-08_tf_1h,2021-10-18 01:00:00,285.54352,285.47845
Potomje,Suhopolje_2025-03-13_11-08_tf_1h,2021-10-18 02:00:00,285.10208,285.09897
Potomje,Suhopolje_2025-03-13_11-08_tf_1h,2021-10-18 03:00:00,284.78177,284.7357
Potomje,Suhopolje_2025-03-13_11-08_tf_1h,2021-10-18 04:00:00,284.58182,284.4699
Potomje,Suhopolje_2025-03-13_11-08_tf_1h,2021-10-18 05:00:00,284.48578,284.3305
Potomje,Suhopolje_2025-03-13_11-08_tf_1h,2021-10-18 06:00:00,284.23718,284.33405
Potomje,Suhopolje_2025-03-13_11-08_tf_1h,2021-10-18 07:00:00,284.64865,284.24292
Potomje,Suhopolje_2025-03-13_11-08_tf_1h,2021-10-18 08:00:00,287.3205,285.5512
Potomje,Suhopolje_2025-03-13_11-08_tf_1h,2021-10-18 09:00:00,289.23477,289.34933
Potomje,Suhopolje_2025-03-13_11-08_tf_1h,2021-10-18 10:00:00,290.63568,290.50784
Potomje,Suhopolje_2025-03-13_11-08_tf_1h,2021-10-18 11:00:00,291.74326,291.66125
Potomje,Suhopolje_2025-03-13_11-08_tf_1h,2021-10-18 12:00:00,292.48242,292.45438
Potomje,Suhopolje_2025-03-13_11-08_tf_1h,2021-10-18 13:00:00,292.87125,292.85144
Potomje,Suhopolje_2025-03-13_11-08_tf_1h,2021-10-18 14:00:00,292.84818,292.9247
Potomje,Suhopolje_2025-03-13_11-08_tf_1h,2021-10-18 15:00:00,292.37064,292.55783
Potomje,Suhopolje_2025-03-13_11-08_tf_1h,2021-10-18 16:00:00,291.7047,291.70374
Potomje,Suhopolje_2025-03-13_11-08_tf_1h,2021-10-18 17:00:00,290.86313,290.69397
Potomje,Suhopolje_2025-03-13_11-08_tf_1h,2021-10-18 18:00:00,290.36496,289.66293
Potomje,Suhopolje_2025-03-13_11-08_tf_1h,2021-10-18 19:00:00,290.15863,289.50983
Potomje,Suhopolje_2025-03-13_11-08_tf_1h,2021-10-18 20:00:00,290.47528,289.4796
Potomje,Suhopolje_2025-03-13_11-08_tf_1h,2021-10-18 21:00:00,289.7214,290.1154
Potomje,Suhopolje_2025-03-13_11-08_tf_1h,2021-10-18 22:00:00,288.80588,288.76746
Potomje,Suhopolje_2025-03-13_11-08_tf_1h,2021-10-18 23:00:00,288.02277,287.88034
Potomje,Suhopolje_2025-03-13_11-08_tf_1h,2021-10-19 00:00:00,287.3782,287.27484
Potomje,Suhopolje_2025-03-13_11-08_tf_1h,2021-10-19 01:00:00,286.79605,286.80264
Potomje,Suhopolje_2025-03-13_11-08_tf_1h,2021-10-19 02:00:00,286.1839,286.31796
Potomje,Suhopolje_2025-03-13_11-08_tf_1h,2021-10-19 03:00:00,285.64545,285.71033
Potomje,Suhopolje_2025-03-13_11-08_tf_1h,2021-10-19 04:00:00,285.17285,285.21002
Potomje,Suhopolje_2025-03-13_11-08_tf_1h,2021-10-19 05:00:00,284.70587,284.76654
Potomje,Suhopolje_2025-03-13_11-08_tf_1h,2021-10-19 06:00:00,284.22073,284.34305
Potomje,Suhopolje_2025-03-13_11-08_tf_1h,2021-10-19 07:00:00,284.0198,284.20233
Potomje,Suhopolje_2025-03-13_11-08_tf_1h,2021-10-19 08:00:00,285.8793,284.37198
Potomje,Suhopolje_2025-03-13_11-08_tf_1h,2021-10-19 09:00:00,287.9928,287.7794
Potomje,Suhopolje_2025-03-13_11-08_tf_1h,2021-10-19 10:00:00,289.77274,289.42322
Potomje,Suhopolje_2025-03-13_11-08_tf_1h,2021-10-19 11:00:00,290.94568,291.0524
Potomje,Suhopolje_2025-03-13_11-08_tf_1h,2021-10-19 12:00:00,291.75336,291.74118
Potomje,Suhopolje_2025-03-13_11-08_tf_1h,2021-10-19 13:00:00,292.1417,292.20343
Potomje,Suhopolje_2025-03-13_11-08_tf_1h,2021-10-19 14:00:00,292.31143,292.23865
Potomje,Suhopolje_2025-03-13_11-08_tf_1h,2021-10-19 15:00:00,292.0039,292.18488
Potomje,Suhopolje_2025-03-13_11-08_tf_1h,2021-10-19 16:00:00,291.36057,291.51294
Potomje,Suhopolje_2025-03-13_11-08_tf_1h,2021-10-19 17:00:00,290.49295,290.49023
Potomje,Suhopolje_2025-03-13_11-08_tf_1h,2021-10-19 18:00:00,289.85208,289.3533
Potomje,Suhopolje_2025-03-13_11-08_tf_1h,2021-10-19 19:00:00,289.18097,288.9314
Potomje,Suhopolje_2025-03-13_11-08_tf_1h,2021-10-19 20:00:00,288.23746,288.26877
Potomje,Suhopolje_2025-03-13_11-08_tf_1h,2021-10-19 21:00:00,288.22864,287.2433
Potomje,Suhopolje_2025-03-13_11-08_tf_1h,2021-10-19 22:00:00,287.48557,287.8697
Potomje,Suhopolje_2025-03-13_11-08_tf_1h,2021-10-19 23:00:00,286.7781,286.74426
Potomje,Suhopolje_2025-03-13_11-08_tf_1h,2021-10-20 00:00:00,286.56097,286.12003
Potomje,Suhopolje_2025-03-13_11-08_tf_1h,2021-10-20 01:00:00,286.88104,286.22162
Potomje,Suhopolje_2025-03-13_11-08_tf_1h,2021-10-20 02:00:00,286.17703,286.87778
Potomje,Suhopolje_2025-03-13_11-08_tf_1h,2021-10-20 03:00:00,285.06573,285.54987
Potomje,Suhopolje_2025-03-13_11-08_tf_1h,2021-10-20 04:00:00,284.33472,284.24393
Potomje,Suhopolje_2025-03-13_11-08_tf_1h,2021-10-20 05:00:00,283.7749,283.86206
Potomje,Suhopolje_2025-03-13_11-08_tf_1h,2021-10-20 06:00:00,283.46637,283.49255
Potomje,Suhopolje_2025-03-13_11-08_tf_1h,2021-10-20 07:00:00,283.8434,283.65515
Potomje,Suhopolje_2025-03-13_11-08_tf_1h,2021-10-20 08:00:00,286.98053,284.6986
Potomje,Suhopolje_2025-03-13_11-08_tf_1h,2021-10-20 09:00:00,289.053,289.35974
Potomje,Suhopolje_2025-03-13_11-08_tf_1h,2021-10-20 10:00:00,290.26843,290.4632
Potomje,Suhopolje_2025-03-13_11-08_tf_1h,2021-10-20 11:00:00,291.09946,291.21524
Potomje,Suhopolje_2025-03-13_11-08_tf_1h,2021-10-20 12:00:00,291.62857,291.64502
Potomje,Suhopolje_2025-03-13_11-08_tf_1h,2021-10-20 13:00:00,291.85455,291.85992
Potomje,Suhopolje_2025-03-13_11-08_tf_1h,2021-10-20 14:00:00,291.85626,291.7939
Potomje,Suhopolje_2025-03-13_11-08_tf_1h,2021-10-20 15:00:00,291.63297,291.57108
Potomje,Suhopolje_2025-03-13_11-08_tf_1h,2021-10-20 16:00:00,291.1702,291.09344
Potomje,Suhopolje_2025-03-13_11-08_tf_1h,2021-10-20 17:00:00,290.48093,290.3011
Potomje,Suhopolje_2025-03-13_11-08_tf_1h,2021-10-20 18:00:00,289.857,289.40466
Potomje,Suhopolje_2025-03-13_11-08_tf_1h,2021-10-20 19:00:00,289.40894,288.90512
Potomje,Suhopolje_2025-03-13_11-08_tf_1h,2021-10-20 20:00:00,289.3721,288.63593
Potomje,Suhopolje_2025-03-13_11-08_tf_1h,2021-10-20 21:00:00,288.90192,288.86487
Potomje,Suhopolje_2025-03-13_11-08_tf_1h,2021-10-20 22:00:00,288.33276,288.18027
Potomje,Suhopolje_2025-03-13_11-08_tf_1h,2021-10-20 23:00:00,287.91272,287.62265
Potomje,Suhopolje_2025-03-13_11-08_tf_1h,2021-10-21 00:00:00,287.53543,287.35107
Potomje,Suhopolje_2025-03-13_11-08_tf_1h,2021-10-21 01:00:00,287.292,287.0327
Potomje,Suhopolje_2025-03-13_11-08_tf_1h,2021-10-21 02:00:00,287.263,286.91046
Potomje,Suhopolje_2025-03-13_11-08_tf_1h,2021-10-21 03:00:00,287.34506,287.03687
Potomje,Suhopolje_2025-03-13_11-08_tf_1h,2021-10-21 04:00:00,287.41016,287.18668
Potomje,Suhopolje_2025-03-13_11-08_tf_1h,2021-10-21 05:00:00,287.48407,287.23428
Potomje,Suhopolje_2025-03-13_11-08_tf_1h,2021-10-21 06:00:00,287.49292,287.34836
Potomje,Suhopolje_2025-03-13_11-08_tf_1h,2021-10-21 07:00:00,287.81006,287.61462
Potomje,Suhopolje_2025-03-13_11-08_tf_1h,2021-10-21 08:00:00,288.69928,288.16577
Potomje,Suhopolje_2025-03-13_11-08_tf_1h,2021-10-21 09:00:00,289.90637,289.38486
Potomje,Suhopolje_2025-03-13_11-08_tf_1h,2021-10-21 10:00:00,290.9486,290.68744
Potomje,Suhopolje_2025-03-13_11-08_tf_1h,2021-10-21 11:00:00,291.30457,291.51794
Potomje,Suhopolje_2025-03-13_11-08_tf_1h,2021-10-21 12:00:00,291.4313,291.44318
Potomje,Suhopolje_2025-03-13_11-08_tf_1h,2021-10-21 13:00:00,291.62906,291.33185
Potomje,Suhopolje_2025-03-13_11-08_tf_1h,2021-10-21 14:00:00,291.72803,291.4342
Potomje,Suhopolje_2025-03-13_11-08_tf_1h,2021-10-21 15:00:00,291.53915,291.34323
Potomje,Suhopolje_2025-03-13_11-08_tf_1h,2021-10-21 16:00:00,291.28833,290.8761
Potomje,Suhopolje_2025-03-13_11-08_tf_1h,2021-10-21 17:00:00,290.81573,290.4898
Potomje,Suhopolje_2025-03-13_11-08_tf_1h,2021-10-21 18:00:00,290.3969,289.909
Potomje,Suhopolje_2025-03-13_11-08_tf_1h,2021-10-21 19:00:00,290.0692,289.60284
Potomje,Suhopolje_2025-03-13_11-08_tf_1h,2021-10-21 20:00:00,290.26303,289.3578
Potomje,Suhopolje_2025-03-13_11-08_tf_1h,2021-10-21 21:00:00,290.29028,289.8853
Potomje,Suhopolje_2025-03-13_11-08_tf_1h,2021-10-21 22:00:00,290.43253,289.839
Potomje,Suhopolje_2025-03-13_11-08_tf_1h,2021-10-21 23:00:00,290.49908,290.0546
Potomje,Suhopolje_2025-03-13_11-08_tf_1h,2021-10-22 00:00:00,290.4028,290.08707
Potomje,Suhopolje_2025-03-13_11-08_tf_1h,2021-10-22 01:00:00,290.1562,289.91708
Potomje,Suhopolje_2025-03-13_11-08_tf_1h,2021-10-22 02:00:00,290.11246,289.6226
Potomje,Suhopolje_2025-03-13_11-08_tf_1h,2021-10-22 03:00:00,290.32544,289.72754
Potomje,Suhopolje_2025-03-13_11-08_tf_1h,2021-10-22 04:00:00,290.42343,290.1041
Potomje,Suhopolje_2025-03-13_11-08_tf_1h,2021-10-22 05:00:00,290.38315,290.1363
Potomje,Suhopolje_2025-03-13_11-08_tf_1h,2021-10-22 06:00:00,290.3888,290.03226
Potomje,Suhopolje_2025-03-13_11-08_tf_1h,2021-10-22 07:00:00,290.49908,290.10684
Potomje,Suhopolje_2025-03-13_11-08_tf_1h,2021-10-22 08:00:00,290.70862,290.29318
Potomje,Suhopolje_2025-03-13_11-08_tf_1h,2021-10-22 09:00:00,291.19327,290.49054
Potomje,Suhopolje_2025-03-13_11-08_tf_1h,2021-10-22 10:00:00,291.7951,291.0709
Potomje,Suhopolje_2025-03-13_11-08_tf_1h,2021-10-22 11:00:00,292.0265,291.75046
Potomje,Suhopolje_2025-03-13_11-08_tf_1h,2021-10-22 12:00:00,292.16724,291.76883
Potomje,Suhopolje_2025-03-13_11-08_tf_1h,2021-10-22 13:00:00,292.21393,291.74017
Potomje,Suhopolje_2025-03-13_11-08_tf_1h,2021-10-22 14:00:00,292.32816,291.66766
Potomje,Suhopolje_2025-03-13_11-08_tf_1h,2021-10-22 15:00:00,292.1147,291.74704
Potomje,Suhopolje_2025-03-13_11-08_tf_1h,2021-10-22 16:00:00,291.59958,291.34497
Potomje,Suhopolje_2025-03-13_11-08_tf_1h,2021-10-22 17:00:00,291.53964,290.71667
Potomje,Suhopolje_2025-03-13_11-08_tf_1h,2021-10-22 18:00:00,291.40305,290.96576
Potomje,Suhopolje_2025-03-13_11-08_tf_1h,2021-10-22 19:00:00,291.1751,290.8116
Potomje,Suhopolje_2025-03-13_11-08_tf_1h,2021-10-22 20:00:00,291.09503,290.56656
Potomje,Suhopolje_2025-03-13_11-08_tf_1h,2021-10-22 21:00:00,290.772,290.59415
Potomje,Suhopolje_2025-03-13_11-08_tf_1h,2021-10-22 22:00:00,290.41507,290.16354
Potomje,Suhopolje_2025-03-13_11-08_tf_1h,2021-10-22 23:00:00,290.05374,289.82925
Potomje,Suhopolje_2025-03-13_11-08_tf_1h,2021-10-23 00:00:00,289.9211,289.5196
Potomje,Suhopolje_2025-03-13_11-08_tf_1h,2021-10-23 01:00:00,289.59857,289.54916
Potomje,Suhopolje_2025-03-13_11-08_tf_1h,2021-10-23 02:00:00,289.53888,289.14914
Potomje,Suhopolje_2025-03-13_11-08_tf_1h,2021-10-23 03:00:00,289.36594,289.25555
Potomje,Suhopolje_2025-03-13_11-08_tf_1h,2021-10-23 04:00:00,289.45142,289.0311
Potomje,Suhopolje_2025-03-13_11-08_tf_1h,2021-10-23 05:00:00,289.27408,289.3092
Potomje,Suhopolje_2025-03-13_11-08_tf_1h,2021-10-23 06:00:00,289.35907,288.98172
Potomje,Suhopolje_2025-03-13_11-08_tf_1h,2021-10-23 07:00:00,289.18246,289.2943
Potomje,Suhopolje_2025-03-13_11-08_tf_1h,2021-10-23 08:00:00,289.58063,288.941
Potomje,Suhopolje_2025-03-13_11-08_tf_1h,2021-10-23 09:00:00,289.84692,289.71835
Potomje,Suhopolje_2025-03-13_11-08_tf_1h,2021-10-23 10:00:00,290.23453,289.8753
Potomje,Suhopolje_2025-03-13_11-08_tf_1h,2021-10-23 11:00:00,290.85773,290.31055
Potomje,Suhopolje_2025-03-13_11-08_tf_1h,2021-10-23 12:00:00,291.5706,291.05408
Potomje,Suhopolje_2025-03-13_11-08_tf_1h,2021-10-23 13:00:00,292.03262,291.79974
Potomje,Suhopolje_2025-03-13_11-08_tf_1h,2021-10-23 14:00:00,291.85208,292.03323
Potomje,Suhopolje_2025-03-13_11-08_tf_1h,2021-10-23 15:00:00,291.4028,291.4039
Potomje,Suhopolje_2025-03-13_11-08_tf_1h,2021-10-23 16:00:00,290.8931,290.63263
Potomje,Suhopolje_2025-03-13_11-08_tf_1h,2021-10-23 17:00:00,290.03632,290.02667
Potomje,Suhopolje_2025-03-13_11-08_tf_1h,2021-10-23 18:00:00,289.1736,289.0792
Potomje,Suhopolje_2025-03-13_11-08_tf_1h,2021-10-23 19:00:00,288.5433,288.27747
Potomje,Suhopolje_2025-03-13_11-08_tf_1h,2021-10-23 20:00:00,287.96112,287.8415
Potomje,Suhopolje_2025-03-13_11-08_tf_1h,2021-10-23 21:00:00,287.3706,287.35855
Potomje,Suhopolje_2025-03-13_11-08_tf_1h,2021-10-23 22:00:00,286.85425,286.82535
Potomje,Suhopolje_2025-03-13_11-08_tf_1h,2021-10-23 23:00:00,286.34308,286.39618
Potomje,Suhopolje_2025-03-13_11-08_tf_1h,2021-10-24 00:00:00,285.8987,285.91602
Potomje,Suhopolje_2025-03-13_11-08_tf_1h,2021-10-24 01:00:00,285.47818,285.5373
Potomje,Suhopolje_2025-03-13_11-08_tf_1h,2021-10-24 02:00:00,285.23523,285.15106
Potomje,Suhopolje_2025-03-13_11-08_tf_1h,2021-10-24 03:00:00,285.05566,285.05948
Potomje,Suhopolje_2025-03-13_11-08_tf_1h,2021-10-24 04:00:00,284.85522,284.93253
Potomje,Suhopolje_2025-03-13_11-08_tf_1h,2021-10-24 05:00:00,284.56342,284.77115
Potomje,Suhopolje_2025-03-13_11-08_tf_1h,2021-10-24 06:00:00,284.27945,284.491
Potomje,Suhopolje_2025-03-13_11-08_tf_1h,2021-10-24 07:00:00,284.2534,284.35895
Potomje,Suhopolje_2025-03-13_11-08_tf_1h,2021-10-24 08:00:00,285.44305,284.58273
Potomje,Suhopolje_2025-03-13_11-08_tf_1h,2021-10-24 09:00:00,286.76755,286.54025
Potomje,Suhopolje_2025-03-13_11-08_tf_1h,2021-10-24 10:00:00,287.93436,287.78442
Potomje,Suhopolje_2025-03-13_11-08_tf_1h,2021-10-24 11:00:00,289.03677,288.77557
Potomje,Suhopolje_2025-03-13_11-08_tf_1h,2021-10-24 12:00:00,289.94934,289.73108
Potomje,Suhopolje_2025-03-13_11-08_tf_1h,2021-10-24 13:00:00,290.51947,290.4359
Potomje,Suhopolje_2025-03-13_11-08_tf_1h,2021-10-24 14:00:00,290.76685,290.73056
Potomje,Suhopolje_2025-03-13_11-08_tf_1h,2021-10-24 15:00:00,290.65973,290.71927
Potomje,Suhopolje_2025-03-13_11-08_tf_1h,2021-10-24 16:00:00,290.1004,290.33667
Potomje,Suhopolje_2025-03-13_11-08_tf_1h,2021-10-24 17:00:00,289.05005,289.29205
Potomje,Suhopolje_2025-03-13_11-08_tf_1h,2021-10-24 18:00:00,288.01443,287.84662
Potomje,Suhopolje_2025-03-13_11-08_tf_1h,2021-10-24 19:00:00,287.06378,286.91483
Potomje,Suhopolje_2025-03-13_11-08_tf_1h,2021-10-24 20:00:00,286.67297,286.109
Potomje,Suhopolje_2025-03-13_11-08_tf_1h,2021-10-24 21:00:00,285.92648,286.12723
Potomje,Suhopolje_2025-03-13_11-08_tf_1h,2021-10-24 22:00:00,285.206,285.22684
Potomje,Suhopolje_2025-03-13_11-08_tf_1h,2021-10-24 23:00:00,284.52878,284.58783
Potomje,Suhopolje_2025-03-13_11-08_tf_1h,2021-10-25 00:00:00,283.8648,283.9715
Potomje,Suhopolje_2025-03-13_11-08_tf_1h,2021-10-25 01:00:00,283.2873,283.34604
Potomje,Suhopolje_2025-03-13_11-08_tf_1h,2021-10-25 02:00:00,282.73584,282.84384
Potomje,Suhopolje_2025-03-13_11-08_tf_1h,2021-10-25 03:00:00,282.2551,282.31903
Potomje,Suhopolje_2025-03-13_11-08_tf_1h,2021-10-25 04:00:00,281.84808,281.92078
Potomje,Suhopolje_2025-03-13_11-08_tf_1h,2021-10-25 05:00:00,281.5376,281.632
Potomje,Suhopolje_2025-03-13_11-08_tf_1h,2021-10-25 06:00:00,281.2627,281.58688
Potomje,Suhopolje_2025-03-13_11-08_tf_1h,2021-10-25 07:00:00,281.2605,281.7592
Potomje,Suhopolje_2025-03-13_11-08_tf_1h,2021-10-25 08:00:00,282.53268,282.04187
Potomje,Suhopolje_2025-03-13_11-08_tf_1h,2021-10-25 09:00:00,284.65625,283.9768
Potomje,Suhopolje_2025-03-13_11-08_tf_1h,2021-10-25 10:00:00,286.89554,286.10065
Potomje,Suhopolje_2025-03-13_11-08_tf_1h,2021-10-25 11:00:00,288.8496,288.3886
Potomje,Suhopolje_2025-03-13_11-08_tf_1h,2021-10-25 12:00:00,290.2908,290.10892
Potomje,Suhopolje_2025-03-13_11-08_tf_1h,2021-10-25 13:00:00,291.1719,291.15854
Potomje,Suhopolje_2025-03-13_11-08_tf_1h,2021-10-25 14:00:00,291.60547,291.61908
Potomje,Suhopolje_2025-03-13_11-08_tf_1h,2021-10-25 15:00:00,291.67816,291.6909
Potomje,Suhopolje_2025-03-13_11-08_tf_1h,2021-10-25 16:00:00,291.3505,291.46198
Potomje,Suhopolje_2025-03-13_11-08_tf_1h,2021-10-25 17:00:00,291.12866,290.7963
Potomje,Suhopolje_2025-03-13_11-08_tf_1h,2021-10-25 18:00:00,290.7273,290.4531
Potomje,Suhopolje_2025-03-13_11-08_tf_1h,2021-10-25 19:00:00,290.40378,289.83316
Potomje,Suhopolje_2025-03-13_11-08_tf_1h,2021-10-25 20:00:00,288.03824,289.48523
Potomje,Suhopolje_2025-03-13_11-08_tf_1h,2021-10-25 21:00:00,287.04462,286.6373
Potomje,Suhopolje_2025-03-13_11-08_tf_1h,2021-10-25 22:00:00,284.6167,286.209
Potomje,Suhopolje_2025-03-13_11-08_tf_1h,2021-10-25 23:00:00,283.3138,283.5414
Potomje,Suhopolje_2025-03-13_11-08_tf_1h,2021-10-26 00:00:00,282.75253,282.55197
Potomje,Suhopolje_2025-03-13_11-08_tf_1h,2021-10-26 01:00:00,282.18658,282.20355
Potomje,Suhopolje_2025-03-13_11-08_tf_1h,2021-10-26 02:00:00,281.81,281.6953
Potomje,Suhopolje_2025-03-13_11-08_tf_1h,2021-10-26 03:00:00,281.46414,281.4789
Potomje,Suhopolje_2025-03-13_11-08_tf_1h,2021-10-26 04:00:00,281.48624,281.1379
Potomje,Suhopolje_2025-03-13_11-08_tf_1h,2021-10-26 05:00:00,281.85962,281.46823
Potomje,Suhopolje_2025-03-13_11-08_tf_1h,2021-10-26 06:00:00,281.9645,282.13196
Potomje,Suhopolje_2025-03-13_11-08_tf_1h,2021-10-26 07:00:00,282.27942,282.3319
Potomje,Suhopolje_2025-03-13_11-08_tf_1h,2021-10-26 08:00:00,284.63367,283.6369
Potomje,Suhopolje_2025-03-13_11-08_tf_1h,2021-10-26 09:00:00,287.30722,286.9058
Potomje,Suhopolje_2025-03-13_11-08_tf_1h,2021-10-26 10:00:00,289.06503,288.88528
Potomje,Suhopolje_2025-03-13_11-08_tf_1h,2021-10-26 11:00:00,290.27997,290.3413
Potomje,Suhopolje_2025-03-13_11-08_tf_1h,2021-10-26 12:00:00,291.0287,291.11383
Potomje,Suhopolje_2025-03-13_11-08_tf_1h,2021-10-26 13:00:00,291.41412,291.45276
Potomje,Suhopolje_2025-03-13_11-08_tf_1h,2021-10-26 14:00:00,291.46323,291.50366
Potomje,Suhopolje_2025-03-13_11-08_tf_1h,2021-10-26 15:00:00,291.20236,291.25226
Potomje,Suhopolje_2025-03-13_11-08_tf_1h,2021-10-26 16:00:00,290.57083,290.73105
Potomje,Suhopolje_2025-03-13_11-08_tf_1h,2021-10-26 17:00:00,289.8189,289.69757
Potomje,Suhopolje_2025-03-13_11-08_tf_1h,2021-10-26 18:00:00,289.28293,288.71597
Potomje,Suhopolje_2025-03-13_11-08_tf_1h,2021-10-26 19:00:00,288.96628,288.3077
Potomje,Suhopolje_2025-03-13_11-08_tf_1h,2021-10-26 20:00:00,288.9459,288.19156
Potomje,Suhopolje_2025-03-13_11-08_tf_1h,2021-10-26 21:00:00,288.40427,288.3521
Potomje,Suhopolje_2025-03-13_11-08_tf_1h,2021-10-26 22:00:00,287.3001,287.58505
Potomje,Suhopolje_2025-03-13_11-08_tf_1h,2021-10-26 23:00:00,286.07803,286.32526
Potomje,Suhopolje_2025-03-13_11-08_tf_1h,2021-10-27 00:00:00,285.55875,285.18204
Potomje,Suhopolje_2025-03-13_11-08_tf_1h,2021-10-27 01:00:00,285.0709,285.0761
Potomje,Suhopolje_2025-03-13_11-08_tf_1h,2021-10-27 02:00:00,284.515,284.66562
Potomje,Suhopolje_2025-03-13_11-08_tf_1h,2021-10-27 03:00:00,284.00137,284.09332
Potomje,Suhopolje_2025-03-13_11-08_tf_1h,2021-10-27 04:00:00,283.53564,283.59586
Potomje,Suhopolje_2025-03-13_11-08_tf_1h,2021-10-27 05:00:00,283.10477,283.1534
Potomje,Suhopolje_2025-03-13_11-08_tf_1h,2021-10-27 06:00:00,282.82892,282.79565
Potomje,Suhopolje_2025-03-13_11-08_tf_1h,2021-10-27 07:00:00,282.76553,283.01837
Potomje,Suhopolje_2025-03-13_11-08_tf_1h,2021-10-27 08:00:00,284.24847,283.49414
Potomje,Suhopolje_2025-03-13_11-08_tf_1h,2021-10-27 09:00:00,285.74445,285.88336
Potomje,Suhopolje_2025-03-13_11-08_tf_1h,2021-10-27 10:00:00,287.18515,286.83365
Potomje,Suhopolje_2025-03-13_11-08_tf_1h,2021-10-27 11:00:00,288.58777,288.25247
Potomje,Suhopolje_2025-03-13_11-08_tf_1h,2021-10-27 12:00:00,289.73587,289.50272
Potomje,Suhopolje_2025-03-13_11-08_tf_1h,2021-10-27 13:00:00,290.5959,290.41714
Potomje,Suhopolje_2025-03-13_11-08_tf_1h,2021-10-27 14:00:00,291.0761,291.02216
Potomje,Suhopolje_2025-03-13_11-08_tf_1h,2021-10-27 15:00:00,291.15396,291.20654
Potomje,Suhopolje_2025-03-13_11-08_tf_1h,2021-10-27 16:00:00,290.64157,290.98578
Potomje,Suhopolje_2025-03-13_11-08_tf_1h,2021-10-27 17:00:00,289.72064,290.03665
Potomje,Suhopolje_2025-03-13_11-08_tf_1h,2021-10-27 18:00:00,288.6838,288.5977
Potomje,Suhopolje_2025-03-13_11-08_tf_1h,2021-10-27 19:00:00,287.78867,287.4693
Potomje,Suhopolje_2025-03-13_11-08_tf_1h,2021-10-27 20:00:00,287.43396,286.8057
Potomje,Suhopolje_2025-03-13_11-08_tf_1h,2021-10-27 21:00:00,286.5789,286.82248
Potomje,Suhopolje_2025-03-13_11-08_tf_1h,2021-10-27 22:00:00,285.7619,285.70953
Potomje,Suhopolje_2025-03-13_11-08_tf_1h,2021-10-27 23:00:00,285.03134,285.01834
Potomje,Suhopolje_2025-03-13_11-08_tf_1h,2021-10-28 00:00:00,284.40448,284.40375
Potomje,Suhopolje_2025-03-13_11-08_tf_1h,2021-10-28 01:00:00,283.85324,283.8868
Potomje,Suhopolje_2025-03-13_11-08_tf_1h,2021-10-28 02:00:00,283.38898,283.4049
Potomje,Suhopolje_2025-03-13_11-08_tf_1h,2021-10-28 03:00:00,283.03452,283.00336
Potomje,Suhopolje_2025-03-13_11-08_tf_1h,2021-10-28 04:00:00,282.75424,282.7278
Potomje,Suhopolje_2025-03-13_11-08_tf_1h,2021-10-28 05:00:00,282.53094,282.51697
Potomje,Suhopolje_2025-03-13_11-08_tf_1h,2021-10-28 06:00:00,282.25558,282.4325
Potomje,Suhopolje_2025-03-13_11-08_tf_1h,2021-10-28 07:00:00,282.2168,282.5312
Potomje,Suhopolje_2025-03-13_11-08_tf_1h,2021-10-28 08:00:00,283.61447,282.9877
Potomje,Suhopolje_2025-03-13_11-08_tf_1h,2021-10-28 09:00:00,285.7712,285.2915
Potomje,Suhopolje_2025-03-13_11-08_tf_1h,2021-10-28 10:00:00,288.05472,287.16904
Potomje,Suhopolje_2025-03-13_11-08_tf_1h,2021-10-28 11:00:00,289.9432,289.61124
Potomje,Suhopolje_2025-03-13_11-08_tf_1h,2021-10-28 12:00:00,291.21588,291.18756
Potomje,Suhopolje_2025-03-13_11-08_tf_1h,2021-10-28 13:00:00,291.9179,291.99582
Potomje,Suhopolje_2025-03-13_11-08_tf_1h,2021-10-28 14:00:00,292.1859,292.2497
Potomje,Suhopolje_2025-03-13_11-08_tf_1h,2021-10-28 15:00:00,291.86832,292.15112
Potomje,Suhopolje_2025-03-13_11-08_tf_1h,2021-10-28 16:00:00,291.07806,291.38495
Potomje,Suhopolje_2025-03-13_11-08_tf_1h,2021-10-28 17:00:00,290.17584,290.12363
Potomje,Suhopolje_2025-03-13_11-08_tf_1h,2021-10-28 18:00:00,289.38977,288.94876
Potomje,Suhopolje_2025-03-13_11-08_tf_1h,2021-10-28 19:00:00,288.7639,288.34412
Potomje,Suhopolje_2025-03-13_11-08_tf_1h,2021-10-28 20:00:00,287.26547,287.8732
Potomje,Suhopolje_2025-03-13_11-08_tf_1h,2021-10-28 21:00:00,285.9223,286.1348
Potomje,Suhopolje_2025-03-13_11-08_tf_1h,2021-10-28 22:00:00,284.8675,284.9737
Potomje,Suhopolje_2025-03-13_11-08_tf_1h,2021-10-28 23:00:00,284.24725,284.03015
Potomje,Suhopolje_2025-03-13_11-08_tf_1h,2021-10-29 00:00:00,284.21582,283.72018
Potomje,Suhopolje_2025-03-13_11-08_tf_1h,2021-10-29 01:00:00,283.99475,284.07227
Potomje,Suhopolje_2025-03-13_11-08_tf_1h,2021-10-29 02:00:00,283.80707,283.71423
Potomje,Suhopolje_2025-03-13_11-08_tf_1h,2021-10-29 03:00:00,283.5796,283.5428
Potomje,Suhopolje_2025-03-13_11-08_tf_1h,2021-10-29 04:00:00,283.37573,283.2842
Potomje,Suhopolje_2025-03-13_11-08_tf_1h,2021-10-29 05:00:00,283.1878,283.157
Potomje,Suhopolje_2025-03-13_11-08_tf_1h,2021-10-29 06:00:00,283.04657,283.11264
Potomje,Suhopolje_2025-03-13_11-08_tf_1h,2021-10-29 07:00:00,283.10626,283.45093
Potomje,Suhopolje_2025-03-13_11-08_tf_1h,2021-10-29 08:00:00,285.09988,284.0121
Potomje,Suhopolje_2025-03-13_11-08_tf_1h,2021-10-29 09:00:00,287.6956,286.9449
Potomje,Suhopolje_2025-03-13_11-08_tf_1h,2021-10-29 10:00:00,289.94885,289.2981
Potomje,Suhopolje_2025-03-13_11-08_tf_1h,2021-10-29 11:00:00,291.43793,291.47556
Potomje,Suhopolje_2025-03-13_11-08_tf_1h,2021-10-29 12:00:00,292.04172,292.40042
Potomje,Suhopolje_2025-03-13_11-08_tf_1h,2021-10-29 13:00:00,292.3468,292.3601
Potomje,Suhopolje_2025-03-13_11-08_tf_1h,2021-10-29 14:00:00,292.39618,292.361
Potomje,Suhopolje_2025-03-13_11-08_tf_1h,2021-10-29 15:00:00,292.1574,292.1426
Potomje,Suhopolje_2025-03-13_11-08_tf_1h,2021-10-29 16:00:00,291.5092,291.6243
Potomje,Suhopolje_2025-03-13_11-08_tf_1h,2021-10-29 17:00:00,290.11465,290.55182
Potomje,Suhopolje_2025-03-13_11-08_tf_1h,2021-10-29 18:00:00,288.63394,288.73108
Potomje,Suhopolje_2025-03-13_11-08_tf_1h,2021-10-29 19:00:00,288.89874,287.39703
Potomje,Suhopolje_2025-03-13_11-08_tf_1h,2021-10-29 20:00:00,289.32272,288.6163
Potomje,Suhopolje_2025-03-13_11-08_tf_1h,2021-10-29 21:00:00,287.9562,289.05927
Potomje,Suhopolje_2025-03-13_11-08_tf_1h,2021-10-29 22:00:00,285.70636,286.8756
Potomje,Suhopolje_2025-03-13_11-08_tf_1h,2021-10-29 23:00:00,284.2615,284.64798
Potomje,Suhopolje_2025-03-13_11-08_tf_1h,2021-10-30 00:00:00,283.20425,283.46707
Potomje,Suhopolje_2025-03-13_11-08_tf_1h,2021-10-30 01:00:00,282.83115,282.44568
Potomje,Suhopolje_2025-03-13_11-08_tf_1h,2021-10-30 02:00:00,282.52014,282.50333
Potomje,Suhopolje_2025-03-13_11-08_tf_1h,2021-10-30 03:00:00,282.2104,282.24158
Potomje,Suhopolje_2025-03-13_11-08_tf_1h,2021-10-30 04:00:00,282.035,281.9105
Potomje,Suhopolje_2025-03-13_11-08_tf_1h,2021-10-30 05:00:00,282.04163,281.85654
Potomje,Suhopolje_2025-03-13_11-08_tf_1h,2021-10-30 06:00:00,282.17404,282.19235
Potomje,Suhopolje_2025-03-13_11-08_tf_1h,2021-10-30 07:00:00,282.5521,283.0492
Potomje,Suhopolje_2025-03-13_11-08_tf_1h,2021-10-30 08:00:00,284.8309,283.89108
Potomje,Suhopolje_2025-03-13_11-08_tf_1h,2021-10-30 09:00:00,287.7921,286.81314
Potomje,Suhopolje_2025-03-13_11-08_tf_1h,2021-10-30 10:00:00,289.92477,289.58124
Potomje,Suhopolje_2025-03-13_11-08_tf_1h,2021-10-30 11:00:00,291.20334,291.34064
Potomje,Suhopolje_2025-03-13_11-08_tf_1h,2021-10-30 12:00:00,291.8585,292.01523
Potomje,Suhopolje_2025-03-13_11-08_tf_1h,2021-10-30 13:00:00,292.13336,292.18823
Potomje,Suhopolje_2025-03-13_11-08_tf_1h,2021-10-30 14:00:00,292.15152,292.11975
Potomje,Suhopolje_2025-03-13_11-08_tf_1h,2021-10-30 15:00:00,291.92627,291.8768
Potomje,Suhopolje_2025-03-13_11-08_tf_1h,2021-10-30 16:00:00,291.33673,291.42145
Potomje,Suhopolje_2025-03-13_11-08_tf_1h,2021-10-30 17:00:00,289.53644,290.47702
Potomje,Suhopolje_2025-03-13_11-08_tf_1h,2021-10-30 18:00:00,289.1628,288.12805
Potomje,Suhopolje_2025-03-13_11-08_tf_1h,2021-10-30 19:00:00,288.6106,288.51715
Potomje,Suhopolje_2025-03-13_11-08_tf_1h,2021-10-30 20:00:00,286.75403,287.63724
Potomje,Suhopolje_2025-03-13_11-08_tf_1h,2021-10-30 21:00:00,286.11487,285.53842
Potomje,Suhopolje_2025-03-13_11-08_tf_1h,2021-10-30 22:00:00,285.40842,285.46466
Potomje,Suhopolje_2025-03-13_11-08_tf_1h,2021-10-30 23:00:00,283.95987,284.72034
Potomje,Suhopolje_2025-03-13_11-08_tf_1h,2021-10-31 00:00:00,283.2777,283.0292
Potomje,Suhopolje_2025-03-13_11-08_tf_1h,2021-10-31 01:00:00,282.95175,282.79425
Potomje,Suhopolje_2025-03-13_11-08_tf_1h,2021-10-31 02:00:00,282.4408,282.67184
Potomje,Suhopolje_2025-03-13_11-08_tf_1h,2021-10-31 03:00:00,282.34573,282.02463
Potomje,Suhopolje_2025-03-13_11-08_tf_1h,2021-10-31 04:00:00,282.68228,282.25757
Potomje,Suhopolje_2025-03-13_11-08_tf_1h,2021-10-31 05:00:00,282.88223,282.89127
Potomje,Suhopolje_2025-03-13_11-08_tf_1h,2021-10-31 06:00:00,282.99646,283.06137
Potomje,Suhopolje_2025-03-13_11-08_tf_1h,2021-10-31 07:00:00,283.22662,283.862
Potomje,Suhopolje_2025-03-13_11-08_tf_1h,2021-10-31 08:00:00,284.96823,284.2851
Potomje,Suhopolje_2025-03-13_11-08_tf_1h,2021-10-31 09:00:00,287.5745,286.5121
Potomje,Suhopolje_2025-03-13_11-08_tf_1h,2021-10-31 10:00:00,289.221,289.17508
Potomje,Suhopolje_2025-03-13_11-08_tf_1h,2021-10-31 11:00:00,290.2279,290.32623
Potomje,Suhopolje_2025-03-13_11-08_tf_1h,2021-10-31 12:00:00,290.8683,290.85892
Potomje,Suhopolje_2025-03-13_11-08_tf_1h,2021-10-31 13:00:00,291.22668,291.16693
Potomje,Suhopolje_2025-03-13_11-08_tf_1h,2021-10-31 14:00:00,291.41608,291.24643
Potomje,Suhopolje_2025-03-13_11-08_tf_1h,2021-10-31 15:00:00,291.23895,291.24014
Potomje,Suhopolje_2025-03-13_11-08_tf_1h,2021-10-31 16:00:00,290.7145,290.77774
Potomje,Suhopolje_2025-03-13_11-08_tf_1h,2021-10-31 17:00:00,289.91568,289.8871
Potomje,Suhopolje_2025-03-13_11-08_tf_1h,2021-10-31 18:00:00,288.87466,288.77426
Potomje,Suhopolje_2025-03-13_11-08_tf_1h,2021-10-31 19:00:00,287.84198,287.67078
Potomje,Suhopolje_2025-03-13_11-08_tf_1h,2021-10-31 20:00:00,287.20602,286.79736
Potomje,Suhopolje_2025-03-13_11-08_tf_1h,2021-10-31 21:00:00,287.46246,286.44595
Potomje,Suhopolje_2025-03-13_11-08_tf_1h,2021-10-31 22:00:00,286.92917,287.27036
Potomje,Suhopolje_2025-03-13_11-08_tf_1h,2021-10-31 23:00:00,286.2183,286.3222
Potomje,Suhopolje_2025-03-13_11-08_tf_1h,2021-11-01 00:00:00,285.6887,285.56448
Potomje,Suhopolje_2025-03-13_11-08_tf_1h,2021-11-01 01:00:00,285.37744,285.19098
Potomje,Suhopolje_2025-03-13_11-08_tf_1h,2021-11-01 02:00:00,285.15704,285.05536
Potomje,Suhopolje_2025-03-13_11-08_tf_1h,2021-11-01 03:00:00,284.951,284.90454
Potomje,Suhopolje_2025-03-13_11-08_tf_1h,2021-11-01 04:00:00,284.9852,284.70743
Potomje,Suhopolje_2025-03-13_11-08_tf_1h,2021-11-01 05:00:00,285.0592,284.91922
Potomje,Suhopolje_2025-03-13_11-08_tf_1h,2021-11-01 06:00:00,285.00165,285.04752
Potomje,Suhopolje_2025-03-13_11-08_tf_1h,2021-11-01 07:00:00,285.0364,285.1911
Potomje,Suhopolje_2025-03-13_11-08_tf_1h,2021-11-01 08:00:00,285.95767,285.57764
Potomje,Suhopolje_2025-03-13_11-08_tf_1h,2021-11-01 09:00:00,287.86655,286.85846
Potomje,Suhopolje_2025-03-13_11-08_tf_1h,2021-11-01 10:00:00,289.2007,289.17734
Potomje,Suhopolje_2025-03-13_11-08_tf_1h,2021-11-01 11:00:00,290.15222,290.11172
Potomje,Suhopolje_2025-03-13_11-08_tf_1h,2021-11-01 12:00:00,290.66272,290.7482
Potomje,Suhopolje_2025-03-13_11-08_tf_1h,2021-11-01 13:00:00,290.7672,290.90652
Potomje,Suhopolje_2025-03-13_11-08_tf_1h,2021-11-01 14:00:00,290.6781,290.66843
Potomje,Suhopolje_2025-03-13_11-08_tf_1h,2021-11-01 15:00:00,290.39066,290.35916
Potomje,Suhopolje_2025-03-13_11-08_tf_1h,2021-11-01 16:00:00,289.9897,289.7512
Potomje,Suhopolje_2025-03-13_11-08_tf_1h,2021-11-01 17:00:00,289.5696,289.17892
Potomje,Suhopolje_2025-03-13_11-08_tf_1h,2021-11-01 18:00:00,289.15988,288.72165
Potomje,Suhopolje_2025-03-13_11-08_tf_1h,2021-11-01 19:00:00,288.97134,288.39807
Potomje,Suhopolje_2025-03-13_11-08_tf_1h,2021-11-01 20:00:00,288.7369,288.375
Potomje,Suhopolje_2025-03-13_11-08_tf_1h,2021-11-01 21:00:00,288.63535,288.12833
Potomje,Suhopolje_2025-03-13_11-08_tf_1h,2021-11-01 22:00:00,288.71753,288.13858
Potomje,Suhopolje_2025-03-13_11-08_tf_1h,2021-11-01 23:00:00,288.39877,288.35828
Potomje,Suhopolje_2025-03-13_11-08_tf_1h,2021-11-02 00:00:00,288.16196,287.85593
Potomje,Suhopolje_2025-03-13_11-08_tf_1h,2021-11-02 01:00:00,287.90604,287.703
Potomje,Suhopolje_2025-03-13_11-08_tf_1h,2021-11-02 02:00:00,287.6674,287.48315
Potomje,Suhopolje_2025-03-13_11-08_tf_1h,2021-11-02 03:00:00,287.6414,287.2985
Potomje,Suhopolje_2025-03-13_11-08_tf_1h,2021-11-02 04:00:00,287.83258,287.42422
Potomje,Suhopolje_2025-03-13_11-08_tf_1h,2021-11-02 05:00:00,288.1373,287.75787
Potomje,Suhopolje_2025-03-13_11-08_tf_1h,2021-11-02 06:00:00,288.31497,288.15152
Potomje,Suhopolje_2025-03-13_11-08_tf_1h,2021-11-02 07:00:00,288.41415,288.28622
Potomje,Suhopolje_2025-03-13_11-08_tf_1h,2021-11-02 08:00:00,289.0806,288.42206
Potomje,Suhopolje_2025-03-13_11-08_tf_1h,2021-11-02 09:00:00,289.27393,289.41013
Potomje,Suhopolje_2025-03-13_11-08_tf_1h,2021-11-02 10:00:00,289.9279,289.3713
Potomje,Suhopolje_2025-03-13_11-08_tf_1h,2021-11-02 11:00:00,290.71603,290.13593
Potomje,Suhopolje_2025-03-13_11-08_tf_1h,2021-11-02 12:00:00,291.01782,291.01474
Potomje,Suhopolje_2025-03-13_11-08_tf_1h,2021-11-02 13:00:00,290.98575,290.9809
Potomje,Suhopolje_2025-03-13_11-08_tf_1h,2021-11-02 14:00:00,290.95233,290.60507
Potomje,Suhopolje_2025-03-13_11-08_tf_1h,2021-11-02 15:00:00,290.70807,290.43686
Potomje,Suhopolje_2025-03-13_11-08_tf_1h,2021-11-02 16:00:00,290.2148,290.01968
Potomje,Suhopolje_2025-03-13_11-08_tf_1h,2021-11-02 17:00:00,289.66562,289.3437
Potomje,Suhopolje_2025-03-13_11-08_tf_1h,2021-11-02 18:00:00,289.7298,288.84604
Potomje,Suhopolje_2025-03-13_11-08_tf_1h,2021-11-02 19:00:00,287.6671,289.30142
Potomje,Suhopolje_2025-03-13_11-08_tf_1h,2021-11-02 20:00:00,288.01556,286.61493
Potomje,Suhopolje_2025-03-13_11-08_tf_1h,2021-11-02 21:00:00,286.6676,287.97314
Potomje,Suhopolje_2025-03-13_11-08_tf_1h,2021-11-02 22:00:00,287.09482,285.7862
Potomje,Suhopolje_2025-03-13_11-08_tf_1h,2021-11-02 23:00:00,287.60294,287.14096
Potomje,Suhopolje_2025-03-13_11-08_tf_1h,2021-11-03 00:00:00,287.65518,287.64145
Potomje,Suhopolje_2025-03-13_11-08_tf_1h,2021-11-03 01:00:00,287.44116,287.44672
Potomje,Suhopolje_2025-03-13_11-08_tf_1h,2021-11-03 02:00:00,287.2834,287.08853
Potomje,Suhopolje_2025-03-13_11-08_tf_1h,2021-11-03 03:00:00,287.4091,287.02084
Potomje,Suhopolje_2025-03-13_11-08_tf_1h,2021-11-03 04:00:00,287.6496,287.38995
Potomje,Suhopolje_2025-03-13_11-08_tf_1h,2021-11-03 05:00:00,287.56183,287.7264
Potomje,Suhopolje_2025-03-13_11-08_tf_1h,2021-11-03 06:00:00,287.62708,287.4234
Potomje,Suhopolje_2025-03-13_11-08_tf_1h,2021-11-03 07:00:00,287.91428,287.66055
Potomje,Suhopolje_2025-03-13_11-08_tf_1h,2021-11-03 08:00:00,288.6836,288.0876
Potomje,Suhopolje_2025-03-13_11-08_tf_1h,2021-11-03 09:00:00,289.49695,289.20157
Potomje,Suhopolje_2025-03-13_11-08_tf_1h,2021-11-03 10:00:00,290.1854,290.01312
Potomje,Suhopolje_2025-03-13_11-08_tf_1h,2021-11-03 11:00:00,291.0104,290.49747
Potomje,Suhopolje_2025-03-13_11-08_tf_1h,2021-11-03 12:00:00,290.9115,291.2982
Potomje,Suhopolje_2025-03-13_11-08_tf_1h,2021-11-03 13:00:00,290.02628,290.70517
Potomje,Suhopolje_2025-03-13_11-08_tf_1h,2021-11-03 14:00:00,289.48077,289.10263
Potomje,Suhopolje_2025-03-13_11-08_tf_1h,2021-11-03 15:00:00,289.67834,288.60602
Potomje,Suhopolje_2025-03-13_11-08_tf_1h,2021-11-03 16:00:00,290.1114,289.37033
Potomje,Suhopolje_2025-03-13_11-08_tf_1h,2021-11-03 17:00:00,290.46225,289.8658
Potomje,Suhopolje_2025-03-13_11-08_tf_1h,2021-11-03 18:00:00,290.7192,290.12357
Potomje,Suhopolje_2025-03-13_11-08_tf_1h,2021-11-03 19:00:00,290.65796,290.29916
Potomje,Suhopolje_2025-03-13_11-08_tf_1h,2021-11-03 20:00:00,290.87753,290.03128
Potomje,Suhopolje_2025-03-13_11-08_tf_1h,2021-11-03 21:00:00,291.09103,290.43805
Potomje,Suhopolje_2025-03-13_11-08_tf_1h,2021-11-03 22:00:00,291.39548,290.63004
Potomje,Suhopolje_2025-03-13_11-08_tf_1h,2021-11-03 23:00:00,291.46307,290.96124
Potomje,Suhopolje_2025-03-13_11-08_tf_1h,2021-11-04 00:00:00,291.25967,290.886
Potomje,Suhopolje_2025-03-13_11-08_tf_1h,2021-11-04 01:00:00,291.23636,290.56357
Potomje,Suhopolje_2025-03-13_11-08_tf_1h,2021-11-04 02:00:00,291.32385,290.6795
Potomje,Suhopolje_2025-03-13_11-08_tf_1h,2021-11-04 03:00:00,291.15863,290.8552
Potomje,Suhopolje_2025-03-13_11-08_tf_1h,2021-11-04 04:00:00,291.2902,290.58212
Potomje,Suhopolje_2025-03-13_11-08_tf_1h,2021-11-04 05:00:00,291.27692,290.89642
Potomje,Suhopolje_2025-03-13_11-08_tf_1h,2021-11-04 06:00:00,291.07724,290.81372
Potomje,Suhopolje_2025-03-13_11-08_tf_1h,2021-11-04 07:00:00,290.87833,290.5221
Potomje,Suhopolje_2025-03-13_11-08_tf_1h,2021-11-04 08:00:00,291.2003,290.33212
Potomje,Suhopolje_2025-03-13_11-08_tf_1h,2021-11-04 09:00:00,291.41562,290.9189
Potomje,Suhopolje_2025-03-13_11-08_tf_1h,2021-11-04 10:00:00,291.48456,291.04044
Potomje,Suhopolje_2025-03-13_11-08_tf_1h,2021-11-04 11:00:00,291.23474,291.00143
Potomje,Suhopolje_2025-03-13_11-08_tf_1h,2021-11-04 12:00:00,291.22336,290.5907
Potomje,Suhopolje_2025-03-13_11-08_tf_1h,2021-11-04 13:00:00,291.24988,290.7609
Potomje,Suhopolje_2025-03-13_11-08_tf_1h,2021-11-04 14:00:00,291.10614,290.8393
Potomje,Suhopolje_2025-03-13_11-08_tf_1h,2021-11-04 15:00:00,290.80408,290.60617
Potomje,Suhopolje_2025-03-13_11-08_tf_1h,2021-11-04 16:00:00,290.5837,290.22824
Potomje,Suhopolje_2025-03-13_11-08_tf_1h,2021-11-04 17:00:00,290.39383,290.07907
Potomje,Suhopolje_2025-03-13_11-08_tf_1h,2021-11-04 18:00:00,290.3673,289.93274
Potomje,Suhopolje_2025-03-13_11-08_tf_1h,2021-11-04 19:00:00,290.28378,290.01782
Potomje,Suhopolje_2025-03-13_11-08_tf_1h,2021-11-04 20:00:00,290.49036,289.9005
Potomje,Suhopolje_2025-03-13_11-08_tf_1h,2021-11-04 21:00:00,290.3241,290.27216
Potomje,Suhopolje_2025-03-13_11-08_tf_1h,2021-11-04 22:00:00,290.353,289.8744
Potomje,Suhopolje_2025-03-13_11-08_tf_1h,2021-11-04 23:00:00,290.1806,290.02377
Potomje,Suhopolje_2025-03-13_11-08_tf_1h,2021-11-05 00:00:00,289.8987,289.73816
Potomje,Suhopolje_2025-03-13_11-08_tf_1h,2021-11-05 01:00:00,289.78625,289.41125
Potomje,Suhopolje_2025-03-13_11-08_tf_1h,2021-11-05 02:00:00,289.59558,289.41647
Potomje,Suhopolje_2025-03-13_11-08_tf_1h,2021-11-05 03:00:00,289.44708,289.20016
Potomje,Suhopolje_2025-03-13_11-08_tf_1h,2021-11-05 04:00:00,289.23468,289.0943
Potomje,Suhopolje_2025-03-13_11-08_tf_1h,2021-11-05 05:00:00,289.088,288.8589
Potomje,Suhopolje_2025-03-13_11-08_tf_1h,2021-11-05 06:00:00,288.94138,288.77875
Potomje,Suhopolje_2025-03-13_11-08_tf_1h,2021-11-05 07:00:00,289.0379,288.6533
Potomje,Suhopolje_2025-03-13_11-08_tf_1h,2021-11-05 08:00:00,289.92896,288.90726
Potomje,Suhopolje_2025-03-13_11-08_tf_1h,2021-11-05 09:00:00,290.75714,290.27713
Potomje,Suhopolje_2025-03-13_11-08_tf_1h,2021-11-05 10:00:00,291.24243,291.10513
Potomje,Suhopolje_2025-03-13_11-08_tf_1h,2021-11-05 11:00:00,291.67868,291.3402
Potomje,Suhopolje_2025-03-13_11-08_tf_1h,2021-11-05 12:00:00,291.81473,291.60168
Potomje,Suhopolje_2025-03-13_11-08_tf_1h,2021-11-05 13:00:00,291.8813,291.497
Potomje,Suhopolje_2025-03-13_11-08_tf_1h,2021-11-05 14:00:00,291.501,291.4025
Potomje,Suhopolje_2025-03-13_11-08_tf_1h,2021-11-05 15:00:00,291.01572,290.73032
Potomje,Suhopolje_2025-03-13_11-08_tf_1h,2021-11-05 16:00:00,290.5617,290.15552
Potomje,Suhopolje_2025-03-13_11-08_tf_1h,2021-11-05 17:00:00,290.05624,289.80612
Potomje,Suhopolje_2025-03-13_11-08_tf_1h,2021-11-05 18:00:00,289.91278,289.30582
Potomje,Suhopolje_2025-03-13_11-08_tf_1h,2021-11-05 19:00:00,289.59216,289.41156
Potomje,Suhopolje_2025-03-13_11-08_tf_1h,2021-11-05 20:00:00,288.84644,289.01898
Potomje,Suhopolje_2025-03-13_11-08_tf_1h,2021-11-05 21:00:00,288.70984,288.08746
Potomje,Suhopolje_2025-03-13_11-08_tf_1h,2021-11-05 22:00:00,288.49716,288.34308
Potomje,Suhopolje_2025-03-13_11-08_tf_1h,2021-11-05 23:00:00,288.21234,288.12433
Potomje,Suhopolje_2025-03-13_11-08_tf_1h,2021-11-06 00:00:00,287.96997,287.8331
Potomje,Suhopolje_2025-03-13_11-08_tf_1h,2021-11-06 01:00:00,287.66684,287.6343
Potomje,Suhopolje_2025-03-13_11-08_tf_1h,2021-11-06 02:00:00,287.38123,287.31708
Potomje,Suhopolje_2025-03-13_11-08_tf_1h,2021-11-06 03:00:00,286.88904,287.07693
Potomje,Suhopolje_2025-03-13_11-08_tf_1h,2021-11-06 04:00:00,286.41302,286.4882
Potomje,Suhopolje_2025-03-13_11-08_tf_1h,2021-11-06 05:00:00,286.2417,286.1045
Potomje,Suhopolje_2025-03-13_11-08_tf_1h,2021-11-06 06:00:00,285.95157,286.21753
Potomje,Suhopolje_2025-03-13_11-08_tf_1h,2021-11-06 07:00:00,285.59702,285.8866
Potomje,Suhopolje_2025-03-13_11-08_tf_1h,2021-11-06 08:00:00,287.82278,285.50146
Potomje,Suhopolje_2025-03-13_11-08_tf_1h,2021-11-06 09:00:00,288.01797,289.50995
Potomje,Suhopolje_2025-03-13_11-08_tf_1h,2021-11-06 10:00:00,288.16354,288.32053
Potomje,Suhopolje_2025-03-13_11-08_tf_1h,2021-11-06 11:00:00,288.53748,288.25323
Potomje,Suhopolje_2025-03-13_11-08_tf_1h,2021-11-06 12:00:00,288.62314,288.69315
Potomje,Suhopolje_2025-03-13_11-08_tf_1h,2021-11-06 13:00:00,288.68677,288.5585
Potomje,Suhopolje_2025-03-13_11-08_tf_1h,2021-11-06 14:00:00,288.81433,288.5144
Potomje,Suhopolje_2025-03-13_11-08_tf_1h,2021-11-06 15:00:00,288.80133,288.66583
Potomje,Suhopolje_2025-03-13_11-08_tf_1h,2021-11-06 16:00:00,289.04718,288.54892
Potomje,Suhopolje_2025-03-13_11-08_tf_1h,2021-11-06 17:00:00,289.08377,288.90088
Potomje,Suhopolje_2025-03-13_11-08_tf_1h,2021-11-06 18:00:00,289.29724,288.8235
Potomje,Suhopolje_2025-03-13_11-08_tf_1h,2021-11-06 19:00:00,289.2511,289.0568
Potomje,Suhopolje_2025-03-13_11-08_tf_1h,2021-11-06 20:00:00,287.54538,288.86893
Potomje,Suhopolje_2025-03-13_11-08_tf_1h,2021-11-06 21:00:00,287.27435,286.5193
Potomje,Suhopolje_2025-03-13_11-08_tf_1h,2021-11-06 22:00:00,287.34198,286.80746
Potomje,Suhopolje_2025-03-13_11-08_tf_1h,2021-11-06 23:00:00,287.4844,287.01703
Potomje,Suhopolje_2025-03-13_11-08_tf_1h,2021-11-07 00:00:00,287.5629,287.26273
Potomje,Suhopolje_2025-03-13_11-08_tf_1h,2021-11-07 01:00:00,287.52893,287.31973
Potomje,Suhopolje_2025-03-13_11-08_tf_1h,2021-11-07 02:00:00,287.38495,287.2259
Potomje,Suhopolje_2025-03-13_11-08_tf_1h,2021-11-07 03:00:00,286.99484,287.03168
Potomje,Suhopolje_2025-03-13_11-08_tf_1h,2021-11-07 04:00:00,286.57294,286.53094
Potomje,Suhopolje_2025-03-13_11-08_tf_1h,2021-11-07 05:00:00,286.11996,286.14627
Potomje,Suhopolje_2025-03-13_11-08_tf_1h,2021-11-07 06:00:00,285.86725,285.7436
Potomje,Suhopolje_2025-03-13_11-08_tf_1h,2021-11-07 07:00:00,286.14624,285.7369
Potomje,Suhopolje_2025-03-13_11-08_tf_1h,2021-11-07 08:00:00,287.58728,286.26926
Potomje,Suhopolje_2025-03-13_11-08_tf_1h,2021-11-07 09:00:00,290.23737,288.4726
Potomje,Suhopolje_2025-03-13_11-08_tf_1h,2021-11-07 10:00:00,292.4178,291.7206
Potomje,Suhopolje_2025-03-13_11-08_tf_1h,2021-11-07 11:00:00,294.04236,293.71622
Potomje,Suhopolje_2025-03-13_11-08_tf_1h,2021-11-07 12:00:00,294.84164,294.9989
Potomje,Suhopolje_2025-03-13_11-08_tf_1h,2021-11-07 13:00:00,295.04718,295.21133
Potomje,Suhopolje_2025-03-13_11-08_tf_1h,2021-11-07 14:00:00,295.17578,294.90543
Potomje,Suhopolje_2025-03-13_11-08_tf_1h,2021-11-07 15:00:00,294.7621,294.81815
Potomje,Suhopolje_2025-03-13_11-08_tf_1h,2021-11-07 16:00:00,293.9827,293.96194
Potomje,Suhopolje_2025-03-13_11-08_tf_1h,2021-11-07 17:00:00,292.81982,292.80118
Potomje,Suhopolje_2025-03-13_11-08_tf_1h,2021-11-07 18:00:00,291.59277,291.4623
Potomje,Suhopolje_2025-03-13_11-08_tf_1h,2021-11-07 19:00:00,290.2506,290.45523
Potomje,Suhopolje_2025-03-13_11-08_tf_1h,2021-11-07 20:00:00,289.95972,289.23578
Potomje,Suhopolje_2025-03-13_11-08_tf_1h,2021-11-07 21:00:00,289.21423,289.44977
Potomje,Suhopolje_2025-03-13_11-08_tf_1h,2021-11-07 22:00:00,290.68103,288.44156
Potomje,Suhopolje_2025-03-13_11-08_tf_1h,2021-11-07 23:00:00,288.03174,291.16974
Potomje,Suhopolje_2025-03-13_11-08_tf_1h,2021-11-08 00:00:00,287.63583,287.1601
Potomje,Suhopolje_2025-03-13_11-08_tf_1h,2021-11-08 01:00:00,287.29294,287.2125
Potomje,Suhopolje_2025-03-13_11-08_tf_1h,2021-11-08 02:00:00,286.9434,286.82535
Potomje,Suhopolje_2025-03-13_11-08_tf_1h,2021-11-08 03:00:00,287.99622,286.55756
Potomje,Suhopolje_2025-03-13_11-08_tf_1h,2021-11-08 04:00:00,287.16165,288.49405
Potomje,Suhopolje_2025-03-13_11-08_tf_1h,2021-11-08 05:00:00,287.58966,286.2083
Potomje,Suhopolje_2025-03-13_11-08_tf_1h,2021-11-08 06:00:00,287.7313,288.02426
Potomje,Suhopolje_2025-03-13_11-08_tf_1h,2021-11-08 07:00:00,287.77902,287.69125
Potomje,Suhopolje_2025-03-13_11-08_tf_1h,2021-11-08 08:00:00,287.6414,288.35617
Potomje,Suhopolje_2025-03-13_11-08_tf_1h,2021-11-08 09:00:00,287.9188,287.88657
Potomje,Suhopolje_2025-03-13_11-08_tf_1h,2021-11-08 10:00:00,288.6966,288.2006
Potomje,Suhopolje_2025-03-13_11-08_tf_1h,2021-11-08 11:00:00,289.50836,289.26166
Potomje,Suhopolje_2025-03-13_11-08_tf_1h,2021-11-08 12:00:00,289.46194,289.98212
Potomje,Suhopolje_2025-03-13_11-08_tf_1h,2021-11-08 13:00:00,289.40625,289.39984
Potomje,Suhopolje_2025-03-13_11-08_tf_1h,2021-11-08 14:00:00,289.51868,289.09653
Potomje,Suhopolje_2025-03-13_11-08_tf_1h,2021-11-08 15:00:00,289.54892,289.3106
Potomje,Suhopolje_2025-03-13_11-08_tf_1h,2021-11-08 16:00:00,289.5134,289.28946
Potomje,Suhopolje_2025-03-13_11-08_tf_1h,2021-11-08 17:00:00,289.14133,289.16656
Potomje,Suhopolje_2025-03-13_11-08_tf_1h,2021-11-08 18:00:00,288.9989,288.5402
Potomje,Suhopolje_2025-03-13_11-08_tf_1h,2021-11-08 19:00:00,288.8671,288.49472
Potomje,Suhopolje_2025-03-13_11-08_tf_1h,2021-11-08 20:00:00,288.51758,288.4052
Potomje,Suhopolje_2025-03-13_11-08_tf_1h,2021-11-08 21:00:00,287.54114,287.96005
Potomje,Suhopolje_2025-03-13_11-08_tf_1h,2021-11-08 22:00:00,287.43878,286.62802
Potomje,Suhopolje_2025-03-13_11-08_tf_1h,2021-11-08 23:00:00,287.50586,287.10114
Potomje,Suhopolje_2025-03-13_11-08_tf_1h,2021-11-09 00:00:00,287.6276,287.3051
Potomje,Suhopolje_2025-03-13_11-08_tf_1h,2021-11-09 01:00:00,287.52655,287.48178
Potomje,Suhopolje_2025-03-13_11-08_tf_1h,2021-11-09 02:00:00,287.64908,287.25473
Potomje,Suhopolje_2025-03-13_11-08_tf_1h,2021-11-09 03:00:00,287.44513,287.51056
Potomje,Suhopolje_2025-03-13_11-08_tf_1h,2021-11-09 04:00:00,287.5239,287.1058
Potomje,Suhopolje_2025-03-13_11-08_tf_1h,2021-11-09 05:00:00,287.59048,287.40933
Potomje,Suhopolje_2025-03-13_11-08_tf_1h,2021-11-09 06:00:00,287.43878,287.46198
Potomje,Suhopolje_2025-03-13_11-08_tf_1h,2021-11-09 07:00:00,287.0805,287.18787
Potomje,Suhopolje_2025-03-13_11-08_tf_1h,2021-11-09 08:00:00,288.62366,286.735
Potomje,Suhopolje_2025-03-13_11-08_tf_1h,2021-11-09 09:00:00,288.89734,289.58685
Potomje,Suhopolje_2025-03-13_11-08_tf_1h,2021-11-09 10:00:00,289.04956,289.15146
Potomje,Suhopolje_2025-03-13_11-08_tf_1h,2021-11-09 11:00:00,289.5362,288.97162
Potomje,Suhopolje_2025-03-13_11-08_tf_1h,2021-11-09 12:00:00,289.50436,289.60648
Potomje,Suhopolje_2025-03-13_11-08_tf_1h,2021-11-09 13:00:00,289.28348,289.28192
Potomje,Suhopolje_2025-03-13_11-08_tf_1h,2021-11-09 14:00:00,289.31662,288.79337
Potomje,Suhopolje_2025-03-13_11-08_tf_1h,2021-11-09 15:00:00,289.1095,288.91702
Potomje,Suhopolje_2025-03-13_11-08_tf_1h,2021-11-09 16:00:00,288.55923,288.58777
Potomje,Suhopolje_2025-03-13_11-08_tf_1h,2021-11-09 17:00:00,287.76523,287.78772
Potomje,Suhopolje_2025-03-13_11-08_tf_1h,2021-11-09 18:00:00,287.17783,286.919
Potomje,Suhopolje_2025-03-13_11-08_tf_1h,2021-11-09 19:00:00,286.71268,286.52805
Potomje,Suhopolje_2025-03-13_11-08_tf_1h,2021-11-09 20:00:00,286.87576,286.18823
Potomje,Suhopolje_2025-03-13_11-08_tf_1h,2021-11-09 21:00:00,286.4597,286.7866
Potomje,Suhopolje_2025-03-13_11-08_tf_1h,2021-11-09 22:00:00,286.02582,286.0224
Potomje,Suhopolje_2025-03-13_11-08_tf_1h,2021-11-09 23:00:00,285.60657,285.61472
Potomje,Suhopolje_2025-03-13_11-08_tf_1h,2021-11-10 00:00:00,285.27322,285.21472
Potomje,Suhopolje_2025-03-13_11-08_tf_1h,2021-11-10 01:00:00,285.04858,284.9749
Potomje,Suhopolje_2025-03-13_11-08_tf_1h,2021-11-10 02:00:00,284.816,284.8407
Potomje,Suhopolje_2025-03-13_11-08_tf_1h,2021-11-10 03:00:00,284.6097,284.61484
Potomje,Suhopolje_2025-03-13_11-08_tf_1h,2021-11-10 04:00:00,284.50043,284.4447
Potomje,Suhopolje_2025-03-13_11-08_tf_1h,2021-11-10 05:00:00,284.38507,284.4299
Potomje,Suhopolje_2025-03-13_11-08_tf_1h,2021-11-10 06:00:00,284.2896,284.34506
Potomje,Suhopolje_2025-03-13_11-08_tf_1h,2021-11-10 07:00:00,284.35062,284.3547
Potomje,Suhopolje_2025-03-13_11-08_tf_1h,2021-11-10 08:00:00,285.17694,284.47604
Potomje,Suhopolje_2025-03-13_11-08_tf_1h,2021-11-10 09:00:00,286.391,285.81494
Potomje,Suhopolje_2025-03-13_11-08_tf_1h,2021-11-10 10:00:00,287.72467,287.32977
Potomje,Suhopolje_2025-03-13_11-08_tf_1h,2021-11-10 11:00:00,289.18454,288.5662
Potomje,Suhopolje_2025-03-13_11-08_tf_1h,2021-11-10 12:00:00,290.3559,290.03824
Potomje,Suhopolje_2025-03-13_11-08_tf_1h,2021-11-10 13:00:00,290.6423,291.00204
Potomje,Suhopolje_2025-03-13_11-08_tf_1h,2021-11-10 14:00:00,291.32916,290.7313
Potomje,Suhopolje_2025-03-13_11-08_tf_1h,2021-11-10 15:00:00,291.4249,291.51276
Potomje,Suhopolje_2025-03-13_11-08_tf_1h,2021-11-10 16:00:00,291.21753,291.19095
Potomje,Suhopolje_2025-03-13_11-08_tf_1h,2021-11-10 17:00:00,290.82635,290.65707
Potomje,Suhopolje_2025-03-13_11-08_tf_1h,2021-11-10 18:00:00,290.48425,289.96646
Potomje,Suhopolje_2025-03-13_11-08_tf_1h,2021-11-10 19:00:00,290.21826,289.602
Potomje,Suhopolje_2025-03-13_11-08_tf_1h,2021-11-10 20:00:00,290.04193,289.44586
Potomje,Suhopolje_2025-03-13_11-08_tf_1h,2021-11-10 21:00:00,289.8104,289.34833
Potomje,Suhopolje_2025-03-13_11-08_tf_1h,2021-11-10 22:00:00,289.6118,289.11313
Potomje,Suhopolje_2025-03-13_11-08_tf_1h,2021-11-10 23:00:00,289.39883,288.98184
Potomje,Suhopolje_2025-03-13_11-08_tf_1h,2021-11-11 00:00:00,289.2238,288.8137
Potomje,Suhopolje_2025-03-13_11-08_tf_1h,2021-11-11 01:00:00,289.06442,288.7191
Potomje,Suhopolje_2025-03-13_11-08_tf_1h,2021-11-11 02:00:00,288.8414,288.617
Potomje,Suhopolje_2025-03-13_11-08_tf_1h,2021-11-11 03:00:00,288.7735,288.40103
Potomje,Suhopolje_2025-03-13_11-08_tf_1h,2021-11-11 04:00:00,288.34998,288.43723
Potomje,Suhopolje_2025-03-13_11-08_tf_1h,2021-11-11 05:00:00,287.569,287.84906
Potomje,Suhopolje_2025-03-13_11-08_tf_1h,2021-11-11 06:00:00,287.70105,286.91763
Potomje,Suhopolje_2025-03-13_11-08_tf_1h,2021-11-11 07:00:00,287.4173,287.6939
Potomje,Suhopolje_2025-03-13_11-08_tf_1h,2021-11-11 08:00:00,287.80157,287.10538
Potomje,Suhopolje_2025-03-13_11-08_tf_1h,2021-11-11 09:00:00,289.74356,288.06302
Potomje,Suhopolje_2025-03-13_11-08_tf_1h,2021-11-11 10:00:00,290.82318,290.97568
Potomje,Suhopolje_2025-03-13_11-08_tf_1h,2021-11-11 11:00:00,291.54477,291.4913
Potomje,Suhopolje_2025-03-13_11-08_tf_1h,2021-11-11 12:00:00,292.10513,291.9539
Potomje,Suhopolje_2025-03-13_11-08_tf_1h,2021-11-11 13:00:00,292.39154,292.3124
Potomje,Suhopolje_2025-03-13_11-08_tf_1h,2021-11-11 14:00:00,292.31143,292.32452
Potomje,Suhopolje_2025-03-13_11-08_tf_1h,2021-11-11 15:00:00,292.07092,291.91675
Potomje,Suhopolje_2025-03-13_11-08_tf_1h,2021-11-11 16:00:00,291.4469,291.37616
Potomje,Suhopolje_2025-03-13_11-08_tf_1h,2021-11-11 17:00:00,290.72266,290.45386
Potomje,Suhopolje_2025-03-13_11-08_tf_1h,2021-11-11 18:00:00,290.1241,289.7125
Potomje,Suhopolje_2025-03-13_11-08_tf_1h,2021-11-11 19:00:00,289.4691,289.2836
Potomje,Suhopolje_2025-03-13_11-08_tf_1h,2021-11-11 20:00:00,289.2779,288.64496
Potomje,Suhopolje_2025-03-13_11-08_tf_1h,2021-11-11 21:00:00,289.14584,288.78867
Potomje,Suhopolje_2025-03-13_11-08_tf_1h,2021-11-11 22:00:00,289.10153,288.7203
Potomje,Suhopolje_2025-03-13_11-08_tf_1h,2021-11-11 23:00:00,289.1506,288.75153
Potomje,Suhopolje_2025-03-13_11-08_tf_1h,2021-11-12 00:00:00,289.07608,288.86395
Potomje,Suhopolje_2025-03-13_11-08_tf_1h,2021-11-12 01:00:00,288.96735,288.72864
Potomje,Suhopolje_2025-03-13_11-08_tf_1h,2021-11-12 02:00:00,288.91882,288.61685
Potomje,Suhopolje_2025-03-13_11-08_tf_1h,2021-11-12 03:00:00,288.90582,288.623
Potomje,Suhopolje_2025-03-13_11-08_tf_1h,2021-11-12 04:00:00,288.65097,288.65857
Potomje,Suhopolje_2025-03-13_11-08_tf_1h,2021-11-12 05:00:00,288.35794,288.29587
Potomje,Suhopolje_2025-03-13_11-08_tf_1h,2021-11-12 06:00:00,288.21368,288.0519
Potomje,Suhopolje_2025-03-13_11-08_tf_1h,2021-11-12 07:00:00,288.03494,288.1024
Potomje,Suhopolje_2025-03-13_11-08_tf_1h,2021-11-12 08:00:00,287.8485,287.9831
Potomje,Suhopolje_2025-03-13_11-08_tf_1h,2021-11-12 09:00:00,288.67007,287.75714
Potomje,Suhopolje_2025-03-13_11-08_tf_1h,2021-11-12 10:00:00,289.1978,289.20538
Potomje,Suhopolje_2025-03-13_11-08_tf_1h,2021-11-12 11:00:00,289.91754,289.57516
Potomje,Suhopolje_2025-03-13_11-08_tf_1h,2021-11-12 12:00:00,290.1944,290.2827
Potomje,Suhopolje_2025-03-13_11-08_tf_1h,2021-11-12 13:00:00,290.32858,290.25235
Potomje,Suhopolje_2025-03-13_11-08_tf_1h,2021-11-12 14:00:00,290.48798,290.15814
Potomje,Suhopolje_2025-03-13_11-08_tf_1h,2021-11-12 15:00:00,290.37924,290.24393
Potomje,Suhopolje_2025-03-13_11-08_tf_1h,2021-11-12 16:00:00,290.0793,289.92566
Potomje,Suhopolje_2025-03-13_11-08_tf_1h,2021-11-12 17:00:00,289.65103,289.41312
Potomje,Suhopolje_2025-03-13_11-08_tf_1h,2021-11-12 18:00:00,288.74857,288.90454
Potomje,Suhopolje_2025-03-13_11-08_tf_1h,2021-11-12 19:00:00,288.5213,287.81198
Potomje,Suhopolje_2025-03-13_11-08_tf_1h,2021-11-12 20:00:00,287.86655,288.0348
Potomje,Suhopolje_2025-03-13_11-08_tf_1h,2021-11-12 21:00:00,288.0527,287.17764
Potomje,Suhopolje_2025-03-13_11-08_tf_1h,2021-11-12 22:00:00,287.3913,287.91827
Potomje,Suhopolje_2025-03-13_11-08_tf_1h,2021-11-12 23:00:00,287.3828,286.75607
Potomje,Suhopolje_2025-03-13_11-08_tf_1h,2021-11-13 00:00:00,287.338,287.1981
Potomje,Suhopolje_2025-03-13_11-08_tf_1h,2021-11-13 01:00:00,286.9076,287.12866
Potomje,Suhopolje_2025-03-13_11-08_tf_1h,2021-11-13 02:00:00,286.34167,286.47894
Potomje,Suhopolje_2025-03-13_11-08_tf_1h,2021-11-13 03:00:00,286.01285,285.8547
Potomje,Suhopolje_2025-03-13_11-08_tf_1h,2021-11-13 04:00:00,286.36475,285.71893
Potomje,Suhopolje_2025-03-13_11-08_tf_1h,2021-11-13 05:00:00,286.31754,286.54886
Potomje,Suhopolje_2025-03-13_11-08_tf_1h,2021-11-13 06:00:00,286.58856,286.18256
Potomje,Suhopolje_2025-03-13_11-08_tf_1h,2021-11-13 07:00:00,286.53873,286.76193
Potomje,Suhopolje_2025-03-13_11-08_tf_1h,2021-11-13 08:00:00,287.67163,286.46927
Potomje,Suhopolje_2025-03-13_11-08_tf_1h,2021-11-13 09:00:00,288.3057,288.46823
Potomje,Suhopolje_2025-03-13_11-08_tf_1h,2021-11-13 10:00:00,289.0111,288.87314
Potomje,Suhopolje_2025-03-13_11-08_tf_1h,2021-11-13 11:00:00,289.46936,289.4327
Potomje,Suhopolje_2025-03-13_11-08_tf_1h,2021-11-13 12:00:00,289.88385,289.68484
Potomje,Suhopolje_2025-03-13_11-08_tf_1h,2021-11-13 13:00:00,290.02228,289.96976
Potomje,Suhopolje_2025-03-13_11-08_tf_1h,2021-11-13 14:00:00,290.12387,289.86646
Potomje,Suhopolje_2025-03-13_11-08_tf_1h,2021-11-13 15:00:00,290.00214,289.82806
Potomje,Suhopolje_2025-03-13_11-08_tf_1h,2021-11-13 16:00:00,289.64413,289.51178
Potomje,Suhopolje_2025-03-13_11-08_tf_1h,2021-11-13 17:00:00,289.32617,288.92905
Potomje,Suhopolje_2025-03-13_11-08_tf_1h,2021-11-13 18:00:00,288.95276,288.60593
Potomje,Suhopolje_2025-03-13_11-08_tf_1h,2021-11-13 19:00:00,288.6051,288.25998
Potomje,Suhopolje_2025-03-13_11-08_tf_1h,2021-11-13 20:00:00,288.1808,287.96408
Potomje,Suhopolje_2025-03-13_11-08_tf_1h,2021-11-13 21:00:00,287.88828,287.53348
Potomje,Suhopolje_2025-03-13_11-08_tf_1h,2021-11-13 22:00:00,287.6825,287.37247
Potomje,Suhopolje_2025-03-13_11-08_tf_1h,2021-11-13 23:00:00,287.57483,287.2598
Potomje,Suhopolje_2025-03-13_11-08_tf_1h,2021-11-14 00:00:00,286.95718,287.2383
Potomje,Suhopolje_2025-03-13_11-08_tf_1h,2021-11-14 01:00:00,286.53183,286.3579
Potomje,Suhopolje_2025-03-13_11-08_tf_1h,2021-11-14 02:00:00,286.74982,286.0906
Potomje,Suhopolje_2025-03-13_11-08_tf_1h,2021-11-14 03:00:00,286.71692,286.74493
Potomje,Suhopolje_2025-03-13_11-08_tf_1h,2021-11-14 04:00:00,286.74,286.53662
Potomje,Suhopolje_2025-03-13_11-08_tf_1h,2021-11-14 05:00:00,286.77155,286.63885
Potomje,Suhopolje_2025-03-13_11-08_tf_1h,2021-11-14 06:00:00,286.9219,286.67508
Potomje,Suhopolje_2025-03-13_11-08_tf_1h,2021-11-14 07:00:00,286.9259,286.9915
Potomje,Suhopolje_2025-03-13_11-08_tf_1h,2021-11-14 08:00:00,287.1574,286.87418
Potomje,Suhopolje_2025-03-13_11-08_tf_1h,2021-11-14 09:00:00,287.33774,287.28604
Potomje,Suhopolje_2025-03-13_11-08_tf_1h,2021-11-14 10:00:00,287.3603,287.44165
Potomje,Suhopolje_2025-03-13_11-08_tf_1h,2021-11-14 11:00:00,287.75967,287.32486
Potomje,Suhopolje_2025-03-13_11-08_tf_1h,2021-11-14 12:00:00,288.49026,287.8984
Potomje,Suhopolje_2025-03-13_11-08_tf_1h,2021-11-14 13:00:00,288.86923,288.87042
Potomje,Suhopolje_2025-03-13_11-08_tf_1h,2021-11-14 14:00:00,288.82864,289.02615
Potomje,Suhopolje_2025-03-13_11-08_tf_1h,2021-11-14 15:00:00,288.6226,288.58652
Potomje,Suhopolje_2025-03-13_11-08_tf_1h,2021-11-14 16:00:00,288.39612,288.1799
Potomje,Suhopolje_2025-03-13_11-08_tf_1h,2021-11-14 17:00:00,288.16833,287.89374
Potomje,Suhopolje_2025-03-13_11-08_tf_1h,2021-11-14 18:00:00,287.927,287.64487
Potomje,Suhopolje_2025-03-13_11-08_tf_1h,2021-11-14 19:00:00,287.68726,287.42123
Potomje,Suhopolje_2025-03-13_11-08_tf_1h,2021-11-14 20:00:00,287.18127,287.20883
Potomje,Suhopolje_2025-03-13_11-08_tf_1h,2021-11-14 21:00:00,287.18948,286.56592
Potomje,Suhopolje_2025-03-13_11-08_tf_1h,2021-11-14 22:00:00,287.22556,286.93515
Potomje,Suhopolje_2025-03-13_11-08_tf_1h,2021-11-14 23:00:00,286.9471,286.9953
Potomje,Suhopolje_2025-03-13_11-08_tf_1h,2021-11-15 00:00:00,286.44934,286.536
Potomje,Suhopolje_2025-03-13_11-08_tf_1h,2021-11-15 01:00:00,286.03723,285.9362
Potomje,Suhopolje_2025-03-13_11-08_tf_1h,2021-11-15 02:00:00,286.11786,285.60532
Potomje,Suhopolje_2025-03-13_11-08_tf_1h,2021-11-15 03:00:00,285.67868,286.03412
Potomje,Suhopolje_2025-03-13_11-08_tf_1h,2021-11-15 04:00:00,285.43073,285.2522
Potomje,Suhopolje_2025-03-13_11-08_tf_1h,2021-11-15 05:00:00,285.3443,285.18005
Potomje,Suhopolje_2025-03-13_11-08_tf_1h,2021-11-15 06:00:00,285.16953,285.1893
Potomje,Suhopolje_2025-03-13_11-08_tf_1h,2021-11-15 07:00:00,285.05203,284.97928
Potomje,Suhopolje_2025-03-13_11-08_tf_1h,2021-11-15 08:00:00,285.65033,284.93
Potomje,Suhopolje_2025-03-13_11-08_tf_1h,2021-11-15 09:00:00,286.68616,286.04718
Potomje,Suhopolje_2025-03-13_11-08_tf_1h,2021-11-15 10:00:00,287.81668,287.38385
Potomje,Suhopolje_2025-03-13_11-08_tf_1h,2021-11-15 11:00:00,289.15936,288.64804
Potomje,Suhopolje_2025-03-13_11-08_tf_1h,2021-11-15 12:00:00,289.94247,289.9557
Potomje,Suhopolje_2025-03-13_11-08_tf_1h,2021-11-15 13:00:00,290.37552,290.37726
Potomje,Suhopolje_2025-03-13_11-08_tf_1h,2021-11-15 14:00:00,290.5137,290.53003
Potomje,Suhopolje_2025-03-13_11-08_tf_1h,2021-11-15 15:00:00,290.3132,290.40106
Potomje,Suhopolje_2025-03-13_11-08_tf_1h,2021-11-15 16:00:00,289.7685,289.8245
Potomje,Suhopolje_2025-03-13_11-08_tf_1h,2021-11-15 17:00:00,289.16385,288.92014
Potomje,Suhopolje_2025-03-13_11-08_tf_1h,2021-11-15 18:00:00,288.55603,288.22546
Potomje,Suhopolje_2025-03-13_11-08_tf_1h,2021-11-15 19:00:00,288.08398,287.7183
Potomje,Suhopolje_2025-03-13_11-08_tf_1h,2021-11-15 20:00:00,287.98215,287.3753
Potomje,Suhopolje_2025-03-13_11-08_tf_1h,2021-11-15 21:00:00,287.6915,287.53674
Potomje,Suhopolje_2025-03-13_11-08_tf_1h,2021-11-15 22:00:00,287.28098,287.16263
Potomje,Suhopolje_2025-03-13_11-08_tf_1h,2021-11-15 23:00:00,286.9434,286.72208
Potomje,Suhopolje_2025-03-13_11-08_tf_1h,2021-11-16 00:00:00,286.61508,286.46814
Potomje,Suhopolje_2025-03-13_11-08_tf_1h,2021-11-16 01:00:00,286.2987,286.19482
Potomje,Suhopolje_2025-03-13_11-08_tf_1h,2021-11-16 02:00:00,286.186,285.91354
Potomje,Suhopolje_2025-03-13_11-08_tf_1h,2021-11-16 03:00:00,285.85532,285.95554
Potomje,Suhopolje_2025-03-13_11-08_tf_1h,2021-11-16 04:00:00,285.52383,285.51163
Potomje,Suhopolje_2025-03-13_11-08_tf_1h,2021-11-16 05:00:00,285.17218,285.2095
Potomje,Suhopolje_2025-03-13_11-08_tf_1h,2021-11-16 06:00:00,284.98627,284.88962
Potomje,Suhopolje_2025-03-13_11-08_tf_1h,2021-11-16 07:00:00,284.8566,284.9426
Potomje,Suhopolje_2025-03-13_11-08_tf_1h,2021-11-16 08:00:00,285.55273,284.91354
Potomje,Suhopolje_2025-03-13_11-08_tf_1h,2021-11-16 09:00:00,286.48938,286.2372
Potomje,Suhopolje_2025-03-13_11-08_tf_1h,2021-11-16 10:00:00,287.70822,287.29858
Potomje,Suhopolje_2025-03-13_11-08_tf_1h,2021-11-16 11:00:00,288.9358,288.5862
Potomje,Suhopolje_2025-03-13_11-08_tf_1h,2021-11-16 12:00:00,289.8499,289.70023
Potomje,Suhopolje_2025-03-13_11-08_tf_1h,2021-11-16 13:00:00,290.5479,290.36966
Potomje,Suhopolje_2025-03-13_11-08_tf_1h,2021-11-16 14:00:00,291.19736,290.8556
Potomje,Suhopolje_2025-03-13_11-08_tf_1h,2021-11-16 15:00:00,291.18253,291.3886
Potomje,Suhopolje_2025-03-13_11-08_tf_1h,2021-11-16 16:00:00,290.58,290.94125
Potomje,Suhopolje_2025-03-13_11-08_tf_1h,2021-11-16 17:00:00,290.15887,289.7953
Potomje,Suhopolje_2025-03-13_11-08_tf_1h,2021-11-16 18:00:00,289.83957,289.29282
Potomje,Suhopolje_2025-03-13_11-08_tf_1h,2021-11-16 19:00:00,289.63007,289.0824
Potomje,Suhopolje_2025-03-13_11-08_tf_1h,2021-11-16 20:00:00,288.93393,288.96567
Potomje,Suhopolje_2025-03-13_11-08_tf_1h,2021-11-16 21:00:00,288.50433,288.0026
Potomje,Suhopolje_2025-03-13_11-08_tf_1h,2021-11-16 22:00:00,288.0885,287.80374
Potomje,Suhopolje_2025-03-13_11-08_tf_1h,2021-11-16 23:00:00,287.55627,287.459
Potomje,Suhopolje_2025-03-13_11-08_tf_1h,2021-11-17 00:00:00,287.31308,286.9218
Potomje,Suhopolje_2025-03-13_11-08_tf_1h,2021-11-17 01:00:00,287.23538,286.89487
Potomje,Suhopolje_2025-03-13_11-08_tf_1h,2021-11-17 02:00:00,287.0118,286.94507
Potomje,Suhopolje_2025-03-13_11-08_tf_1h,2021-11-17 03:00:00,286.77844,286.66287
Potomje,Suhopolje_2025-03-13_11-08_tf_1h,2021-11-17 04:00:00,286.4183,286.44678
Potomje,Suhopolje_2025-03-13_11-08_tf_1h,2021-11-17 05:00:00,286.18362,286.03748
Potomje,Suhopolje_2025-03-13_11-08_tf_1h,2021-11-17 06:00:00,286.0033,285.93396
Potomje,Suhopolje_2025-03-13_11-08_tf_1h,2021-11-17 07:00:00,285.841,285.86282
Potomje,Suhopolje_2025-03-13_11-08_tf_1h,2021-11-17 08:00:00,286.1083,285.78763
Potomje,Suhopolje_2025-03-13_11-08_tf_1h,2021-11-17 09:00:00,287.13116,286.4399
Potomje,Suhopolje_2025-03-13_11-08_tf_1h,2021-11-17 10:00:00,288.12723,287.9461
Potomje,Suhopolje_2025-03-13_11-08_tf_1h,2021-11-17 11:00:00,288.82123,288.9587
Potomje,Suhopolje_2025-03-13_11-08_tf_1h,2021-11-17 12:00:00,289.14688,289.33313
Potomje,Suhopolje_2025-03-13_11-08_tf_1h,2021-11-17 13:00:00,288.7096,289.35593
Potomje,Suhopolje_2025-03-13_11-08_tf_1h,2021-11-17 14:00:00,288.51892,288.2663
Potomje,Suhopolje_2025-03-13_11-08_tf_1h,2021-11-17 15:00:00,288.28342,288.0632
Potomje,Suhopolje_2025-03-13_11-08_tf_1h,2021-11-17 16:00:00,288.0352,287.84293
Potomje,Suhopolje_2025-03-13_11-08_tf_1h,2021-11-17 17:00:00,287.748,287.55405
Potomje,Suhopolje_2025-03-13_11-08_tf_1h,2021-11-17 18:00:00,287.44806,287.23788
Potomje,Suhopolje_2025-03-13_11-08_tf_1h,2021-11-17 19:00:00,287.14203,286.95627
Potomje,Suhopolje_2025-03-13_11-08_tf_1h,2021-11-17 20:00:00,287.46637,286.67404
Potomje,Suhopolje_2025-03-13_11-08_tf_1h,2021-11-17 21:00:00,287.264,287.42365
Potomje,Suhopolje_2025-03-13_11-08_tf_1h,2021-11-17 22:00:00,286.81848,286.88455
Potomje,Suhopolje_2025-03-13_11-08_tf_1h,2021-11-17 23:00:00,286.42496,286.28543
Potomje,Suhopolje_2025-03-13_11-08_tf_1h,2021-11-18 00:00:00,286.16055,285.96942
Potomje,Suhopolje_2025-03-13_11-08_tf_1h,2021-11-18 01:00:00,286.1929,285.80765
Potomje,Suhopolje_2025-03-13_11-08_tf_1h,2021-11-18 02:00:00,286.06003,286.04758
Potomje,Suhopolje_2025-03-13_11-08_tf_1h,2021-11-18 03:00:00,286.03006,285.801
Potomje,Suhopolje_2025-03-13_11-08_tf_1h,2021-11-18 04:00:00,285.71024,285.8551
Potomje,Suhopolje_2025-03-13_11-08_tf_1h,2021-11-18 05:00:00,285.62274,285.3549
Potomje,Suhopolje_2025-03-13_11-08_tf_1h,2021-11-18 06:00:00,285.46124,285.4993
Potomje,Suhopolje_2025-03-13_11-08_tf_1h,2021-11-18 07:00:00,285.4668,285.3282
Potomje,Suhopolje_2025-03-13_11-08_tf_1h,2021-11-18 08:00:00,286.05447,285.51587
Potomje,Suhopolje_2025-03-13_11-08_tf_1h,2021-11-18 09:00:00,287.0243,286.45416
Potomje,Suhopolje_2025-03-13_11-08_tf_1h,2021-11-18 10:00:00,287.96466,287.72095
Potomje,Suhopolje_2025-03-13_11-08_tf_1h,2021-11-18 11:00:00,288.73053,288.627
Potomje,Suhopolje_2025-03-13_11-08_tf_1h,2021-11-18 12:00:00,289.37735,289.17294
Potomje,Suhopolje_2025-03-13_11-08_tf_1h,2021-11-18 13:00:00,289.70645,289.66925
Potomje,Suhopolje_2025-03-13_11-08_tf_1h,2021-11-18 14:00:00,289.7998,289.75513
Potomje,Suhopolje_2025-03-13_11-08_tf_1h,2021-11-18 15:00:00,289.45453,289.56763
Potomje,Suhopolje_2025-03-13_11-08_tf_1h,2021-11-18 16:00:00,288.5661,288.83817
Potomje,Suhopolje_2025-03-13_11-08_tf_1h,2021-11-18 17:00:00,287.47034,287.51337
Potomje,Suhopolje_2025-03-13_11-08_tf_1h,2021-11-18 18:00:00,286.48914,286.3785
Potomje,Suhopolje_2025-03-13_11-08_tf_1h,2021-11-18 19:00:00,285.69247,285.5773
Potomje,Suhopolje_2025-03-13_11-08_tf_1h,2021-11-18 20:00:00,285.93726,284.95786
Potomje,Suhopolje_2025-03-13_11-08_tf_1h,2021-11-18 21:00:00,285.25888,285.89783
Potomje,Suhopolje_2025-03-13_11-08_tf_1h,2021-11-18 22:00:00,284.71445,284.64435
Potomje,Suhopolje_2025-03-13_11-08_tf_1h,2021-11-18 23:00:00,284.21536,284.24973
Potomje,Suhopolje_2025-03-13_11-08_tf_1h,2021-11-19 00:00:00,283.76904,283.7815
Potomje,Suhopolje_2025-03-13_11-08_tf_1h,2021-11-19 01:00:00,283.38025,283.40262
Potomje,Suhopolje_2025-03-13_11-08_tf_1h,2021-11-19 02:00:00,282.96417,283.0747
Potomje,Suhopolje_2025-03-13_11-08_tf_1h,2021-11-19 03:00:00,282.5404,282.6452
Potomje,Suhopolje_2025-03-13_11-08_tf_1h,2021-11-19 04:00:00,282.10443,282.25552
Potomje,Suhopolje_2025-03-13_11-08_tf_1h,2021-11-19 05:00:00,281.70822,281.8768
Potomje,Suhopolje_2025-03-13_11-08_tf_1h,2021-11-19 06:00:00,281.45444,281.6558
Potomje,Suhopolje_2025-03-13_11-08_tf_1h,2021-11-19 07:00:00,281.2762,281.70627
Potomje,Suhopolje_2025-03-13_11-08_tf_1h,2021-11-19 08:00:00,281.92807,281.58136
Potomje,Suhopolje_2025-03-13_11-08_tf_1h,2021-11-19 09:00:00,282.69553,282.6951
Potomje,Suhopolje_2025-03-13_11-08_tf_1h,2021-11-19 10:00:00,283.55396,283.39462
Potomje,Suhopolje_2025-03-13_11-08_tf_1h,2021-11-19 11:00:00,284.77625,284.2406
Potomje,Suhopolje_2025-03-13_11-08_tf_1h,2021-11-19 12:00:00,286.15417,285.57162
Potomje,Suhopolje_2025-03-13_11-08_tf_1h,2021-11-19 13:00:00,287.1033,286.9596
Potomje,Suhopolje_2025-03-13_11-08_tf_1h,2021-11-19 14:00:00,287.7114,287.63205
Potomje,Suhopolje_2025-03-13_11-08_tf_1h,2021-11-19 15:00:00,287.86758,287.99323
Potomje,Suhopolje_2025-03-13_11-08_tf_1h,2021-11-19 16:00:00,287.7016,287.8424
Potomje,Suhopolje_2025-03-13_11-08_tf_1h,2021-11-19 17:00:00,287.25552,287.35187
Potomje,Suhopolje_2025-03-13_11-08_tf_1h,2021-11-19 18:00:00,286.9328,286.58932
Potomje,Suhopolje_2025-03-13_11-08_tf_1h,2021-11-19 19:00:00,286.52625,286.31107
Potomje,Suhopolje_2025-03-13_11-08_tf_1h,2021-11-19 20:00:00,286.55276,285.8285
Potomje,Suhopolje_2025-03-13_11-08_tf_1h,2021-11-19 21:00:00,285.84045,286.1851
Potomje,Suhopolje_2025-03-13_11-08_tf_1h,2021-11-19 22:00:00,285.1706,285.01184
Potomje,Suhopolje_2025-03-13_11-08_tf_1h,2021-11-19 23:00:00,284.62323,284.42188
Potomje,Suhopolje_2025-03-13_11-08_tf_1h,2021-11-20 00:00:00,284.1663,284.01392
Potomje,Suhopolje_2025-03-13_11-08_tf_1h,2021-11-20 01:00:00,283.7884,283.66052
Potomje,Suhopolje_2025-03-13_11-08_tf_1h,2021-11-20 02:00:00,283.47784,283.37494
Potomje,Suhopolje_2025-03-13_11-08_tf_1h,2021-11-20 03:00:00,283.18747,283.13644
Potomje,Suhopolje_2025-03-13_11-08_tf_1h,2021-11-20 04:00:00,282.93872,282.88083
Potomje,Suhopolje_2025-03-13_11-08_tf_1h,2021-11-20 05:00:00,282.7817,282.68436
Potomje,Suhopolje_2025-03-13_11-08_tf_1h,2021-11-20 06:00:00,282.6526,282.61298
Potomje,Suhopolje_2025-03-13_11-08_tf_1h,2021-11-20 07:00:00,282.53217,282.54782
Potomje,Suhopolje_2025-03-13_11-08_tf_1h,2021-11-20 08:00:00,283.50623,282.52887
Potomje,Suhopolje_2025-03-13_11-08_tf_1h,2021-11-20 09:00:00,285.17084,284.566
Potomje,Suhopolje_2025-03-13_11-08_tf_1h,2021-11-20 10:00:00,287.1574,286.30035
Potomje,Suhopolje_2025-03-13_11-08_tf_1h,2021-11-20 11:00:00,288.84933,288.55777
Potomje,Suhopolje_2025-03-13_11-08_tf_1h,2021-11-20 12:00:00,289.99948,289.9898
Potomje,Suhopolje_2025-03-13_11-08_tf_1h,2021-11-20 13:00:00,290.66937,290.73615
Potomje,Suhopolje_2025-03-13_11-08_tf_1h,2021-11-20 14:00:00,290.9775,291.02393
Potomje,Suhopolje_2025-03-13_11-08_tf_1h,2021-11-20 15:00:00,290.8534,291.01904
Potomje,Suhopolje_2025-03-13_11-08_tf_1h,2021-11-20 16:00:00,290.23947,290.51907
Potomje,Suhopolje_2025-03-13_11-08_tf_1h,2021-11-20 17:00:00,289.1095,289.41415
Potomje,Suhopolje_2025-03-13_11-08_tf_1h,2021-11-20 18:00:00,288.1076,287.83963
Potomje,Suhopolje_2025-03-13_11-08_tf_1h,2021-11-20 19:00:00,287.23483,286.98938
Potomje,Suhopolje_2025-03-13_11-08_tf_1h,2021-11-20 20:00:00,286.9914,286.27457
Potomje,Suhopolje_2025-03-13_11-08_tf_1h,2021-11-20 21:00:00,286.1587,286.4882
Potomje,Suhopolje_2025-03-13_11-08_tf_1h,2021-11-20 22:00:00,285.29257,285.35696
Potomje,Suhopolje_2025-03-13_11-08_tf_1h,2021-11-20 23:00:00,284.71524,284.55447
Potomje,Suhopolje_2025-03-13_11-08_tf_1h,2021-11-21 00:00:00,284.21457,284.19598
Potomje,Suhopolje_2025-03-13_11-08_tf_1h,2021-11-21 01:00:00,283.7465,283.7812
Potomje,Suhopolje_2025-03-13_11-08_tf_1h,2021-11-21 02:00:00,283.30045,283.35022
Potomje,Suhopolje_2025-03-13_11-08_tf_1h,2021-11-21 03:00:00,282.9647,282.9237
Potomje,Suhopolje_2025-03-13_11-08_tf_1h,2021-11-21 04:00:00,282.70667,282.67734
Potomje,Suhopolje_2025-03-13_11-08_tf_1h,2021-11-21 05:00:00,282.56027,282.49524
Potomje,Suhopolje_2025-03-13_11-08_tf_1h,2021-11-21 06:00:00,282.4322,282.51965
Potomje,Suhopolje_2025-03-13_11-08_tf_1h,2021-11-21 07:00:00,281.84558,282.72375
Potomje,Suhopolje_2025-03-13_11-08_tf_1h,2021-11-21 08:00:00,283.6375,282.13892
Potomje,Suhopolje_2025-03-13_11-08_tf_1h,2021-11-21 09:00:00,285.6633,285.81625
Potomje,Suhopolje_2025-03-13_11-08_tf_1h,2021-11-21 10:00:00,287.844,286.907
Potomje,Suhopolje_2025-03-13_11-08_tf_1h,2021-11-21 11:00:00,289.34286,289.37134
Potomje,Suhopolje_2025-03-13_11-08_tf_1h,2021-11-21 12:00:00,290.11404,290.3469
Potomje,Suhopolje_2025-03-13_11-08_tf_1h,2021-11-21 13:00:00,290.3318,290.57187
Potomje,Suhopolje_2025-03-13_11-08_tf_1h,2021-11-21 14:00:00,290.1602,290.35046
Potomje,Suhopolje_2025-03-13_11-08_tf_1h,2021-11-21 15:00:00,289.7547,289.84494
Potomje,Suhopolje_2025-03-13_11-08_tf_1h,2021-11-21 16:00:00,289.09915,289.12982
Potomje,Suhopolje_2025-03-13_11-08_tf_1h,2021-11-21 17:00:00,288.5502,288.1603
Potomje,Suhopolje_2025-03-13_11-08_tf_1h,2021-11-21 18:00:00,288.20572,287.64447
Potomje,Suhopolje_2025-03-13_11-08_tf_1h,2021-11-21 19:00:00,287.7244,287.52338
Potomje,Suhopolje_2025-03-13_11-08_tf_1h,2021-11-21 20:00:00,287.63715,286.94003
Potomje,Suhopolje_2025-03-13_11-08_tf_1h,2021-11-21 21:00:00,287.38495,287.1374
Potomje,Suhopolje_2025-03-13_11-08_tf_1h,2021-11-21 22:00:00,287.21628,286.82452
Potomje,Suhopolje_2025-03-13_11-08_tf_1h,2021-11-21 23:00:00,286.95825,286.7391
Potomje,Suhopolje_2025-03-13_11-08_tf_1h,2021-11-22 00:00:00,286.6379,286.46692
Potomje,Suhopolje_2025-03-13_11-08_tf_1h,2021-11-22 01:00:00,286.4528,286.1595
Potomje,Suhopolje_2025-03-13_11-08_tf_1h,2021-11-22 02:00:00,286.25046,286.0977
Potomje,Suhopolje_2025-03-13_11-08_tf_1h,2021-11-22 03:00:00,286.09665,285.9286
Potomje,Suhopolje_2025-03-13_11-08_tf_1h,2021-11-22 04:00:00,286.09293,285.83017
Potomje,Suhopolje_2025-03-13_11-08_tf_1h,2021-11-22 05:00:00,286.18018,285.93954
Potomje,Suhopolje_2025-03-13_11-08_tf_1h,2021-11-22 06:00:00,286.11917,286.1003
Potomje,Suhopolje_2025-03-13_11-08_tf_1h,2021-11-22 07:00:00,286.04095,286.06894
Potomje,Suhopolje_2025-03-13_11-08_tf_1h,2021-11-22 08:00:00,286.47507,286.2073
Potomje,Suhopolje_2025-03-13_11-08_tf_1h,2021-11-22 09:00:00,287.1219,286.944
Potomje,Suhopolje_2025-03-13_11-08_tf_1h,2021-11-22 10:00:00,287.44754,287.64096
Potomje,Suhopolje_2025-03-13_11-08_tf_1h,2021-11-22 11:00:00,287.32977,287.7018
Potomje,Suhopolje_2025-03-13_11-08_tf_1h,2021-11-22 12:00:00,287.51224,287.16006
Potomje,Suhopolje_2025-03-13_11-08_tf_1h,2021-11-22 13:00:00,287.61963,287.4333
Potomje,Suhopolje_2025-03-13_11-08_tf_1h,2021-11-22 14:00:00,287.7334,287.53806
Potomje,Suhopolje_2025-03-13_11-08_tf_1h,2021-11-22 15:00:00,287.3327,287.60187
Potomje,Suhopolje_2025-03-13_11-08_tf_1h,2021-11-22 16:00:00,286.91953,286.8503
Potomje,Suhopolje_2025-03-13_11-08_tf_1h,2021-11-22 17:00:00,286.7331,286.33063
Potomje,Suhopolje_2025-03-13_11-08_tf_1h,2021-11-22 18:00:00,286.70312,286.3745
Potomje,Suhopolje_2025-03-13_11-08_tf_1h,2021-11-22 19:00:00,286.64984,286.45453
Potomje,Suhopolje_2025-03-13_11-08_tf_1h,2021-11-22 20:00:00,286.5716,286.3931
Potomje,Suhopolje_2025-03-13_11-08_tf_1h,2021-11-22 21:00:00,286.50372,286.30844
Potomje,Suhopolje_2025-03-13_11-08_tf_1h,2021-11-22 22:00:00,286.1523,286.2541
Potomje,Suhopolje_2025-03-13_11-08_tf_1h,2021-11-22 23:00:00,286.06058,285.72473
Potomje,Suhopolje_2025-03-13_11-08_tf_1h,2021-11-23 00:00:00,285.83966,285.82367
Potomje,Suhopolje_2025-03-13_11-08_tf_1h,2021-11-23 01:00:00,285.6681,285.5218
Potomje,Suhopolje_2025-03-13_11-08_tf_1h,2021-11-23 02:00:00,285.61105,285.40735
Potomje,Suhopolje_2025-03-13_11-08_tf_1h,2021-11-23 03:00:00,285.47025,285.438
Potomje,Suhopolje_2025-03-13_11-08_tf_1h,2021-11-23 04:00:00,285.36816,285.2504
Potomje,Suhopolje_2025-03-13_11-08_tf_1h,2021-11-23 05:00:00,285.2284,285.1916
Potomje,Suhopolje_2025-03-13_11-08_tf_1h,2021-11-23 06:00:00,284.78976,285.04608
Potomje,Suhopolje_2025-03-13_11-08_tf_1h,2021-11-23 07:00:00,284.28882,284.448
Potomje,Suhopolje_2025-03-13_11-08_tf_1h,2021-11-23 08:00:00,284.63278,283.94116
Potomje,Suhopolje_2025-03-13_11-08_tf_1h,2021-11-23 09:00:00,284.77942,284.87952
Potomje,Suhopolje_2025-03-13_11-08_tf_1h,2021-11-23 10:00:00,285.29813,284.82578
Potomje,Suhopolje_2025-03-13_11-08_tf_1h,2021-11-23 11:00:00,285.98923,285.60812
Potomje,Suhopolje_2025-03-13_11-08_tf_1h,2021-11-23 12:00:00,286.46182,286.4569
Potomje,Suhopolje_2025-03-13_11-08_tf_1h,2021-11-23 13:00:00,286.59998,286.76495
Potomje,Suhopolje_2025-03-13_11-08_tf_1h,2021-11-23 14:00:00,286.59308,286.59116
Potomje,Suhopolje_2025-03-13_11-08_tf_1h,2021-11-23 15:00:00,286.28015,286.41592
Potomje,Suhopolje_2025-03-13_11-08_tf_1h,2021-11-23 16:00:00,285.83118,285.87057
Potomje,Suhopolje_2025-03-13_11-08_tf_1h,2021-11-23 17:00:00,285.22546,285.27777
Potomje,Suhopolje_2025-03-13_11-08_tf_1h,2021-11-23 18:00:00,284.702,284.61508
Potomje,Suhopolje_2025-03-13_11-08_tf_1h,2021-11-23 19:00:00,284.1952,284.2079
Potomje,Suhopolje_2025-03-13_11-08_tf_1h,2021-11-23 20:00:00,284.58264,283.73343
Potomje,Suhopolje_2025-03-13_11-08_tf_1h,2021-11-23 21:00:00,284.1435,284.75003
Potomje,Suhopolje_2025-03-13_11-08_tf_1h,2021-11-23 22:00:00,283.712,283.74918
Potomje,Suhopolje_2025-03-13_11-08_tf_1h,2021-11-23 23:00:00,283.3381,283.31967
Potomje,Suhopolje_2025-03-13_11-08_tf_1h,2021-11-24 00:00:00,282.9785,283.01648
Potomje,Suhopolje_2025-03-13_11-08_tf_1h,2021-11-24 01:00:00,282.6669,282.6832
Potomje,Suhopolje_2025-03-13_11-08_tf_1h,2021-11-24 02:00:00,282.36935,282.41833
Potomje,Suhopolje_2025-03-13_11-08_tf_1h,2021-11-24 03:00:00,282.08905,282.13055
Potomje,Suhopolje_2025-03-13_11-08_tf_1h,2021-11-24 04:00:00,281.83392,281.86066
Potomje,Suhopolje_2025-03-13_11-08_tf_1h,2021-11-24 05:00:00,281.5902,281.6191
Potomje,Suhopolje_2025-03-13_11-08_tf_1h,2021-11-24 06:00:00,281.39053,281.43634
Potomje,Suhopolje_2025-03-13_11-08_tf_1h,2021-11-24 07:00:00,281.15662,281.3815
Potomje,Suhopolje_2025-03-13_11-08_tf_1h,2021-11-24 08:00:00,282.04315,281.14688
Potomje,Suhopolje_2025-03-13_11-08_tf_1h,2021-11-24 09:00:00,283.09705,282.91275
Potomje,Suhopolje_2025-03-13_11-08_tf_1h,2021-11-24 10:00:00,284.074,284.0155
Potomje,Suhopolje_2025-03-13_11-08_tf_1h,2021-11-24 11:00:00,285.07062,284.84384
Potomje,Suhopolje_2025-03-13_11-08_tf_1h,2021-11-24 12:00:00,285.90622,285.72375
Potomje,Suhopolje_2025-03-13_11-08_tf_1h,2021-11-24 13:00:00,286.59863,286.41644
Potomje,Suhopolje_2025-03-13_11-08_tf_1h,2021-11-24 14:00:00,287.01102,286.97937
Potomje,Suhopolje_2025-03-13_11-08_tf_1h,2021-11-24 15:00:00,287.0829,287.19077
Potomje,Suhopolje_2025-03-13_11-08_tf_1h,2021-11-24 16:00:00,286.7461,286.94308
Potomje,Suhopolje_2025-03-13_11-08_tf_1h,2021-11-24 17:00:00,285.52753,286.22388
Potomje,Suhopolje_2025-03-13_11-08_tf_1h,2021-11-24 18:00:00,284.4055,284.4328
Potomje,Suhopolje_2025-03-13_11-08_tf_1h,2021-11-24 19:00:00,283.88678,283.3652
Potomje,Suhopolje_2025-03-13_11-08_tf_1h,2021-11-24 20:00:00,284.34158,283.31522
Potomje,Suhopolje_2025-03-13_11-08_tf_1h,2021-11-24 21:00:00,283.21478,284.43204
Potomje,Suhopolje_2025-03-13_11-08_tf_1h,2021-11-24 22:00:00,283.4837,282.3561
Potomje,Suhopolje_2025-03-13_11-08_tf_1h,2021-11-24 23:00:00,283.48633,283.5148
Potomje,Suhopolje_2025-03-13_11-08_tf_1h,2021-11-25 00:00:00,283.5916,283.28793
Potomje,Suhopolje_2025-03-13_11-08_tf_1h,2021-11-25 01:00:00,283.35428,283.50937
Potomje,Suhopolje_2025-03-13_11-08_tf_1h,2021-11-25 02:00:00,283.19702,283.02362
Potomje,Suhopolje_2025-03-13_11-08_tf_1h,2021-11-25 03:00:00,283.4495,282.96228
Potomje,Suhopolje_2025-03-13_11-08_tf_1h,2021-11-25 04:00:00,283.87857,283.515
Potomje,Suhopolje_2025-03-13_11-08_tf_1h,2021-11-25 05:00:00,284.03635,284.07822
Potomje,Suhopolje_2025-03-13_11-08_tf_1h,2021-11-25 06:00:00,284.35245,284.05307
Potomje,Suhopolje_2025-03-13_11-08_tf_1h,2021-11-25 07:00:00,284.43387,284.65762
Potomje,Suhopolje_2025-03-13_11-08_tf_1h,2021-11-25 08:00:00,285.35727,284.6171
Potomje,Suhopolje_2025-03-13_11-08_tf_1h,2021-11-25 09:00:00,286.23718,286.13034
Potomje,Suhopolje_2025-03-13_11-08_tf_1h,2021-11-25 10:00:00,287.18765,286.92224
Potomje,Suhopolje_2025-03-13_11-08_tf_1h,2021-11-25 11:00:00,287.5409,287.806
Potomje,Suhopolje_2025-03-13_11-08_tf_1h,2021-11-25 12:00:00,287.61435,287.77045
Potomje,Suhopolje_2025-03-13_11-08_tf_1h,2021-11-25 13:00:00,287.60452,287.50867
Potomje,Suhopolje_2025-03-13_11-08_tf_1h,2021-11-25 14:00:00,287.46,287.30676
Potomje,Suhopolje_2025-03-13_11-08_tf_1h,2021-11-25 15:00:00,287.37512,287.0127
Potomje,Suhopolje_2025-03-13_11-08_tf_1h,2021-11-25 16:00:00,286.92615,286.87732
Potomje,Suhopolje_2025-03-13_11-08_tf_1h,2021-11-25 17:00:00,286.85773,286.18732
Potomje,Suhopolje_2025-03-13_11-08_tf_1h,2021-11-25 18:00:00,286.79965,286.4132
Potomje,Suhopolje_2025-03-13_11-08_tf_1h,2021-11-25 19:00:00,286.88507,286.40167
Potomje,Suhopolje_2025-03-13_11-08_tf_1h,2021-11-25 20:00:00,286.37695,286.5683
Potomje,Suhopolje_2025-03-13_11-08_tf_1h,2021-11-25 21:00:00,286.15366,285.75287
Potomje,Suhopolje_2025-03-13_11-08_tf_1h,2021-11-25 22:00:00,286.5358,285.72842
Potomje,Suhopolje_2025-03-13_11-08_tf_1h,2021-11-25 23:00:00,286.6114,286.49655
Potomje,Suhopolje_2025-03-13_11-08_tf_1h,2021-11-26 00:00:00,286.60156,286.39944
Potomje,Suhopolje_2025-03-13_11-08_tf_1h,2021-11-26 01:00:00,286.54242,286.3523
Potomje,Suhopolje_2025-03-13_11-08_tf_1h,2021-11-26 02:00:00,286.2499,286.27856
Potomje,Suhopolje_2025-03-13_11-08_tf_1h,2021-11-26 03:00:00,286.05234,285.87006
Potomje,Suhopolje_2025-03-13_11-08_tf_1h,2021-11-26 04:00:00,286.23508,285.7683
Potomje,Suhopolje_2025-03-13_11-08_tf_1h,2021-11-26 05:00:00,286.01205,286.23322
Potomje,Suhopolje_2025-03-13_11-08_tf_1h,2021-11-26 06:00:00,286.21387,285.7541
Potomje,Suhopolje_2025-03-13_11-08_tf_1h,2021-11-26 07:00:00,287.09006,286.34277
Potomje,Suhopolje_2025-03-13_11-08_tf_1h,2021-11-26 08:00:00,286.40347,287.5935
Potomje,Suhopolje_2025-03-13_11-08_tf_1h,2021-11-26 09:00:00,286.62836,286.01752
Potomje,Suhopolje_2025-03-13_11-08_tf_1h,2021-11-26 10:00:00,287.08,286.52496
Potomje,Suhopolje_2025-03-13_11-08_tf_1h,2021-11-26 11:00:00,287.2611,287.2038
Potomje,Suhopolje_2025-03-13_11-08_tf_1h,2021-11-26 12:00:00,287.0439,287.2643
Potomje,Suhopolje_2025-03-13_11-08_tf_1h,2021-11-26 13:00:00,287.1033,286.70044
Potomje,Suhopolje_2025-03-13_11-08_tf_1h,2021-11-26 14:00:00,286.88852,286.843
Potomje,Suhopolje_2025-03-13_11-08_tf_1h,2021-11-26 15:00:00,286.41275,286.5007
Potomje,Suhopolje_2025-03-13_11-08_tf_1h,2021-11-26 16:00:00,285.58005,285.83746
Potomje,Suhopolje_2025-03-13_11-08_tf_1h,2021-11-26 17:00:00,285.70416,284.83774
Potomje,Suhopolje_2025-03-13_11-08_tf_1h,2021-11-26 18:00:00,285.50128,285.63724
Potomje,Suhopolje_2025-03-13_11-08_tf_1h,2021-11-26 19:00:00,285.8906,285.19025
Potomje,Suhopolje_2025-03-13_11-08_tf_1h,2021-11-26 20:00:00,287.00864,286.01987
Potomje,Suhopolje_2025-03-13_11-08_tf_1h,2021-11-26 21:00:00,286.21545,287.59045
Potomje,Suhopolje_2025-03-13_11-08_tf_1h,2021-11-26 22:00:00,286.06772,285.7729
Potomje,Suhopolje_2025-03-13_11-08_tf_1h,2021-11-26 23:00:00,285.8638,285.68
Potomje,Suhopolje_2025-03-13_11-08_tf_1h,2021-11-27 00:00:00,285.7328,285.54456
Potomje,Suhopolje_2025-03-13_11-08_tf_1h,2021-11-27 01:00:00,285.047,285.47363
Potomje,Suhopolje_2025-03-13_11-08_tf_1h,2021-11-27 02:00:00,284.62164,284.44153
Potomje,Suhopolje_2025-03-13_11-08_tf_1h,2021-11-27 03:00:00,284.52325,284.26166
Potomje,Suhopolje_2025-03-13_11-08_tf_1h,2021-11-27 04:00:00,284.17664,284.38538
Potomje,Suhopolje_2025-03-13_11-08_tf_1h,2021-11-27 05:00:00,283.53833,283.89545
Potomje,Suhopolje_2025-03-13_11-08_tf_1h,2021-11-27 06:00:00,283.3755,283.0962
Potomje,Suhopolje_2025-03-13_11-08_tf_1h,2021-11-27 07:00:00,283.4301,283.25403
Potomje,Suhopolje_2025-03-13_11-08_tf_1h,2021-11-27 08:00:00,285.24167,283.47403
Potomje,Suhopolje_2025-03-13_11-08_tf_1h,2021-11-27 09:00:00,285.6824,286.57114
Potomje,Suhopolje_2025-03-13_11-08_tf_1h,2021-11-27 10:00:00,286.8588,286.16507
Potomje,Suhopolje_2025-03-13_11-08_tf_1h,2021-11-27 11:00:00,287.4865,287.57626
Potomje,Suhopolje_2025-03-13_11-08_tf_1h,2021-11-27 12:00:00,288.1532,287.90118
Potomje,Suhopolje_2025-03-13_11-08_tf_1h,2021-11-27 13:00:00,287.9148,288.4745
Potomje,Suhopolje_2025-03-13_11-08_tf_1h,2021-11-27 14:00:00,286.99033,287.5751
Potomje,Suhopolje_2025-03-13_11-08_tf_1h,2021-11-27 15:00:00,286.91846,286.04367
Potomje,Suhopolje_2025-03-13_11-08_tf_1h,2021-11-27 16:00:00,286.6403,286.54523
Potomje,Suhopolje_2025-03-13_11-08_tf_1h,2021-11-27 17:00:00,285.8569,286.15994
Potomje,Suhopolje_2025-03-13_11-08_tf_1h,2021-11-27 18:00:00,285.50473,285.08414
Potomje,Suhopolje_2025-03-13_11-08_tf_1h,2021-11-27 19:00:00,285.99533,285.0844
Potomje,Suhopolje_2025-03-13_11-08_tf_1h,2021-11-27 20:00:00,286.6472,286.10687
Potomje,Suhopolje_2025-03-13_11-08_tf_1h,2021-11-27 21:00:00,286.89407,286.86542
Potomje,Suhopolje_2025-03-13_11-08_tf_1h,2021-11-27 22:00:00,286.85483,286.91748
Potomje,Suhopolje_2025-03-13_11-08_tf_1h,2021-11-27 23:00:00,286.69305,286.58157
Potomje,Suhopolje_2025-03-13_11-08_tf_1h,2021-11-28 00:00:00,286.4077,286.23898
Potomje,Suhopolje_2025-03-13_11-08_tf_1h,2021-11-28 01:00:00,286.02582,285.92633
Potomje,Suhopolje_2025-03-13_11-08_tf_1h,2021-11-28 02:00:00,286.1433,285.52783
Potomje,Suhopolje_2025-03-13_11-08_tf_1h,2021-11-28 03:00:00,286.20325,285.9766
Potomje,Suhopolje_2025-03-13_11-08_tf_1h,2021-11-28 04:00:00,286.53528,286.02985
Potomje,Suhopolje_2025-03-13_11-08_tf_1h,2021-11-28 05:00:00,286.60208,286.5763
Potomje,Suhopolje_2025-03-13_11-08_tf_1h,2021-11-28 06:00:00,286.5923,286.49582
Potomje,Suhopolje_2025-03-13_11-08_tf_1h,2021-11-28 07:00:00,286.76865,286.54254
Potomje,Suhopolje_2025-03-13_11-08_tf_1h,2021-11-28 08:00:00,286.9763,286.75284
Potomje,Suhopolje_2025-03-13_11-08_tf_1h,2021-11-28 09:00:00,287.3998,287.0084
Potomje,Suhopolje_2025-03-13_11-08_tf_1h,2021-11-28 10:00:00,287.35312,287.51752
Potomje,Suhopolje_2025-03-13_11-08_tf_1h,2021-11-28 11:00:00,286.9906,287.19272
Potomje,Suhopolje_2025-03-13_11-08_tf_1h,2021-11-28 12:00:00,287.7098,286.4963
Potomje,Suhopolje_2025-03-13_11-08_tf_1h,2021-11-28 13:00:00,287.90445,287.89954
Potomje,Suhopolje_2025-03-13_11-08_tf_1h,2021-11-28 14:00:00,287.5417,287.8304
Potomje,Suhopolje_2025-03-13_11-08_tf_1h,2021-11-28 15:00:00,286.92456,287.00275
Potomje,Suhopolje_2025-03-13_11-08_tf_1h,2021-11-28 16:00:00,286.47055,286.16794
Potomje,Suhopolje_2025-03-13_11-08_tf_1h,2021-11-28 17:00:00,286.46738,285.9311
Potomje,Suhopolje_2025-03-13_11-08_tf_1h,2021-11-28 18:00:00,286.6469,286.26883
Potomje,Suhopolje_2025-03-13_11-08_tf_1h,2021-11-28 19:00:00,286.97815,286.569
Potomje,Suhopolje_2025-03-13_11-08_tf_1h,2021-11-28 20:00:00,286.01947,286.97488
Potomje,Suhopolje_2025-03-13_11-08_tf_1h,2021-11-28 21:00:00,286.38065,285.28613
Potomje,Suhopolje_2025-03-13_11-08_tf_1h,2021-11-28 22:00:00,286.57028,286.40707
Potomje,Suhopolje_2025-03-13_11-08_tf_1h,2021-11-28 23:00:00,286.0749,286.4629
Potomje,Suhopolje_2025-03-13_11-08_tf_1h,2021-11-29 00:00:00,285.36206,285.54507
Potomje,Suhopolje_2025-03-13_11-08_tf_1h,2021-11-29 01:00:00,284.47073,284.73853
Potomje,Suhopolje_2025-03-13_11-08_tf_1h,2021-11-29 02:00:00,283.57782,283.78857
Potomje,Suhopolje_2025-03-13_11-08_tf_1h,2021-11-29 03:00:00,283.28452,282.95407
Potomje,Suhopolje_2025-03-13_11-08_tf_1h,2021-11-29 04:00:00,282.7682,283.0941
Potomje,Suhopolje_2025-03-13_11-08_tf_1h,2021-11-29 05:00:00,282.19113,282.39114
Potomje,Suhopolje_2025-03-13_11-08_tf_1h,2021-11-29 06:00:00,281.64484,281.81137
Potomje,Suhopolje_2025-03-13_11-08_tf_1h,2021-11-29 07:00:00,281.2338,281.29068
Potomje,Suhopolje_2025-03-13_11-08_tf_1h,2021-11-29 08:00:00,281.78302,281.00885
Potomje,Suhopolje_2025-03-13_11-08_tf_1h,2021-11-29 09:00:00,283.56882,282.28232
Potomje,Suhopolje_2025-03-13_11-08_tf_1h,2021-11-29 10:00:00,284.59033,284.90237
Potomje,Suhopolje_2025-03-13_11-08_tf_1h,2021-11-29 11:00:00,285.11252,285.45947
Potomje,Suhopolje_2025-03-13_11-08_tf_1h,2021-11-29 12:00:00,284.07587,285.52625
Potomje,Suhopolje_2025-03-13_11-08_tf_1h,2021-11-29 13:00:00,282.9199,283.35922
Potomje,Suhopolje_2025-03-13_11-08_tf_1h,2021-11-29 14:00:00,282.23517,281.9664
Potomje,Suhopolje_2025-03-13_11-08_tf_1h,2021-11-29 15:00:00,281.8729,281.75223
Potomje,Suhopolje_2025-03-13_11-08_tf_1h,2021-11-29 16:00:00,281.56104,281.61444
Potomje,Suhopolje_2025-03-13_11-08_tf_1h,2021-11-29 17:00:00,281.25845,281.35962
Potomje,Suhopolje_2025-03-13_11-08_tf_1h,2021-11-29 18:00:00,280.9519,281.05933
Potomje,Suhopolje_2025-03-13_11-08_tf_1h,2021-11-29 19:00:00,280.52493,280.7284
Potomje,Suhopolje_2025-03-13_11-08_tf_1h,2021-11-29 20:00:00,279.79752,280.2679
Potomje,Suhopolje_2025-03-13_11-08_tf_1h,2021-11-29 21:00:00,279.0006,279.30765
Potomje,Suhopolje_2025-03-13_11-08_tf_1h,2021-11-29 22:00:00,278.096,278.4594
Potomje,Suhopolje_2025-03-13_11-08_tf_1h,2021-11-29 23:00:00,277.79688,277.4916
Potomje,Suhopolje_2025-03-13_11-08_tf_1h,2021-11-30 00:00:00,278.00507,277.63843
Potomje,Suhopolje_2025-03-13_11-08_tf_1h,2021-11-30 01:00:00,277.9833,278.1448
Potomje,Suhopolje_2025-03-13_11-08_tf_1h,2021-11-30 02:00:00,278.0353,277.85867
Potomje,Suhopolje_2025-03-13_11-08_tf_1h,2021-11-30 03:00:00,278.15515,277.99588
Potomje,Suhopolje_2025-03-13_11-08_tf_1h,2021-11-30 04:00:00,278.32568,278.17532
Potomje,Suhopolje_2025-03-13_11-08_tf_1h,2021-11-30 05:00:00,278.36334,278.53726
Potomje,Suhopolje_2025-03-13_11-08_tf_1h,2021-11-30 06:00:00,278.31506,278.694
Potomje,Suhopolje_2025-03-13_11-08_tf_1h,2021-11-30 07:00:00,278.20978,278.69284
Potomje,Suhopolje_2025-03-13_11-08_tf_1h,2021-11-30 08:00:00,278.62137,278.4273
Potomje,Suhopolje_2025-03-13_11-08_tf_1h,2021-11-30 09:00:00,279.2178,279.03467
Potomje,Suhopolje_2025-03-13_11-08_tf_1h,2021-11-30 10:00:00,279.8203,279.63785
Potomje,Suhopolje_2025-03-13_11-08_tf_1h,2021-11-30 11:00:00,280.42175,280.19897
Potomje,Suhopolje_2025-03-13_11-08_tf_1h,2021-11-30 12:00:00,280.90814,280.7937
Potomje,Suhopolje_2025-03-13_11-08_tf_1h,2021-11-30 13:00:00,281.26987,281.21158
Potomje,Suhopolje_2025-03-13_11-08_tf_1h,2021-11-30 14:00:00,281.52393,281.47305
Potomje,Suhopolje_2025-03-13_11-08_tf_1h,2021-11-30 15:00:00,281.56793,281.63306
Potomje,Suhopolje_2025-03-13_11-08_tf_1h,2021-11-30 16:00:00,281.34357,281.51813
Potomje,Suhopolje_2025-03-13_11-08_tf_1h,2021-11-30 17:00:00,281.1171,281.06033
Potomje,Suhopolje_2025-03-13_11-08_tf_1h,2021-11-30 18:00:00,281.23352,280.77908
Potomje,Suhopolje_2025-03-13_11-08_tf_1h,2021-11-30 19:00:00,281.4385,281.1441
Potomje,Suhopolje_2025-03-13_11-08_tf_1h,2021-11-30 20:00:00,282.0946,281.43024
Potomje,Suhopolje_2025-03-13_11-08_tf_1h,2021-11-30 21:00:00,282.34918,282.41486
Potomje,Suhopolje_2025-03-13_11-08_tf_1h,2021-11-30 22:00:00,282.1739,282.49963
Potomje,Suhopolje_2025-03-13_11-08_tf_1h,2021-11-30 23:00:00,282.11105,281.96634
Potomje,Suhopolje_2025-03-13_11-08_tf_1h,2021-12-01 00:00:00,282.01984,281.88388
Potomje,Suhopolje_2025-03-13_11-08_tf_1h,2021-12-01 01:00:00,281.82736,281.81607
Potomje,Suhopolje_2025-03-13_11-08_tf_1h,2021-12-01 02:00:00,281.60858,281.5767
Potomje,Suhopolje_2025-03-13_11-08_tf_1h,2021-12-01 03:00:00,280.81143,281.3651
Potomje,Suhopolje_2025-03-13_11-08_tf_1h,2021-12-01 04:00:00,282.0904,280.17932
Potomje,Suhopolje_2025-03-13_11-08_tf_1h,2021-12-01 05:00:00,280.60577,282.95273
Potomje,Suhopolje_2025-03-13_11-08_tf_1h,2021-12-01 06:00:00,279.09598,279.8748
Potomje,Suhopolje_2025-03-13_11-08_tf_1h,2021-12-01 07:00:00,279.39905,278.22662
Potomje,Suhopolje_2025-03-13_11-08_tf_1h,2021-12-01 08:00:00,280.59625,279.69177
Potomje,Suhopolje_2025-03-13_11-08_tf_1h,2021-12-01 09:00:00,281.48703,281.39233
Potomje,Suhopolje_2025-03-13_11-08_tf_1h,2021-12-01 10:00:00,282.4248,282.11203
Potomje,Suhopolje_2025-03-13_11-08_tf_1h,2021-12-01 11:00:00,283.5801,283.04642
Potomje,Suhopolje_2025-03-13_11-08_tf_1h,2021-12-01 12:00:00,284.43527,284.358
Potomje,Suhopolje_2025-03-13_11-08_tf_1h,2021-12-01 13:00:00,284.9476,285.03314
Potomje,Suhopolje_2025-03-13_11-08_tf_1h,2021-12-01 14:00:00,285.18924,285.2222
Potomje,Suhopolje_2025-03-13_11-08_tf_1h,2021-12-01 15:00:00,285.1399,285.21768
Potomje,Suhopolje_2025-03-13_11-08_tf_1h,2021-12-01 16:00:00,285.03867,284.94382
Potomje,Suhopolje_2025-03-13_11-08_tf_1h,2021-12-01 17:00:00,284.70383,284.79504
Potomje,Suhopolje_2025-03-13_11-08_tf_1h,2021-12-01 18:00:00,284.92368,284.31427
Potomje,Suhopolje_2025-03-13_11-08_tf_1h,2021-12-01 19:00:00,285.27734,284.859
Potomje,Suhopolje_2025-03-13_11-08_tf_1h,2021-12-01 20:00:00,285.4258,285.34967
Potomje,Suhopolje_2025-03-13_11-08_tf_1h,2021-12-01 21:00:00,285.60117,285.3449
Potomje,Suhopolje_2025-03-13_11-08_tf_1h,2021-12-01 22:00:00,285.7259,285.47534
Potomje,Suhopolje_2025-03-13_11-08_tf_1h,2021-12-01 23:00:00,285.92667,285.545
Potomje,Suhopolje_2025-03-13_11-08_tf_1h,2021-12-02 00:00:00,286.1158,285.73416
Potomje,Suhopolje_2025-03-13_11-08_tf_1h,2021-12-02 01:00:00,286.32397,285.88748
Potomje,Suhopolje_2025-03-13_11-08_tf_1h,2021-12-02 02:00:00,286.25494,286.06934
Potomje,Suhopolje_2025-03-13_11-08_tf_1h,2021-12-02 03:00:00,286.32504,285.82565
Potomje,Suhopolje_2025-03-13_11-08_tf_1h,2021-12-02 04:00:00,286.38965,285.95685
Potomje,Suhopolje_2025-03-13_11-08_tf_1h,2021-12-02 05:00:00,286.16196,286.09323
Potomje,Suhopolje_2025-03-13_11-08_tf_1h,2021-12-02 06:00:00,286.08594,285.78854
Potomje,Suhopolje_2025-03-13_11-08_tf_1h,2021-12-02 07:00:00,286.28226,285.8617
Potomje,Suhopolje_2025-03-13_11-08_tf_1h,2021-12-02 08:00:00,286.38837,286.2371
Potomje,Suhopolje_2025-03-13_11-08_tf_1h,2021-12-02 09:00:00,286.27505,286.3089
Potomje,Suhopolje_2025-03-13_11-08_tf_1h,2021-12-02 10:00:00,286.61963,286.04874
Potomje,Suhopolje_2025-03-13_11-08_tf_1h,2021-12-02 11:00:00,286.99683,286.63843
Potomje,Suhopolje_2025-03-13_11-08_tf_1h,2021-12-02 12:00:00,287.23593,287.00482
Potomje,Suhopolje_2025-03-13_11-08_tf_1h,2021-12-02 13:00:00,287.46933,287.14774
Potomje,Suhopolje_2025-03-13_11-08_tf_1h,2021-12-02 14:00:00,287.56378,287.29907
Potomje,Suhopolje_2025-03-13_11-08_tf_1h,2021-12-02 15:00:00,287.28253,287.27786
Potomje,Suhopolje_2025-03-13_11-08_tf_1h,2021-12-02 16:00:00,286.57178,286.7518
Potomje,Suhopolje_2025-03-13_11-08_tf_1h,2021-12-02 17:00:00,286.48578,285.83026
Potomje,Suhopolje_2025-03-13_11-08_tf_1h,2021-12-02 18:00:00,286.99365,286.2038
Potomje,Suhopolje_2025-03-13_11-08_tf_1h,2021-12-02 19:00:00,287.50128,287.0808
Potomje,Suhopolje_2025-03-13_11-08_tf_1h,2021-12-02 20:00:00,287.52628,287.5592
Potomje,Suhopolje_2025-03-13_11-08_tf_1h,2021-12-02 21:00:00,287.3791,287.31683
Potomje,Suhopolje_2025-03-13_11-08_tf_1h,2021-12-02 22:00:00,287.3272,286.96503
Potomje,Suhopolje_2025-03-13_11-08_tf_1h,2021-12-02 23:00:00,286.54425,286.9858
Potomje,Suhopolje_2025-03-13_11-08_tf_1h,2021-12-03 00:00:00,286.26913,285.78555
Potomje,Suhopolje_2025-03-13_11-08_tf_1h,2021-12-03 01:00:00,285.99106,285.8679
Potomje,Suhopolje_2025-03-13_11-08_tf_1h,2021-12-03 02:00:00,286.21216,285.61804
Potomje,Suhopolje_2025-03-13_11-08_tf_1h,2021-12-03 03:00:00,286.0474,286.18265
Potomje,Suhopolje_2025-03-13_11-08_tf_1h,2021-12-03 04:00:00,285.35974,285.7394
Potomje,Suhopolje_2025-03-13_11-08_tf_1h,2021-12-03 05:00:00,285.09225,284.7538
Potomje,Suhopolje_2025-03-13_11-08_tf_1h,2021-12-03 06:00:00,284.97427,284.8215
Potomje,Suhopolje_2025-03-13_11-08_tf_1h,2021-12-03 07:00:00,284.93405,284.80817
Potomje,Suhopolje_2025-03-13_11-08_tf_1h,2021-12-03 08:00:00,284.88788,284.83276
Potomje,Suhopolje_2025-03-13_11-08_tf_1h,2021-12-03 09:00:00,285.2223,284.79013
Potomje,Suhopolje_2025-03-13_11-08_tf_1h,2021-12-03 10:00:00,285.12973,285.3995
Potomje,Suhopolje_2025-03-13_11-08_tf_1h,2021-12-03 11:00:00,284.5954,284.99738
Potomje,Suhopolje_2025-03-13_11-08_tf_1h,2021-12-03 12:00:00,283.78848,284.13046
Potomje,Suhopolje_2025-03-13_11-08_tf_1h,2021-12-03 13:00:00,283.04175,283.19165
Potomje,Suhopolje_2025-03-13_11-08_tf_1h,2021-12-03 14:00:00,282.4356,282.53073
Potomje,Suhopolje_2025-03-13_11-08_tf_1h,2021-12-03 15:00:00,281.78967,282.03427
Potomje,Suhopolje_2025-03-13_11-08_tf_1h,2021-12-03 16:00:00,281.27036,281.3958
Potomje,Suhopolje_2025-03-13_11-08_tf_1h,2021-12-03 17:00:00,281.0143,280.9975
Potomje,Suhopolje_2025-03-13_11-08_tf_1h,2021-12-03 18:00:00,280.95142,280.91284
Potomje,Suhopolje_2025-03-13_11-08_tf_1h,2021-12-03 19:00:00,280.7087,280.9593
Potomje,Suhopolje_2025-03-13_11-08_tf_1h,2021-12-03 20:00:00,280.69263,280.55713
Potomje,Suhopolje_2025-03-13_11-08_tf_1h,2021-12-03 21:00:00,280.50052,280.7426
Potomje,Suhopolje_2025-03-13_11-08_tf_1h,2021-12-03 22:00:00,280.1983,280.3629
Potomje,Suhopolje_2025-03-13_11-08_tf_1h,2021-12-03 23:00:00,279.87787,280.037
Potomje,Suhopolje_2025-03-13_11-08_tf_1h,2021-12-04 00:00:00,279.54285,279.7128
Potomje,Suhopolje_2025-03-13_11-08_tf_1h,2021-12-04 01:00:00,279.30692,279.38782
Potomje,Suhopolje_2025-03-13_11-08_tf_1h,2021-12-04 02:00:00,279.07797,279.20184
Potomje,Suhopolje_2025-03-13_11-08_tf_1h,2021-12-04 03:00:00,278.90408,278.95374
Potomje,Suhopolje_2025-03-13_11-08_tf_1h,2021-12-04 04:00:00,278.69147,278.86914
Potomje,Suhopolje_2025-03-13_11-08_tf_1h,2021-12-04 05:00:00,278.48264,278.63446
Potomje,Suhopolje_2025-03-13_11-08_tf_1h,2021-12-04 06:00:00,278.32678,278.44052
Potomje,Suhopolje_2025-03-13_11-08_tf_1h,2021-12-04 07:00:00,278.14062,278.30988
Potomje,Suhopolje_2025-03-13_11-08_tf_1h,2021-12-04 08:00:00,278.68216,278.08383
Potomje,Suhopolje_2025-03-13_11-08_tf_1h,2021-12-04 09:00:00,279.57248,279.1221
Potomje,Suhopolje_2025-03-13_11-08_tf_1h,2021-12-04 10:00:00,280.926,280.1989
Potomje,Suhopolje_2025-03-13_11-08_tf_1h,2021-12-04 11:00:00,282.07092,281.9112
Potomje,Suhopolje_2025-03-13_11-08_tf_1h,2021-12-04 12:00:00,282.97546,282.8373
Potomje,Suhopolje_2025-03-13_11-08_tf_1h,2021-12-04 13:00:00,283.31665,283.58762
Potomje,Suhopolje_2025-03-13_11-08_tf_1h,2021-12-04 14:00:00,283.406,283.53912
Potomje,Suhopolje_2025-03-13_11-08_tf_1h,2021-12-04 15:00:00,283.22705,283.3336
Potomje,Suhopolje_2025-03-13_11-08_tf_1h,2021-12-04 16:00:00,282.8185,282.95242
Potomje,Suhopolje_2025-03-13_11-08_tf_1h,2021-12-04 17:00:00,281.82016,282.35535
Potomje,Suhopolje_2025-03-13_11-08_tf_1h,2021-12-04 18:00:00,282.7249,280.958
Potomje,Suhopolje_2025-03-13_11-08_tf_1h,2021-12-04 19:00:00,282.58875,283.27884
Potomje,Suhopolje_2025-03-13_11-08_tf_1h,2021-12-04 20:00:00,280.35208,282.45
Potomje,Suhopolje_2025-03-13_11-08_tf_1h,2021-12-04 21:00:00,281.24008,279.25656
Potomje,Suhopolje_2025-03-13_11-08_tf_1h,2021-12-04 22:00:00,281.64523,281.90167
Potomje,Suhopolje_2025-03-13_11-08_tf_1h,2021-12-04 23:00:00,281.99127,281.72342
Potomje,Suhopolje_2025-03-13_11-08_tf_1h,2021-12-05 00:00:00,282.41104,282.04224
Potomje,Suhopolje_2025-03-13_11-08_tf_1h,2021-12-05 01:00:00,282.6995,282.48715
Potomje,Suhopolje_2025-03-13_11-08_tf_1h,2021-12-05 02:00:00,282.9371,282.70135
Potomje,Suhopolje_2025-03-13_11-08_tf_1h,2021-12-05 03:00:00,283.0697,282.88364
Potomje,Suhopolje_2025-03-13_11-08_tf_1h,2021-12-05 04:00:00,283.3372,282.97836
Potomje,Suhopolje_2025-03-13_11-08_tf_1h,2021-12-05 05:00:00,283.09045,283.36862
Potomje,Suhopolje_2025-03-13_11-08_tf_1h,2021-12-05 06:00:00,283.65085,282.80823
Potomje,Suhopolje_2025-03-13_11-08_tf_1h,2021-12-05 07:00:00,284.00366,284.08453
Potomje,Suhopolje_2025-03-13_11-08_tf_1h,2021-12-05 08:00:00,284.8275,284.3692
Potomje,Suhopolje_2025-03-13_11-08_tf_1h,2021-12-05 09:00:00,285.37286,285.5182
Potomje,Suhopolje_2025-03-13_11-08_tf_1h,2021-12-05 10:00:00,285.8142,285.83395
Potomje,Suhopolje_2025-03-13_11-08_tf_1h,2021-12-05 11:00:00,286.05078,286.06168
Potomje,Suhopolje_2025-03-13_11-08_tf_1h,2021-12-05 12:00:00,286.36548,286.07697
Potomje,Suhopolje_2025-03-13_11-08_tf_1h,2021-12-05 13:00:00,286.50888,286.35477
Potomje,Suhopolje_2025-03-13_11-08_tf_1h,2021-12-05 14:00:00,286.5091,286.34045
Potomje,Suhopolje_2025-03-13_11-08_tf_1h,2021-12-05 15:00:00,286.0059,286.16232
Potomje,Suhopolje_2025-03-13_11-08_tf_1h,2021-12-05 16:00:00,285.54715,285.31088
Potomje,Suhopolje_2025-03-13_11-08_tf_1h,2021-12-05 17:00:00,284.78473,284.89084
Potomje,Suhopolje_2025-03-13_11-08_tf_1h,2021-12-05 18:00:00,284.4554,283.98605
Potomje,Suhopolje_2025-03-13_11-08_tf_1h,2021-12-05 19:00:00,283.74783,283.99142
Potomje,Suhopolje_2025-03-13_11-08_tf_1h,2021-12-05 20:00:00,283.66162,283.17477
Potomje,Suhopolje_2025-03-13_11-08_tf_1h,2021-12-05 21:00:00,283.8355,283.49603
Potomje,Suhopolje_2025-03-13_11-08_tf_1h,2021-12-05 22:00:00,283.7959,283.83582
Potomje,Suhopolje_2025-03-13_11-08_tf_1h,2021-12-05 23:00:00,282.97482,283.65637
Potomje,Suhopolje_2025-03-13_11-08_tf_1h,2021-12-06 00:00:00,282.82465,282.31152
Potomje,Suhopolje_2025-03-13_11-08_tf_1h,2021-12-06 01:00:00,282.64188,282.6776
Potomje,Suhopolje_2025-03-13_11-08_tf_1h,2021-12-06 02:00:00,282.05716,282.4591
Potomje,Suhopolje_2025-03-13_11-08_tf_1h,2021-12-06 03:00:00,282.11517,281.6391
Potomje,Suhopolje_2025-03-13_11-08_tf_1h,2021-12-06 04:00:00,281.69986,282.22122
Potomje,Suhopolje_2025-03-13_11-08_tf_1h,2021-12-06 05:00:00,281.69077,281.43506
Potomje,Suhopolje_2025-03-13_11-08_tf_1h,2021-12-06 06:00:00,281.7094,281.9086
Potomje,Suhopolje_2025-03-13_11-08_tf_1h,2021-12-06 07:00:00,281.4078,281.9037
Potomje,Suhopolje_2025-03-13_11-08_tf_1h,2021-12-06 08:00:00,281.09628,281.34866
Potomje,Suhopolje_2025-03-13_11-08_tf_1h,2021-12-06 09:00:00,281.6033,280.97873
Potomje,Suhopolje_2025-03-13_11-08_tf_1h,2021-12-06 10:00:00,282.2444,282.0885
Potomje,Suhopolje_2025-03-13_11-08_tf_1h,2021-12-06 11:00:00,282.63956,282.7693
Potomje,Suhopolje_2025-03-13_11-08_tf_1h,2021-12-06 12:00:00,282.51398,282.9605
Potomje,Suhopolje_2025-03-13_11-08_tf_1h,2021-12-06 13:00:00,282.4034,282.371
Potomje,Suhopolje_2025-03-13_11-08_tf_1h,2021-12-06 14:00:00,281.97922,282.19202
Potomje,Suhopolje_2025-03-13_11-08_tf_1h,2021-12-06 15:00:00,281.8926,281.58575
Potomje,Suhopolje_2025-03-13_11-08_tf_1h,2021-12-06 16:00:00,281.7414,281.74515
Potomje,Suhopolje_2025-03-13_11-08_tf_1h,2021-12-06 17:00:00,281.4006,281.59177
Potomje,Suhopolje_2025-03-13_11-08_tf_1h,2021-12-06 18:00:00,281.0607,281.10416
Potomje,Suhopolje_2025-03-13_11-08_tf_1h,2021-12-06 19:00:00,280.73752,280.7826
Potomje,Suhopolje_2025-03-13_11-08_tf_1h,2021-12-06 20:00:00,281.02512,280.51096
Potomje,Suhopolje_2025-03-13_11-08_tf_1h,2021-12-06 21:00:00,280.6458,281.234
Potomje,Suhopolje_2025-03-13_11-08_tf_1h,2021-12-06 22:00:00,280.24152,280.34204
Potomje,Suhopolje_2025-03-13_11-08_tf_1h,2021-12-06 23:00:00,280.19873,279.90912
Potomje,Suhopolje_2025-03-13_11-08_tf_1h,2021-12-07 00:00:00,279.97296,280.16327
Potomje,Suhopolje_2025-03-13_11-08_tf_1h,2021-12-07 01:00:00,279.86963,279.7601
Potomje,Suhopolje_2025-03-13_11-08_tf_1h,2021-12-07 02:00:00,279.67773,279.80203
Potomje,Suhopolje_2025-03-13_11-08_tf_1h,2021-12-07 03:00:00,279.44604,279.50546
Potomje,Suhopolje_2025-03-13_11-08_tf_1h,2021-12-07 04:00:00,279.24826,279.28613
Potomje,Suhopolje_2025-03-13_11-08_tf_1h,2021-12-07 05:00:00,279.00534,279.11508
Potomje,Suhopolje_2025-03-13_11-08_tf_1h,2021-12-07 06:00:00,278.8452,278.8436
Potomje,Suhopolje_2025-03-13_11-08_tf_1h,2021-12-07 07:00:00,278.622,278.80725
Potomje,Suhopolje_2025-03-13_11-08_tf_1h,2021-12-07 08:00:00,278.54132,278.5901
Potomje,Suhopolje_2025-03-13_11-08_tf_1h,2021-12-07 09:00:00,279.00278,278.61203
Potomje,Suhopolje_2025-03-13_11-08_tf_1h,2021-12-07 10:00:00,279.52484,279.42456
Potomje,Suhopolje_2025-03-13_11-08_tf_1h,2021-12-07 11:00:00,280.21356,279.97263
Potomje,Suhopolje_2025-03-13_11-08_tf_1h,2021-12-07 12:00:00,280.8254,280.75858
Potomje,Suhopolje_2025-03-13_11-08_tf_1h,2021-12-07 13:00:00,281.0463,281.28912
Potomje,Suhopolje_2025-03-13_11-08_tf_1h,2021-12-07 14:00:00,281.03635,281.2047
Potomje,Suhopolje_2025-03-13_11-08_tf_1h,2021-12-07 15:00:00,280.75574,280.96707
Potomje,Suhopolje_2025-03-13_11-08_tf_1h,2021-12-07 16:00:00,280.20807,280.46893
Potomje,Suhopolje_2025-03-13_11-08_tf_1h,2021-12-07 17:00:00,279.50577,279.72192
Potomje,Suhopolje_2025-03-13_11-08_tf_1h,2021-12-07 18:00:00,278.98224,278.93546
Potomje,Suhopolje_2025-03-13_11-08_tf_1h,2021-12-07 19:00:00,278.5894,278.6203
Potomje,Suhopolje_2025-03-13_11-08_tf_1h,2021-12-07 20:00:00,278.47226,278.28903
Potomje,Suhopolje_2025-03-13_11-08_tf_1h,2021-12-07 21:00:00,278.1639,278.39792
Potomje,Suhopolje_2025-03-13_11-08_tf_1h,2021-12-07 22:00:00,278.004,277.93173
Potomje,Suhopolje_2025-03-13_11-08_tf_1h,2021-12-07 23:00:00,277.91782,277.90198
Potomje,Suhopolje_2025-03-13_11-08_tf_1h,2021-12-08 00:00:00,277.72296,277.84097
Potomje,Suhopolje_2025-03-13_11-08_tf_1h,2021-12-08 01:00:00,277.31424,277.55997
Potomje,Suhopolje_2025-03-13_11-08_tf_1h,2021-12-08 02:00:00,276.84088,276.992
Potomje,Suhopolje_2025-03-13_11-08_tf_1h,2021-12-08 03:00:00,276.44803,276.49683
Potomje,Suhopolje_2025-03-13_11-08_tf_1h,2021-12-08 04:00:00,276.10727,276.1813
Potomje,Suhopolje_2025-03-13_11-08_tf_1h,2021-12-08 05:00:00,275.79764,275.88458
Potomje,Suhopolje_2025-03-13_11-08_tf_1h,2021-12-08 06:00:00,275.58203,275.62674
Potomje,Suhopolje_2025-03-13_11-08_tf_1h,2021-12-08 07:00:00,275.41577,275.59036
Potomje,Suhopolje_2025-03-13_11-08_tf_1h,2021-12-08 08:00:00,276.10492,275.61484
Potomje,Suhopolje_2025-03-13_11-08_tf_1h,2021-12-08 09:00:00,277.10794,276.9898
Potomje,Suhopolje_2025-03-13_11-08_tf_1h,2021-12-08 10:00:00,278.35577,277.98477
Potomje,Suhopolje_2025-03-13_11-08_tf_1h,2021-12-08 11:00:00,279.50577,279.3687
Potomje,Suhopolje_2025-03-13_11-08_tf_1h,2021-12-08 12:00:00,280.38107,280.3487
Potomje,Suhopolje_2025-03-13_11-08_tf_1h,2021-12-08 13:00:00,281.14435,280.9972
Potomje,Suhopolje_2025-03-13_11-08_tf_1h,2021-12-08 14:00:00,281.7022,281.63052
Potomje,Suhopolje_2025-03-13_11-08_tf_1h,2021-12-08 15:00:00,281.92776,281.99463
Potomje,Suhopolje_2025-03-13_11-08_tf_1h,2021-12-08 16:00:00,281.93896,281.96982
Potomje,Suhopolje_2025-03-13_11-08_tf_1h,2021-12-08 17:00:00,282.1946,281.811
Potomje,Suhopolje_2025-03-13_11-08_tf_1h,2021-12-08 18:00:00,282.50507,282.24005
Potomje,Suhopolje_2025-03-13_11-08_tf_1h,2021-12-08 19:00:00,282.76813,282.6382
Potomje,Suhopolje_2025-03-13_11-08_tf_1h,2021-12-08 20:00:00,282.9782,282.85687
Potomje,Suhopolje_2025-03-13_11-08_tf_1h,2021-12-08 21:00:00,282.88693,283.0169
Potomje,Suhopolje_2025-03-13_11-08_tf_1h,2021-12-08 22:00:00,283.04385,282.69507
Potomje,Suhopolje_2025-03-13_11-08_tf_1h,2021-12-08 23:00:00,283.36218,282.94208
Potomje,Suhopolje_2025-03-13_11-08_tf_1h,2021-12-09 00:00:00,283.7186,283.3715
Potomje,Suhopolje_2025-03-13_11-08_tf_1h,2021-12-09 01:00:00,283.9649,283.7433
Potomje,Suhopolje_2025-03-13_11-08_tf_1h,2021-12-09 02:00:00,284.35037,283.88553
Potomje,Suhopolje_2025-03-13_11-08_tf_1h,2021-12-09 03:00:00,284.65448,284.2994
Potomje,Suhopolje_2025-03-13_11-08_tf_1h,2021-12-09 04:00:00,284.91266,284.5468
Potomje,Suhopolje_2025-03-13_11-08_tf_1h,2021-12-09 05:00:00,284.7678,284.78433
Potomje,Suhopolje_2025-03-13_11-08_tf_1h,2021-12-09 06:00:00,284.96622,284.42004
Potomje,Suhopolje_2025-03-13_11-08_tf_1h,2021-12-09 07:00:00,285.0033,284.88214
Potomje,Suhopolje_2025-03-13_11-08_tf_1h,2021-12-09 08:00:00,285.22906,284.85138
Potomje,Suhopolje_2025-03-13_11-08_tf_1h,2021-12-09 09:00:00,284.90628,285.2344
Potomje,Suhopolje_2025-03-13_11-08_tf_1h,2021-12-09 10:00:00,284.59073,284.5505
Potomje,Suhopolje_2025-03-13_11-08_tf_1h,2021-12-09 11:00:00,284.49692,284.20135
Potomje,Suhopolje_2025-03-13_11-08_tf_1h,2021-12-09 12:00:00,284.17563,284.2819
Potomje,Suhopolje_2025-03-13_11-08_tf_1h,2021-12-09 13:00:00,283.87616,283.80365
Potomje,Suhopolje_2025-03-13_11-08_tf_1h,2021-12-09 14:00:00,283.693,283.53036
Potomje,Suhopolje_2025-03-13_11-08_tf_1h,2021-12-09 15:00:00,283.29144,283.4417
Potomje,Suhopolje_2025-03-13_11-08_tf_1h,2021-12-09 16:00:00,282.66266,282.9225
Potomje,Suhopolje_2025-03-13_11-08_tf_1h,2021-12-09 17:00:00,281.81467,282.16864
Potomje,Suhopolje_2025-03-13_11-08_tf_1h,2021-12-09 18:00:00,281.43112,281.1966
Potomje,Suhopolje_2025-03-13_11-08_tf_1h,2021-12-09 19:00:00,281.7022,281.16577
Potomje,Suhopolje_2025-03-13_11-08_tf_1h,2021-12-09 20:00:00,281.62213,281.8856
Potomje,Suhopolje_2025-03-13_11-08_tf_1h,2021-12-09 21:00:00,281.67847,281.4986
Potomje,Suhopolje_2025-03-13_11-08_tf_1h,2021-12-09 22:00:00,281.9214,281.72586
Potomje,Suhopolje_2025-03-13_11-08_tf_1h,2021-12-09 23:00:00,282.03958,282.10184
Potomje,Suhopolje_2025-03-13_11-08_tf_1h,2021-12-10 00:00:00,281.88412,282.14328
Potomje,Suhopolje_2025-03-13_11-08_tf_1h,2021-12-10 01:00:00,281.92627,281.84076
Potomje,Suhopolje_2025-03-13_11-08_tf_1h,2021-12-10 02:00:00,281.83667,282.01508
Potomje,Suhopolje_2025-03-13_11-08_tf_1h,2021-12-10 03:00:00,281.67276,281.8378
Potomje,Suhopolje_2025-03-13_11-08_tf_1h,2021-12-10 04:00:00,281.03296,281.5821
Potomje,Suhopolje_2025-03-13_11-08_tf_1h,2021-12-10 05:00:00,280.95905,280.61652
Potomje,Suhopolje_2025-03-13_11-08_tf_1h,2021-12-10 06:00:00,280.60007,280.96616
Potomje,Suhopolje_2025-03-13_11-08_tf_1h,2021-12-10 07:00:00,280.56512,280.36072
Potomje,Suhopolje_2025-03-13_11-08_tf_1h,2021-12-10 08:00:00,280.66064,280.57047
Potomje,Suhopolje_2025-03-13_11-08_tf_1h,2021-12-10 09:00:00,281.433,280.74002
Potomje,Suhopolje_2025-03-13_11-08_tf_1h,2021-12-10 10:00:00,281.80005,282.00244
Potomje,Suhopolje_2025-03-13_11-08_tf_1h,2021-12-10 11:00:00,282.43137,282.14474
Potomje,Suhopolje_2025-03-13_11-08_tf_1h,2021-12-10 12:00:00,282.68085,282.8447
Potomje,Suhopolje_2025-03-13_11-08_tf_1h,2021-12-10 13:00:00,282.35535,282.8413
Potomje,Suhopolje_2025-03-13_11-08_tf_1h,2021-12-10 14:00:00,282.3384,282.02112
Potomje,Suhopolje_2025-03-13_11-08_tf_1h,2021-12-10 15:00:00,282.26874,282.11917
Potomje,Suhopolje_2025-03-13_11-08_tf_1h,2021-12-10 16:00:00,281.78098,282.08423
Potomje,Suhopolje_2025-03-13_11-08_tf_1h,2021-12-10 17:00:00,281.42877,281.34607
Potomje,Suhopolje_2025-03-13_11-08_tf_1h,2021-12-10 18:00:00,281.50247,281.12158
Potomje,Suhopolje_2025-03-13_11-08_tf_1h,2021-12-10 19:00:00,281.7903,281.5392
Potomje,Suhopolje_2025-03-13_11-08_tf_1h,2021-12-10 20:00:00,281.3894,281.97183
Potomje,Suhopolje_2025-03-13_11-08_tf_1h,2021-12-10 21:00:00,281.72275,281.15225
Potomje,Suhopolje_2025-03-13_11-08_tf_1h,2021-12-10 22:00:00,282.12534,281.88956
Potomje,Suhopolje_2025-03-13_11-08_tf_1h,2021-12-10 23:00:00,282.27295,282.38446
Potomje,Suhopolje_2025-03-13_11-08_tf_1h,2021-12-11 00:00:00,282.17764,282.36536
Potomje,Suhopolje_2025-03-13_11-08_tf_1h,2021-12-11 01:00:00,281.81085,282.01776
Potomje,Suhopolje_2025-03-13_11-08_tf_1h,2021-12-11 02:00:00,281.63083,281.39557
Potomje,Suhopolje_2025-03-13_11-08_tf_1h,2021-12-11 03:00:00,281.5783,281.40622
Potomje,Suhopolje_2025-03-13_11-08_tf_1h,2021-12-11 04:00:00,280.87943,281.46323
Potomje,Suhopolje_2025-03-13_11-08_tf_1h,2021-12-11 05:00:00,280.45923,280.30972
Potomje,Suhopolje_2025-03-13_11-08_tf_1h,2021-12-11 06:00:00,280.5323,280.19534
Potomje,Suhopolje_2025-03-13_11-08_tf_1h,2021-12-11 07:00:00,280.3309,280.64886
Potomje,Suhopolje_2025-03-13_11-08_tf_1h,2021-12-11 08:00:00,280.64075,280.2513
Potomje,Suhopolje_2025-03-13_11-08_tf_1h,2021-12-11 09:00:00,280.87646,280.93805
Potomje,Suhopolje_2025-03-13_11-08_tf_1h,2021-12-11 10:00:00,281.43558,281.1094
Potomje,Suhopolje_2025-03-13_11-08_tf_1h,2021-12-11 11:00:00,282.1607,281.84235
Potomje,Suhopolje_2025-03-13_11-08_tf_1h,2021-12-11 12:00:00,282.79416,282.69412
Potomje,Suhopolje_2025-03-13_11-08_tf_1h,2021-12-11 13:00:00,282.9172,283.26422
Potomje,Suhopolje_2025-03-13_11-08_tf_1h,2021-12-11 14:00:00,282.8594,282.96353
Potomje,Suhopolje_2025-03-13_11-08_tf_1h,2021-12-11 15:00:00,282.47372,282.6742
Potomje,Suhopolje_2025-03-13_11-08_tf_1h,2021-12-11 16:00:00,281.7312,282.07507
Potomje,Suhopolje_2025-03-13_11-08_tf_1h,2021-12-11 17:00:00,280.94443,281.1026
Potomje,Suhopolje_2025-03-13_11-08_tf_1h,2021-12-11 18:00:00,280.5283,280.34604
Potomje,Suhopolje_2025-03-13_11-08_tf_1h,2021-12-11 19:00:00,280.42047,280.2355
Potomje,Suhopolje_2025-03-13_11-08_tf_1h,2021-12-11 20:00:00,279.8241,280.3816
Potomje,Suhopolje_2025-03-13_11-08_tf_1h,2021-12-11 21:00:00,280.13754,279.417
Potomje,Suhopolje_2025-03-13_11-08_tf_1h,2021-12-11 22:00:00,280.3148,280.41974
Potomje,Suhopolje_2025-03-13_11-08_tf_1h,2021-12-11 23:00:00,280.41623,280.37585
Potomje,Suhopolje_2025-03-13_11-08_tf_1h,2021-12-12 00:00:00,280.26312,280.44125
Potomje,Suhopolje_2025-03-13_11-08_tf_1h,2021-12-12 01:00:00,280.1981,280.0773
Potomje,Suhopolje_2025-03-13_11-08_tf_1h,2021-12-12 02:00:00,280.2485,280.09637
Potomje,Suhopolje_2025-03-13_11-08_tf_1h,2021-12-12 03:00:00,280.15573,280.21982
Potomje,Suhopolje_2025-03-13_11-08_tf_1h,2021-12-12 04:00:00,279.85077,280.03162
Potomje,Suhopolje_2025-03-13_11-08_tf_1h,2021-12-12 05:00:00,279.5873,279.6262
Potomje,Suhopolje_2025-03-13_11-08_tf_1h,2021-12-12 06:00:00,279.44098,279.44296
Potomje,Suhopolje_2025-03-13_11-08_tf_1h,2021-12-12 07:00:00,279.31454,279.48242
Potomje,Suhopolje_2025-03-13_11-08_tf_1h,2021-12-12 08:00:00,279.48502,279.3794
Potomje,Suhopolje_2025-03-13_11-08_tf_1h,2021-12-12 09:00:00,279.222,279.77457
Potomje,Suhopolje_2025-03-13_11-08_tf_1h,2021-12-12 10:00:00,278.9401,279.17825
Potomje,Suhopolje_2025-03-13_11-08_tf_1h,2021-12-12 11:00:00,278.7154,278.77878
Potomje,Suhopolje_2025-03-13_11-08_tf_1h,2021-12-12 12:00:00,278.5915,278.57944
Potomje,Suhopolje_2025-03-13_11-08_tf_1h,2021-12-12 13:00:00,278.59552,278.50638
Potomje,Suhopolje_2025-03-13_11-08_tf_1h,2021-12-12 14:00:00,278.67685,278.57376
Potomje,Suhopolje_2025-03-13_11-08_tf_1h,2021-12-12 15:00:00,278.7607,278.68674
Potomje,Suhopolje_2025-03-13_11-08_tf_1h,2021-12-12 16:00:00,278.79376,278.77435
Potomje,Suhopolje_2025-03-13_11-08_tf_1h,2021-12-12 17:00:00,278.81854,278.7909
Potomje,Suhopolje_2025-03-13_11-08_tf_1h,2021-12-12 18:00:00,278.79883,278.82135
Potomje,Suhopolje_2025-03-13_11-08_tf_1h,2021-12-12 19:00:00,278.7891,278.77582
Potomje,Suhopolje_2025-03-13_11-08_tf_1h,2021-12-12 20:00:00,279.44604,278.8279
Potomje,Suhopolje_2025-03-13_11-08_tf_1h,2021-12-12 21:00:00,279.36728,279.97113
Potomje,Suhopolje_2025-03-13_11-08_tf_1h,2021-12-12 22:00:00,279.1915,279.40182
Potomje,Suhopolje_2025-03-13_11-08_tf_1h,2021-12-12 23:00:00,279.0081,279.02682
Potomje,Suhopolje_2025-03-13_11-08_tf_1h,2021-12-13 00:00:00,278.82022,278.84537
Potomje,Suhopolje_2025-03-13_11-08_tf_1h,2021-12-13 01:00:00,278.73953,278.66385
Potomje,Suhopolje_2025-03-13_11-08_tf_1h,2021-12-13 02:00:00,278.7349,278.67
Potomje,Suhopolje_2025-03-13_11-08_tf_1h,2021-12-13 03:00:00,278.67072,278.7195
Potomje,Suhopolje_2025-03-13_11-08_tf_1h,2021-12-13 04:00:00,278.5824,278.60544
Potomje,Suhopolje_2025-03-13_11-08_tf_1h,2021-12-13 05:00:00,278.37378,278.50446
Potomje,Suhopolje_2025-03-13_11-08_tf_1h,2021-12-13 06:00:00,278.18616,278.21274
Potomje,Suhopolje_2025-03-13_11-08_tf_1h,2021-12-13 07:00:00,278.06226,278.05838
Potomje,Suhopolje_2025-03-13_11-08_tf_1h,2021-12-13 08:00:00,278.978,277.96097
Potomje,Suhopolje_2025-03-13_11-08_tf_1h,2021-12-13 09:00:00,279.80078,279.67703
Potomje,Suhopolje_2025-03-13_11-08_tf_1h,2021-12-13 10:00:00,280.67484,280.41068
Potomje,Suhopolje_2025-03-13_11-08_tf_1h,2021-12-13 11:00:00,281.43875,281.34485
Potomje,Suhopolje_2025-03-13_11-08_tf_1h,2021-12-13 12:00:00,282.0434,282.01385
Potomje,Suhopolje_2025-03-13_11-08_tf_1h,2021-12-13 13:00:00,282.48495,282.4656
Potomje,Suhopolje_2025-03-13_11-08_tf_1h,2021-12-13 14:00:00,282.78464,282.7538
Potomje,Suhopolje_2025-03-13_11-08_tf_1h,2021-12-13 15:00:00,282.75497,282.92606
Potomje,Suhopolje_2025-03-13_11-08_tf_1h,2021-12-13 16:00:00,282.35873,282.64407
Potomje,Suhopolje_2025-03-13_11-08_tf_1h,2021-12-13 17:00:00,281.80597,281.95807
Potomje,Suhopolje_2025-03-13_11-08_tf_1h,2021-12-13 18:00:00,281.3608,281.27164
Potomje,Suhopolje_2025-03-13_11-08_tf_1h,2021-12-13 19:00:00,280.85907,280.94376
Potomje,Suhopolje_2025-03-13_11-08_tf_1h,2021-12-13 20:00:00,280.27054,280.4122
Potomje,Suhopolje_2025-03-13_11-08_tf_1h,2021-12-13 21:00:00,279.90985,279.7829
Potomje,Suhopolje_2025-03-13_11-08_tf_1h,2021-12-13 22:00:00,279.50812,279.6095
Potomje,Suhopolje_2025-03-13_11-08_tf_1h,2021-12-13 23:00:00,279.13748,279.18228
Potomje,Suhopolje_2025-03-13_11-08_tf_1h,2021-12-14 00:00:00,278.74927,278.85718
Potomje,Suhopolje_2025-03-13_11-08_tf_1h,2021-12-14 01:00:00,278.44727,278.44397
Potomje,Suhopolje_2025-03-13_11-08_tf_1h,2021-12-14 02:00:00,278.17026,278.19943
Potomje,Suhopolje_2025-03-13_11-08_tf_1h,2021-12-14 03:00:00,278.0218,277.92633
Potomje,Suhopolje_2025-03-13_11-08_tf_1h,2021-12-14 04:00:00,277.96524,277.87027
Potomje,Suhopolje_2025-03-13_11-08_tf_1h,2021-12-14 05:00:00,278.05377,277.88745
Potomje,Suhopolje_2025-03-13_11-08_tf_1h,2021-12-14 06:00:00,278.21664,278.15994
Potomje,Suhopolje_2025-03-13_11-08_tf_1h,2021-12-14 07:00:00,278.36044,278.64777
Potomje,Suhopolje_2025-03-13_11-08_tf_1h,2021-12-14 08:00:00,279.3946,278.82925
Potomje,Suhopolje_2025-03-13_11-08_tf_1h,2021-12-14 09:00:00,279.91855,280.50433
Potomje,Suhopolje_2025-03-13_11-08_tf_1h,2021-12-14 10:00:00,280.8809,280.48273
Potomje,Suhopolje_2025-03-13_11-08_tf_1h,2021-12-14 11:00:00,281.84326,281.6374
Potomje,Suhopolje_2025-03-13_11-08_tf_1h,2021-12-14 12:00:00,282.64972,282.55148
Potomje,Suhopolje_2025-03-13_11-08_tf_1h,2021-12-14 13:00:00,283.1906,283.2166
Potomje,Suhopolje_2025-03-13_11-08_tf_1h,2021-12-14 14:00:00,283.4954,283.56152
Potomje,Suhopolje_2025-03-13_11-08_tf_1h,2021-12-14 15:00:00,283.39096,283.6265
Potomje,Suhopolje_2025-03-13_11-08_tf_1h,2021-12-14 16:00:00,282.87738,283.15836
Potomje,Suhopolje_2025-03-13_11-08_tf_1h,2021-12-14 17:00:00,282.16727,282.30127
Potomje,Suhopolje_2025-03-13_11-08_tf_1h,2021-12-14 18:00:00,281.45886,281.40698
Potomje,Suhopolje_2025-03-13_11-08_tf_1h,2021-12-14 19:00:00,280.70087,280.78217
Potomje,Suhopolje_2025-03-13_11-08_tf_1h,2021-12-14 20:00:00,280.466,280.0519
Potomje,Suhopolje_2025-03-13_11-08_tf_1h,2021-12-14 21:00:00,279.9988,280.2158
Potomje,Suhopolje_2025-03-13_11-08_tf_1h,2021-12-14 22:00:00,279.52335,279.576
Potomje,Suhopolje_2025-03-13_11-08_tf_1h,2021-12-14 23:00:00,279.19128,279.13174
Potomje,Suhopolje_2025-03-13_11-08_tf_1h,2021-12-15 00:00:00,278.9687,278.8944
Potomje,Suhopolje_2025-03-13_11-08_tf_1h,2021-12-15 01:00:00,278.80582,278.7563
Potomje,Suhopolje_2025-03-13_11-08_tf_1h,2021-12-15 02:00:00,278.54407,278.63837
Potomje,Suhopolje_2025-03-13_11-08_tf_1h,2021-12-15 03:00:00,278.26303,278.2994
Potomje,Suhopolje_2025-03-13_11-08_tf_1h,2021-12-15 04:00:00,277.96185,278.0308
Potomje,Suhopolje_2025-03-13_11-08_tf_1h,2021-12-15 05:00:00,277.68338,277.76114
Potomje,Suhopolje_2025-03-13_11-08_tf_1h,2021-12-15 06:00:00,277.47433,277.624
Potomje,Suhopolje_2025-03-13_11-08_tf_1h,2021-12-15 07:00:00,277.3314,277.7748
Potomje,Suhopolje_2025-03-13_11-08_tf_1h,2021-12-15 08:00:00,278.1516,277.70343
Potomje,Suhopolje_2025-03-13_11-08_tf_1h,2021-12-15 09:00:00,279.12964,279.3246
Potomje,Suhopolje_2025-03-13_11-08_tf_1h,2021-12-15 10:00:00,280.5541,280.0583
Potomje,Suhopolje_2025-03-13_11-08_tf_1h,2021-12-15 11:00:00,281.78522,281.6364
Potomje,Suhopolje_2025-03-13_11-08_tf_1h,2021-12-15 12:00:00,282.75055,282.64548
Potomje,Suhopolje_2025-03-13_11-08_tf_1h,2021-12-15 13:00:00,283.29312,283.4239
Potomje,Suhopolje_2025-03-13_11-08_tf_1h,2021-12-15 14:00:00,283.57205,283.66284
Potomje,Suhopolje_2025-03-13_11-08_tf_1h,2021-12-15 15:00:00,283.48712,283.69785
Potomje,Suhopolje_2025-03-13_11-08_tf_1h,2021-12-15 16:00:00,283.0496,283.23035
Potomje,Suhopolje_2025-03-13_11-08_tf_1h,2021-12-15 17:00:00,282.34073,282.50174
Potomje,Suhopolje_2025-03-13_11-08_tf_1h,2021-12-15 18:00:00,281.85236,281.5806
Potomje,Suhopolje_2025-03-13_11-08_tf_1h,2021-12-15 19:00:00,281.46796,281.32465
Potomje,Suhopolje_2025-03-13_11-08_tf_1h,2021-12-15 20:00:00,281.5796,281.05478
Potomje,Suhopolje_2025-03-13_11-08_tf_1h,2021-12-15 21:00:00,281.15707,281.5392
Potomje,Suhopolje_2025-03-13_11-08_tf_1h,2021-12-15 22:00:00,280.81693,280.73425
Potomje,Suhopolje_2025-03-13_11-08_tf_1h,2021-12-15 23:00:00,280.75955,280.47986
Potomje,Suhopolje_2025-03-13_11-08_tf_1h,2021-12-16 00:00:00,280.3652,280.63995
Potomje,Suhopolje_2025-03-13_11-08_tf_1h,2021-12-16 01:00:00,279.86792,279.99753
Potomje,Suhopolje_2025-03-13_11-08_tf_1h,2021-12-16 02:00:00,279.36707,279.4552
Potomje,Suhopolje_2025-03-13_11-08_tf_1h,2021-12-16 03:00:00,278.95578,278.9472
Potomje,Suhopolje_2025-03-13_11-08_tf_1h,2021-12-16 04:00:00,278.70947,278.62265
Potomje,Suhopolje_2025-03-13_11-08_tf_1h,2021-12-16 05:00:00,278.46295,278.51813
Potomje,Suhopolje_2025-03-13_11-08_tf_1h,2021-12-16 06:00:00,278.44113,278.2913
Potomje,Suhopolje_2025-03-13_11-08_tf_1h,2021-12-16 07:00:00,278.169,278.6462
Potomje,Suhopolje_2025-03-13_11-08_tf_1h,2021-12-16 08:00:00,278.75204,278.35138
Potomje,Suhopolje_2025-03-13_11-08_tf_1h,2021-12-16 09:00:00,279.74487,279.80667
Potomje,Suhopolje_2025-03-13_11-08_tf_1h,2021-12-16 10:00:00,280.91562,280.6725
Potomje,Suhopolje_2025-03-13_11-08_tf_1h,2021-12-16 11:00:00,281.9339,281.90945
Potomje,Suhopolje_2025-03-13_11-08_tf_1h,2021-12-16 12:00:00,282.73804,282.6868
Potomje,Suhopolje_2025-03-13_11-08_tf_1h,2021-12-16 13:00:00,283.33063,283.31378
Potomje,Suhopolje_2025-03-13_11-08_tf_1h,2021-12-16 14:00:00,283.63327,283.7287
Potomje,Suhopolje_2025-03-13_11-08_tf_1h,2021-12-16 15:00:00,283.59006,283.75037
Potomje,Suhopolje_2025-03-13_11-08_tf_1h,2021-12-16 16:00:00,283.2137,283.40216
Potomje,Suhopolje_2025-03-13_11-08_tf_1h,2021-12-16 17:00:00,282.56693,282.7694
Potomje,Suhopolje_2025-03-13_11-08_tf_1h,2021-12-16 18:00:00,281.97073,281.91452
Potomje,Suhopolje_2025-03-13_11-08_tf_1h,2021-12-16 19:00:00,281.51096,281.36743
Potomje,Suhopolje_2025-03-13_11-08_tf_1h,2021-12-16 20:00:00,280.8828,281.0709
Potomje,Suhopolje_2025-03-13_11-08_tf_1h,2021-12-16 21:00:00,280.31714,280.3366
Potomje,Suhopolje_2025-03-13_11-08_tf_1h,2021-12-16 22:00:00,279.73154,279.85025
Potomje,Suhopolje_2025-03-13_11-08_tf_1h,2021-12-16 23:00:00,280.21674,279.24786
Potomje,Suhopolje_2025-03-13_11-08_tf_1h,2021-12-17 00:00:00,280.68033,280.5033
Potomje,Suhopolje_2025-03-13_11-08_tf_1h,2021-12-17 01:00:00,280.44208,280.88235
Potomje,Suhopolje_2025-03-13_11-08_tf_1h,2021-12-17 02:00:00,280.24405,280.1505
Potomje,Suhopolje_2025-03-13_11-08_tf_1h,2021-12-17 03:00:00,279.96683,280.0127
Potomje,Suhopolje_2025-03-13_11-08_tf_1h,2021-12-17 04:00:00,279.77728,279.69113
Potomje,Suhopolje_2025-03-13_11-08_tf_1h,2021-12-17 05:00:00,279.67648,279.61816
Potomje,Suhopolje_2025-03-13_11-08_tf_1h,2021-12-17 06:00:00,279.68433,279.62503
Potomje,Suhopolje_2025-03-13_11-08_tf_1h,2021-12-17 07:00:00,279.75864,279.87906
Potomje,Suhopolje_2025-03-13_11-08_tf_1h,2021-12-17 08:00:00,280.09583,280.16922
Potomje,Suhopolje_2025-03-13_11-08_tf_1h,2021-12-17 09:00:00,281.13525,280.64917
Potomje,Suhopolje_2025-03-13_11-08_tf_1h,2021-12-17 10:00:00,282.39938,282.07132
Potomje,Suhopolje_2025-03-13_11-08_tf_1h,2021-12-17 11:00:00,283.39267,283.3908
Potomje,Suhopolje_2025-03-13_11-08_tf_1h,2021-12-17 12:00:00,283.99033,284.13257
Potomje,Suhopolje_2025-03-13_11-08_tf_1h,2021-12-17 13:00:00,284.20996,284.4454
Potomje,Suhopolje_2025-03-13_11-08_tf_1h,2021-12-17 14:00:00,284.23154,284.33557
Potomje,Suhopolje_2025-03-13_11-08_tf_1h,2021-12-17 15:00:00,283.98145,284.0648
Potomje,Suhopolje_2025-03-13_11-08_tf_1h,2021-12-17 16:00:00,283.29843,283.57626
Potomje,Suhopolje_2025-03-13_11-08_tf_1h,2021-12-17 17:00:00,282.5523,282.55966
Potomje,Suhopolje_2025-03-13_11-08_tf_1h,2021-12-17 18:00:00,281.95062,281.79318
Potomje,Suhopolje_2025-03-13_11-08_tf_1h,2021-12-17 19:00:00,281.42413,281.37772
Potomje,Suhopolje_2025-03-13_11-08_tf_1h,2021-12-17 20:00:00,281.6518,280.9363
Potomje,Suhopolje_2025-03-13_11-08_tf_1h,2021-12-17 21:00:00,281.1717,281.74188
Potomje,Suhopolje_2025-03-13_11-08_tf_1h,2021-12-17 22:00:00,280.6204,280.78314
Potomje,Suhopolje_2025-03-13_11-08_tf_1h,2021-12-17 23:00:00,280.1168,280.20132
Potomje,Suhopolje_2025-03-13_11-08_tf_1h,2021-12-18 00:00:00,279.64725,279.70123
Potomje,Suhopolje_2025-03-13_11-08_tf_1h,2021-12-18 01:00:00,279.2995,279.26447
Potomje,Suhopolje_2025-03-13_11-08_tf_1h,2021-12-18 02:00:00,279.11884,279.0078
Potomje,Suhopolje_2025-03-13_11-08_tf_1h,2021-12-18 03:00:00,278.9924,278.94592
Potomje,Suhopolje_2025-03-13_11-08_tf_1h,2021-12-18 04:00:00,278.95874,278.84534
Potomje,Suhopolje_2025-03-13_11-08_tf_1h,2021-12-18 05:00:00,278.83527,278.90408
Potomje,Suhopolje_2025-03-13_11-08_tf_1h,2021-12-18 06:00:00,278.7027,278.78848
Potomje,Suhopolje_2025-03-13_11-08_tf_1h,2021-12-18 07:00:00,278.59067,278.9516
Potomje,Suhopolje_2025-03-13_11-08_tf_1h,2021-12-18 08:00:00,279.25143,279.05273
Potomje,Suhopolje_2025-03-13_11-08_tf_1h,2021-12-18 09:00:00,279.79083,280.16418
Potomje,Suhopolje_2025-03-13_11-08_tf_1h,2021-12-18 10:00:00,280.35864,280.34326
Potomje,Suhopolje_2025-03-13_11-08_tf_1h,2021-12-18 11:00:00,280.84637,280.83972
Potomje,Suhopolje_2025-03-13_11-08_tf_1h,2021-12-18 12:00:00,281.21637,281.20905
Potomje,Suhopolje_2025-03-13_11-08_tf_1h,2021-12-18 13:00:00,281.47263,281.44403
Potomje,Suhopolje_2025-03-13_11-08_tf_1h,2021-12-18 14:00:00,281.4883,281.57965
Potomje,Suhopolje_2025-03-13_11-08_tf_1h,2021-12-18 15:00:00,281.21783,281.40604
Potomje,Suhopolje_2025-03-13_11-08_tf_1h,2021-12-18 16:00:00,280.63882,280.9173
Potomje,Suhopolje_2025-03-13_11-08_tf_1h,2021-12-18 17:00:00,280.03885,280.11075
Potomje,Suhopolje_2025-03-13_11-08_tf_1h,2021-12-18 18:00:00,279.6443,279.5047
Potomje,Suhopolje_2025-03-13_11-08_tf_1h,2021-12-18 19:00:00,279.30203,279.33743
Potomje,Suhopolje_2025-03-13_11-08_tf_1h,2021-12-18 20:00:00,279.2101,278.9968
Potomje,Suhopolje_2025-03-13_11-08_tf_1h,2021-12-18 21:00:00,279.0212,279.10406
Potomje,Suhopolje_2025-03-13_11-08_tf_1h,2021-12-18 22:00:00,278.8088,278.8291
Potomje,Suhopolje_2025-03-13_11-08_tf_1h,2021-12-18 23:00:00,278.4746,278.62604
Potomje,Suhopolje_2025-03-13_11-08_tf_1h,2021-12-19 00:00:00,277.95615,278.2051
Potomje,Suhopolje_2025-03-13_11-08_tf_1h,2021-12-19 01:00:00,277.26172,277.5745
Potomje,Suhopolje_2025-03-13_11-08_tf_1h,2021-12-19 02:00:00,276.65686,276.76425
Potomje,Suhopolje_2025-03-13_11-08_tf_1h,2021-12-19 03:00:00,276.3358,276.2567
Potomje,Suhopolje_2025-03-13_11-08_tf_1h,2021-12-19 04:00:00,276.28494,276.144
Potomje,Suhopolje_2025-03-13_11-08_tf_1h,2021-12-19 05:00:00,276.3252,276.2806
Potomje,Suhopolje_2025-03-13_11-08_tf_1h,2021-12-19 06:00:00,276.34235,276.41406
Potomje,Suhopolje_2025-03-13_11-08_tf_1h,2021-12-19 07:00:00,276.3574,276.59567
Potomje,Suhopolje_2025-03-13_11-08_tf_1h,2021-12-19 08:00:00,276.86377,276.633
Potomje,Suhopolje_2025-03-13_11-08_tf_1h,2021-12-19 09:00:00,277.69098,277.52924
Potomje,Suhopolje_2025-03-13_11-08_tf_1h,2021-12-19 10:00:00,279.06717,278.42572
Potomje,Suhopolje_2025-03-13_11-08_tf_1h,2021-12-19 11:00:00,280.42386,280.15024
Potomje,Suhopolje_2025-03-13_11-08_tf_1h,2021-12-19 12:00:00,281.68378,281.36328
Potomje,Suhopolje_2025-03-13_11-08_tf_1h,2021-12-19 13:00:00,282.7141,282.53586
Potomje,Suhopolje_2025-03-13_11-08_tf_1h,2021-12-19 14:00:00,283.43503,283.39688
Potomje,Suhopolje_2025-03-13_11-08_tf_1h,2021-12-19 15:00:00,283.78638,283.91183
Potomje,Suhopolje_2025-03-13_11-08_tf_1h,2021-12-19 16:00:00,283.74295,284.0287
Potomje,Suhopolje_2025-03-13_11-08_tf_1h,2021-12-19 17:00:00,283.4831,283.5967
Potomje,Suhopolje_2025-03-13_11-08_tf_1h,2021-12-19 18:00:00,283.22855,283.0891
Potomje,Suhopolje_2025-03-13_11-08_tf_1h,2021-12-19 19:00:00,282.81937,282.819
Potomje,Suhopolje_2025-03-13_11-08_tf_1h,2021-12-19 20:00:00,282.55908,282.3015
Potomje,Suhopolje_2025-03-13_11-08_tf_1h,2021-12-19 21:00:00,281.89767,282.13943
Potomje,Suhopolje_2025-03-13_11-08_tf_1h,2021-12-19 22:00:00,281.29196,281.23315
Potomje,Suhopolje_2025-03-13_11-08_tf_1h,2021-12-19 23:00:00,280.66785,280.71512
Potomje,Suhopolje_2025-03-13_11-08_tf_1h,2021-12-20 00:00:00,280.08417,280.1023
Potomje,Suhopolje_2025-03-13_11-08_tf_1h,2021-12-20 01:00:00,279.66693,279.5862
Potomje,Suhopolje_2025-03-13_11-08_tf_1h,2021-12-20 02:00:00,279.524,279.32104
Potomje,Suhopolje_2025-03-13_11-08_tf_1h,2021-12-20 03:00:00,279.50156,279.37994
Potomje,Suhopolje_2025-03-13_11-08_tf_1h,2021-12-20 04:00:00,279.21902,279.42346
Potomje,Suhopolje_2025-03-13_11-08_tf_1h,2021-12-20 05:00:00,278.79037,278.94138
Potomje,Suhopolje_2025-03-13_11-08_tf_1h,2021-12-20 06:00:00,278.493,278.45966
Potomje,Suhopolje_2025-03-13_11-08_tf_1h,2021-12-20 07:00:00,278.20773,278.36597
Potomje,Suhopolje_2025-03-13_11-08_tf_1h,2021-12-20 08:00:00,278.62115,278.2566
Potomje,Suhopolje_2025-03-13_11-08_tf_1h,2021-12-20 09:00:00,279.2603,279.61395
Potomje,Suhopolje_2025-03-13_11-08_tf_1h,2021-12-20 10:00:00,281.20325,280.16922
Potomje,Suhopolje_2025-03-13_11-08_tf_1h,2021-12-20 11:00:00,282.90555,282.80377
Potomje,Suhopolje_2025-03-13_11-08_tf_1h,2021-12-20 12:00:00,283.3145,284.09702
Potomje,Suhopolje_2025-03-13_11-08_tf_1h,2021-12-20 13:00:00,283.41235,283.76706
Potomje,Suhopolje_2025-03-13_11-08_tf_1h,2021-12-20 14:00:00,283.40134,283.58328
Potomje,Suhopolje_2025-03-13_11-08_tf_1h,2021-12-20 15:00:00,283.08154,283.28098
Potomje,Suhopolje_2025-03-13_11-08_tf_1h,2021-12-20 16:00:00,282.34116,282.70132
Potomje,Suhopolje_2025-03-13_11-08_tf_1h,2021-12-20 17:00:00,281.5673,281.62888
Potomje,Suhopolje_2025-03-13_11-08_tf_1h,2021-12-20 18:00:00,280.8218,280.82425
Potomje,Suhopolje_2025-03-13_11-08_tf_1h,2021-12-20 19:00:00,280.01596,280.19205
Potomje,Suhopolje_2025-03-13_11-08_tf_1h,2021-12-20 20:00:00,279.36072,279.34625
Potomje,Suhopolje_2025-03-13_11-08_tf_1h,2021-12-20 21:00:00,278.75775,278.8375
Potomje,Suhopolje_2025-03-13_11-08_tf_1h,2021-12-20 22:00:00,278.1459,278.28607
Potomje,Suhopolje_2025-03-13_11-08_tf_1h,2021-12-20 23:00:00,277.6643,277.68732
Potomje,Suhopolje_2025-03-13_11-08_tf_1h,2021-12-21 00:00:00,277.3013,277.31253
Potomje,Suhopolje_2025-03-13_11-08_tf_1h,2021-12-21 01:00:00,276.99295,277.0289
Potomje,Suhopolje_2025-03-13_11-08_tf_1h,2021-12-21 02:00:00,276.7689,276.73615
Potomje,Suhopolje_2025-03-13_11-08_tf_1h,2021-12-21 03:00:00,276.60834,276.55322
Potomje,Suhopolje_2025-03-13_11-08_tf_1h,2021-12-21 04:00:00,276.41394,276.44247
Potomje,Suhopolje_2025-03-13_11-08_tf_1h,2021-12-21 05:00:00,276.23624,276.29474
Potomje,Suhopolje_2025-03-13_11-08_tf_1h,2021-12-21 06:00:00,276.03842,276.3263
Potomje,Suhopolje_2025-03-13_11-08_tf_1h,2021-12-21 07:00:00,275.80548,276.55746
Potomje,Suhopolje_2025-03-13_11-08_tf_1h,2021-12-21 08:00:00,276.47195,276.56653
Potomje,Suhopolje_2025-03-13_11-08_tf_1h,2021-12-21 09:00:00,277.38263,277.8062
Potomje,Suhopolje_2025-03-13_11-08_tf_1h,2021-12-21 10:00:00,278.53708,278.3179
Potomje,Suhopolje_2025-03-13_11-08_tf_1h,2021-12-21 11:00:00,279.00153,279.4591
Potomje,Suhopolje_2025-03-13_11-08_tf_1h,2021-12-21 12:00:00,279.32578,279.32822
Potomje,Suhopolje_2025-03-13_11-08_tf_1h,2021-12-21 13:00:00,279.59918,279.4632
Potomje,Suhopolje_2025-03-13_11-08_tf_1h,2021-12-21 14:00:00,279.783,279.68774
Potomje,Suhopolje_2025-03-13_11-08_tf_1h,2021-12-21 15:00:00,279.72476,279.80386
Potomje,Suhopolje_2025-03-13_11-08_tf_1h,2021-12-21 16:00:00,279.46512,279.57498
Potomje,Suhopolje_2025-03-13_11-08_tf_1h,2021-12-21 17:00:00,278.6904,279.15643
Potomje,Suhopolje_2025-03-13_11-08_tf_1h,2021-12-21 18:00:00,278.0739,278.0134
Potomje,Suhopolje_2025-03-13_11-08_tf_1h,2021-12-21 19:00:00,277.58743,277.54227
Potomje,Suhopolje_2025-03-13_11-08_tf_1h,2021-12-21 20:00:00,277.13803,277.20206
Potomje,Suhopolje_2025-03-13_11-08_tf_1h,2021-12-21 21:00:00,277.1914,276.79132
Potomje,Suhopolje_2025-03-13_11-08_tf_1h,2021-12-21 22:00:00,276.8608,277.24722
Potomje,Suhopolje_2025-03-13_11-08_tf_1h,2021-12-21 23:00:00,276.67358,276.57275
Potomje,Suhopolje_2025-03-13_11-08_tf_1h,2021-12-22 00:00:00,276.55414,276.55936
Potomje,Suhopolje_2025-03-13_11-08_tf_1h,2021-12-22 01:00:00,276.50204,276.44986
Potomje,Suhopolje_2025-03-13_11-08_tf_1h,2021-12-22 02:00:00,276.48996,276.45795
Potomje,Suhopolje_2025-03-13_11-08_tf_1h,2021-12-22 03:00:00,276.49463,276.457
Potomje,Suhopolje_2025-03-13_11-08_tf_1h,2021-12-22 04:00:00,276.48785,276.47018
Potomje,Suhopolje_2025-03-13_11-08_tf_1h,2021-12-22 05:00:00,276.61914,276.46945
Potomje,Suhopolje_2025-03-13_11-08_tf_1h,2021-12-22 06:00:00,276.8303,276.79416
Potomje,Suhopolje_2025-03-13_11-08_tf_1h,2021-12-22 07:00:00,276.84915,277.2707
Potomje,Suhopolje_2025-03-13_11-08_tf_1h,2021-12-22 08:00:00,277.94556,277.19525
Potomje,Suhopolje_2025-03-13_11-08_tf_1h,2021-12-22 09:00:00,278.43307,279.0483
Potomje,Suhopolje_2025-03-13_11-08_tf_1h,2021-12-22 10:00:00,279.23618,278.94534
Potomje,Suhopolje_2025-03-13_11-08_tf_1h,2021-12-22 11:00:00,280.50964,279.8697
Potomje,Suhopolje_2025-03-13_11-08_tf_1h,2021-12-22 12:00:00,281.40866,281.4806
Potomje,Suhopolje_2025-03-13_11-08_tf_1h,2021-12-22 13:00:00,281.76974,282.04953
Potomje,Suhopolje_2025-03-13_11-08_tf_1h,2021-12-22 14:00:00,281.74817,282.02942
Potomje,Suhopolje_2025-03-13_11-08_tf_1h,2021-12-22 15:00:00,281.63953,281.59824
Potomje,Suhopolje_2025-03-13_11-08_tf_1h,2021-12-22 16:00:00,281.2009,281.37198
Potomje,Suhopolje_2025-03-13_11-08_tf_1h,2021-12-22 17:00:00,280.74387,280.70633
Potomje,Suhopolje_2025-03-13_11-08_tf_1h,2021-12-22 18:00:00,280.33768,280.231
Potomje,Suhopolje_2025-03-13_11-08_tf_1h,2021-12-22 19:00:00,279.93866,279.9481
Potomje,Suhopolje_2025-03-13_11-08_tf_1h,2021-12-22 20:00:00,279.61273,279.5952
Potomje,Suhopolje_2025-03-13_11-08_tf_1h,2021-12-22 21:00:00,279.1055,279.32986
Potomje,Suhopolje_2025-03-13_11-08_tf_1h,2021-12-22 22:00:00,278.79926,278.7097
Potomje,Suhopolje_2025-03-13_11-08_tf_1h,2021-12-22 23:00:00,278.45108,278.58124
Potomje,Suhopolje_2025-03-13_11-08_tf_1h,2021-12-23 00:00:00,278.29352,278.19507
Potomje,Suhopolje_2025-03-13_11-08_tf_1h,2021-12-23 01:00:00,278.0936,278.1879
Potomje,Suhopolje_2025-03-13_11-08_tf_1h,2021-12-23 02:00:00,277.97372,277.9282
Potomje,Suhopolje_2025-03-13_11-08_tf_1h,2021-12-23 03:00:00,277.89493,277.868
Potomje,Suhopolje_2025-03-13_11-08_tf_1h,2021-12-23 04:00:00,277.87778,277.8087
Potomje,Suhopolje_2025-03-13_11-08_tf_1h,2021-12-23 05:00:00,277.8947,277.85162
Potomje,Suhopolje_2025-03-13_11-08_tf_1h,2021-12-23 06:00:00,277.91846,277.94385
Potomje,Suhopolje_2025-03-13_11-08_tf_1h,2021-12-23 07:00:00,277.88943,278.20325
Potomje,Suhopolje_2025-03-13_11-08_tf_1h,2021-12-23 08:00:00,278.99326,278.1745
Potomje,Suhopolje_2025-03-13_11-08_tf_1h,2021-12-23 09:00:00,279.53925,280.22552
Potomje,Suhopolje_2025-03-13_11-08_tf_1h,2021-12-23 10:00:00,280.764,280.15637
Potomje,Suhopolje_2025-03-13_11-08_tf_1h,2021-12-23 11:00:00,281.44678,281.72018
Potomje,Suhopolje_2025-03-13_11-08_tf_1h,2021-12-23 12:00:00,282.06985,281.98016
Potomje,Suhopolje_2025-03-13_11-08_tf_1h,2021-12-23 13:00:00,281.94913,282.48355
Potomje,Suhopolje_2025-03-13_11-08_tf_1h,2021-12-23 14:00:00,282.15607,281.79147
Potomje,Suhopolje_2025-03-13_11-08_tf_1h,2021-12-23 15:00:00,282.17892,282.1339
Potomje,Suhopolje_2025-03-13_11-08_tf_1h,2021-12-23 16:00:00,282.11414,282.08182
Potomje,Suhopolje_2025-03-13_11-08_tf_1h,2021-12-23 17:00:00,281.60965,281.92065
Potomje,Suhopolje_2025-03-13_11-08_tf_1h,2021-12-23 18:00:00,282.04022,281.09955
Potomje,Suhopolje_2025-03-13_11-08_tf_1h,2021-12-23 19:00:00,281.7541,282.1813
Potomje,Suhopolje_2025-03-13_11-08_tf_1h,2021-12-23 20:00:00,280.2339,281.475
Potomje,Suhopolje_2025-03-13_11-08_tf_1h,2021-12-23 21:00:00,280.14282,279.22705
Potomje,Suhopolje_2025-03-13_11-08_tf_1h,2021-12-23 22:00:00,279.9859,280.05518
Potomje,Suhopolje_2025-03-13_11-08_tf_1h,2021-12-23 23:00:00,279.58563,279.73138
Potomje,Suhopolje_2025-03-13_11-08_tf_1h,2021-12-24 00:00:00,279.7862,279.22385
Potomje,Suhopolje_2025-03-13_11-08_tf_1h,2021-12-24 01:00:00,281.42667,279.85995
Potomje,Suhopolje_2025-03-13_11-08_tf_1h,2021-12-24 02:00:00,280.65704,282.51364
Potomje,Suhopolje_2025-03-13_11-08_tf_1h,2021-12-24 03:00:00,280.55728,280.2098
Potomje,Suhopolje_2025-03-13_11-08_tf_1h,2021-12-24 04:00:00,281.60648,280.3855
Potomje,Suhopolje_2025-03-13_11-08_tf_1h,2021-12-24 05:00:00,282.4392,282.27548
Potomje,Suhopolje_2025-03-13_11-08_tf_1h,2021-12-24 06:00:00,282.33713,282.91693
Potomje,Suhopolje_2025-03-13_11-08_tf_1h,2021-12-24 07:00:00,282.2109,282.37463
Potomje,Suhopolje_2025-03-13_11-08_tf_1h,2021-12-24 08:00:00,280.23346,282.16232
Potomje,Suhopolje_2025-03-13_11-08_tf_1h,2021-12-24 09:00:00,282.48453,279.30707
Potomje,Suhopolje_2025-03-13_11-08_tf_1h,2021-12-24 10:00:00,283.7095,284.347
Potomje,Suhopolje_2025-03-13_11-08_tf_1h,2021-12-24 11:00:00,284.4482,284.45145
Potomje,Suhopolje_2025-03-13_11-08_tf_1h,2021-12-24 12:00:00,284.76526,285.09067
Potomje,Suhopolje_2025-03-13_11-08_tf_1h,2021-12-24 13:00:00,284.9404,285.05414
Potomje,Suhopolje_2025-03-13_11-08_tf_1h,2021-12-24 14:00:00,284.98148,284.91348
Potomje,Suhopolje_2025-03-13_11-08_tf_1h,2021-12-24 15:00:00,285.0247,284.7848
Potomje,Suhopolje_2025-03-13_11-08_tf_1h,2021-12-24 16:00:00,284.94547,284.79184
Potomje,Suhopolje_2025-03-13_11-08_tf_1h,2021-12-24 17:00:00,284.97873,284.62274
Potomje,Suhopolje_2025-03-13_11-08_tf_1h,2021-12-24 18:00:00,285.0935,284.62427
Potomje,Suhopolje_2025-03-13_11-08_tf_1h,2021-12-24 19:00:00,285.25488,284.83
Potomje,Suhopolje_2025-03-13_11-08_tf_1h,2021-12-24 20:00:00,285.37646,285.06625
Potomje,Suhopolje_2025-03-13_11-08_tf_1h,2021-12-24 21:00:00,285.48193,285.16092
Potomje,Suhopolje_2025-03-13_11-08_tf_1h,2021-12-24 22:00:00,285.47748,285.27396
Potomje,Suhopolje_2025-03-13_11-08_tf_1h,2021-12-24 23:00:00,285.57385,285.21204
Potomje,Suhopolje_2025-03-13_11-08_tf_1h,2021-12-25 00:00:00,285.58105,285.3706
Potomje,Suhopolje_2025-03-13_11-08_tf_1h,2021-12-25 01:00:00,285.57278,285.28207
Potomje,Suhopolje_2025-03-13_11-08_tf_1h,2021-12-25 02:00:00,285.4743,285.31265
Potomje,Suhopolje_2025-03-13_11-08_tf_1h,2021-12-25 03:00:00,285.34256,285.20383
Potomje,Suhopolje_2025-03-13_11-08_tf_1h,2021-12-25 04:00:00,285.58548,285.0353
Potomje,Suhopolje_2025-03-13_11-08_tf_1h,2021-12-25 05:00:00,285.69626,285.47696
Potomje,Suhopolje_2025-03-13_11-08_tf_1h,2021-12-25 06:00:00,285.74158,285.51593
Potomje,Suhopolje_2025-03-13_11-08_tf_1h,2021-12-25 07:00:00,285.7297,285.56216
Potomje,Suhopolje_2025-03-13_11-08_tf_1h,2021-12-25 08:00:00,285.8765,285.72745
Potomje,Suhopolje_2025-03-13_11-08_tf_1h,2021-12-25 09:00:00,286.14694,285.88147
Potomje,Suhopolje_2025-03-13_11-08_tf_1h,2021-12-25 10:00:00,286.33054,286.1659
Potomje,Suhopolje_2025-03-13_11-08_tf_1h,2021-12-25 11:00:00,286.44702,286.26505
Potomje,Suhopolje_2025-03-13_11-08_tf_1h,2021-12-25 12:00:00,286.4197,286.29956
Potomje,Suhopolje_2025-03-13_11-08_tf_1h,2021-12-25 13:00:00,286.55038,286.15143
Potomje,Suhopolje_2025-03-13_11-08_tf_1h,2021-12-25 14:00:00,286.32016,286.36893
Potomje,Suhopolje_2025-03-13_11-08_tf_1h,2021-12-25 15:00:00,286.24033,285.91656
Potomje,Suhopolje_2025-03-13_11-08_tf_1h,2021-12-25 16:00:00,286.12808,285.94577
Potomje,Suhopolje_2025-03-13_11-08_tf_1h,2021-12-25 17:00:00,285.9574,285.84482
Potomje,Suhopolje_2025-03-13_11-08_tf_1h,2021-12-25 18:00:00,286.0279,285.648
Potomje,Suhopolje_2025-03-13_11-08_tf_1h,2021-12-25 19:00:00,286.19946,285.8857
Potomje,Suhopolje_2025-03-13_11-08_tf_1h,2021-12-25 20:00:00,286.0889,286.11502
Potomje,Suhopolje_2025-03-13_11-08_tf_1h,2021-12-25 21:00:00,285.90167,285.8126
Potomje,Suhopolje_2025-03-13_11-08_tf_1h,2021-12-25 22:00:00,285.90085,285.5802
Potomje,Suhopolje_2025-03-13_11-08_tf_1h,2021-12-25 23:00:00,285.84576,285.72284
Potomje,Suhopolje_2025-03-13_11-08_tf_1h,2021-12-26 00:00:00,285.74835,285.62604
Potomje,Suhopolje_2025-03-13_11-08_tf_1h,2021-12-26 01:00:00,285.65622,285.5074
Potomje,Suhopolje_2025-03-13_11-08_tf_1h,2021-12-26 02:00:00,285.65643,285.43304
Potomje,Suhopolje_2025-03-13_11-08_tf_1h,2021-12-26 03:00:00,285.82184,285.51932
Potomje,Suhopolje_2025-03-13_11-08_tf_1h,2021-12-26 04:00:00,286.02853,285.7882
Potomje,Suhopolje_2025-03-13_11-08_tf_1h,2021-12-26 05:00:00,286.25156,286.0115
Potomje,Suhopolje_2025-03-13_11-08_tf_1h,2021-12-26 06:00:00,286.41864,286.2358
Potomje,Suhopolje_2025-03-13_11-08_tf_1h,2021-12-26 07:00:00,286.4032,286.36572
Potomje,Suhopolje_2025-03-13_11-08_tf_1h,2021-12-26 08:00:00,286.62918,286.22662
Potomje,Suhopolje_2025-03-13_11-08_tf_1h,2021-12-26 09:00:00,286.78525,286.55795
Potomje,Suhopolje_2025-03-13_11-08_tf_1h,2021-12-26 10:00:00,287.1724,286.70798
Potomje,Suhopolje_2025-03-13_11-08_tf_1h,2021-12-26 11:00:00,287.46402,287.20084
Potomje,Suhopolje_2025-03-13_11-08_tf_1h,2021-12-26 12:00:00,287.70587,287.45877
Potomje,Suhopolje_2025-03-13_11-08_tf_1h,2021-12-26 13:00:00,287.54324,287.60776
Potomje,Suhopolje_2025-03-13_11-08_tf_1h,2021-12-26 14:00:00,287.47928,287.16238
Potomje,Suhopolje_2025-03-13_11-08_tf_1h,2021-12-26 15:00:00,287.18277,287.0531
Potomje,Suhopolje_2025-03-13_11-08_tf_1h,2021-12-26 16:00:00,286.96103,286.641
Potomje,Suhopolje_2025-03-13_11-08_tf_1h,2021-12-26 17:00:00,286.72046,286.50397
Potomje,Suhopolje_2025-03-13_11-08_tf_1h,2021-12-26 18:00:00,286.67172,286.28946
Potomje,Suhopolje_2025-03-13_11-08_tf_1h,2021-12-26 19:00:00,286.62302,286.3712
Potomje,Suhopolje_2025-03-13_11-08_tf_1h,2021-12-26 20:00:00,286.7681,286.336
Potomje,Suhopolje_2025-03-13_11-08_tf_1h,2021-12-26 21:00:00,286.64612,286.62238
Potomje,Suhopolje_2025-03-13_11-08_tf_1h,2021-12-26 22:00:00,286.06793,286.32733
Potomje,Suhopolje_2025-03-13_11-08_tf_1h,2021-12-26 23:00:00,285.857,285.4858
Potomje,Suhopolje_2025-03-13_11-08_tf_1h,2021-12-27 00:00:00,285.74115,285.5468
Potomje,Suhopolje_2025-03-13_11-08_tf_1h,2021-12-27 01:00:00,285.51602,285.51395
Potomje,Suhopolje_2025-03-13_11-08_tf_1h,2021-12-27 02:00:00,285.5298,285.23923
Potomje,Suhopolje_2025-03-13_11-08_tf_1h,2021-12-27 03:00:00,285.44296,285.42218
Potomje,Suhopolje_2025-03-13_11-08_tf_1h,2021-12-27 04:00:00,285.26782,285.26105
Potomje,Suhopolje_2025-03-13_11-08_tf_1h,2021-12-27 05:00:00,285.296,285.05093
Potomje,Suhopolje_2025-03-13_11-08_tf_1h,2021-12-27 06:00:00,285.11682,285.23334
Potomje,Suhopolje_2025-03-13_11-08_tf_1h,2021-12-27 07:00:00,284.83746,284.92096
Potomje,Suhopolje_2025-03-13_11-08_tf_1h,2021-12-27 08:00:00,284.79257,284.60092
Potomje,Suhopolje_2025-03-13_11-08_tf_1h,2021-12-27 09:00:00,285.10645,284.7397
Potomje,Suhopolje_2025-03-13_11-08_tf_1h,2021-12-27 10:00:00,285.50076,285.282
Potomje,Suhopolje_2025-03-13_11-08_tf_1h,2021-12-27 11:00:00,286.08954,285.74173
Potomje,Suhopolje_2025-03-13_11-08_tf_1h,2021-12-27 12:00:00,286.47137,286.4512
Potomje,Suhopolje_2025-03-13_11-08_tf_1h,2021-12-27 13:00:00,286.50653,286.69186
Potomje,Suhopolje_2025-03-13_11-08_tf_1h,2021-12-27 14:00:00,286.33032,286.42014
Potomje,Suhopolje_2025-03-13_11-08_tf_1h,2021-12-27 15:00:00,286.0654,286.0277
Potomje,Suhopolje_2025-03-13_11-08_tf_1h,2021-12-27 16:00:00,285.67233,285.66132
Potomje,Suhopolje_2025-03-13_11-08_tf_1h,2021-12-27 17:00:00,284.82477,285.18076
Potomje,Suhopolje_2025-03-13_11-08_tf_1h,2021-12-27 18:00:00,285.14328,284.0755
Potomje,Suhopolje_2025-03-13_11-08_tf_1h,2021-12-27 19:00:00,285.034,285.2552
Potomje,Suhopolje_2025-03-13_11-08_tf_1h,2021-12-27 20:00:00,283.58328,284.79413
Potomje,Suhopolje_2025-03-13_11-08_tf_1h,2021-12-27 21:00:00,282.57602,282.6285
Potomje,Suhopolje_2025-03-13_11-08_tf_1h,2021-12-27 22:00:00,282.98224,281.85886
Potomje,Suhopolje_2025-03-13_11-08_tf_1h,2021-12-27 23:00:00,283.03708,283.18637
Potomje,Suhopolje_2025-03-13_11-08_tf_1h,2021-12-28 00:00:00,283.08282,282.96625
Potomje,Suhopolje_2025-03-13_11-08_tf_1h,2021-12-28 01:00:00,282.9744,283.05716
Potomje,Suhopolje_2025-03-13_11-08_tf_1h,2021-12-28 02:00:00,282.65988,282.7942
Potomje,Suhopolje_2025-03-13_11-08_tf_1h,2021-12-28 03:00:00,282.38266,282.37436
Potomje,Suhopolje_2025-03-13_11-08_tf_1h,2021-12-28 04:00:00,282.1677,282.18414
Potomje,Suhopolje_2025-03-13_11-08_tf_1h,2021-12-28 05:00:00,282.14948,282.03262
Potomje,Suhopolje_2025-03-13_11-08_tf_1h,2021-12-28 06:00:00,282.08426,282.19012
Potomje,Suhopolje_2025-03-13_11-08_tf_1h,2021-12-28 07:00:00,282.11688,282.12448
Potomje,Suhopolje_2025-03-13_11-08_tf_1h,2021-12-28 08:00:00,282.50275,282.29184
Potomje,Suhopolje_2025-03-13_11-08_tf_1h,2021-12-28 09:00:00,283.13937,282.88693
Potomje,Suhopolje_2025-03-13_11-08_tf_1h,2021-12-28 10:00:00,284.10068,283.68625
Potomje,Suhopolje_2025-03-13_11-08_tf_1h,2021-12-28 11:00:00,284.92767,284.81268
Potomje,Suhopolje_2025-03-13_11-08_tf_1h,2021-12-28 12:00:00,285.68353,285.50247
Potomje,Suhopolje_2025-03-13_11-08_tf_1h,2021-12-28 13:00:00,286.18674,286.14117
Potomje,Suhopolje_2025-03-13_11-08_tf_1h,2021-12-28 14:00:00,286.27655,286.45535
Potomje,Suhopolje_2025-03-13_11-08_tf_1h,2021-12-28 15:00:00,286.08234,286.1887
Potomje,Suhopolje_2025-03-13_11-08_tf_1h,2021-12-28 16:00:00,285.87183,285.6991
Potomje,Suhopolje_2025-03-13_11-08_tf_1h,2021-12-28 17:00:00,285.3845,285.4515
Potomje,Suhopolje_2025-03-13_11-08_tf_1h,2021-12-28 18:00:00,284.43762,284.72467
Potomje,Suhopolje_2025-03-13_11-08_tf_1h,2021-12-28 19:00:00,284.39694,283.49503
Potomje,Suhopolje_2025-03-13_11-08_tf_1h,2021-12-28 20:00:00,284.22095,284.1529
Potomje,Suhopolje_2025-03-13_11-08_tf_1h,2021-12-28 21:00:00,283.76837,283.9239
Potomje,Suhopolje_2025-03-13_11-08_tf_1h,2021-12-28 22:00:00,283.90073,283.30963
Potomje,Suhopolje_2025-03-13_11-08_tf_1h,2021-12-28 23:00:00,283.1233,283.8365
Potomje,Suhopolje_2025-03-13_11-08_tf_1h,2021-12-29 00:00:00,283.2785,282.45557
Potomje,Suhopolje_2025-03-13_11-08_tf_1h,2021-12-29 01:00:00,283.66205,283.2692
Potomje,Suhopolje_2025-03-13_11-08_tf_1h,2021-12-29 02:00:00,283.37933,283.77698
Potomje,Suhopolje_2025-03-13_11-08_tf_1h,2021-12-29 03:00:00,283.30328,283.0456
Potomje,Suhopolje_2025-03-13_11-08_tf_1h,2021-12-29 04:00:00,283.02057,283.15533
Potomje,Suhopolje_2025-03-13_11-08_tf_1h,2021-12-29 05:00:00,283.14764,282.731
Potomje,Suhopolje_2025-03-13_11-08_tf_1h,2021-12-29 06:00:00,282.62262,283.2389
Potomje,Suhopolje_2025-03-13_11-08_tf_1h,2021-12-29 07:00:00,282.608,282.25595
Potomje,Suhopolje_2025-03-13_11-08_tf_1h,2021-12-29 08:00:00,283.11163,282.84726
Potomje,Suhopolje_2025-03-13_11-08_tf_1h,2021-12-29 09:00:00,283.43524,283.65247
Potomje,Suhopolje_2025-03-13_11-08_tf_1h,2021-12-29 10:00:00,284.20465,283.86517
Potomje,Suhopolje_2025-03-13_11-08_tf_1h,2021-12-29 11:00:00,284.84402,284.79282
Potomje,Suhopolje_2025-03-13_11-08_tf_1h,2021-12-29 12:00:00,285.03845,285.32645
Potomje,Suhopolje_2025-03-13_11-08_tf_1h,2021-12-29 13:00:00,285.34766,285.12552
Potomje,Suhopolje_2025-03-13_11-08_tf_1h,2021-12-29 14:00:00,285.87372,285.41638
Potomje,Suhopolje_2025-03-13_11-08_tf_1h,2021-12-29 15:00:00,286.0103,286.10474
Potomje,Suhopolje_2025-03-13_11-08_tf_1h,2021-12-29 16:00:00,285.82883,285.96814
Potomje,Suhopolje_2025-03-13_11-08_tf_1h,2021-12-29 17:00:00,285.24326,285.47144
Potomje,Suhopolje_2025-03-13_11-08_tf_1h,2021-12-29 18:00:00,284.94525,284.59384
Potomje,Suhopolje_2025-03-13_11-08_tf_1h,2021-12-29 19:00:00,284.6782,284.46228
Potomje,Suhopolje_2025-03-13_11-08_tf_1h,2021-12-29 20:00:00,284.19385,284.2754
Potomje,Suhopolje_2025-03-13_11-08_tf_1h,2021-12-29 21:00:00,283.58667,283.68286
Potomje,Suhopolje_2025-03-13_11-08_tf_1h,2021-12-29 22:00:00,282.92462,283.01962
Potomje,Suhopolje_2025-03-13_11-08_tf_1h,2021-12-29 23:00:00,282.22552,282.38397
Potomje,Suhopolje_2025-03-13_11-08_tf_1h,2021-12-30 00:00:00,281.7094,281.6888
Potomje,Suhopolje_2025-03-13_11-08_tf_1h,2021-12-30 01:00:00,281.25046,281.2978
Potomje,Suhopolje_2025-03-13_11-08_tf_1h,2021-12-30 02:00:00,280.79935,280.88684
Potomje,Suhopolje_2025-03-13_11-08_tf_1h,2021-12-30 03:00:00,280.47638,280.43726
Potomje,Suhopolje_2025-03-13_11-08_tf_1h,2021-12-30 04:00:00,280.2428,280.21475
Potomje,Suhopolje_2025-03-13_11-08_tf_1h,2021-12-30 05:00:00,280.0702,280.044
Potomje,Suhopolje_2025-03-13_11-08_tf_1h,2021-12-30 06:00:00,280.10767,279.99466
Potomje,Suhopolje_2025-03-13_11-08_tf_1h,2021-12-30 07:00:00,280.14706,280.31552
Potomje,Suhopolje_2025-03-13_11-08_tf_1h,2021-12-30 08:00:00,281.36017,280.3942
Potomje,Suhopolje_2025-03-13_11-08_tf_1h,2021-12-30 09:00:00,282.48135,282.62894
Potomje,Suhopolje_2025-03-13_11-08_tf_1h,2021-12-30 10:00:00,284.12164,283.3816
Potomje,Suhopolje_2025-03-13_11-08_tf_1h,2021-12-30 11:00:00,285.5357,285.28918
Potomje,Suhopolje_2025-03-13_11-08_tf_1h,2021-12-30 12:00:00,286.32397,286.5169
Potomje,Suhopolje_2025-03-13_11-08_tf_1h,2021-12-30 13:00:00,286.69037,286.89804
Potomje,Suhopolje_2025-03-13_11-08_tf_1h,2021-12-30 14:00:00,286.93753,286.91998
Potomje,Suhopolje_2025-03-13_11-08_tf_1h,2021-12-30 15:00:00,286.93985,287.00903
Potomje,Suhopolje_2025-03-13_11-08_tf_1h,2021-12-30 16:00:00,286.54254,286.74295
Potomje,Suhopolje_2025-03-13_11-08_tf_1h,2021-12-30 17:00:00,286.01923,285.963
Potomje,Suhopolje_2025-03-13_11-08_tf_1h,2021-12-30 18:00:00,285.60052,285.29404
Potomje,Suhopolje_2025-03-13_11-08_tf_1h,2021-12-30 19:00:00,284.95755,284.9187
Potomje,Suhopolje_2025-03-13_11-08_tf_1h,2021-12-30 20:00:00,284.62546,284.1817
Potomje,Suhopolje_2025-03-13_11-08_tf_1h,2021-12-30 21:00:00,283.9077,284.1028
Potomje,Suhopolje_2025-03-13_11-08_tf_1h,2021-12-30 22:00:00,283.20758,283.1671
Potomje,Suhopolje_2025-03-13_11-08_tf_1h,2021-12-30 23:00:00,282.48856,282.542
Potomje,Suhopolje_2025-03-13_11-08_tf_1h,2021-12-31 00:00:00,281.91357,281.86783
Potomje,Suhopolje_2025-03-13_11-08_tf_1h,2021-12-31 01:00:00,281.59164,281.42627
Potomje,Suhopolje_2025-03-13_11-08_tf_1h,2021-12-31 02:00:00,281.37604,281.293
Potomje,Suhopolje_2025-03-13_11-08_tf_1h,2021-12-31 03:00:00,281.22464,281.1589
Potomje,Suhopolje_2025-03-13_11-08_tf_1h,2021-12-31 04:00:00,281.12338,281.0523
Potomje,Suhopolje_2025-03-13_11-08_tf_1h,2021-12-31 05:00:00,280.90335,281.0013
Potomje,Suhopolje_2025-03-13_11-08_tf_1h,2021-12-31 06:00:00,280.73456,280.7454
Potomje,Suhopolje_2025-03-13_11-08_tf_1h,2021-12-31 07:00:00,280.67822,280.9672
Potomje,Suhopolje_2025-03-13_11-08_tf_1h,2021-12-31 08:00:00,281.24368,281.22824
Potomje,Suhopolje_2025-03-13_11-08_tf_1h,2021-12-31 09:00:00,282.30368,282.24524
Potomje,Suhopolje_2025-03-13_11-08_tf_1h,2021-12-31 10:00:00,284.22626,283.29974
Potomje,Suhopolje_2025-03-13_11-08_tf_1h,2021-12-31 11:00:00,286.25558,285.56378
Potomje,Suhopolje_2025-03-13_11-08_tf_1h,2021-12-31 12:00:00,287.77536,287.55188
Potomje,Suhopolje_2025-03-13_11-08_tf_1h,2021-12-31 13:00:00,288.83173,288.74945
Potomje,Suhopolje_2025-03-13_11-08_tf_1h,2021-12-31 14:00:00,289.29468,289.4698
Potomje,Suhopolje_2025-03-13_11-08_tf_1h,2021-12-31 15:00:00,289.10196,289.5038
Potomje,Suhopolje_2025-03-13_11-08_tf_1h,2021-12-31 16:00:00,288.4537,288.84033
Potomje,Suhopolje_2025-03-13_11-08_tf_1h,2021-12-31 17:00:00,287.6491,287.686
Potomje,Suhopolje_2025-03-13_11-08_tf_1h,2021-12-31 18:00:00,287.02753,286.58936
Potomje,Suhopolje_2025-03-13_11-08_tf_1h,2021-12-31 19:00:00,286.43878,286.14877
Potomje,Suhopolje_2025-03-13_11-08_tf_1h,2021-12-31 20:00:00,286.09653,285.63837
Potomje,Suhopolje_2025-03-13_11-08_tf_1h,2021-12-31 21:00:00,285.52386,285.49155
Potomje,Suhopolje_2025-03-13_11-08_tf_1h,2021-12-31 22:00:00,284.86435,284.8229
Potomje,Suhopolje_2025-03-13_11-08_tf_1h,2021-12-31 23:00:00,283.71902,284.18484
