location,model,datetime,real_value,predicted_value
Nasice,Nasice_2025-07-18_12-27_tf_1h,2021-01-02 01:00:00,274.56085,274.7122
Nasice,Nasice_2025-07-18_12-27_tf_1h,2021-01-02 02:00:00,274.24307,274.48267
Nasice,Nasice_2025-07-18_12-27_tf_1h,2021-01-02 03:00:00,273.856,274.12045
Nasice,Nasice_2025-07-18_12-27_tf_1h,2021-01-02 04:00:00,273.50394,273.68845
Nasice,Nasice_2025-07-18_12-27_tf_1h,2021-01-02 05:00:00,273.34875,273.3755
Nasice,Nasice_2025-07-18_12-27_tf_1h,2021-01-02 06:00:00,273.17307,273.4838
Nasice,Nasice_2025-07-18_12-27_tf_1h,2021-01-02 07:00:00,272.9115,273.3861
Nasice,Nasice_2025-07-18_12-27_tf_1h,2021-01-02 08:00:00,273.18686,273.7084
Nasice,Nasice_2025-07-18_12-27_tf_1h,2021-01-02 09:00:00,275.29504,274.80835
Nasice,Nasice_2025-07-18_12-27_tf_1h,2021-01-02 10:00:00,278.87686,277.5123
Nasice,Nasice_2025-07-18_12-27_tf_1h,2021-01-02 11:00:00,281.11902,281.46875
Nasice,Nasice_2025-07-18_12-27_tf_1h,2021-01-02 12:00:00,282.89563,282.76154
Nasice,Nasice_2025-07-18_12-27_tf_1h,2021-01-02 13:00:00,283.80795,283.8415
Nasice,Nasice_2025-07-18_12-27_tf_1h,2021-01-02 14:00:00,283.8995,284.28558
Nasice,Nasice_2025-07-18_12-27_tf_1h,2021-01-02 15:00:00,283.28656,283.7617
Nasice,Nasice_2025-07-18_12-27_tf_1h,2021-01-02 16:00:00,282.3046,282.50967
Nasice,Nasice_2025-07-18_12-27_tf_1h,2021-01-02 17:00:00,281.47815,281.20715
Nasice,Nasice_2025-07-18_12-27_tf_1h,2021-01-02 18:00:00,281.07446,280.5256
Nasice,Nasice_2025-07-18_12-27_tf_1h,2021-01-02 19:00:00,280.74997,280.46762
Nasice,Nasice_2025-07-18_12-27_tf_1h,2021-01-02 20:00:00,280.4824,280.26965
Nasice,Nasice_2025-07-18_12-27_tf_1h,2021-01-02 21:00:00,280.14694,280.10208
Nasice,Nasice_2025-07-18_12-27_tf_1h,2021-01-02 22:00:00,279.74396,279.7652
Nasice,Nasice_2025-07-18_12-27_tf_1h,2021-01-02 23:00:00,279.25156,279.3411
Nasice,Nasice_2025-07-18_12-27_tf_1h,2021-01-03 00:00:00,278.5863,278.80792
Nasice,Nasice_2025-07-18_12-27_tf_1h,2021-01-03 01:00:00,278.22824,278.05072
Nasice,Nasice_2025-07-18_12-27_tf_1h,2021-01-03 02:00:00,278.2784,277.887
Nasice,Nasice_2025-07-18_12-27_tf_1h,2021-01-03 03:00:00,277.85388,278.21378
Nasice,Nasice_2025-07-18_12-27_tf_1h,2021-01-03 04:00:00,277.30954,277.51978
Nasice,Nasice_2025-07-18_12-27_tf_1h,2021-01-03 05:00:00,276.52728,276.905
Nasice,Nasice_2025-07-18_12-27_tf_1h,2021-01-03 06:00:00,275.74997,275.964
Nasice,Nasice_2025-07-18_12-27_tf_1h,2021-01-03 07:00:00,275.05432,275.35663
Nasice,Nasice_2025-07-18_12-27_tf_1h,2021-01-03 08:00:00,275.21548,275.91895
Nasice,Nasice_2025-07-18_12-27_tf_1h,2021-01-03 09:00:00,276.63757,276.3974
Nasice,Nasice_2025-07-18_12-27_tf_1h,2021-01-03 10:00:00,279.10416,278.21735
Nasice,Nasice_2025-07-18_12-27_tf_1h,2021-01-03 11:00:00,280.82138,281.14642
Nasice,Nasice_2025-07-18_12-27_tf_1h,2021-01-03 12:00:00,282.42053,282.19717
Nasice,Nasice_2025-07-18_12-27_tf_1h,2021-01-03 13:00:00,283.53012,283.41083
Nasice,Nasice_2025-07-18_12-27_tf_1h,2021-01-03 14:00:00,284.00238,284.19223
Nasice,Nasice_2025-07-18_12-27_tf_1h,2021-01-03 15:00:00,283.68317,284.14185
Nasice,Nasice_2025-07-18_12-27_tf_1h,2021-01-03 16:00:00,282.29575,283.14737
Nasice,Nasice_2025-07-18_12-27_tf_1h,2021-01-03 17:00:00,280.61496,280.93124
Nasice,Nasice_2025-07-18_12-27_tf_1h,2021-01-03 18:00:00,279.21692,279.08923
Nasice,Nasice_2025-07-18_12-27_tf_1h,2021-01-03 19:00:00,278.0363,277.97156
Nasice,Nasice_2025-07-18_12-27_tf_1h,2021-01-03 20:00:00,277.45126,277.05325
Nasice,Nasice_2025-07-18_12-27_tf_1h,2021-01-03 21:00:00,276.6259,276.98074
Nasice,Nasice_2025-07-18_12-27_tf_1h,2021-01-03 22:00:00,276.06915,276.04074
Nasice,Nasice_2025-07-18_12-27_tf_1h,2021-01-03 23:00:00,275.61035,275.72668
Nasice,Nasice_2025-07-18_12-27_tf_1h,2021-01-04 00:00:00,275.4495,275.3493
Nasice,Nasice_2025-07-18_12-27_tf_1h,2021-01-04 01:00:00,274.8256,275.42123
Nasice,Nasice_2025-07-18_12-27_tf_1h,2021-01-04 02:00:00,273.95108,274.4712
Nasice,Nasice_2025-07-18_12-27_tf_1h,2021-01-04 03:00:00,273.43747,273.42953
Nasice,Nasice_2025-07-18_12-27_tf_1h,2021-01-04 04:00:00,273.39542,273.24173
Nasice,Nasice_2025-07-18_12-27_tf_1h,2021-01-04 05:00:00,272.90656,273.6855
Nasice,Nasice_2025-07-18_12-27_tf_1h,2021-01-04 06:00:00,272.5969,272.80655
Nasice,Nasice_2025-07-18_12-27_tf_1h,2021-01-04 07:00:00,272.4343,273.83057
Nasice,Nasice_2025-07-18_12-27_tf_1h,2021-01-04 08:00:00,273.35123,274.01428
Nasice,Nasice_2025-07-18_12-27_tf_1h,2021-01-04 09:00:00,276.03806,274.78867
Nasice,Nasice_2025-07-18_12-27_tf_1h,2021-01-04 10:00:00,277.76587,278.2097
Nasice,Nasice_2025-07-18_12-27_tf_1h,2021-01-04 11:00:00,279.96915,279.32266
Nasice,Nasice_2025-07-18_12-27_tf_1h,2021-01-04 12:00:00,280.74997,281.46646
Nasice,Nasice_2025-07-18_12-27_tf_1h,2021-01-04 13:00:00,280.99847,281.1874
Nasice,Nasice_2025-07-18_12-27_tf_1h,2021-01-04 14:00:00,281.0066,280.94446
Nasice,Nasice_2025-07-18_12-27_tf_1h,2021-01-04 15:00:00,280.54355,280.69955
Nasice,Nasice_2025-07-18_12-27_tf_1h,2021-01-04 16:00:00,279.64993,279.86832
Nasice,Nasice_2025-07-18_12-27_tf_1h,2021-01-04 17:00:00,278.68988,278.6912
Nasice,Nasice_2025-07-18_12-27_tf_1h,2021-01-04 18:00:00,278.17557,277.7473
Nasice,Nasice_2025-07-18_12-27_tf_1h,2021-01-04 19:00:00,277.94473,277.62524
Nasice,Nasice_2025-07-18_12-27_tf_1h,2021-01-04 20:00:00,277.57675,277.66174
Nasice,Nasice_2025-07-18_12-27_tf_1h,2021-01-04 21:00:00,277.1685,277.24106
Nasice,Nasice_2025-07-18_12-27_tf_1h,2021-01-04 22:00:00,277.0741,276.81802
Nasice,Nasice_2025-07-18_12-27_tf_1h,2021-01-04 23:00:00,277.34982,276.9349
Nasice,Nasice_2025-07-18_12-27_tf_1h,2021-01-05 00:00:00,277.4442,277.47562
Nasice,Nasice_2025-07-18_12-27_tf_1h,2021-01-05 01:00:00,277.56155,277.47873
Nasice,Nasice_2025-07-18_12-27_tf_1h,2021-01-05 02:00:00,277.47745,277.60748
Nasice,Nasice_2025-07-18_12-27_tf_1h,2021-01-05 03:00:00,277.40884,277.3612
Nasice,Nasice_2025-07-18_12-27_tf_1h,2021-01-05 04:00:00,277.37173,277.3086
Nasice,Nasice_2025-07-18_12-27_tf_1h,2021-01-05 05:00:00,277.1038,277.32504
Nasice,Nasice_2025-07-18_12-27_tf_1h,2021-01-05 06:00:00,277.00943,276.9614
Nasice,Nasice_2025-07-18_12-27_tf_1h,2021-01-05 07:00:00,276.95886,277.2505
Nasice,Nasice_2025-07-18_12-27_tf_1h,2021-01-05 08:00:00,276.82315,277.5024
Nasice,Nasice_2025-07-18_12-27_tf_1h,2021-01-05 09:00:00,277.17697,277.02252
Nasice,Nasice_2025-07-18_12-27_tf_1h,2021-01-05 10:00:00,277.54706,277.6331
Nasice,Nasice_2025-07-18_12-27_tf_1h,2021-01-05 11:00:00,277.85318,277.8352
Nasice,Nasice_2025-07-18_12-27_tf_1h,2021-01-05 12:00:00,278.3417,278.04385
Nasice,Nasice_2025-07-18_12-27_tf_1h,2021-01-05 13:00:00,278.83093,278.65027
Nasice,Nasice_2025-07-18_12-27_tf_1h,2021-01-05 14:00:00,279.3198,279.10193
Nasice,Nasice_2025-07-18_12-27_tf_1h,2021-01-05 15:00:00,279.4877,279.57553
Nasice,Nasice_2025-07-18_12-27_tf_1h,2021-01-05 16:00:00,279.10733,279.46143
Nasice,Nasice_2025-07-18_12-27_tf_1h,2021-01-05 17:00:00,278.00943,278.63345
Nasice,Nasice_2025-07-18_12-27_tf_1h,2021-01-05 18:00:00,277.22964,276.9816
Nasice,Nasice_2025-07-18_12-27_tf_1h,2021-01-05 19:00:00,277.0575,276.5432
Nasice,Nasice_2025-07-18_12-27_tf_1h,2021-01-05 20:00:00,277.15152,276.90433
Nasice,Nasice_2025-07-18_12-27_tf_1h,2021-01-05 21:00:00,276.996,277.25824
Nasice,Nasice_2025-07-18_12-27_tf_1h,2021-01-05 22:00:00,276.76163,276.89935
Nasice,Nasice_2025-07-18_12-27_tf_1h,2021-01-05 23:00:00,276.8666,276.59763
Nasice,Nasice_2025-07-18_12-27_tf_1h,2021-01-06 00:00:00,277.0377,276.96793
Nasice,Nasice_2025-07-18_12-27_tf_1h,2021-01-06 01:00:00,277.23282,277.1636
Nasice,Nasice_2025-07-18_12-27_tf_1h,2021-01-06 02:00:00,277.51065,277.3798
Nasice,Nasice_2025-07-18_12-27_tf_1h,2021-01-06 03:00:00,277.75067,277.71255
Nasice,Nasice_2025-07-18_12-27_tf_1h,2021-01-06 04:00:00,277.58313,277.90607
Nasice,Nasice_2025-07-18_12-27_tf_1h,2021-01-06 05:00:00,276.89243,277.3876
Nasice,Nasice_2025-07-18_12-27_tf_1h,2021-01-06 06:00:00,276.09567,276.29288
Nasice,Nasice_2025-07-18_12-27_tf_1h,2021-01-06 07:00:00,275.5301,275.55328
Nasice,Nasice_2025-07-18_12-27_tf_1h,2021-01-06 08:00:00,275.56296,275.32996
Nasice,Nasice_2025-07-18_12-27_tf_1h,2021-01-06 09:00:00,276.51526,275.93497
Nasice,Nasice_2025-07-18_12-27_tf_1h,2021-01-06 10:00:00,279.01013,277.60873
Nasice,Nasice_2025-07-18_12-27_tf_1h,2021-01-06 11:00:00,280.75916,280.97778
Nasice,Nasice_2025-07-18_12-27_tf_1h,2021-01-06 12:00:00,281.97195,282.25302
Nasice,Nasice_2025-07-18_12-27_tf_1h,2021-01-06 13:00:00,282.86417,282.6661
Nasice,Nasice_2025-07-18_12-27_tf_1h,2021-01-06 14:00:00,283.21518,283.32892
Nasice,Nasice_2025-07-18_12-27_tf_1h,2021-01-06 15:00:00,282.8203,283.24075
Nasice,Nasice_2025-07-18_12-27_tf_1h,2021-01-06 16:00:00,281.34808,282.2298
Nasice,Nasice_2025-07-18_12-27_tf_1h,2021-01-06 17:00:00,279.95605,279.9749
Nasice,Nasice_2025-07-18_12-27_tf_1h,2021-01-06 18:00:00,278.59796,278.68808
Nasice,Nasice_2025-07-18_12-27_tf_1h,2021-01-06 19:00:00,277.38092,277.41586
Nasice,Nasice_2025-07-18_12-27_tf_1h,2021-01-06 20:00:00,276.54425,276.43137
Nasice,Nasice_2025-07-18_12-27_tf_1h,2021-01-06 21:00:00,275.33994,275.93335
Nasice,Nasice_2025-07-18_12-27_tf_1h,2021-01-06 22:00:00,274.34097,274.57187
Nasice,Nasice_2025-07-18_12-27_tf_1h,2021-01-06 23:00:00,273.82382,273.79605
Nasice,Nasice_2025-07-18_12-27_tf_1h,2021-01-07 00:00:00,273.39224,273.63358
Nasice,Nasice_2025-07-18_12-27_tf_1h,2021-01-07 01:00:00,273.15082,273.28802
Nasice,Nasice_2025-07-18_12-27_tf_1h,2021-01-07 02:00:00,273.03662,273.19574
Nasice,Nasice_2025-07-18_12-27_tf_1h,2021-01-07 03:00:00,272.90265,273.17175
Nasice,Nasice_2025-07-18_12-27_tf_1h,2021-01-07 04:00:00,272.70047,273.03024
Nasice,Nasice_2025-07-18_12-27_tf_1h,2021-01-07 05:00:00,272.48978,272.8322
Nasice,Nasice_2025-07-18_12-27_tf_1h,2021-01-07 06:00:00,272.21548,272.96777
Nasice,Nasice_2025-07-18_12-27_tf_1h,2021-01-07 07:00:00,271.91785,273.4928
Nasice,Nasice_2025-07-18_12-27_tf_1h,2021-01-07 08:00:00,271.91785,273.60138
Nasice,Nasice_2025-07-18_12-27_tf_1h,2021-01-07 09:00:00,274.57745,272.72348
Nasice,Nasice_2025-07-18_12-27_tf_1h,2021-01-07 10:00:00,277.1957,276.8123
Nasice,Nasice_2025-07-18_12-27_tf_1h,2021-01-07 11:00:00,278.61246,279.37167
Nasice,Nasice_2025-07-18_12-27_tf_1h,2021-01-07 12:00:00,279.5043,279.61136
Nasice,Nasice_2025-07-18_12-27_tf_1h,2021-01-07 13:00:00,279.9914,279.9762
Nasice,Nasice_2025-07-18_12-27_tf_1h,2021-01-07 14:00:00,280.23355,280.19766
Nasice,Nasice_2025-07-18_12-27_tf_1h,2021-01-07 15:00:00,280.07623,280.16437
Nasice,Nasice_2025-07-18_12-27_tf_1h,2021-01-07 16:00:00,279.0946,279.66635
Nasice,Nasice_2025-07-18_12-27_tf_1h,2021-01-07 17:00:00,277.59796,278.0734
Nasice,Nasice_2025-07-18_12-27_tf_1h,2021-01-07 18:00:00,276.58453,276.2859
Nasice,Nasice_2025-07-18_12-27_tf_1h,2021-01-07 19:00:00,275.5941,275.72064
Nasice,Nasice_2025-07-18_12-27_tf_1h,2021-01-07 20:00:00,275.31235,274.78546
Nasice,Nasice_2025-07-18_12-27_tf_1h,2021-01-07 21:00:00,275.19888,275.10608
Nasice,Nasice_2025-07-18_12-27_tf_1h,2021-01-07 22:00:00,275.02496,275.1538
Nasice,Nasice_2025-07-18_12-27_tf_1h,2021-01-07 23:00:00,274.9493,274.99332
Nasice,Nasice_2025-07-18_12-27_tf_1h,2021-01-08 00:00:00,274.82773,274.98032
Nasice,Nasice_2025-07-18_12-27_tf_1h,2021-01-08 01:00:00,274.76093,274.8184
Nasice,Nasice_2025-07-18_12-27_tf_1h,2021-01-08 02:00:00,274.8454,274.7828
Nasice,Nasice_2025-07-18_12-27_tf_1h,2021-01-08 03:00:00,274.90372,274.9666
Nasice,Nasice_2025-07-18_12-27_tf_1h,2021-01-08 04:00:00,274.99316,274.99466
Nasice,Nasice_2025-07-18_12-27_tf_1h,2021-01-08 05:00:00,274.96594,275.18048
Nasice,Nasice_2025-07-18_12-27_tf_1h,2021-01-08 06:00:00,274.9564,275.13916
Nasice,Nasice_2025-07-18_12-27_tf_1h,2021-01-08 07:00:00,274.86343,275.37418
Nasice,Nasice_2025-07-18_12-27_tf_1h,2021-01-08 08:00:00,275.05643,275.7105
Nasice,Nasice_2025-07-18_12-27_tf_1h,2021-01-08 09:00:00,275.6973,275.7675
Nasice,Nasice_2025-07-18_12-27_tf_1h,2021-01-08 10:00:00,276.56403,276.48526
Nasice,Nasice_2025-07-18_12-27_tf_1h,2021-01-08 11:00:00,277.24377,277.36838
Nasice,Nasice_2025-07-18_12-27_tf_1h,2021-01-08 12:00:00,277.5665,277.73978
Nasice,Nasice_2025-07-18_12-27_tf_1h,2021-01-08 13:00:00,277.6517,277.67764
Nasice,Nasice_2025-07-18_12-27_tf_1h,2021-01-08 14:00:00,277.7574,277.55994
Nasice,Nasice_2025-07-18_12-27_tf_1h,2021-01-08 15:00:00,277.43466,277.6744
Nasice,Nasice_2025-07-18_12-27_tf_1h,2021-01-08 16:00:00,276.93695,277.00403
Nasice,Nasice_2025-07-18_12-27_tf_1h,2021-01-08 17:00:00,276.26004,276.42868
Nasice,Nasice_2025-07-18_12-27_tf_1h,2021-01-08 18:00:00,275.83337,275.64655
Nasice,Nasice_2025-07-18_12-27_tf_1h,2021-01-08 19:00:00,275.54565,275.4921
Nasice,Nasice_2025-07-18_12-27_tf_1h,2021-01-08 20:00:00,274.5718,275.33813
Nasice,Nasice_2025-07-18_12-27_tf_1h,2021-01-08 21:00:00,274.22397,273.88913
Nasice,Nasice_2025-07-18_12-27_tf_1h,2021-01-08 22:00:00,273.59903,274.09692
Nasice,Nasice_2025-07-18_12-27_tf_1h,2021-01-08 23:00:00,273.29715,273.23193
Nasice,Nasice_2025-07-18_12-27_tf_1h,2021-01-09 00:00:00,272.77576,273.26718
Nasice,Nasice_2025-07-18_12-27_tf_1h,2021-01-09 01:00:00,272.21902,272.5392
Nasice,Nasice_2025-07-18_12-27_tf_1h,2021-01-09 02:00:00,271.827,272.0551
Nasice,Nasice_2025-07-18_12-27_tf_1h,2021-01-09 03:00:00,271.56366,271.84387
Nasice,Nasice_2025-07-18_12-27_tf_1h,2021-01-09 04:00:00,271.2215,271.74307
Nasice,Nasice_2025-07-18_12-27_tf_1h,2021-01-09 05:00:00,270.94223,271.40204
Nasice,Nasice_2025-07-18_12-27_tf_1h,2021-01-09 06:00:00,271.131,271.36237
Nasice,Nasice_2025-07-18_12-27_tf_1h,2021-01-09 07:00:00,271.13452,272.12317
Nasice,Nasice_2025-07-18_12-27_tf_1h,2021-01-09 08:00:00,271.692,271.93536
Nasice,Nasice_2025-07-18_12-27_tf_1h,2021-01-09 09:00:00,273.02426,273.0637
Nasice,Nasice_2025-07-18_12-27_tf_1h,2021-01-09 10:00:00,274.0363,274.67133
Nasice,Nasice_2025-07-18_12-27_tf_1h,2021-01-09 11:00:00,275.18652,275.06967
Nasice,Nasice_2025-07-18_12-27_tf_1h,2021-01-09 12:00:00,276.17236,276.3395
Nasice,Nasice_2025-07-18_12-27_tf_1h,2021-01-09 13:00:00,277.0066,276.99542
Nasice,Nasice_2025-07-18_12-27_tf_1h,2021-01-09 14:00:00,277.3212,277.66672
Nasice,Nasice_2025-07-18_12-27_tf_1h,2021-01-09 15:00:00,277.08755,277.45984
Nasice,Nasice_2025-07-18_12-27_tf_1h,2021-01-09 16:00:00,276.5043,276.7611
Nasice,Nasice_2025-07-18_12-27_tf_1h,2021-01-09 17:00:00,275.71002,275.88034
Nasice,Nasice_2025-07-18_12-27_tf_1h,2021-01-09 18:00:00,275.3095,274.96948
Nasice,Nasice_2025-07-18_12-27_tf_1h,2021-01-09 19:00:00,274.81287,274.97122
Nasice,Nasice_2025-07-18_12-27_tf_1h,2021-01-09 20:00:00,274.29184,274.42282
Nasice,Nasice_2025-07-18_12-27_tf_1h,2021-01-09 21:00:00,273.85458,273.9636
Nasice,Nasice_2025-07-18_12-27_tf_1h,2021-01-09 22:00:00,273.45163,273.6174
Nasice,Nasice_2025-07-18_12-27_tf_1h,2021-01-09 23:00:00,273.29822,273.27405
Nasice,Nasice_2025-07-18_12-27_tf_1h,2021-01-10 00:00:00,273.16104,273.32394
Nasice,Nasice_2025-07-18_12-27_tf_1h,2021-01-10 01:00:00,272.8019,273.21228
Nasice,Nasice_2025-07-18_12-27_tf_1h,2021-01-10 02:00:00,272.55695,272.70132
Nasice,Nasice_2025-07-18_12-27_tf_1h,2021-01-10 03:00:00,272.3318,272.55148
Nasice,Nasice_2025-07-18_12-27_tf_1h,2021-01-10 04:00:00,271.92105,272.34494
Nasice,Nasice_2025-07-18_12-27_tf_1h,2021-01-10 05:00:00,272.02673,271.85965
Nasice,Nasice_2025-07-18_12-27_tf_1h,2021-01-10 06:00:00,271.93942,272.55762
Nasice,Nasice_2025-07-18_12-27_tf_1h,2021-01-10 07:00:00,272.16635,272.29742
Nasice,Nasice_2025-07-18_12-27_tf_1h,2021-01-10 08:00:00,272.61703,273.05353
Nasice,Nasice_2025-07-18_12-27_tf_1h,2021-01-10 09:00:00,273.2473,273.65646
Nasice,Nasice_2025-07-18_12-27_tf_1h,2021-01-10 10:00:00,273.88358,274.31467
Nasice,Nasice_2025-07-18_12-27_tf_1h,2021-01-10 11:00:00,274.45093,274.74915
Nasice,Nasice_2025-07-18_12-27_tf_1h,2021-01-10 12:00:00,274.64957,275.12082
Nasice,Nasice_2025-07-18_12-27_tf_1h,2021-01-10 13:00:00,274.90268,274.88666
Nasice,Nasice_2025-07-18_12-27_tf_1h,2021-01-10 14:00:00,274.79343,275.20676
Nasice,Nasice_2025-07-18_12-27_tf_1h,2021-01-10 15:00:00,274.60184,274.68665
Nasice,Nasice_2025-07-18_12-27_tf_1h,2021-01-10 16:00:00,274.30527,274.49887
Nasice,Nasice_2025-07-18_12-27_tf_1h,2021-01-10 17:00:00,273.85672,274.07947
Nasice,Nasice_2025-07-18_12-27_tf_1h,2021-01-10 18:00:00,273.5361,273.5579
Nasice,Nasice_2025-07-18_12-27_tf_1h,2021-01-10 19:00:00,273.2056,273.3862
Nasice,Nasice_2025-07-18_12-27_tf_1h,2021-01-10 20:00:00,272.45303,273.0663
Nasice,Nasice_2025-07-18_12-27_tf_1h,2021-01-10 21:00:00,272.3604,272.032
Nasice,Nasice_2025-07-18_12-27_tf_1h,2021-01-10 22:00:00,272.31836,272.5136
Nasice,Nasice_2025-07-18_12-27_tf_1h,2021-01-10 23:00:00,272.25296,272.4572
Nasice,Nasice_2025-07-18_12-27_tf_1h,2021-01-11 00:00:00,272.172,272.40582
Nasice,Nasice_2025-07-18_12-27_tf_1h,2021-01-11 01:00:00,272.0543,272.29672
Nasice,Nasice_2025-07-18_12-27_tf_1h,2021-01-11 02:00:00,271.81677,272.17365
Nasice,Nasice_2025-07-18_12-27_tf_1h,2021-01-11 03:00:00,271.7556,271.8609
Nasice,Nasice_2025-07-18_12-27_tf_1h,2021-01-11 04:00:00,271.7125,272.02515
Nasice,Nasice_2025-07-18_12-27_tf_1h,2021-01-11 05:00:00,271.71674,272.04022
Nasice,Nasice_2025-07-18_12-27_tf_1h,2021-01-11 06:00:00,271.72202,272.17853
Nasice,Nasice_2025-07-18_12-27_tf_1h,2021-01-11 07:00:00,271.7206,272.2172
Nasice,Nasice_2025-07-18_12-27_tf_1h,2021-01-11 08:00:00,271.18933,272.23883
Nasice,Nasice_2025-07-18_12-27_tf_1h,2021-01-11 09:00:00,271.43463,271.27985
Nasice,Nasice_2025-07-18_12-27_tf_1h,2021-01-11 10:00:00,272.0893,272.28745
Nasice,Nasice_2025-07-18_12-27_tf_1h,2021-01-11 11:00:00,272.5955,273.0263
Nasice,Nasice_2025-07-18_12-27_tf_1h,2021-01-11 12:00:00,273.14975,273.33505
Nasice,Nasice_2025-07-18_12-27_tf_1h,2021-01-11 13:00:00,273.4474,273.85062
Nasice,Nasice_2025-07-18_12-27_tf_1h,2021-01-11 14:00:00,273.38657,273.8373
Nasice,Nasice_2025-07-18_12-27_tf_1h,2021-01-11 15:00:00,273.41238,273.4583
Nasice,Nasice_2025-07-18_12-27_tf_1h,2021-01-11 16:00:00,273.1105,273.57877
Nasice,Nasice_2025-07-18_12-27_tf_1h,2021-01-11 17:00:00,272.73618,272.93405
Nasice,Nasice_2025-07-18_12-27_tf_1h,2021-01-11 18:00:00,272.36078,272.60114
Nasice,Nasice_2025-07-18_12-27_tf_1h,2021-01-11 19:00:00,272.01224,272.23688
Nasice,Nasice_2025-07-18_12-27_tf_1h,2021-01-11 20:00:00,271.82877,271.96588
Nasice,Nasice_2025-07-18_12-27_tf_1h,2021-01-11 21:00:00,271.31058,271.93747
Nasice,Nasice_2025-07-18_12-27_tf_1h,2021-01-11 22:00:00,270.86307,271.14093
Nasice,Nasice_2025-07-18_12-27_tf_1h,2021-01-11 23:00:00,270.06525,270.82397
Nasice,Nasice_2025-07-18_12-27_tf_1h,2021-01-12 00:00:00,269.8277,269.7753
Nasice,Nasice_2025-07-18_12-27_tf_1h,2021-01-12 01:00:00,269.9751,270.11798
Nasice,Nasice_2025-07-18_12-27_tf_1h,2021-01-12 02:00:00,269.8058,270.50342
Nasice,Nasice_2025-07-18_12-27_tf_1h,2021-01-12 03:00:00,270.0232,270.07443
Nasice,Nasice_2025-07-18_12-27_tf_1h,2021-01-12 04:00:00,270.47247,270.6952
Nasice,Nasice_2025-07-18_12-27_tf_1h,2021-01-12 05:00:00,270.87296,271.27713
Nasice,Nasice_2025-07-18_12-27_tf_1h,2021-01-12 06:00:00,270.92386,271.64194
Nasice,Nasice_2025-07-18_12-27_tf_1h,2021-01-12 07:00:00,270.77963,271.41003
Nasice,Nasice_2025-07-18_12-27_tf_1h,2021-01-12 08:00:00,270.35617,271.257
Nasice,Nasice_2025-07-18_12-27_tf_1h,2021-01-12 09:00:00,270.93906,270.7055
Nasice,Nasice_2025-07-18_12-27_tf_1h,2021-01-12 10:00:00,272.5665,272.1726
Nasice,Nasice_2025-07-18_12-27_tf_1h,2021-01-12 11:00:00,273.56967,274.3898
Nasice,Nasice_2025-07-18_12-27_tf_1h,2021-01-12 12:00:00,273.8896,274.55896
Nasice,Nasice_2025-07-18_12-27_tf_1h,2021-01-12 13:00:00,274.10416,274.21143
Nasice,Nasice_2025-07-18_12-27_tf_1h,2021-01-12 14:00:00,274.20596,274.42032
Nasice,Nasice_2025-07-18_12-27_tf_1h,2021-01-12 15:00:00,274.06454,274.32303
Nasice,Nasice_2025-07-18_12-27_tf_1h,2021-01-12 16:00:00,273.63684,273.96887
Nasice,Nasice_2025-07-18_12-27_tf_1h,2021-01-12 17:00:00,273.0338,273.31915
Nasice,Nasice_2025-07-18_12-27_tf_1h,2021-01-12 18:00:00,272.0879,272.64026
Nasice,Nasice_2025-07-18_12-27_tf_1h,2021-01-12 19:00:00,271.92456,271.4991
Nasice,Nasice_2025-07-18_12-27_tf_1h,2021-01-12 20:00:00,271.90582,272.01868
Nasice,Nasice_2025-07-18_12-27_tf_1h,2021-01-12 21:00:00,271.8097,272.07736
Nasice,Nasice_2025-07-18_12-27_tf_1h,2021-01-12 22:00:00,271.70047,271.97983
Nasice,Nasice_2025-07-18_12-27_tf_1h,2021-01-12 23:00:00,271.24057,271.84076
Nasice,Nasice_2025-07-18_12-27_tf_1h,2021-01-13 00:00:00,270.7312,271.12814
Nasice,Nasice_2025-07-18_12-27_tf_1h,2021-01-13 01:00:00,270.70966,270.63162
Nasice,Nasice_2025-07-18_12-27_tf_1h,2021-01-13 02:00:00,271.01154,271.04626
Nasice,Nasice_2025-07-18_12-27_tf_1h,2021-01-13 03:00:00,271.36606,271.58325
Nasice,Nasice_2025-07-18_12-27_tf_1h,2021-01-13 04:00:00,271.86978,271.94418
Nasice,Nasice_2025-07-18_12-27_tf_1h,2021-01-13 05:00:00,271.65982,272.57367
Nasice,Nasice_2025-07-18_12-27_tf_1h,2021-01-13 06:00:00,270.8178,271.74658
Nasice,Nasice_2025-07-18_12-27_tf_1h,2021-01-13 07:00:00,270.17838,270.66855
Nasice,Nasice_2025-07-18_12-27_tf_1h,2021-01-13 08:00:00,270.5764,270.5512
Nasice,Nasice_2025-07-18_12-27_tf_1h,2021-01-13 09:00:00,271.36182,271.75366
Nasice,Nasice_2025-07-18_12-27_tf_1h,2021-01-13 10:00:00,273.54846,272.5632
Nasice,Nasice_2025-07-18_12-27_tf_1h,2021-01-13 11:00:00,275.3986,275.79047
Nasice,Nasice_2025-07-18_12-27_tf_1h,2021-01-13 12:00:00,276.15045,277.04758
Nasice,Nasice_2025-07-18_12-27_tf_1h,2021-01-13 13:00:00,276.4343,276.52756
Nasice,Nasice_2025-07-18_12-27_tf_1h,2021-01-13 14:00:00,276.47815,276.6179
Nasice,Nasice_2025-07-18_12-27_tf_1h,2021-01-13 15:00:00,276.1957,276.40192
Nasice,Nasice_2025-07-18_12-27_tf_1h,2021-01-13 16:00:00,275.26746,275.83014
Nasice,Nasice_2025-07-18_12-27_tf_1h,2021-01-13 17:00:00,274.36008,274.4405
Nasice,Nasice_2025-07-18_12-27_tf_1h,2021-01-13 18:00:00,273.08118,273.673
Nasice,Nasice_2025-07-18_12-27_tf_1h,2021-01-13 19:00:00,272.31342,272.1737
Nasice,Nasice_2025-07-18_12-27_tf_1h,2021-01-13 20:00:00,271.57428,271.9494
Nasice,Nasice_2025-07-18_12-27_tf_1h,2021-01-13 21:00:00,270.6188,271.2508
Nasice,Nasice_2025-07-18_12-27_tf_1h,2021-01-13 22:00:00,269.511,270.26456
Nasice,Nasice_2025-07-18_12-27_tf_1h,2021-01-13 23:00:00,268.30066,269.1289
Nasice,Nasice_2025-07-18_12-27_tf_1h,2021-01-14 00:00:00,267.28406,267.963
Nasice,Nasice_2025-07-18_12-27_tf_1h,2021-01-14 01:00:00,266.57956,267.1969
Nasice,Nasice_2025-07-18_12-27_tf_1h,2021-01-14 02:00:00,266.34415,266.73355
Nasice,Nasice_2025-07-18_12-27_tf_1h,2021-01-14 03:00:00,266.94293,266.8737
Nasice,Nasice_2025-07-18_12-27_tf_1h,2021-01-14 04:00:00,267.2816,268.18524
Nasice,Nasice_2025-07-18_12-27_tf_1h,2021-01-14 05:00:00,268.59583,268.34982
Nasice,Nasice_2025-07-18_12-27_tf_1h,2021-01-14 06:00:00,271.5421,270.72687
Nasice,Nasice_2025-07-18_12-27_tf_1h,2021-01-14 07:00:00,272.049,274.71072
Nasice,Nasice_2025-07-18_12-27_tf_1h,2021-01-14 08:00:00,271.7846,273.13455
Nasice,Nasice_2025-07-18_12-27_tf_1h,2021-01-14 09:00:00,272.20737,273.7401
Nasice,Nasice_2025-07-18_12-27_tf_1h,2021-01-14 10:00:00,273.0027,273.84784
Nasice,Nasice_2025-07-18_12-27_tf_1h,2021-01-14 11:00:00,274.014,274.17908
Nasice,Nasice_2025-07-18_12-27_tf_1h,2021-01-14 12:00:00,275.17908,275.17685
Nasice,Nasice_2025-07-18_12-27_tf_1h,2021-01-14 13:00:00,275.8369,276.23517
Nasice,Nasice_2025-07-18_12-27_tf_1h,2021-01-14 14:00:00,275.9783,276.2997
Nasice,Nasice_2025-07-18_12-27_tf_1h,2021-01-14 15:00:00,275.55167,275.99298
Nasice,Nasice_2025-07-18_12-27_tf_1h,2021-01-14 16:00:00,274.7574,275.0972
Nasice,Nasice_2025-07-18_12-27_tf_1h,2021-01-14 17:00:00,273.73688,274.07037
Nasice,Nasice_2025-07-18_12-27_tf_1h,2021-01-14 18:00:00,273.31128,272.95618
Nasice,Nasice_2025-07-18_12-27_tf_1h,2021-01-14 19:00:00,272.66052,273.04025
Nasice,Nasice_2025-07-18_12-27_tf_1h,2021-01-14 20:00:00,272.4336,272.2664
Nasice,Nasice_2025-07-18_12-27_tf_1h,2021-01-14 21:00:00,272.04016,272.4207
Nasice,Nasice_2025-07-18_12-27_tf_1h,2021-01-14 22:00:00,271.55695,271.8853
Nasice,Nasice_2025-07-18_12-27_tf_1h,2021-01-14 23:00:00,271.12888,271.44437
Nasice,Nasice_2025-07-18_12-27_tf_1h,2021-01-15 00:00:00,270.73865,271.07773
Nasice,Nasice_2025-07-18_12-27_tf_1h,2021-01-15 01:00:00,270.44418,270.7694
Nasice,Nasice_2025-07-18_12-27_tf_1h,2021-01-15 02:00:00,269.9486,270.5774
Nasice,Nasice_2025-07-18_12-27_tf_1h,2021-01-15 03:00:00,269.3915,269.98413
Nasice,Nasice_2025-07-18_12-27_tf_1h,2021-01-15 04:00:00,268.67676,269.53616
Nasice,Nasice_2025-07-18_12-27_tf_1h,2021-01-15 05:00:00,267.84113,268.83884
Nasice,Nasice_2025-07-18_12-27_tf_1h,2021-01-15 06:00:00,267.0094,268.06314
Nasice,Nasice_2025-07-18_12-27_tf_1h,2021-01-15 07:00:00,266.34485,267.55536
Nasice,Nasice_2025-07-18_12-27_tf_1h,2021-01-15 08:00:00,266.8945,267.37006
Nasice,Nasice_2025-07-18_12-27_tf_1h,2021-01-15 09:00:00,268.64108,269.07898
Nasice,Nasice_2025-07-18_12-27_tf_1h,2021-01-15 10:00:00,272.3604,271.28098
Nasice,Nasice_2025-07-18_12-27_tf_1h,2021-01-15 11:00:00,274.21796,275.7675
Nasice,Nasice_2025-07-18_12-27_tf_1h,2021-01-15 12:00:00,274.9624,275.79462
Nasice,Nasice_2025-07-18_12-27_tf_1h,2021-01-15 13:00:00,275.0027,275.46353
Nasice,Nasice_2025-07-18_12-27_tf_1h,2021-01-15 14:00:00,275.049,275.25467
Nasice,Nasice_2025-07-18_12-27_tf_1h,2021-01-15 15:00:00,274.7535,275.253
Nasice,Nasice_2025-07-18_12-27_tf_1h,2021-01-15 16:00:00,273.72592,274.58005
Nasice,Nasice_2025-07-18_12-27_tf_1h,2021-01-15 17:00:00,272.3219,272.97275
Nasice,Nasice_2025-07-18_12-27_tf_1h,2021-01-15 18:00:00,271.32294,271.39862
Nasice,Nasice_2025-07-18_12-27_tf_1h,2021-01-15 19:00:00,270.14584,270.83997
Nasice,Nasice_2025-07-18_12-27_tf_1h,2021-01-15 20:00:00,268.89874,269.5911
Nasice,Nasice_2025-07-18_12-27_tf_1h,2021-01-15 21:00:00,267.54138,268.47052
Nasice,Nasice_2025-07-18_12-27_tf_1h,2021-01-15 22:00:00,266.69513,267.17303
Nasice,Nasice_2025-07-18_12-27_tf_1h,2021-01-15 23:00:00,267.12817,266.7271
Nasice,Nasice_2025-07-18_12-27_tf_1h,2021-01-16 00:00:00,267.43393,267.93488
Nasice,Nasice_2025-07-18_12-27_tf_1h,2021-01-16 01:00:00,267.7828,268.16495
Nasice,Nasice_2025-07-18_12-27_tf_1h,2021-01-16 02:00:00,267.2996,268.5902
Nasice,Nasice_2025-07-18_12-27_tf_1h,2021-01-16 03:00:00,266.40353,267.46143
Nasice,Nasice_2025-07-18_12-27_tf_1h,2021-01-16 04:00:00,265.9539,266.48047
Nasice,Nasice_2025-07-18_12-27_tf_1h,2021-01-16 05:00:00,265.93268,266.5347
Nasice,Nasice_2025-07-18_12-27_tf_1h,2021-01-16 06:00:00,266.18295,267.13715
Nasice,Nasice_2025-07-18_12-27_tf_1h,2021-01-16 07:00:00,266.6004,268.16638
Nasice,Nasice_2025-07-18_12-27_tf_1h,2021-01-16 08:00:00,266.88177,269.23987
Nasice,Nasice_2025-07-18_12-27_tf_1h,2021-01-16 09:00:00,268.99597,269.33472
Nasice,Nasice_2025-07-18_12-27_tf_1h,2021-01-16 10:00:00,271.46185,272.2586
Nasice,Nasice_2025-07-18_12-27_tf_1h,2021-01-16 11:00:00,272.67856,273.81244
Nasice,Nasice_2025-07-18_12-27_tf_1h,2021-01-16 12:00:00,273.21655,273.81357
Nasice,Nasice_2025-07-18_12-27_tf_1h,2021-01-16 13:00:00,273.4251,273.84735
Nasice,Nasice_2025-07-18_12-27_tf_1h,2021-01-16 14:00:00,273.28442,273.7711
Nasice,Nasice_2025-07-18_12-27_tf_1h,2021-01-16 15:00:00,272.84503,273.1847
Nasice,Nasice_2025-07-18_12-27_tf_1h,2021-01-16 16:00:00,272.3399,272.56885
Nasice,Nasice_2025-07-18_12-27_tf_1h,2021-01-16 17:00:00,271.4813,272.0364
Nasice,Nasice_2025-07-18_12-27_tf_1h,2021-01-16 18:00:00,270.71567,270.98126
Nasice,Nasice_2025-07-18_12-27_tf_1h,2021-01-16 19:00:00,269.9341,270.39526
Nasice,Nasice_2025-07-18_12-27_tf_1h,2021-01-16 20:00:00,268.98926,269.66385
Nasice,Nasice_2025-07-18_12-27_tf_1h,2021-01-16 21:00:00,268.4608,268.72577
Nasice,Nasice_2025-07-18_12-27_tf_1h,2021-01-16 22:00:00,268.60855,268.54706
Nasice,Nasice_2025-07-18_12-27_tf_1h,2021-01-16 23:00:00,269.17163,269.12027
Nasice,Nasice_2025-07-18_12-27_tf_1h,2021-01-17 00:00:00,269.7093,269.97644
Nasice,Nasice_2025-07-18_12-27_tf_1h,2021-01-17 01:00:00,270.15927,270.4947
Nasice,Nasice_2025-07-18_12-27_tf_1h,2021-01-17 02:00:00,270.66583,270.81277
Nasice,Nasice_2025-07-18_12-27_tf_1h,2021-01-17 03:00:00,271.36606,271.30234
Nasice,Nasice_2025-07-18_12-27_tf_1h,2021-01-17 04:00:00,271.29468,272.1604
Nasice,Nasice_2025-07-18_12-27_tf_1h,2021-01-17 05:00:00,271.19604,271.4209
Nasice,Nasice_2025-07-18_12-27_tf_1h,2021-01-17 06:00:00,271.10095,271.54968
Nasice,Nasice_2025-07-18_12-27_tf_1h,2021-01-17 07:00:00,271.04724,271.62094
Nasice,Nasice_2025-07-18_12-27_tf_1h,2021-01-17 08:00:00,271.08115,271.9156
Nasice,Nasice_2025-07-18_12-27_tf_1h,2021-01-17 09:00:00,271.3325,271.8595
Nasice,Nasice_2025-07-18_12-27_tf_1h,2021-01-17 10:00:00,270.93518,272.06393
Nasice,Nasice_2025-07-18_12-27_tf_1h,2021-01-17 11:00:00,272.6736,270.94397
Nasice,Nasice_2025-07-18_12-27_tf_1h,2021-01-17 12:00:00,273.10803,274.5387
Nasice,Nasice_2025-07-18_12-27_tf_1h,2021-01-17 13:00:00,273.29785,273.5339
Nasice,Nasice_2025-07-18_12-27_tf_1h,2021-01-17 14:00:00,273.30103,273.43152
Nasice,Nasice_2025-07-18_12-27_tf_1h,2021-01-17 15:00:00,273.01685,273.3157
Nasice,Nasice_2025-07-18_12-27_tf_1h,2021-01-17 16:00:00,272.28867,272.8697
Nasice,Nasice_2025-07-18_12-27_tf_1h,2021-01-17 17:00:00,271.09387,271.8218
Nasice,Nasice_2025-07-18_12-27_tf_1h,2021-01-17 18:00:00,269.786,270.39584
Nasice,Nasice_2025-07-18_12-27_tf_1h,2021-01-17 19:00:00,268.1918,269.14944
Nasice,Nasice_2025-07-18_12-27_tf_1h,2021-01-17 20:00:00,267.83655,267.58997
Nasice,Nasice_2025-07-18_12-27_tf_1h,2021-01-17 21:00:00,267.86624,268.23492
Nasice,Nasice_2025-07-18_12-27_tf_1h,2021-01-17 22:00:00,267.77716,268.4323
Nasice,Nasice_2025-07-18_12-27_tf_1h,2021-01-17 23:00:00,267.53503,268.3786
Nasice,Nasice_2025-07-18_12-27_tf_1h,2021-01-18 00:00:00,266.49048,268.03644
Nasice,Nasice_2025-07-18_12-27_tf_1h,2021-01-18 01:00:00,265.67004,266.5585
Nasice,Nasice_2025-07-18_12-27_tf_1h,2021-01-18 02:00:00,265.25082,266.2157
Nasice,Nasice_2025-07-18_12-27_tf_1h,2021-01-18 03:00:00,265.06876,266.07104
Nasice,Nasice_2025-07-18_12-27_tf_1h,2021-01-18 04:00:00,264.97263,266.16495
Nasice,Nasice_2025-07-18_12-27_tf_1h,2021-01-18 05:00:00,264.7188,266.27856
Nasice,Nasice_2025-07-18_12-27_tf_1h,2021-01-18 06:00:00,264.34625,266.078
Nasice,Nasice_2025-07-18_12-27_tf_1h,2021-01-18 07:00:00,264.3413,265.91986
Nasice,Nasice_2025-07-18_12-27_tf_1h,2021-01-18 08:00:00,266.2441,266.39618
Nasice,Nasice_2025-07-18_12-27_tf_1h,2021-01-18 09:00:00,266.97794,269.6454
Nasice,Nasice_2025-07-18_12-27_tf_1h,2021-01-18 10:00:00,267.7404,268.81
Nasice,Nasice_2025-07-18_12-27_tf_1h,2021-01-18 11:00:00,271.61563,269.9301
Nasice,Nasice_2025-07-18_12-27_tf_1h,2021-01-18 12:00:00,272.74854,275.0833
Nasice,Nasice_2025-07-18_12-27_tf_1h,2021-01-18 13:00:00,273.5672,273.96896
Nasice,Nasice_2025-07-18_12-27_tf_1h,2021-01-18 14:00:00,274.037,274.23834
Nasice,Nasice_2025-07-18_12-27_tf_1h,2021-01-18 15:00:00,273.90585,274.54327
Nasice,Nasice_2025-07-18_12-27_tf_1h,2021-01-18 16:00:00,273.24307,273.83554
Nasice,Nasice_2025-07-18_12-27_tf_1h,2021-01-18 17:00:00,272.07303,272.81848
Nasice,Nasice_2025-07-18_12-27_tf_1h,2021-01-18 18:00:00,271.33636,271.3028
Nasice,Nasice_2025-07-18_12-27_tf_1h,2021-01-18 19:00:00,270.9122,271.00067
Nasice,Nasice_2025-07-18_12-27_tf_1h,2021-01-18 20:00:00,270.54422,270.8146
Nasice,Nasice_2025-07-18_12-27_tf_1h,2021-01-18 21:00:00,269.78,270.5494
Nasice,Nasice_2025-07-18_12-27_tf_1h,2021-01-18 22:00:00,269.19885,269.55234
Nasice,Nasice_2025-07-18_12-27_tf_1h,2021-01-18 23:00:00,268.65274,269.15176
Nasice,Nasice_2025-07-18_12-27_tf_1h,2021-01-19 00:00:00,268.377,268.6143
Nasice,Nasice_2025-07-18_12-27_tf_1h,2021-01-19 01:00:00,268.599,268.58667
Nasice,Nasice_2025-07-18_12-27_tf_1h,2021-01-19 02:00:00,268.9818,269.13358
Nasice,Nasice_2025-07-18_12-27_tf_1h,2021-01-19 03:00:00,268.72803,269.6743
Nasice,Nasice_2025-07-18_12-27_tf_1h,2021-01-19 04:00:00,268.53183,269.01035
Nasice,Nasice_2025-07-18_12-27_tf_1h,2021-01-19 05:00:00,268.4145,268.84885
Nasice,Nasice_2025-07-18_12-27_tf_1h,2021-01-19 06:00:00,267.798,268.85184
Nasice,Nasice_2025-07-18_12-27_tf_1h,2021-01-19 07:00:00,267.60608,268.10135
Nasice,Nasice_2025-07-18_12-27_tf_1h,2021-01-19 08:00:00,267.9737,268.69193
Nasice,Nasice_2025-07-18_12-27_tf_1h,2021-01-19 09:00:00,270.0168,269.74234
Nasice,Nasice_2025-07-18_12-27_tf_1h,2021-01-19 10:00:00,272.18048,273.03082
Nasice,Nasice_2025-07-18_12-27_tf_1h,2021-01-19 11:00:00,275.87192,274.34988
Nasice,Nasice_2025-07-18_12-27_tf_1h,2021-01-19 12:00:00,277.21408,278.63907
Nasice,Nasice_2025-07-18_12-27_tf_1h,2021-01-19 13:00:00,277.7047,278.2473
Nasice,Nasice_2025-07-18_12-27_tf_1h,2021-01-19 14:00:00,277.6075,277.9071
Nasice,Nasice_2025-07-18_12-27_tf_1h,2021-01-19 15:00:00,276.97195,277.43448
Nasice,Nasice_2025-07-18_12-27_tf_1h,2021-01-19 16:00:00,276.13245,276.31116
Nasice,Nasice_2025-07-18_12-27_tf_1h,2021-01-19 17:00:00,274.92776,275.36826
Nasice,Nasice_2025-07-18_12-27_tf_1h,2021-01-19 18:00:00,273.90903,273.92694
Nasice,Nasice_2025-07-18_12-27_tf_1h,2021-01-19 19:00:00,273.69022,273.1874
Nasice,Nasice_2025-07-18_12-27_tf_1h,2021-01-19 20:00:00,273.9571,273.5856
Nasice,Nasice_2025-07-18_12-27_tf_1h,2021-01-19 21:00:00,274.6464,274.22867
Nasice,Nasice_2025-07-18_12-27_tf_1h,2021-01-19 22:00:00,275.53363,275.2474
Nasice,Nasice_2025-07-18_12-27_tf_1h,2021-01-19 23:00:00,276.40143,276.3084
Nasice,Nasice_2025-07-18_12-27_tf_1h,2021-01-20 00:00:00,277.12643,277.10577
Nasice,Nasice_2025-07-18_12-27_tf_1h,2021-01-20 01:00:00,277.47708,277.65994
Nasice,Nasice_2025-07-18_12-27_tf_1h,2021-01-20 02:00:00,277.63934,277.7159
Nasice,Nasice_2025-07-18_12-27_tf_1h,2021-01-20 03:00:00,277.7316,277.69852
Nasice,Nasice_2025-07-18_12-27_tf_1h,2021-01-20 04:00:00,277.82242,277.713
Nasice,Nasice_2025-07-18_12-27_tf_1h,2021-01-20 05:00:00,277.94687,277.7705
Nasice,Nasice_2025-07-18_12-27_tf_1h,2021-01-20 06:00:00,278.06458,277.9401
Nasice,Nasice_2025-07-18_12-27_tf_1h,2021-01-20 07:00:00,277.961,278.14563
Nasice,Nasice_2025-07-18_12-27_tf_1h,2021-01-20 08:00:00,278.50076,277.9901
Nasice,Nasice_2025-07-18_12-27_tf_1h,2021-01-20 09:00:00,279.17026,279.25623
Nasice,Nasice_2025-07-18_12-27_tf_1h,2021-01-20 10:00:00,280.53082,279.73965
Nasice,Nasice_2025-07-18_12-27_tf_1h,2021-01-20 11:00:00,281.73267,281.50885
Nasice,Nasice_2025-07-18_12-27_tf_1h,2021-01-20 12:00:00,281.62344,282.52884
Nasice,Nasice_2025-07-18_12-27_tf_1h,2021-01-20 13:00:00,283.56122,281.40262
Nasice,Nasice_2025-07-18_12-27_tf_1h,2021-01-20 14:00:00,283.93945,284.44333
Nasice,Nasice_2025-07-18_12-27_tf_1h,2021-01-20 15:00:00,283.77472,284.28403
Nasice,Nasice_2025-07-18_12-27_tf_1h,2021-01-20 16:00:00,283.03595,283.36594
Nasice,Nasice_2025-07-18_12-27_tf_1h,2021-01-20 17:00:00,281.9518,282.2084
Nasice,Nasice_2025-07-18_12-27_tf_1h,2021-01-20 18:00:00,281.2332,280.91525
Nasice,Nasice_2025-07-18_12-27_tf_1h,2021-01-20 19:00:00,280.55487,280.44806
Nasice,Nasice_2025-07-18_12-27_tf_1h,2021-01-20 20:00:00,280.35196,279.8818
Nasice,Nasice_2025-07-18_12-27_tf_1h,2021-01-20 21:00:00,280.00766,280.08057
Nasice,Nasice_2025-07-18_12-27_tf_1h,2021-01-20 22:00:00,279.65277,279.70956
Nasice,Nasice_2025-07-18_12-27_tf_1h,2021-01-20 23:00:00,278.9458,279.36032
Nasice,Nasice_2025-07-18_12-27_tf_1h,2021-01-21 00:00:00,278.23035,278.3928
Nasice,Nasice_2025-07-18_12-27_tf_1h,2021-01-21 01:00:00,277.66125,277.66794
Nasice,Nasice_2025-07-18_12-27_tf_1h,2021-01-21 02:00:00,277.45303,277.234
Nasice,Nasice_2025-07-18_12-27_tf_1h,2021-01-21 03:00:00,277.22964,277.34915
Nasice,Nasice_2025-07-18_12-27_tf_1h,2021-01-21 04:00:00,276.81818,277.1354
Nasice,Nasice_2025-07-18_12-27_tf_1h,2021-01-21 05:00:00,276.59055,276.61148
Nasice,Nasice_2025-07-18_12-27_tf_1h,2021-01-21 06:00:00,276.30386,276.6472
Nasice,Nasice_2025-07-18_12-27_tf_1h,2021-01-21 07:00:00,276.00128,276.48425
Nasice,Nasice_2025-07-18_12-27_tf_1h,2021-01-21 08:00:00,276.8599,276.64383
Nasice,Nasice_2025-07-18_12-27_tf_1h,2021-01-21 09:00:00,278.82385,278.34888
Nasice,Nasice_2025-07-18_12-27_tf_1h,2021-01-21 10:00:00,282.12643,280.64587
Nasice,Nasice_2025-07-18_12-27_tf_1h,2021-01-21 11:00:00,284.1063,284.40927
Nasice,Nasice_2025-07-18_12-27_tf_1h,2021-01-21 12:00:00,285.2523,285.5768
Nasice,Nasice_2025-07-18_12-27_tf_1h,2021-01-21 13:00:00,286.1625,285.7878
Nasice,Nasice_2025-07-18_12-27_tf_1h,2021-01-21 14:00:00,286.66977,286.5946
Nasice,Nasice_2025-07-18_12-27_tf_1h,2021-01-21 15:00:00,286.45166,286.89517
Nasice,Nasice_2025-07-18_12-27_tf_1h,2021-01-21 16:00:00,285.43008,286.11215
Nasice,Nasice_2025-07-18_12-27_tf_1h,2021-01-21 17:00:00,283.6998,284.34
Nasice,Nasice_2025-07-18_12-27_tf_1h,2021-01-21 18:00:00,282.43396,282.06674
Nasice,Nasice_2025-07-18_12-27_tf_1h,2021-01-21 19:00:00,281.48947,281.23608
Nasice,Nasice_2025-07-18_12-27_tf_1h,2021-01-21 20:00:00,281.46472,280.5248
Nasice,Nasice_2025-07-18_12-27_tf_1h,2021-01-21 21:00:00,281.02606,281.14026
Nasice,Nasice_2025-07-18_12-27_tf_1h,2021-01-21 22:00:00,280.41064,280.5771
Nasice,Nasice_2025-07-18_12-27_tf_1h,2021-01-21 23:00:00,279.8546,279.9071
Nasice,Nasice_2025-07-18_12-27_tf_1h,2021-01-22 00:00:00,279.36398,279.4037
Nasice,Nasice_2025-07-18_12-27_tf_1h,2021-01-22 01:00:00,279.14093,278.96838
Nasice,Nasice_2025-07-18_12-27_tf_1h,2021-01-22 02:00:00,278.90408,278.93216
Nasice,Nasice_2025-07-18_12-27_tf_1h,2021-01-22 03:00:00,278.74396,278.71198
Nasice,Nasice_2025-07-18_12-27_tf_1h,2021-01-22 04:00:00,278.64285,278.637
Nasice,Nasice_2025-07-18_12-27_tf_1h,2021-01-22 05:00:00,278.79062,278.62692
Nasice,Nasice_2025-07-18_12-27_tf_1h,2021-01-22 06:00:00,279.00803,279.02484
Nasice,Nasice_2025-07-18_12-27_tf_1h,2021-01-22 07:00:00,278.955,279.94565
Nasice,Nasice_2025-07-18_12-27_tf_1h,2021-01-22 08:00:00,279.73407,279.8511
Nasice,Nasice_2025-07-18_12-27_tf_1h,2021-01-22 09:00:00,281.7026,280.74973
Nasice,Nasice_2025-07-18_12-27_tf_1h,2021-01-22 10:00:00,283.96808,283.3072
Nasice,Nasice_2025-07-18_12-27_tf_1h,2021-01-22 11:00:00,285.43503,285.59134
Nasice,Nasice_2025-07-18_12-27_tf_1h,2021-01-22 12:00:00,285.98755,286.42426
Nasice,Nasice_2025-07-18_12-27_tf_1h,2021-01-22 13:00:00,286.7274,286.2302
Nasice,Nasice_2025-07-18_12-27_tf_1h,2021-01-22 14:00:00,287.48737,286.9956
Nasice,Nasice_2025-07-18_12-27_tf_1h,2021-01-22 15:00:00,287.47003,287.80267
Nasice,Nasice_2025-07-18_12-27_tf_1h,2021-01-22 16:00:00,286.49725,287.21942
Nasice,Nasice_2025-07-18_12-27_tf_1h,2021-01-22 17:00:00,285.29965,285.42535
Nasice,Nasice_2025-07-18_12-27_tf_1h,2021-01-22 18:00:00,284.3502,283.99164
Nasice,Nasice_2025-07-18_12-27_tf_1h,2021-01-22 19:00:00,283.60754,283.29892
Nasice,Nasice_2025-07-18_12-27_tf_1h,2021-01-22 20:00:00,283.19998,282.72162
Nasice,Nasice_2025-07-18_12-27_tf_1h,2021-01-22 21:00:00,282.80087,282.59924
Nasice,Nasice_2025-07-18_12-27_tf_1h,2021-01-22 22:00:00,282.57962,282.3149
Nasice,Nasice_2025-07-18_12-27_tf_1h,2021-01-22 23:00:00,282.36185,282.27084
Nasice,Nasice_2025-07-18_12-27_tf_1h,2021-01-23 00:00:00,282.19925,282.11
Nasice,Nasice_2025-07-18_12-27_tf_1h,2021-01-23 01:00:00,282.25546,282.0014
Nasice,Nasice_2025-07-18_12-27_tf_1h,2021-01-23 02:00:00,282.13846,282.23917
Nasice,Nasice_2025-07-18_12-27_tf_1h,2021-01-23 03:00:00,281.90515,282.02734
Nasice,Nasice_2025-07-18_12-27_tf_1h,2021-01-23 04:00:00,281.493,281.71652
Nasice,Nasice_2025-07-18_12-27_tf_1h,2021-01-23 05:00:00,281.24307,281.17877
Nasice,Nasice_2025-07-18_12-27_tf_1h,2021-01-23 06:00:00,280.89172,281.1607
Nasice,Nasice_2025-07-18_12-27_tf_1h,2021-01-23 07:00:00,280.77188,281.10596
Nasice,Nasice_2025-07-18_12-27_tf_1h,2021-01-23 08:00:00,281.2689,281.3502
Nasice,Nasice_2025-07-18_12-27_tf_1h,2021-01-23 09:00:00,282.265,282.06012
Nasice,Nasice_2025-07-18_12-27_tf_1h,2021-01-23 10:00:00,284.17346,283.2373
Nasice,Nasice_2025-07-18_12-27_tf_1h,2021-01-23 11:00:00,285.9444,285.57642
Nasice,Nasice_2025-07-18_12-27_tf_1h,2021-01-23 12:00:00,287.10806,287.22015
Nasice,Nasice_2025-07-18_12-27_tf_1h,2021-01-23 13:00:00,287.5061,287.82108
Nasice,Nasice_2025-07-18_12-27_tf_1h,2021-01-23 14:00:00,286.92285,287.663
Nasice,Nasice_2025-07-18_12-27_tf_1h,2021-01-23 15:00:00,285.9918,286.24548
Nasice,Nasice_2025-07-18_12-27_tf_1h,2021-01-23 16:00:00,285.40323,284.89688
Nasice,Nasice_2025-07-18_12-27_tf_1h,2021-01-23 17:00:00,283.46085,284.54938
Nasice,Nasice_2025-07-18_12-27_tf_1h,2021-01-23 18:00:00,282.00308,281.90204
Nasice,Nasice_2025-07-18_12-27_tf_1h,2021-01-23 19:00:00,280.86133,280.82404
Nasice,Nasice_2025-07-18_12-27_tf_1h,2021-01-23 20:00:00,280.20773,279.9393
Nasice,Nasice_2025-07-18_12-27_tf_1h,2021-01-23 21:00:00,279.2413,279.72458
Nasice,Nasice_2025-07-18_12-27_tf_1h,2021-01-23 22:00:00,278.65594,278.5955
Nasice,Nasice_2025-07-18_12-27_tf_1h,2021-01-23 23:00:00,278.2915,278.31265
Nasice,Nasice_2025-07-18_12-27_tf_1h,2021-01-24 00:00:00,278.3827,278.1064
Nasice,Nasice_2025-07-18_12-27_tf_1h,2021-01-24 01:00:00,278.43008,278.57788
Nasice,Nasice_2025-07-18_12-27_tf_1h,2021-01-24 02:00:00,278.7542,278.55045
Nasice,Nasice_2025-07-18_12-27_tf_1h,2021-01-24 03:00:00,278.39368,279.12714
Nasice,Nasice_2025-07-18_12-27_tf_1h,2021-01-24 04:00:00,277.9953,278.0376
Nasice,Nasice_2025-07-18_12-27_tf_1h,2021-01-24 05:00:00,277.78003,277.97852
Nasice,Nasice_2025-07-18_12-27_tf_1h,2021-01-24 06:00:00,277.72488,278.41516
Nasice,Nasice_2025-07-18_12-27_tf_1h,2021-01-24 07:00:00,277.43112,278.76764
Nasice,Nasice_2025-07-18_12-27_tf_1h,2021-01-24 08:00:00,277.1098,277.58463
Nasice,Nasice_2025-07-18_12-27_tf_1h,2021-01-24 09:00:00,279.41345,277.07877
Nasice,Nasice_2025-07-18_12-27_tf_1h,2021-01-24 10:00:00,281.54318,281.2366
Nasice,Nasice_2025-07-18_12-27_tf_1h,2021-01-24 11:00:00,282.64005,283.301
Nasice,Nasice_2025-07-18_12-27_tf_1h,2021-01-24 12:00:00,283.27985,283.31616
Nasice,Nasice_2025-07-18_12-27_tf_1h,2021-01-24 13:00:00,283.3983,283.50635
Nasice,Nasice_2025-07-18_12-27_tf_1h,2021-01-24 14:00:00,282.96384,283.21783
Nasice,Nasice_2025-07-18_12-27_tf_1h,2021-01-24 15:00:00,282.19962,282.31598
Nasice,Nasice_2025-07-18_12-27_tf_1h,2021-01-24 16:00:00,281.30106,281.31082
Nasice,Nasice_2025-07-18_12-27_tf_1h,2021-01-24 17:00:00,280.68457,280.34485
Nasice,Nasice_2025-07-18_12-27_tf_1h,2021-01-24 18:00:00,279.80264,279.96698
Nasice,Nasice_2025-07-18_12-27_tf_1h,2021-01-24 19:00:00,277.9684,278.98126
Nasice,Nasice_2025-07-18_12-27_tf_1h,2021-01-24 20:00:00,277.01154,276.60858
Nasice,Nasice_2025-07-18_12-27_tf_1h,2021-01-24 21:00:00,275.54105,276.3262
Nasice,Nasice_2025-07-18_12-27_tf_1h,2021-01-24 22:00:00,274.98926,274.51163
Nasice,Nasice_2025-07-18_12-27_tf_1h,2021-01-24 23:00:00,274.65982,274.75186
Nasice,Nasice_2025-07-18_12-27_tf_1h,2021-01-25 00:00:00,274.42618,274.53552
Nasice,Nasice_2025-07-18_12-27_tf_1h,2021-01-25 01:00:00,274.29184,274.44424
Nasice,Nasice_2025-07-18_12-27_tf_1h,2021-01-25 02:00:00,274.242,274.35898
Nasice,Nasice_2025-07-18_12-27_tf_1h,2021-01-25 03:00:00,274.2671,274.4051
Nasice,Nasice_2025-07-18_12-27_tf_1h,2021-01-25 04:00:00,274.15222,274.53406
Nasice,Nasice_2025-07-18_12-27_tf_1h,2021-01-25 05:00:00,274.07233,274.38467
Nasice,Nasice_2025-07-18_12-27_tf_1h,2021-01-25 06:00:00,273.698,274.9919
Nasice,Nasice_2025-07-18_12-27_tf_1h,2021-01-25 07:00:00,273.24164,274.86478
Nasice,Nasice_2025-07-18_12-27_tf_1h,2021-01-25 08:00:00,273.3908,273.81952
Nasice,Nasice_2025-07-18_12-27_tf_1h,2021-01-25 09:00:00,274.6531,273.8774
Nasice,Nasice_2025-07-18_12-27_tf_1h,2021-01-25 10:00:00,276.34064,276.04105
Nasice,Nasice_2025-07-18_12-27_tf_1h,2021-01-25 11:00:00,277.62024,277.92007
Nasice,Nasice_2025-07-18_12-27_tf_1h,2021-01-25 12:00:00,276.47495,278.55585
Nasice,Nasice_2025-07-18_12-27_tf_1h,2021-01-25 13:00:00,276.88675,275.29684
Nasice,Nasice_2025-07-18_12-27_tf_1h,2021-01-25 14:00:00,279.1685,277.39417
Nasice,Nasice_2025-07-18_12-27_tf_1h,2021-01-25 15:00:00,279.0554,280.6439
Nasice,Nasice_2025-07-18_12-27_tf_1h,2021-01-25 16:00:00,278.26605,279.06403
Nasice,Nasice_2025-07-18_12-27_tf_1h,2021-01-25 17:00:00,277.2392,277.42197
Nasice,Nasice_2025-07-18_12-27_tf_1h,2021-01-25 18:00:00,276.3226,276.2854
Nasice,Nasice_2025-07-18_12-27_tf_1h,2021-01-25 19:00:00,276.00766,275.50427
Nasice,Nasice_2025-07-18_12-27_tf_1h,2021-01-25 20:00:00,274.733,275.73834
Nasice,Nasice_2025-07-18_12-27_tf_1h,2021-01-25 21:00:00,274.72876,273.80347
Nasice,Nasice_2025-07-18_12-27_tf_1h,2021-01-25 22:00:00,274.65097,274.8624
Nasice,Nasice_2025-07-18_12-27_tf_1h,2021-01-25 23:00:00,274.22397,274.65936
Nasice,Nasice_2025-07-18_12-27_tf_1h,2021-01-26 00:00:00,273.9638,274.03165
Nasice,Nasice_2025-07-18_12-27_tf_1h,2021-01-26 01:00:00,273.63614,273.88638
Nasice,Nasice_2025-07-18_12-27_tf_1h,2021-01-26 02:00:00,273.5202,273.50687
Nasice,Nasice_2025-07-18_12-27_tf_1h,2021-01-26 03:00:00,273.08295,273.5668
Nasice,Nasice_2025-07-18_12-27_tf_1h,2021-01-26 04:00:00,272.81924,272.87384
Nasice,Nasice_2025-07-18_12-27_tf_1h,2021-01-26 05:00:00,272.6464,272.89313
Nasice,Nasice_2025-07-18_12-27_tf_1h,2021-01-26 06:00:00,272.66724,272.85828
Nasice,Nasice_2025-07-18_12-27_tf_1h,2021-01-26 07:00:00,272.52548,273.21426
Nasice,Nasice_2025-07-18_12-27_tf_1h,2021-01-26 08:00:00,272.68103,273.03445
Nasice,Nasice_2025-07-18_12-27_tf_1h,2021-01-26 09:00:00,273.66443,273.59613
Nasice,Nasice_2025-07-18_12-27_tf_1h,2021-01-26 10:00:00,274.90903,275.09622
Nasice,Nasice_2025-07-18_12-27_tf_1h,2021-01-26 11:00:00,276.0052,276.24536
Nasice,Nasice_2025-07-18_12-27_tf_1h,2021-01-26 12:00:00,275.86627,277.01987
Nasice,Nasice_2025-07-18_12-27_tf_1h,2021-01-26 13:00:00,276.42194,275.64203
Nasice,Nasice_2025-07-18_12-27_tf_1h,2021-01-26 14:00:00,277.2332,276.9717
Nasice,Nasice_2025-07-18_12-27_tf_1h,2021-01-26 15:00:00,277.29044,277.75708
Nasice,Nasice_2025-07-18_12-27_tf_1h,2021-01-26 16:00:00,276.87015,277.19144
Nasice,Nasice_2025-07-18_12-27_tf_1h,2021-01-26 17:00:00,275.69836,276.3856
Nasice,Nasice_2025-07-18_12-27_tf_1h,2021-01-26 18:00:00,274.5499,274.64584
Nasice,Nasice_2025-07-18_12-27_tf_1h,2021-01-26 19:00:00,273.3972,273.6758
Nasice,Nasice_2025-07-18_12-27_tf_1h,2021-01-26 20:00:00,272.7496,272.5998
Nasice,Nasice_2025-07-18_12-27_tf_1h,2021-01-26 21:00:00,272.33887,272.45975
Nasice,Nasice_2025-07-18_12-27_tf_1h,2021-01-26 22:00:00,272.6821,272.25327
Nasice,Nasice_2025-07-18_12-27_tf_1h,2021-01-26 23:00:00,272.82843,273.18805
Nasice,Nasice_2025-07-18_12-27_tf_1h,2021-01-27 00:00:00,271.20947,273.12448
Nasice,Nasice_2025-07-18_12-27_tf_1h,2021-01-27 01:00:00,271.70364,270.2336
Nasice,Nasice_2025-07-18_12-27_tf_1h,2021-01-27 02:00:00,272.74713,272.57233
Nasice,Nasice_2025-07-18_12-27_tf_1h,2021-01-27 03:00:00,273.25507,273.7985
Nasice,Nasice_2025-07-18_12-27_tf_1h,2021-01-27 04:00:00,273.25543,273.83643
Nasice,Nasice_2025-07-18_12-27_tf_1h,2021-01-27 05:00:00,272.97937,273.46985
Nasice,Nasice_2025-07-18_12-27_tf_1h,2021-01-27 06:00:00,272.59937,273.09796
Nasice,Nasice_2025-07-18_12-27_tf_1h,2021-01-27 07:00:00,272.20416,272.85754
Nasice,Nasice_2025-07-18_12-27_tf_1h,2021-01-27 08:00:00,272.1119,272.69263
Nasice,Nasice_2025-07-18_12-27_tf_1h,2021-01-27 09:00:00,273.51135,272.88562
Nasice,Nasice_2025-07-18_12-27_tf_1h,2021-01-27 10:00:00,274.9776,275.37384
Nasice,Nasice_2025-07-18_12-27_tf_1h,2021-01-27 11:00:00,275.39612,276.39725
Nasice,Nasice_2025-07-18_12-27_tf_1h,2021-01-27 12:00:00,276.23743,275.6446
Nasice,Nasice_2025-07-18_12-27_tf_1h,2021-01-27 13:00:00,277.05362,276.99423
Nasice,Nasice_2025-07-18_12-27_tf_1h,2021-01-27 14:00:00,277.23706,277.59
Nasice,Nasice_2025-07-18_12-27_tf_1h,2021-01-27 15:00:00,276.926,277.22406
Nasice,Nasice_2025-07-18_12-27_tf_1h,2021-01-27 16:00:00,276.36185,276.51816
Nasice,Nasice_2025-07-18_12-27_tf_1h,2021-01-27 17:00:00,275.29962,275.77512
Nasice,Nasice_2025-07-18_12-27_tf_1h,2021-01-27 18:00:00,274.22293,274.3754
Nasice,Nasice_2025-07-18_12-27_tf_1h,2021-01-27 19:00:00,273.18826,273.42737
Nasice,Nasice_2025-07-18_12-27_tf_1h,2021-01-27 20:00:00,272.13312,272.51596
Nasice,Nasice_2025-07-18_12-27_tf_1h,2021-01-27 21:00:00,271.18048,271.568
Nasice,Nasice_2025-07-18_12-27_tf_1h,2021-01-27 22:00:00,270.59265,270.78442
Nasice,Nasice_2025-07-18_12-27_tf_1h,2021-01-27 23:00:00,270.64426,270.53314
Nasice,Nasice_2025-07-18_12-27_tf_1h,2021-01-28 00:00:00,270.64212,271.1089
Nasice,Nasice_2025-07-18_12-27_tf_1h,2021-01-28 01:00:00,270.80475,271.0197
Nasice,Nasice_2025-07-18_12-27_tf_1h,2021-01-28 02:00:00,271.16388,271.31363
Nasice,Nasice_2025-07-18_12-27_tf_1h,2021-01-28 03:00:00,270.93198,271.77945
Nasice,Nasice_2025-07-18_12-27_tf_1h,2021-01-28 04:00:00,270.47034,271.064
Nasice,Nasice_2025-07-18_12-27_tf_1h,2021-01-28 05:00:00,270.15045,270.63358
Nasice,Nasice_2025-07-18_12-27_tf_1h,2021-01-28 06:00:00,270.04474,270.69025
Nasice,Nasice_2025-07-18_12-27_tf_1h,2021-01-28 07:00:00,269.99384,271.10052
Nasice,Nasice_2025-07-18_12-27_tf_1h,2021-01-28 08:00:00,270.99173,271.29388
Nasice,Nasice_2025-07-18_12-27_tf_1h,2021-01-28 09:00:00,273.73795,273.03864
Nasice,Nasice_2025-07-18_12-27_tf_1h,2021-01-28 10:00:00,276.19324,276.46317
Nasice,Nasice_2025-07-18_12-27_tf_1h,2021-01-28 11:00:00,278.21445,278.1761
Nasice,Nasice_2025-07-18_12-27_tf_1h,2021-01-28 12:00:00,279.28162,279.5791
Nasice,Nasice_2025-07-18_12-27_tf_1h,2021-01-28 13:00:00,280.15225,279.96475
Nasice,Nasice_2025-07-18_12-27_tf_1h,2021-01-28 14:00:00,280.82632,280.72247
Nasice,Nasice_2025-07-18_12-27_tf_1h,2021-01-28 15:00:00,280.79877,281.1361
Nasice,Nasice_2025-07-18_12-27_tf_1h,2021-01-28 16:00:00,279.4962,280.48587
Nasice,Nasice_2025-07-18_12-27_tf_1h,2021-01-28 17:00:00,277.79523,278.1887
Nasice,Nasice_2025-07-18_12-27_tf_1h,2021-01-28 18:00:00,276.9822,276.2921
Nasice,Nasice_2025-07-18_12-27_tf_1h,2021-01-28 19:00:00,276.78992,276.2225
Nasice,Nasice_2025-07-18_12-27_tf_1h,2021-01-28 20:00:00,276.66974,276.5252
Nasice,Nasice_2025-07-18_12-27_tf_1h,2021-01-28 21:00:00,276.96664,276.53256
Nasice,Nasice_2025-07-18_12-27_tf_1h,2021-01-28 22:00:00,276.66513,277.13718
Nasice,Nasice_2025-07-18_12-27_tf_1h,2021-01-28 23:00:00,276.6008,276.45862
Nasice,Nasice_2025-07-18_12-27_tf_1h,2021-01-29 00:00:00,276.88712,276.53223
Nasice,Nasice_2025-07-18_12-27_tf_1h,2021-01-29 01:00:00,277.05115,277.03537
Nasice,Nasice_2025-07-18_12-27_tf_1h,2021-01-29 02:00:00,277.48203,277.1402
Nasice,Nasice_2025-07-18_12-27_tf_1h,2021-01-29 03:00:00,277.94757,277.75217
Nasice,Nasice_2025-07-18_12-27_tf_1h,2021-01-29 04:00:00,278.3661,278.25067
Nasice,Nasice_2025-07-18_12-27_tf_1h,2021-01-29 05:00:00,278.534,278.63474
Nasice,Nasice_2025-07-18_12-27_tf_1h,2021-01-29 06:00:00,278.6662,278.60837
Nasice,Nasice_2025-07-18_12-27_tf_1h,2021-01-29 07:00:00,278.59198,278.85455
Nasice,Nasice_2025-07-18_12-27_tf_1h,2021-01-29 08:00:00,279.1936,278.7712
Nasice,Nasice_2025-07-18_12-27_tf_1h,2021-01-29 09:00:00,279.62732,280.08435
Nasice,Nasice_2025-07-18_12-27_tf_1h,2021-01-29 10:00:00,280.77472,280.0142
Nasice,Nasice_2025-07-18_12-27_tf_1h,2021-01-29 11:00:00,281.8387,281.66644
Nasice,Nasice_2025-07-18_12-27_tf_1h,2021-01-29 12:00:00,282.06775,282.54092
Nasice,Nasice_2025-07-18_12-27_tf_1h,2021-01-29 13:00:00,282.37848,282.0685
Nasice,Nasice_2025-07-18_12-27_tf_1h,2021-01-29 14:00:00,282.19113,282.34222
Nasice,Nasice_2025-07-18_12-27_tf_1h,2021-01-29 15:00:00,281.36044,281.7916
Nasice,Nasice_2025-07-18_12-27_tf_1h,2021-01-29 16:00:00,280.41345,280.505
Nasice,Nasice_2025-07-18_12-27_tf_1h,2021-01-29 17:00:00,280.0158,279.48892
Nasice,Nasice_2025-07-18_12-27_tf_1h,2021-01-29 18:00:00,279.88785,279.49768
Nasice,Nasice_2025-07-18_12-27_tf_1h,2021-01-29 19:00:00,279.73547,279.6284
Nasice,Nasice_2025-07-18_12-27_tf_1h,2021-01-29 20:00:00,280.43042,279.5309
Nasice,Nasice_2025-07-18_12-27_tf_1h,2021-01-29 21:00:00,280.17273,280.86423
Nasice,Nasice_2025-07-18_12-27_tf_1h,2021-01-29 22:00:00,279.69873,279.95123
Nasice,Nasice_2025-07-18_12-27_tf_1h,2021-01-29 23:00:00,279.07907,279.25613
Nasice,Nasice_2025-07-18_12-27_tf_1h,2021-01-30 00:00:00,278.56403,278.52972
Nasice,Nasice_2025-07-18_12-27_tf_1h,2021-01-30 01:00:00,278.1222,278.13934
Nasice,Nasice_2025-07-18_12-27_tf_1h,2021-01-30 02:00:00,277.8433,277.78577
Nasice,Nasice_2025-07-18_12-27_tf_1h,2021-01-30 03:00:00,277.47778,277.6772
Nasice,Nasice_2025-07-18_12-27_tf_1h,2021-01-30 04:00:00,277.15012,277.2565
Nasice,Nasice_2025-07-18_12-27_tf_1h,2021-01-30 05:00:00,276.6828,277.0355
Nasice,Nasice_2025-07-18_12-27_tf_1h,2021-01-30 06:00:00,276.10275,276.4977
Nasice,Nasice_2025-07-18_12-27_tf_1h,2021-01-30 07:00:00,275.0794,275.9969
Nasice,Nasice_2025-07-18_12-27_tf_1h,2021-01-30 08:00:00,274.8507,274.58398
Nasice,Nasice_2025-07-18_12-27_tf_1h,2021-01-30 09:00:00,277.54248,275.169
Nasice,Nasice_2025-07-18_12-27_tf_1h,2021-01-30 10:00:00,280.17734,279.74088
Nasice,Nasice_2025-07-18_12-27_tf_1h,2021-01-30 11:00:00,281.85956,282.3019
Nasice,Nasice_2025-07-18_12-27_tf_1h,2021-01-30 12:00:00,283.4057,283.02878
Nasice,Nasice_2025-07-18_12-27_tf_1h,2021-01-30 13:00:00,284.15295,284.31543
Nasice,Nasice_2025-07-18_12-27_tf_1h,2021-01-30 14:00:00,284.79877,284.57498
Nasice,Nasice_2025-07-18_12-27_tf_1h,2021-01-30 15:00:00,284.83765,285.08798
Nasice,Nasice_2025-07-18_12-27_tf_1h,2021-01-30 16:00:00,284.14023,284.6793
Nasice,Nasice_2025-07-18_12-27_tf_1h,2021-01-30 17:00:00,282.37457,283.29648
Nasice,Nasice_2025-07-18_12-27_tf_1h,2021-01-30 18:00:00,280.40073,280.74817
Nasice,Nasice_2025-07-18_12-27_tf_1h,2021-01-30 19:00:00,278.70895,278.78073
Nasice,Nasice_2025-07-18_12-27_tf_1h,2021-01-30 20:00:00,278.26675,277.38873
Nasice,Nasice_2025-07-18_12-27_tf_1h,2021-01-30 21:00:00,277.54248,277.83377
Nasice,Nasice_2025-07-18_12-27_tf_1h,2021-01-30 22:00:00,277.47568,276.9471
Nasice,Nasice_2025-07-18_12-27_tf_1h,2021-01-30 23:00:00,277.43854,277.41113
Nasice,Nasice_2025-07-18_12-27_tf_1h,2021-01-31 00:00:00,277.62732,277.43576
Nasice,Nasice_2025-07-18_12-27_tf_1h,2021-01-31 01:00:00,279.12466,277.80603
Nasice,Nasice_2025-07-18_12-27_tf_1h,2021-01-31 02:00:00,278.76163,280.18317
Nasice,Nasice_2025-07-18_12-27_tf_1h,2021-01-31 03:00:00,277.80548,278.56796
Nasice,Nasice_2025-07-18_12-27_tf_1h,2021-01-31 04:00:00,277.88077,276.91565
Nasice,Nasice_2025-07-18_12-27_tf_1h,2021-01-31 05:00:00,277.70615,278.06955
Nasice,Nasice_2025-07-18_12-27_tf_1h,2021-01-31 06:00:00,277.29504,277.61765
Nasice,Nasice_2025-07-18_12-27_tf_1h,2021-01-31 07:00:00,276.90125,277.67813
Nasice,Nasice_2025-07-18_12-27_tf_1h,2021-01-31 08:00:00,275.3604,277.7441
Nasice,Nasice_2025-07-18_12-27_tf_1h,2021-01-31 09:00:00,275.01718,274.88434
Nasice,Nasice_2025-07-18_12-27_tf_1h,2021-01-31 10:00:00,274.76303,275.2658
Nasice,Nasice_2025-07-18_12-27_tf_1h,2021-01-31 11:00:00,274.5764,274.5733
Nasice,Nasice_2025-07-18_12-27_tf_1h,2021-01-31 12:00:00,274.5004,274.648
Nasice,Nasice_2025-07-18_12-27_tf_1h,2021-01-31 13:00:00,274.3972,274.5433
Nasice,Nasice_2025-07-18_12-27_tf_1h,2021-01-31 14:00:00,274.31094,274.41214
Nasice,Nasice_2025-07-18_12-27_tf_1h,2021-01-31 15:00:00,274.19324,274.289
Nasice,Nasice_2025-07-18_12-27_tf_1h,2021-01-31 16:00:00,273.9942,274.1368
Nasice,Nasice_2025-07-18_12-27_tf_1h,2021-01-31 17:00:00,273.7945,273.90442
Nasice,Nasice_2025-07-18_12-27_tf_1h,2021-01-31 18:00:00,273.6729,273.79358
Nasice,Nasice_2025-07-18_12-27_tf_1h,2021-01-31 19:00:00,273.4951,273.85388
Nasice,Nasice_2025-07-18_12-27_tf_1h,2021-01-31 20:00:00,272.76126,273.6962
Nasice,Nasice_2025-07-18_12-27_tf_1h,2021-01-31 21:00:00,272.58487,272.57953
Nasice,Nasice_2025-07-18_12-27_tf_1h,2021-01-31 22:00:00,272.40707,273.0671
Nasice,Nasice_2025-07-18_12-27_tf_1h,2021-01-31 23:00:00,272.24835,272.65433
Nasice,Nasice_2025-07-18_12-27_tf_1h,2021-02-01 00:00:00,272.11615,272.5221
Nasice,Nasice_2025-07-18_12-27_tf_1h,2021-02-01 01:00:00,271.82187,272.3157
Nasice,Nasice_2025-07-18_12-27_tf_1h,2021-02-01 02:00:00,271.6391,271.9007
Nasice,Nasice_2025-07-18_12-27_tf_1h,2021-02-01 03:00:00,271.59497,271.8411
Nasice,Nasice_2025-07-18_12-27_tf_1h,2021-02-01 04:00:00,271.46176,271.88284
Nasice,Nasice_2025-07-18_12-27_tf_1h,2021-02-01 05:00:00,271.29602,271.6642
Nasice,Nasice_2025-07-18_12-27_tf_1h,2021-02-01 06:00:00,270.98276,271.51105
Nasice,Nasice_2025-07-18_12-27_tf_1h,2021-02-01 07:00:00,270.80966,271.12622
Nasice,Nasice_2025-07-18_12-27_tf_1h,2021-02-01 08:00:00,270.0879,271.18073
Nasice,Nasice_2025-07-18_12-27_tf_1h,2021-02-01 09:00:00,270.59515,270.02072
Nasice,Nasice_2025-07-18_12-27_tf_1h,2021-02-01 10:00:00,271.48227,271.74646
Nasice,Nasice_2025-07-18_12-27_tf_1h,2021-02-01 11:00:00,273.19186,272.62555
Nasice,Nasice_2025-07-18_12-27_tf_1h,2021-02-01 12:00:00,273.6488,275.0833
Nasice,Nasice_2025-07-18_12-27_tf_1h,2021-02-01 13:00:00,274.4364,274.02005
Nasice,Nasice_2025-07-18_12-27_tf_1h,2021-02-01 14:00:00,274.22693,275.32632
Nasice,Nasice_2025-07-18_12-27_tf_1h,2021-02-01 15:00:00,274.39536,274.01913
Nasice,Nasice_2025-07-18_12-27_tf_1h,2021-02-01 16:00:00,274.11578,274.7826
Nasice,Nasice_2025-07-18_12-27_tf_1h,2021-02-01 17:00:00,273.13184,273.83682
Nasice,Nasice_2025-07-18_12-27_tf_1h,2021-02-01 18:00:00,272.55722,272.4476
Nasice,Nasice_2025-07-18_12-27_tf_1h,2021-02-01 19:00:00,271.82227,272.29886
Nasice,Nasice_2025-07-18_12-27_tf_1h,2021-02-01 20:00:00,271.74985,271.4417
Nasice,Nasice_2025-07-18_12-27_tf_1h,2021-02-01 21:00:00,271.16125,271.99966
Nasice,Nasice_2025-07-18_12-27_tf_1h,2021-02-01 22:00:00,271.43427,270.9554
Nasice,Nasice_2025-07-18_12-27_tf_1h,2021-02-01 23:00:00,271.68362,271.99716
Nasice,Nasice_2025-07-18_12-27_tf_1h,2021-02-02 00:00:00,271.49158,272.06638
Nasice,Nasice_2025-07-18_12-27_tf_1h,2021-02-02 01:00:00,271.10318,271.55582
Nasice,Nasice_2025-07-18_12-27_tf_1h,2021-02-02 02:00:00,270.4271,271.03055
Nasice,Nasice_2025-07-18_12-27_tf_1h,2021-02-02 03:00:00,269.53842,270.18866
Nasice,Nasice_2025-07-18_12-27_tf_1h,2021-02-02 04:00:00,269.2112,269.2417
Nasice,Nasice_2025-07-18_12-27_tf_1h,2021-02-02 05:00:00,269.09775,269.47922
Nasice,Nasice_2025-07-18_12-27_tf_1h,2021-02-02 06:00:00,268.89212,269.5384
Nasice,Nasice_2025-07-18_12-27_tf_1h,2021-02-02 07:00:00,268.7508,269.4368
Nasice,Nasice_2025-07-18_12-27_tf_1h,2021-02-02 08:00:00,270.13397,269.57217
Nasice,Nasice_2025-07-18_12-27_tf_1h,2021-02-02 09:00:00,271.9911,272.33554
Nasice,Nasice_2025-07-18_12-27_tf_1h,2021-02-02 10:00:00,273.43854,274.04953
Nasice,Nasice_2025-07-18_12-27_tf_1h,2021-02-02 11:00:00,275.71307,274.85458
Nasice,Nasice_2025-07-18_12-27_tf_1h,2021-02-02 12:00:00,276.62576,277.71698
Nasice,Nasice_2025-07-18_12-27_tf_1h,2021-02-02 13:00:00,279.10867,277.2361
Nasice,Nasice_2025-07-18_12-27_tf_1h,2021-02-02 14:00:00,280.79385,280.92853
Nasice,Nasice_2025-07-18_12-27_tf_1h,2021-02-02 15:00:00,281.23105,281.99805
Nasice,Nasice_2025-07-18_12-27_tf_1h,2021-02-02 16:00:00,278.9708,281.36203
Nasice,Nasice_2025-07-18_12-27_tf_1h,2021-02-02 17:00:00,276.25055,276.86676
Nasice,Nasice_2025-07-18_12-27_tf_1h,2021-02-02 18:00:00,274.61493,274.02548
Nasice,Nasice_2025-07-18_12-27_tf_1h,2021-02-02 19:00:00,273.66544,273.39954
Nasice,Nasice_2025-07-18_12-27_tf_1h,2021-02-02 20:00:00,272.46698,272.95663
Nasice,Nasice_2025-07-18_12-27_tf_1h,2021-02-02 21:00:00,272.1297,271.76526
Nasice,Nasice_2025-07-18_12-27_tf_1h,2021-02-02 22:00:00,271.8513,272.10742
Nasice,Nasice_2025-07-18_12-27_tf_1h,2021-02-02 23:00:00,271.7843,271.81094
Nasice,Nasice_2025-07-18_12-27_tf_1h,2021-02-03 00:00:00,271.7994,272.01218
Nasice,Nasice_2025-07-18_12-27_tf_1h,2021-02-03 01:00:00,271.6449,272.07132
Nasice,Nasice_2025-07-18_12-27_tf_1h,2021-02-03 02:00:00,271.6302,271.80377
Nasice,Nasice_2025-07-18_12-27_tf_1h,2021-02-03 03:00:00,272.10648,271.87924
Nasice,Nasice_2025-07-18_12-27_tf_1h,2021-02-03 04:00:00,272.90182,272.725
Nasice,Nasice_2025-07-18_12-27_tf_1h,2021-02-03 05:00:00,273.66467,273.79187
Nasice,Nasice_2025-07-18_12-27_tf_1h,2021-02-03 06:00:00,274.56458,274.56625
Nasice,Nasice_2025-07-18_12-27_tf_1h,2021-02-03 07:00:00,274.7694,275.66888
Nasice,Nasice_2025-07-18_12-27_tf_1h,2021-02-03 08:00:00,274.65518,275.4495
Nasice,Nasice_2025-07-18_12-27_tf_1h,2021-02-03 09:00:00,275.3491,275.73227
Nasice,Nasice_2025-07-18_12-27_tf_1h,2021-02-03 10:00:00,277.7162,276.41302
Nasice,Nasice_2025-07-18_12-27_tf_1h,2021-02-03 11:00:00,279.69608,279.58557
Nasice,Nasice_2025-07-18_12-27_tf_1h,2021-02-03 12:00:00,281.29608,281.35925
Nasice,Nasice_2025-07-18_12-27_tf_1h,2021-02-03 13:00:00,279.92377,282.38855
Nasice,Nasice_2025-07-18_12-27_tf_1h,2021-02-03 14:00:00,280.14178,278.68896
Nasice,Nasice_2025-07-18_12-27_tf_1h,2021-02-03 15:00:00,279.96753,280.0992
Nasice,Nasice_2025-07-18_12-27_tf_1h,2021-02-03 16:00:00,279.56055,279.51526
Nasice,Nasice_2025-07-18_12-27_tf_1h,2021-02-03 17:00:00,278.7865,279.05566
Nasice,Nasice_2025-07-18_12-27_tf_1h,2021-02-03 18:00:00,278.02908,278.03815
Nasice,Nasice_2025-07-18_12-27_tf_1h,2021-02-03 19:00:00,278.01514,277.35544
Nasice,Nasice_2025-07-18_12-27_tf_1h,2021-02-03 20:00:00,278.83682,277.87552
Nasice,Nasice_2025-07-18_12-27_tf_1h,2021-02-03 21:00:00,279.92145,279.27246
Nasice,Nasice_2025-07-18_12-27_tf_1h,2021-02-03 22:00:00,281.6566,280.65054
Nasice,Nasice_2025-07-18_12-27_tf_1h,2021-02-03 23:00:00,281.88583,282.79855
Nasice,Nasice_2025-07-18_12-27_tf_1h,2021-02-04 00:00:00,282.01944,282.0685
Nasice,Nasice_2025-07-18_12-27_tf_1h,2021-02-04 01:00:00,282.54877,281.87878
Nasice,Nasice_2025-07-18_12-27_tf_1h,2021-02-04 02:00:00,282.52747,282.70334
Nasice,Nasice_2025-07-18_12-27_tf_1h,2021-02-04 03:00:00,282.80588,282.31027
Nasice,Nasice_2025-07-18_12-27_tf_1h,2021-02-04 04:00:00,283.06027,282.76324
Nasice,Nasice_2025-07-18_12-27_tf_1h,2021-02-04 05:00:00,282.8508,283.03574
Nasice,Nasice_2025-07-18_12-27_tf_1h,2021-02-04 06:00:00,282.9259,282.51074
Nasice,Nasice_2025-07-18_12-27_tf_1h,2021-02-04 07:00:00,282.92474,282.8945
Nasice,Nasice_2025-07-18_12-27_tf_1h,2021-02-04 08:00:00,283.57025,282.97845
Nasice,Nasice_2025-07-18_12-27_tf_1h,2021-02-04 09:00:00,284.32727,284.0575
Nasice,Nasice_2025-07-18_12-27_tf_1h,2021-02-04 10:00:00,285.68875,284.76248
Nasice,Nasice_2025-07-18_12-27_tf_1h,2021-02-04 11:00:00,286.84656,286.46988
Nasice,Nasice_2025-07-18_12-27_tf_1h,2021-02-04 12:00:00,287.99237,287.5206
Nasice,Nasice_2025-07-18_12-27_tf_1h,2021-02-04 13:00:00,288.6491,288.55984
Nasice,Nasice_2025-07-18_12-27_tf_1h,2021-02-04 14:00:00,289.03204,288.84122
Nasice,Nasice_2025-07-18_12-27_tf_1h,2021-02-04 15:00:00,288.76022,288.88336
Nasice,Nasice_2025-07-18_12-27_tf_1h,2021-02-04 16:00:00,287.8158,288.1086
Nasice,Nasice_2025-07-18_12-27_tf_1h,2021-02-04 17:00:00,286.59525,286.65192
Nasice,Nasice_2025-07-18_12-27_tf_1h,2021-02-04 18:00:00,286.17087,285.42474
Nasice,Nasice_2025-07-18_12-27_tf_1h,2021-02-04 19:00:00,285.26166,285.6494
Nasice,Nasice_2025-07-18_12-27_tf_1h,2021-02-04 20:00:00,281.4045,284.49536
Nasice,Nasice_2025-07-18_12-27_tf_1h,2021-02-04 21:00:00,281.49744,279.26932
Nasice,Nasice_2025-07-18_12-27_tf_1h,2021-02-04 22:00:00,283.03745,281.77795
Nasice,Nasice_2025-07-18_12-27_tf_1h,2021-02-04 23:00:00,282.11157,283.84164
Nasice,Nasice_2025-07-18_12-27_tf_1h,2021-02-05 00:00:00,281.36,281.52927
Nasice,Nasice_2025-07-18_12-27_tf_1h,2021-02-05 01:00:00,281.34875,280.83112
Nasice,Nasice_2025-07-18_12-27_tf_1h,2021-02-05 02:00:00,281.02386,281.44415
Nasice,Nasice_2025-07-18_12-27_tf_1h,2021-02-05 03:00:00,280.73502,280.80344
Nasice,Nasice_2025-07-18_12-27_tf_1h,2021-02-05 04:00:00,280.44186,280.5942
Nasice,Nasice_2025-07-18_12-27_tf_1h,2021-02-05 05:00:00,278.759,280.31485
Nasice,Nasice_2025-07-18_12-27_tf_1h,2021-02-05 06:00:00,277.61127,277.4261
Nasice,Nasice_2025-07-18_12-27_tf_1h,2021-02-05 07:00:00,277.243,278.28552
Nasice,Nasice_2025-07-18_12-27_tf_1h,2021-02-05 08:00:00,278.35745,277.5461
Nasice,Nasice_2025-07-18_12-27_tf_1h,2021-02-05 09:00:00,281.1075,279.8813
Nasice,Nasice_2025-07-18_12-27_tf_1h,2021-02-05 10:00:00,284.14993,283.2955
Nasice,Nasice_2025-07-18_12-27_tf_1h,2021-02-05 11:00:00,285.96756,286.23373
Nasice,Nasice_2025-07-18_12-27_tf_1h,2021-02-05 12:00:00,287.3372,287.21634
Nasice,Nasice_2025-07-18_12-27_tf_1h,2021-02-05 13:00:00,288.46207,288.059
Nasice,Nasice_2025-07-18_12-27_tf_1h,2021-02-05 14:00:00,288.93256,289.00998
Nasice,Nasice_2025-07-18_12-27_tf_1h,2021-02-05 15:00:00,288.75598,289.0985
Nasice,Nasice_2025-07-18_12-27_tf_1h,2021-02-05 16:00:00,287.71704,288.48328
Nasice,Nasice_2025-07-18_12-27_tf_1h,2021-02-05 17:00:00,286.0485,286.66843
Nasice,Nasice_2025-07-18_12-27_tf_1h,2021-02-05 18:00:00,284.39117,284.39584
Nasice,Nasice_2025-07-18_12-27_tf_1h,2021-02-05 19:00:00,282.61343,282.94437
Nasice,Nasice_2025-07-18_12-27_tf_1h,2021-02-05 20:00:00,281.5226,281.31488
Nasice,Nasice_2025-07-18_12-27_tf_1h,2021-02-05 21:00:00,280.56732,280.6569
Nasice,Nasice_2025-07-18_12-27_tf_1h,2021-02-05 22:00:00,279.96133,279.7815
Nasice,Nasice_2025-07-18_12-27_tf_1h,2021-02-05 23:00:00,279.2643,279.4945
Nasice,Nasice_2025-07-18_12-27_tf_1h,2021-02-06 00:00:00,278.68542,278.7859
Nasice,Nasice_2025-07-18_12-27_tf_1h,2021-02-06 01:00:00,278.16382,278.3011
Nasice,Nasice_2025-07-18_12-27_tf_1h,2021-02-06 02:00:00,277.69724,277.83463
Nasice,Nasice_2025-07-18_12-27_tf_1h,2021-02-06 03:00:00,277.30576,277.4228
Nasice,Nasice_2025-07-18_12-27_tf_1h,2021-02-06 04:00:00,276.81088,277.08795
Nasice,Nasice_2025-07-18_12-27_tf_1h,2021-02-06 05:00:00,276.27765,276.4953
Nasice,Nasice_2025-07-18_12-27_tf_1h,2021-02-06 06:00:00,276.01163,276.6427
Nasice,Nasice_2025-07-18_12-27_tf_1h,2021-02-06 07:00:00,275.87726,277.7736
Nasice,Nasice_2025-07-18_12-27_tf_1h,2021-02-06 08:00:00,277.64804,277.21222
Nasice,Nasice_2025-07-18_12-27_tf_1h,2021-02-06 09:00:00,281.01767,279.54865
Nasice,Nasice_2025-07-18_12-27_tf_1h,2021-02-06 10:00:00,284.44617,283.43182
Nasice,Nasice_2025-07-18_12-27_tf_1h,2021-02-06 11:00:00,286.15884,286.71063
Nasice,Nasice_2025-07-18_12-27_tf_1h,2021-02-06 12:00:00,287.21674,287.29684
Nasice,Nasice_2025-07-18_12-27_tf_1h,2021-02-06 13:00:00,287.95132,287.63876
Nasice,Nasice_2025-07-18_12-27_tf_1h,2021-02-06 14:00:00,288.20612,288.21625
Nasice,Nasice_2025-07-18_12-27_tf_1h,2021-02-06 15:00:00,288.03574,288.19223
Nasice,Nasice_2025-07-18_12-27_tf_1h,2021-02-06 16:00:00,287.3732,287.72266
Nasice,Nasice_2025-07-18_12-27_tf_1h,2021-02-06 17:00:00,285.8355,286.5589
Nasice,Nasice_2025-07-18_12-27_tf_1h,2021-02-06 18:00:00,284.26996,284.29742
Nasice,Nasice_2025-07-18_12-27_tf_1h,2021-02-06 19:00:00,283.10907,282.84683
Nasice,Nasice_2025-07-18_12-27_tf_1h,2021-02-06 20:00:00,282.23203,282.02338
Nasice,Nasice_2025-07-18_12-27_tf_1h,2021-02-06 21:00:00,281.4928,281.35
Nasice,Nasice_2025-07-18_12-27_tf_1h,2021-02-06 22:00:00,280.69318,280.78757
Nasice,Nasice_2025-07-18_12-27_tf_1h,2021-02-06 23:00:00,279.81534,280.04956
Nasice,Nasice_2025-07-18_12-27_tf_1h,2021-02-07 00:00:00,278.9441,279.1908
Nasice,Nasice_2025-07-18_12-27_tf_1h,2021-02-07 01:00:00,278.11118,278.34088
Nasice,Nasice_2025-07-18_12-27_tf_1h,2021-02-07 02:00:00,277.3731,277.54797
Nasice,Nasice_2025-07-18_12-27_tf_1h,2021-02-07 03:00:00,277.00604,276.92297
Nasice,Nasice_2025-07-18_12-27_tf_1h,2021-02-07 04:00:00,276.94022,276.86417
Nasice,Nasice_2025-07-18_12-27_tf_1h,2021-02-07 05:00:00,277.1036,277.05002
Nasice,Nasice_2025-07-18_12-27_tf_1h,2021-02-07 06:00:00,277.27206,277.7715
Nasice,Nasice_2025-07-18_12-27_tf_1h,2021-02-07 07:00:00,277.54776,278.94495
Nasice,Nasice_2025-07-18_12-27_tf_1h,2021-02-07 08:00:00,278.20102,279.09854
Nasice,Nasice_2025-07-18_12-27_tf_1h,2021-02-07 09:00:00,280.06277,279.04224
Nasice,Nasice_2025-07-18_12-27_tf_1h,2021-02-07 10:00:00,282.53018,281.7411
Nasice,Nasice_2025-07-18_12-27_tf_1h,2021-02-07 11:00:00,285.16757,284.3416
Nasice,Nasice_2025-07-18_12-27_tf_1h,2021-02-07 12:00:00,286.88452,286.88965
Nasice,Nasice_2025-07-18_12-27_tf_1h,2021-02-07 13:00:00,288.2309,287.92212
Nasice,Nasice_2025-07-18_12-27_tf_1h,2021-02-07 14:00:00,288.7513,288.8514
Nasice,Nasice_2025-07-18_12-27_tf_1h,2021-02-07 15:00:00,288.6189,288.89624
Nasice,Nasice_2025-07-18_12-27_tf_1h,2021-02-07 16:00:00,287.84094,288.3504
Nasice,Nasice_2025-07-18_12-27_tf_1h,2021-02-07 17:00:00,286.95615,287.0097
Nasice,Nasice_2025-07-18_12-27_tf_1h,2021-02-07 18:00:00,286.00977,285.8582
Nasice,Nasice_2025-07-18_12-27_tf_1h,2021-02-07 19:00:00,284.95807,284.8146
Nasice,Nasice_2025-07-18_12-27_tf_1h,2021-02-07 20:00:00,285.4057,283.83414
Nasice,Nasice_2025-07-18_12-27_tf_1h,2021-02-07 21:00:00,285.04984,285.14658
Nasice,Nasice_2025-07-18_12-27_tf_1h,2021-02-07 22:00:00,284.40125,284.51813
Nasice,Nasice_2025-07-18_12-27_tf_1h,2021-02-07 23:00:00,283.92224,283.70837
Nasice,Nasice_2025-07-18_12-27_tf_1h,2021-02-08 00:00:00,283.37973,283.3705
Nasice,Nasice_2025-07-18_12-27_tf_1h,2021-02-08 01:00:00,282.91663,282.8429
Nasice,Nasice_2025-07-18_12-27_tf_1h,2021-02-08 02:00:00,282.71063,282.4684
Nasice,Nasice_2025-07-18_12-27_tf_1h,2021-02-08 03:00:00,282.6924,282.47278
Nasice,Nasice_2025-07-18_12-27_tf_1h,2021-02-08 04:00:00,282.5743,282.65247
Nasice,Nasice_2025-07-18_12-27_tf_1h,2021-02-08 05:00:00,282.41324,282.4971
Nasice,Nasice_2025-07-18_12-27_tf_1h,2021-02-08 06:00:00,282.01865,282.29013
Nasice,Nasice_2025-07-18_12-27_tf_1h,2021-02-08 07:00:00,281.55862,281.7411
Nasice,Nasice_2025-07-18_12-27_tf_1h,2021-02-08 08:00:00,281.90442,281.9781
Nasice,Nasice_2025-07-18_12-27_tf_1h,2021-02-08 09:00:00,282.80432,282.91138
Nasice,Nasice_2025-07-18_12-27_tf_1h,2021-02-08 10:00:00,284.69012,283.835
Nasice,Nasice_2025-07-18_12-27_tf_1h,2021-02-08 11:00:00,285.68607,286.11102
Nasice,Nasice_2025-07-18_12-27_tf_1h,2021-02-08 12:00:00,286.54684,286.49408
Nasice,Nasice_2025-07-18_12-27_tf_1h,2021-02-08 13:00:00,287.20474,287.0664
Nasice,Nasice_2025-07-18_12-27_tf_1h,2021-02-08 14:00:00,286.4183,287.57242
Nasice,Nasice_2025-07-18_12-27_tf_1h,2021-02-08 15:00:00,284.72302,285.6228
Nasice,Nasice_2025-07-18_12-27_tf_1h,2021-02-08 16:00:00,283.46686,283.12228
Nasice,Nasice_2025-07-18_12-27_tf_1h,2021-02-08 17:00:00,282.22156,282.29816
Nasice,Nasice_2025-07-18_12-27_tf_1h,2021-02-08 18:00:00,280.70557,281.08517
Nasice,Nasice_2025-07-18_12-27_tf_1h,2021-02-08 19:00:00,279.16946,279.53464
Nasice,Nasice_2025-07-18_12-27_tf_1h,2021-02-08 20:00:00,277.15085,278.10645
Nasice,Nasice_2025-07-18_12-27_tf_1h,2021-02-08 21:00:00,276.82443,275.89023
Nasice,Nasice_2025-07-18_12-27_tf_1h,2021-02-08 22:00:00,276.45618,276.87924
Nasice,Nasice_2025-07-18_12-27_tf_1h,2021-02-08 23:00:00,276.65793,276.2593
Nasice,Nasice_2025-07-18_12-27_tf_1h,2021-02-09 00:00:00,275.55588,277.10394
Nasice,Nasice_2025-07-18_12-27_tf_1h,2021-02-09 01:00:00,276.2587,274.73413
Nasice,Nasice_2025-07-18_12-27_tf_1h,2021-02-09 02:00:00,276.54562,277.35727
Nasice,Nasice_2025-07-18_12-27_tf_1h,2021-02-09 03:00:00,276.5909,276.7805
Nasice,Nasice_2025-07-18_12-27_tf_1h,2021-02-09 04:00:00,276.45074,276.90033
Nasice,Nasice_2025-07-18_12-27_tf_1h,2021-02-09 05:00:00,276.44727,276.8804
Nasice,Nasice_2025-07-18_12-27_tf_1h,2021-02-09 06:00:00,276.63275,277.8817
Nasice,Nasice_2025-07-18_12-27_tf_1h,2021-02-09 07:00:00,276.66992,277.33853
Nasice,Nasice_2025-07-18_12-27_tf_1h,2021-02-09 08:00:00,277.5222,276.94653
Nasice,Nasice_2025-07-18_12-27_tf_1h,2021-02-09 09:00:00,279.02774,278.34268
Nasice,Nasice_2025-07-18_12-27_tf_1h,2021-02-09 10:00:00,281.202,280.3188
Nasice,Nasice_2025-07-18_12-27_tf_1h,2021-02-09 11:00:00,282.87054,282.78018
Nasice,Nasice_2025-07-18_12-27_tf_1h,2021-02-09 12:00:00,283.88315,283.98242
Nasice,Nasice_2025-07-18_12-27_tf_1h,2021-02-09 13:00:00,283.7383,284.38943
Nasice,Nasice_2025-07-18_12-27_tf_1h,2021-02-09 14:00:00,283.62485,283.39975
Nasice,Nasice_2025-07-18_12-27_tf_1h,2021-02-09 15:00:00,283.29144,283.1669
Nasice,Nasice_2025-07-18_12-27_tf_1h,2021-02-09 16:00:00,283.27597,282.66824
Nasice,Nasice_2025-07-18_12-27_tf_1h,2021-02-09 17:00:00,282.64285,282.83365
Nasice,Nasice_2025-07-18_12-27_tf_1h,2021-02-09 18:00:00,281.46686,281.86163
Nasice,Nasice_2025-07-18_12-27_tf_1h,2021-02-09 19:00:00,280.2599,280.38382
Nasice,Nasice_2025-07-18_12-27_tf_1h,2021-02-09 20:00:00,279.42657,279.21423
Nasice,Nasice_2025-07-18_12-27_tf_1h,2021-02-09 21:00:00,278.62424,278.67172
Nasice,Nasice_2025-07-18_12-27_tf_1h,2021-02-09 22:00:00,277.81805,277.97763
Nasice,Nasice_2025-07-18_12-27_tf_1h,2021-02-09 23:00:00,277.45132,277.20624
Nasice,Nasice_2025-07-18_12-27_tf_1h,2021-02-10 00:00:00,277.1249,277.1834
Nasice,Nasice_2025-07-18_12-27_tf_1h,2021-02-10 01:00:00,276.9228,276.92694
Nasice,Nasice_2025-07-18_12-27_tf_1h,2021-02-10 02:00:00,276.88135,276.8353
Nasice,Nasice_2025-07-18_12-27_tf_1h,2021-02-10 03:00:00,276.87903,276.911
Nasice,Nasice_2025-07-18_12-27_tf_1h,2021-02-10 04:00:00,276.9429,276.9631
Nasice,Nasice_2025-07-18_12-27_tf_1h,2021-02-10 05:00:00,277.049,277.12073
Nasice,Nasice_2025-07-18_12-27_tf_1h,2021-02-10 06:00:00,277.12183,277.41998
Nasice,Nasice_2025-07-18_12-27_tf_1h,2021-02-10 07:00:00,277.38202,278.11133
Nasice,Nasice_2025-07-18_12-27_tf_1h,2021-02-10 08:00:00,277.8734,278.53406
Nasice,Nasice_2025-07-18_12-27_tf_1h,2021-02-10 09:00:00,278.4283,278.52017
Nasice,Nasice_2025-07-18_12-27_tf_1h,2021-02-10 10:00:00,279.27246,279.0038
Nasice,Nasice_2025-07-18_12-27_tf_1h,2021-02-10 11:00:00,280.69086,280.01746
Nasice,Nasice_2025-07-18_12-27_tf_1h,2021-02-10 12:00:00,282.05545,281.85538
Nasice,Nasice_2025-07-18_12-27_tf_1h,2021-02-10 13:00:00,284.04733,283.04028
Nasice,Nasice_2025-07-18_12-27_tf_1h,2021-02-10 14:00:00,284.94995,285.24518
Nasice,Nasice_2025-07-18_12-27_tf_1h,2021-02-10 15:00:00,285.2752,285.53522
Nasice,Nasice_2025-07-18_12-27_tf_1h,2021-02-10 16:00:00,284.80783,285.28546
Nasice,Nasice_2025-07-18_12-27_tf_1h,2021-02-10 17:00:00,284.1476,284.15033
Nasice,Nasice_2025-07-18_12-27_tf_1h,2021-02-10 18:00:00,283.2876,283.2075
Nasice,Nasice_2025-07-18_12-27_tf_1h,2021-02-10 19:00:00,282.61343,282.25443
Nasice,Nasice_2025-07-18_12-27_tf_1h,2021-02-10 20:00:00,281.8173,281.7609
Nasice,Nasice_2025-07-18_12-27_tf_1h,2021-02-10 21:00:00,281.06415,280.97263
Nasice,Nasice_2025-07-18_12-27_tf_1h,2021-02-10 22:00:00,280.5507,280.31882
Nasice,Nasice_2025-07-18_12-27_tf_1h,2021-02-10 23:00:00,280.24014,280.02698
Nasice,Nasice_2025-07-18_12-27_tf_1h,2021-02-11 00:00:00,279.82617,279.91986
Nasice,Nasice_2025-07-18_12-27_tf_1h,2021-02-11 01:00:00,278.05618,279.4914
Nasice,Nasice_2025-07-18_12-27_tf_1h,2021-02-11 02:00:00,275.91754,276.82278
Nasice,Nasice_2025-07-18_12-27_tf_1h,2021-02-11 03:00:00,274.14056,274.5105
Nasice,Nasice_2025-07-18_12-27_tf_1h,2021-02-11 04:00:00,272.82245,273.0965
Nasice,Nasice_2025-07-18_12-27_tf_1h,2021-02-11 05:00:00,272.03137,272.14856
Nasice,Nasice_2025-07-18_12-27_tf_1h,2021-02-11 06:00:00,271.48306,271.86096
Nasice,Nasice_2025-07-18_12-27_tf_1h,2021-02-11 07:00:00,271.1698,271.75415
Nasice,Nasice_2025-07-18_12-27_tf_1h,2021-02-11 08:00:00,271.24258,272.62216
Nasice,Nasice_2025-07-18_12-27_tf_1h,2021-02-11 09:00:00,271.3355,273.6391
Nasice,Nasice_2025-07-18_12-27_tf_1h,2021-02-11 10:00:00,271.47647,273.13104
Nasice,Nasice_2025-07-18_12-27_tf_1h,2021-02-11 11:00:00,271.4362,272.7074
Nasice,Nasice_2025-07-18_12-27_tf_1h,2021-02-11 12:00:00,271.68982,272.12912
Nasice,Nasice_2025-07-18_12-27_tf_1h,2021-02-11 13:00:00,272.26718,272.63922
Nasice,Nasice_2025-07-18_12-27_tf_1h,2021-02-11 14:00:00,272.3152,273.20334
Nasice,Nasice_2025-07-18_12-27_tf_1h,2021-02-11 15:00:00,271.88074,272.73898
Nasice,Nasice_2025-07-18_12-27_tf_1h,2021-02-11 16:00:00,271.1183,271.99985
Nasice,Nasice_2025-07-18_12-27_tf_1h,2021-02-11 17:00:00,270.48712,271.01913
Nasice,Nasice_2025-07-18_12-27_tf_1h,2021-02-11 18:00:00,270.2877,270.47464
Nasice,Nasice_2025-07-18_12-27_tf_1h,2021-02-11 19:00:00,270.40927,270.55014
Nasice,Nasice_2025-07-18_12-27_tf_1h,2021-02-11 20:00:00,270.13474,270.87686
Nasice,Nasice_2025-07-18_12-27_tf_1h,2021-02-11 21:00:00,270.01547,270.2102
Nasice,Nasice_2025-07-18_12-27_tf_1h,2021-02-11 22:00:00,269.91635,270.26758
Nasice,Nasice_2025-07-18_12-27_tf_1h,2021-02-11 23:00:00,269.77655,270.1075
Nasice,Nasice_2025-07-18_12-27_tf_1h,2021-02-12 00:00:00,269.44818,269.98456
Nasice,Nasice_2025-07-18_12-27_tf_1h,2021-02-12 01:00:00,269.01837,269.51974
Nasice,Nasice_2025-07-18_12-27_tf_1h,2021-02-12 02:00:00,268.60443,269.13324
Nasice,Nasice_2025-07-18_12-27_tf_1h,2021-02-12 03:00:00,268.20752,268.81335
Nasice,Nasice_2025-07-18_12-27_tf_1h,2021-02-12 04:00:00,267.89813,268.51276
Nasice,Nasice_2025-07-18_12-27_tf_1h,2021-02-12 05:00:00,267.66037,268.35168
Nasice,Nasice_2025-07-18_12-27_tf_1h,2021-02-12 06:00:00,267.46057,268.25287
Nasice,Nasice_2025-07-18_12-27_tf_1h,2021-02-12 07:00:00,267.33044,268.18793
Nasice,Nasice_2025-07-18_12-27_tf_1h,2021-02-12 08:00:00,267.4137,268.19083
Nasice,Nasice_2025-07-18_12-27_tf_1h,2021-02-12 09:00:00,268.07123,268.49377
Nasice,Nasice_2025-07-18_12-27_tf_1h,2021-02-12 10:00:00,268.89096,269.54095
Nasice,Nasice_2025-07-18_12-27_tf_1h,2021-02-12 11:00:00,269.81567,270.31454
Nasice,Nasice_2025-07-18_12-27_tf_1h,2021-02-12 12:00:00,270.39883,271.18536
Nasice,Nasice_2025-07-18_12-27_tf_1h,2021-02-12 13:00:00,270.86697,271.28812
Nasice,Nasice_2025-07-18_12-27_tf_1h,2021-02-12 14:00:00,271.10394,271.64606
Nasice,Nasice_2025-07-18_12-27_tf_1h,2021-02-12 15:00:00,271.20425,271.6177
Nasice,Nasice_2025-07-18_12-27_tf_1h,2021-02-12 16:00:00,270.9665,271.62714
Nasice,Nasice_2025-07-18_12-27_tf_1h,2021-02-12 17:00:00,270.67957,271.06683
Nasice,Nasice_2025-07-18_12-27_tf_1h,2021-02-12 18:00:00,270.1092,270.78207
Nasice,Nasice_2025-07-18_12-27_tf_1h,2021-02-12 19:00:00,269.0288,269.9442
Nasice,Nasice_2025-07-18_12-27_tf_1h,2021-02-12 20:00:00,268.25668,268.628
Nasice,Nasice_2025-07-18_12-27_tf_1h,2021-02-12 21:00:00,268.07626,268.1991
Nasice,Nasice_2025-07-18_12-27_tf_1h,2021-02-12 22:00:00,267.97403,268.43637
Nasice,Nasice_2025-07-18_12-27_tf_1h,2021-02-12 23:00:00,267.9206,268.4104
Nasice,Nasice_2025-07-18_12-27_tf_1h,2021-02-13 00:00:00,267.79047,268.39774
Nasice,Nasice_2025-07-18_12-27_tf_1h,2021-02-13 01:00:00,267.71225,268.1936
Nasice,Nasice_2025-07-18_12-27_tf_1h,2021-02-13 02:00:00,267.63367,268.17264
Nasice,Nasice_2025-07-18_12-27_tf_1h,2021-02-13 03:00:00,267.62396,268.08746
Nasice,Nasice_2025-07-18_12-27_tf_1h,2021-02-13 04:00:00,267.59802,268.1766
Nasice,Nasice_2025-07-18_12-27_tf_1h,2021-02-13 05:00:00,267.52408,268.1652
Nasice,Nasice_2025-07-18_12-27_tf_1h,2021-02-13 06:00:00,267.3053,268.1332
Nasice,Nasice_2025-07-18_12-27_tf_1h,2021-02-13 07:00:00,267.05515,267.9697
Nasice,Nasice_2025-07-18_12-27_tf_1h,2021-02-13 08:00:00,267.09155,267.91675
Nasice,Nasice_2025-07-18_12-27_tf_1h,2021-02-13 09:00:00,267.68555,268.25922
Nasice,Nasice_2025-07-18_12-27_tf_1h,2021-02-13 10:00:00,268.44257,269.18973
Nasice,Nasice_2025-07-18_12-27_tf_1h,2021-02-13 11:00:00,269.17404,269.88507
Nasice,Nasice_2025-07-18_12-27_tf_1h,2021-02-13 12:00:00,269.71228,270.45178
Nasice,Nasice_2025-07-18_12-27_tf_1h,2021-02-13 13:00:00,270.20987,270.67926
Nasice,Nasice_2025-07-18_12-27_tf_1h,2021-02-13 14:00:00,270.70667,271.0704
Nasice,Nasice_2025-07-18_12-27_tf_1h,2021-02-13 15:00:00,270.9328,271.44714
Nasice,Nasice_2025-07-18_12-27_tf_1h,2021-02-13 16:00:00,270.76202,271.33102
Nasice,Nasice_2025-07-18_12-27_tf_1h,2021-02-13 17:00:00,270.01703,270.8222
Nasice,Nasice_2025-07-18_12-27_tf_1h,2021-02-13 18:00:00,269.2143,269.71704
Nasice,Nasice_2025-07-18_12-27_tf_1h,2021-02-13 19:00:00,268.448,268.98697
Nasice,Nasice_2025-07-18_12-27_tf_1h,2021-02-13 20:00:00,268.80115,268.30386
Nasice,Nasice_2025-07-18_12-27_tf_1h,2021-02-13 21:00:00,268.61954,269.54785
Nasice,Nasice_2025-07-18_12-27_tf_1h,2021-02-13 22:00:00,267.46057,268.88358
Nasice,Nasice_2025-07-18_12-27_tf_1h,2021-02-13 23:00:00,266.89908,267.2103
Nasice,Nasice_2025-07-18_12-27_tf_1h,2021-02-14 00:00:00,266.78833,267.14603
Nasice,Nasice_2025-07-18_12-27_tf_1h,2021-02-14 01:00:00,266.98892,267.24365
Nasice,Nasice_2025-07-18_12-27_tf_1h,2021-02-14 02:00:00,267.2011,267.76028
Nasice,Nasice_2025-07-18_12-27_tf_1h,2021-02-14 03:00:00,267.62863,267.9449
Nasice,Nasice_2025-07-18_12-27_tf_1h,2021-02-14 04:00:00,268.0724,268.5563
Nasice,Nasice_2025-07-18_12-27_tf_1h,2021-02-14 05:00:00,268.33142,268.9638
Nasice,Nasice_2025-07-18_12-27_tf_1h,2021-02-14 06:00:00,268.57693,269.11584
Nasice,Nasice_2025-07-18_12-27_tf_1h,2021-02-14 07:00:00,268.69232,269.42697
Nasice,Nasice_2025-07-18_12-27_tf_1h,2021-02-14 08:00:00,269.33087,269.52917
Nasice,Nasice_2025-07-18_12-27_tf_1h,2021-02-14 09:00:00,270.60522,270.60892
Nasice,Nasice_2025-07-18_12-27_tf_1h,2021-02-14 10:00:00,271.76184,272.24753
Nasice,Nasice_2025-07-18_12-27_tf_1h,2021-02-14 11:00:00,272.8794,273.09088
Nasice,Nasice_2025-07-18_12-27_tf_1h,2021-02-14 12:00:00,274.09604,274.0661
Nasice,Nasice_2025-07-18_12-27_tf_1h,2021-02-14 13:00:00,274.58704,275.23438
Nasice,Nasice_2025-07-18_12-27_tf_1h,2021-02-14 14:00:00,274.7632,274.9533
Nasice,Nasice_2025-07-18_12-27_tf_1h,2021-02-14 15:00:00,274.70593,274.88614
Nasice,Nasice_2025-07-18_12-27_tf_1h,2021-02-14 16:00:00,274.32797,274.58698
Nasice,Nasice_2025-07-18_12-27_tf_1h,2021-02-14 17:00:00,272.88403,274.0039
Nasice,Nasice_2025-07-18_12-27_tf_1h,2021-02-14 18:00:00,271.57947,271.83405
Nasice,Nasice_2025-07-18_12-27_tf_1h,2021-02-14 19:00:00,270.82285,270.8158
Nasice,Nasice_2025-07-18_12-27_tf_1h,2021-02-14 20:00:00,270.42593,270.43167
Nasice,Nasice_2025-07-18_12-27_tf_1h,2021-02-14 21:00:00,270.2842,270.37396
Nasice,Nasice_2025-07-18_12-27_tf_1h,2021-02-14 22:00:00,270.20212,270.48386
Nasice,Nasice_2025-07-18_12-27_tf_1h,2021-02-14 23:00:00,270.07703,270.5106
Nasice,Nasice_2025-07-18_12-27_tf_1h,2021-02-15 00:00:00,269.90085,270.35367
Nasice,Nasice_2025-07-18_12-27_tf_1h,2021-02-15 01:00:00,269.78778,270.13776
Nasice,Nasice_2025-07-18_12-27_tf_1h,2021-02-15 02:00:00,269.6933,270.0667
Nasice,Nasice_2025-07-18_12-27_tf_1h,2021-02-15 03:00:00,269.6178,269.9876
Nasice,Nasice_2025-07-18_12-27_tf_1h,2021-02-15 04:00:00,269.50006,269.98096
Nasice,Nasice_2025-07-18_12-27_tf_1h,2021-02-15 05:00:00,269.32892,269.89685
Nasice,Nasice_2025-07-18_12-27_tf_1h,2021-02-15 06:00:00,269.1593,269.83524
Nasice,Nasice_2025-07-18_12-27_tf_1h,2021-02-15 07:00:00,269.0083,269.92746
Nasice,Nasice_2025-07-18_12-27_tf_1h,2021-02-15 08:00:00,269.57364,270.0489
Nasice,Nasice_2025-07-18_12-27_tf_1h,2021-02-15 09:00:00,271.43735,271.24194
Nasice,Nasice_2025-07-18_12-27_tf_1h,2021-02-15 10:00:00,272.97772,273.78625
Nasice,Nasice_2025-07-18_12-27_tf_1h,2021-02-15 11:00:00,274.36166,274.51447
Nasice,Nasice_2025-07-18_12-27_tf_1h,2021-02-15 12:00:00,275.57755,275.61676
Nasice,Nasice_2025-07-18_12-27_tf_1h,2021-02-15 13:00:00,276.41705,276.60782
Nasice,Nasice_2025-07-18_12-27_tf_1h,2021-02-15 14:00:00,276.81088,277.0367
Nasice,Nasice_2025-07-18_12-27_tf_1h,2021-02-15 15:00:00,276.72644,276.99695
Nasice,Nasice_2025-07-18_12-27_tf_1h,2021-02-15 16:00:00,275.95395,276.49133
Nasice,Nasice_2025-07-18_12-27_tf_1h,2021-02-15 17:00:00,273.95587,275.19574
Nasice,Nasice_2025-07-18_12-27_tf_1h,2021-02-15 18:00:00,272.34348,272.35522
Nasice,Nasice_2025-07-18_12-27_tf_1h,2021-02-15 19:00:00,271.085,271.2875
Nasice,Nasice_2025-07-18_12-27_tf_1h,2021-02-15 20:00:00,270.18857,270.34125
Nasice,Nasice_2025-07-18_12-27_tf_1h,2021-02-15 21:00:00,269.83463,269.8703
Nasice,Nasice_2025-07-18_12-27_tf_1h,2021-02-15 22:00:00,270.16647,269.91364
Nasice,Nasice_2025-07-18_12-27_tf_1h,2021-02-15 23:00:00,270.83908,270.76404
Nasice,Nasice_2025-07-18_12-27_tf_1h,2021-02-16 00:00:00,270.74887,271.67957
Nasice,Nasice_2025-07-18_12-27_tf_1h,2021-02-16 01:00:00,271.0726,270.9818
Nasice,Nasice_2025-07-18_12-27_tf_1h,2021-02-16 02:00:00,270.0321,271.6031
Nasice,Nasice_2025-07-18_12-27_tf_1h,2021-02-16 03:00:00,270.36047,269.46945
Nasice,Nasice_2025-07-18_12-27_tf_1h,2021-02-16 04:00:00,270.06967,271.20682
Nasice,Nasice_2025-07-18_12-27_tf_1h,2021-02-16 05:00:00,270.1115,270.11536
Nasice,Nasice_2025-07-18_12-27_tf_1h,2021-02-16 06:00:00,270.50687,270.924
Nasice,Nasice_2025-07-18_12-27_tf_1h,2021-02-16 07:00:00,271.0641,271.6745
Nasice,Nasice_2025-07-18_12-27_tf_1h,2021-02-16 08:00:00,271.5508,272.68384
Nasice,Nasice_2025-07-18_12-27_tf_1h,2021-02-16 09:00:00,272.709,272.95514
Nasice,Nasice_2025-07-18_12-27_tf_1h,2021-02-16 10:00:00,274.26797,274.4445
Nasice,Nasice_2025-07-18_12-27_tf_1h,2021-02-16 11:00:00,275.17987,275.8321
Nasice,Nasice_2025-07-18_12-27_tf_1h,2021-02-16 12:00:00,276.6126,275.91864
Nasice,Nasice_2025-07-18_12-27_tf_1h,2021-02-16 13:00:00,277.77893,277.77927
Nasice,Nasice_2025-07-18_12-27_tf_1h,2021-02-16 14:00:00,278.1437,278.55505
Nasice,Nasice_2025-07-18_12-27_tf_1h,2021-02-16 15:00:00,278.19016,278.2763
Nasice,Nasice_2025-07-18_12-27_tf_1h,2021-02-16 16:00:00,277.63953,278.04483
Nasice,Nasice_2025-07-18_12-27_tf_1h,2021-02-16 17:00:00,276.0728,277.0111
Nasice,Nasice_2025-07-18_12-27_tf_1h,2021-02-16 18:00:00,274.2025,274.74332
Nasice,Nasice_2025-07-18_12-27_tf_1h,2021-02-16 19:00:00,273.20697,272.78125
Nasice,Nasice_2025-07-18_12-27_tf_1h,2021-02-16 20:00:00,272.76477,272.55988
Nasice,Nasice_2025-07-18_12-27_tf_1h,2021-02-16 21:00:00,272.58624,272.54935
Nasice,Nasice_2025-07-18_12-27_tf_1h,2021-02-16 22:00:00,272.7876,272.66153
Nasice,Nasice_2025-07-18_12-27_tf_1h,2021-02-16 23:00:00,272.31635,273.1435
Nasice,Nasice_2025-07-18_12-27_tf_1h,2021-02-17 00:00:00,272.39264,272.20935
Nasice,Nasice_2025-07-18_12-27_tf_1h,2021-02-17 01:00:00,273.21704,272.66574
Nasice,Nasice_2025-07-18_12-27_tf_1h,2021-02-17 02:00:00,273.14734,274.0093
Nasice,Nasice_2025-07-18_12-27_tf_1h,2021-02-17 03:00:00,272.43253,273.19763
Nasice,Nasice_2025-07-18_12-27_tf_1h,2021-02-17 04:00:00,271.68558,272.01364
Nasice,Nasice_2025-07-18_12-27_tf_1h,2021-02-17 05:00:00,271.07996,271.42813
Nasice,Nasice_2025-07-18_12-27_tf_1h,2021-02-17 06:00:00,270.91693,271.12323
Nasice,Nasice_2025-07-18_12-27_tf_1h,2021-02-17 07:00:00,270.96146,271.59076
Nasice,Nasice_2025-07-18_12-27_tf_1h,2021-02-17 08:00:00,272.89023,271.99103
Nasice,Nasice_2025-07-18_12-27_tf_1h,2021-02-17 09:00:00,277.12335,275.62296
Nasice,Nasice_2025-07-18_12-27_tf_1h,2021-02-17 10:00:00,279.3321,280.25784
Nasice,Nasice_2025-07-18_12-27_tf_1h,2021-02-17 11:00:00,280.1503,280.83878
Nasice,Nasice_2025-07-18_12-27_tf_1h,2021-02-17 12:00:00,280.19055,280.42233
Nasice,Nasice_2025-07-18_12-27_tf_1h,2021-02-17 13:00:00,279.64108,280.04553
Nasice,Nasice_2025-07-18_12-27_tf_1h,2021-02-17 14:00:00,279.43082,278.96527
Nasice,Nasice_2025-07-18_12-27_tf_1h,2021-02-17 15:00:00,279.45328,279.02454
Nasice,Nasice_2025-07-18_12-27_tf_1h,2021-02-17 16:00:00,279.4436,279.21527
Nasice,Nasice_2025-07-18_12-27_tf_1h,2021-02-17 17:00:00,278.77332,279.23755
Nasice,Nasice_2025-07-18_12-27_tf_1h,2021-02-17 18:00:00,277.8707,278.12872
Nasice,Nasice_2025-07-18_12-27_tf_1h,2021-02-17 19:00:00,277.29337,277.10446
Nasice,Nasice_2025-07-18_12-27_tf_1h,2021-02-17 20:00:00,275.78745,276.76468
Nasice,Nasice_2025-07-18_12-27_tf_1h,2021-02-17 21:00:00,275.95627,274.6697
Nasice,Nasice_2025-07-18_12-27_tf_1h,2021-02-17 22:00:00,276.24667,275.99988
Nasice,Nasice_2025-07-18_12-27_tf_1h,2021-02-17 23:00:00,276.32724,276.4405
Nasice,Nasice_2025-07-18_12-27_tf_1h,2021-02-18 00:00:00,276.3129,276.41995
Nasice,Nasice_2025-07-18_12-27_tf_1h,2021-02-18 01:00:00,276.20718,276.3252
Nasice,Nasice_2025-07-18_12-27_tf_1h,2021-02-18 02:00:00,275.74136,276.1384
Nasice,Nasice_2025-07-18_12-27_tf_1h,2021-02-18 03:00:00,275.2039,275.40106
Nasice,Nasice_2025-07-18_12-27_tf_1h,2021-02-18 04:00:00,274.7756,274.8263
Nasice,Nasice_2025-07-18_12-27_tf_1h,2021-02-18 05:00:00,274.30087,274.5853
Nasice,Nasice_2025-07-18_12-27_tf_1h,2021-02-18 06:00:00,274.20602,274.22202
Nasice,Nasice_2025-07-18_12-27_tf_1h,2021-02-18 07:00:00,273.8331,275.28308
Nasice,Nasice_2025-07-18_12-27_tf_1h,2021-02-18 08:00:00,275.2794,274.28455
Nasice,Nasice_2025-07-18_12-27_tf_1h,2021-02-18 09:00:00,277.12955,277.08206
Nasice,Nasice_2025-07-18_12-27_tf_1h,2021-02-18 10:00:00,278.99597,278.84912
Nasice,Nasice_2025-07-18_12-27_tf_1h,2021-02-18 11:00:00,280.6653,280.3997
Nasice,Nasice_2025-07-18_12-27_tf_1h,2021-02-18 12:00:00,282.89377,281.82614
Nasice,Nasice_2025-07-18_12-27_tf_1h,2021-02-18 13:00:00,284.21732,284.3184
Nasice,Nasice_2025-07-18_12-27_tf_1h,2021-02-18 14:00:00,284.80588,285.05826
Nasice,Nasice_2025-07-18_12-27_tf_1h,2021-02-18 15:00:00,284.88293,285.04514
Nasice,Nasice_2025-07-18_12-27_tf_1h,2021-02-18 16:00:00,284.5201,284.69922
Nasice,Nasice_2025-07-18_12-27_tf_1h,2021-02-18 17:00:00,283.17685,283.919
Nasice,Nasice_2025-07-18_12-27_tf_1h,2021-02-18 18:00:00,280.52164,281.77582
Nasice,Nasice_2025-07-18_12-27_tf_1h,2021-02-18 19:00:00,278.38068,278.4261
Nasice,Nasice_2025-07-18_12-27_tf_1h,2021-02-18 20:00:00,278.35434,276.9296
Nasice,Nasice_2025-07-18_12-27_tf_1h,2021-02-18 21:00:00,275.89276,278.12137
Nasice,Nasice_2025-07-18_12-27_tf_1h,2021-02-18 22:00:00,274.66837,274.45477
Nasice,Nasice_2025-07-18_12-27_tf_1h,2021-02-18 23:00:00,273.92294,274.13672
Nasice,Nasice_2025-07-18_12-27_tf_1h,2021-02-19 00:00:00,273.51248,273.38992
Nasice,Nasice_2025-07-18_12-27_tf_1h,2021-02-19 01:00:00,273.46487,273.3578
Nasice,Nasice_2025-07-18_12-27_tf_1h,2021-02-19 02:00:00,273.36923,273.62918
Nasice,Nasice_2025-07-18_12-27_tf_1h,2021-02-19 03:00:00,273.43893,273.52518
Nasice,Nasice_2025-07-18_12-27_tf_1h,2021-02-19 04:00:00,273.37927,273.7261
Nasice,Nasice_2025-07-18_12-27_tf_1h,2021-02-19 05:00:00,273.27356,273.52457
Nasice,Nasice_2025-07-18_12-27_tf_1h,2021-02-19 06:00:00,273.28635,273.68344
Nasice,Nasice_2025-07-18_12-27_tf_1h,2021-02-19 07:00:00,273.58182,275.01627
Nasice,Nasice_2025-07-18_12-27_tf_1h,2021-02-19 08:00:00,275.4281,275.82825
Nasice,Nasice_2025-07-18_12-27_tf_1h,2021-02-19 09:00:00,278.18628,277.40247
Nasice,Nasice_2025-07-18_12-27_tf_1h,2021-02-19 10:00:00,280.39774,280.0529
Nasice,Nasice_2025-07-18_12-27_tf_1h,2021-02-19 11:00:00,282.2204,282.1352
Nasice,Nasice_2025-07-18_12-27_tf_1h,2021-02-19 12:00:00,283.63068,283.4153
Nasice,Nasice_2025-07-18_12-27_tf_1h,2021-02-19 13:00:00,284.91315,284.4431
Nasice,Nasice_2025-07-18_12-27_tf_1h,2021-02-19 14:00:00,285.29727,285.59152
Nasice,Nasice_2025-07-18_12-27_tf_1h,2021-02-19 15:00:00,285.6938,285.37683
Nasice,Nasice_2025-07-18_12-27_tf_1h,2021-02-19 16:00:00,285.00726,285.672
Nasice,Nasice_2025-07-18_12-27_tf_1h,2021-02-19 17:00:00,283.99234,284.21518
Nasice,Nasice_2025-07-18_12-27_tf_1h,2021-02-19 18:00:00,282.95612,282.775
Nasice,Nasice_2025-07-18_12-27_tf_1h,2021-02-19 19:00:00,281.95322,281.80557
Nasice,Nasice_2025-07-18_12-27_tf_1h,2021-02-19 20:00:00,282.64984,280.89713
Nasice,Nasice_2025-07-18_12-27_tf_1h,2021-02-19 21:00:00,282.45233,282.618
Nasice,Nasice_2025-07-18_12-27_tf_1h,2021-02-19 22:00:00,281.90015,282.1635
Nasice,Nasice_2025-07-18_12-27_tf_1h,2021-02-19 23:00:00,281.35455,281.3668
Nasice,Nasice_2025-07-18_12-27_tf_1h,2021-02-20 00:00:00,280.6142,280.82803
Nasice,Nasice_2025-07-18_12-27_tf_1h,2021-02-20 01:00:00,280.66763,280.0022
Nasice,Nasice_2025-07-18_12-27_tf_1h,2021-02-20 02:00:00,280.3567,280.51337
Nasice,Nasice_2025-07-18_12-27_tf_1h,2021-02-20 03:00:00,280.16617,280.0609
Nasice,Nasice_2025-07-18_12-27_tf_1h,2021-02-20 04:00:00,279.86026,279.97275
Nasice,Nasice_2025-07-18_12-27_tf_1h,2021-02-20 05:00:00,279.65735,279.60825
Nasice,Nasice_2025-07-18_12-27_tf_1h,2021-02-20 06:00:00,279.25464,279.55234
Nasice,Nasice_2025-07-18_12-27_tf_1h,2021-02-20 07:00:00,278.2614,279.0296
Nasice,Nasice_2025-07-18_12-27_tf_1h,2021-02-20 08:00:00,279.34293,278.42786
Nasice,Nasice_2025-07-18_12-27_tf_1h,2021-02-20 09:00:00,282.4539,281.34305
Nasice,Nasice_2025-07-18_12-27_tf_1h,2021-02-20 10:00:00,283.79175,284.7305
Nasice,Nasice_2025-07-18_12-27_tf_1h,2021-02-20 11:00:00,284.9488,285.01035
Nasice,Nasice_2025-07-18_12-27_tf_1h,2021-02-20 12:00:00,285.61984,285.60257
Nasice,Nasice_2025-07-18_12-27_tf_1h,2021-02-20 13:00:00,285.80957,286.0265
Nasice,Nasice_2025-07-18_12-27_tf_1h,2021-02-20 14:00:00,285.35886,285.80618
Nasice,Nasice_2025-07-18_12-27_tf_1h,2021-02-20 15:00:00,284.54413,284.72845
Nasice,Nasice_2025-07-18_12-27_tf_1h,2021-02-20 16:00:00,283.73056,283.53833
Nasice,Nasice_2025-07-18_12-27_tf_1h,2021-02-20 17:00:00,282.8992,282.7886
Nasice,Nasice_2025-07-18_12-27_tf_1h,2021-02-20 18:00:00,281.6868,282.00693
Nasice,Nasice_2025-07-18_12-27_tf_1h,2021-02-20 19:00:00,280.838,280.6463
Nasice,Nasice_2025-07-18_12-27_tf_1h,2021-02-20 20:00:00,279.5106,280.0699
Nasice,Nasice_2025-07-18_12-27_tf_1h,2021-02-20 21:00:00,278.96228,278.50797
Nasice,Nasice_2025-07-18_12-27_tf_1h,2021-02-20 22:00:00,278.6068,278.5472
Nasice,Nasice_2025-07-18_12-27_tf_1h,2021-02-20 23:00:00,278.25366,278.33853
Nasice,Nasice_2025-07-18_12-27_tf_1h,2021-02-21 00:00:00,277.8676,278.03586
Nasice,Nasice_2025-07-18_12-27_tf_1h,2021-02-21 01:00:00,277.58685,277.62497
Nasice,Nasice_2025-07-18_12-27_tf_1h,2021-02-21 02:00:00,277.26624,277.42664
Nasice,Nasice_2025-07-18_12-27_tf_1h,2021-02-21 03:00:00,277.17407,277.08286
Nasice,Nasice_2025-07-18_12-27_tf_1h,2021-02-21 04:00:00,276.82016,277.2652
Nasice,Nasice_2025-07-18_12-27_tf_1h,2021-02-21 05:00:00,276.5917,276.62704
Nasice,Nasice_2025-07-18_12-27_tf_1h,2021-02-21 06:00:00,276.4585,277.5219
Nasice,Nasice_2025-07-18_12-27_tf_1h,2021-02-21 07:00:00,276.44727,277.377
Nasice,Nasice_2025-07-18_12-27_tf_1h,2021-02-21 08:00:00,277.20892,276.82635
Nasice,Nasice_2025-07-18_12-27_tf_1h,2021-02-21 09:00:00,277.8525,278.16486
Nasice,Nasice_2025-07-18_12-27_tf_1h,2021-02-21 10:00:00,279.17566,278.4168
Nasice,Nasice_2025-07-18_12-27_tf_1h,2021-02-21 11:00:00,280.92783,280.35587
Nasice,Nasice_2025-07-18_12-27_tf_1h,2021-02-21 12:00:00,282.84616,282.27258
Nasice,Nasice_2025-07-18_12-27_tf_1h,2021-02-21 13:00:00,284.43378,284.12332
Nasice,Nasice_2025-07-18_12-27_tf_1h,2021-02-21 14:00:00,285.2969,285.35132
Nasice,Nasice_2025-07-18_12-27_tf_1h,2021-02-21 15:00:00,285.67172,285.7432
Nasice,Nasice_2025-07-18_12-27_tf_1h,2021-02-21 16:00:00,285.39603,285.74136
Nasice,Nasice_2025-07-18_12-27_tf_1h,2021-02-21 17:00:00,283.96832,284.9083
Nasice,Nasice_2025-07-18_12-27_tf_1h,2021-02-21 18:00:00,282.11313,282.52426
Nasice,Nasice_2025-07-18_12-27_tf_1h,2021-02-21 19:00:00,280.8628,280.44736
Nasice,Nasice_2025-07-18_12-27_tf_1h,2021-02-21 20:00:00,279.79987,279.7081
Nasice,Nasice_2025-07-18_12-27_tf_1h,2021-02-21 21:00:00,278.91852,278.82858
Nasice,Nasice_2025-07-18_12-27_tf_1h,2021-02-21 22:00:00,277.9319,278.1982
Nasice,Nasice_2025-07-18_12-27_tf_1h,2021-02-21 23:00:00,277.30768,277.21906
Nasice,Nasice_2025-07-18_12-27_tf_1h,2021-02-22 00:00:00,276.8585,276.86737
Nasice,Nasice_2025-07-18_12-27_tf_1h,2021-02-22 01:00:00,276.65558,276.589
Nasice,Nasice_2025-07-18_12-27_tf_1h,2021-02-22 02:00:00,275.9334,276.59628
Nasice,Nasice_2025-07-18_12-27_tf_1h,2021-02-22 03:00:00,274.83527,275.4905
Nasice,Nasice_2025-07-18_12-27_tf_1h,2021-02-22 04:00:00,274.04532,274.1165
Nasice,Nasice_2025-07-18_12-27_tf_1h,2021-02-22 05:00:00,273.8335,273.6816
Nasice,Nasice_2025-07-18_12-27_tf_1h,2021-02-22 06:00:00,273.89856,274.12366
Nasice,Nasice_2025-07-18_12-27_tf_1h,2021-02-22 07:00:00,274.32257,274.90103
Nasice,Nasice_2025-07-18_12-27_tf_1h,2021-02-22 08:00:00,276.11542,276.31265
Nasice,Nasice_2025-07-18_12-27_tf_1h,2021-02-22 09:00:00,277.71814,278.61032
Nasice,Nasice_2025-07-18_12-27_tf_1h,2021-02-22 10:00:00,280.35126,279.03622
Nasice,Nasice_2025-07-18_12-27_tf_1h,2021-02-22 11:00:00,283.58612,282.2586
Nasice,Nasice_2025-07-18_12-27_tf_1h,2021-02-22 12:00:00,286.44385,285.6866
Nasice,Nasice_2025-07-18_12-27_tf_1h,2021-02-22 13:00:00,288.09537,288.22812
Nasice,Nasice_2025-07-18_12-27_tf_1h,2021-02-22 14:00:00,288.95654,288.97705
Nasice,Nasice_2025-07-18_12-27_tf_1h,2021-02-22 15:00:00,289.1943,289.20984
Nasice,Nasice_2025-07-18_12-27_tf_1h,2021-02-22 16:00:00,288.60843,289.11905
Nasice,Nasice_2025-07-18_12-27_tf_1h,2021-02-22 17:00:00,286.9639,288.09497
Nasice,Nasice_2025-07-18_12-27_tf_1h,2021-02-22 18:00:00,284.62854,285.48535
Nasice,Nasice_2025-07-18_12-27_tf_1h,2021-02-22 19:00:00,282.46085,282.70374
Nasice,Nasice_2025-07-18_12-27_tf_1h,2021-02-22 20:00:00,281.43317,281.00372
Nasice,Nasice_2025-07-18_12-27_tf_1h,2021-02-22 21:00:00,280.14874,280.5655
Nasice,Nasice_2025-07-18_12-27_tf_1h,2021-02-22 22:00:00,279.32745,279.21378
Nasice,Nasice_2025-07-18_12-27_tf_1h,2021-02-22 23:00:00,278.78842,278.72748
Nasice,Nasice_2025-07-18_12-27_tf_1h,2021-02-23 00:00:00,278.33807,278.33612
Nasice,Nasice_2025-07-18_12-27_tf_1h,2021-02-23 01:00:00,277.9071,278.00104
Nasice,Nasice_2025-07-18_12-27_tf_1h,2021-02-23 02:00:00,277.41803,277.64377
Nasice,Nasice_2025-07-18_12-27_tf_1h,2021-02-23 03:00:00,276.96265,277.15695
Nasice,Nasice_2025-07-18_12-27_tf_1h,2021-02-23 04:00:00,276.52975,276.7279
Nasice,Nasice_2025-07-18_12-27_tf_1h,2021-02-23 05:00:00,276.17932,276.2973
Nasice,Nasice_2025-07-18_12-27_tf_1h,2021-02-23 06:00:00,275.9098,276.1205
Nasice,Nasice_2025-07-18_12-27_tf_1h,2021-02-23 07:00:00,275.76498,276.98557
Nasice,Nasice_2025-07-18_12-27_tf_1h,2021-02-23 08:00:00,278.2405,277.63065
Nasice,Nasice_2025-07-18_12-27_tf_1h,2021-02-23 09:00:00,281.94662,281.0574
Nasice,Nasice_2025-07-18_12-27_tf_1h,2021-02-23 10:00:00,284.0202,284.1804
Nasice,Nasice_2025-07-18_12-27_tf_1h,2021-02-23 11:00:00,285.8065,285.6471
Nasice,Nasice_2025-07-18_12-27_tf_1h,2021-02-23 12:00:00,287.30853,286.82297
Nasice,Nasice_2025-07-18_12-27_tf_1h,2021-02-23 13:00:00,288.36758,288.15625
Nasice,Nasice_2025-07-18_12-27_tf_1h,2021-02-23 14:00:00,288.95538,288.8581
Nasice,Nasice_2025-07-18_12-27_tf_1h,2021-02-23 15:00:00,288.9918,289.11035
Nasice,Nasice_2025-07-18_12-27_tf_1h,2021-02-23 16:00:00,288.37686,288.81577
Nasice,Nasice_2025-07-18_12-27_tf_1h,2021-02-23 17:00:00,286.51355,287.65497
Nasice,Nasice_2025-07-18_12-27_tf_1h,2021-02-23 18:00:00,284.3629,284.83902
Nasice,Nasice_2025-07-18_12-27_tf_1h,2021-02-23 19:00:00,282.90152,282.7171
Nasice,Nasice_2025-07-18_12-27_tf_1h,2021-02-23 20:00:00,282.17004,281.76822
Nasice,Nasice_2025-07-18_12-27_tf_1h,2021-02-23 21:00:00,280.62,281.37292
Nasice,Nasice_2025-07-18_12-27_tf_1h,2021-02-23 22:00:00,279.07343,279.56952
Nasice,Nasice_2025-07-18_12-27_tf_1h,2021-02-23 23:00:00,278.0593,278.18057
Nasice,Nasice_2025-07-18_12-27_tf_1h,2021-02-24 00:00:00,277.66663,277.40128
Nasice,Nasice_2025-07-18_12-27_tf_1h,2021-02-24 01:00:00,277.62637,277.37567
Nasice,Nasice_2025-07-18_12-27_tf_1h,2021-02-24 02:00:00,277.5133,277.641
Nasice,Nasice_2025-07-18_12-27_tf_1h,2021-02-24 03:00:00,276.6676,277.52927
Nasice,Nasice_2025-07-18_12-27_tf_1h,2021-02-24 04:00:00,276.25095,276.0072
Nasice,Nasice_2025-07-18_12-27_tf_1h,2021-02-24 05:00:00,275.6976,276.24213
Nasice,Nasice_2025-07-18_12-27_tf_1h,2021-02-24 06:00:00,275.11096,276.1097
Nasice,Nasice_2025-07-18_12-27_tf_1h,2021-02-24 07:00:00,274.86005,277.27667
Nasice,Nasice_2025-07-18_12-27_tf_1h,2021-02-24 08:00:00,277.2674,276.14072
Nasice,Nasice_2025-07-18_12-27_tf_1h,2021-02-24 09:00:00,281.5683,279.6293
Nasice,Nasice_2025-07-18_12-27_tf_1h,2021-02-24 10:00:00,284.2502,284.38382
Nasice,Nasice_2025-07-18_12-27_tf_1h,2021-02-24 11:00:00,286.09534,286.1606
Nasice,Nasice_2025-07-18_12-27_tf_1h,2021-02-24 12:00:00,287.44638,287.08313
Nasice,Nasice_2025-07-18_12-27_tf_1h,2021-02-24 13:00:00,288.36642,288.13678
Nasice,Nasice_2025-07-18_12-27_tf_1h,2021-02-24 14:00:00,288.9364,288.769
Nasice,Nasice_2025-07-18_12-27_tf_1h,2021-02-24 15:00:00,289.089,289.08798
Nasice,Nasice_2025-07-18_12-27_tf_1h,2021-02-24 16:00:00,288.65607,288.9873
Nasice,Nasice_2025-07-18_12-27_tf_1h,2021-02-24 17:00:00,287.33368,288.09735
Nasice,Nasice_2025-07-18_12-27_tf_1h,2021-02-24 18:00:00,285.29843,286.01263
Nasice,Nasice_2025-07-18_12-27_tf_1h,2021-02-24 19:00:00,283.18845,283.58804
Nasice,Nasice_2025-07-18_12-27_tf_1h,2021-02-24 20:00:00,281.32822,281.76135
Nasice,Nasice_2025-07-18_12-27_tf_1h,2021-02-24 21:00:00,280.39346,280.16367
Nasice,Nasice_2025-07-18_12-27_tf_1h,2021-02-24 22:00:00,279.87613,279.6824
Nasice,Nasice_2025-07-18_12-27_tf_1h,2021-02-24 23:00:00,279.2988,279.3773
Nasice,Nasice_2025-07-18_12-27_tf_1h,2021-02-25 00:00:00,278.41397,278.8467
Nasice,Nasice_2025-07-18_12-27_tf_1h,2021-02-25 01:00:00,277.83197,277.83844
Nasice,Nasice_2025-07-18_12-27_tf_1h,2021-02-25 02:00:00,278.05502,277.47537
Nasice,Nasice_2025-07-18_12-27_tf_1h,2021-02-25 03:00:00,278.39886,278.328
Nasice,Nasice_2025-07-18_12-27_tf_1h,2021-02-25 04:00:00,278.29666,278.7469
Nasice,Nasice_2025-07-18_12-27_tf_1h,2021-02-25 05:00:00,277.50827,278.11276
Nasice,Nasice_2025-07-18_12-27_tf_1h,2021-02-25 06:00:00,276.6467,277.31155
Nasice,Nasice_2025-07-18_12-27_tf_1h,2021-02-25 07:00:00,276.3276,278.14575
Nasice,Nasice_2025-07-18_12-27_tf_1h,2021-02-25 08:00:00,278.2223,277.82428
Nasice,Nasice_2025-07-18_12-27_tf_1h,2021-02-25 09:00:00,282.94452,280.19693
Nasice,Nasice_2025-07-18_12-27_tf_1h,2021-02-25 10:00:00,285.74182,285.86584
Nasice,Nasice_2025-07-18_12-27_tf_1h,2021-02-25 11:00:00,287.96487,287.81763
Nasice,Nasice_2025-07-18_12-27_tf_1h,2021-02-25 12:00:00,289.60825,289.2088
Nasice,Nasice_2025-07-18_12-27_tf_1h,2021-02-25 13:00:00,290.68512,290.46402
Nasice,Nasice_2025-07-18_12-27_tf_1h,2021-02-25 14:00:00,291.21872,291.1735
Nasice,Nasice_2025-07-18_12-27_tf_1h,2021-02-25 15:00:00,291.1827,291.34494
Nasice,Nasice_2025-07-18_12-27_tf_1h,2021-02-25 16:00:00,290.44156,290.96674
Nasice,Nasice_2025-07-18_12-27_tf_1h,2021-02-25 17:00:00,288.46866,289.631
Nasice,Nasice_2025-07-18_12-27_tf_1h,2021-02-25 18:00:00,286.38538,286.7175
Nasice,Nasice_2025-07-18_12-27_tf_1h,2021-02-25 19:00:00,284.96194,284.79886
Nasice,Nasice_2025-07-18_12-27_tf_1h,2021-02-25 20:00:00,283.9385,283.85556
Nasice,Nasice_2025-07-18_12-27_tf_1h,2021-02-25 21:00:00,282.52283,283.02386
Nasice,Nasice_2025-07-18_12-27_tf_1h,2021-02-25 22:00:00,281.20935,281.5322
Nasice,Nasice_2025-07-18_12-27_tf_1h,2021-02-25 23:00:00,281.09784,280.37787
Nasice,Nasice_2025-07-18_12-27_tf_1h,2021-02-26 00:00:00,281.15784,280.93054
Nasice,Nasice_2025-07-18_12-27_tf_1h,2021-02-26 01:00:00,280.48718,281.1386
Nasice,Nasice_2025-07-18_12-27_tf_1h,2021-02-26 02:00:00,279.45987,280.0764
Nasice,Nasice_2025-07-18_12-27_tf_1h,2021-02-26 03:00:00,278.22888,278.77563
Nasice,Nasice_2025-07-18_12-27_tf_1h,2021-02-26 04:00:00,276.90613,277.33356
Nasice,Nasice_2025-07-18_12-27_tf_1h,2021-02-26 05:00:00,276.15878,275.978
Nasice,Nasice_2025-07-18_12-27_tf_1h,2021-02-26 06:00:00,275.81958,276.79352
Nasice,Nasice_2025-07-18_12-27_tf_1h,2021-02-26 07:00:00,275.7119,277.80618
Nasice,Nasice_2025-07-18_12-27_tf_1h,2021-02-26 08:00:00,278.8899,277.58112
Nasice,Nasice_2025-07-18_12-27_tf_1h,2021-02-26 09:00:00,283.51877,281.75403
Nasice,Nasice_2025-07-18_12-27_tf_1h,2021-02-26 10:00:00,287.08432,286.38565
Nasice,Nasice_2025-07-18_12-27_tf_1h,2021-02-26 11:00:00,289.3275,289.33392
Nasice,Nasice_2025-07-18_12-27_tf_1h,2021-02-26 12:00:00,290.72733,290.6327
Nasice,Nasice_2025-07-18_12-27_tf_1h,2021-02-26 13:00:00,291.62143,291.36758
Nasice,Nasice_2025-07-18_12-27_tf_1h,2021-02-26 14:00:00,292.12366,291.97992
Nasice,Nasice_2025-07-18_12-27_tf_1h,2021-02-26 15:00:00,292.1643,292.25162
Nasice,Nasice_2025-07-18_12-27_tf_1h,2021-02-26 16:00:00,291.6435,292.0021
Nasice,Nasice_2025-07-18_12-27_tf_1h,2021-02-26 17:00:00,289.8104,290.97256
Nasice,Nasice_2025-07-18_12-27_tf_1h,2021-02-26 18:00:00,286.77338,288.1385
Nasice,Nasice_2025-07-18_12-27_tf_1h,2021-02-26 19:00:00,284.19058,284.77118
Nasice,Nasice_2025-07-18_12-27_tf_1h,2021-02-26 20:00:00,287.1006,282.8155
Nasice,Nasice_2025-07-18_12-27_tf_1h,2021-02-26 21:00:00,285.7267,287.63245
Nasice,Nasice_2025-07-18_12-27_tf_1h,2021-02-26 22:00:00,281.53036,284.90018
Nasice,Nasice_2025-07-18_12-27_tf_1h,2021-02-26 23:00:00,279.80682,279.5995
Nasice,Nasice_2025-07-18_12-27_tf_1h,2021-02-27 00:00:00,279.0014,279.2012
Nasice,Nasice_2025-07-18_12-27_tf_1h,2021-02-27 01:00:00,278.4806,278.43527
Nasice,Nasice_2025-07-18_12-27_tf_1h,2021-02-27 02:00:00,278.12317,278.11313
Nasice,Nasice_2025-07-18_12-27_tf_1h,2021-02-27 03:00:00,278.19327,277.92126
Nasice,Nasice_2025-07-18_12-27_tf_1h,2021-02-27 04:00:00,279.19193,278.3607
Nasice,Nasice_2025-07-18_12-27_tf_1h,2021-02-27 05:00:00,279.70926,280.18048
Nasice,Nasice_2025-07-18_12-27_tf_1h,2021-02-27 06:00:00,279.55048,280.20667
Nasice,Nasice_2025-07-18_12-27_tf_1h,2021-02-27 07:00:00,279.30536,281.22433
Nasice,Nasice_2025-07-18_12-27_tf_1h,2021-02-27 08:00:00,280.0589,280.60785
Nasice,Nasice_2025-07-18_12-27_tf_1h,2021-02-27 09:00:00,280.84692,281.56448
Nasice,Nasice_2025-07-18_12-27_tf_1h,2021-02-27 10:00:00,281.69028,281.54037
Nasice,Nasice_2025-07-18_12-27_tf_1h,2021-02-27 11:00:00,282.359,282.40488
Nasice,Nasice_2025-07-18_12-27_tf_1h,2021-02-27 12:00:00,283.57297,282.76187
Nasice,Nasice_2025-07-18_12-27_tf_1h,2021-02-27 13:00:00,283.91296,284.33963
Nasice,Nasice_2025-07-18_12-27_tf_1h,2021-02-27 14:00:00,283.82776,284.03735
Nasice,Nasice_2025-07-18_12-27_tf_1h,2021-02-27 15:00:00,283.67908,283.48978
Nasice,Nasice_2025-07-18_12-27_tf_1h,2021-02-27 16:00:00,283.24808,283.2472
Nasice,Nasice_2025-07-18_12-27_tf_1h,2021-02-27 17:00:00,282.50037,282.59656
Nasice,Nasice_2025-07-18_12-27_tf_1h,2021-02-27 18:00:00,281.53076,281.6601
Nasice,Nasice_2025-07-18_12-27_tf_1h,2021-02-27 19:00:00,280.84653,280.6083
Nasice,Nasice_2025-07-18_12-27_tf_1h,2021-02-27 20:00:00,279.8165,280.10095
Nasice,Nasice_2025-07-18_12-27_tf_1h,2021-02-27 21:00:00,279.3685,278.91058
Nasice,Nasice_2025-07-18_12-27_tf_1h,2021-02-27 22:00:00,278.85117,278.92487
Nasice,Nasice_2025-07-18_12-27_tf_1h,2021-02-27 23:00:00,278.7079,278.42255
Nasice,Nasice_2025-07-18_12-27_tf_1h,2021-02-28 00:00:00,278.44107,278.60703
Nasice,Nasice_2025-07-18_12-27_tf_1h,2021-02-28 01:00:00,278.00818,278.26773
Nasice,Nasice_2025-07-18_12-27_tf_1h,2021-02-28 02:00:00,277.80875,277.7229
Nasice,Nasice_2025-07-18_12-27_tf_1h,2021-02-28 03:00:00,277.72006,277.7738
Nasice,Nasice_2025-07-18_12-27_tf_1h,2021-02-28 04:00:00,277.504,277.77515
Nasice,Nasice_2025-07-18_12-27_tf_1h,2021-02-28 05:00:00,277.3166,277.45303
Nasice,Nasice_2025-07-18_12-27_tf_1h,2021-02-28 06:00:00,277.0196,277.4345
Nasice,Nasice_2025-07-18_12-27_tf_1h,2021-02-28 07:00:00,276.48907,277.35583
Nasice,Nasice_2025-07-18_12-27_tf_1h,2021-02-28 08:00:00,277.38705,276.70932
Nasice,Nasice_2025-07-18_12-27_tf_1h,2021-02-28 09:00:00,278.20874,278.81192
Nasice,Nasice_2025-07-18_12-27_tf_1h,2021-02-28 10:00:00,279.52298,279.01297
Nasice,Nasice_2025-07-18_12-27_tf_1h,2021-02-28 11:00:00,280.8419,280.66937
Nasice,Nasice_2025-07-18_12-27_tf_1h,2021-02-28 12:00:00,281.8324,281.87582
Nasice,Nasice_2025-07-18_12-27_tf_1h,2021-02-28 13:00:00,282.941,282.46542
Nasice,Nasice_2025-07-18_12-27_tf_1h,2021-02-28 14:00:00,283.15863,283.61374
Nasice,Nasice_2025-07-18_12-27_tf_1h,2021-02-28 15:00:00,283.10016,283.07498
Nasice,Nasice_2025-07-18_12-27_tf_1h,2021-02-28 16:00:00,282.88565,282.72864
Nasice,Nasice_2025-07-18_12-27_tf_1h,2021-02-28 17:00:00,282.45233,282.38943
Nasice,Nasice_2025-07-18_12-27_tf_1h,2021-02-28 18:00:00,281.5079,281.81497
Nasice,Nasice_2025-07-18_12-27_tf_1h,2021-02-28 19:00:00,280.7532,280.55347
Nasice,Nasice_2025-07-18_12-27_tf_1h,2021-02-28 20:00:00,278.30246,279.96237
Nasice,Nasice_2025-07-18_12-27_tf_1h,2021-02-28 21:00:00,276.8186,276.56845
Nasice,Nasice_2025-07-18_12-27_tf_1h,2021-02-28 22:00:00,275.4521,275.86096
Nasice,Nasice_2025-07-18_12-27_tf_1h,2021-02-28 23:00:00,274.5704,274.45154
Nasice,Nasice_2025-07-18_12-27_tf_1h,2021-03-01 00:00:00,273.99692,274.0734
Nasice,Nasice_2025-07-18_12-27_tf_1h,2021-03-01 01:00:00,273.36472,273.69592
Nasice,Nasice_2025-07-18_12-27_tf_1h,2021-03-01 02:00:00,272.98602,273.1289
Nasice,Nasice_2025-07-18_12-27_tf_1h,2021-03-01 03:00:00,272.80453,272.96896
Nasice,Nasice_2025-07-18_12-27_tf_1h,2021-03-01 04:00:00,272.7153,272.948
Nasice,Nasice_2025-07-18_12-27_tf_1h,2021-03-01 05:00:00,272.70694,272.9696
Nasice,Nasice_2025-07-18_12-27_tf_1h,2021-03-01 06:00:00,272.83228,273.2902
Nasice,Nasice_2025-07-18_12-27_tf_1h,2021-03-01 07:00:00,273.2123,274.3221
Nasice,Nasice_2025-07-18_12-27_tf_1h,2021-03-01 08:00:00,275.86957,275.1792
Nasice,Nasice_2025-07-18_12-27_tf_1h,2021-03-01 09:00:00,278.57895,278.7879
Nasice,Nasice_2025-07-18_12-27_tf_1h,2021-03-01 10:00:00,279.945,280.51154
Nasice,Nasice_2025-07-18_12-27_tf_1h,2021-03-01 11:00:00,281.04065,280.99994
Nasice,Nasice_2025-07-18_12-27_tf_1h,2021-03-01 12:00:00,282.10123,281.7459
Nasice,Nasice_2025-07-18_12-27_tf_1h,2021-03-01 13:00:00,283.04645,282.78998
Nasice,Nasice_2025-07-18_12-27_tf_1h,2021-03-01 14:00:00,283.7156,283.5484
Nasice,Nasice_2025-07-18_12-27_tf_1h,2021-03-01 15:00:00,284.1154,284.03372
Nasice,Nasice_2025-07-18_12-27_tf_1h,2021-03-01 16:00:00,283.9516,284.16696
Nasice,Nasice_2025-07-18_12-27_tf_1h,2021-03-01 17:00:00,282.95187,283.4984
Nasice,Nasice_2025-07-18_12-27_tf_1h,2021-03-01 18:00:00,281.8044,281.7846
Nasice,Nasice_2025-07-18_12-27_tf_1h,2021-03-01 19:00:00,281.1864,280.58237
Nasice,Nasice_2025-07-18_12-27_tf_1h,2021-03-01 20:00:00,279.86078,280.39462
Nasice,Nasice_2025-07-18_12-27_tf_1h,2021-03-01 21:00:00,278.63174,278.7582
Nasice,Nasice_2025-07-18_12-27_tf_1h,2021-03-01 22:00:00,277.27237,277.70673
Nasice,Nasice_2025-07-18_12-27_tf_1h,2021-03-01 23:00:00,277.0558,276.349
Nasice,Nasice_2025-07-18_12-27_tf_1h,2021-03-02 00:00:00,277.3499,276.8238
Nasice,Nasice_2025-07-18_12-27_tf_1h,2021-03-02 01:00:00,278.08994,277.4555
Nasice,Nasice_2025-07-18_12-27_tf_1h,2021-03-02 02:00:00,277.58923,278.61694
Nasice,Nasice_2025-07-18_12-27_tf_1h,2021-03-02 03:00:00,276.47052,277.31183
Nasice,Nasice_2025-07-18_12-27_tf_1h,2021-03-02 04:00:00,276.2673,275.63416
Nasice,Nasice_2025-07-18_12-27_tf_1h,2021-03-02 05:00:00,275.90598,276.303
Nasice,Nasice_2025-07-18_12-27_tf_1h,2021-03-02 06:00:00,275.45477,275.7477
Nasice,Nasice_2025-07-18_12-27_tf_1h,2021-03-02 07:00:00,275.1068,276.3539
Nasice,Nasice_2025-07-18_12-27_tf_1h,2021-03-02 08:00:00,275.59814,276.14
Nasice,Nasice_2025-07-18_12-27_tf_1h,2021-03-02 09:00:00,278.34998,277.07104
Nasice,Nasice_2025-07-18_12-27_tf_1h,2021-03-02 10:00:00,280.62518,280.6466
Nasice,Nasice_2025-07-18_12-27_tf_1h,2021-03-02 11:00:00,282.31747,282.4985
Nasice,Nasice_2025-07-18_12-27_tf_1h,2021-03-02 12:00:00,283.44955,283.44708
Nasice,Nasice_2025-07-18_12-27_tf_1h,2021-03-02 13:00:00,284.15448,284.1226
Nasice,Nasice_2025-07-18_12-27_tf_1h,2021-03-02 14:00:00,284.50244,284.49045
Nasice,Nasice_2025-07-18_12-27_tf_1h,2021-03-02 15:00:00,284.59268,284.58093
Nasice,Nasice_2025-07-18_12-27_tf_1h,2021-03-02 16:00:00,284.27948,284.3686
Nasice,Nasice_2025-07-18_12-27_tf_1h,2021-03-02 17:00:00,283.44955,283.68018
Nasice,Nasice_2025-07-18_12-27_tf_1h,2021-03-02 18:00:00,281.41434,282.39758
Nasice,Nasice_2025-07-18_12-27_tf_1h,2021-03-02 19:00:00,280.0553,279.6599
Nasice,Nasice_2025-07-18_12-27_tf_1h,2021-03-02 20:00:00,277.80115,278.89294
Nasice,Nasice_2025-07-18_12-27_tf_1h,2021-03-02 21:00:00,276.521,276.28522
Nasice,Nasice_2025-07-18_12-27_tf_1h,2021-03-02 22:00:00,275.45477,275.7654
Nasice,Nasice_2025-07-18_12-27_tf_1h,2021-03-02 23:00:00,274.64423,274.70163
Nasice,Nasice_2025-07-18_12-27_tf_1h,2021-03-03 00:00:00,273.8631,274.18393
Nasice,Nasice_2025-07-18_12-27_tf_1h,2021-03-03 01:00:00,273.21164,273.43085
Nasice,Nasice_2025-07-18_12-27_tf_1h,2021-03-03 02:00:00,272.6354,272.96173
Nasice,Nasice_2025-07-18_12-27_tf_1h,2021-03-03 03:00:00,272.34662,272.45465
Nasice,Nasice_2025-07-18_12-27_tf_1h,2021-03-03 04:00:00,272.17316,272.42923
Nasice,Nasice_2025-07-18_12-27_tf_1h,2021-03-03 05:00:00,272.18283,272.38525
Nasice,Nasice_2025-07-18_12-27_tf_1h,2021-03-03 06:00:00,272.9603,273.0955
Nasice,Nasice_2025-07-18_12-27_tf_1h,2021-03-03 07:00:00,273.67224,275.80423
Nasice,Nasice_2025-07-18_12-27_tf_1h,2021-03-03 08:00:00,274.9437,275.62466
Nasice,Nasice_2025-07-18_12-27_tf_1h,2021-03-03 09:00:00,279.68796,276.40466
Nasice,Nasice_2025-07-18_12-27_tf_1h,2021-03-03 10:00:00,282.27402,282.55753
Nasice,Nasice_2025-07-18_12-27_tf_1h,2021-03-03 11:00:00,283.87872,284.27023
Nasice,Nasice_2025-07-18_12-27_tf_1h,2021-03-03 12:00:00,285.02383,284.60526
Nasice,Nasice_2025-07-18_12-27_tf_1h,2021-03-03 13:00:00,285.88284,285.52872
Nasice,Nasice_2025-07-18_12-27_tf_1h,2021-03-03 14:00:00,286.47546,286.29327
Nasice,Nasice_2025-07-18_12-27_tf_1h,2021-03-03 15:00:00,286.64227,286.6588
Nasice,Nasice_2025-07-18_12-27_tf_1h,2021-03-03 16:00:00,286.3047,286.54523
Nasice,Nasice_2025-07-18_12-27_tf_1h,2021-03-03 17:00:00,285.1552,285.77563
Nasice,Nasice_2025-07-18_12-27_tf_1h,2021-03-03 18:00:00,282.3245,283.91974
Nasice,Nasice_2025-07-18_12-27_tf_1h,2021-03-03 19:00:00,280.6633,280.18106
Nasice,Nasice_2025-07-18_12-27_tf_1h,2021-03-03 20:00:00,280.51187,279.54034
Nasice,Nasice_2025-07-18_12-27_tf_1h,2021-03-03 21:00:00,278.4954,280.02533
Nasice,Nasice_2025-07-18_12-27_tf_1h,2021-03-03 22:00:00,276.47253,277.28763
Nasice,Nasice_2025-07-18_12-27_tf_1h,2021-03-03 23:00:00,274.71375,275.49133
Nasice,Nasice_2025-07-18_12-27_tf_1h,2021-03-04 00:00:00,273.50177,273.81955
Nasice,Nasice_2025-07-18_12-27_tf_1h,2021-03-04 01:00:00,272.72098,272.9171
Nasice,Nasice_2025-07-18_12-27_tf_1h,2021-03-04 02:00:00,272.27777,272.35263
Nasice,Nasice_2025-07-18_12-27_tf_1h,2021-03-04 03:00:00,271.98596,272.14618
Nasice,Nasice_2025-07-18_12-27_tf_1h,2021-03-04 04:00:00,271.84293,272.0333
Nasice,Nasice_2025-07-18_12-27_tf_1h,2021-03-04 05:00:00,271.7577,272.15732
Nasice,Nasice_2025-07-18_12-27_tf_1h,2021-03-04 06:00:00,271.56213,273.0578
Nasice,Nasice_2025-07-18_12-27_tf_1h,2021-03-04 07:00:00,271.8927,274.27744
Nasice,Nasice_2025-07-18_12-27_tf_1h,2021-03-04 08:00:00,276.08817,274.2358
Nasice,Nasice_2025-07-18_12-27_tf_1h,2021-03-04 09:00:00,282.17273,278.96222
Nasice,Nasice_2025-07-18_12-27_tf_1h,2021-03-04 10:00:00,285.1706,285.60617
Nasice,Nasice_2025-07-18_12-27_tf_1h,2021-03-04 11:00:00,286.9755,287.18668
Nasice,Nasice_2025-07-18_12-27_tf_1h,2021-03-04 12:00:00,288.13467,287.59586
Nasice,Nasice_2025-07-18_12-27_tf_1h,2021-03-04 13:00:00,288.75403,288.66122
Nasice,Nasice_2025-07-18_12-27_tf_1h,2021-03-04 14:00:00,288.985,288.98886
Nasice,Nasice_2025-07-18_12-27_tf_1h,2021-03-04 15:00:00,288.90442,288.91565
Nasice,Nasice_2025-07-18_12-27_tf_1h,2021-03-04 16:00:00,288.29443,288.6597
Nasice,Nasice_2025-07-18_12-27_tf_1h,2021-03-04 17:00:00,286.56204,287.63486
Nasice,Nasice_2025-07-18_12-27_tf_1h,2021-03-04 18:00:00,284.39713,284.9992
Nasice,Nasice_2025-07-18_12-27_tf_1h,2021-03-04 19:00:00,282.45786,282.74652
Nasice,Nasice_2025-07-18_12-27_tf_1h,2021-03-04 20:00:00,281.39862,281.20233
Nasice,Nasice_2025-07-18_12-27_tf_1h,2021-03-04 21:00:00,280.72278,280.59494
Nasice,Nasice_2025-07-18_12-27_tf_1h,2021-03-04 22:00:00,280.58273,280.0732
Nasice,Nasice_2025-07-18_12-27_tf_1h,2021-03-04 23:00:00,280.03693,280.2727
Nasice,Nasice_2025-07-18_12-27_tf_1h,2021-03-05 00:00:00,279.25647,279.6081
Nasice,Nasice_2025-07-18_12-27_tf_1h,2021-03-05 01:00:00,278.71164,278.7598
Nasice,Nasice_2025-07-18_12-27_tf_1h,2021-03-05 02:00:00,278.8136,278.3491
Nasice,Nasice_2025-07-18_12-27_tf_1h,2021-03-05 03:00:00,279.02316,278.85184
Nasice,Nasice_2025-07-18_12-27_tf_1h,2021-03-05 04:00:00,279.15884,279.24014
Nasice,Nasice_2025-07-18_12-27_tf_1h,2021-03-05 05:00:00,279.2909,279.29688
Nasice,Nasice_2025-07-18_12-27_tf_1h,2021-03-05 06:00:00,279.1886,279.63058
Nasice,Nasice_2025-07-18_12-27_tf_1h,2021-03-05 07:00:00,279.51483,280.64542
Nasice,Nasice_2025-07-18_12-27_tf_1h,2021-03-05 08:00:00,281.26025,281.0702
Nasice,Nasice_2025-07-18_12-27_tf_1h,2021-03-05 09:00:00,282.8185,282.74313
Nasice,Nasice_2025-07-18_12-27_tf_1h,2021-03-05 10:00:00,284.09933,284.1128
Nasice,Nasice_2025-07-18_12-27_tf_1h,2021-03-05 11:00:00,285.35977,284.9741
Nasice,Nasice_2025-07-18_12-27_tf_1h,2021-03-05 12:00:00,285.91495,286.142
Nasice,Nasice_2025-07-18_12-27_tf_1h,2021-03-05 13:00:00,285.8882,286.19537
Nasice,Nasice_2025-07-18_12-27_tf_1h,2021-03-05 14:00:00,285.9671,285.64352
Nasice,Nasice_2025-07-18_12-27_tf_1h,2021-03-05 15:00:00,284.99243,285.68323
Nasice,Nasice_2025-07-18_12-27_tf_1h,2021-03-05 16:00:00,283.3837,283.9333
Nasice,Nasice_2025-07-18_12-27_tf_1h,2021-03-05 17:00:00,282.12128,281.84933
Nasice,Nasice_2025-07-18_12-27_tf_1h,2021-03-05 18:00:00,280.88522,280.93594
Nasice,Nasice_2025-07-18_12-27_tf_1h,2021-03-05 19:00:00,279.68863,279.7988
Nasice,Nasice_2025-07-18_12-27_tf_1h,2021-03-05 20:00:00,278.6381,278.75552
Nasice,Nasice_2025-07-18_12-27_tf_1h,2021-03-05 21:00:00,277.61365,277.88416
Nasice,Nasice_2025-07-18_12-27_tf_1h,2021-03-05 22:00:00,276.65536,276.9099
Nasice,Nasice_2025-07-18_12-27_tf_1h,2021-03-05 23:00:00,275.538,276.0621
Nasice,Nasice_2025-07-18_12-27_tf_1h,2021-03-06 00:00:00,275.13055,274.88513
Nasice,Nasice_2025-07-18_12-27_tf_1h,2021-03-06 01:00:00,275.01825,275.09906
Nasice,Nasice_2025-07-18_12-27_tf_1h,2021-03-06 02:00:00,274.90494,275.18213
Nasice,Nasice_2025-07-18_12-27_tf_1h,2021-03-06 03:00:00,274.68433,275.05414
Nasice,Nasice_2025-07-18_12-27_tf_1h,2021-03-06 04:00:00,274.37048,274.8883
Nasice,Nasice_2025-07-18_12-27_tf_1h,2021-03-06 05:00:00,274.31433,275.2572
Nasice,Nasice_2025-07-18_12-27_tf_1h,2021-03-06 06:00:00,273.94098,276.12607
Nasice,Nasice_2025-07-18_12-27_tf_1h,2021-03-06 07:00:00,273.88416,274.70224
Nasice,Nasice_2025-07-18_12-27_tf_1h,2021-03-06 08:00:00,273.86176,274.41266
Nasice,Nasice_2025-07-18_12-27_tf_1h,2021-03-06 09:00:00,274.91562,274.02188
Nasice,Nasice_2025-07-18_12-27_tf_1h,2021-03-06 10:00:00,276.22186,276.13388
Nasice,Nasice_2025-07-18_12-27_tf_1h,2021-03-06 11:00:00,277.5077,277.35126
Nasice,Nasice_2025-07-18_12-27_tf_1h,2021-03-06 12:00:00,278.2955,278.5035
Nasice,Nasice_2025-07-18_12-27_tf_1h,2021-03-06 13:00:00,278.59164,278.74097
Nasice,Nasice_2025-07-18_12-27_tf_1h,2021-03-06 14:00:00,278.84735,278.61206
Nasice,Nasice_2025-07-18_12-27_tf_1h,2021-03-06 15:00:00,278.86072,278.824
Nasice,Nasice_2025-07-18_12-27_tf_1h,2021-03-06 16:00:00,278.81693,278.64447
Nasice,Nasice_2025-07-18_12-27_tf_1h,2021-03-06 17:00:00,278.62405,278.58176
Nasice,Nasice_2025-07-18_12-27_tf_1h,2021-03-06 18:00:00,278.1508,278.27994
Nasice,Nasice_2025-07-18_12-27_tf_1h,2021-03-06 19:00:00,277.58356,277.63464
Nasice,Nasice_2025-07-18_12-27_tf_1h,2021-03-06 20:00:00,274.50784,277.01425
Nasice,Nasice_2025-07-18_12-27_tf_1h,2021-03-06 21:00:00,273.49744,272.40222
Nasice,Nasice_2025-07-18_12-27_tf_1h,2021-03-06 22:00:00,273.01578,273.13394
Nasice,Nasice_2025-07-18_12-27_tf_1h,2021-03-06 23:00:00,272.82358,272.5652
Nasice,Nasice_2025-07-18_12-27_tf_1h,2021-03-07 00:00:00,272.21393,272.90973
Nasice,Nasice_2025-07-18_12-27_tf_1h,2021-03-07 01:00:00,271.81317,272.03873
Nasice,Nasice_2025-07-18_12-27_tf_1h,2021-03-07 02:00:00,271.63,271.81116
Nasice,Nasice_2025-07-18_12-27_tf_1h,2021-03-07 03:00:00,271.72092,271.76965
Nasice,Nasice_2025-07-18_12-27_tf_1h,2021-03-07 04:00:00,271.33386,272.14493
Nasice,Nasice_2025-07-18_12-27_tf_1h,2021-03-07 05:00:00,270.88663,271.3197
Nasice,Nasice_2025-07-18_12-27_tf_1h,2021-03-07 06:00:00,270.80173,271.12802
Nasice,Nasice_2025-07-18_12-27_tf_1h,2021-03-07 07:00:00,271.21152,271.72012
Nasice,Nasice_2025-07-18_12-27_tf_1h,2021-03-07 08:00:00,273.40048,272.84943
Nasice,Nasice_2025-07-18_12-27_tf_1h,2021-03-07 09:00:00,275.85852,276.24063
Nasice,Nasice_2025-07-18_12-27_tf_1h,2021-03-07 10:00:00,277.4121,277.88055
Nasice,Nasice_2025-07-18_12-27_tf_1h,2021-03-07 11:00:00,278.3941,278.5895
Nasice,Nasice_2025-07-18_12-27_tf_1h,2021-03-07 12:00:00,279.22504,279.08633
Nasice,Nasice_2025-07-18_12-27_tf_1h,2021-03-07 13:00:00,279.8541,279.84467
Nasice,Nasice_2025-07-18_12-27_tf_1h,2021-03-07 14:00:00,280.16895,280.1986
Nasice,Nasice_2025-07-18_12-27_tf_1h,2021-03-07 15:00:00,280.1616,280.17838
Nasice,Nasice_2025-07-18_12-27_tf_1h,2021-03-07 16:00:00,279.69266,279.88547
Nasice,Nasice_2025-07-18_12-27_tf_1h,2021-03-07 17:00:00,278.47467,279.07553
Nasice,Nasice_2025-07-18_12-27_tf_1h,2021-03-07 18:00:00,276.70383,277.33966
Nasice,Nasice_2025-07-18_12-27_tf_1h,2021-03-07 19:00:00,275.00153,275.265
Nasice,Nasice_2025-07-18_12-27_tf_1h,2021-03-07 20:00:00,274.0653,273.76392
Nasice,Nasice_2025-07-18_12-27_tf_1h,2021-03-07 21:00:00,272.8189,273.4156
Nasice,Nasice_2025-07-18_12-27_tf_1h,2021-03-07 22:00:00,271.8867,272.04193
Nasice,Nasice_2025-07-18_12-27_tf_1h,2021-03-07 23:00:00,271.1898,271.4692
Nasice,Nasice_2025-07-18_12-27_tf_1h,2021-03-08 00:00:00,270.75897,270.9056
Nasice,Nasice_2025-07-18_12-27_tf_1h,2021-03-08 01:00:00,270.82312,270.76266
Nasice,Nasice_2025-07-18_12-27_tf_1h,2021-03-08 02:00:00,270.80374,271.21545
Nasice,Nasice_2025-07-18_12-27_tf_1h,2021-03-08 03:00:00,270.49457,271.12546
Nasice,Nasice_2025-07-18_12-27_tf_1h,2021-03-08 04:00:00,270.3776,270.59253
Nasice,Nasice_2025-07-18_12-27_tf_1h,2021-03-08 05:00:00,270.33847,270.83768
Nasice,Nasice_2025-07-18_12-27_tf_1h,2021-03-08 06:00:00,270.19208,271.38153
Nasice,Nasice_2025-07-18_12-27_tf_1h,2021-03-08 07:00:00,270.8024,272.07907
Nasice,Nasice_2025-07-18_12-27_tf_1h,2021-03-08 08:00:00,274.3444,273.36856
Nasice,Nasice_2025-07-18_12-27_tf_1h,2021-03-08 09:00:00,277.78845,277.6428
Nasice,Nasice_2025-07-18_12-27_tf_1h,2021-03-08 10:00:00,279.813,280.2375
Nasice,Nasice_2025-07-18_12-27_tf_1h,2021-03-08 11:00:00,281.0781,281.07114
Nasice,Nasice_2025-07-18_12-27_tf_1h,2021-03-08 12:00:00,281.775,281.78336
Nasice,Nasice_2025-07-18_12-27_tf_1h,2021-03-08 13:00:00,282.4204,282.20514
Nasice,Nasice_2025-07-18_12-27_tf_1h,2021-03-08 14:00:00,282.64203,282.71555
Nasice,Nasice_2025-07-18_12-27_tf_1h,2021-03-08 15:00:00,282.48694,282.54825
Nasice,Nasice_2025-07-18_12-27_tf_1h,2021-03-08 16:00:00,281.8024,282.0507
Nasice,Nasice_2025-07-18_12-27_tf_1h,2021-03-08 17:00:00,280.03357,280.89944
Nasice,Nasice_2025-07-18_12-27_tf_1h,2021-03-08 18:00:00,277.6103,278.4313
Nasice,Nasice_2025-07-18_12-27_tf_1h,2021-03-08 19:00:00,276.16635,275.8591
Nasice,Nasice_2025-07-18_12-27_tf_1h,2021-03-08 20:00:00,276.19446,275.2294
Nasice,Nasice_2025-07-18_12-27_tf_1h,2021-03-08 21:00:00,275.20642,276.01303
Nasice,Nasice_2025-07-18_12-27_tf_1h,2021-03-08 22:00:00,274.29828,274.49103
Nasice,Nasice_2025-07-18_12-27_tf_1h,2021-03-08 23:00:00,273.20294,273.79428
Nasice,Nasice_2025-07-18_12-27_tf_1h,2021-03-09 00:00:00,272.03845,272.57242
Nasice,Nasice_2025-07-18_12-27_tf_1h,2021-03-09 01:00:00,271.18878,271.4818
Nasice,Nasice_2025-07-18_12-27_tf_1h,2021-03-09 02:00:00,270.85153,270.86078
Nasice,Nasice_2025-07-18_12-27_tf_1h,2021-03-09 03:00:00,270.65033,270.94525
Nasice,Nasice_2025-07-18_12-27_tf_1h,2021-03-09 04:00:00,270.5624,270.87067
Nasice,Nasice_2025-07-18_12-27_tf_1h,2021-03-09 05:00:00,270.7299,270.9364
Nasice,Nasice_2025-07-18_12-27_tf_1h,2021-03-09 06:00:00,271.30978,272.17154
Nasice,Nasice_2025-07-18_12-27_tf_1h,2021-03-09 07:00:00,271.2543,274.32614
Nasice,Nasice_2025-07-18_12-27_tf_1h,2021-03-09 08:00:00,273.4737,272.90497
Nasice,Nasice_2025-07-18_12-27_tf_1h,2021-03-09 09:00:00,274.77792,275.97293
Nasice,Nasice_2025-07-18_12-27_tf_1h,2021-03-09 10:00:00,276.34485,275.8726
Nasice,Nasice_2025-07-18_12-27_tf_1h,2021-03-09 11:00:00,277.7958,277.67844
Nasice,Nasice_2025-07-18_12-27_tf_1h,2021-03-09 12:00:00,278.76044,278.9019
Nasice,Nasice_2025-07-18_12-27_tf_1h,2021-03-09 13:00:00,279.4132,279.42386
Nasice,Nasice_2025-07-18_12-27_tf_1h,2021-03-09 14:00:00,279.64752,279.7631
Nasice,Nasice_2025-07-18_12-27_tf_1h,2021-03-09 15:00:00,279.574,279.58386
Nasice,Nasice_2025-07-18_12-27_tf_1h,2021-03-09 16:00:00,279.23206,279.242
Nasice,Nasice_2025-07-18_12-27_tf_1h,2021-03-09 17:00:00,278.39078,278.69843
Nasice,Nasice_2025-07-18_12-27_tf_1h,2021-03-09 18:00:00,277.1711,277.54184
Nasice,Nasice_2025-07-18_12-27_tf_1h,2021-03-09 19:00:00,276.23355,276.14532
Nasice,Nasice_2025-07-18_12-27_tf_1h,2021-03-09 20:00:00,275.71548,275.47812
Nasice,Nasice_2025-07-18_12-27_tf_1h,2021-03-09 21:00:00,274.9908,275.2633
Nasice,Nasice_2025-07-18_12-27_tf_1h,2021-03-09 22:00:00,274.30896,274.46814
Nasice,Nasice_2025-07-18_12-27_tf_1h,2021-03-09 23:00:00,273.8778,273.8804
Nasice,Nasice_2025-07-18_12-27_tf_1h,2021-03-10 00:00:00,273.224,273.65314
Nasice,Nasice_2025-07-18_12-27_tf_1h,2021-03-10 01:00:00,272.78113,272.91144
Nasice,Nasice_2025-07-18_12-27_tf_1h,2021-03-10 02:00:00,272.6217,272.66388
Nasice,Nasice_2025-07-18_12-27_tf_1h,2021-03-10 03:00:00,272.51407,272.71594
Nasice,Nasice_2025-07-18_12-27_tf_1h,2021-03-10 04:00:00,272.08826,272.6741
Nasice,Nasice_2025-07-18_12-27_tf_1h,2021-03-10 05:00:00,272.03442,272.00754
Nasice,Nasice_2025-07-18_12-27_tf_1h,2021-03-10 06:00:00,271.67947,272.51605
Nasice,Nasice_2025-07-18_12-27_tf_1h,2021-03-10 07:00:00,272.07956,272.14532
Nasice,Nasice_2025-07-18_12-27_tf_1h,2021-03-10 08:00:00,274.59576,273.86786
Nasice,Nasice_2025-07-18_12-27_tf_1h,2021-03-10 09:00:00,276.3445,277.43594
Nasice,Nasice_2025-07-18_12-27_tf_1h,2021-03-10 10:00:00,278.01974,277.84155
Nasice,Nasice_2025-07-18_12-27_tf_1h,2021-03-10 11:00:00,279.21802,279.31613
Nasice,Nasice_2025-07-18_12-27_tf_1h,2021-03-10 12:00:00,280.1021,280.05667
Nasice,Nasice_2025-07-18_12-27_tf_1h,2021-03-10 13:00:00,280.7609,280.6834
Nasice,Nasice_2025-07-18_12-27_tf_1h,2021-03-10 14:00:00,280.5931,281.08835
Nasice,Nasice_2025-07-18_12-27_tf_1h,2021-03-10 15:00:00,280.54465,280.1778
Nasice,Nasice_2025-07-18_12-27_tf_1h,2021-03-10 16:00:00,280.1352,280.2129
Nasice,Nasice_2025-07-18_12-27_tf_1h,2021-03-10 17:00:00,279.64886,279.5269
Nasice,Nasice_2025-07-18_12-27_tf_1h,2021-03-10 18:00:00,278.55923,279.049
Nasice,Nasice_2025-07-18_12-27_tf_1h,2021-03-10 19:00:00,277.23328,277.57925
Nasice,Nasice_2025-07-18_12-27_tf_1h,2021-03-10 20:00:00,276.29172,276.17603
Nasice,Nasice_2025-07-18_12-27_tf_1h,2021-03-10 21:00:00,275.0687,275.5382
Nasice,Nasice_2025-07-18_12-27_tf_1h,2021-03-10 22:00:00,273.8778,274.18866
Nasice,Nasice_2025-07-18_12-27_tf_1h,2021-03-10 23:00:00,272.53214,273.13467
Nasice,Nasice_2025-07-18_12-27_tf_1h,2021-03-11 00:00:00,271.76437,271.7682
Nasice,Nasice_2025-07-18_12-27_tf_1h,2021-03-11 01:00:00,270.96753,271.45233
Nasice,Nasice_2025-07-18_12-27_tf_1h,2021-03-11 02:00:00,270.88464,270.6643
Nasice,Nasice_2025-07-18_12-27_tf_1h,2021-03-11 03:00:00,270.7222,271.18542
Nasice,Nasice_2025-07-18_12-27_tf_1h,2021-03-11 04:00:00,270.8248,270.9445
Nasice,Nasice_2025-07-18_12-27_tf_1h,2021-03-11 05:00:00,270.67572,271.36548
Nasice,Nasice_2025-07-18_12-27_tf_1h,2021-03-11 06:00:00,270.54102,271.31616
Nasice,Nasice_2025-07-18_12-27_tf_1h,2021-03-11 07:00:00,271.5605,272.44882
Nasice,Nasice_2025-07-18_12-27_tf_1h,2021-03-11 08:00:00,274.0456,274.32416
Nasice,Nasice_2025-07-18_12-27_tf_1h,2021-03-11 09:00:00,276.83218,276.85614
Nasice,Nasice_2025-07-18_12-27_tf_1h,2021-03-11 10:00:00,278.93057,279.01572
Nasice,Nasice_2025-07-18_12-27_tf_1h,2021-03-11 11:00:00,280.60947,280.37106
Nasice,Nasice_2025-07-18_12-27_tf_1h,2021-03-11 12:00:00,281.8472,281.67606
Nasice,Nasice_2025-07-18_12-27_tf_1h,2021-03-11 13:00:00,282.71487,282.64484
Nasice,Nasice_2025-07-18_12-27_tf_1h,2021-03-11 14:00:00,283.2069,283.19626
Nasice,Nasice_2025-07-18_12-27_tf_1h,2021-03-11 15:00:00,283.12466,283.3505
Nasice,Nasice_2025-07-18_12-27_tf_1h,2021-03-11 16:00:00,282.20883,282.76804
Nasice,Nasice_2025-07-18_12-27_tf_1h,2021-03-11 17:00:00,280.19,281.11432
Nasice,Nasice_2025-07-18_12-27_tf_1h,2021-03-11 18:00:00,278.43588,278.35364
Nasice,Nasice_2025-07-18_12-27_tf_1h,2021-03-11 19:00:00,277.1925,277.02597
Nasice,Nasice_2025-07-18_12-27_tf_1h,2021-03-11 20:00:00,277.3499,276.1938
Nasice,Nasice_2025-07-18_12-27_tf_1h,2021-03-11 21:00:00,277.16876,277.23846
Nasice,Nasice_2025-07-18_12-27_tf_1h,2021-03-11 22:00:00,277.56418,276.96774
Nasice,Nasice_2025-07-18_12-27_tf_1h,2021-03-11 23:00:00,277.97498,277.77304
Nasice,Nasice_2025-07-18_12-27_tf_1h,2021-03-12 00:00:00,278.20325,278.24603
Nasice,Nasice_2025-07-18_12-27_tf_1h,2021-03-12 01:00:00,278.37973,278.36356
Nasice,Nasice_2025-07-18_12-27_tf_1h,2021-03-12 02:00:00,278.14777,278.4594
Nasice,Nasice_2025-07-18_12-27_tf_1h,2021-03-12 03:00:00,277.88004,277.91934
Nasice,Nasice_2025-07-18_12-27_tf_1h,2021-03-12 04:00:00,278.0067,277.612
Nasice,Nasice_2025-07-18_12-27_tf_1h,2021-03-12 05:00:00,278.93625,278.12997
Nasice,Nasice_2025-07-18_12-27_tf_1h,2021-03-12 06:00:00,279.3554,279.86453
Nasice,Nasice_2025-07-18_12-27_tf_1h,2021-03-12 07:00:00,279.34805,279.765
Nasice,Nasice_2025-07-18_12-27_tf_1h,2021-03-12 08:00:00,279.85675,279.94113
Nasice,Nasice_2025-07-18_12-27_tf_1h,2021-03-12 09:00:00,280.52692,280.53278
Nasice,Nasice_2025-07-18_12-27_tf_1h,2021-03-12 10:00:00,282.06177,281.07178
Nasice,Nasice_2025-07-18_12-27_tf_1h,2021-03-12 11:00:00,283.44153,283.1409
Nasice,Nasice_2025-07-18_12-27_tf_1h,2021-03-12 12:00:00,284.18054,284.367
Nasice,Nasice_2025-07-18_12-27_tf_1h,2021-03-12 13:00:00,283.9877,284.6462
Nasice,Nasice_2025-07-18_12-27_tf_1h,2021-03-12 14:00:00,283.94858,283.60968
Nasice,Nasice_2025-07-18_12-27_tf_1h,2021-03-12 15:00:00,283.7293,283.50137
Nasice,Nasice_2025-07-18_12-27_tf_1h,2021-03-12 16:00:00,283.25668,283.15906
Nasice,Nasice_2025-07-18_12-27_tf_1h,2021-03-12 17:00:00,282.37964,282.56573
Nasice,Nasice_2025-07-18_12-27_tf_1h,2021-03-12 18:00:00,281.42737,281.48282
Nasice,Nasice_2025-07-18_12-27_tf_1h,2021-03-12 19:00:00,280.6322,280.5262
Nasice,Nasice_2025-07-18_12-27_tf_1h,2021-03-12 20:00:00,280.2699,279.88528
Nasice,Nasice_2025-07-18_12-27_tf_1h,2021-03-12 21:00:00,280.01886,279.88928
Nasice,Nasice_2025-07-18_12-27_tf_1h,2021-03-12 22:00:00,279.7715,279.7789
Nasice,Nasice_2025-07-18_12-27_tf_1h,2021-03-12 23:00:00,279.5526,279.5632
Nasice,Nasice_2025-07-18_12-27_tf_1h,2021-03-13 00:00:00,279.3858,279.36063
Nasice,Nasice_2025-07-18_12-27_tf_1h,2021-03-13 01:00:00,279.1662,279.23444
Nasice,Nasice_2025-07-18_12-27_tf_1h,2021-03-13 02:00:00,279.00644,278.9876
Nasice,Nasice_2025-07-18_12-27_tf_1h,2021-03-13 03:00:00,278.79553,278.92908
Nasice,Nasice_2025-07-18_12-27_tf_1h,2021-03-13 04:00:00,278.59232,278.71484
Nasice,Nasice_2025-07-18_12-27_tf_1h,2021-03-13 05:00:00,278.13608,278.55447
Nasice,Nasice_2025-07-18_12-27_tf_1h,2021-03-13 06:00:00,277.43515,277.93512
Nasice,Nasice_2025-07-18_12-27_tf_1h,2021-03-13 07:00:00,277.23428,277.5138
Nasice,Nasice_2025-07-18_12-27_tf_1h,2021-03-13 08:00:00,279.22235,277.77597
Nasice,Nasice_2025-07-18_12-27_tf_1h,2021-03-13 09:00:00,281.46982,281.1473
Nasice,Nasice_2025-07-18_12-27_tf_1h,2021-03-13 10:00:00,283.46393,283.3483
Nasice,Nasice_2025-07-18_12-27_tf_1h,2021-03-13 11:00:00,285.1288,284.87158
Nasice,Nasice_2025-07-18_12-27_tf_1h,2021-03-13 12:00:00,286.30234,286.1147
Nasice,Nasice_2025-07-18_12-27_tf_1h,2021-03-13 13:00:00,287.07443,286.98187
Nasice,Nasice_2025-07-18_12-27_tf_1h,2021-03-13 14:00:00,287.77133,287.449
Nasice,Nasice_2025-07-18_12-27_tf_1h,2021-03-13 15:00:00,288.011,288.05606
Nasice,Nasice_2025-07-18_12-27_tf_1h,2021-03-13 16:00:00,287.87195,287.99265
Nasice,Nasice_2025-07-18_12-27_tf_1h,2021-03-13 17:00:00,286.85516,287.41663
Nasice,Nasice_2025-07-18_12-27_tf_1h,2021-03-13 18:00:00,284.81195,285.7106
Nasice,Nasice_2025-07-18_12-27_tf_1h,2021-03-13 19:00:00,282.99832,283.1336
Nasice,Nasice_2025-07-18_12-27_tf_1h,2021-03-13 20:00:00,282.2857,281.67752
Nasice,Nasice_2025-07-18_12-27_tf_1h,2021-03-13 21:00:00,281.47818,281.51697
Nasice,Nasice_2025-07-18_12-27_tf_1h,2021-03-13 22:00:00,280.94974,280.70258
Nasice,Nasice_2025-07-18_12-27_tf_1h,2021-03-13 23:00:00,280.4611,280.46045
Nasice,Nasice_2025-07-18_12-27_tf_1h,2021-03-14 00:00:00,279.96237,280.0797
Nasice,Nasice_2025-07-18_12-27_tf_1h,2021-03-14 01:00:00,279.7819,279.6113
Nasice,Nasice_2025-07-18_12-27_tf_1h,2021-03-14 02:00:00,279.31494,279.64792
Nasice,Nasice_2025-07-18_12-27_tf_1h,2021-03-14 03:00:00,279.06326,278.9903
Nasice,Nasice_2025-07-18_12-27_tf_1h,2021-03-14 04:00:00,278.69424,278.92007
Nasice,Nasice_2025-07-18_12-27_tf_1h,2021-03-14 05:00:00,278.33093,278.3949
Nasice,Nasice_2025-07-18_12-27_tf_1h,2021-03-14 06:00:00,278.06052,278.38898
Nasice,Nasice_2025-07-18_12-27_tf_1h,2021-03-14 07:00:00,278.49506,279.1104
Nasice,Nasice_2025-07-18_12-27_tf_1h,2021-03-14 08:00:00,282.4271,280.03528
Nasice,Nasice_2025-07-18_12-27_tf_1h,2021-03-14 09:00:00,285.0399,285.08124
Nasice,Nasice_2025-07-18_12-27_tf_1h,2021-03-14 10:00:00,286.79434,287.02863
Nasice,Nasice_2025-07-18_12-27_tf_1h,2021-03-14 11:00:00,287.6985,287.90457
Nasice,Nasice_2025-07-18_12-27_tf_1h,2021-03-14 12:00:00,288.31213,288.20303
Nasice,Nasice_2025-07-18_12-27_tf_1h,2021-03-14 13:00:00,288.54144,288.57605
Nasice,Nasice_2025-07-18_12-27_tf_1h,2021-03-14 14:00:00,286.30667,288.55966
Nasice,Nasice_2025-07-18_12-27_tf_1h,2021-03-14 15:00:00,283.26572,284.56516
Nasice,Nasice_2025-07-18_12-27_tf_1h,2021-03-14 16:00:00,281.1015,281.00165
Nasice,Nasice_2025-07-18_12-27_tf_1h,2021-03-14 17:00:00,279.85242,279.6799
Nasice,Nasice_2025-07-18_12-27_tf_1h,2021-03-14 18:00:00,279.00043,278.84586
Nasice,Nasice_2025-07-18_12-27_tf_1h,2021-03-14 19:00:00,278.6859,278.3133
Nasice,Nasice_2025-07-18_12-27_tf_1h,2021-03-14 20:00:00,278.3413,278.40082
Nasice,Nasice_2025-07-18_12-27_tf_1h,2021-03-14 21:00:00,278.47598,278.1061
Nasice,Nasice_2025-07-18_12-27_tf_1h,2021-03-14 22:00:00,278.51678,278.66544
Nasice,Nasice_2025-07-18_12-27_tf_1h,2021-03-14 23:00:00,278.38074,278.59744
Nasice,Nasice_2025-07-18_12-27_tf_1h,2021-03-15 00:00:00,278.21262,278.30823
Nasice,Nasice_2025-07-18_12-27_tf_1h,2021-03-15 01:00:00,278.01306,278.10425
Nasice,Nasice_2025-07-18_12-27_tf_1h,2021-03-15 02:00:00,277.5565,277.92035
Nasice,Nasice_2025-07-18_12-27_tf_1h,2021-03-15 03:00:00,277.28943,277.25223
Nasice,Nasice_2025-07-18_12-27_tf_1h,2021-03-15 04:00:00,276.97525,277.60306
Nasice,Nasice_2025-07-18_12-27_tf_1h,2021-03-15 05:00:00,276.6811,277.8535
Nasice,Nasice_2025-07-18_12-27_tf_1h,2021-03-15 06:00:00,276.43277,277.7577
Nasice,Nasice_2025-07-18_12-27_tf_1h,2021-03-15 07:00:00,276.45148,276.9428
Nasice,Nasice_2025-07-18_12-27_tf_1h,2021-03-15 08:00:00,276.12292,276.64984
Nasice,Nasice_2025-07-18_12-27_tf_1h,2021-03-15 09:00:00,276.8265,275.9187
Nasice,Nasice_2025-07-18_12-27_tf_1h,2021-03-15 10:00:00,278.1655,277.46872
Nasice,Nasice_2025-07-18_12-27_tf_1h,2021-03-15 11:00:00,280.00952,279.12796
Nasice,Nasice_2025-07-18_12-27_tf_1h,2021-03-15 12:00:00,281.2539,281.39685
Nasice,Nasice_2025-07-18_12-27_tf_1h,2021-03-15 13:00:00,281.54837,282.03677
Nasice,Nasice_2025-07-18_12-27_tf_1h,2021-03-15 14:00:00,281.76462,281.45886
Nasice,Nasice_2025-07-18_12-27_tf_1h,2021-03-15 15:00:00,281.8522,281.6634
Nasice,Nasice_2025-07-18_12-27_tf_1h,2021-03-15 16:00:00,281.86557,281.65417
Nasice,Nasice_2025-07-18_12-27_tf_1h,2021-03-15 17:00:00,281.37592,281.62592
Nasice,Nasice_2025-07-18_12-27_tf_1h,2021-03-15 18:00:00,280.46744,280.75836
Nasice,Nasice_2025-07-18_12-27_tf_1h,2021-03-15 19:00:00,279.47705,279.57608
Nasice,Nasice_2025-07-18_12-27_tf_1h,2021-03-15 20:00:00,279.18292,278.569
Nasice,Nasice_2025-07-18_12-27_tf_1h,2021-03-15 21:00:00,278.21463,278.8085
Nasice,Nasice_2025-07-18_12-27_tf_1h,2021-03-15 22:00:00,277.65442,277.42877
Nasice,Nasice_2025-07-18_12-27_tf_1h,2021-03-15 23:00:00,277.3553,277.1941
Nasice,Nasice_2025-07-18_12-27_tf_1h,2021-03-16 00:00:00,277.05948,277.06647
Nasice,Nasice_2025-07-18_12-27_tf_1h,2021-03-16 01:00:00,276.82147,276.82925
Nasice,Nasice_2025-07-18_12-27_tf_1h,2021-03-16 02:00:00,276.643,276.65762
Nasice,Nasice_2025-07-18_12-27_tf_1h,2021-03-16 03:00:00,276.4518,276.53296
Nasice,Nasice_2025-07-18_12-27_tf_1h,2021-03-16 04:00:00,276.22018,276.3349
Nasice,Nasice_2025-07-18_12-27_tf_1h,2021-03-16 05:00:00,275.94043,276.1055
Nasice,Nasice_2025-07-18_12-27_tf_1h,2021-03-16 06:00:00,275.7255,275.86893
Nasice,Nasice_2025-07-18_12-27_tf_1h,2021-03-16 07:00:00,276.18774,275.83224
Nasice,Nasice_2025-07-18_12-27_tf_1h,2021-03-16 08:00:00,277.7587,277.35693
Nasice,Nasice_2025-07-18_12-27_tf_1h,2021-03-16 09:00:00,279.34436,279.58377
Nasice,Nasice_2025-07-18_12-27_tf_1h,2021-03-16 10:00:00,280.58408,280.75934
Nasice,Nasice_2025-07-18_12-27_tf_1h,2021-03-16 11:00:00,281.2469,281.49377
Nasice,Nasice_2025-07-18_12-27_tf_1h,2021-03-16 12:00:00,281.86658,281.61798
Nasice,Nasice_2025-07-18_12-27_tf_1h,2021-03-16 13:00:00,282.45886,282.19864
Nasice,Nasice_2025-07-18_12-27_tf_1h,2021-03-16 14:00:00,282.68246,282.70932
Nasice,Nasice_2025-07-18_12-27_tf_1h,2021-03-16 15:00:00,282.72525,282.5837
Nasice,Nasice_2025-07-18_12-27_tf_1h,2021-03-16 16:00:00,281.79807,282.4526
Nasice,Nasice_2025-07-18_12-27_tf_1h,2021-03-16 17:00:00,281.25626,280.8226
Nasice,Nasice_2025-07-18_12-27_tf_1h,2021-03-16 18:00:00,280.31802,280.557
Nasice,Nasice_2025-07-18_12-27_tf_1h,2021-03-16 19:00:00,279.48074,279.39856
Nasice,Nasice_2025-07-18_12-27_tf_1h,2021-03-16 20:00:00,278.7277,278.695
Nasice,Nasice_2025-07-18_12-27_tf_1h,2021-03-16 21:00:00,278.03046,278.05682
Nasice,Nasice_2025-07-18_12-27_tf_1h,2021-03-16 22:00:00,277.5127,277.45743
Nasice,Nasice_2025-07-18_12-27_tf_1h,2021-03-16 23:00:00,277.01968,277.08032
Nasice,Nasice_2025-07-18_12-27_tf_1h,2021-03-17 00:00:00,276.62363,276.64377
Nasice,Nasice_2025-07-18_12-27_tf_1h,2021-03-17 01:00:00,276.2262,276.35263
Nasice,Nasice_2025-07-18_12-27_tf_1h,2021-03-17 02:00:00,275.8749,275.9785
Nasice,Nasice_2025-07-18_12-27_tf_1h,2021-03-17 03:00:00,275.54065,275.68326
Nasice,Nasice_2025-07-18_12-27_tf_1h,2021-03-17 04:00:00,275.25623,275.40628
Nasice,Nasice_2025-07-18_12-27_tf_1h,2021-03-17 05:00:00,275.00955,275.2566
Nasice,Nasice_2025-07-18_12-27_tf_1h,2021-03-17 06:00:00,274.7221,275.289
Nasice,Nasice_2025-07-18_12-27_tf_1h,2021-03-17 07:00:00,275.05533,275.5631
Nasice,Nasice_2025-07-18_12-27_tf_1h,2021-03-17 08:00:00,276.45416,276.34357
Nasice,Nasice_2025-07-18_12-27_tf_1h,2021-03-17 09:00:00,277.9509,278.10876
Nasice,Nasice_2025-07-18_12-27_tf_1h,2021-03-17 10:00:00,279.38412,279.29895
Nasice,Nasice_2025-07-18_12-27_tf_1h,2021-03-17 11:00:00,280.30566,280.51794
Nasice,Nasice_2025-07-18_12-27_tf_1h,2021-03-17 12:00:00,280.99454,280.90656
Nasice,Nasice_2025-07-18_12-27_tf_1h,2021-03-17 13:00:00,281.3612,281.37674
Nasice,Nasice_2025-07-18_12-27_tf_1h,2021-03-17 14:00:00,281.59418,281.41443
Nasice,Nasice_2025-07-18_12-27_tf_1h,2021-03-17 15:00:00,281.56708,281.49564
Nasice,Nasice_2025-07-18_12-27_tf_1h,2021-03-17 16:00:00,281.34848,281.25555
Nasice,Nasice_2025-07-18_12-27_tf_1h,2021-03-17 17:00:00,280.4427,280.90384
Nasice,Nasice_2025-07-18_12-27_tf_1h,2021-03-17 18:00:00,279.4453,279.52948
Nasice,Nasice_2025-07-18_12-27_tf_1h,2021-03-17 19:00:00,278.51944,278.5073
Nasice,Nasice_2025-07-18_12-27_tf_1h,2021-03-17 20:00:00,277.77408,277.67813
Nasice,Nasice_2025-07-18_12-27_tf_1h,2021-03-17 21:00:00,277.10425,277.1295
Nasice,Nasice_2025-07-18_12-27_tf_1h,2021-03-17 22:00:00,276.59955,276.55365
Nasice,Nasice_2025-07-18_12-27_tf_1h,2021-03-17 23:00:00,276.20947,276.20197
Nasice,Nasice_2025-07-18_12-27_tf_1h,2021-03-18 00:00:00,275.8211,275.93344
Nasice,Nasice_2025-07-18_12-27_tf_1h,2021-03-18 01:00:00,275.40564,275.5814
Nasice,Nasice_2025-07-18_12-27_tf_1h,2021-03-18 02:00:00,274.94836,275.16418
Nasice,Nasice_2025-07-18_12-27_tf_1h,2021-03-18 03:00:00,274.60812,274.6925
Nasice,Nasice_2025-07-18_12-27_tf_1h,2021-03-18 04:00:00,274.1863,274.5041
Nasice,Nasice_2025-07-18_12-27_tf_1h,2021-03-18 05:00:00,274.02954,274.07764
Nasice,Nasice_2025-07-18_12-27_tf_1h,2021-03-18 06:00:00,273.86508,274.37146
Nasice,Nasice_2025-07-18_12-27_tf_1h,2021-03-18 07:00:00,274.1609,274.58798
Nasice,Nasice_2025-07-18_12-27_tf_1h,2021-03-18 08:00:00,275.60382,275.54907
Nasice,Nasice_2025-07-18_12-27_tf_1h,2021-03-18 09:00:00,276.72925,277.38773
Nasice,Nasice_2025-07-18_12-27_tf_1h,2021-03-18 10:00:00,277.89908,277.72452
Nasice,Nasice_2025-07-18_12-27_tf_1h,2021-03-18 11:00:00,278.24402,278.9202
Nasice,Nasice_2025-07-18_12-27_tf_1h,2021-03-18 12:00:00,278.69424,278.37018
Nasice,Nasice_2025-07-18_12-27_tf_1h,2021-03-18 13:00:00,279.0937,278.9944
Nasice,Nasice_2025-07-18_12-27_tf_1h,2021-03-18 14:00:00,279.60608,279.2205
Nasice,Nasice_2025-07-18_12-27_tf_1h,2021-03-18 15:00:00,279.37445,279.83856
Nasice,Nasice_2025-07-18_12-27_tf_1h,2021-03-18 16:00:00,279.13547,278.9721
Nasice,Nasice_2025-07-18_12-27_tf_1h,2021-03-18 17:00:00,278.4603,278.7535
Nasice,Nasice_2025-07-18_12-27_tf_1h,2021-03-18 18:00:00,277.85397,277.7515
Nasice,Nasice_2025-07-18_12-27_tf_1h,2021-03-18 19:00:00,276.75397,277.2544
Nasice,Nasice_2025-07-18_12-27_tf_1h,2021-03-18 20:00:00,275.74655,275.81696
Nasice,Nasice_2025-07-18_12-27_tf_1h,2021-03-18 21:00:00,275.21677,274.9688
Nasice,Nasice_2025-07-18_12-27_tf_1h,2021-03-18 22:00:00,274.56833,274.827
Nasice,Nasice_2025-07-18_12-27_tf_1h,2021-03-18 23:00:00,273.9142,274.16702
Nasice,Nasice_2025-07-18_12-27_tf_1h,2021-03-19 00:00:00,273.10068,273.5729
Nasice,Nasice_2025-07-18_12-27_tf_1h,2021-03-19 01:00:00,272.5094,272.67938
Nasice,Nasice_2025-07-18_12-27_tf_1h,2021-03-19 02:00:00,271.97595,272.29626
Nasice,Nasice_2025-07-18_12-27_tf_1h,2021-03-19 03:00:00,271.63232,271.8228
Nasice,Nasice_2025-07-18_12-27_tf_1h,2021-03-19 04:00:00,271.35492,271.7258
Nasice,Nasice_2025-07-18_12-27_tf_1h,2021-03-19 05:00:00,270.9859,271.56116
Nasice,Nasice_2025-07-18_12-27_tf_1h,2021-03-19 06:00:00,270.73355,271.37024
Nasice,Nasice_2025-07-18_12-27_tf_1h,2021-03-19 07:00:00,271.87332,271.70294
Nasice,Nasice_2025-07-18_12-27_tf_1h,2021-03-19 08:00:00,274.02353,274.10254
Nasice,Nasice_2025-07-18_12-27_tf_1h,2021-03-19 09:00:00,275.70544,276.27856
Nasice,Nasice_2025-07-18_12-27_tf_1h,2021-03-19 10:00:00,277.0277,277.19424
Nasice,Nasice_2025-07-18_12-27_tf_1h,2021-03-19 11:00:00,278.36703,278.1323
Nasice,Nasice_2025-07-18_12-27_tf_1h,2021-03-19 12:00:00,278.9924,279.4747
Nasice,Nasice_2025-07-18_12-27_tf_1h,2021-03-19 13:00:00,279.39484,279.351
Nasice,Nasice_2025-07-18_12-27_tf_1h,2021-03-19 14:00:00,279.71872,279.5893
Nasice,Nasice_2025-07-18_12-27_tf_1h,2021-03-19 15:00:00,279.82034,279.75058
Nasice,Nasice_2025-07-18_12-27_tf_1h,2021-03-19 16:00:00,279.42426,279.64075
Nasice,Nasice_2025-07-18_12-27_tf_1h,2021-03-19 17:00:00,278.85837,278.87363
Nasice,Nasice_2025-07-18_12-27_tf_1h,2021-03-19 18:00:00,278.111,278.21152
Nasice,Nasice_2025-07-18_12-27_tf_1h,2021-03-19 19:00:00,276.61826,277.3758
Nasice,Nasice_2025-07-18_12-27_tf_1h,2021-03-19 20:00:00,274.25348,275.45746
Nasice,Nasice_2025-07-18_12-27_tf_1h,2021-03-19 21:00:00,273.29355,272.73154
Nasice,Nasice_2025-07-18_12-27_tf_1h,2021-03-19 22:00:00,273.0121,272.78317
Nasice,Nasice_2025-07-18_12-27_tf_1h,2021-03-19 23:00:00,272.42584,272.75452
Nasice,Nasice_2025-07-18_12-27_tf_1h,2021-03-20 00:00:00,271.8937,272.18976
Nasice,Nasice_2025-07-18_12-27_tf_1h,2021-03-20 01:00:00,271.6975,271.79053
Nasice,Nasice_2025-07-18_12-27_tf_1h,2021-03-20 02:00:00,271.5655,271.83447
Nasice,Nasice_2025-07-18_12-27_tf_1h,2021-03-20 03:00:00,271.54742,271.75018
Nasice,Nasice_2025-07-18_12-27_tf_1h,2021-03-20 04:00:00,271.50064,271.8606
Nasice,Nasice_2025-07-18_12-27_tf_1h,2021-03-20 05:00:00,271.40906,271.84613
Nasice,Nasice_2025-07-18_12-27_tf_1h,2021-03-20 06:00:00,271.4318,272.0682
Nasice,Nasice_2025-07-18_12-27_tf_1h,2021-03-20 07:00:00,272.72867,272.85013
Nasice,Nasice_2025-07-18_12-27_tf_1h,2021-03-20 08:00:00,273.97104,275.30017
Nasice,Nasice_2025-07-18_12-27_tf_1h,2021-03-20 09:00:00,275.61786,275.56018
Nasice,Nasice_2025-07-18_12-27_tf_1h,2021-03-20 10:00:00,276.9953,277.40295
Nasice,Nasice_2025-07-18_12-27_tf_1h,2021-03-20 11:00:00,278.1421,278.11017
Nasice,Nasice_2025-07-18_12-27_tf_1h,2021-03-20 12:00:00,278.52747,279.034
Nasice,Nasice_2025-07-18_12-27_tf_1h,2021-03-20 13:00:00,278.90884,278.68982
Nasice,Nasice_2025-07-18_12-27_tf_1h,2021-03-20 14:00:00,279.17157,279.04794
Nasice,Nasice_2025-07-18_12-27_tf_1h,2021-03-20 15:00:00,279.0111,279.13123
Nasice,Nasice_2025-07-18_12-27_tf_1h,2021-03-20 16:00:00,278.40146,278.66943
Nasice,Nasice_2025-07-18_12-27_tf_1h,2021-03-20 17:00:00,277.1992,277.73172
Nasice,Nasice_2025-07-18_12-27_tf_1h,2021-03-20 18:00:00,275.53265,276.1386
Nasice,Nasice_2025-07-18_12-27_tf_1h,2021-03-20 19:00:00,274.54794,274.23166
Nasice,Nasice_2025-07-18_12-27_tf_1h,2021-03-20 20:00:00,273.9346,273.80954
Nasice,Nasice_2025-07-18_12-27_tf_1h,2021-03-20 21:00:00,273.346,273.50928
Nasice,Nasice_2025-07-18_12-27_tf_1h,2021-03-20 22:00:00,272.81958,273.05707
Nasice,Nasice_2025-07-18_12-27_tf_1h,2021-03-20 23:00:00,272.18686,272.63382
Nasice,Nasice_2025-07-18_12-27_tf_1h,2021-03-21 00:00:00,271.70187,271.97028
Nasice,Nasice_2025-07-18_12-27_tf_1h,2021-03-21 01:00:00,271.265,271.62
Nasice,Nasice_2025-07-18_12-27_tf_1h,2021-03-21 02:00:00,271.03973,271.23682
Nasice,Nasice_2025-07-18_12-27_tf_1h,2021-03-21 03:00:00,270.8686,271.2206
Nasice,Nasice_2025-07-18_12-27_tf_1h,2021-03-21 04:00:00,270.54904,271.11685
Nasice,Nasice_2025-07-18_12-27_tf_1h,2021-03-21 05:00:00,270.2927,270.83673
Nasice,Nasice_2025-07-18_12-27_tf_1h,2021-03-21 06:00:00,270.16064,271.13187
Nasice,Nasice_2025-07-18_12-27_tf_1h,2021-03-21 07:00:00,270.9234,271.54654
Nasice,Nasice_2025-07-18_12-27_tf_1h,2021-03-21 08:00:00,272.46863,273.20346
Nasice,Nasice_2025-07-18_12-27_tf_1h,2021-03-21 09:00:00,274.29996,274.59027
Nasice,Nasice_2025-07-18_12-27_tf_1h,2021-03-21 10:00:00,276.0437,276.1574
Nasice,Nasice_2025-07-18_12-27_tf_1h,2021-03-21 11:00:00,277.58356,277.54248
Nasice,Nasice_2025-07-18_12-27_tf_1h,2021-03-21 12:00:00,278.64813,278.77255
Nasice,Nasice_2025-07-18_12-27_tf_1h,2021-03-21 13:00:00,279.45132,279.38602
Nasice,Nasice_2025-07-18_12-27_tf_1h,2021-03-21 14:00:00,279.82535,279.93427
Nasice,Nasice_2025-07-18_12-27_tf_1h,2021-03-21 15:00:00,279.90424,279.87628
Nasice,Nasice_2025-07-18_12-27_tf_1h,2021-03-21 16:00:00,279.64685,279.68933
Nasice,Nasice_2025-07-18_12-27_tf_1h,2021-03-21 17:00:00,279.03217,279.1653
Nasice,Nasice_2025-07-18_12-27_tf_1h,2021-03-21 18:00:00,277.76138,278.31995
Nasice,Nasice_2025-07-18_12-27_tf_1h,2021-03-21 19:00:00,276.3151,276.63763
Nasice,Nasice_2025-07-18_12-27_tf_1h,2021-03-21 20:00:00,275.8729,275.18173
Nasice,Nasice_2025-07-18_12-27_tf_1h,2021-03-21 21:00:00,274.81534,275.45392
Nasice,Nasice_2025-07-18_12-27_tf_1h,2021-03-21 22:00:00,273.8925,274.0554
Nasice,Nasice_2025-07-18_12-27_tf_1h,2021-03-21 23:00:00,273.27716,273.3256
Nasice,Nasice_2025-07-18_12-27_tf_1h,2021-03-22 00:00:00,272.8266,272.91995
Nasice,Nasice_2025-07-18_12-27_tf_1h,2021-03-22 01:00:00,272.3994,272.66187
Nasice,Nasice_2025-07-18_12-27_tf_1h,2021-03-22 02:00:00,272.27576,272.31427
Nasice,Nasice_2025-07-18_12-27_tf_1h,2021-03-22 03:00:00,272.27777,272.43256
Nasice,Nasice_2025-07-18_12-27_tf_1h,2021-03-22 04:00:00,272.81223,272.50934
Nasice,Nasice_2025-07-18_12-27_tf_1h,2021-03-22 05:00:00,273.46567,273.56668
Nasice,Nasice_2025-07-18_12-27_tf_1h,2021-03-22 06:00:00,273.9082,274.2839
Nasice,Nasice_2025-07-18_12-27_tf_1h,2021-03-22 07:00:00,274.39655,274.67715
Nasice,Nasice_2025-07-18_12-27_tf_1h,2021-03-22 08:00:00,275.34247,275.7173
Nasice,Nasice_2025-07-18_12-27_tf_1h,2021-03-22 09:00:00,276.66672,276.9681
Nasice,Nasice_2025-07-18_12-27_tf_1h,2021-03-22 10:00:00,278.01575,278.05182
Nasice,Nasice_2025-07-18_12-27_tf_1h,2021-03-22 11:00:00,278.71698,279.17996
Nasice,Nasice_2025-07-18_12-27_tf_1h,2021-03-22 12:00:00,278.99643,279.16104
Nasice,Nasice_2025-07-18_12-27_tf_1h,2021-03-22 13:00:00,278.599,279.06656
Nasice,Nasice_2025-07-18_12-27_tf_1h,2021-03-22 14:00:00,278.4887,278.0652
Nasice,Nasice_2025-07-18_12-27_tf_1h,2021-03-22 15:00:00,279.35306,278.20688
Nasice,Nasice_2025-07-18_12-27_tf_1h,2021-03-22 16:00:00,279.68762,279.77847
Nasice,Nasice_2025-07-18_12-27_tf_1h,2021-03-22 17:00:00,279.37512,279.77045
Nasice,Nasice_2025-07-18_12-27_tf_1h,2021-03-22 18:00:00,278.3941,278.98065
Nasice,Nasice_2025-07-18_12-27_tf_1h,2021-03-22 19:00:00,277.41144,277.52847
Nasice,Nasice_2025-07-18_12-27_tf_1h,2021-03-22 20:00:00,275.72684,276.56937
Nasice,Nasice_2025-07-18_12-27_tf_1h,2021-03-22 21:00:00,274.94836,274.46158
Nasice,Nasice_2025-07-18_12-27_tf_1h,2021-03-22 22:00:00,274.49448,274.37994
Nasice,Nasice_2025-07-18_12-27_tf_1h,2021-03-22 23:00:00,274.1552,274.16074
Nasice,Nasice_2025-07-18_12-27_tf_1h,2021-03-23 00:00:00,273.7237,274.0414
Nasice,Nasice_2025-07-18_12-27_tf_1h,2021-03-23 01:00:00,273.12274,273.58347
Nasice,Nasice_2025-07-18_12-27_tf_1h,2021-03-23 02:00:00,272.51007,272.87146
Nasice,Nasice_2025-07-18_12-27_tf_1h,2021-03-23 03:00:00,272.01404,272.2648
Nasice,Nasice_2025-07-18_12-27_tf_1h,2021-03-23 04:00:00,271.63635,271.9437
Nasice,Nasice_2025-07-18_12-27_tf_1h,2021-03-23 05:00:00,271.36594,271.7631
Nasice,Nasice_2025-07-18_12-27_tf_1h,2021-03-23 06:00:00,271.1898,271.79626
Nasice,Nasice_2025-07-18_12-27_tf_1h,2021-03-23 07:00:00,272.37268,272.04123
Nasice,Nasice_2025-07-18_12-27_tf_1h,2021-03-23 08:00:00,274.7435,274.53827
Nasice,Nasice_2025-07-18_12-27_tf_1h,2021-03-23 09:00:00,276.67276,277.08746
Nasice,Nasice_2025-07-18_12-27_tf_1h,2021-03-23 10:00:00,278.49673,278.22647
Nasice,Nasice_2025-07-18_12-27_tf_1h,2021-03-23 11:00:00,279.95,279.88016
Nasice,Nasice_2025-07-18_12-27_tf_1h,2021-03-23 12:00:00,281.05368,280.9834
Nasice,Nasice_2025-07-18_12-27_tf_1h,2021-03-23 13:00:00,281.8188,281.78882
Nasice,Nasice_2025-07-18_12-27_tf_1h,2021-03-23 14:00:00,282.68045,282.24194
Nasice,Nasice_2025-07-18_12-27_tf_1h,2021-03-23 15:00:00,282.74496,283.1036
Nasice,Nasice_2025-07-18_12-27_tf_1h,2021-03-23 16:00:00,282.5765,282.52176
Nasice,Nasice_2025-07-18_12-27_tf_1h,2021-03-23 17:00:00,281.9401,282.05197
Nasice,Nasice_2025-07-18_12-27_tf_1h,2021-03-23 18:00:00,280.70273,281.07925
Nasice,Nasice_2025-07-18_12-27_tf_1h,2021-03-23 19:00:00,280.02957,279.49234
Nasice,Nasice_2025-07-18_12-27_tf_1h,2021-03-23 20:00:00,279.26215,279.26855
Nasice,Nasice_2025-07-18_12-27_tf_1h,2021-03-23 21:00:00,278.91187,278.5243
Nasice,Nasice_2025-07-18_12-27_tf_1h,2021-03-23 22:00:00,278.3082,278.50644
Nasice,Nasice_2025-07-18_12-27_tf_1h,2021-03-23 23:00:00,277.84094,277.81924
Nasice,Nasice_2025-07-18_12-27_tf_1h,2021-03-24 00:00:00,277.36096,277.45557
Nasice,Nasice_2025-07-18_12-27_tf_1h,2021-03-24 01:00:00,276.92377,276.97583
Nasice,Nasice_2025-07-18_12-27_tf_1h,2021-03-24 02:00:00,276.5571,276.58133
Nasice,Nasice_2025-07-18_12-27_tf_1h,2021-03-24 03:00:00,276.15768,276.28802
Nasice,Nasice_2025-07-18_12-27_tf_1h,2021-03-24 04:00:00,275.75424,275.90683
Nasice,Nasice_2025-07-18_12-27_tf_1h,2021-03-24 05:00:00,275.50323,275.53995
Nasice,Nasice_2025-07-18_12-27_tf_1h,2021-03-24 06:00:00,275.43237,275.4933
Nasice,Nasice_2025-07-18_12-27_tf_1h,2021-03-24 07:00:00,276.28702,275.8125
Nasice,Nasice_2025-07-18_12-27_tf_1h,2021-03-24 08:00:00,278.2213,278.0295
Nasice,Nasice_2025-07-18_12-27_tf_1h,2021-03-24 09:00:00,279.97375,280.22754
Nasice,Nasice_2025-07-18_12-27_tf_1h,2021-03-24 10:00:00,281.51428,281.43442
Nasice,Nasice_2025-07-18_12-27_tf_1h,2021-03-24 11:00:00,282.66443,282.6522
Nasice,Nasice_2025-07-18_12-27_tf_1h,2021-03-24 12:00:00,283.1845,283.4421
Nasice,Nasice_2025-07-18_12-27_tf_1h,2021-03-24 13:00:00,283.07053,283.3885
Nasice,Nasice_2025-07-18_12-27_tf_1h,2021-03-24 14:00:00,283.0077,282.70197
Nasice,Nasice_2025-07-18_12-27_tf_1h,2021-03-24 15:00:00,282.79944,282.61865
Nasice,Nasice_2025-07-18_12-27_tf_1h,2021-03-24 16:00:00,282.60593,282.29553
Nasice,Nasice_2025-07-18_12-27_tf_1h,2021-03-24 17:00:00,282.1918,282.12704
Nasice,Nasice_2025-07-18_12-27_tf_1h,2021-03-24 18:00:00,281.26425,281.5979
Nasice,Nasice_2025-07-18_12-27_tf_1h,2021-03-24 19:00:00,280.437,280.37598
Nasice,Nasice_2025-07-18_12-27_tf_1h,2021-03-24 20:00:00,279.62512,279.64117
Nasice,Nasice_2025-07-18_12-27_tf_1h,2021-03-24 21:00:00,278.2895,278.8839
Nasice,Nasice_2025-07-18_12-27_tf_1h,2021-03-24 22:00:00,277.03973,277.30734
Nasice,Nasice_2025-07-18_12-27_tf_1h,2021-03-24 23:00:00,276.34952,276.1476
Nasice,Nasice_2025-07-18_12-27_tf_1h,2021-03-25 00:00:00,274.85178,275.83524
Nasice,Nasice_2025-07-18_12-27_tf_1h,2021-03-25 01:00:00,274.75952,273.8992
Nasice,Nasice_2025-07-18_12-27_tf_1h,2021-03-25 02:00:00,274.56332,274.84006
Nasice,Nasice_2025-07-18_12-27_tf_1h,2021-03-25 03:00:00,274.31766,274.56357
Nasice,Nasice_2025-07-18_12-27_tf_1h,2021-03-25 04:00:00,273.83066,274.3384
Nasice,Nasice_2025-07-18_12-27_tf_1h,2021-03-25 05:00:00,273.58768,273.6706
Nasice,Nasice_2025-07-18_12-27_tf_1h,2021-03-25 06:00:00,273.02646,274.75238
Nasice,Nasice_2025-07-18_12-27_tf_1h,2021-03-25 07:00:00,274.3307,274.08646
Nasice,Nasice_2025-07-18_12-27_tf_1h,2021-03-25 08:00:00,277.62903,277.0823
Nasice,Nasice_2025-07-18_12-27_tf_1h,2021-03-25 09:00:00,279.4062,280.10886
Nasice,Nasice_2025-07-18_12-27_tf_1h,2021-03-25 10:00:00,281.06973,280.77176
Nasice,Nasice_2025-07-18_12-27_tf_1h,2021-03-25 11:00:00,282.41074,282.1606
Nasice,Nasice_2025-07-18_12-27_tf_1h,2021-03-25 12:00:00,283.2714,283.27292
Nasice,Nasice_2025-07-18_12-27_tf_1h,2021-03-25 13:00:00,283.50504,283.79102
Nasice,Nasice_2025-07-18_12-27_tf_1h,2021-03-25 14:00:00,283.54916,283.45413
Nasice,Nasice_2025-07-18_12-27_tf_1h,2021-03-25 15:00:00,283.732,283.27826
Nasice,Nasice_2025-07-18_12-27_tf_1h,2021-03-25 16:00:00,283.6237,283.54147
Nasice,Nasice_2025-07-18_12-27_tf_1h,2021-03-25 17:00:00,283.5592,283.1923
Nasice,Nasice_2025-07-18_12-27_tf_1h,2021-03-25 18:00:00,282.3058,283.08676
Nasice,Nasice_2025-07-18_12-27_tf_1h,2021-03-25 19:00:00,280.3625,281.0778
Nasice,Nasice_2025-07-18_12-27_tf_1h,2021-03-25 20:00:00,278.09128,278.81177
Nasice,Nasice_2025-07-18_12-27_tf_1h,2021-03-25 21:00:00,276.89603,276.62393
Nasice,Nasice_2025-07-18_12-27_tf_1h,2021-03-25 22:00:00,275.87424,276.1112
Nasice,Nasice_2025-07-18_12-27_tf_1h,2021-03-25 23:00:00,275.1205,275.1063
Nasice,Nasice_2025-07-18_12-27_tf_1h,2021-03-26 00:00:00,274.6021,274.63254
Nasice,Nasice_2025-07-18_12-27_tf_1h,2021-03-26 01:00:00,274.1666,274.29166
Nasice,Nasice_2025-07-18_12-27_tf_1h,2021-03-26 02:00:00,273.74576,274.01077
Nasice,Nasice_2025-07-18_12-27_tf_1h,2021-03-26 03:00:00,273.48438,273.62543
Nasice,Nasice_2025-07-18_12-27_tf_1h,2021-03-26 04:00:00,273.09433,273.49698
Nasice,Nasice_2025-07-18_12-27_tf_1h,2021-03-26 05:00:00,272.75873,273.03973
Nasice,Nasice_2025-07-18_12-27_tf_1h,2021-03-26 06:00:00,272.54248,273.9719
Nasice,Nasice_2025-07-18_12-27_tf_1h,2021-03-26 07:00:00,275.25522,274.65552
Nasice,Nasice_2025-07-18_12-27_tf_1h,2021-03-26 08:00:00,279.79092,278.79636
Nasice,Nasice_2025-07-18_12-27_tf_1h,2021-03-26 09:00:00,283.2126,282.4305
Nasice,Nasice_2025-07-18_12-27_tf_1h,2021-03-26 10:00:00,285.3367,285.3311
Nasice,Nasice_2025-07-18_12-27_tf_1h,2021-03-26 11:00:00,286.53665,286.50198
Nasice,Nasice_2025-07-18_12-27_tf_1h,2021-03-26 12:00:00,287.42673,287.03125
Nasice,Nasice_2025-07-18_12-27_tf_1h,2021-03-26 13:00:00,288.0815,287.83307
Nasice,Nasice_2025-07-18_12-27_tf_1h,2021-03-26 14:00:00,288.46356,288.34042
Nasice,Nasice_2025-07-18_12-27_tf_1h,2021-03-26 15:00:00,288.57755,288.51938
Nasice,Nasice_2025-07-18_12-27_tf_1h,2021-03-26 16:00:00,288.4278,288.4622
Nasice,Nasice_2025-07-18_12-27_tf_1h,2021-03-26 17:00:00,287.6714,287.99292
Nasice,Nasice_2025-07-18_12-27_tf_1h,2021-03-26 18:00:00,285.447,286.68127
Nasice,Nasice_2025-07-18_12-27_tf_1h,2021-03-26 19:00:00,283.51508,283.64893
Nasice,Nasice_2025-07-18_12-27_tf_1h,2021-03-26 20:00:00,282.99933,282.22662
Nasice,Nasice_2025-07-18_12-27_tf_1h,2021-03-26 21:00:00,281.68842,282.3129
Nasice,Nasice_2025-07-18_12-27_tf_1h,2021-03-26 22:00:00,280.43134,280.7319
Nasice,Nasice_2025-07-18_12-27_tf_1h,2021-03-26 23:00:00,279.19864,279.63614
Nasice,Nasice_2025-07-18_12-27_tf_1h,2021-03-27 00:00:00,278.07455,278.44656
Nasice,Nasice_2025-07-18_12-27_tf_1h,2021-03-27 01:00:00,277.15305,277.39835
Nasice,Nasice_2025-07-18_12-27_tf_1h,2021-03-27 02:00:00,276.5063,276.5758
Nasice,Nasice_2025-07-18_12-27_tf_1h,2021-03-27 03:00:00,275.88995,276.15717
Nasice,Nasice_2025-07-18_12-27_tf_1h,2021-03-27 04:00:00,275.2318,275.517
Nasice,Nasice_2025-07-18_12-27_tf_1h,2021-03-27 05:00:00,274.66595,274.95328
Nasice,Nasice_2025-07-18_12-27_tf_1h,2021-03-27 06:00:00,274.324,276.21753
Nasice,Nasice_2025-07-18_12-27_tf_1h,2021-03-27 07:00:00,276.7369,276.6437
Nasice,Nasice_2025-07-18_12-27_tf_1h,2021-03-27 08:00:00,281.8348,279.7033
Nasice,Nasice_2025-07-18_12-27_tf_1h,2021-03-27 09:00:00,285.35342,284.86438
Nasice,Nasice_2025-07-18_12-27_tf_1h,2021-03-27 10:00:00,287.69614,287.49307
Nasice,Nasice_2025-07-18_12-27_tf_1h,2021-03-27 11:00:00,289.15945,288.98022
Nasice,Nasice_2025-07-18_12-27_tf_1h,2021-03-27 12:00:00,290.03217,289.91034
Nasice,Nasice_2025-07-18_12-27_tf_1h,2021-03-27 13:00:00,290.53754,290.4251
Nasice,Nasice_2025-07-18_12-27_tf_1h,2021-03-27 14:00:00,290.9831,290.69055
Nasice,Nasice_2025-07-18_12-27_tf_1h,2021-03-27 15:00:00,290.586,291.06665
Nasice,Nasice_2025-07-18_12-27_tf_1h,2021-03-27 16:00:00,289.9613,290.1655
Nasice,Nasice_2025-07-18_12-27_tf_1h,2021-03-27 17:00:00,289.00037,289.08484
Nasice,Nasice_2025-07-18_12-27_tf_1h,2021-03-27 18:00:00,287.403,287.75775
Nasice,Nasice_2025-07-18_12-27_tf_1h,2021-03-27 19:00:00,286.0707,285.8919
Nasice,Nasice_2025-07-18_12-27_tf_1h,2021-03-27 20:00:00,285.5339,284.90097
Nasice,Nasice_2025-07-18_12-27_tf_1h,2021-03-27 21:00:00,284.92892,284.74878
Nasice,Nasice_2025-07-18_12-27_tf_1h,2021-03-27 22:00:00,284.43057,284.1529
Nasice,Nasice_2025-07-18_12-27_tf_1h,2021-03-27 23:00:00,283.92218,283.80762
Nasice,Nasice_2025-07-18_12-27_tf_1h,2021-03-28 00:00:00,283.58026,283.37833
Nasice,Nasice_2025-07-18_12-27_tf_1h,2021-03-28 01:00:00,283.6237,283.18124
Nasice,Nasice_2025-07-18_12-27_tf_1h,2021-03-28 02:00:00,283.22293,283.5181
Nasice,Nasice_2025-07-18_12-27_tf_1h,2021-03-28 03:00:00,283.0,282.9446
Nasice,Nasice_2025-07-18_12-27_tf_1h,2021-03-28 04:00:00,282.63434,282.84634
Nasice,Nasice_2025-07-18_12-27_tf_1h,2021-03-28 05:00:00,282.3295,282.26138
Nasice,Nasice_2025-07-18_12-27_tf_1h,2021-03-28 06:00:00,282.03638,282.52814
Nasice,Nasice_2025-07-18_12-27_tf_1h,2021-03-28 07:00:00,282.0621,282.8135
Nasice,Nasice_2025-07-18_12-27_tf_1h,2021-03-28 08:00:00,282.3332,282.86703
Nasice,Nasice_2025-07-18_12-27_tf_1h,2021-03-28 09:00:00,283.7009,282.83762
Nasice,Nasice_2025-07-18_12-27_tf_1h,2021-03-28 10:00:00,283.92117,284.96677
Nasice,Nasice_2025-07-18_12-27_tf_1h,2021-03-28 11:00:00,284.19324,283.99167
Nasice,Nasice_2025-07-18_12-27_tf_1h,2021-03-28 12:00:00,284.75745,284.26846
Nasice,Nasice_2025-07-18_12-27_tf_1h,2021-03-28 13:00:00,285.01416,285.08646
Nasice,Nasice_2025-07-18_12-27_tf_1h,2021-03-28 14:00:00,285.41025,285.05676
Nasice,Nasice_2025-07-18_12-27_tf_1h,2021-03-28 15:00:00,285.78894,285.48447
Nasice,Nasice_2025-07-18_12-27_tf_1h,2021-03-28 16:00:00,285.81802,285.83664
Nasice,Nasice_2025-07-18_12-27_tf_1h,2021-03-28 17:00:00,285.4353,285.5644
Nasice,Nasice_2025-07-18_12-27_tf_1h,2021-03-28 18:00:00,284.31726,284.8108
Nasice,Nasice_2025-07-18_12-27_tf_1h,2021-03-28 19:00:00,282.87198,283.22574
Nasice,Nasice_2025-07-18_12-27_tf_1h,2021-03-28 20:00:00,281.21478,281.64392
Nasice,Nasice_2025-07-18_12-27_tf_1h,2021-03-28 21:00:00,280.38385,279.91748
Nasice,Nasice_2025-07-18_12-27_tf_1h,2021-03-28 22:00:00,280.8929,279.72678
Nasice,Nasice_2025-07-18_12-27_tf_1h,2021-03-28 23:00:00,281.50424,281.20236
Nasice,Nasice_2025-07-18_12-27_tf_1h,2021-03-29 00:00:00,281.14227,282.0183
Nasice,Nasice_2025-07-18_12-27_tf_1h,2021-03-29 01:00:00,280.7007,280.86093
Nasice,Nasice_2025-07-18_12-27_tf_1h,2021-03-29 02:00:00,279.30826,280.3362
Nasice,Nasice_2025-07-18_12-27_tf_1h,2021-03-29 03:00:00,278.35632,278.1659
Nasice,Nasice_2025-07-18_12-27_tf_1h,2021-03-29 04:00:00,277.45856,277.80402
Nasice,Nasice_2025-07-18_12-27_tf_1h,2021-03-29 05:00:00,276.78137,276.9574
Nasice,Nasice_2025-07-18_12-27_tf_1h,2021-03-29 06:00:00,276.3746,276.7572
Nasice,Nasice_2025-07-18_12-27_tf_1h,2021-03-29 07:00:00,278.21194,276.68512
Nasice,Nasice_2025-07-18_12-27_tf_1h,2021-03-29 08:00:00,282.0006,280.47174
Nasice,Nasice_2025-07-18_12-27_tf_1h,2021-03-29 09:00:00,284.68793,284.5503
Nasice,Nasice_2025-07-18_12-27_tf_1h,2021-03-29 10:00:00,286.34546,286.3484
Nasice,Nasice_2025-07-18_12-27_tf_1h,2021-03-29 11:00:00,287.45816,287.27164
Nasice,Nasice_2025-07-18_12-27_tf_1h,2021-03-29 12:00:00,288.41174,288.08145
Nasice,Nasice_2025-07-18_12-27_tf_1h,2021-03-29 13:00:00,289.11368,288.92657
Nasice,Nasice_2025-07-18_12-27_tf_1h,2021-03-29 14:00:00,289.5542,289.43195
Nasice,Nasice_2025-07-18_12-27_tf_1h,2021-03-29 15:00:00,289.67654,289.662
Nasice,Nasice_2025-07-18_12-27_tf_1h,2021-03-29 16:00:00,289.38507,289.5069
Nasice,Nasice_2025-07-18_12-27_tf_1h,2021-03-29 17:00:00,288.60596,288.75735
Nasice,Nasice_2025-07-18_12-27_tf_1h,2021-03-29 18:00:00,287.15533,287.50616
Nasice,Nasice_2025-07-18_12-27_tf_1h,2021-03-29 19:00:00,287.24524,285.70844
Nasice,Nasice_2025-07-18_12-27_tf_1h,2021-03-29 20:00:00,286.75458,286.7362
Nasice,Nasice_2025-07-18_12-27_tf_1h,2021-03-29 21:00:00,284.51044,285.9876
Nasice,Nasice_2025-07-18_12-27_tf_1h,2021-03-29 22:00:00,281.55774,283.10922
Nasice,Nasice_2025-07-18_12-27_tf_1h,2021-03-29 23:00:00,280.52893,280.0878
Nasice,Nasice_2025-07-18_12-27_tf_1h,2021-03-30 00:00:00,280.10178,279.89462
Nasice,Nasice_2025-07-18_12-27_tf_1h,2021-03-30 01:00:00,279.92596,279.6275
Nasice,Nasice_2025-07-18_12-27_tf_1h,2021-03-30 02:00:00,279.9791,279.71228
Nasice,Nasice_2025-07-18_12-27_tf_1h,2021-03-30 03:00:00,280.51724,280.01086
Nasice,Nasice_2025-07-18_12-27_tf_1h,2021-03-30 04:00:00,280.7599,280.90158
Nasice,Nasice_2025-07-18_12-27_tf_1h,2021-03-30 05:00:00,280.9882,280.72568
Nasice,Nasice_2025-07-18_12-27_tf_1h,2021-03-30 06:00:00,281.24255,282.1171
Nasice,Nasice_2025-07-18_12-27_tf_1h,2021-03-30 07:00:00,282.04004,282.3998
Nasice,Nasice_2025-07-18_12-27_tf_1h,2021-03-30 08:00:00,284.15515,283.4245
Nasice,Nasice_2025-07-18_12-27_tf_1h,2021-03-30 09:00:00,285.67328,285.80618
Nasice,Nasice_2025-07-18_12-27_tf_1h,2021-03-30 10:00:00,286.28128,286.93375
Nasice,Nasice_2025-07-18_12-27_tf_1h,2021-03-30 11:00:00,287.045,286.71194
Nasice,Nasice_2025-07-18_12-27_tf_1h,2021-03-30 12:00:00,287.20212,287.48975
Nasice,Nasice_2025-07-18_12-27_tf_1h,2021-03-30 13:00:00,287.30072,287.23962
Nasice,Nasice_2025-07-18_12-27_tf_1h,2021-03-30 14:00:00,287.28635,287.15292
Nasice,Nasice_2025-07-18_12-27_tf_1h,2021-03-30 15:00:00,287.62027,286.97977
Nasice,Nasice_2025-07-18_12-27_tf_1h,2021-03-30 16:00:00,287.4518,287.46347
Nasice,Nasice_2025-07-18_12-27_tf_1h,2021-03-30 17:00:00,287.08414,286.9254
Nasice,Nasice_2025-07-18_12-27_tf_1h,2021-03-30 18:00:00,285.99316,286.31046
Nasice,Nasice_2025-07-18_12-27_tf_1h,2021-03-30 19:00:00,284.4386,284.81613
Nasice,Nasice_2025-07-18_12-27_tf_1h,2021-03-30 20:00:00,287.0564,283.1442
Nasice,Nasice_2025-07-18_12-27_tf_1h,2021-03-30 21:00:00,286.88593,287.48996
Nasice,Nasice_2025-07-18_12-27_tf_1h,2021-03-30 22:00:00,286.3197,286.8469
Nasice,Nasice_2025-07-18_12-27_tf_1h,2021-03-30 23:00:00,285.58438,285.64453
Nasice,Nasice_2025-07-18_12-27_tf_1h,2021-03-31 00:00:00,284.69128,284.8973
Nasice,Nasice_2025-07-18_12-27_tf_1h,2021-03-31 01:00:00,283.69388,283.951
Nasice,Nasice_2025-07-18_12-27_tf_1h,2021-03-31 02:00:00,282.9826,282.9287
Nasice,Nasice_2025-07-18_12-27_tf_1h,2021-03-31 03:00:00,283.10764,282.50247
Nasice,Nasice_2025-07-18_12-27_tf_1h,2021-03-31 04:00:00,283.19788,283.3721
Nasice,Nasice_2025-07-18_12-27_tf_1h,2021-03-31 05:00:00,283.0478,283.33215
Nasice,Nasice_2025-07-18_12-27_tf_1h,2021-03-31 06:00:00,282.99597,283.0378
Nasice,Nasice_2025-07-18_12-27_tf_1h,2021-03-31 07:00:00,283.5298,283.2346
Nasice,Nasice_2025-07-18_12-27_tf_1h,2021-03-31 08:00:00,285.60843,284.16324
Nasice,Nasice_2025-07-18_12-27_tf_1h,2021-03-31 09:00:00,287.37292,287.0258
Nasice,Nasice_2025-07-18_12-27_tf_1h,2021-03-31 10:00:00,289.03946,288.58167
Nasice,Nasice_2025-07-18_12-27_tf_1h,2021-03-31 11:00:00,290.3186,290.13037
Nasice,Nasice_2025-07-18_12-27_tf_1h,2021-03-31 12:00:00,291.12616,291.12152
Nasice,Nasice_2025-07-18_12-27_tf_1h,2021-03-31 13:00:00,291.68668,291.56293
Nasice,Nasice_2025-07-18_12-27_tf_1h,2021-03-31 14:00:00,292.0647,291.90958
Nasice,Nasice_2025-07-18_12-27_tf_1h,2021-03-31 15:00:00,291.8264,291.99915
Nasice,Nasice_2025-07-18_12-27_tf_1h,2021-03-31 16:00:00,291.6596,291.19983
Nasice,Nasice_2025-07-18_12-27_tf_1h,2021-03-31 17:00:00,291.15958,290.89807
Nasice,Nasice_2025-07-18_12-27_tf_1h,2021-03-31 18:00:00,289.48868,290.19037
Nasice,Nasice_2025-07-18_12-27_tf_1h,2021-03-31 19:00:00,286.92703,288.02036
Nasice,Nasice_2025-07-18_12-27_tf_1h,2021-03-31 20:00:00,285.6342,285.38257
Nasice,Nasice_2025-07-18_12-27_tf_1h,2021-03-31 21:00:00,284.44427,284.70627
Nasice,Nasice_2025-07-18_12-27_tf_1h,2021-03-31 22:00:00,283.32355,283.54498
Nasice,Nasice_2025-07-18_12-27_tf_1h,2021-03-31 23:00:00,282.24594,282.55124
Nasice,Nasice_2025-07-18_12-27_tf_1h,2021-04-01 00:00:00,281.35684,281.57193
Nasice,Nasice_2025-07-18_12-27_tf_1h,2021-04-01 01:00:00,280.62433,280.75113
Nasice,Nasice_2025-07-18_12-27_tf_1h,2021-04-01 02:00:00,280.06094,280.05685
Nasice,Nasice_2025-07-18_12-27_tf_1h,2021-04-01 03:00:00,279.60776,279.56
Nasice,Nasice_2025-07-18_12-27_tf_1h,2021-04-01 04:00:00,279.20645,279.25998
Nasice,Nasice_2025-07-18_12-27_tf_1h,2021-04-01 05:00:00,278.8236,279.54434
Nasice,Nasice_2025-07-18_12-27_tf_1h,2021-04-01 06:00:00,278.7511,280.0569
Nasice,Nasice_2025-07-18_12-27_tf_1h,2021-04-01 07:00:00,282.1144,280.26212
Nasice,Nasice_2025-07-18_12-27_tf_1h,2021-04-01 08:00:00,286.99548,285.15762
Nasice,Nasice_2025-07-18_12-27_tf_1h,2021-04-01 09:00:00,290.13416,289.81177
Nasice,Nasice_2025-07-18_12-27_tf_1h,2021-04-01 10:00:00,291.80124,292.21155
Nasice,Nasice_2025-07-18_12-27_tf_1h,2021-04-01 11:00:00,292.794,292.76898
Nasice,Nasice_2025-07-18_12-27_tf_1h,2021-04-01 12:00:00,293.5888,293.264
Nasice,Nasice_2025-07-18_12-27_tf_1h,2021-04-01 13:00:00,294.21155,293.94592
Nasice,Nasice_2025-07-18_12-27_tf_1h,2021-04-01 14:00:00,294.64096,294.4101
Nasice,Nasice_2025-07-18_12-27_tf_1h,2021-04-01 15:00:00,294.82968,294.64703
Nasice,Nasice_2025-07-18_12-27_tf_1h,2021-04-01 16:00:00,294.7067,294.58502
Nasice,Nasice_2025-07-18_12-27_tf_1h,2021-04-01 17:00:00,293.9112,293.9775
Nasice,Nasice_2025-07-18_12-27_tf_1h,2021-04-01 18:00:00,292.1432,292.63467
Nasice,Nasice_2025-07-18_12-27_tf_1h,2021-04-01 19:00:00,289.8512,290.4391
Nasice,Nasice_2025-07-18_12-27_tf_1h,2021-04-01 20:00:00,288.09454,288.37433
Nasice,Nasice_2025-07-18_12-27_tf_1h,2021-04-01 21:00:00,286.5238,286.9869
Nasice,Nasice_2025-07-18_12-27_tf_1h,2021-04-01 22:00:00,285.2239,285.56158
Nasice,Nasice_2025-07-18_12-27_tf_1h,2021-04-01 23:00:00,284.13232,284.42584
Nasice,Nasice_2025-07-18_12-27_tf_1h,2021-04-02 00:00:00,283.61725,283.45605
Nasice,Nasice_2025-07-18_12-27_tf_1h,2021-04-02 01:00:00,283.7445,283.2409
Nasice,Nasice_2025-07-18_12-27_tf_1h,2021-04-02 02:00:00,284.07687,283.70554
Nasice,Nasice_2025-07-18_12-27_tf_1h,2021-04-02 03:00:00,284.04773,284.0442
Nasice,Nasice_2025-07-18_12-27_tf_1h,2021-04-02 04:00:00,283.98444,283.67123
Nasice,Nasice_2025-07-18_12-27_tf_1h,2021-04-02 05:00:00,283.77402,283.8217
Nasice,Nasice_2025-07-18_12-27_tf_1h,2021-04-02 06:00:00,283.72958,284.13635
Nasice,Nasice_2025-07-18_12-27_tf_1h,2021-04-02 07:00:00,284.95697,285.08356
Nasice,Nasice_2025-07-18_12-27_tf_1h,2021-04-02 08:00:00,287.652,286.56677
Nasice,Nasice_2025-07-18_12-27_tf_1h,2021-04-02 09:00:00,290.16223,289.6573
Nasice,Nasice_2025-07-18_12-27_tf_1h,2021-04-02 10:00:00,291.5908,291.95932
Nasice,Nasice_2025-07-18_12-27_tf_1h,2021-04-02 11:00:00,292.24698,292.4849
Nasice,Nasice_2025-07-18_12-27_tf_1h,2021-04-02 12:00:00,292.65146,292.5846
Nasice,Nasice_2025-07-18_12-27_tf_1h,2021-04-02 13:00:00,290.97943,292.7975
Nasice,Nasice_2025-07-18_12-27_tf_1h,2021-04-02 14:00:00,291.15393,289.79953
Nasice,Nasice_2025-07-18_12-27_tf_1h,2021-04-02 15:00:00,291.21616,290.80002
Nasice,Nasice_2025-07-18_12-27_tf_1h,2021-04-02 16:00:00,290.95312,290.79013
Nasice,Nasice_2025-07-18_12-27_tf_1h,2021-04-02 17:00:00,290.23972,290.1946
Nasice,Nasice_2025-07-18_12-27_tf_1h,2021-04-02 18:00:00,289.0813,289.14856
Nasice,Nasice_2025-07-18_12-27_tf_1h,2021-04-02 19:00:00,287.70996,287.85422
Nasice,Nasice_2025-07-18_12-27_tf_1h,2021-04-02 20:00:00,287.24643,286.54443
Nasice,Nasice_2025-07-18_12-27_tf_1h,2021-04-02 21:00:00,285.95685,286.575
Nasice,Nasice_2025-07-18_12-27_tf_1h,2021-04-02 22:00:00,284.94205,284.99194
Nasice,Nasice_2025-07-18_12-27_tf_1h,2021-04-02 23:00:00,284.20447,284.1854
Nasice,Nasice_2025-07-18_12-27_tf_1h,2021-04-03 00:00:00,283.24084,283.6528
Nasice,Nasice_2025-07-18_12-27_tf_1h,2021-04-03 01:00:00,282.8719,282.554
Nasice,Nasice_2025-07-18_12-27_tf_1h,2021-04-03 02:00:00,282.55765,282.5562
Nasice,Nasice_2025-07-18_12-27_tf_1h,2021-04-03 03:00:00,282.18515,282.1836
Nasice,Nasice_2025-07-18_12-27_tf_1h,2021-04-03 04:00:00,281.8631,281.8395
Nasice,Nasice_2025-07-18_12-27_tf_1h,2021-04-03 05:00:00,281.52505,282.1536
Nasice,Nasice_2025-07-18_12-27_tf_1h,2021-04-03 06:00:00,281.33133,282.1828
Nasice,Nasice_2025-07-18_12-27_tf_1h,2021-04-03 07:00:00,281.34094,281.96896
Nasice,Nasice_2025-07-18_12-27_tf_1h,2021-04-03 08:00:00,281.42908,281.68085
Nasice,Nasice_2025-07-18_12-27_tf_1h,2021-04-03 09:00:00,281.54745,281.6624
Nasice,Nasice_2025-07-18_12-27_tf_1h,2021-04-03 10:00:00,282.01987,281.7193
Nasice,Nasice_2025-07-18_12-27_tf_1h,2021-04-03 11:00:00,283.21417,282.44492
Nasice,Nasice_2025-07-18_12-27_tf_1h,2021-04-03 12:00:00,284.28586,284.18918
Nasice,Nasice_2025-07-18_12-27_tf_1h,2021-04-03 13:00:00,285.07675,285.04294
Nasice,Nasice_2025-07-18_12-27_tf_1h,2021-04-03 14:00:00,285.43042,285.5876
Nasice,Nasice_2025-07-18_12-27_tf_1h,2021-04-03 15:00:00,285.30496,285.5352
Nasice,Nasice_2025-07-18_12-27_tf_1h,2021-04-03 16:00:00,284.8155,284.95444
Nasice,Nasice_2025-07-18_12-27_tf_1h,2021-04-03 17:00:00,284.18173,284.11322
Nasice,Nasice_2025-07-18_12-27_tf_1h,2021-04-03 18:00:00,283.06418,283.3603
Nasice,Nasice_2025-07-18_12-27_tf_1h,2021-04-03 19:00:00,281.91748,281.9919
Nasice,Nasice_2025-07-18_12-27_tf_1h,2021-04-03 20:00:00,280.8529,280.87527
Nasice,Nasice_2025-07-18_12-27_tf_1h,2021-04-03 21:00:00,280.1882,279.9133
Nasice,Nasice_2025-07-18_12-27_tf_1h,2021-04-03 22:00:00,279.64508,279.61066
Nasice,Nasice_2025-07-18_12-27_tf_1h,2021-04-03 23:00:00,279.05856,279.23187
Nasice,Nasice_2025-07-18_12-27_tf_1h,2021-04-04 00:00:00,278.52716,278.65002
Nasice,Nasice_2025-07-18_12-27_tf_1h,2021-04-04 01:00:00,277.99576,278.1715
Nasice,Nasice_2025-07-18_12-27_tf_1h,2021-04-04 02:00:00,277.4729,277.6541
Nasice,Nasice_2025-07-18_12-27_tf_1h,2021-04-04 03:00:00,277.01328,277.156
Nasice,Nasice_2025-07-18_12-27_tf_1h,2021-04-04 04:00:00,276.5949,276.79852
Nasice,Nasice_2025-07-18_12-27_tf_1h,2021-04-04 05:00:00,276.23627,276.47522
Nasice,Nasice_2025-07-18_12-27_tf_1h,2021-04-04 06:00:00,276.21353,276.26907
Nasice,Nasice_2025-07-18_12-27_tf_1h,2021-04-04 07:00:00,277.2532,276.9509
Nasice,Nasice_2025-07-18_12-27_tf_1h,2021-04-04 08:00:00,278.10843,279.00217
Nasice,Nasice_2025-07-18_12-27_tf_1h,2021-04-04 09:00:00,279.13925,278.97507
Nasice,Nasice_2025-07-18_12-27_tf_1h,2021-04-04 10:00:00,280.3883,280.1933
Nasice,Nasice_2025-07-18_12-27_tf_1h,2021-04-04 11:00:00,281.69818,281.47156
Nasice,Nasice_2025-07-18_12-27_tf_1h,2021-04-04 12:00:00,282.56546,282.69415
Nasice,Nasice_2025-07-18_12-27_tf_1h,2021-04-04 13:00:00,283.17935,283.06195
Nasice,Nasice_2025-07-18_12-27_tf_1h,2021-04-04 14:00:00,283.44415,283.41544
Nasice,Nasice_2025-07-18_12-27_tf_1h,2021-04-04 15:00:00,283.43774,283.378
Nasice,Nasice_2025-07-18_12-27_tf_1h,2021-04-04 16:00:00,283.0919,283.09192
Nasice,Nasice_2025-07-18_12-27_tf_1h,2021-04-04 17:00:00,282.37177,282.45483
Nasice,Nasice_2025-07-18_12-27_tf_1h,2021-04-04 18:00:00,281.51794,281.50616
Nasice,Nasice_2025-07-18_12-27_tf_1h,2021-04-04 19:00:00,280.42776,280.6089
Nasice,Nasice_2025-07-18_12-27_tf_1h,2021-04-04 20:00:00,279.09625,279.4317
Nasice,Nasice_2025-07-18_12-27_tf_1h,2021-04-04 21:00:00,277.66058,278.0275
Nasice,Nasice_2025-07-18_12-27_tf_1h,2021-04-04 22:00:00,276.36353,276.62708
Nasice,Nasice_2025-07-18_12-27_tf_1h,2021-04-04 23:00:00,275.32416,275.47263
Nasice,Nasice_2025-07-18_12-27_tf_1h,2021-04-05 00:00:00,274.56564,274.65314
Nasice,Nasice_2025-07-18_12-27_tf_1h,2021-04-05 01:00:00,273.90555,274.1312
Nasice,Nasice_2025-07-18_12-27_tf_1h,2021-04-05 02:00:00,273.42355,273.61273
Nasice,Nasice_2025-07-18_12-27_tf_1h,2021-04-05 03:00:00,273.09512,273.29636
Nasice,Nasice_2025-07-18_12-27_tf_1h,2021-04-05 04:00:00,272.82,273.1192
Nasice,Nasice_2025-07-18_12-27_tf_1h,2021-04-05 05:00:00,272.6302,272.96185
Nasice,Nasice_2025-07-18_12-27_tf_1h,2021-04-05 06:00:00,272.55875,273.46118
Nasice,Nasice_2025-07-18_12-27_tf_1h,2021-04-05 07:00:00,275.87762,274.1247
Nasice,Nasice_2025-07-18_12-27_tf_1h,2021-04-05 08:00:00,279.23773,279.65735
Nasice,Nasice_2025-07-18_12-27_tf_1h,2021-04-05 09:00:00,281.22827,281.2362
Nasice,Nasice_2025-07-18_12-27_tf_1h,2021-04-05 10:00:00,282.6522,282.5768
Nasice,Nasice_2025-07-18_12-27_tf_1h,2021-04-05 11:00:00,283.65457,283.49875
Nasice,Nasice_2025-07-18_12-27_tf_1h,2021-04-05 12:00:00,284.5098,284.2545
Nasice,Nasice_2025-07-18_12-27_tf_1h,2021-04-05 13:00:00,285.19476,284.92792
Nasice,Nasice_2025-07-18_12-27_tf_1h,2021-04-05 14:00:00,285.74927,285.50833
Nasice,Nasice_2025-07-18_12-27_tf_1h,2021-04-05 15:00:00,286.11078,285.94363
Nasice,Nasice_2025-07-18_12-27_tf_1h,2021-04-05 16:00:00,286.15555,286.1421
Nasice,Nasice_2025-07-18_12-27_tf_1h,2021-04-05 17:00:00,285.7578,285.8413
Nasice,Nasice_2025-07-18_12-27_tf_1h,2021-04-05 18:00:00,284.32852,285.02887
Nasice,Nasice_2025-07-18_12-27_tf_1h,2021-04-05 19:00:00,282.2683,282.8763
Nasice,Nasice_2025-07-18_12-27_tf_1h,2021-04-05 20:00:00,281.3747,280.7184
Nasice,Nasice_2025-07-18_12-27_tf_1h,2021-04-05 21:00:00,280.48712,280.54492
Nasice,Nasice_2025-07-18_12-27_tf_1h,2021-04-05 22:00:00,279.97314,279.64716
Nasice,Nasice_2025-07-18_12-27_tf_1h,2021-04-05 23:00:00,279.31024,279.44614
Nasice,Nasice_2025-07-18_12-27_tf_1h,2021-04-06 00:00:00,278.79376,278.782
Nasice,Nasice_2025-07-18_12-27_tf_1h,2021-04-06 01:00:00,278.52502,278.39337
Nasice,Nasice_2025-07-18_12-27_tf_1h,2021-04-06 02:00:00,278.5446,278.3227
Nasice,Nasice_2025-07-18_12-27_tf_1h,2021-04-06 03:00:00,279.08344,278.59644
Nasice,Nasice_2025-07-18_12-27_tf_1h,2021-04-06 04:00:00,279.68488,279.56876
Nasice,Nasice_2025-07-18_12-27_tf_1h,2021-04-06 05:00:00,278.74185,280.08945
Nasice,Nasice_2025-07-18_12-27_tf_1h,2021-04-06 06:00:00,277.24576,278.09735
Nasice,Nasice_2025-07-18_12-27_tf_1h,2021-04-06 07:00:00,276.42145,277.84164
Nasice,Nasice_2025-07-18_12-27_tf_1h,2021-04-06 08:00:00,275.44644,277.0859
Nasice,Nasice_2025-07-18_12-27_tf_1h,2021-04-06 09:00:00,275.4333,275.3843
Nasice,Nasice_2025-07-18_12-27_tf_1h,2021-04-06 10:00:00,275.59503,276.1086
Nasice,Nasice_2025-07-18_12-27_tf_1h,2021-04-06 11:00:00,276.1467,275.9315
Nasice,Nasice_2025-07-18_12-27_tf_1h,2021-04-06 12:00:00,277.05133,276.8845
Nasice,Nasice_2025-07-18_12-27_tf_1h,2021-04-06 13:00:00,277.77893,277.8751
Nasice,Nasice_2025-07-18_12-27_tf_1h,2021-04-06 14:00:00,277.97763,278.32785
Nasice,Nasice_2025-07-18_12-27_tf_1h,2021-04-06 15:00:00,277.7455,277.96927
Nasice,Nasice_2025-07-18_12-27_tf_1h,2021-04-06 16:00:00,277.20773,277.36523
Nasice,Nasice_2025-07-18_12-27_tf_1h,2021-04-06 17:00:00,276.81744,276.59222
Nasice,Nasice_2025-07-18_12-27_tf_1h,2021-04-06 18:00:00,276.2821,276.40146
Nasice,Nasice_2025-07-18_12-27_tf_1h,2021-04-06 19:00:00,275.7532,275.7886
Nasice,Nasice_2025-07-18_12-27_tf_1h,2021-04-06 20:00:00,275.1795,275.36227
Nasice,Nasice_2025-07-18_12-27_tf_1h,2021-04-06 21:00:00,274.9161,274.78827
Nasice,Nasice_2025-07-18_12-27_tf_1h,2021-04-06 22:00:00,274.6936,274.8747
Nasice,Nasice_2025-07-18_12-27_tf_1h,2021-04-06 23:00:00,274.5077,274.65622
Nasice,Nasice_2025-07-18_12-27_tf_1h,2021-04-07 00:00:00,273.9109,274.50546
Nasice,Nasice_2025-07-18_12-27_tf_1h,2021-04-07 01:00:00,273.4122,273.54102
Nasice,Nasice_2025-07-18_12-27_tf_1h,2021-04-07 02:00:00,272.9846,273.18018
Nasice,Nasice_2025-07-18_12-27_tf_1h,2021-04-07 03:00:00,272.5449,272.79718
Nasice,Nasice_2025-07-18_12-27_tf_1h,2021-04-07 04:00:00,272.17697,272.38336
Nasice,Nasice_2025-07-18_12-27_tf_1h,2021-04-07 05:00:00,271.9104,272.13324
Nasice,Nasice_2025-07-18_12-27_tf_1h,2021-04-07 06:00:00,271.98468,272.0438
Nasice,Nasice_2025-07-18_12-27_tf_1h,2021-04-07 07:00:00,273.7257,272.56802
Nasice,Nasice_2025-07-18_12-27_tf_1h,2021-04-07 08:00:00,274.89658,275.89114
Nasice,Nasice_2025-07-18_12-27_tf_1h,2021-04-07 09:00:00,276.72574,275.92545
Nasice,Nasice_2025-07-18_12-27_tf_1h,2021-04-07 10:00:00,278.09457,278.5069
Nasice,Nasice_2025-07-18_12-27_tf_1h,2021-04-07 11:00:00,278.83926,279.08356
Nasice,Nasice_2025-07-18_12-27_tf_1h,2021-04-07 12:00:00,280.08405,279.32806
Nasice,Nasice_2025-07-18_12-27_tf_1h,2021-04-07 13:00:00,280.7843,281.06387
Nasice,Nasice_2025-07-18_12-27_tf_1h,2021-04-07 14:00:00,281.11166,281.1396
Nasice,Nasice_2025-07-18_12-27_tf_1h,2021-04-07 15:00:00,281.24036,281.1333
Nasice,Nasice_2025-07-18_12-27_tf_1h,2021-04-07 16:00:00,280.80383,281.05075
Nasice,Nasice_2025-07-18_12-27_tf_1h,2021-04-07 17:00:00,280.16296,280.19165
Nasice,Nasice_2025-07-18_12-27_tf_1h,2021-04-07 18:00:00,278.58475,279.42416
Nasice,Nasice_2025-07-18_12-27_tf_1h,2021-04-07 19:00:00,277.19672,277.23358
Nasice,Nasice_2025-07-18_12-27_tf_1h,2021-04-07 20:00:00,275.82465,276.0909
Nasice,Nasice_2025-07-18_12-27_tf_1h,2021-04-07 21:00:00,275.28223,274.8086
Nasice,Nasice_2025-07-18_12-27_tf_1h,2021-04-07 22:00:00,274.74762,274.8692
Nasice,Nasice_2025-07-18_12-27_tf_1h,2021-04-07 23:00:00,274.31967,274.3673
Nasice,Nasice_2025-07-18_12-27_tf_1h,2021-04-08 00:00:00,273.7648,274.12225
Nasice,Nasice_2025-07-18_12-27_tf_1h,2021-04-08 01:00:00,273.31693,273.5248
Nasice,Nasice_2025-07-18_12-27_tf_1h,2021-04-08 02:00:00,272.90637,273.17563
Nasice,Nasice_2025-07-18_12-27_tf_1h,2021-04-08 03:00:00,272.59357,272.79428
Nasice,Nasice_2025-07-18_12-27_tf_1h,2021-04-08 04:00:00,272.38315,272.60916
Nasice,Nasice_2025-07-18_12-27_tf_1h,2021-04-08 05:00:00,272.25626,272.56207
Nasice,Nasice_2025-07-18_12-27_tf_1h,2021-04-08 06:00:00,272.71408,272.78958
Nasice,Nasice_2025-07-18_12-27_tf_1h,2021-04-08 07:00:00,275.21115,274.27463
Nasice,Nasice_2025-07-18_12-27_tf_1h,2021-04-08 08:00:00,276.3102,278.21085
Nasice,Nasice_2025-07-18_12-27_tf_1h,2021-04-08 09:00:00,278.74506,277.24396
Nasice,Nasice_2025-07-18_12-27_tf_1h,2021-04-08 10:00:00,280.8337,280.7936
Nasice,Nasice_2025-07-18_12-27_tf_1h,2021-04-08 11:00:00,281.86807,282.30002
Nasice,Nasice_2025-07-18_12-27_tf_1h,2021-04-08 12:00:00,282.6483,282.53162
Nasice,Nasice_2025-07-18_12-27_tf_1h,2021-04-08 13:00:00,283.05173,283.05292
Nasice,Nasice_2025-07-18_12-27_tf_1h,2021-04-08 14:00:00,283.4264,283.10352
Nasice,Nasice_2025-07-18_12-27_tf_1h,2021-04-08 15:00:00,283.40543,283.44293
Nasice,Nasice_2025-07-18_12-27_tf_1h,2021-04-08 16:00:00,283.00482,283.07562
Nasice,Nasice_2025-07-18_12-27_tf_1h,2021-04-08 17:00:00,281.57233,282.30286
Nasice,Nasice_2025-07-18_12-27_tf_1h,2021-04-08 18:00:00,280.70004,280.17285
Nasice,Nasice_2025-07-18_12-27_tf_1h,2021-04-08 19:00:00,279.22882,279.77356
Nasice,Nasice_2025-07-18_12-27_tf_1h,2021-04-08 20:00:00,278.7902,278.02344
Nasice,Nasice_2025-07-18_12-27_tf_1h,2021-04-08 21:00:00,279.1947,278.30698
Nasice,Nasice_2025-07-18_12-27_tf_1h,2021-04-08 22:00:00,278.72623,279.25113
Nasice,Nasice_2025-07-18_12-27_tf_1h,2021-04-08 23:00:00,278.2538,278.3979
Nasice,Nasice_2025-07-18_12-27_tf_1h,2021-04-09 00:00:00,277.6737,277.88678
Nasice,Nasice_2025-07-18_12-27_tf_1h,2021-04-09 01:00:00,275.18802,277.2162
Nasice,Nasice_2025-07-18_12-27_tf_1h,2021-04-09 02:00:00,273.53552,273.64514
Nasice,Nasice_2025-07-18_12-27_tf_1h,2021-04-09 03:00:00,272.88327,272.65744
Nasice,Nasice_2025-07-18_12-27_tf_1h,2021-04-09 04:00:00,272.5136,272.58215
Nasice,Nasice_2025-07-18_12-27_tf_1h,2021-04-09 05:00:00,271.97934,272.57556
Nasice,Nasice_2025-07-18_12-27_tf_1h,2021-04-09 06:00:00,272.1336,272.39877
Nasice,Nasice_2025-07-18_12-27_tf_1h,2021-04-09 07:00:00,276.28568,274.32977
Nasice,Nasice_2025-07-18_12-27_tf_1h,2021-04-09 08:00:00,279.13,280.15768
Nasice,Nasice_2025-07-18_12-27_tf_1h,2021-04-09 09:00:00,281.1671,280.97668
Nasice,Nasice_2025-07-18_12-27_tf_1h,2021-04-09 10:00:00,282.8125,282.34985
Nasice,Nasice_2025-07-18_12-27_tf_1h,2021-04-09 11:00:00,284.28018,283.8004
Nasice,Nasice_2025-07-18_12-27_tf_1h,2021-04-09 12:00:00,285.50827,285.1446
Nasice,Nasice_2025-07-18_12-27_tf_1h,2021-04-09 13:00:00,286.4353,286.1725
Nasice,Nasice_2025-07-18_12-27_tf_1h,2021-04-09 14:00:00,287.04846,286.91025
Nasice,Nasice_2025-07-18_12-27_tf_1h,2021-04-09 15:00:00,287.3225,287.27982
Nasice,Nasice_2025-07-18_12-27_tf_1h,2021-04-09 16:00:00,287.4103,287.3225
Nasice,Nasice_2025-07-18_12-27_tf_1h,2021-04-09 17:00:00,286.85794,287.1573
Nasice,Nasice_2025-07-18_12-27_tf_1h,2021-04-09 18:00:00,284.77994,286.067
Nasice,Nasice_2025-07-18_12-27_tf_1h,2021-04-09 19:00:00,282.8573,283.02557
Nasice,Nasice_2025-07-18_12-27_tf_1h,2021-04-09 20:00:00,282.1112,281.50867
Nasice,Nasice_2025-07-18_12-27_tf_1h,2021-04-09 21:00:00,280.5568,281.3361
Nasice,Nasice_2025-07-18_12-27_tf_1h,2021-04-09 22:00:00,279.29388,279.50262
Nasice,Nasice_2025-07-18_12-27_tf_1h,2021-04-09 23:00:00,278.95905,278.52258
Nasice,Nasice_2025-07-18_12-27_tf_1h,2021-04-10 00:00:00,278.8133,278.59192
Nasice,Nasice_2025-07-18_12-27_tf_1h,2021-04-10 01:00:00,278.55914,278.59964
Nasice,Nasice_2025-07-18_12-27_tf_1h,2021-04-10 02:00:00,278.07858,278.39954
Nasice,Nasice_2025-07-18_12-27_tf_1h,2021-04-10 03:00:00,277.24292,277.81665
Nasice,Nasice_2025-07-18_12-27_tf_1h,2021-04-10 04:00:00,276.628,276.63498
Nasice,Nasice_2025-07-18_12-27_tf_1h,2021-04-10 05:00:00,276.26932,276.34122
Nasice,Nasice_2025-07-18_12-27_tf_1h,2021-04-10 06:00:00,276.53415,277.2416
Nasice,Nasice_2025-07-18_12-27_tf_1h,2021-04-10 07:00:00,279.81036,278.672
Nasice,Nasice_2025-07-18_12-27_tf_1h,2021-04-10 08:00:00,283.73883,282.76877
Nasice,Nasice_2025-07-18_12-27_tf_1h,2021-04-10 09:00:00,285.71054,286.06155
Nasice,Nasice_2025-07-18_12-27_tf_1h,2021-04-10 10:00:00,287.18707,287.1886
Nasice,Nasice_2025-07-18_12-27_tf_1h,2021-04-10 11:00:00,288.36435,288.02997
Nasice,Nasice_2025-07-18_12-27_tf_1h,2021-04-10 12:00:00,289.14172,289.0371
Nasice,Nasice_2025-07-18_12-27_tf_1h,2021-04-10 13:00:00,289.50854,289.52173
Nasice,Nasice_2025-07-18_12-27_tf_1h,2021-04-10 14:00:00,289.6827,289.57516
Nasice,Nasice_2025-07-18_12-27_tf_1h,2021-04-10 15:00:00,289.78366,289.6036
Nasice,Nasice_2025-07-18_12-27_tf_1h,2021-04-10 16:00:00,289.6191,289.5419
Nasice,Nasice_2025-07-18_12-27_tf_1h,2021-04-10 17:00:00,288.75037,289.02414
Nasice,Nasice_2025-07-18_12-27_tf_1h,2021-04-10 18:00:00,287.25534,287.5878
Nasice,Nasice_2025-07-18_12-27_tf_1h,2021-04-10 19:00:00,284.42593,285.80127
Nasice,Nasice_2025-07-18_12-27_tf_1h,2021-04-10 20:00:00,283.01617,282.77945
Nasice,Nasice_2025-07-18_12-27_tf_1h,2021-04-10 21:00:00,280.97232,282.1028
Nasice,Nasice_2025-07-18_12-27_tf_1h,2021-04-10 22:00:00,280.06094,279.88184
Nasice,Nasice_2025-07-18_12-27_tf_1h,2021-04-10 23:00:00,279.2889,279.52286
Nasice,Nasice_2025-07-18_12-27_tf_1h,2021-04-11 00:00:00,278.87976,278.72653
Nasice,Nasice_2025-07-18_12-27_tf_1h,2021-04-11 01:00:00,278.83536,278.58823
Nasice,Nasice_2025-07-18_12-27_tf_1h,2021-04-11 02:00:00,278.3384,278.80103
Nasice,Nasice_2025-07-18_12-27_tf_1h,2021-04-11 03:00:00,277.34244,277.89737
Nasice,Nasice_2025-07-18_12-27_tf_1h,2021-04-11 04:00:00,277.12598,276.5208
Nasice,Nasice_2025-07-18_12-27_tf_1h,2021-04-11 05:00:00,277.03354,278.43848
Nasice,Nasice_2025-07-18_12-27_tf_1h,2021-04-11 06:00:00,277.27313,278.56076
Nasice,Nasice_2025-07-18_12-27_tf_1h,2021-04-11 07:00:00,278.9114,279.26605
Nasice,Nasice_2025-07-18_12-27_tf_1h,2021-04-11 08:00:00,283.8771,280.7038
Nasice,Nasice_2025-07-18_12-27_tf_1h,2021-04-11 09:00:00,284.8123,286.8385
Nasice,Nasice_2025-07-18_12-27_tf_1h,2021-04-11 10:00:00,285.85626,285.75848
Nasice,Nasice_2025-07-18_12-27_tf_1h,2021-04-11 11:00:00,286.73993,286.2532
Nasice,Nasice_2025-07-18_12-27_tf_1h,2021-04-11 12:00:00,287.80203,287.2757
Nasice,Nasice_2025-07-18_12-27_tf_1h,2021-04-11 13:00:00,287.4501,288.3707
Nasice,Nasice_2025-07-18_12-27_tf_1h,2021-04-11 14:00:00,287.49207,287.166
Nasice,Nasice_2025-07-18_12-27_tf_1h,2021-04-11 15:00:00,287.6776,287.24237
Nasice,Nasice_2025-07-18_12-27_tf_1h,2021-04-11 16:00:00,287.78284,287.50797
Nasice,Nasice_2025-07-18_12-27_tf_1h,2021-04-11 17:00:00,287.57703,287.42734
Nasice,Nasice_2025-07-18_12-27_tf_1h,2021-04-11 18:00:00,286.42145,286.9147
Nasice,Nasice_2025-07-18_12-27_tf_1h,2021-04-11 19:00:00,285.3085,285.1399
Nasice,Nasice_2025-07-18_12-27_tf_1h,2021-04-11 20:00:00,284.07794,284.16934
Nasice,Nasice_2025-07-18_12-27_tf_1h,2021-04-11 21:00:00,282.63904,282.98795
Nasice,Nasice_2025-07-18_12-27_tf_1h,2021-04-11 22:00:00,281.20053,281.5732
Nasice,Nasice_2025-07-18_12-27_tf_1h,2021-04-11 23:00:00,279.99484,280.23068
Nasice,Nasice_2025-07-18_12-27_tf_1h,2021-04-12 00:00:00,279.114,279.18555
Nasice,Nasice_2025-07-18_12-27_tf_1h,2021-04-12 01:00:00,278.51224,278.50247
Nasice,Nasice_2025-07-18_12-27_tf_1h,2021-04-12 02:00:00,278.0665,278.1215
Nasice,Nasice_2025-07-18_12-27_tf_1h,2021-04-12 03:00:00,277.72812,277.7698
Nasice,Nasice_2025-07-18_12-27_tf_1h,2021-04-12 04:00:00,277.62573,277.52872
Nasice,Nasice_2025-07-18_12-27_tf_1h,2021-04-12 05:00:00,277.54007,278.11023
Nasice,Nasice_2025-07-18_12-27_tf_1h,2021-04-12 06:00:00,278.33023,278.94662
Nasice,Nasice_2025-07-18_12-27_tf_1h,2021-04-12 07:00:00,282.1151,280.31198
Nasice,Nasice_2025-07-18_12-27_tf_1h,2021-04-12 08:00:00,284.674,284.8731
Nasice,Nasice_2025-07-18_12-27_tf_1h,2021-04-12 09:00:00,286.8032,286.2194
Nasice,Nasice_2025-07-18_12-27_tf_1h,2021-04-12 10:00:00,288.6761,288.06613
Nasice,Nasice_2025-07-18_12-27_tf_1h,2021-04-12 11:00:00,290.40714,289.82205
Nasice,Nasice_2025-07-18_12-27_tf_1h,2021-04-12 12:00:00,291.70987,291.38705
Nasice,Nasice_2025-07-18_12-27_tf_1h,2021-04-12 13:00:00,292.49008,292.38455
Nasice,Nasice_2025-07-18_12-27_tf_1h,2021-04-12 14:00:00,292.82812,292.7958
Nasice,Nasice_2025-07-18_12-27_tf_1h,2021-04-12 15:00:00,292.76025,292.82632
Nasice,Nasice_2025-07-18_12-27_tf_1h,2021-04-12 16:00:00,292.31308,292.40222
Nasice,Nasice_2025-07-18_12-27_tf_1h,2021-04-12 17:00:00,291.07468,291.45322
Nasice,Nasice_2025-07-18_12-27_tf_1h,2021-04-12 18:00:00,289.21176,289.63486
Nasice,Nasice_2025-07-18_12-27_tf_1h,2021-04-12 19:00:00,287.84964,287.63055
Nasice,Nasice_2025-07-18_12-27_tf_1h,2021-04-12 20:00:00,287.01965,286.70917
Nasice,Nasice_2025-07-18_12-27_tf_1h,2021-04-12 21:00:00,286.59064,286.1264
Nasice,Nasice_2025-07-18_12-27_tf_1h,2021-04-12 22:00:00,285.08847,285.89685
Nasice,Nasice_2025-07-18_12-27_tf_1h,2021-04-12 23:00:00,282.2189,284.07077
Nasice,Nasice_2025-07-18_12-27_tf_1h,2021-04-13 00:00:00,279.65146,280.856
Nasice,Nasice_2025-07-18_12-27_tf_1h,2021-04-13 01:00:00,278.56412,278.51764
Nasice,Nasice_2025-07-18_12-27_tf_1h,2021-04-13 02:00:00,278.17953,278.05298
Nasice,Nasice_2025-07-18_12-27_tf_1h,2021-04-13 03:00:00,278.1273,277.90463
Nasice,Nasice_2025-07-18_12-27_tf_1h,2021-04-13 04:00:00,277.95276,278.13055
Nasice,Nasice_2025-07-18_12-27_tf_1h,2021-04-13 05:00:00,277.73557,278.36725
Nasice,Nasice_2025-07-18_12-27_tf_1h,2021-04-13 06:00:00,277.67514,279.71756
Nasice,Nasice_2025-07-18_12-27_tf_1h,2021-04-13 07:00:00,277.85925,279.4369
Nasice,Nasice_2025-07-18_12-27_tf_1h,2021-04-13 08:00:00,277.2127,279.65698
Nasice,Nasice_2025-07-18_12-27_tf_1h,2021-04-13 09:00:00,277.5422,277.40005
Nasice,Nasice_2025-07-18_12-27_tf_1h,2021-04-13 10:00:00,277.9325,278.5725
Nasice,Nasice_2025-07-18_12-27_tf_1h,2021-04-13 11:00:00,277.7455,278.1103
Nasice,Nasice_2025-07-18_12-27_tf_1h,2021-04-13 12:00:00,277.71814,277.63278
Nasice,Nasice_2025-07-18_12-27_tf_1h,2021-04-13 13:00:00,277.25748,277.69034
Nasice,Nasice_2025-07-18_12-27_tf_1h,2021-04-13 14:00:00,276.92834,276.78137
Nasice,Nasice_2025-07-18_12-27_tf_1h,2021-04-13 15:00:00,276.7467,276.65823
Nasice,Nasice_2025-07-18_12-27_tf_1h,2021-04-13 16:00:00,276.3166,276.51706
Nasice,Nasice_2025-07-18_12-27_tf_1h,2021-04-13 17:00:00,276.03116,275.9552
Nasice,Nasice_2025-07-18_12-27_tf_1h,2021-04-13 18:00:00,275.79373,275.81354
Nasice,Nasice_2025-07-18_12-27_tf_1h,2021-04-13 19:00:00,275.5897,275.5829
Nasice,Nasice_2025-07-18_12-27_tf_1h,2021-04-13 20:00:00,275.73544,275.43396
Nasice,Nasice_2025-07-18_12-27_tf_1h,2021-04-13 21:00:00,275.68176,275.83124
Nasice,Nasice_2025-07-18_12-27_tf_1h,2021-04-13 22:00:00,275.60675,275.59518
Nasice,Nasice_2025-07-18_12-27_tf_1h,2021-04-13 23:00:00,275.4653,275.547
Nasice,Nasice_2025-07-18_12-27_tf_1h,2021-04-14 00:00:00,275.4173,275.38284
Nasice,Nasice_2025-07-18_12-27_tf_1h,2021-04-14 01:00:00,275.35724,275.48294
Nasice,Nasice_2025-07-18_12-27_tf_1h,2021-04-14 02:00:00,275.23816,275.4143
Nasice,Nasice_2025-07-18_12-27_tf_1h,2021-04-14 03:00:00,275.0526,275.2622
Nasice,Nasice_2025-07-18_12-27_tf_1h,2021-04-14 04:00:00,275.00497,275.04184
Nasice,Nasice_2025-07-18_12-27_tf_1h,2021-04-14 05:00:00,274.97937,275.15955
Nasice,Nasice_2025-07-18_12-27_tf_1h,2021-04-14 06:00:00,275.05936,275.13336
Nasice,Nasice_2025-07-18_12-27_tf_1h,2021-04-14 07:00:00,275.40414,275.31866
Nasice,Nasice_2025-07-18_12-27_tf_1h,2021-04-14 08:00:00,275.4774,275.87024
Nasice,Nasice_2025-07-18_12-27_tf_1h,2021-04-14 09:00:00,276.09763,275.5925
Nasice,Nasice_2025-07-18_12-27_tf_1h,2021-04-14 10:00:00,276.78403,276.72604
Nasice,Nasice_2025-07-18_12-27_tf_1h,2021-04-14 11:00:00,277.65808,277.346
Nasice,Nasice_2025-07-18_12-27_tf_1h,2021-04-14 12:00:00,278.64694,278.37967
Nasice,Nasice_2025-07-18_12-27_tf_1h,2021-04-14 13:00:00,279.23486,279.39737
Nasice,Nasice_2025-07-18_12-27_tf_1h,2021-04-14 14:00:00,279.97137,279.57828
Nasice,Nasice_2025-07-18_12-27_tf_1h,2021-04-14 15:00:00,280.4253,280.4428
Nasice,Nasice_2025-07-18_12-27_tf_1h,2021-04-14 16:00:00,280.77896,280.6102
Nasice,Nasice_2025-07-18_12-27_tf_1h,2021-04-14 17:00:00,280.74698,280.8688
Nasice,Nasice_2025-07-18_12-27_tf_1h,2021-04-14 18:00:00,279.55264,280.47894
Nasice,Nasice_2025-07-18_12-27_tf_1h,2021-04-14 19:00:00,278.94626,278.4531
Nasice,Nasice_2025-07-18_12-27_tf_1h,2021-04-14 20:00:00,277.4992,278.2948
Nasice,Nasice_2025-07-18_12-27_tf_1h,2021-04-14 21:00:00,276.84586,276.29153
Nasice,Nasice_2025-07-18_12-27_tf_1h,2021-04-14 22:00:00,276.32797,276.2978
Nasice,Nasice_2025-07-18_12-27_tf_1h,2021-04-14 23:00:00,275.80936,275.88144
Nasice,Nasice_2025-07-18_12-27_tf_1h,2021-04-15 00:00:00,275.3551,275.47266
Nasice,Nasice_2025-07-18_12-27_tf_1h,2021-04-15 01:00:00,274.91788,275.08868
Nasice,Nasice_2025-07-18_12-27_tf_1h,2021-04-15 02:00:00,274.56778,274.68674
Nasice,Nasice_2025-07-18_12-27_tf_1h,2021-04-15 03:00:00,274.22403,274.41766
Nasice,Nasice_2025-07-18_12-27_tf_1h,2021-04-15 04:00:00,273.92758,274.08987
Nasice,Nasice_2025-07-18_12-27_tf_1h,2021-04-15 05:00:00,273.63754,273.89334
Nasice,Nasice_2025-07-18_12-27_tf_1h,2021-04-15 06:00:00,274.04062,273.66602
Nasice,Nasice_2025-07-18_12-27_tf_1h,2021-04-15 07:00:00,276.09338,274.82068
Nasice,Nasice_2025-07-18_12-27_tf_1h,2021-04-15 08:00:00,278.1429,278.29068
Nasice,Nasice_2025-07-18_12-27_tf_1h,2021-04-15 09:00:00,279.31946,279.70602
Nasice,Nasice_2025-07-18_12-27_tf_1h,2021-04-15 10:00:00,280.3933,280.2188
Nasice,Nasice_2025-07-18_12-27_tf_1h,2021-04-15 11:00:00,281.40634,281.31085
Nasice,Nasice_2025-07-18_12-27_tf_1h,2021-04-15 12:00:00,282.0703,282.13284
Nasice,Nasice_2025-07-18_12-27_tf_1h,2021-04-15 13:00:00,282.62662,282.44083
Nasice,Nasice_2025-07-18_12-27_tf_1h,2021-04-15 14:00:00,282.90778,282.8344
Nasice,Nasice_2025-07-18_12-27_tf_1h,2021-04-15 15:00:00,282.95078,282.8422
Nasice,Nasice_2025-07-18_12-27_tf_1h,2021-04-15 16:00:00,282.85944,282.64362
Nasice,Nasice_2025-07-18_12-27_tf_1h,2021-04-15 17:00:00,282.2875,282.40363
Nasice,Nasice_2025-07-18_12-27_tf_1h,2021-04-15 18:00:00,281.3658,281.5289
Nasice,Nasice_2025-07-18_12-27_tf_1h,2021-04-15 19:00:00,279.79507,280.41733
Nasice,Nasice_2025-07-18_12-27_tf_1h,2021-04-15 20:00:00,278.44006,278.51224
Nasice,Nasice_2025-07-18_12-27_tf_1h,2021-04-15 21:00:00,276.96246,277.3906
Nasice,Nasice_2025-07-18_12-27_tf_1h,2021-04-15 22:00:00,275.7379,275.93985
Nasice,Nasice_2025-07-18_12-27_tf_1h,2021-04-15 23:00:00,275.05475,274.93732
Nasice,Nasice_2025-07-18_12-27_tf_1h,2021-04-16 00:00:00,274.34915,274.5882
Nasice,Nasice_2025-07-18_12-27_tf_1h,2021-04-16 01:00:00,273.86966,273.93924
Nasice,Nasice_2025-07-18_12-27_tf_1h,2021-04-16 02:00:00,273.74988,273.70233
Nasice,Nasice_2025-07-18_12-27_tf_1h,2021-04-16 03:00:00,273.291,273.88123
Nasice,Nasice_2025-07-18_12-27_tf_1h,2021-04-16 04:00:00,272.72617,273.10706
Nasice,Nasice_2025-07-18_12-27_tf_1h,2021-04-16 05:00:00,272.26407,272.685
Nasice,Nasice_2025-07-18_12-27_tf_1h,2021-04-16 06:00:00,273.0731,273.26447
Nasice,Nasice_2025-07-18_12-27_tf_1h,2021-04-16 07:00:00,276.85583,275.6899
Nasice,Nasice_2025-07-18_12-27_tf_1h,2021-04-16 08:00:00,278.8044,280.20245
Nasice,Nasice_2025-07-18_12-27_tf_1h,2021-04-16 09:00:00,280.1779,280.15872
Nasice,Nasice_2025-07-18_12-27_tf_1h,2021-04-16 10:00:00,281.31107,281.1816
Nasice,Nasice_2025-07-18_12-27_tf_1h,2021-04-16 11:00:00,281.95444,282.13385
Nasice,Nasice_2025-07-18_12-27_tf_1h,2021-04-16 12:00:00,282.10977,282.33392
Nasice,Nasice_2025-07-18_12-27_tf_1h,2021-04-16 13:00:00,282.4752,282.00372
Nasice,Nasice_2025-07-18_12-27_tf_1h,2021-04-16 14:00:00,282.3067,282.48956
Nasice,Nasice_2025-07-18_12-27_tf_1h,2021-04-16 15:00:00,282.63443,281.90292
Nasice,Nasice_2025-07-18_12-27_tf_1h,2021-04-16 16:00:00,282.39343,282.54672
Nasice,Nasice_2025-07-18_12-27_tf_1h,2021-04-16 17:00:00,282.29605,281.90427
Nasice,Nasice_2025-07-18_12-27_tf_1h,2021-04-16 18:00:00,281.71487,281.8726
Nasice,Nasice_2025-07-18_12-27_tf_1h,2021-04-16 19:00:00,280.48892,281.02698
Nasice,Nasice_2025-07-18_12-27_tf_1h,2021-04-16 20:00:00,278.65976,279.44284
Nasice,Nasice_2025-07-18_12-27_tf_1h,2021-04-16 21:00:00,278.38284,277.30978
Nasice,Nasice_2025-07-18_12-27_tf_1h,2021-04-16 22:00:00,279.11118,278.02173
Nasice,Nasice_2025-07-18_12-27_tf_1h,2021-04-16 23:00:00,278.43616,279.34
Nasice,Nasice_2025-07-18_12-27_tf_1h,2021-04-17 00:00:00,275.9743,278.03146
Nasice,Nasice_2025-07-18_12-27_tf_1h,2021-04-17 01:00:00,275.56305,274.49854
Nasice,Nasice_2025-07-18_12-27_tf_1h,2021-04-17 02:00:00,275.73154,275.39572
Nasice,Nasice_2025-07-18_12-27_tf_1h,2021-04-17 03:00:00,275.92844,275.83035
Nasice,Nasice_2025-07-18_12-27_tf_1h,2021-04-17 04:00:00,276.1712,276.23248
Nasice,Nasice_2025-07-18_12-27_tf_1h,2021-04-17 05:00:00,276.28568,276.55496
Nasice,Nasice_2025-07-18_12-27_tf_1h,2021-04-17 06:00:00,276.6902,277.36993
Nasice,Nasice_2025-07-18_12-27_tf_1h,2021-04-17 07:00:00,278.50476,277.88086
Nasice,Nasice_2025-07-18_12-27_tf_1h,2021-04-17 08:00:00,279.4165,280.52548
Nasice,Nasice_2025-07-18_12-27_tf_1h,2021-04-17 09:00:00,280.35065,280.0757
Nasice,Nasice_2025-07-18_12-27_tf_1h,2021-04-17 10:00:00,281.1568,281.1953
Nasice,Nasice_2025-07-18_12-27_tf_1h,2021-04-17 11:00:00,281.34946,281.7507
Nasice,Nasice_2025-07-18_12-27_tf_1h,2021-04-17 12:00:00,282.18228,281.34525
Nasice,Nasice_2025-07-18_12-27_tf_1h,2021-04-17 13:00:00,282.2651,282.726
Nasice,Nasice_2025-07-18_12-27_tf_1h,2021-04-17 14:00:00,282.46808,282.10907
Nasice,Nasice_2025-07-18_12-27_tf_1h,2021-04-17 15:00:00,282.724,282.3546
Nasice,Nasice_2025-07-18_12-27_tf_1h,2021-04-17 16:00:00,282.8072,282.6186
Nasice,Nasice_2025-07-18_12-27_tf_1h,2021-04-17 17:00:00,282.50967,282.5695
Nasice,Nasice_2025-07-18_12-27_tf_1h,2021-04-17 18:00:00,281.93845,282.00272
Nasice,Nasice_2025-07-18_12-27_tf_1h,2021-04-17 19:00:00,281.1671,281.2612
Nasice,Nasice_2025-07-18_12-27_tf_1h,2021-04-17 20:00:00,280.65244,280.39737
Nasice,Nasice_2025-07-18_12-27_tf_1h,2021-04-17 21:00:00,279.87753,280.05807
Nasice,Nasice_2025-07-18_12-27_tf_1h,2021-04-17 22:00:00,279.1787,279.16855
Nasice,Nasice_2025-07-18_12-27_tf_1h,2021-04-17 23:00:00,278.69565,278.55145
Nasice,Nasice_2025-07-18_12-27_tf_1h,2021-04-18 00:00:00,278.50192,278.25696
Nasice,Nasice_2025-07-18_12-27_tf_1h,2021-04-18 01:00:00,278.19836,278.3185
Nasice,Nasice_2025-07-18_12-27_tf_1h,2021-04-18 02:00:00,277.76648,277.98505
Nasice,Nasice_2025-07-18_12-27_tf_1h,2021-04-18 03:00:00,277.6737,277.4761
Nasice,Nasice_2025-07-18_12-27_tf_1h,2021-04-18 04:00:00,277.60724,277.74603
Nasice,Nasice_2025-07-18_12-27_tf_1h,2021-04-18 05:00:00,277.67764,277.70776
Nasice,Nasice_2025-07-18_12-27_tf_1h,2021-04-18 06:00:00,277.9485,278.10858
Nasice,Nasice_2025-07-18_12-27_tf_1h,2021-04-18 07:00:00,278.71024,278.4731
Nasice,Nasice_2025-07-18_12-27_tf_1h,2021-04-18 08:00:00,279.2125,279.67117
Nasice,Nasice_2025-07-18_12-27_tf_1h,2021-04-18 09:00:00,279.78156,279.69977
Nasice,Nasice_2025-07-18_12-27_tf_1h,2021-04-18 10:00:00,279.9312,280.4068
Nasice,Nasice_2025-07-18_12-27_tf_1h,2021-04-18 11:00:00,280.2003,280.0188
Nasice,Nasice_2025-07-18_12-27_tf_1h,2021-04-18 12:00:00,280.80313,280.4247
Nasice,Nasice_2025-07-18_12-27_tf_1h,2021-04-18 13:00:00,281.17493,281.2581
Nasice,Nasice_2025-07-18_12-27_tf_1h,2021-04-18 14:00:00,281.69034,281.32352
Nasice,Nasice_2025-07-18_12-27_tf_1h,2021-04-18 15:00:00,281.8983,281.8961
Nasice,Nasice_2025-07-18_12-27_tf_1h,2021-04-18 16:00:00,282.1681,281.83337
Nasice,Nasice_2025-07-18_12-27_tf_1h,2021-04-18 17:00:00,282.001,282.12238
Nasice,Nasice_2025-07-18_12-27_tf_1h,2021-04-18 18:00:00,281.64697,281.64783
Nasice,Nasice_2025-07-18_12-27_tf_1h,2021-04-18 19:00:00,280.60336,281.1541
Nasice,Nasice_2025-07-18_12-27_tf_1h,2021-04-18 20:00:00,279.84412,279.64746
Nasice,Nasice_2025-07-18_12-27_tf_1h,2021-04-18 21:00:00,279.66605,279.0918
Nasice,Nasice_2025-07-18_12-27_tf_1h,2021-04-18 22:00:00,279.2619,279.3472
Nasice,Nasice_2025-07-18_12-27_tf_1h,2021-04-18 23:00:00,278.95728,278.86606
Nasice,Nasice_2025-07-18_12-27_tf_1h,2021-04-19 00:00:00,278.87125,278.65945
Nasice,Nasice_2025-07-18_12-27_tf_1h,2021-04-19 01:00:00,278.89825,278.75192
Nasice,Nasice_2025-07-18_12-27_tf_1h,2021-04-19 02:00:00,279.02408,278.90005
Nasice,Nasice_2025-07-18_12-27_tf_1h,2021-04-19 03:00:00,279.11972,279.12573
Nasice,Nasice_2025-07-18_12-27_tf_1h,2021-04-19 04:00:00,279.13074,279.2105
Nasice,Nasice_2025-07-18_12-27_tf_1h,2021-04-19 05:00:00,279.0934,279.17154
Nasice,Nasice_2025-07-18_12-27_tf_1h,2021-04-19 06:00:00,279.31662,279.11584
Nasice,Nasice_2025-07-18_12-27_tf_1h,2021-04-19 07:00:00,279.72256,279.591
Nasice,Nasice_2025-07-18_12-27_tf_1h,2021-04-19 08:00:00,280.76938,280.1354
Nasice,Nasice_2025-07-18_12-27_tf_1h,2021-04-19 09:00:00,281.73444,281.74417
Nasice,Nasice_2025-07-18_12-27_tf_1h,2021-04-19 10:00:00,282.365,282.5132
Nasice,Nasice_2025-07-18_12-27_tf_1h,2021-04-19 11:00:00,283.15765,282.8139
Nasice,Nasice_2025-07-18_12-27_tf_1h,2021-04-19 12:00:00,283.53763,283.70538
Nasice,Nasice_2025-07-18_12-27_tf_1h,2021-04-19 13:00:00,283.7694,283.66977
Nasice,Nasice_2025-07-18_12-27_tf_1h,2021-04-19 14:00:00,284.09924,283.71344
Nasice,Nasice_2025-07-18_12-27_tf_1h,2021-04-19 15:00:00,284.8649,284.0437
Nasice,Nasice_2025-07-18_12-27_tf_1h,2021-04-19 16:00:00,284.59653,285.12943
Nasice,Nasice_2025-07-18_12-27_tf_1h,2021-04-19 17:00:00,284.13693,284.1527
Nasice,Nasice_2025-07-18_12-27_tf_1h,2021-04-19 18:00:00,283.54724,283.39337
Nasice,Nasice_2025-07-18_12-27_tf_1h,2021-04-19 19:00:00,282.33337,282.79337
Nasice,Nasice_2025-07-18_12-27_tf_1h,2021-04-19 20:00:00,280.8735,281.2576
Nasice,Nasice_2025-07-18_12-27_tf_1h,2021-04-19 21:00:00,280.24792,279.69263
Nasice,Nasice_2025-07-18_12-27_tf_1h,2021-04-19 22:00:00,279.9895,279.64536
Nasice,Nasice_2025-07-18_12-27_tf_1h,2021-04-19 23:00:00,279.70798,279.7171
Nasice,Nasice_2025-07-18_12-27_tf_1h,2021-04-20 00:00:00,279.34897,279.49496
Nasice,Nasice_2025-07-18_12-27_tf_1h,2021-04-20 01:00:00,279.31485,279.09497
Nasice,Nasice_2025-07-18_12-27_tf_1h,2021-04-20 02:00:00,279.35608,279.32083
Nasice,Nasice_2025-07-18_12-27_tf_1h,2021-04-20 03:00:00,278.96863,279.43164
Nasice,Nasice_2025-07-18_12-27_tf_1h,2021-04-20 04:00:00,278.80408,278.68478
Nasice,Nasice_2025-07-18_12-27_tf_1h,2021-04-20 05:00:00,278.1383,278.85535
Nasice,Nasice_2025-07-18_12-27_tf_1h,2021-04-20 06:00:00,278.34482,277.71283
Nasice,Nasice_2025-07-18_12-27_tf_1h,2021-04-20 07:00:00,279.96924,279.38574
Nasice,Nasice_2025-07-18_12-27_tf_1h,2021-04-20 08:00:00,281.15823,281.6313
Nasice,Nasice_2025-07-18_12-27_tf_1h,2021-04-20 09:00:00,282.70908,282.18292
Nasice,Nasice_2025-07-18_12-27_tf_1h,2021-04-20 10:00:00,284.0303,283.9766
Nasice,Nasice_2025-07-18_12-27_tf_1h,2021-04-20 11:00:00,285.2662,284.98856
Nasice,Nasice_2025-07-18_12-27_tf_1h,2021-04-20 12:00:00,286.05353,286.09784
Nasice,Nasice_2025-07-18_12-27_tf_1h,2021-04-20 13:00:00,286.1442,286.53067
Nasice,Nasice_2025-07-18_12-27_tf_1h,2021-04-20 14:00:00,286.33398,286.00742
Nasice,Nasice_2025-07-18_12-27_tf_1h,2021-04-20 15:00:00,286.4545,286.1322
Nasice,Nasice_2025-07-18_12-27_tf_1h,2021-04-20 16:00:00,286.28848,286.16464
Nasice,Nasice_2025-07-18_12-27_tf_1h,2021-04-20 17:00:00,285.9199,285.71725
Nasice,Nasice_2025-07-18_12-27_tf_1h,2021-04-20 18:00:00,285.16418,285.14368
Nasice,Nasice_2025-07-18_12-27_tf_1h,2021-04-20 19:00:00,283.9702,284.20163
Nasice,Nasice_2025-07-18_12-27_tf_1h,2021-04-20 20:00:00,282.65683,282.86456
Nasice,Nasice_2025-07-18_12-27_tf_1h,2021-04-20 21:00:00,281.17566,281.55655
Nasice,Nasice_2025-07-18_12-27_tf_1h,2021-04-20 22:00:00,280.74127,280.0656
Nasice,Nasice_2025-07-18_12-27_tf_1h,2021-04-20 23:00:00,279.9703,280.30298
Nasice,Nasice_2025-07-18_12-27_tf_1h,2021-04-21 00:00:00,279.6671,279.39276
Nasice,Nasice_2025-07-18_12-27_tf_1h,2021-04-21 01:00:00,279.36746,279.42877
Nasice,Nasice_2025-07-18_12-27_tf_1h,2021-04-21 02:00:00,279.16556,279.1699
Nasice,Nasice_2025-07-18_12-27_tf_1h,2021-04-21 03:00:00,279.0081,279.0675
Nasice,Nasice_2025-07-18_12-27_tf_1h,2021-04-21 04:00:00,278.97858,278.92636
Nasice,Nasice_2025-07-18_12-27_tf_1h,2021-04-21 05:00:00,278.65442,279.0967
Nasice,Nasice_2025-07-18_12-27_tf_1h,2021-04-21 06:00:00,279.58963,279.07828
Nasice,Nasice_2025-07-18_12-27_tf_1h,2021-04-21 07:00:00,282.52814,281.72293
Nasice,Nasice_2025-07-18_12-27_tf_1h,2021-04-21 08:00:00,283.8707,284.6066
Nasice,Nasice_2025-07-18_12-27_tf_1h,2021-04-21 09:00:00,285.96112,284.95663
Nasice,Nasice_2025-07-18_12-27_tf_1h,2021-04-21 10:00:00,287.66125,287.3289
Nasice,Nasice_2025-07-18_12-27_tf_1h,2021-04-21 11:00:00,288.71057,288.8451
Nasice,Nasice_2025-07-18_12-27_tf_1h,2021-04-21 12:00:00,289.55548,289.3158
Nasice,Nasice_2025-07-18_12-27_tf_1h,2021-04-21 13:00:00,289.9749,289.94266
Nasice,Nasice_2025-07-18_12-27_tf_1h,2021-04-21 14:00:00,290.21518,290.10037
Nasice,Nasice_2025-07-18_12-27_tf_1h,2021-04-21 15:00:00,290.1839,290.1429
Nasice,Nasice_2025-07-18_12-27_tf_1h,2021-04-21 16:00:00,289.85477,289.75967
Nasice,Nasice_2025-07-18_12-27_tf_1h,2021-04-21 17:00:00,289.5889,289.06808
Nasice,Nasice_2025-07-18_12-27_tf_1h,2021-04-21 18:00:00,288.4173,288.70993
Nasice,Nasice_2025-07-18_12-27_tf_1h,2021-04-21 19:00:00,286.49466,287.08572
Nasice,Nasice_2025-07-18_12-27_tf_1h,2021-04-21 20:00:00,285.3053,285.08276
Nasice,Nasice_2025-07-18_12-27_tf_1h,2021-04-21 21:00:00,284.01572,284.31848
Nasice,Nasice_2025-07-18_12-27_tf_1h,2021-04-21 22:00:00,282.7841,283.029
Nasice,Nasice_2025-07-18_12-27_tf_1h,2021-04-21 23:00:00,282.01736,281.92014
Nasice,Nasice_2025-07-18_12-27_tf_1h,2021-04-22 00:00:00,281.6477,281.41907
Nasice,Nasice_2025-07-18_12-27_tf_1h,2021-04-22 01:00:00,281.40314,281.3352
Nasice,Nasice_2025-07-18_12-27_tf_1h,2021-04-22 02:00:00,280.93857,281.19043
Nasice,Nasice_2025-07-18_12-27_tf_1h,2021-04-22 03:00:00,280.37198,280.51367
Nasice,Nasice_2025-07-18_12-27_tf_1h,2021-04-22 04:00:00,279.69235,279.86597
Nasice,Nasice_2025-07-18_12-27_tf_1h,2021-04-22 05:00:00,278.9658,279.6934
Nasice,Nasice_2025-07-18_12-27_tf_1h,2021-04-22 06:00:00,279.58997,279.80957
Nasice,Nasice_2025-07-18_12-27_tf_1h,2021-04-22 07:00:00,283.1292,281.6086
Nasice,Nasice_2025-07-18_12-27_tf_1h,2021-04-22 08:00:00,286.06137,285.7541
Nasice,Nasice_2025-07-18_12-27_tf_1h,2021-04-22 09:00:00,287.6826,287.9415
Nasice,Nasice_2025-07-18_12-27_tf_1h,2021-04-22 10:00:00,288.94977,288.85782
Nasice,Nasice_2025-07-18_12-27_tf_1h,2021-04-22 11:00:00,289.91733,289.70004
Nasice,Nasice_2025-07-18_12-27_tf_1h,2021-04-22 12:00:00,290.5973,290.46072
Nasice,Nasice_2025-07-18_12-27_tf_1h,2021-04-22 13:00:00,290.79068,290.92422
Nasice,Nasice_2025-07-18_12-27_tf_1h,2021-04-22 14:00:00,290.9119,290.79532
Nasice,Nasice_2025-07-18_12-27_tf_1h,2021-04-22 15:00:00,291.0427,290.75836
Nasice,Nasice_2025-07-18_12-27_tf_1h,2021-04-22 16:00:00,290.94635,290.72726
Nasice,Nasice_2025-07-18_12-27_tf_1h,2021-04-22 17:00:00,290.453,290.31384
Nasice,Nasice_2025-07-18_12-27_tf_1h,2021-04-22 18:00:00,289.07135,289.453
Nasice,Nasice_2025-07-18_12-27_tf_1h,2021-04-22 19:00:00,286.76337,287.6328
Nasice,Nasice_2025-07-18_12-27_tf_1h,2021-04-22 20:00:00,284.6154,285.26498
Nasice,Nasice_2025-07-18_12-27_tf_1h,2021-04-22 21:00:00,283.33893,283.38922
Nasice,Nasice_2025-07-18_12-27_tf_1h,2021-04-22 22:00:00,282.2708,282.5021
Nasice,Nasice_2025-07-18_12-27_tf_1h,2021-04-22 23:00:00,281.3516,281.53384
Nasice,Nasice_2025-07-18_12-27_tf_1h,2021-04-23 00:00:00,281.39462,280.749
Nasice,Nasice_2025-07-18_12-27_tf_1h,2021-04-23 01:00:00,281.51617,281.3579
Nasice,Nasice_2025-07-18_12-27_tf_1h,2021-04-23 02:00:00,281.449,281.4995
Nasice,Nasice_2025-07-18_12-27_tf_1h,2021-04-23 03:00:00,280.865,281.19348
Nasice,Nasice_2025-07-18_12-27_tf_1h,2021-04-23 04:00:00,280.2767,280.2055
Nasice,Nasice_2025-07-18_12-27_tf_1h,2021-04-23 05:00:00,279.48868,280.80988
Nasice,Nasice_2025-07-18_12-27_tf_1h,2021-04-23 06:00:00,279.9856,280.10504
Nasice,Nasice_2025-07-18_12-27_tf_1h,2021-04-23 07:00:00,282.16666,281.94388
Nasice,Nasice_2025-07-18_12-27_tf_1h,2021-04-23 08:00:00,283.06454,283.95795
Nasice,Nasice_2025-07-18_12-27_tf_1h,2021-04-23 09:00:00,284.36728,283.87384
Nasice,Nasice_2025-07-18_12-27_tf_1h,2021-04-23 10:00:00,285.55023,285.42148
Nasice,Nasice_2025-07-18_12-27_tf_1h,2021-04-23 11:00:00,286.51813,286.42096
Nasice,Nasice_2025-07-18_12-27_tf_1h,2021-04-23 12:00:00,287.2653,287.12595
Nasice,Nasice_2025-07-18_12-27_tf_1h,2021-04-23 13:00:00,287.81268,287.67145
Nasice,Nasice_2025-07-18_12-27_tf_1h,2021-04-23 14:00:00,288.05118,288.0477
Nasice,Nasice_2025-07-18_12-27_tf_1h,2021-04-23 15:00:00,287.99823,288.04153
Nasice,Nasice_2025-07-18_12-27_tf_1h,2021-04-23 16:00:00,287.75546,287.65024
Nasice,Nasice_2025-07-18_12-27_tf_1h,2021-04-23 17:00:00,287.18176,287.13913
Nasice,Nasice_2025-07-18_12-27_tf_1h,2021-04-23 18:00:00,286.1865,286.2645
Nasice,Nasice_2025-07-18_12-27_tf_1h,2021-04-23 19:00:00,284.561,285.0335
Nasice,Nasice_2025-07-18_12-27_tf_1h,2021-04-23 20:00:00,283.2252,283.23215
Nasice,Nasice_2025-07-18_12-27_tf_1h,2021-04-23 21:00:00,284.32922,282.12686
Nasice,Nasice_2025-07-18_12-27_tf_1h,2021-04-23 22:00:00,283.76514,284.49814
Nasice,Nasice_2025-07-18_12-27_tf_1h,2021-04-23 23:00:00,282.2566,283.41757
Nasice,Nasice_2025-07-18_12-27_tf_1h,2021-04-24 00:00:00,280.21094,281.18768
Nasice,Nasice_2025-07-18_12-27_tf_1h,2021-04-24 01:00:00,279.27112,278.89572
Nasice,Nasice_2025-07-18_12-27_tf_1h,2021-04-24 02:00:00,278.7934,278.70523
Nasice,Nasice_2025-07-18_12-27_tf_1h,2021-04-24 03:00:00,278.21826,278.50635
Nasice,Nasice_2025-07-18_12-27_tf_1h,2021-04-24 04:00:00,278.0974,277.83646
Nasice,Nasice_2025-07-18_12-27_tf_1h,2021-04-24 05:00:00,277.78497,278.6435
Nasice,Nasice_2025-07-18_12-27_tf_1h,2021-04-24 06:00:00,278.64517,278.34882
Nasice,Nasice_2025-07-18_12-27_tf_1h,2021-04-24 07:00:00,281.85138,280.84024
Nasice,Nasice_2025-07-18_12-27_tf_1h,2021-04-24 08:00:00,284.29938,284.21655
Nasice,Nasice_2025-07-18_12-27_tf_1h,2021-04-24 09:00:00,285.73718,285.82367
Nasice,Nasice_2025-07-18_12-27_tf_1h,2021-04-24 10:00:00,286.78186,286.61102
Nasice,Nasice_2025-07-18_12-27_tf_1h,2021-04-24 11:00:00,287.70035,287.42526
Nasice,Nasice_2025-07-18_12-27_tf_1h,2021-04-24 12:00:00,288.34976,288.23398
Nasice,Nasice_2025-07-18_12-27_tf_1h,2021-04-24 13:00:00,289.0212,288.6735
Nasice,Nasice_2025-07-18_12-27_tf_1h,2021-04-24 14:00:00,289.29776,289.30524
Nasice,Nasice_2025-07-18_12-27_tf_1h,2021-04-24 15:00:00,289.33792,289.31284
Nasice,Nasice_2025-07-18_12-27_tf_1h,2021-04-24 16:00:00,289.15097,289.00696
Nasice,Nasice_2025-07-18_12-27_tf_1h,2021-04-24 17:00:00,288.71057,288.5354
Nasice,Nasice_2025-07-18_12-27_tf_1h,2021-04-24 18:00:00,287.6129,287.83255
Nasice,Nasice_2025-07-18_12-27_tf_1h,2021-04-24 19:00:00,285.62628,286.32413
Nasice,Nasice_2025-07-18_12-27_tf_1h,2021-04-24 20:00:00,283.86536,284.18393
Nasice,Nasice_2025-07-18_12-27_tf_1h,2021-04-24 21:00:00,282.18832,282.685
Nasice,Nasice_2025-07-18_12-27_tf_1h,2021-04-24 22:00:00,280.79462,281.12378
Nasice,Nasice_2025-07-18_12-27_tf_1h,2021-04-24 23:00:00,279.703,279.91336
Nasice,Nasice_2025-07-18_12-27_tf_1h,2021-04-25 00:00:00,278.97647,279.01205
Nasice,Nasice_2025-07-18_12-27_tf_1h,2021-04-25 01:00:00,278.6132,278.49466
Nasice,Nasice_2025-07-18_12-27_tf_1h,2021-04-25 02:00:00,278.45926,278.3579
Nasice,Nasice_2025-07-18_12-27_tf_1h,2021-04-25 03:00:00,278.39316,278.3336
Nasice,Nasice_2025-07-18_12-27_tf_1h,2021-04-25 04:00:00,278.19943,278.37726
Nasice,Nasice_2025-07-18_12-27_tf_1h,2021-04-25 05:00:00,277.54968,279.00125
Nasice,Nasice_2025-07-18_12-27_tf_1h,2021-04-25 06:00:00,278.33557,278.59454
Nasice,Nasice_2025-07-18_12-27_tf_1h,2021-04-25 07:00:00,282.58716,280.65347
Nasice,Nasice_2025-07-18_12-27_tf_1h,2021-04-25 08:00:00,285.77414,285.431
Nasice,Nasice_2025-07-18_12-27_tf_1h,2021-04-25 09:00:00,288.0455,287.6599
Nasice,Nasice_2025-07-18_12-27_tf_1h,2021-04-25 10:00:00,289.296,289.5199
Nasice,Nasice_2025-07-18_12-27_tf_1h,2021-04-25 11:00:00,290.19635,290.02008
Nasice,Nasice_2025-07-18_12-27_tf_1h,2021-04-25 12:00:00,290.88843,290.6356
Nasice,Nasice_2025-07-18_12-27_tf_1h,2021-04-25 13:00:00,291.5389,291.19067
Nasice,Nasice_2025-07-18_12-27_tf_1h,2021-04-25 14:00:00,291.95087,291.75876
Nasice,Nasice_2025-07-18_12-27_tf_1h,2021-04-25 15:00:00,292.14566,291.99725
Nasice,Nasice_2025-07-18_12-27_tf_1h,2021-04-25 16:00:00,292.04648,291.93625
Nasice,Nasice_2025-07-18_12-27_tf_1h,2021-04-25 17:00:00,291.71558,291.43204
Nasice,Nasice_2025-07-18_12-27_tf_1h,2021-04-25 18:00:00,290.2511,290.77582
Nasice,Nasice_2025-07-18_12-27_tf_1h,2021-04-25 19:00:00,288.01245,288.72025
Nasice,Nasice_2025-07-18_12-27_tf_1h,2021-04-25 20:00:00,286.67807,286.48877
Nasice,Nasice_2025-07-18_12-27_tf_1h,2021-04-25 21:00:00,285.69702,285.69385
Nasice,Nasice_2025-07-18_12-27_tf_1h,2021-04-25 22:00:00,284.71207,284.84848
Nasice,Nasice_2025-07-18_12-27_tf_1h,2021-04-25 23:00:00,283.80673,283.92783
Nasice,Nasice_2025-07-18_12-27_tf_1h,2021-04-26 00:00:00,283.06952,283.12897
Nasice,Nasice_2025-07-18_12-27_tf_1h,2021-04-26 01:00:00,282.51962,282.53116
Nasice,Nasice_2025-07-18_12-27_tf_1h,2021-04-26 02:00:00,281.84,282.12543
Nasice,Nasice_2025-07-18_12-27_tf_1h,2021-04-26 03:00:00,281.19165,281.27097
Nasice,Nasice_2025-07-18_12-27_tf_1h,2021-04-26 04:00:00,280.43204,280.59677
Nasice,Nasice_2025-07-18_12-27_tf_1h,2021-04-26 05:00:00,279.60562,280.08258
Nasice,Nasice_2025-07-18_12-27_tf_1h,2021-04-26 06:00:00,279.944,280.5172
Nasice,Nasice_2025-07-18_12-27_tf_1h,2021-04-26 07:00:00,281.93063,282.0413
Nasice,Nasice_2025-07-18_12-27_tf_1h,2021-04-26 08:00:00,282.24948,283.8605
Nasice,Nasice_2025-07-18_12-27_tf_1h,2021-04-26 09:00:00,283.07306,282.41678
Nasice,Nasice_2025-07-18_12-27_tf_1h,2021-04-26 10:00:00,284.32675,284.00745
Nasice,Nasice_2025-07-18_12-27_tf_1h,2021-04-26 11:00:00,285.23813,285.33914
Nasice,Nasice_2025-07-18_12-27_tf_1h,2021-04-26 12:00:00,286.05353,285.90778
Nasice,Nasice_2025-07-18_12-27_tf_1h,2021-04-26 13:00:00,286.92297,286.56516
Nasice,Nasice_2025-07-18_12-27_tf_1h,2021-04-26 14:00:00,287.41705,287.41058
Nasice,Nasice_2025-07-18_12-27_tf_1h,2021-04-26 15:00:00,287.36978,287.64352
Nasice,Nasice_2025-07-18_12-27_tf_1h,2021-04-26 16:00:00,286.75235,287.11206
Nasice,Nasice_2025-07-18_12-27_tf_1h,2021-04-26 17:00:00,285.56976,285.9515
Nasice,Nasice_2025-07-18_12-27_tf_1h,2021-04-26 18:00:00,284.22153,284.29532
Nasice,Nasice_2025-07-18_12-27_tf_1h,2021-04-26 19:00:00,282.93195,282.95428
Nasice,Nasice_2025-07-18_12-27_tf_1h,2021-04-26 20:00:00,281.54675,281.7761
Nasice,Nasice_2025-07-18_12-27_tf_1h,2021-04-26 21:00:00,280.87494,280.4279
Nasice,Nasice_2025-07-18_12-27_tf_1h,2021-04-26 22:00:00,280.49957,280.27737
Nasice,Nasice_2025-07-18_12-27_tf_1h,2021-04-26 23:00:00,280.26248,280.14258
Nasice,Nasice_2025-07-18_12-27_tf_1h,2021-04-27 00:00:00,280.14413,280.07733
Nasice,Nasice_2025-07-18_12-27_tf_1h,2021-04-27 01:00:00,280.05383,280.05328
Nasice,Nasice_2025-07-18_12-27_tf_1h,2021-04-27 02:00:00,279.91272,280.0076
Nasice,Nasice_2025-07-18_12-27_tf_1h,2021-04-27 03:00:00,279.85406,279.83295
Nasice,Nasice_2025-07-18_12-27_tf_1h,2021-04-27 04:00:00,279.7517,279.86243
Nasice,Nasice_2025-07-18_12-27_tf_1h,2021-04-27 05:00:00,279.7375,279.85022
Nasice,Nasice_2025-07-18_12-27_tf_1h,2021-04-27 06:00:00,279.86295,280.4132
Nasice,Nasice_2025-07-18_12-27_tf_1h,2021-04-27 07:00:00,280.04745,280.56946
Nasice,Nasice_2025-07-18_12-27_tf_1h,2021-04-27 08:00:00,280.86533,280.62686
Nasice,Nasice_2025-07-18_12-27_tf_1h,2021-04-27 09:00:00,281.01178,281.8681
Nasice,Nasice_2025-07-18_12-27_tf_1h,2021-04-27 10:00:00,281.74863,281.08923
Nasice,Nasice_2025-07-18_12-27_tf_1h,2021-04-27 11:00:00,282.74496,282.3994
Nasice,Nasice_2025-07-18_12-27_tf_1h,2021-04-27 12:00:00,283.45056,283.44437
Nasice,Nasice_2025-07-18_12-27_tf_1h,2021-04-27 13:00:00,283.47687,283.8477
Nasice,Nasice_2025-07-18_12-27_tf_1h,2021-04-27 14:00:00,283.2849,283.2738
Nasice,Nasice_2025-07-18_12-27_tf_1h,2021-04-27 15:00:00,283.1964,282.80362
Nasice,Nasice_2025-07-18_12-27_tf_1h,2021-04-27 16:00:00,283.1175,282.79294
Nasice,Nasice_2025-07-18_12-27_tf_1h,2021-04-27 17:00:00,283.06985,282.72974
Nasice,Nasice_2025-07-18_12-27_tf_1h,2021-04-27 18:00:00,282.78622,282.72543
Nasice,Nasice_2025-07-18_12-27_tf_1h,2021-04-27 19:00:00,282.4439,282.32623
Nasice,Nasice_2025-07-18_12-27_tf_1h,2021-04-27 20:00:00,281.14508,281.9697
Nasice,Nasice_2025-07-18_12-27_tf_1h,2021-04-27 21:00:00,281.1202,280.09552
Nasice,Nasice_2025-07-18_12-27_tf_1h,2021-04-27 22:00:00,281.0868,280.94775
Nasice,Nasice_2025-07-18_12-27_tf_1h,2021-04-27 23:00:00,280.98477,280.9364
Nasice,Nasice_2025-07-18_12-27_tf_1h,2021-04-28 00:00:00,280.8966,280.83658
Nasice,Nasice_2025-07-18_12-27_tf_1h,2021-04-28 01:00:00,280.8952,280.7698
Nasice,Nasice_2025-07-18_12-27_tf_1h,2021-04-28 02:00:00,280.82874,280.84488
Nasice,Nasice_2025-07-18_12-27_tf_1h,2021-04-28 03:00:00,280.79922,280.73688
Nasice,Nasice_2025-07-18_12-27_tf_1h,2021-04-28 04:00:00,280.73843,280.7682
Nasice,Nasice_2025-07-18_12-27_tf_1h,2021-04-28 05:00:00,280.75302,280.71967
Nasice,Nasice_2025-07-18_12-27_tf_1h,2021-04-28 06:00:00,281.04556,280.84543
Nasice,Nasice_2025-07-18_12-27_tf_1h,2021-04-28 07:00:00,281.59473,281.45404
Nasice,Nasice_2025-07-18_12-27_tf_1h,2021-04-28 08:00:00,282.70764,282.17508
Nasice,Nasice_2025-07-18_12-27_tf_1h,2021-04-28 09:00:00,283.46832,283.76642
Nasice,Nasice_2025-07-18_12-27_tf_1h,2021-04-28 10:00:00,284.25992,284.0406
Nasice,Nasice_2025-07-18_12-27_tf_1h,2021-04-28 11:00:00,285.06006,284.77213
Nasice,Nasice_2025-07-18_12-27_tf_1h,2021-04-28 12:00:00,286.1385,285.57895
Nasice,Nasice_2025-07-18_12-27_tf_1h,2021-04-28 13:00:00,286.39728,286.8028
Nasice,Nasice_2025-07-18_12-27_tf_1h,2021-04-28 14:00:00,286.97736,286.41882
Nasice,Nasice_2025-07-18_12-27_tf_1h,2021-04-28 15:00:00,287.3307,287.05722
Nasice,Nasice_2025-07-18_12-27_tf_1h,2021-04-28 16:00:00,287.01895,287.26273
Nasice,Nasice_2025-07-18_12-27_tf_1h,2021-04-28 17:00:00,286.94965,286.40182
Nasice,Nasice_2025-07-18_12-27_tf_1h,2021-04-28 18:00:00,286.6809,286.36166
Nasice,Nasice_2025-07-18_12-27_tf_1h,2021-04-28 19:00:00,285.80756,286.00122
Nasice,Nasice_2025-07-18_12-27_tf_1h,2021-04-28 20:00:00,284.04272,284.8622
Nasice,Nasice_2025-07-18_12-27_tf_1h,2021-04-28 21:00:00,283.1868,282.69653
Nasice,Nasice_2025-07-18_12-27_tf_1h,2021-04-28 22:00:00,282.08347,282.388
Nasice,Nasice_2025-07-18_12-27_tf_1h,2021-04-28 23:00:00,281.23535,281.20407
Nasice,Nasice_2025-07-18_12-27_tf_1h,2021-04-29 00:00:00,280.39935,280.6038
Nasice,Nasice_2025-07-18_12-27_tf_1h,2021-04-29 01:00:00,279.9088,279.82983
Nasice,Nasice_2025-07-18_12-27_tf_1h,2021-04-29 02:00:00,279.19223,279.6019
Nasice,Nasice_2025-07-18_12-27_tf_1h,2021-04-29 03:00:00,278.9601,278.71436
Nasice,Nasice_2025-07-18_12-27_tf_1h,2021-04-29 04:00:00,279.38522,278.9547
Nasice,Nasice_2025-07-18_12-27_tf_1h,2021-04-29 05:00:00,279.8523,279.96866
Nasice,Nasice_2025-07-18_12-27_tf_1h,2021-04-29 06:00:00,280.7452,280.3701
Nasice,Nasice_2025-07-18_12-27_tf_1h,2021-04-29 07:00:00,282.31915,281.91678
Nasice,Nasice_2025-07-18_12-27_tf_1h,2021-04-29 08:00:00,284.34702,283.68726
Nasice,Nasice_2025-07-18_12-27_tf_1h,2021-04-29 09:00:00,286.94714,285.74753
Nasice,Nasice_2025-07-18_12-27_tf_1h,2021-04-29 10:00:00,289.56683,288.648
Nasice,Nasice_2025-07-18_12-27_tf_1h,2021-04-29 11:00:00,291.7337,291.30402
Nasice,Nasice_2025-07-18_12-27_tf_1h,2021-04-29 12:00:00,293.09402,292.98663
Nasice,Nasice_2025-07-18_12-27_tf_1h,2021-04-29 13:00:00,294.08218,293.77902
Nasice,Nasice_2025-07-18_12-27_tf_1h,2021-04-29 14:00:00,294.77673,294.4702
Nasice,Nasice_2025-07-18_12-27_tf_1h,2021-04-29 15:00:00,295.02377,294.9356
Nasice,Nasice_2025-07-18_12-27_tf_1h,2021-04-29 16:00:00,294.49982,294.85782
Nasice,Nasice_2025-07-18_12-27_tf_1h,2021-04-29 17:00:00,293.0233,293.55237
Nasice,Nasice_2025-07-18_12-27_tf_1h,2021-04-29 18:00:00,291.75003,291.41617
Nasice,Nasice_2025-07-18_12-27_tf_1h,2021-04-29 19:00:00,290.48782,290.32632
Nasice,Nasice_2025-07-18_12-27_tf_1h,2021-04-29 20:00:00,289.7435,289.25854
Nasice,Nasice_2025-07-18_12-27_tf_1h,2021-04-29 21:00:00,288.091,288.77997
Nasice,Nasice_2025-07-18_12-27_tf_1h,2021-04-29 22:00:00,286.50604,286.91327
Nasice,Nasice_2025-07-18_12-27_tf_1h,2021-04-29 23:00:00,285.45496,285.5016
Nasice,Nasice_2025-07-18_12-27_tf_1h,2021-04-30 00:00:00,284.8727,284.73328
Nasice,Nasice_2025-07-18_12-27_tf_1h,2021-04-30 01:00:00,284.89655,284.38675
Nasice,Nasice_2025-07-18_12-27_tf_1h,2021-04-30 02:00:00,284.443,284.76843
Nasice,Nasice_2025-07-18_12-27_tf_1h,2021-04-30 03:00:00,283.86005,284.0146
Nasice,Nasice_2025-07-18_12-27_tf_1h,2021-04-30 04:00:00,283.20673,283.27518
Nasice,Nasice_2025-07-18_12-27_tf_1h,2021-04-30 05:00:00,283.27426,282.61697
Nasice,Nasice_2025-07-18_12-27_tf_1h,2021-04-30 06:00:00,284.32462,283.7867
Nasice,Nasice_2025-07-18_12-27_tf_1h,2021-04-30 07:00:00,288.38177,285.95312
Nasice,Nasice_2025-07-18_12-27_tf_1h,2021-04-30 08:00:00,291.29932,291.08185
Nasice,Nasice_2025-07-18_12-27_tf_1h,2021-04-30 09:00:00,292.4272,292.95682
Nasice,Nasice_2025-07-18_12-27_tf_1h,2021-04-30 10:00:00,293.57565,293.30157
Nasice,Nasice_2025-07-18_12-27_tf_1h,2021-04-30 11:00:00,294.50552,294.26645
Nasice,Nasice_2025-07-18_12-27_tf_1h,2021-04-30 12:00:00,294.67755,295.02502
Nasice,Nasice_2025-07-18_12-27_tf_1h,2021-04-30 13:00:00,294.91855,294.6893
Nasice,Nasice_2025-07-18_12-27_tf_1h,2021-04-30 14:00:00,295.09238,294.8394
Nasice,Nasice_2025-07-18_12-27_tf_1h,2021-04-30 15:00:00,295.14108,294.76935
Nasice,Nasice_2025-07-18_12-27_tf_1h,2021-04-30 16:00:00,295.20435,294.50436
Nasice,Nasice_2025-07-18_12-27_tf_1h,2021-04-30 17:00:00,294.81192,294.41293
Nasice,Nasice_2025-07-18_12-27_tf_1h,2021-04-30 18:00:00,293.82623,293.7386
Nasice,Nasice_2025-07-18_12-27_tf_1h,2021-04-30 19:00:00,292.1908,292.45715
Nasice,Nasice_2025-07-18_12-27_tf_1h,2021-04-30 20:00:00,291.21332,290.77246
Nasice,Nasice_2025-07-18_12-27_tf_1h,2021-04-30 21:00:00,290.13342,290.20233
Nasice,Nasice_2025-07-18_12-27_tf_1h,2021-04-30 22:00:00,289.04077,289.15317
Nasice,Nasice_2025-07-18_12-27_tf_1h,2021-04-30 23:00:00,289.2128,288.157
Nasice,Nasice_2025-07-18_12-27_tf_1h,2021-05-01 00:00:00,290.02432,288.85675
Nasice,Nasice_2025-07-18_12-27_tf_1h,2021-05-01 01:00:00,289.38263,289.88864
Nasice,Nasice_2025-07-18_12-27_tf_1h,2021-05-01 02:00:00,288.84055,288.68292
Nasice,Nasice_2025-07-18_12-27_tf_1h,2021-05-01 03:00:00,288.32242,288.23413
Nasice,Nasice_2025-07-18_12-27_tf_1h,2021-05-01 04:00:00,286.90347,287.77957
Nasice,Nasice_2025-07-18_12-27_tf_1h,2021-05-01 05:00:00,285.4835,285.72372
Nasice,Nasice_2025-07-18_12-27_tf_1h,2021-05-01 06:00:00,287.16818,285.00705
Nasice,Nasice_2025-07-18_12-27_tf_1h,2021-05-01 07:00:00,288.93323,289.7251
Nasice,Nasice_2025-07-18_12-27_tf_1h,2021-05-01 08:00:00,291.63077,290.12286
Nasice,Nasice_2025-07-18_12-27_tf_1h,2021-05-01 09:00:00,293.3458,293.36414
Nasice,Nasice_2025-07-18_12-27_tf_1h,2021-05-01 10:00:00,294.99615,294.68
Nasice,Nasice_2025-07-18_12-27_tf_1h,2021-05-01 11:00:00,296.17004,296.02557
Nasice,Nasice_2025-07-18_12-27_tf_1h,2021-05-01 12:00:00,296.8812,296.8523
Nasice,Nasice_2025-07-18_12-27_tf_1h,2021-05-01 13:00:00,297.20493,297.19135
Nasice,Nasice_2025-07-18_12-27_tf_1h,2021-05-01 14:00:00,297.517,297.1695
Nasice,Nasice_2025-07-18_12-27_tf_1h,2021-05-01 15:00:00,297.7437,297.19296
Nasice,Nasice_2025-07-18_12-27_tf_1h,2021-05-01 16:00:00,297.6247,297.1358
Nasice,Nasice_2025-07-18_12-27_tf_1h,2021-05-01 17:00:00,296.7005,296.68243
Nasice,Nasice_2025-07-18_12-27_tf_1h,2021-05-01 18:00:00,295.35623,295.32047
Nasice,Nasice_2025-07-18_12-27_tf_1h,2021-05-01 19:00:00,293.47815,293.94977
Nasice,Nasice_2025-07-18_12-27_tf_1h,2021-05-01 20:00:00,291.91882,292.14423
Nasice,Nasice_2025-07-18_12-27_tf_1h,2021-05-01 21:00:00,291.79382,290.86786
Nasice,Nasice_2025-07-18_12-27_tf_1h,2021-05-01 22:00:00,291.07034,291.24203
Nasice,Nasice_2025-07-18_12-27_tf_1h,2021-05-01 23:00:00,290.75525,290.27936
Nasice,Nasice_2025-07-18_12-27_tf_1h,2021-05-02 00:00:00,290.2745,290.15915
Nasice,Nasice_2025-07-18_12-27_tf_1h,2021-05-02 01:00:00,289.65836,289.62622
Nasice,Nasice_2025-07-18_12-27_tf_1h,2021-05-02 02:00:00,289.08826,288.97318
Nasice,Nasice_2025-07-18_12-27_tf_1h,2021-05-02 03:00:00,288.6725,288.45358
Nasice,Nasice_2025-07-18_12-27_tf_1h,2021-05-02 04:00:00,288.3511,288.1024
Nasice,Nasice_2025-07-18_12-27_tf_1h,2021-05-02 05:00:00,288.3191,287.8729
Nasice,Nasice_2025-07-18_12-27_tf_1h,2021-05-02 06:00:00,289.28262,288.21344
Nasice,Nasice_2025-07-18_12-27_tf_1h,2021-05-02 07:00:00,291.36774,290.7745
Nasice,Nasice_2025-07-18_12-27_tf_1h,2021-05-02 08:00:00,293.2701,293.02795
Nasice,Nasice_2025-07-18_12-27_tf_1h,2021-05-02 09:00:00,293.91092,294.87137
Nasice,Nasice_2025-07-18_12-27_tf_1h,2021-05-02 10:00:00,294.49005,294.5961
Nasice,Nasice_2025-07-18_12-27_tf_1h,2021-05-02 11:00:00,295.2872,294.95187
Nasice,Nasice_2025-07-18_12-27_tf_1h,2021-05-02 12:00:00,295.50558,295.74963
Nasice,Nasice_2025-07-18_12-27_tf_1h,2021-05-02 13:00:00,295.6256,295.48148
Nasice,Nasice_2025-07-18_12-27_tf_1h,2021-05-02 14:00:00,295.71863,295.27573
Nasice,Nasice_2025-07-18_12-27_tf_1h,2021-05-02 15:00:00,295.6713,295.19247
Nasice,Nasice_2025-07-18_12-27_tf_1h,2021-05-02 16:00:00,293.65854,294.93326
Nasice,Nasice_2025-07-18_12-27_tf_1h,2021-05-02 17:00:00,291.3854,291.95663
Nasice,Nasice_2025-07-18_12-27_tf_1h,2021-05-02 18:00:00,289.545,289.9476
Nasice,Nasice_2025-07-18_12-27_tf_1h,2021-05-02 19:00:00,288.1454,288.47534
Nasice,Nasice_2025-07-18_12-27_tf_1h,2021-05-02 20:00:00,286.98682,287.29807
Nasice,Nasice_2025-07-18_12-27_tf_1h,2021-05-02 21:00:00,286.20297,286.2959
Nasice,Nasice_2025-07-18_12-27_tf_1h,2021-05-02 22:00:00,285.50183,285.71442
Nasice,Nasice_2025-07-18_12-27_tf_1h,2021-05-02 23:00:00,284.7877,285.00388
Nasice,Nasice_2025-07-18_12-27_tf_1h,2021-05-03 00:00:00,284.27524,284.14096
Nasice,Nasice_2025-07-18_12-27_tf_1h,2021-05-03 01:00:00,283.75848,283.694
Nasice,Nasice_2025-07-18_12-27_tf_1h,2021-05-03 02:00:00,283.5611,283.14487
Nasice,Nasice_2025-07-18_12-27_tf_1h,2021-05-03 03:00:00,283.72647,283.62286
Nasice,Nasice_2025-07-18_12-27_tf_1h,2021-05-03 04:00:00,283.6818,284.58868
Nasice,Nasice_2025-07-18_12-27_tf_1h,2021-05-03 05:00:00,283.55508,284.61374
Nasice,Nasice_2025-07-18_12-27_tf_1h,2021-05-03 06:00:00,283.5881,284.36163
Nasice,Nasice_2025-07-18_12-27_tf_1h,2021-05-03 07:00:00,283.74448,284.03842
Nasice,Nasice_2025-07-18_12-27_tf_1h,2021-05-03 08:00:00,284.5963,284.12982
Nasice,Nasice_2025-07-18_12-27_tf_1h,2021-05-03 09:00:00,284.99072,285.49326
Nasice,Nasice_2025-07-18_12-27_tf_1h,2021-05-03 10:00:00,285.1581,285.33664
Nasice,Nasice_2025-07-18_12-27_tf_1h,2021-05-03 11:00:00,285.53952,285.2378
Nasice,Nasice_2025-07-18_12-27_tf_1h,2021-05-03 12:00:00,285.66953,285.7533
Nasice,Nasice_2025-07-18_12-27_tf_1h,2021-05-03 13:00:00,285.6762,285.61194
Nasice,Nasice_2025-07-18_12-27_tf_1h,2021-05-03 14:00:00,285.9716,285.44528
Nasice,Nasice_2025-07-18_12-27_tf_1h,2021-05-03 15:00:00,286.27167,285.91745
Nasice,Nasice_2025-07-18_12-27_tf_1h,2021-05-03 16:00:00,286.8418,286.22467
Nasice,Nasice_2025-07-18_12-27_tf_1h,2021-05-03 17:00:00,286.78143,286.96884
Nasice,Nasice_2025-07-18_12-27_tf_1h,2021-05-03 18:00:00,286.49738,286.47272
Nasice,Nasice_2025-07-18_12-27_tf_1h,2021-05-03 19:00:00,285.9359,285.91125
Nasice,Nasice_2025-07-18_12-27_tf_1h,2021-05-03 20:00:00,284.50064,285.1728
Nasice,Nasice_2025-07-18_12-27_tf_1h,2021-05-03 21:00:00,283.8945,283.29068
Nasice,Nasice_2025-07-18_12-27_tf_1h,2021-05-03 22:00:00,283.29504,283.23495
Nasice,Nasice_2025-07-18_12-27_tf_1h,2021-05-03 23:00:00,282.82028,282.7104
Nasice,Nasice_2025-07-18_12-27_tf_1h,2021-05-04 00:00:00,282.36752,282.39206
Nasice,Nasice_2025-07-18_12-27_tf_1h,2021-05-04 01:00:00,281.93408,282.03204
Nasice,Nasice_2025-07-18_12-27_tf_1h,2021-05-04 02:00:00,281.53235,281.65042
Nasice,Nasice_2025-07-18_12-27_tf_1h,2021-05-04 03:00:00,280.1414,281.2675
Nasice,Nasice_2025-07-18_12-27_tf_1h,2021-05-04 04:00:00,278.78577,279.02814
Nasice,Nasice_2025-07-18_12-27_tf_1h,2021-05-04 05:00:00,277.83423,277.91913
Nasice,Nasice_2025-07-18_12-27_tf_1h,2021-05-04 06:00:00,279.5726,277.44803
Nasice,Nasice_2025-07-18_12-27_tf_1h,2021-05-04 07:00:00,283.7268,281.6118
Nasice,Nasice_2025-07-18_12-27_tf_1h,2021-05-04 08:00:00,285.40015,286.30634
Nasice,Nasice_2025-07-18_12-27_tf_1h,2021-05-04 09:00:00,287.10083,286.2834
Nasice,Nasice_2025-07-18_12-27_tf_1h,2021-05-04 10:00:00,288.63782,287.9756
Nasice,Nasice_2025-07-18_12-27_tf_1h,2021-05-04 11:00:00,289.99344,289.63712
Nasice,Nasice_2025-07-18_12-27_tf_1h,2021-05-04 12:00:00,291.08533,290.84323
Nasice,Nasice_2025-07-18_12-27_tf_1h,2021-05-04 13:00:00,291.9075,291.69482
Nasice,Nasice_2025-07-18_12-27_tf_1h,2021-05-04 14:00:00,292.4863,292.275
Nasice,Nasice_2025-07-18_12-27_tf_1h,2021-05-04 15:00:00,292.82303,292.63443
Nasice,Nasice_2025-07-18_12-27_tf_1h,2021-05-04 16:00:00,292.85037,292.67072
Nasice,Nasice_2025-07-18_12-27_tf_1h,2021-05-04 17:00:00,292.47363,292.29822
Nasice,Nasice_2025-07-18_12-27_tf_1h,2021-05-04 18:00:00,291.121,291.5077
Nasice,Nasice_2025-07-18_12-27_tf_1h,2021-05-04 19:00:00,289.10992,289.61838
Nasice,Nasice_2025-07-18_12-27_tf_1h,2021-05-04 20:00:00,287.91202,287.61163
Nasice,Nasice_2025-07-18_12-27_tf_1h,2021-05-04 21:00:00,286.72076,286.90466
Nasice,Nasice_2025-07-18_12-27_tf_1h,2021-05-04 22:00:00,286.271,285.7428
Nasice,Nasice_2025-07-18_12-27_tf_1h,2021-05-04 23:00:00,285.84824,285.63763
Nasice,Nasice_2025-07-18_12-27_tf_1h,2021-05-05 00:00:00,285.0794,285.26364
Nasice,Nasice_2025-07-18_12-27_tf_1h,2021-05-05 01:00:00,284.32993,284.41595
Nasice,Nasice_2025-07-18_12-27_tf_1h,2021-05-05 02:00:00,284.04553,283.74927
Nasice,Nasice_2025-07-18_12-27_tf_1h,2021-05-05 03:00:00,283.99118,283.74924
Nasice,Nasice_2025-07-18_12-27_tf_1h,2021-05-05 04:00:00,283.76114,283.7645
Nasice,Nasice_2025-07-18_12-27_tf_1h,2021-05-05 05:00:00,283.62045,283.4761
Nasice,Nasice_2025-07-18_12-27_tf_1h,2021-05-05 06:00:00,284.76334,284.15173
Nasice,Nasice_2025-07-18_12-27_tf_1h,2021-05-05 07:00:00,287.61194,286.51355
Nasice,Nasice_2025-07-18_12-27_tf_1h,2021-05-05 08:00:00,289.7404,289.4676
Nasice,Nasice_2025-07-18_12-27_tf_1h,2021-05-05 09:00:00,290.88095,291.29074
Nasice,Nasice_2025-07-18_12-27_tf_1h,2021-05-05 10:00:00,291.99286,291.7981
Nasice,Nasice_2025-07-18_12-27_tf_1h,2021-05-05 11:00:00,293.0674,292.68512
Nasice,Nasice_2025-07-18_12-27_tf_1h,2021-05-05 12:00:00,294.03995,293.66357
Nasice,Nasice_2025-07-18_12-27_tf_1h,2021-05-05 13:00:00,294.77042,294.46356
Nasice,Nasice_2025-07-18_12-27_tf_1h,2021-05-05 14:00:00,294.62607,294.97473
Nasice,Nasice_2025-07-18_12-27_tf_1h,2021-05-05 15:00:00,294.27798,294.18588
Nasice,Nasice_2025-07-18_12-27_tf_1h,2021-05-05 16:00:00,293.8816,293.43085
Nasice,Nasice_2025-07-18_12-27_tf_1h,2021-05-05 17:00:00,293.25546,292.85248
Nasice,Nasice_2025-07-18_12-27_tf_1h,2021-05-05 18:00:00,292.08054,292.05417
Nasice,Nasice_2025-07-18_12-27_tf_1h,2021-05-05 19:00:00,290.94064,290.75623
Nasice,Nasice_2025-07-18_12-27_tf_1h,2021-05-05 20:00:00,289.41766,289.79858
Nasice,Nasice_2025-07-18_12-27_tf_1h,2021-05-05 21:00:00,286.9318,288.2487
Nasice,Nasice_2025-07-18_12-27_tf_1h,2021-05-05 22:00:00,283.83316,285.5764
Nasice,Nasice_2025-07-18_12-27_tf_1h,2021-05-05 23:00:00,282.5602,282.42834
Nasice,Nasice_2025-07-18_12-27_tf_1h,2021-05-06 00:00:00,282.18015,282.0503
Nasice,Nasice_2025-07-18_12-27_tf_1h,2021-05-06 01:00:00,282.14948,281.89673
Nasice,Nasice_2025-07-18_12-27_tf_1h,2021-05-06 02:00:00,281.91608,281.91028
Nasice,Nasice_2025-07-18_12-27_tf_1h,2021-05-06 03:00:00,281.9181,281.43045
Nasice,Nasice_2025-07-18_12-27_tf_1h,2021-05-06 04:00:00,282.01746,282.04248
Nasice,Nasice_2025-07-18_12-27_tf_1h,2021-05-06 05:00:00,282.1425,282.8105
Nasice,Nasice_2025-07-18_12-27_tf_1h,2021-05-06 06:00:00,282.46387,283.79617
Nasice,Nasice_2025-07-18_12-27_tf_1h,2021-05-06 07:00:00,283.37973,283.81345
Nasice,Nasice_2025-07-18_12-27_tf_1h,2021-05-06 08:00:00,281.89343,284.78778
Nasice,Nasice_2025-07-18_12-27_tf_1h,2021-05-06 09:00:00,283.25504,280.571
Nasice,Nasice_2025-07-18_12-27_tf_1h,2021-05-06 10:00:00,284.31458,285.11874
Nasice,Nasice_2025-07-18_12-27_tf_1h,2021-05-06 11:00:00,285.54517,284.98404
Nasice,Nasice_2025-07-18_12-27_tf_1h,2021-05-06 12:00:00,286.46704,286.3716
Nasice,Nasice_2025-07-18_12-27_tf_1h,2021-05-06 13:00:00,287.3639,287.09656
Nasice,Nasice_2025-07-18_12-27_tf_1h,2021-05-06 14:00:00,287.989,287.85486
Nasice,Nasice_2025-07-18_12-27_tf_1h,2021-05-06 15:00:00,288.84653,288.29193
Nasice,Nasice_2025-07-18_12-27_tf_1h,2021-05-06 16:00:00,289.1786,289.20923
Nasice,Nasice_2025-07-18_12-27_tf_1h,2021-05-06 17:00:00,289.16592,289.2548
Nasice,Nasice_2025-07-18_12-27_tf_1h,2021-05-06 18:00:00,288.5728,288.82788
Nasice,Nasice_2025-07-18_12-27_tf_1h,2021-05-06 19:00:00,287.26187,287.71732
Nasice,Nasice_2025-07-18_12-27_tf_1h,2021-05-06 20:00:00,285.5585,285.87033
Nasice,Nasice_2025-07-18_12-27_tf_1h,2021-05-06 21:00:00,284.9147,284.18332
Nasice,Nasice_2025-07-18_12-27_tf_1h,2021-05-06 22:00:00,284.48996,284.15338
Nasice,Nasice_2025-07-18_12-27_tf_1h,2021-05-06 23:00:00,284.1869,283.90692
Nasice,Nasice_2025-07-18_12-27_tf_1h,2021-05-07 00:00:00,283.7328,283.79324
Nasice,Nasice_2025-07-18_12-27_tf_1h,2021-05-07 01:00:00,283.1457,283.33704
Nasice,Nasice_2025-07-18_12-27_tf_1h,2021-05-07 02:00:00,282.81927,282.71136
Nasice,Nasice_2025-07-18_12-27_tf_1h,2021-05-07 03:00:00,283.06332,282.59683
Nasice,Nasice_2025-07-18_12-27_tf_1h,2021-05-07 04:00:00,283.33438,283.27148
Nasice,Nasice_2025-07-18_12-27_tf_1h,2021-05-07 05:00:00,283.55142,283.53268
Nasice,Nasice_2025-07-18_12-27_tf_1h,2021-05-07 06:00:00,284.65698,283.69705
Nasice,Nasice_2025-07-18_12-27_tf_1h,2021-05-07 07:00:00,287.40756,285.5538
Nasice,Nasice_2025-07-18_12-27_tf_1h,2021-05-07 08:00:00,288.5995,288.9299
Nasice,Nasice_2025-07-18_12-27_tf_1h,2021-05-07 09:00:00,290.19083,289.40756
Nasice,Nasice_2025-07-18_12-27_tf_1h,2021-05-07 10:00:00,292.25256,291.33603
Nasice,Nasice_2025-07-18_12-27_tf_1h,2021-05-07 11:00:00,291.9945,293.559
Nasice,Nasice_2025-07-18_12-27_tf_1h,2021-05-07 12:00:00,290.4492,291.90417
Nasice,Nasice_2025-07-18_12-27_tf_1h,2021-05-07 13:00:00,290.02243,289.07724
Nasice,Nasice_2025-07-18_12-27_tf_1h,2021-05-07 14:00:00,289.3613,289.213
Nasice,Nasice_2025-07-18_12-27_tf_1h,2021-05-07 15:00:00,288.2631,288.38916
Nasice,Nasice_2025-07-18_12-27_tf_1h,2021-05-07 16:00:00,287.13284,287.02472
Nasice,Nasice_2025-07-18_12-27_tf_1h,2021-05-07 17:00:00,285.73056,285.99832
Nasice,Nasice_2025-07-18_12-27_tf_1h,2021-05-07 18:00:00,284.34625,284.56635
Nasice,Nasice_2025-07-18_12-27_tf_1h,2021-05-07 19:00:00,283.7528,283.29517
Nasice,Nasice_2025-07-18_12-27_tf_1h,2021-05-07 20:00:00,283.3054,283.20306
Nasice,Nasice_2025-07-18_12-27_tf_1h,2021-05-07 21:00:00,282.9083,282.8924
Nasice,Nasice_2025-07-18_12-27_tf_1h,2021-05-07 22:00:00,282.6009,282.59763
Nasice,Nasice_2025-07-18_12-27_tf_1h,2021-05-07 23:00:00,282.51855,282.3735
Nasice,Nasice_2025-07-18_12-27_tf_1h,2021-05-08 00:00:00,282.56824,282.43515
Nasice,Nasice_2025-07-18_12-27_tf_1h,2021-05-08 01:00:00,282.46988,282.52414
Nasice,Nasice_2025-07-18_12-27_tf_1h,2021-05-08 02:00:00,282.0051,282.2839
Nasice,Nasice_2025-07-18_12-27_tf_1h,2021-05-08 03:00:00,281.39297,281.82907
Nasice,Nasice_2025-07-18_12-27_tf_1h,2021-05-08 04:00:00,280.61316,281.7304
Nasice,Nasice_2025-07-18_12-27_tf_1h,2021-05-08 05:00:00,280.0337,280.7904
Nasice,Nasice_2025-07-18_12-27_tf_1h,2021-05-08 06:00:00,280.51114,280.183
Nasice,Nasice_2025-07-18_12-27_tf_1h,2021-05-08 07:00:00,281.66904,281.3451
Nasice,Nasice_2025-07-18_12-27_tf_1h,2021-05-08 08:00:00,283.07666,282.78726
Nasice,Nasice_2025-07-18_12-27_tf_1h,2021-05-08 09:00:00,284.25256,284.15936
Nasice,Nasice_2025-07-18_12-27_tf_1h,2021-05-08 10:00:00,285.40482,284.9988
Nasice,Nasice_2025-07-18_12-27_tf_1h,2021-05-08 11:00:00,286.3797,286.09552
Nasice,Nasice_2025-07-18_12-27_tf_1h,2021-05-08 12:00:00,287.22052,286.92505
Nasice,Nasice_2025-07-18_12-27_tf_1h,2021-05-08 13:00:00,287.83533,287.63065
Nasice,Nasice_2025-07-18_12-27_tf_1h,2021-05-08 14:00:00,288.18307,288.0855
Nasice,Nasice_2025-07-18_12-27_tf_1h,2021-05-08 15:00:00,288.39078,288.15744
Nasice,Nasice_2025-07-18_12-27_tf_1h,2021-05-08 16:00:00,288.3214,288.1553
Nasice,Nasice_2025-07-18_12-27_tf_1h,2021-05-08 17:00:00,288.05536,287.81693
Nasice,Nasice_2025-07-18_12-27_tf_1h,2021-05-08 18:00:00,287.33923,287.347
Nasice,Nasice_2025-07-18_12-27_tf_1h,2021-05-08 19:00:00,285.52917,286.32047
Nasice,Nasice_2025-07-18_12-27_tf_1h,2021-05-08 20:00:00,283.5131,284.09506
Nasice,Nasice_2025-07-18_12-27_tf_1h,2021-05-08 21:00:00,282.2245,282.16962
Nasice,Nasice_2025-07-18_12-27_tf_1h,2021-05-08 22:00:00,281.427,281.2802
Nasice,Nasice_2025-07-18_12-27_tf_1h,2021-05-08 23:00:00,280.62082,280.7445
Nasice,Nasice_2025-07-18_12-27_tf_1h,2021-05-09 00:00:00,280.0087,280.02505
Nasice,Nasice_2025-07-18_12-27_tf_1h,2021-05-09 01:00:00,279.53226,279.576
Nasice,Nasice_2025-07-18_12-27_tf_1h,2021-05-09 02:00:00,279.1732,279.21722
Nasice,Nasice_2025-07-18_12-27_tf_1h,2021-05-09 03:00:00,278.88446,278.94528
Nasice,Nasice_2025-07-18_12-27_tf_1h,2021-05-09 04:00:00,278.62875,278.68542
Nasice,Nasice_2025-07-18_12-27_tf_1h,2021-05-09 05:00:00,278.69843,278.71857
Nasice,Nasice_2025-07-18_12-27_tf_1h,2021-05-09 06:00:00,281.20694,279.8409
Nasice,Nasice_2025-07-18_12-27_tf_1h,2021-05-09 07:00:00,284.39026,283.8755
Nasice,Nasice_2025-07-18_12-27_tf_1h,2021-05-09 08:00:00,286.24033,286.19992
Nasice,Nasice_2025-07-18_12-27_tf_1h,2021-05-09 09:00:00,288.11572,287.46393
Nasice,Nasice_2025-07-18_12-27_tf_1h,2021-05-09 10:00:00,289.69937,289.3761
Nasice,Nasice_2025-07-18_12-27_tf_1h,2021-05-09 11:00:00,290.986,290.68472
Nasice,Nasice_2025-07-18_12-27_tf_1h,2021-05-09 12:00:00,292.02686,291.68494
Nasice,Nasice_2025-07-18_12-27_tf_1h,2021-05-09 13:00:00,292.84335,292.51382
Nasice,Nasice_2025-07-18_12-27_tf_1h,2021-05-09 14:00:00,293.41016,293.13403
Nasice,Nasice_2025-07-18_12-27_tf_1h,2021-05-09 15:00:00,293.63553,293.4841
Nasice,Nasice_2025-07-18_12-27_tf_1h,2021-05-09 16:00:00,293.48816,293.3791
Nasice,Nasice_2025-07-18_12-27_tf_1h,2021-05-09 17:00:00,292.83203,292.75797
Nasice,Nasice_2025-07-18_12-27_tf_1h,2021-05-09 18:00:00,291.30505,291.63837
Nasice,Nasice_2025-07-18_12-27_tf_1h,2021-05-09 19:00:00,289.46265,289.69647
Nasice,Nasice_2025-07-18_12-27_tf_1h,2021-05-09 20:00:00,288.5448,288.08365
Nasice,Nasice_2025-07-18_12-27_tf_1h,2021-05-09 21:00:00,287.6323,287.61978
Nasice,Nasice_2025-07-18_12-27_tf_1h,2021-05-09 22:00:00,286.80045,286.74374
Nasice,Nasice_2025-07-18_12-27_tf_1h,2021-05-09 23:00:00,285.90924,286.0318
Nasice,Nasice_2025-07-18_12-27_tf_1h,2021-05-10 00:00:00,284.9384,285.1999
Nasice,Nasice_2025-07-18_12-27_tf_1h,2021-05-10 01:00:00,283.89383,284.27307
Nasice,Nasice_2025-07-18_12-27_tf_1h,2021-05-10 02:00:00,282.9223,283.26276
Nasice,Nasice_2025-07-18_12-27_tf_1h,2021-05-10 03:00:00,282.66525,282.26004
Nasice,Nasice_2025-07-18_12-27_tf_1h,2021-05-10 04:00:00,282.2335,282.49274
Nasice,Nasice_2025-07-18_12-27_tf_1h,2021-05-10 05:00:00,281.72406,281.81296
Nasice,Nasice_2025-07-18_12-27_tf_1h,2021-05-10 06:00:00,283.1757,282.31085
Nasice,Nasice_2025-07-18_12-27_tf_1h,2021-05-10 07:00:00,286.96582,285.79617
Nasice,Nasice_2025-07-18_12-27_tf_1h,2021-05-10 08:00:00,289.88376,289.3004
Nasice,Nasice_2025-07-18_12-27_tf_1h,2021-05-10 09:00:00,292.64465,291.74472
Nasice,Nasice_2025-07-18_12-27_tf_1h,2021-05-10 10:00:00,294.9081,294.38916
Nasice,Nasice_2025-07-18_12-27_tf_1h,2021-05-10 11:00:00,296.5598,296.27344
Nasice,Nasice_2025-07-18_12-27_tf_1h,2021-05-10 12:00:00,297.65402,297.44354
Nasice,Nasice_2025-07-18_12-27_tf_1h,2021-05-10 13:00:00,298.36252,298.13928
Nasice,Nasice_2025-07-18_12-27_tf_1h,2021-05-10 14:00:00,298.73526,298.55728
Nasice,Nasice_2025-07-18_12-27_tf_1h,2021-05-10 15:00:00,298.86328,298.63367
Nasice,Nasice_2025-07-18_12-27_tf_1h,2021-05-10 16:00:00,298.69257,298.26025
Nasice,Nasice_2025-07-18_12-27_tf_1h,2021-05-10 17:00:00,297.8064,297.65683
Nasice,Nasice_2025-07-18_12-27_tf_1h,2021-05-10 18:00:00,296.24774,296.28928
Nasice,Nasice_2025-07-18_12-27_tf_1h,2021-05-10 19:00:00,293.9526,294.5358
Nasice,Nasice_2025-07-18_12-27_tf_1h,2021-05-10 20:00:00,292.70633,292.37134
Nasice,Nasice_2025-07-18_12-27_tf_1h,2021-05-10 21:00:00,290.75827,291.66428
Nasice,Nasice_2025-07-18_12-27_tf_1h,2021-05-10 22:00:00,289.75006,289.54004
Nasice,Nasice_2025-07-18_12-27_tf_1h,2021-05-10 23:00:00,289.77505,288.99286
Nasice,Nasice_2025-07-18_12-27_tf_1h,2021-05-11 00:00:00,289.8324,289.35507
Nasice,Nasice_2025-07-18_12-27_tf_1h,2021-05-11 01:00:00,289.45065,289.3943
Nasice,Nasice_2025-07-18_12-27_tf_1h,2021-05-11 02:00:00,288.73184,288.9
Nasice,Nasice_2025-07-18_12-27_tf_1h,2021-05-11 03:00:00,288.19373,288.10156
Nasice,Nasice_2025-07-18_12-27_tf_1h,2021-05-11 04:00:00,287.47757,287.72357
Nasice,Nasice_2025-07-18_12-27_tf_1h,2021-05-11 05:00:00,286.95148,286.85083
Nasice,Nasice_2025-07-18_12-27_tf_1h,2021-05-11 06:00:00,287.46658,286.63965
Nasice,Nasice_2025-07-18_12-27_tf_1h,2021-05-11 07:00:00,290.17615,288.56494
Nasice,Nasice_2025-07-18_12-27_tf_1h,2021-05-11 08:00:00,293.11874,292.4196
Nasice,Nasice_2025-07-18_12-27_tf_1h,2021-05-11 09:00:00,295.31223,295.17172
Nasice,Nasice_2025-07-18_12-27_tf_1h,2021-05-11 10:00:00,297.0339,296.97546
Nasice,Nasice_2025-07-18_12-27_tf_1h,2021-05-11 11:00:00,298.21048,298.17142
Nasice,Nasice_2025-07-18_12-27_tf_1h,2021-05-11 12:00:00,298.96997,298.88858
Nasice,Nasice_2025-07-18_12-27_tf_1h,2021-05-11 13:00:00,299.42374,299.28745
Nasice,Nasice_2025-07-18_12-27_tf_1h,2021-05-11 14:00:00,299.6581,299.44745
Nasice,Nasice_2025-07-18_12-27_tf_1h,2021-05-11 15:00:00,299.6831,299.2984
Nasice,Nasice_2025-07-18_12-27_tf_1h,2021-05-11 16:00:00,299.47208,298.91678
Nasice,Nasice_2025-07-18_12-27_tf_1h,2021-05-11 17:00:00,298.72357,298.38663
Nasice,Nasice_2025-07-18_12-27_tf_1h,2021-05-11 18:00:00,297.6157,297.31104
Nasice,Nasice_2025-07-18_12-27_tf_1h,2021-05-11 19:00:00,295.29822,296.17633
Nasice,Nasice_2025-07-18_12-27_tf_1h,2021-05-11 20:00:00,294.05127,293.74155
Nasice,Nasice_2025-07-18_12-27_tf_1h,2021-05-11 21:00:00,292.9137,293.1067
Nasice,Nasice_2025-07-18_12-27_tf_1h,2021-05-11 22:00:00,292.16656,292.00162
Nasice,Nasice_2025-07-18_12-27_tf_1h,2021-05-11 23:00:00,291.3484,291.43674
Nasice,Nasice_2025-07-18_12-27_tf_1h,2021-05-12 00:00:00,290.0021,290.62485
Nasice,Nasice_2025-07-18_12-27_tf_1h,2021-05-12 01:00:00,288.72452,289.13428
Nasice,Nasice_2025-07-18_12-27_tf_1h,2021-05-12 02:00:00,288.8182,287.97708
Nasice,Nasice_2025-07-18_12-27_tf_1h,2021-05-12 03:00:00,288.68784,288.67566
Nasice,Nasice_2025-07-18_12-27_tf_1h,2021-05-12 04:00:00,288.09372,288.16147
Nasice,Nasice_2025-07-18_12-27_tf_1h,2021-05-12 05:00:00,287.65527,287.33713
Nasice,Nasice_2025-07-18_12-27_tf_1h,2021-05-12 06:00:00,288.48544,287.47687
Nasice,Nasice_2025-07-18_12-27_tf_1h,2021-05-12 07:00:00,290.11246,290.55084
Nasice,Nasice_2025-07-18_12-27_tf_1h,2021-05-12 08:00:00,290.5099,291.65512
Nasice,Nasice_2025-07-18_12-27_tf_1h,2021-05-12 09:00:00,290.61224,291.24017
Nasice,Nasice_2025-07-18_12-27_tf_1h,2021-05-12 10:00:00,291.47473,291.0299
Nasice,Nasice_2025-07-18_12-27_tf_1h,2021-05-12 11:00:00,291.81116,292.22754
Nasice,Nasice_2025-07-18_12-27_tf_1h,2021-05-12 12:00:00,292.3596,292.1372
Nasice,Nasice_2025-07-18_12-27_tf_1h,2021-05-12 13:00:00,293.18643,292.6932
Nasice,Nasice_2025-07-18_12-27_tf_1h,2021-05-12 14:00:00,293.72623,293.59988
Nasice,Nasice_2025-07-18_12-27_tf_1h,2021-05-12 15:00:00,293.71722,293.91205
Nasice,Nasice_2025-07-18_12-27_tf_1h,2021-05-12 16:00:00,293.90326,293.3821
Nasice,Nasice_2025-07-18_12-27_tf_1h,2021-05-12 17:00:00,293.5895,293.50195
Nasice,Nasice_2025-07-18_12-27_tf_1h,2021-05-12 18:00:00,292.58832,292.792
Nasice,Nasice_2025-07-18_12-27_tf_1h,2021-05-12 19:00:00,291.43106,291.35486
Nasice,Nasice_2025-07-18_12-27_tf_1h,2021-05-12 20:00:00,288.64282,290.24893
Nasice,Nasice_2025-07-18_12-27_tf_1h,2021-05-12 21:00:00,286.9238,287.0597
Nasice,Nasice_2025-07-18_12-27_tf_1h,2021-05-12 22:00:00,285.4905,285.96048
Nasice,Nasice_2025-07-18_12-27_tf_1h,2021-05-12 23:00:00,284.4316,284.65488
Nasice,Nasice_2025-07-18_12-27_tf_1h,2021-05-13 00:00:00,283.8585,283.81833
Nasice,Nasice_2025-07-18_12-27_tf_1h,2021-05-13 01:00:00,283.70013,283.42377
Nasice,Nasice_2025-07-18_12-27_tf_1h,2021-05-13 02:00:00,283.7415,283.36984
Nasice,Nasice_2025-07-18_12-27_tf_1h,2021-05-13 03:00:00,284.4176,283.48047
Nasice,Nasice_2025-07-18_12-27_tf_1h,2021-05-13 04:00:00,284.94507,284.8852
Nasice,Nasice_2025-07-18_12-27_tf_1h,2021-05-13 05:00:00,284.66666,285.28412
Nasice,Nasice_2025-07-18_12-27_tf_1h,2021-05-13 06:00:00,286.1023,284.67752
Nasice,Nasice_2025-07-18_12-27_tf_1h,2021-05-13 07:00:00,288.5348,288.10504
Nasice,Nasice_2025-07-18_12-27_tf_1h,2021-05-13 08:00:00,289.49,290.16058
Nasice,Nasice_2025-07-18_12-27_tf_1h,2021-05-13 09:00:00,290.68225,290.4249
Nasice,Nasice_2025-07-18_12-27_tf_1h,2021-05-13 10:00:00,291.55542,291.59366
Nasice,Nasice_2025-07-18_12-27_tf_1h,2021-05-13 11:00:00,292.0992,292.18222
Nasice,Nasice_2025-07-18_12-27_tf_1h,2021-05-13 12:00:00,292.50995,292.41953
Nasice,Nasice_2025-07-18_12-27_tf_1h,2021-05-13 13:00:00,291.60876,292.67325
Nasice,Nasice_2025-07-18_12-27_tf_1h,2021-05-13 14:00:00,291.60178,290.7827
Nasice,Nasice_2025-07-18_12-27_tf_1h,2021-05-13 15:00:00,290.4632,291.08795
Nasice,Nasice_2025-07-18_12-27_tf_1h,2021-05-13 16:00:00,289.81708,289.31128
Nasice,Nasice_2025-07-18_12-27_tf_1h,2021-05-13 17:00:00,289.0966,288.7645
Nasice,Nasice_2025-07-18_12-27_tf_1h,2021-05-13 18:00:00,288.71985,288.10062
Nasice,Nasice_2025-07-18_12-27_tf_1h,2021-05-13 19:00:00,288.12704,287.9591
Nasice,Nasice_2025-07-18_12-27_tf_1h,2021-05-13 20:00:00,287.15652,287.35825
Nasice,Nasice_2025-07-18_12-27_tf_1h,2021-05-13 21:00:00,286.86212,286.26532
Nasice,Nasice_2025-07-18_12-27_tf_1h,2021-05-13 22:00:00,286.8148,286.39938
Nasice,Nasice_2025-07-18_12-27_tf_1h,2021-05-13 23:00:00,286.77777,286.5751
Nasice,Nasice_2025-07-18_12-27_tf_1h,2021-05-14 00:00:00,286.34302,286.57278
Nasice,Nasice_2025-07-18_12-27_tf_1h,2021-05-14 01:00:00,285.93158,285.89853
Nasice,Nasice_2025-07-18_12-27_tf_1h,2021-05-14 02:00:00,285.3808,285.5366
Nasice,Nasice_2025-07-18_12-27_tf_1h,2021-05-14 03:00:00,284.90338,284.86716
Nasice,Nasice_2025-07-18_12-27_tf_1h,2021-05-14 04:00:00,284.4436,284.60144
Nasice,Nasice_2025-07-18_12-27_tf_1h,2021-05-14 05:00:00,284.28992,284.50275
Nasice,Nasice_2025-07-18_12-27_tf_1h,2021-05-14 06:00:00,285.38113,284.57315
Nasice,Nasice_2025-07-18_12-27_tf_1h,2021-05-14 07:00:00,287.35855,286.52835
Nasice,Nasice_2025-07-18_12-27_tf_1h,2021-05-14 08:00:00,288.15372,288.73856
Nasice,Nasice_2025-07-18_12-27_tf_1h,2021-05-14 09:00:00,288.8722,288.87265
Nasice,Nasice_2025-07-18_12-27_tf_1h,2021-05-14 10:00:00,289.71637,289.3458
Nasice,Nasice_2025-07-18_12-27_tf_1h,2021-05-14 11:00:00,290.5552,290.2039
Nasice,Nasice_2025-07-18_12-27_tf_1h,2021-05-14 12:00:00,291.59378,290.97858
Nasice,Nasice_2025-07-18_12-27_tf_1h,2021-05-14 13:00:00,292.5673,292.05652
Nasice,Nasice_2025-07-18_12-27_tf_1h,2021-05-14 14:00:00,292.85202,292.93155
Nasice,Nasice_2025-07-18_12-27_tf_1h,2021-05-14 15:00:00,292.98874,292.6412
Nasice,Nasice_2025-07-18_12-27_tf_1h,2021-05-14 16:00:00,292.3966,292.49512
Nasice,Nasice_2025-07-18_12-27_tf_1h,2021-05-14 17:00:00,290.89163,291.39874
Nasice,Nasice_2025-07-18_12-27_tf_1h,2021-05-14 18:00:00,290.07947,289.3953
Nasice,Nasice_2025-07-18_12-27_tf_1h,2021-05-14 19:00:00,289.13025,289.08215
Nasice,Nasice_2025-07-18_12-27_tf_1h,2021-05-14 20:00:00,287.70764,288.11514
Nasice,Nasice_2025-07-18_12-27_tf_1h,2021-05-14 21:00:00,286.4737,286.6028
Nasice,Nasice_2025-07-18_12-27_tf_1h,2021-05-14 22:00:00,285.67386,285.54834
Nasice,Nasice_2025-07-18_12-27_tf_1h,2021-05-14 23:00:00,285.38947,284.99048
Nasice,Nasice_2025-07-18_12-27_tf_1h,2021-05-15 00:00:00,285.2028,285.0028
Nasice,Nasice_2025-07-18_12-27_tf_1h,2021-05-15 01:00:00,285.02475,284.90652
Nasice,Nasice_2025-07-18_12-27_tf_1h,2021-05-15 02:00:00,284.51297,284.71405
Nasice,Nasice_2025-07-18_12-27_tf_1h,2021-05-15 03:00:00,284.1779,283.8967
Nasice,Nasice_2025-07-18_12-27_tf_1h,2021-05-15 04:00:00,283.82584,283.87003
Nasice,Nasice_2025-07-18_12-27_tf_1h,2021-05-15 05:00:00,283.45108,283.6831
Nasice,Nasice_2025-07-18_12-27_tf_1h,2021-05-15 06:00:00,284.48495,283.70895
Nasice,Nasice_2025-07-18_12-27_tf_1h,2021-05-15 07:00:00,286.41037,286.1479
Nasice,Nasice_2025-07-18_12-27_tf_1h,2021-05-15 08:00:00,287.9,287.8557
Nasice,Nasice_2025-07-18_12-27_tf_1h,2021-05-15 09:00:00,289.8044,289.19205
Nasice,Nasice_2025-07-18_12-27_tf_1h,2021-05-15 10:00:00,290.95596,291.17105
Nasice,Nasice_2025-07-18_12-27_tf_1h,2021-05-15 11:00:00,291.87582,291.72327
Nasice,Nasice_2025-07-18_12-27_tf_1h,2021-05-15 12:00:00,292.4076,292.3615
Nasice,Nasice_2025-07-18_12-27_tf_1h,2021-05-15 13:00:00,292.24823,292.64618
Nasice,Nasice_2025-07-18_12-27_tf_1h,2021-05-15 14:00:00,290.96732,291.94922
Nasice,Nasice_2025-07-18_12-27_tf_1h,2021-05-15 15:00:00,289.80505,289.7648
Nasice,Nasice_2025-07-18_12-27_tf_1h,2021-05-15 16:00:00,289.81207,288.45688
Nasice,Nasice_2025-07-18_12-27_tf_1h,2021-05-15 17:00:00,289.60303,289.16846
Nasice,Nasice_2025-07-18_12-27_tf_1h,2021-05-15 18:00:00,289.45532,288.867
Nasice,Nasice_2025-07-18_12-27_tf_1h,2021-05-15 19:00:00,288.7602,288.8385
Nasice,Nasice_2025-07-18_12-27_tf_1h,2021-05-15 20:00:00,287.26987,287.95663
Nasice,Nasice_2025-07-18_12-27_tf_1h,2021-05-15 21:00:00,285.91425,286.10178
Nasice,Nasice_2025-07-18_12-27_tf_1h,2021-05-15 22:00:00,284.88538,284.86386
Nasice,Nasice_2025-07-18_12-27_tf_1h,2021-05-15 23:00:00,284.1759,284.06815
Nasice,Nasice_2025-07-18_12-27_tf_1h,2021-05-16 00:00:00,283.74115,283.60773
Nasice,Nasice_2025-07-18_12-27_tf_1h,2021-05-16 01:00:00,283.66913,283.39645
Nasice,Nasice_2025-07-18_12-27_tf_1h,2021-05-16 02:00:00,283.93253,283.54474
Nasice,Nasice_2025-07-18_12-27_tf_1h,2021-05-16 03:00:00,284.17123,284.01965
Nasice,Nasice_2025-07-18_12-27_tf_1h,2021-05-16 04:00:00,284.42728,284.26028
Nasice,Nasice_2025-07-18_12-27_tf_1h,2021-05-16 05:00:00,284.62598,285.02774
Nasice,Nasice_2025-07-18_12-27_tf_1h,2021-05-16 06:00:00,285.88892,285.2145
Nasice,Nasice_2025-07-18_12-27_tf_1h,2021-05-16 07:00:00,288.38843,287.2024
Nasice,Nasice_2025-07-18_12-27_tf_1h,2021-05-16 08:00:00,287.83966,290.14377
Nasice,Nasice_2025-07-18_12-27_tf_1h,2021-05-16 09:00:00,288.92355,287.61835
Nasice,Nasice_2025-07-18_12-27_tf_1h,2021-05-16 10:00:00,290.21448,289.4847
Nasice,Nasice_2025-07-18_12-27_tf_1h,2021-05-16 11:00:00,291.04733,291.00458
Nasice,Nasice_2025-07-18_12-27_tf_1h,2021-05-16 12:00:00,292.09988,291.47748
Nasice,Nasice_2025-07-18_12-27_tf_1h,2021-05-16 13:00:00,292.4346,292.5418
Nasice,Nasice_2025-07-18_12-27_tf_1h,2021-05-16 14:00:00,292.95905,292.4031
Nasice,Nasice_2025-07-18_12-27_tf_1h,2021-05-16 15:00:00,293.0834,292.8246
Nasice,Nasice_2025-07-18_12-27_tf_1h,2021-05-16 16:00:00,293.0794,292.61356
Nasice,Nasice_2025-07-18_12-27_tf_1h,2021-05-16 17:00:00,292.85635,292.36887
Nasice,Nasice_2025-07-18_12-27_tf_1h,2021-05-16 18:00:00,292.19522,291.9352
Nasice,Nasice_2025-07-18_12-27_tf_1h,2021-05-16 19:00:00,291.0483,291.0159
Nasice,Nasice_2025-07-18_12-27_tf_1h,2021-05-16 20:00:00,288.91788,289.7737
Nasice,Nasice_2025-07-18_12-27_tf_1h,2021-05-16 21:00:00,288.06604,287.5095
Nasice,Nasice_2025-07-18_12-27_tf_1h,2021-05-16 22:00:00,287.2192,287.287
Nasice,Nasice_2025-07-18_12-27_tf_1h,2021-05-16 23:00:00,286.39368,286.48196
Nasice,Nasice_2025-07-18_12-27_tf_1h,2021-05-17 00:00:00,285.55652,285.73413
Nasice,Nasice_2025-07-18_12-27_tf_1h,2021-05-17 01:00:00,285.44815,284.9481
Nasice,Nasice_2025-07-18_12-27_tf_1h,2021-05-17 02:00:00,285.2181,285.26538
Nasice,Nasice_2025-07-18_12-27_tf_1h,2021-05-17 03:00:00,284.99207,284.8006
Nasice,Nasice_2025-07-18_12-27_tf_1h,2021-05-17 04:00:00,285.7129,284.6305
Nasice,Nasice_2025-07-18_12-27_tf_1h,2021-05-17 05:00:00,286.18497,286.4361
Nasice,Nasice_2025-07-18_12-27_tf_1h,2021-05-17 06:00:00,286.58072,286.3344
Nasice,Nasice_2025-07-18_12-27_tf_1h,2021-05-17 07:00:00,286.50372,287.09778
Nasice,Nasice_2025-07-18_12-27_tf_1h,2021-05-17 08:00:00,288.16638,286.60678
Nasice,Nasice_2025-07-18_12-27_tf_1h,2021-05-17 09:00:00,289.61902,289.68567
Nasice,Nasice_2025-07-18_12-27_tf_1h,2021-05-17 10:00:00,290.05078,290.8647
Nasice,Nasice_2025-07-18_12-27_tf_1h,2021-05-17 11:00:00,290.84195,290.46985
Nasice,Nasice_2025-07-18_12-27_tf_1h,2021-05-17 12:00:00,292.61932,291.3292
Nasice,Nasice_2025-07-18_12-27_tf_1h,2021-05-17 13:00:00,291.2607,293.5597
Nasice,Nasice_2025-07-18_12-27_tf_1h,2021-05-17 14:00:00,288.36343,290.36075
Nasice,Nasice_2025-07-18_12-27_tf_1h,2021-05-17 15:00:00,288.33777,286.22815
Nasice,Nasice_2025-07-18_12-27_tf_1h,2021-05-17 16:00:00,288.23108,288.08264
Nasice,Nasice_2025-07-18_12-27_tf_1h,2021-05-17 17:00:00,288.06705,287.58102
Nasice,Nasice_2025-07-18_12-27_tf_1h,2021-05-17 18:00:00,287.80664,287.5053
Nasice,Nasice_2025-07-18_12-27_tf_1h,2021-05-17 19:00:00,286.98615,287.29852
Nasice,Nasice_2025-07-18_12-27_tf_1h,2021-05-17 20:00:00,285.87726,286.21756
Nasice,Nasice_2025-07-18_12-27_tf_1h,2021-05-17 21:00:00,285.19644,284.9641
Nasice,Nasice_2025-07-18_12-27_tf_1h,2021-05-17 22:00:00,284.65634,284.604
Nasice,Nasice_2025-07-18_12-27_tf_1h,2021-05-17 23:00:00,284.19223,284.20847
Nasice,Nasice_2025-07-18_12-27_tf_1h,2021-05-18 00:00:00,283.89017,283.8387
Nasice,Nasice_2025-07-18_12-27_tf_1h,2021-05-18 01:00:00,283.65445,283.6729
Nasice,Nasice_2025-07-18_12-27_tf_1h,2021-05-18 02:00:00,283.47943,283.44077
Nasice,Nasice_2025-07-18_12-27_tf_1h,2021-05-18 03:00:00,283.28003,283.3438
Nasice,Nasice_2025-07-18_12-27_tf_1h,2021-05-18 04:00:00,283.05133,283.1711
Nasice,Nasice_2025-07-18_12-27_tf_1h,2021-05-18 05:00:00,282.95297,283.17096
Nasice,Nasice_2025-07-18_12-27_tf_1h,2021-05-18 06:00:00,284.26724,283.16376
Nasice,Nasice_2025-07-18_12-27_tf_1h,2021-05-18 07:00:00,286.95813,285.63306
Nasice,Nasice_2025-07-18_12-27_tf_1h,2021-05-18 08:00:00,289.00522,288.69302
Nasice,Nasice_2025-07-18_12-27_tf_1h,2021-05-18 09:00:00,290.68457,290.4828
Nasice,Nasice_2025-07-18_12-27_tf_1h,2021-05-18 10:00:00,291.6648,291.68634
Nasice,Nasice_2025-07-18_12-27_tf_1h,2021-05-18 11:00:00,292.27557,292.17938
Nasice,Nasice_2025-07-18_12-27_tf_1h,2021-05-18 12:00:00,292.72733,292.51157
Nasice,Nasice_2025-07-18_12-27_tf_1h,2021-05-18 13:00:00,293.37814,292.82925
Nasice,Nasice_2025-07-18_12-27_tf_1h,2021-05-18 14:00:00,293.73788,293.41556
Nasice,Nasice_2025-07-18_12-27_tf_1h,2021-05-18 15:00:00,293.73056,293.45154
Nasice,Nasice_2025-07-18_12-27_tf_1h,2021-05-18 16:00:00,293.65585,293.04645
Nasice,Nasice_2025-07-18_12-27_tf_1h,2021-05-18 17:00:00,293.17642,292.79492
Nasice,Nasice_2025-07-18_12-27_tf_1h,2021-05-18 18:00:00,291.9015,292.06165
Nasice,Nasice_2025-07-18_12-27_tf_1h,2021-05-18 19:00:00,291.10632,290.4767
Nasice,Nasice_2025-07-18_12-27_tf_1h,2021-05-18 20:00:00,288.4301,290.06836
Nasice,Nasice_2025-07-18_12-27_tf_1h,2021-05-18 21:00:00,287.50925,286.9092
Nasice,Nasice_2025-07-18_12-27_tf_1h,2021-05-18 22:00:00,286.162,286.79224
Nasice,Nasice_2025-07-18_12-27_tf_1h,2021-05-18 23:00:00,285.1551,285.27686
Nasice,Nasice_2025-07-18_12-27_tf_1h,2021-05-19 00:00:00,284.89606,284.494
Nasice,Nasice_2025-07-18_12-27_tf_1h,2021-05-19 01:00:00,284.677,284.61374
Nasice,Nasice_2025-07-18_12-27_tf_1h,2021-05-19 02:00:00,284.5333,284.316
Nasice,Nasice_2025-07-18_12-27_tf_1h,2021-05-19 03:00:00,284.74667,284.17215
Nasice,Nasice_2025-07-18_12-27_tf_1h,2021-05-19 04:00:00,284.3046,284.76608
Nasice,Nasice_2025-07-18_12-27_tf_1h,2021-05-19 05:00:00,284.29358,283.85822
Nasice,Nasice_2025-07-18_12-27_tf_1h,2021-05-19 06:00:00,284.89938,285.48288
Nasice,Nasice_2025-07-18_12-27_tf_1h,2021-05-19 07:00:00,285.5105,285.90292
Nasice,Nasice_2025-07-18_12-27_tf_1h,2021-05-19 08:00:00,285.39514,286.27847
Nasice,Nasice_2025-07-18_12-27_tf_1h,2021-05-19 09:00:00,286.37402,285.48724
Nasice,Nasice_2025-07-18_12-27_tf_1h,2021-05-19 10:00:00,287.20718,287.39664
Nasice,Nasice_2025-07-18_12-27_tf_1h,2021-05-19 11:00:00,287.27853,287.95526
Nasice,Nasice_2025-07-18_12-27_tf_1h,2021-05-19 12:00:00,287.48425,287.31662
Nasice,Nasice_2025-07-18_12-27_tf_1h,2021-05-19 13:00:00,288.02637,287.5332
Nasice,Nasice_2025-07-18_12-27_tf_1h,2021-05-19 14:00:00,288.7145,288.28372
Nasice,Nasice_2025-07-18_12-27_tf_1h,2021-05-19 15:00:00,288.96954,289.00708
Nasice,Nasice_2025-07-18_12-27_tf_1h,2021-05-19 16:00:00,288.49545,288.87488
Nasice,Nasice_2025-07-18_12-27_tf_1h,2021-05-19 17:00:00,287.76932,287.78687
Nasice,Nasice_2025-07-18_12-27_tf_1h,2021-05-19 18:00:00,286.4677,286.765
Nasice,Nasice_2025-07-18_12-27_tf_1h,2021-05-19 19:00:00,285.51318,285.22427
Nasice,Nasice_2025-07-18_12-27_tf_1h,2021-05-19 20:00:00,284.83536,284.54028
Nasice,Nasice_2025-07-18_12-27_tf_1h,2021-05-19 21:00:00,284.26093,284.09576
Nasice,Nasice_2025-07-18_12-27_tf_1h,2021-05-19 22:00:00,283.95352,283.68735
Nasice,Nasice_2025-07-18_12-27_tf_1h,2021-05-19 23:00:00,283.7638,283.646
Nasice,Nasice_2025-07-18_12-27_tf_1h,2021-05-20 00:00:00,283.75882,283.5869
Nasice,Nasice_2025-07-18_12-27_tf_1h,2021-05-20 01:00:00,283.68045,283.73703
Nasice,Nasice_2025-07-18_12-27_tf_1h,2021-05-20 02:00:00,283.41974,283.61197
Nasice,Nasice_2025-07-18_12-27_tf_1h,2021-05-20 03:00:00,283.4054,283.20007
Nasice,Nasice_2025-07-18_12-27_tf_1h,2021-05-20 04:00:00,283.30505,283.4621
Nasice,Nasice_2025-07-18_12-27_tf_1h,2021-05-20 05:00:00,283.23135,283.26532
Nasice,Nasice_2025-07-18_12-27_tf_1h,2021-05-20 06:00:00,283.29138,283.2519
Nasice,Nasice_2025-07-18_12-27_tf_1h,2021-05-20 07:00:00,283.41174,283.458
Nasice,Nasice_2025-07-18_12-27_tf_1h,2021-05-20 08:00:00,283.56943,283.63684
Nasice,Nasice_2025-07-18_12-27_tf_1h,2021-05-20 09:00:00,283.6908,283.78134
Nasice,Nasice_2025-07-18_12-27_tf_1h,2021-05-20 10:00:00,283.91718,283.82565
Nasice,Nasice_2025-07-18_12-27_tf_1h,2021-05-20 11:00:00,284.3446,284.09338
Nasice,Nasice_2025-07-18_12-27_tf_1h,2021-05-20 12:00:00,284.98105,284.63977
Nasice,Nasice_2025-07-18_12-27_tf_1h,2021-05-20 13:00:00,285.9776,285.41367
Nasice,Nasice_2025-07-18_12-27_tf_1h,2021-05-20 14:00:00,287.2025,286.62692
Nasice,Nasice_2025-07-18_12-27_tf_1h,2021-05-20 15:00:00,287.7013,287.92752
Nasice,Nasice_2025-07-18_12-27_tf_1h,2021-05-20 16:00:00,288.0597,287.91138
Nasice,Nasice_2025-07-18_12-27_tf_1h,2021-05-20 17:00:00,288.27673,288.00333
Nasice,Nasice_2025-07-18_12-27_tf_1h,2021-05-20 18:00:00,287.94968,288.0692
Nasice,Nasice_2025-07-18_12-27_tf_1h,2021-05-20 19:00:00,287.10785,287.30655
Nasice,Nasice_2025-07-18_12-27_tf_1h,2021-05-20 20:00:00,285.48117,286.03735
Nasice,Nasice_2025-07-18_12-27_tf_1h,2021-05-20 21:00:00,285.0664,284.1019
Nasice,Nasice_2025-07-18_12-27_tf_1h,2021-05-20 22:00:00,284.71268,284.48392
Nasice,Nasice_2025-07-18_12-27_tf_1h,2021-05-20 23:00:00,284.39594,284.21365
Nasice,Nasice_2025-07-18_12-27_tf_1h,2021-05-21 00:00:00,283.94052,283.99176
Nasice,Nasice_2025-07-18_12-27_tf_1h,2021-05-21 01:00:00,283.3207,283.51776
Nasice,Nasice_2025-07-18_12-27_tf_1h,2021-05-21 02:00:00,282.7069,282.82425
Nasice,Nasice_2025-07-18_12-27_tf_1h,2021-05-21 03:00:00,282.27817,282.2509
Nasice,Nasice_2025-07-18_12-27_tf_1h,2021-05-21 04:00:00,281.8791,282.0021
Nasice,Nasice_2025-07-18_12-27_tf_1h,2021-05-21 05:00:00,281.8084,281.6258
Nasice,Nasice_2025-07-18_12-27_tf_1h,2021-05-21 06:00:00,283.3354,281.83676
Nasice,Nasice_2025-07-18_12-27_tf_1h,2021-05-21 07:00:00,286.0453,284.60675
Nasice,Nasice_2025-07-18_12-27_tf_1h,2021-05-21 08:00:00,287.58994,287.57944
Nasice,Nasice_2025-07-18_12-27_tf_1h,2021-05-21 09:00:00,289.10458,288.32767
Nasice,Nasice_2025-07-18_12-27_tf_1h,2021-05-21 10:00:00,290.59555,290.03192
Nasice,Nasice_2025-07-18_12-27_tf_1h,2021-05-21 11:00:00,291.8168,291.6853
Nasice,Nasice_2025-07-18_12-27_tf_1h,2021-05-21 12:00:00,292.8337,292.5786
Nasice,Nasice_2025-07-18_12-27_tf_1h,2021-05-21 13:00:00,293.55817,293.31558
Nasice,Nasice_2025-07-18_12-27_tf_1h,2021-05-21 14:00:00,294.06595,293.77884
Nasice,Nasice_2025-07-18_12-27_tf_1h,2021-05-21 15:00:00,294.292,294.02008
Nasice,Nasice_2025-07-18_12-27_tf_1h,2021-05-21 16:00:00,294.28833,293.87808
Nasice,Nasice_2025-07-18_12-27_tf_1h,2021-05-21 17:00:00,293.91626,293.54495
Nasice,Nasice_2025-07-18_12-27_tf_1h,2021-05-21 18:00:00,292.67368,292.85123
Nasice,Nasice_2025-07-18_12-27_tf_1h,2021-05-21 19:00:00,290.84695,291.18384
Nasice,Nasice_2025-07-18_12-27_tf_1h,2021-05-21 20:00:00,289.4543,289.41614
Nasice,Nasice_2025-07-18_12-27_tf_1h,2021-05-21 21:00:00,288.0917,288.35016
Nasice,Nasice_2025-07-18_12-27_tf_1h,2021-05-21 22:00:00,286.7611,287.073
Nasice,Nasice_2025-07-18_12-27_tf_1h,2021-05-21 23:00:00,285.78925,285.84247
Nasice,Nasice_2025-07-18_12-27_tf_1h,2021-05-22 00:00:00,285.39148,285.09146
Nasice,Nasice_2025-07-18_12-27_tf_1h,2021-05-22 01:00:00,284.95038,284.98975
Nasice,Nasice_2025-07-18_12-27_tf_1h,2021-05-22 02:00:00,284.688,284.54114
Nasice,Nasice_2025-07-18_12-27_tf_1h,2021-05-22 03:00:00,284.47397,284.3005
Nasice,Nasice_2025-07-18_12-27_tf_1h,2021-05-22 04:00:00,283.95386,284.0767
Nasice,Nasice_2025-07-18_12-27_tf_1h,2021-05-22 05:00:00,283.70547,283.48477
Nasice,Nasice_2025-07-18_12-27_tf_1h,2021-05-22 06:00:00,285.85492,284.36163
Nasice,Nasice_2025-07-18_12-27_tf_1h,2021-05-22 07:00:00,288.65182,288.40326
Nasice,Nasice_2025-07-18_12-27_tf_1h,2021-05-22 08:00:00,289.90707,290.19324
Nasice,Nasice_2025-07-18_12-27_tf_1h,2021-05-22 09:00:00,291.4404,291.06262
Nasice,Nasice_2025-07-18_12-27_tf_1h,2021-05-22 10:00:00,292.21323,292.59998
Nasice,Nasice_2025-07-18_12-27_tf_1h,2021-05-22 11:00:00,292.63898,292.79285
Nasice,Nasice_2025-07-18_12-27_tf_1h,2021-05-22 12:00:00,293.08142,292.88904
Nasice,Nasice_2025-07-18_12-27_tf_1h,2021-05-22 13:00:00,292.35492,293.25674
Nasice,Nasice_2025-07-18_12-27_tf_1h,2021-05-22 14:00:00,292.79803,291.6331
Nasice,Nasice_2025-07-18_12-27_tf_1h,2021-05-22 15:00:00,293.47482,292.56625
Nasice,Nasice_2025-07-18_12-27_tf_1h,2021-05-22 16:00:00,293.89624,293.37015
Nasice,Nasice_2025-07-18_12-27_tf_1h,2021-05-22 17:00:00,293.6092,293.54053
Nasice,Nasice_2025-07-18_12-27_tf_1h,2021-05-22 18:00:00,292.58466,292.74628
Nasice,Nasice_2025-07-18_12-27_tf_1h,2021-05-22 19:00:00,291.23502,291.27307
Nasice,Nasice_2025-07-18_12-27_tf_1h,2021-05-22 20:00:00,289.4233,289.9213
Nasice,Nasice_2025-07-18_12-27_tf_1h,2021-05-22 21:00:00,288.18338,288.13736
Nasice,Nasice_2025-07-18_12-27_tf_1h,2021-05-22 22:00:00,288.43243,287.2266
Nasice,Nasice_2025-07-18_12-27_tf_1h,2021-05-22 23:00:00,288.69516,288.10043
Nasice,Nasice_2025-07-18_12-27_tf_1h,2021-05-23 00:00:00,288.59647,288.38028
Nasice,Nasice_2025-07-18_12-27_tf_1h,2021-05-23 01:00:00,288.19772,288.16803
Nasice,Nasice_2025-07-18_12-27_tf_1h,2021-05-23 02:00:00,286.31567,287.66284
Nasice,Nasice_2025-07-18_12-27_tf_1h,2021-05-23 03:00:00,285.4375,284.9562
Nasice,Nasice_2025-07-18_12-27_tf_1h,2021-05-23 04:00:00,285.18912,284.98804
Nasice,Nasice_2025-07-18_12-27_tf_1h,2021-05-23 05:00:00,285.30048,285.05963
Nasice,Nasice_2025-07-18_12-27_tf_1h,2021-05-23 06:00:00,287.35287,285.70123
Nasice,Nasice_2025-07-18_12-27_tf_1h,2021-05-23 07:00:00,289.47165,289.35208
Nasice,Nasice_2025-07-18_12-27_tf_1h,2021-05-23 08:00:00,291.42206,290.78128
Nasice,Nasice_2025-07-18_12-27_tf_1h,2021-05-23 09:00:00,293.1431,292.76715
Nasice,Nasice_2025-07-18_12-27_tf_1h,2021-05-23 10:00:00,294.53204,294.3356
Nasice,Nasice_2025-07-18_12-27_tf_1h,2021-05-23 11:00:00,295.82065,295.36722
Nasice,Nasice_2025-07-18_12-27_tf_1h,2021-05-23 12:00:00,296.7355,296.48013
Nasice,Nasice_2025-07-18_12-27_tf_1h,2021-05-23 13:00:00,297.3793,297.11554
Nasice,Nasice_2025-07-18_12-27_tf_1h,2021-05-23 14:00:00,297.32263,297.50742
Nasice,Nasice_2025-07-18_12-27_tf_1h,2021-05-23 15:00:00,296.6125,296.7798
Nasice,Nasice_2025-07-18_12-27_tf_1h,2021-05-23 16:00:00,295.0485,295.46985
Nasice,Nasice_2025-07-18_12-27_tf_1h,2021-05-23 17:00:00,291.35873,293.4029
Nasice,Nasice_2025-07-18_12-27_tf_1h,2021-05-23 18:00:00,288.3581,289.45016
Nasice,Nasice_2025-07-18_12-27_tf_1h,2021-05-23 19:00:00,287.23254,287.18176
Nasice,Nasice_2025-07-18_12-27_tf_1h,2021-05-23 20:00:00,286.88513,286.71857
Nasice,Nasice_2025-07-18_12-27_tf_1h,2021-05-23 21:00:00,286.25732,286.5261
Nasice,Nasice_2025-07-18_12-27_tf_1h,2021-05-23 22:00:00,286.0893,285.77927
Nasice,Nasice_2025-07-18_12-27_tf_1h,2021-05-23 23:00:00,285.49216,285.84012
Nasice,Nasice_2025-07-18_12-27_tf_1h,2021-05-24 00:00:00,284.44495,284.9487
Nasice,Nasice_2025-07-18_12-27_tf_1h,2021-05-24 01:00:00,283.39206,283.5672
Nasice,Nasice_2025-07-18_12-27_tf_1h,2021-05-24 02:00:00,283.83716,282.5069
Nasice,Nasice_2025-07-18_12-27_tf_1h,2021-05-24 03:00:00,284.09753,284.4028
Nasice,Nasice_2025-07-18_12-27_tf_1h,2021-05-24 04:00:00,283.4741,284.02927
Nasice,Nasice_2025-07-18_12-27_tf_1h,2021-05-24 05:00:00,282.8963,284.13742
Nasice,Nasice_2025-07-18_12-27_tf_1h,2021-05-24 06:00:00,284.34927,283.71487
Nasice,Nasice_2025-07-18_12-27_tf_1h,2021-05-24 07:00:00,286.3617,286.45422
Nasice,Nasice_2025-07-18_12-27_tf_1h,2021-05-24 08:00:00,287.35623,287.8883
Nasice,Nasice_2025-07-18_12-27_tf_1h,2021-05-24 09:00:00,287.889,288.15338
Nasice,Nasice_2025-07-18_12-27_tf_1h,2021-05-24 10:00:00,288.65216,288.287
Nasice,Nasice_2025-07-18_12-27_tf_1h,2021-05-24 11:00:00,288.8979,289.091
Nasice,Nasice_2025-07-18_12-27_tf_1h,2021-05-24 12:00:00,289.51868,288.98373
Nasice,Nasice_2025-07-18_12-27_tf_1h,2021-05-24 13:00:00,289.51666,289.72873
Nasice,Nasice_2025-07-18_12-27_tf_1h,2021-05-24 14:00:00,290.20682,289.37564
Nasice,Nasice_2025-07-18_12-27_tf_1h,2021-05-24 15:00:00,291.37674,290.32455
Nasice,Nasice_2025-07-18_12-27_tf_1h,2021-05-24 16:00:00,292.03754,291.7168
Nasice,Nasice_2025-07-18_12-27_tf_1h,2021-05-24 17:00:00,292.1252,292.02493
Nasice,Nasice_2025-07-18_12-27_tf_1h,2021-05-24 18:00:00,291.51743,291.61926
Nasice,Nasice_2025-07-18_12-27_tf_1h,2021-05-24 19:00:00,290.51587,290.49182
Nasice,Nasice_2025-07-18_12-27_tf_1h,2021-05-24 20:00:00,289.26996,289.21115
Nasice,Nasice_2025-07-18_12-27_tf_1h,2021-05-24 21:00:00,288.4031,288.0468
Nasice,Nasice_2025-07-18_12-27_tf_1h,2021-05-24 22:00:00,287.7343,287.42554
Nasice,Nasice_2025-07-18_12-27_tf_1h,2021-05-24 23:00:00,287.63495,286.91367
Nasice,Nasice_2025-07-18_12-27_tf_1h,2021-05-25 00:00:00,287.6963,287.17685
Nasice,Nasice_2025-07-18_12-27_tf_1h,2021-05-25 01:00:00,287.04282,287.42535
Nasice,Nasice_2025-07-18_12-27_tf_1h,2021-05-25 02:00:00,286.03494,286.42722
Nasice,Nasice_2025-07-18_12-27_tf_1h,2021-05-25 03:00:00,285.9266,285.23615
Nasice,Nasice_2025-07-18_12-27_tf_1h,2021-05-25 04:00:00,285.66153,285.86847
Nasice,Nasice_2025-07-18_12-27_tf_1h,2021-05-25 05:00:00,285.69354,285.3419
Nasice,Nasice_2025-07-18_12-27_tf_1h,2021-05-25 06:00:00,287.24588,285.7067
Nasice,Nasice_2025-07-18_12-27_tf_1h,2021-05-25 07:00:00,289.77307,288.3475
Nasice,Nasice_2025-07-18_12-27_tf_1h,2021-05-25 08:00:00,290.59958,290.7996
Nasice,Nasice_2025-07-18_12-27_tf_1h,2021-05-25 09:00:00,292.66934,291.11298
Nasice,Nasice_2025-07-18_12-27_tf_1h,2021-05-25 10:00:00,293.76157,293.85788
Nasice,Nasice_2025-07-18_12-27_tf_1h,2021-05-25 11:00:00,294.1283,294.57648
Nasice,Nasice_2025-07-18_12-27_tf_1h,2021-05-25 12:00:00,293.76123,294.2884
Nasice,Nasice_2025-07-18_12-27_tf_1h,2021-05-25 13:00:00,292.51962,293.2053
Nasice,Nasice_2025-07-18_12-27_tf_1h,2021-05-25 14:00:00,291.6468,291.2923
Nasice,Nasice_2025-07-18_12-27_tf_1h,2021-05-25 15:00:00,290.6149,290.4459
Nasice,Nasice_2025-07-18_12-27_tf_1h,2021-05-25 16:00:00,290.09912,289.45157
Nasice,Nasice_2025-07-18_12-27_tf_1h,2021-05-25 17:00:00,289.56567,289.24774
Nasice,Nasice_2025-07-18_12-27_tf_1h,2021-05-25 18:00:00,288.9899,288.77274
Nasice,Nasice_2025-07-18_12-27_tf_1h,2021-05-25 19:00:00,288.1654,288.26407
Nasice,Nasice_2025-07-18_12-27_tf_1h,2021-05-25 20:00:00,286.91812,287.38608
Nasice,Nasice_2025-07-18_12-27_tf_1h,2021-05-25 21:00:00,286.22964,285.96368
Nasice,Nasice_2025-07-18_12-27_tf_1h,2021-05-25 22:00:00,285.5375,285.62073
Nasice,Nasice_2025-07-18_12-27_tf_1h,2021-05-25 23:00:00,284.81537,284.95343
Nasice,Nasice_2025-07-18_12-27_tf_1h,2021-05-26 00:00:00,284.07086,284.21005
Nasice,Nasice_2025-07-18_12-27_tf_1h,2021-05-26 01:00:00,283.46674,283.387
Nasice,Nasice_2025-07-18_12-27_tf_1h,2021-05-26 02:00:00,282.25882,282.92316
Nasice,Nasice_2025-07-18_12-27_tf_1h,2021-05-26 03:00:00,281.63937,281.2487
Nasice,Nasice_2025-07-18_12-27_tf_1h,2021-05-26 04:00:00,282.63156,282.2951
Nasice,Nasice_2025-07-18_12-27_tf_1h,2021-05-26 05:00:00,282.51556,284.56827
Nasice,Nasice_2025-07-18_12-27_tf_1h,2021-05-26 06:00:00,282.91696,282.37238
Nasice,Nasice_2025-07-18_12-27_tf_1h,2021-05-26 07:00:00,285.79556,283.78995
Nasice,Nasice_2025-07-18_12-27_tf_1h,2021-05-26 08:00:00,287.0545,287.71887
Nasice,Nasice_2025-07-18_12-27_tf_1h,2021-05-26 09:00:00,288.32242,288.06894
Nasice,Nasice_2025-07-18_12-27_tf_1h,2021-05-26 10:00:00,289.412,289.06323
Nasice,Nasice_2025-07-18_12-27_tf_1h,2021-05-26 11:00:00,290.37585,290.04523
Nasice,Nasice_2025-07-18_12-27_tf_1h,2021-05-26 12:00:00,291.34872,290.88098
Nasice,Nasice_2025-07-18_12-27_tf_1h,2021-05-26 13:00:00,292.16055,291.8207
Nasice,Nasice_2025-07-18_12-27_tf_1h,2021-05-26 14:00:00,292.74368,292.49597
Nasice,Nasice_2025-07-18_12-27_tf_1h,2021-05-26 15:00:00,293.05875,292.86404
Nasice,Nasice_2025-07-18_12-27_tf_1h,2021-05-26 16:00:00,293.10342,292.82846
Nasice,Nasice_2025-07-18_12-27_tf_1h,2021-05-26 17:00:00,292.89072,292.52963
Nasice,Nasice_2025-07-18_12-27_tf_1h,2021-05-26 18:00:00,292.1112,292.02618
Nasice,Nasice_2025-07-18_12-27_tf_1h,2021-05-26 19:00:00,290.50623,290.8861
Nasice,Nasice_2025-07-18_12-27_tf_1h,2021-05-26 20:00:00,288.2881,289.0392
Nasice,Nasice_2025-07-18_12-27_tf_1h,2021-05-26 21:00:00,287.13452,286.88596
Nasice,Nasice_2025-07-18_12-27_tf_1h,2021-05-26 22:00:00,286.97015,286.23907
Nasice,Nasice_2025-07-18_12-27_tf_1h,2021-05-26 23:00:00,286.84244,286.44696
Nasice,Nasice_2025-07-18_12-27_tf_1h,2021-05-27 00:00:00,286.22565,286.38348
Nasice,Nasice_2025-07-18_12-27_tf_1h,2021-05-27 01:00:00,287.30453,285.62216
Nasice,Nasice_2025-07-18_12-27_tf_1h,2021-05-27 02:00:00,286.98282,287.58212
Nasice,Nasice_2025-07-18_12-27_tf_1h,2021-05-27 03:00:00,286.40668,286.56384
Nasice,Nasice_2025-07-18_12-27_tf_1h,2021-05-27 04:00:00,285.39413,285.7636
Nasice,Nasice_2025-07-18_12-27_tf_1h,2021-05-27 05:00:00,283.85748,284.5696
Nasice,Nasice_2025-07-18_12-27_tf_1h,2021-05-27 06:00:00,285.19278,282.9107
Nasice,Nasice_2025-07-18_12-27_tf_1h,2021-05-27 07:00:00,288.71783,287.56165
Nasice,Nasice_2025-07-18_12-27_tf_1h,2021-05-27 08:00:00,290.5732,290.59637
Nasice,Nasice_2025-07-18_12-27_tf_1h,2021-05-27 09:00:00,292.1659,291.8563
Nasice,Nasice_2025-07-18_12-27_tf_1h,2021-05-27 10:00:00,293.40848,293.37387
Nasice,Nasice_2025-07-18_12-27_tf_1h,2021-05-27 11:00:00,294.246,294.2382
Nasice,Nasice_2025-07-18_12-27_tf_1h,2021-05-27 12:00:00,294.9041,294.712
Nasice,Nasice_2025-07-18_12-27_tf_1h,2021-05-27 13:00:00,295.43756,295.15216
Nasice,Nasice_2025-07-18_12-27_tf_1h,2021-05-27 14:00:00,295.7003,295.50272
Nasice,Nasice_2025-07-18_12-27_tf_1h,2021-05-27 15:00:00,295.77798,295.38226
Nasice,Nasice_2025-07-18_12-27_tf_1h,2021-05-27 16:00:00,295.6906,295.135
Nasice,Nasice_2025-07-18_12-27_tf_1h,2021-05-27 17:00:00,295.2462,294.79077
Nasice,Nasice_2025-07-18_12-27_tf_1h,2021-05-27 18:00:00,294.1993,294.11426
Nasice,Nasice_2025-07-18_12-27_tf_1h,2021-05-27 19:00:00,292.87238,292.83145
Nasice,Nasice_2025-07-18_12-27_tf_1h,2021-05-27 20:00:00,291.5001,291.64087
Nasice,Nasice_2025-07-18_12-27_tf_1h,2021-05-27 21:00:00,290.63223,290.38095
Nasice,Nasice_2025-07-18_12-27_tf_1h,2021-05-27 22:00:00,289.8374,289.77682
Nasice,Nasice_2025-07-18_12-27_tf_1h,2021-05-27 23:00:00,288.96057,289.04358
Nasice,Nasice_2025-07-18_12-27_tf_1h,2021-05-28 00:00:00,287.67596,288.19818
Nasice,Nasice_2025-07-18_12-27_tf_1h,2021-05-28 01:00:00,286.7731,286.79135
Nasice,Nasice_2025-07-18_12-27_tf_1h,2021-05-28 02:00:00,286.08063,286.1192
Nasice,Nasice_2025-07-18_12-27_tf_1h,2021-05-28 03:00:00,285.3288,285.49164
Nasice,Nasice_2025-07-18_12-27_tf_1h,2021-05-28 04:00:00,284.58832,284.61572
Nasice,Nasice_2025-07-18_12-27_tf_1h,2021-05-28 05:00:00,284.40894,284.01248
Nasice,Nasice_2025-07-18_12-27_tf_1h,2021-05-28 06:00:00,284.62198,284.9527
Nasice,Nasice_2025-07-18_12-27_tf_1h,2021-05-28 07:00:00,285.2091,285.6612
Nasice,Nasice_2025-07-18_12-27_tf_1h,2021-05-28 08:00:00,286.5277,286.376
Nasice,Nasice_2025-07-18_12-27_tf_1h,2021-05-28 09:00:00,288.0657,287.87845
Nasice,Nasice_2025-07-18_12-27_tf_1h,2021-05-28 10:00:00,289.6747,289.37848
Nasice,Nasice_2025-07-18_12-27_tf_1h,2021-05-28 11:00:00,291.06467,290.87842
Nasice,Nasice_2025-07-18_12-27_tf_1h,2021-05-28 12:00:00,291.90985,291.99252
Nasice,Nasice_2025-07-18_12-27_tf_1h,2021-05-28 13:00:00,292.34393,292.4335
Nasice,Nasice_2025-07-18_12-27_tf_1h,2021-05-28 14:00:00,292.33527,292.56757
Nasice,Nasice_2025-07-18_12-27_tf_1h,2021-05-28 15:00:00,292.17557,292.22763
Nasice,Nasice_2025-07-18_12-27_tf_1h,2021-05-28 16:00:00,291.82114,291.75137
Nasice,Nasice_2025-07-18_12-27_tf_1h,2021-05-28 17:00:00,291.54877,291.1077
Nasice,Nasice_2025-07-18_12-27_tf_1h,2021-05-28 18:00:00,290.82928,290.74945
Nasice,Nasice_2025-07-18_12-27_tf_1h,2021-05-28 19:00:00,289.6067,289.74457
Nasice,Nasice_2025-07-18_12-27_tf_1h,2021-05-28 20:00:00,288.52014,288.35733
Nasice,Nasice_2025-07-18_12-27_tf_1h,2021-05-28 21:00:00,287.28787,287.4767
Nasice,Nasice_2025-07-18_12-27_tf_1h,2021-05-28 22:00:00,286.0063,286.25714
Nasice,Nasice_2025-07-18_12-27_tf_1h,2021-05-28 23:00:00,284.92438,285.04044
Nasice,Nasice_2025-07-18_12-27_tf_1h,2021-05-29 00:00:00,284.09286,284.11758
Nasice,Nasice_2025-07-18_12-27_tf_1h,2021-05-29 01:00:00,283.4481,283.4563
Nasice,Nasice_2025-07-18_12-27_tf_1h,2021-05-29 02:00:00,282.90662,282.92056
Nasice,Nasice_2025-07-18_12-27_tf_1h,2021-05-29 03:00:00,282.5082,282.37082
Nasice,Nasice_2025-07-18_12-27_tf_1h,2021-05-29 04:00:00,282.1725,282.08685
Nasice,Nasice_2025-07-18_12-27_tf_1h,2021-05-29 05:00:00,282.41153,281.96735
Nasice,Nasice_2025-07-18_12-27_tf_1h,2021-05-29 06:00:00,285.41348,283.36322
Nasice,Nasice_2025-07-18_12-27_tf_1h,2021-05-29 07:00:00,288.18307,288.09988
Nasice,Nasice_2025-07-18_12-27_tf_1h,2021-05-29 08:00:00,289.34363,289.7752
Nasice,Nasice_2025-07-18_12-27_tf_1h,2021-05-29 09:00:00,290.45352,290.37042
Nasice,Nasice_2025-07-18_12-27_tf_1h,2021-05-29 10:00:00,291.2017,291.232
Nasice,Nasice_2025-07-18_12-27_tf_1h,2021-05-29 11:00:00,291.93716,291.69568
Nasice,Nasice_2025-07-18_12-27_tf_1h,2021-05-29 12:00:00,292.11887,292.3242
Nasice,Nasice_2025-07-18_12-27_tf_1h,2021-05-29 13:00:00,292.4136,292.16708
Nasice,Nasice_2025-07-18_12-27_tf_1h,2021-05-29 14:00:00,292.778,292.30707
Nasice,Nasice_2025-07-18_12-27_tf_1h,2021-05-29 15:00:00,292.76767,292.57907
Nasice,Nasice_2025-07-18_12-27_tf_1h,2021-05-29 16:00:00,292.2629,292.20694
Nasice,Nasice_2025-07-18_12-27_tf_1h,2021-05-29 17:00:00,291.6261,291.27786
Nasice,Nasice_2025-07-18_12-27_tf_1h,2021-05-29 18:00:00,290.92697,290.47757
Nasice,Nasice_2025-07-18_12-27_tf_1h,2021-05-29 19:00:00,289.84607,289.79794
Nasice,Nasice_2025-07-18_12-27_tf_1h,2021-05-29 20:00:00,288.87054,288.68823
Nasice,Nasice_2025-07-18_12-27_tf_1h,2021-05-29 21:00:00,288.41745,287.8548
Nasice,Nasice_2025-07-18_12-27_tf_1h,2021-05-29 22:00:00,287.93134,287.69528
Nasice,Nasice_2025-07-18_12-27_tf_1h,2021-05-29 23:00:00,287.44357,287.2733
Nasice,Nasice_2025-07-18_12-27_tf_1h,2021-05-30 00:00:00,286.8668,286.86484
Nasice,Nasice_2025-07-18_12-27_tf_1h,2021-05-30 01:00:00,286.44836,286.30325
Nasice,Nasice_2025-07-18_12-27_tf_1h,2021-05-30 02:00:00,285.98926,286.02655
Nasice,Nasice_2025-07-18_12-27_tf_1h,2021-05-30 03:00:00,285.43448,285.53842
Nasice,Nasice_2025-07-18_12-27_tf_1h,2021-05-30 04:00:00,284.75702,284.93292
Nasice,Nasice_2025-07-18_12-27_tf_1h,2021-05-30 05:00:00,284.1739,284.49704
Nasice,Nasice_2025-07-18_12-27_tf_1h,2021-05-30 06:00:00,284.81903,284.27606
Nasice,Nasice_2025-07-18_12-27_tf_1h,2021-05-30 07:00:00,286.02762,286.004
Nasice,Nasice_2025-07-18_12-27_tf_1h,2021-05-30 08:00:00,287.2792,287.05887
Nasice,Nasice_2025-07-18_12-27_tf_1h,2021-05-30 09:00:00,288.61316,288.2556
Nasice,Nasice_2025-07-18_12-27_tf_1h,2021-05-30 10:00:00,289.27463,289.64883
Nasice,Nasice_2025-07-18_12-27_tf_1h,2021-05-30 11:00:00,290.05646,289.81332
Nasice,Nasice_2025-07-18_12-27_tf_1h,2021-05-30 12:00:00,290.62558,290.53528
Nasice,Nasice_2025-07-18_12-27_tf_1h,2021-05-30 13:00:00,291.09067,290.93185
Nasice,Nasice_2025-07-18_12-27_tf_1h,2021-05-30 14:00:00,291.39972,291.1972
Nasice,Nasice_2025-07-18_12-27_tf_1h,2021-05-30 15:00:00,289.89243,291.28543
Nasice,Nasice_2025-07-18_12-27_tf_1h,2021-05-30 16:00:00,289.92575,288.5962
Nasice,Nasice_2025-07-18_12-27_tf_1h,2021-05-30 17:00:00,289.20294,289.3055
Nasice,Nasice_2025-07-18_12-27_tf_1h,2021-05-30 18:00:00,288.3781,288.22647
Nasice,Nasice_2025-07-18_12-27_tf_1h,2021-05-30 19:00:00,287.16617,287.42072
Nasice,Nasice_2025-07-18_12-27_tf_1h,2021-05-30 20:00:00,286.61273,286.09265
Nasice,Nasice_2025-07-18_12-27_tf_1h,2021-05-30 21:00:00,285.98926,285.9559
Nasice,Nasice_2025-07-18_12-27_tf_1h,2021-05-30 22:00:00,285.38248,285.35733
Nasice,Nasice_2025-07-18_12-27_tf_1h,2021-05-30 23:00:00,284.8187,284.80618
Nasice,Nasice_2025-07-18_12-27_tf_1h,2021-05-31 00:00:00,284.36926,284.3198
Nasice,Nasice_2025-07-18_12-27_tf_1h,2021-05-31 01:00:00,283.8515,283.97675
Nasice,Nasice_2025-07-18_12-27_tf_1h,2021-05-31 02:00:00,283.61743,283.42648
Nasice,Nasice_2025-07-18_12-27_tf_1h,2021-05-31 03:00:00,283.10535,283.37064
Nasice,Nasice_2025-07-18_12-27_tf_1h,2021-05-31 04:00:00,282.88263,282.59412
Nasice,Nasice_2025-07-18_12-27_tf_1h,2021-05-31 05:00:00,282.85327,283.08954
Nasice,Nasice_2025-07-18_12-27_tf_1h,2021-05-31 06:00:00,283.96252,283.22354
Nasice,Nasice_2025-07-18_12-27_tf_1h,2021-05-31 07:00:00,285.0601,285.30603
Nasice,Nasice_2025-07-18_12-27_tf_1h,2021-05-31 08:00:00,286.1293,285.9451
Nasice,Nasice_2025-07-18_12-27_tf_1h,2021-05-31 09:00:00,287.06384,287.02374
Nasice,Nasice_2025-07-18_12-27_tf_1h,2021-05-31 10:00:00,288.29175,287.8003
Nasice,Nasice_2025-07-18_12-27_tf_1h,2021-05-31 11:00:00,289.59702,289.0803
Nasice,Nasice_2025-07-18_12-27_tf_1h,2021-05-31 12:00:00,290.22916,290.3633
Nasice,Nasice_2025-07-18_12-27_tf_1h,2021-05-31 13:00:00,290.87094,290.5622
Nasice,Nasice_2025-07-18_12-27_tf_1h,2021-05-31 14:00:00,291.18936,291.1104
Nasice,Nasice_2025-07-18_12-27_tf_1h,2021-05-31 15:00:00,291.40207,291.11807
Nasice,Nasice_2025-07-18_12-27_tf_1h,2021-05-31 16:00:00,291.07565,291.0814
Nasice,Nasice_2025-07-18_12-27_tf_1h,2021-05-31 17:00:00,290.2875,290.3045
Nasice,Nasice_2025-07-18_12-27_tf_1h,2021-05-31 18:00:00,288.90854,289.1198
Nasice,Nasice_2025-07-18_12-27_tf_1h,2021-05-31 19:00:00,288.2124,287.54712
Nasice,Nasice_2025-07-18_12-27_tf_1h,2021-05-31 20:00:00,286.6371,287.29257
Nasice,Nasice_2025-07-18_12-27_tf_1h,2021-05-31 21:00:00,285.44815,285.4295
Nasice,Nasice_2025-07-18_12-27_tf_1h,2021-05-31 22:00:00,284.95105,284.50912
Nasice,Nasice_2025-07-18_12-27_tf_1h,2021-05-31 23:00:00,284.38126,284.3985
Nasice,Nasice_2025-07-18_12-27_tf_1h,2021-06-01 00:00:00,283.94717,283.85547
Nasice,Nasice_2025-07-18_12-27_tf_1h,2021-06-01 01:00:00,283.44714,283.56918
Nasice,Nasice_2025-07-18_12-27_tf_1h,2021-06-01 02:00:00,283.12976,283.03214
Nasice,Nasice_2025-07-18_12-27_tf_1h,2021-06-01 03:00:00,282.81915,282.80838
Nasice,Nasice_2025-07-18_12-27_tf_1h,2021-06-01 04:00:00,282.40457,282.5033
Nasice,Nasice_2025-07-18_12-27_tf_1h,2021-06-01 05:00:00,282.54276,282.21286
Nasice,Nasice_2025-07-18_12-27_tf_1h,2021-06-01 06:00:00,284.06882,283.33844
Nasice,Nasice_2025-07-18_12-27_tf_1h,2021-06-01 07:00:00,285.93884,285.687
Nasice,Nasice_2025-07-18_12-27_tf_1h,2021-06-01 08:00:00,287.84186,287.25574
Nasice,Nasice_2025-07-18_12-27_tf_1h,2021-06-01 09:00:00,289.2466,289.2947
Nasice,Nasice_2025-07-18_12-27_tf_1h,2021-06-01 10:00:00,289.97815,290.2849
Nasice,Nasice_2025-07-18_12-27_tf_1h,2021-06-01 11:00:00,290.1214,290.44135
Nasice,Nasice_2025-07-18_12-27_tf_1h,2021-06-01 12:00:00,290.8952,290.17593
Nasice,Nasice_2025-07-18_12-27_tf_1h,2021-06-01 13:00:00,291.52786,291.2224
Nasice,Nasice_2025-07-18_12-27_tf_1h,2021-06-01 14:00:00,292.02737,291.7572
Nasice,Nasice_2025-07-18_12-27_tf_1h,2021-06-01 15:00:00,292.18375,291.99878
Nasice,Nasice_2025-07-18_12-27_tf_1h,2021-06-01 16:00:00,291.63434,291.78528
Nasice,Nasice_2025-07-18_12-27_tf_1h,2021-06-01 17:00:00,291.11453,290.66528
Nasice,Nasice_2025-07-18_12-27_tf_1h,2021-06-01 18:00:00,290.6708,290.01932
Nasice,Nasice_2025-07-18_12-27_tf_1h,2021-06-01 19:00:00,289.53143,289.6517
Nasice,Nasice_2025-07-18_12-27_tf_1h,2021-06-01 20:00:00,288.16812,288.3322
Nasice,Nasice_2025-07-18_12-27_tf_1h,2021-06-01 21:00:00,286.72278,287.00845
Nasice,Nasice_2025-07-18_12-27_tf_1h,2021-06-01 22:00:00,285.19885,285.64542
Nasice,Nasice_2025-07-18_12-27_tf_1h,2021-06-01 23:00:00,284.3287,284.177
Nasice,Nasice_2025-07-18_12-27_tf_1h,2021-06-02 00:00:00,283.3508,283.67548
Nasice,Nasice_2025-07-18_12-27_tf_1h,2021-06-02 01:00:00,282.7841,282.69467
Nasice,Nasice_2025-07-18_12-27_tf_1h,2021-06-02 02:00:00,282.47345,282.32703
Nasice,Nasice_2025-07-18_12-27_tf_1h,2021-06-02 03:00:00,282.28244,282.11075
Nasice,Nasice_2025-07-18_12-27_tf_1h,2021-06-02 04:00:00,282.22412,282.1258
Nasice,Nasice_2025-07-18_12-27_tf_1h,2021-06-02 05:00:00,282.5939,282.66864
Nasice,Nasice_2025-07-18_12-27_tf_1h,2021-06-02 06:00:00,285.18704,283.78937
Nasice,Nasice_2025-07-18_12-27_tf_1h,2021-06-02 07:00:00,287.9851,287.46442
Nasice,Nasice_2025-07-18_12-27_tf_1h,2021-06-02 08:00:00,290.53006,289.62863
Nasice,Nasice_2025-07-18_12-27_tf_1h,2021-06-02 09:00:00,292.02823,292.20203
Nasice,Nasice_2025-07-18_12-27_tf_1h,2021-06-02 10:00:00,293.00867,293.10013
Nasice,Nasice_2025-07-18_12-27_tf_1h,2021-06-02 11:00:00,293.7233,293.56985
Nasice,Nasice_2025-07-18_12-27_tf_1h,2021-06-02 12:00:00,294.00055,294.0817
Nasice,Nasice_2025-07-18_12-27_tf_1h,2021-06-02 13:00:00,294.18564,294.0484
Nasice,Nasice_2025-07-18_12-27_tf_1h,2021-06-02 14:00:00,294.58713,294.0108
Nasice,Nasice_2025-07-18_12-27_tf_1h,2021-06-02 15:00:00,294.68262,294.32986
Nasice,Nasice_2025-07-18_12-27_tf_1h,2021-06-02 16:00:00,294.77942,294.0905
Nasice,Nasice_2025-07-18_12-27_tf_1h,2021-06-02 17:00:00,294.28116,294.01694
Nasice,Nasice_2025-07-18_12-27_tf_1h,2021-06-02 18:00:00,293.18152,293.16684
Nasice,Nasice_2025-07-18_12-27_tf_1h,2021-06-02 19:00:00,291.4184,291.75305
Nasice,Nasice_2025-07-18_12-27_tf_1h,2021-06-02 20:00:00,290.46542,289.98245
Nasice,Nasice_2025-07-18_12-27_tf_1h,2021-06-02 21:00:00,289.19125,289.47397
Nasice,Nasice_2025-07-18_12-27_tf_1h,2021-06-02 22:00:00,288.0354,288.16425
Nasice,Nasice_2025-07-18_12-27_tf_1h,2021-06-02 23:00:00,286.861,287.16278
Nasice,Nasice_2025-07-18_12-27_tf_1h,2021-06-03 00:00:00,285.67303,286.08136
Nasice,Nasice_2025-07-18_12-27_tf_1h,2021-06-03 01:00:00,285.4165,284.95612
Nasice,Nasice_2025-07-18_12-27_tf_1h,2021-06-03 02:00:00,285.76938,285.1773
Nasice,Nasice_2025-07-18_12-27_tf_1h,2021-06-03 03:00:00,286.74475,285.75174
Nasice,Nasice_2025-07-18_12-27_tf_1h,2021-06-03 04:00:00,287.0072,287.1649
Nasice,Nasice_2025-07-18_12-27_tf_1h,2021-06-03 05:00:00,286.81998,286.82697
Nasice,Nasice_2025-07-18_12-27_tf_1h,2021-06-03 06:00:00,287.5118,287.1401
Nasice,Nasice_2025-07-18_12-27_tf_1h,2021-06-03 07:00:00,290.2579,288.80746
Nasice,Nasice_2025-07-18_12-27_tf_1h,2021-06-03 08:00:00,292.6089,292.22906
Nasice,Nasice_2025-07-18_12-27_tf_1h,2021-06-03 09:00:00,293.69965,294.3164
Nasice,Nasice_2025-07-18_12-27_tf_1h,2021-06-03 10:00:00,294.34412,294.53854
Nasice,Nasice_2025-07-18_12-27_tf_1h,2021-06-03 11:00:00,295.0896,294.76324
Nasice,Nasice_2025-07-18_12-27_tf_1h,2021-06-03 12:00:00,295.7607,295.4588
Nasice,Nasice_2025-07-18_12-27_tf_1h,2021-06-03 13:00:00,295.83804,295.98386
Nasice,Nasice_2025-07-18_12-27_tf_1h,2021-06-03 14:00:00,295.82114,295.528
Nasice,Nasice_2025-07-18_12-27_tf_1h,2021-06-03 15:00:00,295.65588,295.2013
Nasice,Nasice_2025-07-18_12-27_tf_1h,2021-06-03 16:00:00,295.4763,294.7982
Nasice,Nasice_2025-07-18_12-27_tf_1h,2021-06-03 17:00:00,295.33725,294.49844
Nasice,Nasice_2025-07-18_12-27_tf_1h,2021-06-03 18:00:00,294.27988,294.36496
Nasice,Nasice_2025-07-18_12-27_tf_1h,2021-06-03 19:00:00,292.55988,292.96487
Nasice,Nasice_2025-07-18_12-27_tf_1h,2021-06-03 20:00:00,291.14285,291.17477
Nasice,Nasice_2025-07-18_12-27_tf_1h,2021-06-03 21:00:00,289.2242,290.05603
Nasice,Nasice_2025-07-18_12-27_tf_1h,2021-06-03 22:00:00,288.81598,288.07074
Nasice,Nasice_2025-07-18_12-27_tf_1h,2021-06-03 23:00:00,289.49976,288.29694
Nasice,Nasice_2025-07-18_12-27_tf_1h,2021-06-04 00:00:00,289.01926,289.40442
Nasice,Nasice_2025-07-18_12-27_tf_1h,2021-06-04 01:00:00,287.25443,288.36972
Nasice,Nasice_2025-07-18_12-27_tf_1h,2021-06-04 02:00:00,285.84122,286.0135
Nasice,Nasice_2025-07-18_12-27_tf_1h,2021-06-04 03:00:00,284.7657,284.92035
Nasice,Nasice_2025-07-18_12-27_tf_1h,2021-06-04 04:00:00,284.17825,283.93414
Nasice,Nasice_2025-07-18_12-27_tf_1h,2021-06-04 05:00:00,284.69427,283.8887
Nasice,Nasice_2025-07-18_12-27_tf_1h,2021-06-04 06:00:00,287.0148,286.18735
Nasice,Nasice_2025-07-18_12-27_tf_1h,2021-06-04 07:00:00,291.77887,289.2815
Nasice,Nasice_2025-07-18_12-27_tf_1h,2021-06-04 08:00:00,293.9663,294.40625
Nasice,Nasice_2025-07-18_12-27_tf_1h,2021-06-04 09:00:00,295.27936,295.6126
Nasice,Nasice_2025-07-18_12-27_tf_1h,2021-06-04 10:00:00,295.98932,296.21866
Nasice,Nasice_2025-07-18_12-27_tf_1h,2021-06-04 11:00:00,296.60675,296.47144
Nasice,Nasice_2025-07-18_12-27_tf_1h,2021-06-04 12:00:00,297.2022,296.91275
Nasice,Nasice_2025-07-18_12-27_tf_1h,2021-06-04 13:00:00,297.65356,297.38702
Nasice,Nasice_2025-07-18_12-27_tf_1h,2021-06-04 14:00:00,297.968,297.60098
Nasice,Nasice_2025-07-18_12-27_tf_1h,2021-06-04 15:00:00,298.06604,297.5614
Nasice,Nasice_2025-07-18_12-27_tf_1h,2021-06-04 16:00:00,297.9477,297.32355
Nasice,Nasice_2025-07-18_12-27_tf_1h,2021-06-04 17:00:00,297.4803,296.9507
Nasice,Nasice_2025-07-18_12-27_tf_1h,2021-06-04 18:00:00,296.06625,296.26785
Nasice,Nasice_2025-07-18_12-27_tf_1h,2021-06-04 19:00:00,294.62094,294.51804
Nasice,Nasice_2025-07-18_12-27_tf_1h,2021-06-04 20:00:00,291.8968,293.35214
Nasice,Nasice_2025-07-18_12-27_tf_1h,2021-06-04 21:00:00,290.12436,290.39435
Nasice,Nasice_2025-07-18_12-27_tf_1h,2021-06-04 22:00:00,288.98416,289.16132
Nasice,Nasice_2025-07-18_12-27_tf_1h,2021-06-04 23:00:00,288.12585,288.2596
Nasice,Nasice_2025-07-18_12-27_tf_1h,2021-06-05 00:00:00,287.5325,287.51343
Nasice,Nasice_2025-07-18_12-27_tf_1h,2021-06-05 01:00:00,287.84314,287.0456
Nasice,Nasice_2025-07-18_12-27_tf_1h,2021-06-05 02:00:00,286.45444,287.73322
Nasice,Nasice_2025-07-18_12-27_tf_1h,2021-06-05 03:00:00,285.73303,285.279
Nasice,Nasice_2025-07-18_12-27_tf_1h,2021-06-05 04:00:00,285.57077,285.31918
Nasice,Nasice_2025-07-18_12-27_tf_1h,2021-06-05 05:00:00,285.90335,285.4966
Nasice,Nasice_2025-07-18_12-27_tf_1h,2021-06-05 06:00:00,288.3811,287.2339
Nasice,Nasice_2025-07-18_12-27_tf_1h,2021-06-05 07:00:00,292.45462,290.99396
Nasice,Nasice_2025-07-18_12-27_tf_1h,2021-06-05 08:00:00,294.16873,294.87787
Nasice,Nasice_2025-07-18_12-27_tf_1h,2021-06-05 09:00:00,296.06076,295.6571
Nasice,Nasice_2025-07-18_12-27_tf_1h,2021-06-05 10:00:00,297.35733,297.36566
Nasice,Nasice_2025-07-18_12-27_tf_1h,2021-06-05 11:00:00,298.38425,298.22104
Nasice,Nasice_2025-07-18_12-27_tf_1h,2021-06-05 12:00:00,299.27554,298.92343
Nasice,Nasice_2025-07-18_12-27_tf_1h,2021-06-05 13:00:00,300.0096,299.63602
Nasice,Nasice_2025-07-18_12-27_tf_1h,2021-06-05 14:00:00,300.46942,300.14313
Nasice,Nasice_2025-07-18_12-27_tf_1h,2021-06-05 15:00:00,300.65915,300.25494
Nasice,Nasice_2025-07-18_12-27_tf_1h,2021-06-05 16:00:00,300.52307,299.98938
Nasice,Nasice_2025-07-18_12-27_tf_1h,2021-06-05 17:00:00,300.13724,299.4601
Nasice,Nasice_2025-07-18_12-27_tf_1h,2021-06-05 18:00:00,299.13058,298.82834
Nasice,Nasice_2025-07-18_12-27_tf_1h,2021-06-05 19:00:00,297.75458,297.54593
Nasice,Nasice_2025-07-18_12-27_tf_1h,2021-06-05 20:00:00,295.0338,296.29697
Nasice,Nasice_2025-07-18_12-27_tf_1h,2021-06-05 21:00:00,293.21405,293.4141
Nasice,Nasice_2025-07-18_12-27_tf_1h,2021-06-05 22:00:00,292.29404,292.19632
Nasice,Nasice_2025-07-18_12-27_tf_1h,2021-06-05 23:00:00,291.3474,291.55823
Nasice,Nasice_2025-07-18_12-27_tf_1h,2021-06-06 00:00:00,290.39355,290.58987
Nasice,Nasice_2025-07-18_12-27_tf_1h,2021-06-06 01:00:00,289.5306,289.69003
Nasice,Nasice_2025-07-18_12-27_tf_1h,2021-06-06 02:00:00,289.02008,288.90918
Nasice,Nasice_2025-07-18_12-27_tf_1h,2021-06-06 03:00:00,288.90262,288.58545
Nasice,Nasice_2025-07-18_12-27_tf_1h,2021-06-06 04:00:00,289.38776,288.578
Nasice,Nasice_2025-07-18_12-27_tf_1h,2021-06-06 05:00:00,289.81586,289.3356
Nasice,Nasice_2025-07-18_12-27_tf_1h,2021-06-06 06:00:00,292.32617,290.03763
Nasice,Nasice_2025-07-18_12-27_tf_1h,2021-06-06 07:00:00,294.33948,295.2245
Nasice,Nasice_2025-07-18_12-27_tf_1h,2021-06-06 08:00:00,294.93494,295.65128
Nasice,Nasice_2025-07-18_12-27_tf_1h,2021-06-06 09:00:00,296.3756,295.95306
Nasice,Nasice_2025-07-18_12-27_tf_1h,2021-06-06 10:00:00,296.8468,297.67227
Nasice,Nasice_2025-07-18_12-27_tf_1h,2021-06-06 11:00:00,297.47397,297.335
Nasice,Nasice_2025-07-18_12-27_tf_1h,2021-06-06 12:00:00,297.8522,297.8656
Nasice,Nasice_2025-07-18_12-27_tf_1h,2021-06-06 13:00:00,298.0804,297.9855
Nasice,Nasice_2025-07-18_12-27_tf_1h,2021-06-06 14:00:00,296.73227,297.8829
Nasice,Nasice_2025-07-18_12-27_tf_1h,2021-06-06 15:00:00,297.35223,295.36655
Nasice,Nasice_2025-07-18_12-27_tf_1h,2021-06-06 16:00:00,297.3738,296.95612
Nasice,Nasice_2025-07-18_12-27_tf_1h,2021-06-06 17:00:00,297.15616,296.6424
Nasice,Nasice_2025-07-18_12-27_tf_1h,2021-06-06 18:00:00,296.16556,296.2349
Nasice,Nasice_2025-07-18_12-27_tf_1h,2021-06-06 19:00:00,295.37402,294.90118
Nasice,Nasice_2025-07-18_12-27_tf_1h,2021-06-06 20:00:00,293.8353,294.30896
Nasice,Nasice_2025-07-18_12-27_tf_1h,2021-06-06 21:00:00,292.48337,292.63477
Nasice,Nasice_2025-07-18_12-27_tf_1h,2021-06-06 22:00:00,291.35416,291.49323
Nasice,Nasice_2025-07-18_12-27_tf_1h,2021-06-06 23:00:00,290.69067,290.52014
Nasice,Nasice_2025-07-18_12-27_tf_1h,2021-06-07 00:00:00,290.0593,290.05582
Nasice,Nasice_2025-07-18_12-27_tf_1h,2021-06-07 01:00:00,289.5999,289.42914
Nasice,Nasice_2025-07-18_12-27_tf_1h,2021-06-07 02:00:00,289.23477,289.05063
Nasice,Nasice_2025-07-18_12-27_tf_1h,2021-06-07 03:00:00,288.84894,288.67953
Nasice,Nasice_2025-07-18_12-27_tf_1h,2021-06-07 04:00:00,288.22897,288.3013
Nasice,Nasice_2025-07-18_12-27_tf_1h,2021-06-07 05:00:00,288.7657,287.9586
Nasice,Nasice_2025-07-18_12-27_tf_1h,2021-06-07 06:00:00,290.54868,290.4511
Nasice,Nasice_2025-07-18_12-27_tf_1h,2021-06-07 07:00:00,292.93134,292.20612
Nasice,Nasice_2025-07-18_12-27_tf_1h,2021-06-07 08:00:00,294.35046,294.65543
Nasice,Nasice_2025-07-18_12-27_tf_1h,2021-06-07 09:00:00,295.8976,295.62207
Nasice,Nasice_2025-07-18_12-27_tf_1h,2021-06-07 10:00:00,297.1346,297.01276
Nasice,Nasice_2025-07-18_12-27_tf_1h,2021-06-07 11:00:00,297.69794,297.9582
Nasice,Nasice_2025-07-18_12-27_tf_1h,2021-06-07 12:00:00,298.19324,298.0241
Nasice,Nasice_2025-07-18_12-27_tf_1h,2021-06-07 13:00:00,298.52457,298.3298
Nasice,Nasice_2025-07-18_12-27_tf_1h,2021-06-07 14:00:00,298.66107,298.3179
Nasice,Nasice_2025-07-18_12-27_tf_1h,2021-06-07 15:00:00,298.56387,298.06293
Nasice,Nasice_2025-07-18_12-27_tf_1h,2021-06-07 16:00:00,298.6391,297.6694
Nasice,Nasice_2025-07-18_12-27_tf_1h,2021-06-07 17:00:00,298.0859,297.73004
Nasice,Nasice_2025-07-18_12-27_tf_1h,2021-06-07 18:00:00,297.19547,296.87927
Nasice,Nasice_2025-07-18_12-27_tf_1h,2021-06-07 19:00:00,295.7645,295.84845
Nasice,Nasice_2025-07-18_12-27_tf_1h,2021-06-07 20:00:00,294.2465,294.45865
Nasice,Nasice_2025-07-18_12-27_tf_1h,2021-06-07 21:00:00,292.88147,293.08102
Nasice,Nasice_2025-07-18_12-27_tf_1h,2021-06-07 22:00:00,291.63687,291.88968
Nasice,Nasice_2025-07-18_12-27_tf_1h,2021-06-07 23:00:00,290.5846,290.76288
Nasice,Nasice_2025-07-18_12-27_tf_1h,2021-06-08 00:00:00,289.94012,289.84064
Nasice,Nasice_2025-07-18_12-27_tf_1h,2021-06-08 01:00:00,289.07883,289.37732
Nasice,Nasice_2025-07-18_12-27_tf_1h,2021-06-08 02:00:00,288.58734,288.38046
Nasice,Nasice_2025-07-18_12-27_tf_1h,2021-06-08 03:00:00,288.01007,288.0698
Nasice,Nasice_2025-07-18_12-27_tf_1h,2021-06-08 04:00:00,287.77972,287.3271
Nasice,Nasice_2025-07-18_12-27_tf_1h,2021-06-08 05:00:00,288.08865,287.5951
Nasice,Nasice_2025-07-18_12-27_tf_1h,2021-06-08 06:00:00,290.79166,289.1132
Nasice,Nasice_2025-07-18_12-27_tf_1h,2021-06-08 07:00:00,293.3996,293.61057
Nasice,Nasice_2025-07-18_12-27_tf_1h,2021-06-08 08:00:00,295.0896,295.15518
Nasice,Nasice_2025-07-18_12-27_tf_1h,2021-06-08 09:00:00,296.49393,296.57938
Nasice,Nasice_2025-07-18_12-27_tf_1h,2021-06-08 10:00:00,297.58807,297.62186
Nasice,Nasice_2025-07-18_12-27_tf_1h,2021-06-08 11:00:00,298.69446,298.36667
Nasice,Nasice_2025-07-18_12-27_tf_1h,2021-06-08 12:00:00,298.7253,299.32816
Nasice,Nasice_2025-07-18_12-27_tf_1h,2021-06-08 13:00:00,298.96027,298.67026
Nasice,Nasice_2025-07-18_12-27_tf_1h,2021-06-08 14:00:00,298.90915,298.68378
Nasice,Nasice_2025-07-18_12-27_tf_1h,2021-06-08 15:00:00,298.9734,298.2331
Nasice,Nasice_2025-07-18_12-27_tf_1h,2021-06-08 16:00:00,298.6412,298.15695
Nasice,Nasice_2025-07-18_12-27_tf_1h,2021-06-08 17:00:00,298.2376,297.53308
Nasice,Nasice_2025-07-18_12-27_tf_1h,2021-06-08 18:00:00,297.16418,297.05667
Nasice,Nasice_2025-07-18_12-27_tf_1h,2021-06-08 19:00:00,295.92975,295.75464
Nasice,Nasice_2025-07-18_12-27_tf_1h,2021-06-08 20:00:00,294.39017,294.70126
Nasice,Nasice_2025-07-18_12-27_tf_1h,2021-06-08 21:00:00,292.98627,293.19797
Nasice,Nasice_2025-07-18_12-27_tf_1h,2021-06-08 22:00:00,291.3626,291.97513
Nasice,Nasice_2025-07-18_12-27_tf_1h,2021-06-08 23:00:00,290.31497,290.3651
Nasice,Nasice_2025-07-18_12-27_tf_1h,2021-06-09 00:00:00,289.6151,289.61523
Nasice,Nasice_2025-07-18_12-27_tf_1h,2021-06-09 01:00:00,288.98248,289.04312
Nasice,Nasice_2025-07-18_12-27_tf_1h,2021-06-09 02:00:00,288.47745,288.40247
Nasice,Nasice_2025-07-18_12-27_tf_1h,2021-06-09 03:00:00,288.34604,287.91553
Nasice,Nasice_2025-07-18_12-27_tf_1h,2021-06-09 04:00:00,288.01385,287.9633
Nasice,Nasice_2025-07-18_12-27_tf_1h,2021-06-09 05:00:00,288.19473,287.57663
Nasice,Nasice_2025-07-18_12-27_tf_1h,2021-06-09 06:00:00,291.3926,289.52646
Nasice,Nasice_2025-07-18_12-27_tf_1h,2021-06-09 07:00:00,294.1345,294.3017
Nasice,Nasice_2025-07-18_12-27_tf_1h,2021-06-09 08:00:00,295.75818,295.95328
Nasice,Nasice_2025-07-18_12-27_tf_1h,2021-06-09 09:00:00,296.8654,297.21982
Nasice,Nasice_2025-07-18_12-27_tf_1h,2021-06-09 10:00:00,298.01532,297.79877
Nasice,Nasice_2025-07-18_12-27_tf_1h,2021-06-09 11:00:00,298.92267,298.7977
Nasice,Nasice_2025-07-18_12-27_tf_1h,2021-06-09 12:00:00,299.9437,299.43192
Nasice,Nasice_2025-07-18_12-27_tf_1h,2021-06-09 13:00:00,300.32193,300.3682
Nasice,Nasice_2025-07-18_12-27_tf_1h,2021-06-09 14:00:00,300.46393,300.21762
Nasice,Nasice_2025-07-18_12-27_tf_1h,2021-06-09 15:00:00,300.10132,299.86652
Nasice,Nasice_2025-07-18_12-27_tf_1h,2021-06-09 16:00:00,299.09042,299.02545
Nasice,Nasice_2025-07-18_12-27_tf_1h,2021-06-09 17:00:00,299.02704,297.5485
Nasice,Nasice_2025-07-18_12-27_tf_1h,2021-06-09 18:00:00,298.00433,297.93994
Nasice,Nasice_2025-07-18_12-27_tf_1h,2021-06-09 19:00:00,297.0818,296.571
Nasice,Nasice_2025-07-18_12-27_tf_1h,2021-06-09 20:00:00,294.53513,295.89514
Nasice,Nasice_2025-07-18_12-27_tf_1h,2021-06-09 21:00:00,293.0856,292.98016
Nasice,Nasice_2025-07-18_12-27_tf_1h,2021-06-09 22:00:00,292.01385,292.1755
Nasice,Nasice_2025-07-18_12-27_tf_1h,2021-06-09 23:00:00,291.0055,291.23642
Nasice,Nasice_2025-07-18_12-27_tf_1h,2021-06-10 00:00:00,290.37582,290.25848
Nasice,Nasice_2025-07-18_12-27_tf_1h,2021-06-10 01:00:00,290.09225,289.81143
Nasice,Nasice_2025-07-18_12-27_tf_1h,2021-06-10 02:00:00,289.69543,289.6492
Nasice,Nasice_2025-07-18_12-27_tf_1h,2021-06-10 03:00:00,289.1849,289.11652
Nasice,Nasice_2025-07-18_12-27_tf_1h,2021-06-10 04:00:00,288.62537,288.52863
Nasice,Nasice_2025-07-18_12-27_tf_1h,2021-06-10 05:00:00,288.75977,288.17264
Nasice,Nasice_2025-07-18_12-27_tf_1h,2021-06-10 06:00:00,291.50546,290.06125
Nasice,Nasice_2025-07-18_12-27_tf_1h,2021-06-10 07:00:00,293.62314,294.34048
Nasice,Nasice_2025-07-18_12-27_tf_1h,2021-06-10 08:00:00,293.8932,295.20853
Nasice,Nasice_2025-07-18_12-27_tf_1h,2021-06-10 09:00:00,294.45612,294.55038
Nasice,Nasice_2025-07-18_12-27_tf_1h,2021-06-10 10:00:00,295.0482,295.1188
Nasice,Nasice_2025-07-18_12-27_tf_1h,2021-06-10 11:00:00,295.8114,295.55655
Nasice,Nasice_2025-07-18_12-27_tf_1h,2021-06-10 12:00:00,296.23233,296.24753
Nasice,Nasice_2025-07-18_12-27_tf_1h,2021-06-10 13:00:00,296.63,296.38528
Nasice,Nasice_2025-07-18_12-27_tf_1h,2021-06-10 14:00:00,296.97824,296.58118
Nasice,Nasice_2025-07-18_12-27_tf_1h,2021-06-10 15:00:00,297.17685,296.72256
Nasice,Nasice_2025-07-18_12-27_tf_1h,2021-06-10 16:00:00,297.40128,296.66534
Nasice,Nasice_2025-07-18_12-27_tf_1h,2021-06-10 17:00:00,297.36407,296.75122
Nasice,Nasice_2025-07-18_12-27_tf_1h,2021-06-10 18:00:00,296.64056,296.50708
Nasice,Nasice_2025-07-18_12-27_tf_1h,2021-06-10 19:00:00,294.71558,295.44647
Nasice,Nasice_2025-07-18_12-27_tf_1h,2021-06-10 20:00:00,294.29214,293.18845
Nasice,Nasice_2025-07-18_12-27_tf_1h,2021-06-10 21:00:00,292.57846,293.52527
Nasice,Nasice_2025-07-18_12-27_tf_1h,2021-06-10 22:00:00,291.4387,291.3541
Nasice,Nasice_2025-07-18_12-27_tf_1h,2021-06-10 23:00:00,290.71982,290.58847
Nasice,Nasice_2025-07-18_12-27_tf_1h,2021-06-11 00:00:00,290.18692,290.06918
Nasice,Nasice_2025-07-18_12-27_tf_1h,2021-06-11 01:00:00,289.53525,289.59076
Nasice,Nasice_2025-07-18_12-27_tf_1h,2021-06-11 02:00:00,288.84808,288.89703
Nasice,Nasice_2025-07-18_12-27_tf_1h,2021-06-11 03:00:00,288.14655,288.17773
Nasice,Nasice_2025-07-18_12-27_tf_1h,2021-06-11 04:00:00,287.42642,287.45135
Nasice,Nasice_2025-07-18_12-27_tf_1h,2021-06-11 05:00:00,287.59296,286.91766
Nasice,Nasice_2025-07-18_12-27_tf_1h,2021-06-11 06:00:00,290.28622,288.4053
Nasice,Nasice_2025-07-18_12-27_tf_1h,2021-06-11 07:00:00,292.28897,292.95517
Nasice,Nasice_2025-07-18_12-27_tf_1h,2021-06-11 08:00:00,293.23096,293.3609
Nasice,Nasice_2025-07-18_12-27_tf_1h,2021-06-11 09:00:00,294.118,294.27545
Nasice,Nasice_2025-07-18_12-27_tf_1h,2021-06-11 10:00:00,295.8676,295.02454
Nasice,Nasice_2025-07-18_12-27_tf_1h,2021-06-11 11:00:00,297.08093,297.03076
Nasice,Nasice_2025-07-18_12-27_tf_1h,2021-06-11 12:00:00,297.86276,297.84744
Nasice,Nasice_2025-07-18_12-27_tf_1h,2021-06-11 13:00:00,298.36777,298.252
Nasice,Nasice_2025-07-18_12-27_tf_1h,2021-06-11 14:00:00,298.33142,298.48523
Nasice,Nasice_2025-07-18_12-27_tf_1h,2021-06-11 15:00:00,298.15857,297.8132
Nasice,Nasice_2025-07-18_12-27_tf_1h,2021-06-11 16:00:00,297.77274,297.3156
Nasice,Nasice_2025-07-18_12-27_tf_1h,2021-06-11 17:00:00,296.5421,296.68326
Nasice,Nasice_2025-07-18_12-27_tf_1h,2021-06-11 18:00:00,295.87564,295.01526
Nasice,Nasice_2025-07-18_12-27_tf_1h,2021-06-11 19:00:00,294.91083,294.7996
Nasice,Nasice_2025-07-18_12-27_tf_1h,2021-06-11 20:00:00,295.32162,293.77902
Nasice,Nasice_2025-07-18_12-27_tf_1h,2021-06-11 21:00:00,294.44342,294.6589
Nasice,Nasice_2025-07-18_12-27_tf_1h,2021-06-11 22:00:00,291.32965,293.3649
Nasice,Nasice_2025-07-18_12-27_tf_1h,2021-06-11 23:00:00,290.14972,289.67584
Nasice,Nasice_2025-07-18_12-27_tf_1h,2021-06-12 00:00:00,289.88138,289.4587
Nasice,Nasice_2025-07-18_12-27_tf_1h,2021-06-12 01:00:00,289.94266,289.44028
Nasice,Nasice_2025-07-18_12-27_tf_1h,2021-06-12 02:00:00,289.82684,289.55014
Nasice,Nasice_2025-07-18_12-27_tf_1h,2021-06-12 03:00:00,289.86023,289.33197
Nasice,Nasice_2025-07-18_12-27_tf_1h,2021-06-12 04:00:00,289.7347,289.44824
Nasice,Nasice_2025-07-18_12-27_tf_1h,2021-06-12 05:00:00,289.9811,289.28156
Nasice,Nasice_2025-07-18_12-27_tf_1h,2021-06-12 06:00:00,291.2282,290.4834
Nasice,Nasice_2025-07-18_12-27_tf_1h,2021-06-12 07:00:00,292.86584,292.90622
Nasice,Nasice_2025-07-18_12-27_tf_1h,2021-06-12 08:00:00,294.0504,294.32742
Nasice,Nasice_2025-07-18_12-27_tf_1h,2021-06-12 09:00:00,295.5997,295.27707
Nasice,Nasice_2025-07-18_12-27_tf_1h,2021-06-12 10:00:00,296.8316,296.77057
Nasice,Nasice_2025-07-18_12-27_tf_1h,2021-06-12 11:00:00,297.97476,297.66867
Nasice,Nasice_2025-07-18_12-27_tf_1h,2021-06-12 12:00:00,298.7984,298.59885
Nasice,Nasice_2025-07-18_12-27_tf_1h,2021-06-12 13:00:00,299.2189,299.1369
Nasice,Nasice_2025-07-18_12-27_tf_1h,2021-06-12 14:00:00,299.5329,299.09485
Nasice,Nasice_2025-07-18_12-27_tf_1h,2021-06-12 15:00:00,299.36472,299.05377
Nasice,Nasice_2025-07-18_12-27_tf_1h,2021-06-12 16:00:00,299.7442,298.42862
Nasice,Nasice_2025-07-18_12-27_tf_1h,2021-06-12 17:00:00,299.48007,298.94345
Nasice,Nasice_2025-07-18_12-27_tf_1h,2021-06-12 18:00:00,298.7984,298.37732
Nasice,Nasice_2025-07-18_12-27_tf_1h,2021-06-12 19:00:00,297.29013,297.48932
Nasice,Nasice_2025-07-18_12-27_tf_1h,2021-06-12 20:00:00,295.15594,295.7897
Nasice,Nasice_2025-07-18_12-27_tf_1h,2021-06-12 21:00:00,294.04364,293.75214
Nasice,Nasice_2025-07-18_12-27_tf_1h,2021-06-12 22:00:00,293.20645,293.17126
Nasice,Nasice_2025-07-18_12-27_tf_1h,2021-06-12 23:00:00,292.74878,292.40768
Nasice,Nasice_2025-07-18_12-27_tf_1h,2021-06-13 00:00:00,292.61902,292.09592
Nasice,Nasice_2025-07-18_12-27_tf_1h,2021-06-13 01:00:00,292.439,292.0729
Nasice,Nasice_2025-07-18_12-27_tf_1h,2021-06-13 02:00:00,292.2074,291.84378
Nasice,Nasice_2025-07-18_12-27_tf_1h,2021-06-13 03:00:00,292.22177,291.60983
Nasice,Nasice_2025-07-18_12-27_tf_1h,2021-06-13 04:00:00,292.1064,291.76154
Nasice,Nasice_2025-07-18_12-27_tf_1h,2021-06-13 05:00:00,292.24924,291.532
Nasice,Nasice_2025-07-18_12-27_tf_1h,2021-06-13 06:00:00,292.5214,292.2402
Nasice,Nasice_2025-07-18_12-27_tf_1h,2021-06-13 07:00:00,292.9157,293.08395
Nasice,Nasice_2025-07-18_12-27_tf_1h,2021-06-13 08:00:00,292.12247,293.77615
Nasice,Nasice_2025-07-18_12-27_tf_1h,2021-06-13 09:00:00,293.11264,291.9487
Nasice,Nasice_2025-07-18_12-27_tf_1h,2021-06-13 10:00:00,294.59894,294.1113
Nasice,Nasice_2025-07-18_12-27_tf_1h,2021-06-13 11:00:00,295.4484,295.7003
Nasice,Nasice_2025-07-18_12-27_tf_1h,2021-06-13 12:00:00,295.84946,296.07886
Nasice,Nasice_2025-07-18_12-27_tf_1h,2021-06-13 13:00:00,296.4838,295.9801
Nasice,Nasice_2025-07-18_12-27_tf_1h,2021-06-13 14:00:00,296.64523,296.59195
Nasice,Nasice_2025-07-18_12-27_tf_1h,2021-06-13 15:00:00,296.49603,296.2999
Nasice,Nasice_2025-07-18_12-27_tf_1h,2021-06-13 16:00:00,296.23868,295.75598
Nasice,Nasice_2025-07-18_12-27_tf_1h,2021-06-13 17:00:00,295.587,295.3344
Nasice,Nasice_2025-07-18_12-27_tf_1h,2021-06-13 18:00:00,294.84448,294.46085
Nasice,Nasice_2025-07-18_12-27_tf_1h,2021-06-13 19:00:00,293.73642,293.78876
Nasice,Nasice_2025-07-18_12-27_tf_1h,2021-06-13 20:00:00,292.5083,292.68253
Nasice,Nasice_2025-07-18_12-27_tf_1h,2021-06-13 21:00:00,291.3254,291.52258
Nasice,Nasice_2025-07-18_12-27_tf_1h,2021-06-13 22:00:00,290.20847,290.44275
Nasice,Nasice_2025-07-18_12-27_tf_1h,2021-06-13 23:00:00,289.3506,289.41077
Nasice,Nasice_2025-07-18_12-27_tf_1h,2021-06-14 00:00:00,288.5421,288.70193
Nasice,Nasice_2025-07-18_12-27_tf_1h,2021-06-14 01:00:00,287.89932,287.88202
Nasice,Nasice_2025-07-18_12-27_tf_1h,2021-06-14 02:00:00,287.27515,287.27368
Nasice,Nasice_2025-07-18_12-27_tf_1h,2021-06-14 03:00:00,286.74518,286.6148
Nasice,Nasice_2025-07-18_12-27_tf_1h,2021-06-14 04:00:00,286.2537,286.22256
Nasice,Nasice_2025-07-18_12-27_tf_1h,2021-06-14 05:00:00,286.17804,286.0201
Nasice,Nasice_2025-07-18_12-27_tf_1h,2021-06-14 06:00:00,286.82336,286.79086
Nasice,Nasice_2025-07-18_12-27_tf_1h,2021-06-14 07:00:00,287.85834,288.23648
Nasice,Nasice_2025-07-18_12-27_tf_1h,2021-06-14 08:00:00,288.753,289.0466
Nasice,Nasice_2025-07-18_12-27_tf_1h,2021-06-14 09:00:00,290.09055,289.77155
Nasice,Nasice_2025-07-18_12-27_tf_1h,2021-06-14 10:00:00,291.37784,291.24133
Nasice,Nasice_2025-07-18_12-27_tf_1h,2021-06-14 11:00:00,292.42123,292.33902
Nasice,Nasice_2025-07-18_12-27_tf_1h,2021-06-14 12:00:00,292.85822,293.1215
Nasice,Nasice_2025-07-18_12-27_tf_1h,2021-06-14 13:00:00,293.2318,293.14203
Nasice,Nasice_2025-07-18_12-27_tf_1h,2021-06-14 14:00:00,293.52087,293.3745
Nasice,Nasice_2025-07-18_12-27_tf_1h,2021-06-14 15:00:00,293.76938,293.44714
Nasice,Nasice_2025-07-18_12-27_tf_1h,2021-06-14 16:00:00,293.83066,293.5055
Nasice,Nasice_2025-07-18_12-27_tf_1h,2021-06-14 17:00:00,293.74445,293.3049
Nasice,Nasice_2025-07-18_12-27_tf_1h,2021-06-14 18:00:00,293.23138,293.0078
Nasice,Nasice_2025-07-18_12-27_tf_1h,2021-06-14 19:00:00,292.49564,292.2094
Nasice,Nasice_2025-07-18_12-27_tf_1h,2021-06-14 20:00:00,291.07693,291.34366
Nasice,Nasice_2025-07-18_12-27_tf_1h,2021-06-14 21:00:00,289.9101,289.8289
Nasice,Nasice_2025-07-18_12-27_tf_1h,2021-06-14 22:00:00,288.86078,288.89066
Nasice,Nasice_2025-07-18_12-27_tf_1h,2021-06-14 23:00:00,287.96527,287.96988
Nasice,Nasice_2025-07-18_12-27_tf_1h,2021-06-15 00:00:00,287.57983,287.19482
Nasice,Nasice_2025-07-18_12-27_tf_1h,2021-06-15 01:00:00,287.8668,287.069
Nasice,Nasice_2025-07-18_12-27_tf_1h,2021-06-15 02:00:00,287.8368,287.71222
Nasice,Nasice_2025-07-18_12-27_tf_1h,2021-06-15 03:00:00,287.92554,287.4825
Nasice,Nasice_2025-07-18_12-27_tf_1h,2021-06-15 04:00:00,287.45392,287.6655
Nasice,Nasice_2025-07-18_12-27_tf_1h,2021-06-15 05:00:00,287.62927,286.79526
Nasice,Nasice_2025-07-18_12-27_tf_1h,2021-06-15 06:00:00,288.6744,287.79388
Nasice,Nasice_2025-07-18_12-27_tf_1h,2021-06-15 07:00:00,290.87915,289.61636
Nasice,Nasice_2025-07-18_12-27_tf_1h,2021-06-15 08:00:00,292.44534,292.23645
Nasice,Nasice_2025-07-18_12-27_tf_1h,2021-06-15 09:00:00,294.07956,293.76483
Nasice,Nasice_2025-07-18_12-27_tf_1h,2021-06-15 10:00:00,295.60645,295.2275
Nasice,Nasice_2025-07-18_12-27_tf_1h,2021-06-15 11:00:00,296.5928,296.51572
Nasice,Nasice_2025-07-18_12-27_tf_1h,2021-06-15 12:00:00,297.57748,297.10675
Nasice,Nasice_2025-07-18_12-27_tf_1h,2021-06-15 13:00:00,298.04575,297.94128
Nasice,Nasice_2025-07-18_12-27_tf_1h,2021-06-15 14:00:00,298.16998,297.9683
Nasice,Nasice_2025-07-18_12-27_tf_1h,2021-06-15 15:00:00,298.08295,297.5838
Nasice,Nasice_2025-07-18_12-27_tf_1h,2021-06-15 16:00:00,298.2748,297.17822
Nasice,Nasice_2025-07-18_12-27_tf_1h,2021-06-15 17:00:00,298.03223,297.39227
Nasice,Nasice_2025-07-18_12-27_tf_1h,2021-06-15 18:00:00,297.06277,296.93823
Nasice,Nasice_2025-07-18_12-27_tf_1h,2021-06-15 19:00:00,295.617,295.6741
Nasice,Nasice_2025-07-18_12-27_tf_1h,2021-06-15 20:00:00,293.5868,294.24686
Nasice,Nasice_2025-07-18_12-27_tf_1h,2021-06-15 21:00:00,291.953,292.2542
Nasice,Nasice_2025-07-18_12-27_tf_1h,2021-06-15 22:00:00,290.82758,290.9196
Nasice,Nasice_2025-07-18_12-27_tf_1h,2021-06-15 23:00:00,289.8332,290.03064
Nasice,Nasice_2025-07-18_12-27_tf_1h,2021-06-16 00:00:00,289.03067,289.11914
Nasice,Nasice_2025-07-18_12-27_tf_1h,2021-06-16 01:00:00,288.41873,288.42798
Nasice,Nasice_2025-07-18_12-27_tf_1h,2021-06-16 02:00:00,288.08063,287.8961
Nasice,Nasice_2025-07-18_12-27_tf_1h,2021-06-16 03:00:00,287.8816,287.62094
Nasice,Nasice_2025-07-18_12-27_tf_1h,2021-06-16 04:00:00,287.75183,287.40234
Nasice,Nasice_2025-07-18_12-27_tf_1h,2021-06-16 05:00:00,288.05063,287.35696
Nasice,Nasice_2025-07-18_12-27_tf_1h,2021-06-16 06:00:00,290.4202,288.56665
Nasice,Nasice_2025-07-18_12-27_tf_1h,2021-06-16 07:00:00,293.73682,293.0403
Nasice,Nasice_2025-07-18_12-27_tf_1h,2021-06-16 08:00:00,294.82336,295.7564
Nasice,Nasice_2025-07-18_12-27_tf_1h,2021-06-16 09:00:00,296.5438,296.08005
Nasice,Nasice_2025-07-18_12-27_tf_1h,2021-06-16 10:00:00,297.86658,297.85947
Nasice,Nasice_2025-07-18_12-27_tf_1h,2021-06-16 11:00:00,298.91125,298.79657
Nasice,Nasice_2025-07-18_12-27_tf_1h,2021-06-16 12:00:00,299.8224,299.49377
Nasice,Nasice_2025-07-18_12-27_tf_1h,2021-06-16 13:00:00,300.43604,300.21008
Nasice,Nasice_2025-07-18_12-27_tf_1h,2021-06-16 14:00:00,300.7817,300.51944
Nasice,Nasice_2025-07-18_12-27_tf_1h,2021-06-16 15:00:00,300.8713,300.3567
Nasice,Nasice_2025-07-18_12-27_tf_1h,2021-06-16 16:00:00,301.10883,300.07642
Nasice,Nasice_2025-07-18_12-27_tf_1h,2021-06-16 17:00:00,300.74283,300.23212
Nasice,Nasice_2025-07-18_12-27_tf_1h,2021-06-16 18:00:00,299.51895,299.47128
Nasice,Nasice_2025-07-18_12-27_tf_1h,2021-06-16 19:00:00,297.94516,297.8678
Nasice,Nasice_2025-07-18_12-27_tf_1h,2021-06-16 20:00:00,296.8709,296.48303
Nasice,Nasice_2025-07-18_12-27_tf_1h,2021-06-16 21:00:00,296.27502,295.74872
Nasice,Nasice_2025-07-18_12-27_tf_1h,2021-06-16 22:00:00,293.78754,295.31134
Nasice,Nasice_2025-07-18_12-27_tf_1h,2021-06-16 23:00:00,292.0075,292.31848
Nasice,Nasice_2025-07-18_12-27_tf_1h,2021-06-17 00:00:00,291.06046,291.0891
Nasice,Nasice_2025-07-18_12-27_tf_1h,2021-06-17 01:00:00,290.2706,290.44894
Nasice,Nasice_2025-07-18_12-27_tf_1h,2021-06-17 02:00:00,289.654,289.66257
Nasice,Nasice_2025-07-18_12-27_tf_1h,2021-06-17 03:00:00,289.03278,289.14175
Nasice,Nasice_2025-07-18_12-27_tf_1h,2021-06-17 04:00:00,288.62198,288.44183
Nasice,Nasice_2025-07-18_12-27_tf_1h,2021-06-17 05:00:00,288.84894,288.09335
Nasice,Nasice_2025-07-18_12-27_tf_1h,2021-06-17 06:00:00,292.1047,289.45523
Nasice,Nasice_2025-07-18_12-27_tf_1h,2021-06-17 07:00:00,295.74677,295.84866
Nasice,Nasice_2025-07-18_12-27_tf_1h,2021-06-17 08:00:00,296.9385,297.4615
Nasice,Nasice_2025-07-18_12-27_tf_1h,2021-06-17 09:00:00,298.5816,298.3811
Nasice,Nasice_2025-07-18_12-27_tf_1h,2021-06-17 10:00:00,299.90778,300.0691
Nasice,Nasice_2025-07-18_12-27_tf_1h,2021-06-17 11:00:00,300.32233,300.96045
Nasice,Nasice_2025-07-18_12-27_tf_1h,2021-06-17 12:00:00,300.96344,300.61768
Nasice,Nasice_2025-07-18_12-27_tf_1h,2021-06-17 13:00:00,301.40463,301.24078
Nasice,Nasice_2025-07-18_12-27_tf_1h,2021-06-17 14:00:00,302.05377,301.35706
Nasice,Nasice_2025-07-18_12-27_tf_1h,2021-06-17 15:00:00,302.2414,301.81085
Nasice,Nasice_2025-07-18_12-27_tf_1h,2021-06-17 16:00:00,302.24478,301.49722
Nasice,Nasice_2025-07-18_12-27_tf_1h,2021-06-17 17:00:00,301.968,301.23322
Nasice,Nasice_2025-07-18_12-27_tf_1h,2021-06-17 18:00:00,300.60593,300.70898
Nasice,Nasice_2025-07-18_12-27_tf_1h,2021-06-17 19:00:00,299.40106,298.83234
Nasice,Nasice_2025-07-18_12-27_tf_1h,2021-06-17 20:00:00,297.4503,298.03983
Nasice,Nasice_2025-07-18_12-27_tf_1h,2021-06-17 21:00:00,296.00455,295.96408
Nasice,Nasice_2025-07-18_12-27_tf_1h,2021-06-17 22:00:00,295.9268,294.95206
Nasice,Nasice_2025-07-18_12-27_tf_1h,2021-06-17 23:00:00,295.71338,295.30405
Nasice,Nasice_2025-07-18_12-27_tf_1h,2021-06-18 00:00:00,295.67786,294.88434
Nasice,Nasice_2025-07-18_12-27_tf_1h,2021-06-18 01:00:00,295.06677,294.9342
Nasice,Nasice_2025-07-18_12-27_tf_1h,2021-06-18 02:00:00,294.41046,294.1301
Nasice,Nasice_2025-07-18_12-27_tf_1h,2021-06-18 03:00:00,293.39368,293.55304
Nasice,Nasice_2025-07-18_12-27_tf_1h,2021-06-18 04:00:00,292.43942,292.45917
Nasice,Nasice_2025-07-18_12-27_tf_1h,2021-06-18 05:00:00,292.67184,291.65854
Nasice,Nasice_2025-07-18_12-27_tf_1h,2021-06-18 06:00:00,293.0539,293.07745
Nasice,Nasice_2025-07-18_12-27_tf_1h,2021-06-18 07:00:00,295.8228,293.6907
Nasice,Nasice_2025-07-18_12-27_tf_1h,2021-06-18 08:00:00,298.0563,297.84888
Nasice,Nasice_2025-07-18_12-27_tf_1h,2021-06-18 09:00:00,299.57898,299.80167
Nasice,Nasice_2025-07-18_12-27_tf_1h,2021-06-18 10:00:00,300.84805,301.0431
Nasice,Nasice_2025-07-18_12-27_tf_1h,2021-06-18 11:00:00,301.37125,301.93622
Nasice,Nasice_2025-07-18_12-27_tf_1h,2021-06-18 12:00:00,301.90543,301.77966
Nasice,Nasice_2025-07-18_12-27_tf_1h,2021-06-18 13:00:00,302.10785,301.97607
Nasice,Nasice_2025-07-18_12-27_tf_1h,2021-06-18 14:00:00,302.8039,301.607
Nasice,Nasice_2025-07-18_12-27_tf_1h,2021-06-18 15:00:00,302.84955,302.39713
Nasice,Nasice_2025-07-18_12-27_tf_1h,2021-06-18 16:00:00,302.98267,301.89215
Nasice,Nasice_2025-07-18_12-27_tf_1h,2021-06-18 17:00:00,302.78278,301.96313
Nasice,Nasice_2025-07-18_12-27_tf_1h,2021-06-18 18:00:00,302.1835,301.58945
Nasice,Nasice_2025-07-18_12-27_tf_1h,2021-06-18 19:00:00,300.88187,300.81622
Nasice,Nasice_2025-07-18_12-27_tf_1h,2021-06-18 20:00:00,298.19748,299.30664
Nasice,Nasice_2025-07-18_12-27_tf_1h,2021-06-18 21:00:00,296.35913,296.51212
Nasice,Nasice_2025-07-18_12-27_tf_1h,2021-06-18 22:00:00,294.96198,295.38245
Nasice,Nasice_2025-07-18_12-27_tf_1h,2021-06-18 23:00:00,293.95953,294.14127
Nasice,Nasice_2025-07-18_12-27_tf_1h,2021-06-19 00:00:00,293.10925,293.31216
Nasice,Nasice_2025-07-18_12-27_tf_1h,2021-06-19 01:00:00,292.5307,292.5288
Nasice,Nasice_2025-07-18_12-27_tf_1h,2021-06-19 02:00:00,292.2277,292.04092
Nasice,Nasice_2025-07-18_12-27_tf_1h,2021-06-19 03:00:00,291.53885,291.7694
Nasice,Nasice_2025-07-18_12-27_tf_1h,2021-06-19 04:00:00,291.22232,290.76248
Nasice,Nasice_2025-07-18_12-27_tf_1h,2021-06-19 05:00:00,291.3436,290.821
Nasice,Nasice_2025-07-18_12-27_tf_1h,2021-06-19 06:00:00,294.45105,291.93808
Nasice,Nasice_2025-07-18_12-27_tf_1h,2021-06-19 07:00:00,298.18646,297.84393
Nasice,Nasice_2025-07-18_12-27_tf_1h,2021-06-19 08:00:00,299.74124,300.20865
Nasice,Nasice_2025-07-18_12-27_tf_1h,2021-06-19 09:00:00,301.05682,301.42554
Nasice,Nasice_2025-07-18_12-27_tf_1h,2021-06-19 10:00:00,302.19788,302.38712
Nasice,Nasice_2025-07-18_12-27_tf_1h,2021-06-19 11:00:00,302.63782,303.14505
Nasice,Nasice_2025-07-18_12-27_tf_1h,2021-06-19 12:00:00,302.97253,302.91083
Nasice,Nasice_2025-07-18_12-27_tf_1h,2021-06-19 13:00:00,303.24722,302.96933
Nasice,Nasice_2025-07-18_12-27_tf_1h,2021-06-19 14:00:00,303.51642,302.81433
Nasice,Nasice_2025-07-18_12-27_tf_1h,2021-06-19 15:00:00,303.4112,302.83112
Nasice,Nasice_2025-07-18_12-27_tf_1h,2021-06-19 16:00:00,303.2692,302.3399
Nasice,Nasice_2025-07-18_12-27_tf_1h,2021-06-19 17:00:00,302.86096,302.1011
Nasice,Nasice_2025-07-18_12-27_tf_1h,2021-06-19 18:00:00,301.98572,301.5065
Nasice,Nasice_2025-07-18_12-27_tf_1h,2021-06-19 19:00:00,300.7538,300.48187
Nasice,Nasice_2025-07-18_12-27_tf_1h,2021-06-19 20:00:00,298.67712,299.2537
Nasice,Nasice_2025-07-18_12-27_tf_1h,2021-06-19 21:00:00,297.57074,297.12253
Nasice,Nasice_2025-07-18_12-27_tf_1h,2021-06-19 22:00:00,296.36716,296.63034
Nasice,Nasice_2025-07-18_12-27_tf_1h,2021-06-19 23:00:00,296.1943,295.34024
Nasice,Nasice_2025-07-18_12-27_tf_1h,2021-06-20 00:00:00,297.87543,295.59964
Nasice,Nasice_2025-07-18_12-27_tf_1h,2021-06-20 01:00:00,297.46045,297.4259
Nasice,Nasice_2025-07-18_12-27_tf_1h,2021-06-20 02:00:00,296.85272,296.4179
Nasice,Nasice_2025-07-18_12-27_tf_1h,2021-06-20 03:00:00,295.27725,295.9329
Nasice,Nasice_2025-07-18_12-27_tf_1h,2021-06-20 04:00:00,295.64957,294.0708
Nasice,Nasice_2025-07-18_12-27_tf_1h,2021-06-20 05:00:00,294.8986,295.59827
Nasice,Nasice_2025-07-18_12-27_tf_1h,2021-06-20 06:00:00,295.23285,294.19156
Nasice,Nasice_2025-07-18_12-27_tf_1h,2021-06-20 07:00:00,297.9815,296.33792
Nasice,Nasice_2025-07-18_12-27_tf_1h,2021-06-20 08:00:00,299.78012,299.87012
Nasice,Nasice_2025-07-18_12-27_tf_1h,2021-06-20 09:00:00,301.38394,301.3211
Nasice,Nasice_2025-07-18_12-27_tf_1h,2021-06-20 10:00:00,302.58752,302.67383
Nasice,Nasice_2025-07-18_12-27_tf_1h,2021-06-20 11:00:00,303.5236,303.42776
Nasice,Nasice_2025-07-18_12-27_tf_1h,2021-06-20 12:00:00,304.16046,303.90637
Nasice,Nasice_2025-07-18_12-27_tf_1h,2021-06-20 13:00:00,304.671,303.9977
Nasice,Nasice_2025-07-18_12-27_tf_1h,2021-06-20 14:00:00,305.12488,304.14404
Nasice,Nasice_2025-07-18_12-27_tf_1h,2021-06-20 15:00:00,304.7982,304.3604
Nasice,Nasice_2025-07-18_12-27_tf_1h,2021-06-20 16:00:00,304.81848,303.43896
Nasice,Nasice_2025-07-18_12-27_tf_1h,2021-06-20 17:00:00,304.32108,303.60922
Nasice,Nasice_2025-07-18_12-27_tf_1h,2021-06-20 18:00:00,303.29074,302.85287
Nasice,Nasice_2025-07-18_12-27_tf_1h,2021-06-20 19:00:00,302.29846,301.6584
Nasice,Nasice_2025-07-18_12-27_tf_1h,2021-06-20 20:00:00,300.00073,300.89365
Nasice,Nasice_2025-07-18_12-27_tf_1h,2021-06-20 21:00:00,298.97125,298.25534
Nasice,Nasice_2025-07-18_12-27_tf_1h,2021-06-20 22:00:00,297.95868,298.13928
Nasice,Nasice_2025-07-18_12-27_tf_1h,2021-06-20 23:00:00,297.27194,296.9719
Nasice,Nasice_2025-07-18_12-27_tf_1h,2021-06-21 00:00:00,296.53238,296.4917
Nasice,Nasice_2025-07-18_12-27_tf_1h,2021-06-21 01:00:00,295.6969,295.73505
Nasice,Nasice_2025-07-18_12-27_tf_1h,2021-06-21 02:00:00,294.96408,294.9146
Nasice,Nasice_2025-07-18_12-27_tf_1h,2021-06-21 03:00:00,294.49246,294.27396
Nasice,Nasice_2025-07-18_12-27_tf_1h,2021-06-21 04:00:00,293.5716,293.84265
Nasice,Nasice_2025-07-18_12-27_tf_1h,2021-06-21 05:00:00,293.3527,292.5837
Nasice,Nasice_2025-07-18_12-27_tf_1h,2021-06-21 06:00:00,296.03116,293.8938
Nasice,Nasice_2025-07-18_12-27_tf_1h,2021-06-21 07:00:00,298.39694,298.73706
Nasice,Nasice_2025-07-18_12-27_tf_1h,2021-06-21 08:00:00,300.11273,300.08963
Nasice,Nasice_2025-07-18_12-27_tf_1h,2021-06-21 09:00:00,302.492,301.88824
Nasice,Nasice_2025-07-18_12-27_tf_1h,2021-06-21 10:00:00,304.16385,304.39713
Nasice,Nasice_2025-07-18_12-27_tf_1h,2021-06-21 11:00:00,305.46338,305.39294
Nasice,Nasice_2025-07-18_12-27_tf_1h,2021-06-21 12:00:00,306.64667,306.1986
Nasice,Nasice_2025-07-18_12-27_tf_1h,2021-06-21 13:00:00,307.55487,307.085
Nasice,Nasice_2025-07-18_12-27_tf_1h,2021-06-21 14:00:00,308.23993,307.56015
Nasice,Nasice_2025-07-18_12-27_tf_1h,2021-06-21 15:00:00,307.90942,307.72363
Nasice,Nasice_2025-07-18_12-27_tf_1h,2021-06-21 16:00:00,304.95752,306.4199
Nasice,Nasice_2025-07-18_12-27_tf_1h,2021-06-21 17:00:00,304.81384,301.77866
Nasice,Nasice_2025-07-18_12-27_tf_1h,2021-06-21 18:00:00,304.21838,304.16098
Nasice,Nasice_2025-07-18_12-27_tf_1h,2021-06-21 19:00:00,302.413,302.35547
Nasice,Nasice_2025-07-18_12-27_tf_1h,2021-06-21 20:00:00,300.81805,300.67197
Nasice,Nasice_2025-07-18_12-27_tf_1h,2021-06-21 21:00:00,299.49826,299.53018
Nasice,Nasice_2025-07-18_12-27_tf_1h,2021-06-21 22:00:00,298.07492,298.37457
Nasice,Nasice_2025-07-18_12-27_tf_1h,2021-06-21 23:00:00,296.6613,297.04727
Nasice,Nasice_2025-07-18_12-27_tf_1h,2021-06-22 00:00:00,295.85834,295.79984
Nasice,Nasice_2025-07-18_12-27_tf_1h,2021-06-22 01:00:00,295.19736,295.28915
Nasice,Nasice_2025-07-18_12-27_tf_1h,2021-06-22 02:00:00,294.68896,294.61356
Nasice,Nasice_2025-07-18_12-27_tf_1h,2021-06-22 03:00:00,294.35385,294.1648
Nasice,Nasice_2025-07-18_12-27_tf_1h,2021-06-22 04:00:00,294.10364,293.79294
Nasice,Nasice_2025-07-18_12-27_tf_1h,2021-06-22 05:00:00,294.1586,293.55725
Nasice,Nasice_2025-07-18_12-27_tf_1h,2021-06-22 06:00:00,296.9698,294.92288
Nasice,Nasice_2025-07-18_12-27_tf_1h,2021-06-22 07:00:00,299.95804,299.7225
Nasice,Nasice_2025-07-18_12-27_tf_1h,2021-06-22 08:00:00,301.62946,302.0704
Nasice,Nasice_2025-07-18_12-27_tf_1h,2021-06-22 09:00:00,303.07565,303.30884
Nasice,Nasice_2025-07-18_12-27_tf_1h,2021-06-22 10:00:00,304.51337,304.17688
Nasice,Nasice_2025-07-18_12-27_tf_1h,2021-06-22 11:00:00,305.6582,305.3311
Nasice,Nasice_2025-07-18_12-27_tf_1h,2021-06-22 12:00:00,306.58582,305.98224
Nasice,Nasice_2025-07-18_12-27_tf_1h,2021-06-22 13:00:00,307.30045,306.57535
Nasice,Nasice_2025-07-18_12-27_tf_1h,2021-06-22 14:00:00,307.726,306.97592
Nasice,Nasice_2025-07-18_12-27_tf_1h,2021-06-22 15:00:00,307.8583,307.04932
Nasice,Nasice_2025-07-18_12-27_tf_1h,2021-06-22 16:00:00,307.91156,306.73523
Nasice,Nasice_2025-07-18_12-27_tf_1h,2021-06-22 17:00:00,307.52444,306.64288
Nasice,Nasice_2025-07-18_12-27_tf_1h,2021-06-22 18:00:00,306.20422,305.93933
Nasice,Nasice_2025-07-18_12-27_tf_1h,2021-06-22 19:00:00,304.56027,304.18994
Nasice,Nasice_2025-07-18_12-27_tf_1h,2021-06-22 20:00:00,301.9908,302.7684
Nasice,Nasice_2025-07-18_12-27_tf_1h,2021-06-22 21:00:00,300.05652,300.12997
Nasice,Nasice_2025-07-18_12-27_tf_1h,2021-06-22 22:00:00,298.3982,298.91324
Nasice,Nasice_2025-07-18_12-27_tf_1h,2021-06-22 23:00:00,297.1253,297.38095
Nasice,Nasice_2025-07-18_12-27_tf_1h,2021-06-23 00:00:00,296.6803,296.3712
Nasice,Nasice_2025-07-18_12-27_tf_1h,2021-06-23 01:00:00,296.24246,296.20206
Nasice,Nasice_2025-07-18_12-27_tf_1h,2021-06-23 02:00:00,295.51135,295.63943
Nasice,Nasice_2025-07-18_12-27_tf_1h,2021-06-23 03:00:00,294.6932,294.84488
Nasice,Nasice_2025-07-18_12-27_tf_1h,2021-06-23 04:00:00,293.99167,293.9694
Nasice,Nasice_2025-07-18_12-27_tf_1h,2021-06-23 05:00:00,293.73767,293.31097
Nasice,Nasice_2025-07-18_12-27_tf_1h,2021-06-23 06:00:00,295.94708,294.48016
Nasice,Nasice_2025-07-18_12-27_tf_1h,2021-06-23 07:00:00,300.39462,298.9076
Nasice,Nasice_2025-07-18_12-27_tf_1h,2021-06-23 08:00:00,301.83698,302.7743
Nasice,Nasice_2025-07-18_12-27_tf_1h,2021-06-23 09:00:00,303.47037,303.47537
Nasice,Nasice_2025-07-18_12-27_tf_1h,2021-06-23 10:00:00,304.71326,304.9608
Nasice,Nasice_2025-07-18_12-27_tf_1h,2021-06-23 11:00:00,305.826,305.54
Nasice,Nasice_2025-07-18_12-27_tf_1h,2021-06-23 12:00:00,306.74896,306.27252
Nasice,Nasice_2025-07-18_12-27_tf_1h,2021-06-23 13:00:00,307.46738,306.79257
Nasice,Nasice_2025-07-18_12-27_tf_1h,2021-06-23 14:00:00,307.96353,307.15317
Nasice,Nasice_2025-07-18_12-27_tf_1h,2021-06-23 15:00:00,308.28473,307.3569
Nasice,Nasice_2025-07-18_12-27_tf_1h,2021-06-23 16:00:00,308.39755,307.4945
Nasice,Nasice_2025-07-18_12-27_tf_1h,2021-06-23 17:00:00,307.93478,307.2281
Nasice,Nasice_2025-07-18_12-27_tf_1h,2021-06-23 18:00:00,306.59216,306.24295
Nasice,Nasice_2025-07-18_12-27_tf_1h,2021-06-23 19:00:00,305.0936,304.47577
Nasice,Nasice_2025-07-18_12-27_tf_1h,2021-06-23 20:00:00,303.04266,303.35727
Nasice,Nasice_2025-07-18_12-27_tf_1h,2021-06-23 21:00:00,301.8429,301.235
Nasice,Nasice_2025-07-18_12-27_tf_1h,2021-06-23 22:00:00,300.832,300.67072
Nasice,Nasice_2025-07-18_12-27_tf_1h,2021-06-23 23:00:00,300.0582,299.6555
Nasice,Nasice_2025-07-18_12-27_tf_1h,2021-06-24 00:00:00,299.5477,299.05624
Nasice,Nasice_2025-07-18_12-27_tf_1h,2021-06-24 01:00:00,299.06,298.64825
Nasice,Nasice_2025-07-18_12-27_tf_1h,2021-06-24 02:00:00,298.14758,298.1594
Nasice,Nasice_2025-07-18_12-27_tf_1h,2021-06-24 03:00:00,297.53607,297.15314
Nasice,Nasice_2025-07-18_12-27_tf_1h,2021-06-24 04:00:00,298.31622,296.84076
Nasice,Nasice_2025-07-18_12-27_tf_1h,2021-06-24 05:00:00,297.7499,297.94217
Nasice,Nasice_2025-07-18_12-27_tf_1h,2021-06-24 06:00:00,298.18268,296.76953
Nasice,Nasice_2025-07-18_12-27_tf_1h,2021-06-24 07:00:00,300.985,299.6506
Nasice,Nasice_2025-07-18_12-27_tf_1h,2021-06-24 08:00:00,302.34833,303.13947
Nasice,Nasice_2025-07-18_12-27_tf_1h,2021-06-24 09:00:00,304.3329,303.9806
Nasice,Nasice_2025-07-18_12-27_tf_1h,2021-06-24 10:00:00,306.29846,305.97653
Nasice,Nasice_2025-07-18_12-27_tf_1h,2021-06-24 11:00:00,307.8862,307.5916
Nasice,Nasice_2025-07-18_12-27_tf_1h,2021-06-24 12:00:00,309.02133,308.58557
Nasice,Nasice_2025-07-18_12-27_tf_1h,2021-06-24 13:00:00,309.91895,309.1559
Nasice,Nasice_2025-07-18_12-27_tf_1h,2021-06-24 14:00:00,308.6879,309.6836
Nasice,Nasice_2025-07-18_12-27_tf_1h,2021-06-24 15:00:00,307.5274,306.35855
Nasice,Nasice_2025-07-18_12-27_tf_1h,2021-06-24 16:00:00,308.72382,305.55606
Nasice,Nasice_2025-07-18_12-27_tf_1h,2021-06-24 17:00:00,307.82703,308.3913
Nasice,Nasice_2025-07-18_12-27_tf_1h,2021-06-24 18:00:00,306.42566,305.63693
Nasice,Nasice_2025-07-18_12-27_tf_1h,2021-06-24 19:00:00,304.83453,304.54095
Nasice,Nasice_2025-07-18_12-27_tf_1h,2021-06-24 20:00:00,303.17664,303.02887
Nasice,Nasice_2025-07-18_12-27_tf_1h,2021-06-24 21:00:00,301.419,301.57785
Nasice,Nasice_2025-07-18_12-27_tf_1h,2021-06-24 22:00:00,300.2171,300.0299
Nasice,Nasice_2025-07-18_12-27_tf_1h,2021-06-24 23:00:00,299.50037,299.21747
Nasice,Nasice_2025-07-18_12-27_tf_1h,2021-06-25 00:00:00,299.53375,298.64642
Nasice,Nasice_2025-07-18_12-27_tf_1h,2021-06-25 01:00:00,299.59293,298.83667
Nasice,Nasice_2025-07-18_12-27_tf_1h,2021-06-25 02:00:00,299.09003,298.76038
Nasice,Nasice_2025-07-18_12-27_tf_1h,2021-06-25 03:00:00,298.45398,298.14517
Nasice,Nasice_2025-07-18_12-27_tf_1h,2021-06-25 04:00:00,297.83612,297.53006
Nasice,Nasice_2025-07-18_12-27_tf_1h,2021-06-25 05:00:00,297.3548,296.97787
Nasice,Nasice_2025-07-18_12-27_tf_1h,2021-06-25 06:00:00,298.342,297.6173
Nasice,Nasice_2025-07-18_12-27_tf_1h,2021-06-25 07:00:00,300.62323,299.88275
Nasice,Nasice_2025-07-18_12-27_tf_1h,2021-06-25 08:00:00,301.5965,302.65292
Nasice,Nasice_2025-07-18_12-27_tf_1h,2021-06-25 09:00:00,302.5609,302.70676
Nasice,Nasice_2025-07-18_12-27_tf_1h,2021-06-25 10:00:00,303.63263,303.2382
Nasice,Nasice_2025-07-18_12-27_tf_1h,2021-06-25 11:00:00,304.68704,304.06897
Nasice,Nasice_2025-07-18_12-27_tf_1h,2021-06-25 12:00:00,305.42154,304.8669
Nasice,Nasice_2025-07-18_12-27_tf_1h,2021-06-25 13:00:00,305.9388,305.19034
Nasice,Nasice_2025-07-18_12-27_tf_1h,2021-06-25 14:00:00,305.0391,305.54175
Nasice,Nasice_2025-07-18_12-27_tf_1h,2021-06-25 15:00:00,304.52814,303.2772
Nasice,Nasice_2025-07-18_12-27_tf_1h,2021-06-25 16:00:00,301.57114,303.17197
Nasice,Nasice_2025-07-18_12-27_tf_1h,2021-06-25 17:00:00,301.03317,298.19635
Nasice,Nasice_2025-07-18_12-27_tf_1h,2021-06-25 18:00:00,301.01288,300.36966
Nasice,Nasice_2025-07-18_12-27_tf_1h,2021-06-25 19:00:00,300.03793,299.89783
Nasice,Nasice_2025-07-18_12-27_tf_1h,2021-06-25 20:00:00,301.53607,298.6886
Nasice,Nasice_2025-07-18_12-27_tf_1h,2021-06-25 21:00:00,298.48187,300.86337
Nasice,Nasice_2025-07-18_12-27_tf_1h,2021-06-25 22:00:00,296.52267,296.25214
Nasice,Nasice_2025-07-18_12-27_tf_1h,2021-06-25 23:00:00,296.02356,295.749
Nasice,Nasice_2025-07-18_12-27_tf_1h,2021-06-26 00:00:00,295.2092,295.50952
Nasice,Nasice_2025-07-18_12-27_tf_1h,2021-06-26 01:00:00,294.4096,294.29718
Nasice,Nasice_2025-07-18_12-27_tf_1h,2021-06-26 02:00:00,293.6578,293.61322
Nasice,Nasice_2025-07-18_12-27_tf_1h,2021-06-26 03:00:00,293.03317,292.82047
Nasice,Nasice_2025-07-18_12-27_tf_1h,2021-06-26 04:00:00,292.61945,292.4521
Nasice,Nasice_2025-07-18_12-27_tf_1h,2021-06-26 05:00:00,292.6617,293.01257
Nasice,Nasice_2025-07-18_12-27_tf_1h,2021-06-26 06:00:00,293.47736,293.617
Nasice,Nasice_2025-07-18_12-27_tf_1h,2021-06-26 07:00:00,294.44934,294.58713
Nasice,Nasice_2025-07-18_12-27_tf_1h,2021-06-26 08:00:00,295.57602,295.56525
Nasice,Nasice_2025-07-18_12-27_tf_1h,2021-06-26 09:00:00,296.96683,296.66824
Nasice,Nasice_2025-07-18_12-27_tf_1h,2021-06-26 10:00:00,298.1852,297.9835
Nasice,Nasice_2025-07-18_12-27_tf_1h,2021-06-26 11:00:00,299.4826,298.92096
Nasice,Nasice_2025-07-18_12-27_tf_1h,2021-06-26 12:00:00,300.29065,300.14456
Nasice,Nasice_2025-07-18_12-27_tf_1h,2021-06-26 13:00:00,300.7475,300.55814
Nasice,Nasice_2025-07-18_12-27_tf_1h,2021-06-26 14:00:00,300.8992,300.7639
Nasice,Nasice_2025-07-18_12-27_tf_1h,2021-06-26 15:00:00,300.9182,300.3897
Nasice,Nasice_2025-07-18_12-27_tf_1h,2021-06-26 16:00:00,300.82904,300.17502
Nasice,Nasice_2025-07-18_12-27_tf_1h,2021-06-26 17:00:00,300.5425,299.89706
Nasice,Nasice_2025-07-18_12-27_tf_1h,2021-06-26 18:00:00,300.04468,299.4232
Nasice,Nasice_2025-07-18_12-27_tf_1h,2021-06-26 19:00:00,298.7984,298.80856
Nasice,Nasice_2025-07-18_12-27_tf_1h,2021-06-26 20:00:00,297.02515,297.29272
Nasice,Nasice_2025-07-18_12-27_tf_1h,2021-06-26 21:00:00,295.5401,295.68652
Nasice,Nasice_2025-07-18_12-27_tf_1h,2021-06-26 22:00:00,294.5622,294.52106
Nasice,Nasice_2025-07-18_12-27_tf_1h,2021-06-26 23:00:00,293.6823,293.77606
Nasice,Nasice_2025-07-18_12-27_tf_1h,2021-06-27 00:00:00,292.9922,292.93353
Nasice,Nasice_2025-07-18_12-27_tf_1h,2021-06-27 01:00:00,292.34433,292.34793
Nasice,Nasice_2025-07-18_12-27_tf_1h,2021-06-27 02:00:00,291.8241,291.7199
Nasice,Nasice_2025-07-18_12-27_tf_1h,2021-06-27 03:00:00,291.29965,291.219
Nasice,Nasice_2025-07-18_12-27_tf_1h,2021-06-27 04:00:00,290.8952,290.6296
Nasice,Nasice_2025-07-18_12-27_tf_1h,2021-06-27 05:00:00,291.142,290.3674
Nasice,Nasice_2025-07-18_12-27_tf_1h,2021-06-27 06:00:00,293.9236,291.5451
Nasice,Nasice_2025-07-18_12-27_tf_1h,2021-06-27 07:00:00,296.387,296.6037
Nasice,Nasice_2025-07-18_12-27_tf_1h,2021-06-27 08:00:00,297.32266,297.91962
Nasice,Nasice_2025-07-18_12-27_tf_1h,2021-06-27 09:00:00,298.7739,298.6336
Nasice,Nasice_2025-07-18_12-27_tf_1h,2021-06-27 10:00:00,300.1047,300.1083
Nasice,Nasice_2025-07-18_12-27_tf_1h,2021-06-27 11:00:00,301.288,301.1339
Nasice,Nasice_2025-07-18_12-27_tf_1h,2021-06-27 12:00:00,302.15097,302.01614
Nasice,Nasice_2025-07-18_12-27_tf_1h,2021-06-27 13:00:00,302.28323,302.51974
Nasice,Nasice_2025-07-18_12-27_tf_1h,2021-06-27 14:00:00,302.64627,301.8427
Nasice,Nasice_2025-07-18_12-27_tf_1h,2021-06-27 15:00:00,302.9311,302.07935
Nasice,Nasice_2025-07-18_12-27_tf_1h,2021-06-27 16:00:00,302.89813,302.13266
Nasice,Nasice_2025-07-18_12-27_tf_1h,2021-06-27 17:00:00,302.53006,301.7826
Nasice,Nasice_2025-07-18_12-27_tf_1h,2021-06-27 18:00:00,301.7347,301.21008
Nasice,Nasice_2025-07-18_12-27_tf_1h,2021-06-27 19:00:00,300.39502,300.26135
Nasice,Nasice_2025-07-18_12-27_tf_1h,2021-06-27 20:00:00,298.78827,298.86185
Nasice,Nasice_2025-07-18_12-27_tf_1h,2021-06-27 21:00:00,297.2804,297.41162
Nasice,Nasice_2025-07-18_12-27_tf_1h,2021-06-27 22:00:00,296.0747,296.1122
Nasice,Nasice_2025-07-18_12-27_tf_1h,2021-06-27 23:00:00,295.2126,295.1131
Nasice,Nasice_2025-07-18_12-27_tf_1h,2021-06-28 00:00:00,294.60867,294.4096
Nasice,Nasice_2025-07-18_12-27_tf_1h,2021-06-28 01:00:00,293.82474,293.89932
Nasice,Nasice_2025-07-18_12-27_tf_1h,2021-06-28 02:00:00,293.217,293.05472
Nasice,Nasice_2025-07-18_12-27_tf_1h,2021-06-28 03:00:00,292.75806,292.58514
Nasice,Nasice_2025-07-18_12-27_tf_1h,2021-06-28 04:00:00,292.26825,292.1861
Nasice,Nasice_2025-07-18_12-27_tf_1h,2021-06-28 05:00:00,292.4952,291.6013
Nasice,Nasice_2025-07-18_12-27_tf_1h,2021-06-28 06:00:00,295.19693,293.01685
Nasice,Nasice_2025-07-18_12-27_tf_1h,2021-06-28 07:00:00,297.76767,297.87604
Nasice,Nasice_2025-07-18_12-27_tf_1h,2021-06-28 08:00:00,299.45557,299.44275
Nasice,Nasice_2025-07-18_12-27_tf_1h,2021-06-28 09:00:00,301.28125,301.20743
Nasice,Nasice_2025-07-18_12-27_tf_1h,2021-06-28 10:00:00,302.6767,302.88934
Nasice,Nasice_2025-07-18_12-27_tf_1h,2021-06-28 11:00:00,303.658,303.7765
Nasice,Nasice_2025-07-18_12-27_tf_1h,2021-06-28 12:00:00,304.5087,304.26422
Nasice,Nasice_2025-07-18_12-27_tf_1h,2021-06-28 13:00:00,305.1832,304.81946
Nasice,Nasice_2025-07-18_12-27_tf_1h,2021-06-28 14:00:00,305.69708,305.00507
Nasice,Nasice_2025-07-18_12-27_tf_1h,2021-06-28 15:00:00,305.9574,305.09177
Nasice,Nasice_2025-07-18_12-27_tf_1h,2021-06-28 16:00:00,305.97516,304.99292
Nasice,Nasice_2025-07-18_12-27_tf_1h,2021-06-28 17:00:00,305.56015,304.74924
Nasice,Nasice_2025-07-18_12-27_tf_1h,2021-06-28 18:00:00,304.5611,304.07318
Nasice,Nasice_2025-07-18_12-27_tf_1h,2021-06-28 19:00:00,302.90323,302.8073
Nasice,Nasice_2025-07-18_12-27_tf_1h,2021-06-28 20:00:00,301.09317,301.12283
Nasice,Nasice_2025-07-18_12-27_tf_1h,2021-06-28 21:00:00,299.65335,299.5661
Nasice,Nasice_2025-07-18_12-27_tf_1h,2021-06-28 22:00:00,298.5085,298.45197
Nasice,Nasice_2025-07-18_12-27_tf_1h,2021-06-28 23:00:00,297.44058,297.47165
Nasice,Nasice_2025-07-18_12-27_tf_1h,2021-06-29 00:00:00,296.43097,296.4918
Nasice,Nasice_2025-07-18_12-27_tf_1h,2021-06-29 01:00:00,295.47037,295.58334
Nasice,Nasice_2025-07-18_12-27_tf_1h,2021-06-29 02:00:00,294.68137,294.70386
Nasice,Nasice_2025-07-18_12-27_tf_1h,2021-06-29 03:00:00,294.5622,294.0291
Nasice,Nasice_2025-07-18_12-27_tf_1h,2021-06-29 04:00:00,294.54654,294.19873
Nasice,Nasice_2025-07-18_12-27_tf_1h,2021-06-29 05:00:00,294.3348,293.9544
Nasice,Nasice_2025-07-18_12-27_tf_1h,2021-06-29 06:00:00,295.8448,294.19263
Nasice,Nasice_2025-07-18_12-27_tf_1h,2021-06-29 07:00:00,298.80136,298.1604
Nasice,Nasice_2025-07-18_12-27_tf_1h,2021-06-29 08:00:00,301.32773,300.745
Nasice,Nasice_2025-07-18_12-27_tf_1h,2021-06-29 09:00:00,303.30765,303.4596
Nasice,Nasice_2025-07-18_12-27_tf_1h,2021-06-29 10:00:00,304.95624,305.1243
Nasice,Nasice_2025-07-18_12-27_tf_1h,2021-06-29 11:00:00,306.08167,306.21667
Nasice,Nasice_2025-07-18_12-27_tf_1h,2021-06-29 12:00:00,306.98688,306.697
Nasice,Nasice_2025-07-18_12-27_tf_1h,2021-06-29 13:00:00,307.5756,307.19556
Nasice,Nasice_2025-07-18_12-27_tf_1h,2021-06-29 14:00:00,307.99228,307.2979
Nasice,Nasice_2025-07-18_12-27_tf_1h,2021-06-29 15:00:00,308.1575,307.2985
Nasice,Nasice_2025-07-18_12-27_tf_1h,2021-06-29 16:00:00,308.02396,307.06952
Nasice,Nasice_2025-07-18_12-27_tf_1h,2021-06-29 17:00:00,307.6119,306.61212
Nasice,Nasice_2025-07-18_12-27_tf_1h,2021-06-29 18:00:00,306.5068,306.00946
Nasice,Nasice_2025-07-18_12-27_tf_1h,2021-06-29 19:00:00,304.59534,304.5882
Nasice,Nasice_2025-07-18_12-27_tf_1h,2021-06-29 20:00:00,303.06085,302.6251
Nasice,Nasice_2025-07-18_12-27_tf_1h,2021-06-29 21:00:00,301.61383,301.55325
Nasice,Nasice_2025-07-18_12-27_tf_1h,2021-06-29 22:00:00,299.96988,300.21912
Nasice,Nasice_2025-07-18_12-27_tf_1h,2021-06-29 23:00:00,298.95688,298.69818
Nasice,Nasice_2025-07-18_12-27_tf_1h,2021-06-30 00:00:00,298.22873,298.08603
Nasice,Nasice_2025-07-18_12-27_tf_1h,2021-06-30 01:00:00,297.14093,297.40588
Nasice,Nasice_2025-07-18_12-27_tf_1h,2021-06-30 02:00:00,296.06287,296.24155
Nasice,Nasice_2025-07-18_12-27_tf_1h,2021-06-30 03:00:00,295.6225,295.33734
Nasice,Nasice_2025-07-18_12-27_tf_1h,2021-06-30 04:00:00,295.19315,295.15833
Nasice,Nasice_2025-07-18_12-27_tf_1h,2021-06-30 05:00:00,295.13483,294.4186
Nasice,Nasice_2025-07-18_12-27_tf_1h,2021-06-30 06:00:00,297.61636,295.32257
Nasice,Nasice_2025-07-18_12-27_tf_1h,2021-06-30 07:00:00,300.1647,300.3242
Nasice,Nasice_2025-07-18_12-27_tf_1h,2021-06-30 08:00:00,301.3273,301.9786
Nasice,Nasice_2025-07-18_12-27_tf_1h,2021-06-30 09:00:00,302.77008,302.89227
Nasice,Nasice_2025-07-18_12-27_tf_1h,2021-06-30 10:00:00,303.9589,304.15463
Nasice,Nasice_2025-07-18_12-27_tf_1h,2021-06-30 11:00:00,304.8286,304.75995
Nasice,Nasice_2025-07-18_12-27_tf_1h,2021-06-30 12:00:00,305.63327,305.11267
Nasice,Nasice_2025-07-18_12-27_tf_1h,2021-06-30 13:00:00,306.09433,305.6654
Nasice,Nasice_2025-07-18_12-27_tf_1h,2021-06-30 14:00:00,306.38678,305.65546
Nasice,Nasice_2025-07-18_12-27_tf_1h,2021-06-30 15:00:00,306.81192,305.75046
Nasice,Nasice_2025-07-18_12-27_tf_1h,2021-06-30 16:00:00,307.3482,306.1205
Nasice,Nasice_2025-07-18_12-27_tf_1h,2021-06-30 17:00:00,307.10776,306.56415
Nasice,Nasice_2025-07-18_12-27_tf_1h,2021-06-30 18:00:00,305.67596,305.60187
Nasice,Nasice_2025-07-18_12-27_tf_1h,2021-06-30 19:00:00,303.8659,303.5738
Nasice,Nasice_2025-07-18_12-27_tf_1h,2021-06-30 20:00:00,302.8187,302.14804
Nasice,Nasice_2025-07-18_12-27_tf_1h,2021-06-30 21:00:00,301.65567,301.4839
Nasice,Nasice_2025-07-18_12-27_tf_1h,2021-06-30 22:00:00,300.69424,300.262
Nasice,Nasice_2025-07-18_12-27_tf_1h,2021-06-30 23:00:00,299.6618,299.5683
Nasice,Nasice_2025-07-18_12-27_tf_1h,2021-07-01 00:00:00,298.41467,298.56406
Nasice,Nasice_2025-07-18_12-27_tf_1h,2021-07-01 01:00:00,297.0719,297.37552
Nasice,Nasice_2025-07-18_12-27_tf_1h,2021-07-01 02:00:00,295.53244,296.17062
Nasice,Nasice_2025-07-18_12-27_tf_1h,2021-07-01 03:00:00,294.19373,294.67596
Nasice,Nasice_2025-07-18_12-27_tf_1h,2021-07-01 04:00:00,293.1732,293.4436
Nasice,Nasice_2025-07-18_12-27_tf_1h,2021-07-01 05:00:00,292.46753,292.31473
Nasice,Nasice_2025-07-18_12-27_tf_1h,2021-07-01 06:00:00,292.67935,292.36203
Nasice,Nasice_2025-07-18_12-27_tf_1h,2021-07-01 07:00:00,293.383,294.14542
Nasice,Nasice_2025-07-18_12-27_tf_1h,2021-07-01 08:00:00,294.90842,294.5691
Nasice,Nasice_2025-07-18_12-27_tf_1h,2021-07-01 09:00:00,296.22772,296.43896
Nasice,Nasice_2025-07-18_12-27_tf_1h,2021-07-01 10:00:00,297.40616,297.45627
Nasice,Nasice_2025-07-18_12-27_tf_1h,2021-07-01 11:00:00,298.49796,298.5524
Nasice,Nasice_2025-07-18_12-27_tf_1h,2021-07-01 12:00:00,299.4291,299.34836
Nasice,Nasice_2025-07-18_12-27_tf_1h,2021-07-01 13:00:00,300.09094,299.9801
Nasice,Nasice_2025-07-18_12-27_tf_1h,2021-07-01 14:00:00,300.46838,300.3163
Nasice,Nasice_2025-07-18_12-27_tf_1h,2021-07-01 15:00:00,300.69156,300.3835
Nasice,Nasice_2025-07-18_12-27_tf_1h,2021-07-01 16:00:00,300.53763,300.4133
Nasice,Nasice_2025-07-18_12-27_tf_1h,2021-07-01 17:00:00,300.05014,299.85788
Nasice,Nasice_2025-07-18_12-27_tf_1h,2021-07-01 18:00:00,299.5131,298.9396
Nasice,Nasice_2025-07-18_12-27_tf_1h,2021-07-01 19:00:00,298.76962,298.30502
Nasice,Nasice_2025-07-18_12-27_tf_1h,2021-07-01 20:00:00,294.4664,297.44418
Nasice,Nasice_2025-07-18_12-27_tf_1h,2021-07-01 21:00:00,292.89417,291.91476
Nasice,Nasice_2025-07-18_12-27_tf_1h,2021-07-01 22:00:00,292.19452,292.28613
Nasice,Nasice_2025-07-18_12-27_tf_1h,2021-07-01 23:00:00,291.89236,291.62323
Nasice,Nasice_2025-07-18_12-27_tf_1h,2021-07-02 00:00:00,291.57852,291.46902
Nasice,Nasice_2025-07-18_12-27_tf_1h,2021-07-02 01:00:00,291.09805,291.12384
Nasice,Nasice_2025-07-18_12-27_tf_1h,2021-07-02 02:00:00,290.74506,290.49307
Nasice,Nasice_2025-07-18_12-27_tf_1h,2021-07-02 03:00:00,290.20703,290.17703
Nasice,Nasice_2025-07-18_12-27_tf_1h,2021-07-02 04:00:00,290.08356,289.4953
Nasice,Nasice_2025-07-18_12-27_tf_1h,2021-07-02 05:00:00,290.3405,289.89026
Nasice,Nasice_2025-07-18_12-27_tf_1h,2021-07-02 06:00:00,291.44336,290.83566
Nasice,Nasice_2025-07-18_12-27_tf_1h,2021-07-02 07:00:00,292.63986,293.24564
Nasice,Nasice_2025-07-18_12-27_tf_1h,2021-07-02 08:00:00,293.36594,293.79056
Nasice,Nasice_2025-07-18_12-27_tf_1h,2021-07-02 09:00:00,294.69962,294.47485
Nasice,Nasice_2025-07-18_12-27_tf_1h,2021-07-02 10:00:00,295.4769,295.9373
Nasice,Nasice_2025-07-18_12-27_tf_1h,2021-07-02 11:00:00,296.3134,296.18408
Nasice,Nasice_2025-07-18_12-27_tf_1h,2021-07-02 12:00:00,296.97922,296.8681
Nasice,Nasice_2025-07-18_12-27_tf_1h,2021-07-02 13:00:00,297.28873,297.3143
Nasice,Nasice_2025-07-18_12-27_tf_1h,2021-07-02 14:00:00,297.83945,297.27597
Nasice,Nasice_2025-07-18_12-27_tf_1h,2021-07-02 15:00:00,298.154,297.76227
Nasice,Nasice_2025-07-18_12-27_tf_1h,2021-07-02 16:00:00,297.87393,297.73682
Nasice,Nasice_2025-07-18_12-27_tf_1h,2021-07-02 17:00:00,297.38342,296.93646
Nasice,Nasice_2025-07-18_12-27_tf_1h,2021-07-02 18:00:00,296.9849,296.22073
Nasice,Nasice_2025-07-18_12-27_tf_1h,2021-07-02 19:00:00,296.1752,295.8582
Nasice,Nasice_2025-07-18_12-27_tf_1h,2021-07-02 20:00:00,294.77725,295.01718
Nasice,Nasice_2025-07-18_12-27_tf_1h,2021-07-02 21:00:00,293.82367,293.56506
Nasice,Nasice_2025-07-18_12-27_tf_1h,2021-07-02 22:00:00,293.07382,292.90866
Nasice,Nasice_2025-07-18_12-27_tf_1h,2021-07-02 23:00:00,292.50836,292.25568
Nasice,Nasice_2025-07-18_12-27_tf_1h,2021-07-03 00:00:00,292.00815,291.77512
Nasice,Nasice_2025-07-18_12-27_tf_1h,2021-07-03 01:00:00,291.67255,291.31815
Nasice,Nasice_2025-07-18_12-27_tf_1h,2021-07-03 02:00:00,291.07562,291.06512
Nasice,Nasice_2025-07-18_12-27_tf_1h,2021-07-03 03:00:00,290.6179,290.357
Nasice,Nasice_2025-07-18_12-27_tf_1h,2021-07-03 04:00:00,290.3556,290.00674
Nasice,Nasice_2025-07-18_12-27_tf_1h,2021-07-03 05:00:00,290.35324,289.87283
Nasice,Nasice_2025-07-18_12-27_tf_1h,2021-07-03 06:00:00,291.03046,290.28497
Nasice,Nasice_2025-07-18_12-27_tf_1h,2021-07-03 07:00:00,292.0958,291.9439
Nasice,Nasice_2025-07-18_12-27_tf_1h,2021-07-03 08:00:00,293.76108,293.2107
Nasice,Nasice_2025-07-18_12-27_tf_1h,2021-07-03 09:00:00,294.75348,295.24207
Nasice,Nasice_2025-07-18_12-27_tf_1h,2021-07-03 10:00:00,295.64853,295.7456
Nasice,Nasice_2025-07-18_12-27_tf_1h,2021-07-03 11:00:00,296.62354,296.38736
Nasice,Nasice_2025-07-18_12-27_tf_1h,2021-07-03 12:00:00,297.26428,297.25583
Nasice,Nasice_2025-07-18_12-27_tf_1h,2021-07-03 13:00:00,298.33835,297.55542
Nasice,Nasice_2025-07-18_12-27_tf_1h,2021-07-03 14:00:00,298.62173,298.6757
Nasice,Nasice_2025-07-18_12-27_tf_1h,2021-07-03 15:00:00,299.06876,298.292
Nasice,Nasice_2025-07-18_12-27_tf_1h,2021-07-03 16:00:00,299.042,298.58316
Nasice,Nasice_2025-07-18_12-27_tf_1h,2021-07-03 17:00:00,298.866,298.2037
Nasice,Nasice_2025-07-18_12-27_tf_1h,2021-07-03 18:00:00,298.37045,297.8302
Nasice,Nasice_2025-07-18_12-27_tf_1h,2021-07-03 19:00:00,298.05695,297.18164
Nasice,Nasice_2025-07-18_12-27_tf_1h,2021-07-03 20:00:00,297.08328,296.9741
Nasice,Nasice_2025-07-18_12-27_tf_1h,2021-07-03 21:00:00,296.3241,295.8306
Nasice,Nasice_2025-07-18_12-27_tf_1h,2021-07-03 22:00:00,295.6512,295.281
Nasice,Nasice_2025-07-18_12-27_tf_1h,2021-07-03 23:00:00,295.06265,294.68393
Nasice,Nasice_2025-07-18_12-27_tf_1h,2021-07-04 00:00:00,294.4604,294.15988
Nasice,Nasice_2025-07-18_12-27_tf_1h,2021-07-04 01:00:00,294.07394,293.58844
Nasice,Nasice_2025-07-18_12-27_tf_1h,2021-07-04 02:00:00,293.31073,293.31592
Nasice,Nasice_2025-07-18_12-27_tf_1h,2021-07-04 03:00:00,291.8954,292.42404
Nasice,Nasice_2025-07-18_12-27_tf_1h,2021-07-04 04:00:00,291.0455,290.82376
Nasice,Nasice_2025-07-18_12-27_tf_1h,2021-07-04 05:00:00,290.66373,290.40088
Nasice,Nasice_2025-07-18_12-27_tf_1h,2021-07-04 06:00:00,291.8482,290.15625
Nasice,Nasice_2025-07-18_12-27_tf_1h,2021-07-04 07:00:00,294.55038,292.63675
Nasice,Nasice_2025-07-18_12-27_tf_1h,2021-07-04 08:00:00,296.5553,296.03995
Nasice,Nasice_2025-07-18_12-27_tf_1h,2021-07-04 09:00:00,297.61194,297.7569
Nasice,Nasice_2025-07-18_12-27_tf_1h,2021-07-04 10:00:00,298.6823,298.92218
Nasice,Nasice_2025-07-18_12-27_tf_1h,2021-07-04 11:00:00,299.21097,299.76584
Nasice,Nasice_2025-07-18_12-27_tf_1h,2021-07-04 12:00:00,299.98822,299.63498
Nasice,Nasice_2025-07-18_12-27_tf_1h,2021-07-04 13:00:00,300.4697,300.23163
Nasice,Nasice_2025-07-18_12-27_tf_1h,2021-07-04 14:00:00,300.4463,300.30807
Nasice,Nasice_2025-07-18_12-27_tf_1h,2021-07-04 15:00:00,300.71097,299.72034
Nasice,Nasice_2025-07-18_12-27_tf_1h,2021-07-04 16:00:00,300.5443,299.95932
Nasice,Nasice_2025-07-18_12-27_tf_1h,2021-07-04 17:00:00,300.2529,299.50748
Nasice,Nasice_2025-07-18_12-27_tf_1h,2021-07-04 18:00:00,299.82227,299.11343
Nasice,Nasice_2025-07-18_12-27_tf_1h,2021-07-04 19:00:00,298.54144,298.65085
Nasice,Nasice_2025-07-18_12-27_tf_1h,2021-07-04 20:00:00,296.7942,297.10516
Nasice,Nasice_2025-07-18_12-27_tf_1h,2021-07-04 21:00:00,295.70374,295.47812
Nasice,Nasice_2025-07-18_12-27_tf_1h,2021-07-04 22:00:00,294.65012,294.78595
Nasice,Nasice_2025-07-18_12-27_tf_1h,2021-07-04 23:00:00,294.3493,293.75293
Nasice,Nasice_2025-07-18_12-27_tf_1h,2021-07-05 00:00:00,293.65402,293.757
Nasice,Nasice_2025-07-18_12-27_tf_1h,2021-07-05 01:00:00,293.1732,292.85687
Nasice,Nasice_2025-07-18_12-27_tf_1h,2021-07-05 02:00:00,292.7533,292.52005
Nasice,Nasice_2025-07-18_12-27_tf_1h,2021-07-05 03:00:00,292.31464,292.1252
Nasice,Nasice_2025-07-18_12-27_tf_1h,2021-07-05 04:00:00,291.96866,291.6716
Nasice,Nasice_2025-07-18_12-27_tf_1h,2021-07-05 05:00:00,292.0426,291.39502
Nasice,Nasice_2025-07-18_12-27_tf_1h,2021-07-05 06:00:00,292.29288,292.23468
Nasice,Nasice_2025-07-18_12-27_tf_1h,2021-07-05 07:00:00,292.4207,293.1569
Nasice,Nasice_2025-07-18_12-27_tf_1h,2021-07-05 08:00:00,293.5282,293.04785
Nasice,Nasice_2025-07-18_12-27_tf_1h,2021-07-05 09:00:00,293.11432,294.8762
Nasice,Nasice_2025-07-18_12-27_tf_1h,2021-07-05 10:00:00,293.0116,293.1402
Nasice,Nasice_2025-07-18_12-27_tf_1h,2021-07-05 11:00:00,294.49686,293.00647
Nasice,Nasice_2025-07-18_12-27_tf_1h,2021-07-05 12:00:00,295.73386,295.49857
Nasice,Nasice_2025-07-18_12-27_tf_1h,2021-07-05 13:00:00,297.4791,296.49667
Nasice,Nasice_2025-07-18_12-27_tf_1h,2021-07-05 14:00:00,298.4919,298.37344
Nasice,Nasice_2025-07-18_12-27_tf_1h,2021-07-05 15:00:00,299.26685,298.94315
Nasice,Nasice_2025-07-18_12-27_tf_1h,2021-07-05 16:00:00,299.3207,299.41785
Nasice,Nasice_2025-07-18_12-27_tf_1h,2021-07-05 17:00:00,299.16144,298.75378
Nasice,Nasice_2025-07-18_12-27_tf_1h,2021-07-05 18:00:00,298.88138,298.2325
Nasice,Nasice_2025-07-18_12-27_tf_1h,2021-07-05 19:00:00,297.93082,297.79388
Nasice,Nasice_2025-07-18_12-27_tf_1h,2021-07-05 20:00:00,296.76138,296.554
Nasice,Nasice_2025-07-18_12-27_tf_1h,2021-07-05 21:00:00,296.05472,295.52518
Nasice,Nasice_2025-07-18_12-27_tf_1h,2021-07-05 22:00:00,295.40762,295.09863
Nasice,Nasice_2025-07-18_12-27_tf_1h,2021-07-05 23:00:00,294.84952,294.48138
Nasice,Nasice_2025-07-18_12-27_tf_1h,2021-07-06 00:00:00,294.15924,294.00177
Nasice,Nasice_2025-07-18_12-27_tf_1h,2021-07-06 01:00:00,293.7333,293.30447
Nasice,Nasice_2025-07-18_12-27_tf_1h,2021-07-06 02:00:00,293.25485,293.01724
Nasice,Nasice_2025-07-18_12-27_tf_1h,2021-07-06 03:00:00,292.82657,292.52036
Nasice,Nasice_2025-07-18_12-27_tf_1h,2021-07-06 04:00:00,292.49496,292.1495
Nasice,Nasice_2025-07-18_12-27_tf_1h,2021-07-06 05:00:00,292.4197,291.89056
Nasice,Nasice_2025-07-18_12-27_tf_1h,2021-07-06 06:00:00,293.95148,291.92487
Nasice,Nasice_2025-07-18_12-27_tf_1h,2021-07-06 07:00:00,296.17184,294.30835
Nasice,Nasice_2025-07-18_12-27_tf_1h,2021-07-06 08:00:00,297.73306,296.50504
Nasice,Nasice_2025-07-18_12-27_tf_1h,2021-07-06 09:00:00,298.9915,298.35776
Nasice,Nasice_2025-07-18_12-27_tf_1h,2021-07-06 10:00:00,300.0488,300.33524
Nasice,Nasice_2025-07-18_12-27_tf_1h,2021-07-06 11:00:00,301.13724,301.1696
Nasice,Nasice_2025-07-18_12-27_tf_1h,2021-07-06 12:00:00,301.98676,301.83984
Nasice,Nasice_2025-07-18_12-27_tf_1h,2021-07-06 13:00:00,302.20694,302.10992
Nasice,Nasice_2025-07-18_12-27_tf_1h,2021-07-06 14:00:00,302.7433,301.6454
Nasice,Nasice_2025-07-18_12-27_tf_1h,2021-07-06 15:00:00,303.21472,302.11612
Nasice,Nasice_2025-07-18_12-27_tf_1h,2021-07-06 16:00:00,303.3044,302.4302
Nasice,Nasice_2025-07-18_12-27_tf_1h,2021-07-06 17:00:00,303.15616,302.25223
Nasice,Nasice_2025-07-18_12-27_tf_1h,2021-07-06 18:00:00,302.45654,301.9566
Nasice,Nasice_2025-07-18_12-27_tf_1h,2021-07-06 19:00:00,300.8361,301.0141
Nasice,Nasice_2025-07-18_12-27_tf_1h,2021-07-06 20:00:00,299.4067,299.15442
Nasice,Nasice_2025-07-18_12-27_tf_1h,2021-07-06 21:00:00,298.33868,298.14563
Nasice,Nasice_2025-07-18_12-27_tf_1h,2021-07-06 22:00:00,297.19672,297.2535
Nasice,Nasice_2025-07-18_12-27_tf_1h,2021-07-06 23:00:00,295.96204,296.13693
Nasice,Nasice_2025-07-18_12-27_tf_1h,2021-07-07 00:00:00,295.09277,294.99664
Nasice,Nasice_2025-07-18_12-27_tf_1h,2021-07-07 01:00:00,294.38174,294.3467
Nasice,Nasice_2025-07-18_12-27_tf_1h,2021-07-07 02:00:00,293.90863,293.69
Nasice,Nasice_2025-07-18_12-27_tf_1h,2021-07-07 03:00:00,293.4392,293.33093
Nasice,Nasice_2025-07-18_12-27_tf_1h,2021-07-07 04:00:00,292.8396,292.83005
Nasice,Nasice_2025-07-18_12-27_tf_1h,2021-07-07 05:00:00,292.8898,292.0931
Nasice,Nasice_2025-07-18_12-27_tf_1h,2021-07-07 06:00:00,295.18344,292.99475
Nasice,Nasice_2025-07-18_12-27_tf_1h,2021-07-07 07:00:00,298.84058,297.61346
Nasice,Nasice_2025-07-18_12-27_tf_1h,2021-07-07 08:00:00,299.9959,300.66632
Nasice,Nasice_2025-07-18_12-27_tf_1h,2021-07-07 09:00:00,301.8817,301.51453
Nasice,Nasice_2025-07-18_12-27_tf_1h,2021-07-07 10:00:00,303.52457,303.6306
Nasice,Nasice_2025-07-18_12-27_tf_1h,2021-07-07 11:00:00,304.99075,304.84677
Nasice,Nasice_2025-07-18_12-27_tf_1h,2021-07-07 12:00:00,306.024,305.92175
Nasice,Nasice_2025-07-18_12-27_tf_1h,2021-07-07 13:00:00,306.81464,306.44626
Nasice,Nasice_2025-07-18_12-27_tf_1h,2021-07-07 14:00:00,307.3483,306.6881
Nasice,Nasice_2025-07-18_12-27_tf_1h,2021-07-07 15:00:00,307.70032,306.69223
Nasice,Nasice_2025-07-18_12-27_tf_1h,2021-07-07 16:00:00,307.72742,306.72766
Nasice,Nasice_2025-07-18_12-27_tf_1h,2021-07-07 17:00:00,307.34998,306.42493
Nasice,Nasice_2025-07-18_12-27_tf_1h,2021-07-07 18:00:00,306.287,305.79028
Nasice,Nasice_2025-07-18_12-27_tf_1h,2021-07-07 19:00:00,304.441,304.37778
Nasice,Nasice_2025-07-18_12-27_tf_1h,2021-07-07 20:00:00,302.81555,302.50375
Nasice,Nasice_2025-07-18_12-27_tf_1h,2021-07-07 21:00:00,301.37814,301.27167
Nasice,Nasice_2025-07-18_12-27_tf_1h,2021-07-07 22:00:00,300.2084,300.00696
Nasice,Nasice_2025-07-18_12-27_tf_1h,2021-07-07 23:00:00,299.0661,299.06516
Nasice,Nasice_2025-07-18_12-27_tf_1h,2021-07-08 00:00:00,297.90204,298.00052
Nasice,Nasice_2025-07-18_12-27_tf_1h,2021-07-08 01:00:00,296.95212,296.93814
Nasice,Nasice_2025-07-18_12-27_tf_1h,2021-07-08 02:00:00,296.16916,296.16187
Nasice,Nasice_2025-07-18_12-27_tf_1h,2021-07-08 03:00:00,295.51736,295.46423
Nasice,Nasice_2025-07-18_12-27_tf_1h,2021-07-08 04:00:00,294.9867,294.91745
Nasice,Nasice_2025-07-18_12-27_tf_1h,2021-07-08 05:00:00,294.78595,294.30258
Nasice,Nasice_2025-07-18_12-27_tf_1h,2021-07-08 06:00:00,296.86145,294.581
Nasice,Nasice_2025-07-18_12-27_tf_1h,2021-07-08 07:00:00,300.47037,299.3137
Nasice,Nasice_2025-07-18_12-27_tf_1h,2021-07-08 08:00:00,302.16946,302.35944
Nasice,Nasice_2025-07-18_12-27_tf_1h,2021-07-08 09:00:00,304.3296,304.02762
Nasice,Nasice_2025-07-18_12-27_tf_1h,2021-07-08 10:00:00,306.07385,306.30035
Nasice,Nasice_2025-07-18_12-27_tf_1h,2021-07-08 11:00:00,307.26733,307.36255
Nasice,Nasice_2025-07-18_12-27_tf_1h,2021-07-08 12:00:00,308.1808,307.81866
Nasice,Nasice_2025-07-18_12-27_tf_1h,2021-07-08 13:00:00,308.9092,308.2841
Nasice,Nasice_2025-07-18_12-27_tf_1h,2021-07-08 14:00:00,309.33847,308.61865
Nasice,Nasice_2025-07-18_12-27_tf_1h,2021-07-08 15:00:00,309.6316,308.66064
Nasice,Nasice_2025-07-18_12-27_tf_1h,2021-07-08 16:00:00,309.65332,308.636
Nasice,Nasice_2025-07-18_12-27_tf_1h,2021-07-08 17:00:00,309.11932,308.2929
Nasice,Nasice_2025-07-18_12-27_tf_1h,2021-07-08 18:00:00,307.45303,307.28683
Nasice,Nasice_2025-07-18_12-27_tf_1h,2021-07-08 19:00:00,305.79044,305.15863
Nasice,Nasice_2025-07-18_12-27_tf_1h,2021-07-08 20:00:00,304.87097,304.036
Nasice,Nasice_2025-07-18_12-27_tf_1h,2021-07-08 21:00:00,303.7956,303.34824
Nasice,Nasice_2025-07-18_12-27_tf_1h,2021-07-08 22:00:00,302.95642,302.20285
Nasice,Nasice_2025-07-18_12-27_tf_1h,2021-07-08 23:00:00,302.29526,301.6571
Nasice,Nasice_2025-07-18_12-27_tf_1h,2021-07-09 00:00:00,301.91785,301.0734
Nasice,Nasice_2025-07-18_12-27_tf_1h,2021-07-09 01:00:00,301.22223,300.76688
Nasice,Nasice_2025-07-18_12-27_tf_1h,2021-07-09 02:00:00,300.25723,300.0349
Nasice,Nasice_2025-07-18_12-27_tf_1h,2021-07-09 03:00:00,299.37994,299.15106
Nasice,Nasice_2025-07-18_12-27_tf_1h,2021-07-09 04:00:00,298.5806,298.45737
Nasice,Nasice_2025-07-18_12-27_tf_1h,2021-07-09 05:00:00,297.81168,297.75635
Nasice,Nasice_2025-07-18_12-27_tf_1h,2021-07-09 06:00:00,297.76483,297.04694
Nasice,Nasice_2025-07-18_12-27_tf_1h,2021-07-09 07:00:00,300.60556,298.33215
Nasice,Nasice_2025-07-18_12-27_tf_1h,2021-07-09 08:00:00,301.21252,302.48282
Nasice,Nasice_2025-07-18_12-27_tf_1h,2021-07-09 09:00:00,300.9833,302.27576
Nasice,Nasice_2025-07-18_12-27_tf_1h,2021-07-09 10:00:00,301.88538,301.16522
Nasice,Nasice_2025-07-18_12-27_tf_1h,2021-07-09 11:00:00,302.2561,302.43872
Nasice,Nasice_2025-07-18_12-27_tf_1h,2021-07-09 12:00:00,302.65228,302.04837
Nasice,Nasice_2025-07-18_12-27_tf_1h,2021-07-09 13:00:00,302.81122,302.43994
Nasice,Nasice_2025-07-18_12-27_tf_1h,2021-07-09 14:00:00,302.8015,302.25137
Nasice,Nasice_2025-07-18_12-27_tf_1h,2021-07-09 15:00:00,303.14514,302.02545
Nasice,Nasice_2025-07-18_12-27_tf_1h,2021-07-09 16:00:00,303.29404,302.58923
Nasice,Nasice_2025-07-18_12-27_tf_1h,2021-07-09 17:00:00,303.36563,302.38065
Nasice,Nasice_2025-07-18_12-27_tf_1h,2021-07-09 18:00:00,302.93298,302.39532
Nasice,Nasice_2025-07-18_12-27_tf_1h,2021-07-09 19:00:00,301.72278,301.68716
Nasice,Nasice_2025-07-18_12-27_tf_1h,2021-07-09 20:00:00,300.1977,300.1746
Nasice,Nasice_2025-07-18_12-27_tf_1h,2021-07-09 21:00:00,299.01288,298.86856
Nasice,Nasice_2025-07-18_12-27_tf_1h,2021-07-09 22:00:00,297.98032,297.92798
Nasice,Nasice_2025-07-18_12-27_tf_1h,2021-07-09 23:00:00,297.24356,296.99222
Nasice,Nasice_2025-07-18_12-27_tf_1h,2021-07-10 00:00:00,296.5593,296.42902
Nasice,Nasice_2025-07-18_12-27_tf_1h,2021-07-10 01:00:00,296.16348,295.76782
Nasice,Nasice_2025-07-18_12-27_tf_1h,2021-07-10 02:00:00,295.80847,295.47473
Nasice,Nasice_2025-07-18_12-27_tf_1h,2021-07-10 03:00:00,295.35678,295.0394
Nasice,Nasice_2025-07-18_12-27_tf_1h,2021-07-10 04:00:00,294.76553,294.55573
Nasice,Nasice_2025-07-18_12-27_tf_1h,2021-07-10 05:00:00,294.38242,294.1478
Nasice,Nasice_2025-07-18_12-27_tf_1h,2021-07-10 06:00:00,294.60193,294.32065
Nasice,Nasice_2025-07-18_12-27_tf_1h,2021-07-10 07:00:00,295.2216,295.12308
Nasice,Nasice_2025-07-18_12-27_tf_1h,2021-07-10 08:00:00,296.28726,296.0252
Nasice,Nasice_2025-07-18_12-27_tf_1h,2021-07-10 09:00:00,297.57312,297.60892
Nasice,Nasice_2025-07-18_12-27_tf_1h,2021-07-10 10:00:00,298.43906,298.82858
Nasice,Nasice_2025-07-18_12-27_tf_1h,2021-07-10 11:00:00,299.2337,299.29175
Nasice,Nasice_2025-07-18_12-27_tf_1h,2021-07-10 12:00:00,300.38373,299.81317
Nasice,Nasice_2025-07-18_12-27_tf_1h,2021-07-10 13:00:00,301.42566,301.06003
Nasice,Nasice_2025-07-18_12-27_tf_1h,2021-07-10 14:00:00,302.05066,301.8623
Nasice,Nasice_2025-07-18_12-27_tf_1h,2021-07-10 15:00:00,302.57867,301.94952
Nasice,Nasice_2025-07-18_12-27_tf_1h,2021-07-10 16:00:00,302.6469,302.167
Nasice,Nasice_2025-07-18_12-27_tf_1h,2021-07-10 17:00:00,302.66666,301.77036
Nasice,Nasice_2025-07-18_12-27_tf_1h,2021-07-10 18:00:00,302.4796,301.62326
Nasice,Nasice_2025-07-18_12-27_tf_1h,2021-07-10 19:00:00,300.88828,301.30173
Nasice,Nasice_2025-07-18_12-27_tf_1h,2021-07-10 20:00:00,300.51822,299.11853
Nasice,Nasice_2025-07-18_12-27_tf_1h,2021-07-10 21:00:00,299.2237,299.54758
Nasice,Nasice_2025-07-18_12-27_tf_1h,2021-07-10 22:00:00,298.48657,297.76334
Nasice,Nasice_2025-07-18_12-27_tf_1h,2021-07-10 23:00:00,297.34024,297.52524
Nasice,Nasice_2025-07-18_12-27_tf_1h,2021-07-11 00:00:00,295.5873,296.21875
Nasice,Nasice_2025-07-18_12-27_tf_1h,2021-07-11 01:00:00,294.81506,294.43323
Nasice,Nasice_2025-07-18_12-27_tf_1h,2021-07-11 02:00:00,294.28775,294.2303
Nasice,Nasice_2025-07-18_12-27_tf_1h,2021-07-11 03:00:00,293.93307,293.6708
Nasice,Nasice_2025-07-18_12-27_tf_1h,2021-07-11 04:00:00,293.737,293.36917
Nasice,Nasice_2025-07-18_12-27_tf_1h,2021-07-11 05:00:00,293.9789,293.16605
Nasice,Nasice_2025-07-18_12-27_tf_1h,2021-07-11 06:00:00,296.04803,293.63437
Nasice,Nasice_2025-07-18_12-27_tf_1h,2021-07-11 07:00:00,297.38876,297.15704
Nasice,Nasice_2025-07-18_12-27_tf_1h,2021-07-11 08:00:00,296.32474,297.9493
Nasice,Nasice_2025-07-18_12-27_tf_1h,2021-07-11 09:00:00,296.78012,296.3791
Nasice,Nasice_2025-07-18_12-27_tf_1h,2021-07-11 10:00:00,297.99573,298.0013
Nasice,Nasice_2025-07-18_12-27_tf_1h,2021-07-11 11:00:00,300.03506,299.19284
Nasice,Nasice_2025-07-18_12-27_tf_1h,2021-07-11 12:00:00,302.1835,301.3603
Nasice,Nasice_2025-07-18_12-27_tf_1h,2021-07-11 13:00:00,303.51352,303.43347
Nasice,Nasice_2025-07-18_12-27_tf_1h,2021-07-11 14:00:00,304.19476,304.17468
Nasice,Nasice_2025-07-18_12-27_tf_1h,2021-07-11 15:00:00,304.52167,304.20068
Nasice,Nasice_2025-07-18_12-27_tf_1h,2021-07-11 16:00:00,304.76993,303.9471
Nasice,Nasice_2025-07-18_12-27_tf_1h,2021-07-11 17:00:00,304.54474,303.8925
Nasice,Nasice_2025-07-18_12-27_tf_1h,2021-07-11 18:00:00,303.5791,303.2407
Nasice,Nasice_2025-07-18_12-27_tf_1h,2021-07-11 19:00:00,301.89307,301.88303
Nasice,Nasice_2025-07-18_12-27_tf_1h,2021-07-11 20:00:00,299.8303,300.20926
Nasice,Nasice_2025-07-18_12-27_tf_1h,2021-07-11 21:00:00,298.5294,298.32925
Nasice,Nasice_2025-07-18_12-27_tf_1h,2021-07-11 22:00:00,297.52594,297.51636
Nasice,Nasice_2025-07-18_12-27_tf_1h,2021-07-11 23:00:00,296.66837,296.5823
Nasice,Nasice_2025-07-18_12-27_tf_1h,2021-07-12 00:00:00,295.76663,295.83807
Nasice,Nasice_2025-07-18_12-27_tf_1h,2021-07-12 01:00:00,295.0981,294.97568
Nasice,Nasice_2025-07-18_12-27_tf_1h,2021-07-12 02:00:00,294.48013,294.45505
Nasice,Nasice_2025-07-18_12-27_tf_1h,2021-07-12 03:00:00,294.0689,293.86035
Nasice,Nasice_2025-07-18_12-27_tf_1h,2021-07-12 04:00:00,293.69415,293.4964
Nasice,Nasice_2025-07-18_12-27_tf_1h,2021-07-12 05:00:00,293.55463,293.00717
Nasice,Nasice_2025-07-18_12-27_tf_1h,2021-07-12 06:00:00,294.0853,293.08148
Nasice,Nasice_2025-07-18_12-27_tf_1h,2021-07-12 07:00:00,295.27612,294.25256
Nasice,Nasice_2025-07-18_12-27_tf_1h,2021-07-12 08:00:00,295.4364,296.5198
Nasice,Nasice_2025-07-18_12-27_tf_1h,2021-07-12 09:00:00,296.95078,295.9761
Nasice,Nasice_2025-07-18_12-27_tf_1h,2021-07-12 10:00:00,298.68732,298.69525
Nasice,Nasice_2025-07-18_12-27_tf_1h,2021-07-12 11:00:00,299.52917,300.13815
Nasice,Nasice_2025-07-18_12-27_tf_1h,2021-07-12 12:00:00,300.70126,300.17673
Nasice,Nasice_2025-07-18_12-27_tf_1h,2021-07-12 13:00:00,302.04968,301.37518
Nasice,Nasice_2025-07-18_12-27_tf_1h,2021-07-12 14:00:00,302.7513,302.64856
Nasice,Nasice_2025-07-18_12-27_tf_1h,2021-07-12 15:00:00,303.07553,302.80154
Nasice,Nasice_2025-07-18_12-27_tf_1h,2021-07-12 16:00:00,303.24918,302.63672
Nasice,Nasice_2025-07-18_12-27_tf_1h,2021-07-12 17:00:00,303.07385,302.4763
Nasice,Nasice_2025-07-18_12-27_tf_1h,2021-07-12 18:00:00,302.6924,301.91278
Nasice,Nasice_2025-07-18_12-27_tf_1h,2021-07-12 19:00:00,301.94928,301.3609
Nasice,Nasice_2025-07-18_12-27_tf_1h,2021-07-12 20:00:00,298.62576,300.49075
Nasice,Nasice_2025-07-18_12-27_tf_1h,2021-07-12 21:00:00,297.9964,296.5123
Nasice,Nasice_2025-07-18_12-27_tf_1h,2021-07-12 22:00:00,296.14374,297.37888
Nasice,Nasice_2025-07-18_12-27_tf_1h,2021-07-12 23:00:00,295.1453,294.80997
Nasice,Nasice_2025-07-18_12-27_tf_1h,2021-07-13 00:00:00,294.57114,294.46848
Nasice,Nasice_2025-07-18_12-27_tf_1h,2021-07-13 01:00:00,294.22852,293.98248
Nasice,Nasice_2025-07-18_12-27_tf_1h,2021-07-13 02:00:00,293.87317,293.6764
Nasice,Nasice_2025-07-18_12-27_tf_1h,2021-07-13 03:00:00,293.46967,293.31497
Nasice,Nasice_2025-07-18_12-27_tf_1h,2021-07-13 04:00:00,293.25952,292.84454
Nasice,Nasice_2025-07-18_12-27_tf_1h,2021-07-13 05:00:00,293.34418,292.6887
Nasice,Nasice_2025-07-18_12-27_tf_1h,2021-07-13 06:00:00,295.8088,293.0044
Nasice,Nasice_2025-07-18_12-27_tf_1h,2021-07-13 07:00:00,298.47086,297.51517
Nasice,Nasice_2025-07-18_12-27_tf_1h,2021-07-13 08:00:00,300.41986,299.46954
Nasice,Nasice_2025-07-18_12-27_tf_1h,2021-07-13 09:00:00,302.41806,302.33405
Nasice,Nasice_2025-07-18_12-27_tf_1h,2021-07-13 10:00:00,304.2704,304.31085
Nasice,Nasice_2025-07-18_12-27_tf_1h,2021-07-13 11:00:00,306.1013,305.7651
Nasice,Nasice_2025-07-18_12-27_tf_1h,2021-07-13 12:00:00,307.41757,307.25787
Nasice,Nasice_2025-07-18_12-27_tf_1h,2021-07-13 13:00:00,308.36783,307.9548
Nasice,Nasice_2025-07-18_12-27_tf_1h,2021-07-13 14:00:00,309.04504,308.3144
Nasice,Nasice_2025-07-18_12-27_tf_1h,2021-07-13 15:00:00,309.36725,308.40994
Nasice,Nasice_2025-07-18_12-27_tf_1h,2021-07-13 16:00:00,309.54895,308.28323
Nasice,Nasice_2025-07-18_12-27_tf_1h,2021-07-13 17:00:00,309.10394,308.2714
Nasice,Nasice_2025-07-18_12-27_tf_1h,2021-07-13 18:00:00,307.0602,307.38553
Nasice,Nasice_2025-07-18_12-27_tf_1h,2021-07-13 19:00:00,306.11734,304.64804
Nasice,Nasice_2025-07-18_12-27_tf_1h,2021-07-13 20:00:00,304.2175,304.66125
Nasice,Nasice_2025-07-18_12-27_tf_1h,2021-07-13 21:00:00,302.8671,302.18692
Nasice,Nasice_2025-07-18_12-27_tf_1h,2021-07-13 22:00:00,301.80676,301.54636
Nasice,Nasice_2025-07-18_12-27_tf_1h,2021-07-13 23:00:00,300.95654,300.5366
Nasice,Nasice_2025-07-18_12-27_tf_1h,2021-07-14 00:00:00,300.34827,299.8272
Nasice,Nasice_2025-07-18_12-27_tf_1h,2021-07-14 01:00:00,299.75336,299.34427
Nasice,Nasice_2025-07-18_12-27_tf_1h,2021-07-14 02:00:00,298.96002,298.75406
Nasice,Nasice_2025-07-18_12-27_tf_1h,2021-07-14 03:00:00,297.77756,297.963
Nasice,Nasice_2025-07-18_12-27_tf_1h,2021-07-14 04:00:00,296.48972,296.80078
Nasice,Nasice_2025-07-18_12-27_tf_1h,2021-07-14 05:00:00,295.5167,295.63684
Nasice,Nasice_2025-07-18_12-27_tf_1h,2021-07-14 06:00:00,297.33755,294.7089
Nasice,Nasice_2025-07-18_12-27_tf_1h,2021-07-14 07:00:00,299.842,299.3398
Nasice,Nasice_2025-07-18_12-27_tf_1h,2021-07-14 08:00:00,301.12317,301.17654
Nasice,Nasice_2025-07-18_12-27_tf_1h,2021-07-14 09:00:00,302.491,302.83264
Nasice,Nasice_2025-07-18_12-27_tf_1h,2021-07-14 10:00:00,303.34488,303.97095
Nasice,Nasice_2025-07-18_12-27_tf_1h,2021-07-14 11:00:00,304.30283,304.0419
Nasice,Nasice_2025-07-18_12-27_tf_1h,2021-07-14 12:00:00,304.58456,304.73148
Nasice,Nasice_2025-07-18_12-27_tf_1h,2021-07-14 13:00:00,305.0413,304.1707
Nasice,Nasice_2025-07-18_12-27_tf_1h,2021-07-14 14:00:00,305.67935,304.69586
Nasice,Nasice_2025-07-18_12-27_tf_1h,2021-07-14 15:00:00,305.97916,305.24112
Nasice,Nasice_2025-07-18_12-27_tf_1h,2021-07-14 16:00:00,304.5695,305.19504
Nasice,Nasice_2025-07-18_12-27_tf_1h,2021-07-14 17:00:00,301.7405,302.21796
Nasice,Nasice_2025-07-18_12-27_tf_1h,2021-07-14 18:00:00,299.84503,298.92203
Nasice,Nasice_2025-07-18_12-27_tf_1h,2021-07-14 19:00:00,298.46182,298.46484
Nasice,Nasice_2025-07-18_12-27_tf_1h,2021-07-14 20:00:00,299.73126,297.33893
Nasice,Nasice_2025-07-18_12-27_tf_1h,2021-07-14 21:00:00,299.00888,299.38855
Nasice,Nasice_2025-07-18_12-27_tf_1h,2021-07-14 22:00:00,298.20084,297.70233
Nasice,Nasice_2025-07-18_12-27_tf_1h,2021-07-14 23:00:00,297.22647,297.2804
Nasice,Nasice_2025-07-18_12-27_tf_1h,2021-07-15 00:00:00,296.1608,296.26807
Nasice,Nasice_2025-07-18_12-27_tf_1h,2021-07-15 01:00:00,295.3397,295.28195
Nasice,Nasice_2025-07-18_12-27_tf_1h,2021-07-15 02:00:00,294.61365,294.58755
Nasice,Nasice_2025-07-18_12-27_tf_1h,2021-07-15 03:00:00,293.93573,293.8273
Nasice,Nasice_2025-07-18_12-27_tf_1h,2021-07-15 04:00:00,292.9661,293.1566
Nasice,Nasice_2025-07-18_12-27_tf_1h,2021-07-15 05:00:00,292.58633,292.43005
Nasice,Nasice_2025-07-18_12-27_tf_1h,2021-07-15 06:00:00,294.16696,293.4416
Nasice,Nasice_2025-07-18_12-27_tf_1h,2021-07-15 07:00:00,296.28024,296.004
Nasice,Nasice_2025-07-18_12-27_tf_1h,2021-07-15 08:00:00,296.9598,297.9258
Nasice,Nasice_2025-07-18_12-27_tf_1h,2021-07-15 09:00:00,297.9191,297.912
Nasice,Nasice_2025-07-18_12-27_tf_1h,2021-07-15 10:00:00,299.32205,298.77197
Nasice,Nasice_2025-07-18_12-27_tf_1h,2021-07-15 11:00:00,300.3429,300.21747
Nasice,Nasice_2025-07-18_12-27_tf_1h,2021-07-15 12:00:00,301.21085,300.82504
Nasice,Nasice_2025-07-18_12-27_tf_1h,2021-07-15 13:00:00,301.84122,301.48428
Nasice,Nasice_2025-07-18_12-27_tf_1h,2021-07-15 14:00:00,302.20493,301.85178
Nasice,Nasice_2025-07-18_12-27_tf_1h,2021-07-15 15:00:00,302.5917,301.79184
Nasice,Nasice_2025-07-18_12-27_tf_1h,2021-07-15 16:00:00,302.56628,301.91718
Nasice,Nasice_2025-07-18_12-27_tf_1h,2021-07-15 17:00:00,302.3749,301.52405
Nasice,Nasice_2025-07-18_12-27_tf_1h,2021-07-15 18:00:00,301.92722,301.21326
Nasice,Nasice_2025-07-18_12-27_tf_1h,2021-07-15 19:00:00,300.84882,300.65958
Nasice,Nasice_2025-07-18_12-27_tf_1h,2021-07-15 20:00:00,299.55927,299.34726
Nasice,Nasice_2025-07-18_12-27_tf_1h,2021-07-15 21:00:00,298.30087,298.23074
Nasice,Nasice_2025-07-18_12-27_tf_1h,2021-07-15 22:00:00,297.17126,297.1152
Nasice,Nasice_2025-07-18_12-27_tf_1h,2021-07-15 23:00:00,296.07312,296.13647
Nasice,Nasice_2025-07-18_12-27_tf_1h,2021-07-16 00:00:00,295.3387,295.1326
Nasice,Nasice_2025-07-18_12-27_tf_1h,2021-07-16 01:00:00,294.74246,294.59692
Nasice,Nasice_2025-07-18_12-27_tf_1h,2021-07-16 02:00:00,294.272,294.04065
Nasice,Nasice_2025-07-18_12-27_tf_1h,2021-07-16 03:00:00,293.8929,293.63162
Nasice,Nasice_2025-07-18_12-27_tf_1h,2021-07-16 04:00:00,293.46295,293.301
Nasice,Nasice_2025-07-18_12-27_tf_1h,2021-07-16 05:00:00,293.11932,292.77118
Nasice,Nasice_2025-07-18_12-27_tf_1h,2021-07-16 06:00:00,295.18277,292.70914
Nasice,Nasice_2025-07-18_12-27_tf_1h,2021-07-16 07:00:00,296.70718,297.14737
Nasice,Nasice_2025-07-18_12-27_tf_1h,2021-07-16 08:00:00,297.63904,297.4377
Nasice,Nasice_2025-07-18_12-27_tf_1h,2021-07-16 09:00:00,299.225,299.04758
Nasice,Nasice_2025-07-18_12-27_tf_1h,2021-07-16 10:00:00,300.02972,300.75342
Nasice,Nasice_2025-07-18_12-27_tf_1h,2021-07-16 11:00:00,300.7471,300.89093
Nasice,Nasice_2025-07-18_12-27_tf_1h,2021-07-16 12:00:00,301.0673,301.27682
Nasice,Nasice_2025-07-18_12-27_tf_1h,2021-07-16 13:00:00,301.21017,301.0312
Nasice,Nasice_2025-07-18_12-27_tf_1h,2021-07-16 14:00:00,300.57678,300.7246
Nasice,Nasice_2025-07-18_12-27_tf_1h,2021-07-16 15:00:00,298.4086,299.4127
Nasice,Nasice_2025-07-18_12-27_tf_1h,2021-07-16 16:00:00,298.04388,296.25943
Nasice,Nasice_2025-07-18_12-27_tf_1h,2021-07-16 17:00:00,298.30453,297.24625
Nasice,Nasice_2025-07-18_12-27_tf_1h,2021-07-16 18:00:00,297.7568,297.4498
Nasice,Nasice_2025-07-18_12-27_tf_1h,2021-07-16 19:00:00,295.93362,296.6138
Nasice,Nasice_2025-07-18_12-27_tf_1h,2021-07-16 20:00:00,292.9584,294.57013
Nasice,Nasice_2025-07-18_12-27_tf_1h,2021-07-16 21:00:00,293.0889,291.48837
Nasice,Nasice_2025-07-18_12-27_tf_1h,2021-07-16 22:00:00,293.24814,292.94122
Nasice,Nasice_2025-07-18_12-27_tf_1h,2021-07-16 23:00:00,293.1615,292.7813
Nasice,Nasice_2025-07-18_12-27_tf_1h,2021-07-17 00:00:00,293.0986,292.58228
Nasice,Nasice_2025-07-18_12-27_tf_1h,2021-07-17 01:00:00,292.89514,292.55054
Nasice,Nasice_2025-07-18_12-27_tf_1h,2021-07-17 02:00:00,292.77603,292.24484
Nasice,Nasice_2025-07-18_12-27_tf_1h,2021-07-17 03:00:00,292.504,292.29556
Nasice,Nasice_2025-07-18_12-27_tf_1h,2021-07-17 04:00:00,292.3451,292.1573
Nasice,Nasice_2025-07-18_12-27_tf_1h,2021-07-17 05:00:00,292.2223,292.91028
Nasice,Nasice_2025-07-18_12-27_tf_1h,2021-07-17 06:00:00,292.98416,292.73746
Nasice,Nasice_2025-07-18_12-27_tf_1h,2021-07-17 07:00:00,293.9789,294.1795
Nasice,Nasice_2025-07-18_12-27_tf_1h,2021-07-17 08:00:00,294.0468,295.02048
Nasice,Nasice_2025-07-18_12-27_tf_1h,2021-07-17 09:00:00,295.19147,294.18387
Nasice,Nasice_2025-07-18_12-27_tf_1h,2021-07-17 10:00:00,296.02094,295.88272
Nasice,Nasice_2025-07-18_12-27_tf_1h,2021-07-17 11:00:00,297.55908,296.43747
Nasice,Nasice_2025-07-18_12-27_tf_1h,2021-07-17 12:00:00,298.331,298.2227
Nasice,Nasice_2025-07-18_12-27_tf_1h,2021-07-17 13:00:00,298.70206,298.52255
Nasice,Nasice_2025-07-18_12-27_tf_1h,2021-07-17 14:00:00,299.43683,298.36536
Nasice,Nasice_2025-07-18_12-27_tf_1h,2021-07-17 15:00:00,299.33676,299.1848
Nasice,Nasice_2025-07-18_12-27_tf_1h,2021-07-17 16:00:00,299.49435,298.51105
Nasice,Nasice_2025-07-18_12-27_tf_1h,2021-07-17 17:00:00,298.71408,298.6123
Nasice,Nasice_2025-07-18_12-27_tf_1h,2021-07-17 18:00:00,294.94287,297.4321
Nasice,Nasice_2025-07-18_12-27_tf_1h,2021-07-17 19:00:00,293.46262,292.83133
Nasice,Nasice_2025-07-18_12-27_tf_1h,2021-07-17 20:00:00,293.94278,292.77988
Nasice,Nasice_2025-07-18_12-27_tf_1h,2021-07-17 21:00:00,293.5824,293.6307
Nasice,Nasice_2025-07-18_12-27_tf_1h,2021-07-17 22:00:00,293.38733,292.8064
Nasice,Nasice_2025-07-18_12-27_tf_1h,2021-07-17 23:00:00,293.01126,292.80185
Nasice,Nasice_2025-07-18_12-27_tf_1h,2021-07-18 00:00:00,292.7777,292.34402
Nasice,Nasice_2025-07-18_12-27_tf_1h,2021-07-18 01:00:00,292.51038,292.19055
Nasice,Nasice_2025-07-18_12-27_tf_1h,2021-07-18 02:00:00,292.49564,291.9072
Nasice,Nasice_2025-07-18_12-27_tf_1h,2021-07-18 03:00:00,292.48093,292.00378
Nasice,Nasice_2025-07-18_12-27_tf_1h,2021-07-18 04:00:00,292.5348,291.9534
Nasice,Nasice_2025-07-18_12-27_tf_1h,2021-07-18 05:00:00,292.72183,292.2299
Nasice,Nasice_2025-07-18_12-27_tf_1h,2021-07-18 06:00:00,293.19528,292.86493
Nasice,Nasice_2025-07-18_12-27_tf_1h,2021-07-18 07:00:00,294.13248,293.86523
Nasice,Nasice_2025-07-18_12-27_tf_1h,2021-07-18 08:00:00,293.58508,295.35242
Nasice,Nasice_2025-07-18_12-27_tf_1h,2021-07-18 09:00:00,294.88565,293.4566
Nasice,Nasice_2025-07-18_12-27_tf_1h,2021-07-18 10:00:00,296.24377,295.75146
Nasice,Nasice_2025-07-18_12-27_tf_1h,2021-07-18 11:00:00,297.34995,297.06525
Nasice,Nasice_2025-07-18_12-27_tf_1h,2021-07-18 12:00:00,298.24533,297.90424
Nasice,Nasice_2025-07-18_12-27_tf_1h,2021-07-18 13:00:00,299.2076,298.48135
Nasice,Nasice_2025-07-18_12-27_tf_1h,2021-07-18 14:00:00,300.29105,299.30606
Nasice,Nasice_2025-07-18_12-27_tf_1h,2021-07-18 15:00:00,300.98465,300.30243
Nasice,Nasice_2025-07-18_12-27_tf_1h,2021-07-18 16:00:00,301.43604,300.5421
Nasice,Nasice_2025-07-18_12-27_tf_1h,2021-07-18 17:00:00,301.09073,300.6806
Nasice,Nasice_2025-07-18_12-27_tf_1h,2021-07-18 18:00:00,297.85486,299.9447
Nasice,Nasice_2025-07-18_12-27_tf_1h,2021-07-18 19:00:00,296.5553,295.63266
Nasice,Nasice_2025-07-18_12-27_tf_1h,2021-07-18 20:00:00,297.40683,295.70935
Nasice,Nasice_2025-07-18_12-27_tf_1h,2021-07-18 21:00:00,296.44287,296.8578
Nasice,Nasice_2025-07-18_12-27_tf_1h,2021-07-18 22:00:00,295.17575,295.17075
Nasice,Nasice_2025-07-18_12-27_tf_1h,2021-07-18 23:00:00,294.26297,294.14954
Nasice,Nasice_2025-07-18_12-27_tf_1h,2021-07-19 00:00:00,293.72897,293.45346
Nasice,Nasice_2025-07-18_12-27_tf_1h,2021-07-19 01:00:00,293.121,293.05307
Nasice,Nasice_2025-07-18_12-27_tf_1h,2021-07-19 02:00:00,292.70544,292.4178
Nasice,Nasice_2025-07-18_12-27_tf_1h,2021-07-19 03:00:00,292.71716,292.12875
Nasice,Nasice_2025-07-18_12-27_tf_1h,2021-07-19 04:00:00,292.9982,292.29178
Nasice,Nasice_2025-07-18_12-27_tf_1h,2021-07-19 05:00:00,293.04773,292.60336
Nasice,Nasice_2025-07-18_12-27_tf_1h,2021-07-19 06:00:00,293.1742,292.55237
Nasice,Nasice_2025-07-18_12-27_tf_1h,2021-07-19 07:00:00,293.36694,293.12604
Nasice,Nasice_2025-07-18_12-27_tf_1h,2021-07-19 08:00:00,292.50235,293.94168
Nasice,Nasice_2025-07-18_12-27_tf_1h,2021-07-19 09:00:00,292.72818,292.28806
Nasice,Nasice_2025-07-18_12-27_tf_1h,2021-07-19 10:00:00,292.81653,293.5335
Nasice,Nasice_2025-07-18_12-27_tf_1h,2021-07-19 11:00:00,293.0059,293.12543
Nasice,Nasice_2025-07-18_12-27_tf_1h,2021-07-19 12:00:00,293.30872,293.1491
Nasice,Nasice_2025-07-18_12-27_tf_1h,2021-07-19 13:00:00,294.00232,293.36823
Nasice,Nasice_2025-07-18_12-27_tf_1h,2021-07-19 14:00:00,294.69327,294.20792
Nasice,Nasice_2025-07-18_12-27_tf_1h,2021-07-19 15:00:00,295.49863,294.81976
Nasice,Nasice_2025-07-18_12-27_tf_1h,2021-07-19 16:00:00,295.43372,295.6026
Nasice,Nasice_2025-07-18_12-27_tf_1h,2021-07-19 17:00:00,295.0108,294.91837
Nasice,Nasice_2025-07-18_12-27_tf_1h,2021-07-19 18:00:00,294.81036,294.1812
Nasice,Nasice_2025-07-18_12-27_tf_1h,2021-07-19 19:00:00,294.43262,294.02808
Nasice,Nasice_2025-07-18_12-27_tf_1h,2021-07-19 20:00:00,293.98795,293.56802
Nasice,Nasice_2025-07-18_12-27_tf_1h,2021-07-19 21:00:00,293.67175,293.1348
Nasice,Nasice_2025-07-18_12-27_tf_1h,2021-07-19 22:00:00,293.19394,292.96524
Nasice,Nasice_2025-07-18_12-27_tf_1h,2021-07-19 23:00:00,292.8386,292.45667
Nasice,Nasice_2025-07-18_12-27_tf_1h,2021-07-20 00:00:00,292.7998,292.20328
Nasice,Nasice_2025-07-18_12-27_tf_1h,2021-07-20 01:00:00,292.70477,292.34927
Nasice,Nasice_2025-07-18_12-27_tf_1h,2021-07-20 02:00:00,292.64154,292.2392
Nasice,Nasice_2025-07-18_12-27_tf_1h,2021-07-20 03:00:00,292.47357,292.2257
Nasice,Nasice_2025-07-18_12-27_tf_1h,2021-07-20 04:00:00,292.23065,292.0373
Nasice,Nasice_2025-07-18_12-27_tf_1h,2021-07-20 05:00:00,292.20187,291.76266
Nasice,Nasice_2025-07-18_12-27_tf_1h,2021-07-20 06:00:00,292.40933,291.89288
Nasice,Nasice_2025-07-18_12-27_tf_1h,2021-07-20 07:00:00,293.1086,292.2721
Nasice,Nasice_2025-07-18_12-27_tf_1h,2021-07-20 08:00:00,294.11575,293.37653
Nasice,Nasice_2025-07-18_12-27_tf_1h,2021-07-20 09:00:00,295.3698,294.658
Nasice,Nasice_2025-07-18_12-27_tf_1h,2021-07-20 10:00:00,296.63324,296.12228
Nasice,Nasice_2025-07-18_12-27_tf_1h,2021-07-20 11:00:00,297.52426,297.38776
Nasice,Nasice_2025-07-18_12-27_tf_1h,2021-07-20 12:00:00,298.30154,297.8546
Nasice,Nasice_2025-07-18_12-27_tf_1h,2021-07-20 13:00:00,298.9637,298.31238
Nasice,Nasice_2025-07-18_12-27_tf_1h,2021-07-20 14:00:00,299.35184,298.73465
Nasice,Nasice_2025-07-18_12-27_tf_1h,2021-07-20 15:00:00,299.55426,298.8107
Nasice,Nasice_2025-07-18_12-27_tf_1h,2021-07-20 16:00:00,299.14807,298.7903
Nasice,Nasice_2025-07-18_12-27_tf_1h,2021-07-20 17:00:00,298.5595,298.0562
Nasice,Nasice_2025-07-18_12-27_tf_1h,2021-07-20 18:00:00,297.67886,297.3542
Nasice,Nasice_2025-07-18_12-27_tf_1h,2021-07-20 19:00:00,296.33246,296.45822
Nasice,Nasice_2025-07-18_12-27_tf_1h,2021-07-20 20:00:00,295.22058,295.09683
Nasice,Nasice_2025-07-18_12-27_tf_1h,2021-07-20 21:00:00,294.22217,294.21802
Nasice,Nasice_2025-07-18_12-27_tf_1h,2021-07-20 22:00:00,293.3867,293.32382
Nasice,Nasice_2025-07-18_12-27_tf_1h,2021-07-20 23:00:00,292.7235,292.595
Nasice,Nasice_2025-07-18_12-27_tf_1h,2021-07-21 00:00:00,291.97034,292.02744
Nasice,Nasice_2025-07-18_12-27_tf_1h,2021-07-21 01:00:00,291.33093,291.25583
Nasice,Nasice_2025-07-18_12-27_tf_1h,2021-07-21 02:00:00,290.92206,290.69452
Nasice,Nasice_2025-07-18_12-27_tf_1h,2021-07-21 03:00:00,290.50113,290.34756
Nasice,Nasice_2025-07-18_12-27_tf_1h,2021-07-21 04:00:00,290.37866,289.86194
Nasice,Nasice_2025-07-18_12-27_tf_1h,2021-07-21 05:00:00,290.1769,290.04297
Nasice,Nasice_2025-07-18_12-27_tf_1h,2021-07-21 06:00:00,290.83005,290.01398
Nasice,Nasice_2025-07-18_12-27_tf_1h,2021-07-21 07:00:00,291.83615,292.17758
Nasice,Nasice_2025-07-18_12-27_tf_1h,2021-07-21 08:00:00,293.01193,292.9796
Nasice,Nasice_2025-07-18_12-27_tf_1h,2021-07-21 09:00:00,294.16962,294.30792
Nasice,Nasice_2025-07-18_12-27_tf_1h,2021-07-21 10:00:00,295.2176,295.2806
Nasice,Nasice_2025-07-18_12-27_tf_1h,2021-07-21 11:00:00,296.17285,296.07275
Nasice,Nasice_2025-07-18_12-27_tf_1h,2021-07-21 12:00:00,296.96417,296.82242
Nasice,Nasice_2025-07-18_12-27_tf_1h,2021-07-21 13:00:00,297.49918,297.38785
Nasice,Nasice_2025-07-18_12-27_tf_1h,2021-07-21 14:00:00,297.53165,297.61627
Nasice,Nasice_2025-07-18_12-27_tf_1h,2021-07-21 15:00:00,297.76184,297.06967
Nasice,Nasice_2025-07-18_12-27_tf_1h,2021-07-21 16:00:00,297.64706,297.21008
Nasice,Nasice_2025-07-18_12-27_tf_1h,2021-07-21 17:00:00,297.28806,296.80655
Nasice,Nasice_2025-07-18_12-27_tf_1h,2021-07-21 18:00:00,296.47598,296.24792
Nasice,Nasice_2025-07-18_12-27_tf_1h,2021-07-21 19:00:00,295.21793,295.23508
Nasice,Nasice_2025-07-18_12-27_tf_1h,2021-07-21 20:00:00,294.01102,293.977
Nasice,Nasice_2025-07-18_12-27_tf_1h,2021-07-21 21:00:00,292.37888,292.95145
Nasice,Nasice_2025-07-18_12-27_tf_1h,2021-07-21 22:00:00,291.23557,291.2752
Nasice,Nasice_2025-07-18_12-27_tf_1h,2021-07-21 23:00:00,290.35757,290.42426
Nasice,Nasice_2025-07-18_12-27_tf_1h,2021-07-22 00:00:00,289.72855,289.67755
Nasice,Nasice_2025-07-18_12-27_tf_1h,2021-07-22 01:00:00,289.22565,289.1566
Nasice,Nasice_2025-07-18_12-27_tf_1h,2021-07-22 02:00:00,288.77896,288.67505
Nasice,Nasice_2025-07-18_12-27_tf_1h,2021-07-22 03:00:00,288.34198,288.19232
Nasice,Nasice_2025-07-18_12-27_tf_1h,2021-07-22 04:00:00,287.90167,287.7564
Nasice,Nasice_2025-07-18_12-27_tf_1h,2021-07-22 05:00:00,287.72632,287.45715
Nasice,Nasice_2025-07-18_12-27_tf_1h,2021-07-22 06:00:00,289.99554,287.98337
Nasice,Nasice_2025-07-18_12-27_tf_1h,2021-07-22 07:00:00,292.72885,292.77036
Nasice,Nasice_2025-07-18_12-27_tf_1h,2021-07-22 08:00:00,294.14554,294.39777
Nasice,Nasice_2025-07-18_12-27_tf_1h,2021-07-22 09:00:00,295.4672,295.51257
Nasice,Nasice_2025-07-18_12-27_tf_1h,2021-07-22 10:00:00,296.52316,296.58243
Nasice,Nasice_2025-07-18_12-27_tf_1h,2021-07-22 11:00:00,297.52426,297.29962
Nasice,Nasice_2025-07-18_12-27_tf_1h,2021-07-22 12:00:00,298.26608,298.11502
Nasice,Nasice_2025-07-18_12-27_tf_1h,2021-07-22 13:00:00,298.62073,298.59366
Nasice,Nasice_2025-07-18_12-27_tf_1h,2021-07-22 14:00:00,298.92255,298.53668
Nasice,Nasice_2025-07-18_12-27_tf_1h,2021-07-22 15:00:00,298.9239,298.50388
Nasice,Nasice_2025-07-18_12-27_tf_1h,2021-07-22 16:00:00,298.86566,298.13855
Nasice,Nasice_2025-07-18_12-27_tf_1h,2021-07-22 17:00:00,298.50363,297.9059
Nasice,Nasice_2025-07-18_12-27_tf_1h,2021-07-22 18:00:00,297.50354,297.34875
Nasice,Nasice_2025-07-18_12-27_tf_1h,2021-07-22 19:00:00,297.55606,296.07956
Nasice,Nasice_2025-07-18_12-27_tf_1h,2021-07-22 20:00:00,296.5014,296.6262
Nasice,Nasice_2025-07-18_12-27_tf_1h,2021-07-22 21:00:00,295.64554,295.22778
Nasice,Nasice_2025-07-18_12-27_tf_1h,2021-07-22 22:00:00,293.9304,294.55984
Nasice,Nasice_2025-07-18_12-27_tf_1h,2021-07-22 23:00:00,291.74448,292.68082
Nasice,Nasice_2025-07-18_12-27_tf_1h,2021-07-23 00:00:00,290.18762,290.49524
Nasice,Nasice_2025-07-18_12-27_tf_1h,2021-07-23 01:00:00,289.32736,289.31937
Nasice,Nasice_2025-07-18_12-27_tf_1h,2021-07-23 02:00:00,288.8372,288.74118
Nasice,Nasice_2025-07-18_12-27_tf_1h,2021-07-23 03:00:00,288.46378,288.35654
Nasice,Nasice_2025-07-18_12-27_tf_1h,2021-07-23 04:00:00,288.0877,287.9551
Nasice,Nasice_2025-07-18_12-27_tf_1h,2021-07-23 05:00:00,288.08502,287.53418
Nasice,Nasice_2025-07-18_12-27_tf_1h,2021-07-23 06:00:00,290.18628,288.41602
Nasice,Nasice_2025-07-18_12-27_tf_1h,2021-07-23 07:00:00,293.71423,293.21844
Nasice,Nasice_2025-07-18_12-27_tf_1h,2021-07-23 08:00:00,295.4799,295.69006
Nasice,Nasice_2025-07-18_12-27_tf_1h,2021-07-23 09:00:00,296.82663,297.03293
Nasice,Nasice_2025-07-18_12-27_tf_1h,2021-07-23 10:00:00,297.9435,298.11853
Nasice,Nasice_2025-07-18_12-27_tf_1h,2021-07-23 11:00:00,298.78067,298.86575
Nasice,Nasice_2025-07-18_12-27_tf_1h,2021-07-23 12:00:00,299.39835,299.37195
Nasice,Nasice_2025-07-18_12-27_tf_1h,2021-07-23 13:00:00,299.89688,299.72232
Nasice,Nasice_2025-07-18_12-27_tf_1h,2021-07-23 14:00:00,300.14682,299.98392
Nasice,Nasice_2025-07-18_12-27_tf_1h,2021-07-23 15:00:00,300.24622,299.7292
Nasice,Nasice_2025-07-18_12-27_tf_1h,2021-07-23 16:00:00,300.14783,299.52026
Nasice,Nasice_2025-07-18_12-27_tf_1h,2021-07-23 17:00:00,299.88318,299.17178
Nasice,Nasice_2025-07-18_12-27_tf_1h,2021-07-23 18:00:00,299.307,298.7484
Nasice,Nasice_2025-07-18_12-27_tf_1h,2021-07-23 19:00:00,297.59387,297.99673
Nasice,Nasice_2025-07-18_12-27_tf_1h,2021-07-23 20:00:00,295.1955,295.92426
Nasice,Nasice_2025-07-18_12-27_tf_1h,2021-07-23 21:00:00,293.71625,293.70514
Nasice,Nasice_2025-07-18_12-27_tf_1h,2021-07-23 22:00:00,292.81284,292.77814
Nasice,Nasice_2025-07-18_12-27_tf_1h,2021-07-23 23:00:00,291.91446,292.06067
Nasice,Nasice_2025-07-18_12-27_tf_1h,2021-07-24 00:00:00,291.10742,291.1745
Nasice,Nasice_2025-07-18_12-27_tf_1h,2021-07-24 01:00:00,290.6848,290.44443
Nasice,Nasice_2025-07-18_12-27_tf_1h,2021-07-24 02:00:00,290.51083,290.1825
Nasice,Nasice_2025-07-18_12-27_tf_1h,2021-07-24 03:00:00,291.32324,290.07294
Nasice,Nasice_2025-07-18_12-27_tf_1h,2021-07-24 04:00:00,291.3617,291.29214
Nasice,Nasice_2025-07-18_12-27_tf_1h,2021-07-24 05:00:00,289.8771,290.68588
Nasice,Nasice_2025-07-18_12-27_tf_1h,2021-07-24 06:00:00,291.98172,288.96924
Nasice,Nasice_2025-07-18_12-27_tf_1h,2021-07-24 07:00:00,294.91644,295.28934
Nasice,Nasice_2025-07-18_12-27_tf_1h,2021-07-24 08:00:00,296.09622,296.62848
Nasice,Nasice_2025-07-18_12-27_tf_1h,2021-07-24 09:00:00,297.544,297.43967
Nasice,Nasice_2025-07-18_12-27_tf_1h,2021-07-24 10:00:00,298.78235,298.7986
Nasice,Nasice_2025-07-18_12-27_tf_1h,2021-07-24 11:00:00,299.8236,299.71216
Nasice,Nasice_2025-07-18_12-27_tf_1h,2021-07-24 12:00:00,300.4901,300.45056
Nasice,Nasice_2025-07-18_12-27_tf_1h,2021-07-24 13:00:00,301.00507,300.75766
Nasice,Nasice_2025-07-18_12-27_tf_1h,2021-07-24 14:00:00,301.3353,300.93002
Nasice,Nasice_2025-07-18_12-27_tf_1h,2021-07-24 15:00:00,301.56317,300.83835
Nasice,Nasice_2025-07-18_12-27_tf_1h,2021-07-24 16:00:00,301.45074,300.80667
Nasice,Nasice_2025-07-18_12-27_tf_1h,2021-07-24 17:00:00,300.98364,300.37155
Nasice,Nasice_2025-07-18_12-27_tf_1h,2021-07-24 18:00:00,299.8089,299.6508
Nasice,Nasice_2025-07-18_12-27_tf_1h,2021-07-24 19:00:00,298.3273,298.2304
Nasice,Nasice_2025-07-18_12-27_tf_1h,2021-07-24 20:00:00,297.5969,296.9514
Nasice,Nasice_2025-07-18_12-27_tf_1h,2021-07-24 21:00:00,296.68076,296.59058
Nasice,Nasice_2025-07-18_12-27_tf_1h,2021-07-24 22:00:00,296.07214,295.58688
Nasice,Nasice_2025-07-18_12-27_tf_1h,2021-07-24 23:00:00,295.59836,295.16602
Nasice,Nasice_2025-07-18_12-27_tf_1h,2021-07-25 00:00:00,295.09344,294.7478
Nasice,Nasice_2025-07-18_12-27_tf_1h,2021-07-25 01:00:00,294.71768,294.24844
Nasice,Nasice_2025-07-18_12-27_tf_1h,2021-07-25 02:00:00,294.10336,293.98026
Nasice,Nasice_2025-07-18_12-27_tf_1h,2021-07-25 03:00:00,293.46295,293.28607
Nasice,Nasice_2025-07-18_12-27_tf_1h,2021-07-25 04:00:00,292.60608,292.69943
Nasice,Nasice_2025-07-18_12-27_tf_1h,2021-07-25 05:00:00,291.96265,291.77698
Nasice,Nasice_2025-07-18_12-27_tf_1h,2021-07-25 06:00:00,293.09692,291.5128
Nasice,Nasice_2025-07-18_12-27_tf_1h,2021-07-25 07:00:00,295.4809,294.69818
Nasice,Nasice_2025-07-18_12-27_tf_1h,2021-07-25 08:00:00,297.7826,297.12918
Nasice,Nasice_2025-07-18_12-27_tf_1h,2021-07-25 09:00:00,299.73727,299.61032
Nasice,Nasice_2025-07-18_12-27_tf_1h,2021-07-25 10:00:00,301.4688,301.36737
Nasice,Nasice_2025-07-18_12-27_tf_1h,2021-07-25 11:00:00,303.04074,302.76907
Nasice,Nasice_2025-07-18_12-27_tf_1h,2021-07-25 12:00:00,303.93845,304.02875
Nasice,Nasice_2025-07-18_12-27_tf_1h,2021-07-25 13:00:00,304.6796,304.33212
Nasice,Nasice_2025-07-18_12-27_tf_1h,2021-07-25 14:00:00,305.28485,304.57526
Nasice,Nasice_2025-07-18_12-27_tf_1h,2021-07-25 15:00:00,305.7031,304.75287
Nasice,Nasice_2025-07-18_12-27_tf_1h,2021-07-25 16:00:00,305.59906,304.81842
Nasice,Nasice_2025-07-18_12-27_tf_1h,2021-07-25 17:00:00,304.99945,304.2925
Nasice,Nasice_2025-07-18_12-27_tf_1h,2021-07-25 18:00:00,303.6062,303.39413
Nasice,Nasice_2025-07-18_12-27_tf_1h,2021-07-25 19:00:00,301.79572,301.8006
Nasice,Nasice_2025-07-18_12-27_tf_1h,2021-07-25 20:00:00,299.5583,300.17047
Nasice,Nasice_2025-07-18_12-27_tf_1h,2021-07-25 21:00:00,298.78735,298.07986
Nasice,Nasice_2025-07-18_12-27_tf_1h,2021-07-25 22:00:00,298.10648,297.99756
Nasice,Nasice_2025-07-18_12-27_tf_1h,2021-07-25 23:00:00,297.1937,297.15466
Nasice,Nasice_2025-07-18_12-27_tf_1h,2021-07-26 00:00:00,295.9691,296.2546
Nasice,Nasice_2025-07-18_12-27_tf_1h,2021-07-26 01:00:00,295.95468,295.04285
Nasice,Nasice_2025-07-18_12-27_tf_1h,2021-07-26 02:00:00,296.01727,295.5275
Nasice,Nasice_2025-07-18_12-27_tf_1h,2021-07-26 03:00:00,293.915,295.41135
Nasice,Nasice_2025-07-18_12-27_tf_1h,2021-07-26 04:00:00,293.4576,292.45377
Nasice,Nasice_2025-07-18_12-27_tf_1h,2021-07-26 05:00:00,293.2562,293.2286
Nasice,Nasice_2025-07-18_12-27_tf_1h,2021-07-26 06:00:00,294.5842,292.61636
Nasice,Nasice_2025-07-18_12-27_tf_1h,2021-07-26 07:00:00,297.812,296.56033
Nasice,Nasice_2025-07-18_12-27_tf_1h,2021-07-26 08:00:00,299.23404,299.6831
Nasice,Nasice_2025-07-18_12-27_tf_1h,2021-07-26 09:00:00,301.0616,300.871
Nasice,Nasice_2025-07-18_12-27_tf_1h,2021-07-26 10:00:00,303.11603,302.73166
Nasice,Nasice_2025-07-18_12-27_tf_1h,2021-07-26 11:00:00,304.30984,304.6288
Nasice,Nasice_2025-07-18_12-27_tf_1h,2021-07-26 12:00:00,304.40152,304.977
Nasice,Nasice_2025-07-18_12-27_tf_1h,2021-07-26 13:00:00,303.6012,304.16553
Nasice,Nasice_2025-07-18_12-27_tf_1h,2021-07-26 14:00:00,303.6865,302.39542
Nasice,Nasice_2025-07-18_12-27_tf_1h,2021-07-26 15:00:00,304.5946,302.93478
Nasice,Nasice_2025-07-18_12-27_tf_1h,2021-07-26 16:00:00,304.9456,304.1999
Nasice,Nasice_2025-07-18_12-27_tf_1h,2021-07-26 17:00:00,304.62805,304.02048
Nasice,Nasice_2025-07-18_12-27_tf_1h,2021-07-26 18:00:00,303.4168,303.32922
Nasice,Nasice_2025-07-18_12-27_tf_1h,2021-07-26 19:00:00,301.66724,301.7033
Nasice,Nasice_2025-07-18_12-27_tf_1h,2021-07-26 20:00:00,300.63434,300.0489
Nasice,Nasice_2025-07-18_12-27_tf_1h,2021-07-26 21:00:00,299.58606,299.48248
Nasice,Nasice_2025-07-18_12-27_tf_1h,2021-07-26 22:00:00,298.5478,298.38458
Nasice,Nasice_2025-07-18_12-27_tf_1h,2021-07-26 23:00:00,297.6521,297.49176
Nasice,Nasice_2025-07-18_12-27_tf_1h,2021-07-27 00:00:00,296.82297,296.74533
Nasice,Nasice_2025-07-18_12-27_tf_1h,2021-07-27 01:00:00,296.15613,295.98352
Nasice,Nasice_2025-07-18_12-27_tf_1h,2021-07-27 02:00:00,295.49597,295.4014
Nasice,Nasice_2025-07-18_12-27_tf_1h,2021-07-27 03:00:00,294.98236,294.77167
Nasice,Nasice_2025-07-18_12-27_tf_1h,2021-07-27 04:00:00,294.55307,294.37207
Nasice,Nasice_2025-07-18_12-27_tf_1h,2021-07-27 05:00:00,294.42426,293.86606
Nasice,Nasice_2025-07-18_12-27_tf_1h,2021-07-27 06:00:00,295.55887,294.464
Nasice,Nasice_2025-07-18_12-27_tf_1h,2021-07-27 07:00:00,299.1156,297.2666
Nasice,Nasice_2025-07-18_12-27_tf_1h,2021-07-27 08:00:00,301.0054,301.2846
Nasice,Nasice_2025-07-18_12-27_tf_1h,2021-07-27 09:00:00,302.81387,302.7761
Nasice,Nasice_2025-07-18_12-27_tf_1h,2021-07-27 10:00:00,304.4882,304.4356
Nasice,Nasice_2025-07-18_12-27_tf_1h,2021-07-27 11:00:00,305.69708,305.74
Nasice,Nasice_2025-07-18_12-27_tf_1h,2021-07-27 12:00:00,306.56268,306.4056
Nasice,Nasice_2025-07-18_12-27_tf_1h,2021-07-27 13:00:00,306.90564,306.81848
Nasice,Nasice_2025-07-18_12-27_tf_1h,2021-07-27 14:00:00,306.9013,306.36102
Nasice,Nasice_2025-07-18_12-27_tf_1h,2021-07-27 15:00:00,306.62894,305.84216
Nasice,Nasice_2025-07-18_12-27_tf_1h,2021-07-27 16:00:00,306.57474,305.25024
Nasice,Nasice_2025-07-18_12-27_tf_1h,2021-07-27 17:00:00,305.88748,305.2619
Nasice,Nasice_2025-07-18_12-27_tf_1h,2021-07-27 18:00:00,304.48618,304.22485
Nasice,Nasice_2025-07-18_12-27_tf_1h,2021-07-27 19:00:00,302.66733,302.62076
Nasice,Nasice_2025-07-18_12-27_tf_1h,2021-07-27 20:00:00,300.71967,300.96875
Nasice,Nasice_2025-07-18_12-27_tf_1h,2021-07-27 21:00:00,300.33286,299.24817
Nasice,Nasice_2025-07-18_12-27_tf_1h,2021-07-27 22:00:00,300.40448,299.53763
Nasice,Nasice_2025-07-18_12-27_tf_1h,2021-07-27 23:00:00,299.64862,299.45972
Nasice,Nasice_2025-07-18_12-27_tf_1h,2021-07-28 00:00:00,299.26852,298.46622
Nasice,Nasice_2025-07-18_12-27_tf_1h,2021-07-28 01:00:00,298.4367,298.36014
Nasice,Nasice_2025-07-18_12-27_tf_1h,2021-07-28 02:00:00,295.9935,297.41968
Nasice,Nasice_2025-07-18_12-27_tf_1h,2021-07-28 03:00:00,294.9325,294.4839
Nasice,Nasice_2025-07-18_12-27_tf_1h,2021-07-28 04:00:00,293.96518,294.48328
Nasice,Nasice_2025-07-18_12-27_tf_1h,2021-07-28 05:00:00,293.21805,293.021
Nasice,Nasice_2025-07-18_12-27_tf_1h,2021-07-28 06:00:00,295.01547,293.26242
Nasice,Nasice_2025-07-18_12-27_tf_1h,2021-07-28 07:00:00,298.89108,297.40558
Nasice,Nasice_2025-07-18_12-27_tf_1h,2021-07-28 08:00:00,300.3121,300.87164
Nasice,Nasice_2025-07-18_12-27_tf_1h,2021-07-28 09:00:00,301.83954,301.8703
Nasice,Nasice_2025-07-18_12-27_tf_1h,2021-07-28 10:00:00,303.62427,303.2592
Nasice,Nasice_2025-07-18_12-27_tf_1h,2021-07-28 11:00:00,305.3113,304.88818
Nasice,Nasice_2025-07-18_12-27_tf_1h,2021-07-28 12:00:00,306.5841,306.20886
Nasice,Nasice_2025-07-18_12-27_tf_1h,2021-07-28 13:00:00,307.41556,306.99426
Nasice,Nasice_2025-07-18_12-27_tf_1h,2021-07-28 14:00:00,307.90442,307.377
Nasice,Nasice_2025-07-18_12-27_tf_1h,2021-07-28 15:00:00,308.04428,307.42404
Nasice,Nasice_2025-07-18_12-27_tf_1h,2021-07-28 16:00:00,307.8365,306.99634
Nasice,Nasice_2025-07-18_12-27_tf_1h,2021-07-28 17:00:00,306.68915,306.39822
Nasice,Nasice_2025-07-18_12-27_tf_1h,2021-07-28 18:00:00,305.47025,304.6504
Nasice,Nasice_2025-07-18_12-27_tf_1h,2021-07-28 19:00:00,303.89597,303.81052
Nasice,Nasice_2025-07-18_12-27_tf_1h,2021-07-28 20:00:00,301.08102,302.1122
Nasice,Nasice_2025-07-18_12-27_tf_1h,2021-07-28 21:00:00,299.54623,299.26407
Nasice,Nasice_2025-07-18_12-27_tf_1h,2021-07-28 22:00:00,298.55014,298.637
Nasice,Nasice_2025-07-18_12-27_tf_1h,2021-07-28 23:00:00,298.39856,297.6403
Nasice,Nasice_2025-07-18_12-27_tf_1h,2021-07-29 00:00:00,297.8833,297.76764
Nasice,Nasice_2025-07-18_12-27_tf_1h,2021-07-29 01:00:00,297.25192,297.0002
Nasice,Nasice_2025-07-18_12-27_tf_1h,2021-07-29 02:00:00,296.76843,296.45886
Nasice,Nasice_2025-07-18_12-27_tf_1h,2021-07-29 03:00:00,295.95435,296.07507
Nasice,Nasice_2025-07-18_12-27_tf_1h,2021-07-29 04:00:00,295.155,295.1419
Nasice,Nasice_2025-07-18_12-27_tf_1h,2021-07-29 05:00:00,294.51025,294.36282
Nasice,Nasice_2025-07-18_12-27_tf_1h,2021-07-29 06:00:00,294.74747,294.365
Nasice,Nasice_2025-07-18_12-27_tf_1h,2021-07-29 07:00:00,295.86536,296.0265
Nasice,Nasice_2025-07-18_12-27_tf_1h,2021-07-29 08:00:00,296.63727,297.26617
Nasice,Nasice_2025-07-18_12-27_tf_1h,2021-07-29 09:00:00,298.01746,297.80493
Nasice,Nasice_2025-07-18_12-27_tf_1h,2021-07-29 10:00:00,299.43915,299.27682
Nasice,Nasice_2025-07-18_12-27_tf_1h,2021-07-29 11:00:00,300.67514,300.41714
Nasice,Nasice_2025-07-18_12-27_tf_1h,2021-07-29 12:00:00,301.7629,301.30396
Nasice,Nasice_2025-07-18_12-27_tf_1h,2021-07-29 13:00:00,302.60843,302.14395
Nasice,Nasice_2025-07-18_12-27_tf_1h,2021-07-29 14:00:00,303.21204,302.69196
Nasice,Nasice_2025-07-18_12-27_tf_1h,2021-07-29 15:00:00,303.53662,303.04
Nasice,Nasice_2025-07-18_12-27_tf_1h,2021-07-29 16:00:00,303.60822,303.10757
Nasice,Nasice_2025-07-18_12-27_tf_1h,2021-07-29 17:00:00,303.33853,302.74686
Nasice,Nasice_2025-07-18_12-27_tf_1h,2021-07-29 18:00:00,302.41205,302.11176
Nasice,Nasice_2025-07-18_12-27_tf_1h,2021-07-29 19:00:00,300.8786,300.779
Nasice,Nasice_2025-07-18_12-27_tf_1h,2021-07-29 20:00:00,299.2006,299.34714
Nasice,Nasice_2025-07-18_12-27_tf_1h,2021-07-29 21:00:00,297.87024,297.8735
Nasice,Nasice_2025-07-18_12-27_tf_1h,2021-07-29 22:00:00,296.8842,296.83743
Nasice,Nasice_2025-07-18_12-27_tf_1h,2021-07-29 23:00:00,296.1019,296.01907
Nasice,Nasice_2025-07-18_12-27_tf_1h,2021-07-30 00:00:00,295.6047,295.337
Nasice,Nasice_2025-07-18_12-27_tf_1h,2021-07-30 01:00:00,295.1008,294.95984
Nasice,Nasice_2025-07-18_12-27_tf_1h,2021-07-30 02:00:00,294.6491,294.431
Nasice,Nasice_2025-07-18_12-27_tf_1h,2021-07-30 03:00:00,294.33557,294.01782
Nasice,Nasice_2025-07-18_12-27_tf_1h,2021-07-30 04:00:00,293.98962,293.71603
Nasice,Nasice_2025-07-18_12-27_tf_1h,2021-07-30 05:00:00,293.74368,293.2926
Nasice,Nasice_2025-07-18_12-27_tf_1h,2021-07-30 06:00:00,295.3715,293.30557
Nasice,Nasice_2025-07-18_12-27_tf_1h,2021-07-30 07:00:00,298.01413,296.9591
Nasice,Nasice_2025-07-18_12-27_tf_1h,2021-07-30 08:00:00,299.0788,299.43466
Nasice,Nasice_2025-07-18_12-27_tf_1h,2021-07-30 09:00:00,300.45633,300.6071
Nasice,Nasice_2025-07-18_12-27_tf_1h,2021-07-30 10:00:00,302.05502,301.89655
Nasice,Nasice_2025-07-18_12-27_tf_1h,2021-07-30 11:00:00,303.15884,303.32062
Nasice,Nasice_2025-07-18_12-27_tf_1h,2021-07-30 12:00:00,303.85782,303.8625
Nasice,Nasice_2025-07-18_12-27_tf_1h,2021-07-30 13:00:00,304.28107,304.0504
Nasice,Nasice_2025-07-18_12-27_tf_1h,2021-07-30 14:00:00,304.71036,303.9048
Nasice,Nasice_2025-07-18_12-27_tf_1h,2021-07-30 15:00:00,304.67825,304.09265
Nasice,Nasice_2025-07-18_12-27_tf_1h,2021-07-30 16:00:00,304.9854,303.5777
Nasice,Nasice_2025-07-18_12-27_tf_1h,2021-07-30 17:00:00,304.57654,303.9964
Nasice,Nasice_2025-07-18_12-27_tf_1h,2021-07-30 18:00:00,303.4784,303.1619
Nasice,Nasice_2025-07-18_12-27_tf_1h,2021-07-30 19:00:00,302.3508,301.7798
Nasice,Nasice_2025-07-18_12-27_tf_1h,2021-07-30 20:00:00,300.18396,300.86697
Nasice,Nasice_2025-07-18_12-27_tf_1h,2021-07-30 21:00:00,298.82718,298.49075
Nasice,Nasice_2025-07-18_12-27_tf_1h,2021-07-30 22:00:00,297.7508,297.81796
Nasice,Nasice_2025-07-18_12-27_tf_1h,2021-07-30 23:00:00,296.8581,296.78668
Nasice,Nasice_2025-07-18_12-27_tf_1h,2021-07-31 00:00:00,296.19394,296.0229
Nasice,Nasice_2025-07-18_12-27_tf_1h,2021-07-31 01:00:00,295.6124,295.48853
Nasice,Nasice_2025-07-18_12-27_tf_1h,2021-07-31 02:00:00,295.2112,294.936
Nasice,Nasice_2025-07-18_12-27_tf_1h,2021-07-31 03:00:00,294.53568,294.628
Nasice,Nasice_2025-07-18_12-27_tf_1h,2021-07-31 04:00:00,294.13348,293.76642
Nasice,Nasice_2025-07-18_12-27_tf_1h,2021-07-31 05:00:00,294.03946,293.54697
Nasice,Nasice_2025-07-18_12-27_tf_1h,2021-07-31 06:00:00,295.69202,294.18167
Nasice,Nasice_2025-07-18_12-27_tf_1h,2021-07-31 07:00:00,299.32608,297.90552
Nasice,Nasice_2025-07-18_12-27_tf_1h,2021-07-31 08:00:00,300.22546,301.5156
Nasice,Nasice_2025-07-18_12-27_tf_1h,2021-07-31 09:00:00,301.3758,301.61203
Nasice,Nasice_2025-07-18_12-27_tf_1h,2021-07-31 10:00:00,302.4883,302.65262
Nasice,Nasice_2025-07-18_12-27_tf_1h,2021-07-31 11:00:00,303.31778,303.42148
Nasice,Nasice_2025-07-18_12-27_tf_1h,2021-07-31 12:00:00,303.72565,303.78558
Nasice,Nasice_2025-07-18_12-27_tf_1h,2021-07-31 13:00:00,304.1389,303.63538
Nasice,Nasice_2025-07-18_12-27_tf_1h,2021-07-31 14:00:00,304.58423,303.7296
Nasice,Nasice_2025-07-18_12-27_tf_1h,2021-07-31 15:00:00,304.57553,303.99356
Nasice,Nasice_2025-07-18_12-27_tf_1h,2021-07-31 16:00:00,304.55176,303.5125
Nasice,Nasice_2025-07-18_12-27_tf_1h,2021-07-31 17:00:00,304.3537,303.41214
Nasice,Nasice_2025-07-18_12-27_tf_1h,2021-07-31 18:00:00,303.54633,303.07574
Nasice,Nasice_2025-07-18_12-27_tf_1h,2021-07-31 19:00:00,302.02692,302.00943
Nasice,Nasice_2025-07-18_12-27_tf_1h,2021-07-31 20:00:00,300.52158,300.3315
Nasice,Nasice_2025-07-18_12-27_tf_1h,2021-07-31 21:00:00,299.65295,299.1712
Nasice,Nasice_2025-07-18_12-27_tf_1h,2021-07-31 22:00:00,298.95334,298.6176
Nasice,Nasice_2025-07-18_12-27_tf_1h,2021-07-31 23:00:00,298.4113,297.94543
Nasice,Nasice_2025-07-18_12-27_tf_1h,2021-08-01 00:00:00,298.00342,297.5135
Nasice,Nasice_2025-07-18_12-27_tf_1h,2021-08-01 01:00:00,297.6562,297.16974
Nasice,Nasice_2025-07-18_12-27_tf_1h,2021-08-01 02:00:00,297.29968,296.84244
Nasice,Nasice_2025-07-18_12-27_tf_1h,2021-08-01 03:00:00,296.90735,296.51947
Nasice,Nasice_2025-07-18_12-27_tf_1h,2021-08-01 04:00:00,296.38907,296.17636
Nasice,Nasice_2025-07-18_12-27_tf_1h,2021-08-01 05:00:00,295.9435,295.6064
Nasice,Nasice_2025-07-18_12-27_tf_1h,2021-08-01 06:00:00,296.48822,295.90073
Nasice,Nasice_2025-07-18_12-27_tf_1h,2021-08-01 07:00:00,298.31238,297.564
Nasice,Nasice_2025-07-18_12-27_tf_1h,2021-08-01 08:00:00,299.23495,300.02362
Nasice,Nasice_2025-07-18_12-27_tf_1h,2021-08-01 09:00:00,301.34323,300.44635
Nasice,Nasice_2025-07-18_12-27_tf_1h,2021-08-01 10:00:00,302.87314,302.86975
Nasice,Nasice_2025-07-18_12-27_tf_1h,2021-08-01 11:00:00,304.74255,303.93225
Nasice,Nasice_2025-07-18_12-27_tf_1h,2021-08-01 12:00:00,306.2909,305.76697
Nasice,Nasice_2025-07-18_12-27_tf_1h,2021-08-01 13:00:00,307.372,306.9299
Nasice,Nasice_2025-07-18_12-27_tf_1h,2021-08-01 14:00:00,308.16644,307.3646
Nasice,Nasice_2025-07-18_12-27_tf_1h,2021-08-01 15:00:00,307.85086,307.64093
Nasice,Nasice_2025-07-18_12-27_tf_1h,2021-08-01 16:00:00,306.82874,306.3703
Nasice,Nasice_2025-07-18_12-27_tf_1h,2021-08-01 17:00:00,306.2359,304.8954
Nasice,Nasice_2025-07-18_12-27_tf_1h,2021-08-01 18:00:00,304.37408,304.76956
Nasice,Nasice_2025-07-18_12-27_tf_1h,2021-08-01 19:00:00,302.32083,302.27863
Nasice,Nasice_2025-07-18_12-27_tf_1h,2021-08-01 20:00:00,300.12314,300.76566
Nasice,Nasice_2025-07-18_12-27_tf_1h,2021-08-01 21:00:00,298.7467,298.76013
Nasice,Nasice_2025-07-18_12-27_tf_1h,2021-08-01 22:00:00,297.55377,297.88593
Nasice,Nasice_2025-07-18_12-27_tf_1h,2021-08-01 23:00:00,296.70648,296.7294
Nasice,Nasice_2025-07-18_12-27_tf_1h,2021-08-02 00:00:00,295.90225,296.0747
Nasice,Nasice_2025-07-18_12-27_tf_1h,2021-08-02 01:00:00,294.98404,295.2742
Nasice,Nasice_2025-07-18_12-27_tf_1h,2021-08-02 02:00:00,294.01404,294.30603
Nasice,Nasice_2025-07-18_12-27_tf_1h,2021-08-02 03:00:00,293.18448,293.26862
Nasice,Nasice_2025-07-18_12-27_tf_1h,2021-08-02 04:00:00,292.5446,292.4224
Nasice,Nasice_2025-07-18_12-27_tf_1h,2021-08-02 05:00:00,292.18082,291.89
Nasice,Nasice_2025-07-18_12-27_tf_1h,2021-08-02 06:00:00,292.21268,292.58176
Nasice,Nasice_2025-07-18_12-27_tf_1h,2021-08-02 07:00:00,292.76245,293.47882
Nasice,Nasice_2025-07-18_12-27_tf_1h,2021-08-02 08:00:00,292.6937,294.05203
Nasice,Nasice_2025-07-18_12-27_tf_1h,2021-08-02 09:00:00,293.3195,293.06897
Nasice,Nasice_2025-07-18_12-27_tf_1h,2021-08-02 10:00:00,294.1635,294.12384
Nasice,Nasice_2025-07-18_12-27_tf_1h,2021-08-02 11:00:00,295.1024,294.8123
Nasice,Nasice_2025-07-18_12-27_tf_1h,2021-08-02 12:00:00,295.89032,295.64117
Nasice,Nasice_2025-07-18_12-27_tf_1h,2021-08-02 13:00:00,296.9707,296.21378
Nasice,Nasice_2025-07-18_12-27_tf_1h,2021-08-02 14:00:00,297.43723,297.40146
Nasice,Nasice_2025-07-18_12-27_tf_1h,2021-08-02 15:00:00,297.88348,297.41034
Nasice,Nasice_2025-07-18_12-27_tf_1h,2021-08-02 16:00:00,298.3102,297.85205
Nasice,Nasice_2025-07-18_12-27_tf_1h,2021-08-02 17:00:00,298.1459,298.22632
Nasice,Nasice_2025-07-18_12-27_tf_1h,2021-08-02 18:00:00,297.8151,297.43863
Nasice,Nasice_2025-07-18_12-27_tf_1h,2021-08-02 19:00:00,296.64313,296.82513
Nasice,Nasice_2025-07-18_12-27_tf_1h,2021-08-02 20:00:00,296.74847,295.20663
Nasice,Nasice_2025-07-18_12-27_tf_1h,2021-08-02 21:00:00,296.15234,296.00186
Nasice,Nasice_2025-07-18_12-27_tf_1h,2021-08-02 22:00:00,295.34848,295.07434
Nasice,Nasice_2025-07-18_12-27_tf_1h,2021-08-02 23:00:00,293.74548,294.34506
Nasice,Nasice_2025-07-18_12-27_tf_1h,2021-08-03 00:00:00,293.6825,292.57855
Nasice,Nasice_2025-07-18_12-27_tf_1h,2021-08-03 01:00:00,292.78888,293.19412
Nasice,Nasice_2025-07-18_12-27_tf_1h,2021-08-03 02:00:00,291.79538,291.8871
Nasice,Nasice_2025-07-18_12-27_tf_1h,2021-08-03 03:00:00,291.5565,290.9564
Nasice,Nasice_2025-07-18_12-27_tf_1h,2021-08-03 04:00:00,290.72333,291.12814
Nasice,Nasice_2025-07-18_12-27_tf_1h,2021-08-03 05:00:00,290.5409,289.8415
Nasice,Nasice_2025-07-18_12-27_tf_1h,2021-08-03 06:00:00,292.0719,290.1946
Nasice,Nasice_2025-07-18_12-27_tf_1h,2021-08-03 07:00:00,293.94745,292.78528
Nasice,Nasice_2025-07-18_12-27_tf_1h,2021-08-03 08:00:00,294.33942,294.70663
Nasice,Nasice_2025-07-18_12-27_tf_1h,2021-08-03 09:00:00,295.63623,294.66846
Nasice,Nasice_2025-07-18_12-27_tf_1h,2021-08-03 10:00:00,297.05646,297.04895
Nasice,Nasice_2025-07-18_12-27_tf_1h,2021-08-03 11:00:00,298.16147,298.28693
Nasice,Nasice_2025-07-18_12-27_tf_1h,2021-08-03 12:00:00,298.81583,298.9866
Nasice,Nasice_2025-07-18_12-27_tf_1h,2021-08-03 13:00:00,299.59183,299.11087
Nasice,Nasice_2025-07-18_12-27_tf_1h,2021-08-03 14:00:00,300.1322,299.72964
Nasice,Nasice_2025-07-18_12-27_tf_1h,2021-08-03 15:00:00,300.45035,299.91727
Nasice,Nasice_2025-07-18_12-27_tf_1h,2021-08-03 16:00:00,300.4974,299.85736
Nasice,Nasice_2025-07-18_12-27_tf_1h,2021-08-03 17:00:00,300.34357,299.60876
Nasice,Nasice_2025-07-18_12-27_tf_1h,2021-08-03 18:00:00,299.79236,299.26865
Nasice,Nasice_2025-07-18_12-27_tf_1h,2021-08-03 19:00:00,298.5176,298.52386
Nasice,Nasice_2025-07-18_12-27_tf_1h,2021-08-03 20:00:00,297.17953,297.04294
Nasice,Nasice_2025-07-18_12-27_tf_1h,2021-08-03 21:00:00,295.7868,295.9512
Nasice,Nasice_2025-07-18_12-27_tf_1h,2021-08-03 22:00:00,295.40784,294.6644
Nasice,Nasice_2025-07-18_12-27_tf_1h,2021-08-03 23:00:00,296.5244,294.70227
Nasice,Nasice_2025-07-18_12-27_tf_1h,2021-08-04 00:00:00,293.88483,296.00864
Nasice,Nasice_2025-07-18_12-27_tf_1h,2021-08-04 01:00:00,293.70856,292.1887
Nasice,Nasice_2025-07-18_12-27_tf_1h,2021-08-04 02:00:00,293.6883,293.3042
Nasice,Nasice_2025-07-18_12-27_tf_1h,2021-08-04 03:00:00,292.67017,293.1534
Nasice,Nasice_2025-07-18_12-27_tf_1h,2021-08-04 04:00:00,292.14102,291.64362
Nasice,Nasice_2025-07-18_12-27_tf_1h,2021-08-04 05:00:00,291.4327,291.61697
Nasice,Nasice_2025-07-18_12-27_tf_1h,2021-08-04 06:00:00,292.4979,290.65643
Nasice,Nasice_2025-07-18_12-27_tf_1h,2021-08-04 07:00:00,295.41037,293.5687
Nasice,Nasice_2025-07-18_12-27_tf_1h,2021-08-04 08:00:00,296.84656,297.16263
Nasice,Nasice_2025-07-18_12-27_tf_1h,2021-08-04 09:00:00,298.63416,298.23624
Nasice,Nasice_2025-07-18_12-27_tf_1h,2021-08-04 10:00:00,300.1568,300.22528
Nasice,Nasice_2025-07-18_12-27_tf_1h,2021-08-04 11:00:00,301.09967,301.40225
Nasice,Nasice_2025-07-18_12-27_tf_1h,2021-08-04 12:00:00,301.94043,301.80164
Nasice,Nasice_2025-07-18_12-27_tf_1h,2021-08-04 13:00:00,302.78085,302.32495
Nasice,Nasice_2025-07-18_12-27_tf_1h,2021-08-04 14:00:00,303.0733,302.83957
Nasice,Nasice_2025-07-18_12-27_tf_1h,2021-08-04 15:00:00,303.3737,302.47366
Nasice,Nasice_2025-07-18_12-27_tf_1h,2021-08-04 16:00:00,303.4258,302.5489
Nasice,Nasice_2025-07-18_12-27_tf_1h,2021-08-04 17:00:00,303.2148,302.34177
Nasice,Nasice_2025-07-18_12-27_tf_1h,2021-08-04 18:00:00,301.97842,301.95056
Nasice,Nasice_2025-07-18_12-27_tf_1h,2021-08-04 19:00:00,300.37976,300.27844
Nasice,Nasice_2025-07-18_12-27_tf_1h,2021-08-04 20:00:00,299.25958,298.8738
Nasice,Nasice_2025-07-18_12-27_tf_1h,2021-08-04 21:00:00,298.47418,298.10333
Nasice,Nasice_2025-07-18_12-27_tf_1h,2021-08-04 22:00:00,297.87915,297.4346
Nasice,Nasice_2025-07-18_12-27_tf_1h,2021-08-04 23:00:00,297.29208,296.89792
Nasice,Nasice_2025-07-18_12-27_tf_1h,2021-08-05 00:00:00,296.8766,296.3598
Nasice,Nasice_2025-07-18_12-27_tf_1h,2021-08-05 01:00:00,296.50922,296.04727
Nasice,Nasice_2025-07-18_12-27_tf_1h,2021-08-05 02:00:00,296.06006,295.69028
Nasice,Nasice_2025-07-18_12-27_tf_1h,2021-08-05 03:00:00,295.65396,295.2369
Nasice,Nasice_2025-07-18_12-27_tf_1h,2021-08-05 04:00:00,295.0861,294.898
Nasice,Nasice_2025-07-18_12-27_tf_1h,2021-08-05 05:00:00,294.29706,294.3375
Nasice,Nasice_2025-07-18_12-27_tf_1h,2021-08-05 06:00:00,294.84866,293.4793
Nasice,Nasice_2025-07-18_12-27_tf_1h,2021-08-05 07:00:00,295.00684,295.65503
Nasice,Nasice_2025-07-18_12-27_tf_1h,2021-08-05 08:00:00,294.77844,295.3844
Nasice,Nasice_2025-07-18_12-27_tf_1h,2021-08-05 09:00:00,294.42447,295.1888
Nasice,Nasice_2025-07-18_12-27_tf_1h,2021-08-05 10:00:00,294.6478,294.41336
Nasice,Nasice_2025-07-18_12-27_tf_1h,2021-08-05 11:00:00,294.6362,294.8608
Nasice,Nasice_2025-07-18_12-27_tf_1h,2021-08-05 12:00:00,294.05603,294.54224
Nasice,Nasice_2025-07-18_12-27_tf_1h,2021-08-05 13:00:00,293.81207,293.38968
Nasice,Nasice_2025-07-18_12-27_tf_1h,2021-08-05 14:00:00,294.00644,293.27026
Nasice,Nasice_2025-07-18_12-27_tf_1h,2021-08-05 15:00:00,294.73608,293.75305
Nasice,Nasice_2025-07-18_12-27_tf_1h,2021-08-05 16:00:00,294.72125,294.8542
Nasice,Nasice_2025-07-18_12-27_tf_1h,2021-08-05 17:00:00,294.11972,294.366
Nasice,Nasice_2025-07-18_12-27_tf_1h,2021-08-05 18:00:00,293.5989,293.32352
Nasice,Nasice_2025-07-18_12-27_tf_1h,2021-08-05 19:00:00,293.24167,292.85294
Nasice,Nasice_2025-07-18_12-27_tf_1h,2021-08-05 20:00:00,291.38638,292.6773
Nasice,Nasice_2025-07-18_12-27_tf_1h,2021-08-05 21:00:00,290.73093,290.1162
Nasice,Nasice_2025-07-18_12-27_tf_1h,2021-08-05 22:00:00,290.3002,290.20187
Nasice,Nasice_2025-07-18_12-27_tf_1h,2021-08-05 23:00:00,289.9296,289.81845
Nasice,Nasice_2025-07-18_12-27_tf_1h,2021-08-06 00:00:00,289.64944,289.47537
Nasice,Nasice_2025-07-18_12-27_tf_1h,2021-08-06 01:00:00,289.41708,289.2725
Nasice,Nasice_2025-07-18_12-27_tf_1h,2021-08-06 02:00:00,289.1804,289.0532
Nasice,Nasice_2025-07-18_12-27_tf_1h,2021-08-06 03:00:00,288.80722,288.8203
Nasice,Nasice_2025-07-18_12-27_tf_1h,2021-08-06 04:00:00,288.37833,288.39926
Nasice,Nasice_2025-07-18_12-27_tf_1h,2021-08-06 05:00:00,287.9469,287.9966
Nasice,Nasice_2025-07-18_12-27_tf_1h,2021-08-06 06:00:00,288.9795,287.59528
Nasice,Nasice_2025-07-18_12-27_tf_1h,2021-08-06 07:00:00,292.01398,289.7494
Nasice,Nasice_2025-07-18_12-27_tf_1h,2021-08-06 08:00:00,293.17688,293.37024
Nasice,Nasice_2025-07-18_12-27_tf_1h,2021-08-06 09:00:00,295.0441,294.16348
Nasice,Nasice_2025-07-18_12-27_tf_1h,2021-08-06 10:00:00,296.74088,296.18784
Nasice,Nasice_2025-07-18_12-27_tf_1h,2021-08-06 11:00:00,297.60336,297.74982
Nasice,Nasice_2025-07-18_12-27_tf_1h,2021-08-06 12:00:00,298.36777,298.06937
Nasice,Nasice_2025-07-18_12-27_tf_1h,2021-08-06 13:00:00,298.93527,298.60168
Nasice,Nasice_2025-07-18_12-27_tf_1h,2021-08-06 14:00:00,299.08728,298.8173
Nasice,Nasice_2025-07-18_12-27_tf_1h,2021-08-06 15:00:00,299.25742,298.4519
Nasice,Nasice_2025-07-18_12-27_tf_1h,2021-08-06 16:00:00,299.3334,298.4323
Nasice,Nasice_2025-07-18_12-27_tf_1h,2021-08-06 17:00:00,299.12384,298.36407
Nasice,Nasice_2025-07-18_12-27_tf_1h,2021-08-06 18:00:00,298.11584,297.99744
Nasice,Nasice_2025-07-18_12-27_tf_1h,2021-08-06 19:00:00,296.9685,296.69293
Nasice,Nasice_2025-07-18_12-27_tf_1h,2021-08-06 20:00:00,295.19177,295.66895
Nasice,Nasice_2025-07-18_12-27_tf_1h,2021-08-06 21:00:00,293.7983,293.8564
Nasice,Nasice_2025-07-18_12-27_tf_1h,2021-08-06 22:00:00,292.7762,292.7672
Nasice,Nasice_2025-07-18_12-27_tf_1h,2021-08-06 23:00:00,291.9843,291.93448
Nasice,Nasice_2025-07-18_12-27_tf_1h,2021-08-07 00:00:00,291.3415,291.2498
Nasice,Nasice_2025-07-18_12-27_tf_1h,2021-08-07 01:00:00,290.8192,290.68213
Nasice,Nasice_2025-07-18_12-27_tf_1h,2021-08-07 02:00:00,290.47394,290.21448
Nasice,Nasice_2025-07-18_12-27_tf_1h,2021-08-07 03:00:00,290.091,289.94528
Nasice,Nasice_2025-07-18_12-27_tf_1h,2021-08-07 04:00:00,289.69,289.50403
Nasice,Nasice_2025-07-18_12-27_tf_1h,2021-08-07 05:00:00,289.3599,289.08093
Nasice,Nasice_2025-07-18_12-27_tf_1h,2021-08-07 06:00:00,290.54922,289.10324
Nasice,Nasice_2025-07-18_12-27_tf_1h,2021-08-07 07:00:00,294.20514,292.44586
Nasice,Nasice_2025-07-18_12-27_tf_1h,2021-08-07 08:00:00,295.62466,296.41998
Nasice,Nasice_2025-07-18_12-27_tf_1h,2021-08-07 09:00:00,297.5393,297.05176
Nasice,Nasice_2025-07-18_12-27_tf_1h,2021-08-07 10:00:00,299.2943,299.0453
Nasice,Nasice_2025-07-18_12-27_tf_1h,2021-08-07 11:00:00,300.7522,300.5377
Nasice,Nasice_2025-07-18_12-27_tf_1h,2021-08-07 12:00:00,301.78336,301.64627
Nasice,Nasice_2025-07-18_12-27_tf_1h,2021-08-07 13:00:00,302.50323,302.28094
Nasice,Nasice_2025-07-18_12-27_tf_1h,2021-08-07 14:00:00,303.00452,302.65363
Nasice,Nasice_2025-07-18_12-27_tf_1h,2021-08-07 15:00:00,303.19055,302.63806
Nasice,Nasice_2025-07-18_12-27_tf_1h,2021-08-07 16:00:00,303.1562,302.3644
Nasice,Nasice_2025-07-18_12-27_tf_1h,2021-08-07 17:00:00,302.63318,302.02423
Nasice,Nasice_2025-07-18_12-27_tf_1h,2021-08-07 18:00:00,301.19376,301.1739
Nasice,Nasice_2025-07-18_12-27_tf_1h,2021-08-07 19:00:00,299.51257,299.42722
Nasice,Nasice_2025-07-18_12-27_tf_1h,2021-08-07 20:00:00,298.64502,298.03128
Nasice,Nasice_2025-07-18_12-27_tf_1h,2021-08-07 21:00:00,297.9298,297.55356
Nasice,Nasice_2025-07-18_12-27_tf_1h,2021-08-07 22:00:00,297.21536,296.83893
Nasice,Nasice_2025-07-18_12-27_tf_1h,2021-08-07 23:00:00,296.4459,296.1805
Nasice,Nasice_2025-07-18_12-27_tf_1h,2021-08-08 00:00:00,295.42487,295.45306
Nasice,Nasice_2025-07-18_12-27_tf_1h,2021-08-08 01:00:00,294.26016,294.4211
Nasice,Nasice_2025-07-18_12-27_tf_1h,2021-08-08 02:00:00,293.28183,293.31223
Nasice,Nasice_2025-07-18_12-27_tf_1h,2021-08-08 03:00:00,292.5587,292.4877
Nasice,Nasice_2025-07-18_12-27_tf_1h,2021-08-08 04:00:00,292.18408,291.89435
Nasice,Nasice_2025-07-18_12-27_tf_1h,2021-08-08 05:00:00,291.90613,291.68512
Nasice,Nasice_2025-07-18_12-27_tf_1h,2021-08-08 06:00:00,293.07663,291.39404
Nasice,Nasice_2025-07-18_12-27_tf_1h,2021-08-08 07:00:00,296.60803,294.51865
Nasice,Nasice_2025-07-18_12-27_tf_1h,2021-08-08 08:00:00,298.82056,298.87344
Nasice,Nasice_2025-07-18_12-27_tf_1h,2021-08-08 09:00:00,301.2911,300.64807
Nasice,Nasice_2025-07-18_12-27_tf_1h,2021-08-08 10:00:00,303.08344,303.24503
Nasice,Nasice_2025-07-18_12-27_tf_1h,2021-08-08 11:00:00,304.44794,304.53003
Nasice,Nasice_2025-07-18_12-27_tf_1h,2021-08-08 12:00:00,305.47763,305.34454
Nasice,Nasice_2025-07-18_12-27_tf_1h,2021-08-08 13:00:00,306.24387,305.93167
Nasice,Nasice_2025-07-18_12-27_tf_1h,2021-08-08 14:00:00,306.69086,306.245
Nasice,Nasice_2025-07-18_12-27_tf_1h,2021-08-08 15:00:00,306.88846,306.07104
Nasice,Nasice_2025-07-18_12-27_tf_1h,2021-08-08 16:00:00,306.72232,305.8567
Nasice,Nasice_2025-07-18_12-27_tf_1h,2021-08-08 17:00:00,305.42987,305.33438
Nasice,Nasice_2025-07-18_12-27_tf_1h,2021-08-08 18:00:00,304.0715,303.42752
Nasice,Nasice_2025-07-18_12-27_tf_1h,2021-08-08 19:00:00,303.00525,302.45728
Nasice,Nasice_2025-07-18_12-27_tf_1h,2021-08-08 20:00:00,299.66748,301.5009
Nasice,Nasice_2025-07-18_12-27_tf_1h,2021-08-08 21:00:00,298.66565,297.62357
Nasice,Nasice_2025-07-18_12-27_tf_1h,2021-08-08 22:00:00,297.9548,298.03656
Nasice,Nasice_2025-07-18_12-27_tf_1h,2021-08-08 23:00:00,297.26712,297.02866
Nasice,Nasice_2025-07-18_12-27_tf_1h,2021-08-09 00:00:00,296.3543,296.43304
Nasice,Nasice_2025-07-18_12-27_tf_1h,2021-08-09 01:00:00,295.38614,295.50742
Nasice,Nasice_2025-07-18_12-27_tf_1h,2021-08-09 02:00:00,294.76688,294.60208
Nasice,Nasice_2025-07-18_12-27_tf_1h,2021-08-09 03:00:00,294.5468,294.1781
Nasice,Nasice_2025-07-18_12-27_tf_1h,2021-08-09 04:00:00,294.27136,294.0847
Nasice,Nasice_2025-07-18_12-27_tf_1h,2021-08-09 05:00:00,293.9355,293.6293
Nasice,Nasice_2025-07-18_12-27_tf_1h,2021-08-09 06:00:00,294.24243,293.6678
Nasice,Nasice_2025-07-18_12-27_tf_1h,2021-08-09 07:00:00,295.19357,295.6033
Nasice,Nasice_2025-07-18_12-27_tf_1h,2021-08-09 08:00:00,294.9641,296.4642
Nasice,Nasice_2025-07-18_12-27_tf_1h,2021-08-09 09:00:00,296.45782,295.4547
Nasice,Nasice_2025-07-18_12-27_tf_1h,2021-08-09 10:00:00,297.96277,297.81787
Nasice,Nasice_2025-07-18_12-27_tf_1h,2021-08-09 11:00:00,299.4145,299.0126
Nasice,Nasice_2025-07-18_12-27_tf_1h,2021-08-09 12:00:00,300.66388,300.25247
Nasice,Nasice_2025-07-18_12-27_tf_1h,2021-08-09 13:00:00,301.63678,301.23138
Nasice,Nasice_2025-07-18_12-27_tf_1h,2021-08-09 14:00:00,302.20248,301.905
Nasice,Nasice_2025-07-18_12-27_tf_1h,2021-08-09 15:00:00,302.59302,302.11584
Nasice,Nasice_2025-07-18_12-27_tf_1h,2021-08-09 16:00:00,302.65344,302.31924
Nasice,Nasice_2025-07-18_12-27_tf_1h,2021-08-09 17:00:00,302.44894,301.84784
Nasice,Nasice_2025-07-18_12-27_tf_1h,2021-08-09 18:00:00,301.6024,301.32016
Nasice,Nasice_2025-07-18_12-27_tf_1h,2021-08-09 19:00:00,300.08154,300.04996
Nasice,Nasice_2025-07-18_12-27_tf_1h,2021-08-09 20:00:00,298.0453,298.5551
Nasice,Nasice_2025-07-18_12-27_tf_1h,2021-08-09 21:00:00,297.1285,296.62912
Nasice,Nasice_2025-07-18_12-27_tf_1h,2021-08-09 22:00:00,296.4676,296.29877
Nasice,Nasice_2025-07-18_12-27_tf_1h,2021-08-09 23:00:00,295.41037,295.62915
Nasice,Nasice_2025-07-18_12-27_tf_1h,2021-08-10 00:00:00,294.63477,294.49207
Nasice,Nasice_2025-07-18_12-27_tf_1h,2021-08-10 01:00:00,294.4433,293.94482
Nasice,Nasice_2025-07-18_12-27_tf_1h,2021-08-10 02:00:00,294.91635,293.9557
Nasice,Nasice_2025-07-18_12-27_tf_1h,2021-08-10 03:00:00,295.28046,294.5549
Nasice,Nasice_2025-07-18_12-27_tf_1h,2021-08-10 04:00:00,295.07233,294.74988
Nasice,Nasice_2025-07-18_12-27_tf_1h,2021-08-10 05:00:00,294.76688,294.3037
Nasice,Nasice_2025-07-18_12-27_tf_1h,2021-08-10 06:00:00,294.82333,294.17386
Nasice,Nasice_2025-07-18_12-27_tf_1h,2021-08-10 07:00:00,296.55194,294.79895
Nasice,Nasice_2025-07-18_12-27_tf_1h,2021-08-10 08:00:00,297.9041,298.04868
Nasice,Nasice_2025-07-18_12-27_tf_1h,2021-08-10 09:00:00,299.31134,299.46118
Nasice,Nasice_2025-07-18_12-27_tf_1h,2021-08-10 10:00:00,300.66498,300.74368
Nasice,Nasice_2025-07-18_12-27_tf_1h,2021-08-10 11:00:00,301.69324,301.75888
Nasice,Nasice_2025-07-18_12-27_tf_1h,2021-08-10 12:00:00,302.18222,302.34586
Nasice,Nasice_2025-07-18_12-27_tf_1h,2021-08-10 13:00:00,302.79605,302.1388
Nasice,Nasice_2025-07-18_12-27_tf_1h,2021-08-10 14:00:00,303.41714,302.534
Nasice,Nasice_2025-07-18_12-27_tf_1h,2021-08-10 15:00:00,303.57022,302.94052
Nasice,Nasice_2025-07-18_12-27_tf_1h,2021-08-10 16:00:00,303.44897,302.62982
Nasice,Nasice_2025-07-18_12-27_tf_1h,2021-08-10 17:00:00,303.11853,302.2592
Nasice,Nasice_2025-07-18_12-27_tf_1h,2021-08-10 18:00:00,302.1254,301.81662
Nasice,Nasice_2025-07-18_12-27_tf_1h,2021-08-10 19:00:00,300.64288,300.55872
Nasice,Nasice_2025-07-18_12-27_tf_1h,2021-08-10 20:00:00,299.13507,299.14215
Nasice,Nasice_2025-07-18_12-27_tf_1h,2021-08-10 21:00:00,298.0004,297.85474
Nasice,Nasice_2025-07-18_12-27_tf_1h,2021-08-10 22:00:00,297.08978,296.96948
Nasice,Nasice_2025-07-18_12-27_tf_1h,2021-08-10 23:00:00,296.22836,296.1785
Nasice,Nasice_2025-07-18_12-27_tf_1h,2021-08-11 00:00:00,296.20627,295.3889
Nasice,Nasice_2025-07-18_12-27_tf_1h,2021-08-11 01:00:00,295.58847,295.70242
Nasice,Nasice_2025-07-18_12-27_tf_1h,2021-08-11 02:00:00,296.67715,294.73828
Nasice,Nasice_2025-07-18_12-27_tf_1h,2021-08-11 03:00:00,296.19107,296.43784
Nasice,Nasice_2025-07-18_12-27_tf_1h,2021-08-11 04:00:00,295.39664,295.2355
Nasice,Nasice_2025-07-18_12-27_tf_1h,2021-08-11 05:00:00,293.29922,294.53842
Nasice,Nasice_2025-07-18_12-27_tf_1h,2021-08-11 06:00:00,294.0401,291.8692
Nasice,Nasice_2025-07-18_12-27_tf_1h,2021-08-11 07:00:00,296.9935,296.0164
Nasice,Nasice_2025-07-18_12-27_tf_1h,2021-08-11 08:00:00,299.05145,298.83734
Nasice,Nasice_2025-07-18_12-27_tf_1h,2021-08-11 09:00:00,300.82712,300.84866
Nasice,Nasice_2025-07-18_12-27_tf_1h,2021-08-11 10:00:00,302.46127,302.43518
Nasice,Nasice_2025-07-18_12-27_tf_1h,2021-08-11 11:00:00,303.30313,303.72205
Nasice,Nasice_2025-07-18_12-27_tf_1h,2021-08-11 12:00:00,303.9738,303.84723
Nasice,Nasice_2025-07-18_12-27_tf_1h,2021-08-11 13:00:00,304.2503,304.05228
Nasice,Nasice_2025-07-18_12-27_tf_1h,2021-08-11 14:00:00,304.2416,303.6995
Nasice,Nasice_2025-07-18_12-27_tf_1h,2021-08-11 15:00:00,303.4736,303.2823
Nasice,Nasice_2025-07-18_12-27_tf_1h,2021-08-11 16:00:00,302.22128,301.91736
Nasice,Nasice_2025-07-18_12-27_tf_1h,2021-08-11 17:00:00,301.568,300.46912
Nasice,Nasice_2025-07-18_12-27_tf_1h,2021-08-11 18:00:00,300.80432,300.35605
Nasice,Nasice_2025-07-18_12-27_tf_1h,2021-08-11 19:00:00,299.45718,299.47528
Nasice,Nasice_2025-07-18_12-27_tf_1h,2021-08-11 20:00:00,297.78433,298.0961
Nasice,Nasice_2025-07-18_12-27_tf_1h,2021-08-11 21:00:00,297.68372,296.56445
Nasice,Nasice_2025-07-18_12-27_tf_1h,2021-08-11 22:00:00,296.28445,297.09186
Nasice,Nasice_2025-07-18_12-27_tf_1h,2021-08-11 23:00:00,295.62357,295.07605
Nasice,Nasice_2025-07-18_12-27_tf_1h,2021-08-12 00:00:00,294.351,295.01398
Nasice,Nasice_2025-07-18_12-27_tf_1h,2021-08-12 01:00:00,293.30356,293.4118
Nasice,Nasice_2025-07-18_12-27_tf_1h,2021-08-12 02:00:00,293.61194,292.57034
Nasice,Nasice_2025-07-18_12-27_tf_1h,2021-08-12 03:00:00,293.57175,293.40622
Nasice,Nasice_2025-07-18_12-27_tf_1h,2021-08-12 04:00:00,293.13562,292.872
Nasice,Nasice_2025-07-18_12-27_tf_1h,2021-08-12 05:00:00,293.4078,292.53125
Nasice,Nasice_2025-07-18_12-27_tf_1h,2021-08-12 06:00:00,294.3217,294.57864
Nasice,Nasice_2025-07-18_12-27_tf_1h,2021-08-12 07:00:00,296.0304,295.65994
Nasice,Nasice_2025-07-18_12-27_tf_1h,2021-08-12 08:00:00,297.6193,297.69922
Nasice,Nasice_2025-07-18_12-27_tf_1h,2021-08-12 09:00:00,299.25995,299.01324
Nasice,Nasice_2025-07-18_12-27_tf_1h,2021-08-12 10:00:00,300.61682,300.4594
Nasice,Nasice_2025-07-18_12-27_tf_1h,2021-08-12 11:00:00,301.49597,301.46777
Nasice,Nasice_2025-07-18_12-27_tf_1h,2021-08-12 12:00:00,302.1652,301.89694
Nasice,Nasice_2025-07-18_12-27_tf_1h,2021-08-12 13:00:00,302.49963,302.29974
Nasice,Nasice_2025-07-18_12-27_tf_1h,2021-08-12 14:00:00,302.43738,302.11435
Nasice,Nasice_2025-07-18_12-27_tf_1h,2021-08-12 15:00:00,302.3889,301.54242
Nasice,Nasice_2025-07-18_12-27_tf_1h,2021-08-12 16:00:00,302.39935,301.3726
Nasice,Nasice_2025-07-18_12-27_tf_1h,2021-08-12 17:00:00,302.09534,301.32608
Nasice,Nasice_2025-07-18_12-27_tf_1h,2021-08-12 18:00:00,301.05658,300.86978
Nasice,Nasice_2025-07-18_12-27_tf_1h,2021-08-12 19:00:00,299.4999,299.55386
Nasice,Nasice_2025-07-18_12-27_tf_1h,2021-08-12 20:00:00,298.0565,298.04648
Nasice,Nasice_2025-07-18_12-27_tf_1h,2021-08-12 21:00:00,296.90118,296.85928
Nasice,Nasice_2025-07-18_12-27_tf_1h,2021-08-12 22:00:00,296.0626,295.9007
Nasice,Nasice_2025-07-18_12-27_tf_1h,2021-08-12 23:00:00,295.32785,295.21487
Nasice,Nasice_2025-07-18_12-27_tf_1h,2021-08-13 00:00:00,294.60434,294.53714
Nasice,Nasice_2025-07-18_12-27_tf_1h,2021-08-13 01:00:00,293.85913,293.86334
Nasice,Nasice_2025-07-18_12-27_tf_1h,2021-08-13 02:00:00,293.2297,293.15372
Nasice,Nasice_2025-07-18_12-27_tf_1h,2021-08-13 03:00:00,292.7042,292.58713
Nasice,Nasice_2025-07-18_12-27_tf_1h,2021-08-13 04:00:00,292.22208,292.04092
Nasice,Nasice_2025-07-18_12-27_tf_1h,2021-08-13 05:00:00,291.8779,291.60538
Nasice,Nasice_2025-07-18_12-27_tf_1h,2021-08-13 06:00:00,292.75595,292.01505
Nasice,Nasice_2025-07-18_12-27_tf_1h,2021-08-13 07:00:00,296.48172,294.55786
Nasice,Nasice_2025-07-18_12-27_tf_1h,2021-08-13 08:00:00,298.56284,298.75577
Nasice,Nasice_2025-07-18_12-27_tf_1h,2021-08-13 09:00:00,300.6512,300.27316
Nasice,Nasice_2025-07-18_12-27_tf_1h,2021-08-13 10:00:00,302.39285,302.3819
Nasice,Nasice_2025-07-18_12-27_tf_1h,2021-08-13 11:00:00,303.58435,303.6829
Nasice,Nasice_2025-07-18_12-27_tf_1h,2021-08-13 12:00:00,304.34332,304.31754
Nasice,Nasice_2025-07-18_12-27_tf_1h,2021-08-13 13:00:00,304.77548,304.6176
Nasice,Nasice_2025-07-18_12-27_tf_1h,2021-08-13 14:00:00,304.9959,304.47955
Nasice,Nasice_2025-07-18_12-27_tf_1h,2021-08-13 15:00:00,305.06287,304.24457
Nasice,Nasice_2025-07-18_12-27_tf_1h,2021-08-13 16:00:00,304.89563,304.0078
Nasice,Nasice_2025-07-18_12-27_tf_1h,2021-08-13 17:00:00,304.3086,303.58514
Nasice,Nasice_2025-07-18_12-27_tf_1h,2021-08-13 18:00:00,303.01358,302.78052
Nasice,Nasice_2025-07-18_12-27_tf_1h,2021-08-13 19:00:00,301.48077,301.26227
Nasice,Nasice_2025-07-18_12-27_tf_1h,2021-08-13 20:00:00,299.82092,299.93213
Nasice,Nasice_2025-07-18_12-27_tf_1h,2021-08-13 21:00:00,298.71594,298.42053
Nasice,Nasice_2025-07-18_12-27_tf_1h,2021-08-13 22:00:00,297.39343,297.67255
Nasice,Nasice_2025-07-18_12-27_tf_1h,2021-08-13 23:00:00,296.4564,296.29544
Nasice,Nasice_2025-07-18_12-27_tf_1h,2021-08-14 00:00:00,295.90732,295.6366
Nasice,Nasice_2025-07-18_12-27_tf_1h,2021-08-14 01:00:00,295.60583,295.21484
Nasice,Nasice_2025-07-18_12-27_tf_1h,2021-08-14 02:00:00,294.98184,294.9663
Nasice,Nasice_2025-07-18_12-27_tf_1h,2021-08-14 03:00:00,294.50916,294.20477
Nasice,Nasice_2025-07-18_12-27_tf_1h,2021-08-14 04:00:00,294.34268,293.89438
Nasice,Nasice_2025-07-18_12-27_tf_1h,2021-08-14 05:00:00,294.40274,293.80255
Nasice,Nasice_2025-07-18_12-27_tf_1h,2021-08-14 06:00:00,295.11795,294.3699
Nasice,Nasice_2025-07-18_12-27_tf_1h,2021-08-14 07:00:00,298.09705,296.54138
Nasice,Nasice_2025-07-18_12-27_tf_1h,2021-08-14 08:00:00,299.16077,300.2819
Nasice,Nasice_2025-07-18_12-27_tf_1h,2021-08-14 09:00:00,301.29837,300.53107
Nasice,Nasice_2025-07-18_12-27_tf_1h,2021-08-14 10:00:00,302.88727,303.02118
Nasice,Nasice_2025-07-18_12-27_tf_1h,2021-08-14 11:00:00,304.28506,304.01248
Nasice,Nasice_2025-07-18_12-27_tf_1h,2021-08-14 12:00:00,305.32742,305.04724
Nasice,Nasice_2025-07-18_12-27_tf_1h,2021-08-14 13:00:00,305.9818,305.66992
Nasice,Nasice_2025-07-18_12-27_tf_1h,2021-08-14 14:00:00,306.23627,305.8536
Nasice,Nasice_2025-07-18_12-27_tf_1h,2021-08-14 15:00:00,306.1682,305.4989
Nasice,Nasice_2025-07-18_12-27_tf_1h,2021-08-14 16:00:00,306.08316,305.01428
Nasice,Nasice_2025-07-18_12-27_tf_1h,2021-08-14 17:00:00,305.59344,304.79892
Nasice,Nasice_2025-07-18_12-27_tf_1h,2021-08-14 18:00:00,304.60068,304.0553
Nasice,Nasice_2025-07-18_12-27_tf_1h,2021-08-14 19:00:00,302.64948,302.85648
Nasice,Nasice_2025-07-18_12-27_tf_1h,2021-08-14 20:00:00,301.0052,300.7894
Nasice,Nasice_2025-07-18_12-27_tf_1h,2021-08-14 21:00:00,299.64432,299.64615
Nasice,Nasice_2025-07-18_12-27_tf_1h,2021-08-14 22:00:00,298.29428,298.45892
Nasice,Nasice_2025-07-18_12-27_tf_1h,2021-08-14 23:00:00,297.46365,297.22748
Nasice,Nasice_2025-07-18_12-27_tf_1h,2021-08-15 00:00:00,296.77307,296.697
Nasice,Nasice_2025-07-18_12-27_tf_1h,2021-08-15 01:00:00,296.0275,296.01434
Nasice,Nasice_2025-07-18_12-27_tf_1h,2021-08-15 02:00:00,295.29892,295.2931
Nasice,Nasice_2025-07-18_12-27_tf_1h,2021-08-15 03:00:00,294.70135,294.6325
Nasice,Nasice_2025-07-18_12-27_tf_1h,2021-08-15 04:00:00,294.1979,294.04938
Nasice,Nasice_2025-07-18_12-27_tf_1h,2021-08-15 05:00:00,293.74332,293.4793
Nasice,Nasice_2025-07-18_12-27_tf_1h,2021-08-15 06:00:00,294.52292,293.631
Nasice,Nasice_2025-07-18_12-27_tf_1h,2021-08-15 07:00:00,298.31854,296.2843
Nasice,Nasice_2025-07-18_12-27_tf_1h,2021-08-15 08:00:00,300.45395,300.5937
Nasice,Nasice_2025-07-18_12-27_tf_1h,2021-08-15 09:00:00,302.97992,302.28238
Nasice,Nasice_2025-07-18_12-27_tf_1h,2021-08-15 10:00:00,304.93546,305.02502
Nasice,Nasice_2025-07-18_12-27_tf_1h,2021-08-15 11:00:00,306.36655,306.32092
Nasice,Nasice_2025-07-18_12-27_tf_1h,2021-08-15 12:00:00,307.38324,307.1185
Nasice,Nasice_2025-07-18_12-27_tf_1h,2021-08-15 13:00:00,307.992,307.63953
Nasice,Nasice_2025-07-18_12-27_tf_1h,2021-08-15 14:00:00,308.37024,307.74402
Nasice,Nasice_2025-07-18_12-27_tf_1h,2021-08-15 15:00:00,308.37964,307.7008
Nasice,Nasice_2025-07-18_12-27_tf_1h,2021-08-15 16:00:00,308.0568,307.1766
Nasice,Nasice_2025-07-18_12-27_tf_1h,2021-08-15 17:00:00,307.25473,306.5156
Nasice,Nasice_2025-07-18_12-27_tf_1h,2021-08-15 18:00:00,305.71,305.3955
Nasice,Nasice_2025-07-18_12-27_tf_1h,2021-08-15 19:00:00,303.76532,303.75754
Nasice,Nasice_2025-07-18_12-27_tf_1h,2021-08-15 20:00:00,302.1044,301.95316
Nasice,Nasice_2025-07-18_12-27_tf_1h,2021-08-15 21:00:00,301.05115,300.65546
Nasice,Nasice_2025-07-18_12-27_tf_1h,2021-08-15 22:00:00,299.92374,299.906
Nasice,Nasice_2025-07-18_12-27_tf_1h,2021-08-15 23:00:00,299.04422,298.77875
Nasice,Nasice_2025-07-18_12-27_tf_1h,2021-08-16 00:00:00,297.97217,298.11346
Nasice,Nasice_2025-07-18_12-27_tf_1h,2021-08-16 01:00:00,296.93668,297.00882
Nasice,Nasice_2025-07-18_12-27_tf_1h,2021-08-16 02:00:00,295.7973,296.12482
Nasice,Nasice_2025-07-18_12-27_tf_1h,2021-08-16 03:00:00,294.6945,295.01303
Nasice,Nasice_2025-07-18_12-27_tf_1h,2021-08-16 04:00:00,293.90402,294.008
Nasice,Nasice_2025-07-18_12-27_tf_1h,2021-08-16 05:00:00,293.27206,293.22018
Nasice,Nasice_2025-07-18_12-27_tf_1h,2021-08-16 06:00:00,294.3112,292.9907
Nasice,Nasice_2025-07-18_12-27_tf_1h,2021-08-16 07:00:00,298.1647,296.5421
Nasice,Nasice_2025-07-18_12-27_tf_1h,2021-08-16 08:00:00,299.01456,300.29443
Nasice,Nasice_2025-07-18_12-27_tf_1h,2021-08-16 09:00:00,300.817,300.15906
Nasice,Nasice_2025-07-18_12-27_tf_1h,2021-08-16 10:00:00,302.6632,302.40594
Nasice,Nasice_2025-07-18_12-27_tf_1h,2021-08-16 11:00:00,304.42838,303.8896
Nasice,Nasice_2025-07-18_12-27_tf_1h,2021-08-16 12:00:00,306.05563,305.35797
Nasice,Nasice_2025-07-18_12-27_tf_1h,2021-08-16 13:00:00,307.026,306.69122
Nasice,Nasice_2025-07-18_12-27_tf_1h,2021-08-16 14:00:00,307.7032,306.98593
Nasice,Nasice_2025-07-18_12-27_tf_1h,2021-08-16 15:00:00,308.245,307.3842
Nasice,Nasice_2025-07-18_12-27_tf_1h,2021-08-16 16:00:00,308.2566,307.73334
Nasice,Nasice_2025-07-18_12-27_tf_1h,2021-08-16 17:00:00,307.03214,307.04343
Nasice,Nasice_2025-07-18_12-27_tf_1h,2021-08-16 18:00:00,305.46027,304.85944
Nasice,Nasice_2025-07-18_12-27_tf_1h,2021-08-16 19:00:00,303.4993,303.59003
Nasice,Nasice_2025-07-18_12-27_tf_1h,2021-08-16 20:00:00,301.35843,301.70215
Nasice,Nasice_2025-07-18_12-27_tf_1h,2021-08-16 21:00:00,300.2017,299.85596
Nasice,Nasice_2025-07-18_12-27_tf_1h,2021-08-16 22:00:00,299.38046,299.2081
Nasice,Nasice_2025-07-18_12-27_tf_1h,2021-08-16 23:00:00,298.67325,298.40515
Nasice,Nasice_2025-07-18_12-27_tf_1h,2021-08-17 00:00:00,297.75644,297.78946
Nasice,Nasice_2025-07-18_12-27_tf_1h,2021-08-17 01:00:00,296.69815,296.8563
Nasice,Nasice_2025-07-18_12-27_tf_1h,2021-08-17 02:00:00,296.56207,295.8629
Nasice,Nasice_2025-07-18_12-27_tf_1h,2021-08-17 03:00:00,295.20047,296.11557
Nasice,Nasice_2025-07-18_12-27_tf_1h,2021-08-17 04:00:00,294.0314,294.1184
Nasice,Nasice_2025-07-18_12-27_tf_1h,2021-08-17 05:00:00,293.59238,293.30322
Nasice,Nasice_2025-07-18_12-27_tf_1h,2021-08-17 06:00:00,293.4248,293.28253
Nasice,Nasice_2025-07-18_12-27_tf_1h,2021-08-17 07:00:00,293.41757,294.03683
Nasice,Nasice_2025-07-18_12-27_tf_1h,2021-08-17 08:00:00,294.33652,294.40308
Nasice,Nasice_2025-07-18_12-27_tf_1h,2021-08-17 09:00:00,294.73102,295.61252
Nasice,Nasice_2025-07-18_12-27_tf_1h,2021-08-17 10:00:00,295.07016,295.45898
Nasice,Nasice_2025-07-18_12-27_tf_1h,2021-08-17 11:00:00,294.44113,295.52777
Nasice,Nasice_2025-07-18_12-27_tf_1h,2021-08-17 12:00:00,294.31046,293.9575
Nasice,Nasice_2025-07-18_12-27_tf_1h,2021-08-17 13:00:00,293.84753,294.09116
Nasice,Nasice_2025-07-18_12-27_tf_1h,2021-08-17 14:00:00,293.61807,293.23422
Nasice,Nasice_2025-07-18_12-27_tf_1h,2021-08-17 15:00:00,293.90762,293.1406
Nasice,Nasice_2025-07-18_12-27_tf_1h,2021-08-17 16:00:00,294.36258,293.80276
Nasice,Nasice_2025-07-18_12-27_tf_1h,2021-08-17 17:00:00,294.29926,294.3343
Nasice,Nasice_2025-07-18_12-27_tf_1h,2021-08-17 18:00:00,294.2015,293.84744
Nasice,Nasice_2025-07-18_12-27_tf_1h,2021-08-17 19:00:00,293.76105,293.65997
Nasice,Nasice_2025-07-18_12-27_tf_1h,2021-08-17 20:00:00,292.73892,293.00226
Nasice,Nasice_2025-07-18_12-27_tf_1h,2021-08-17 21:00:00,292.4349,291.63602
Nasice,Nasice_2025-07-18_12-27_tf_1h,2021-08-17 22:00:00,291.90866,291.8858
Nasice,Nasice_2025-07-18_12-27_tf_1h,2021-08-17 23:00:00,291.38928,291.23227
Nasice,Nasice_2025-07-18_12-27_tf_1h,2021-08-18 00:00:00,290.93613,290.76697
Nasice,Nasice_2025-07-18_12-27_tf_1h,2021-08-18 01:00:00,290.44644,290.3967
Nasice,Nasice_2025-07-18_12-27_tf_1h,2021-08-18 02:00:00,290.09897,289.90424
Nasice,Nasice_2025-07-18_12-27_tf_1h,2021-08-18 03:00:00,289.65634,289.66278
Nasice,Nasice_2025-07-18_12-27_tf_1h,2021-08-18 04:00:00,289.60855,289.1789
Nasice,Nasice_2025-07-18_12-27_tf_1h,2021-08-18 05:00:00,289.48114,289.44778
Nasice,Nasice_2025-07-18_12-27_tf_1h,2021-08-18 06:00:00,289.90823,289.26645
Nasice,Nasice_2025-07-18_12-27_tf_1h,2021-08-18 07:00:00,291.01865,290.11597
Nasice,Nasice_2025-07-18_12-27_tf_1h,2021-08-18 08:00:00,291.6372,291.67416
Nasice,Nasice_2025-07-18_12-27_tf_1h,2021-08-18 09:00:00,292.66293,292.0543
Nasice,Nasice_2025-07-18_12-27_tf_1h,2021-08-18 10:00:00,293.3224,293.31894
Nasice,Nasice_2025-07-18_12-27_tf_1h,2021-08-18 11:00:00,294.67456,293.7026
Nasice,Nasice_2025-07-18_12-27_tf_1h,2021-08-18 12:00:00,295.70935,295.35965
Nasice,Nasice_2025-07-18_12-27_tf_1h,2021-08-18 13:00:00,296.47086,296.15842
Nasice,Nasice_2025-07-18_12-27_tf_1h,2021-08-18 14:00:00,297.09448,296.5809
Nasice,Nasice_2025-07-18_12-27_tf_1h,2021-08-18 15:00:00,297.25952,296.98227
Nasice,Nasice_2025-07-18_12-27_tf_1h,2021-08-18 16:00:00,297.00977,296.7279
Nasice,Nasice_2025-07-18_12-27_tf_1h,2021-08-18 17:00:00,296.55484,296.10382
Nasice,Nasice_2025-07-18_12-27_tf_1h,2021-08-18 18:00:00,295.8078,295.46536
Nasice,Nasice_2025-07-18_12-27_tf_1h,2021-08-18 19:00:00,294.4947,294.5875
Nasice,Nasice_2025-07-18_12-27_tf_1h,2021-08-18 20:00:00,293.04877,293.245
Nasice,Nasice_2025-07-18_12-27_tf_1h,2021-08-18 21:00:00,291.61295,291.91312
Nasice,Nasice_2025-07-18_12-27_tf_1h,2021-08-18 22:00:00,290.54596,290.59225
Nasice,Nasice_2025-07-18_12-27_tf_1h,2021-08-18 23:00:00,290.19742,289.74396
Nasice,Nasice_2025-07-18_12-27_tf_1h,2021-08-19 00:00:00,289.9676,289.681
Nasice,Nasice_2025-07-18_12-27_tf_1h,2021-08-19 01:00:00,289.93103,289.46973
Nasice,Nasice_2025-07-18_12-27_tf_1h,2021-08-19 02:00:00,290.61655,289.51154
Nasice,Nasice_2025-07-18_12-27_tf_1h,2021-08-19 03:00:00,290.34583,290.56104
Nasice,Nasice_2025-07-18_12-27_tf_1h,2021-08-19 04:00:00,290.01645,289.6021
Nasice,Nasice_2025-07-18_12-27_tf_1h,2021-08-19 05:00:00,289.745,289.49316
Nasice,Nasice_2025-07-18_12-27_tf_1h,2021-08-19 06:00:00,289.6632,289.4981
Nasice,Nasice_2025-07-18_12-27_tf_1h,2021-08-19 07:00:00,291.2043,289.90286
Nasice,Nasice_2025-07-18_12-27_tf_1h,2021-08-19 08:00:00,292.35165,292.75156
Nasice,Nasice_2025-07-18_12-27_tf_1h,2021-08-19 09:00:00,293.7708,293.59412
Nasice,Nasice_2025-07-18_12-27_tf_1h,2021-08-19 10:00:00,295.2247,295.00153
Nasice,Nasice_2025-07-18_12-27_tf_1h,2021-08-19 11:00:00,296.47375,296.2586
Nasice,Nasice_2025-07-18_12-27_tf_1h,2021-08-19 12:00:00,297.21246,297.22977
Nasice,Nasice_2025-07-18_12-27_tf_1h,2021-08-19 13:00:00,297.1426,297.56287
Nasice,Nasice_2025-07-18_12-27_tf_1h,2021-08-19 14:00:00,297.29898,296.76224
Nasice,Nasice_2025-07-18_12-27_tf_1h,2021-08-19 15:00:00,297.4043,296.7724
Nasice,Nasice_2025-07-18_12-27_tf_1h,2021-08-19 16:00:00,297.56644,296.7073
Nasice,Nasice_2025-07-18_12-27_tf_1h,2021-08-19 17:00:00,297.28122,296.7846
Nasice,Nasice_2025-07-18_12-27_tf_1h,2021-08-19 18:00:00,296.64713,296.27072
Nasice,Nasice_2025-07-18_12-27_tf_1h,2021-08-19 19:00:00,295.3749,295.48022
Nasice,Nasice_2025-07-18_12-27_tf_1h,2021-08-19 20:00:00,294.0535,294.07532
Nasice,Nasice_2025-07-18_12-27_tf_1h,2021-08-19 21:00:00,293.13635,292.9345
Nasice,Nasice_2025-07-18_12-27_tf_1h,2021-08-19 22:00:00,292.8468,292.24826
Nasice,Nasice_2025-07-18_12-27_tf_1h,2021-08-19 23:00:00,293.21597,292.1847
Nasice,Nasice_2025-07-18_12-27_tf_1h,2021-08-20 00:00:00,293.22104,292.75168
Nasice,Nasice_2025-07-18_12-27_tf_1h,2021-08-20 01:00:00,291.6115,292.58667
Nasice,Nasice_2025-07-18_12-27_tf_1h,2021-08-20 02:00:00,290.25208,290.37753
Nasice,Nasice_2025-07-18_12-27_tf_1h,2021-08-20 03:00:00,289.72943,289.34335
Nasice,Nasice_2025-07-18_12-27_tf_1h,2021-08-20 04:00:00,289.72583,289.2372
Nasice,Nasice_2025-07-18_12-27_tf_1h,2021-08-20 05:00:00,289.95383,289.37674
Nasice,Nasice_2025-07-18_12-27_tf_1h,2021-08-20 06:00:00,290.75986,289.8224
Nasice,Nasice_2025-07-18_12-27_tf_1h,2021-08-20 07:00:00,292.61334,291.55984
Nasice,Nasice_2025-07-18_12-27_tf_1h,2021-08-20 08:00:00,294.53378,294.06345
Nasice,Nasice_2025-07-18_12-27_tf_1h,2021-08-20 09:00:00,296.39014,296.0887
Nasice,Nasice_2025-07-18_12-27_tf_1h,2021-08-20 10:00:00,297.8408,297.7637
Nasice,Nasice_2025-07-18_12-27_tf_1h,2021-08-20 11:00:00,298.7134,298.85022
Nasice,Nasice_2025-07-18_12-27_tf_1h,2021-08-20 12:00:00,299.25488,299.26468
Nasice,Nasice_2025-07-18_12-27_tf_1h,2021-08-20 13:00:00,299.65192,299.42227
Nasice,Nasice_2025-07-18_12-27_tf_1h,2021-08-20 14:00:00,299.9896,299.42657
Nasice,Nasice_2025-07-18_12-27_tf_1h,2021-08-20 15:00:00,300.10144,299.46463
Nasice,Nasice_2025-07-18_12-27_tf_1h,2021-08-20 16:00:00,300.1521,299.282
Nasice,Nasice_2025-07-18_12-27_tf_1h,2021-08-20 17:00:00,299.5473,299.17712
Nasice,Nasice_2025-07-18_12-27_tf_1h,2021-08-20 18:00:00,298.14697,298.25104
Nasice,Nasice_2025-07-18_12-27_tf_1h,2021-08-20 19:00:00,296.65472,296.60892
Nasice,Nasice_2025-07-18_12-27_tf_1h,2021-08-20 20:00:00,295.89322,295.39462
Nasice,Nasice_2025-07-18_12-27_tf_1h,2021-08-20 21:00:00,294.85516,294.9686
Nasice,Nasice_2025-07-18_12-27_tf_1h,2021-08-20 22:00:00,293.6597,293.85623
Nasice,Nasice_2025-07-18_12-27_tf_1h,2021-08-20 23:00:00,293.9916,292.7297
Nasice,Nasice_2025-07-18_12-27_tf_1h,2021-08-21 00:00:00,294.3065,293.5625
Nasice,Nasice_2025-07-18_12-27_tf_1h,2021-08-21 01:00:00,293.77118,293.72617
Nasice,Nasice_2025-07-18_12-27_tf_1h,2021-08-21 02:00:00,292.57535,292.8825
Nasice,Nasice_2025-07-18_12-27_tf_1h,2021-08-21 03:00:00,291.0505,291.55457
Nasice,Nasice_2025-07-18_12-27_tf_1h,2021-08-21 04:00:00,290.18982,290.01663
Nasice,Nasice_2025-07-18_12-27_tf_1h,2021-08-21 05:00:00,289.4605,289.55905
Nasice,Nasice_2025-07-18_12-27_tf_1h,2021-08-21 06:00:00,289.80618,288.88123
Nasice,Nasice_2025-07-18_12-27_tf_1h,2021-08-21 07:00:00,293.2938,291.0248
Nasice,Nasice_2025-07-18_12-27_tf_1h,2021-08-21 08:00:00,295.6996,295.75156
Nasice,Nasice_2025-07-18_12-27_tf_1h,2021-08-21 09:00:00,297.87952,297.41217
Nasice,Nasice_2025-07-18_12-27_tf_1h,2021-08-21 10:00:00,299.5951,299.56805
Nasice,Nasice_2025-07-18_12-27_tf_1h,2021-08-21 11:00:00,300.37036,300.9361
Nasice,Nasice_2025-07-18_12-27_tf_1h,2021-08-21 12:00:00,300.52887,300.96896
Nasice,Nasice_2025-07-18_12-27_tf_1h,2021-08-21 13:00:00,300.8872,300.57635
Nasice,Nasice_2025-07-18_12-27_tf_1h,2021-08-21 14:00:00,300.7084,300.6848
Nasice,Nasice_2025-07-18_12-27_tf_1h,2021-08-21 15:00:00,300.74243,299.87433
Nasice,Nasice_2025-07-18_12-27_tf_1h,2021-08-21 16:00:00,300.62372,299.82886
Nasice,Nasice_2025-07-18_12-27_tf_1h,2021-08-21 17:00:00,300.21002,299.5404
Nasice,Nasice_2025-07-18_12-27_tf_1h,2021-08-21 18:00:00,299.1984,298.98904
Nasice,Nasice_2025-07-18_12-27_tf_1h,2021-08-21 19:00:00,297.5773,297.77936
Nasice,Nasice_2025-07-18_12-27_tf_1h,2021-08-21 20:00:00,296.4535,296.18094
Nasice,Nasice_2025-07-18_12-27_tf_1h,2021-08-21 21:00:00,295.17984,295.42093
Nasice,Nasice_2025-07-18_12-27_tf_1h,2021-08-21 22:00:00,293.98688,294.15396
Nasice,Nasice_2025-07-18_12-27_tf_1h,2021-08-21 23:00:00,292.99628,293.10684
Nasice,Nasice_2025-07-18_12-27_tf_1h,2021-08-22 00:00:00,292.23404,292.24365
Nasice,Nasice_2025-07-18_12-27_tf_1h,2021-08-22 01:00:00,291.64877,291.57376
Nasice,Nasice_2025-07-18_12-27_tf_1h,2021-08-22 02:00:00,291.4573,291.04916
Nasice,Nasice_2025-07-18_12-27_tf_1h,2021-08-22 03:00:00,291.30676,291.00955
Nasice,Nasice_2025-07-18_12-27_tf_1h,2021-08-22 04:00:00,291.65204,290.78513
Nasice,Nasice_2025-07-18_12-27_tf_1h,2021-08-22 05:00:00,291.85617,291.40457
Nasice,Nasice_2025-07-18_12-27_tf_1h,2021-08-22 06:00:00,291.92566,291.9356
Nasice,Nasice_2025-07-18_12-27_tf_1h,2021-08-22 07:00:00,294.39877,292.82755
Nasice,Nasice_2025-07-18_12-27_tf_1h,2021-08-22 08:00:00,296.87296,296.4418
Nasice,Nasice_2025-07-18_12-27_tf_1h,2021-08-22 09:00:00,299.19406,298.69308
Nasice,Nasice_2025-07-18_12-27_tf_1h,2021-08-22 10:00:00,301.03415,300.91245
Nasice,Nasice_2025-07-18_12-27_tf_1h,2021-08-22 11:00:00,302.30707,302.29968
Nasice,Nasice_2025-07-18_12-27_tf_1h,2021-08-22 12:00:00,302.95746,303.06638
Nasice,Nasice_2025-07-18_12-27_tf_1h,2021-08-22 13:00:00,303.37695,303.1868
Nasice,Nasice_2025-07-18_12-27_tf_1h,2021-08-22 14:00:00,303.6484,303.13504
Nasice,Nasice_2025-07-18_12-27_tf_1h,2021-08-22 15:00:00,303.9032,302.98306
Nasice,Nasice_2025-07-18_12-27_tf_1h,2021-08-22 16:00:00,303.64587,303.006
Nasice,Nasice_2025-07-18_12-27_tf_1h,2021-08-22 17:00:00,302.90463,302.329
Nasice,Nasice_2025-07-18_12-27_tf_1h,2021-08-22 18:00:00,301.21332,301.33948
Nasice,Nasice_2025-07-18_12-27_tf_1h,2021-08-22 19:00:00,299.59943,299.46173
Nasice,Nasice_2025-07-18_12-27_tf_1h,2021-08-22 20:00:00,298.44666,298.2138
Nasice,Nasice_2025-07-18_12-27_tf_1h,2021-08-22 21:00:00,297.2541,297.31915
Nasice,Nasice_2025-07-18_12-27_tf_1h,2021-08-22 22:00:00,296.24536,296.15604
Nasice,Nasice_2025-07-18_12-27_tf_1h,2021-08-22 23:00:00,295.44006,295.31638
Nasice,Nasice_2025-07-18_12-27_tf_1h,2021-08-23 00:00:00,294.62244,294.61926
Nasice,Nasice_2025-07-18_12-27_tf_1h,2021-08-23 01:00:00,293.94022,293.82593
Nasice,Nasice_2025-07-18_12-27_tf_1h,2021-08-23 02:00:00,293.3336,293.247
Nasice,Nasice_2025-07-18_12-27_tf_1h,2021-08-23 03:00:00,292.605,292.6992
Nasice,Nasice_2025-07-18_12-27_tf_1h,2021-08-23 04:00:00,291.67667,291.90543
Nasice,Nasice_2025-07-18_12-27_tf_1h,2021-08-23 05:00:00,290.91513,290.8476
Nasice,Nasice_2025-07-18_12-27_tf_1h,2021-08-23 06:00:00,291.50546,290.49973
Nasice,Nasice_2025-07-18_12-27_tf_1h,2021-08-23 07:00:00,294.16605,293.38107
Nasice,Nasice_2025-07-18_12-27_tf_1h,2021-08-23 08:00:00,295.70465,296.3169
Nasice,Nasice_2025-07-18_12-27_tf_1h,2021-08-23 09:00:00,296.49982,297.187
Nasice,Nasice_2025-07-18_12-27_tf_1h,2021-08-23 10:00:00,297.20197,297.45724
Nasice,Nasice_2025-07-18_12-27_tf_1h,2021-08-23 11:00:00,297.35834,297.8664
Nasice,Nasice_2025-07-18_12-27_tf_1h,2021-08-23 12:00:00,296.9801,297.5184
Nasice,Nasice_2025-07-18_12-27_tf_1h,2021-08-23 13:00:00,297.28232,296.57138
Nasice,Nasice_2025-07-18_12-27_tf_1h,2021-08-23 14:00:00,297.49695,297.1578
Nasice,Nasice_2025-07-18_12-27_tf_1h,2021-08-23 15:00:00,297.3261,297.1591
Nasice,Nasice_2025-07-18_12-27_tf_1h,2021-08-23 16:00:00,297.29678,296.59167
Nasice,Nasice_2025-07-18_12-27_tf_1h,2021-08-23 17:00:00,296.8661,296.52716
Nasice,Nasice_2025-07-18_12-27_tf_1h,2021-08-23 18:00:00,296.07925,295.86868
Nasice,Nasice_2025-07-18_12-27_tf_1h,2021-08-23 19:00:00,295.10635,294.91272
Nasice,Nasice_2025-07-18_12-27_tf_1h,2021-08-23 20:00:00,291.7324,294.03854
Nasice,Nasice_2025-07-18_12-27_tf_1h,2021-08-23 21:00:00,291.34296,289.9844
Nasice,Nasice_2025-07-18_12-27_tf_1h,2021-08-23 22:00:00,290.84204,290.99817
Nasice,Nasice_2025-07-18_12-27_tf_1h,2021-08-23 23:00:00,290.5257,290.254
Nasice,Nasice_2025-07-18_12-27_tf_1h,2021-08-24 00:00:00,290.40735,290.03824
Nasice,Nasice_2025-07-18_12-27_tf_1h,2021-08-24 01:00:00,290.21915,289.96594
Nasice,Nasice_2025-07-18_12-27_tf_1h,2021-08-24 02:00:00,289.94226,289.6501
Nasice,Nasice_2025-07-18_12-27_tf_1h,2021-08-24 03:00:00,289.71207,289.35828
Nasice,Nasice_2025-07-18_12-27_tf_1h,2021-08-24 04:00:00,289.45074,289.2983
Nasice,Nasice_2025-07-18_12-27_tf_1h,2021-08-24 05:00:00,289.0092,289.43112
Nasice,Nasice_2025-07-18_12-27_tf_1h,2021-08-24 06:00:00,289.21115,289.3554
Nasice,Nasice_2025-07-18_12-27_tf_1h,2021-08-24 07:00:00,290.1627,289.90192
Nasice,Nasice_2025-07-18_12-27_tf_1h,2021-08-24 08:00:00,291.47253,291.21872
Nasice,Nasice_2025-07-18_12-27_tf_1h,2021-08-24 09:00:00,293.1964,292.62335
Nasice,Nasice_2025-07-18_12-27_tf_1h,2021-08-24 10:00:00,294.38828,294.4365
Nasice,Nasice_2025-07-18_12-27_tf_1h,2021-08-24 11:00:00,295.37997,295.24905
Nasice,Nasice_2025-07-18_12-27_tf_1h,2021-08-24 12:00:00,295.98187,295.98416
Nasice,Nasice_2025-07-18_12-27_tf_1h,2021-08-24 13:00:00,296.52008,296.27106
Nasice,Nasice_2025-07-18_12-27_tf_1h,2021-08-24 14:00:00,296.48785,296.59354
Nasice,Nasice_2025-07-18_12-27_tf_1h,2021-08-24 15:00:00,296.4933,295.98935
Nasice,Nasice_2025-07-18_12-27_tf_1h,2021-08-24 16:00:00,296.4278,295.78305
Nasice,Nasice_2025-07-18_12-27_tf_1h,2021-08-24 17:00:00,296.3554,295.57968
Nasice,Nasice_2025-07-18_12-27_tf_1h,2021-08-24 18:00:00,295.71948,295.4575
Nasice,Nasice_2025-07-18_12-27_tf_1h,2021-08-24 19:00:00,294.50156,294.6032
Nasice,Nasice_2025-07-18_12-27_tf_1h,2021-08-24 20:00:00,293.32492,293.24222
Nasice,Nasice_2025-07-18_12-27_tf_1h,2021-08-24 21:00:00,292.6785,292.26566
Nasice,Nasice_2025-07-18_12-27_tf_1h,2021-08-24 22:00:00,292.25574,291.8673
Nasice,Nasice_2025-07-18_12-27_tf_1h,2021-08-24 23:00:00,291.99335,291.53616
Nasice,Nasice_2025-07-18_12-27_tf_1h,2021-08-25 00:00:00,291.64844,291.34308
Nasice,Nasice_2025-07-18_12-27_tf_1h,2021-08-25 01:00:00,291.25064,290.97787
Nasice,Nasice_2025-07-18_12-27_tf_1h,2021-08-25 02:00:00,290.90393,290.5891
Nasice,Nasice_2025-07-18_12-27_tf_1h,2021-08-25 03:00:00,290.67627,290.3027
Nasice,Nasice_2025-07-18_12-27_tf_1h,2021-08-25 04:00:00,290.4218,290.16522
Nasice,Nasice_2025-07-18_12-27_tf_1h,2021-08-25 05:00:00,289.99545,289.87177
Nasice,Nasice_2025-07-18_12-27_tf_1h,2021-08-25 06:00:00,289.61472,289.41837
Nasice,Nasice_2025-07-18_12-27_tf_1h,2021-08-25 07:00:00,289.40732,289.53082
Nasice,Nasice_2025-07-18_12-27_tf_1h,2021-08-25 08:00:00,289.5836,289.7146
Nasice,Nasice_2025-07-18_12-27_tf_1h,2021-08-25 09:00:00,289.44205,289.9846
Nasice,Nasice_2025-07-18_12-27_tf_1h,2021-08-25 10:00:00,289.69034,289.48807
Nasice,Nasice_2025-07-18_12-27_tf_1h,2021-08-25 11:00:00,290.24338,289.93155
Nasice,Nasice_2025-07-18_12-27_tf_1h,2021-08-25 12:00:00,291.2358,290.66946
Nasice,Nasice_2025-07-18_12-27_tf_1h,2021-08-25 13:00:00,291.91226,291.91696
Nasice,Nasice_2025-07-18_12-27_tf_1h,2021-08-25 14:00:00,292.21194,292.30768
Nasice,Nasice_2025-07-18_12-27_tf_1h,2021-08-25 15:00:00,292.18335,292.19547
Nasice,Nasice_2025-07-18_12-27_tf_1h,2021-08-25 16:00:00,292.1251,291.80728
Nasice,Nasice_2025-07-18_12-27_tf_1h,2021-08-25 17:00:00,291.80695,291.62796
Nasice,Nasice_2025-07-18_12-27_tf_1h,2021-08-25 18:00:00,291.3672,291.11987
Nasice,Nasice_2025-07-18_12-27_tf_1h,2021-08-25 19:00:00,291.0125,290.57986
Nasice,Nasice_2025-07-18_12-27_tf_1h,2021-08-25 20:00:00,289.80872,290.31854
Nasice,Nasice_2025-07-18_12-27_tf_1h,2021-08-25 21:00:00,289.65958,288.75745
Nasice,Nasice_2025-07-18_12-27_tf_1h,2021-08-25 22:00:00,289.34073,289.22858
Nasice,Nasice_2025-07-18_12-27_tf_1h,2021-08-25 23:00:00,289.08954,288.83398
Nasice,Nasice_2025-07-18_12-27_tf_1h,2021-08-26 00:00:00,288.92087,288.64056
Nasice,Nasice_2025-07-18_12-27_tf_1h,2021-08-26 01:00:00,288.63568,288.5595
Nasice,Nasice_2025-07-18_12-27_tf_1h,2021-08-26 02:00:00,288.09314,288.2252
Nasice,Nasice_2025-07-18_12-27_tf_1h,2021-08-26 03:00:00,287.58643,287.55118
Nasice,Nasice_2025-07-18_12-27_tf_1h,2021-08-26 04:00:00,286.85822,287.10272
Nasice,Nasice_2025-07-18_12-27_tf_1h,2021-08-26 05:00:00,286.47708,286.23782
Nasice,Nasice_2025-07-18_12-27_tf_1h,2021-08-26 06:00:00,287.09598,286.16653
Nasice,Nasice_2025-07-18_12-27_tf_1h,2021-08-26 07:00:00,289.08737,287.59113
Nasice,Nasice_2025-07-18_12-27_tf_1h,2021-08-26 08:00:00,289.60638,290.18423
Nasice,Nasice_2025-07-18_12-27_tf_1h,2021-08-26 09:00:00,291.06534,289.94772
Nasice,Nasice_2025-07-18_12-27_tf_1h,2021-08-26 10:00:00,292.42587,292.069
Nasice,Nasice_2025-07-18_12-27_tf_1h,2021-08-26 11:00:00,293.53195,293.3412
Nasice,Nasice_2025-07-18_12-27_tf_1h,2021-08-26 12:00:00,294.48746,294.14667
Nasice,Nasice_2025-07-18_12-27_tf_1h,2021-08-26 13:00:00,295.04773,294.90665
Nasice,Nasice_2025-07-18_12-27_tf_1h,2021-08-26 14:00:00,295.75204,295.08334
Nasice,Nasice_2025-07-18_12-27_tf_1h,2021-08-26 15:00:00,296.2193,295.6878
Nasice,Nasice_2025-07-18_12-27_tf_1h,2021-08-26 16:00:00,296.20087,295.89197
Nasice,Nasice_2025-07-18_12-27_tf_1h,2021-08-26 17:00:00,295.8458,295.44235
Nasice,Nasice_2025-07-18_12-27_tf_1h,2021-08-26 18:00:00,294.8588,294.81158
Nasice,Nasice_2025-07-18_12-27_tf_1h,2021-08-26 19:00:00,293.3072,293.5204
Nasice,Nasice_2025-07-18_12-27_tf_1h,2021-08-26 20:00:00,292.53372,291.95477
Nasice,Nasice_2025-07-18_12-27_tf_1h,2021-08-26 21:00:00,291.71176,291.61646
Nasice,Nasice_2025-07-18_12-27_tf_1h,2021-08-26 22:00:00,290.80402,290.80505
Nasice,Nasice_2025-07-18_12-27_tf_1h,2021-08-26 23:00:00,289.787,289.9325
Nasice,Nasice_2025-07-18_12-27_tf_1h,2021-08-27 00:00:00,289.6947,288.94507
Nasice,Nasice_2025-07-18_12-27_tf_1h,2021-08-27 01:00:00,289.0074,289.2463
Nasice,Nasice_2025-07-18_12-27_tf_1h,2021-08-27 02:00:00,288.50934,288.28937
Nasice,Nasice_2025-07-18_12-27_tf_1h,2021-08-27 03:00:00,288.05368,287.92026
Nasice,Nasice_2025-07-18_12-27_tf_1h,2021-08-27 04:00:00,287.5419,287.46988
Nasice,Nasice_2025-07-18_12-27_tf_1h,2021-08-27 05:00:00,287.5057,286.91684
Nasice,Nasice_2025-07-18_12-27_tf_1h,2021-08-27 06:00:00,287.57773,287.43182
Nasice,Nasice_2025-07-18_12-27_tf_1h,2021-08-27 07:00:00,287.7587,287.6699
Nasice,Nasice_2025-07-18_12-27_tf_1h,2021-08-27 08:00:00,287.29034,288.44186
Nasice,Nasice_2025-07-18_12-27_tf_1h,2021-08-27 09:00:00,288.04498,287.20105
Nasice,Nasice_2025-07-18_12-27_tf_1h,2021-08-27 10:00:00,289.28824,289.1323
Nasice,Nasice_2025-07-18_12-27_tf_1h,2021-08-27 11:00:00,289.93573,290.44977
Nasice,Nasice_2025-07-18_12-27_tf_1h,2021-08-27 12:00:00,290.35486,290.59323
Nasice,Nasice_2025-07-18_12-27_tf_1h,2021-08-27 13:00:00,291.0067,290.68466
Nasice,Nasice_2025-07-18_12-27_tf_1h,2021-08-27 14:00:00,291.4012,291.38428
Nasice,Nasice_2025-07-18_12-27_tf_1h,2021-08-27 15:00:00,291.49823,291.50128
Nasice,Nasice_2025-07-18_12-27_tf_1h,2021-08-27 16:00:00,291.51523,291.26578
Nasice,Nasice_2025-07-18_12-27_tf_1h,2021-08-27 17:00:00,291.34332,291.09048
Nasice,Nasice_2025-07-18_12-27_tf_1h,2021-08-27 18:00:00,290.8174,290.71967
Nasice,Nasice_2025-07-18_12-27_tf_1h,2021-08-27 19:00:00,289.97012,289.9319
Nasice,Nasice_2025-07-18_12-27_tf_1h,2021-08-27 20:00:00,288.3577,288.90668
Nasice,Nasice_2025-07-18_12-27_tf_1h,2021-08-27 21:00:00,287.3345,287.08655
Nasice,Nasice_2025-07-18_12-27_tf_1h,2021-08-27 22:00:00,286.3743,286.44946
Nasice,Nasice_2025-07-18_12-27_tf_1h,2021-08-27 23:00:00,286.33884,285.55972
Nasice,Nasice_2025-07-18_12-27_tf_1h,2021-08-28 00:00:00,286.44125,286.09244
Nasice,Nasice_2025-07-18_12-27_tf_1h,2021-08-28 01:00:00,286.35004,286.3161
Nasice,Nasice_2025-07-18_12-27_tf_1h,2021-08-28 02:00:00,286.19296,286.11136
Nasice,Nasice_2025-07-18_12-27_tf_1h,2021-08-28 03:00:00,286.02393,285.9348
Nasice,Nasice_2025-07-18_12-27_tf_1h,2021-08-28 04:00:00,286.1506,285.75186
Nasice,Nasice_2025-07-18_12-27_tf_1h,2021-08-28 05:00:00,285.66418,286.0963
Nasice,Nasice_2025-07-18_12-27_tf_1h,2021-08-28 06:00:00,286.04892,285.0839
Nasice,Nasice_2025-07-18_12-27_tf_1h,2021-08-28 07:00:00,287.14197,286.53995
Nasice,Nasice_2025-07-18_12-27_tf_1h,2021-08-28 08:00:00,287.2983,288.03308
Nasice,Nasice_2025-07-18_12-27_tf_1h,2021-08-28 09:00:00,288.85464,287.38196
Nasice,Nasice_2025-07-18_12-27_tf_1h,2021-08-28 10:00:00,290.01248,290.01794
Nasice,Nasice_2025-07-18_12-27_tf_1h,2021-08-28 11:00:00,290.52206,290.89215
Nasice,Nasice_2025-07-18_12-27_tf_1h,2021-08-28 12:00:00,290.26907,290.8266
Nasice,Nasice_2025-07-18_12-27_tf_1h,2021-08-28 13:00:00,290.33316,289.89172
Nasice,Nasice_2025-07-18_12-27_tf_1h,2021-08-28 14:00:00,290.3328,290.01636
Nasice,Nasice_2025-07-18_12-27_tf_1h,2021-08-28 15:00:00,290.2966,289.92273
Nasice,Nasice_2025-07-18_12-27_tf_1h,2021-08-28 16:00:00,289.7269,289.7699
Nasice,Nasice_2025-07-18_12-27_tf_1h,2021-08-28 17:00:00,289.4341,288.8217
Nasice,Nasice_2025-07-18_12-27_tf_1h,2021-08-28 18:00:00,288.96033,288.6568
Nasice,Nasice_2025-07-18_12-27_tf_1h,2021-08-28 19:00:00,288.4898,288.21317
Nasice,Nasice_2025-07-18_12-27_tf_1h,2021-08-28 20:00:00,286.62402,287.81213
Nasice,Nasice_2025-07-18_12-27_tf_1h,2021-08-28 21:00:00,286.35764,285.30826
Nasice,Nasice_2025-07-18_12-27_tf_1h,2021-08-28 22:00:00,286.07098,285.98798
Nasice,Nasice_2025-07-18_12-27_tf_1h,2021-08-28 23:00:00,285.97437,285.70663
Nasice,Nasice_2025-07-18_12-27_tf_1h,2021-08-29 00:00:00,285.71848,285.73532
Nasice,Nasice_2025-07-18_12-27_tf_1h,2021-08-29 01:00:00,285.45605,285.42038
Nasice,Nasice_2025-07-18_12-27_tf_1h,2021-08-29 02:00:00,285.29138,285.17126
Nasice,Nasice_2025-07-18_12-27_tf_1h,2021-08-29 03:00:00,285.06952,285.09634
Nasice,Nasice_2025-07-18_12-27_tf_1h,2021-08-29 04:00:00,285.046,284.8296
Nasice,Nasice_2025-07-18_12-27_tf_1h,2021-08-29 05:00:00,285.19257,285.0797
Nasice,Nasice_2025-07-18_12-27_tf_1h,2021-08-29 06:00:00,285.54547,285.40503
Nasice,Nasice_2025-07-18_12-27_tf_1h,2021-08-29 07:00:00,286.3895,285.89032
Nasice,Nasice_2025-07-18_12-27_tf_1h,2021-08-29 08:00:00,287.27408,287.1359
Nasice,Nasice_2025-07-18_12-27_tf_1h,2021-08-29 09:00:00,288.4196,288.0047
Nasice,Nasice_2025-07-18_12-27_tf_1h,2021-08-29 10:00:00,289.1087,289.24402
Nasice,Nasice_2025-07-18_12-27_tf_1h,2021-08-29 11:00:00,289.5597,289.57492
Nasice,Nasice_2025-07-18_12-27_tf_1h,2021-08-29 12:00:00,289.87024,289.70004
Nasice,Nasice_2025-07-18_12-27_tf_1h,2021-08-29 13:00:00,289.4634,289.82816
Nasice,Nasice_2025-07-18_12-27_tf_1h,2021-08-29 14:00:00,289.58286,288.84033
Nasice,Nasice_2025-07-18_12-27_tf_1h,2021-08-29 15:00:00,289.54013,289.153
Nasice,Nasice_2025-07-18_12-27_tf_1h,2021-08-29 16:00:00,289.78482,289.0367
Nasice,Nasice_2025-07-18_12-27_tf_1h,2021-08-29 17:00:00,289.433,289.41895
Nasice,Nasice_2025-07-18_12-27_tf_1h,2021-08-29 18:00:00,288.96466,288.73975
Nasice,Nasice_2025-07-18_12-27_tf_1h,2021-08-29 19:00:00,288.117,288.16995
Nasice,Nasice_2025-07-18_12-27_tf_1h,2021-08-29 20:00:00,287.1749,287.22263
Nasice,Nasice_2025-07-18_12-27_tf_1h,2021-08-29 21:00:00,286.89404,286.26685
Nasice,Nasice_2025-07-18_12-27_tf_1h,2021-08-29 22:00:00,286.73984,286.4094
Nasice,Nasice_2025-07-18_12-27_tf_1h,2021-08-29 23:00:00,286.56503,286.39612
Nasice,Nasice_2025-07-18_12-27_tf_1h,2021-08-30 00:00:00,286.3446,286.25037
Nasice,Nasice_2025-07-18_12-27_tf_1h,2021-08-30 01:00:00,285.98773,286.03738
Nasice,Nasice_2025-07-18_12-27_tf_1h,2021-08-30 02:00:00,285.80136,285.617
Nasice,Nasice_2025-07-18_12-27_tf_1h,2021-08-30 03:00:00,285.57224,285.60132
Nasice,Nasice_2025-07-18_12-27_tf_1h,2021-08-30 04:00:00,285.02933,285.37903
Nasice,Nasice_2025-07-18_12-27_tf_1h,2021-08-30 05:00:00,284.6609,284.60867
Nasice,Nasice_2025-07-18_12-27_tf_1h,2021-08-30 06:00:00,284.90158,284.53027
Nasice,Nasice_2025-07-18_12-27_tf_1h,2021-08-30 07:00:00,286.6812,285.26944
Nasice,Nasice_2025-07-18_12-27_tf_1h,2021-08-30 08:00:00,288.57666,287.93454
Nasice,Nasice_2025-07-18_12-27_tf_1h,2021-08-30 09:00:00,290.4475,289.7914
Nasice,Nasice_2025-07-18_12-27_tf_1h,2021-08-30 10:00:00,292.0918,291.6899
Nasice,Nasice_2025-07-18_12-27_tf_1h,2021-08-30 11:00:00,292.98578,293.10062
Nasice,Nasice_2025-07-18_12-27_tf_1h,2021-08-30 12:00:00,293.731,293.4887
Nasice,Nasice_2025-07-18_12-27_tf_1h,2021-08-30 13:00:00,294.40817,294.012
Nasice,Nasice_2025-07-18_12-27_tf_1h,2021-08-30 14:00:00,294.77554,294.54688
Nasice,Nasice_2025-07-18_12-27_tf_1h,2021-08-30 15:00:00,294.92285,294.539
Nasice,Nasice_2025-07-18_12-27_tf_1h,2021-08-30 16:00:00,294.99924,294.35397
Nasice,Nasice_2025-07-18_12-27_tf_1h,2021-08-30 17:00:00,294.51785,294.24487
Nasice,Nasice_2025-07-18_12-27_tf_1h,2021-08-30 18:00:00,293.91052,293.42706
Nasice,Nasice_2025-07-18_12-27_tf_1h,2021-08-30 19:00:00,293.1881,292.72012
Nasice,Nasice_2025-07-18_12-27_tf_1h,2021-08-30 20:00:00,289.56223,292.07758
Nasice,Nasice_2025-07-18_12-27_tf_1h,2021-08-30 21:00:00,288.45868,287.70258
Nasice,Nasice_2025-07-18_12-27_tf_1h,2021-08-30 22:00:00,288.46375,287.75696
Nasice,Nasice_2025-07-18_12-27_tf_1h,2021-08-30 23:00:00,287.47095,288.04883
Nasice,Nasice_2025-07-18_12-27_tf_1h,2021-08-31 00:00:00,287.14957,286.6719
Nasice,Nasice_2025-07-18_12-27_tf_1h,2021-08-31 01:00:00,287.1036,286.71463
Nasice,Nasice_2025-07-18_12-27_tf_1h,2021-08-31 02:00:00,286.8202,286.78293
Nasice,Nasice_2025-07-18_12-27_tf_1h,2021-08-31 03:00:00,286.69424,286.33127
Nasice,Nasice_2025-07-18_12-27_tf_1h,2021-08-31 04:00:00,286.39166,286.3244
Nasice,Nasice_2025-07-18_12-27_tf_1h,2021-08-31 05:00:00,286.0652,285.89893
Nasice,Nasice_2025-07-18_12-27_tf_1h,2021-08-31 06:00:00,285.856,285.96826
Nasice,Nasice_2025-07-18_12-27_tf_1h,2021-08-31 07:00:00,288.58426,286.23212
Nasice,Nasice_2025-07-18_12-27_tf_1h,2021-08-31 08:00:00,290.4265,290.91843
Nasice,Nasice_2025-07-18_12-27_tf_1h,2021-08-31 09:00:00,291.56915,291.89542
Nasice,Nasice_2025-07-18_12-27_tf_1h,2021-08-31 10:00:00,292.96082,292.54312
Nasice,Nasice_2025-07-18_12-27_tf_1h,2021-08-31 11:00:00,293.75742,293.9264
Nasice,Nasice_2025-07-18_12-27_tf_1h,2021-08-31 12:00:00,294.8063,294.29727
Nasice,Nasice_2025-07-18_12-27_tf_1h,2021-08-31 13:00:00,295.63733,295.29916
Nasice,Nasice_2025-07-18_12-27_tf_1h,2021-08-31 14:00:00,296.03763,295.93936
Nasice,Nasice_2025-07-18_12-27_tf_1h,2021-08-31 15:00:00,296.24466,295.97113
Nasice,Nasice_2025-07-18_12-27_tf_1h,2021-08-31 16:00:00,296.18204,295.8126
Nasice,Nasice_2025-07-18_12-27_tf_1h,2021-08-31 17:00:00,295.6308,295.39465
Nasice,Nasice_2025-07-18_12-27_tf_1h,2021-08-31 18:00:00,294.33868,294.47458
Nasice,Nasice_2025-07-18_12-27_tf_1h,2021-08-31 19:00:00,292.60284,292.8388
Nasice,Nasice_2025-07-18_12-27_tf_1h,2021-08-31 20:00:00,291.52356,291.26907
Nasice,Nasice_2025-07-18_12-27_tf_1h,2021-08-31 21:00:00,290.69907,290.5539
Nasice,Nasice_2025-07-18_12-27_tf_1h,2021-08-31 22:00:00,290.12213,289.85733
Nasice,Nasice_2025-07-18_12-27_tf_1h,2021-08-31 23:00:00,289.7287,289.41074
Nasice,Nasice_2025-07-18_12-27_tf_1h,2021-09-01 00:00:00,289.47464,289.1125
Nasice,Nasice_2025-07-18_12-27_tf_1h,2021-09-01 01:00:00,289.62967,288.92212
Nasice,Nasice_2025-07-18_12-27_tf_1h,2021-09-01 02:00:00,289.3613,289.28473
Nasice,Nasice_2025-07-18_12-27_tf_1h,2021-09-01 03:00:00,289.19028,288.78476
Nasice,Nasice_2025-07-18_12-27_tf_1h,2021-09-01 04:00:00,288.8318,288.71375
Nasice,Nasice_2025-07-18_12-27_tf_1h,2021-09-01 05:00:00,288.47562,288.23166
Nasice,Nasice_2025-07-18_12-27_tf_1h,2021-09-01 06:00:00,288.56146,288.14642
Nasice,Nasice_2025-07-18_12-27_tf_1h,2021-09-01 07:00:00,289.7336,289.02292
Nasice,Nasice_2025-07-18_12-27_tf_1h,2021-09-01 08:00:00,291.35205,291.0413
Nasice,Nasice_2025-07-18_12-27_tf_1h,2021-09-01 09:00:00,291.88156,292.80505
Nasice,Nasice_2025-07-18_12-27_tf_1h,2021-09-01 10:00:00,292.31177,292.55988
Nasice,Nasice_2025-07-18_12-27_tf_1h,2021-09-01 11:00:00,292.8324,292.67258
Nasice,Nasice_2025-07-18_12-27_tf_1h,2021-09-01 12:00:00,293.0057,293.119
Nasice,Nasice_2025-07-18_12-27_tf_1h,2021-09-01 13:00:00,293.14087,292.8805
Nasice,Nasice_2025-07-18_12-27_tf_1h,2021-09-01 14:00:00,293.09354,292.82706
Nasice,Nasice_2025-07-18_12-27_tf_1h,2021-09-01 15:00:00,292.88568,292.56516
Nasice,Nasice_2025-07-18_12-27_tf_1h,2021-09-01 16:00:00,292.713,292.15942
Nasice,Nasice_2025-07-18_12-27_tf_1h,2021-09-01 17:00:00,292.49036,291.95914
Nasice,Nasice_2025-07-18_12-27_tf_1h,2021-09-01 18:00:00,291.8092,291.7366
Nasice,Nasice_2025-07-18_12-27_tf_1h,2021-09-01 19:00:00,290.8561,290.86044
Nasice,Nasice_2025-07-18_12-27_tf_1h,2021-09-01 20:00:00,289.9474,289.88754
Nasice,Nasice_2025-07-18_12-27_tf_1h,2021-09-01 21:00:00,289.27777,289.0703
Nasice,Nasice_2025-07-18_12-27_tf_1h,2021-09-01 22:00:00,288.80383,288.56314
Nasice,Nasice_2025-07-18_12-27_tf_1h,2021-09-01 23:00:00,288.53613,288.2306
Nasice,Nasice_2025-07-18_12-27_tf_1h,2021-09-02 00:00:00,288.36807,288.1086
Nasice,Nasice_2025-07-18_12-27_tf_1h,2021-09-02 01:00:00,287.95993,288.01154
Nasice,Nasice_2025-07-18_12-27_tf_1h,2021-09-02 02:00:00,287.5692,287.45276
Nasice,Nasice_2025-07-18_12-27_tf_1h,2021-09-02 03:00:00,287.0762,287.08627
Nasice,Nasice_2025-07-18_12-27_tf_1h,2021-09-02 04:00:00,286.65356,286.54428
Nasice,Nasice_2025-07-18_12-27_tf_1h,2021-09-02 05:00:00,286.52005,286.33487
Nasice,Nasice_2025-07-18_12-27_tf_1h,2021-09-02 06:00:00,286.697,286.67834
Nasice,Nasice_2025-07-18_12-27_tf_1h,2021-09-02 07:00:00,288.33585,286.99747
Nasice,Nasice_2025-07-18_12-27_tf_1h,2021-09-02 08:00:00,289.63297,289.52847
Nasice,Nasice_2025-07-18_12-27_tf_1h,2021-09-02 09:00:00,291.2863,290.64368
Nasice,Nasice_2025-07-18_12-27_tf_1h,2021-09-02 10:00:00,292.7472,292.42
Nasice,Nasice_2025-07-18_12-27_tf_1h,2021-09-02 11:00:00,293.93646,293.6788
Nasice,Nasice_2025-07-18_12-27_tf_1h,2021-09-02 12:00:00,294.61035,294.59653
Nasice,Nasice_2025-07-18_12-27_tf_1h,2021-09-02 13:00:00,294.9228,294.9097
Nasice,Nasice_2025-07-18_12-27_tf_1h,2021-09-02 14:00:00,294.89877,294.83228
Nasice,Nasice_2025-07-18_12-27_tf_1h,2021-09-02 15:00:00,295.031,294.39322
Nasice,Nasice_2025-07-18_12-27_tf_1h,2021-09-02 16:00:00,294.7952,294.42276
Nasice,Nasice_2025-07-18_12-27_tf_1h,2021-09-02 17:00:00,294.33243,293.89688
Nasice,Nasice_2025-07-18_12-27_tf_1h,2021-09-02 18:00:00,293.3961,293.2666
Nasice,Nasice_2025-07-18_12-27_tf_1h,2021-09-02 19:00:00,292.4726,292.16403
Nasice,Nasice_2025-07-18_12-27_tf_1h,2021-09-02 20:00:00,291.55237,291.41876
Nasice,Nasice_2025-07-18_12-27_tf_1h,2021-09-02 21:00:00,290.51306,290.5828
Nasice,Nasice_2025-07-18_12-27_tf_1h,2021-09-02 22:00:00,289.78854,289.5708
Nasice,Nasice_2025-07-18_12-27_tf_1h,2021-09-02 23:00:00,290.01678,289.02286
Nasice,Nasice_2025-07-18_12-27_tf_1h,2021-09-03 00:00:00,290.23517,289.6743
Nasice,Nasice_2025-07-18_12-27_tf_1h,2021-09-03 01:00:00,289.14688,289.8886
Nasice,Nasice_2025-07-18_12-27_tf_1h,2021-09-03 02:00:00,287.64648,288.19128
Nasice,Nasice_2025-07-18_12-27_tf_1h,2021-09-03 03:00:00,286.92426,286.56735
Nasice,Nasice_2025-07-18_12-27_tf_1h,2021-09-03 04:00:00,286.39246,286.3734
Nasice,Nasice_2025-07-18_12-27_tf_1h,2021-09-03 05:00:00,286.3546,285.81476
Nasice,Nasice_2025-07-18_12-27_tf_1h,2021-09-03 06:00:00,286.64667,286.41678
Nasice,Nasice_2025-07-18_12-27_tf_1h,2021-09-03 07:00:00,288.63742,287.18365
Nasice,Nasice_2025-07-18_12-27_tf_1h,2021-09-03 08:00:00,290.66797,290.4392
Nasice,Nasice_2025-07-18_12-27_tf_1h,2021-09-03 09:00:00,292.4282,292.21387
Nasice,Nasice_2025-07-18_12-27_tf_1h,2021-09-03 10:00:00,293.85324,293.76895
Nasice,Nasice_2025-07-18_12-27_tf_1h,2021-09-03 11:00:00,294.883,294.82632
Nasice,Nasice_2025-07-18_12-27_tf_1h,2021-09-03 12:00:00,295.7427,295.5081
Nasice,Nasice_2025-07-18_12-27_tf_1h,2021-09-03 13:00:00,295.92722,296.15836
Nasice,Nasice_2025-07-18_12-27_tf_1h,2021-09-03 14:00:00,295.96964,295.86407
Nasice,Nasice_2025-07-18_12-27_tf_1h,2021-09-03 15:00:00,296.05188,295.52063
Nasice,Nasice_2025-07-18_12-27_tf_1h,2021-09-03 16:00:00,295.83743,295.4271
Nasice,Nasice_2025-07-18_12-27_tf_1h,2021-09-03 17:00:00,295.43323,294.93063
Nasice,Nasice_2025-07-18_12-27_tf_1h,2021-09-03 18:00:00,294.35217,294.37262
Nasice,Nasice_2025-07-18_12-27_tf_1h,2021-09-03 19:00:00,293.058,293.0096
Nasice,Nasice_2025-07-18_12-27_tf_1h,2021-09-03 20:00:00,291.52704,291.85846
Nasice,Nasice_2025-07-18_12-27_tf_1h,2021-09-03 21:00:00,291.24057,290.37183
Nasice,Nasice_2025-07-18_12-27_tf_1h,2021-09-03 22:00:00,291.40698,290.59814
Nasice,Nasice_2025-07-18_12-27_tf_1h,2021-09-03 23:00:00,290.24832,290.90448
Nasice,Nasice_2025-07-18_12-27_tf_1h,2021-09-04 00:00:00,288.77917,289.28296
Nasice,Nasice_2025-07-18_12-27_tf_1h,2021-09-04 01:00:00,288.68906,287.7779
Nasice,Nasice_2025-07-18_12-27_tf_1h,2021-09-04 02:00:00,289.80927,288.3765
Nasice,Nasice_2025-07-18_12-27_tf_1h,2021-09-04 03:00:00,289.6254,289.98145
Nasice,Nasice_2025-07-18_12-27_tf_1h,2021-09-04 04:00:00,289.34717,288.99805
Nasice,Nasice_2025-07-18_12-27_tf_1h,2021-09-04 05:00:00,288.96204,288.83926
Nasice,Nasice_2025-07-18_12-27_tf_1h,2021-09-04 06:00:00,288.71997,288.55685
Nasice,Nasice_2025-07-18_12-27_tf_1h,2021-09-04 07:00:00,289.63922,288.96027
Nasice,Nasice_2025-07-18_12-27_tf_1h,2021-09-04 08:00:00,291.47113,290.89645
Nasice,Nasice_2025-07-18_12-27_tf_1h,2021-09-04 09:00:00,293.42175,292.98605
Nasice,Nasice_2025-07-18_12-27_tf_1h,2021-09-04 10:00:00,295.06454,294.84158
Nasice,Nasice_2025-07-18_12-27_tf_1h,2021-09-04 11:00:00,296.19986,296.139
Nasice,Nasice_2025-07-18_12-27_tf_1h,2021-09-04 12:00:00,296.8823,296.86017
Nasice,Nasice_2025-07-18_12-27_tf_1h,2021-09-04 13:00:00,297.08228,297.18176
Nasice,Nasice_2025-07-18_12-27_tf_1h,2021-09-04 14:00:00,297.22763,296.89212
Nasice,Nasice_2025-07-18_12-27_tf_1h,2021-09-04 15:00:00,297.2319,296.73157
Nasice,Nasice_2025-07-18_12-27_tf_1h,2021-09-04 16:00:00,297.08752,296.4652
Nasice,Nasice_2025-07-18_12-27_tf_1h,2021-09-04 17:00:00,296.36758,296.1338
Nasice,Nasice_2025-07-18_12-27_tf_1h,2021-09-04 18:00:00,294.97278,295.1378
Nasice,Nasice_2025-07-18_12-27_tf_1h,2021-09-04 19:00:00,293.54608,293.59705
Nasice,Nasice_2025-07-18_12-27_tf_1h,2021-09-04 20:00:00,292.14993,292.3869
Nasice,Nasice_2025-07-18_12-27_tf_1h,2021-09-04 21:00:00,292.0697,291.10358
Nasice,Nasice_2025-07-18_12-27_tf_1h,2021-09-04 22:00:00,292.44595,291.50424
Nasice,Nasice_2025-07-18_12-27_tf_1h,2021-09-04 23:00:00,291.9033,291.98422
Nasice,Nasice_2025-07-18_12-27_tf_1h,2021-09-05 00:00:00,290.5443,291.0922
Nasice,Nasice_2025-07-18_12-27_tf_1h,2021-09-05 01:00:00,289.8849,289.52493
Nasice,Nasice_2025-07-18_12-27_tf_1h,2021-09-05 02:00:00,289.23108,289.2786
Nasice,Nasice_2025-07-18_12-27_tf_1h,2021-09-05 03:00:00,288.99426,288.54932
Nasice,Nasice_2025-07-18_12-27_tf_1h,2021-09-05 04:00:00,288.71274,288.53452
Nasice,Nasice_2025-07-18_12-27_tf_1h,2021-09-05 05:00:00,288.18192,288.17734
Nasice,Nasice_2025-07-18_12-27_tf_1h,2021-09-05 06:00:00,287.80237,287.66245
Nasice,Nasice_2025-07-18_12-27_tf_1h,2021-09-05 07:00:00,289.6698,288.17258
Nasice,Nasice_2025-07-18_12-27_tf_1h,2021-09-05 08:00:00,292.2256,291.6101
Nasice,Nasice_2025-07-18_12-27_tf_1h,2021-09-05 09:00:00,293.72202,294.0252
Nasice,Nasice_2025-07-18_12-27_tf_1h,2021-09-05 10:00:00,294.82346,294.98807
Nasice,Nasice_2025-07-18_12-27_tf_1h,2021-09-05 11:00:00,295.68253,295.65778
Nasice,Nasice_2025-07-18_12-27_tf_1h,2021-09-05 12:00:00,296.71753,296.24063
Nasice,Nasice_2025-07-18_12-27_tf_1h,2021-09-05 13:00:00,297.04016,297.2207
Nasice,Nasice_2025-07-18_12-27_tf_1h,2021-09-05 14:00:00,297.12537,297.0371
Nasice,Nasice_2025-07-18_12-27_tf_1h,2021-09-05 15:00:00,297.12305,296.66077
Nasice,Nasice_2025-07-18_12-27_tf_1h,2021-09-05 16:00:00,296.78232,296.3934
Nasice,Nasice_2025-07-18_12-27_tf_1h,2021-09-05 17:00:00,295.8815,295.7725
Nasice,Nasice_2025-07-18_12-27_tf_1h,2021-09-05 18:00:00,294.61856,294.5773
Nasice,Nasice_2025-07-18_12-27_tf_1h,2021-09-05 19:00:00,293.35663,293.3324
Nasice,Nasice_2025-07-18_12-27_tf_1h,2021-09-05 20:00:00,292.72583,292.25247
Nasice,Nasice_2025-07-18_12-27_tf_1h,2021-09-05 21:00:00,291.6803,291.9056
Nasice,Nasice_2025-07-18_12-27_tf_1h,2021-09-05 22:00:00,290.8038,290.74844
Nasice,Nasice_2025-07-18_12-27_tf_1h,2021-09-05 23:00:00,290.02304,290.0163
Nasice,Nasice_2025-07-18_12-27_tf_1h,2021-09-06 00:00:00,289.31824,289.3192
Nasice,Nasice_2025-07-18_12-27_tf_1h,2021-09-06 01:00:00,288.64203,288.66412
Nasice,Nasice_2025-07-18_12-27_tf_1h,2021-09-06 02:00:00,287.758,288.00168
Nasice,Nasice_2025-07-18_12-27_tf_1h,2021-09-06 03:00:00,286.8187,286.96338
Nasice,Nasice_2025-07-18_12-27_tf_1h,2021-09-06 04:00:00,285.94714,285.9954
Nasice,Nasice_2025-07-18_12-27_tf_1h,2021-09-06 05:00:00,285.29263,285.22577
Nasice,Nasice_2025-07-18_12-27_tf_1h,2021-09-06 06:00:00,285.26996,285.15308
Nasice,Nasice_2025-07-18_12-27_tf_1h,2021-09-06 07:00:00,287.99478,286.49362
Nasice,Nasice_2025-07-18_12-27_tf_1h,2021-09-06 08:00:00,289.8063,290.5161
Nasice,Nasice_2025-07-18_12-27_tf_1h,2021-09-06 09:00:00,291.45764,291.22784
Nasice,Nasice_2025-07-18_12-27_tf_1h,2021-09-06 10:00:00,293.08466,292.73572
Nasice,Nasice_2025-07-18_12-27_tf_1h,2021-09-06 11:00:00,294.54163,294.22052
Nasice,Nasice_2025-07-18_12-27_tf_1h,2021-09-06 12:00:00,295.79236,295.4407
Nasice,Nasice_2025-07-18_12-27_tf_1h,2021-09-06 13:00:00,296.71097,296.46017
Nasice,Nasice_2025-07-18_12-27_tf_1h,2021-09-06 14:00:00,297.01352,297.10333
Nasice,Nasice_2025-07-18_12-27_tf_1h,2021-09-06 15:00:00,296.66687,297.00925
Nasice,Nasice_2025-07-18_12-27_tf_1h,2021-09-06 16:00:00,296.40475,295.98077
Nasice,Nasice_2025-07-18_12-27_tf_1h,2021-09-06 17:00:00,295.74237,295.51102
Nasice,Nasice_2025-07-18_12-27_tf_1h,2021-09-06 18:00:00,294.46268,294.55267
Nasice,Nasice_2025-07-18_12-27_tf_1h,2021-09-06 19:00:00,293.1412,292.98367
Nasice,Nasice_2025-07-18_12-27_tf_1h,2021-09-06 20:00:00,292.318,291.9206
Nasice,Nasice_2025-07-18_12-27_tf_1h,2021-09-06 21:00:00,291.3488,291.36917
Nasice,Nasice_2025-07-18_12-27_tf_1h,2021-09-06 22:00:00,290.3233,290.39786
Nasice,Nasice_2025-07-18_12-27_tf_1h,2021-09-06 23:00:00,289.2107,289.43445
Nasice,Nasice_2025-07-18_12-27_tf_1h,2021-09-07 00:00:00,288.18423,288.35956
Nasice,Nasice_2025-07-18_12-27_tf_1h,2021-09-07 01:00:00,287.2015,287.41492
Nasice,Nasice_2025-07-18_12-27_tf_1h,2021-09-07 02:00:00,286.93542,286.48758
Nasice,Nasice_2025-07-18_12-27_tf_1h,2021-09-07 03:00:00,286.63516,286.55878
Nasice,Nasice_2025-07-18_12-27_tf_1h,2021-09-07 04:00:00,286.12836,286.10992
Nasice,Nasice_2025-07-18_12-27_tf_1h,2021-09-07 05:00:00,285.54095,285.5059
Nasice,Nasice_2025-07-18_12-27_tf_1h,2021-09-07 06:00:00,285.41235,285.25125
Nasice,Nasice_2025-07-18_12-27_tf_1h,2021-09-07 07:00:00,288.07437,286.17038
Nasice,Nasice_2025-07-18_12-27_tf_1h,2021-09-07 08:00:00,291.09256,290.81952
Nasice,Nasice_2025-07-18_12-27_tf_1h,2021-09-07 09:00:00,293.37143,293.07693
Nasice,Nasice_2025-07-18_12-27_tf_1h,2021-09-07 10:00:00,295.27866,295.05255
Nasice,Nasice_2025-07-18_12-27_tf_1h,2021-09-07 11:00:00,296.61392,296.54706
Nasice,Nasice_2025-07-18_12-27_tf_1h,2021-09-07 12:00:00,297.33945,297.41916
Nasice,Nasice_2025-07-18_12-27_tf_1h,2021-09-07 13:00:00,297.76505,297.68024
Nasice,Nasice_2025-07-18_12-27_tf_1h,2021-09-07 14:00:00,298.00183,297.84308
Nasice,Nasice_2025-07-18_12-27_tf_1h,2021-09-07 15:00:00,297.93442,297.78308
Nasice,Nasice_2025-07-18_12-27_tf_1h,2021-09-07 16:00:00,297.58777,297.2355
Nasice,Nasice_2025-07-18_12-27_tf_1h,2021-09-07 17:00:00,296.65536,296.5291
Nasice,Nasice_2025-07-18_12-27_tf_1h,2021-09-07 18:00:00,294.9501,295.2281
Nasice,Nasice_2025-07-18_12-27_tf_1h,2021-09-07 19:00:00,293.43884,293.3825
Nasice,Nasice_2025-07-18_12-27_tf_1h,2021-09-07 20:00:00,292.59097,292.22098
Nasice,Nasice_2025-07-18_12-27_tf_1h,2021-09-07 21:00:00,291.71384,291.68683
Nasice,Nasice_2025-07-18_12-27_tf_1h,2021-09-07 22:00:00,291.03534,290.82776
Nasice,Nasice_2025-07-18_12-27_tf_1h,2021-09-07 23:00:00,290.32922,290.27686
Nasice,Nasice_2025-07-18_12-27_tf_1h,2021-09-08 00:00:00,289.67178,289.59845
Nasice,Nasice_2025-07-18_12-27_tf_1h,2021-09-08 01:00:00,288.97684,288.99124
Nasice,Nasice_2025-07-18_12-27_tf_1h,2021-09-08 02:00:00,288.2296,288.30447
Nasice,Nasice_2025-07-18_12-27_tf_1h,2021-09-08 03:00:00,287.43008,287.55185
Nasice,Nasice_2025-07-18_12-27_tf_1h,2021-09-08 04:00:00,286.68155,286.71216
Nasice,Nasice_2025-07-18_12-27_tf_1h,2021-09-08 05:00:00,286.00897,285.99304
Nasice,Nasice_2025-07-18_12-27_tf_1h,2021-09-08 06:00:00,285.6314,285.59198
Nasice,Nasice_2025-07-18_12-27_tf_1h,2021-09-08 07:00:00,287.829,286.29993
Nasice,Nasice_2025-07-18_12-27_tf_1h,2021-09-08 08:00:00,290.33844,290.36792
Nasice,Nasice_2025-07-18_12-27_tf_1h,2021-09-08 09:00:00,292.20157,292.1315
Nasice,Nasice_2025-07-18_12-27_tf_1h,2021-09-08 10:00:00,293.9355,293.61383
Nasice,Nasice_2025-07-18_12-27_tf_1h,2021-09-08 11:00:00,295.4043,295.1102
Nasice,Nasice_2025-07-18_12-27_tf_1h,2021-09-08 12:00:00,296.39786,296.29642
Nasice,Nasice_2025-07-18_12-27_tf_1h,2021-09-08 13:00:00,297.028,296.90823
Nasice,Nasice_2025-07-18_12-27_tf_1h,2021-09-08 14:00:00,297.3161,297.23883
Nasice,Nasice_2025-07-18_12-27_tf_1h,2021-09-08 15:00:00,297.26743,297.26486
Nasice,Nasice_2025-07-18_12-27_tf_1h,2021-09-08 16:00:00,296.88922,296.6976
Nasice,Nasice_2025-07-18_12-27_tf_1h,2021-09-08 17:00:00,295.91275,295.90704
Nasice,Nasice_2025-07-18_12-27_tf_1h,2021-09-08 18:00:00,294.26733,294.5323
Nasice,Nasice_2025-07-18_12-27_tf_1h,2021-09-08 19:00:00,292.77582,292.75528
Nasice,Nasice_2025-07-18_12-27_tf_1h,2021-09-08 20:00:00,292.0049,291.5845
Nasice,Nasice_2025-07-18_12-27_tf_1h,2021-09-08 21:00:00,291.17413,291.14807
Nasice,Nasice_2025-07-18_12-27_tf_1h,2021-09-08 22:00:00,290.3845,290.32132
Nasice,Nasice_2025-07-18_12-27_tf_1h,2021-09-08 23:00:00,289.63956,289.60785
Nasice,Nasice_2025-07-18_12-27_tf_1h,2021-09-09 00:00:00,288.94986,288.9245
Nasice,Nasice_2025-07-18_12-27_tf_1h,2021-09-09 01:00:00,288.34473,288.2863
Nasice,Nasice_2025-07-18_12-27_tf_1h,2021-09-09 02:00:00,287.77014,287.73444
Nasice,Nasice_2025-07-18_12-27_tf_1h,2021-09-09 03:00:00,287.16696,287.15875
Nasice,Nasice_2025-07-18_12-27_tf_1h,2021-09-09 04:00:00,286.50296,286.50604
Nasice,Nasice_2025-07-18_12-27_tf_1h,2021-09-09 05:00:00,285.809,285.8195
Nasice,Nasice_2025-07-18_12-27_tf_1h,2021-09-09 06:00:00,285.62613,285.4039
Nasice,Nasice_2025-07-18_12-27_tf_1h,2021-09-09 07:00:00,287.56854,286.4521
Nasice,Nasice_2025-07-18_12-27_tf_1h,2021-09-09 08:00:00,290.53806,289.8265
Nasice,Nasice_2025-07-18_12-27_tf_1h,2021-09-09 09:00:00,292.38904,292.60788
Nasice,Nasice_2025-07-18_12-27_tf_1h,2021-09-09 10:00:00,294.01968,293.85934
Nasice,Nasice_2025-07-18_12-27_tf_1h,2021-09-09 11:00:00,295.35068,295.10922
Nasice,Nasice_2025-07-18_12-27_tf_1h,2021-09-09 12:00:00,296.31827,296.15347
Nasice,Nasice_2025-07-18_12-27_tf_1h,2021-09-09 13:00:00,297.0303,296.79327
Nasice,Nasice_2025-07-18_12-27_tf_1h,2021-09-09 14:00:00,297.40588,297.26205
Nasice,Nasice_2025-07-18_12-27_tf_1h,2021-09-09 15:00:00,297.46542,297.36917
Nasice,Nasice_2025-07-18_12-27_tf_1h,2021-09-09 16:00:00,297.21875,296.92773
Nasice,Nasice_2025-07-18_12-27_tf_1h,2021-09-09 17:00:00,296.24625,296.27853
Nasice,Nasice_2025-07-18_12-27_tf_1h,2021-09-09 18:00:00,294.5926,294.85077
Nasice,Nasice_2025-07-18_12-27_tf_1h,2021-09-09 19:00:00,293.01852,293.0555
Nasice,Nasice_2025-07-18_12-27_tf_1h,2021-09-09 20:00:00,292.17923,291.7933
Nasice,Nasice_2025-07-18_12-27_tf_1h,2021-09-09 21:00:00,291.20868,291.2994
Nasice,Nasice_2025-07-18_12-27_tf_1h,2021-09-09 22:00:00,290.3315,290.3123
Nasice,Nasice_2025-07-18_12-27_tf_1h,2021-09-09 23:00:00,289.36853,289.5392
Nasice,Nasice_2025-07-18_12-27_tf_1h,2021-09-10 00:00:00,288.17435,288.59393
Nasice,Nasice_2025-07-18_12-27_tf_1h,2021-09-10 01:00:00,286.98642,287.35693
Nasice,Nasice_2025-07-18_12-27_tf_1h,2021-09-10 02:00:00,286.62726,286.22333
Nasice,Nasice_2025-07-18_12-27_tf_1h,2021-09-10 03:00:00,286.5092,286.25262
Nasice,Nasice_2025-07-18_12-27_tf_1h,2021-09-10 04:00:00,286.0494,286.09094
Nasice,Nasice_2025-07-18_12-27_tf_1h,2021-09-10 05:00:00,285.93692,285.379
Nasice,Nasice_2025-07-18_12-27_tf_1h,2021-09-10 06:00:00,285.80603,286.13113
Nasice,Nasice_2025-07-18_12-27_tf_1h,2021-09-10 07:00:00,287.27716,286.33743
Nasice,Nasice_2025-07-18_12-27_tf_1h,2021-09-10 08:00:00,290.1947,289.4653
Nasice,Nasice_2025-07-18_12-27_tf_1h,2021-09-10 09:00:00,292.16934,292.2822
Nasice,Nasice_2025-07-18_12-27_tf_1h,2021-09-10 10:00:00,294.0233,293.70935
Nasice,Nasice_2025-07-18_12-27_tf_1h,2021-09-10 11:00:00,295.58945,295.2357
Nasice,Nasice_2025-07-18_12-27_tf_1h,2021-09-10 12:00:00,296.81686,296.52936
Nasice,Nasice_2025-07-18_12-27_tf_1h,2021-09-10 13:00:00,297.66406,297.4343
Nasice,Nasice_2025-07-18_12-27_tf_1h,2021-09-10 14:00:00,298.11728,297.9772
Nasice,Nasice_2025-07-18_12-27_tf_1h,2021-09-10 15:00:00,298.24292,298.13403
Nasice,Nasice_2025-07-18_12-27_tf_1h,2021-09-10 16:00:00,298.09293,297.80515
Nasice,Nasice_2025-07-18_12-27_tf_1h,2021-09-10 17:00:00,297.43976,297.2182
Nasice,Nasice_2025-07-18_12-27_tf_1h,2021-09-10 18:00:00,295.82788,296.15997
Nasice,Nasice_2025-07-18_12-27_tf_1h,2021-09-10 19:00:00,293.60364,294.1465
Nasice,Nasice_2025-07-18_12-27_tf_1h,2021-09-10 20:00:00,293.28394,292.11023
Nasice,Nasice_2025-07-18_12-27_tf_1h,2021-09-10 21:00:00,291.924,292.58255
Nasice,Nasice_2025-07-18_12-27_tf_1h,2021-09-10 22:00:00,293.0524,290.82492
Nasice,Nasice_2025-07-18_12-27_tf_1h,2021-09-10 23:00:00,292.47717,292.68915
Nasice,Nasice_2025-07-18_12-27_tf_1h,2021-09-11 00:00:00,291.875,291.64587
Nasice,Nasice_2025-07-18_12-27_tf_1h,2021-09-11 01:00:00,291.23596,291.05872
Nasice,Nasice_2025-07-18_12-27_tf_1h,2021-09-11 02:00:00,290.66074,290.461
Nasice,Nasice_2025-07-18_12-27_tf_1h,2021-09-11 03:00:00,290.08783,289.933
Nasice,Nasice_2025-07-18_12-27_tf_1h,2021-09-11 04:00:00,289.36658,289.40778
Nasice,Nasice_2025-07-18_12-27_tf_1h,2021-09-11 05:00:00,288.1145,288.65335
Nasice,Nasice_2025-07-18_12-27_tf_1h,2021-09-11 06:00:00,287.82837,287.08563
Nasice,Nasice_2025-07-18_12-27_tf_1h,2021-09-11 07:00:00,288.42792,287.96713
Nasice,Nasice_2025-07-18_12-27_tf_1h,2021-09-11 08:00:00,292.243,289.50757
Nasice,Nasice_2025-07-18_12-27_tf_1h,2021-09-11 09:00:00,294.7294,294.6453
Nasice,Nasice_2025-07-18_12-27_tf_1h,2021-09-11 10:00:00,296.55637,296.47516
Nasice,Nasice_2025-07-18_12-27_tf_1h,2021-09-11 11:00:00,297.8443,297.91855
Nasice,Nasice_2025-07-18_12-27_tf_1h,2021-09-11 12:00:00,298.77307,298.7218
Nasice,Nasice_2025-07-18_12-27_tf_1h,2021-09-11 13:00:00,299.3401,299.27563
Nasice,Nasice_2025-07-18_12-27_tf_1h,2021-09-11 14:00:00,299.6252,299.50568
Nasice,Nasice_2025-07-18_12-27_tf_1h,2021-09-11 15:00:00,299.63773,299.31143
Nasice,Nasice_2025-07-18_12-27_tf_1h,2021-09-11 16:00:00,299.371,298.8797
Nasice,Nasice_2025-07-18_12-27_tf_1h,2021-09-11 17:00:00,298.63528,298.28217
Nasice,Nasice_2025-07-18_12-27_tf_1h,2021-09-11 18:00:00,296.78693,297.26535
Nasice,Nasice_2025-07-18_12-27_tf_1h,2021-09-11 19:00:00,294.48276,295.1842
Nasice,Nasice_2025-07-18_12-27_tf_1h,2021-09-11 20:00:00,292.3657,293.09628
Nasice,Nasice_2025-07-18_12-27_tf_1h,2021-09-11 21:00:00,291.5175,291.28134
Nasice,Nasice_2025-07-18_12-27_tf_1h,2021-09-11 22:00:00,290.84195,290.9103
Nasice,Nasice_2025-07-18_12-27_tf_1h,2021-09-11 23:00:00,290.26147,290.24762
Nasice,Nasice_2025-07-18_12-27_tf_1h,2021-09-12 00:00:00,289.68494,289.7217
Nasice,Nasice_2025-07-18_12-27_tf_1h,2021-09-12 01:00:00,289.384,289.1589
Nasice,Nasice_2025-07-18_12-27_tf_1h,2021-09-12 02:00:00,288.73477,288.94012
Nasice,Nasice_2025-07-18_12-27_tf_1h,2021-09-12 03:00:00,288.83804,288.0205
Nasice,Nasice_2025-07-18_12-27_tf_1h,2021-09-12 04:00:00,289.29028,288.5986
Nasice,Nasice_2025-07-18_12-27_tf_1h,2021-09-12 05:00:00,288.58316,289.11652
Nasice,Nasice_2025-07-18_12-27_tf_1h,2021-09-12 06:00:00,287.76523,287.64172
Nasice,Nasice_2025-07-18_12-27_tf_1h,2021-09-12 07:00:00,289.54285,288.3585
Nasice,Nasice_2025-07-18_12-27_tf_1h,2021-09-12 08:00:00,292.45383,291.70114
Nasice,Nasice_2025-07-18_12-27_tf_1h,2021-09-12 09:00:00,295.0902,294.52695
Nasice,Nasice_2025-07-18_12-27_tf_1h,2021-09-12 10:00:00,297.19803,296.96216
Nasice,Nasice_2025-07-18_12-27_tf_1h,2021-09-12 11:00:00,298.87537,298.58563
Nasice,Nasice_2025-07-18_12-27_tf_1h,2021-09-12 12:00:00,299.9311,299.8538
Nasice,Nasice_2025-07-18_12-27_tf_1h,2021-09-12 13:00:00,300.30963,300.42935
Nasice,Nasice_2025-07-18_12-27_tf_1h,2021-09-12 14:00:00,300.44153,300.3048
Nasice,Nasice_2025-07-18_12-27_tf_1h,2021-09-12 15:00:00,300.3583,300.03867
Nasice,Nasice_2025-07-18_12-27_tf_1h,2021-09-12 16:00:00,300.05508,299.52505
Nasice,Nasice_2025-07-18_12-27_tf_1h,2021-09-12 17:00:00,299.07828,298.89087
Nasice,Nasice_2025-07-18_12-27_tf_1h,2021-09-12 18:00:00,298.24356,297.52032
Nasice,Nasice_2025-07-18_12-27_tf_1h,2021-09-12 19:00:00,297.2783,296.9356
Nasice,Nasice_2025-07-18_12-27_tf_1h,2021-09-12 20:00:00,295.77594,296.0371
Nasice,Nasice_2025-07-18_12-27_tf_1h,2021-09-12 21:00:00,295.10303,294.48898
Nasice,Nasice_2025-07-18_12-27_tf_1h,2021-09-12 22:00:00,294.45743,294.22574
Nasice,Nasice_2025-07-18_12-27_tf_1h,2021-09-12 23:00:00,293.57535,293.5712
Nasice,Nasice_2025-07-18_12-27_tf_1h,2021-09-13 00:00:00,291.43823,292.65662
Nasice,Nasice_2025-07-18_12-27_tf_1h,2021-09-13 01:00:00,289.434,290.17804
Nasice,Nasice_2025-07-18_12-27_tf_1h,2021-09-13 02:00:00,288.06287,288.4227
Nasice,Nasice_2025-07-18_12-27_tf_1h,2021-09-13 03:00:00,287.39883,287.36887
Nasice,Nasice_2025-07-18_12-27_tf_1h,2021-09-13 04:00:00,286.90222,286.9323
Nasice,Nasice_2025-07-18_12-27_tf_1h,2021-09-13 05:00:00,286.46478,286.3329
Nasice,Nasice_2025-07-18_12-27_tf_1h,2021-09-13 06:00:00,286.28918,285.94623
Nasice,Nasice_2025-07-18_12-27_tf_1h,2021-09-13 07:00:00,289.1518,287.04553
Nasice,Nasice_2025-07-18_12-27_tf_1h,2021-09-13 08:00:00,293.33557,292.91278
Nasice,Nasice_2025-07-18_12-27_tf_1h,2021-09-13 09:00:00,296.07095,295.63885
Nasice,Nasice_2025-07-18_12-27_tf_1h,2021-09-13 10:00:00,298.1745,297.93945
Nasice,Nasice_2025-07-18_12-27_tf_1h,2021-09-13 11:00:00,299.53674,299.6989
Nasice,Nasice_2025-07-18_12-27_tf_1h,2021-09-13 12:00:00,300.2284,300.44266
Nasice,Nasice_2025-07-18_12-27_tf_1h,2021-09-13 13:00:00,300.59116,300.6006
Nasice,Nasice_2025-07-18_12-27_tf_1h,2021-09-13 14:00:00,300.66516,300.66525
Nasice,Nasice_2025-07-18_12-27_tf_1h,2021-09-13 15:00:00,300.48987,300.36066
Nasice,Nasice_2025-07-18_12-27_tf_1h,2021-09-13 16:00:00,300.09094,299.69022
Nasice,Nasice_2025-07-18_12-27_tf_1h,2021-09-13 17:00:00,299.05725,298.9595
Nasice,Nasice_2025-07-18_12-27_tf_1h,2021-09-13 18:00:00,297.60388,297.50238
Nasice,Nasice_2025-07-18_12-27_tf_1h,2021-09-13 19:00:00,295.79468,296.0009
Nasice,Nasice_2025-07-18_12-27_tf_1h,2021-09-13 20:00:00,293.996,294.32434
Nasice,Nasice_2025-07-18_12-27_tf_1h,2021-09-13 21:00:00,293.132,292.72534
Nasice,Nasice_2025-07-18_12-27_tf_1h,2021-09-13 22:00:00,292.63208,292.3243
Nasice,Nasice_2025-07-18_12-27_tf_1h,2021-09-13 23:00:00,291.68686,291.9337
Nasice,Nasice_2025-07-18_12-27_tf_1h,2021-09-14 00:00:00,290.78506,290.87274
Nasice,Nasice_2025-07-18_12-27_tf_1h,2021-09-14 01:00:00,290.3039,290.0605
Nasice,Nasice_2025-07-18_12-27_tf_1h,2021-09-14 02:00:00,289.62442,289.75345
Nasice,Nasice_2025-07-18_12-27_tf_1h,2021-09-14 03:00:00,289.12057,288.961
Nasice,Nasice_2025-07-18_12-27_tf_1h,2021-09-14 04:00:00,288.6973,288.5563
Nasice,Nasice_2025-07-18_12-27_tf_1h,2021-09-14 05:00:00,288.53842,288.13165
Nasice,Nasice_2025-07-18_12-27_tf_1h,2021-09-14 06:00:00,288.92224,288.36066
Nasice,Nasice_2025-07-18_12-27_tf_1h,2021-09-14 07:00:00,290.81467,290.3347
Nasice,Nasice_2025-07-18_12-27_tf_1h,2021-09-14 08:00:00,294.47714,292.65668
Nasice,Nasice_2025-07-18_12-27_tf_1h,2021-09-14 09:00:00,296.82608,296.77167
Nasice,Nasice_2025-07-18_12-27_tf_1h,2021-09-14 10:00:00,298.44846,298.59683
Nasice,Nasice_2025-07-18_12-27_tf_1h,2021-09-14 11:00:00,299.60153,299.5276
Nasice,Nasice_2025-07-18_12-27_tf_1h,2021-09-14 12:00:00,300.34515,300.27255
Nasice,Nasice_2025-07-18_12-27_tf_1h,2021-09-14 13:00:00,300.77042,300.658
Nasice,Nasice_2025-07-18_12-27_tf_1h,2021-09-14 14:00:00,301.0651,300.76303
Nasice,Nasice_2025-07-18_12-27_tf_1h,2021-09-14 15:00:00,301.04898,300.6658
Nasice,Nasice_2025-07-18_12-27_tf_1h,2021-09-14 16:00:00,300.82996,300.1915
Nasice,Nasice_2025-07-18_12-27_tf_1h,2021-09-14 17:00:00,299.82684,299.69943
Nasice,Nasice_2025-07-18_12-27_tf_1h,2021-09-14 18:00:00,298.28534,298.24408
Nasice,Nasice_2025-07-18_12-27_tf_1h,2021-09-14 19:00:00,296.41397,296.7343
Nasice,Nasice_2025-07-18_12-27_tf_1h,2021-09-14 20:00:00,294.67548,295.04166
Nasice,Nasice_2025-07-18_12-27_tf_1h,2021-09-14 21:00:00,293.51318,293.54962
Nasice,Nasice_2025-07-18_12-27_tf_1h,2021-09-14 22:00:00,292.4762,292.6794
Nasice,Nasice_2025-07-18_12-27_tf_1h,2021-09-14 23:00:00,291.5826,291.71173
Nasice,Nasice_2025-07-18_12-27_tf_1h,2021-09-15 00:00:00,290.86694,290.9145
Nasice,Nasice_2025-07-18_12-27_tf_1h,2021-09-15 01:00:00,290.33844,290.28156
Nasice,Nasice_2025-07-18_12-27_tf_1h,2021-09-15 02:00:00,289.85892,289.82053
Nasice,Nasice_2025-07-18_12-27_tf_1h,2021-09-15 03:00:00,289.731,289.31183
Nasice,Nasice_2025-07-18_12-27_tf_1h,2021-09-15 04:00:00,289.3988,289.31567
Nasice,Nasice_2025-07-18_12-27_tf_1h,2021-09-15 05:00:00,288.81995,288.77667
Nasice,Nasice_2025-07-18_12-27_tf_1h,2021-09-15 06:00:00,288.3842,288.44678
Nasice,Nasice_2025-07-18_12-27_tf_1h,2021-09-15 07:00:00,290.50253,289.27036
Nasice,Nasice_2025-07-18_12-27_tf_1h,2021-09-15 08:00:00,294.5505,292.85526
Nasice,Nasice_2025-07-18_12-27_tf_1h,2021-09-15 09:00:00,297.29834,296.9374
Nasice,Nasice_2025-07-18_12-27_tf_1h,2021-09-15 10:00:00,299.4029,299.27283
Nasice,Nasice_2025-07-18_12-27_tf_1h,2021-09-15 11:00:00,300.8783,300.8507
Nasice,Nasice_2025-07-18_12-27_tf_1h,2021-09-15 12:00:00,301.92184,301.78604
Nasice,Nasice_2025-07-18_12-27_tf_1h,2021-09-15 13:00:00,302.60364,302.4245
Nasice,Nasice_2025-07-18_12-27_tf_1h,2021-09-15 14:00:00,302.93152,302.73157
Nasice,Nasice_2025-07-18_12-27_tf_1h,2021-09-15 15:00:00,303.04663,302.58694
Nasice,Nasice_2025-07-18_12-27_tf_1h,2021-09-15 16:00:00,302.8026,302.23633
Nasice,Nasice_2025-07-18_12-27_tf_1h,2021-09-15 17:00:00,301.58936,301.58386
Nasice,Nasice_2025-07-18_12-27_tf_1h,2021-09-15 18:00:00,299.45554,299.78928
Nasice,Nasice_2025-07-18_12-27_tf_1h,2021-09-15 19:00:00,297.49435,297.69418
Nasice,Nasice_2025-07-18_12-27_tf_1h,2021-09-15 20:00:00,296.2732,296.155
Nasice,Nasice_2025-07-18_12-27_tf_1h,2021-09-15 21:00:00,295.24673,295.30115
Nasice,Nasice_2025-07-18_12-27_tf_1h,2021-09-15 22:00:00,294.27487,294.351
Nasice,Nasice_2025-07-18_12-27_tf_1h,2021-09-15 23:00:00,293.41913,293.45496
Nasice,Nasice_2025-07-18_12-27_tf_1h,2021-09-16 00:00:00,293.03992,292.68585
Nasice,Nasice_2025-07-18_12-27_tf_1h,2021-09-16 01:00:00,293.71118,292.47775
Nasice,Nasice_2025-07-18_12-27_tf_1h,2021-09-16 02:00:00,294.21536,293.40613
Nasice,Nasice_2025-07-18_12-27_tf_1h,2021-09-16 03:00:00,294.2137,293.70276
Nasice,Nasice_2025-07-18_12-27_tf_1h,2021-09-16 04:00:00,293.69473,293.52686
Nasice,Nasice_2025-07-18_12-27_tf_1h,2021-09-16 05:00:00,293.37967,292.84827
Nasice,Nasice_2025-07-18_12-27_tf_1h,2021-09-16 06:00:00,293.16556,292.82077
Nasice,Nasice_2025-07-18_12-27_tf_1h,2021-09-16 07:00:00,294.1611,293.5262
Nasice,Nasice_2025-07-18_12-27_tf_1h,2021-09-16 08:00:00,296.46823,295.69235
Nasice,Nasice_2025-07-18_12-27_tf_1h,2021-09-16 09:00:00,299.06152,298.37048
Nasice,Nasice_2025-07-18_12-27_tf_1h,2021-09-16 10:00:00,300.71252,300.87885
Nasice,Nasice_2025-07-18_12-27_tf_1h,2021-09-16 11:00:00,301.75873,301.792
Nasice,Nasice_2025-07-18_12-27_tf_1h,2021-09-16 12:00:00,302.38098,302.30048
Nasice,Nasice_2025-07-18_12-27_tf_1h,2021-09-16 13:00:00,302.3971,302.51675
Nasice,Nasice_2025-07-18_12-27_tf_1h,2021-09-16 14:00:00,302.09088,301.81552
Nasice,Nasice_2025-07-18_12-27_tf_1h,2021-09-16 15:00:00,301.54068,301.02417
Nasice,Nasice_2025-07-18_12-27_tf_1h,2021-09-16 16:00:00,300.72964,300.19955
Nasice,Nasice_2025-07-18_12-27_tf_1h,2021-09-16 17:00:00,299.55188,299.2028
Nasice,Nasice_2025-07-18_12-27_tf_1h,2021-09-16 18:00:00,298.15805,298.15625
Nasice,Nasice_2025-07-18_12-27_tf_1h,2021-09-16 19:00:00,296.67905,296.87048
Nasice,Nasice_2025-07-18_12-27_tf_1h,2021-09-16 20:00:00,295.7894,295.53235
Nasice,Nasice_2025-07-18_12-27_tf_1h,2021-09-16 21:00:00,294.95206,294.95502
Nasice,Nasice_2025-07-18_12-27_tf_1h,2021-09-16 22:00:00,294.31995,294.1268
Nasice,Nasice_2025-07-18_12-27_tf_1h,2021-09-16 23:00:00,293.77728,293.6143
Nasice,Nasice_2025-07-18_12-27_tf_1h,2021-09-17 00:00:00,293.53455,293.12875
Nasice,Nasice_2025-07-18_12-27_tf_1h,2021-09-17 01:00:00,293.2685,293.0176
Nasice,Nasice_2025-07-18_12-27_tf_1h,2021-09-17 02:00:00,292.7745,292.65417
Nasice,Nasice_2025-07-18_12-27_tf_1h,2021-09-17 03:00:00,292.41174,292.029
Nasice,Nasice_2025-07-18_12-27_tf_1h,2021-09-17 04:00:00,291.94275,291.81995
Nasice,Nasice_2025-07-18_12-27_tf_1h,2021-09-17 05:00:00,291.82697,291.38004
Nasice,Nasice_2025-07-18_12-27_tf_1h,2021-09-17 06:00:00,291.85626,292.32828
Nasice,Nasice_2025-07-18_12-27_tf_1h,2021-09-17 07:00:00,292.70905,292.5765
Nasice,Nasice_2025-07-18_12-27_tf_1h,2021-09-17 08:00:00,294.2522,293.97455
Nasice,Nasice_2025-07-18_12-27_tf_1h,2021-09-17 09:00:00,294.94186,295.58685
Nasice,Nasice_2025-07-18_12-27_tf_1h,2021-09-17 10:00:00,294.37125,295.58487
Nasice,Nasice_2025-07-18_12-27_tf_1h,2021-09-17 11:00:00,294.24924,293.9062
Nasice,Nasice_2025-07-18_12-27_tf_1h,2021-09-17 12:00:00,294.2022,293.90744
Nasice,Nasice_2025-07-18_12-27_tf_1h,2021-09-17 13:00:00,294.14005,293.8113
Nasice,Nasice_2025-07-18_12-27_tf_1h,2021-09-17 14:00:00,293.87265,293.62628
Nasice,Nasice_2025-07-18_12-27_tf_1h,2021-09-17 15:00:00,293.30237,293.1705
Nasice,Nasice_2025-07-18_12-27_tf_1h,2021-09-17 16:00:00,292.74524,292.37366
Nasice,Nasice_2025-07-18_12-27_tf_1h,2021-09-17 17:00:00,292.06345,291.85654
Nasice,Nasice_2025-07-18_12-27_tf_1h,2021-09-17 18:00:00,291.41028,291.2563
Nasice,Nasice_2025-07-18_12-27_tf_1h,2021-09-17 19:00:00,290.70908,290.6799
Nasice,Nasice_2025-07-18_12-27_tf_1h,2021-09-17 20:00:00,289.88162,290.00085
Nasice,Nasice_2025-07-18_12-27_tf_1h,2021-09-17 21:00:00,289.77768,289.14868
Nasice,Nasice_2025-07-18_12-27_tf_1h,2021-09-17 22:00:00,289.47247,289.47095
Nasice,Nasice_2025-07-18_12-27_tf_1h,2021-09-17 23:00:00,288.9752,289.0427
Nasice,Nasice_2025-07-18_12-27_tf_1h,2021-09-18 00:00:00,288.6963,288.42755
Nasice,Nasice_2025-07-18_12-27_tf_1h,2021-09-18 01:00:00,288.26578,288.30008
Nasice,Nasice_2025-07-18_12-27_tf_1h,2021-09-18 02:00:00,288.26776,287.75455
Nasice,Nasice_2025-07-18_12-27_tf_1h,2021-09-18 03:00:00,288.1033,288.2722
Nasice,Nasice_2025-07-18_12-27_tf_1h,2021-09-18 04:00:00,287.65964,288.03558
Nasice,Nasice_2025-07-18_12-27_tf_1h,2021-09-18 05:00:00,287.21597,287.47745
Nasice,Nasice_2025-07-18_12-27_tf_1h,2021-09-18 06:00:00,286.74042,287.08817
Nasice,Nasice_2025-07-18_12-27_tf_1h,2021-09-18 07:00:00,287.6284,286.4909
Nasice,Nasice_2025-07-18_12-27_tf_1h,2021-09-18 08:00:00,289.31592,288.34406
Nasice,Nasice_2025-07-18_12-27_tf_1h,2021-09-18 09:00:00,291.16986,290.48868
Nasice,Nasice_2025-07-18_12-27_tf_1h,2021-09-18 10:00:00,292.55612,292.42865
Nasice,Nasice_2025-07-18_12-27_tf_1h,2021-09-18 11:00:00,293.39972,293.4511
Nasice,Nasice_2025-07-18_12-27_tf_1h,2021-09-18 12:00:00,294.03348,293.88037
Nasice,Nasice_2025-07-18_12-27_tf_1h,2021-09-18 13:00:00,294.64816,294.29022
Nasice,Nasice_2025-07-18_12-27_tf_1h,2021-09-18 14:00:00,294.88333,294.7227
Nasice,Nasice_2025-07-18_12-27_tf_1h,2021-09-18 15:00:00,294.80734,294.55444
Nasice,Nasice_2025-07-18_12-27_tf_1h,2021-09-18 16:00:00,294.5778,294.1098
Nasice,Nasice_2025-07-18_12-27_tf_1h,2021-09-18 17:00:00,294.15286,293.67795
Nasice,Nasice_2025-07-18_12-27_tf_1h,2021-09-18 18:00:00,293.32867,293.12613
Nasice,Nasice_2025-07-18_12-27_tf_1h,2021-09-18 19:00:00,292.1986,292.15762
Nasice,Nasice_2025-07-18_12-27_tf_1h,2021-09-18 20:00:00,291.28662,291.06967
Nasice,Nasice_2025-07-18_12-27_tf_1h,2021-09-18 21:00:00,288.8213,290.33823
Nasice,Nasice_2025-07-18_12-27_tf_1h,2021-09-18 22:00:00,287.69617,287.41034
Nasice,Nasice_2025-07-18_12-27_tf_1h,2021-09-18 23:00:00,286.98346,286.9764
Nasice,Nasice_2025-07-18_12-27_tf_1h,2021-09-19 00:00:00,286.27042,286.406
Nasice,Nasice_2025-07-18_12-27_tf_1h,2021-09-19 01:00:00,285.8797,285.69452
Nasice,Nasice_2025-07-18_12-27_tf_1h,2021-09-19 02:00:00,285.54456,285.45328
Nasice,Nasice_2025-07-18_12-27_tf_1h,2021-09-19 03:00:00,286.13297,285.01508
Nasice,Nasice_2025-07-18_12-27_tf_1h,2021-09-19 04:00:00,286.0856,286.34924
Nasice,Nasice_2025-07-18_12-27_tf_1h,2021-09-19 05:00:00,286.32602,285.60016
Nasice,Nasice_2025-07-18_12-27_tf_1h,2021-09-19 06:00:00,286.28162,286.92102
Nasice,Nasice_2025-07-18_12-27_tf_1h,2021-09-19 07:00:00,287.19986,286.57724
Nasice,Nasice_2025-07-18_12-27_tf_1h,2021-09-19 08:00:00,289.30737,288.57614
Nasice,Nasice_2025-07-18_12-27_tf_1h,2021-09-19 09:00:00,291.27676,290.9982
Nasice,Nasice_2025-07-18_12-27_tf_1h,2021-09-19 10:00:00,292.80014,292.7713
Nasice,Nasice_2025-07-18_12-27_tf_1h,2021-09-19 11:00:00,293.93613,293.81305
Nasice,Nasice_2025-07-18_12-27_tf_1h,2021-09-19 12:00:00,294.58633,294.6142
Nasice,Nasice_2025-07-18_12-27_tf_1h,2021-09-19 13:00:00,295.45132,294.89478
Nasice,Nasice_2025-07-18_12-27_tf_1h,2021-09-19 14:00:00,295.79993,295.7392
Nasice,Nasice_2025-07-18_12-27_tf_1h,2021-09-19 15:00:00,295.90125,295.74326
Nasice,Nasice_2025-07-18_12-27_tf_1h,2021-09-19 16:00:00,295.70883,295.4186
Nasice,Nasice_2025-07-18_12-27_tf_1h,2021-09-19 17:00:00,294.96884,294.85352
Nasice,Nasice_2025-07-18_12-27_tf_1h,2021-09-19 18:00:00,293.7901,293.72876
Nasice,Nasice_2025-07-18_12-27_tf_1h,2021-09-19 19:00:00,292.71628,292.3516
Nasice,Nasice_2025-07-18_12-27_tf_1h,2021-09-19 20:00:00,292.46667,291.55475
Nasice,Nasice_2025-07-18_12-27_tf_1h,2021-09-19 21:00:00,291.80362,291.66327
Nasice,Nasice_2025-07-18_12-27_tf_1h,2021-09-19 22:00:00,290.78705,290.8906
Nasice,Nasice_2025-07-18_12-27_tf_1h,2021-09-19 23:00:00,289.40735,289.83112
Nasice,Nasice_2025-07-18_12-27_tf_1h,2021-09-20 00:00:00,288.82324,288.41165
Nasice,Nasice_2025-07-18_12-27_tf_1h,2021-09-20 01:00:00,288.3888,288.20496
Nasice,Nasice_2025-07-18_12-27_tf_1h,2021-09-20 02:00:00,287.74286,287.84186
Nasice,Nasice_2025-07-18_12-27_tf_1h,2021-09-20 03:00:00,287.01074,287.08228
Nasice,Nasice_2025-07-18_12-27_tf_1h,2021-09-20 04:00:00,286.24377,286.31393
Nasice,Nasice_2025-07-18_12-27_tf_1h,2021-09-20 05:00:00,285.61462,285.51758
Nasice,Nasice_2025-07-18_12-27_tf_1h,2021-09-20 06:00:00,285.32486,285.15134
Nasice,Nasice_2025-07-18_12-27_tf_1h,2021-09-20 07:00:00,285.3594,285.59537
Nasice,Nasice_2025-07-18_12-27_tf_1h,2021-09-20 08:00:00,284.90424,286.2018
Nasice,Nasice_2025-07-18_12-27_tf_1h,2021-09-20 09:00:00,284.7559,284.86508
Nasice,Nasice_2025-07-18_12-27_tf_1h,2021-09-20 10:00:00,285.01834,285.0432
Nasice,Nasice_2025-07-18_12-27_tf_1h,2021-09-20 11:00:00,285.59982,285.4377
Nasice,Nasice_2025-07-18_12-27_tf_1h,2021-09-20 12:00:00,286.3806,286.13025
Nasice,Nasice_2025-07-18_12-27_tf_1h,2021-09-20 13:00:00,286.37173,287.02512
Nasice,Nasice_2025-07-18_12-27_tf_1h,2021-09-20 14:00:00,286.82758,286.3216
Nasice,Nasice_2025-07-18_12-27_tf_1h,2021-09-20 15:00:00,287.16827,287.0716
Nasice,Nasice_2025-07-18_12-27_tf_1h,2021-09-20 16:00:00,287.1594,287.3303
Nasice,Nasice_2025-07-18_12-27_tf_1h,2021-09-20 17:00:00,287.0351,286.986
Nasice,Nasice_2025-07-18_12-27_tf_1h,2021-09-20 18:00:00,286.80225,286.72034
Nasice,Nasice_2025-07-18_12-27_tf_1h,2021-09-20 19:00:00,286.7118,286.3721
Nasice,Nasice_2025-07-18_12-27_tf_1h,2021-09-20 20:00:00,286.01257,286.35
Nasice,Nasice_2025-07-18_12-27_tf_1h,2021-09-20 21:00:00,285.48242,285.23218
Nasice,Nasice_2025-07-18_12-27_tf_1h,2021-09-20 22:00:00,284.93646,284.87546
Nasice,Nasice_2025-07-18_12-27_tf_1h,2021-09-20 23:00:00,284.10077,284.36218
Nasice,Nasice_2025-07-18_12-27_tf_1h,2021-09-21 00:00:00,283.5683,283.36023
Nasice,Nasice_2025-07-18_12-27_tf_1h,2021-09-21 01:00:00,283.24368,283.06567
Nasice,Nasice_2025-07-18_12-27_tf_1h,2021-09-21 02:00:00,283.11475,282.92996
Nasice,Nasice_2025-07-18_12-27_tf_1h,2021-09-21 03:00:00,283.20355,282.98004
Nasice,Nasice_2025-07-18_12-27_tf_1h,2021-09-21 04:00:00,282.79605,283.2655
Nasice,Nasice_2025-07-18_12-27_tf_1h,2021-09-21 05:00:00,282.41324,282.47714
Nasice,Nasice_2025-07-18_12-27_tf_1h,2021-09-21 06:00:00,282.09125,282.14798
Nasice,Nasice_2025-07-18_12-27_tf_1h,2021-09-21 07:00:00,283.93796,281.88953
Nasice,Nasice_2025-07-18_12-27_tf_1h,2021-09-21 08:00:00,284.75394,285.49753
Nasice,Nasice_2025-07-18_12-27_tf_1h,2021-09-21 09:00:00,286.2599,285.31238
Nasice,Nasice_2025-07-18_12-27_tf_1h,2021-09-21 10:00:00,287.84778,287.24423
Nasice,Nasice_2025-07-18_12-27_tf_1h,2021-09-21 11:00:00,289.17746,288.98447
Nasice,Nasice_2025-07-18_12-27_tf_1h,2021-09-21 12:00:00,289.55798,290.06937
Nasice,Nasice_2025-07-18_12-27_tf_1h,2021-09-21 13:00:00,289.86682,289.79877
Nasice,Nasice_2025-07-18_12-27_tf_1h,2021-09-21 14:00:00,289.63232,289.85117
Nasice,Nasice_2025-07-18_12-27_tf_1h,2021-09-21 15:00:00,289.65762,289.14847
Nasice,Nasice_2025-07-18_12-27_tf_1h,2021-09-21 16:00:00,289.4728,289.17813
Nasice,Nasice_2025-07-18_12-27_tf_1h,2021-09-21 17:00:00,289.04852,288.81454
Nasice,Nasice_2025-07-18_12-27_tf_1h,2021-09-21 18:00:00,288.06516,288.1706
Nasice,Nasice_2025-07-18_12-27_tf_1h,2021-09-21 19:00:00,286.72034,286.89636
Nasice,Nasice_2025-07-18_12-27_tf_1h,2021-09-21 20:00:00,285.38702,285.49667
Nasice,Nasice_2025-07-18_12-27_tf_1h,2021-09-21 21:00:00,284.63586,284.27078
Nasice,Nasice_2025-07-18_12-27_tf_1h,2021-09-21 22:00:00,284.1889,283.88394
Nasice,Nasice_2025-07-18_12-27_tf_1h,2021-09-21 23:00:00,283.94058,283.68347
Nasice,Nasice_2025-07-18_12-27_tf_1h,2021-09-22 00:00:00,284.09055,283.65073
Nasice,Nasice_2025-07-18_12-27_tf_1h,2021-09-22 01:00:00,284.01065,284.1185
Nasice,Nasice_2025-07-18_12-27_tf_1h,2021-09-22 02:00:00,283.5765,283.91235
Nasice,Nasice_2025-07-18_12-27_tf_1h,2021-09-22 03:00:00,283.441,283.17642
Nasice,Nasice_2025-07-18_12-27_tf_1h,2021-09-22 04:00:00,283.47717,283.30093
Nasice,Nasice_2025-07-18_12-27_tf_1h,2021-09-22 05:00:00,283.60776,283.54288
Nasice,Nasice_2025-07-18_12-27_tf_1h,2021-09-22 06:00:00,283.8531,284.11295
Nasice,Nasice_2025-07-18_12-27_tf_1h,2021-09-22 07:00:00,284.60986,284.36438
Nasice,Nasice_2025-07-18_12-27_tf_1h,2021-09-22 08:00:00,285.74652,285.51425
Nasice,Nasice_2025-07-18_12-27_tf_1h,2021-09-22 09:00:00,287.58072,286.76154
Nasice,Nasice_2025-07-18_12-27_tf_1h,2021-09-22 10:00:00,287.78363,288.91678
Nasice,Nasice_2025-07-18_12-27_tf_1h,2021-09-22 11:00:00,286.9384,287.98444
Nasice,Nasice_2025-07-18_12-27_tf_1h,2021-09-22 12:00:00,286.54834,286.0475
Nasice,Nasice_2025-07-18_12-27_tf_1h,2021-09-22 13:00:00,286.68185,285.95096
Nasice,Nasice_2025-07-18_12-27_tf_1h,2021-09-22 14:00:00,287.215,286.47833
Nasice,Nasice_2025-07-18_12-27_tf_1h,2021-09-22 15:00:00,287.44818,287.30762
Nasice,Nasice_2025-07-18_12-27_tf_1h,2021-09-22 16:00:00,287.61655,287.32904
Nasice,Nasice_2025-07-18_12-27_tf_1h,2021-09-22 17:00:00,287.53763,287.36676
Nasice,Nasice_2025-07-18_12-27_tf_1h,2021-09-22 18:00:00,286.9795,287.09927
Nasice,Nasice_2025-07-18_12-27_tf_1h,2021-09-22 19:00:00,286.7348,286.2045
Nasice,Nasice_2025-07-18_12-27_tf_1h,2021-09-22 20:00:00,285.6314,286.21634
Nasice,Nasice_2025-07-18_12-27_tf_1h,2021-09-22 21:00:00,285.4222,284.66577
Nasice,Nasice_2025-07-18_12-27_tf_1h,2021-09-22 22:00:00,285.241,285.01163
Nasice,Nasice_2025-07-18_12-27_tf_1h,2021-09-22 23:00:00,284.71085,284.94238
Nasice,Nasice_2025-07-18_12-27_tf_1h,2021-09-23 00:00:00,284.2731,284.20984
Nasice,Nasice_2025-07-18_12-27_tf_1h,2021-09-23 01:00:00,283.82877,283.8749
Nasice,Nasice_2025-07-18_12-27_tf_1h,2021-09-23 02:00:00,283.2779,283.48996
Nasice,Nasice_2025-07-18_12-27_tf_1h,2021-09-23 03:00:00,282.88815,282.90265
Nasice,Nasice_2025-07-18_12-27_tf_1h,2021-09-23 04:00:00,282.45764,282.71765
Nasice,Nasice_2025-07-18_12-27_tf_1h,2021-09-23 05:00:00,281.91202,282.25082
Nasice,Nasice_2025-07-18_12-27_tf_1h,2021-09-23 06:00:00,281.49365,281.64206
Nasice,Nasice_2025-07-18_12-27_tf_1h,2021-09-23 07:00:00,282.92465,281.37805
Nasice,Nasice_2025-07-18_12-27_tf_1h,2021-09-23 08:00:00,284.61282,284.29034
Nasice,Nasice_2025-07-18_12-27_tf_1h,2021-09-23 09:00:00,286.1017,285.88058
Nasice,Nasice_2025-07-18_12-27_tf_1h,2021-09-23 10:00:00,287.4475,287.0073
Nasice,Nasice_2025-07-18_12-27_tf_1h,2021-09-23 11:00:00,288.8627,288.35992
Nasice,Nasice_2025-07-18_12-27_tf_1h,2021-09-23 12:00:00,289.33334,289.79724
Nasice,Nasice_2025-07-18_12-27_tf_1h,2021-09-23 13:00:00,289.8612,289.64282
Nasice,Nasice_2025-07-18_12-27_tf_1h,2021-09-23 14:00:00,290.25458,290.04138
Nasice,Nasice_2025-07-18_12-27_tf_1h,2021-09-23 15:00:00,290.3766,290.2707
Nasice,Nasice_2025-07-18_12-27_tf_1h,2021-09-23 16:00:00,290.36343,290.0652
Nasice,Nasice_2025-07-18_12-27_tf_1h,2021-09-23 17:00:00,290.07565,289.8279
Nasice,Nasice_2025-07-18_12-27_tf_1h,2021-09-23 18:00:00,288.33026,289.28278
Nasice,Nasice_2025-07-18_12-27_tf_1h,2021-09-23 19:00:00,286.37305,286.79214
Nasice,Nasice_2025-07-18_12-27_tf_1h,2021-09-23 20:00:00,285.14957,285.003
Nasice,Nasice_2025-07-18_12-27_tf_1h,2021-09-23 21:00:00,283.97018,284.15756
Nasice,Nasice_2025-07-18_12-27_tf_1h,2021-09-23 22:00:00,283.29367,283.02652
Nasice,Nasice_2025-07-18_12-27_tf_1h,2021-09-23 23:00:00,282.94077,282.66385
Nasice,Nasice_2025-07-18_12-27_tf_1h,2021-09-24 00:00:00,282.64246,282.5581
Nasice,Nasice_2025-07-18_12-27_tf_1h,2021-09-24 01:00:00,282.46027,282.37546
Nasice,Nasice_2025-07-18_12-27_tf_1h,2021-09-24 02:00:00,282.1386,282.28928
Nasice,Nasice_2025-07-18_12-27_tf_1h,2021-09-24 03:00:00,281.7854,281.8195
Nasice,Nasice_2025-07-18_12-27_tf_1h,2021-09-24 04:00:00,281.69888,281.40112
Nasice,Nasice_2025-07-18_12-27_tf_1h,2021-09-24 05:00:00,281.99554,281.80136
Nasice,Nasice_2025-07-18_12-27_tf_1h,2021-09-24 06:00:00,282.36325,283.02295
Nasice,Nasice_2025-07-18_12-27_tf_1h,2021-09-24 07:00:00,284.19647,283.20135
Nasice,Nasice_2025-07-18_12-27_tf_1h,2021-09-24 08:00:00,287.80862,285.88226
Nasice,Nasice_2025-07-18_12-27_tf_1h,2021-09-24 09:00:00,290.4496,290.14624
Nasice,Nasice_2025-07-18_12-27_tf_1h,2021-09-24 10:00:00,292.45844,292.33246
Nasice,Nasice_2025-07-18_12-27_tf_1h,2021-09-24 11:00:00,294.05783,293.61496
Nasice,Nasice_2025-07-18_12-27_tf_1h,2021-09-24 12:00:00,295.32272,294.8968
Nasice,Nasice_2025-07-18_12-27_tf_1h,2021-09-24 13:00:00,296.1617,295.9107
Nasice,Nasice_2025-07-18_12-27_tf_1h,2021-09-24 14:00:00,296.6225,296.4218
Nasice,Nasice_2025-07-18_12-27_tf_1h,2021-09-24 15:00:00,296.7001,296.57697
Nasice,Nasice_2025-07-18_12-27_tf_1h,2021-09-24 16:00:00,296.27945,296.1926
Nasice,Nasice_2025-07-18_12-27_tf_1h,2021-09-24 17:00:00,294.94714,295.20477
Nasice,Nasice_2025-07-18_12-27_tf_1h,2021-09-24 18:00:00,293.10437,293.31998
Nasice,Nasice_2025-07-18_12-27_tf_1h,2021-09-24 19:00:00,291.20276,291.53162
Nasice,Nasice_2025-07-18_12-27_tf_1h,2021-09-24 20:00:00,289.67178,289.90607
Nasice,Nasice_2025-07-18_12-27_tf_1h,2021-09-24 21:00:00,288.49863,288.62204
Nasice,Nasice_2025-07-18_12-27_tf_1h,2021-09-24 22:00:00,288.83047,287.64542
Nasice,Nasice_2025-07-18_12-27_tf_1h,2021-09-24 23:00:00,288.6266,288.5218
Nasice,Nasice_2025-07-18_12-27_tf_1h,2021-09-25 00:00:00,288.8249,288.11588
Nasice,Nasice_2025-07-18_12-27_tf_1h,2021-09-25 01:00:00,288.496,288.5323
Nasice,Nasice_2025-07-18_12-27_tf_1h,2021-09-25 02:00:00,287.96353,288.00507
Nasice,Nasice_2025-07-18_12-27_tf_1h,2021-09-25 03:00:00,286.96472,287.38574
Nasice,Nasice_2025-07-18_12-27_tf_1h,2021-09-25 04:00:00,285.94714,286.17554
Nasice,Nasice_2025-07-18_12-27_tf_1h,2021-09-25 05:00:00,285.25943,285.17465
Nasice,Nasice_2025-07-18_12-27_tf_1h,2021-09-25 06:00:00,284.8378,284.9222
Nasice,Nasice_2025-07-18_12-27_tf_1h,2021-09-25 07:00:00,286.68155,285.31387
Nasice,Nasice_2025-07-18_12-27_tf_1h,2021-09-25 08:00:00,289.93292,289.01154
Nasice,Nasice_2025-07-18_12-27_tf_1h,2021-09-25 09:00:00,292.30386,292.10388
Nasice,Nasice_2025-07-18_12-27_tf_1h,2021-09-25 10:00:00,293.9585,294.0579
Nasice,Nasice_2025-07-18_12-27_tf_1h,2021-09-25 11:00:00,295.20203,295.05087
Nasice,Nasice_2025-07-18_12-27_tf_1h,2021-09-25 12:00:00,296.22354,295.91428
Nasice,Nasice_2025-07-18_12-27_tf_1h,2021-09-25 13:00:00,296.9415,296.68835
Nasice,Nasice_2025-07-18_12-27_tf_1h,2021-09-25 14:00:00,297.39404,297.14328
Nasice,Nasice_2025-07-18_12-27_tf_1h,2021-09-25 15:00:00,297.5016,297.3601
Nasice,Nasice_2025-07-18_12-27_tf_1h,2021-09-25 16:00:00,297.25427,296.96225
Nasice,Nasice_2025-07-18_12-27_tf_1h,2021-09-25 17:00:00,296.17288,296.2672
Nasice,Nasice_2025-07-18_12-27_tf_1h,2021-09-25 18:00:00,293.99368,294.70276
Nasice,Nasice_2025-07-18_12-27_tf_1h,2021-09-25 19:00:00,291.73062,292.362
Nasice,Nasice_2025-07-18_12-27_tf_1h,2021-09-25 20:00:00,290.7433,290.44275
Nasice,Nasice_2025-07-18_12-27_tf_1h,2021-09-25 21:00:00,289.7267,289.9807
Nasice,Nasice_2025-07-18_12-27_tf_1h,2021-09-25 22:00:00,289.65237,288.926
Nasice,Nasice_2025-07-18_12-27_tf_1h,2021-09-25 23:00:00,288.84396,289.20224
Nasice,Nasice_2025-07-18_12-27_tf_1h,2021-09-26 00:00:00,287.928,288.1142
Nasice,Nasice_2025-07-18_12-27_tf_1h,2021-09-26 01:00:00,287.23737,287.22272
Nasice,Nasice_2025-07-18_12-27_tf_1h,2021-09-26 02:00:00,286.6835,286.66147
Nasice,Nasice_2025-07-18_12-27_tf_1h,2021-09-26 03:00:00,286.2497,286.1143
Nasice,Nasice_2025-07-18_12-27_tf_1h,2021-09-26 04:00:00,285.73203,285.68283
Nasice,Nasice_2025-07-18_12-27_tf_1h,2021-09-26 05:00:00,285.38342,285.12283
Nasice,Nasice_2025-07-18_12-27_tf_1h,2021-09-26 06:00:00,285.16733,285.3992
Nasice,Nasice_2025-07-18_12-27_tf_1h,2021-09-26 07:00:00,287.30872,285.90344
Nasice,Nasice_2025-07-18_12-27_tf_1h,2021-09-26 08:00:00,291.01593,289.73776
Nasice,Nasice_2025-07-18_12-27_tf_1h,2021-09-26 09:00:00,293.93613,293.3797
Nasice,Nasice_2025-07-18_12-27_tf_1h,2021-09-26 10:00:00,296.068,295.87943
Nasice,Nasice_2025-07-18_12-27_tf_1h,2021-09-26 11:00:00,297.6177,297.4461
Nasice,Nasice_2025-07-18_12-27_tf_1h,2021-09-26 12:00:00,298.7721,298.49573
Nasice,Nasice_2025-07-18_12-27_tf_1h,2021-09-26 13:00:00,299.5759,299.3174
Nasice,Nasice_2025-07-18_12-27_tf_1h,2021-09-26 14:00:00,299.96463,299.81778
Nasice,Nasice_2025-07-18_12-27_tf_1h,2021-09-26 15:00:00,300.0814,299.85596
Nasice,Nasice_2025-07-18_12-27_tf_1h,2021-09-26 16:00:00,299.79822,299.45523
Nasice,Nasice_2025-07-18_12-27_tf_1h,2021-09-26 17:00:00,298.89114,298.6779
Nasice,Nasice_2025-07-18_12-27_tf_1h,2021-09-26 18:00:00,296.65472,297.34656
Nasice,Nasice_2025-07-18_12-27_tf_1h,2021-09-26 19:00:00,294.92938,294.86282
Nasice,Nasice_2025-07-18_12-27_tf_1h,2021-09-26 20:00:00,292.65085,293.71152
Nasice,Nasice_2025-07-18_12-27_tf_1h,2021-09-26 21:00:00,291.38593,291.3913
Nasice,Nasice_2025-07-18_12-27_tf_1h,2021-09-26 22:00:00,290.865,290.61023
Nasice,Nasice_2025-07-18_12-27_tf_1h,2021-09-26 23:00:00,290.32068,290.29
Nasice,Nasice_2025-07-18_12-27_tf_1h,2021-09-27 00:00:00,290.5611,289.70862
Nasice,Nasice_2025-07-18_12-27_tf_1h,2021-09-27 01:00:00,291.4425,290.20398
Nasice,Nasice_2025-07-18_12-27_tf_1h,2021-09-27 02:00:00,290.83505,291.22156
Nasice,Nasice_2025-07-18_12-27_tf_1h,2021-09-27 03:00:00,289.87866,290.00812
Nasice,Nasice_2025-07-18_12-27_tf_1h,2021-09-27 04:00:00,290.04538,289.0465
Nasice,Nasice_2025-07-18_12-27_tf_1h,2021-09-27 05:00:00,289.6389,289.9019
Nasice,Nasice_2025-07-18_12-27_tf_1h,2021-09-27 06:00:00,289.45404,288.88528
Nasice,Nasice_2025-07-18_12-27_tf_1h,2021-09-27 07:00:00,290.26215,289.881
Nasice,Nasice_2025-07-18_12-27_tf_1h,2021-09-27 08:00:00,292.72516,291.57455
Nasice,Nasice_2025-07-18_12-27_tf_1h,2021-09-27 09:00:00,294.76196,294.7199
Nasice,Nasice_2025-07-18_12-27_tf_1h,2021-09-27 10:00:00,297.12537,296.35406
Nasice,Nasice_2025-07-18_12-27_tf_1h,2021-09-27 11:00:00,298.12057,298.61047
Nasice,Nasice_2025-07-18_12-27_tf_1h,2021-09-27 12:00:00,298.63956,298.7221
Nasice,Nasice_2025-07-18_12-27_tf_1h,2021-09-27 13:00:00,299.07565,298.80374
Nasice,Nasice_2025-07-18_12-27_tf_1h,2021-09-27 14:00:00,298.8724,299.08057
Nasice,Nasice_2025-07-18_12-27_tf_1h,2021-09-27 15:00:00,298.58496,298.20618
Nasice,Nasice_2025-07-18_12-27_tf_1h,2021-09-27 16:00:00,298.0061,297.60214
Nasice,Nasice_2025-07-18_12-27_tf_1h,2021-09-27 17:00:00,296.67148,296.74695
Nasice,Nasice_2025-07-18_12-27_tf_1h,2021-09-27 18:00:00,294.80966,295.14975
Nasice,Nasice_2025-07-18_12-27_tf_1h,2021-09-27 19:00:00,293.44675,293.4427
Nasice,Nasice_2025-07-18_12-27_tf_1h,2021-09-27 20:00:00,291.9069,292.4338
Nasice,Nasice_2025-07-18_12-27_tf_1h,2021-09-27 21:00:00,291.11362,290.90372
Nasice,Nasice_2025-07-18_12-27_tf_1h,2021-09-27 22:00:00,290.56503,290.4616
Nasice,Nasice_2025-07-18_12-27_tf_1h,2021-09-27 23:00:00,290.00854,289.99515
Nasice,Nasice_2025-07-18_12-27_tf_1h,2021-09-28 00:00:00,289.6172,289.4445
Nasice,Nasice_2025-07-18_12-27_tf_1h,2021-09-28 01:00:00,289.22943,289.11728
Nasice,Nasice_2025-07-18_12-27_tf_1h,2021-09-28 02:00:00,288.88705,288.65942
Nasice,Nasice_2025-07-18_12-27_tf_1h,2021-09-28 03:00:00,288.56967,288.31168
Nasice,Nasice_2025-07-18_12-27_tf_1h,2021-09-28 04:00:00,288.41214,288.04922
Nasice,Nasice_2025-07-18_12-27_tf_1h,2021-09-28 05:00:00,288.34143,288.18713
Nasice,Nasice_2025-07-18_12-27_tf_1h,2021-09-28 06:00:00,288.32892,288.60855
Nasice,Nasice_2025-07-18_12-27_tf_1h,2021-09-28 07:00:00,289.20377,289.07236
Nasice,Nasice_2025-07-18_12-27_tf_1h,2021-09-28 08:00:00,290.2299,290.53537
Nasice,Nasice_2025-07-18_12-27_tf_1h,2021-09-28 09:00:00,291.09915,291.30383
Nasice,Nasice_2025-07-18_12-27_tf_1h,2021-09-28 10:00:00,291.79047,291.87518
Nasice,Nasice_2025-07-18_12-27_tf_1h,2021-09-28 11:00:00,292.39923,292.3299
Nasice,Nasice_2025-07-18_12-27_tf_1h,2021-09-28 12:00:00,293.45102,292.78113
Nasice,Nasice_2025-07-18_12-27_tf_1h,2021-09-28 13:00:00,294.2328,293.9637
Nasice,Nasice_2025-07-18_12-27_tf_1h,2021-09-28 14:00:00,294.49786,294.53967
Nasice,Nasice_2025-07-18_12-27_tf_1h,2021-09-28 15:00:00,294.56168,294.36816
Nasice,Nasice_2025-07-18_12-27_tf_1h,2021-09-28 16:00:00,294.61166,294.09625
Nasice,Nasice_2025-07-18_12-27_tf_1h,2021-09-28 17:00:00,293.87857,293.98306
Nasice,Nasice_2025-07-18_12-27_tf_1h,2021-09-28 18:00:00,292.69128,292.77783
Nasice,Nasice_2025-07-18_12-27_tf_1h,2021-09-28 19:00:00,291.9184,291.37912
Nasice,Nasice_2025-07-18_12-27_tf_1h,2021-09-28 20:00:00,290.7775,290.97113
Nasice,Nasice_2025-07-18_12-27_tf_1h,2021-09-28 21:00:00,290.22235,289.75027
Nasice,Nasice_2025-07-18_12-27_tf_1h,2021-09-28 22:00:00,289.6527,289.5003
Nasice,Nasice_2025-07-18_12-27_tf_1h,2021-09-28 23:00:00,289.12878,288.95822
Nasice,Nasice_2025-07-18_12-27_tf_1h,2021-09-29 00:00:00,288.97916,288.495
Nasice,Nasice_2025-07-18_12-27_tf_1h,2021-09-29 01:00:00,288.58545,288.57477
Nasice,Nasice_2025-07-18_12-27_tf_1h,2021-09-29 02:00:00,288.2431,288.04947
Nasice,Nasice_2025-07-18_12-27_tf_1h,2021-09-29 03:00:00,288.12173,287.74677
Nasice,Nasice_2025-07-18_12-27_tf_1h,2021-09-29 04:00:00,287.61755,287.77155
Nasice,Nasice_2025-07-18_12-27_tf_1h,2021-09-29 05:00:00,287.23767,286.9596
Nasice,Nasice_2025-07-18_12-27_tf_1h,2021-09-29 06:00:00,287.08145,286.98138
Nasice,Nasice_2025-07-18_12-27_tf_1h,2021-09-29 07:00:00,288.3046,287.248
Nasice,Nasice_2025-07-18_12-27_tf_1h,2021-09-29 08:00:00,290.01086,289.6915
Nasice,Nasice_2025-07-18_12-27_tf_1h,2021-09-29 09:00:00,291.5244,291.33975
Nasice,Nasice_2025-07-18_12-27_tf_1h,2021-09-29 10:00:00,292.88107,292.75616
Nasice,Nasice_2025-07-18_12-27_tf_1h,2021-09-29 11:00:00,293.97232,293.8295
Nasice,Nasice_2025-07-18_12-27_tf_1h,2021-09-29 12:00:00,294.62286,294.63522
Nasice,Nasice_2025-07-18_12-27_tf_1h,2021-09-29 13:00:00,295.07867,294.9405
Nasice,Nasice_2025-07-18_12-27_tf_1h,2021-09-29 14:00:00,295.18393,295.11176
Nasice,Nasice_2025-07-18_12-27_tf_1h,2021-09-29 15:00:00,294.89056,294.8046
Nasice,Nasice_2025-07-18_12-27_tf_1h,2021-09-29 16:00:00,294.4357,294.0688
Nasice,Nasice_2025-07-18_12-27_tf_1h,2021-09-29 17:00:00,293.6944,293.39508
Nasice,Nasice_2025-07-18_12-27_tf_1h,2021-09-29 18:00:00,292.58932,292.5011
Nasice,Nasice_2025-07-18_12-27_tf_1h,2021-09-29 19:00:00,291.92566,291.4038
Nasice,Nasice_2025-07-18_12-27_tf_1h,2021-09-29 20:00:00,290.70645,291.02768
Nasice,Nasice_2025-07-18_12-27_tf_1h,2021-09-29 21:00:00,290.00626,289.66843
Nasice,Nasice_2025-07-18_12-27_tf_1h,2021-09-29 22:00:00,289.2452,289.24493
Nasice,Nasice_2025-07-18_12-27_tf_1h,2021-09-29 23:00:00,288.5483,288.49524
Nasice,Nasice_2025-07-18_12-27_tf_1h,2021-09-30 00:00:00,287.84677,287.85565
Nasice,Nasice_2025-07-18_12-27_tf_1h,2021-09-30 01:00:00,287.3837,287.185
Nasice,Nasice_2025-07-18_12-27_tf_1h,2021-09-30 02:00:00,287.04034,286.86475
Nasice,Nasice_2025-07-18_12-27_tf_1h,2021-09-30 03:00:00,286.8177,286.54623
Nasice,Nasice_2025-07-18_12-27_tf_1h,2021-09-30 04:00:00,286.70883,286.3995
Nasice,Nasice_2025-07-18_12-27_tf_1h,2021-09-30 05:00:00,286.79172,286.46204
Nasice,Nasice_2025-07-18_12-27_tf_1h,2021-09-30 06:00:00,286.60226,287.00085
Nasice,Nasice_2025-07-18_12-27_tf_1h,2021-09-30 07:00:00,286.91833,286.82172
Nasice,Nasice_2025-07-18_12-27_tf_1h,2021-09-30 08:00:00,286.97128,287.7477
Nasice,Nasice_2025-07-18_12-27_tf_1h,2021-09-30 09:00:00,287.2982,287.2702
Nasice,Nasice_2025-07-18_12-27_tf_1h,2021-09-30 10:00:00,287.7287,287.69943
Nasice,Nasice_2025-07-18_12-27_tf_1h,2021-09-30 11:00:00,288.0221,288.1481
Nasice,Nasice_2025-07-18_12-27_tf_1h,2021-09-30 12:00:00,287.97473,288.2278
Nasice,Nasice_2025-07-18_12-27_tf_1h,2021-09-30 13:00:00,288.10596,287.8192
Nasice,Nasice_2025-07-18_12-27_tf_1h,2021-09-30 14:00:00,288.1941,287.9977
Nasice,Nasice_2025-07-18_12-27_tf_1h,2021-09-30 15:00:00,288.225,288.02896
Nasice,Nasice_2025-07-18_12-27_tf_1h,2021-09-30 16:00:00,288.15002,287.97174
Nasice,Nasice_2025-07-18_12-27_tf_1h,2021-09-30 17:00:00,287.85764,287.79126
Nasice,Nasice_2025-07-18_12-27_tf_1h,2021-09-30 18:00:00,287.5054,287.3201
Nasice,Nasice_2025-07-18_12-27_tf_1h,2021-09-30 19:00:00,286.8486,286.928
Nasice,Nasice_2025-07-18_12-27_tf_1h,2021-09-30 20:00:00,286.2668,286.14853
Nasice,Nasice_2025-07-18_12-27_tf_1h,2021-09-30 21:00:00,285.4847,285.65103
Nasice,Nasice_2025-07-18_12-27_tf_1h,2021-09-30 22:00:00,285.39294,284.7846
Nasice,Nasice_2025-07-18_12-27_tf_1h,2021-09-30 23:00:00,285.4472,285.19507
Nasice,Nasice_2025-07-18_12-27_tf_1h,2021-10-01 00:00:00,285.60574,285.39355
Nasice,Nasice_2025-07-18_12-27_tf_1h,2021-10-01 01:00:00,285.55023,285.6241
Nasice,Nasice_2025-07-18_12-27_tf_1h,2021-10-01 02:00:00,285.58746,285.4291
Nasice,Nasice_2025-07-18_12-27_tf_1h,2021-10-01 03:00:00,285.32538,285.54785
Nasice,Nasice_2025-07-18_12-27_tf_1h,2021-10-01 04:00:00,285.40887,285.07568
Nasice,Nasice_2025-07-18_12-27_tf_1h,2021-10-01 05:00:00,285.04263,285.46063
Nasice,Nasice_2025-07-18_12-27_tf_1h,2021-10-01 06:00:00,284.80383,284.72137
Nasice,Nasice_2025-07-18_12-27_tf_1h,2021-10-01 07:00:00,285.48367,284.65097
Nasice,Nasice_2025-07-18_12-27_tf_1h,2021-10-01 08:00:00,286.43878,286.0837
Nasice,Nasice_2025-07-18_12-27_tf_1h,2021-10-01 09:00:00,287.65744,287.1204
Nasice,Nasice_2025-07-18_12-27_tf_1h,2021-10-01 10:00:00,289.1243,288.54343
Nasice,Nasice_2025-07-18_12-27_tf_1h,2021-10-01 11:00:00,290.18204,290.09277
Nasice,Nasice_2025-07-18_12-27_tf_1h,2021-10-01 12:00:00,290.97958,290.84653
Nasice,Nasice_2025-07-18_12-27_tf_1h,2021-10-01 13:00:00,291.48532,291.37576
Nasice,Nasice_2025-07-18_12-27_tf_1h,2021-10-01 14:00:00,291.84705,291.55377
Nasice,Nasice_2025-07-18_12-27_tf_1h,2021-10-01 15:00:00,291.8681,291.6592
Nasice,Nasice_2025-07-18_12-27_tf_1h,2021-10-01 16:00:00,291.83765,291.34427
Nasice,Nasice_2025-07-18_12-27_tf_1h,2021-10-01 17:00:00,291.27136,291.153
Nasice,Nasice_2025-07-18_12-27_tf_1h,2021-10-01 18:00:00,290.46216,290.2448
Nasice,Nasice_2025-07-18_12-27_tf_1h,2021-10-01 19:00:00,289.88046,289.31113
Nasice,Nasice_2025-07-18_12-27_tf_1h,2021-10-01 20:00:00,288.0985,288.9881
Nasice,Nasice_2025-07-18_12-27_tf_1h,2021-10-01 21:00:00,287.30136,286.81616
Nasice,Nasice_2025-07-18_12-27_tf_1h,2021-10-01 22:00:00,286.75577,286.55322
Nasice,Nasice_2025-07-18_12-27_tf_1h,2021-10-01 23:00:00,286.20865,286.1433
Nasice,Nasice_2025-07-18_12-27_tf_1h,2021-10-02 00:00:00,285.64838,285.63287
Nasice,Nasice_2025-07-18_12-27_tf_1h,2021-10-02 01:00:00,285.13925,285.1254
Nasice,Nasice_2025-07-18_12-27_tf_1h,2021-10-02 02:00:00,284.64178,284.68433
Nasice,Nasice_2025-07-18_12-27_tf_1h,2021-10-02 03:00:00,284.19543,284.19138
Nasice,Nasice_2025-07-18_12-27_tf_1h,2021-10-02 04:00:00,283.74835,283.70932
Nasice,Nasice_2025-07-18_12-27_tf_1h,2021-10-02 05:00:00,283.3163,283.30734
Nasice,Nasice_2025-07-18_12-27_tf_1h,2021-10-02 06:00:00,282.85345,283.13174
Nasice,Nasice_2025-07-18_12-27_tf_1h,2021-10-02 07:00:00,283.38437,282.9942
Nasice,Nasice_2025-07-18_12-27_tf_1h,2021-10-02 08:00:00,285.41827,284.55438
Nasice,Nasice_2025-07-18_12-27_tf_1h,2021-10-02 09:00:00,287.07162,287.01474
Nasice,Nasice_2025-07-18_12-27_tf_1h,2021-10-02 10:00:00,288.6445,288.36835
Nasice,Nasice_2025-07-18_12-27_tf_1h,2021-10-02 11:00:00,290.0399,289.78336
Nasice,Nasice_2025-07-18_12-27_tf_1h,2021-10-02 12:00:00,291.17096,290.94296
Nasice,Nasice_2025-07-18_12-27_tf_1h,2021-10-02 13:00:00,291.98505,291.81577
Nasice,Nasice_2025-07-18_12-27_tf_1h,2021-10-02 14:00:00,292.41708,292.39172
Nasice,Nasice_2025-07-18_12-27_tf_1h,2021-10-02 15:00:00,292.60922,292.5547
Nasice,Nasice_2025-07-18_12-27_tf_1h,2021-10-02 16:00:00,292.37122,292.41736
Nasice,Nasice_2025-07-18_12-27_tf_1h,2021-10-02 17:00:00,291.40408,291.72217
Nasice,Nasice_2025-07-18_12-27_tf_1h,2021-10-02 18:00:00,289.85715,290.19205
Nasice,Nasice_2025-07-18_12-27_tf_1h,2021-10-02 19:00:00,288.33014,288.39236
Nasice,Nasice_2025-07-18_12-27_tf_1h,2021-10-02 20:00:00,287.67813,287.10165
Nasice,Nasice_2025-07-18_12-27_tf_1h,2021-10-02 21:00:00,285.9176,286.85315
Nasice,Nasice_2025-07-18_12-27_tf_1h,2021-10-02 22:00:00,285.046,284.7229
Nasice,Nasice_2025-07-18_12-27_tf_1h,2021-10-02 23:00:00,284.37067,284.34998
Nasice,Nasice_2025-07-18_12-27_tf_1h,2021-10-03 00:00:00,283.83334,283.77728
Nasice,Nasice_2025-07-18_12-27_tf_1h,2021-10-03 01:00:00,283.38138,283.37195
Nasice,Nasice_2025-07-18_12-27_tf_1h,2021-10-03 02:00:00,282.94443,282.99915
Nasice,Nasice_2025-07-18_12-27_tf_1h,2021-10-03 03:00:00,282.4823,282.50787
Nasice,Nasice_2025-07-18_12-27_tf_1h,2021-10-03 04:00:00,282.16608,281.97537
Nasice,Nasice_2025-07-18_12-27_tf_1h,2021-10-03 05:00:00,281.85663,281.9515
Nasice,Nasice_2025-07-18_12-27_tf_1h,2021-10-03 06:00:00,281.59793,282.24393
Nasice,Nasice_2025-07-18_12-27_tf_1h,2021-10-03 07:00:00,282.89444,282.49707
Nasice,Nasice_2025-07-18_12-27_tf_1h,2021-10-03 08:00:00,285.28815,284.7774
Nasice,Nasice_2025-07-18_12-27_tf_1h,2021-10-03 09:00:00,287.81085,287.10294
Nasice,Nasice_2025-07-18_12-27_tf_1h,2021-10-03 10:00:00,290.68365,289.65503
Nasice,Nasice_2025-07-18_12-27_tf_1h,2021-10-03 11:00:00,293.04504,292.49072
Nasice,Nasice_2025-07-18_12-27_tf_1h,2021-10-03 12:00:00,294.79166,294.41098
Nasice,Nasice_2025-07-18_12-27_tf_1h,2021-10-03 13:00:00,295.9701,295.67947
Nasice,Nasice_2025-07-18_12-27_tf_1h,2021-10-03 14:00:00,296.6488,296.46988
Nasice,Nasice_2025-07-18_12-27_tf_1h,2021-10-03 15:00:00,296.76874,296.81122
Nasice,Nasice_2025-07-18_12-27_tf_1h,2021-10-03 16:00:00,296.16223,296.55515
Nasice,Nasice_2025-07-18_12-27_tf_1h,2021-10-03 17:00:00,294.24002,295.17944
Nasice,Nasice_2025-07-18_12-27_tf_1h,2021-10-03 18:00:00,292.48138,292.4308
Nasice,Nasice_2025-07-18_12-27_tf_1h,2021-10-03 19:00:00,291.43304,291.01328
Nasice,Nasice_2025-07-18_12-27_tf_1h,2021-10-03 20:00:00,290.77087,290.3424
Nasice,Nasice_2025-07-18_12-27_tf_1h,2021-10-03 21:00:00,289.6511,289.84323
Nasice,Nasice_2025-07-18_12-27_tf_1h,2021-10-03 22:00:00,288.52115,288.6528
Nasice,Nasice_2025-07-18_12-27_tf_1h,2021-10-03 23:00:00,287.35364,287.6253
Nasice,Nasice_2025-07-18_12-27_tf_1h,2021-10-04 00:00:00,286.14398,286.52026
Nasice,Nasice_2025-07-18_12-27_tf_1h,2021-10-04 01:00:00,285.23627,285.3535
Nasice,Nasice_2025-07-18_12-27_tf_1h,2021-10-04 02:00:00,284.45642,284.63797
Nasice,Nasice_2025-07-18_12-27_tf_1h,2021-10-04 03:00:00,283.95105,283.92197
Nasice,Nasice_2025-07-18_12-27_tf_1h,2021-10-04 04:00:00,283.60208,283.47226
Nasice,Nasice_2025-07-18_12-27_tf_1h,2021-10-04 05:00:00,283.34338,283.1708
Nasice,Nasice_2025-07-18_12-27_tf_1h,2021-10-04 06:00:00,283.12494,283.2113
Nasice,Nasice_2025-07-18_12-27_tf_1h,2021-10-04 07:00:00,284.49475,283.85098
Nasice,Nasice_2025-07-18_12-27_tf_1h,2021-10-04 08:00:00,288.43317,287.13965
Nasice,Nasice_2025-07-18_12-27_tf_1h,2021-10-04 09:00:00,291.4789,290.90085
Nasice,Nasice_2025-07-18_12-27_tf_1h,2021-10-04 10:00:00,294.27386,293.5026
Nasice,Nasice_2025-07-18_12-27_tf_1h,2021-10-04 11:00:00,296.3728,295.9486
Nasice,Nasice_2025-07-18_12-27_tf_1h,2021-10-04 12:00:00,297.81143,297.57373
Nasice,Nasice_2025-07-18_12-27_tf_1h,2021-10-04 13:00:00,298.6368,298.52423
Nasice,Nasice_2025-07-18_12-27_tf_1h,2021-10-04 14:00:00,298.99176,298.93344
Nasice,Nasice_2025-07-18_12-27_tf_1h,2021-10-04 15:00:00,299.00342,298.94955
Nasice,Nasice_2025-07-18_12-27_tf_1h,2021-10-04 16:00:00,298.336,298.50287
Nasice,Nasice_2025-07-18_12-27_tf_1h,2021-10-04 17:00:00,296.61496,297.14252
Nasice,Nasice_2025-07-18_12-27_tf_1h,2021-10-04 18:00:00,294.49008,294.78754
Nasice,Nasice_2025-07-18_12-27_tf_1h,2021-10-04 19:00:00,293.01758,292.87888
Nasice,Nasice_2025-07-18_12-27_tf_1h,2021-10-04 20:00:00,291.92264,291.8405
Nasice,Nasice_2025-07-18_12-27_tf_1h,2021-10-04 21:00:00,291.03784,290.91382
Nasice,Nasice_2025-07-18_12-27_tf_1h,2021-10-04 22:00:00,290.30725,290.16827
Nasice,Nasice_2025-07-18_12-27_tf_1h,2021-10-04 23:00:00,289.6417,289.5425
Nasice,Nasice_2025-07-18_12-27_tf_1h,2021-10-05 00:00:00,288.8938,288.9451
Nasice,Nasice_2025-07-18_12-27_tf_1h,2021-10-05 01:00:00,287.88608,288.21637
Nasice,Nasice_2025-07-18_12-27_tf_1h,2021-10-05 02:00:00,286.94714,287.16675
Nasice,Nasice_2025-07-18_12-27_tf_1h,2021-10-05 03:00:00,286.23834,286.32642
Nasice,Nasice_2025-07-18_12-27_tf_1h,2021-10-05 04:00:00,285.5717,285.6985
Nasice,Nasice_2025-07-18_12-27_tf_1h,2021-10-05 05:00:00,284.9377,284.95474
Nasice,Nasice_2025-07-18_12-27_tf_1h,2021-10-05 06:00:00,284.4703,284.44086
Nasice,Nasice_2025-07-18_12-27_tf_1h,2021-10-05 07:00:00,285.64877,285.08258
Nasice,Nasice_2025-07-18_12-27_tf_1h,2021-10-05 08:00:00,288.7445,288.16843
Nasice,Nasice_2025-07-18_12-27_tf_1h,2021-10-05 09:00:00,291.10593,290.92636
Nasice,Nasice_2025-07-18_12-27_tf_1h,2021-10-05 10:00:00,293.64554,292.8632
Nasice,Nasice_2025-07-18_12-27_tf_1h,2021-10-05 11:00:00,295.70123,295.22354
Nasice,Nasice_2025-07-18_12-27_tf_1h,2021-10-05 12:00:00,296.9579,296.89813
Nasice,Nasice_2025-07-18_12-27_tf_1h,2021-10-05 13:00:00,297.5516,297.58362
Nasice,Nasice_2025-07-18_12-27_tf_1h,2021-10-05 14:00:00,297.67383,297.72433
Nasice,Nasice_2025-07-18_12-27_tf_1h,2021-10-05 15:00:00,297.7682,297.53827
Nasice,Nasice_2025-07-18_12-27_tf_1h,2021-10-05 16:00:00,296.82852,297.36414
Nasice,Nasice_2025-07-18_12-27_tf_1h,2021-10-05 17:00:00,295.52338,295.60117
Nasice,Nasice_2025-07-18_12-27_tf_1h,2021-10-05 18:00:00,294.2182,293.9507
Nasice,Nasice_2025-07-18_12-27_tf_1h,2021-10-05 19:00:00,293.4455,292.89114
Nasice,Nasice_2025-07-18_12-27_tf_1h,2021-10-05 20:00:00,292.7164,292.42062
Nasice,Nasice_2025-07-18_12-27_tf_1h,2021-10-05 21:00:00,291.9967,291.75275
Nasice,Nasice_2025-07-18_12-27_tf_1h,2021-10-05 22:00:00,291.2973,291.10037
Nasice,Nasice_2025-07-18_12-27_tf_1h,2021-10-05 23:00:00,290.6468,290.46524
Nasice,Nasice_2025-07-18_12-27_tf_1h,2021-10-06 00:00:00,290.27417,289.86957
Nasice,Nasice_2025-07-18_12-27_tf_1h,2021-10-06 01:00:00,289.94327,289.6353
Nasice,Nasice_2025-07-18_12-27_tf_1h,2021-10-06 02:00:00,289.51837,289.3473
Nasice,Nasice_2025-07-18_12-27_tf_1h,2021-10-06 03:00:00,288.869,288.90442
Nasice,Nasice_2025-07-18_12-27_tf_1h,2021-10-06 04:00:00,288.15002,288.17365
Nasice,Nasice_2025-07-18_12-27_tf_1h,2021-10-06 05:00:00,287.6052,287.46664
Nasice,Nasice_2025-07-18_12-27_tf_1h,2021-10-06 06:00:00,287.10056,287.1061
Nasice,Nasice_2025-07-18_12-27_tf_1h,2021-10-06 07:00:00,286.8776,286.88223
Nasice,Nasice_2025-07-18_12-27_tf_1h,2021-10-06 08:00:00,287.60782,287.5256
Nasice,Nasice_2025-07-18_12-27_tf_1h,2021-10-06 09:00:00,287.78644,288.78876
Nasice,Nasice_2025-07-18_12-27_tf_1h,2021-10-06 10:00:00,288.52643,288.12326
Nasice,Nasice_2025-07-18_12-27_tf_1h,2021-10-06 11:00:00,289.6759,289.2365
Nasice,Nasice_2025-07-18_12-27_tf_1h,2021-10-06 12:00:00,290.22903,290.54755
Nasice,Nasice_2025-07-18_12-27_tf_1h,2021-10-06 13:00:00,290.55392,290.65186
Nasice,Nasice_2025-07-18_12-27_tf_1h,2021-10-06 14:00:00,290.89758,290.6587
Nasice,Nasice_2025-07-18_12-27_tf_1h,2021-10-06 15:00:00,291.11493,290.92032
Nasice,Nasice_2025-07-18_12-27_tf_1h,2021-10-06 16:00:00,290.7735,290.97324
Nasice,Nasice_2025-07-18_12-27_tf_1h,2021-10-06 17:00:00,290.07938,290.18118
Nasice,Nasice_2025-07-18_12-27_tf_1h,2021-10-06 18:00:00,289.1243,289.1484
Nasice,Nasice_2025-07-18_12-27_tf_1h,2021-10-06 19:00:00,287.96014,288.03748
Nasice,Nasice_2025-07-18_12-27_tf_1h,2021-10-06 20:00:00,286.39554,286.88632
Nasice,Nasice_2025-07-18_12-27_tf_1h,2021-10-06 21:00:00,285.9428,285.21118
Nasice,Nasice_2025-07-18_12-27_tf_1h,2021-10-06 22:00:00,285.53482,285.4756
Nasice,Nasice_2025-07-18_12-27_tf_1h,2021-10-06 23:00:00,285.06894,285.11517
Nasice,Nasice_2025-07-18_12-27_tf_1h,2021-10-07 00:00:00,284.767,284.65808
Nasice,Nasice_2025-07-18_12-27_tf_1h,2021-10-07 01:00:00,284.6305,284.49927
Nasice,Nasice_2025-07-18_12-27_tf_1h,2021-10-07 02:00:00,284.576,284.4868
Nasice,Nasice_2025-07-18_12-27_tf_1h,2021-10-07 03:00:00,284.47748,284.47595
Nasice,Nasice_2025-07-18_12-27_tf_1h,2021-10-07 04:00:00,284.447,284.30194
Nasice,Nasice_2025-07-18_12-27_tf_1h,2021-10-07 05:00:00,284.54138,284.33392
Nasice,Nasice_2025-07-18_12-27_tf_1h,2021-10-07 06:00:00,284.67374,284.61908
Nasice,Nasice_2025-07-18_12-27_tf_1h,2021-10-07 07:00:00,284.7655,284.90076
Nasice,Nasice_2025-07-18_12-27_tf_1h,2021-10-07 08:00:00,284.54175,284.94858
Nasice,Nasice_2025-07-18_12-27_tf_1h,2021-10-07 09:00:00,284.74142,284.45844
Nasice,Nasice_2025-07-18_12-27_tf_1h,2021-10-07 10:00:00,285.06668,285.01364
Nasice,Nasice_2025-07-18_12-27_tf_1h,2021-10-07 11:00:00,285.74652,285.33398
Nasice,Nasice_2025-07-18_12-27_tf_1h,2021-10-07 12:00:00,286.58804,286.28598
Nasice,Nasice_2025-07-18_12-27_tf_1h,2021-10-07 13:00:00,287.50967,287.20465
Nasice,Nasice_2025-07-18_12-27_tf_1h,2021-10-07 14:00:00,287.93945,288.0895
Nasice,Nasice_2025-07-18_12-27_tf_1h,2021-10-07 15:00:00,287.718,288.07605
Nasice,Nasice_2025-07-18_12-27_tf_1h,2021-10-07 16:00:00,287.51306,287.25638
Nasice,Nasice_2025-07-18_12-27_tf_1h,2021-10-07 17:00:00,287.4386,286.944
Nasice,Nasice_2025-07-18_12-27_tf_1h,2021-10-07 18:00:00,287.1378,286.93332
Nasice,Nasice_2025-07-18_12-27_tf_1h,2021-10-07 19:00:00,286.66513,286.50555
Nasice,Nasice_2025-07-18_12-27_tf_1h,2021-10-07 20:00:00,285.35245,285.9991
Nasice,Nasice_2025-07-18_12-27_tf_1h,2021-10-07 21:00:00,285.11295,284.23834
Nasice,Nasice_2025-07-18_12-27_tf_1h,2021-10-07 22:00:00,284.92795,284.71835
Nasice,Nasice_2025-07-18_12-27_tf_1h,2021-10-07 23:00:00,284.84372,284.65155
Nasice,Nasice_2025-07-18_12-27_tf_1h,2021-10-08 00:00:00,284.6324,284.66077
Nasice,Nasice_2025-07-18_12-27_tf_1h,2021-10-08 01:00:00,284.50455,284.40372
Nasice,Nasice_2025-07-18_12-27_tf_1h,2021-10-08 02:00:00,284.41052,284.35016
Nasice,Nasice_2025-07-18_12-27_tf_1h,2021-10-08 03:00:00,284.30713,284.30676
Nasice,Nasice_2025-07-18_12-27_tf_1h,2021-10-08 04:00:00,284.15295,284.20856
Nasice,Nasice_2025-07-18_12-27_tf_1h,2021-10-08 05:00:00,283.90854,284.02686
Nasice,Nasice_2025-07-18_12-27_tf_1h,2021-10-08 06:00:00,283.6205,283.72363
Nasice,Nasice_2025-07-18_12-27_tf_1h,2021-10-08 07:00:00,283.1817,283.4445
Nasice,Nasice_2025-07-18_12-27_tf_1h,2021-10-08 08:00:00,283.2994,282.91238
Nasice,Nasice_2025-07-18_12-27_tf_1h,2021-10-08 09:00:00,283.5066,283.6374
Nasice,Nasice_2025-07-18_12-27_tf_1h,2021-10-08 10:00:00,283.76755,283.7741
Nasice,Nasice_2025-07-18_12-27_tf_1h,2021-10-08 11:00:00,284.1007,284.03983
Nasice,Nasice_2025-07-18_12-27_tf_1h,2021-10-08 12:00:00,284.6384,284.36676
Nasice,Nasice_2025-07-18_12-27_tf_1h,2021-10-08 13:00:00,285.09036,285.0129
Nasice,Nasice_2025-07-18_12-27_tf_1h,2021-10-08 14:00:00,285.15317,285.3536
Nasice,Nasice_2025-07-18_12-27_tf_1h,2021-10-08 15:00:00,285.0821,285.04932
Nasice,Nasice_2025-07-18_12-27_tf_1h,2021-10-08 16:00:00,284.74594,284.7931
Nasice,Nasice_2025-07-18_12-27_tf_1h,2021-10-08 17:00:00,284.36542,284.25363
Nasice,Nasice_2025-07-18_12-27_tf_1h,2021-10-08 18:00:00,284.03564,283.86655
Nasice,Nasice_2025-07-18_12-27_tf_1h,2021-10-08 19:00:00,283.8371,283.61667
Nasice,Nasice_2025-07-18_12-27_tf_1h,2021-10-08 20:00:00,283.9266,283.56647
Nasice,Nasice_2025-07-18_12-27_tf_1h,2021-10-08 21:00:00,283.6769,283.89743
Nasice,Nasice_2025-07-18_12-27_tf_1h,2021-10-08 22:00:00,283.3761,283.396
Nasice,Nasice_2025-07-18_12-27_tf_1h,2021-10-08 23:00:00,283.1046,283.05057
Nasice,Nasice_2025-07-18_12-27_tf_1h,2021-10-09 00:00:00,282.98843,282.81522
Nasice,Nasice_2025-07-18_12-27_tf_1h,2021-10-09 01:00:00,282.7444,282.82047
Nasice,Nasice_2025-07-18_12-27_tf_1h,2021-10-09 02:00:00,282.4605,282.4783
Nasice,Nasice_2025-07-18_12-27_tf_1h,2021-10-09 03:00:00,282.0514,282.172
Nasice,Nasice_2025-07-18_12-27_tf_1h,2021-10-09 04:00:00,281.77353,281.69305
Nasice,Nasice_2025-07-18_12-27_tf_1h,2021-10-09 05:00:00,281.5795,281.57047
Nasice,Nasice_2025-07-18_12-27_tf_1h,2021-10-09 06:00:00,281.37946,281.48117
Nasice,Nasice_2025-07-18_12-27_tf_1h,2021-10-09 07:00:00,281.487,281.29565
Nasice,Nasice_2025-07-18_12-27_tf_1h,2021-10-09 08:00:00,281.84497,281.71262
Nasice,Nasice_2025-07-18_12-27_tf_1h,2021-10-09 09:00:00,282.2518,282.24686
Nasice,Nasice_2025-07-18_12-27_tf_1h,2021-10-09 10:00:00,282.70154,282.6464
Nasice,Nasice_2025-07-18_12-27_tf_1h,2021-10-09 11:00:00,283.1238,283.0825
Nasice,Nasice_2025-07-18_12-27_tf_1h,2021-10-09 12:00:00,283.51184,283.41135
Nasice,Nasice_2025-07-18_12-27_tf_1h,2021-10-09 13:00:00,283.80814,283.72177
Nasice,Nasice_2025-07-18_12-27_tf_1h,2021-10-09 14:00:00,283.6491,283.91464
Nasice,Nasice_2025-07-18_12-27_tf_1h,2021-10-09 15:00:00,283.34378,283.36246
Nasice,Nasice_2025-07-18_12-27_tf_1h,2021-10-09 16:00:00,282.61166,282.94885
Nasice,Nasice_2025-07-18_12-27_tf_1h,2021-10-09 17:00:00,282.277,281.8924
Nasice,Nasice_2025-07-18_12-27_tf_1h,2021-10-09 18:00:00,282.10706,281.89145
Nasice,Nasice_2025-07-18_12-27_tf_1h,2021-10-09 19:00:00,282.0123,281.8465
Nasice,Nasice_2025-07-18_12-27_tf_1h,2021-10-09 20:00:00,281.7137,281.82614
Nasice,Nasice_2025-07-18_12-27_tf_1h,2021-10-09 21:00:00,281.55356,281.39008
Nasice,Nasice_2025-07-18_12-27_tf_1h,2021-10-09 22:00:00,281.3817,281.33926
Nasice,Nasice_2025-07-18_12-27_tf_1h,2021-10-09 23:00:00,281.24182,281.15933
Nasice,Nasice_2025-07-18_12-27_tf_1h,2021-10-10 00:00:00,281.18393,281.05316
Nasice,Nasice_2025-07-18_12-27_tf_1h,2021-10-10 01:00:00,281.10043,281.06516
Nasice,Nasice_2025-07-18_12-27_tf_1h,2021-10-10 02:00:00,281.07336,280.98413
Nasice,Nasice_2025-07-18_12-27_tf_1h,2021-10-10 03:00:00,281.0527,281.03473
Nasice,Nasice_2025-07-18_12-27_tf_1h,2021-10-10 04:00:00,281.0617,281.04034
Nasice,Nasice_2025-07-18_12-27_tf_1h,2021-10-10 05:00:00,281.02148,281.10315
Nasice,Nasice_2025-07-18_12-27_tf_1h,2021-10-10 06:00:00,281.0241,281.0515
Nasice,Nasice_2025-07-18_12-27_tf_1h,2021-10-10 07:00:00,281.15347,281.13495
Nasice,Nasice_2025-07-18_12-27_tf_1h,2021-10-10 08:00:00,281.0617,281.36136
Nasice,Nasice_2025-07-18_12-27_tf_1h,2021-10-10 09:00:00,281.11096,281.01782
Nasice,Nasice_2025-07-18_12-27_tf_1h,2021-10-10 10:00:00,281.19293,281.16086
Nasice,Nasice_2025-07-18_12-27_tf_1h,2021-10-10 11:00:00,281.12714,281.2185
Nasice,Nasice_2025-07-18_12-27_tf_1h,2021-10-10 12:00:00,281.17603,280.9851
Nasice,Nasice_2025-07-18_12-27_tf_1h,2021-10-10 13:00:00,281.38208,281.11334
Nasice,Nasice_2025-07-18_12-27_tf_1h,2021-10-10 14:00:00,281.5137,281.4393
Nasice,Nasice_2025-07-18_12-27_tf_1h,2021-10-10 15:00:00,281.4904,281.51187
Nasice,Nasice_2025-07-18_12-27_tf_1h,2021-10-10 16:00:00,281.42984,281.36053
Nasice,Nasice_2025-07-18_12-27_tf_1h,2021-10-10 17:00:00,281.34485,281.2727
Nasice,Nasice_2025-07-18_12-27_tf_1h,2021-10-10 18:00:00,281.30124,281.16574
Nasice,Nasice_2025-07-18_12-27_tf_1h,2021-10-10 19:00:00,281.35312,281.16064
Nasice,Nasice_2025-07-18_12-27_tf_1h,2021-10-10 20:00:00,281.2813,281.30038
Nasice,Nasice_2025-07-18_12-27_tf_1h,2021-10-10 21:00:00,281.3129,281.12958
Nasice,Nasice_2025-07-18_12-27_tf_1h,2021-10-10 22:00:00,281.31665,281.25644
Nasice,Nasice_2025-07-18_12-27_tf_1h,2021-10-10 23:00:00,281.3283,281.24045
Nasice,Nasice_2025-07-18_12-27_tf_1h,2021-10-11 00:00:00,281.3926,281.2611
Nasice,Nasice_2025-07-18_12-27_tf_1h,2021-10-11 01:00:00,281.42645,281.37305
Nasice,Nasice_2025-07-18_12-27_tf_1h,2021-10-11 02:00:00,281.48773,281.38055
Nasice,Nasice_2025-07-18_12-27_tf_1h,2021-10-11 03:00:00,281.53775,281.463
Nasice,Nasice_2025-07-18_12-27_tf_1h,2021-10-11 04:00:00,281.5761,281.50436
Nasice,Nasice_2025-07-18_12-27_tf_1h,2021-10-11 05:00:00,281.58212,281.5327
Nasice,Nasice_2025-07-18_12-27_tf_1h,2021-10-11 06:00:00,281.60806,281.51266
Nasice,Nasice_2025-07-18_12-27_tf_1h,2021-10-11 07:00:00,281.6893,281.5557
Nasice,Nasice_2025-07-18_12-27_tf_1h,2021-10-11 08:00:00,281.9916,281.6906
Nasice,Nasice_2025-07-18_12-27_tf_1h,2021-10-11 09:00:00,282.23715,282.17624
Nasice,Nasice_2025-07-18_12-27_tf_1h,2021-10-11 10:00:00,282.5184,282.36118
Nasice,Nasice_2025-07-18_12-27_tf_1h,2021-10-11 11:00:00,282.7177,282.65375
Nasice,Nasice_2025-07-18_12-27_tf_1h,2021-10-11 12:00:00,283.0644,282.77414
Nasice,Nasice_2025-07-18_12-27_tf_1h,2021-10-11 13:00:00,283.2633,283.2191
Nasice,Nasice_2025-07-18_12-27_tf_1h,2021-10-11 14:00:00,283.4825,283.28625
Nasice,Nasice_2025-07-18_12-27_tf_1h,2021-10-11 15:00:00,283.58517,283.50137
Nasice,Nasice_2025-07-18_12-27_tf_1h,2021-10-11 16:00:00,283.27307,283.51028
Nasice,Nasice_2025-07-18_12-27_tf_1h,2021-10-11 17:00:00,282.9591,282.86673
Nasice,Nasice_2025-07-18_12-27_tf_1h,2021-10-11 18:00:00,282.72598,282.55002
Nasice,Nasice_2025-07-18_12-27_tf_1h,2021-10-11 19:00:00,282.56653,282.3882
Nasice,Nasice_2025-07-18_12-27_tf_1h,2021-10-11 20:00:00,282.46503,282.3076
Nasice,Nasice_2025-07-18_12-27_tf_1h,2021-10-11 21:00:00,282.44208,282.27304
Nasice,Nasice_2025-07-18_12-27_tf_1h,2021-10-11 22:00:00,282.42892,282.33228
Nasice,Nasice_2025-07-18_12-27_tf_1h,2021-10-11 23:00:00,282.38718,282.33954
Nasice,Nasice_2025-07-18_12-27_tf_1h,2021-10-12 00:00:00,282.30823,282.27655
Nasice,Nasice_2025-07-18_12-27_tf_1h,2021-10-12 01:00:00,282.18524,282.17514
Nasice,Nasice_2025-07-18_12-27_tf_1h,2021-10-12 02:00:00,281.93332,282.02512
Nasice,Nasice_2025-07-18_12-27_tf_1h,2021-10-12 03:00:00,281.38583,281.68436
Nasice,Nasice_2025-07-18_12-27_tf_1h,2021-10-12 04:00:00,280.92636,280.9205
Nasice,Nasice_2025-07-18_12-27_tf_1h,2021-10-12 05:00:00,280.85904,280.59238
Nasice,Nasice_2025-07-18_12-27_tf_1h,2021-10-12 06:00:00,280.74774,280.89618
Nasice,Nasice_2025-07-18_12-27_tf_1h,2021-10-12 07:00:00,281.04742,280.72302
Nasice,Nasice_2025-07-18_12-27_tf_1h,2021-10-12 08:00:00,282.54434,281.39618
Nasice,Nasice_2025-07-18_12-27_tf_1h,2021-10-12 09:00:00,284.121,283.8129
Nasice,Nasice_2025-07-18_12-27_tf_1h,2021-10-12 10:00:00,285.6168,285.3882
Nasice,Nasice_2025-07-18_12-27_tf_1h,2021-10-12 11:00:00,286.37073,286.6242
Nasice,Nasice_2025-07-18_12-27_tf_1h,2021-10-12 12:00:00,286.97913,286.90454
Nasice,Nasice_2025-07-18_12-27_tf_1h,2021-10-12 13:00:00,287.31827,287.29178
Nasice,Nasice_2025-07-18_12-27_tf_1h,2021-10-12 14:00:00,287.3886,287.3812
Nasice,Nasice_2025-07-18_12-27_tf_1h,2021-10-12 15:00:00,287.12048,287.14243
Nasice,Nasice_2025-07-18_12-27_tf_1h,2021-10-12 16:00:00,286.51813,286.53552
Nasice,Nasice_2025-07-18_12-27_tf_1h,2021-10-12 17:00:00,285.72885,285.63467
Nasice,Nasice_2025-07-18_12-27_tf_1h,2021-10-12 18:00:00,284.73352,284.786
Nasice,Nasice_2025-07-18_12-27_tf_1h,2021-10-12 19:00:00,284.0736,283.75043
Nasice,Nasice_2025-07-18_12-27_tf_1h,2021-10-12 20:00:00,283.44003,283.35278
Nasice,Nasice_2025-07-18_12-27_tf_1h,2021-10-12 21:00:00,282.7944,282.80194
Nasice,Nasice_2025-07-18_12-27_tf_1h,2021-10-12 22:00:00,281.9668,282.21127
Nasice,Nasice_2025-07-18_12-27_tf_1h,2021-10-12 23:00:00,281.0023,281.3224
Nasice,Nasice_2025-07-18_12-27_tf_1h,2021-10-13 00:00:00,280.14838,280.3058
Nasice,Nasice_2025-07-18_12-27_tf_1h,2021-10-13 01:00:00,279.5362,279.5428
Nasice,Nasice_2025-07-18_12-27_tf_1h,2021-10-13 02:00:00,279.28653,279.1112
Nasice,Nasice_2025-07-18_12-27_tf_1h,2021-10-13 03:00:00,279.0128,279.20792
Nasice,Nasice_2025-07-18_12-27_tf_1h,2021-10-13 04:00:00,279.07785,278.88437
Nasice,Nasice_2025-07-18_12-27_tf_1h,2021-10-13 05:00:00,279.50424,279.41162
Nasice,Nasice_2025-07-18_12-27_tf_1h,2021-10-13 06:00:00,279.9205,280.52927
Nasice,Nasice_2025-07-18_12-27_tf_1h,2021-10-13 07:00:00,280.77405,280.91574
Nasice,Nasice_2025-07-18_12-27_tf_1h,2021-10-13 08:00:00,281.83932,281.9157
Nasice,Nasice_2025-07-18_12-27_tf_1h,2021-10-13 09:00:00,282.67407,282.84332
Nasice,Nasice_2025-07-18_12-27_tf_1h,2021-10-13 10:00:00,282.57068,283.3263
Nasice,Nasice_2025-07-18_12-27_tf_1h,2021-10-13 11:00:00,281.83066,282.28452
Nasice,Nasice_2025-07-18_12-27_tf_1h,2021-10-13 12:00:00,281.96567,281.04633
Nasice,Nasice_2025-07-18_12-27_tf_1h,2021-10-13 13:00:00,282.17584,281.95575
Nasice,Nasice_2025-07-18_12-27_tf_1h,2021-10-13 14:00:00,283.18698,282.13593
Nasice,Nasice_2025-07-18_12-27_tf_1h,2021-10-13 15:00:00,283.67578,283.82047
Nasice,Nasice_2025-07-18_12-27_tf_1h,2021-10-13 16:00:00,283.654,283.87448
Nasice,Nasice_2025-07-18_12-27_tf_1h,2021-10-13 17:00:00,282.779,283.38995
Nasice,Nasice_2025-07-18_12-27_tf_1h,2021-10-13 18:00:00,281.68402,281.87268
Nasice,Nasice_2025-07-18_12-27_tf_1h,2021-10-13 19:00:00,280.8538,280.65167
Nasice,Nasice_2025-07-18_12-27_tf_1h,2021-10-13 20:00:00,280.39502,280.00967
Nasice,Nasice_2025-07-18_12-27_tf_1h,2021-10-13 21:00:00,280.04535,279.83984
Nasice,Nasice_2025-07-18_12-27_tf_1h,2021-10-13 22:00:00,279.6366,279.6467
Nasice,Nasice_2025-07-18_12-27_tf_1h,2021-10-13 23:00:00,279.19254,279.27847
Nasice,Nasice_2025-07-18_12-27_tf_1h,2021-10-14 00:00:00,278.80975,278.83255
Nasice,Nasice_2025-07-18_12-27_tf_1h,2021-10-14 01:00:00,278.45102,278.52832
Nasice,Nasice_2025-07-18_12-27_tf_1h,2021-10-14 02:00:00,278.10507,278.2249
Nasice,Nasice_2025-07-18_12-27_tf_1h,2021-10-14 03:00:00,277.81253,277.9568
Nasice,Nasice_2025-07-18_12-27_tf_1h,2021-10-14 04:00:00,277.56287,277.78278
Nasice,Nasice_2025-07-18_12-27_tf_1h,2021-10-14 05:00:00,277.26657,277.60498
Nasice,Nasice_2025-07-18_12-27_tf_1h,2021-10-14 06:00:00,277.02893,277.27463
Nasice,Nasice_2025-07-18_12-27_tf_1h,2021-10-14 07:00:00,277.4087,277.0851
Nasice,Nasice_2025-07-18_12-27_tf_1h,2021-10-14 08:00:00,279.25006,278.0173
Nasice,Nasice_2025-07-18_12-27_tf_1h,2021-10-14 09:00:00,280.79062,280.97943
Nasice,Nasice_2025-07-18_12-27_tf_1h,2021-10-14 10:00:00,282.04727,282.0234
Nasice,Nasice_2025-07-18_12-27_tf_1h,2021-10-14 11:00:00,282.74515,282.95636
Nasice,Nasice_2025-07-18_12-27_tf_1h,2021-10-14 12:00:00,283.43362,283.1625
Nasice,Nasice_2025-07-18_12-27_tf_1h,2021-10-14 13:00:00,283.70663,283.81354
Nasice,Nasice_2025-07-18_12-27_tf_1h,2021-10-14 14:00:00,283.87997,283.705
Nasice,Nasice_2025-07-18_12-27_tf_1h,2021-10-14 15:00:00,283.57013,283.69678
Nasice,Nasice_2025-07-18_12-27_tf_1h,2021-10-14 16:00:00,283.27948,282.9849
Nasice,Nasice_2025-07-18_12-27_tf_1h,2021-10-14 17:00:00,282.58197,282.68146
Nasice,Nasice_2025-07-18_12-27_tf_1h,2021-10-14 18:00:00,281.86,281.7726
Nasice,Nasice_2025-07-18_12-27_tf_1h,2021-10-14 19:00:00,281.40765,281.07523
Nasice,Nasice_2025-07-18_12-27_tf_1h,2021-10-14 20:00:00,279.8122,280.8214
Nasice,Nasice_2025-07-18_12-27_tf_1h,2021-10-14 21:00:00,278.63263,278.6152
Nasice,Nasice_2025-07-18_12-27_tf_1h,2021-10-14 22:00:00,278.25436,277.7304
Nasice,Nasice_2025-07-18_12-27_tf_1h,2021-10-14 23:00:00,278.87518,277.8703
Nasice,Nasice_2025-07-18_12-27_tf_1h,2021-10-15 00:00:00,278.2743,279.19333
Nasice,Nasice_2025-07-18_12-27_tf_1h,2021-10-15 01:00:00,276.31073,277.90295
Nasice,Nasice_2025-07-18_12-27_tf_1h,2021-10-15 02:00:00,275.485,274.9046
Nasice,Nasice_2025-07-18_12-27_tf_1h,2021-10-15 03:00:00,275.65195,275.0327
Nasice,Nasice_2025-07-18_12-27_tf_1h,2021-10-15 04:00:00,275.14545,276.04126
Nasice,Nasice_2025-07-18_12-27_tf_1h,2021-10-15 05:00:00,274.83936,274.8388
Nasice,Nasice_2025-07-18_12-27_tf_1h,2021-10-15 06:00:00,275.29922,275.77637
Nasice,Nasice_2025-07-18_12-27_tf_1h,2021-10-15 07:00:00,275.76736,276.94772
Nasice,Nasice_2025-07-18_12-27_tf_1h,2021-10-15 08:00:00,277.51474,276.90347
Nasice,Nasice_2025-07-18_12-27_tf_1h,2021-10-15 09:00:00,278.40515,279.52975
Nasice,Nasice_2025-07-18_12-27_tf_1h,2021-10-15 10:00:00,279.4708,279.04712
Nasice,Nasice_2025-07-18_12-27_tf_1h,2021-10-15 11:00:00,280.76352,280.38907
Nasice,Nasice_2025-07-18_12-27_tf_1h,2021-10-15 12:00:00,282.12283,281.76242
Nasice,Nasice_2025-07-18_12-27_tf_1h,2021-10-15 13:00:00,283.17758,283.10187
Nasice,Nasice_2025-07-18_12-27_tf_1h,2021-10-15 14:00:00,283.77243,283.81378
Nasice,Nasice_2025-07-18_12-27_tf_1h,2021-10-15 15:00:00,283.85553,284.0215
Nasice,Nasice_2025-07-18_12-27_tf_1h,2021-10-15 16:00:00,283.61337,283.62396
Nasice,Nasice_2025-07-18_12-27_tf_1h,2021-10-15 17:00:00,282.93692,283.05057
Nasice,Nasice_2025-07-18_12-27_tf_1h,2021-10-15 18:00:00,282.6391,282.0277
Nasice,Nasice_2025-07-18_12-27_tf_1h,2021-10-15 19:00:00,282.4387,282.0314
Nasice,Nasice_2025-07-18_12-27_tf_1h,2021-10-15 20:00:00,282.56918,281.95047
Nasice,Nasice_2025-07-18_12-27_tf_1h,2021-10-15 21:00:00,282.4921,282.34174
Nasice,Nasice_2025-07-18_12-27_tf_1h,2021-10-15 22:00:00,282.46426,282.20657
Nasice,Nasice_2025-07-18_12-27_tf_1h,2021-10-15 23:00:00,282.3398,282.20392
Nasice,Nasice_2025-07-18_12-27_tf_1h,2021-10-16 00:00:00,282.13977,282.0306
Nasice,Nasice_2025-07-18_12-27_tf_1h,2021-10-16 01:00:00,281.93594,281.79507
Nasice,Nasice_2025-07-18_12-27_tf_1h,2021-10-16 02:00:00,281.8495,281.5916
Nasice,Nasice_2025-07-18_12-27_tf_1h,2021-10-16 03:00:00,281.6968,281.60074
Nasice,Nasice_2025-07-18_12-27_tf_1h,2021-10-16 04:00:00,281.47986,281.45676
Nasice,Nasice_2025-07-18_12-27_tf_1h,2021-10-16 05:00:00,281.4287,281.25293
Nasice,Nasice_2025-07-18_12-27_tf_1h,2021-10-16 06:00:00,281.29935,281.3963
Nasice,Nasice_2025-07-18_12-27_tf_1h,2021-10-16 07:00:00,281.3979,281.27167
Nasice,Nasice_2025-07-18_12-27_tf_1h,2021-10-16 08:00:00,281.37192,281.6711
Nasice,Nasice_2025-07-18_12-27_tf_1h,2021-10-16 09:00:00,282.45636,281.49957
Nasice,Nasice_2025-07-18_12-27_tf_1h,2021-10-16 10:00:00,283.41257,283.65887
Nasice,Nasice_2025-07-18_12-27_tf_1h,2021-10-16 11:00:00,284.81363,284.2602
Nasice,Nasice_2025-07-18_12-27_tf_1h,2021-10-16 12:00:00,286.56024,285.79803
Nasice,Nasice_2025-07-18_12-27_tf_1h,2021-10-16 13:00:00,287.3243,287.72925
Nasice,Nasice_2025-07-18_12-27_tf_1h,2021-10-16 14:00:00,287.7488,287.8458
Nasice,Nasice_2025-07-18_12-27_tf_1h,2021-10-16 15:00:00,287.78717,287.8606
Nasice,Nasice_2025-07-18_12-27_tf_1h,2021-10-16 16:00:00,287.31564,287.54767
Nasice,Nasice_2025-07-18_12-27_tf_1h,2021-10-16 17:00:00,286.3034,286.60266
Nasice,Nasice_2025-07-18_12-27_tf_1h,2021-10-16 18:00:00,284.96817,285.13507
Nasice,Nasice_2025-07-18_12-27_tf_1h,2021-10-16 19:00:00,283.12756,283.7273
Nasice,Nasice_2025-07-18_12-27_tf_1h,2021-10-16 20:00:00,281.82617,281.73947
Nasice,Nasice_2025-07-18_12-27_tf_1h,2021-10-16 21:00:00,281.13916,280.82797
Nasice,Nasice_2025-07-18_12-27_tf_1h,2021-10-16 22:00:00,280.33337,280.5469
Nasice,Nasice_2025-07-18_12-27_tf_1h,2021-10-16 23:00:00,279.69565,279.7619
Nasice,Nasice_2025-07-18_12-27_tf_1h,2021-10-17 00:00:00,279.1756,279.27515
Nasice,Nasice_2025-07-18_12-27_tf_1h,2021-10-17 01:00:00,278.77704,278.8571
Nasice,Nasice_2025-07-18_12-27_tf_1h,2021-10-17 02:00:00,278.4484,278.5734
Nasice,Nasice_2025-07-18_12-27_tf_1h,2021-10-17 03:00:00,278.17953,278.30875
Nasice,Nasice_2025-07-18_12-27_tf_1h,2021-10-17 04:00:00,277.92987,278.0908
Nasice,Nasice_2025-07-18_12-27_tf_1h,2021-10-17 05:00:00,277.59897,277.8548
Nasice,Nasice_2025-07-18_12-27_tf_1h,2021-10-17 06:00:00,277.4279,277.7189
Nasice,Nasice_2025-07-18_12-27_tf_1h,2021-10-17 07:00:00,278.3273,278.42245
Nasice,Nasice_2025-07-18_12-27_tf_1h,2021-10-17 08:00:00,280.44354,280.09592
Nasice,Nasice_2025-07-18_12-27_tf_1h,2021-10-17 09:00:00,282.77298,282.20615
Nasice,Nasice_2025-07-18_12-27_tf_1h,2021-10-17 10:00:00,284.74405,284.569
Nasice,Nasice_2025-07-18_12-27_tf_1h,2021-10-17 11:00:00,286.3331,286.15793
Nasice,Nasice_2025-07-18_12-27_tf_1h,2021-10-17 12:00:00,287.4781,287.3054
Nasice,Nasice_2025-07-18_12-27_tf_1h,2021-10-17 13:00:00,288.08875,288.07913
Nasice,Nasice_2025-07-18_12-27_tf_1h,2021-10-17 14:00:00,288.3463,288.3054
Nasice,Nasice_2025-07-18_12-27_tf_1h,2021-10-17 15:00:00,288.33954,288.3161
Nasice,Nasice_2025-07-18_12-27_tf_1h,2021-10-17 16:00:00,287.87253,288.06815
Nasice,Nasice_2025-07-18_12-27_tf_1h,2021-10-17 17:00:00,286.76816,287.14233
Nasice,Nasice_2025-07-18_12-27_tf_1h,2021-10-17 18:00:00,285.27386,285.49088
Nasice,Nasice_2025-07-18_12-27_tf_1h,2021-10-17 19:00:00,283.88074,283.86148
Nasice,Nasice_2025-07-18_12-27_tf_1h,2021-10-17 20:00:00,283.9999,282.68695
Nasice,Nasice_2025-07-18_12-27_tf_1h,2021-10-17 21:00:00,284.2357,283.65164
Nasice,Nasice_2025-07-18_12-27_tf_1h,2021-10-17 22:00:00,283.68707,284.0503
Nasice,Nasice_2025-07-18_12-27_tf_1h,2021-10-17 23:00:00,282.1014,283.17554
Nasice,Nasice_2025-07-18_12-27_tf_1h,2021-10-18 00:00:00,282.00815,281.01932
Nasice,Nasice_2025-07-18_12-27_tf_1h,2021-10-18 01:00:00,281.64154,281.7973
Nasice,Nasice_2025-07-18_12-27_tf_1h,2021-10-18 02:00:00,281.28506,281.35614
Nasice,Nasice_2025-07-18_12-27_tf_1h,2021-10-18 03:00:00,280.67667,281.01334
Nasice,Nasice_2025-07-18_12-27_tf_1h,2021-10-18 04:00:00,280.29803,280.231
Nasice,Nasice_2025-07-18_12-27_tf_1h,2021-10-18 05:00:00,280.27658,280.04504
Nasice,Nasice_2025-07-18_12-27_tf_1h,2021-10-18 06:00:00,280.0833,280.6568
Nasice,Nasice_2025-07-18_12-27_tf_1h,2021-10-18 07:00:00,280.104,280.8319
Nasice,Nasice_2025-07-18_12-27_tf_1h,2021-10-18 08:00:00,280.1288,280.88904
Nasice,Nasice_2025-07-18_12-27_tf_1h,2021-10-18 09:00:00,283.65024,280.43405
Nasice,Nasice_2025-07-18_12-27_tf_1h,2021-10-18 10:00:00,285.88715,286.07538
Nasice,Nasice_2025-07-18_12-27_tf_1h,2021-10-18 11:00:00,287.35965,287.58398
Nasice,Nasice_2025-07-18_12-27_tf_1h,2021-10-18 12:00:00,288.03986,288.21725
Nasice,Nasice_2025-07-18_12-27_tf_1h,2021-10-18 13:00:00,288.35345,288.40173
Nasice,Nasice_2025-07-18_12-27_tf_1h,2021-10-18 14:00:00,288.46814,288.45557
Nasice,Nasice_2025-07-18_12-27_tf_1h,2021-10-18 15:00:00,288.37,288.39935
Nasice,Nasice_2025-07-18_12-27_tf_1h,2021-10-18 16:00:00,287.7526,287.99313
Nasice,Nasice_2025-07-18_12-27_tf_1h,2021-10-18 17:00:00,286.38538,286.8858
Nasice,Nasice_2025-07-18_12-27_tf_1h,2021-10-18 18:00:00,285.06555,284.96893
Nasice,Nasice_2025-07-18_12-27_tf_1h,2021-10-18 19:00:00,283.89163,283.84357
Nasice,Nasice_2025-07-18_12-27_tf_1h,2021-10-18 20:00:00,282.50375,282.81192
Nasice,Nasice_2025-07-18_12-27_tf_1h,2021-10-18 21:00:00,281.34372,281.40335
Nasice,Nasice_2025-07-18_12-27_tf_1h,2021-10-18 22:00:00,280.30365,280.47928
Nasice,Nasice_2025-07-18_12-27_tf_1h,2021-10-18 23:00:00,279.52643,279.58524
Nasice,Nasice_2025-07-18_12-27_tf_1h,2021-10-19 00:00:00,279.08273,279.00745
Nasice,Nasice_2025-07-18_12-27_tf_1h,2021-10-19 01:00:00,278.56534,278.7974
Nasice,Nasice_2025-07-18_12-27_tf_1h,2021-10-19 02:00:00,278.19156,278.26636
Nasice,Nasice_2025-07-18_12-27_tf_1h,2021-10-19 03:00:00,278.3826,278.00803
Nasice,Nasice_2025-07-18_12-27_tf_1h,2021-10-19 04:00:00,277.8742,278.67288
Nasice,Nasice_2025-07-18_12-27_tf_1h,2021-10-19 05:00:00,277.8573,277.33667
Nasice,Nasice_2025-07-18_12-27_tf_1h,2021-10-19 06:00:00,277.83737,279.43457
Nasice,Nasice_2025-07-18_12-27_tf_1h,2021-10-19 07:00:00,277.9137,278.71896
Nasice,Nasice_2025-07-18_12-27_tf_1h,2021-10-19 08:00:00,280.1322,279.0546
Nasice,Nasice_2025-07-18_12-27_tf_1h,2021-10-19 09:00:00,283.07492,282.04385
Nasice,Nasice_2025-07-18_12-27_tf_1h,2021-10-19 10:00:00,285.28177,285.2181
Nasice,Nasice_2025-07-18_12-27_tf_1h,2021-10-19 11:00:00,286.69034,286.7792
Nasice,Nasice_2025-07-18_12-27_tf_1h,2021-10-19 12:00:00,287.6202,287.49857
Nasice,Nasice_2025-07-18_12-27_tf_1h,2021-10-19 13:00:00,288.08875,288.0521
Nasice,Nasice_2025-07-18_12-27_tf_1h,2021-10-19 14:00:00,288.3136,288.22693
Nasice,Nasice_2025-07-18_12-27_tf_1h,2021-10-19 15:00:00,288.25644,288.27362
Nasice,Nasice_2025-07-18_12-27_tf_1h,2021-10-19 16:00:00,287.63412,287.9506
Nasice,Nasice_2025-07-18_12-27_tf_1h,2021-10-19 17:00:00,285.93378,286.79733
Nasice,Nasice_2025-07-18_12-27_tf_1h,2021-10-19 18:00:00,284.7369,284.3258
Nasice,Nasice_2025-07-18_12-27_tf_1h,2021-10-19 19:00:00,283.84048,283.54712
Nasice,Nasice_2025-07-18_12-27_tf_1h,2021-10-19 20:00:00,283.0174,282.8545
Nasice,Nasice_2025-07-18_12-27_tf_1h,2021-10-19 21:00:00,281.88144,282.16626
Nasice,Nasice_2025-07-18_12-27_tf_1h,2021-10-19 22:00:00,280.84775,280.9803
Nasice,Nasice_2025-07-18_12-27_tf_1h,2021-10-19 23:00:00,280.25552,280.0913
Nasice,Nasice_2025-07-18_12-27_tf_1h,2021-10-20 00:00:00,279.96674,279.81107
Nasice,Nasice_2025-07-18_12-27_tf_1h,2021-10-20 01:00:00,279.54337,279.74704
Nasice,Nasice_2025-07-18_12-27_tf_1h,2021-10-20 02:00:00,279.45422,279.27826
Nasice,Nasice_2025-07-18_12-27_tf_1h,2021-10-20 03:00:00,278.99963,279.46045
Nasice,Nasice_2025-07-18_12-27_tf_1h,2021-10-20 04:00:00,278.7635,278.62256
Nasice,Nasice_2025-07-18_12-27_tf_1h,2021-10-20 05:00:00,278.52774,278.70462
Nasice,Nasice_2025-07-18_12-27_tf_1h,2021-10-20 06:00:00,278.34198,279.033
Nasice,Nasice_2025-07-18_12-27_tf_1h,2021-10-20 07:00:00,278.85675,279.76328
Nasice,Nasice_2025-07-18_12-27_tf_1h,2021-10-20 08:00:00,281.2843,280.02835
Nasice,Nasice_2025-07-18_12-27_tf_1h,2021-10-20 09:00:00,284.4628,283.2914
Nasice,Nasice_2025-07-18_12-27_tf_1h,2021-10-20 10:00:00,287.41302,286.6684
Nasice,Nasice_2025-07-18_12-27_tf_1h,2021-10-20 11:00:00,289.62704,289.35855
Nasice,Nasice_2025-07-18_12-27_tf_1h,2021-10-20 12:00:00,291.14954,290.94778
Nasice,Nasice_2025-07-18_12-27_tf_1h,2021-10-20 13:00:00,292.09183,291.90622
Nasice,Nasice_2025-07-18_12-27_tf_1h,2021-10-20 14:00:00,292.54532,292.4826
Nasice,Nasice_2025-07-18_12-27_tf_1h,2021-10-20 15:00:00,292.34265,292.6226
Nasice,Nasice_2025-07-18_12-27_tf_1h,2021-10-20 16:00:00,291.0232,292.0263
Nasice,Nasice_2025-07-18_12-27_tf_1h,2021-10-20 17:00:00,288.85883,289.70978
Nasice,Nasice_2025-07-18_12-27_tf_1h,2021-10-20 18:00:00,287.2728,286.98154
Nasice,Nasice_2025-07-18_12-27_tf_1h,2021-10-20 19:00:00,286.103,286.02713
Nasice,Nasice_2025-07-18_12-27_tf_1h,2021-10-20 20:00:00,285.8251,285.0545
Nasice,Nasice_2025-07-18_12-27_tf_1h,2021-10-20 21:00:00,285.53897,285.1996
Nasice,Nasice_2025-07-18_12-27_tf_1h,2021-10-20 22:00:00,285.01215,284.9807
Nasice,Nasice_2025-07-18_12-27_tf_1h,2021-10-20 23:00:00,284.72488,284.4413
Nasice,Nasice_2025-07-18_12-27_tf_1h,2021-10-21 00:00:00,284.58386,284.3518
Nasice,Nasice_2025-07-18_12-27_tf_1h,2021-10-21 01:00:00,284.36502,284.36288
Nasice,Nasice_2025-07-18_12-27_tf_1h,2021-10-21 02:00:00,284.00705,284.14346
Nasice,Nasice_2025-07-18_12-27_tf_1h,2021-10-21 03:00:00,283.70325,283.73462
Nasice,Nasice_2025-07-18_12-27_tf_1h,2021-10-21 04:00:00,283.53217,283.4607
Nasice,Nasice_2025-07-18_12-27_tf_1h,2021-10-21 05:00:00,283.35992,283.32016
Nasice,Nasice_2025-07-18_12-27_tf_1h,2021-10-21 06:00:00,283.22757,283.30734
Nasice,Nasice_2025-07-18_12-27_tf_1h,2021-10-21 07:00:00,283.46823,283.9002
Nasice,Nasice_2025-07-18_12-27_tf_1h,2021-10-21 08:00:00,285.84955,284.4561
Nasice,Nasice_2025-07-18_12-27_tf_1h,2021-10-21 09:00:00,287.82516,287.8388
Nasice,Nasice_2025-07-18_12-27_tf_1h,2021-10-21 10:00:00,289.51797,289.43646
Nasice,Nasice_2025-07-18_12-27_tf_1h,2021-10-21 11:00:00,290.951,290.60898
Nasice,Nasice_2025-07-18_12-27_tf_1h,2021-10-21 12:00:00,292.0377,291.75
Nasice,Nasice_2025-07-18_12-27_tf_1h,2021-10-21 13:00:00,292.5803,292.55215
Nasice,Nasice_2025-07-18_12-27_tf_1h,2021-10-21 14:00:00,292.6363,292.7382
Nasice,Nasice_2025-07-18_12-27_tf_1h,2021-10-21 15:00:00,292.1851,292.4131
Nasice,Nasice_2025-07-18_12-27_tf_1h,2021-10-21 16:00:00,291.3146,291.40018
Nasice,Nasice_2025-07-18_12-27_tf_1h,2021-10-21 17:00:00,290.2486,290.09918
Nasice,Nasice_2025-07-18_12-27_tf_1h,2021-10-21 18:00:00,289.28073,288.9379
Nasice,Nasice_2025-07-18_12-27_tf_1h,2021-10-21 19:00:00,288.4937,288.1758
Nasice,Nasice_2025-07-18_12-27_tf_1h,2021-10-21 20:00:00,288.15793,287.54147
Nasice,Nasice_2025-07-18_12-27_tf_1h,2021-10-21 21:00:00,287.6898,287.4951
Nasice,Nasice_2025-07-18_12-27_tf_1h,2021-10-21 22:00:00,287.5183,287.0507
Nasice,Nasice_2025-07-18_12-27_tf_1h,2021-10-21 23:00:00,286.76328,287.09332
Nasice,Nasice_2025-07-18_12-27_tf_1h,2021-10-22 00:00:00,286.95956,286.09476
Nasice,Nasice_2025-07-18_12-27_tf_1h,2021-10-22 01:00:00,285.63147,286.82806
Nasice,Nasice_2025-07-18_12-27_tf_1h,2021-10-22 02:00:00,285.07233,284.6705
Nasice,Nasice_2025-07-18_12-27_tf_1h,2021-10-22 03:00:00,285.1242,284.61896
Nasice,Nasice_2025-07-18_12-27_tf_1h,2021-10-22 04:00:00,285.16144,285.0846
Nasice,Nasice_2025-07-18_12-27_tf_1h,2021-10-22 05:00:00,285.14264,284.99634
Nasice,Nasice_2025-07-18_12-27_tf_1h,2021-10-22 06:00:00,285.25018,285.22623
Nasice,Nasice_2025-07-18_12-27_tf_1h,2021-10-22 07:00:00,285.1776,285.76514
Nasice,Nasice_2025-07-18_12-27_tf_1h,2021-10-22 08:00:00,284.86478,285.37952
Nasice,Nasice_2025-07-18_12-27_tf_1h,2021-10-22 09:00:00,285.26334,284.7855
Nasice,Nasice_2025-07-18_12-27_tf_1h,2021-10-22 10:00:00,286.05148,285.72632
Nasice,Nasice_2025-07-18_12-27_tf_1h,2021-10-22 11:00:00,286.60873,286.73444
Nasice,Nasice_2025-07-18_12-27_tf_1h,2021-10-22 12:00:00,287.1442,287.03632
Nasice,Nasice_2025-07-18_12-27_tf_1h,2021-10-22 13:00:00,287.63263,287.44443
Nasice,Nasice_2025-07-18_12-27_tf_1h,2021-10-22 14:00:00,287.72137,287.8362
Nasice,Nasice_2025-07-18_12-27_tf_1h,2021-10-22 15:00:00,287.57922,287.56937
Nasice,Nasice_2025-07-18_12-27_tf_1h,2021-10-22 16:00:00,287.35852,287.1757
Nasice,Nasice_2025-07-18_12-27_tf_1h,2021-10-22 17:00:00,286.85315,286.8544
Nasice,Nasice_2025-07-18_12-27_tf_1h,2021-10-22 18:00:00,286.74335,286.14294
Nasice,Nasice_2025-07-18_12-27_tf_1h,2021-10-22 19:00:00,285.34192,286.36066
Nasice,Nasice_2025-07-18_12-27_tf_1h,2021-10-22 20:00:00,285.18475,284.19757
Nasice,Nasice_2025-07-18_12-27_tf_1h,2021-10-22 21:00:00,284.5587,284.8601
Nasice,Nasice_2025-07-18_12-27_tf_1h,2021-10-22 22:00:00,284.01346,283.9704
Nasice,Nasice_2025-07-18_12-27_tf_1h,2021-10-22 23:00:00,283.61713,283.48413
Nasice,Nasice_2025-07-18_12-27_tf_1h,2021-10-23 00:00:00,283.31555,283.25037
Nasice,Nasice_2025-07-18_12-27_tf_1h,2021-10-23 01:00:00,283.13394,283.08313
Nasice,Nasice_2025-07-18_12-27_tf_1h,2021-10-23 02:00:00,283.14636,283.01868
Nasice,Nasice_2025-07-18_12-27_tf_1h,2021-10-23 03:00:00,283.44907,283.189
Nasice,Nasice_2025-07-18_12-27_tf_1h,2021-10-23 04:00:00,283.39417,283.71628
Nasice,Nasice_2025-07-18_12-27_tf_1h,2021-10-23 05:00:00,283.1238,283.32556
Nasice,Nasice_2025-07-18_12-27_tf_1h,2021-10-23 06:00:00,282.84854,282.90405
Nasice,Nasice_2025-07-18_12-27_tf_1h,2021-10-23 07:00:00,282.78464,282.72073
Nasice,Nasice_2025-07-18_12-27_tf_1h,2021-10-23 08:00:00,283.29263,282.89987
Nasice,Nasice_2025-07-18_12-27_tf_1h,2021-10-23 09:00:00,283.516,283.8869
Nasice,Nasice_2025-07-18_12-27_tf_1h,2021-10-23 10:00:00,284.2323,283.69888
Nasice,Nasice_2025-07-18_12-27_tf_1h,2021-10-23 11:00:00,284.56244,284.82544
Nasice,Nasice_2025-07-18_12-27_tf_1h,2021-10-23 12:00:00,285.23325,284.7294
Nasice,Nasice_2025-07-18_12-27_tf_1h,2021-10-23 13:00:00,285.53256,285.65607
Nasice,Nasice_2025-07-18_12-27_tf_1h,2021-10-23 14:00:00,286.0289,285.62936
Nasice,Nasice_2025-07-18_12-27_tf_1h,2021-10-23 15:00:00,286.0838,286.18268
Nasice,Nasice_2025-07-18_12-27_tf_1h,2021-10-23 16:00:00,285.7296,285.88425
Nasice,Nasice_2025-07-18_12-27_tf_1h,2021-10-23 17:00:00,284.57486,285.12466
Nasice,Nasice_2025-07-18_12-27_tf_1h,2021-10-23 18:00:00,283.431,283.4431
Nasice,Nasice_2025-07-18_12-27_tf_1h,2021-10-23 19:00:00,282.7602,282.38174
Nasice,Nasice_2025-07-18_12-27_tf_1h,2021-10-23 20:00:00,281.81113,282.05917
Nasice,Nasice_2025-07-18_12-27_tf_1h,2021-10-23 21:00:00,281.54865,281.01398
Nasice,Nasice_2025-07-18_12-27_tf_1h,2021-10-23 22:00:00,281.4242,281.32465
Nasice,Nasice_2025-07-18_12-27_tf_1h,2021-10-23 23:00:00,280.55182,281.35178
Nasice,Nasice_2025-07-18_12-27_tf_1h,2021-10-24 00:00:00,280.05435,279.91925
Nasice,Nasice_2025-07-18_12-27_tf_1h,2021-10-24 01:00:00,278.99475,279.74393
Nasice,Nasice_2025-07-18_12-27_tf_1h,2021-10-24 02:00:00,278.36115,278.1954
Nasice,Nasice_2025-07-18_12-27_tf_1h,2021-10-24 03:00:00,277.8099,278.03058
Nasice,Nasice_2025-07-18_12-27_tf_1h,2021-10-24 04:00:00,277.50986,277.5301
Nasice,Nasice_2025-07-18_12-27_tf_1h,2021-10-24 05:00:00,277.39178,277.56158
Nasice,Nasice_2025-07-18_12-27_tf_1h,2021-10-24 06:00:00,277.70276,277.66397
Nasice,Nasice_2025-07-18_12-27_tf_1h,2021-10-24 07:00:00,278.2536,278.49738
Nasice,Nasice_2025-07-18_12-27_tf_1h,2021-10-24 08:00:00,279.29593,279.02975
Nasice,Nasice_2025-07-18_12-27_tf_1h,2021-10-24 09:00:00,281.81,280.48706
Nasice,Nasice_2025-07-18_12-27_tf_1h,2021-10-24 10:00:00,283.03918,283.74854
Nasice,Nasice_2025-07-18_12-27_tf_1h,2021-10-24 11:00:00,284.11124,283.99692
Nasice,Nasice_2025-07-18_12-27_tf_1h,2021-10-24 12:00:00,284.9565,284.73633
Nasice,Nasice_2025-07-18_12-27_tf_1h,2021-10-24 13:00:00,285.3987,285.44562
Nasice,Nasice_2025-07-18_12-27_tf_1h,2021-10-24 14:00:00,285.52994,285.59497
Nasice,Nasice_2025-07-18_12-27_tf_1h,2021-10-24 15:00:00,285.26334,285.36682
Nasice,Nasice_2025-07-18_12-27_tf_1h,2021-10-24 16:00:00,284.50793,284.70978
Nasice,Nasice_2025-07-18_12-27_tf_1h,2021-10-24 17:00:00,283.03656,283.5266
Nasice,Nasice_2025-07-18_12-27_tf_1h,2021-10-24 18:00:00,281.82465,281.63956
Nasice,Nasice_2025-07-18_12-27_tf_1h,2021-10-24 19:00:00,280.94064,280.69354
Nasice,Nasice_2025-07-18_12-27_tf_1h,2021-10-24 20:00:00,280.13184,280.06976
Nasice,Nasice_2025-07-18_12-27_tf_1h,2021-10-24 21:00:00,279.51102,279.40128
Nasice,Nasice_2025-07-18_12-27_tf_1h,2021-10-24 22:00:00,278.98047,278.9737
Nasice,Nasice_2025-07-18_12-27_tf_1h,2021-10-24 23:00:00,278.533,278.55518
Nasice,Nasice_2025-07-18_12-27_tf_1h,2021-10-25 00:00:00,277.9968,278.1872
Nasice,Nasice_2025-07-18_12-27_tf_1h,2021-10-25 01:00:00,277.3395,277.624
Nasice,Nasice_2025-07-18_12-27_tf_1h,2021-10-25 02:00:00,276.53595,276.9015
Nasice,Nasice_2025-07-18_12-27_tf_1h,2021-10-25 03:00:00,275.77377,275.9999
Nasice,Nasice_2025-07-18_12-27_tf_1h,2021-10-25 04:00:00,275.15784,275.35178
Nasice,Nasice_2025-07-18_12-27_tf_1h,2021-10-25 05:00:00,274.71527,275.11765
Nasice,Nasice_2025-07-18_12-27_tf_1h,2021-10-25 06:00:00,274.36182,275.6968
Nasice,Nasice_2025-07-18_12-27_tf_1h,2021-10-25 07:00:00,274.48178,275.76968
Nasice,Nasice_2025-07-18_12-27_tf_1h,2021-10-25 08:00:00,277.53165,275.52518
Nasice,Nasice_2025-07-18_12-27_tf_1h,2021-10-25 09:00:00,280.01978,280.13904
Nasice,Nasice_2025-07-18_12-27_tf_1h,2021-10-25 10:00:00,282.08298,282.00714
Nasice,Nasice_2025-07-18_12-27_tf_1h,2021-10-25 11:00:00,283.70212,283.38684
Nasice,Nasice_2025-07-18_12-27_tf_1h,2021-10-25 12:00:00,284.89032,284.64993
Nasice,Nasice_2025-07-18_12-27_tf_1h,2021-10-25 13:00:00,285.66943,285.51047
Nasice,Nasice_2025-07-18_12-27_tf_1h,2021-10-25 14:00:00,286.08606,286.0253
Nasice,Nasice_2025-07-18_12-27_tf_1h,2021-10-25 15:00:00,286.0729,286.18094
Nasice,Nasice_2025-07-18_12-27_tf_1h,2021-10-25 16:00:00,285.2389,285.82407
Nasice,Nasice_2025-07-18_12-27_tf_1h,2021-10-25 17:00:00,283.71002,284.26822
Nasice,Nasice_2025-07-18_12-27_tf_1h,2021-10-25 18:00:00,282.53345,282.1652
Nasice,Nasice_2025-07-18_12-27_tf_1h,2021-10-25 19:00:00,281.61295,281.3622
Nasice,Nasice_2025-07-18_12-27_tf_1h,2021-10-25 20:00:00,280.82108,280.65335
Nasice,Nasice_2025-07-18_12-27_tf_1h,2021-10-25 21:00:00,279.89005,280.03488
Nasice,Nasice_2025-07-18_12-27_tf_1h,2021-10-25 22:00:00,279.15155,279.1235
Nasice,Nasice_2025-07-18_12-27_tf_1h,2021-10-25 23:00:00,278.33408,278.5618
Nasice,Nasice_2025-07-18_12-27_tf_1h,2021-10-26 00:00:00,277.4493,277.74197
Nasice,Nasice_2025-07-18_12-27_tf_1h,2021-10-26 01:00:00,277.05035,276.82324
Nasice,Nasice_2025-07-18_12-27_tf_1h,2021-10-26 02:00:00,276.44833,276.76794
Nasice,Nasice_2025-07-18_12-27_tf_1h,2021-10-26 03:00:00,275.87378,276.09103
Nasice,Nasice_2025-07-18_12-27_tf_1h,2021-10-26 04:00:00,275.87192,275.5553
Nasice,Nasice_2025-07-18_12-27_tf_1h,2021-10-26 05:00:00,277.12708,276.09164
Nasice,Nasice_2025-07-18_12-27_tf_1h,2021-10-26 06:00:00,277.28235,278.85855
Nasice,Nasice_2025-07-18_12-27_tf_1h,2021-10-26 07:00:00,276.78864,278.06992
Nasice,Nasice_2025-07-18_12-27_tf_1h,2021-10-26 08:00:00,276.89618,277.7819
Nasice,Nasice_2025-07-18_12-27_tf_1h,2021-10-26 09:00:00,278.6864,277.40683
Nasice,Nasice_2025-07-18_12-27_tf_1h,2021-10-26 10:00:00,280.6327,280.3426
Nasice,Nasice_2025-07-18_12-27_tf_1h,2021-10-26 11:00:00,282.27286,282.30145
Nasice,Nasice_2025-07-18_12-27_tf_1h,2021-10-26 12:00:00,283.65662,283.4112
Nasice,Nasice_2025-07-18_12-27_tf_1h,2021-10-26 13:00:00,284.4237,284.4892
Nasice,Nasice_2025-07-18_12-27_tf_1h,2021-10-26 14:00:00,284.71738,284.82297
Nasice,Nasice_2025-07-18_12-27_tf_1h,2021-10-26 15:00:00,284.56772,284.71167
Nasice,Nasice_2025-07-18_12-27_tf_1h,2021-10-26 16:00:00,284.12738,284.132
Nasice,Nasice_2025-07-18_12-27_tf_1h,2021-10-26 17:00:00,283.34866,283.3974
Nasice,Nasice_2025-07-18_12-27_tf_1h,2021-10-26 18:00:00,282.8399,282.3446
Nasice,Nasice_2025-07-18_12-27_tf_1h,2021-10-26 19:00:00,282.3274,282.0866
Nasice,Nasice_2025-07-18_12-27_tf_1h,2021-10-26 20:00:00,281.4302,281.63596
Nasice,Nasice_2025-07-18_12-27_tf_1h,2021-10-26 21:00:00,281.14368,280.58972
Nasice,Nasice_2025-07-18_12-27_tf_1h,2021-10-26 22:00:00,281.1264,280.69006
Nasice,Nasice_2025-07-18_12-27_tf_1h,2021-10-26 23:00:00,281.06433,280.91925
Nasice,Nasice_2025-07-18_12-27_tf_1h,2021-10-27 00:00:00,280.65186,280.8986
Nasice,Nasice_2025-07-18_12-27_tf_1h,2021-10-27 01:00:00,280.03442,280.2808
Nasice,Nasice_2025-07-18_12-27_tf_1h,2021-10-27 02:00:00,279.76257,279.52744
Nasice,Nasice_2025-07-18_12-27_tf_1h,2021-10-27 03:00:00,279.3576,279.49744
Nasice,Nasice_2025-07-18_12-27_tf_1h,2021-10-27 04:00:00,278.9703,279.02634
Nasice,Nasice_2025-07-18_12-27_tf_1h,2021-10-27 05:00:00,278.40515,278.68677
Nasice,Nasice_2025-07-18_12-27_tf_1h,2021-10-27 06:00:00,277.8795,278.01743
Nasice,Nasice_2025-07-18_12-27_tf_1h,2021-10-27 07:00:00,277.72382,277.81274
Nasice,Nasice_2025-07-18_12-27_tf_1h,2021-10-27 08:00:00,279.66632,278.64722
Nasice,Nasice_2025-07-18_12-27_tf_1h,2021-10-27 09:00:00,281.33508,281.81622
Nasice,Nasice_2025-07-18_12-27_tf_1h,2021-10-27 10:00:00,282.94406,282.83368
Nasice,Nasice_2025-07-18_12-27_tf_1h,2021-10-27 11:00:00,284.44965,284.11917
Nasice,Nasice_2025-07-18_12-27_tf_1h,2021-10-27 12:00:00,285.2938,285.4492
Nasice,Nasice_2025-07-18_12-27_tf_1h,2021-10-27 13:00:00,285.8424,285.82077
Nasice,Nasice_2025-07-18_12-27_tf_1h,2021-10-27 14:00:00,286.0526,286.1008
Nasice,Nasice_2025-07-18_12-27_tf_1h,2021-10-27 15:00:00,285.88904,285.99042
Nasice,Nasice_2025-07-18_12-27_tf_1h,2021-10-27 16:00:00,285.17874,285.4367
Nasice,Nasice_2025-07-18_12-27_tf_1h,2021-10-27 17:00:00,284.03714,284.24954
Nasice,Nasice_2025-07-18_12-27_tf_1h,2021-10-27 18:00:00,282.65115,282.825
Nasice,Nasice_2025-07-18_12-27_tf_1h,2021-10-27 19:00:00,281.15497,281.3946
Nasice,Nasice_2025-07-18_12-27_tf_1h,2021-10-27 20:00:00,279.53958,279.9365
Nasice,Nasice_2025-07-18_12-27_tf_1h,2021-10-27 21:00:00,279.29742,278.37958
Nasice,Nasice_2025-07-18_12-27_tf_1h,2021-10-27 22:00:00,279.10077,279.04492
Nasice,Nasice_2025-07-18_12-27_tf_1h,2021-10-27 23:00:00,278.98422,278.88293
Nasice,Nasice_2025-07-18_12-27_tf_1h,2021-10-28 00:00:00,279.323,278.90268
Nasice,Nasice_2025-07-18_12-27_tf_1h,2021-10-28 01:00:00,278.6755,279.56738
Nasice,Nasice_2025-07-18_12-27_tf_1h,2021-10-28 02:00:00,277.71704,278.20236
Nasice,Nasice_2025-07-18_12-27_tf_1h,2021-10-28 03:00:00,277.7892,276.988
Nasice,Nasice_2025-07-18_12-27_tf_1h,2021-10-28 04:00:00,277.49707,278.04053
Nasice,Nasice_2025-07-18_12-27_tf_1h,2021-10-28 05:00:00,276.89166,277.24268
Nasice,Nasice_2025-07-18_12-27_tf_1h,2021-10-28 06:00:00,276.6198,277.2694
Nasice,Nasice_2025-07-18_12-27_tf_1h,2021-10-28 07:00:00,276.4269,277.75412
Nasice,Nasice_2025-07-18_12-27_tf_1h,2021-10-28 08:00:00,277.96747,277.01862
Nasice,Nasice_2025-07-18_12-27_tf_1h,2021-10-28 09:00:00,280.4582,279.61923
Nasice,Nasice_2025-07-18_12-27_tf_1h,2021-10-28 10:00:00,282.57895,282.49857
Nasice,Nasice_2025-07-18_12-27_tf_1h,2021-10-28 11:00:00,284.44476,284.16888
Nasice,Nasice_2025-07-18_12-27_tf_1h,2021-10-28 12:00:00,285.53482,285.56863
Nasice,Nasice_2025-07-18_12-27_tf_1h,2021-10-28 13:00:00,286.0981,286.15253
Nasice,Nasice_2025-07-18_12-27_tf_1h,2021-10-28 14:00:00,286.30264,286.28696
Nasice,Nasice_2025-07-18_12-27_tf_1h,2021-10-28 15:00:00,286.09247,286.24527
Nasice,Nasice_2025-07-18_12-27_tf_1h,2021-10-28 16:00:00,285.0881,285.63626
Nasice,Nasice_2025-07-18_12-27_tf_1h,2021-10-28 17:00:00,283.4844,283.94727
Nasice,Nasice_2025-07-18_12-27_tf_1h,2021-10-28 18:00:00,282.18112,281.93433
Nasice,Nasice_2025-07-18_12-27_tf_1h,2021-10-28 19:00:00,281.0294,280.95966
Nasice,Nasice_2025-07-18_12-27_tf_1h,2021-10-28 20:00:00,279.86786,279.9898
Nasice,Nasice_2025-07-18_12-27_tf_1h,2021-10-28 21:00:00,278.72137,278.94196
Nasice,Nasice_2025-07-18_12-27_tf_1h,2021-10-28 22:00:00,277.90503,277.9165
Nasice,Nasice_2025-07-18_12-27_tf_1h,2021-10-28 23:00:00,277.52264,277.32684
Nasice,Nasice_2025-07-18_12-27_tf_1h,2021-10-29 00:00:00,277.18384,277.2351
Nasice,Nasice_2025-07-18_12-27_tf_1h,2021-10-29 01:00:00,276.77625,277.00284
Nasice,Nasice_2025-07-18_12-27_tf_1h,2021-10-29 02:00:00,276.9575,276.57297
Nasice,Nasice_2025-07-18_12-27_tf_1h,2021-10-29 03:00:00,277.35266,277.22195
Nasice,Nasice_2025-07-18_12-27_tf_1h,2021-10-29 04:00:00,276.97815,277.76813
Nasice,Nasice_2025-07-18_12-27_tf_1h,2021-10-29 05:00:00,276.75858,276.55356
Nasice,Nasice_2025-07-18_12-27_tf_1h,2021-10-29 06:00:00,276.26184,277.54
Nasice,Nasice_2025-07-18_12-27_tf_1h,2021-10-29 07:00:00,275.66473,277.22733
Nasice,Nasice_2025-07-18_12-27_tf_1h,2021-10-29 08:00:00,276.78864,276.45297
Nasice,Nasice_2025-07-18_12-27_tf_1h,2021-10-29 09:00:00,278.85147,277.9951
Nasice,Nasice_2025-07-18_12-27_tf_1h,2021-10-29 10:00:00,280.89777,280.6492
Nasice,Nasice_2025-07-18_12-27_tf_1h,2021-10-29 11:00:00,282.462,282.54483
Nasice,Nasice_2025-07-18_12-27_tf_1h,2021-10-29 12:00:00,284.02963,283.50433
Nasice,Nasice_2025-07-18_12-27_tf_1h,2021-10-29 13:00:00,285.037,284.93213
Nasice,Nasice_2025-07-18_12-27_tf_1h,2021-10-29 14:00:00,285.75967,285.5797
Nasice,Nasice_2025-07-18_12-27_tf_1h,2021-10-29 15:00:00,286.02252,286.02954
Nasice,Nasice_2025-07-18_12-27_tf_1h,2021-10-29 16:00:00,285.45624,286.00546
Nasice,Nasice_2025-07-18_12-27_tf_1h,2021-10-29 17:00:00,283.8732,284.7126
Nasice,Nasice_2025-07-18_12-27_tf_1h,2021-10-29 18:00:00,282.43945,282.27808
Nasice,Nasice_2025-07-18_12-27_tf_1h,2021-10-29 19:00:00,281.60733,281.08182
Nasice,Nasice_2025-07-18_12-27_tf_1h,2021-10-29 20:00:00,277.93964,280.67462
Nasice,Nasice_2025-07-18_12-27_tf_1h,2021-10-29 21:00:00,277.1786,275.87433
Nasice,Nasice_2025-07-18_12-27_tf_1h,2021-10-29 22:00:00,276.65027,276.94022
Nasice,Nasice_2025-07-18_12-27_tf_1h,2021-10-29 23:00:00,276.372,276.0309
Nasice,Nasice_2025-07-18_12-27_tf_1h,2021-10-30 00:00:00,276.22275,276.20892
Nasice,Nasice_2025-07-18_12-27_tf_1h,2021-10-30 01:00:00,276.46,276.21085
Nasice,Nasice_2025-07-18_12-27_tf_1h,2021-10-30 02:00:00,276.2299,276.7728
Nasice,Nasice_2025-07-18_12-27_tf_1h,2021-10-30 03:00:00,275.19357,276.1268
Nasice,Nasice_2025-07-18_12-27_tf_1h,2021-10-30 04:00:00,274.91608,274.40097
Nasice,Nasice_2025-07-18_12-27_tf_1h,2021-10-30 05:00:00,274.99353,275.05206
Nasice,Nasice_2025-07-18_12-27_tf_1h,2021-10-30 06:00:00,275.33795,275.52988
Nasice,Nasice_2025-07-18_12-27_tf_1h,2021-10-30 07:00:00,275.53387,277.27527
Nasice,Nasice_2025-07-18_12-27_tf_1h,2021-10-30 08:00:00,276.57355,276.86618
Nasice,Nasice_2025-07-18_12-27_tf_1h,2021-10-30 09:00:00,277.89,277.90118
Nasice,Nasice_2025-07-18_12-27_tf_1h,2021-10-30 10:00:00,279.3388,279.01373
Nasice,Nasice_2025-07-18_12-27_tf_1h,2021-10-30 11:00:00,281.05118,280.58267
Nasice,Nasice_2025-07-18_12-27_tf_1h,2021-10-30 12:00:00,282.8869,282.31586
Nasice,Nasice_2025-07-18_12-27_tf_1h,2021-10-30 13:00:00,284.3267,284.07513
Nasice,Nasice_2025-07-18_12-27_tf_1h,2021-10-30 14:00:00,285.2765,285.18747
Nasice,Nasice_2025-07-18_12-27_tf_1h,2021-10-30 15:00:00,285.64273,285.7167
Nasice,Nasice_2025-07-18_12-27_tf_1h,2021-10-30 16:00:00,285.1355,285.67117
Nasice,Nasice_2025-07-18_12-27_tf_1h,2021-10-30 17:00:00,283.42648,284.4476
Nasice,Nasice_2025-07-18_12-27_tf_1h,2021-10-30 18:00:00,282.27213,281.73523
Nasice,Nasice_2025-07-18_12-27_tf_1h,2021-10-30 19:00:00,281.78253,281.04913
Nasice,Nasice_2025-07-18_12-27_tf_1h,2021-10-30 20:00:00,282.61053,281.03217
Nasice,Nasice_2025-07-18_12-27_tf_1h,2021-10-30 21:00:00,281.86676,282.75305
Nasice,Nasice_2025-07-18_12-27_tf_1h,2021-10-30 22:00:00,278.4183,281.30295
Nasice,Nasice_2025-07-18_12-27_tf_1h,2021-10-30 23:00:00,277.4828,276.45633
Nasice,Nasice_2025-07-18_12-27_tf_1h,2021-10-31 00:00:00,277.65234,277.0228
Nasice,Nasice_2025-07-18_12-27_tf_1h,2021-10-31 01:00:00,278.5732,277.4562
Nasice,Nasice_2025-07-18_12-27_tf_1h,2021-10-31 02:00:00,278.39914,279.088
Nasice,Nasice_2025-07-18_12-27_tf_1h,2021-10-31 03:00:00,276.7364,278.4142
Nasice,Nasice_2025-07-18_12-27_tf_1h,2021-10-31 04:00:00,275.97644,275.52548
Nasice,Nasice_2025-07-18_12-27_tf_1h,2021-10-31 05:00:00,276.0302,275.60455
Nasice,Nasice_2025-07-18_12-27_tf_1h,2021-10-31 06:00:00,276.1336,276.35208
Nasice,Nasice_2025-07-18_12-27_tf_1h,2021-10-31 07:00:00,276.14566,276.60483
Nasice,Nasice_2025-07-18_12-27_tf_1h,2021-10-31 08:00:00,277.34177,277.22797
Nasice,Nasice_2025-07-18_12-27_tf_1h,2021-10-31 09:00:00,278.99512,279.61145
Nasice,Nasice_2025-07-18_12-27_tf_1h,2021-10-31 10:00:00,280.753,280.4368
Nasice,Nasice_2025-07-18_12-27_tf_1h,2021-10-31 11:00:00,283.11328,282.2424
Nasice,Nasice_2025-07-18_12-27_tf_1h,2021-10-31 12:00:00,285.25018,284.70898
Nasice,Nasice_2025-07-18_12-27_tf_1h,2021-10-31 13:00:00,286.49292,286.63126
Nasice,Nasice_2025-07-18_12-27_tf_1h,2021-10-31 14:00:00,287.08704,287.193
Nasice,Nasice_2025-07-18_12-27_tf_1h,2021-10-31 15:00:00,287.00507,287.26227
Nasice,Nasice_2025-07-18_12-27_tf_1h,2021-10-31 16:00:00,285.8627,286.77402
Nasice,Nasice_2025-07-18_12-27_tf_1h,2021-10-31 17:00:00,284.21463,284.7489
Nasice,Nasice_2025-07-18_12-27_tf_1h,2021-10-31 18:00:00,283.15952,282.59015
Nasice,Nasice_2025-07-18_12-27_tf_1h,2021-10-31 19:00:00,282.1409,282.0426
Nasice,Nasice_2025-07-18_12-27_tf_1h,2021-10-31 20:00:00,281.26627,281.07263
Nasice,Nasice_2025-07-18_12-27_tf_1h,2021-10-31 21:00:00,280.00284,280.38724
Nasice,Nasice_2025-07-18_12-27_tf_1h,2021-10-31 22:00:00,278.97104,279.0515
Nasice,Nasice_2025-07-18_12-27_tf_1h,2021-10-31 23:00:00,278.38635,278.25485
Nasice,Nasice_2025-07-18_12-27_tf_1h,2021-11-01 00:00:00,277.8964,277.93573
Nasice,Nasice_2025-07-18_12-27_tf_1h,2021-11-01 01:00:00,277.48996,277.53177
Nasice,Nasice_2025-07-18_12-27_tf_1h,2021-11-01 02:00:00,277.21353,277.2385
Nasice,Nasice_2025-07-18_12-27_tf_1h,2021-11-01 03:00:00,276.83182,277.0886
Nasice,Nasice_2025-07-18_12-27_tf_1h,2021-11-01 04:00:00,276.61047,276.62534
Nasice,Nasice_2025-07-18_12-27_tf_1h,2021-11-01 05:00:00,276.0873,276.57605
Nasice,Nasice_2025-07-18_12-27_tf_1h,2021-11-01 06:00:00,275.92477,275.8074
Nasice,Nasice_2025-07-18_12-27_tf_1h,2021-11-01 07:00:00,276.3851,277.44653
Nasice,Nasice_2025-07-18_12-27_tf_1h,2021-11-01 08:00:00,277.9862,278.12924
Nasice,Nasice_2025-07-18_12-27_tf_1h,2021-11-01 09:00:00,280.13525,279.7829
Nasice,Nasice_2025-07-18_12-27_tf_1h,2021-11-01 10:00:00,282.60626,281.85107
Nasice,Nasice_2025-07-18_12-27_tf_1h,2021-11-01 11:00:00,285.10202,284.39667
Nasice,Nasice_2025-07-18_12-27_tf_1h,2021-11-01 12:00:00,286.3734,286.70822
Nasice,Nasice_2025-07-18_12-27_tf_1h,2021-11-01 13:00:00,287.5272,287.11163
Nasice,Nasice_2025-07-18_12-27_tf_1h,2021-11-01 14:00:00,288.1299,288.00043
Nasice,Nasice_2025-07-18_12-27_tf_1h,2021-11-01 15:00:00,288.00238,288.32336
Nasice,Nasice_2025-07-18_12-27_tf_1h,2021-11-01 16:00:00,287.04022,287.74796
Nasice,Nasice_2025-07-18_12-27_tf_1h,2021-11-01 17:00:00,286.0852,286.05338
Nasice,Nasice_2025-07-18_12-27_tf_1h,2021-11-01 18:00:00,285.56482,284.89713
Nasice,Nasice_2025-07-18_12-27_tf_1h,2021-11-01 19:00:00,285.1729,284.63663
Nasice,Nasice_2025-07-18_12-27_tf_1h,2021-11-01 20:00:00,284.3278,284.40683
Nasice,Nasice_2025-07-18_12-27_tf_1h,2021-11-01 21:00:00,283.65662,283.42245
Nasice,Nasice_2025-07-18_12-27_tf_1h,2021-11-01 22:00:00,283.20526,282.90533
Nasice,Nasice_2025-07-18_12-27_tf_1h,2021-11-01 23:00:00,282.6694,282.64908
Nasice,Nasice_2025-07-18_12-27_tf_1h,2021-11-02 00:00:00,282.12796,282.12985
Nasice,Nasice_2025-07-18_12-27_tf_1h,2021-11-02 01:00:00,282.16882,281.624
Nasice,Nasice_2025-07-18_12-27_tf_1h,2021-11-02 02:00:00,282.4431,282.04678
Nasice,Nasice_2025-07-18_12-27_tf_1h,2021-11-02 03:00:00,282.6437,282.5554
Nasice,Nasice_2025-07-18_12-27_tf_1h,2021-11-02 04:00:00,282.07535,282.765
Nasice,Nasice_2025-07-18_12-27_tf_1h,2021-11-02 05:00:00,281.6958,281.62204
Nasice,Nasice_2025-07-18_12-27_tf_1h,2021-11-02 06:00:00,281.5599,281.41815
Nasice,Nasice_2025-07-18_12-27_tf_1h,2021-11-02 07:00:00,281.48624,281.79108
Nasice,Nasice_2025-07-18_12-27_tf_1h,2021-11-02 08:00:00,282.49884,282.2608
Nasice,Nasice_2025-07-18_12-27_tf_1h,2021-11-02 09:00:00,283.64703,283.82394
Nasice,Nasice_2025-07-18_12-27_tf_1h,2021-11-02 10:00:00,284.80884,284.78604
Nasice,Nasice_2025-07-18_12-27_tf_1h,2021-11-02 11:00:00,286.37155,285.74182
Nasice,Nasice_2025-07-18_12-27_tf_1h,2021-11-02 12:00:00,287.2523,287.45416
Nasice,Nasice_2025-07-18_12-27_tf_1h,2021-11-02 13:00:00,287.03467,287.81647
Nasice,Nasice_2025-07-18_12-27_tf_1h,2021-11-02 14:00:00,286.08923,286.67386
Nasice,Nasice_2025-07-18_12-27_tf_1h,2021-11-02 15:00:00,284.93515,285.03714
Nasice,Nasice_2025-07-18_12-27_tf_1h,2021-11-02 16:00:00,283.85413,283.71204
Nasice,Nasice_2025-07-18_12-27_tf_1h,2021-11-02 17:00:00,282.61584,282.76517
Nasice,Nasice_2025-07-18_12-27_tf_1h,2021-11-02 18:00:00,281.63977,281.49216
Nasice,Nasice_2025-07-18_12-27_tf_1h,2021-11-02 19:00:00,280.7677,280.7797
Nasice,Nasice_2025-07-18_12-27_tf_1h,2021-11-02 20:00:00,280.01575,280.0708
Nasice,Nasice_2025-07-18_12-27_tf_1h,2021-11-02 21:00:00,279.31335,279.48715
Nasice,Nasice_2025-07-18_12-27_tf_1h,2021-11-02 22:00:00,279.44397,278.8407
Nasice,Nasice_2025-07-18_12-27_tf_1h,2021-11-02 23:00:00,278.45056,279.6617
Nasice,Nasice_2025-07-18_12-27_tf_1h,2021-11-03 00:00:00,277.8568,277.74097
Nasice,Nasice_2025-07-18_12-27_tf_1h,2021-11-03 01:00:00,277.98404,277.5559
Nasice,Nasice_2025-07-18_12-27_tf_1h,2021-11-03 02:00:00,278.5035,278.26114
Nasice,Nasice_2025-07-18_12-27_tf_1h,2021-11-03 03:00:00,278.6707,279.09988
Nasice,Nasice_2025-07-18_12-27_tf_1h,2021-11-03 04:00:00,278.63754,278.79037
Nasice,Nasice_2025-07-18_12-27_tf_1h,2021-11-03 05:00:00,278.81247,279.06378
Nasice,Nasice_2025-07-18_12-27_tf_1h,2021-11-03 06:00:00,278.85703,279.74612
Nasice,Nasice_2025-07-18_12-27_tf_1h,2021-11-03 07:00:00,279.08737,279.30188
Nasice,Nasice_2025-07-18_12-27_tf_1h,2021-11-03 08:00:00,280.37888,279.49902
Nasice,Nasice_2025-07-18_12-27_tf_1h,2021-11-03 09:00:00,282.0676,281.5703
Nasice,Nasice_2025-07-18_12-27_tf_1h,2021-11-03 10:00:00,283.93958,283.38843
Nasice,Nasice_2025-07-18_12-27_tf_1h,2021-11-03 11:00:00,285.901,285.1453
Nasice,Nasice_2025-07-18_12-27_tf_1h,2021-11-03 12:00:00,287.6018,287.0848
Nasice,Nasice_2025-07-18_12-27_tf_1h,2021-11-03 13:00:00,288.65805,288.54752
Nasice,Nasice_2025-07-18_12-27_tf_1h,2021-11-03 14:00:00,288.9314,289.13232
Nasice,Nasice_2025-07-18_12-27_tf_1h,2021-11-03 15:00:00,288.8481,288.90952
Nasice,Nasice_2025-07-18_12-27_tf_1h,2021-11-03 16:00:00,288.15808,288.51843
Nasice,Nasice_2025-07-18_12-27_tf_1h,2021-11-03 17:00:00,287.26807,287.28906
Nasice,Nasice_2025-07-18_12-27_tf_1h,2021-11-03 18:00:00,286.26135,286.085
Nasice,Nasice_2025-07-18_12-27_tf_1h,2021-11-03 19:00:00,285.90875,285.07227
Nasice,Nasice_2025-07-18_12-27_tf_1h,2021-11-03 20:00:00,286.2499,285.1439
Nasice,Nasice_2025-07-18_12-27_tf_1h,2021-11-03 21:00:00,286.2948,285.96695
Nasice,Nasice_2025-07-18_12-27_tf_1h,2021-11-03 22:00:00,286.1372,285.97897
Nasice,Nasice_2025-07-18_12-27_tf_1h,2021-11-03 23:00:00,285.8354,285.76083
Nasice,Nasice_2025-07-18_12-27_tf_1h,2021-11-04 00:00:00,285.54068,285.42224
Nasice,Nasice_2025-07-18_12-27_tf_1h,2021-11-04 01:00:00,285.44687,285.14847
Nasice,Nasice_2025-07-18_12-27_tf_1h,2021-11-04 02:00:00,285.46017,285.1855
Nasice,Nasice_2025-07-18_12-27_tf_1h,2021-11-04 03:00:00,285.71063,285.3057
Nasice,Nasice_2025-07-18_12-27_tf_1h,2021-11-04 04:00:00,286.3722,285.76352
Nasice,Nasice_2025-07-18_12-27_tf_1h,2021-11-04 05:00:00,287.23404,286.74353
Nasice,Nasice_2025-07-18_12-27_tf_1h,2021-11-04 06:00:00,287.73584,287.76785
Nasice,Nasice_2025-07-18_12-27_tf_1h,2021-11-04 07:00:00,287.9838,287.9799
Nasice,Nasice_2025-07-18_12-27_tf_1h,2021-11-04 08:00:00,288.3324,288.2827
Nasice,Nasice_2025-07-18_12-27_tf_1h,2021-11-04 09:00:00,289.54498,288.76453
Nasice,Nasice_2025-07-18_12-27_tf_1h,2021-11-04 10:00:00,291.28848,290.43036
Nasice,Nasice_2025-07-18_12-27_tf_1h,2021-11-04 11:00:00,292.35742,292.26324
Nasice,Nasice_2025-07-18_12-27_tf_1h,2021-11-04 12:00:00,292.0268,292.88254
Nasice,Nasice_2025-07-18_12-27_tf_1h,2021-11-04 13:00:00,291.66614,291.48987
Nasice,Nasice_2025-07-18_12-27_tf_1h,2021-11-04 14:00:00,291.40457,290.84396
Nasice,Nasice_2025-07-18_12-27_tf_1h,2021-11-04 15:00:00,290.95538,290.56018
Nasice,Nasice_2025-07-18_12-27_tf_1h,2021-11-04 16:00:00,289.61865,289.99146
Nasice,Nasice_2025-07-18_12-27_tf_1h,2021-11-04 17:00:00,288.3463,288.3413
Nasice,Nasice_2025-07-18_12-27_tf_1h,2021-11-04 18:00:00,287.67145,287.25128
Nasice,Nasice_2025-07-18_12-27_tf_1h,2021-11-04 19:00:00,287.4439,286.92575
Nasice,Nasice_2025-07-18_12-27_tf_1h,2021-11-04 20:00:00,285.67905,286.95187
Nasice,Nasice_2025-07-18_12-27_tf_1h,2021-11-04 21:00:00,284.91782,284.52448
Nasice,Nasice_2025-07-18_12-27_tf_1h,2021-11-04 22:00:00,284.3739,284.36896
Nasice,Nasice_2025-07-18_12-27_tf_1h,2021-11-04 23:00:00,284.72992,283.92395
Nasice,Nasice_2025-07-18_12-27_tf_1h,2021-11-05 00:00:00,283.87735,284.87634
Nasice,Nasice_2025-07-18_12-27_tf_1h,2021-11-05 01:00:00,283.89963,282.98056
Nasice,Nasice_2025-07-18_12-27_tf_1h,2021-11-05 02:00:00,284.76767,284.02652
Nasice,Nasice_2025-07-18_12-27_tf_1h,2021-11-05 03:00:00,283.94235,285.467
Nasice,Nasice_2025-07-18_12-27_tf_1h,2021-11-05 04:00:00,282.3134,282.78424
Nasice,Nasice_2025-07-18_12-27_tf_1h,2021-11-05 05:00:00,282.18585,281.5721
Nasice,Nasice_2025-07-18_12-27_tf_1h,2021-11-05 06:00:00,282.35086,283.0404
Nasice,Nasice_2025-07-18_12-27_tf_1h,2021-11-05 07:00:00,281.91095,282.62247
Nasice,Nasice_2025-07-18_12-27_tf_1h,2021-11-05 08:00:00,281.4856,281.70535
Nasice,Nasice_2025-07-18_12-27_tf_1h,2021-11-05 09:00:00,282.2911,281.32327
Nasice,Nasice_2025-07-18_12-27_tf_1h,2021-11-05 10:00:00,282.98547,283.1148
Nasice,Nasice_2025-07-18_12-27_tf_1h,2021-11-05 11:00:00,283.7789,283.4694
Nasice,Nasice_2025-07-18_12-27_tf_1h,2021-11-05 12:00:00,284.8887,284.3261
Nasice,Nasice_2025-07-18_12-27_tf_1h,2021-11-05 13:00:00,285.22708,285.6327
Nasice,Nasice_2025-07-18_12-27_tf_1h,2021-11-05 14:00:00,284.67294,285.3695
Nasice,Nasice_2025-07-18_12-27_tf_1h,2021-11-05 15:00:00,283.7201,283.98038
Nasice,Nasice_2025-07-18_12-27_tf_1h,2021-11-05 16:00:00,282.73254,282.7194
Nasice,Nasice_2025-07-18_12-27_tf_1h,2021-11-05 17:00:00,282.2911,281.76086
Nasice,Nasice_2025-07-18_12-27_tf_1h,2021-11-05 18:00:00,282.07037,281.75574
Nasice,Nasice_2025-07-18_12-27_tf_1h,2021-11-05 19:00:00,281.9379,281.76065
Nasice,Nasice_2025-07-18_12-27_tf_1h,2021-11-05 20:00:00,281.69858,281.7846
Nasice,Nasice_2025-07-18_12-27_tf_1h,2021-11-05 21:00:00,281.58096,281.4819
Nasice,Nasice_2025-07-18_12-27_tf_1h,2021-11-05 22:00:00,281.45587,281.45627
Nasice,Nasice_2025-07-18_12-27_tf_1h,2021-11-05 23:00:00,281.3748,281.30606
Nasice,Nasice_2025-07-18_12-27_tf_1h,2021-11-06 00:00:00,281.47446,281.24658
Nasice,Nasice_2025-07-18_12-27_tf_1h,2021-11-06 01:00:00,281.44287,281.45486
Nasice,Nasice_2025-07-18_12-27_tf_1h,2021-11-06 02:00:00,281.38684,281.30716
Nasice,Nasice_2025-07-18_12-27_tf_1h,2021-11-06 03:00:00,281.36487,281.26584
Nasice,Nasice_2025-07-18_12-27_tf_1h,2021-11-06 04:00:00,281.1488,281.35406
Nasice,Nasice_2025-07-18_12-27_tf_1h,2021-11-06 05:00:00,280.60953,280.98102
Nasice,Nasice_2025-07-18_12-27_tf_1h,2021-11-06 06:00:00,280.3306,280.2061
Nasice,Nasice_2025-07-18_12-27_tf_1h,2021-11-06 07:00:00,280.0851,280.3576
Nasice,Nasice_2025-07-18_12-27_tf_1h,2021-11-06 08:00:00,280.80392,280.07773
Nasice,Nasice_2025-07-18_12-27_tf_1h,2021-11-06 09:00:00,281.44785,281.60153
Nasice,Nasice_2025-07-18_12-27_tf_1h,2021-11-06 10:00:00,281.97595,282.0138
Nasice,Nasice_2025-07-18_12-27_tf_1h,2021-11-06 11:00:00,282.553,282.31314
Nasice,Nasice_2025-07-18_12-27_tf_1h,2021-11-06 12:00:00,282.90466,282.86554
Nasice,Nasice_2025-07-18_12-27_tf_1h,2021-11-06 13:00:00,283.13406,282.99097
Nasice,Nasice_2025-07-18_12-27_tf_1h,2021-11-06 14:00:00,283.3164,283.10156
Nasice,Nasice_2025-07-18_12-27_tf_1h,2021-11-06 15:00:00,283.3712,283.26117
Nasice,Nasice_2025-07-18_12-27_tf_1h,2021-11-06 16:00:00,283.19537,283.22678
Nasice,Nasice_2025-07-18_12-27_tf_1h,2021-11-06 17:00:00,282.3976,282.87048
Nasice,Nasice_2025-07-18_12-27_tf_1h,2021-11-06 18:00:00,282.69757,281.63205
Nasice,Nasice_2025-07-18_12-27_tf_1h,2021-11-06 19:00:00,282.5527,282.78632
Nasice,Nasice_2025-07-18_12-27_tf_1h,2021-11-06 20:00:00,280.98718,282.3081
Nasice,Nasice_2025-07-18_12-27_tf_1h,2021-11-06 21:00:00,281.19708,279.75647
Nasice,Nasice_2025-07-18_12-27_tf_1h,2021-11-06 22:00:00,280.52283,281.29276
Nasice,Nasice_2025-07-18_12-27_tf_1h,2021-11-06 23:00:00,280.0306,279.97003
Nasice,Nasice_2025-07-18_12-27_tf_1h,2021-11-07 00:00:00,279.68546,279.60754
Nasice,Nasice_2025-07-18_12-27_tf_1h,2021-11-07 01:00:00,280.04703,279.39438
Nasice,Nasice_2025-07-18_12-27_tf_1h,2021-11-07 02:00:00,279.18457,280.32935
Nasice,Nasice_2025-07-18_12-27_tf_1h,2021-11-07 03:00:00,278.86075,278.49564
Nasice,Nasice_2025-07-18_12-27_tf_1h,2021-11-07 04:00:00,278.5812,278.69348
Nasice,Nasice_2025-07-18_12-27_tf_1h,2021-11-07 05:00:00,277.84567,278.43332
Nasice,Nasice_2025-07-18_12-27_tf_1h,2021-11-07 06:00:00,278.39734,277.34738
Nasice,Nasice_2025-07-18_12-27_tf_1h,2021-11-07 07:00:00,277.55652,279.44543
Nasice,Nasice_2025-07-18_12-27_tf_1h,2021-11-07 08:00:00,279.26752,276.74228
Nasice,Nasice_2025-07-18_12-27_tf_1h,2021-11-07 09:00:00,280.6451,281.25385
Nasice,Nasice_2025-07-18_12-27_tf_1h,2021-11-07 10:00:00,281.89734,281.85617
Nasice,Nasice_2025-07-18_12-27_tf_1h,2021-11-07 11:00:00,283.1121,282.75632
Nasice,Nasice_2025-07-18_12-27_tf_1h,2021-11-07 12:00:00,284.01355,284.0313
Nasice,Nasice_2025-07-18_12-27_tf_1h,2021-11-07 13:00:00,284.99335,284.59183
Nasice,Nasice_2025-07-18_12-27_tf_1h,2021-11-07 14:00:00,285.38928,285.59268
Nasice,Nasice_2025-07-18_12-27_tf_1h,2021-11-07 15:00:00,285.4413,285.52917
Nasice,Nasice_2025-07-18_12-27_tf_1h,2021-11-07 16:00:00,284.91348,285.17963
Nasice,Nasice_2025-07-18_12-27_tf_1h,2021-11-07 17:00:00,283.53,284.1588
Nasice,Nasice_2025-07-18_12-27_tf_1h,2021-11-07 18:00:00,282.3431,282.15674
Nasice,Nasice_2025-07-18_12-27_tf_1h,2021-11-07 19:00:00,281.50977,281.18454
Nasice,Nasice_2025-07-18_12-27_tf_1h,2021-11-07 20:00:00,280.88348,280.6345
Nasice,Nasice_2025-07-18_12-27_tf_1h,2021-11-07 21:00:00,280.32193,280.2228
Nasice,Nasice_2025-07-18_12-27_tf_1h,2021-11-07 22:00:00,280.0498,279.80032
Nasice,Nasice_2025-07-18_12-27_tf_1h,2021-11-07 23:00:00,279.82166,279.77655
Nasice,Nasice_2025-07-18_12-27_tf_1h,2021-11-08 00:00:00,280.4925,279.62122
Nasice,Nasice_2025-07-18_12-27_tf_1h,2021-11-08 01:00:00,279.41922,280.91437
Nasice,Nasice_2025-07-18_12-27_tf_1h,2021-11-08 02:00:00,278.8623,278.65088
Nasice,Nasice_2025-07-18_12-27_tf_1h,2021-11-08 03:00:00,279.2211,278.4016
Nasice,Nasice_2025-07-18_12-27_tf_1h,2021-11-08 04:00:00,280.00647,279.5708
Nasice,Nasice_2025-07-18_12-27_tf_1h,2021-11-08 05:00:00,280.17487,280.75122
Nasice,Nasice_2025-07-18_12-27_tf_1h,2021-11-08 06:00:00,280.65533,280.17603
Nasice,Nasice_2025-07-18_12-27_tf_1h,2021-11-08 07:00:00,280.78256,281.82803
Nasice,Nasice_2025-07-18_12-27_tf_1h,2021-11-08 08:00:00,281.56485,281.08292
Nasice,Nasice_2025-07-18_12-27_tf_1h,2021-11-08 09:00:00,281.8927,282.58725
Nasice,Nasice_2025-07-18_12-27_tf_1h,2021-11-08 10:00:00,282.23166,282.13962
Nasice,Nasice_2025-07-18_12-27_tf_1h,2021-11-08 11:00:00,282.31772,282.43884
Nasice,Nasice_2025-07-18_12-27_tf_1h,2021-11-08 12:00:00,282.4236,282.23145
Nasice,Nasice_2025-07-18_12-27_tf_1h,2021-11-08 13:00:00,282.42422,282.30148
Nasice,Nasice_2025-07-18_12-27_tf_1h,2021-11-08 14:00:00,282.8768,282.1905
Nasice,Nasice_2025-07-18_12-27_tf_1h,2021-11-08 15:00:00,282.75113,282.95764
Nasice,Nasice_2025-07-18_12-27_tf_1h,2021-11-08 16:00:00,282.38458,282.4406
Nasice,Nasice_2025-07-18_12-27_tf_1h,2021-11-08 17:00:00,281.9899,281.8888
Nasice,Nasice_2025-07-18_12-27_tf_1h,2021-11-08 18:00:00,281.76978,281.47208
Nasice,Nasice_2025-07-18_12-27_tf_1h,2021-11-08 19:00:00,281.45743,281.3749
Nasice,Nasice_2025-07-18_12-27_tf_1h,2021-11-08 20:00:00,280.29468,281.03757
Nasice,Nasice_2025-07-18_12-27_tf_1h,2021-11-08 21:00:00,280.1814,279.35352
Nasice,Nasice_2025-07-18_12-27_tf_1h,2021-11-08 22:00:00,279.9984,279.98416
Nasice,Nasice_2025-07-18_12-27_tf_1h,2021-11-08 23:00:00,279.92847,279.79245
Nasice,Nasice_2025-07-18_12-27_tf_1h,2021-11-09 00:00:00,279.81238,279.83942
Nasice,Nasice_2025-07-18_12-27_tf_1h,2021-11-09 01:00:00,279.81888,279.7108
Nasice,Nasice_2025-07-18_12-27_tf_1h,2021-11-09 02:00:00,279.7362,279.88358
Nasice,Nasice_2025-07-18_12-27_tf_1h,2021-11-09 03:00:00,279.61362,279.72272
Nasice,Nasice_2025-07-18_12-27_tf_1h,2021-11-09 04:00:00,279.72818,279.57306
Nasice,Nasice_2025-07-18_12-27_tf_1h,2021-11-09 05:00:00,279.5613,279.94058
Nasice,Nasice_2025-07-18_12-27_tf_1h,2021-11-09 06:00:00,279.50342,279.4687
Nasice,Nasice_2025-07-18_12-27_tf_1h,2021-11-09 07:00:00,279.2985,279.58707
Nasice,Nasice_2025-07-18_12-27_tf_1h,2021-11-09 08:00:00,279.50528,279.1956
Nasice,Nasice_2025-07-18_12-27_tf_1h,2021-11-09 09:00:00,280.20523,279.80557
Nasice,Nasice_2025-07-18_12-27_tf_1h,2021-11-09 10:00:00,281.03827,280.8815
Nasice,Nasice_2025-07-18_12-27_tf_1h,2021-11-09 11:00:00,281.80383,281.7407
Nasice,Nasice_2025-07-18_12-27_tf_1h,2021-11-09 12:00:00,282.66785,282.35904
Nasice,Nasice_2025-07-18_12-27_tf_1h,2021-11-09 13:00:00,283.2514,283.2359
Nasice,Nasice_2025-07-18_12-27_tf_1h,2021-11-09 14:00:00,283.5687,283.52463
Nasice,Nasice_2025-07-18_12-27_tf_1h,2021-11-09 15:00:00,283.5198,283.59055
Nasice,Nasice_2025-07-18_12-27_tf_1h,2021-11-09 16:00:00,282.892,283.2119
Nasice,Nasice_2025-07-18_12-27_tf_1h,2021-11-09 17:00:00,281.60046,282.15784
Nasice,Nasice_2025-07-18_12-27_tf_1h,2021-11-09 18:00:00,280.35876,280.42456
Nasice,Nasice_2025-07-18_12-27_tf_1h,2021-11-09 19:00:00,279.22263,279.24677
Nasice,Nasice_2025-07-18_12-27_tf_1h,2021-11-09 20:00:00,279.42664,278.26373
Nasice,Nasice_2025-07-18_12-27_tf_1h,2021-11-09 21:00:00,279.09137,279.49088
Nasice,Nasice_2025-07-18_12-27_tf_1h,2021-11-09 22:00:00,278.6914,278.84595
Nasice,Nasice_2025-07-18_12-27_tf_1h,2021-11-09 23:00:00,278.21652,278.4012
Nasice,Nasice_2025-07-18_12-27_tf_1h,2021-11-10 00:00:00,277.59555,277.8623
Nasice,Nasice_2025-07-18_12-27_tf_1h,2021-11-10 01:00:00,276.92654,277.1456
Nasice,Nasice_2025-07-18_12-27_tf_1h,2021-11-10 02:00:00,276.33713,276.4641
Nasice,Nasice_2025-07-18_12-27_tf_1h,2021-11-10 03:00:00,276.00064,275.9721
Nasice,Nasice_2025-07-18_12-27_tf_1h,2021-11-10 04:00:00,275.93808,275.92154
Nasice,Nasice_2025-07-18_12-27_tf_1h,2021-11-10 05:00:00,275.9353,276.16852
Nasice,Nasice_2025-07-18_12-27_tf_1h,2021-11-10 06:00:00,275.79846,276.20978
Nasice,Nasice_2025-07-18_12-27_tf_1h,2021-11-10 07:00:00,275.65918,276.21454
Nasice,Nasice_2025-07-18_12-27_tf_1h,2021-11-10 08:00:00,276.89188,276.29553
Nasice,Nasice_2025-07-18_12-27_tf_1h,2021-11-10 09:00:00,279.12637,278.56897
Nasice,Nasice_2025-07-18_12-27_tf_1h,2021-11-10 10:00:00,280.54852,281.0176
Nasice,Nasice_2025-07-18_12-27_tf_1h,2021-11-10 11:00:00,281.68033,281.711
Nasice,Nasice_2025-07-18_12-27_tf_1h,2021-11-10 12:00:00,282.64462,282.34717
Nasice,Nasice_2025-07-18_12-27_tf_1h,2021-11-10 13:00:00,283.3492,283.22458
Nasice,Nasice_2025-07-18_12-27_tf_1h,2021-11-10 14:00:00,283.74918,283.66605
Nasice,Nasice_2025-07-18_12-27_tf_1h,2021-11-10 15:00:00,283.62537,283.7934
Nasice,Nasice_2025-07-18_12-27_tf_1h,2021-11-10 16:00:00,282.92325,283.19608
Nasice,Nasice_2025-07-18_12-27_tf_1h,2021-11-10 17:00:00,281.8218,282.01245
Nasice,Nasice_2025-07-18_12-27_tf_1h,2021-11-10 18:00:00,280.8869,280.69794
Nasice,Nasice_2025-07-18_12-27_tf_1h,2021-11-10 19:00:00,280.11978,279.93524
Nasice,Nasice_2025-07-18_12-27_tf_1h,2021-11-10 20:00:00,279.6263,279.33487
Nasice,Nasice_2025-07-18_12-27_tf_1h,2021-11-10 21:00:00,279.1561,279.09512
Nasice,Nasice_2025-07-18_12-27_tf_1h,2021-11-10 22:00:00,278.6722,278.71304
Nasice,Nasice_2025-07-18_12-27_tf_1h,2021-11-10 23:00:00,278.05307,278.26218
Nasice,Nasice_2025-07-18_12-27_tf_1h,2021-11-11 00:00:00,277.59833,277.558
Nasice,Nasice_2025-07-18_12-27_tf_1h,2021-11-11 01:00:00,277.53455,277.22153
Nasice,Nasice_2025-07-18_12-27_tf_1h,2021-11-11 02:00:00,277.24356,277.477
Nasice,Nasice_2025-07-18_12-27_tf_1h,2021-11-11 03:00:00,277.09094,277.0475
Nasice,Nasice_2025-07-18_12-27_tf_1h,2021-11-11 04:00:00,276.76123,277.03387
Nasice,Nasice_2025-07-18_12-27_tf_1h,2021-11-11 05:00:00,276.10806,276.57452
Nasice,Nasice_2025-07-18_12-27_tf_1h,2021-11-11 06:00:00,275.79846,275.72256
Nasice,Nasice_2025-07-18_12-27_tf_1h,2021-11-11 07:00:00,275.50964,276.71063
Nasice,Nasice_2025-07-18_12-27_tf_1h,2021-11-11 08:00:00,277.1129,276.32935
Nasice,Nasice_2025-07-18_12-27_tf_1h,2021-11-11 09:00:00,278.26978,279.2061
Nasice,Nasice_2025-07-18_12-27_tf_1h,2021-11-11 10:00:00,279.28485,279.32358
Nasice,Nasice_2025-07-18_12-27_tf_1h,2021-11-11 11:00:00,280.38043,280.02533
Nasice,Nasice_2025-07-18_12-27_tf_1h,2021-11-11 12:00:00,281.36148,281.2383
Nasice,Nasice_2025-07-18_12-27_tf_1h,2021-11-11 13:00:00,282.0902,282.02753
Nasice,Nasice_2025-07-18_12-27_tf_1h,2021-11-11 14:00:00,282.4205,282.45444
Nasice,Nasice_2025-07-18_12-27_tf_1h,2021-11-11 15:00:00,282.4623,282.41156
Nasice,Nasice_2025-07-18_12-27_tf_1h,2021-11-11 16:00:00,281.95398,282.19672
Nasice,Nasice_2025-07-18_12-27_tf_1h,2021-11-11 17:00:00,280.79712,281.28992
Nasice,Nasice_2025-07-18_12-27_tf_1h,2021-11-11 18:00:00,279.6935,279.6838
Nasice,Nasice_2025-07-18_12-27_tf_1h,2021-11-11 19:00:00,278.63632,278.66208
Nasice,Nasice_2025-07-18_12-27_tf_1h,2021-11-11 20:00:00,278.80225,277.69888
Nasice,Nasice_2025-07-18_12-27_tf_1h,2021-11-11 21:00:00,278.45398,278.76648
Nasice,Nasice_2025-07-18_12-27_tf_1h,2021-11-11 22:00:00,278.32736,278.15082
Nasice,Nasice_2025-07-18_12-27_tf_1h,2021-11-11 23:00:00,277.8955,278.18427
Nasice,Nasice_2025-07-18_12-27_tf_1h,2021-11-12 00:00:00,277.69522,277.5315
Nasice,Nasice_2025-07-18_12-27_tf_1h,2021-11-12 01:00:00,277.74197,277.49866
Nasice,Nasice_2025-07-18_12-27_tf_1h,2021-11-12 02:00:00,278.06454,277.7361
Nasice,Nasice_2025-07-18_12-27_tf_1h,2021-11-12 03:00:00,277.98746,278.2914
Nasice,Nasice_2025-07-18_12-27_tf_1h,2021-11-12 04:00:00,277.915,277.87885
Nasice,Nasice_2025-07-18_12-27_tf_1h,2021-11-12 05:00:00,278.05865,277.89514
Nasice,Nasice_2025-07-18_12-27_tf_1h,2021-11-12 06:00:00,277.92337,278.3319
Nasice,Nasice_2025-07-18_12-27_tf_1h,2021-11-12 07:00:00,277.92957,278.04016
Nasice,Nasice_2025-07-18_12-27_tf_1h,2021-11-12 08:00:00,278.7524,278.4656
Nasice,Nasice_2025-07-18_12-27_tf_1h,2021-11-12 09:00:00,279.62292,279.84158
Nasice,Nasice_2025-07-18_12-27_tf_1h,2021-11-12 10:00:00,280.37704,280.43704
Nasice,Nasice_2025-07-18_12-27_tf_1h,2021-11-12 11:00:00,281.13672,280.9569
Nasice,Nasice_2025-07-18_12-27_tf_1h,2021-11-12 12:00:00,281.5503,281.63535
Nasice,Nasice_2025-07-18_12-27_tf_1h,2021-11-12 13:00:00,281.81345,281.67993
Nasice,Nasice_2025-07-18_12-27_tf_1h,2021-11-12 14:00:00,282.03015,281.7744
Nasice,Nasice_2025-07-18_12-27_tf_1h,2021-11-12 15:00:00,281.94284,281.9205
Nasice,Nasice_2025-07-18_12-27_tf_1h,2021-11-12 16:00:00,281.6955,281.6142
Nasice,Nasice_2025-07-18_12-27_tf_1h,2021-11-12 17:00:00,281.21286,281.25192
Nasice,Nasice_2025-07-18_12-27_tf_1h,2021-11-12 18:00:00,280.79092,280.6201
Nasice,Nasice_2025-07-18_12-27_tf_1h,2021-11-12 19:00:00,280.08078,280.26212
Nasice,Nasice_2025-07-18_12-27_tf_1h,2021-11-12 20:00:00,279.10687,279.38623
Nasice,Nasice_2025-07-18_12-27_tf_1h,2021-11-12 21:00:00,278.79263,278.27417
Nasice,Nasice_2025-07-18_12-27_tf_1h,2021-11-12 22:00:00,278.5939,278.45868
Nasice,Nasice_2025-07-18_12-27_tf_1h,2021-11-12 23:00:00,278.6586,278.3771
Nasice,Nasice_2025-07-18_12-27_tf_1h,2021-11-13 00:00:00,278.18805,278.68716
Nasice,Nasice_2025-07-18_12-27_tf_1h,2021-11-13 01:00:00,277.93948,277.81754
Nasice,Nasice_2025-07-18_12-27_tf_1h,2021-11-13 02:00:00,277.9076,277.74866
Nasice,Nasice_2025-07-18_12-27_tf_1h,2021-11-13 03:00:00,277.64972,277.8957
Nasice,Nasice_2025-07-18_12-27_tf_1h,2021-11-13 04:00:00,277.6194,277.47897
Nasice,Nasice_2025-07-18_12-27_tf_1h,2021-11-13 05:00:00,277.446,277.73972
Nasice,Nasice_2025-07-18_12-27_tf_1h,2021-11-13 06:00:00,277.04327,277.44733
Nasice,Nasice_2025-07-18_12-27_tf_1h,2021-11-13 07:00:00,277.11755,276.99225
Nasice,Nasice_2025-07-18_12-27_tf_1h,2021-11-13 08:00:00,278.07507,277.64362
Nasice,Nasice_2025-07-18_12-27_tf_1h,2021-11-13 09:00:00,279.16165,279.23193
Nasice,Nasice_2025-07-18_12-27_tf_1h,2021-11-13 10:00:00,280.69775,280.14523
Nasice,Nasice_2025-07-18_12-27_tf_1h,2021-11-13 11:00:00,282.30286,281.98645
Nasice,Nasice_2025-07-18_12-27_tf_1h,2021-11-13 12:00:00,283.8529,283.4994
Nasice,Nasice_2025-07-18_12-27_tf_1h,2021-11-13 13:00:00,284.8302,284.86273
Nasice,Nasice_2025-07-18_12-27_tf_1h,2021-11-13 14:00:00,285.31873,285.4187
Nasice,Nasice_2025-07-18_12-27_tf_1h,2021-11-13 15:00:00,285.18777,285.5133
Nasice,Nasice_2025-07-18_12-27_tf_1h,2021-11-13 16:00:00,284.10117,284.81836
Nasice,Nasice_2025-07-18_12-27_tf_1h,2021-11-13 17:00:00,282.8638,282.9135
Nasice,Nasice_2025-07-18_12-27_tf_1h,2021-11-13 18:00:00,282.03726,281.5772
Nasice,Nasice_2025-07-18_12-27_tf_1h,2021-11-13 19:00:00,281.45,281.0838
Nasice,Nasice_2025-07-18_12-27_tf_1h,2021-11-13 20:00:00,280.21976,280.722
Nasice,Nasice_2025-07-18_12-27_tf_1h,2021-11-13 21:00:00,279.71887,279.2235
Nasice,Nasice_2025-07-18_12-27_tf_1h,2021-11-13 22:00:00,279.2474,279.24078
Nasice,Nasice_2025-07-18_12-27_tf_1h,2021-11-13 23:00:00,278.8629,278.84244
Nasice,Nasice_2025-07-18_12-27_tf_1h,2021-11-14 00:00:00,278.89078,278.5621
Nasice,Nasice_2025-07-18_12-27_tf_1h,2021-11-14 01:00:00,278.8425,278.88336
Nasice,Nasice_2025-07-18_12-27_tf_1h,2021-11-14 02:00:00,278.6976,278.80075
Nasice,Nasice_2025-07-18_12-27_tf_1h,2021-11-14 03:00:00,278.50476,278.58572
Nasice,Nasice_2025-07-18_12-27_tf_1h,2021-11-14 04:00:00,278.34872,278.34885
Nasice,Nasice_2025-07-18_12-27_tf_1h,2021-11-14 05:00:00,278.0921,278.28976
Nasice,Nasice_2025-07-18_12-27_tf_1h,2021-11-14 06:00:00,277.72278,277.97385
Nasice,Nasice_2025-07-18_12-27_tf_1h,2021-11-14 07:00:00,277.5912,278.1453
Nasice,Nasice_2025-07-18_12-27_tf_1h,2021-11-14 08:00:00,278.42828,278.53857
Nasice,Nasice_2025-07-18_12-27_tf_1h,2021-11-14 09:00:00,279.83838,279.63556
Nasice,Nasice_2025-07-18_12-27_tf_1h,2021-11-14 10:00:00,280.88968,281.23245
Nasice,Nasice_2025-07-18_12-27_tf_1h,2021-11-14 11:00:00,282.03137,281.7758
Nasice,Nasice_2025-07-18_12-27_tf_1h,2021-11-14 12:00:00,283.16223,282.8279
Nasice,Nasice_2025-07-18_12-27_tf_1h,2021-11-14 13:00:00,283.80585,283.87646
Nasice,Nasice_2025-07-18_12-27_tf_1h,2021-11-14 14:00:00,284.20053,284.08835
Nasice,Nasice_2025-07-18_12-27_tf_1h,2021-11-14 15:00:00,284.09653,284.22464
Nasice,Nasice_2025-07-18_12-27_tf_1h,2021-11-14 16:00:00,283.40897,283.68765
Nasice,Nasice_2025-07-18_12-27_tf_1h,2021-11-14 17:00:00,282.5592,282.50464
Nasice,Nasice_2025-07-18_12-27_tf_1h,2021-11-14 18:00:00,281.62616,281.58972
Nasice,Nasice_2025-07-18_12-27_tf_1h,2021-11-14 19:00:00,280.72714,280.65176
Nasice,Nasice_2025-07-18_12-27_tf_1h,2021-11-14 20:00:00,279.19324,279.84937
Nasice,Nasice_2025-07-18_12-27_tf_1h,2021-11-14 21:00:00,278.0698,278.01303
Nasice,Nasice_2025-07-18_12-27_tf_1h,2021-11-14 22:00:00,277.31415,277.24503
Nasice,Nasice_2025-07-18_12-27_tf_1h,2021-11-14 23:00:00,276.94916,276.73804
Nasice,Nasice_2025-07-18_12-27_tf_1h,2021-11-15 00:00:00,276.35632,276.71573
Nasice,Nasice_2025-07-18_12-27_tf_1h,2021-11-15 01:00:00,275.89322,276.00937
Nasice,Nasice_2025-07-18_12-27_tf_1h,2021-11-15 02:00:00,275.5573,275.66354
Nasice,Nasice_2025-07-18_12-27_tf_1h,2021-11-15 03:00:00,275.57715,275.4188
Nasice,Nasice_2025-07-18_12-27_tf_1h,2021-11-15 04:00:00,275.59045,275.79382
Nasice,Nasice_2025-07-18_12-27_tf_1h,2021-11-15 05:00:00,275.66537,275.7859
Nasice,Nasice_2025-07-18_12-27_tf_1h,2021-11-15 06:00:00,275.30225,276.1461
Nasice,Nasice_2025-07-18_12-27_tf_1h,2021-11-15 07:00:00,274.29242,275.95053
Nasice,Nasice_2025-07-18_12-27_tf_1h,2021-11-15 08:00:00,276.6046,274.90265
Nasice,Nasice_2025-07-18_12-27_tf_1h,2021-11-15 09:00:00,278.1023,279.25195
Nasice,Nasice_2025-07-18_12-27_tf_1h,2021-11-15 10:00:00,279.30685,279.35883
Nasice,Nasice_2025-07-18_12-27_tf_1h,2021-11-15 11:00:00,280.32843,280.09323
Nasice,Nasice_2025-07-18_12-27_tf_1h,2021-11-15 12:00:00,281.3429,281.09894
Nasice,Nasice_2025-07-18_12-27_tf_1h,2021-11-15 13:00:00,282.14282,282.03555
Nasice,Nasice_2025-07-18_12-27_tf_1h,2021-11-15 14:00:00,282.54092,282.56805
Nasice,Nasice_2025-07-18_12-27_tf_1h,2021-11-15 15:00:00,282.4527,282.57343
Nasice,Nasice_2025-07-18_12-27_tf_1h,2021-11-15 16:00:00,281.92456,282.08212
Nasice,Nasice_2025-07-18_12-27_tf_1h,2021-11-15 17:00:00,281.1234,281.20053
Nasice,Nasice_2025-07-18_12-27_tf_1h,2021-11-15 18:00:00,280.57486,280.2305
Nasice,Nasice_2025-07-18_12-27_tf_1h,2021-11-15 19:00:00,280.15475,279.89114
Nasice,Nasice_2025-07-18_12-27_tf_1h,2021-11-15 20:00:00,279.58792,279.61258
Nasice,Nasice_2025-07-18_12-27_tf_1h,2021-11-15 21:00:00,279.61487,279.01923
Nasice,Nasice_2025-07-18_12-27_tf_1h,2021-11-15 22:00:00,279.52634,279.4732
Nasice,Nasice_2025-07-18_12-27_tf_1h,2021-11-15 23:00:00,279.1208,279.35355
Nasice,Nasice_2025-07-18_12-27_tf_1h,2021-11-16 00:00:00,279.10254,278.7548
Nasice,Nasice_2025-07-18_12-27_tf_1h,2021-11-16 01:00:00,279.20377,278.98123
Nasice,Nasice_2025-07-18_12-27_tf_1h,2021-11-16 02:00:00,279.45047,279.18173
Nasice,Nasice_2025-07-18_12-27_tf_1h,2021-11-16 03:00:00,279.47803,279.55484
Nasice,Nasice_2025-07-18_12-27_tf_1h,2021-11-16 04:00:00,279.35266,279.43176
Nasice,Nasice_2025-07-18_12-27_tf_1h,2021-11-16 05:00:00,279.3697,279.19376
Nasice,Nasice_2025-07-18_12-27_tf_1h,2021-11-16 06:00:00,279.5344,279.44302
Nasice,Nasice_2025-07-18_12-27_tf_1h,2021-11-16 07:00:00,279.33997,279.879
Nasice,Nasice_2025-07-18_12-27_tf_1h,2021-11-16 08:00:00,279.28455,279.39383
Nasice,Nasice_2025-07-18_12-27_tf_1h,2021-11-16 09:00:00,279.8198,279.56635
Nasice,Nasice_2025-07-18_12-27_tf_1h,2021-11-16 10:00:00,280.64883,280.47946
Nasice,Nasice_2025-07-18_12-27_tf_1h,2021-11-16 11:00:00,281.27014,281.39215
Nasice,Nasice_2025-07-18_12-27_tf_1h,2021-11-16 12:00:00,282.0685,281.69818
Nasice,Nasice_2025-07-18_12-27_tf_1h,2021-11-16 13:00:00,282.51337,282.55606
Nasice,Nasice_2025-07-18_12-27_tf_1h,2021-11-16 14:00:00,282.67746,282.6615
Nasice,Nasice_2025-07-18_12-27_tf_1h,2021-11-16 15:00:00,282.58426,282.5616
Nasice,Nasice_2025-07-18_12-27_tf_1h,2021-11-16 16:00:00,282.06326,282.25812
Nasice,Nasice_2025-07-18_12-27_tf_1h,2021-11-16 17:00:00,281.35217,281.44077
Nasice,Nasice_2025-07-18_12-27_tf_1h,2021-11-16 18:00:00,281.07388,280.59747
Nasice,Nasice_2025-07-18_12-27_tf_1h,2021-11-16 19:00:00,280.60706,280.6353
Nasice,Nasice_2025-07-18_12-27_tf_1h,2021-11-16 20:00:00,280.56308,280.09503
Nasice,Nasice_2025-07-18_12-27_tf_1h,2021-11-16 21:00:00,280.12225,280.4036
Nasice,Nasice_2025-07-18_12-27_tf_1h,2021-11-16 22:00:00,279.5409,279.71213
Nasice,Nasice_2025-07-18_12-27_tf_1h,2021-11-16 23:00:00,279.15515,279.0549
Nasice,Nasice_2025-07-18_12-27_tf_1h,2021-11-17 00:00:00,278.64313,278.81693
Nasice,Nasice_2025-07-18_12-27_tf_1h,2021-11-17 01:00:00,278.2283,278.21823
Nasice,Nasice_2025-07-18_12-27_tf_1h,2021-11-17 02:00:00,277.76703,277.9088
Nasice,Nasice_2025-07-18_12-27_tf_1h,2021-11-17 03:00:00,277.27823,277.43237
Nasice,Nasice_2025-07-18_12-27_tf_1h,2021-11-17 04:00:00,276.70026,276.95532
Nasice,Nasice_2025-07-18_12-27_tf_1h,2021-11-17 05:00:00,276.06595,276.35065
Nasice,Nasice_2025-07-18_12-27_tf_1h,2021-11-17 06:00:00,275.9409,275.75912
Nasice,Nasice_2025-07-18_12-27_tf_1h,2021-11-17 07:00:00,275.79724,276.26865
Nasice,Nasice_2025-07-18_12-27_tf_1h,2021-11-17 08:00:00,277.52713,276.07635
Nasice,Nasice_2025-07-18_12-27_tf_1h,2021-11-17 09:00:00,278.75644,279.59235
Nasice,Nasice_2025-07-18_12-27_tf_1h,2021-11-17 10:00:00,279.67987,279.76028
Nasice,Nasice_2025-07-18_12-27_tf_1h,2021-11-17 11:00:00,280.7807,280.30936
Nasice,Nasice_2025-07-18_12-27_tf_1h,2021-11-17 12:00:00,281.48746,281.6669
Nasice,Nasice_2025-07-18_12-27_tf_1h,2021-11-17 13:00:00,282.02332,281.92694
Nasice,Nasice_2025-07-18_12-27_tf_1h,2021-11-17 14:00:00,282.24747,282.26108
Nasice,Nasice_2025-07-18_12-27_tf_1h,2021-11-17 15:00:00,282.04532,282.20056
Nasice,Nasice_2025-07-18_12-27_tf_1h,2021-11-17 16:00:00,281.70416,281.62402
Nasice,Nasice_2025-07-18_12-27_tf_1h,2021-11-17 17:00:00,281.25156,281.1811
Nasice,Nasice_2025-07-18_12-27_tf_1h,2021-11-17 18:00:00,280.8126,280.66324
Nasice,Nasice_2025-07-18_12-27_tf_1h,2021-11-17 19:00:00,280.50333,280.26086
Nasice,Nasice_2025-07-18_12-27_tf_1h,2021-11-17 20:00:00,280.25073,280.0607
Nasice,Nasice_2025-07-18_12-27_tf_1h,2021-11-17 21:00:00,280.14423,279.8784
Nasice,Nasice_2025-07-18_12-27_tf_1h,2021-11-17 22:00:00,280.04642,279.89874
Nasice,Nasice_2025-07-18_12-27_tf_1h,2021-11-17 23:00:00,279.98077,279.82535
Nasice,Nasice_2025-07-18_12-27_tf_1h,2021-11-18 00:00:00,279.891,279.78992
Nasice,Nasice_2025-07-18_12-27_tf_1h,2021-11-18 01:00:00,279.98883,279.68643
Nasice,Nasice_2025-07-18_12-27_tf_1h,2021-11-18 02:00:00,279.9201,279.92514
Nasice,Nasice_2025-07-18_12-27_tf_1h,2021-11-18 03:00:00,279.61673,279.7691
Nasice,Nasice_2025-07-18_12-27_tf_1h,2021-11-18 04:00:00,279.257,279.30075
Nasice,Nasice_2025-07-18_12-27_tf_1h,2021-11-18 05:00:00,278.98953,278.94662
Nasice,Nasice_2025-07-18_12-27_tf_1h,2021-11-18 06:00:00,278.49792,278.86978
Nasice,Nasice_2025-07-18_12-27_tf_1h,2021-11-18 07:00:00,277.92926,278.28195
Nasice,Nasice_2025-07-18_12-27_tf_1h,2021-11-18 08:00:00,278.632,277.78473
Nasice,Nasice_2025-07-18_12-27_tf_1h,2021-11-18 09:00:00,280.65472,279.69687
Nasice,Nasice_2025-07-18_12-27_tf_1h,2021-11-18 10:00:00,281.7085,282.38318
Nasice,Nasice_2025-07-18_12-27_tf_1h,2021-11-18 11:00:00,282.3007,282.64288
Nasice,Nasice_2025-07-18_12-27_tf_1h,2021-11-18 12:00:00,282.58643,282.54938
Nasice,Nasice_2025-07-18_12-27_tf_1h,2021-11-18 13:00:00,282.77435,282.62366
Nasice,Nasice_2025-07-18_12-27_tf_1h,2021-11-18 14:00:00,283.0743,282.71884
Nasice,Nasice_2025-07-18_12-27_tf_1h,2021-11-18 15:00:00,282.9313,283.0927
Nasice,Nasice_2025-07-18_12-27_tf_1h,2021-11-18 16:00:00,282.132,282.58902
Nasice,Nasice_2025-07-18_12-27_tf_1h,2021-11-18 17:00:00,281.0042,281.32092
Nasice,Nasice_2025-07-18_12-27_tf_1h,2021-11-18 18:00:00,280.40582,279.98022
Nasice,Nasice_2025-07-18_12-27_tf_1h,2021-11-18 19:00:00,279.99875,279.77887
Nasice,Nasice_2025-07-18_12-27_tf_1h,2021-11-18 20:00:00,280.01236,279.56503
Nasice,Nasice_2025-07-18_12-27_tf_1h,2021-11-18 21:00:00,279.81827,279.95233
Nasice,Nasice_2025-07-18_12-27_tf_1h,2021-11-18 22:00:00,279.65356,279.6373
Nasice,Nasice_2025-07-18_12-27_tf_1h,2021-11-18 23:00:00,279.2802,279.48624
Nasice,Nasice_2025-07-18_12-27_tf_1h,2021-11-19 00:00:00,279.1434,278.94067
Nasice,Nasice_2025-07-18_12-27_tf_1h,2021-11-19 01:00:00,279.2725,278.96347
Nasice,Nasice_2025-07-18_12-27_tf_1h,2021-11-19 02:00:00,278.96817,279.2946
Nasice,Nasice_2025-07-18_12-27_tf_1h,2021-11-19 03:00:00,278.71463,278.6826
Nasice,Nasice_2025-07-18_12-27_tf_1h,2021-11-19 04:00:00,278.1314,278.51514
Nasice,Nasice_2025-07-18_12-27_tf_1h,2021-11-19 05:00:00,278.19766,277.6924
Nasice,Nasice_2025-07-18_12-27_tf_1h,2021-11-19 06:00:00,277.5231,278.62805
Nasice,Nasice_2025-07-18_12-27_tf_1h,2021-11-19 07:00:00,277.26895,277.19757
Nasice,Nasice_2025-07-18_12-27_tf_1h,2021-11-19 08:00:00,278.01068,277.714
Nasice,Nasice_2025-07-18_12-27_tf_1h,2021-11-19 09:00:00,280.50613,278.9582
Nasice,Nasice_2025-07-18_12-27_tf_1h,2021-11-19 10:00:00,281.74255,282.45358
Nasice,Nasice_2025-07-18_12-27_tf_1h,2021-11-19 11:00:00,282.7462,282.9225
Nasice,Nasice_2025-07-18_12-27_tf_1h,2021-11-19 12:00:00,283.00034,283.2603
Nasice,Nasice_2025-07-18_12-27_tf_1h,2021-11-19 13:00:00,283.14987,282.97986
Nasice,Nasice_2025-07-18_12-27_tf_1h,2021-11-19 14:00:00,283.0796,283.01602
Nasice,Nasice_2025-07-18_12-27_tf_1h,2021-11-19 15:00:00,282.7567,282.7567
Nasice,Nasice_2025-07-18_12-27_tf_1h,2021-11-19 16:00:00,282.52762,282.23218
Nasice,Nasice_2025-07-18_12-27_tf_1h,2021-11-19 17:00:00,282.3097,282.07785
Nasice,Nasice_2025-07-18_12-27_tf_1h,2021-11-19 18:00:00,281.95987,281.88507
Nasice,Nasice_2025-07-18_12-27_tf_1h,2021-11-19 19:00:00,281.53326,281.4781
Nasice,Nasice_2025-07-18_12-27_tf_1h,2021-11-19 20:00:00,281.0429,281.0182
Nasice,Nasice_2025-07-18_12-27_tf_1h,2021-11-19 21:00:00,280.42966,280.5078
Nasice,Nasice_2025-07-18_12-27_tf_1h,2021-11-19 22:00:00,279.92102,279.83777
Nasice,Nasice_2025-07-18_12-27_tf_1h,2021-11-19 23:00:00,279.4963,279.42752
Nasice,Nasice_2025-07-18_12-27_tf_1h,2021-11-20 00:00:00,279.22202,279.08597
Nasice,Nasice_2025-07-18_12-27_tf_1h,2021-11-20 01:00:00,278.5877,278.93326
Nasice,Nasice_2025-07-18_12-27_tf_1h,2021-11-20 02:00:00,278.1252,278.06348
Nasice,Nasice_2025-07-18_12-27_tf_1h,2021-11-20 03:00:00,277.86826,277.7556
Nasice,Nasice_2025-07-18_12-27_tf_1h,2021-11-20 04:00:00,277.66644,277.712
Nasice,Nasice_2025-07-18_12-27_tf_1h,2021-11-20 05:00:00,277.61874,277.62903
Nasice,Nasice_2025-07-18_12-27_tf_1h,2021-11-20 06:00:00,277.2027,277.80432
Nasice,Nasice_2025-07-18_12-27_tf_1h,2021-11-20 07:00:00,276.65103,277.50858
Nasice,Nasice_2025-07-18_12-27_tf_1h,2021-11-20 08:00:00,277.66458,276.96457
Nasice,Nasice_2025-07-18_12-27_tf_1h,2021-11-20 09:00:00,281.18686,279.12628
Nasice,Nasice_2025-07-18_12-27_tf_1h,2021-11-20 10:00:00,283.46005,283.69257
Nasice,Nasice_2025-07-18_12-27_tf_1h,2021-11-20 11:00:00,284.62433,285.16953
Nasice,Nasice_2025-07-18_12-27_tf_1h,2021-11-20 12:00:00,285.24533,285.235
Nasice,Nasice_2025-07-18_12-27_tf_1h,2021-11-20 13:00:00,285.74747,285.5191
Nasice,Nasice_2025-07-18_12-27_tf_1h,2021-11-20 14:00:00,285.74902,286.0048
Nasice,Nasice_2025-07-18_12-27_tf_1h,2021-11-20 15:00:00,285.3534,285.603
Nasice,Nasice_2025-07-18_12-27_tf_1h,2021-11-20 16:00:00,284.3473,284.745
Nasice,Nasice_2025-07-18_12-27_tf_1h,2021-11-20 17:00:00,282.73938,283.2035
Nasice,Nasice_2025-07-18_12-27_tf_1h,2021-11-20 18:00:00,281.41718,281.2709
Nasice,Nasice_2025-07-18_12-27_tf_1h,2021-11-20 19:00:00,280.42007,280.23483
Nasice,Nasice_2025-07-18_12-27_tf_1h,2021-11-20 20:00:00,279.05267,279.49725
Nasice,Nasice_2025-07-18_12-27_tf_1h,2021-11-20 21:00:00,278.04657,278.0423
Nasice,Nasice_2025-07-18_12-27_tf_1h,2021-11-20 22:00:00,277.6324,277.3469
Nasice,Nasice_2025-07-18_12-27_tf_1h,2021-11-20 23:00:00,277.95123,277.3018
Nasice,Nasice_2025-07-18_12-27_tf_1h,2021-11-21 00:00:00,278.95825,278.18073
Nasice,Nasice_2025-07-18_12-27_tf_1h,2021-11-21 01:00:00,278.24472,279.7216
Nasice,Nasice_2025-07-18_12-27_tf_1h,2021-11-21 02:00:00,276.58508,277.77722
Nasice,Nasice_2025-07-18_12-27_tf_1h,2021-11-21 03:00:00,275.6406,275.27737
Nasice,Nasice_2025-07-18_12-27_tf_1h,2021-11-21 04:00:00,275.3304,275.14636
Nasice,Nasice_2025-07-18_12-27_tf_1h,2021-11-21 05:00:00,275.11588,275.49075
Nasice,Nasice_2025-07-18_12-27_tf_1h,2021-11-21 06:00:00,274.8001,276.07315
Nasice,Nasice_2025-07-18_12-27_tf_1h,2021-11-21 07:00:00,274.61438,276.21817
Nasice,Nasice_2025-07-18_12-27_tf_1h,2021-11-21 08:00:00,275.7443,275.28677
Nasice,Nasice_2025-07-18_12-27_tf_1h,2021-11-21 09:00:00,278.32645,276.98187
Nasice,Nasice_2025-07-18_12-27_tf_1h,2021-11-21 10:00:00,280.43616,280.4623
Nasice,Nasice_2025-07-18_12-27_tf_1h,2021-11-21 11:00:00,282.42764,282.12146
Nasice,Nasice_2025-07-18_12-27_tf_1h,2021-11-21 12:00:00,284.06342,283.66437
Nasice,Nasice_2025-07-18_12-27_tf_1h,2021-11-21 13:00:00,285.10944,285.0054
Nasice,Nasice_2025-07-18_12-27_tf_1h,2021-11-21 14:00:00,285.5645,285.63913
Nasice,Nasice_2025-07-18_12-27_tf_1h,2021-11-21 15:00:00,285.24255,285.67426
Nasice,Nasice_2025-07-18_12-27_tf_1h,2021-11-21 16:00:00,284.09467,284.75278
Nasice,Nasice_2025-07-18_12-27_tf_1h,2021-11-21 17:00:00,282.13477,282.84692
Nasice,Nasice_2025-07-18_12-27_tf_1h,2021-11-21 18:00:00,280.1752,280.3343
Nasice,Nasice_2025-07-18_12-27_tf_1h,2021-11-21 19:00:00,278.92886,278.56253
Nasice,Nasice_2025-07-18_12-27_tf_1h,2021-11-21 20:00:00,278.2289,277.8957
Nasice,Nasice_2025-07-18_12-27_tf_1h,2021-11-21 21:00:00,277.2931,277.61014
Nasice,Nasice_2025-07-18_12-27_tf_1h,2021-11-21 22:00:00,276.53494,276.61768
Nasice,Nasice_2025-07-18_12-27_tf_1h,2021-11-21 23:00:00,276.07028,276.02676
Nasice,Nasice_2025-07-18_12-27_tf_1h,2021-11-22 00:00:00,275.75327,275.76605
Nasice,Nasice_2025-07-18_12-27_tf_1h,2021-11-22 01:00:00,275.557,275.6035
Nasice,Nasice_2025-07-18_12-27_tf_1h,2021-11-22 02:00:00,275.53442,275.52783
Nasice,Nasice_2025-07-18_12-27_tf_1h,2021-11-22 03:00:00,275.19635,275.62686
Nasice,Nasice_2025-07-18_12-27_tf_1h,2021-11-22 04:00:00,275.44,275.01202
Nasice,Nasice_2025-07-18_12-27_tf_1h,2021-11-22 05:00:00,275.56537,275.899
Nasice,Nasice_2025-07-18_12-27_tf_1h,2021-11-22 06:00:00,275.7149,275.93527
Nasice,Nasice_2025-07-18_12-27_tf_1h,2021-11-22 07:00:00,276.27768,277.52524
Nasice,Nasice_2025-07-18_12-27_tf_1h,2021-11-22 08:00:00,277.3321,277.75775
Nasice,Nasice_2025-07-18_12-27_tf_1h,2021-11-22 09:00:00,278.10385,278.3406
Nasice,Nasice_2025-07-18_12-27_tf_1h,2021-11-22 10:00:00,278.80966,278.84705
Nasice,Nasice_2025-07-18_12-27_tf_1h,2021-11-22 11:00:00,279.59195,279.32562
Nasice,Nasice_2025-07-18_12-27_tf_1h,2021-11-22 12:00:00,279.9006,280.08545
Nasice,Nasice_2025-07-18_12-27_tf_1h,2021-11-22 13:00:00,280.2919,279.95093
Nasice,Nasice_2025-07-18_12-27_tf_1h,2021-11-22 14:00:00,280.40738,280.36502
Nasice,Nasice_2025-07-18_12-27_tf_1h,2021-11-22 15:00:00,280.2241,280.22363
Nasice,Nasice_2025-07-18_12-27_tf_1h,2021-11-22 16:00:00,279.99316,279.8379
Nasice,Nasice_2025-07-18_12-27_tf_1h,2021-11-22 17:00:00,279.6907,279.57776
Nasice,Nasice_2025-07-18_12-27_tf_1h,2021-11-22 18:00:00,279.46008,279.24854
Nasice,Nasice_2025-07-18_12-27_tf_1h,2021-11-22 19:00:00,279.1725,279.0966
Nasice,Nasice_2025-07-18_12-27_tf_1h,2021-11-22 20:00:00,278.74405,278.79114
Nasice,Nasice_2025-07-18_12-27_tf_1h,2021-11-22 21:00:00,278.7589,278.29776
Nasice,Nasice_2025-07-18_12-27_tf_1h,2021-11-22 22:00:00,278.82236,278.6428
Nasice,Nasice_2025-07-18_12-27_tf_1h,2021-11-22 23:00:00,278.92175,278.76028
Nasice,Nasice_2025-07-18_12-27_tf_1h,2021-11-23 00:00:00,278.9592,278.9071
Nasice,Nasice_2025-07-18_12-27_tf_1h,2021-11-23 01:00:00,278.94278,278.9032
Nasice,Nasice_2025-07-18_12-27_tf_1h,2021-11-23 02:00:00,278.94836,278.85196
Nasice,Nasice_2025-07-18_12-27_tf_1h,2021-11-23 03:00:00,278.90906,278.88492
Nasice,Nasice_2025-07-18_12-27_tf_1h,2021-11-23 04:00:00,278.78305,278.82758
Nasice,Nasice_2025-07-18_12-27_tf_1h,2021-11-23 05:00:00,278.59854,278.67426
Nasice,Nasice_2025-07-18_12-27_tf_1h,2021-11-23 06:00:00,278.26328,278.5097
Nasice,Nasice_2025-07-18_12-27_tf_1h,2021-11-23 07:00:00,278.154,278.08286
Nasice,Nasice_2025-07-18_12-27_tf_1h,2021-11-23 08:00:00,278.4778,278.21918
Nasice,Nasice_2025-07-18_12-27_tf_1h,2021-11-23 09:00:00,279.09973,278.8913
Nasice,Nasice_2025-07-18_12-27_tf_1h,2021-11-23 10:00:00,279.2273,279.69308
Nasice,Nasice_2025-07-18_12-27_tf_1h,2021-11-23 11:00:00,279.74365,279.272
Nasice,Nasice_2025-07-18_12-27_tf_1h,2021-11-23 12:00:00,280.00525,280.13812
Nasice,Nasice_2025-07-18_12-27_tf_1h,2021-11-23 13:00:00,280.16312,280.09155
Nasice,Nasice_2025-07-18_12-27_tf_1h,2021-11-23 14:00:00,280.30954,280.16406
Nasice,Nasice_2025-07-18_12-27_tf_1h,2021-11-23 15:00:00,280.23215,280.28067
Nasice,Nasice_2025-07-18_12-27_tf_1h,2021-11-23 16:00:00,279.8554,280.01666
Nasice,Nasice_2025-07-18_12-27_tf_1h,2021-11-23 17:00:00,279.45883,279.4152
Nasice,Nasice_2025-07-18_12-27_tf_1h,2021-11-23 18:00:00,278.9332,279.0239
Nasice,Nasice_2025-07-18_12-27_tf_1h,2021-11-23 19:00:00,278.12677,278.4173
Nasice,Nasice_2025-07-18_12-27_tf_1h,2021-11-23 20:00:00,276.75784,277.43195
Nasice,Nasice_2025-07-18_12-27_tf_1h,2021-11-23 21:00:00,275.56012,275.6918
Nasice,Nasice_2025-07-18_12-27_tf_1h,2021-11-23 22:00:00,274.3627,274.72995
Nasice,Nasice_2025-07-18_12-27_tf_1h,2021-11-23 23:00:00,273.99988,273.59256
Nasice,Nasice_2025-07-18_12-27_tf_1h,2021-11-24 00:00:00,273.49496,273.97177
Nasice,Nasice_2025-07-18_12-27_tf_1h,2021-11-24 01:00:00,272.956,273.3196
Nasice,Nasice_2025-07-18_12-27_tf_1h,2021-11-24 02:00:00,272.45883,272.81833
Nasice,Nasice_2025-07-18_12-27_tf_1h,2021-11-24 03:00:00,272.20993,272.3818
Nasice,Nasice_2025-07-18_12-27_tf_1h,2021-11-24 04:00:00,272.5449,272.43546
Nasice,Nasice_2025-07-18_12-27_tf_1h,2021-11-24 05:00:00,273.10306,273.38135
Nasice,Nasice_2025-07-18_12-27_tf_1h,2021-11-24 06:00:00,273.47855,274.06693
Nasice,Nasice_2025-07-18_12-27_tf_1h,2021-11-24 07:00:00,273.51508,274.34338
Nasice,Nasice_2025-07-18_12-27_tf_1h,2021-11-24 08:00:00,272.5458,274.18555
Nasice,Nasice_2025-07-18_12-27_tf_1h,2021-11-24 09:00:00,274.3438,272.46136
Nasice,Nasice_2025-07-18_12-27_tf_1h,2021-11-24 10:00:00,276.27893,276.88635
Nasice,Nasice_2025-07-18_12-27_tf_1h,2021-11-24 11:00:00,277.51288,277.93204
Nasice,Nasice_2025-07-18_12-27_tf_1h,2021-11-24 12:00:00,278.5871,278.37216
Nasice,Nasice_2025-07-18_12-27_tf_1h,2021-11-24 13:00:00,279.10654,279.39944
Nasice,Nasice_2025-07-18_12-27_tf_1h,2021-11-24 14:00:00,279.30188,279.38275
Nasice,Nasice_2025-07-18_12-27_tf_1h,2021-11-24 15:00:00,278.775,279.26404
Nasice,Nasice_2025-07-18_12-27_tf_1h,2021-11-24 16:00:00,277.4005,278.13095
Nasice,Nasice_2025-07-18_12-27_tf_1h,2021-11-24 17:00:00,275.90125,276.1544
Nasice,Nasice_2025-07-18_12-27_tf_1h,2021-11-24 18:00:00,275.08585,274.66406
Nasice,Nasice_2025-07-18_12-27_tf_1h,2021-11-24 19:00:00,274.50107,274.40164
Nasice,Nasice_2025-07-18_12-27_tf_1h,2021-11-24 20:00:00,274.98184,274.07727
Nasice,Nasice_2025-07-18_12-27_tf_1h,2021-11-24 21:00:00,274.8506,275.3651
Nasice,Nasice_2025-07-18_12-27_tf_1h,2021-11-24 22:00:00,274.37753,274.90503
Nasice,Nasice_2025-07-18_12-27_tf_1h,2021-11-24 23:00:00,273.90112,274.11798
Nasice,Nasice_2025-07-18_12-27_tf_1h,2021-11-25 00:00:00,273.40363,273.64297
Nasice,Nasice_2025-07-18_12-27_tf_1h,2021-11-25 01:00:00,272.98633,273.15756
Nasice,Nasice_2025-07-18_12-27_tf_1h,2021-11-25 02:00:00,272.53622,272.8336
Nasice,Nasice_2025-07-18_12-27_tf_1h,2021-11-25 03:00:00,272.08826,272.39307
Nasice,Nasice_2025-07-18_12-27_tf_1h,2021-11-25 04:00:00,272.0703,272.02063
Nasice,Nasice_2025-07-18_12-27_tf_1h,2021-11-25 05:00:00,272.2765,272.45837
Nasice,Nasice_2025-07-18_12-27_tf_1h,2021-11-25 06:00:00,272.43066,272.9065
Nasice,Nasice_2025-07-18_12-27_tf_1h,2021-11-25 07:00:00,273.18106,273.1563
Nasice,Nasice_2025-07-18_12-27_tf_1h,2021-11-25 08:00:00,273.00647,274.91647
Nasice,Nasice_2025-07-18_12-27_tf_1h,2021-11-25 09:00:00,274.9679,273.41693
Nasice,Nasice_2025-07-18_12-27_tf_1h,2021-11-25 10:00:00,276.5111,277.25104
Nasice,Nasice_2025-07-18_12-27_tf_1h,2021-11-25 11:00:00,278.37195,277.7876
Nasice,Nasice_2025-07-18_12-27_tf_1h,2021-11-25 12:00:00,279.9102,279.7751
Nasice,Nasice_2025-07-18_12-27_tf_1h,2021-11-25 13:00:00,281.00854,281.02933
Nasice,Nasice_2025-07-18_12-27_tf_1h,2021-11-25 14:00:00,281.56485,281.70306
Nasice,Nasice_2025-07-18_12-27_tf_1h,2021-11-25 15:00:00,281.402,281.75876
Nasice,Nasice_2025-07-18_12-27_tf_1h,2021-11-25 16:00:00,280.1433,280.9712
Nasice,Nasice_2025-07-18_12-27_tf_1h,2021-11-25 17:00:00,278.9911,278.87225
Nasice,Nasice_2025-07-18_12-27_tf_1h,2021-11-25 18:00:00,278.38867,277.8781
Nasice,Nasice_2025-07-18_12-27_tf_1h,2021-11-25 19:00:00,277.97073,277.7256
Nasice,Nasice_2025-07-18_12-27_tf_1h,2021-11-25 20:00:00,277.56674,277.52176
Nasice,Nasice_2025-07-18_12-27_tf_1h,2021-11-25 21:00:00,277.25995,277.19955
Nasice,Nasice_2025-07-18_12-27_tf_1h,2021-11-25 22:00:00,276.9597,276.98126
Nasice,Nasice_2025-07-18_12-27_tf_1h,2021-11-25 23:00:00,276.56714,276.69397
Nasice,Nasice_2025-07-18_12-27_tf_1h,2021-11-26 00:00:00,275.8053,276.2548
Nasice,Nasice_2025-07-18_12-27_tf_1h,2021-11-26 01:00:00,275.68735,275.25903
Nasice,Nasice_2025-07-18_12-27_tf_1h,2021-11-26 02:00:00,275.44217,275.6012
Nasice,Nasice_2025-07-18_12-27_tf_1h,2021-11-26 03:00:00,275.50934,275.3025
Nasice,Nasice_2025-07-18_12-27_tf_1h,2021-11-26 04:00:00,276.18295,275.64072
Nasice,Nasice_2025-07-18_12-27_tf_1h,2021-11-26 05:00:00,276.90396,276.8394
Nasice,Nasice_2025-07-18_12-27_tf_1h,2021-11-26 06:00:00,277.49277,277.59824
Nasice,Nasice_2025-07-18_12-27_tf_1h,2021-11-26 07:00:00,278.0859,278.01416
Nasice,Nasice_2025-07-18_12-27_tf_1h,2021-11-26 08:00:00,278.684,278.8653
Nasice,Nasice_2025-07-18_12-27_tf_1h,2021-11-26 09:00:00,279.2149,279.49496
Nasice,Nasice_2025-07-18_12-27_tf_1h,2021-11-26 10:00:00,279.60526,279.78006
Nasice,Nasice_2025-07-18_12-27_tf_1h,2021-11-26 11:00:00,280.10895,279.88635
Nasice,Nasice_2025-07-18_12-27_tf_1h,2021-11-26 12:00:00,280.6309,280.38297
Nasice,Nasice_2025-07-18_12-27_tf_1h,2021-11-26 13:00:00,281.3048,280.83298
Nasice,Nasice_2025-07-18_12-27_tf_1h,2021-11-26 14:00:00,281.80847,281.6011
Nasice,Nasice_2025-07-18_12-27_tf_1h,2021-11-26 15:00:00,281.6766,281.93774
Nasice,Nasice_2025-07-18_12-27_tf_1h,2021-11-26 16:00:00,280.65906,281.34253
Nasice,Nasice_2025-07-18_12-27_tf_1h,2021-11-26 17:00:00,279.84396,279.68927
Nasice,Nasice_2025-07-18_12-27_tf_1h,2021-11-26 18:00:00,279.13843,279.0182
Nasice,Nasice_2025-07-18_12-27_tf_1h,2021-11-26 19:00:00,278.61652,278.42114
Nasice,Nasice_2025-07-18_12-27_tf_1h,2021-11-26 20:00:00,278.8886,278.09387
Nasice,Nasice_2025-07-18_12-27_tf_1h,2021-11-26 21:00:00,278.48926,278.95206
Nasice,Nasice_2025-07-18_12-27_tf_1h,2021-11-26 22:00:00,277.89612,278.1476
Nasice,Nasice_2025-07-18_12-27_tf_1h,2021-11-26 23:00:00,277.3587,277.4037
Nasice,Nasice_2025-07-18_12-27_tf_1h,2021-11-27 00:00:00,276.91202,276.9195
Nasice,Nasice_2025-07-18_12-27_tf_1h,2021-11-27 01:00:00,276.7275,276.5917
Nasice,Nasice_2025-07-18_12-27_tf_1h,2021-11-27 02:00:00,276.686,276.67282
Nasice,Nasice_2025-07-18_12-27_tf_1h,2021-11-27 03:00:00,276.65198,276.7928
Nasice,Nasice_2025-07-18_12-27_tf_1h,2021-11-27 04:00:00,276.6659,276.78934
Nasice,Nasice_2025-07-18_12-27_tf_1h,2021-11-27 05:00:00,276.72037,276.8735
Nasice,Nasice_2025-07-18_12-27_tf_1h,2021-11-27 06:00:00,276.73865,276.976
Nasice,Nasice_2025-07-18_12-27_tf_1h,2021-11-27 07:00:00,276.6148,276.997
Nasice,Nasice_2025-07-18_12-27_tf_1h,2021-11-27 08:00:00,275.18863,276.77017
Nasice,Nasice_2025-07-18_12-27_tf_1h,2021-11-27 09:00:00,275.74026,274.19006
Nasice,Nasice_2025-07-18_12-27_tf_1h,2021-11-27 10:00:00,276.8888,276.88
Nasice,Nasice_2025-07-18_12-27_tf_1h,2021-11-27 11:00:00,278.3122,278.02023
Nasice,Nasice_2025-07-18_12-27_tf_1h,2021-11-27 12:00:00,280.29562,279.54535
Nasice,Nasice_2025-07-18_12-27_tf_1h,2021-11-27 13:00:00,281.83295,281.8218
Nasice,Nasice_2025-07-18_12-27_tf_1h,2021-11-27 14:00:00,282.77002,282.9724
Nasice,Nasice_2025-07-18_12-27_tf_1h,2021-11-27 15:00:00,282.7592,283.26205
Nasice,Nasice_2025-07-18_12-27_tf_1h,2021-11-27 16:00:00,281.7797,282.46985
Nasice,Nasice_2025-07-18_12-27_tf_1h,2021-11-27 17:00:00,281.02435,280.7456
Nasice,Nasice_2025-07-18_12-27_tf_1h,2021-11-27 18:00:00,280.6838,280.1645
Nasice,Nasice_2025-07-18_12-27_tf_1h,2021-11-27 19:00:00,280.38507,280.1354
Nasice,Nasice_2025-07-18_12-27_tf_1h,2021-11-27 20:00:00,279.36874,279.92633
Nasice,Nasice_2025-07-18_12-27_tf_1h,2021-11-27 21:00:00,278.18063,278.49
Nasice,Nasice_2025-07-18_12-27_tf_1h,2021-11-27 22:00:00,277.49493,277.2378
Nasice,Nasice_2025-07-18_12-27_tf_1h,2021-11-27 23:00:00,276.8764,276.92026
Nasice,Nasice_2025-07-18_12-27_tf_1h,2021-11-28 00:00:00,276.29132,276.39362
Nasice,Nasice_2025-07-18_12-27_tf_1h,2021-11-28 01:00:00,276.09225,275.89365
Nasice,Nasice_2025-07-18_12-27_tf_1h,2021-11-28 02:00:00,276.026,275.9951
Nasice,Nasice_2025-07-18_12-27_tf_1h,2021-11-28 03:00:00,276.06998,276.04645
Nasice,Nasice_2025-07-18_12-27_tf_1h,2021-11-28 04:00:00,276.1523,276.1709
Nasice,Nasice_2025-07-18_12-27_tf_1h,2021-11-28 05:00:00,276.29782,276.2714
Nasice,Nasice_2025-07-18_12-27_tf_1h,2021-11-28 06:00:00,276.36685,276.4991
Nasice,Nasice_2025-07-18_12-27_tf_1h,2021-11-28 07:00:00,276.82874,276.54327
Nasice,Nasice_2025-07-18_12-27_tf_1h,2021-11-28 08:00:00,278.96912,277.6533
Nasice,Nasice_2025-07-18_12-27_tf_1h,2021-11-28 09:00:00,280.68164,281.2477
Nasice,Nasice_2025-07-18_12-27_tf_1h,2021-11-28 10:00:00,282.47684,282.03314
Nasice,Nasice_2025-07-18_12-27_tf_1h,2021-11-28 11:00:00,284.24667,283.76523
Nasice,Nasice_2025-07-18_12-27_tf_1h,2021-11-28 12:00:00,285.53604,285.39014
Nasice,Nasice_2025-07-18_12-27_tf_1h,2021-11-28 13:00:00,285.7444,286.34003
Nasice,Nasice_2025-07-18_12-27_tf_1h,2021-11-28 14:00:00,285.11563,285.76968
Nasice,Nasice_2025-07-18_12-27_tf_1h,2021-11-28 15:00:00,284.12378,284.35208
Nasice,Nasice_2025-07-18_12-27_tf_1h,2021-11-28 16:00:00,283.2288,282.97607
Nasice,Nasice_2025-07-18_12-27_tf_1h,2021-11-28 17:00:00,282.56384,282.1707
Nasice,Nasice_2025-07-18_12-27_tf_1h,2021-11-28 18:00:00,281.9645,281.71182
Nasice,Nasice_2025-07-18_12-27_tf_1h,2021-11-28 19:00:00,282.11063,281.22278
Nasice,Nasice_2025-07-18_12-27_tf_1h,2021-11-28 20:00:00,279.1109,281.901
Nasice,Nasice_2025-07-18_12-27_tf_1h,2021-11-28 21:00:00,279.01306,277.3593
Nasice,Nasice_2025-07-18_12-27_tf_1h,2021-11-28 22:00:00,278.89606,278.92813
Nasice,Nasice_2025-07-18_12-27_tf_1h,2021-11-28 23:00:00,278.85486,278.63925
Nasice,Nasice_2025-07-18_12-27_tf_1h,2021-11-29 00:00:00,278.66324,278.77405
Nasice,Nasice_2025-07-18_12-27_tf_1h,2021-11-29 01:00:00,278.38464,278.54013
Nasice,Nasice_2025-07-18_12-27_tf_1h,2021-11-29 02:00:00,277.9271,278.206
Nasice,Nasice_2025-07-18_12-27_tf_1h,2021-11-29 03:00:00,277.5098,277.60486
Nasice,Nasice_2025-07-18_12-27_tf_1h,2021-11-29 04:00:00,277.00766,277.26788
Nasice,Nasice_2025-07-18_12-27_tf_1h,2021-11-29 05:00:00,276.52658,276.72308
Nasice,Nasice_2025-07-18_12-27_tf_1h,2021-11-29 06:00:00,275.93005,277.0472
Nasice,Nasice_2025-07-18_12-27_tf_1h,2021-11-29 07:00:00,275.705,276.78903
Nasice,Nasice_2025-07-18_12-27_tf_1h,2021-11-29 08:00:00,275.22824,276.40643
Nasice,Nasice_2025-07-18_12-27_tf_1h,2021-11-29 09:00:00,275.57962,275.03387
Nasice,Nasice_2025-07-18_12-27_tf_1h,2021-11-29 10:00:00,276.24673,276.27057
Nasice,Nasice_2025-07-18_12-27_tf_1h,2021-11-29 11:00:00,277.23425,276.8932
Nasice,Nasice_2025-07-18_12-27_tf_1h,2021-11-29 12:00:00,278.0667,278.12704
Nasice,Nasice_2025-07-18_12-27_tf_1h,2021-11-29 13:00:00,278.42395,278.6595
Nasice,Nasice_2025-07-18_12-27_tf_1h,2021-11-29 14:00:00,278.49268,278.5524
Nasice,Nasice_2025-07-18_12-27_tf_1h,2021-11-29 15:00:00,278.07196,278.37622
Nasice,Nasice_2025-07-18_12-27_tf_1h,2021-11-29 16:00:00,277.29495,277.52808
Nasice,Nasice_2025-07-18_12-27_tf_1h,2021-11-29 17:00:00,276.54205,276.52472
Nasice,Nasice_2025-07-18_12-27_tf_1h,2021-11-29 18:00:00,276.0672,275.85614
Nasice,Nasice_2025-07-18_12-27_tf_1h,2021-11-29 19:00:00,275.68982,275.6772
Nasice,Nasice_2025-07-18_12-27_tf_1h,2021-11-29 20:00:00,275.54556,275.45297
Nasice,Nasice_2025-07-18_12-27_tf_1h,2021-11-29 21:00:00,275.38428,275.5198
Nasice,Nasice_2025-07-18_12-27_tf_1h,2021-11-29 22:00:00,275.223,275.318
Nasice,Nasice_2025-07-18_12-27_tf_1h,2021-11-29 23:00:00,275.07843,275.1547
Nasice,Nasice_2025-07-18_12-27_tf_1h,2021-11-30 00:00:00,274.94376,275.00748
Nasice,Nasice_2025-07-18_12-27_tf_1h,2021-11-30 01:00:00,274.82828,274.87604
Nasice,Nasice_2025-07-18_12-27_tf_1h,2021-11-30 02:00:00,274.71375,274.77512
Nasice,Nasice_2025-07-18_12-27_tf_1h,2021-11-30 03:00:00,274.51035,274.67847
Nasice,Nasice_2025-07-18_12-27_tf_1h,2021-11-30 04:00:00,274.10388,274.43298
Nasice,Nasice_2025-07-18_12-27_tf_1h,2021-11-30 05:00:00,273.62994,273.9196
Nasice,Nasice_2025-07-18_12-27_tf_1h,2021-11-30 06:00:00,273.18323,273.5083
Nasice,Nasice_2025-07-18_12-27_tf_1h,2021-11-30 07:00:00,272.9464,273.23795
Nasice,Nasice_2025-07-18_12-27_tf_1h,2021-11-30 08:00:00,273.58752,273.32382
Nasice,Nasice_2025-07-18_12-27_tf_1h,2021-11-30 09:00:00,274.99112,274.7687
Nasice,Nasice_2025-07-18_12-27_tf_1h,2021-11-30 10:00:00,276.64175,276.52988
Nasice,Nasice_2025-07-18_12-27_tf_1h,2021-11-30 11:00:00,277.97134,278.10773
Nasice,Nasice_2025-07-18_12-27_tf_1h,2021-11-30 12:00:00,279.03317,278.9271
Nasice,Nasice_2025-07-18_12-27_tf_1h,2021-11-30 13:00:00,279.58887,279.75024
Nasice,Nasice_2025-07-18_12-27_tf_1h,2021-11-30 14:00:00,279.66223,279.8555
Nasice,Nasice_2025-07-18_12-27_tf_1h,2021-11-30 15:00:00,279.3183,279.50858
Nasice,Nasice_2025-07-18_12-27_tf_1h,2021-11-30 16:00:00,278.37195,278.79755
Nasice,Nasice_2025-07-18_12-27_tf_1h,2021-11-30 17:00:00,278.037,277.4021
Nasice,Nasice_2025-07-18_12-27_tf_1h,2021-11-30 18:00:00,278.14163,277.63632
Nasice,Nasice_2025-07-18_12-27_tf_1h,2021-11-30 19:00:00,278.48618,278.07614
Nasice,Nasice_2025-07-18_12-27_tf_1h,2021-11-30 20:00:00,278.51993,278.65897
Nasice,Nasice_2025-07-18_12-27_tf_1h,2021-11-30 21:00:00,278.8233,278.45856
Nasice,Nasice_2025-07-18_12-27_tf_1h,2021-11-30 22:00:00,279.0663,278.94583
Nasice,Nasice_2025-07-18_12-27_tf_1h,2021-11-30 23:00:00,279.4771,279.12662
Nasice,Nasice_2025-07-18_12-27_tf_1h,2021-12-01 00:00:00,279.85294,279.6461
Nasice,Nasice_2025-07-18_12-27_tf_1h,2021-12-01 01:00:00,280.2762,279.97696
Nasice,Nasice_2025-07-18_12-27_tf_1h,2021-12-01 02:00:00,280.44727,280.4155
Nasice,Nasice_2025-07-18_12-27_tf_1h,2021-12-01 03:00:00,280.35852,280.3947
Nasice,Nasice_2025-07-18_12-27_tf_1h,2021-12-01 04:00:00,279.94278,280.1068
Nasice,Nasice_2025-07-18_12-27_tf_1h,2021-12-01 05:00:00,279.68716,279.4662
Nasice,Nasice_2025-07-18_12-27_tf_1h,2021-12-01 06:00:00,279.45233,279.382
Nasice,Nasice_2025-07-18_12-27_tf_1h,2021-12-01 07:00:00,279.27286,279.25848
Nasice,Nasice_2025-07-18_12-27_tf_1h,2021-12-01 08:00:00,280.26834,279.2129
Nasice,Nasice_2025-07-18_12-27_tf_1h,2021-12-01 09:00:00,280.8127,281.1866
Nasice,Nasice_2025-07-18_12-27_tf_1h,2021-12-01 10:00:00,281.9717,281.28073
Nasice,Nasice_2025-07-18_12-27_tf_1h,2021-12-01 11:00:00,283.11465,282.77927
Nasice,Nasice_2025-07-18_12-27_tf_1h,2021-12-01 12:00:00,283.9801,283.8711
Nasice,Nasice_2025-07-18_12-27_tf_1h,2021-12-01 13:00:00,284.63684,284.43655
Nasice,Nasice_2025-07-18_12-27_tf_1h,2021-12-01 14:00:00,284.93542,284.91394
Nasice,Nasice_2025-07-18_12-27_tf_1h,2021-12-01 15:00:00,284.51886,284.91074
Nasice,Nasice_2025-07-18_12-27_tf_1h,2021-12-01 16:00:00,283.35876,283.90213
Nasice,Nasice_2025-07-18_12-27_tf_1h,2021-12-01 17:00:00,282.24445,282.2461
Nasice,Nasice_2025-07-18_12-27_tf_1h,2021-12-01 18:00:00,281.2026,281.1796
Nasice,Nasice_2025-07-18_12-27_tf_1h,2021-12-01 19:00:00,280.55487,280.2314
Nasice,Nasice_2025-07-18_12-27_tf_1h,2021-12-01 20:00:00,280.31833,279.96927
Nasice,Nasice_2025-07-18_12-27_tf_1h,2021-12-01 21:00:00,280.07312,280.10767
Nasice,Nasice_2025-07-18_12-27_tf_1h,2021-12-01 22:00:00,279.90402,279.89963
Nasice,Nasice_2025-07-18_12-27_tf_1h,2021-12-01 23:00:00,279.97705,279.78427
Nasice,Nasice_2025-07-18_12-27_tf_1h,2021-12-02 00:00:00,280.4369,280.01697
Nasice,Nasice_2025-07-18_12-27_tf_1h,2021-12-02 01:00:00,280.5102,280.75726
Nasice,Nasice_2025-07-18_12-27_tf_1h,2021-12-02 02:00:00,280.67453,280.5136
Nasice,Nasice_2025-07-18_12-27_tf_1h,2021-12-02 03:00:00,280.58435,280.74146
Nasice,Nasice_2025-07-18_12-27_tf_1h,2021-12-02 04:00:00,280.52142,280.464
Nasice,Nasice_2025-07-18_12-27_tf_1h,2021-12-02 05:00:00,280.213,280.49786
Nasice,Nasice_2025-07-18_12-27_tf_1h,2021-12-02 06:00:00,280.29446,280.04
Nasice,Nasice_2025-07-18_12-27_tf_1h,2021-12-02 07:00:00,280.54953,280.83765
Nasice,Nasice_2025-07-18_12-27_tf_1h,2021-12-02 08:00:00,279.59503,281.02045
Nasice,Nasice_2025-07-18_12-27_tf_1h,2021-12-02 09:00:00,281.4613,278.8189
Nasice,Nasice_2025-07-18_12-27_tf_1h,2021-12-02 10:00:00,284.09442,282.95502
Nasice,Nasice_2025-07-18_12-27_tf_1h,2021-12-02 11:00:00,285.9413,285.85626
Nasice,Nasice_2025-07-18_12-27_tf_1h,2021-12-02 12:00:00,286.99158,287.24536
Nasice,Nasice_2025-07-18_12-27_tf_1h,2021-12-02 13:00:00,287.37164,287.58276
Nasice,Nasice_2025-07-18_12-27_tf_1h,2021-12-02 14:00:00,287.5017,287.49747
Nasice,Nasice_2025-07-18_12-27_tf_1h,2021-12-02 15:00:00,286.66293,287.39517
Nasice,Nasice_2025-07-18_12-27_tf_1h,2021-12-02 16:00:00,285.4065,285.79092
Nasice,Nasice_2025-07-18_12-27_tf_1h,2021-12-02 17:00:00,284.43347,284.059
Nasice,Nasice_2025-07-18_12-27_tf_1h,2021-12-02 18:00:00,283.28937,283.37082
Nasice,Nasice_2025-07-18_12-27_tf_1h,2021-12-02 19:00:00,282.44977,282.20184
Nasice,Nasice_2025-07-18_12-27_tf_1h,2021-12-02 20:00:00,281.14362,281.6571
Nasice,Nasice_2025-07-18_12-27_tf_1h,2021-12-02 21:00:00,281.04166,280.17987
Nasice,Nasice_2025-07-18_12-27_tf_1h,2021-12-02 22:00:00,280.63687,280.951
Nasice,Nasice_2025-07-18_12-27_tf_1h,2021-12-02 23:00:00,278.98746,280.37582
Nasice,Nasice_2025-07-18_12-27_tf_1h,2021-12-03 00:00:00,277.27484,277.85718
Nasice,Nasice_2025-07-18_12-27_tf_1h,2021-12-03 01:00:00,276.51248,276.12637
Nasice,Nasice_2025-07-18_12-27_tf_1h,2021-12-03 02:00:00,275.767,276.10815
Nasice,Nasice_2025-07-18_12-27_tf_1h,2021-12-03 03:00:00,275.78497,275.3731
Nasice,Nasice_2025-07-18_12-27_tf_1h,2021-12-03 04:00:00,276.3004,276.1752
Nasice,Nasice_2025-07-18_12-27_tf_1h,2021-12-03 05:00:00,276.92175,277.01917
Nasice,Nasice_2025-07-18_12-27_tf_1h,2021-12-03 06:00:00,277.41837,278.10025
Nasice,Nasice_2025-07-18_12-27_tf_1h,2021-12-03 07:00:00,277.55966,278.88147
Nasice,Nasice_2025-07-18_12-27_tf_1h,2021-12-03 08:00:00,277.43298,278.49252
Nasice,Nasice_2025-07-18_12-27_tf_1h,2021-12-03 09:00:00,277.7063,277.515
Nasice,Nasice_2025-07-18_12-27_tf_1h,2021-12-03 10:00:00,277.90546,278.09613
Nasice,Nasice_2025-07-18_12-27_tf_1h,2021-12-03 11:00:00,278.481,278.0255
Nasice,Nasice_2025-07-18_12-27_tf_1h,2021-12-03 12:00:00,279.04504,278.96588
Nasice,Nasice_2025-07-18_12-27_tf_1h,2021-12-03 13:00:00,279.27228,279.38568
Nasice,Nasice_2025-07-18_12-27_tf_1h,2021-12-03 14:00:00,279.15796,279.2905
Nasice,Nasice_2025-07-18_12-27_tf_1h,2021-12-03 15:00:00,278.77567,278.87424
Nasice,Nasice_2025-07-18_12-27_tf_1h,2021-12-03 16:00:00,277.83746,278.30203
Nasice,Nasice_2025-07-18_12-27_tf_1h,2021-12-03 17:00:00,276.7566,276.9683
Nasice,Nasice_2025-07-18_12-27_tf_1h,2021-12-03 18:00:00,275.72037,275.84793
Nasice,Nasice_2025-07-18_12-27_tf_1h,2021-12-03 19:00:00,274.85858,274.87943
Nasice,Nasice_2025-07-18_12-27_tf_1h,2021-12-03 20:00:00,273.80408,274.2449
Nasice,Nasice_2025-07-18_12-27_tf_1h,2021-12-03 21:00:00,272.52853,273.12405
Nasice,Nasice_2025-07-18_12-27_tf_1h,2021-12-03 22:00:00,271.66196,271.79755
Nasice,Nasice_2025-07-18_12-27_tf_1h,2021-12-03 23:00:00,273.69003,271.3227
Nasice,Nasice_2025-07-18_12-27_tf_1h,2021-12-04 00:00:00,273.28415,275.58673
Nasice,Nasice_2025-07-18_12-27_tf_1h,2021-12-04 01:00:00,272.86758,273.09274
Nasice,Nasice_2025-07-18_12-27_tf_1h,2021-12-04 02:00:00,272.56927,272.75323
Nasice,Nasice_2025-07-18_12-27_tf_1h,2021-12-04 03:00:00,272.34146,272.8009
Nasice,Nasice_2025-07-18_12-27_tf_1h,2021-12-04 04:00:00,272.15887,272.76428
Nasice,Nasice_2025-07-18_12-27_tf_1h,2021-12-04 05:00:00,271.91,272.68375
Nasice,Nasice_2025-07-18_12-27_tf_1h,2021-12-04 06:00:00,271.69962,272.45377
Nasice,Nasice_2025-07-18_12-27_tf_1h,2021-12-04 07:00:00,271.6454,272.43002
Nasice,Nasice_2025-07-18_12-27_tf_1h,2021-12-04 08:00:00,270.12405,272.51776
Nasice,Nasice_2025-07-18_12-27_tf_1h,2021-12-04 09:00:00,272.4232,269.7191
Nasice,Nasice_2025-07-18_12-27_tf_1h,2021-12-04 10:00:00,274.13245,275.22202
Nasice,Nasice_2025-07-18_12-27_tf_1h,2021-12-04 11:00:00,275.35126,275.59775
Nasice,Nasice_2025-07-18_12-27_tf_1h,2021-12-04 12:00:00,276.21445,276.18454
Nasice,Nasice_2025-07-18_12-27_tf_1h,2021-12-04 13:00:00,276.92398,276.9206
Nasice,Nasice_2025-07-18_12-27_tf_1h,2021-12-04 14:00:00,277.2108,277.4466
Nasice,Nasice_2025-07-18_12-27_tf_1h,2021-12-04 15:00:00,276.5872,277.29654
Nasice,Nasice_2025-07-18_12-27_tf_1h,2021-12-04 16:00:00,275.1608,275.9396
Nasice,Nasice_2025-07-18_12-27_tf_1h,2021-12-04 17:00:00,274.06277,273.93942
Nasice,Nasice_2025-07-18_12-27_tf_1h,2021-12-04 18:00:00,273.501,273.23593
Nasice,Nasice_2025-07-18_12-27_tf_1h,2021-12-04 19:00:00,273.13696,273.1572
Nasice,Nasice_2025-07-18_12-27_tf_1h,2021-12-04 20:00:00,272.7965,273.0478
Nasice,Nasice_2025-07-18_12-27_tf_1h,2021-12-04 21:00:00,272.76477,272.7651
Nasice,Nasice_2025-07-18_12-27_tf_1h,2021-12-04 22:00:00,272.89117,272.96313
Nasice,Nasice_2025-07-18_12-27_tf_1h,2021-12-04 23:00:00,273.30438,273.16327
Nasice,Nasice_2025-07-18_12-27_tf_1h,2021-12-05 00:00:00,273.78415,273.76474
Nasice,Nasice_2025-07-18_12-27_tf_1h,2021-12-05 01:00:00,273.99286,274.2449
Nasice,Nasice_2025-07-18_12-27_tf_1h,2021-12-05 02:00:00,274.4139,274.19647
Nasice,Nasice_2025-07-18_12-27_tf_1h,2021-12-05 03:00:00,274.81757,274.80164
Nasice,Nasice_2025-07-18_12-27_tf_1h,2021-12-05 04:00:00,274.93945,275.14783
Nasice,Nasice_2025-07-18_12-27_tf_1h,2021-12-05 05:00:00,275.0923,275.0611
Nasice,Nasice_2025-07-18_12-27_tf_1h,2021-12-05 06:00:00,275.28384,275.3292
Nasice,Nasice_2025-07-18_12-27_tf_1h,2021-12-05 07:00:00,275.40604,275.67038
Nasice,Nasice_2025-07-18_12-27_tf_1h,2021-12-05 08:00:00,275.42456,275.86264
Nasice,Nasice_2025-07-18_12-27_tf_1h,2021-12-05 09:00:00,275.68805,275.74435
Nasice,Nasice_2025-07-18_12-27_tf_1h,2021-12-05 10:00:00,276.1243,276.13235
Nasice,Nasice_2025-07-18_12-27_tf_1h,2021-12-05 11:00:00,276.76276,276.5372
Nasice,Nasice_2025-07-18_12-27_tf_1h,2021-12-05 12:00:00,277.03833,277.2448
Nasice,Nasice_2025-07-18_12-27_tf_1h,2021-12-05 13:00:00,277.44507,277.15298
Nasice,Nasice_2025-07-18_12-27_tf_1h,2021-12-05 14:00:00,278.0987,277.6546
Nasice,Nasice_2025-07-18_12-27_tf_1h,2021-12-05 15:00:00,277.99307,278.47333
Nasice,Nasice_2025-07-18_12-27_tf_1h,2021-12-05 16:00:00,277.46838,277.7629
Nasice,Nasice_2025-07-18_12-27_tf_1h,2021-12-05 17:00:00,276.48215,276.92786
Nasice,Nasice_2025-07-18_12-27_tf_1h,2021-12-05 18:00:00,275.94394,275.5991
Nasice,Nasice_2025-07-18_12-27_tf_1h,2021-12-05 19:00:00,275.40295,275.49155
Nasice,Nasice_2025-07-18_12-27_tf_1h,2021-12-05 20:00:00,275.91754,274.98203
Nasice,Nasice_2025-07-18_12-27_tf_1h,2021-12-05 21:00:00,275.76276,276.4215
Nasice,Nasice_2025-07-18_12-27_tf_1h,2021-12-05 22:00:00,275.48917,275.6898
Nasice,Nasice_2025-07-18_12-27_tf_1h,2021-12-05 23:00:00,275.34143,275.32068
Nasice,Nasice_2025-07-18_12-27_tf_1h,2021-12-06 00:00:00,275.13806,275.2746
Nasice,Nasice_2025-07-18_12-27_tf_1h,2021-12-06 01:00:00,274.9903,275.0387
Nasice,Nasice_2025-07-18_12-27_tf_1h,2021-12-06 02:00:00,274.85043,274.9656
Nasice,Nasice_2025-07-18_12-27_tf_1h,2021-12-06 03:00:00,274.74454,274.8395
Nasice,Nasice_2025-07-18_12-27_tf_1h,2021-12-06 04:00:00,274.56024,274.79358
Nasice,Nasice_2025-07-18_12-27_tf_1h,2021-12-06 05:00:00,274.39902,274.56442
Nasice,Nasice_2025-07-18_12-27_tf_1h,2021-12-06 06:00:00,274.25296,274.48456
Nasice,Nasice_2025-07-18_12-27_tf_1h,2021-12-06 07:00:00,274.26083,274.4001
Nasice,Nasice_2025-07-18_12-27_tf_1h,2021-12-06 08:00:00,274.99704,274.61896
Nasice,Nasice_2025-07-18_12-27_tf_1h,2021-12-06 09:00:00,275.40097,276.03354
Nasice,Nasice_2025-07-18_12-27_tf_1h,2021-12-06 10:00:00,275.81165,275.864
Nasice,Nasice_2025-07-18_12-27_tf_1h,2021-12-06 11:00:00,276.2021,276.30133
Nasice,Nasice_2025-07-18_12-27_tf_1h,2021-12-06 12:00:00,276.68466,276.5717
Nasice,Nasice_2025-07-18_12-27_tf_1h,2021-12-06 13:00:00,277.1532,277.0936
Nasice,Nasice_2025-07-18_12-27_tf_1h,2021-12-06 14:00:00,277.35153,277.4756
Nasice,Nasice_2025-07-18_12-27_tf_1h,2021-12-06 15:00:00,277.37512,277.40445
Nasice,Nasice_2025-07-18_12-27_tf_1h,2021-12-06 16:00:00,277.0018,277.28864
Nasice,Nasice_2025-07-18_12-27_tf_1h,2021-12-06 17:00:00,276.674,276.57205
Nasice,Nasice_2025-07-18_12-27_tf_1h,2021-12-06 18:00:00,276.5785,276.35315
Nasice,Nasice_2025-07-18_12-27_tf_1h,2021-12-06 19:00:00,276.3431,276.46008
Nasice,Nasice_2025-07-18_12-27_tf_1h,2021-12-06 20:00:00,276.25687,276.11804
Nasice,Nasice_2025-07-18_12-27_tf_1h,2021-12-06 21:00:00,275.71277,276.1835
Nasice,Nasice_2025-07-18_12-27_tf_1h,2021-12-06 22:00:00,275.11194,275.27505
Nasice,Nasice_2025-07-18_12-27_tf_1h,2021-12-06 23:00:00,274.45688,274.68365
Nasice,Nasice_2025-07-18_12-27_tf_1h,2021-12-07 00:00:00,273.96588,274.008
Nasice,Nasice_2025-07-18_12-27_tf_1h,2021-12-07 01:00:00,273.47375,273.7033
Nasice,Nasice_2025-07-18_12-27_tf_1h,2021-12-07 02:00:00,273.09454,273.23746
Nasice,Nasice_2025-07-18_12-27_tf_1h,2021-12-07 03:00:00,272.79456,272.98154
Nasice,Nasice_2025-07-18_12-27_tf_1h,2021-12-07 04:00:00,272.43192,272.79208
Nasice,Nasice_2025-07-18_12-27_tf_1h,2021-12-07 05:00:00,272.34933,272.43082
Nasice,Nasice_2025-07-18_12-27_tf_1h,2021-12-07 06:00:00,272.33612,272.69064
Nasice,Nasice_2025-07-18_12-27_tf_1h,2021-12-07 07:00:00,272.44257,272.76236
Nasice,Nasice_2025-07-18_12-27_tf_1h,2021-12-07 08:00:00,272.59482,273.03568
Nasice,Nasice_2025-07-18_12-27_tf_1h,2021-12-07 09:00:00,273.37262,273.2038
Nasice,Nasice_2025-07-18_12-27_tf_1h,2021-12-07 10:00:00,274.3698,274.57617
Nasice,Nasice_2025-07-18_12-27_tf_1h,2021-12-07 11:00:00,275.47205,275.50684
Nasice,Nasice_2025-07-18_12-27_tf_1h,2021-12-07 12:00:00,276.24002,276.5984
Nasice,Nasice_2025-07-18_12-27_tf_1h,2021-12-07 13:00:00,276.6566,276.901
Nasice,Nasice_2025-07-18_12-27_tf_1h,2021-12-07 14:00:00,276.7681,277.0084
Nasice,Nasice_2025-07-18_12-27_tf_1h,2021-12-07 15:00:00,276.43326,276.8356
Nasice,Nasice_2025-07-18_12-27_tf_1h,2021-12-07 16:00:00,275.6108,276.10495
Nasice,Nasice_2025-07-18_12-27_tf_1h,2021-12-07 17:00:00,274.92374,274.86673
Nasice,Nasice_2025-07-18_12-27_tf_1h,2021-12-07 18:00:00,274.23187,274.3831
Nasice,Nasice_2025-07-18_12-27_tf_1h,2021-12-07 19:00:00,273.7184,273.71826
Nasice,Nasice_2025-07-18_12-27_tf_1h,2021-12-07 20:00:00,273.45157,273.43433
Nasice,Nasice_2025-07-18_12-27_tf_1h,2021-12-07 21:00:00,273.07657,273.38187
Nasice,Nasice_2025-07-18_12-27_tf_1h,2021-12-07 22:00:00,272.93753,272.95316
Nasice,Nasice_2025-07-18_12-27_tf_1h,2021-12-07 23:00:00,272.88358,273.00565
Nasice,Nasice_2025-07-18_12-27_tf_1h,2021-12-08 00:00:00,272.63416,272.99823
Nasice,Nasice_2025-07-18_12-27_tf_1h,2021-12-08 01:00:00,272.27713,272.60468
Nasice,Nasice_2025-07-18_12-27_tf_1h,2021-12-08 02:00:00,271.77966,272.18085
Nasice,Nasice_2025-07-18_12-27_tf_1h,2021-12-08 03:00:00,270.976,271.6134
Nasice,Nasice_2025-07-18_12-27_tf_1h,2021-12-08 04:00:00,270.9867,270.64767
Nasice,Nasice_2025-07-18_12-27_tf_1h,2021-12-08 05:00:00,270.31226,271.51593
Nasice,Nasice_2025-07-18_12-27_tf_1h,2021-12-08 06:00:00,270.37292,270.23776
Nasice,Nasice_2025-07-18_12-27_tf_1h,2021-12-08 07:00:00,270.35974,271.34464
Nasice,Nasice_2025-07-18_12-27_tf_1h,2021-12-08 08:00:00,270.78107,271.134
Nasice,Nasice_2025-07-18_12-27_tf_1h,2021-12-08 09:00:00,273.12823,272.18008
Nasice,Nasice_2025-07-18_12-27_tf_1h,2021-12-08 10:00:00,275.417,275.7658
Nasice,Nasice_2025-07-18_12-27_tf_1h,2021-12-08 11:00:00,276.89758,277.37332
Nasice,Nasice_2025-07-18_12-27_tf_1h,2021-12-08 12:00:00,277.72202,277.93668
Nasice,Nasice_2025-07-18_12-27_tf_1h,2021-12-08 13:00:00,278.04984,278.24863
Nasice,Nasice_2025-07-18_12-27_tf_1h,2021-12-08 14:00:00,277.93045,278.22437
Nasice,Nasice_2025-07-18_12-27_tf_1h,2021-12-08 15:00:00,276.99646,277.68115
Nasice,Nasice_2025-07-18_12-27_tf_1h,2021-12-08 16:00:00,275.2886,276.0693
Nasice,Nasice_2025-07-18_12-27_tf_1h,2021-12-08 17:00:00,274.41925,273.8385
Nasice,Nasice_2025-07-18_12-27_tf_1h,2021-12-08 18:00:00,274.05212,273.81665
Nasice,Nasice_2025-07-18_12-27_tf_1h,2021-12-08 19:00:00,273.9173,273.82248
Nasice,Nasice_2025-07-18_12-27_tf_1h,2021-12-08 20:00:00,274.14566,273.96762
Nasice,Nasice_2025-07-18_12-27_tf_1h,2021-12-08 21:00:00,274.31418,274.45886
Nasice,Nasice_2025-07-18_12-27_tf_1h,2021-12-08 22:00:00,274.16223,274.56177
Nasice,Nasice_2025-07-18_12-27_tf_1h,2021-12-08 23:00:00,273.78668,274.1441
Nasice,Nasice_2025-07-18_12-27_tf_1h,2021-12-09 00:00:00,273.76953,273.59073
Nasice,Nasice_2025-07-18_12-27_tf_1h,2021-12-09 01:00:00,273.8052,273.84048
Nasice,Nasice_2025-07-18_12-27_tf_1h,2021-12-09 02:00:00,274.0212,273.91678
Nasice,Nasice_2025-07-18_12-27_tf_1h,2021-12-09 03:00:00,274.15576,274.28275
Nasice,Nasice_2025-07-18_12-27_tf_1h,2021-12-09 04:00:00,274.0434,274.31866
Nasice,Nasice_2025-07-18_12-27_tf_1h,2021-12-09 05:00:00,273.93497,274.05783
Nasice,Nasice_2025-07-18_12-27_tf_1h,2021-12-09 06:00:00,273.98862,274.1088
Nasice,Nasice_2025-07-18_12-27_tf_1h,2021-12-09 07:00:00,274.14508,274.51047
Nasice,Nasice_2025-07-18_12-27_tf_1h,2021-12-09 08:00:00,274.87543,274.9867
Nasice,Nasice_2025-07-18_12-27_tf_1h,2021-12-09 09:00:00,275.46194,275.98047
Nasice,Nasice_2025-07-18_12-27_tf_1h,2021-12-09 10:00:00,276.58356,276.0554
Nasice,Nasice_2025-07-18_12-27_tf_1h,2021-12-09 11:00:00,277.19226,277.58972
Nasice,Nasice_2025-07-18_12-27_tf_1h,2021-12-09 12:00:00,277.76416,277.55215
Nasice,Nasice_2025-07-18_12-27_tf_1h,2021-12-09 13:00:00,277.77707,278.08926
Nasice,Nasice_2025-07-18_12-27_tf_1h,2021-12-09 14:00:00,277.7209,277.5804
Nasice,Nasice_2025-07-18_12-27_tf_1h,2021-12-09 15:00:00,277.3858,277.51343
Nasice,Nasice_2025-07-18_12-27_tf_1h,2021-12-09 16:00:00,276.79617,276.9518
Nasice,Nasice_2025-07-18_12-27_tf_1h,2021-12-09 17:00:00,276.06894,276.22836
Nasice,Nasice_2025-07-18_12-27_tf_1h,2021-12-09 18:00:00,275.42148,275.44385
Nasice,Nasice_2025-07-18_12-27_tf_1h,2021-12-09 19:00:00,274.82092,274.92148
Nasice,Nasice_2025-07-18_12-27_tf_1h,2021-12-09 20:00:00,274.8451,274.40613
Nasice,Nasice_2025-07-18_12-27_tf_1h,2021-12-09 21:00:00,274.29565,274.95078
Nasice,Nasice_2025-07-18_12-27_tf_1h,2021-12-09 22:00:00,274.1479,273.96756
Nasice,Nasice_2025-07-18_12-27_tf_1h,2021-12-09 23:00:00,274.0111,274.17154
Nasice,Nasice_2025-07-18_12-27_tf_1h,2021-12-10 00:00:00,273.71954,273.99512
Nasice,Nasice_2025-07-18_12-27_tf_1h,2021-12-10 01:00:00,273.38666,273.61325
Nasice,Nasice_2025-07-18_12-27_tf_1h,2021-12-10 02:00:00,273.18442,273.26538
Nasice,Nasice_2025-07-18_12-27_tf_1h,2021-12-10 03:00:00,272.8895,273.2302
Nasice,Nasice_2025-07-18_12-27_tf_1h,2021-12-10 04:00:00,272.54932,272.89963
Nasice,Nasice_2025-07-18_12-27_tf_1h,2021-12-10 05:00:00,272.03387,272.641
Nasice,Nasice_2025-07-18_12-27_tf_1h,2021-12-10 06:00:00,271.6878,272.1026
Nasice,Nasice_2025-07-18_12-27_tf_1h,2021-12-10 07:00:00,271.27463,272.14832
Nasice,Nasice_2025-07-18_12-27_tf_1h,2021-12-10 08:00:00,272.45523,271.73608
Nasice,Nasice_2025-07-18_12-27_tf_1h,2021-12-10 09:00:00,273.53778,274.35544
Nasice,Nasice_2025-07-18_12-27_tf_1h,2021-12-10 10:00:00,274.48526,274.6816
Nasice,Nasice_2025-07-18_12-27_tf_1h,2021-12-10 11:00:00,275.59872,275.4505
Nasice,Nasice_2025-07-18_12-27_tf_1h,2021-12-10 12:00:00,276.15433,276.6558
Nasice,Nasice_2025-07-18_12-27_tf_1h,2021-12-10 13:00:00,276.57092,276.54428
Nasice,Nasice_2025-07-18_12-27_tf_1h,2021-12-10 14:00:00,276.95685,276.8909
Nasice,Nasice_2025-07-18_12-27_tf_1h,2021-12-10 15:00:00,276.87653,277.1991
Nasice,Nasice_2025-07-18_12-27_tf_1h,2021-12-10 16:00:00,276.4945,276.69
Nasice,Nasice_2025-07-18_12-27_tf_1h,2021-12-10 17:00:00,276.18076,276.0719
Nasice,Nasice_2025-07-18_12-27_tf_1h,2021-12-10 18:00:00,275.6212,275.8485
Nasice,Nasice_2025-07-18_12-27_tf_1h,2021-12-10 19:00:00,275.23694,275.12234
Nasice,Nasice_2025-07-18_12-27_tf_1h,2021-12-10 20:00:00,274.78162,274.95032
Nasice,Nasice_2025-07-18_12-27_tf_1h,2021-12-10 21:00:00,274.70575,274.45578
Nasice,Nasice_2025-07-18_12-27_tf_1h,2021-12-10 22:00:00,274.57794,274.71426
Nasice,Nasice_2025-07-18_12-27_tf_1h,2021-12-10 23:00:00,274.4948,274.53998
Nasice,Nasice_2025-07-18_12-27_tf_1h,2021-12-11 00:00:00,274.34256,274.51196
Nasice,Nasice_2025-07-18_12-27_tf_1h,2021-12-11 01:00:00,274.2257,274.29578
Nasice,Nasice_2025-07-18_12-27_tf_1h,2021-12-11 02:00:00,274.17993,274.2128
Nasice,Nasice_2025-07-18_12-27_tf_1h,2021-12-11 03:00:00,273.93246,274.2142
Nasice,Nasice_2025-07-18_12-27_tf_1h,2021-12-11 04:00:00,273.81644,273.81454
Nasice,Nasice_2025-07-18_12-27_tf_1h,2021-12-11 05:00:00,273.66953,273.87082
Nasice,Nasice_2025-07-18_12-27_tf_1h,2021-12-11 06:00:00,273.7333,273.77063
Nasice,Nasice_2025-07-18_12-27_tf_1h,2021-12-11 07:00:00,273.8799,274.16583
Nasice,Nasice_2025-07-18_12-27_tf_1h,2021-12-11 08:00:00,274.60266,274.38226
Nasice,Nasice_2025-07-18_12-27_tf_1h,2021-12-11 09:00:00,275.0535,275.6513
Nasice,Nasice_2025-07-18_12-27_tf_1h,2021-12-11 10:00:00,275.658,275.59363
Nasice,Nasice_2025-07-18_12-27_tf_1h,2021-12-11 11:00:00,276.05743,276.37735
Nasice,Nasice_2025-07-18_12-27_tf_1h,2021-12-11 12:00:00,276.47064,276.42865
Nasice,Nasice_2025-07-18_12-27_tf_1h,2021-12-11 13:00:00,276.77933,276.85458
Nasice,Nasice_2025-07-18_12-27_tf_1h,2021-12-11 14:00:00,276.5875,276.99286
Nasice,Nasice_2025-07-18_12-27_tf_1h,2021-12-11 15:00:00,276.12738,276.31537
Nasice,Nasice_2025-07-18_12-27_tf_1h,2021-12-11 16:00:00,275.7757,275.6674
Nasice,Nasice_2025-07-18_12-27_tf_1h,2021-12-11 17:00:00,275.33694,275.44357
Nasice,Nasice_2025-07-18_12-27_tf_1h,2021-12-11 18:00:00,275.0243,274.97238
Nasice,Nasice_2025-07-18_12-27_tf_1h,2021-12-11 19:00:00,274.6038,274.82526
Nasice,Nasice_2025-07-18_12-27_tf_1h,2021-12-11 20:00:00,274.03217,274.33514
Nasice,Nasice_2025-07-18_12-27_tf_1h,2021-12-11 21:00:00,274.02094,273.68884
Nasice,Nasice_2025-07-18_12-27_tf_1h,2021-12-11 22:00:00,274.10773,274.13638
Nasice,Nasice_2025-07-18_12-27_tf_1h,2021-12-11 23:00:00,274.16364,274.26498
Nasice,Nasice_2025-07-18_12-27_tf_1h,2021-12-12 00:00:00,274.04257,274.29938
Nasice,Nasice_2025-07-18_12-27_tf_1h,2021-12-12 01:00:00,273.8507,274.01898
Nasice,Nasice_2025-07-18_12-27_tf_1h,2021-12-12 02:00:00,273.5656,273.80292
Nasice,Nasice_2025-07-18_12-27_tf_1h,2021-12-12 03:00:00,273.36588,273.47366
Nasice,Nasice_2025-07-18_12-27_tf_1h,2021-12-12 04:00:00,273.1645,273.42456
Nasice,Nasice_2025-07-18_12-27_tf_1h,2021-12-12 05:00:00,273.10156,273.28455
Nasice,Nasice_2025-07-18_12-27_tf_1h,2021-12-12 06:00:00,273.10886,273.4492
Nasice,Nasice_2025-07-18_12-27_tf_1h,2021-12-12 07:00:00,273.1822,273.53702
Nasice,Nasice_2025-07-18_12-27_tf_1h,2021-12-12 08:00:00,274.02628,273.66092
Nasice,Nasice_2025-07-18_12-27_tf_1h,2021-12-12 09:00:00,274.54678,275.18945
Nasice,Nasice_2025-07-18_12-27_tf_1h,2021-12-12 10:00:00,274.94086,275.11844
Nasice,Nasice_2025-07-18_12-27_tf_1h,2021-12-12 11:00:00,275.4594,275.43915
Nasice,Nasice_2025-07-18_12-27_tf_1h,2021-12-12 12:00:00,275.92514,275.98798
Nasice,Nasice_2025-07-18_12-27_tf_1h,2021-12-12 13:00:00,276.22458,276.33057
Nasice,Nasice_2025-07-18_12-27_tf_1h,2021-12-12 14:00:00,276.21082,276.4453
Nasice,Nasice_2025-07-18_12-27_tf_1h,2021-12-12 15:00:00,276.0167,276.12183
Nasice,Nasice_2025-07-18_12-27_tf_1h,2021-12-12 16:00:00,275.64648,275.78967
Nasice,Nasice_2025-07-18_12-27_tf_1h,2021-12-12 17:00:00,275.3066,275.28668
Nasice,Nasice_2025-07-18_12-27_tf_1h,2021-12-12 18:00:00,275.0802,275.0265
Nasice,Nasice_2025-07-18_12-27_tf_1h,2021-12-12 19:00:00,274.83694,274.92184
Nasice,Nasice_2025-07-18_12-27_tf_1h,2021-12-12 20:00:00,275.1698,274.69174
Nasice,Nasice_2025-07-18_12-27_tf_1h,2021-12-12 21:00:00,274.97458,275.51318
Nasice,Nasice_2025-07-18_12-27_tf_1h,2021-12-12 22:00:00,274.9153,274.83344
Nasice,Nasice_2025-07-18_12-27_tf_1h,2021-12-12 23:00:00,274.81784,274.91577
Nasice,Nasice_2025-07-18_12-27_tf_1h,2021-12-13 00:00:00,274.56055,274.75284
Nasice,Nasice_2025-07-18_12-27_tf_1h,2021-12-13 01:00:00,274.5027,274.40106
Nasice,Nasice_2025-07-18_12-27_tf_1h,2021-12-13 02:00:00,274.32233,274.51144
Nasice,Nasice_2025-07-18_12-27_tf_1h,2021-12-13 03:00:00,274.1114,274.2318
Nasice,Nasice_2025-07-18_12-27_tf_1h,2021-12-13 04:00:00,273.7243,274.0625
Nasice,Nasice_2025-07-18_12-27_tf_1h,2021-12-13 05:00:00,273.26364,273.5628
Nasice,Nasice_2025-07-18_12-27_tf_1h,2021-12-13 06:00:00,272.98105,273.14432
Nasice,Nasice_2025-07-18_12-27_tf_1h,2021-12-13 07:00:00,272.87292,273.10614
Nasice,Nasice_2025-07-18_12-27_tf_1h,2021-12-13 08:00:00,273.0232,273.171
Nasice,Nasice_2025-07-18_12-27_tf_1h,2021-12-13 09:00:00,274.30603,273.54816
Nasice,Nasice_2025-07-18_12-27_tf_1h,2021-12-13 10:00:00,276.07794,275.81653
Nasice,Nasice_2025-07-18_12-27_tf_1h,2021-12-13 11:00:00,277.29535,277.72086
Nasice,Nasice_2025-07-18_12-27_tf_1h,2021-12-13 12:00:00,277.92596,278.1706
Nasice,Nasice_2025-07-18_12-27_tf_1h,2021-12-13 13:00:00,278.21835,278.27698
Nasice,Nasice_2025-07-18_12-27_tf_1h,2021-12-13 14:00:00,278.3094,278.35205
Nasice,Nasice_2025-07-18_12-27_tf_1h,2021-12-13 15:00:00,277.97763,278.25513
Nasice,Nasice_2025-07-18_12-27_tf_1h,2021-12-13 16:00:00,277.35208,277.54135
Nasice,Nasice_2025-07-18_12-27_tf_1h,2021-12-13 17:00:00,276.82202,276.71353
Nasice,Nasice_2025-07-18_12-27_tf_1h,2021-12-13 18:00:00,276.29,276.32007
Nasice,Nasice_2025-07-18_12-27_tf_1h,2021-12-13 19:00:00,275.9698,275.82257
Nasice,Nasice_2025-07-18_12-27_tf_1h,2021-12-13 20:00:00,275.65405,275.72037
Nasice,Nasice_2025-07-18_12-27_tf_1h,2021-12-13 21:00:00,275.68552,275.42706
Nasice,Nasice_2025-07-18_12-27_tf_1h,2021-12-13 22:00:00,275.76727,275.74304
Nasice,Nasice_2025-07-18_12-27_tf_1h,2021-12-13 23:00:00,275.79395,275.85175
Nasice,Nasice_2025-07-18_12-27_tf_1h,2021-12-14 00:00:00,275.7257,275.83347
Nasice,Nasice_2025-07-18_12-27_tf_1h,2021-12-14 01:00:00,275.66052,275.6763
Nasice,Nasice_2025-07-18_12-27_tf_1h,2021-12-14 02:00:00,275.47372,275.6067
Nasice,Nasice_2025-07-18_12-27_tf_1h,2021-12-14 03:00:00,275.23666,275.32495
Nasice,Nasice_2025-07-18_12-27_tf_1h,2021-12-14 04:00:00,274.99228,275.06644
Nasice,Nasice_2025-07-18_12-27_tf_1h,2021-12-14 05:00:00,274.51392,274.87
Nasice,Nasice_2025-07-18_12-27_tf_1h,2021-12-14 06:00:00,273.9496,274.29428
Nasice,Nasice_2025-07-18_12-27_tf_1h,2021-12-14 07:00:00,273.33807,273.827
Nasice,Nasice_2025-07-18_12-27_tf_1h,2021-12-14 08:00:00,273.12683,273.38934
Nasice,Nasice_2025-07-18_12-27_tf_1h,2021-12-14 09:00:00,274.77936,273.567
Nasice,Nasice_2025-07-18_12-27_tf_1h,2021-12-14 10:00:00,276.36865,276.64822
Nasice,Nasice_2025-07-18_12-27_tf_1h,2021-12-14 11:00:00,276.9504,277.88156
Nasice,Nasice_2025-07-18_12-27_tf_1h,2021-12-14 12:00:00,277.56613,277.16873
Nasice,Nasice_2025-07-18_12-27_tf_1h,2021-12-14 13:00:00,277.8279,278.01746
Nasice,Nasice_2025-07-18_12-27_tf_1h,2021-12-14 14:00:00,278.02905,277.91476
Nasice,Nasice_2025-07-18_12-27_tf_1h,2021-12-14 15:00:00,277.9962,278.10754
Nasice,Nasice_2025-07-18_12-27_tf_1h,2021-12-14 16:00:00,277.7369,277.83884
Nasice,Nasice_2025-07-18_12-27_tf_1h,2021-12-14 17:00:00,277.4664,277.4102
Nasice,Nasice_2025-07-18_12-27_tf_1h,2021-12-14 18:00:00,277.02316,277.15698
Nasice,Nasice_2025-07-18_12-27_tf_1h,2021-12-14 19:00:00,277.00714,276.59485
Nasice,Nasice_2025-07-18_12-27_tf_1h,2021-12-14 20:00:00,276.01868,276.98572
Nasice,Nasice_2025-07-18_12-27_tf_1h,2021-12-14 21:00:00,275.76248,275.20233
Nasice,Nasice_2025-07-18_12-27_tf_1h,2021-12-14 22:00:00,275.65997,275.6213
Nasice,Nasice_2025-07-18_12-27_tf_1h,2021-12-14 23:00:00,275.01138,275.563
Nasice,Nasice_2025-07-18_12-27_tf_1h,2021-12-15 00:00:00,274.8976,274.5816
Nasice,Nasice_2025-07-18_12-27_tf_1h,2021-12-15 01:00:00,274.15463,274.87677
Nasice,Nasice_2025-07-18_12-27_tf_1h,2021-12-15 02:00:00,273.36646,273.66367
Nasice,Nasice_2025-07-18_12-27_tf_1h,2021-12-15 03:00:00,272.90915,272.92178
Nasice,Nasice_2025-07-18_12-27_tf_1h,2021-12-15 04:00:00,272.82263,272.72916
Nasice,Nasice_2025-07-18_12-27_tf_1h,2021-12-15 05:00:00,273.017,273.02438
Nasice,Nasice_2025-07-18_12-27_tf_1h,2021-12-15 06:00:00,273.2007,273.53516
Nasice,Nasice_2025-07-18_12-27_tf_1h,2021-12-15 07:00:00,273.60858,273.72607
Nasice,Nasice_2025-07-18_12-27_tf_1h,2021-12-15 08:00:00,273.7726,274.45914
Nasice,Nasice_2025-07-18_12-27_tf_1h,2021-12-15 09:00:00,274.76306,274.28098
Nasice,Nasice_2025-07-18_12-27_tf_1h,2021-12-15 10:00:00,275.6549,276.10995
Nasice,Nasice_2025-07-18_12-27_tf_1h,2021-12-15 11:00:00,276.7091,276.50552
Nasice,Nasice_2025-07-18_12-27_tf_1h,2021-12-15 12:00:00,277.15714,277.72946
Nasice,Nasice_2025-07-18_12-27_tf_1h,2021-12-15 13:00:00,277.51218,277.43774
Nasice,Nasice_2025-07-18_12-27_tf_1h,2021-12-15 14:00:00,277.6872,277.7978
Nasice,Nasice_2025-07-18_12-27_tf_1h,2021-12-15 15:00:00,277.8285,277.72873
Nasice,Nasice_2025-07-18_12-27_tf_1h,2021-12-15 16:00:00,277.6667,277.84836
Nasice,Nasice_2025-07-18_12-27_tf_1h,2021-12-15 17:00:00,277.26584,277.36884
Nasice,Nasice_2025-07-18_12-27_tf_1h,2021-12-15 18:00:00,277.09592,276.82007
Nasice,Nasice_2025-07-18_12-27_tf_1h,2021-12-15 19:00:00,276.85657,276.85638
Nasice,Nasice_2025-07-18_12-27_tf_1h,2021-12-15 20:00:00,276.60602,276.57504
Nasice,Nasice_2025-07-18_12-27_tf_1h,2021-12-15 21:00:00,276.25742,276.3507
Nasice,Nasice_2025-07-18_12-27_tf_1h,2021-12-15 22:00:00,275.7302,275.94095
Nasice,Nasice_2025-07-18_12-27_tf_1h,2021-12-15 23:00:00,275.2125,275.3114
Nasice,Nasice_2025-07-18_12-27_tf_1h,2021-12-16 00:00:00,274.97064,274.82724
Nasice,Nasice_2025-07-18_12-27_tf_1h,2021-12-16 01:00:00,274.91418,274.82242
Nasice,Nasice_2025-07-18_12-27_tf_1h,2021-12-16 02:00:00,274.85632,274.93216
Nasice,Nasice_2025-07-18_12-27_tf_1h,2021-12-16 03:00:00,275.05942,274.88654
Nasice,Nasice_2025-07-18_12-27_tf_1h,2021-12-16 04:00:00,275.3246,275.32474
Nasice,Nasice_2025-07-18_12-27_tf_1h,2021-12-16 05:00:00,275.37964,275.634
Nasice,Nasice_2025-07-18_12-27_tf_1h,2021-12-16 06:00:00,275.29593,275.54752
Nasice,Nasice_2025-07-18_12-27_tf_1h,2021-12-16 07:00:00,275.56503,275.4033
Nasice,Nasice_2025-07-18_12-27_tf_1h,2021-12-16 08:00:00,275.62878,276.11642
Nasice,Nasice_2025-07-18_12-27_tf_1h,2021-12-16 09:00:00,276.30405,275.87015
Nasice,Nasice_2025-07-18_12-27_tf_1h,2021-12-16 10:00:00,277.9726,277.18665
Nasice,Nasice_2025-07-18_12-27_tf_1h,2021-12-16 11:00:00,278.97958,279.54883
Nasice,Nasice_2025-07-18_12-27_tf_1h,2021-12-16 12:00:00,279.4588,279.7245
Nasice,Nasice_2025-07-18_12-27_tf_1h,2021-12-16 13:00:00,279.43997,279.64233
Nasice,Nasice_2025-07-18_12-27_tf_1h,2021-12-16 14:00:00,279.32397,279.2358
Nasice,Nasice_2025-07-18_12-27_tf_1h,2021-12-16 15:00:00,279.1543,279.03192
Nasice,Nasice_2025-07-18_12-27_tf_1h,2021-12-16 16:00:00,278.9869,278.8194
Nasice,Nasice_2025-07-18_12-27_tf_1h,2021-12-16 17:00:00,278.91162,278.67996
Nasice,Nasice_2025-07-18_12-27_tf_1h,2021-12-16 18:00:00,278.8119,278.6952
Nasice,Nasice_2025-07-18_12-27_tf_1h,2021-12-16 19:00:00,278.8827,278.59503
Nasice,Nasice_2025-07-18_12-27_tf_1h,2021-12-16 20:00:00,278.79504,278.8047
Nasice,Nasice_2025-07-18_12-27_tf_1h,2021-12-16 21:00:00,278.84308,278.60446
Nasice,Nasice_2025-07-18_12-27_tf_1h,2021-12-16 22:00:00,278.8338,278.75586
Nasice,Nasice_2025-07-18_12-27_tf_1h,2021-12-16 23:00:00,278.8338,278.7059
Nasice,Nasice_2025-07-18_12-27_tf_1h,2021-12-17 00:00:00,278.92313,278.721
Nasice,Nasice_2025-07-18_12-27_tf_1h,2021-12-17 01:00:00,279.14505,278.88104
Nasice,Nasice_2025-07-18_12-27_tf_1h,2021-12-17 02:00:00,279.33435,279.21396
Nasice,Nasice_2025-07-18_12-27_tf_1h,2021-12-17 03:00:00,279.38437,279.38647
Nasice,Nasice_2025-07-18_12-27_tf_1h,2021-12-17 04:00:00,279.11835,279.32816
Nasice,Nasice_2025-07-18_12-27_tf_1h,2021-12-17 05:00:00,278.68436,278.81958
Nasice,Nasice_2025-07-18_12-27_tf_1h,2021-12-17 06:00:00,278.24927,278.28995
Nasice,Nasice_2025-07-18_12-27_tf_1h,2021-12-17 07:00:00,277.76163,277.94687
Nasice,Nasice_2025-07-18_12-27_tf_1h,2021-12-17 08:00:00,278.23718,277.48337
Nasice,Nasice_2025-07-18_12-27_tf_1h,2021-12-17 09:00:00,278.56555,278.8376
Nasice,Nasice_2025-07-18_12-27_tf_1h,2021-12-17 10:00:00,279.00177,278.8465
Nasice,Nasice_2025-07-18_12-27_tf_1h,2021-12-17 11:00:00,279.5439,279.34622
Nasice,Nasice_2025-07-18_12-27_tf_1h,2021-12-17 12:00:00,279.82117,279.91824
Nasice,Nasice_2025-07-18_12-27_tf_1h,2021-12-17 13:00:00,279.88406,279.93848
Nasice,Nasice_2025-07-18_12-27_tf_1h,2021-12-17 14:00:00,279.87283,279.81024
Nasice,Nasice_2025-07-18_12-27_tf_1h,2021-12-17 15:00:00,279.70486,279.7393
Nasice,Nasice_2025-07-18_12-27_tf_1h,2021-12-17 16:00:00,279.12537,279.4413
Nasice,Nasice_2025-07-18_12-27_tf_1h,2021-12-17 17:00:00,278.42258,278.54425
Nasice,Nasice_2025-07-18_12-27_tf_1h,2021-12-17 18:00:00,277.62454,277.78427
Nasice,Nasice_2025-07-18_12-27_tf_1h,2021-12-17 19:00:00,277.23328,276.95276
Nasice,Nasice_2025-07-18_12-27_tf_1h,2021-12-17 20:00:00,276.93045,276.96948
Nasice,Nasice_2025-07-18_12-27_tf_1h,2021-12-17 21:00:00,276.7987,276.7452
Nasice,Nasice_2025-07-18_12-27_tf_1h,2021-12-17 22:00:00,276.67203,276.77966
Nasice,Nasice_2025-07-18_12-27_tf_1h,2021-12-17 23:00:00,276.51837,276.62164
Nasice,Nasice_2025-07-18_12-27_tf_1h,2021-12-18 00:00:00,276.49957,276.43668
Nasice,Nasice_2025-07-18_12-27_tf_1h,2021-12-18 01:00:00,276.6105,276.52008
Nasice,Nasice_2025-07-18_12-27_tf_1h,2021-12-18 02:00:00,276.50433,276.72565
Nasice,Nasice_2025-07-18_12-27_tf_1h,2021-12-18 03:00:00,276.2459,276.41086
Nasice,Nasice_2025-07-18_12-27_tf_1h,2021-12-18 04:00:00,276.0198,276.07214
Nasice,Nasice_2025-07-18_12-27_tf_1h,2021-12-18 05:00:00,275.85828,275.96716
Nasice,Nasice_2025-07-18_12-27_tf_1h,2021-12-18 06:00:00,275.69534,275.94635
Nasice,Nasice_2025-07-18_12-27_tf_1h,2021-12-18 07:00:00,275.29648,275.83218
Nasice,Nasice_2025-07-18_12-27_tf_1h,2021-12-18 08:00:00,275.4375,275.20502
Nasice,Nasice_2025-07-18_12-27_tf_1h,2021-12-18 09:00:00,276.13916,275.9104
Nasice,Nasice_2025-07-18_12-27_tf_1h,2021-12-18 10:00:00,277.1588,276.9401
Nasice,Nasice_2025-07-18_12-27_tf_1h,2021-12-18 11:00:00,278.11023,278.10294
Nasice,Nasice_2025-07-18_12-27_tf_1h,2021-12-18 12:00:00,278.6001,278.8632
Nasice,Nasice_2025-07-18_12-27_tf_1h,2021-12-18 13:00:00,278.68634,278.86136
Nasice,Nasice_2025-07-18_12-27_tf_1h,2021-12-18 14:00:00,278.6327,278.57184
Nasice,Nasice_2025-07-18_12-27_tf_1h,2021-12-18 15:00:00,278.1369,278.39685
Nasice,Nasice_2025-07-18_12-27_tf_1h,2021-12-18 16:00:00,277.4066,277.5493
Nasice,Nasice_2025-07-18_12-27_tf_1h,2021-12-18 17:00:00,276.51334,276.69632
Nasice,Nasice_2025-07-18_12-27_tf_1h,2021-12-18 18:00:00,275.65042,275.7382
Nasice,Nasice_2025-07-18_12-27_tf_1h,2021-12-18 19:00:00,274.9757,274.99332
Nasice,Nasice_2025-07-18_12-27_tf_1h,2021-12-18 20:00:00,274.58188,274.5377
Nasice,Nasice_2025-07-18_12-27_tf_1h,2021-12-18 21:00:00,274.54733,274.4153
Nasice,Nasice_2025-07-18_12-27_tf_1h,2021-12-18 22:00:00,274.758,274.6689
Nasice,Nasice_2025-07-18_12-27_tf_1h,2021-12-18 23:00:00,275.11896,275.05948
Nasice,Nasice_2025-07-18_12-27_tf_1h,2021-12-19 00:00:00,275.67148,275.50967
Nasice,Nasice_2025-07-18_12-27_tf_1h,2021-12-19 01:00:00,276.02344,276.1827
Nasice,Nasice_2025-07-18_12-27_tf_1h,2021-12-19 02:00:00,276.30295,276.31018
Nasice,Nasice_2025-07-18_12-27_tf_1h,2021-12-19 03:00:00,276.56586,276.54877
Nasice,Nasice_2025-07-18_12-27_tf_1h,2021-12-19 04:00:00,276.6445,276.8246
Nasice,Nasice_2025-07-18_12-27_tf_1h,2021-12-19 05:00:00,276.70264,276.76263
Nasice,Nasice_2025-07-18_12-27_tf_1h,2021-12-19 06:00:00,276.5698,276.89682
Nasice,Nasice_2025-07-18_12-27_tf_1h,2021-12-19 07:00:00,276.31137,276.6496
Nasice,Nasice_2025-07-18_12-27_tf_1h,2021-12-19 08:00:00,275.94,276.36636
Nasice,Nasice_2025-07-18_12-27_tf_1h,2021-12-19 09:00:00,276.45547,275.82178
Nasice,Nasice_2025-07-18_12-27_tf_1h,2021-12-19 10:00:00,278.08298,277.06836
Nasice,Nasice_2025-07-18_12-27_tf_1h,2021-12-19 11:00:00,279.84448,279.41995
Nasice,Nasice_2025-07-18_12-27_tf_1h,2021-12-19 12:00:00,281.0408,281.30017
Nasice,Nasice_2025-07-18_12-27_tf_1h,2021-12-19 13:00:00,281.70483,281.84125
Nasice,Nasice_2025-07-18_12-27_tf_1h,2021-12-19 14:00:00,282.01187,281.97015
Nasice,Nasice_2025-07-18_12-27_tf_1h,2021-12-19 15:00:00,281.47424,281.98407
Nasice,Nasice_2025-07-18_12-27_tf_1h,2021-12-19 16:00:00,280.11328,280.8122
Nasice,Nasice_2025-07-18_12-27_tf_1h,2021-12-19 17:00:00,278.24728,278.8514
Nasice,Nasice_2025-07-18_12-27_tf_1h,2021-12-19 18:00:00,276.65884,276.68704
Nasice,Nasice_2025-07-18_12-27_tf_1h,2021-12-19 19:00:00,275.45267,275.42148
Nasice,Nasice_2025-07-18_12-27_tf_1h,2021-12-19 20:00:00,275.81473,274.5869
Nasice,Nasice_2025-07-18_12-27_tf_1h,2021-12-19 21:00:00,275.88806,276.09143
Nasice,Nasice_2025-07-18_12-27_tf_1h,2021-12-19 22:00:00,275.98047,276.1177
Nasice,Nasice_2025-07-18_12-27_tf_1h,2021-12-19 23:00:00,276.38635,276.15646
Nasice,Nasice_2025-07-18_12-27_tf_1h,2021-12-20 00:00:00,276.68243,276.79105
Nasice,Nasice_2025-07-18_12-27_tf_1h,2021-12-20 01:00:00,276.90518,276.9337
Nasice,Nasice_2025-07-18_12-27_tf_1h,2021-12-20 02:00:00,277.03326,277.07776
Nasice,Nasice_2025-07-18_12-27_tf_1h,2021-12-20 03:00:00,276.73523,277.11118
Nasice,Nasice_2025-07-18_12-27_tf_1h,2021-12-20 04:00:00,276.6493,276.47095
Nasice,Nasice_2025-07-18_12-27_tf_1h,2021-12-20 05:00:00,276.25714,276.7117
Nasice,Nasice_2025-07-18_12-27_tf_1h,2021-12-20 06:00:00,276.07513,276.07578
Nasice,Nasice_2025-07-18_12-27_tf_1h,2021-12-20 07:00:00,276.00854,276.43436
Nasice,Nasice_2025-07-18_12-27_tf_1h,2021-12-20 08:00:00,275.68243,276.50488
Nasice,Nasice_2025-07-18_12-27_tf_1h,2021-12-20 09:00:00,276.41867,275.70526
Nasice,Nasice_2025-07-18_12-27_tf_1h,2021-12-20 10:00:00,277.4945,277.2085
Nasice,Nasice_2025-07-18_12-27_tf_1h,2021-12-20 11:00:00,278.2074,278.41342
Nasice,Nasice_2025-07-18_12-27_tf_1h,2021-12-20 12:00:00,278.5057,278.7132
Nasice,Nasice_2025-07-18_12-27_tf_1h,2021-12-20 13:00:00,278.4251,278.62408
Nasice,Nasice_2025-07-18_12-27_tf_1h,2021-12-20 14:00:00,278.21585,278.21994
Nasice,Nasice_2025-07-18_12-27_tf_1h,2021-12-20 15:00:00,277.7119,277.87473
Nasice,Nasice_2025-07-18_12-27_tf_1h,2021-12-20 16:00:00,277.0018,277.1296
Nasice,Nasice_2025-07-18_12-27_tf_1h,2021-12-20 17:00:00,276.43216,276.3322
Nasice,Nasice_2025-07-18_12-27_tf_1h,2021-12-20 18:00:00,275.73328,275.9729
Nasice,Nasice_2025-07-18_12-27_tf_1h,2021-12-20 19:00:00,275.27036,275.22903
Nasice,Nasice_2025-07-18_12-27_tf_1h,2021-12-20 20:00:00,275.18356,275.02658
Nasice,Nasice_2025-07-18_12-27_tf_1h,2021-12-20 21:00:00,275.0243,275.26837
Nasice,Nasice_2025-07-18_12-27_tf_1h,2021-12-20 22:00:00,274.7201,275.013
Nasice,Nasice_2025-07-18_12-27_tf_1h,2021-12-20 23:00:00,274.13385,274.58807
Nasice,Nasice_2025-07-18_12-27_tf_1h,2021-12-21 00:00:00,273.80435,273.76163
Nasice,Nasice_2025-07-18_12-27_tf_1h,2021-12-21 01:00:00,273.46194,273.7091
Nasice,Nasice_2025-07-18_12-27_tf_1h,2021-12-21 02:00:00,273.20633,273.34122
Nasice,Nasice_2025-07-18_12-27_tf_1h,2021-12-21 03:00:00,272.9614,273.2414
Nasice,Nasice_2025-07-18_12-27_tf_1h,2021-12-21 04:00:00,272.6993,273.049
Nasice,Nasice_2025-07-18_12-27_tf_1h,2021-12-21 05:00:00,272.37656,272.87704
Nasice,Nasice_2025-07-18_12-27_tf_1h,2021-12-21 06:00:00,271.99005,272.59717
Nasice,Nasice_2025-07-18_12-27_tf_1h,2021-12-21 07:00:00,271.52405,272.36346
Nasice,Nasice_2025-07-18_12-27_tf_1h,2021-12-21 08:00:00,271.37378,272.0092
Nasice,Nasice_2025-07-18_12-27_tf_1h,2021-12-21 09:00:00,272.63416,271.9918
Nasice,Nasice_2025-07-18_12-27_tf_1h,2021-12-21 10:00:00,274.2704,274.31512
Nasice,Nasice_2025-07-18_12-27_tf_1h,2021-12-21 11:00:00,274.97345,275.90234
Nasice,Nasice_2025-07-18_12-27_tf_1h,2021-12-21 12:00:00,275.515,275.47318
Nasice,Nasice_2025-07-18_12-27_tf_1h,2021-12-21 13:00:00,275.92484,276.01132
Nasice,Nasice_2025-07-18_12-27_tf_1h,2021-12-21 14:00:00,276.0577,276.26407
Nasice,Nasice_2025-07-18_12-27_tf_1h,2021-12-21 15:00:00,275.83917,276.1624
Nasice,Nasice_2025-07-18_12-27_tf_1h,2021-12-21 16:00:00,275.38974,275.6396
Nasice,Nasice_2025-07-18_12-27_tf_1h,2021-12-21 17:00:00,274.8083,275.0128
Nasice,Nasice_2025-07-18_12-27_tf_1h,2021-12-21 18:00:00,274.25717,274.34048
Nasice,Nasice_2025-07-18_12-27_tf_1h,2021-12-21 19:00:00,273.88498,273.87787
Nasice,Nasice_2025-07-18_12-27_tf_1h,2021-12-21 20:00:00,272.60858,273.69034
Nasice,Nasice_2025-07-18_12-27_tf_1h,2021-12-21 21:00:00,272.26083,271.75946
Nasice,Nasice_2025-07-18_12-27_tf_1h,2021-12-21 22:00:00,272.48163,272.2629
Nasice,Nasice_2025-07-18_12-27_tf_1h,2021-12-21 23:00:00,272.60803,272.81384
Nasice,Nasice_2025-07-18_12-27_tf_1h,2021-12-22 00:00:00,272.46085,272.9087
Nasice,Nasice_2025-07-18_12-27_tf_1h,2021-12-22 01:00:00,272.41394,272.51764
Nasice,Nasice_2025-07-18_12-27_tf_1h,2021-12-22 02:00:00,272.37827,272.55365
Nasice,Nasice_2025-07-18_12-27_tf_1h,2021-12-22 03:00:00,272.21198,272.51566
Nasice,Nasice_2025-07-18_12-27_tf_1h,2021-12-22 04:00:00,272.10046,272.27747
Nasice,Nasice_2025-07-18_12-27_tf_1h,2021-12-22 05:00:00,272.0892,272.27087
Nasice,Nasice_2025-07-18_12-27_tf_1h,2021-12-22 06:00:00,272.23218,272.46954
Nasice,Nasice_2025-07-18_12-27_tf_1h,2021-12-22 07:00:00,272.27573,272.86307
Nasice,Nasice_2025-07-18_12-27_tf_1h,2021-12-22 08:00:00,271.72937,272.9269
Nasice,Nasice_2025-07-18_12-27_tf_1h,2021-12-22 09:00:00,272.59174,271.91602
Nasice,Nasice_2025-07-18_12-27_tf_1h,2021-12-22 10:00:00,274.21954,274.0613
Nasice,Nasice_2025-07-18_12-27_tf_1h,2021-12-22 11:00:00,275.17148,275.88516
Nasice,Nasice_2025-07-18_12-27_tf_1h,2021-12-22 12:00:00,275.7549,275.9894
Nasice,Nasice_2025-07-18_12-27_tf_1h,2021-12-22 13:00:00,276.07568,276.21533
Nasice,Nasice_2025-07-18_12-27_tf_1h,2021-12-22 14:00:00,275.95377,276.3028
Nasice,Nasice_2025-07-18_12-27_tf_1h,2021-12-22 15:00:00,275.62372,275.73315
Nasice,Nasice_2025-07-18_12-27_tf_1h,2021-12-22 16:00:00,274.69592,275.26532
Nasice,Nasice_2025-07-18_12-27_tf_1h,2021-12-22 17:00:00,273.07797,273.88382
Nasice,Nasice_2025-07-18_12-27_tf_1h,2021-12-22 18:00:00,271.79175,271.88058
Nasice,Nasice_2025-07-18_12-27_tf_1h,2021-12-22 19:00:00,271.07657,271.05557
Nasice,Nasice_2025-07-18_12-27_tf_1h,2021-12-22 20:00:00,270.52435,270.846
Nasice,Nasice_2025-07-18_12-27_tf_1h,2021-12-22 21:00:00,270.2089,270.50034
Nasice,Nasice_2025-07-18_12-27_tf_1h,2021-12-22 22:00:00,269.78223,270.38495
Nasice,Nasice_2025-07-18_12-27_tf_1h,2021-12-22 23:00:00,269.5985,269.87216
Nasice,Nasice_2025-07-18_12-27_tf_1h,2021-12-23 00:00:00,269.53418,269.9115
Nasice,Nasice_2025-07-18_12-27_tf_1h,2021-12-23 01:00:00,269.3131,269.9335
Nasice,Nasice_2025-07-18_12-27_tf_1h,2021-12-23 02:00:00,269.12042,269.62
Nasice,Nasice_2025-07-18_12-27_tf_1h,2021-12-23 03:00:00,269.16257,269.5487
Nasice,Nasice_2025-07-18_12-27_tf_1h,2021-12-23 04:00:00,269.16846,269.8665
Nasice,Nasice_2025-07-18_12-27_tf_1h,2021-12-23 05:00:00,269.09375,269.93918
Nasice,Nasice_2025-07-18_12-27_tf_1h,2021-12-23 06:00:00,269.26678,269.99692
Nasice,Nasice_2025-07-18_12-27_tf_1h,2021-12-23 07:00:00,269.57745,270.67578
Nasice,Nasice_2025-07-18_12-27_tf_1h,2021-12-23 08:00:00,270.25833,271.1993
Nasice,Nasice_2025-07-18_12-27_tf_1h,2021-12-23 09:00:00,271.59848,272.05893
Nasice,Nasice_2025-07-18_12-27_tf_1h,2021-12-23 10:00:00,273.00717,273.41608
Nasice,Nasice_2025-07-18_12-27_tf_1h,2021-12-23 11:00:00,274.02402,274.48975
Nasice,Nasice_2025-07-18_12-27_tf_1h,2021-12-23 12:00:00,274.65237,274.97272
Nasice,Nasice_2025-07-18_12-27_tf_1h,2021-12-23 13:00:00,275.23495,275.1959
Nasice,Nasice_2025-07-18_12-27_tf_1h,2021-12-23 14:00:00,275.33047,275.69452
Nasice,Nasice_2025-07-18_12-27_tf_1h,2021-12-23 15:00:00,275.1302,275.26306
Nasice,Nasice_2025-07-18_12-27_tf_1h,2021-12-23 16:00:00,274.18414,274.90305
Nasice,Nasice_2025-07-18_12-27_tf_1h,2021-12-23 17:00:00,273.4774,273.37326
Nasice,Nasice_2025-07-18_12-27_tf_1h,2021-12-23 18:00:00,273.0642,272.9968
Nasice,Nasice_2025-07-18_12-27_tf_1h,2021-12-23 19:00:00,273.17798,272.8147
Nasice,Nasice_2025-07-18_12-27_tf_1h,2021-12-23 20:00:00,272.91168,273.39734
Nasice,Nasice_2025-07-18_12-27_tf_1h,2021-12-23 21:00:00,273.5715,272.858
Nasice,Nasice_2025-07-18_12-27_tf_1h,2021-12-23 22:00:00,274.58807,274.20847
Nasice,Nasice_2025-07-18_12-27_tf_1h,2021-12-23 23:00:00,275.6372,275.46124
Nasice,Nasice_2025-07-18_12-27_tf_1h,2021-12-24 00:00:00,276.75995,276.48178
Nasice,Nasice_2025-07-18_12-27_tf_1h,2021-12-24 01:00:00,277.74057,277.57394
Nasice,Nasice_2025-07-18_12-27_tf_1h,2021-12-24 02:00:00,278.05685,278.40625
Nasice,Nasice_2025-07-18_12-27_tf_1h,2021-12-24 03:00:00,278.63635,278.18274
Nasice,Nasice_2025-07-18_12-27_tf_1h,2021-12-24 04:00:00,279.16525,278.94394
Nasice,Nasice_2025-07-18_12-27_tf_1h,2021-12-24 05:00:00,279.5824,279.41437
Nasice,Nasice_2025-07-18_12-27_tf_1h,2021-12-24 06:00:00,279.56302,279.7808
Nasice,Nasice_2025-07-18_12-27_tf_1h,2021-12-24 07:00:00,279.42566,279.40585
Nasice,Nasice_2025-07-18_12-27_tf_1h,2021-12-24 08:00:00,279.85486,279.216
Nasice,Nasice_2025-07-18_12-27_tf_1h,2021-12-24 09:00:00,281.19052,280.12952
Nasice,Nasice_2025-07-18_12-27_tf_1h,2021-12-24 10:00:00,282.6686,282.08658
Nasice,Nasice_2025-07-18_12-27_tf_1h,2021-12-24 11:00:00,283.9391,283.6879
Nasice,Nasice_2025-07-18_12-27_tf_1h,2021-12-24 12:00:00,284.90454,284.70255
Nasice,Nasice_2025-07-18_12-27_tf_1h,2021-12-24 13:00:00,285.49948,285.44443
Nasice,Nasice_2025-07-18_12-27_tf_1h,2021-12-24 14:00:00,285.63177,285.7074
Nasice,Nasice_2025-07-18_12-27_tf_1h,2021-12-24 15:00:00,285.01297,285.39944
Nasice,Nasice_2025-07-18_12-27_tf_1h,2021-12-24 16:00:00,284.22363,284.178
Nasice,Nasice_2025-07-18_12-27_tf_1h,2021-12-24 17:00:00,283.82196,283.23032
Nasice,Nasice_2025-07-18_12-27_tf_1h,2021-12-24 18:00:00,283.65088,283.10822
Nasice,Nasice_2025-07-18_12-27_tf_1h,2021-12-24 19:00:00,283.4054,283.1488
Nasice,Nasice_2025-07-18_12-27_tf_1h,2021-12-24 20:00:00,284.06015,282.97824
Nasice,Nasice_2025-07-18_12-27_tf_1h,2021-12-24 21:00:00,283.81186,284.26035
Nasice,Nasice_2025-07-18_12-27_tf_1h,2021-12-24 22:00:00,283.69415,283.59418
Nasice,Nasice_2025-07-18_12-27_tf_1h,2021-12-24 23:00:00,283.85876,283.45502
Nasice,Nasice_2025-07-18_12-27_tf_1h,2021-12-25 00:00:00,283.9287,283.85217
Nasice,Nasice_2025-07-18_12-27_tf_1h,2021-12-25 01:00:00,283.82898,283.86267
Nasice,Nasice_2025-07-18_12-27_tf_1h,2021-12-25 02:00:00,283.5725,283.6206
Nasice,Nasice_2025-07-18_12-27_tf_1h,2021-12-25 03:00:00,283.5745,283.2564
Nasice,Nasice_2025-07-18_12-27_tf_1h,2021-12-25 04:00:00,283.49387,283.47546
Nasice,Nasice_2025-07-18_12-27_tf_1h,2021-12-25 05:00:00,283.52646,283.40414
Nasice,Nasice_2025-07-18_12-27_tf_1h,2021-12-25 06:00:00,283.4433,283.59213
Nasice,Nasice_2025-07-18_12-27_tf_1h,2021-12-25 07:00:00,283.2804,283.4836
Nasice,Nasice_2025-07-18_12-27_tf_1h,2021-12-25 08:00:00,283.1582,283.34958
Nasice,Nasice_2025-07-18_12-27_tf_1h,2021-12-25 09:00:00,283.78067,283.2437
Nasice,Nasice_2025-07-18_12-27_tf_1h,2021-12-25 10:00:00,284.55508,284.375
Nasice,Nasice_2025-07-18_12-27_tf_1h,2021-12-25 11:00:00,285.66296,285.13022
Nasice,Nasice_2025-07-18_12-27_tf_1h,2021-12-25 12:00:00,285.92896,286.45206
Nasice,Nasice_2025-07-18_12-27_tf_1h,2021-12-25 13:00:00,285.87054,286.02042
Nasice,Nasice_2025-07-18_12-27_tf_1h,2021-12-25 14:00:00,285.32898,285.54202
Nasice,Nasice_2025-07-18_12-27_tf_1h,2021-12-25 15:00:00,285.07867,284.6357
Nasice,Nasice_2025-07-18_12-27_tf_1h,2021-12-25 16:00:00,284.75845,284.67218
Nasice,Nasice_2025-07-18_12-27_tf_1h,2021-12-25 17:00:00,284.23907,284.34146
Nasice,Nasice_2025-07-18_12-27_tf_1h,2021-12-25 18:00:00,284.0301,283.70282
Nasice,Nasice_2025-07-18_12-27_tf_1h,2021-12-25 19:00:00,283.86493,283.76
Nasice,Nasice_2025-07-18_12-27_tf_1h,2021-12-25 20:00:00,283.3981,283.64838
Nasice,Nasice_2025-07-18_12-27_tf_1h,2021-12-25 21:00:00,283.06073,282.9688
Nasice,Nasice_2025-07-18_12-27_tf_1h,2021-12-25 22:00:00,282.4124,282.737
Nasice,Nasice_2025-07-18_12-27_tf_1h,2021-12-25 23:00:00,282.73825,281.87064
Nasice,Nasice_2025-07-18_12-27_tf_1h,2021-12-26 00:00:00,281.59332,282.96182
Nasice,Nasice_2025-07-18_12-27_tf_1h,2021-12-26 01:00:00,281.38715,280.72897
Nasice,Nasice_2025-07-18_12-27_tf_1h,2021-12-26 02:00:00,280.72592,281.28952
Nasice,Nasice_2025-07-18_12-27_tf_1h,2021-12-26 03:00:00,279.5265,280.222
Nasice,Nasice_2025-07-18_12-27_tf_1h,2021-12-26 04:00:00,277.8813,278.5937
Nasice,Nasice_2025-07-18_12-27_tf_1h,2021-12-26 05:00:00,276.20715,276.68637
Nasice,Nasice_2025-07-18_12-27_tf_1h,2021-12-26 06:00:00,275.1184,275.29816
Nasice,Nasice_2025-07-18_12-27_tf_1h,2021-12-26 07:00:00,274.43835,275.0371
Nasice,Nasice_2025-07-18_12-27_tf_1h,2021-12-26 08:00:00,273.68668,274.57544
Nasice,Nasice_2025-07-18_12-27_tf_1h,2021-12-26 09:00:00,273.62543,273.61108
Nasice,Nasice_2025-07-18_12-27_tf_1h,2021-12-26 10:00:00,273.74707,274.20566
Nasice,Nasice_2025-07-18_12-27_tf_1h,2021-12-26 11:00:00,273.82938,274.21933
Nasice,Nasice_2025-07-18_12-27_tf_1h,2021-12-26 12:00:00,273.9159,274.28192
Nasice,Nasice_2025-07-18_12-27_tf_1h,2021-12-26 13:00:00,273.9774,274.3733
Nasice,Nasice_2025-07-18_12-27_tf_1h,2021-12-26 14:00:00,274.08246,274.4347
Nasice,Nasice_2025-07-18_12-27_tf_1h,2021-12-26 15:00:00,274.06223,274.58777
Nasice,Nasice_2025-07-18_12-27_tf_1h,2021-12-26 16:00:00,274.058,274.43948
Nasice,Nasice_2025-07-18_12-27_tf_1h,2021-12-26 17:00:00,273.94342,274.41806
Nasice,Nasice_2025-07-18_12-27_tf_1h,2021-12-26 18:00:00,273.88583,274.12857
Nasice,Nasice_2025-07-18_12-27_tf_1h,2021-12-26 19:00:00,273.84482,274.1154
Nasice,Nasice_2025-07-18_12-27_tf_1h,2021-12-26 20:00:00,273.62234,273.99185
Nasice,Nasice_2025-07-18_12-27_tf_1h,2021-12-26 21:00:00,273.52402,273.55075
Nasice,Nasice_2025-07-18_12-27_tf_1h,2021-12-26 22:00:00,273.42264,273.5495
Nasice,Nasice_2025-07-18_12-27_tf_1h,2021-12-26 23:00:00,273.35242,273.41733
Nasice,Nasice_2025-07-18_12-27_tf_1h,2021-12-27 00:00:00,273.29257,273.3943
Nasice,Nasice_2025-07-18_12-27_tf_1h,2021-12-27 01:00:00,273.21814,273.32364
Nasice,Nasice_2025-07-18_12-27_tf_1h,2021-12-27 02:00:00,273.12854,273.24368
Nasice,Nasice_2025-07-18_12-27_tf_1h,2021-12-27 03:00:00,273.01813,273.145
Nasice,Nasice_2025-07-18_12-27_tf_1h,2021-12-27 04:00:00,272.90607,273.0416
Nasice,Nasice_2025-07-18_12-27_tf_1h,2021-12-27 05:00:00,272.75916,272.9731
Nasice,Nasice_2025-07-18_12-27_tf_1h,2021-12-27 06:00:00,272.60886,272.82443
Nasice,Nasice_2025-07-18_12-27_tf_1h,2021-12-27 07:00:00,272.4409,272.71567
Nasice,Nasice_2025-07-18_12-27_tf_1h,2021-12-27 08:00:00,271.95886,272.57904
Nasice,Nasice_2025-07-18_12-27_tf_1h,2021-12-27 09:00:00,272.18808,271.85623
Nasice,Nasice_2025-07-18_12-27_tf_1h,2021-12-27 10:00:00,272.51224,272.80463
Nasice,Nasice_2025-07-18_12-27_tf_1h,2021-12-27 11:00:00,273.12936,273.05862
Nasice,Nasice_2025-07-18_12-27_tf_1h,2021-12-27 12:00:00,273.86224,273.96457
Nasice,Nasice_2025-07-18_12-27_tf_1h,2021-12-27 13:00:00,274.29987,274.67416
Nasice,Nasice_2025-07-18_12-27_tf_1h,2021-12-27 14:00:00,274.57513,274.78494
Nasice,Nasice_2025-07-18_12-27_tf_1h,2021-12-27 15:00:00,274.58948,274.913
Nasice,Nasice_2025-07-18_12-27_tf_1h,2021-12-27 16:00:00,274.40323,274.67108
Nasice,Nasice_2025-07-18_12-27_tf_1h,2021-12-27 17:00:00,274.30072,274.33795
Nasice,Nasice_2025-07-18_12-27_tf_1h,2021-12-27 18:00:00,274.16672,274.3133
Nasice,Nasice_2025-07-18_12-27_tf_1h,2021-12-27 19:00:00,274.05182,274.13586
Nasice,Nasice_2025-07-18_12-27_tf_1h,2021-12-27 20:00:00,273.80127,274.06595
Nasice,Nasice_2025-07-18_12-27_tf_1h,2021-12-27 21:00:00,273.37936,273.68582
Nasice,Nasice_2025-07-18_12-27_tf_1h,2021-12-27 22:00:00,272.99902,273.15347
Nasice,Nasice_2025-07-18_12-27_tf_1h,2021-12-27 23:00:00,272.901,272.84378
Nasice,Nasice_2025-07-18_12-27_tf_1h,2021-12-28 00:00:00,272.60156,272.99643
Nasice,Nasice_2025-07-18_12-27_tf_1h,2021-12-28 01:00:00,272.49707,272.5227
Nasice,Nasice_2025-07-18_12-27_tf_1h,2021-12-28 02:00:00,272.25888,272.62195
Nasice,Nasice_2025-07-18_12-27_tf_1h,2021-12-28 03:00:00,272.17743,272.24072
Nasice,Nasice_2025-07-18_12-27_tf_1h,2021-12-28 04:00:00,272.10074,272.34793
Nasice,Nasice_2025-07-18_12-27_tf_1h,2021-12-28 05:00:00,271.9895,272.25244
Nasice,Nasice_2025-07-18_12-27_tf_1h,2021-12-28 06:00:00,271.74905,272.1527
Nasice,Nasice_2025-07-18_12-27_tf_1h,2021-12-28 07:00:00,271.77405,271.85867
Nasice,Nasice_2025-07-18_12-27_tf_1h,2021-12-28 08:00:00,271.94427,272.2507
Nasice,Nasice_2025-07-18_12-27_tf_1h,2021-12-28 09:00:00,272.5805,272.53754
Nasice,Nasice_2025-07-18_12-27_tf_1h,2021-12-28 10:00:00,273.3833,273.60278
Nasice,Nasice_2025-07-18_12-27_tf_1h,2021-12-28 11:00:00,274.43582,274.37476
Nasice,Nasice_2025-07-18_12-27_tf_1h,2021-12-28 12:00:00,275.71277,275.56635
Nasice,Nasice_2025-07-18_12-27_tf_1h,2021-12-28 13:00:00,276.88327,276.88962
Nasice,Nasice_2025-07-18_12-27_tf_1h,2021-12-28 14:00:00,277.49954,277.8384
Nasice,Nasice_2025-07-18_12-27_tf_1h,2021-12-28 15:00:00,277.71274,277.88547
Nasice,Nasice_2025-07-18_12-27_tf_1h,2021-12-28 16:00:00,276.9265,277.75964
Nasice,Nasice_2025-07-18_12-27_tf_1h,2021-12-28 17:00:00,276.18945,276.09525
Nasice,Nasice_2025-07-18_12-27_tf_1h,2021-12-28 18:00:00,275.55856,275.50702
Nasice,Nasice_2025-07-18_12-27_tf_1h,2021-12-28 19:00:00,275.09958,274.97256
Nasice,Nasice_2025-07-18_12-27_tf_1h,2021-12-28 20:00:00,274.29086,274.74786
Nasice,Nasice_2025-07-18_12-27_tf_1h,2021-12-28 21:00:00,274.09564,273.7241
Nasice,Nasice_2025-07-18_12-27_tf_1h,2021-12-28 22:00:00,274.0597,274.0624
Nasice,Nasice_2025-07-18_12-27_tf_1h,2021-12-28 23:00:00,274.13553,274.12744
Nasice,Nasice_2025-07-18_12-27_tf_1h,2021-12-29 00:00:00,274.11868,274.31693
Nasice,Nasice_2025-07-18_12-27_tf_1h,2021-12-29 01:00:00,274.32935,274.2004
Nasice,Nasice_2025-07-18_12-27_tf_1h,2021-12-29 02:00:00,274.39902,274.56967
Nasice,Nasice_2025-07-18_12-27_tf_1h,2021-12-29 03:00:00,274.4864,274.49762
Nasice,Nasice_2025-07-18_12-27_tf_1h,2021-12-29 04:00:00,274.58694,274.5988
Nasice,Nasice_2025-07-18_12-27_tf_1h,2021-12-29 05:00:00,274.96136,274.7173
Nasice,Nasice_2025-07-18_12-27_tf_1h,2021-12-29 06:00:00,275.54733,275.39377
Nasice,Nasice_2025-07-18_12-27_tf_1h,2021-12-29 07:00:00,275.96503,276.20206
Nasice,Nasice_2025-07-18_12-27_tf_1h,2021-12-29 08:00:00,275.73975,276.45273
Nasice,Nasice_2025-07-18_12-27_tf_1h,2021-12-29 09:00:00,276.7296,275.6958
Nasice,Nasice_2025-07-18_12-27_tf_1h,2021-12-29 10:00:00,278.46106,278.06665
Nasice,Nasice_2025-07-18_12-27_tf_1h,2021-12-29 11:00:00,280.39728,279.99356
Nasice,Nasice_2025-07-18_12-27_tf_1h,2021-12-29 12:00:00,281.5231,281.89886
Nasice,Nasice_2025-07-18_12-27_tf_1h,2021-12-29 13:00:00,282.3231,282.2462
Nasice,Nasice_2025-07-18_12-27_tf_1h,2021-12-29 14:00:00,282.67957,282.6896
Nasice,Nasice_2025-07-18_12-27_tf_1h,2021-12-29 15:00:00,282.32394,282.6757
Nasice,Nasice_2025-07-18_12-27_tf_1h,2021-12-29 16:00:00,281.41046,281.77423
Nasice,Nasice_2025-07-18_12-27_tf_1h,2021-12-29 17:00:00,280.19785,280.43723
Nasice,Nasice_2025-07-18_12-27_tf_1h,2021-12-29 18:00:00,279.37988,279.03244
Nasice,Nasice_2025-07-18_12-27_tf_1h,2021-12-29 19:00:00,279.0456,278.53912
Nasice,Nasice_2025-07-18_12-27_tf_1h,2021-12-29 20:00:00,277.95544,278.61234
Nasice,Nasice_2025-07-18_12-27_tf_1h,2021-12-29 21:00:00,277.85883,277.12247
Nasice,Nasice_2025-07-18_12-27_tf_1h,2021-12-29 22:00:00,278.30768,277.7006
Nasice,Nasice_2025-07-18_12-27_tf_1h,2021-12-29 23:00:00,278.14365,278.55856
Nasice,Nasice_2025-07-18_12-27_tf_1h,2021-12-30 00:00:00,278.25235,278.03677
Nasice,Nasice_2025-07-18_12-27_tf_1h,2021-12-30 01:00:00,278.42734,278.30264
Nasice,Nasice_2025-07-18_12-27_tf_1h,2021-12-30 02:00:00,278.4824,278.5149
Nasice,Nasice_2025-07-18_12-27_tf_1h,2021-12-30 03:00:00,278.03186,278.47974
Nasice,Nasice_2025-07-18_12-27_tf_1h,2021-12-30 04:00:00,277.69028,277.6229
Nasice,Nasice_2025-07-18_12-27_tf_1h,2021-12-30 05:00:00,277.14197,277.4394
Nasice,Nasice_2025-07-18_12-27_tf_1h,2021-12-30 06:00:00,276.5861,276.7832
Nasice,Nasice_2025-07-18_12-27_tf_1h,2021-12-30 07:00:00,276.31305,276.41028
Nasice,Nasice_2025-07-18_12-27_tf_1h,2021-12-30 08:00:00,276.48944,276.8698
Nasice,Nasice_2025-07-18_12-27_tf_1h,2021-12-30 09:00:00,277.25293,277.14667
Nasice,Nasice_2025-07-18_12-27_tf_1h,2021-12-30 10:00:00,278.42313,278.14844
Nasice,Nasice_2025-07-18_12-27_tf_1h,2021-12-30 11:00:00,279.29025,279.4862
Nasice,Nasice_2025-07-18_12-27_tf_1h,2021-12-30 12:00:00,279.85373,279.93433
Nasice,Nasice_2025-07-18_12-27_tf_1h,2021-12-30 13:00:00,280.29138,280.1399
Nasice,Nasice_2025-07-18_12-27_tf_1h,2021-12-30 14:00:00,280.68378,280.4473
Nasice,Nasice_2025-07-18_12-27_tf_1h,2021-12-30 15:00:00,280.963,280.77194
Nasice,Nasice_2025-07-18_12-27_tf_1h,2021-12-30 16:00:00,280.5245,280.94592
Nasice,Nasice_2025-07-18_12-27_tf_1h,2021-12-30 17:00:00,280.01218,279.95435
Nasice,Nasice_2025-07-18_12-27_tf_1h,2021-12-30 18:00:00,279.04617,279.4049
Nasice,Nasice_2025-07-18_12-27_tf_1h,2021-12-30 19:00:00,278.62762,278.13235
Nasice,Nasice_2025-07-18_12-27_tf_1h,2021-12-30 20:00:00,278.0793,278.23227
Nasice,Nasice_2025-07-18_12-27_tf_1h,2021-12-30 21:00:00,277.75656,277.57242
Nasice,Nasice_2025-07-18_12-27_tf_1h,2021-12-30 22:00:00,278.32202,277.47525
Nasice,Nasice_2025-07-18_12-27_tf_1h,2021-12-30 23:00:00,278.94702,278.69833
Nasice,Nasice_2025-07-18_12-27_tf_1h,2021-12-31 00:00:00,279.21863,279.40042
Nasice,Nasice_2025-07-18_12-27_tf_1h,2021-12-31 01:00:00,279.3386,279.36765
Nasice,Nasice_2025-07-18_12-27_tf_1h,2021-12-31 02:00:00,278.78915,279.3217
Nasice,Nasice_2025-07-18_12-27_tf_1h,2021-12-31 03:00:00,278.22397,278.2376
Nasice,Nasice_2025-07-18_12-27_tf_1h,2021-12-31 04:00:00,277.67062,277.68292
Nasice,Nasice_2025-07-18_12-27_tf_1h,2021-12-31 05:00:00,277.35995,277.18616
Nasice,Nasice_2025-07-18_12-27_tf_1h,2021-12-31 06:00:00,277.03326,277.21487
Nasice,Nasice_2025-07-18_12-27_tf_1h,2021-12-31 07:00:00,276.5296,276.9398
Nasice,Nasice_2025-07-18_12-27_tf_1h,2021-12-31 08:00:00,277.00348,276.35068
Nasice,Nasice_2025-07-18_12-27_tf_1h,2021-12-31 09:00:00,278.6987,277.8645
Nasice,Nasice_2025-07-18_12-27_tf_1h,2021-12-31 10:00:00,281.6068,280.3061
Nasice,Nasice_2025-07-18_12-27_tf_1h,2021-12-31 11:00:00,283.97702,283.6847
Nasice,Nasice_2025-07-18_12-27_tf_1h,2021-12-31 12:00:00,285.7332,285.6479
Nasice,Nasice_2025-07-18_12-27_tf_1h,2021-12-31 13:00:00,286.66855,286.7457
Nasice,Nasice_2025-07-18_12-27_tf_1h,2021-12-31 14:00:00,287.01968,287.16013
Nasice,Nasice_2025-07-18_12-27_tf_1h,2021-12-31 15:00:00,286.6781,287.12506
Nasice,Nasice_2025-07-18_12-27_tf_1h,2021-12-31 16:00:00,285.92868,286.26495
Nasice,Nasice_2025-07-18_12-27_tf_1h,2021-12-31 17:00:00,283.81128,285.0346
Nasice,Nasice_2025-07-18_12-27_tf_1h,2021-12-31 18:00:00,280.5675,281.97678
Nasice,Nasice_2025-07-18_12-27_tf_1h,2021-12-31 19:00:00,278.86218,278.43063
Nasice,Nasice_2025-07-18_12-27_tf_1h,2021-12-31 20:00:00,277.5785,277.8266
Nasice,Nasice_2025-07-18_12-27_tf_1h,2021-12-31 21:00:00,277.0167,276.67084
Nasice,Nasice_2025-07-18_12-27_tf_1h,2021-12-31 22:00:00,276.5282,276.6175
Nasice,Nasice_2025-07-18_12-27_tf_1h,2021-12-31 23:00:00,275.97006,276.16635
