location,model,datetime,real_value,predicted_value
Oklaj,Potomje_2025-03-11_16-50_tf_1h,2021-01-02 01:00:00,280.2414,280.14124
Oklaj,Potomje_2025-03-11_16-50_tf_1h,2021-01-02 02:00:00,280.16907,280.21365
Oklaj,Potomje_2025-03-11_16-50_tf_1h,2021-01-02 03:00:00,279.72617,280.1246
Oklaj,Potomje_2025-03-11_16-50_tf_1h,2021-01-02 04:00:00,279.77127,279.51694
Oklaj,Potomje_2025-03-11_16-50_tf_1h,2021-01-02 05:00:00,279.72137,279.95657
Oklaj,Potomje_2025-03-11_16-50_tf_1h,2021-01-02 06:00:00,279.77002,279.91766
Oklaj,Potomje_2025-03-11_16-50_tf_1h,2021-01-02 07:00:00,280.0557,280.34406
Oklaj,Potomje_2025-03-11_16-50_tf_1h,2021-01-02 08:00:00,280.8473,281.02972
Oklaj,Potomje_2025-03-11_16-50_tf_1h,2021-01-02 09:00:00,281.45547,281.97345
Oklaj,Potomje_2025-03-11_16-50_tf_1h,2021-01-02 10:00:00,282.16116,282.0827
Oklaj,Potomje_2025-03-11_16-50_tf_1h,2021-01-02 11:00:00,282.64462,282.78033
Oklaj,Potomje_2025-03-11_16-50_tf_1h,2021-01-02 12:00:00,283.41202,283.00385
Oklaj,Potomje_2025-03-11_16-50_tf_1h,2021-01-02 13:00:00,283.21298,283.8661
Oklaj,Potomje_2025-03-11_16-50_tf_1h,2021-01-02 14:00:00,282.72876,283.07205
Oklaj,Potomje_2025-03-11_16-50_tf_1h,2021-01-02 15:00:00,282.56097,282.50354
Oklaj,Potomje_2025-03-11_16-50_tf_1h,2021-01-02 16:00:00,282.43777,282.4775
Oklaj,Potomje_2025-03-11_16-50_tf_1h,2021-01-02 17:00:00,282.24606,282.35394
Oklaj,Potomje_2025-03-11_16-50_tf_1h,2021-01-02 18:00:00,282.22287,282.132
Oklaj,Potomje_2025-03-11_16-50_tf_1h,2021-01-02 19:00:00,282.12766,282.19864
Oklaj,Potomje_2025-03-11_16-50_tf_1h,2021-01-02 20:00:00,281.76736,282.04578
Oklaj,Potomje_2025-03-11_16-50_tf_1h,2021-01-02 21:00:00,281.64392,281.56024
Oklaj,Potomje_2025-03-11_16-50_tf_1h,2021-01-02 22:00:00,281.64517,281.55405
Oklaj,Potomje_2025-03-11_16-50_tf_1h,2021-01-02 23:00:00,281.42548,281.58475
Oklaj,Potomje_2025-03-11_16-50_tf_1h,2021-01-03 00:00:00,281.09268,281.2488
Oklaj,Potomje_2025-03-11_16-50_tf_1h,2021-01-03 01:00:00,280.91608,280.88226
Oklaj,Potomje_2025-03-11_16-50_tf_1h,2021-01-03 02:00:00,281.0143,280.8127
Oklaj,Potomje_2025-03-11_16-50_tf_1h,2021-01-03 03:00:00,280.8206,281.08884
Oklaj,Potomje_2025-03-11_16-50_tf_1h,2021-01-03 04:00:00,280.3749,280.79648
Oklaj,Potomje_2025-03-11_16-50_tf_1h,2021-01-03 05:00:00,279.68234,280.3469
Oklaj,Potomje_2025-03-11_16-50_tf_1h,2021-01-03 06:00:00,280.04285,279.6191
Oklaj,Potomje_2025-03-11_16-50_tf_1h,2021-01-03 07:00:00,280.05344,280.66647
Oklaj,Potomje_2025-03-11_16-50_tf_1h,2021-01-03 08:00:00,280.23257,280.30295
Oklaj,Potomje_2025-03-11_16-50_tf_1h,2021-01-03 09:00:00,280.6072,280.63898
Oklaj,Potomje_2025-03-11_16-50_tf_1h,2021-01-03 10:00:00,281.2552,281.04086
Oklaj,Potomje_2025-03-11_16-50_tf_1h,2021-01-03 11:00:00,281.69556,281.80853
Oklaj,Potomje_2025-03-11_16-50_tf_1h,2021-01-03 12:00:00,282.0072,282.05798
Oklaj,Potomje_2025-03-11_16-50_tf_1h,2021-01-03 13:00:00,282.1964,282.30646
Oklaj,Potomje_2025-03-11_16-50_tf_1h,2021-01-03 14:00:00,281.9601,282.40756
Oklaj,Potomje_2025-03-11_16-50_tf_1h,2021-01-03 15:00:00,281.84573,281.91382
Oklaj,Potomje_2025-03-11_16-50_tf_1h,2021-01-03 16:00:00,280.88406,281.8821
Oklaj,Potomje_2025-03-11_16-50_tf_1h,2021-01-03 17:00:00,280.57117,280.43805
Oklaj,Potomje_2025-03-11_16-50_tf_1h,2021-01-03 18:00:00,280.11212,280.54184
Oklaj,Potomje_2025-03-11_16-50_tf_1h,2021-01-03 19:00:00,280.08795,279.9219
Oklaj,Potomje_2025-03-11_16-50_tf_1h,2021-01-03 20:00:00,279.71786,280.17737
Oklaj,Potomje_2025-03-11_16-50_tf_1h,2021-01-03 21:00:00,279.17014,279.58313
Oklaj,Potomje_2025-03-11_16-50_tf_1h,2021-01-03 22:00:00,279.37445,278.98474
Oklaj,Potomje_2025-03-11_16-50_tf_1h,2021-01-03 23:00:00,279.4047,279.60593
Oklaj,Potomje_2025-03-11_16-50_tf_1h,2021-01-04 00:00:00,279.4279,279.4755
Oklaj,Potomje_2025-03-11_16-50_tf_1h,2021-01-04 01:00:00,279.18552,279.55496
Oklaj,Potomje_2025-03-11_16-50_tf_1h,2021-01-04 02:00:00,279.186,279.16754
Oklaj,Potomje_2025-03-11_16-50_tf_1h,2021-01-04 03:00:00,279.18423,279.39453
Oklaj,Potomje_2025-03-11_16-50_tf_1h,2021-01-04 04:00:00,279.01846,279.41757
Oklaj,Potomje_2025-03-11_16-50_tf_1h,2021-01-04 05:00:00,279.252,279.25357
Oklaj,Potomje_2025-03-11_16-50_tf_1h,2021-01-04 06:00:00,279.0666,279.77753
Oklaj,Potomje_2025-03-11_16-50_tf_1h,2021-01-04 07:00:00,279.153,279.29373
Oklaj,Potomje_2025-03-11_16-50_tf_1h,2021-01-04 08:00:00,277.97192,279.63962
Oklaj,Potomje_2025-03-11_16-50_tf_1h,2021-01-04 09:00:00,278.89453,277.54773
Oklaj,Potomje_2025-03-11_16-50_tf_1h,2021-01-04 10:00:00,280.745,279.96838
Oklaj,Potomje_2025-03-11_16-50_tf_1h,2021-01-04 11:00:00,281.46732,281.9381
Oklaj,Potomje_2025-03-11_16-50_tf_1h,2021-01-04 12:00:00,282.2163,281.92184
Oklaj,Potomje_2025-03-11_16-50_tf_1h,2021-01-04 13:00:00,282.3748,282.7775
Oklaj,Potomje_2025-03-11_16-50_tf_1h,2021-01-04 14:00:00,282.2856,282.49426
Oklaj,Potomje_2025-03-11_16-50_tf_1h,2021-01-04 15:00:00,281.7835,282.29178
Oklaj,Potomje_2025-03-11_16-50_tf_1h,2021-01-04 16:00:00,281.2713,281.54785
Oklaj,Potomje_2025-03-11_16-50_tf_1h,2021-01-04 17:00:00,279.64175,281.05826
Oklaj,Potomje_2025-03-11_16-50_tf_1h,2021-01-04 18:00:00,278.55542,278.82843
Oklaj,Potomje_2025-03-11_16-50_tf_1h,2021-01-04 19:00:00,277.90063,278.1475
Oklaj,Potomje_2025-03-11_16-50_tf_1h,2021-01-04 20:00:00,275.36966,277.66763
Oklaj,Potomje_2025-03-11_16-50_tf_1h,2021-01-04 21:00:00,274.6665,274.2045
Oklaj,Potomje_2025-03-11_16-50_tf_1h,2021-01-04 22:00:00,273.9447,274.57446
Oklaj,Potomje_2025-03-11_16-50_tf_1h,2021-01-04 23:00:00,273.37027,273.67673
Oklaj,Potomje_2025-03-11_16-50_tf_1h,2021-01-05 00:00:00,273.0997,273.36945
Oklaj,Potomje_2025-03-11_16-50_tf_1h,2021-01-05 01:00:00,272.9581,273.40204
Oklaj,Potomje_2025-03-11_16-50_tf_1h,2021-01-05 02:00:00,272.88,273.4453
Oklaj,Potomje_2025-03-11_16-50_tf_1h,2021-01-05 03:00:00,272.88126,273.5574
Oklaj,Potomje_2025-03-11_16-50_tf_1h,2021-01-05 04:00:00,273.16116,273.7195
Oklaj,Potomje_2025-03-11_16-50_tf_1h,2021-01-05 05:00:00,273.01605,274.20844
Oklaj,Potomje_2025-03-11_16-50_tf_1h,2021-01-05 06:00:00,272.98404,273.71494
Oklaj,Potomje_2025-03-11_16-50_tf_1h,2021-01-05 07:00:00,273.05536,273.92746
Oklaj,Potomje_2025-03-11_16-50_tf_1h,2021-01-05 08:00:00,273.26218,273.9591
Oklaj,Potomje_2025-03-11_16-50_tf_1h,2021-01-05 09:00:00,275.56717,274.1419
Oklaj,Potomje_2025-03-11_16-50_tf_1h,2021-01-05 10:00:00,278.21027,277.863
Oklaj,Potomje_2025-03-11_16-50_tf_1h,2021-01-05 11:00:00,279.99625,280.05875
Oklaj,Potomje_2025-03-11_16-50_tf_1h,2021-01-05 12:00:00,280.61426,281.19717
Oklaj,Potomje_2025-03-11_16-50_tf_1h,2021-01-05 13:00:00,280.8042,281.0272
Oklaj,Potomje_2025-03-11_16-50_tf_1h,2021-01-05 14:00:00,280.47845,280.9567
Oklaj,Potomje_2025-03-11_16-50_tf_1h,2021-01-05 15:00:00,280.1532,280.2136
Oklaj,Potomje_2025-03-11_16-50_tf_1h,2021-01-05 16:00:00,280.00406,279.9107
Oklaj,Potomje_2025-03-11_16-50_tf_1h,2021-01-05 17:00:00,279.4231,279.851
Oklaj,Potomje_2025-03-11_16-50_tf_1h,2021-01-05 18:00:00,279.56265,278.9955
Oklaj,Potomje_2025-03-11_16-50_tf_1h,2021-01-05 19:00:00,279.6967,279.67798
Oklaj,Potomje_2025-03-11_16-50_tf_1h,2021-01-05 20:00:00,279.84735,279.7453
Oklaj,Potomje_2025-03-11_16-50_tf_1h,2021-01-05 21:00:00,280.2996,279.96027
Oklaj,Potomje_2025-03-11_16-50_tf_1h,2021-01-05 22:00:00,280.3691,280.60953
Oklaj,Potomje_2025-03-11_16-50_tf_1h,2021-01-05 23:00:00,280.29352,280.4059
Oklaj,Potomje_2025-03-11_16-50_tf_1h,2021-01-06 00:00:00,280.01212,280.2742
Oklaj,Potomje_2025-03-11_16-50_tf_1h,2021-01-06 01:00:00,279.49515,279.8547
Oklaj,Potomje_2025-03-11_16-50_tf_1h,2021-01-06 02:00:00,278.8905,279.20413
Oklaj,Potomje_2025-03-11_16-50_tf_1h,2021-01-06 03:00:00,278.66577,278.5824
Oklaj,Potomje_2025-03-11_16-50_tf_1h,2021-01-06 04:00:00,278.3944,278.63528
Oklaj,Potomje_2025-03-11_16-50_tf_1h,2021-01-06 05:00:00,278.31656,278.3786
Oklaj,Potomje_2025-03-11_16-50_tf_1h,2021-01-06 06:00:00,278.17877,278.63876
Oklaj,Potomje_2025-03-11_16-50_tf_1h,2021-01-06 07:00:00,278.02734,278.72562
Oklaj,Potomje_2025-03-11_16-50_tf_1h,2021-01-06 08:00:00,277.94522,278.92038
Oklaj,Potomje_2025-03-11_16-50_tf_1h,2021-01-06 09:00:00,278.42844,278.64514
Oklaj,Potomje_2025-03-11_16-50_tf_1h,2021-01-06 10:00:00,279.314,279.20026
Oklaj,Potomje_2025-03-11_16-50_tf_1h,2021-01-06 11:00:00,280.419,280.14484
Oklaj,Potomje_2025-03-11_16-50_tf_1h,2021-01-06 12:00:00,280.95035,281.29236
Oklaj,Potomje_2025-03-11_16-50_tf_1h,2021-01-06 13:00:00,281.27332,281.41718
Oklaj,Potomje_2025-03-11_16-50_tf_1h,2021-01-06 14:00:00,281.37335,281.66525
Oklaj,Potomje_2025-03-11_16-50_tf_1h,2021-01-06 15:00:00,281.05817,281.601
Oklaj,Potomje_2025-03-11_16-50_tf_1h,2021-01-06 16:00:00,280.10938,281.04315
Oklaj,Potomje_2025-03-11_16-50_tf_1h,2021-01-06 17:00:00,278.78015,279.75912
Oklaj,Potomje_2025-03-11_16-50_tf_1h,2021-01-06 18:00:00,277.07855,278.252
Oklaj,Potomje_2025-03-11_16-50_tf_1h,2021-01-06 19:00:00,275.52863,276.34222
Oklaj,Potomje_2025-03-11_16-50_tf_1h,2021-01-06 20:00:00,276.3953,274.9254
Oklaj,Potomje_2025-03-11_16-50_tf_1h,2021-01-06 21:00:00,276.9813,277.2202
Oklaj,Potomje_2025-03-11_16-50_tf_1h,2021-01-06 22:00:00,275.70547,277.37186
Oklaj,Potomje_2025-03-11_16-50_tf_1h,2021-01-06 23:00:00,274.82898,275.12347
Oklaj,Potomje_2025-03-11_16-50_tf_1h,2021-01-07 00:00:00,273.7124,274.7762
Oklaj,Potomje_2025-03-11_16-50_tf_1h,2021-01-07 01:00:00,272.61597,273.36365
Oklaj,Potomje_2025-03-11_16-50_tf_1h,2021-01-07 02:00:00,271.70547,272.4555
Oklaj,Potomje_2025-03-11_16-50_tf_1h,2021-01-07 03:00:00,271.03076,271.75952
Oklaj,Potomje_2025-03-11_16-50_tf_1h,2021-01-07 04:00:00,270.52112,271.3737
Oklaj,Potomje_2025-03-11_16-50_tf_1h,2021-01-07 05:00:00,270.03763,271.1017
Oklaj,Potomje_2025-03-11_16-50_tf_1h,2021-01-07 06:00:00,270.02353,270.6997
Oklaj,Potomje_2025-03-11_16-50_tf_1h,2021-01-07 07:00:00,270.22784,271.1111
Oklaj,Potomje_2025-03-11_16-50_tf_1h,2021-01-07 08:00:00,270.6564,271.34708
Oklaj,Potomje_2025-03-11_16-50_tf_1h,2021-01-07 09:00:00,273.2627,271.9079
Oklaj,Potomje_2025-03-11_16-50_tf_1h,2021-01-07 10:00:00,276.9206,276.12448
Oklaj,Potomje_2025-03-11_16-50_tf_1h,2021-01-07 11:00:00,279.39462,279.69476
Oklaj,Potomje_2025-03-11_16-50_tf_1h,2021-01-07 12:00:00,280.7561,281.05112
Oklaj,Potomje_2025-03-11_16-50_tf_1h,2021-01-07 13:00:00,281.1199,281.68704
Oklaj,Potomje_2025-03-11_16-50_tf_1h,2021-01-07 14:00:00,281.199,281.35327
Oklaj,Potomje_2025-03-11_16-50_tf_1h,2021-01-07 15:00:00,281.03574,281.27112
Oklaj,Potomje_2025-03-11_16-50_tf_1h,2021-01-07 16:00:00,280.28497,280.8852
Oklaj,Potomje_2025-03-11_16-50_tf_1h,2021-01-07 17:00:00,278.6917,279.74808
Oklaj,Potomje_2025-03-11_16-50_tf_1h,2021-01-07 18:00:00,277.45065,277.65643
Oklaj,Potomje_2025-03-11_16-50_tf_1h,2021-01-07 19:00:00,276.29956,276.7725
Oklaj,Potomje_2025-03-11_16-50_tf_1h,2021-01-07 20:00:00,276.6127,275.61734
Oklaj,Potomje_2025-03-11_16-50_tf_1h,2021-01-07 21:00:00,276.21213,276.87964
Oklaj,Potomje_2025-03-11_16-50_tf_1h,2021-01-07 22:00:00,276.0116,275.90982
Oklaj,Potomje_2025-03-11_16-50_tf_1h,2021-01-07 23:00:00,275.9171,276.0355
Oklaj,Potomje_2025-03-11_16-50_tf_1h,2021-01-08 00:00:00,275.94333,275.9921
Oklaj,Potomje_2025-03-11_16-50_tf_1h,2021-01-08 01:00:00,275.99545,276.12952
Oklaj,Potomje_2025-03-11_16-50_tf_1h,2021-01-08 02:00:00,275.85614,276.2097
Oklaj,Potomje_2025-03-11_16-50_tf_1h,2021-01-08 03:00:00,275.96674,275.96863
Oklaj,Potomje_2025-03-11_16-50_tf_1h,2021-01-08 04:00:00,275.98438,276.37488
Oklaj,Potomje_2025-03-11_16-50_tf_1h,2021-01-08 05:00:00,275.78964,276.39648
Oklaj,Potomje_2025-03-11_16-50_tf_1h,2021-01-08 06:00:00,275.70172,276.30267
Oklaj,Potomje_2025-03-11_16-50_tf_1h,2021-01-08 07:00:00,275.67197,276.66702
Oklaj,Potomje_2025-03-11_16-50_tf_1h,2021-01-08 08:00:00,275.71985,276.69562
Oklaj,Potomje_2025-03-11_16-50_tf_1h,2021-01-08 09:00:00,276.389,276.55966
Oklaj,Potomje_2025-03-11_16-50_tf_1h,2021-01-08 10:00:00,276.8669,277.43274
Oklaj,Potomje_2025-03-11_16-50_tf_1h,2021-01-08 11:00:00,276.98935,277.51776
Oklaj,Potomje_2025-03-11_16-50_tf_1h,2021-01-08 12:00:00,277.6051,277.35736
Oklaj,Potomje_2025-03-11_16-50_tf_1h,2021-01-08 13:00:00,278.09436,278.26566
Oklaj,Potomje_2025-03-11_16-50_tf_1h,2021-01-08 14:00:00,278.2692,278.52975
Oklaj,Potomje_2025-03-11_16-50_tf_1h,2021-01-08 15:00:00,278.41885,278.53348
Oklaj,Potomje_2025-03-11_16-50_tf_1h,2021-01-08 16:00:00,278.05026,278.7074
Oklaj,Potomje_2025-03-11_16-50_tf_1h,2021-01-08 17:00:00,277.02817,277.99875
Oklaj,Potomje_2025-03-11_16-50_tf_1h,2021-01-08 18:00:00,276.13303,276.64536
Oklaj,Potomje_2025-03-11_16-50_tf_1h,2021-01-08 19:00:00,275.6178,275.9434
Oklaj,Potomje_2025-03-11_16-50_tf_1h,2021-01-08 20:00:00,275.74252,275.65027
Oklaj,Potomje_2025-03-11_16-50_tf_1h,2021-01-08 21:00:00,275.41046,276.22348
Oklaj,Potomje_2025-03-11_16-50_tf_1h,2021-01-08 22:00:00,274.94992,275.5125
Oklaj,Potomje_2025-03-11_16-50_tf_1h,2021-01-08 23:00:00,274.6287,275.13596
Oklaj,Potomje_2025-03-11_16-50_tf_1h,2021-01-09 00:00:00,274.0868,274.9233
Oklaj,Potomje_2025-03-11_16-50_tf_1h,2021-01-09 01:00:00,273.7124,274.22302
Oklaj,Potomje_2025-03-11_16-50_tf_1h,2021-01-09 02:00:00,273.4708,274.07275
Oklaj,Potomje_2025-03-11_16-50_tf_1h,2021-01-09 03:00:00,273.31662,273.9059
Oklaj,Potomje_2025-03-11_16-50_tf_1h,2021-01-09 04:00:00,273.1871,273.86304
Oklaj,Potomje_2025-03-11_16-50_tf_1h,2021-01-09 05:00:00,273.16116,273.79846
Oklaj,Potomje_2025-03-11_16-50_tf_1h,2021-01-09 06:00:00,273.35037,273.90222
Oklaj,Potomje_2025-03-11_16-50_tf_1h,2021-01-09 07:00:00,273.38666,274.24472
Oklaj,Potomje_2025-03-11_16-50_tf_1h,2021-01-09 08:00:00,274.28757,274.11234
Oklaj,Potomje_2025-03-11_16-50_tf_1h,2021-01-09 09:00:00,275.2666,275.6782
Oklaj,Potomje_2025-03-11_16-50_tf_1h,2021-01-09 10:00:00,276.87045,276.4103
Oklaj,Potomje_2025-03-11_16-50_tf_1h,2021-01-09 11:00:00,278.1843,278.4679
Oklaj,Potomje_2025-03-11_16-50_tf_1h,2021-01-09 12:00:00,278.84717,279.29605
Oklaj,Potomje_2025-03-11_16-50_tf_1h,2021-01-09 13:00:00,279.04166,279.52377
Oklaj,Potomje_2025-03-11_16-50_tf_1h,2021-01-09 14:00:00,278.8663,279.3945
Oklaj,Potomje_2025-03-11_16-50_tf_1h,2021-01-09 15:00:00,278.61865,278.9233
Oklaj,Potomje_2025-03-11_16-50_tf_1h,2021-01-09 16:00:00,278.08478,278.628
Oklaj,Potomje_2025-03-11_16-50_tf_1h,2021-01-09 17:00:00,277.51013,277.8909
Oklaj,Potomje_2025-03-11_16-50_tf_1h,2021-01-09 18:00:00,276.9309,277.3409
Oklaj,Potomje_2025-03-11_16-50_tf_1h,2021-01-09 19:00:00,276.3648,276.76144
Oklaj,Potomje_2025-03-11_16-50_tf_1h,2021-01-09 20:00:00,275.92694,276.22025
Oklaj,Potomje_2025-03-11_16-50_tf_1h,2021-01-09 21:00:00,275.85968,275.8987
Oklaj,Potomje_2025-03-11_16-50_tf_1h,2021-01-09 22:00:00,275.86798,276.10693
Oklaj,Potomje_2025-03-11_16-50_tf_1h,2021-01-09 23:00:00,275.87704,276.15793
Oklaj,Potomje_2025-03-11_16-50_tf_1h,2021-01-10 00:00:00,275.88864,276.21494
Oklaj,Potomje_2025-03-11_16-50_tf_1h,2021-01-10 01:00:00,275.76898,276.2647
Oklaj,Potomje_2025-03-11_16-50_tf_1h,2021-01-10 02:00:00,275.6526,276.08414
Oklaj,Potomje_2025-03-11_16-50_tf_1h,2021-01-10 03:00:00,275.4291,276.0444
Oklaj,Potomje_2025-03-11_16-50_tf_1h,2021-01-10 04:00:00,274.7839,275.7959
Oklaj,Potomje_2025-03-11_16-50_tf_1h,2021-01-10 05:00:00,274.44254,274.93872
Oklaj,Potomje_2025-03-11_16-50_tf_1h,2021-01-10 06:00:00,274.46948,274.99933
Oklaj,Potomje_2025-03-11_16-50_tf_1h,2021-01-10 07:00:00,274.22763,275.25708
Oklaj,Potomje_2025-03-11_16-50_tf_1h,2021-01-10 08:00:00,275.4654,274.76486
Oklaj,Potomje_2025-03-11_16-50_tf_1h,2021-01-10 09:00:00,275.91534,277.13846
Oklaj,Potomje_2025-03-11_16-50_tf_1h,2021-01-10 10:00:00,276.5709,276.54993
Oklaj,Potomje_2025-03-11_16-50_tf_1h,2021-01-10 11:00:00,277.2937,277.5661
Oklaj,Potomje_2025-03-11_16-50_tf_1h,2021-01-10 12:00:00,277.17505,278.09125
Oklaj,Potomje_2025-03-11_16-50_tf_1h,2021-01-10 13:00:00,277.24283,277.35803
Oklaj,Potomje_2025-03-11_16-50_tf_1h,2021-01-10 14:00:00,276.66412,277.65756
Oklaj,Potomje_2025-03-11_16-50_tf_1h,2021-01-10 15:00:00,276.13605,276.50647
Oklaj,Potomje_2025-03-11_16-50_tf_1h,2021-01-10 16:00:00,275.52686,276.1655
Oklaj,Potomje_2025-03-11_16-50_tf_1h,2021-01-10 17:00:00,274.98746,275.45123
Oklaj,Potomje_2025-03-11_16-50_tf_1h,2021-01-10 18:00:00,274.60654,275.03992
Oklaj,Potomje_2025-03-11_16-50_tf_1h,2021-01-10 19:00:00,274.23367,274.79398
Oklaj,Potomje_2025-03-11_16-50_tf_1h,2021-01-10 20:00:00,273.56125,274.44904
Oklaj,Potomje_2025-03-11_16-50_tf_1h,2021-01-10 21:00:00,273.2151,273.59564
Oklaj,Potomje_2025-03-11_16-50_tf_1h,2021-01-10 22:00:00,273.06693,273.5971
Oklaj,Potomje_2025-03-11_16-50_tf_1h,2021-01-10 23:00:00,272.93945,273.52454
Oklaj,Potomje_2025-03-11_16-50_tf_1h,2021-01-11 00:00:00,272.91098,273.43326
Oklaj,Potomje_2025-03-11_16-50_tf_1h,2021-01-11 01:00:00,272.9178,273.5152
Oklaj,Potomje_2025-03-11_16-50_tf_1h,2021-01-11 02:00:00,273.05435,273.5569
Oklaj,Potomje_2025-03-11_16-50_tf_1h,2021-01-11 03:00:00,273.19745,273.84442
Oklaj,Potomje_2025-03-11_16-50_tf_1h,2021-01-11 04:00:00,273.2836,273.99152
Oklaj,Potomje_2025-03-11_16-50_tf_1h,2021-01-11 05:00:00,273.21155,274.06082
Oklaj,Potomje_2025-03-11_16-50_tf_1h,2021-01-11 06:00:00,273.1526,273.871
Oklaj,Potomje_2025-03-11_16-50_tf_1h,2021-01-11 07:00:00,273.03647,273.846
Oklaj,Potomje_2025-03-11_16-50_tf_1h,2021-01-11 08:00:00,273.66327,273.60992
Oklaj,Potomje_2025-03-11_16-50_tf_1h,2021-01-11 09:00:00,273.9369,274.79013
Oklaj,Potomje_2025-03-11_16-50_tf_1h,2021-01-11 10:00:00,274.33392,274.54364
Oklaj,Potomje_2025-03-11_16-50_tf_1h,2021-01-11 11:00:00,274.89752,275.15186
Oklaj,Potomje_2025-03-11_16-50_tf_1h,2021-01-11 12:00:00,275.4785,275.702
Oklaj,Potomje_2025-03-11_16-50_tf_1h,2021-01-11 13:00:00,276.03375,276.25592
Oklaj,Potomje_2025-03-11_16-50_tf_1h,2021-01-11 14:00:00,275.96194,276.77087
Oklaj,Potomje_2025-03-11_16-50_tf_1h,2021-01-11 15:00:00,275.8151,276.21222
Oklaj,Potomje_2025-03-11_16-50_tf_1h,2021-01-11 16:00:00,275.51804,276.11823
Oklaj,Potomje_2025-03-11_16-50_tf_1h,2021-01-11 17:00:00,275.0192,275.6588
Oklaj,Potomje_2025-03-11_16-50_tf_1h,2021-01-11 18:00:00,274.53726,275.05756
Oklaj,Potomje_2025-03-11_16-50_tf_1h,2021-01-11 19:00:00,274.11023,274.64032
Oklaj,Potomje_2025-03-11_16-50_tf_1h,2021-01-11 20:00:00,273.7983,274.28522
Oklaj,Potomje_2025-03-11_16-50_tf_1h,2021-01-11 21:00:00,273.24985,274.10028
Oklaj,Potomje_2025-03-11_16-50_tf_1h,2021-01-11 22:00:00,272.79813,273.38828
Oklaj,Potomje_2025-03-11_16-50_tf_1h,2021-01-11 23:00:00,272.55423,273.12894
Oklaj,Potomje_2025-03-11_16-50_tf_1h,2021-01-12 00:00:00,272.38797,273.0385
Oklaj,Potomje_2025-03-11_16-50_tf_1h,2021-01-12 01:00:00,272.12167,272.93936
Oklaj,Potomje_2025-03-11_16-50_tf_1h,2021-01-12 02:00:00,272.18314,272.62115
Oklaj,Potomje_2025-03-11_16-50_tf_1h,2021-01-12 03:00:00,272.0957,273.00998
Oklaj,Potomje_2025-03-11_16-50_tf_1h,2021-01-12 04:00:00,271.88586,272.71735
Oklaj,Potomje_2025-03-11_16-50_tf_1h,2021-01-12 05:00:00,271.6236,272.52985
Oklaj,Potomje_2025-03-11_16-50_tf_1h,2021-01-12 06:00:00,271.39432,272.2351
Oklaj,Potomje_2025-03-11_16-50_tf_1h,2021-01-12 07:00:00,271.1993,272.05652
Oklaj,Potomje_2025-03-11_16-50_tf_1h,2021-01-12 08:00:00,271.45303,271.86148
Oklaj,Potomje_2025-03-11_16-50_tf_1h,2021-01-12 09:00:00,272.44818,272.46478
Oklaj,Potomje_2025-03-11_16-50_tf_1h,2021-01-12 10:00:00,274.0437,273.89267
Oklaj,Potomje_2025-03-11_16-50_tf_1h,2021-01-12 11:00:00,275.49536,275.74625
Oklaj,Potomje_2025-03-11_16-50_tf_1h,2021-01-12 12:00:00,276.6205,276.89755
Oklaj,Potomje_2025-03-11_16-50_tf_1h,2021-01-12 13:00:00,277.3829,277.75232
Oklaj,Potomje_2025-03-11_16-50_tf_1h,2021-01-12 14:00:00,277.74115,278.20203
Oklaj,Potomje_2025-03-11_16-50_tf_1h,2021-01-12 15:00:00,277.5159,278.2502
Oklaj,Potomje_2025-03-11_16-50_tf_1h,2021-01-12 16:00:00,276.8062,277.59323
Oklaj,Potomje_2025-03-11_16-50_tf_1h,2021-01-12 17:00:00,275.35706,276.56854
Oklaj,Potomje_2025-03-11_16-50_tf_1h,2021-01-12 18:00:00,274.29413,274.62866
Oklaj,Potomje_2025-03-11_16-50_tf_1h,2021-01-12 19:00:00,273.72726,273.98727
Oklaj,Potomje_2025-03-11_16-50_tf_1h,2021-01-12 20:00:00,273.3791,273.71527
Oklaj,Potomje_2025-03-11_16-50_tf_1h,2021-01-12 21:00:00,272.68753,273.56174
Oklaj,Potomje_2025-03-11_16-50_tf_1h,2021-01-12 22:00:00,272.1524,272.66864
Oklaj,Potomje_2025-03-11_16-50_tf_1h,2021-01-12 23:00:00,271.55807,272.40784
Oklaj,Potomje_2025-03-11_16-50_tf_1h,2021-01-13 00:00:00,271.4868,271.74966
Oklaj,Potomje_2025-03-11_16-50_tf_1h,2021-01-13 01:00:00,271.79944,272.19272
Oklaj,Potomje_2025-03-11_16-50_tf_1h,2021-01-13 02:00:00,272.17484,272.71793
Oklaj,Potomje_2025-03-11_16-50_tf_1h,2021-01-13 03:00:00,272.14886,273.15387
Oklaj,Potomje_2025-03-11_16-50_tf_1h,2021-01-13 04:00:00,271.92667,272.83783
Oklaj,Potomje_2025-03-11_16-50_tf_1h,2021-01-13 05:00:00,272.071,272.6111
Oklaj,Potomje_2025-03-11_16-50_tf_1h,2021-01-13 06:00:00,271.9617,273.07596
Oklaj,Potomje_2025-03-11_16-50_tf_1h,2021-01-13 07:00:00,271.7342,272.66794
Oklaj,Potomje_2025-03-11_16-50_tf_1h,2021-01-13 08:00:00,272.2199,272.46503
Oklaj,Potomje_2025-03-11_16-50_tf_1h,2021-01-13 09:00:00,274.41986,273.45798
Oklaj,Potomje_2025-03-11_16-50_tf_1h,2021-01-13 10:00:00,277.204,276.72733
Oklaj,Potomje_2025-03-11_16-50_tf_1h,2021-01-13 11:00:00,278.79828,279.4024
Oklaj,Potomje_2025-03-11_16-50_tf_1h,2021-01-13 12:00:00,279.16736,279.9837
Oklaj,Potomje_2025-03-11_16-50_tf_1h,2021-01-13 13:00:00,279.0346,279.58228
Oklaj,Potomje_2025-03-11_16-50_tf_1h,2021-01-13 14:00:00,278.86884,279.12064
Oklaj,Potomje_2025-03-11_16-50_tf_1h,2021-01-13 15:00:00,278.61462,278.8759
Oklaj,Potomje_2025-03-11_16-50_tf_1h,2021-01-13 16:00:00,277.81848,278.52106
Oklaj,Potomje_2025-03-11_16-50_tf_1h,2021-01-13 17:00:00,276.2658,277.37207
Oklaj,Potomje_2025-03-11_16-50_tf_1h,2021-01-13 18:00:00,274.45538,275.40942
Oklaj,Potomje_2025-03-11_16-50_tf_1h,2021-01-13 19:00:00,272.8805,273.56836
Oklaj,Potomje_2025-03-11_16-50_tf_1h,2021-01-13 20:00:00,271.8934,272.2315
Oklaj,Potomje_2025-03-11_16-50_tf_1h,2021-01-13 21:00:00,271.1066,271.6572
Oklaj,Potomje_2025-03-11_16-50_tf_1h,2021-01-13 22:00:00,270.50473,271.00623
Oklaj,Potomje_2025-03-11_16-50_tf_1h,2021-01-13 23:00:00,270.16916,270.67892
Oklaj,Potomje_2025-03-11_16-50_tf_1h,2021-01-14 00:00:00,270.04797,270.66013
Oklaj,Potomje_2025-03-11_16-50_tf_1h,2021-01-14 01:00:00,270.07315,270.7463
Oklaj,Potomje_2025-03-11_16-50_tf_1h,2021-01-14 02:00:00,270.2626,270.9261
Oklaj,Potomje_2025-03-11_16-50_tf_1h,2021-01-14 03:00:00,270.45685,271.28293
Oklaj,Potomje_2025-03-11_16-50_tf_1h,2021-01-14 04:00:00,270.77682,271.49036
Oklaj,Potomje_2025-03-11_16-50_tf_1h,2021-01-14 05:00:00,271.29303,271.9667
Oklaj,Potomje_2025-03-11_16-50_tf_1h,2021-01-14 06:00:00,272.02365,272.61658
Oklaj,Potomje_2025-03-11_16-50_tf_1h,2021-01-14 07:00:00,272.92108,273.4758
Oklaj,Potomje_2025-03-11_16-50_tf_1h,2021-01-14 08:00:00,273.89658,274.38498
Oklaj,Potomje_2025-03-11_16-50_tf_1h,2021-01-14 09:00:00,274.92725,275.23962
Oklaj,Potomje_2025-03-11_16-50_tf_1h,2021-01-14 10:00:00,277.33124,276.11133
Oklaj,Potomje_2025-03-11_16-50_tf_1h,2021-01-14 11:00:00,277.9714,279.35046
Oklaj,Potomje_2025-03-11_16-50_tf_1h,2021-01-14 12:00:00,278.36166,278.28116
Oklaj,Potomje_2025-03-11_16-50_tf_1h,2021-01-14 13:00:00,278.43524,278.8327
Oklaj,Potomje_2025-03-11_16-50_tf_1h,2021-01-14 14:00:00,278.01123,278.49335
Oklaj,Potomje_2025-03-11_16-50_tf_1h,2021-01-14 15:00:00,277.30405,277.74393
Oklaj,Potomje_2025-03-11_16-50_tf_1h,2021-01-14 16:00:00,276.8319,276.89294
Oklaj,Potomje_2025-03-11_16-50_tf_1h,2021-01-14 17:00:00,275.77753,276.6519
Oklaj,Potomje_2025-03-11_16-50_tf_1h,2021-01-14 18:00:00,275.52206,275.19348
Oklaj,Potomje_2025-03-11_16-50_tf_1h,2021-01-14 19:00:00,275.10788,275.692
Oklaj,Potomje_2025-03-11_16-50_tf_1h,2021-01-14 20:00:00,274.98016,275.04526
Oklaj,Potomje_2025-03-11_16-50_tf_1h,2021-01-14 21:00:00,274.26086,275.27533
Oklaj,Potomje_2025-03-11_16-50_tf_1h,2021-01-14 22:00:00,273.7031,274.07703
Oklaj,Potomje_2025-03-11_16-50_tf_1h,2021-01-14 23:00:00,273.19794,273.82248
Oklaj,Potomje_2025-03-11_16-50_tf_1h,2021-01-15 00:00:00,272.7558,273.3376
Oklaj,Potomje_2025-03-11_16-50_tf_1h,2021-01-15 01:00:00,272.33557,273.05435
Oklaj,Potomje_2025-03-11_16-50_tf_1h,2021-01-15 02:00:00,271.68808,272.7428
Oklaj,Potomje_2025-03-11_16-50_tf_1h,2021-01-15 03:00:00,271.1008,272.04437
Oklaj,Potomje_2025-03-11_16-50_tf_1h,2021-01-15 04:00:00,270.7418,271.67157
Oklaj,Potomje_2025-03-11_16-50_tf_1h,2021-01-15 05:00:00,270.34274,271.49985
Oklaj,Potomje_2025-03-11_16-50_tf_1h,2021-01-15 06:00:00,270.20718,271.0441
Oklaj,Potomje_2025-03-11_16-50_tf_1h,2021-01-15 07:00:00,270.08978,271.17136
Oklaj,Potomje_2025-03-11_16-50_tf_1h,2021-01-15 08:00:00,270.6365,270.93594
Oklaj,Potomje_2025-03-11_16-50_tf_1h,2021-01-15 09:00:00,272.32297,272.02194
Oklaj,Potomje_2025-03-11_16-50_tf_1h,2021-01-15 10:00:00,273.48944,274.28815
Oklaj,Potomje_2025-03-11_16-50_tf_1h,2021-01-15 11:00:00,275.22604,274.68274
Oklaj,Potomje_2025-03-11_16-50_tf_1h,2021-01-15 12:00:00,276.19174,277.0105
Oklaj,Potomje_2025-03-11_16-50_tf_1h,2021-01-15 13:00:00,276.76263,277.0297
Oklaj,Potomje_2025-03-11_16-50_tf_1h,2021-01-15 14:00:00,276.93143,277.50052
Oklaj,Potomje_2025-03-11_16-50_tf_1h,2021-01-15 15:00:00,276.587,277.29343
Oklaj,Potomje_2025-03-11_16-50_tf_1h,2021-01-15 16:00:00,275.7264,276.61322
Oklaj,Potomje_2025-03-11_16-50_tf_1h,2021-01-15 17:00:00,274.36368,275.39777
Oklaj,Potomje_2025-03-11_16-50_tf_1h,2021-01-15 18:00:00,273.41788,273.73532
Oklaj,Potomje_2025-03-11_16-50_tf_1h,2021-01-15 19:00:00,272.84927,273.19128
Oklaj,Potomje_2025-03-11_16-50_tf_1h,2021-01-15 20:00:00,272.86893,272.83615
Oklaj,Potomje_2025-03-11_16-50_tf_1h,2021-01-15 21:00:00,272.55954,273.354
Oklaj,Potomje_2025-03-11_16-50_tf_1h,2021-01-15 22:00:00,272.28995,272.74194
Oklaj,Potomje_2025-03-11_16-50_tf_1h,2021-01-15 23:00:00,272.09042,272.6887
Oklaj,Potomje_2025-03-11_16-50_tf_1h,2021-01-16 00:00:00,271.91962,272.5307
Oklaj,Potomje_2025-03-11_16-50_tf_1h,2021-01-16 01:00:00,271.82767,272.4336
Oklaj,Potomje_2025-03-11_16-50_tf_1h,2021-01-16 02:00:00,271.94052,272.45547
Oklaj,Potomje_2025-03-11_16-50_tf_1h,2021-01-16 03:00:00,271.95462,272.77063
Oklaj,Potomje_2025-03-11_16-50_tf_1h,2021-01-16 04:00:00,272.035,272.70163
Oklaj,Potomje_2025-03-11_16-50_tf_1h,2021-01-16 05:00:00,272.08563,272.94272
Oklaj,Potomje_2025-03-11_16-50_tf_1h,2021-01-16 06:00:00,272.035,272.9554
Oklaj,Potomje_2025-03-11_16-50_tf_1h,2021-01-16 07:00:00,271.92566,272.86334
Oklaj,Potomje_2025-03-11_16-50_tf_1h,2021-01-16 08:00:00,272.1733,272.70175
Oklaj,Potomje_2025-03-11_16-50_tf_1h,2021-01-16 09:00:00,272.74573,273.1787
Oklaj,Potomje_2025-03-11_16-50_tf_1h,2021-01-16 10:00:00,273.54034,273.83685
Oklaj,Potomje_2025-03-11_16-50_tf_1h,2021-01-16 11:00:00,274.18378,274.67307
Oklaj,Potomje_2025-03-11_16-50_tf_1h,2021-01-16 12:00:00,274.57755,275.07352
Oklaj,Potomje_2025-03-11_16-50_tf_1h,2021-01-16 13:00:00,274.69647,275.25342
Oklaj,Potomje_2025-03-11_16-50_tf_1h,2021-01-16 14:00:00,274.5438,275.1593
Oklaj,Potomje_2025-03-11_16-50_tf_1h,2021-01-16 15:00:00,274.183,274.82132
Oklaj,Potomje_2025-03-11_16-50_tf_1h,2021-01-16 16:00:00,273.53253,274.33743
Oklaj,Potomje_2025-03-11_16-50_tf_1h,2021-01-16 17:00:00,272.54645,273.52048
Oklaj,Potomje_2025-03-11_16-50_tf_1h,2021-01-16 18:00:00,271.70346,272.37042
Oklaj,Potomje_2025-03-11_16-50_tf_1h,2021-01-16 19:00:00,270.9799,271.74283
Oklaj,Potomje_2025-03-11_16-50_tf_1h,2021-01-16 20:00:00,270.55563,271.10144
Oklaj,Potomje_2025-03-11_16-50_tf_1h,2021-01-16 21:00:00,270.1243,270.97845
Oklaj,Potomje_2025-03-11_16-50_tf_1h,2021-01-16 22:00:00,270.07745,270.54004
Oklaj,Potomje_2025-03-11_16-50_tf_1h,2021-01-16 23:00:00,270.17142,270.9174
Oklaj,Potomje_2025-03-11_16-50_tf_1h,2021-01-17 00:00:00,270.65918,271.03598
Oklaj,Potomje_2025-03-11_16-50_tf_1h,2021-01-17 01:00:00,270.769,271.87622
Oklaj,Potomje_2025-03-11_16-50_tf_1h,2021-01-17 02:00:00,270.07693,271.55072
Oklaj,Potomje_2025-03-11_16-50_tf_1h,2021-01-17 03:00:00,269.90613,270.38022
Oklaj,Potomje_2025-03-11_16-50_tf_1h,2021-01-17 04:00:00,269.80157,270.7961
Oklaj,Potomje_2025-03-11_16-50_tf_1h,2021-01-17 05:00:00,270.00235,270.503
Oklaj,Potomje_2025-03-11_16-50_tf_1h,2021-01-17 06:00:00,270.19458,271.06387
Oklaj,Potomje_2025-03-11_16-50_tf_1h,2021-01-17 07:00:00,270.9799,271.11505
Oklaj,Potomje_2025-03-11_16-50_tf_1h,2021-01-17 08:00:00,271.2565,272.45184
Oklaj,Potomje_2025-03-11_16-50_tf_1h,2021-01-17 09:00:00,272.75983,272.02975
Oklaj,Potomje_2025-03-11_16-50_tf_1h,2021-01-17 10:00:00,274.17548,274.74014
Oklaj,Potomje_2025-03-11_16-50_tf_1h,2021-01-17 11:00:00,275.1419,275.48294
Oklaj,Potomje_2025-03-11_16-50_tf_1h,2021-01-17 12:00:00,275.29733,276.2293
Oklaj,Potomje_2025-03-11_16-50_tf_1h,2021-01-17 13:00:00,275.75714,275.70267
Oklaj,Potomje_2025-03-11_16-50_tf_1h,2021-01-17 14:00:00,275.8083,276.49435
Oklaj,Potomje_2025-03-11_16-50_tf_1h,2021-01-17 15:00:00,275.8884,276.0619
Oklaj,Potomje_2025-03-11_16-50_tf_1h,2021-01-17 16:00:00,275.71155,276.28442
Oklaj,Potomje_2025-03-11_16-50_tf_1h,2021-01-17 17:00:00,275.479,275.85284
Oklaj,Potomje_2025-03-11_16-50_tf_1h,2021-01-17 18:00:00,274.65213,275.67188
Oklaj,Potomje_2025-03-11_16-50_tf_1h,2021-01-17 19:00:00,271.9224,274.40784
Oklaj,Potomje_2025-03-11_16-50_tf_1h,2021-01-17 20:00:00,271.66187,270.5523
Oklaj,Potomje_2025-03-11_16-50_tf_1h,2021-01-17 21:00:00,271.61856,272.43097
Oklaj,Potomje_2025-03-11_16-50_tf_1h,2021-01-17 22:00:00,271.39786,271.96152
Oklaj,Potomje_2025-03-11_16-50_tf_1h,2021-01-17 23:00:00,271.0751,271.88983
Oklaj,Potomje_2025-03-11_16-50_tf_1h,2021-01-18 00:00:00,270.66623,271.51764
Oklaj,Potomje_2025-03-11_16-50_tf_1h,2021-01-18 01:00:00,270.3624,271.12112
Oklaj,Potomje_2025-03-11_16-50_tf_1h,2021-01-18 02:00:00,269.8754,271.0015
Oklaj,Potomje_2025-03-11_16-50_tf_1h,2021-01-18 03:00:00,269.6237,270.3914
Oklaj,Potomje_2025-03-11_16-50_tf_1h,2021-01-18 04:00:00,269.38788,270.4671
Oklaj,Potomje_2025-03-11_16-50_tf_1h,2021-01-18 05:00:00,268.99966,270.1637
Oklaj,Potomje_2025-03-11_16-50_tf_1h,2021-01-18 06:00:00,268.65448,269.72702
Oklaj,Potomje_2025-03-11_16-50_tf_1h,2021-01-18 07:00:00,268.34738,269.4492
Oklaj,Potomje_2025-03-11_16-50_tf_1h,2021-01-18 08:00:00,268.5774,269.14163
Oklaj,Potomje_2025-03-11_16-50_tf_1h,2021-01-18 09:00:00,270.1873,269.79617
Oklaj,Potomje_2025-03-11_16-50_tf_1h,2021-01-18 10:00:00,271.67648,272.3666
Oklaj,Potomje_2025-03-11_16-50_tf_1h,2021-01-18 11:00:00,273.4383,273.2562
Oklaj,Potomje_2025-03-11_16-50_tf_1h,2021-01-18 12:00:00,274.94742,275.37732
Oklaj,Potomje_2025-03-11_16-50_tf_1h,2021-01-18 13:00:00,276.11514,276.3341
Oklaj,Potomje_2025-03-11_16-50_tf_1h,2021-01-18 14:00:00,276.66312,277.22977
Oklaj,Potomje_2025-03-11_16-50_tf_1h,2021-01-18 15:00:00,276.87927,277.22092
Oklaj,Potomje_2025-03-11_16-50_tf_1h,2021-01-18 16:00:00,276.32147,277.2425
Oklaj,Potomje_2025-03-11_16-50_tf_1h,2021-01-18 17:00:00,274.4541,276.07022
Oklaj,Potomje_2025-03-11_16-50_tf_1h,2021-01-18 18:00:00,274.07266,273.37296
Oklaj,Potomje_2025-03-11_16-50_tf_1h,2021-01-18 19:00:00,273.45267,274.3992
Oklaj,Potomje_2025-03-11_16-50_tf_1h,2021-01-18 20:00:00,272.36606,273.23715
Oklaj,Potomje_2025-03-11_16-50_tf_1h,2021-01-18 21:00:00,271.63794,272.06894
Oklaj,Potomje_2025-03-11_16-50_tf_1h,2021-01-18 22:00:00,271.11163,271.70905
Oklaj,Potomje_2025-03-11_16-50_tf_1h,2021-01-18 23:00:00,270.75464,271.2922
Oklaj,Potomje_2025-03-11_16-50_tf_1h,2021-01-19 00:00:00,270.51505,271.1309
Oklaj,Potomje_2025-03-11_16-50_tf_1h,2021-01-19 01:00:00,270.34827,271.01822
Oklaj,Potomje_2025-03-11_16-50_tf_1h,2021-01-19 02:00:00,270.3984,270.96942
Oklaj,Potomje_2025-03-11_16-50_tf_1h,2021-01-19 03:00:00,270.30392,271.24576
Oklaj,Potomje_2025-03-11_16-50_tf_1h,2021-01-19 04:00:00,270.2591,271.02893
Oklaj,Potomje_2025-03-11_16-50_tf_1h,2021-01-19 05:00:00,270.2475,271.1553
Oklaj,Potomje_2025-03-11_16-50_tf_1h,2021-01-19 06:00:00,270.32837,271.1825
Oklaj,Potomje_2025-03-11_16-50_tf_1h,2021-01-19 07:00:00,270.4251,271.4012
Oklaj,Potomje_2025-03-11_16-50_tf_1h,2021-01-19 08:00:00,270.92798,271.47504
Oklaj,Potomje_2025-03-11_16-50_tf_1h,2021-01-19 09:00:00,274.06763,272.27283
Oklaj,Potomje_2025-03-11_16-50_tf_1h,2021-01-19 10:00:00,277.01883,277.35913
Oklaj,Potomje_2025-03-11_16-50_tf_1h,2021-01-19 11:00:00,278.49344,279.1713
Oklaj,Potomje_2025-03-11_16-50_tf_1h,2021-01-19 12:00:00,278.80307,279.71664
Oklaj,Potomje_2025-03-11_16-50_tf_1h,2021-01-19 13:00:00,279.17746,279.18
Oklaj,Potomje_2025-03-11_16-50_tf_1h,2021-01-19 14:00:00,279.3019,279.60083
Oklaj,Potomje_2025-03-11_16-50_tf_1h,2021-01-19 15:00:00,278.98798,279.40955
Oklaj,Potomje_2025-03-11_16-50_tf_1h,2021-01-19 16:00:00,278.03616,278.79288
Oklaj,Potomje_2025-03-11_16-50_tf_1h,2021-01-19 17:00:00,276.4011,277.44888
Oklaj,Potomje_2025-03-11_16-50_tf_1h,2021-01-19 18:00:00,275.0041,275.44702
Oklaj,Potomje_2025-03-11_16-50_tf_1h,2021-01-19 19:00:00,274.1213,274.34293
Oklaj,Potomje_2025-03-11_16-50_tf_1h,2021-01-19 20:00:00,274.86655,273.82126
Oklaj,Potomje_2025-03-11_16-50_tf_1h,2021-01-19 21:00:00,274.97537,275.73587
Oklaj,Potomje_2025-03-11_16-50_tf_1h,2021-01-19 22:00:00,274.71765,275.1954
Oklaj,Potomje_2025-03-11_16-50_tf_1h,2021-01-19 23:00:00,274.9887,274.94983
Oklaj,Potomje_2025-03-11_16-50_tf_1h,2021-01-20 00:00:00,274.85443,275.62854
Oklaj,Potomje_2025-03-11_16-50_tf_1h,2021-01-20 01:00:00,274.5244,275.09286
Oklaj,Potomje_2025-03-11_16-50_tf_1h,2021-01-20 02:00:00,274.58688,274.77036
Oklaj,Potomje_2025-03-11_16-50_tf_1h,2021-01-20 03:00:00,275.3538,275.17468
Oklaj,Potomje_2025-03-11_16-50_tf_1h,2021-01-20 04:00:00,275.57953,276.48145
Oklaj,Potomje_2025-03-11_16-50_tf_1h,2021-01-20 05:00:00,274.8809,276.26318
Oklaj,Potomje_2025-03-11_16-50_tf_1h,2021-01-20 06:00:00,274.3619,275.12695
Oklaj,Potomje_2025-03-11_16-50_tf_1h,2021-01-20 07:00:00,274.43243,274.94437
Oklaj,Potomje_2025-03-11_16-50_tf_1h,2021-01-20 08:00:00,274.96957,275.3264
Oklaj,Potomje_2025-03-11_16-50_tf_1h,2021-01-20 09:00:00,276.6112,275.98624
Oklaj,Potomje_2025-03-11_16-50_tf_1h,2021-01-20 10:00:00,279.23288,278.22205
Oklaj,Potomje_2025-03-11_16-50_tf_1h,2021-01-20 11:00:00,280.7712,281.1526
Oklaj,Potomje_2025-03-11_16-50_tf_1h,2021-01-20 12:00:00,281.55447,281.7427
Oklaj,Potomje_2025-03-11_16-50_tf_1h,2021-01-20 13:00:00,281.7306,282.14227
Oklaj,Potomje_2025-03-11_16-50_tf_1h,2021-01-20 14:00:00,282.02182,281.86996
Oklaj,Potomje_2025-03-11_16-50_tf_1h,2021-01-20 15:00:00,281.9664,282.23355
Oklaj,Potomje_2025-03-11_16-50_tf_1h,2021-01-20 16:00:00,281.34967,281.89136
Oklaj,Potomje_2025-03-11_16-50_tf_1h,2021-01-20 17:00:00,279.94913,280.97885
Oklaj,Potomje_2025-03-11_16-50_tf_1h,2021-01-20 18:00:00,278.53122,279.1868
Oklaj,Potomje_2025-03-11_16-50_tf_1h,2021-01-20 19:00:00,277.98755,277.85492
Oklaj,Potomje_2025-03-11_16-50_tf_1h,2021-01-20 20:00:00,278.25082,277.8091
Oklaj,Potomje_2025-03-11_16-50_tf_1h,2021-01-20 21:00:00,278.06717,278.49493
Oklaj,Potomje_2025-03-11_16-50_tf_1h,2021-01-20 22:00:00,278.32513,277.98947
Oklaj,Potomje_2025-03-11_16-50_tf_1h,2021-01-20 23:00:00,278.90082,278.60754
Oklaj,Potomje_2025-03-11_16-50_tf_1h,2021-01-21 00:00:00,278.90762,279.3123
Oklaj,Potomje_2025-03-11_16-50_tf_1h,2021-01-21 01:00:00,278.76276,278.97043
Oklaj,Potomje_2025-03-11_16-50_tf_1h,2021-01-21 02:00:00,278.79727,278.8033
Oklaj,Potomje_2025-03-11_16-50_tf_1h,2021-01-21 03:00:00,278.9812,278.9395
Oklaj,Potomje_2025-03-11_16-50_tf_1h,2021-01-21 04:00:00,279.12277,279.25577
Oklaj,Potomje_2025-03-11_16-50_tf_1h,2021-01-21 05:00:00,279.07867,279.49313
Oklaj,Potomje_2025-03-11_16-50_tf_1h,2021-01-21 06:00:00,279.35532,279.56424
Oklaj,Potomje_2025-03-11_16-50_tf_1h,2021-01-21 07:00:00,279.11246,280.32114
Oklaj,Potomje_2025-03-11_16-50_tf_1h,2021-01-21 08:00:00,280.02094,279.66672
Oklaj,Potomje_2025-03-11_16-50_tf_1h,2021-01-21 09:00:00,281.18765,281.17773
Oklaj,Potomje_2025-03-11_16-50_tf_1h,2021-01-21 10:00:00,282.11276,282.0838
Oklaj,Potomje_2025-03-11_16-50_tf_1h,2021-01-21 11:00:00,282.9623,282.76013
Oklaj,Potomje_2025-03-11_16-50_tf_1h,2021-01-21 12:00:00,283.55463,283.46216
Oklaj,Potomje_2025-03-11_16-50_tf_1h,2021-01-21 13:00:00,283.76474,283.8144
Oklaj,Potomje_2025-03-11_16-50_tf_1h,2021-01-21 14:00:00,283.87357,283.78403
Oklaj,Potomje_2025-03-11_16-50_tf_1h,2021-01-21 15:00:00,283.52893,283.83243
Oklaj,Potomje_2025-03-11_16-50_tf_1h,2021-01-21 16:00:00,283.28857,283.25067
Oklaj,Potomje_2025-03-11_16-50_tf_1h,2021-01-21 17:00:00,282.6814,283.11035
Oklaj,Potomje_2025-03-11_16-50_tf_1h,2021-01-21 18:00:00,282.4078,282.32056
Oklaj,Potomje_2025-03-11_16-50_tf_1h,2021-01-21 19:00:00,282.20575,282.2519
Oklaj,Potomje_2025-03-11_16-50_tf_1h,2021-01-21 20:00:00,282.43628,282.05334
Oklaj,Potomje_2025-03-11_16-50_tf_1h,2021-01-21 21:00:00,282.14627,282.49084
Oklaj,Potomje_2025-03-11_16-50_tf_1h,2021-01-21 22:00:00,281.656,281.91302
Oklaj,Potomje_2025-03-11_16-50_tf_1h,2021-01-21 23:00:00,281.58347,281.3409
Oklaj,Potomje_2025-03-11_16-50_tf_1h,2021-01-22 00:00:00,281.60663,281.46323
Oklaj,Potomje_2025-03-11_16-50_tf_1h,2021-01-22 01:00:00,281.7331,281.5185
Oklaj,Potomje_2025-03-11_16-50_tf_1h,2021-01-22 02:00:00,281.7588,281.71622
Oklaj,Potomje_2025-03-11_16-50_tf_1h,2021-01-22 03:00:00,282.16116,281.7058
Oklaj,Potomje_2025-03-11_16-50_tf_1h,2021-01-22 04:00:00,282.47305,282.38
Oklaj,Potomje_2025-03-11_16-50_tf_1h,2021-01-22 05:00:00,282.45316,282.70062
Oklaj,Potomje_2025-03-11_16-50_tf_1h,2021-01-22 06:00:00,282.53882,282.64517
Oklaj,Potomje_2025-03-11_16-50_tf_1h,2021-01-22 07:00:00,282.56577,283.00693
Oklaj,Potomje_2025-03-11_16-50_tf_1h,2021-01-22 08:00:00,282.63907,282.89288
Oklaj,Potomje_2025-03-11_16-50_tf_1h,2021-01-22 09:00:00,283.14395,282.84616
Oklaj,Potomje_2025-03-11_16-50_tf_1h,2021-01-22 10:00:00,283.70325,283.53592
Oklaj,Potomje_2025-03-11_16-50_tf_1h,2021-01-22 11:00:00,283.93253,284.01508
Oklaj,Potomje_2025-03-11_16-50_tf_1h,2021-01-22 12:00:00,284.44724,284.02484
Oklaj,Potomje_2025-03-11_16-50_tf_1h,2021-01-22 13:00:00,284.45,284.648
Oklaj,Potomje_2025-03-11_16-50_tf_1h,2021-01-22 14:00:00,284.41574,284.355
Oklaj,Potomje_2025-03-11_16-50_tf_1h,2021-01-22 15:00:00,284.32178,284.32385
Oklaj,Potomje_2025-03-11_16-50_tf_1h,2021-01-22 16:00:00,284.0595,284.17566
Oklaj,Potomje_2025-03-11_16-50_tf_1h,2021-01-22 17:00:00,283.59845,283.84055
Oklaj,Potomje_2025-03-11_16-50_tf_1h,2021-01-22 18:00:00,283.79092,283.29837
Oklaj,Potomje_2025-03-11_16-50_tf_1h,2021-01-22 19:00:00,283.85318,283.7652
Oklaj,Potomje_2025-03-11_16-50_tf_1h,2021-01-22 20:00:00,283.98215,283.7416
Oklaj,Potomje_2025-03-11_16-50_tf_1h,2021-01-22 21:00:00,283.8217,283.9198
Oklaj,Potomje_2025-03-11_16-50_tf_1h,2021-01-22 22:00:00,283.5017,283.63318
Oklaj,Potomje_2025-03-11_16-50_tf_1h,2021-01-22 23:00:00,283.24347,283.2536
Oklaj,Potomje_2025-03-11_16-50_tf_1h,2021-01-23 00:00:00,283.1019,283.02518
Oklaj,Potomje_2025-03-11_16-50_tf_1h,2021-01-23 01:00:00,282.8535,282.93613
Oklaj,Potomje_2025-03-11_16-50_tf_1h,2021-01-23 02:00:00,282.8502,282.64825
Oklaj,Potomje_2025-03-11_16-50_tf_1h,2021-01-23 03:00:00,282.76178,282.77295
Oklaj,Potomje_2025-03-11_16-50_tf_1h,2021-01-23 04:00:00,282.61563,282.64706
Oklaj,Potomje_2025-03-11_16-50_tf_1h,2021-01-23 05:00:00,282.59903,282.51498
Oklaj,Potomje_2025-03-11_16-50_tf_1h,2021-01-23 06:00:00,282.45364,282.61014
Oklaj,Potomje_2025-03-11_16-50_tf_1h,2021-01-23 07:00:00,282.2884,282.4375
Oklaj,Potomje_2025-03-11_16-50_tf_1h,2021-01-23 08:00:00,282.78268,282.30545
Oklaj,Potomje_2025-03-11_16-50_tf_1h,2021-01-23 09:00:00,282.7615,283.13937
Oklaj,Potomje_2025-03-11_16-50_tf_1h,2021-01-23 10:00:00,282.99658,282.78766
Oklaj,Potomje_2025-03-11_16-50_tf_1h,2021-01-23 11:00:00,283.375,283.2085
Oklaj,Potomje_2025-03-11_16-50_tf_1h,2021-01-23 12:00:00,283.79874,283.6076
Oklaj,Potomje_2025-03-11_16-50_tf_1h,2021-01-23 13:00:00,284.00784,284.04053
Oklaj,Potomje_2025-03-11_16-50_tf_1h,2021-01-23 14:00:00,284.48856,284.12537
Oklaj,Potomje_2025-03-11_16-50_tf_1h,2021-01-23 15:00:00,283.96805,284.73224
Oklaj,Potomje_2025-03-11_16-50_tf_1h,2021-01-23 16:00:00,283.0301,283.68915
Oklaj,Potomje_2025-03-11_16-50_tf_1h,2021-01-23 17:00:00,281.8097,282.61472
Oklaj,Potomje_2025-03-11_16-50_tf_1h,2021-01-23 18:00:00,280.63742,281.24768
Oklaj,Potomje_2025-03-11_16-50_tf_1h,2021-01-23 19:00:00,278.89856,280.1236
Oklaj,Potomje_2025-03-11_16-50_tf_1h,2021-01-23 20:00:00,278.88443,278.1311
Oklaj,Potomje_2025-03-11_16-50_tf_1h,2021-01-23 21:00:00,278.39267,278.9525
Oklaj,Potomje_2025-03-11_16-50_tf_1h,2021-01-23 22:00:00,278.36496,278.12778
Oklaj,Potomje_2025-03-11_16-50_tf_1h,2021-01-23 23:00:00,278.22586,278.4619
Oklaj,Potomje_2025-03-11_16-50_tf_1h,2021-01-24 00:00:00,278.63074,278.25427
Oklaj,Potomje_2025-03-11_16-50_tf_1h,2021-01-24 01:00:00,278.6378,279.08038
Oklaj,Potomje_2025-03-11_16-50_tf_1h,2021-01-24 02:00:00,279.51303,278.85025
Oklaj,Potomje_2025-03-11_16-50_tf_1h,2021-01-24 03:00:00,280.18695,280.43027
Oklaj,Potomje_2025-03-11_16-50_tf_1h,2021-01-24 04:00:00,280.50266,280.9078
Oklaj,Potomje_2025-03-11_16-50_tf_1h,2021-01-24 05:00:00,280.62256,281.09753
Oklaj,Potomje_2025-03-11_16-50_tf_1h,2021-01-24 06:00:00,280.61877,281.0859
Oklaj,Potomje_2025-03-11_16-50_tf_1h,2021-01-24 07:00:00,280.5077,280.97452
Oklaj,Potomje_2025-03-11_16-50_tf_1h,2021-01-24 08:00:00,279.91763,280.73135
Oklaj,Potomje_2025-03-11_16-50_tf_1h,2021-01-24 09:00:00,280.29178,279.7992
Oklaj,Potomje_2025-03-11_16-50_tf_1h,2021-01-24 10:00:00,280.82108,280.7618
Oklaj,Potomje_2025-03-11_16-50_tf_1h,2021-01-24 11:00:00,281.5429,281.1589
Oklaj,Potomje_2025-03-11_16-50_tf_1h,2021-01-24 12:00:00,281.91223,281.9494
Oklaj,Potomje_2025-03-11_16-50_tf_1h,2021-01-24 13:00:00,282.0964,282.02954
Oklaj,Potomje_2025-03-11_16-50_tf_1h,2021-01-24 14:00:00,281.75528,282.1181
Oklaj,Potomje_2025-03-11_16-50_tf_1h,2021-01-24 15:00:00,281.47714,281.48712
Oklaj,Potomje_2025-03-11_16-50_tf_1h,2021-01-24 16:00:00,281.34033,281.2874
Oklaj,Potomje_2025-03-11_16-50_tf_1h,2021-01-24 17:00:00,281.03348,281.22537
Oklaj,Potomje_2025-03-11_16-50_tf_1h,2021-01-24 18:00:00,280.86038,280.86508
Oklaj,Potomje_2025-03-11_16-50_tf_1h,2021-01-24 19:00:00,280.39456,280.80096
Oklaj,Potomje_2025-03-11_16-50_tf_1h,2021-01-24 20:00:00,279.4256,280.16736
Oklaj,Potomje_2025-03-11_16-50_tf_1h,2021-01-24 21:00:00,278.57532,278.977
Oklaj,Potomje_2025-03-11_16-50_tf_1h,2021-01-24 22:00:00,277.67288,278.26758
Oklaj,Potomje_2025-03-11_16-50_tf_1h,2021-01-24 23:00:00,276.4477,277.36438
Oklaj,Potomje_2025-03-11_16-50_tf_1h,2021-01-25 00:00:00,275.80777,276.01764
Oklaj,Potomje_2025-03-11_16-50_tf_1h,2021-01-25 01:00:00,275.66315,275.86633
Oklaj,Potomje_2025-03-11_16-50_tf_1h,2021-01-25 02:00:00,275.40292,275.96213
Oklaj,Potomje_2025-03-11_16-50_tf_1h,2021-01-25 03:00:00,275.0318,275.63553
Oklaj,Potomje_2025-03-11_16-50_tf_1h,2021-01-25 04:00:00,274.08075,275.31198
Oklaj,Potomje_2025-03-11_16-50_tf_1h,2021-01-25 05:00:00,273.04553,274.04477
Oklaj,Potomje_2025-03-11_16-50_tf_1h,2021-01-25 06:00:00,272.12393,273.1604
Oklaj,Potomje_2025-03-11_16-50_tf_1h,2021-01-25 07:00:00,271.50568,272.4017
Oklaj,Potomje_2025-03-11_16-50_tf_1h,2021-01-25 08:00:00,272.29703,272.05176
Oklaj,Potomje_2025-03-11_16-50_tf_1h,2021-01-25 09:00:00,273.6028,273.8567
Oklaj,Potomje_2025-03-11_16-50_tf_1h,2021-01-25 10:00:00,276.63565,275.15173
Oklaj,Potomje_2025-03-11_16-50_tf_1h,2021-01-25 11:00:00,276.85785,279.3632
Oklaj,Potomje_2025-03-11_16-50_tf_1h,2021-01-25 12:00:00,276.62405,277.0509
Oklaj,Potomje_2025-03-11_16-50_tf_1h,2021-01-25 13:00:00,276.5215,277.13348
Oklaj,Potomje_2025-03-11_16-50_tf_1h,2021-01-25 14:00:00,275.808,276.83063
Oklaj,Potomje_2025-03-11_16-50_tf_1h,2021-01-25 15:00:00,275.74832,275.63126
Oklaj,Potomje_2025-03-11_16-50_tf_1h,2021-01-25 16:00:00,275.6551,276.10162
Oklaj,Potomje_2025-03-11_16-50_tf_1h,2021-01-25 17:00:00,275.53442,275.77692
Oklaj,Potomje_2025-03-11_16-50_tf_1h,2021-01-25 18:00:00,275.85287,275.6983
Oklaj,Potomje_2025-03-11_16-50_tf_1h,2021-01-25 19:00:00,276.16025,276.3345
Oklaj,Potomje_2025-03-11_16-50_tf_1h,2021-01-25 20:00:00,275.643,276.5732
Oklaj,Potomje_2025-03-11_16-50_tf_1h,2021-01-25 21:00:00,274.98065,275.5139
Oklaj,Potomje_2025-03-11_16-50_tf_1h,2021-01-25 22:00:00,274.8489,274.9216
Oklaj,Potomje_2025-03-11_16-50_tf_1h,2021-01-25 23:00:00,274.40903,275.17944
Oklaj,Potomje_2025-03-11_16-50_tf_1h,2021-01-26 00:00:00,274.05478,274.42966
Oklaj,Potomje_2025-03-11_16-50_tf_1h,2021-01-26 01:00:00,273.50052,274.265
Oklaj,Potomje_2025-03-11_16-50_tf_1h,2021-01-26 02:00:00,273.39648,273.53732
Oklaj,Potomje_2025-03-11_16-50_tf_1h,2021-01-26 03:00:00,273.5043,273.9068
Oklaj,Potomje_2025-03-11_16-50_tf_1h,2021-01-26 04:00:00,273.71768,274.14316
Oklaj,Potomje_2025-03-11_16-50_tf_1h,2021-01-26 05:00:00,274.06033,274.5483
Oklaj,Potomje_2025-03-11_16-50_tf_1h,2021-01-26 06:00:00,274.01675,275.05554
Oklaj,Potomje_2025-03-11_16-50_tf_1h,2021-01-26 07:00:00,273.77994,274.71918
Oklaj,Potomje_2025-03-11_16-50_tf_1h,2021-01-26 08:00:00,273.36346,274.4028
Oklaj,Potomje_2025-03-11_16-50_tf_1h,2021-01-26 09:00:00,274.2785,273.7626
Oklaj,Potomje_2025-03-11_16-50_tf_1h,2021-01-26 10:00:00,275.48303,275.6063
Oklaj,Potomje_2025-03-11_16-50_tf_1h,2021-01-26 11:00:00,276.46835,276.6493
Oklaj,Potomje_2025-03-11_16-50_tf_1h,2021-01-26 12:00:00,277.36877,277.52393
Oklaj,Potomje_2025-03-11_16-50_tf_1h,2021-01-26 13:00:00,277.80338,278.34296
Oklaj,Potomje_2025-03-11_16-50_tf_1h,2021-01-26 14:00:00,277.79633,278.42218
Oklaj,Potomje_2025-03-11_16-50_tf_1h,2021-01-26 15:00:00,277.40356,278.13248
Oklaj,Potomje_2025-03-11_16-50_tf_1h,2021-01-26 16:00:00,276.72205,277.45303
Oklaj,Potomje_2025-03-11_16-50_tf_1h,2021-01-26 17:00:00,275.4815,276.5742
Oklaj,Potomje_2025-03-11_16-50_tf_1h,2021-01-26 18:00:00,274.22787,274.94153
Oklaj,Potomje_2025-03-11_16-50_tf_1h,2021-01-26 19:00:00,273.18283,273.779
Oklaj,Potomje_2025-03-11_16-50_tf_1h,2021-01-26 20:00:00,272.47916,272.9007
Oklaj,Potomje_2025-03-11_16-50_tf_1h,2021-01-26 21:00:00,271.3797,272.48752
Oklaj,Potomje_2025-03-11_16-50_tf_1h,2021-01-26 22:00:00,270.46265,271.12408
Oklaj,Potomje_2025-03-11_16-50_tf_1h,2021-01-26 23:00:00,269.8328,270.55197
Oklaj,Potomje_2025-03-11_16-50_tf_1h,2021-01-27 00:00:00,269.5383,270.15552
Oklaj,Potomje_2025-03-11_16-50_tf_1h,2021-01-27 01:00:00,269.41788,270.1992
Oklaj,Potomje_2025-03-11_16-50_tf_1h,2021-01-27 02:00:00,269.4778,270.22723
Oklaj,Potomje_2025-03-11_16-50_tf_1h,2021-01-27 03:00:00,269.59296,270.4442
Oklaj,Potomje_2025-03-11_16-50_tf_1h,2021-01-27 04:00:00,269.6955,270.57956
Oklaj,Potomje_2025-03-11_16-50_tf_1h,2021-01-27 05:00:00,269.76932,270.6877
Oklaj,Potomje_2025-03-11_16-50_tf_1h,2021-01-27 06:00:00,269.73,270.74728
Oklaj,Potomje_2025-03-11_16-50_tf_1h,2021-01-27 07:00:00,269.564,270.629
Oklaj,Potomje_2025-03-11_16-50_tf_1h,2021-01-27 08:00:00,270.1112,270.3837
Oklaj,Potomje_2025-03-11_16-50_tf_1h,2021-01-27 09:00:00,272.7291,271.51895
Oklaj,Potomje_2025-03-11_16-50_tf_1h,2021-01-27 10:00:00,275.9219,275.53677
Oklaj,Potomje_2025-03-11_16-50_tf_1h,2021-01-27 11:00:00,277.80084,278.41464
Oklaj,Potomje_2025-03-11_16-50_tf_1h,2021-01-27 12:00:00,278.58893,279.1649
Oklaj,Potomje_2025-03-11_16-50_tf_1h,2021-01-27 13:00:00,279.01974,279.2411
Oklaj,Potomje_2025-03-11_16-50_tf_1h,2021-01-27 14:00:00,279.19458,279.3934
Oklaj,Potomje_2025-03-11_16-50_tf_1h,2021-01-27 15:00:00,279.056,279.34668
Oklaj,Potomje_2025-03-11_16-50_tf_1h,2021-01-27 16:00:00,278.33875,278.95288
Oklaj,Potomje_2025-03-11_16-50_tf_1h,2021-01-27 17:00:00,276.7906,277.84634
Oklaj,Potomje_2025-03-11_16-50_tf_1h,2021-01-27 18:00:00,276.82056,275.8254
Oklaj,Potomje_2025-03-11_16-50_tf_1h,2021-01-27 19:00:00,274.3982,277.09335
Oklaj,Potomje_2025-03-11_16-50_tf_1h,2021-01-27 20:00:00,271.93295,272.85437
Oklaj,Potomje_2025-03-11_16-50_tf_1h,2021-01-27 21:00:00,270.9363,270.85492
Oklaj,Potomje_2025-03-11_16-50_tf_1h,2021-01-27 22:00:00,270.41504,270.71765
Oklaj,Potomje_2025-03-11_16-50_tf_1h,2021-01-27 23:00:00,270.1044,270.42813
Oklaj,Potomje_2025-03-11_16-50_tf_1h,2021-01-28 00:00:00,269.97943,270.42258
Oklaj,Potomje_2025-03-11_16-50_tf_1h,2021-01-28 01:00:00,269.94315,270.5658
Oklaj,Potomje_2025-03-11_16-50_tf_1h,2021-01-28 02:00:00,269.82373,270.69418
Oklaj,Potomje_2025-03-11_16-50_tf_1h,2021-01-28 03:00:00,269.88925,270.5818
Oklaj,Potomje_2025-03-11_16-50_tf_1h,2021-01-28 04:00:00,269.79123,270.88715
Oklaj,Potomje_2025-03-11_16-50_tf_1h,2021-01-28 05:00:00,269.73907,270.6356
Oklaj,Potomje_2025-03-11_16-50_tf_1h,2021-01-28 06:00:00,270.02127,270.78513
Oklaj,Potomje_2025-03-11_16-50_tf_1h,2021-01-28 07:00:00,269.81644,271.33344
Oklaj,Potomje_2025-03-11_16-50_tf_1h,2021-01-28 08:00:00,269.93887,270.5947
Oklaj,Potomje_2025-03-11_16-50_tf_1h,2021-01-28 09:00:00,273.25742,271.1313
Oklaj,Potomje_2025-03-11_16-50_tf_1h,2021-01-28 10:00:00,276.80872,276.80313
Oklaj,Potomje_2025-03-11_16-50_tf_1h,2021-01-28 11:00:00,278.63477,279.27893
Oklaj,Potomje_2025-03-11_16-50_tf_1h,2021-01-28 12:00:00,279.47046,279.92987
Oklaj,Potomje_2025-03-11_16-50_tf_1h,2021-01-28 13:00:00,279.88235,280.0966
Oklaj,Potomje_2025-03-11_16-50_tf_1h,2021-01-28 14:00:00,280.0522,280.1435
Oklaj,Potomje_2025-03-11_16-50_tf_1h,2021-01-28 15:00:00,279.69217,280.10733
Oklaj,Potomje_2025-03-11_16-50_tf_1h,2021-01-28 16:00:00,278.90762,279.34512
Oklaj,Potomje_2025-03-11_16-50_tf_1h,2021-01-28 17:00:00,277.1982,278.33508
Oklaj,Potomje_2025-03-11_16-50_tf_1h,2021-01-28 18:00:00,276.12622,276.07947
Oklaj,Potomje_2025-03-11_16-50_tf_1h,2021-01-28 19:00:00,275.48553,275.6057
Oklaj,Potomje_2025-03-11_16-50_tf_1h,2021-01-28 20:00:00,275.49637,275.22842
Oklaj,Potomje_2025-03-11_16-50_tf_1h,2021-01-28 21:00:00,275.46588,275.73703
Oklaj,Potomje_2025-03-11_16-50_tf_1h,2021-01-28 22:00:00,275.58505,275.65027
Oklaj,Potomje_2025-03-11_16-50_tf_1h,2021-01-28 23:00:00,275.59512,275.93597
Oklaj,Potomje_2025-03-11_16-50_tf_1h,2021-01-29 00:00:00,275.6851,275.84882
Oklaj,Potomje_2025-03-11_16-50_tf_1h,2021-01-29 01:00:00,275.68433,276.03394
Oklaj,Potomje_2025-03-11_16-50_tf_1h,2021-01-29 02:00:00,275.75082,275.9671
Oklaj,Potomje_2025-03-11_16-50_tf_1h,2021-01-29 03:00:00,275.3175,276.1481
Oklaj,Potomje_2025-03-11_16-50_tf_1h,2021-01-29 04:00:00,275.17465,275.38092
Oklaj,Potomje_2025-03-11_16-50_tf_1h,2021-01-29 05:00:00,274.97662,275.6676
Oklaj,Potomje_2025-03-11_16-50_tf_1h,2021-01-29 06:00:00,275.2137,275.51285
Oklaj,Potomje_2025-03-11_16-50_tf_1h,2021-01-29 07:00:00,275.50494,276.46793
Oklaj,Potomje_2025-03-11_16-50_tf_1h,2021-01-29 08:00:00,276.47363,276.60324
Oklaj,Potomje_2025-03-11_16-50_tf_1h,2021-01-29 09:00:00,277.74216,277.86166
Oklaj,Potomje_2025-03-11_16-50_tf_1h,2021-01-29 10:00:00,279.20618,278.97626
Oklaj,Potomje_2025-03-11_16-50_tf_1h,2021-01-29 11:00:00,279.83398,280.4162
Oklaj,Potomje_2025-03-11_16-50_tf_1h,2021-01-29 12:00:00,280.53513,280.3576
Oklaj,Potomje_2025-03-11_16-50_tf_1h,2021-01-29 13:00:00,280.89944,281.12
Oklaj,Potomje_2025-03-11_16-50_tf_1h,2021-01-29 14:00:00,281.47134,281.13986
Oklaj,Potomje_2025-03-11_16-50_tf_1h,2021-01-29 15:00:00,280.97174,281.8646
Oklaj,Potomje_2025-03-11_16-50_tf_1h,2021-01-29 16:00:00,280.74777,280.63382
Oklaj,Potomje_2025-03-11_16-50_tf_1h,2021-01-29 17:00:00,280.31418,280.73517
Oklaj,Potomje_2025-03-11_16-50_tf_1h,2021-01-29 18:00:00,280.2066,280.10614
Oklaj,Potomje_2025-03-11_16-50_tf_1h,2021-01-29 19:00:00,280.08014,280.2569
Oklaj,Potomje_2025-03-11_16-50_tf_1h,2021-01-29 20:00:00,280.05344,280.06378
Oklaj,Potomje_2025-03-11_16-50_tf_1h,2021-01-29 21:00:00,279.72113,280.11237
Oklaj,Potomje_2025-03-11_16-50_tf_1h,2021-01-29 22:00:00,279.33868,279.58093
Oklaj,Potomje_2025-03-11_16-50_tf_1h,2021-01-29 23:00:00,279.0162,279.18716
Oklaj,Potomje_2025-03-11_16-50_tf_1h,2021-01-30 00:00:00,278.60202,278.87906
Oklaj,Potomje_2025-03-11_16-50_tf_1h,2021-01-30 01:00:00,277.98425,278.39926
Oklaj,Potomje_2025-03-11_16-50_tf_1h,2021-01-30 02:00:00,277.0919,277.68713
Oklaj,Potomje_2025-03-11_16-50_tf_1h,2021-01-30 03:00:00,276.5996,276.7096
Oklaj,Potomje_2025-03-11_16-50_tf_1h,2021-01-30 04:00:00,276.60516,276.61188
Oklaj,Potomje_2025-03-11_16-50_tf_1h,2021-01-30 05:00:00,276.15268,277.06458
Oklaj,Potomje_2025-03-11_16-50_tf_1h,2021-01-30 06:00:00,274.9275,276.48407
Oklaj,Potomje_2025-03-11_16-50_tf_1h,2021-01-30 07:00:00,274.40826,275.07455
Oklaj,Potomje_2025-03-11_16-50_tf_1h,2021-01-30 08:00:00,275.0293,275.25452
Oklaj,Potomje_2025-03-11_16-50_tf_1h,2021-01-30 09:00:00,277.30252,276.36435
Oklaj,Potomje_2025-03-11_16-50_tf_1h,2021-01-30 10:00:00,279.72592,279.4303
Oklaj,Potomje_2025-03-11_16-50_tf_1h,2021-01-30 11:00:00,281.86713,281.56653
Oklaj,Potomje_2025-03-11_16-50_tf_1h,2021-01-30 12:00:00,283.12683,283.4202
Oklaj,Potomje_2025-03-11_16-50_tf_1h,2021-01-30 13:00:00,283.66168,284.03656
Oklaj,Potomje_2025-03-11_16-50_tf_1h,2021-01-30 14:00:00,283.97736,284.11115
Oklaj,Potomje_2025-03-11_16-50_tf_1h,2021-01-30 15:00:00,283.36316,284.2473
Oklaj,Potomje_2025-03-11_16-50_tf_1h,2021-01-30 16:00:00,282.6708,283.001
Oklaj,Potomje_2025-03-11_16-50_tf_1h,2021-01-30 17:00:00,281.4119,282.2947
Oklaj,Potomje_2025-03-11_16-50_tf_1h,2021-01-30 18:00:00,280.3172,280.66556
Oklaj,Potomje_2025-03-11_16-50_tf_1h,2021-01-30 19:00:00,279.7592,279.71057
Oklaj,Potomje_2025-03-11_16-50_tf_1h,2021-01-30 20:00:00,280.10028,279.40155
Oklaj,Potomje_2025-03-11_16-50_tf_1h,2021-01-30 21:00:00,280.10736,280.1741
Oklaj,Potomje_2025-03-11_16-50_tf_1h,2021-01-30 22:00:00,280.10535,279.971
Oklaj,Potomje_2025-03-11_16-50_tf_1h,2021-01-30 23:00:00,280.42984,280.01898
Oklaj,Potomje_2025-03-11_16-50_tf_1h,2021-01-31 00:00:00,280.61603,280.51923
Oklaj,Potomje_2025-03-11_16-50_tf_1h,2021-01-31 01:00:00,281.068,280.6157
Oklaj,Potomje_2025-03-11_16-50_tf_1h,2021-01-31 02:00:00,281.49023,281.22214
Oklaj,Potomje_2025-03-11_16-50_tf_1h,2021-01-31 03:00:00,281.70135,281.61182
Oklaj,Potomje_2025-03-11_16-50_tf_1h,2021-01-31 04:00:00,281.8369,281.73535
Oklaj,Potomje_2025-03-11_16-50_tf_1h,2021-01-31 05:00:00,281.77393,281.9077
Oklaj,Potomje_2025-03-11_16-50_tf_1h,2021-01-31 06:00:00,281.5948,281.9317
Oklaj,Potomje_2025-03-11_16-50_tf_1h,2021-01-31 07:00:00,281.46405,282.01794
Oklaj,Potomje_2025-03-11_16-50_tf_1h,2021-01-31 08:00:00,282.06213,282.2062
Oklaj,Potomje_2025-03-11_16-50_tf_1h,2021-01-31 09:00:00,282.10043,282.9026
Oklaj,Potomje_2025-03-11_16-50_tf_1h,2021-01-31 10:00:00,282.02737,282.25726
Oklaj,Potomje_2025-03-11_16-50_tf_1h,2021-01-31 11:00:00,281.8296,282.07907
Oklaj,Potomje_2025-03-11_16-50_tf_1h,2021-01-31 12:00:00,281.19522,281.70715
Oklaj,Potomje_2025-03-11_16-50_tf_1h,2021-01-31 13:00:00,280.70975,280.82816
Oklaj,Potomje_2025-03-11_16-50_tf_1h,2021-01-31 14:00:00,280.14438,280.44217
Oklaj,Potomje_2025-03-11_16-50_tf_1h,2021-01-31 15:00:00,279.46844,279.8385
Oklaj,Potomje_2025-03-11_16-50_tf_1h,2021-01-31 16:00:00,278.85245,279.1445
Oklaj,Potomje_2025-03-11_16-50_tf_1h,2021-01-31 17:00:00,278.26645,278.58395
Oklaj,Potomje_2025-03-11_16-50_tf_1h,2021-01-31 18:00:00,277.80084,278.05716
Oklaj,Potomje_2025-03-11_16-50_tf_1h,2021-01-31 19:00:00,277.34232,277.73502
Oklaj,Potomje_2025-03-11_16-50_tf_1h,2021-01-31 20:00:00,277.24155,277.32925
Oklaj,Potomje_2025-03-11_16-50_tf_1h,2021-01-31 21:00:00,276.60416,277.57016
Oklaj,Potomje_2025-03-11_16-50_tf_1h,2021-01-31 22:00:00,276.3545,276.6354
Oklaj,Potomje_2025-03-11_16-50_tf_1h,2021-01-31 23:00:00,276.25873,276.81552
Oklaj,Potomje_2025-03-11_16-50_tf_1h,2021-02-01 00:00:00,275.99295,276.7658
Oklaj,Potomje_2025-03-11_16-50_tf_1h,2021-02-01 01:00:00,276.00763,276.39386
Oklaj,Potomje_2025-03-11_16-50_tf_1h,2021-02-01 02:00:00,275.87787,276.6327
Oklaj,Potomje_2025-03-11_16-50_tf_1h,2021-02-01 03:00:00,275.9807,276.33374
Oklaj,Potomje_2025-03-11_16-50_tf_1h,2021-02-01 04:00:00,276.20593,276.65195
Oklaj,Potomje_2025-03-11_16-50_tf_1h,2021-02-01 05:00:00,276.3606,276.88156
Oklaj,Potomje_2025-03-11_16-50_tf_1h,2021-02-01 06:00:00,276.67273,276.956
Oklaj,Potomje_2025-03-11_16-50_tf_1h,2021-02-01 07:00:00,276.95917,277.3402
Oklaj,Potomje_2025-03-11_16-50_tf_1h,2021-02-01 08:00:00,276.91306,277.49136
Oklaj,Potomje_2025-03-11_16-50_tf_1h,2021-02-01 09:00:00,278.13513,277.18457
Oklaj,Potomje_2025-03-11_16-50_tf_1h,2021-02-01 10:00:00,279.83014,279.26505
Oklaj,Potomje_2025-03-11_16-50_tf_1h,2021-02-01 11:00:00,280.6605,280.9656
Oklaj,Potomje_2025-03-11_16-50_tf_1h,2021-02-01 12:00:00,281.76178,281.23257
Oklaj,Potomje_2025-03-11_16-50_tf_1h,2021-02-01 13:00:00,282.54236,282.56726
Oklaj,Potomje_2025-03-11_16-50_tf_1h,2021-02-01 14:00:00,282.63376,283.0134
Oklaj,Potomje_2025-03-11_16-50_tf_1h,2021-02-01 15:00:00,282.05923,282.68744
Oklaj,Potomje_2025-03-11_16-50_tf_1h,2021-02-01 16:00:00,281.61734,281.7336
Oklaj,Potomje_2025-03-11_16-50_tf_1h,2021-02-01 17:00:00,281.06525,281.39166
Oklaj,Potomje_2025-03-11_16-50_tf_1h,2021-02-01 18:00:00,279.94724,280.73706
Oklaj,Potomje_2025-03-11_16-50_tf_1h,2021-02-01 19:00:00,279.00998,279.33942
Oklaj,Potomje_2025-03-11_16-50_tf_1h,2021-02-01 20:00:00,278.12576,278.55847
Oklaj,Potomje_2025-03-11_16-50_tf_1h,2021-02-01 21:00:00,277.3505,277.69995
Oklaj,Potomje_2025-03-11_16-50_tf_1h,2021-02-01 22:00:00,276.74414,276.99066
Oklaj,Potomje_2025-03-11_16-50_tf_1h,2021-02-01 23:00:00,276.2504,276.48608
Oklaj,Potomje_2025-03-11_16-50_tf_1h,2021-02-02 00:00:00,276.3822,276.0787
Oklaj,Potomje_2025-03-11_16-50_tf_1h,2021-02-02 01:00:00,276.34305,276.66684
Oklaj,Potomje_2025-03-11_16-50_tf_1h,2021-02-02 02:00:00,276.11414,276.5292
Oklaj,Potomje_2025-03-11_16-50_tf_1h,2021-02-02 03:00:00,276.0864,276.36014
Oklaj,Potomje_2025-03-11_16-50_tf_1h,2021-02-02 04:00:00,276.0362,276.6227
Oklaj,Potomje_2025-03-11_16-50_tf_1h,2021-02-02 05:00:00,275.6359,276.6881
Oklaj,Potomje_2025-03-11_16-50_tf_1h,2021-02-02 06:00:00,274.97488,276.24496
Oklaj,Potomje_2025-03-11_16-50_tf_1h,2021-02-02 07:00:00,274.49136,275.62122
Oklaj,Potomje_2025-03-11_16-50_tf_1h,2021-02-02 08:00:00,274.879,275.2363
Oklaj,Potomje_2025-03-11_16-50_tf_1h,2021-02-02 09:00:00,277.3521,275.98474
Oklaj,Potomje_2025-03-11_16-50_tf_1h,2021-02-02 10:00:00,281.4676,279.5995
Oklaj,Potomje_2025-03-11_16-50_tf_1h,2021-02-02 11:00:00,283.3976,284.21677
Oklaj,Potomje_2025-03-11_16-50_tf_1h,2021-02-02 12:00:00,284.5242,284.47055
Oklaj,Potomje_2025-03-11_16-50_tf_1h,2021-02-02 13:00:00,285.1685,285.26202
Oklaj,Potomje_2025-03-11_16-50_tf_1h,2021-02-02 14:00:00,285.35007,285.4803
Oklaj,Potomje_2025-03-11_16-50_tf_1h,2021-02-02 15:00:00,284.85632,285.32422
Oklaj,Potomje_2025-03-11_16-50_tf_1h,2021-02-02 16:00:00,284.2251,284.4118
Oklaj,Potomje_2025-03-11_16-50_tf_1h,2021-02-02 17:00:00,282.992,283.71722
Oklaj,Potomje_2025-03-11_16-50_tf_1h,2021-02-02 18:00:00,282.48114,282.1974
Oklaj,Potomje_2025-03-11_16-50_tf_1h,2021-02-02 19:00:00,281.92868,282.0731
Oklaj,Potomje_2025-03-11_16-50_tf_1h,2021-02-02 20:00:00,281.73444,281.48172
Oklaj,Potomje_2025-03-11_16-50_tf_1h,2021-02-02 21:00:00,279.27316,281.49054
Oklaj,Potomje_2025-03-11_16-50_tf_1h,2021-02-02 22:00:00,278.07312,278.09427
Oklaj,Potomje_2025-03-11_16-50_tf_1h,2021-02-02 23:00:00,277.17175,277.5349
Oklaj,Potomje_2025-03-11_16-50_tf_1h,2021-02-03 00:00:00,276.4373,276.68646
Oklaj,Potomje_2025-03-11_16-50_tf_1h,2021-02-03 01:00:00,276.81146,276.0024
Oklaj,Potomje_2025-03-11_16-50_tf_1h,2021-02-03 02:00:00,276.83105,276.96454
Oklaj,Potomje_2025-03-11_16-50_tf_1h,2021-02-03 03:00:00,276.88736,276.78207
Oklaj,Potomje_2025-03-11_16-50_tf_1h,2021-02-03 04:00:00,277.1269,277.0325
Oklaj,Potomje_2025-03-11_16-50_tf_1h,2021-02-03 05:00:00,277.17545,277.5269
Oklaj,Potomje_2025-03-11_16-50_tf_1h,2021-02-03 06:00:00,276.32346,277.75452
Oklaj,Potomje_2025-03-11_16-50_tf_1h,2021-02-03 07:00:00,276.74698,276.8136
Oklaj,Potomje_2025-03-11_16-50_tf_1h,2021-02-03 08:00:00,277.7022,278.57407
Oklaj,Potomje_2025-03-11_16-50_tf_1h,2021-02-03 09:00:00,279.6808,279.08664
Oklaj,Potomje_2025-03-11_16-50_tf_1h,2021-02-03 10:00:00,282.43176,281.3287
Oklaj,Potomje_2025-03-11_16-50_tf_1h,2021-02-03 11:00:00,283.28946,284.20712
Oklaj,Potomje_2025-03-11_16-50_tf_1h,2021-02-03 12:00:00,283.8048,283.77228
Oklaj,Potomje_2025-03-11_16-50_tf_1h,2021-02-03 13:00:00,284.3708,284.19363
Oklaj,Potomje_2025-03-11_16-50_tf_1h,2021-02-03 14:00:00,284.5397,284.6258
Oklaj,Potomje_2025-03-11_16-50_tf_1h,2021-02-03 15:00:00,284.48746,284.4664
Oklaj,Potomje_2025-03-11_16-50_tf_1h,2021-02-03 16:00:00,283.94763,284.26492
Oklaj,Potomje_2025-03-11_16-50_tf_1h,2021-02-03 17:00:00,283.43146,283.46323
Oklaj,Potomje_2025-03-11_16-50_tf_1h,2021-02-03 18:00:00,282.8908,282.965
Oklaj,Potomje_2025-03-11_16-50_tf_1h,2021-02-03 19:00:00,282.3759,282.41824
Oklaj,Potomje_2025-03-11_16-50_tf_1h,2021-02-03 20:00:00,282.76636,281.94318
Oklaj,Potomje_2025-03-11_16-50_tf_1h,2021-02-03 21:00:00,282.7986,282.75525
Oklaj,Potomje_2025-03-11_16-50_tf_1h,2021-02-03 22:00:00,282.7178,282.62527
Oklaj,Potomje_2025-03-11_16-50_tf_1h,2021-02-03 23:00:00,282.75534,282.54584
Oklaj,Potomje_2025-03-11_16-50_tf_1h,2021-02-04 00:00:00,282.75494,282.62122
Oklaj,Potomje_2025-03-11_16-50_tf_1h,2021-02-04 01:00:00,282.85532,282.5828
Oklaj,Potomje_2025-03-11_16-50_tf_1h,2021-02-04 02:00:00,282.79004,282.72076
Oklaj,Potomje_2025-03-11_16-50_tf_1h,2021-02-04 03:00:00,282.8292,282.5776
Oklaj,Potomje_2025-03-11_16-50_tf_1h,2021-02-04 04:00:00,282.8537,282.70377
Oklaj,Potomje_2025-03-11_16-50_tf_1h,2021-02-04 05:00:00,282.89328,282.773
Oklaj,Potomje_2025-03-11_16-50_tf_1h,2021-02-04 06:00:00,282.8851,283.00183
Oklaj,Potomje_2025-03-11_16-50_tf_1h,2021-02-04 07:00:00,282.86472,283.26898
Oklaj,Potomje_2025-03-11_16-50_tf_1h,2021-02-04 08:00:00,283.915,283.55203
Oklaj,Potomje_2025-03-11_16-50_tf_1h,2021-02-04 09:00:00,284.54663,284.8354
Oklaj,Potomje_2025-03-11_16-50_tf_1h,2021-02-04 10:00:00,284.70905,284.88437
Oklaj,Potomje_2025-03-11_16-50_tf_1h,2021-02-04 11:00:00,284.96365,284.81345
Oklaj,Potomje_2025-03-11_16-50_tf_1h,2021-02-04 12:00:00,285.3929,285.0597
Oklaj,Potomje_2025-03-11_16-50_tf_1h,2021-02-04 13:00:00,285.4847,285.48535
Oklaj,Potomje_2025-03-11_16-50_tf_1h,2021-02-04 14:00:00,285.6867,285.39185
Oklaj,Potomje_2025-03-11_16-50_tf_1h,2021-02-04 15:00:00,285.56836,285.63388
Oklaj,Potomje_2025-03-11_16-50_tf_1h,2021-02-04 16:00:00,285.3668,285.3665
Oklaj,Potomje_2025-03-11_16-50_tf_1h,2021-02-04 17:00:00,284.7017,285.1464
Oklaj,Potomje_2025-03-11_16-50_tf_1h,2021-02-04 18:00:00,283.87296,284.30023
Oklaj,Potomje_2025-03-11_16-50_tf_1h,2021-02-04 19:00:00,283.19278,283.43622
Oklaj,Potomje_2025-03-11_16-50_tf_1h,2021-02-04 20:00:00,282.65088,282.80865
Oklaj,Potomje_2025-03-11_16-50_tf_1h,2021-02-04 21:00:00,281.9205,282.32095
Oklaj,Potomje_2025-03-11_16-50_tf_1h,2021-02-04 22:00:00,281.681,281.51974
Oklaj,Potomje_2025-03-11_16-50_tf_1h,2021-02-04 23:00:00,281.82217,281.47433
Oklaj,Potomje_2025-03-11_16-50_tf_1h,2021-02-05 00:00:00,281.34192,281.76358
Oklaj,Potomje_2025-03-11_16-50_tf_1h,2021-02-05 01:00:00,281.0979,281.01395
Oklaj,Potomje_2025-03-11_16-50_tf_1h,2021-02-05 02:00:00,280.59644,280.95316
Oklaj,Potomje_2025-03-11_16-50_tf_1h,2021-02-05 03:00:00,280.16718,280.3593
Oklaj,Potomje_2025-03-11_16-50_tf_1h,2021-02-05 04:00:00,279.5947,280.11627
Oklaj,Potomje_2025-03-11_16-50_tf_1h,2021-02-05 05:00:00,279.42822,279.62582
Oklaj,Potomje_2025-03-11_16-50_tf_1h,2021-02-05 06:00:00,279.5302,279.8925
Oklaj,Potomje_2025-03-11_16-50_tf_1h,2021-02-05 07:00:00,279.5347,280.18823
Oklaj,Potomje_2025-03-11_16-50_tf_1h,2021-02-05 08:00:00,280.4483,279.98254
Oklaj,Potomje_2025-03-11_16-50_tf_1h,2021-02-05 09:00:00,282.52725,281.43057
Oklaj,Potomje_2025-03-11_16-50_tf_1h,2021-02-05 10:00:00,284.39362,283.99057
Oklaj,Potomje_2025-03-11_16-50_tf_1h,2021-02-05 11:00:00,285.05505,285.54236
Oklaj,Potomje_2025-03-11_16-50_tf_1h,2021-02-05 12:00:00,285.62997,285.4563
Oklaj,Potomje_2025-03-11_16-50_tf_1h,2021-02-05 13:00:00,285.93845,285.97598
Oklaj,Potomje_2025-03-11_16-50_tf_1h,2021-02-05 14:00:00,286.2665,286.01797
Oklaj,Potomje_2025-03-11_16-50_tf_1h,2021-02-05 15:00:00,286.20938,286.30392
Oklaj,Potomje_2025-03-11_16-50_tf_1h,2021-02-05 16:00:00,285.79034,286.00497
Oklaj,Potomje_2025-03-11_16-50_tf_1h,2021-02-05 17:00:00,285.0163,285.41873
Oklaj,Potomje_2025-03-11_16-50_tf_1h,2021-02-05 18:00:00,284.02924,284.50375
Oklaj,Potomje_2025-03-11_16-50_tf_1h,2021-02-05 19:00:00,283.37924,283.44476
Oklaj,Potomje_2025-03-11_16-50_tf_1h,2021-02-05 20:00:00,282.90387,282.92505
Oklaj,Potomje_2025-03-11_16-50_tf_1h,2021-02-05 21:00:00,282.63947,282.5119
Oklaj,Potomje_2025-03-11_16-50_tf_1h,2021-02-05 22:00:00,282.17676,282.3279
Oklaj,Potomje_2025-03-11_16-50_tf_1h,2021-02-05 23:00:00,281.77402,281.7983
Oklaj,Potomje_2025-03-11_16-50_tf_1h,2021-02-06 00:00:00,281.5488,281.44528
Oklaj,Potomje_2025-03-11_16-50_tf_1h,2021-02-06 01:00:00,281.30682,281.30615
Oklaj,Potomje_2025-03-11_16-50_tf_1h,2021-02-06 02:00:00,281.69568,281.04315
Oklaj,Potomje_2025-03-11_16-50_tf_1h,2021-02-06 03:00:00,281.70792,281.72528
Oklaj,Potomje_2025-03-11_16-50_tf_1h,2021-02-06 04:00:00,281.72913,281.60583
Oklaj,Potomje_2025-03-11_16-50_tf_1h,2021-02-06 05:00:00,281.7426,281.81738
Oklaj,Potomje_2025-03-11_16-50_tf_1h,2021-02-06 06:00:00,281.8736,282.124
Oklaj,Potomje_2025-03-11_16-50_tf_1h,2021-02-06 07:00:00,282.19022,282.7925
Oklaj,Potomje_2025-03-11_16-50_tf_1h,2021-02-06 08:00:00,283.02383,283.17776
Oklaj,Potomje_2025-03-11_16-50_tf_1h,2021-02-06 09:00:00,284.09006,283.8075
Oklaj,Potomje_2025-03-11_16-50_tf_1h,2021-02-06 10:00:00,285.04813,284.81033
Oklaj,Potomje_2025-03-11_16-50_tf_1h,2021-02-06 11:00:00,285.8797,285.59064
Oklaj,Potomje_2025-03-11_16-50_tf_1h,2021-02-06 12:00:00,286.3816,286.26584
Oklaj,Potomje_2025-03-11_16-50_tf_1h,2021-02-06 13:00:00,286.6929,286.53506
Oklaj,Potomje_2025-03-11_16-50_tf_1h,2021-02-06 14:00:00,286.77698,286.7003
Oklaj,Potomje_2025-03-11_16-50_tf_1h,2021-02-06 15:00:00,286.66354,286.63507
Oklaj,Potomje_2025-03-11_16-50_tf_1h,2021-02-06 16:00:00,286.21265,286.40842
Oklaj,Potomje_2025-03-11_16-50_tf_1h,2021-02-06 17:00:00,285.3317,285.81384
Oklaj,Potomje_2025-03-11_16-50_tf_1h,2021-02-06 18:00:00,284.3369,284.79523
Oklaj,Potomje_2025-03-11_16-50_tf_1h,2021-02-06 19:00:00,283.90073,283.78577
Oklaj,Potomje_2025-03-11_16-50_tf_1h,2021-02-06 20:00:00,283.8958,283.5273
Oklaj,Potomje_2025-03-11_16-50_tf_1h,2021-02-06 21:00:00,283.6918,283.66064
Oklaj,Potomje_2025-03-11_16-50_tf_1h,2021-02-06 22:00:00,283.7383,283.41003
Oklaj,Potomje_2025-03-11_16-50_tf_1h,2021-02-06 23:00:00,283.5135,283.57257
Oklaj,Potomje_2025-03-11_16-50_tf_1h,2021-02-07 00:00:00,283.2899,283.24808
Oklaj,Potomje_2025-03-11_16-50_tf_1h,2021-02-07 01:00:00,283.2756,283.01672
Oklaj,Potomje_2025-03-11_16-50_tf_1h,2021-02-07 02:00:00,283.387,283.07822
Oklaj,Potomje_2025-03-11_16-50_tf_1h,2021-02-07 03:00:00,283.52042,283.26245
Oklaj,Potomje_2025-03-11_16-50_tf_1h,2021-02-07 04:00:00,283.74646,283.4765
Oklaj,Potomje_2025-03-11_16-50_tf_1h,2021-02-07 05:00:00,283.7224,283.8761
Oklaj,Potomje_2025-03-11_16-50_tf_1h,2021-02-07 06:00:00,283.84808,283.9314
Oklaj,Potomje_2025-03-11_16-50_tf_1h,2021-02-07 07:00:00,283.8705,284.35242
Oklaj,Potomje_2025-03-11_16-50_tf_1h,2021-02-07 08:00:00,284.26468,284.19824
Oklaj,Potomje_2025-03-11_16-50_tf_1h,2021-02-07 09:00:00,284.7943,284.60535
Oklaj,Potomje_2025-03-11_16-50_tf_1h,2021-02-07 10:00:00,285.39984,285.09888
Oklaj,Potomje_2025-03-11_16-50_tf_1h,2021-02-07 11:00:00,286.26978,285.68027
Oklaj,Potomje_2025-03-11_16-50_tf_1h,2021-02-07 12:00:00,286.71005,286.6292
Oklaj,Potomje_2025-03-11_16-50_tf_1h,2021-02-07 13:00:00,287.00342,286.7868
Oklaj,Potomje_2025-03-11_16-50_tf_1h,2021-02-07 14:00:00,287.09647,286.99826
Oklaj,Potomje_2025-03-11_16-50_tf_1h,2021-02-07 15:00:00,286.4493,286.9661
Oklaj,Potomje_2025-03-11_16-50_tf_1h,2021-02-07 16:00:00,285.65405,285.9964
Oklaj,Potomje_2025-03-11_16-50_tf_1h,2021-02-07 17:00:00,285.01752,285.17825
Oklaj,Potomje_2025-03-11_16-50_tf_1h,2021-02-07 18:00:00,284.82858,284.60852
Oklaj,Potomje_2025-03-11_16-50_tf_1h,2021-02-07 19:00:00,284.77472,284.56665
Oklaj,Potomje_2025-03-11_16-50_tf_1h,2021-02-07 20:00:00,284.54907,284.55066
Oklaj,Potomje_2025-03-11_16-50_tf_1h,2021-02-07 21:00:00,284.29202,284.27988
Oklaj,Potomje_2025-03-11_16-50_tf_1h,2021-02-07 22:00:00,283.90726,284.026
Oklaj,Potomje_2025-03-11_16-50_tf_1h,2021-02-07 23:00:00,283.63672,283.60104
Oklaj,Potomje_2025-03-11_16-50_tf_1h,2021-02-08 00:00:00,283.44003,283.35962
Oklaj,Potomje_2025-03-11_16-50_tf_1h,2021-02-08 01:00:00,283.4641,283.18988
Oklaj,Potomje_2025-03-11_16-50_tf_1h,2021-02-08 02:00:00,283.41678,283.32385
Oklaj,Potomje_2025-03-11_16-50_tf_1h,2021-02-08 03:00:00,283.12585,283.2716
Oklaj,Potomje_2025-03-11_16-50_tf_1h,2021-02-08 04:00:00,283.0165,282.92618
Oklaj,Potomje_2025-03-11_16-50_tf_1h,2021-02-08 05:00:00,282.75168,283.03485
Oklaj,Potomje_2025-03-11_16-50_tf_1h,2021-02-08 06:00:00,282.40485,282.78632
Oklaj,Potomje_2025-03-11_16-50_tf_1h,2021-02-08 07:00:00,282.3914,282.52972
Oklaj,Potomje_2025-03-11_16-50_tf_1h,2021-02-08 08:00:00,283.1744,282.64493
Oklaj,Potomje_2025-03-11_16-50_tf_1h,2021-02-08 09:00:00,283.904,283.77847
Oklaj,Potomje_2025-03-11_16-50_tf_1h,2021-02-08 10:00:00,283.2042,284.38913
Oklaj,Potomje_2025-03-11_16-50_tf_1h,2021-02-08 11:00:00,283.7881,282.83875
Oklaj,Potomje_2025-03-11_16-50_tf_1h,2021-02-08 12:00:00,284.13535,284.26578
Oklaj,Potomje_2025-03-11_16-50_tf_1h,2021-02-08 13:00:00,284.36505,284.25525
Oklaj,Potomje_2025-03-11_16-50_tf_1h,2021-02-08 14:00:00,284.3569,284.4774
Oklaj,Potomje_2025-03-11_16-50_tf_1h,2021-02-08 15:00:00,284.00967,284.32202
Oklaj,Potomje_2025-03-11_16-50_tf_1h,2021-02-08 16:00:00,283.61264,283.81552
Oklaj,Potomje_2025-03-11_16-50_tf_1h,2021-02-08 17:00:00,283.05484,283.40707
Oklaj,Potomje_2025-03-11_16-50_tf_1h,2021-02-08 18:00:00,282.19388,282.75677
Oklaj,Potomje_2025-03-11_16-50_tf_1h,2021-02-08 19:00:00,281.27582,281.7598
Oklaj,Potomje_2025-03-11_16-50_tf_1h,2021-02-08 20:00:00,280.6703,280.84488
Oklaj,Potomje_2025-03-11_16-50_tf_1h,2021-02-08 21:00:00,280.91022,280.38477
Oklaj,Potomje_2025-03-11_16-50_tf_1h,2021-02-08 22:00:00,281.3513,281.0095
Oklaj,Potomje_2025-03-11_16-50_tf_1h,2021-02-08 23:00:00,281.84378,281.5177
Oklaj,Potomje_2025-03-11_16-50_tf_1h,2021-02-09 00:00:00,282.17554,282.06454
Oklaj,Potomje_2025-03-11_16-50_tf_1h,2021-02-09 01:00:00,282.23306,282.32462
Oklaj,Potomje_2025-03-11_16-50_tf_1h,2021-02-09 02:00:00,282.0727,282.26984
Oklaj,Potomje_2025-03-11_16-50_tf_1h,2021-02-09 03:00:00,282.3216,282.04047
Oklaj,Potomje_2025-03-11_16-50_tf_1h,2021-02-09 04:00:00,282.23837,282.56
Oklaj,Potomje_2025-03-11_16-50_tf_1h,2021-02-09 05:00:00,282.11227,282.30908
Oklaj,Potomje_2025-03-11_16-50_tf_1h,2021-02-09 06:00:00,282.22614,282.2316
Oklaj,Potomje_2025-03-11_16-50_tf_1h,2021-02-09 07:00:00,282.32446,282.46854
Oklaj,Potomje_2025-03-11_16-50_tf_1h,2021-02-09 08:00:00,282.2857,282.50873
Oklaj,Potomje_2025-03-11_16-50_tf_1h,2021-02-09 09:00:00,282.60355,282.3684
Oklaj,Potomje_2025-03-11_16-50_tf_1h,2021-02-09 10:00:00,283.123,282.87817
Oklaj,Potomje_2025-03-11_16-50_tf_1h,2021-02-09 11:00:00,283.56653,283.40622
Oklaj,Potomje_2025-03-11_16-50_tf_1h,2021-02-09 12:00:00,283.81012,283.7434
Oklaj,Potomje_2025-03-11_16-50_tf_1h,2021-02-09 13:00:00,284.08105,283.84677
Oklaj,Potomje_2025-03-11_16-50_tf_1h,2021-02-09 14:00:00,284.84042,284.10764
Oklaj,Potomje_2025-03-11_16-50_tf_1h,2021-02-09 15:00:00,284.36465,285.05438
Oklaj,Potomje_2025-03-11_16-50_tf_1h,2021-02-09 16:00:00,283.4429,284.00867
Oklaj,Potomje_2025-03-11_16-50_tf_1h,2021-02-09 17:00:00,282.7974,282.9604
Oklaj,Potomje_2025-03-11_16-50_tf_1h,2021-02-09 18:00:00,281.63367,282.4511
Oklaj,Potomje_2025-03-11_16-50_tf_1h,2021-02-09 19:00:00,281.1742,281.05093
Oklaj,Potomje_2025-03-11_16-50_tf_1h,2021-02-09 20:00:00,280.11127,280.9647
Oklaj,Potomje_2025-03-11_16-50_tf_1h,2021-02-09 21:00:00,280.4536,279.58813
Oklaj,Potomje_2025-03-11_16-50_tf_1h,2021-02-09 22:00:00,280.96326,280.65674
Oklaj,Potomje_2025-03-11_16-50_tf_1h,2021-02-09 23:00:00,280.49277,281.16122
Oklaj,Potomje_2025-03-11_16-50_tf_1h,2021-02-10 00:00:00,280.04965,280.23022
Oklaj,Potomje_2025-03-11_16-50_tf_1h,2021-02-10 01:00:00,280.31854,279.90036
Oklaj,Potomje_2025-03-11_16-50_tf_1h,2021-02-10 02:00:00,280.63885,280.56805
Oklaj,Potomje_2025-03-11_16-50_tf_1h,2021-02-10 03:00:00,280.90695,280.90823
Oklaj,Potomje_2025-03-11_16-50_tf_1h,2021-02-10 04:00:00,281.5239,281.23566
Oklaj,Potomje_2025-03-11_16-50_tf_1h,2021-02-10 05:00:00,281.9552,282.12177
Oklaj,Potomje_2025-03-11_16-50_tf_1h,2021-02-10 06:00:00,282.25223,282.44382
Oklaj,Potomje_2025-03-11_16-50_tf_1h,2021-02-10 07:00:00,282.41342,282.6858
Oklaj,Potomje_2025-03-11_16-50_tf_1h,2021-02-10 08:00:00,282.94263,282.7496
Oklaj,Potomje_2025-03-11_16-50_tf_1h,2021-02-10 09:00:00,283.09402,283.42505
Oklaj,Potomje_2025-03-11_16-50_tf_1h,2021-02-10 10:00:00,283.6314,283.2369
Oklaj,Potomje_2025-03-11_16-50_tf_1h,2021-02-10 11:00:00,284.09454,283.9613
Oklaj,Potomje_2025-03-11_16-50_tf_1h,2021-02-10 12:00:00,284.43524,284.2624
Oklaj,Potomje_2025-03-11_16-50_tf_1h,2021-02-10 13:00:00,284.36588,284.48685
Oklaj,Potomje_2025-03-11_16-50_tf_1h,2021-02-10 14:00:00,284.05945,284.17987
Oklaj,Potomje_2025-03-11_16-50_tf_1h,2021-02-10 15:00:00,284.0533,283.77087
Oklaj,Potomje_2025-03-11_16-50_tf_1h,2021-02-10 16:00:00,284.1647,283.89508
Oklaj,Potomje_2025-03-11_16-50_tf_1h,2021-02-10 17:00:00,283.94397,284.04742
Oklaj,Potomje_2025-03-11_16-50_tf_1h,2021-02-10 18:00:00,283.7677,283.70203
Oklaj,Potomje_2025-03-11_16-50_tf_1h,2021-02-10 19:00:00,283.6959,283.56842
Oklaj,Potomje_2025-03-11_16-50_tf_1h,2021-02-10 20:00:00,283.29028,283.5448
Oklaj,Potomje_2025-03-11_16-50_tf_1h,2021-02-10 21:00:00,283.3058,282.98996
Oklaj,Potomje_2025-03-11_16-50_tf_1h,2021-02-10 22:00:00,282.899,283.176
Oklaj,Potomje_2025-03-11_16-50_tf_1h,2021-02-10 23:00:00,282.34732,282.57843
Oklaj,Potomje_2025-03-11_16-50_tf_1h,2021-02-11 00:00:00,281.98578,282.00052
Oklaj,Potomje_2025-03-11_16-50_tf_1h,2021-02-11 01:00:00,280.16147,281.75314
Oklaj,Potomje_2025-03-11_16-50_tf_1h,2021-02-11 02:00:00,279.42374,279.2627
Oklaj,Potomje_2025-03-11_16-50_tf_1h,2021-02-11 03:00:00,278.80798,279.20636
Oklaj,Potomje_2025-03-11_16-50_tf_1h,2021-02-11 04:00:00,279.25357,278.58798
Oklaj,Potomje_2025-03-11_16-50_tf_1h,2021-02-11 05:00:00,278.39627,279.719
Oklaj,Potomje_2025-03-11_16-50_tf_1h,2021-02-11 06:00:00,277.09668,278.12442
Oklaj,Potomje_2025-03-11_16-50_tf_1h,2021-02-11 07:00:00,276.36017,276.87082
Oklaj,Potomje_2025-03-11_16-50_tf_1h,2021-02-11 08:00:00,277.58307,276.52664
Oklaj,Potomje_2025-03-11_16-50_tf_1h,2021-02-11 09:00:00,277.5953,279.01688
Oklaj,Potomje_2025-03-11_16-50_tf_1h,2021-02-11 10:00:00,277.86462,277.94913
Oklaj,Potomje_2025-03-11_16-50_tf_1h,2021-02-11 11:00:00,278.0168,278.68008
Oklaj,Potomje_2025-03-11_16-50_tf_1h,2021-02-11 12:00:00,277.75607,278.5571
Oklaj,Potomje_2025-03-11_16-50_tf_1h,2021-02-11 13:00:00,277.3513,278.0606
Oklaj,Potomje_2025-03-11_16-50_tf_1h,2021-02-11 14:00:00,276.93387,277.57166
Oklaj,Potomje_2025-03-11_16-50_tf_1h,2021-02-11 15:00:00,276.55276,277.1088
Oklaj,Potomje_2025-03-11_16-50_tf_1h,2021-02-11 16:00:00,275.58328,276.71637
Oklaj,Potomje_2025-03-11_16-50_tf_1h,2021-02-11 17:00:00,274.50198,275.3236
Oklaj,Potomje_2025-03-11_16-50_tf_1h,2021-02-11 18:00:00,273.86093,274.26407
Oklaj,Potomje_2025-03-11_16-50_tf_1h,2021-02-11 19:00:00,273.42108,273.8959
Oklaj,Potomje_2025-03-11_16-50_tf_1h,2021-02-11 20:00:00,272.55807,273.54486
Oklaj,Potomje_2025-03-11_16-50_tf_1h,2021-02-11 21:00:00,271.8142,272.40536
Oklaj,Potomje_2025-03-11_16-50_tf_1h,2021-02-11 22:00:00,271.13608,271.87903
Oklaj,Potomje_2025-03-11_16-50_tf_1h,2021-02-11 23:00:00,270.59094,271.24118
Oklaj,Potomje_2025-03-11_16-50_tf_1h,2021-02-12 00:00:00,270.25757,270.87756
Oklaj,Potomje_2025-03-11_16-50_tf_1h,2021-02-12 01:00:00,270.06537,270.76843
Oklaj,Potomje_2025-03-11_16-50_tf_1h,2021-02-12 02:00:00,269.73282,270.70624
Oklaj,Potomje_2025-03-11_16-50_tf_1h,2021-02-12 03:00:00,269.6671,270.28336
Oklaj,Potomje_2025-03-11_16-50_tf_1h,2021-02-12 04:00:00,269.58023,270.50842
Oklaj,Potomje_2025-03-11_16-50_tf_1h,2021-02-12 05:00:00,269.477,270.33728
Oklaj,Potomje_2025-03-11_16-50_tf_1h,2021-02-12 06:00:00,269.33456,270.3152
Oklaj,Potomje_2025-03-11_16-50_tf_1h,2021-02-12 07:00:00,269.2705,270.10648
Oklaj,Potomje_2025-03-11_16-50_tf_1h,2021-02-12 08:00:00,269.99112,270.07596
Oklaj,Potomje_2025-03-11_16-50_tf_1h,2021-02-12 09:00:00,270.67255,271.38943
Oklaj,Potomje_2025-03-11_16-50_tf_1h,2021-02-12 10:00:00,271.66977,271.74072
Oklaj,Potomje_2025-03-11_16-50_tf_1h,2021-02-12 11:00:00,272.67844,273.0626
Oklaj,Potomje_2025-03-11_16-50_tf_1h,2021-02-12 12:00:00,273.60837,273.84723
Oklaj,Potomje_2025-03-11_16-50_tf_1h,2021-02-12 13:00:00,274.34732,274.69684
Oklaj,Potomje_2025-03-11_16-50_tf_1h,2021-02-12 14:00:00,274.7427,275.2105
Oklaj,Potomje_2025-03-11_16-50_tf_1h,2021-02-12 15:00:00,274.70966,275.3383
Oklaj,Potomje_2025-03-11_16-50_tf_1h,2021-02-12 16:00:00,274.3755,275.01755
Oklaj,Potomje_2025-03-11_16-50_tf_1h,2021-02-12 17:00:00,273.57736,274.50504
Oklaj,Potomje_2025-03-11_16-50_tf_1h,2021-02-12 18:00:00,272.63437,273.36957
Oklaj,Potomje_2025-03-11_16-50_tf_1h,2021-02-12 19:00:00,272.09903,272.42426
Oklaj,Potomje_2025-03-11_16-50_tf_1h,2021-02-12 20:00:00,271.69385,272.2587
Oklaj,Potomje_2025-03-11_16-50_tf_1h,2021-02-12 21:00:00,271.3303,271.92844
Oklaj,Potomje_2025-03-11_16-50_tf_1h,2021-02-12 22:00:00,271.14218,271.6882
Oklaj,Potomje_2025-03-11_16-50_tf_1h,2021-02-12 23:00:00,270.86963,271.7008
Oklaj,Potomje_2025-03-11_16-50_tf_1h,2021-02-13 00:00:00,270.60358,271.3684
Oklaj,Potomje_2025-03-11_16-50_tf_1h,2021-02-13 01:00:00,270.29672,271.19775
Oklaj,Potomje_2025-03-11_16-50_tf_1h,2021-02-13 02:00:00,270.02948,270.8854
Oklaj,Potomje_2025-03-11_16-50_tf_1h,2021-02-13 03:00:00,269.7573,270.71094
Oklaj,Potomje_2025-03-11_16-50_tf_1h,2021-02-13 04:00:00,269.47534,270.45526
Oklaj,Potomje_2025-03-11_16-50_tf_1h,2021-02-13 05:00:00,269.30927,270.2097
Oklaj,Potomje_2025-03-11_16-50_tf_1h,2021-02-13 06:00:00,269.0118,270.17258
Oklaj,Potomje_2025-03-11_16-50_tf_1h,2021-02-13 07:00:00,268.83105,269.7549
Oklaj,Potomje_2025-03-11_16-50_tf_1h,2021-02-13 08:00:00,268.58542,269.73087
Oklaj,Potomje_2025-03-11_16-50_tf_1h,2021-02-13 09:00:00,268.7458,269.3492
Oklaj,Potomje_2025-03-11_16-50_tf_1h,2021-02-13 10:00:00,269.22113,269.88416
Oklaj,Potomje_2025-03-11_16-50_tf_1h,2021-02-13 11:00:00,269.9846,270.4252
Oklaj,Potomje_2025-03-11_16-50_tf_1h,2021-02-13 12:00:00,270.3457,271.35144
Oklaj,Potomje_2025-03-11_16-50_tf_1h,2021-02-13 13:00:00,270.43668,271.2209
Oklaj,Potomje_2025-03-11_16-50_tf_1h,2021-02-13 14:00:00,270.41098,271.19327
Oklaj,Potomje_2025-03-11_16-50_tf_1h,2021-02-13 15:00:00,270.30856,271.04337
Oklaj,Potomje_2025-03-11_16-50_tf_1h,2021-02-13 16:00:00,269.7271,270.8948
Oklaj,Potomje_2025-03-11_16-50_tf_1h,2021-02-13 17:00:00,268.93225,269.9592
Oklaj,Potomje_2025-03-11_16-50_tf_1h,2021-02-13 18:00:00,268.12637,269.1618
Oklaj,Potomje_2025-03-11_16-50_tf_1h,2021-02-13 19:00:00,267.6237,268.38864
Oklaj,Potomje_2025-03-11_16-50_tf_1h,2021-02-13 20:00:00,266.74557,268.16714
Oklaj,Potomje_2025-03-11_16-50_tf_1h,2021-02-13 21:00:00,266.6803,266.9478
Oklaj,Potomje_2025-03-11_16-50_tf_1h,2021-02-13 22:00:00,266.66885,267.75366
Oklaj,Potomje_2025-03-11_16-50_tf_1h,2021-02-13 23:00:00,266.7256,267.4912
Oklaj,Potomje_2025-03-11_16-50_tf_1h,2021-02-14 00:00:00,266.84595,267.787
Oklaj,Potomje_2025-03-11_16-50_tf_1h,2021-02-14 01:00:00,266.9696,267.90485
Oklaj,Potomje_2025-03-11_16-50_tf_1h,2021-02-14 02:00:00,267.4074,268.0622
Oklaj,Potomje_2025-03-11_16-50_tf_1h,2021-02-14 03:00:00,267.56696,268.7635
Oklaj,Potomje_2025-03-11_16-50_tf_1h,2021-02-14 04:00:00,267.69754,268.57556
Oklaj,Potomje_2025-03-11_16-50_tf_1h,2021-02-14 05:00:00,267.85544,268.82248
Oklaj,Potomje_2025-03-11_16-50_tf_1h,2021-02-14 06:00:00,268.07822,268.93088
Oklaj,Potomje_2025-03-11_16-50_tf_1h,2021-02-14 07:00:00,268.50217,269.2169
Oklaj,Potomje_2025-03-11_16-50_tf_1h,2021-02-14 08:00:00,269.33987,269.7642
Oklaj,Potomje_2025-03-11_16-50_tf_1h,2021-02-14 09:00:00,270.61255,270.8591
Oklaj,Potomje_2025-03-11_16-50_tf_1h,2021-02-14 10:00:00,271.8591,272.31873
Oklaj,Potomje_2025-03-11_16-50_tf_1h,2021-02-14 11:00:00,272.87512,273.36105
Oklaj,Potomje_2025-03-11_16-50_tf_1h,2021-02-14 12:00:00,273.65204,274.13788
Oklaj,Potomje_2025-03-11_16-50_tf_1h,2021-02-14 13:00:00,274.3208,274.67664
Oklaj,Potomje_2025-03-11_16-50_tf_1h,2021-02-14 14:00:00,274.5387,275.22742
Oklaj,Potomje_2025-03-11_16-50_tf_1h,2021-02-14 15:00:00,274.40323,275.0597
Oklaj,Potomje_2025-03-11_16-50_tf_1h,2021-02-14 16:00:00,273.65857,274.71478
Oklaj,Potomje_2025-03-11_16-50_tf_1h,2021-02-14 17:00:00,272.7315,273.52444
Oklaj,Potomje_2025-03-11_16-50_tf_1h,2021-02-14 18:00:00,271.87582,272.5995
Oklaj,Potomje_2025-03-11_16-50_tf_1h,2021-02-14 19:00:00,271.4584,271.83887
Oklaj,Potomje_2025-03-11_16-50_tf_1h,2021-02-14 20:00:00,270.93082,271.82083
Oklaj,Potomje_2025-03-11_16-50_tf_1h,2021-02-14 21:00:00,270.76965,271.17407
Oklaj,Potomje_2025-03-11_16-50_tf_1h,2021-02-14 22:00:00,270.67007,271.446
Oklaj,Potomje_2025-03-11_16-50_tf_1h,2021-02-14 23:00:00,270.59378,271.33533
Oklaj,Potomje_2025-03-11_16-50_tf_1h,2021-02-15 00:00:00,270.53625,271.36987
Oklaj,Potomje_2025-03-11_16-50_tf_1h,2021-02-15 01:00:00,270.4224,271.34927
Oklaj,Potomje_2025-03-11_16-50_tf_1h,2021-02-15 02:00:00,270.36813,271.21118
Oklaj,Potomje_2025-03-11_16-50_tf_1h,2021-02-15 03:00:00,270.22247,271.2484
Oklaj,Potomje_2025-03-11_16-50_tf_1h,2021-02-15 04:00:00,270.1029,271.02264
Oklaj,Potomje_2025-03-11_16-50_tf_1h,2021-02-15 05:00:00,269.92297,270.9813
Oklaj,Potomje_2025-03-11_16-50_tf_1h,2021-02-15 06:00:00,269.67365,270.739
Oklaj,Potomje_2025-03-11_16-50_tf_1h,2021-02-15 07:00:00,269.30643,270.46332
Oklaj,Potomje_2025-03-11_16-50_tf_1h,2021-02-15 08:00:00,269.99805,269.98572
Oklaj,Potomje_2025-03-11_16-50_tf_1h,2021-02-15 09:00:00,271.64407,271.5712
Oklaj,Potomje_2025-03-11_16-50_tf_1h,2021-02-15 10:00:00,273.5941,273.59097
Oklaj,Potomje_2025-03-11_16-50_tf_1h,2021-02-15 11:00:00,275.32864,275.54733
Oklaj,Potomje_2025-03-11_16-50_tf_1h,2021-02-15 12:00:00,276.65396,276.94986
Oklaj,Potomje_2025-03-11_16-50_tf_1h,2021-02-15 13:00:00,277.4941,277.87506
Oklaj,Potomje_2025-03-11_16-50_tf_1h,2021-02-15 14:00:00,277.95724,278.2976
Oklaj,Potomje_2025-03-11_16-50_tf_1h,2021-02-15 15:00:00,278.0111,278.48068
Oklaj,Potomje_2025-03-11_16-50_tf_1h,2021-02-15 16:00:00,277.4378,278.23206
Oklaj,Potomje_2025-03-11_16-50_tf_1h,2021-02-15 17:00:00,275.96765,277.21582
Oklaj,Potomje_2025-03-11_16-50_tf_1h,2021-02-15 18:00:00,274.06946,275.18082
Oklaj,Potomje_2025-03-11_16-50_tf_1h,2021-02-15 19:00:00,273.315,273.14496
Oklaj,Potomje_2025-03-11_16-50_tf_1h,2021-02-15 20:00:00,273.59613,273.30792
Oklaj,Potomje_2025-03-11_16-50_tf_1h,2021-02-15 21:00:00,273.40762,274.1964
Oklaj,Potomje_2025-03-11_16-50_tf_1h,2021-02-15 22:00:00,272.69763,273.61234
Oklaj,Potomje_2025-03-11_16-50_tf_1h,2021-02-15 23:00:00,271.6661,272.72992
Oklaj,Potomje_2025-03-11_16-50_tf_1h,2021-02-16 00:00:00,270.9039,271.55035
Oklaj,Potomje_2025-03-11_16-50_tf_1h,2021-02-16 01:00:00,270.58072,271.0743
Oklaj,Potomje_2025-03-11_16-50_tf_1h,2021-02-16 02:00:00,270.5595,271.07004
Oklaj,Potomje_2025-03-11_16-50_tf_1h,2021-02-16 03:00:00,271.1022,271.2988
Oklaj,Potomje_2025-03-11_16-50_tf_1h,2021-02-16 04:00:00,270.9092,272.3467
Oklaj,Potomje_2025-03-11_16-50_tf_1h,2021-02-16 05:00:00,270.73944,271.47928
Oklaj,Potomje_2025-03-11_16-50_tf_1h,2021-02-16 06:00:00,271.29602,271.6953
Oklaj,Potomje_2025-03-11_16-50_tf_1h,2021-02-16 07:00:00,271.17157,272.74768
Oklaj,Potomje_2025-03-11_16-50_tf_1h,2021-02-16 08:00:00,273.03018,271.85757
Oklaj,Potomje_2025-03-11_16-50_tf_1h,2021-02-16 09:00:00,275.36578,275.5953
Oklaj,Potomje_2025-03-11_16-50_tf_1h,2021-02-16 10:00:00,276.67313,277.36478
Oklaj,Potomje_2025-03-11_16-50_tf_1h,2021-02-16 11:00:00,277.68182,277.914
Oklaj,Potomje_2025-03-11_16-50_tf_1h,2021-02-16 12:00:00,278.30978,278.70642
Oklaj,Potomje_2025-03-11_16-50_tf_1h,2021-02-16 13:00:00,279.27805,278.8852
Oklaj,Potomje_2025-03-11_16-50_tf_1h,2021-02-16 14:00:00,279.631,280.03757
Oklaj,Potomje_2025-03-11_16-50_tf_1h,2021-02-16 15:00:00,279.42944,279.84485
Oklaj,Potomje_2025-03-11_16-50_tf_1h,2021-02-16 16:00:00,279.21194,279.33658
Oklaj,Potomje_2025-03-11_16-50_tf_1h,2021-02-16 17:00:00,278.15186,279.1509
Oklaj,Potomje_2025-03-11_16-50_tf_1h,2021-02-16 18:00:00,276.16962,277.5081
Oklaj,Potomje_2025-03-11_16-50_tf_1h,2021-02-16 19:00:00,276.90164,275.0712
Oklaj,Potomje_2025-03-11_16-50_tf_1h,2021-02-16 20:00:00,276.45444,277.7184
Oklaj,Potomje_2025-03-11_16-50_tf_1h,2021-02-16 21:00:00,276.0464,276.07794
Oklaj,Potomje_2025-03-11_16-50_tf_1h,2021-02-16 22:00:00,276.3104,276.09915
Oklaj,Potomje_2025-03-11_16-50_tf_1h,2021-02-16 23:00:00,275.30334,276.7363
Oklaj,Potomje_2025-03-11_16-50_tf_1h,2021-02-17 00:00:00,273.32846,274.7854
Oklaj,Potomje_2025-03-11_16-50_tf_1h,2021-02-17 01:00:00,272.82248,272.41452
Oklaj,Potomje_2025-03-11_16-50_tf_1h,2021-02-17 02:00:00,272.52136,273.05942
Oklaj,Potomje_2025-03-11_16-50_tf_1h,2021-02-17 03:00:00,272.39282,272.7295
Oklaj,Potomje_2025-03-11_16-50_tf_1h,2021-02-17 04:00:00,273.57288,273.041
Oklaj,Potomje_2025-03-11_16-50_tf_1h,2021-02-17 05:00:00,274.3012,275.4764
Oklaj,Potomje_2025-03-11_16-50_tf_1h,2021-02-17 06:00:00,274.6921,275.63974
Oklaj,Potomje_2025-03-11_16-50_tf_1h,2021-02-17 07:00:00,274.92062,276.0152
Oklaj,Potomje_2025-03-11_16-50_tf_1h,2021-02-17 08:00:00,275.48453,275.89075
Oklaj,Potomje_2025-03-11_16-50_tf_1h,2021-02-17 09:00:00,276.53317,276.6014
Oklaj,Potomje_2025-03-11_16-50_tf_1h,2021-02-17 10:00:00,277.66916,277.78967
Oklaj,Potomje_2025-03-11_16-50_tf_1h,2021-02-17 11:00:00,278.85532,278.80457
Oklaj,Potomje_2025-03-11_16-50_tf_1h,2021-02-17 12:00:00,279.4074,279.90982
Oklaj,Potomje_2025-03-11_16-50_tf_1h,2021-02-17 13:00:00,280.04883,279.91647
Oklaj,Potomje_2025-03-11_16-50_tf_1h,2021-02-17 14:00:00,280.13492,280.62897
Oklaj,Potomje_2025-03-11_16-50_tf_1h,2021-02-17 15:00:00,280.56213,280.23837
Oklaj,Potomje_2025-03-11_16-50_tf_1h,2021-02-17 16:00:00,280.45645,280.9368
Oklaj,Potomje_2025-03-11_16-50_tf_1h,2021-02-17 17:00:00,279.71222,280.38843
Oklaj,Potomje_2025-03-11_16-50_tf_1h,2021-02-17 18:00:00,279.23315,279.32227
Oklaj,Potomje_2025-03-11_16-50_tf_1h,2021-02-17 19:00:00,278.4326,279.0251
Oklaj,Potomje_2025-03-11_16-50_tf_1h,2021-02-17 20:00:00,277.62836,277.9779
Oklaj,Potomje_2025-03-11_16-50_tf_1h,2021-02-17 21:00:00,276.5687,277.22745
Oklaj,Potomje_2025-03-11_16-50_tf_1h,2021-02-17 22:00:00,274.7472,276.0198
Oklaj,Potomje_2025-03-11_16-50_tf_1h,2021-02-17 23:00:00,273.77118,273.7721
Oklaj,Potomje_2025-03-11_16-50_tf_1h,2021-02-18 00:00:00,273.2244,273.45932
Oklaj,Potomje_2025-03-11_16-50_tf_1h,2021-02-18 01:00:00,273.0861,273.18912
Oklaj,Potomje_2025-03-11_16-50_tf_1h,2021-02-18 02:00:00,273.0612,273.5507
Oklaj,Potomje_2025-03-11_16-50_tf_1h,2021-02-18 03:00:00,272.9343,273.7708
Oklaj,Potomje_2025-03-11_16-50_tf_1h,2021-02-18 04:00:00,272.31857,273.64355
Oklaj,Potomje_2025-03-11_16-50_tf_1h,2021-02-18 05:00:00,271.9293,272.75244
Oklaj,Potomje_2025-03-11_16-50_tf_1h,2021-02-18 06:00:00,271.7073,272.76187
Oklaj,Potomje_2025-03-11_16-50_tf_1h,2021-02-18 07:00:00,271.39966,272.55652
Oklaj,Potomje_2025-03-11_16-50_tf_1h,2021-02-18 08:00:00,273.0004,272.15967
Oklaj,Potomje_2025-03-11_16-50_tf_1h,2021-02-18 09:00:00,277.28928,275.26135
Oklaj,Potomje_2025-03-11_16-50_tf_1h,2021-02-18 10:00:00,281.07953,280.86926
Oklaj,Potomje_2025-03-11_16-50_tf_1h,2021-02-18 11:00:00,282.92917,283.53424
Oklaj,Potomje_2025-03-11_16-50_tf_1h,2021-02-18 12:00:00,283.90073,284.17136
Oklaj,Potomje_2025-03-11_16-50_tf_1h,2021-02-18 13:00:00,284.36383,284.5792
Oklaj,Potomje_2025-03-11_16-50_tf_1h,2021-02-18 14:00:00,284.49725,284.58722
Oklaj,Potomje_2025-03-11_16-50_tf_1h,2021-02-18 15:00:00,284.15573,284.4261
Oklaj,Potomje_2025-03-11_16-50_tf_1h,2021-02-18 16:00:00,283.5543,283.7297
Oklaj,Potomje_2025-03-11_16-50_tf_1h,2021-02-18 17:00:00,282.37506,282.98196
Oklaj,Potomje_2025-03-11_16-50_tf_1h,2021-02-18 18:00:00,280.60825,281.51794
Oklaj,Potomje_2025-03-11_16-50_tf_1h,2021-02-18 19:00:00,280.51605,279.54965
Oklaj,Potomje_2025-03-11_16-50_tf_1h,2021-02-18 20:00:00,280.19778,280.3271
Oklaj,Potomje_2025-03-11_16-50_tf_1h,2021-02-18 21:00:00,279.722,279.85266
Oklaj,Potomje_2025-03-11_16-50_tf_1h,2021-02-18 22:00:00,279.22134,279.3885
Oklaj,Potomje_2025-03-11_16-50_tf_1h,2021-02-18 23:00:00,277.68018,278.90555
Oklaj,Potomje_2025-03-11_16-50_tf_1h,2021-02-19 00:00:00,275.5698,276.87787
Oklaj,Potomje_2025-03-11_16-50_tf_1h,2021-02-19 01:00:00,274.27878,274.53983
Oklaj,Potomje_2025-03-11_16-50_tf_1h,2021-02-19 02:00:00,273.8589,273.61887
Oklaj,Potomje_2025-03-11_16-50_tf_1h,2021-02-19 03:00:00,273.4419,273.6315
Oklaj,Potomje_2025-03-11_16-50_tf_1h,2021-02-19 04:00:00,273.30273,273.2894
Oklaj,Potomje_2025-03-11_16-50_tf_1h,2021-02-19 05:00:00,273.50595,273.66623
Oklaj,Potomje_2025-03-11_16-50_tf_1h,2021-02-19 06:00:00,274.3673,274.55374
Oklaj,Potomje_2025-03-11_16-50_tf_1h,2021-02-19 07:00:00,274.5595,276.52502
Oklaj,Potomje_2025-03-11_16-50_tf_1h,2021-02-19 08:00:00,276.35934,276.054
Oklaj,Potomje_2025-03-11_16-50_tf_1h,2021-02-19 09:00:00,279.21317,278.69833
Oklaj,Potomje_2025-03-11_16-50_tf_1h,2021-02-19 10:00:00,281.15747,281.42126
Oklaj,Potomje_2025-03-11_16-50_tf_1h,2021-02-19 11:00:00,282.03598,282.498
Oklaj,Potomje_2025-03-11_16-50_tf_1h,2021-02-19 12:00:00,282.96753,282.70474
Oklaj,Potomje_2025-03-11_16-50_tf_1h,2021-02-19 13:00:00,283.28214,283.60526
Oklaj,Potomje_2025-03-11_16-50_tf_1h,2021-02-19 14:00:00,282.96426,283.41043
Oklaj,Potomje_2025-03-11_16-50_tf_1h,2021-02-19 15:00:00,282.7276,282.6806
Oklaj,Potomje_2025-03-11_16-50_tf_1h,2021-02-19 16:00:00,282.6317,282.4735
Oklaj,Potomje_2025-03-11_16-50_tf_1h,2021-02-19 17:00:00,282.12778,282.4008
Oklaj,Potomje_2025-03-11_16-50_tf_1h,2021-02-19 18:00:00,281.27133,281.64975
Oklaj,Potomje_2025-03-11_16-50_tf_1h,2021-02-19 19:00:00,280.5846,280.6424
Oklaj,Potomje_2025-03-11_16-50_tf_1h,2021-02-19 20:00:00,280.05414,280.07266
Oklaj,Potomje_2025-03-11_16-50_tf_1h,2021-02-19 21:00:00,279.41068,279.6332
Oklaj,Potomje_2025-03-11_16-50_tf_1h,2021-02-19 22:00:00,278.7325,278.96826
Oklaj,Potomje_2025-03-11_16-50_tf_1h,2021-02-19 23:00:00,278.0825,278.32114
Oklaj,Potomje_2025-03-11_16-50_tf_1h,2021-02-20 00:00:00,278.24734,277.69553
Oklaj,Potomje_2025-03-11_16-50_tf_1h,2021-02-20 01:00:00,278.37833,278.32184
Oklaj,Potomje_2025-03-11_16-50_tf_1h,2021-02-20 02:00:00,278.21878,278.41745
Oklaj,Potomje_2025-03-11_16-50_tf_1h,2021-02-20 03:00:00,278.3873,278.1734
Oklaj,Potomje_2025-03-11_16-50_tf_1h,2021-02-20 04:00:00,278.24042,278.72632
Oklaj,Potomje_2025-03-11_16-50_tf_1h,2021-02-20 05:00:00,277.94745,278.51675
Oklaj,Potomje_2025-03-11_16-50_tf_1h,2021-02-20 06:00:00,277.7418,278.5554
Oklaj,Potomje_2025-03-11_16-50_tf_1h,2021-02-20 07:00:00,278.26123,278.8663
Oklaj,Potomje_2025-03-11_16-50_tf_1h,2021-02-20 08:00:00,279.24582,279.5954
Oklaj,Potomje_2025-03-11_16-50_tf_1h,2021-02-20 09:00:00,281.18726,280.37982
Oklaj,Potomje_2025-03-11_16-50_tf_1h,2021-02-20 10:00:00,282.5648,282.68246
Oklaj,Potomje_2025-03-11_16-50_tf_1h,2021-02-20 11:00:00,283.1079,283.48398
Oklaj,Potomje_2025-03-11_16-50_tf_1h,2021-02-20 12:00:00,283.62,283.51547
Oklaj,Potomje_2025-03-11_16-50_tf_1h,2021-02-20 13:00:00,283.60367,283.96423
Oklaj,Potomje_2025-03-11_16-50_tf_1h,2021-02-20 14:00:00,283.74933,283.55252
Oklaj,Potomje_2025-03-11_16-50_tf_1h,2021-02-20 15:00:00,283.96518,283.7624
Oklaj,Potomje_2025-03-11_16-50_tf_1h,2021-02-20 16:00:00,283.56244,283.93292
Oklaj,Potomje_2025-03-11_16-50_tf_1h,2021-02-20 17:00:00,283.19644,283.20227
Oklaj,Potomje_2025-03-11_16-50_tf_1h,2021-02-20 18:00:00,282.362,282.88297
Oklaj,Potomje_2025-03-11_16-50_tf_1h,2021-02-20 19:00:00,282.30243,281.8343
Oklaj,Potomje_2025-03-11_16-50_tf_1h,2021-02-20 20:00:00,281.19257,282.15997
Oklaj,Potomje_2025-03-11_16-50_tf_1h,2021-02-20 21:00:00,279.7987,280.5646
Oklaj,Potomje_2025-03-11_16-50_tf_1h,2021-02-20 22:00:00,278.7468,279.1436
Oklaj,Potomje_2025-03-11_16-50_tf_1h,2021-02-20 23:00:00,277.47696,278.2312
Oklaj,Potomje_2025-03-11_16-50_tf_1h,2021-02-21 00:00:00,276.70416,276.82745
Oklaj,Potomje_2025-03-11_16-50_tf_1h,2021-02-21 01:00:00,275.98315,276.29028
Oklaj,Potomje_2025-03-11_16-50_tf_1h,2021-02-21 02:00:00,275.39108,275.60956
Oklaj,Potomje_2025-03-11_16-50_tf_1h,2021-02-21 03:00:00,274.87125,275.19806
Oklaj,Potomje_2025-03-11_16-50_tf_1h,2021-02-21 04:00:00,274.96426,274.9464
Oklaj,Potomje_2025-03-11_16-50_tf_1h,2021-02-21 05:00:00,275.0659,275.90317
Oklaj,Potomje_2025-03-11_16-50_tf_1h,2021-02-21 06:00:00,274.61295,276.49008
Oklaj,Potomje_2025-03-11_16-50_tf_1h,2021-02-21 07:00:00,274.53543,275.8056
Oklaj,Potomje_2025-03-11_16-50_tf_1h,2021-02-21 08:00:00,276.57153,275.7606
Oklaj,Potomje_2025-03-11_16-50_tf_1h,2021-02-21 09:00:00,279.2507,278.80652
Oklaj,Potomje_2025-03-11_16-50_tf_1h,2021-02-21 10:00:00,282.3008,281.30267
Oklaj,Potomje_2025-03-11_16-50_tf_1h,2021-02-21 11:00:00,284.2304,284.38992
Oklaj,Potomje_2025-03-11_16-50_tf_1h,2021-02-21 12:00:00,285.24316,285.41278
Oklaj,Potomje_2025-03-11_16-50_tf_1h,2021-02-21 13:00:00,285.8234,285.86392
Oklaj,Potomje_2025-03-11_16-50_tf_1h,2021-02-21 14:00:00,286.00415,286.083
Oklaj,Potomje_2025-03-11_16-50_tf_1h,2021-02-21 15:00:00,285.90704,285.93134
Oklaj,Potomje_2025-03-11_16-50_tf_1h,2021-02-21 16:00:00,285.1587,285.62128
Oklaj,Potomje_2025-03-11_16-50_tf_1h,2021-02-21 17:00:00,284.0635,284.52402
Oklaj,Potomje_2025-03-11_16-50_tf_1h,2021-02-21 18:00:00,282.50113,283.2973
Oklaj,Potomje_2025-03-11_16-50_tf_1h,2021-02-21 19:00:00,281.21094,281.55765
Oklaj,Potomje_2025-03-11_16-50_tf_1h,2021-02-21 20:00:00,279.58694,280.4497
Oklaj,Potomje_2025-03-11_16-50_tf_1h,2021-02-21 21:00:00,278.70435,278.7674
Oklaj,Potomje_2025-03-11_16-50_tf_1h,2021-02-21 22:00:00,278.20328,278.20908
Oklaj,Potomje_2025-03-11_16-50_tf_1h,2021-02-21 23:00:00,277.68588,277.85443
Oklaj,Potomje_2025-03-11_16-50_tf_1h,2021-02-22 00:00:00,277.02527,277.33926
Oklaj,Potomje_2025-03-11_16-50_tf_1h,2021-02-22 01:00:00,276.35324,276.61264
Oklaj,Potomje_2025-03-11_16-50_tf_1h,2021-02-22 02:00:00,275.41843,275.92303
Oklaj,Potomje_2025-03-11_16-50_tf_1h,2021-02-22 03:00:00,274.9398,274.87463
Oklaj,Potomje_2025-03-11_16-50_tf_1h,2021-02-22 04:00:00,274.8949,274.82898
Oklaj,Potomje_2025-03-11_16-50_tf_1h,2021-02-22 05:00:00,274.96387,275.31473
Oklaj,Potomje_2025-03-11_16-50_tf_1h,2021-02-22 06:00:00,274.52972,276.00266
Oklaj,Potomje_2025-03-11_16-50_tf_1h,2021-02-22 07:00:00,274.2645,275.85767
Oklaj,Potomje_2025-03-11_16-50_tf_1h,2021-02-22 08:00:00,275.9305,275.72275
Oklaj,Potomje_2025-03-11_16-50_tf_1h,2021-02-22 09:00:00,280.63315,278.08002
Oklaj,Potomje_2025-03-11_16-50_tf_1h,2021-02-22 10:00:00,283.86847,283.96738
Oklaj,Potomje_2025-03-11_16-50_tf_1h,2021-02-22 11:00:00,284.97794,285.63223
Oklaj,Potomje_2025-03-11_16-50_tf_1h,2021-02-22 12:00:00,285.58102,285.6469
Oklaj,Potomje_2025-03-11_16-50_tf_1h,2021-02-22 13:00:00,285.9111,285.89236
Oklaj,Potomje_2025-03-11_16-50_tf_1h,2021-02-22 14:00:00,286.06372,285.9353
Oklaj,Potomje_2025-03-11_16-50_tf_1h,2021-02-22 15:00:00,285.9246,285.9046
Oklaj,Potomje_2025-03-11_16-50_tf_1h,2021-02-22 16:00:00,285.37903,285.56732
Oklaj,Potomje_2025-03-11_16-50_tf_1h,2021-02-22 17:00:00,284.3516,284.82095
Oklaj,Potomje_2025-03-11_16-50_tf_1h,2021-02-22 18:00:00,282.92264,283.607
Oklaj,Potomje_2025-03-11_16-50_tf_1h,2021-02-22 19:00:00,282.73578,282.06552
Oklaj,Potomje_2025-03-11_16-50_tf_1h,2021-02-22 20:00:00,281.8405,282.4058
Oklaj,Potomje_2025-03-11_16-50_tf_1h,2021-02-22 21:00:00,279.9154,281.21832
Oklaj,Potomje_2025-03-11_16-50_tf_1h,2021-02-22 22:00:00,278.67294,279.0326
Oklaj,Potomje_2025-03-11_16-50_tf_1h,2021-02-22 23:00:00,277.77524,278.07455
Oklaj,Potomje_2025-03-11_16-50_tf_1h,2021-02-23 00:00:00,277.14767,277.28506
Oklaj,Potomje_2025-03-11_16-50_tf_1h,2021-02-23 01:00:00,276.35324,276.74738
Oklaj,Potomje_2025-03-11_16-50_tf_1h,2021-02-23 02:00:00,275.39026,275.8382
Oklaj,Potomje_2025-03-11_16-50_tf_1h,2021-02-23 03:00:00,274.7986,274.79822
Oklaj,Potomje_2025-03-11_16-50_tf_1h,2021-02-23 04:00:00,274.51257,274.55157
Oklaj,Potomje_2025-03-11_16-50_tf_1h,2021-02-23 05:00:00,274.37875,274.70108
Oklaj,Potomje_2025-03-11_16-50_tf_1h,2021-02-23 06:00:00,274.21024,275.23804
Oklaj,Potomje_2025-03-11_16-50_tf_1h,2021-02-23 07:00:00,274.13107,275.85974
Oklaj,Potomje_2025-03-11_16-50_tf_1h,2021-02-23 08:00:00,276.90286,275.77762
Oklaj,Potomje_2025-03-11_16-50_tf_1h,2021-02-23 09:00:00,281.58713,279.65604
Oklaj,Potomje_2025-03-11_16-50_tf_1h,2021-02-23 10:00:00,284.92896,284.69156
Oklaj,Potomje_2025-03-11_16-50_tf_1h,2021-02-23 11:00:00,286.79288,286.8612
Oklaj,Potomje_2025-03-11_16-50_tf_1h,2021-02-23 12:00:00,288.08514,287.8528
Oklaj,Potomje_2025-03-11_16-50_tf_1h,2021-02-23 13:00:00,289.2011,288.6587
Oklaj,Potomje_2025-03-11_16-50_tf_1h,2021-02-23 14:00:00,289.95517,289.50397
Oklaj,Potomje_2025-03-11_16-50_tf_1h,2021-02-23 15:00:00,290.10043,289.93185
Oklaj,Potomje_2025-03-11_16-50_tf_1h,2021-02-23 16:00:00,289.28723,289.72583
Oklaj,Potomje_2025-03-11_16-50_tf_1h,2021-02-23 17:00:00,287.6718,288.5382
Oklaj,Potomje_2025-03-11_16-50_tf_1h,2021-02-23 18:00:00,285.3819,286.65668
Oklaj,Potomje_2025-03-11_16-50_tf_1h,2021-02-23 19:00:00,283.023,284.23395
Oklaj,Potomje_2025-03-11_16-50_tf_1h,2021-02-23 20:00:00,281.18033,282.01038
Oklaj,Potomje_2025-03-11_16-50_tf_1h,2021-02-23 21:00:00,279.42984,280.4054
Oklaj,Potomje_2025-03-11_16-50_tf_1h,2021-02-23 22:00:00,278.49136,278.83472
Oklaj,Potomje_2025-03-11_16-50_tf_1h,2021-02-23 23:00:00,277.96213,278.0225
Oklaj,Potomje_2025-03-11_16-50_tf_1h,2021-02-24 00:00:00,277.46555,277.58728
Oklaj,Potomje_2025-03-11_16-50_tf_1h,2021-02-24 01:00:00,277.2599,277.08826
Oklaj,Potomje_2025-03-11_16-50_tf_1h,2021-02-24 02:00:00,277.13013,276.99512
Oklaj,Potomje_2025-03-11_16-50_tf_1h,2021-02-24 03:00:00,276.96692,276.89758
Oklaj,Potomje_2025-03-11_16-50_tf_1h,2021-02-24 04:00:00,276.8531,276.7527
Oklaj,Potomje_2025-03-11_16-50_tf_1h,2021-02-24 05:00:00,276.6605,276.83157
Oklaj,Potomje_2025-03-11_16-50_tf_1h,2021-02-24 06:00:00,276.46097,276.93875
Oklaj,Potomje_2025-03-11_16-50_tf_1h,2021-02-24 07:00:00,276.30508,277.51505
Oklaj,Potomje_2025-03-11_16-50_tf_1h,2021-02-24 08:00:00,278.2298,277.91098
Oklaj,Potomje_2025-03-11_16-50_tf_1h,2021-02-24 09:00:00,282.53217,280.5257
Oklaj,Potomje_2025-03-11_16-50_tf_1h,2021-02-24 10:00:00,286.59253,285.2024
Oklaj,Potomje_2025-03-11_16-50_tf_1h,2021-02-24 11:00:00,289.33945,288.74908
Oklaj,Potomje_2025-03-11_16-50_tf_1h,2021-02-24 12:00:00,291.2046,290.68094
Oklaj,Potomje_2025-03-11_16-50_tf_1h,2021-02-24 13:00:00,292.41605,291.93814
Oklaj,Potomje_2025-03-11_16-50_tf_1h,2021-02-24 14:00:00,293.06525,292.6688
Oklaj,Potomje_2025-03-11_16-50_tf_1h,2021-02-24 15:00:00,293.23172,292.92178
Oklaj,Potomje_2025-03-11_16-50_tf_1h,2021-02-24 16:00:00,292.50665,292.76218
Oklaj,Potomje_2025-03-11_16-50_tf_1h,2021-02-24 17:00:00,290.44687,291.64206
Oklaj,Potomje_2025-03-11_16-50_tf_1h,2021-02-24 18:00:00,287.09442,289.31036
Oklaj,Potomje_2025-03-11_16-50_tf_1h,2021-02-24 19:00:00,284.35324,285.99948
Oklaj,Potomje_2025-03-11_16-50_tf_1h,2021-02-24 20:00:00,282.39423,283.7238
Oklaj,Potomje_2025-03-11_16-50_tf_1h,2021-02-24 21:00:00,281.09995,281.9888
Oklaj,Potomje_2025-03-11_16-50_tf_1h,2021-02-24 22:00:00,280.44586,280.75363
Oklaj,Potomje_2025-03-11_16-50_tf_1h,2021-02-24 23:00:00,280.01822,280.0667
Oklaj,Potomje_2025-03-11_16-50_tf_1h,2021-02-25 00:00:00,279.69995,279.66653
Oklaj,Potomje_2025-03-11_16-50_tf_1h,2021-02-25 01:00:00,279.5384,279.3709
Oklaj,Potomje_2025-03-11_16-50_tf_1h,2021-02-25 02:00:00,279.29642,279.26752
Oklaj,Potomje_2025-03-11_16-50_tf_1h,2021-02-25 03:00:00,278.95978,279.0031
Oklaj,Potomje_2025-03-11_16-50_tf_1h,2021-02-25 04:00:00,278.58725,278.58362
Oklaj,Potomje_2025-03-11_16-50_tf_1h,2021-02-25 05:00:00,278.17593,278.19537
Oklaj,Potomje_2025-03-11_16-50_tf_1h,2021-02-25 06:00:00,277.7667,277.94907
Oklaj,Potomje_2025-03-11_16-50_tf_1h,2021-02-25 07:00:00,277.51166,278.1964
Oklaj,Potomje_2025-03-11_16-50_tf_1h,2021-02-25 08:00:00,279.30704,279.1748
Oklaj,Potomje_2025-03-11_16-50_tf_1h,2021-02-25 09:00:00,284.87918,281.74963
Oklaj,Potomje_2025-03-11_16-50_tf_1h,2021-02-25 10:00:00,289.64752,288.30664
Oklaj,Potomje_2025-03-11_16-50_tf_1h,2021-02-25 11:00:00,291.78278,292.0341
Oklaj,Potomje_2025-03-11_16-50_tf_1h,2021-02-25 12:00:00,292.61926,292.64447
Oklaj,Potomje_2025-03-11_16-50_tf_1h,2021-02-25 13:00:00,292.9465,292.73495
Oklaj,Potomje_2025-03-11_16-50_tf_1h,2021-02-25 14:00:00,292.7682,292.67062
Oklaj,Potomje_2025-03-11_16-50_tf_1h,2021-02-25 15:00:00,292.10757,292.13193
Oklaj,Potomje_2025-03-11_16-50_tf_1h,2021-02-25 16:00:00,291.03363,291.2312
Oklaj,Potomje_2025-03-11_16-50_tf_1h,2021-02-25 17:00:00,289.37903,290.0474
Oklaj,Potomje_2025-03-11_16-50_tf_1h,2021-02-25 18:00:00,288.2349,288.34213
Oklaj,Potomje_2025-03-11_16-50_tf_1h,2021-02-25 19:00:00,287.45065,287.34778
Oklaj,Potomje_2025-03-11_16-50_tf_1h,2021-02-25 20:00:00,285.1779,286.686
Oklaj,Potomje_2025-03-11_16-50_tf_1h,2021-02-25 21:00:00,282.94754,284.379
Oklaj,Potomje_2025-03-11_16-50_tf_1h,2021-02-25 22:00:00,281.54428,282.36444
Oklaj,Potomje_2025-03-11_16-50_tf_1h,2021-02-25 23:00:00,280.40506,281.06705
Oklaj,Potomje_2025-03-11_16-50_tf_1h,2021-02-26 00:00:00,279.3711,279.94717
Oklaj,Potomje_2025-03-11_16-50_tf_1h,2021-02-26 01:00:00,278.6407,278.89526
Oklaj,Potomje_2025-03-11_16-50_tf_1h,2021-02-26 02:00:00,278.1425,278.20532
Oklaj,Potomje_2025-03-11_16-50_tf_1h,2021-02-26 03:00:00,277.78015,277.73285
Oklaj,Potomje_2025-03-11_16-50_tf_1h,2021-02-26 04:00:00,277.45453,277.3323
Oklaj,Potomje_2025-03-11_16-50_tf_1h,2021-02-26 05:00:00,277.184,277.10498
Oklaj,Potomje_2025-03-11_16-50_tf_1h,2021-02-26 06:00:00,276.94284,277.34018
Oklaj,Potomje_2025-03-11_16-50_tf_1h,2021-02-26 07:00:00,276.8025,278.25653
Oklaj,Potomje_2025-03-11_16-50_tf_1h,2021-02-26 08:00:00,278.75046,278.68402
Oklaj,Potomje_2025-03-11_16-50_tf_1h,2021-02-26 09:00:00,284.8702,280.9241
Oklaj,Potomje_2025-03-11_16-50_tf_1h,2021-02-26 10:00:00,289.39044,288.73355
Oklaj,Potomje_2025-03-11_16-50_tf_1h,2021-02-26 11:00:00,291.0565,291.68073
Oklaj,Potomje_2025-03-11_16-50_tf_1h,2021-02-26 12:00:00,291.62732,291.73163
Oklaj,Potomje_2025-03-11_16-50_tf_1h,2021-02-26 13:00:00,291.81747,291.64514
Oklaj,Potomje_2025-03-11_16-50_tf_1h,2021-02-26 14:00:00,291.76566,291.503
Oklaj,Potomje_2025-03-11_16-50_tf_1h,2021-02-26 15:00:00,291.31354,291.253
Oklaj,Potomje_2025-03-11_16-50_tf_1h,2021-02-26 16:00:00,290.43463,290.5717
Oklaj,Potomje_2025-03-11_16-50_tf_1h,2021-02-26 17:00:00,288.9351,289.52652
Oklaj,Potomje_2025-03-11_16-50_tf_1h,2021-02-26 18:00:00,287.05606,287.83887
Oklaj,Potomje_2025-03-11_16-50_tf_1h,2021-02-26 19:00:00,285.99396,285.95316
Oklaj,Potomje_2025-03-11_16-50_tf_1h,2021-02-26 20:00:00,285.11423,285.2096
Oklaj,Potomje_2025-03-11_16-50_tf_1h,2021-02-26 21:00:00,282.66394,284.43658
Oklaj,Potomje_2025-03-11_16-50_tf_1h,2021-02-26 22:00:00,280.96774,281.9777
Oklaj,Potomje_2025-03-11_16-50_tf_1h,2021-02-26 23:00:00,279.67712,280.43292
Oklaj,Potomje_2025-03-11_16-50_tf_1h,2021-02-27 00:00:00,278.6978,279.19336
Oklaj,Potomje_2025-03-11_16-50_tf_1h,2021-02-27 01:00:00,277.86584,278.23416
Oklaj,Potomje_2025-03-11_16-50_tf_1h,2021-02-27 02:00:00,277.26562,277.38095
Oklaj,Potomje_2025-03-11_16-50_tf_1h,2021-02-27 03:00:00,276.99875,276.80377
Oklaj,Potomje_2025-03-11_16-50_tf_1h,2021-02-27 04:00:00,276.66702,276.61194
Oklaj,Potomje_2025-03-11_16-50_tf_1h,2021-02-27 05:00:00,276.78534,276.38846
Oklaj,Potomje_2025-03-11_16-50_tf_1h,2021-02-27 06:00:00,277.082,277.3729
Oklaj,Potomje_2025-03-11_16-50_tf_1h,2021-02-27 07:00:00,277.4174,278.8103
Oklaj,Potomje_2025-03-11_16-50_tf_1h,2021-02-27 08:00:00,280.11697,279.43762
Oklaj,Potomje_2025-03-11_16-50_tf_1h,2021-02-27 09:00:00,284.7074,282.50476
Oklaj,Potomje_2025-03-11_16-50_tf_1h,2021-02-27 10:00:00,286.7627,287.50912
Oklaj,Potomje_2025-03-11_16-50_tf_1h,2021-02-27 11:00:00,286.93082,287.7738
Oklaj,Potomje_2025-03-11_16-50_tf_1h,2021-02-27 12:00:00,286.85123,286.90204
Oklaj,Potomje_2025-03-11_16-50_tf_1h,2021-02-27 13:00:00,286.63458,286.5946
Oklaj,Potomje_2025-03-11_16-50_tf_1h,2021-02-27 14:00:00,286.38974,286.17603
Oklaj,Potomje_2025-03-11_16-50_tf_1h,2021-02-27 15:00:00,285.7789,285.8868
Oklaj,Potomje_2025-03-11_16-50_tf_1h,2021-02-27 16:00:00,284.8298,285.05014
Oklaj,Potomje_2025-03-11_16-50_tf_1h,2021-02-27 17:00:00,283.51715,283.9862
Oklaj,Potomje_2025-03-11_16-50_tf_1h,2021-02-27 18:00:00,282.07025,282.61087
Oklaj,Potomje_2025-03-11_16-50_tf_1h,2021-02-27 19:00:00,281.11136,281.1945
Oklaj,Potomje_2025-03-11_16-50_tf_1h,2021-02-27 20:00:00,281.1036,280.46844
Oklaj,Potomje_2025-03-11_16-50_tf_1h,2021-02-27 21:00:00,280.47278,280.80478
Oklaj,Potomje_2025-03-11_16-50_tf_1h,2021-02-27 22:00:00,279.84442,280.00873
Oklaj,Potomje_2025-03-11_16-50_tf_1h,2021-02-27 23:00:00,279.25845,279.44257
Oklaj,Potomje_2025-03-11_16-50_tf_1h,2021-02-28 00:00:00,278.90918,278.88217
Oklaj,Potomje_2025-03-11_16-50_tf_1h,2021-02-28 01:00:00,278.8088,278.6032
Oklaj,Potomje_2025-03-11_16-50_tf_1h,2021-02-28 02:00:00,278.33752,278.6368
Oklaj,Potomje_2025-03-11_16-50_tf_1h,2021-02-28 03:00:00,278.0062,278.02505
Oklaj,Potomje_2025-03-11_16-50_tf_1h,2021-02-28 04:00:00,277.6459,278.0176
Oklaj,Potomje_2025-03-11_16-50_tf_1h,2021-02-28 05:00:00,277.22318,278.01978
Oklaj,Potomje_2025-03-11_16-50_tf_1h,2021-02-28 06:00:00,276.94406,278.2627
Oklaj,Potomje_2025-03-11_16-50_tf_1h,2021-02-28 07:00:00,276.79922,278.33994
Oklaj,Potomje_2025-03-11_16-50_tf_1h,2021-02-28 08:00:00,278.3306,277.59598
Oklaj,Potomje_2025-03-11_16-50_tf_1h,2021-02-28 09:00:00,279.6257,279.76178
Oklaj,Potomje_2025-03-11_16-50_tf_1h,2021-02-28 10:00:00,280.8955,280.54324
Oklaj,Potomje_2025-03-11_16-50_tf_1h,2021-02-28 11:00:00,282.0821,281.87433
Oklaj,Potomje_2025-03-11_16-50_tf_1h,2021-02-28 12:00:00,283.12137,282.90552
Oklaj,Potomje_2025-03-11_16-50_tf_1h,2021-02-28 13:00:00,283.7624,283.7899
Oklaj,Potomje_2025-03-11_16-50_tf_1h,2021-02-28 14:00:00,284.18063,284.10822
Oklaj,Potomje_2025-03-11_16-50_tf_1h,2021-02-28 15:00:00,284.22388,284.3523
Oklaj,Potomje_2025-03-11_16-50_tf_1h,2021-02-28 16:00:00,283.87094,284.14026
Oklaj,Potomje_2025-03-11_16-50_tf_1h,2021-02-28 17:00:00,282.88266,283.5688
Oklaj,Potomje_2025-03-11_16-50_tf_1h,2021-02-28 18:00:00,281.2513,282.2713
Oklaj,Potomje_2025-03-11_16-50_tf_1h,2021-02-28 19:00:00,279.84317,280.3877
Oklaj,Potomje_2025-03-11_16-50_tf_1h,2021-02-28 20:00:00,279.45227,279.1345
Oklaj,Potomje_2025-03-11_16-50_tf_1h,2021-02-28 21:00:00,278.24,279.1966
Oklaj,Potomje_2025-03-11_16-50_tf_1h,2021-02-28 22:00:00,277.2048,277.5956
Oklaj,Potomje_2025-03-11_16-50_tf_1h,2021-02-28 23:00:00,276.35406,276.72888
Oklaj,Potomje_2025-03-11_16-50_tf_1h,2021-03-01 00:00:00,275.64896,275.92456
Oklaj,Potomje_2025-03-11_16-50_tf_1h,2021-03-01 01:00:00,275.05942,275.27106
Oklaj,Potomje_2025-03-11_16-50_tf_1h,2021-03-01 02:00:00,274.66254,274.78363
Oklaj,Potomje_2025-03-11_16-50_tf_1h,2021-03-01 03:00:00,274.2778,274.61572
Oklaj,Potomje_2025-03-11_16-50_tf_1h,2021-03-01 04:00:00,273.9643,274.46512
Oklaj,Potomje_2025-03-11_16-50_tf_1h,2021-03-01 05:00:00,273.76447,274.60345
Oklaj,Potomje_2025-03-11_16-50_tf_1h,2021-03-01 06:00:00,273.62405,274.99152
Oklaj,Potomje_2025-03-11_16-50_tf_1h,2021-03-01 07:00:00,273.67096,275.02216
Oklaj,Potomje_2025-03-11_16-50_tf_1h,2021-03-01 08:00:00,275.9575,274.96027
Oklaj,Potomje_2025-03-11_16-50_tf_1h,2021-03-01 09:00:00,279.45517,278.50012
Oklaj,Potomje_2025-03-11_16-50_tf_1h,2021-03-01 10:00:00,282.16882,282.03632
Oklaj,Potomje_2025-03-11_16-50_tf_1h,2021-03-01 11:00:00,284.21655,283.9339
Oklaj,Potomje_2025-03-11_16-50_tf_1h,2021-03-01 12:00:00,285.67487,285.51477
Oklaj,Potomje_2025-03-11_16-50_tf_1h,2021-03-01 13:00:00,286.58856,286.43356
Oklaj,Potomje_2025-03-11_16-50_tf_1h,2021-03-01 14:00:00,286.94653,286.90872
Oklaj,Potomje_2025-03-11_16-50_tf_1h,2021-03-01 15:00:00,286.85754,286.89755
Oklaj,Potomje_2025-03-11_16-50_tf_1h,2021-03-01 16:00:00,286.1892,286.5195
Oklaj,Potomje_2025-03-11_16-50_tf_1h,2021-03-01 17:00:00,284.7243,285.5549
Oklaj,Potomje_2025-03-11_16-50_tf_1h,2021-03-01 18:00:00,282.80518,283.80133
Oklaj,Potomje_2025-03-11_16-50_tf_1h,2021-03-01 19:00:00,281.43027,281.75436
Oklaj,Potomje_2025-03-11_16-50_tf_1h,2021-03-01 20:00:00,280.99203,280.64923
Oklaj,Potomje_2025-03-11_16-50_tf_1h,2021-03-01 21:00:00,279.97443,280.5621
Oklaj,Potomje_2025-03-11_16-50_tf_1h,2021-03-01 22:00:00,278.98877,279.37442
Oklaj,Potomje_2025-03-11_16-50_tf_1h,2021-03-01 23:00:00,277.94406,278.4565
Oklaj,Potomje_2025-03-11_16-50_tf_1h,2021-03-02 00:00:00,277.00708,277.39902
Oklaj,Potomje_2025-03-11_16-50_tf_1h,2021-03-02 01:00:00,276.26123,276.50128
Oklaj,Potomje_2025-03-11_16-50_tf_1h,2021-03-02 02:00:00,275.766,275.78983
Oklaj,Potomje_2025-03-11_16-50_tf_1h,2021-03-02 03:00:00,275.2596,275.39734
Oklaj,Potomje_2025-03-11_16-50_tf_1h,2021-03-02 04:00:00,274.862,274.97632
Oklaj,Potomje_2025-03-11_16-50_tf_1h,2021-03-02 05:00:00,274.59302,274.90063
Oklaj,Potomje_2025-03-11_16-50_tf_1h,2021-03-02 06:00:00,274.24615,275.21017
Oklaj,Potomje_2025-03-11_16-50_tf_1h,2021-03-02 07:00:00,274.05954,275.57285
Oklaj,Potomje_2025-03-11_16-50_tf_1h,2021-03-02 08:00:00,276.35403,275.6883
Oklaj,Potomje_2025-03-11_16-50_tf_1h,2021-03-02 09:00:00,280.26462,279.1084
Oklaj,Potomje_2025-03-11_16-50_tf_1h,2021-03-02 10:00:00,282.72488,282.9872
Oklaj,Potomje_2025-03-11_16-50_tf_1h,2021-03-02 11:00:00,284.51996,284.19937
Oklaj,Potomje_2025-03-11_16-50_tf_1h,2021-03-02 12:00:00,285.77634,285.67117
Oklaj,Potomje_2025-03-11_16-50_tf_1h,2021-03-02 13:00:00,286.61496,286.426
Oklaj,Potomje_2025-03-11_16-50_tf_1h,2021-03-02 14:00:00,287.0487,286.9274
Oklaj,Potomje_2025-03-11_16-50_tf_1h,2021-03-02 15:00:00,287.1933,287.0436
Oklaj,Potomje_2025-03-11_16-50_tf_1h,2021-03-02 16:00:00,286.83185,286.96967
Oklaj,Potomje_2025-03-11_16-50_tf_1h,2021-03-02 17:00:00,285.46982,286.33328
Oklaj,Potomje_2025-03-11_16-50_tf_1h,2021-03-02 18:00:00,283.43042,284.57968
Oklaj,Potomje_2025-03-11_16-50_tf_1h,2021-03-02 19:00:00,282.3662,282.3583
Oklaj,Potomje_2025-03-11_16-50_tf_1h,2021-03-02 20:00:00,280.4756,281.67966
Oklaj,Potomje_2025-03-11_16-50_tf_1h,2021-03-02 21:00:00,278.3027,279.56107
Oklaj,Potomje_2025-03-11_16-50_tf_1h,2021-03-02 22:00:00,276.6762,277.46494
Oklaj,Potomje_2025-03-11_16-50_tf_1h,2021-03-02 23:00:00,275.6325,276.04852
Oklaj,Potomje_2025-03-11_16-50_tf_1h,2021-03-03 00:00:00,274.86966,275.0955
Oklaj,Potomje_2025-03-11_16-50_tf_1h,2021-03-03 01:00:00,274.3438,274.39453
Oklaj,Potomje_2025-03-11_16-50_tf_1h,2021-03-03 02:00:00,273.941,273.97617
Oklaj,Potomje_2025-03-11_16-50_tf_1h,2021-03-03 03:00:00,273.63586,273.67294
Oklaj,Potomje_2025-03-11_16-50_tf_1h,2021-03-03 04:00:00,273.40753,273.6076
Oklaj,Potomje_2025-03-11_16-50_tf_1h,2021-03-03 05:00:00,273.24802,273.75415
Oklaj,Potomje_2025-03-11_16-50_tf_1h,2021-03-03 06:00:00,273.0228,274.21945
Oklaj,Potomje_2025-03-11_16-50_tf_1h,2021-03-03 07:00:00,272.98874,274.5555
Oklaj,Potomje_2025-03-11_16-50_tf_1h,2021-03-03 08:00:00,275.6819,274.58527
Oklaj,Potomje_2025-03-11_16-50_tf_1h,2021-03-03 09:00:00,281.78653,278.6791
Oklaj,Potomje_2025-03-11_16-50_tf_1h,2021-03-03 10:00:00,285.05066,285.75314
Oklaj,Potomje_2025-03-11_16-50_tf_1h,2021-03-03 11:00:00,286.45892,286.68182
Oklaj,Potomje_2025-03-11_16-50_tf_1h,2021-03-03 12:00:00,287.3285,287.22006
Oklaj,Potomje_2025-03-11_16-50_tf_1h,2021-03-03 13:00:00,287.80566,287.62222
Oklaj,Potomje_2025-03-11_16-50_tf_1h,2021-03-03 14:00:00,287.93668,287.765
Oklaj,Potomje_2025-03-11_16-50_tf_1h,2021-03-03 15:00:00,287.66177,287.62372
Oklaj,Potomje_2025-03-11_16-50_tf_1h,2021-03-03 16:00:00,286.8513,287.0971
Oklaj,Potomje_2025-03-11_16-50_tf_1h,2021-03-03 17:00:00,285.507,286.0522
Oklaj,Potomje_2025-03-11_16-50_tf_1h,2021-03-03 18:00:00,283.43076,284.56848
Oklaj,Potomje_2025-03-11_16-50_tf_1h,2021-03-03 19:00:00,283.08633,282.31476
Oklaj,Potomje_2025-03-11_16-50_tf_1h,2021-03-03 20:00:00,282.6248,282.59723
Oklaj,Potomje_2025-03-11_16-50_tf_1h,2021-03-03 21:00:00,280.5131,282.1125
Oklaj,Potomje_2025-03-11_16-50_tf_1h,2021-03-03 22:00:00,278.59744,279.57947
Oklaj,Potomje_2025-03-11_16-50_tf_1h,2021-03-03 23:00:00,277.66254,277.81476
Oklaj,Potomje_2025-03-11_16-50_tf_1h,2021-03-04 00:00:00,277.3063,277.19177
Oklaj,Potomje_2025-03-11_16-50_tf_1h,2021-03-04 01:00:00,277.22742,276.98917
Oklaj,Potomje_2025-03-11_16-50_tf_1h,2021-03-04 02:00:00,277.103,277.01923
Oklaj,Potomje_2025-03-11_16-50_tf_1h,2021-03-04 03:00:00,276.63345,276.89105
Oklaj,Potomje_2025-03-11_16-50_tf_1h,2021-03-04 04:00:00,275.98737,276.2884
Oklaj,Potomje_2025-03-11_16-50_tf_1h,2021-03-04 05:00:00,275.43094,275.70706
Oklaj,Potomje_2025-03-11_16-50_tf_1h,2021-03-04 06:00:00,275.08548,275.67017
Oklaj,Potomje_2025-03-11_16-50_tf_1h,2021-03-04 07:00:00,274.82483,276.3254
Oklaj,Potomje_2025-03-11_16-50_tf_1h,2021-03-04 08:00:00,276.42422,276.40747
Oklaj,Potomje_2025-03-11_16-50_tf_1h,2021-03-04 09:00:00,281.22037,278.3493
Oklaj,Potomje_2025-03-11_16-50_tf_1h,2021-03-04 10:00:00,283.67474,284.50726
Oklaj,Potomje_2025-03-11_16-50_tf_1h,2021-03-04 11:00:00,284.80286,284.94522
Oklaj,Potomje_2025-03-11_16-50_tf_1h,2021-03-04 12:00:00,285.5362,285.5688
Oklaj,Potomje_2025-03-11_16-50_tf_1h,2021-03-04 13:00:00,285.83472,285.90866
Oklaj,Potomje_2025-03-11_16-50_tf_1h,2021-03-04 14:00:00,285.77182,285.8254
Oklaj,Potomje_2025-03-11_16-50_tf_1h,2021-03-04 15:00:00,285.46216,285.48453
Oklaj,Potomje_2025-03-11_16-50_tf_1h,2021-03-04 16:00:00,284.8046,285.01785
Oklaj,Potomje_2025-03-11_16-50_tf_1h,2021-03-04 17:00:00,283.66953,284.20267
Oklaj,Potomje_2025-03-11_16-50_tf_1h,2021-03-04 18:00:00,282.0882,282.89548
Oklaj,Potomje_2025-03-11_16-50_tf_1h,2021-03-04 19:00:00,280.3699,281.158
Oklaj,Potomje_2025-03-11_16-50_tf_1h,2021-03-04 20:00:00,279.0197,279.47797
Oklaj,Potomje_2025-03-11_16-50_tf_1h,2021-03-04 21:00:00,277.91452,278.3399
Oklaj,Potomje_2025-03-11_16-50_tf_1h,2021-03-04 22:00:00,276.9782,277.35
Oklaj,Potomje_2025-03-11_16-50_tf_1h,2021-03-04 23:00:00,276.46594,276.48874
Oklaj,Potomje_2025-03-11_16-50_tf_1h,2021-03-05 00:00:00,276.11908,276.14532
Oklaj,Potomje_2025-03-11_16-50_tf_1h,2021-03-05 01:00:00,275.71732,275.85666
Oklaj,Potomje_2025-03-11_16-50_tf_1h,2021-03-05 02:00:00,275.66312,275.441
Oklaj,Potomje_2025-03-11_16-50_tf_1h,2021-03-05 03:00:00,275.42505,275.71652
Oklaj,Potomje_2025-03-11_16-50_tf_1h,2021-03-05 04:00:00,275.17377,275.48083
Oklaj,Potomje_2025-03-11_16-50_tf_1h,2021-03-05 05:00:00,275.45596,275.6172
Oklaj,Potomje_2025-03-11_16-50_tf_1h,2021-03-05 06:00:00,276.1448,276.86945
Oklaj,Potomje_2025-03-11_16-50_tf_1h,2021-03-05 07:00:00,276.85345,278.1084
Oklaj,Potomje_2025-03-11_16-50_tf_1h,2021-03-05 08:00:00,278.54495,278.41528
Oklaj,Potomje_2025-03-11_16-50_tf_1h,2021-03-05 09:00:00,282.1629,280.14862
Oklaj,Potomje_2025-03-11_16-50_tf_1h,2021-03-05 10:00:00,283.17877,284.5621
Oklaj,Potomje_2025-03-11_16-50_tf_1h,2021-03-05 11:00:00,283.96875,283.62903
Oklaj,Potomje_2025-03-11_16-50_tf_1h,2021-03-05 12:00:00,284.58252,284.53268
Oklaj,Potomje_2025-03-11_16-50_tf_1h,2021-03-05 13:00:00,284.82233,284.81628
Oklaj,Potomje_2025-03-11_16-50_tf_1h,2021-03-05 14:00:00,284.64612,284.76218
Oklaj,Potomje_2025-03-11_16-50_tf_1h,2021-03-05 15:00:00,284.06815,284.3108
Oklaj,Potomje_2025-03-11_16-50_tf_1h,2021-03-05 16:00:00,283.8676,283.5143
Oklaj,Potomje_2025-03-11_16-50_tf_1h,2021-03-05 17:00:00,283.62085,283.5125
Oklaj,Potomje_2025-03-11_16-50_tf_1h,2021-03-05 18:00:00,282.72314,283.23495
Oklaj,Potomje_2025-03-11_16-50_tf_1h,2021-03-05 19:00:00,281.72986,282.09628
Oklaj,Potomje_2025-03-11_16-50_tf_1h,2021-03-05 20:00:00,278.75244,281.11908
Oklaj,Potomje_2025-03-11_16-50_tf_1h,2021-03-05 21:00:00,278.0358,277.56558
Oklaj,Potomje_2025-03-11_16-50_tf_1h,2021-03-05 22:00:00,277.28406,277.70862
Oklaj,Potomje_2025-03-11_16-50_tf_1h,2021-03-05 23:00:00,277.21246,276.8391
Oklaj,Potomje_2025-03-11_16-50_tf_1h,2021-03-06 00:00:00,278.25787,277.0983
Oklaj,Potomje_2025-03-11_16-50_tf_1h,2021-03-06 01:00:00,277.60345,278.76816
Oklaj,Potomje_2025-03-11_16-50_tf_1h,2021-03-06 02:00:00,276.43536,277.12625
Oklaj,Potomje_2025-03-11_16-50_tf_1h,2021-03-06 03:00:00,275.96512,275.9384
Oklaj,Potomje_2025-03-11_16-50_tf_1h,2021-03-06 04:00:00,275.56787,276.10486
Oklaj,Potomje_2025-03-11_16-50_tf_1h,2021-03-06 05:00:00,275.3889,276.01645
Oklaj,Potomje_2025-03-11_16-50_tf_1h,2021-03-06 06:00:00,274.9795,276.60605
Oklaj,Potomje_2025-03-11_16-50_tf_1h,2021-03-06 07:00:00,274.7289,276.13824
Oklaj,Potomje_2025-03-11_16-50_tf_1h,2021-03-06 08:00:00,275.8216,275.64368
Oklaj,Potomje_2025-03-11_16-50_tf_1h,2021-03-06 09:00:00,276.83154,277.2966
Oklaj,Potomje_2025-03-11_16-50_tf_1h,2021-03-06 10:00:00,278.06223,277.86804
Oklaj,Potomje_2025-03-11_16-50_tf_1h,2021-03-06 11:00:00,279.22754,279.24747
Oklaj,Potomje_2025-03-11_16-50_tf_1h,2021-03-06 12:00:00,279.95947,280.1638
Oklaj,Potomje_2025-03-11_16-50_tf_1h,2021-03-06 13:00:00,280.7171,280.55954
Oklaj,Potomje_2025-03-11_16-50_tf_1h,2021-03-06 14:00:00,281.29752,281.28452
Oklaj,Potomje_2025-03-11_16-50_tf_1h,2021-03-06 15:00:00,281.2527,281.66336
Oklaj,Potomje_2025-03-11_16-50_tf_1h,2021-03-06 16:00:00,280.6052,281.1834
Oklaj,Potomje_2025-03-11_16-50_tf_1h,2021-03-06 17:00:00,279.60846,280.19513
Oklaj,Potomje_2025-03-11_16-50_tf_1h,2021-03-06 18:00:00,278.10706,279.04114
Oklaj,Potomje_2025-03-11_16-50_tf_1h,2021-03-06 19:00:00,276.82495,277.30917
Oklaj,Potomje_2025-03-11_16-50_tf_1h,2021-03-06 20:00:00,276.01483,276.26642
Oklaj,Potomje_2025-03-11_16-50_tf_1h,2021-03-06 21:00:00,275.05072,275.7314
Oklaj,Potomje_2025-03-11_16-50_tf_1h,2021-03-06 22:00:00,274.24582,274.66373
Oklaj,Potomje_2025-03-11_16-50_tf_1h,2021-03-06 23:00:00,273.57053,274.00528
Oklaj,Potomje_2025-03-11_16-50_tf_1h,2021-03-07 00:00:00,272.98944,273.3922
Oklaj,Potomje_2025-03-11_16-50_tf_1h,2021-03-07 01:00:00,272.4848,272.9336
Oklaj,Potomje_2025-03-11_16-50_tf_1h,2021-03-07 02:00:00,272.1004,272.6002
Oklaj,Potomje_2025-03-11_16-50_tf_1h,2021-03-07 03:00:00,271.70422,272.4447
Oklaj,Potomje_2025-03-11_16-50_tf_1h,2021-03-07 04:00:00,271.41226,272.20767
Oklaj,Potomje_2025-03-11_16-50_tf_1h,2021-03-07 05:00:00,271.16342,272.18936
Oklaj,Potomje_2025-03-11_16-50_tf_1h,2021-03-07 06:00:00,270.8986,272.0378
Oklaj,Potomje_2025-03-11_16-50_tf_1h,2021-03-07 07:00:00,270.93372,271.80014
Oklaj,Potomje_2025-03-11_16-50_tf_1h,2021-03-07 08:00:00,273.8013,272.02576
Oklaj,Potomje_2025-03-11_16-50_tf_1h,2021-03-07 09:00:00,277.28998,277.03372
Oklaj,Potomje_2025-03-11_16-50_tf_1h,2021-03-07 10:00:00,279.39124,279.9263
Oklaj,Potomje_2025-03-11_16-50_tf_1h,2021-03-07 11:00:00,280.53467,280.96527
Oklaj,Potomje_2025-03-11_16-50_tf_1h,2021-03-07 12:00:00,281.31177,281.4514
Oklaj,Potomje_2025-03-11_16-50_tf_1h,2021-03-07 13:00:00,281.78235,281.8504
Oklaj,Potomje_2025-03-11_16-50_tf_1h,2021-03-07 14:00:00,281.95438,282.01807
Oklaj,Potomje_2025-03-11_16-50_tf_1h,2021-03-07 15:00:00,281.7966,281.94415
Oklaj,Potomje_2025-03-11_16-50_tf_1h,2021-03-07 16:00:00,281.2499,281.54303
Oklaj,Potomje_2025-03-11_16-50_tf_1h,2021-03-07 17:00:00,280.31604,280.76788
Oklaj,Potomje_2025-03-11_16-50_tf_1h,2021-03-07 18:00:00,278.85532,279.65582
Oklaj,Potomje_2025-03-11_16-50_tf_1h,2021-03-07 19:00:00,278.60648,277.96307
Oklaj,Potomje_2025-03-11_16-50_tf_1h,2021-03-07 20:00:00,277.72195,278.4846
Oklaj,Potomje_2025-03-11_16-50_tf_1h,2021-03-07 21:00:00,276.97684,277.1479
Oklaj,Potomje_2025-03-11_16-50_tf_1h,2021-03-07 22:00:00,274.77686,276.61435
Oklaj,Potomje_2025-03-11_16-50_tf_1h,2021-03-07 23:00:00,273.54517,273.60574
Oklaj,Potomje_2025-03-11_16-50_tf_1h,2021-03-08 00:00:00,272.9804,273.00098
Oklaj,Potomje_2025-03-11_16-50_tf_1h,2021-03-08 01:00:00,272.46463,272.75104
Oklaj,Potomje_2025-03-11_16-50_tf_1h,2021-03-08 02:00:00,272.19635,272.31396
Oklaj,Potomje_2025-03-11_16-50_tf_1h,2021-03-08 03:00:00,271.95828,272.41016
Oklaj,Potomje_2025-03-11_16-50_tf_1h,2021-03-08 04:00:00,271.88458,272.36172
Oklaj,Potomje_2025-03-11_16-50_tf_1h,2021-03-08 05:00:00,271.8429,272.77936
Oklaj,Potomje_2025-03-11_16-50_tf_1h,2021-03-08 06:00:00,271.77408,273.12457
Oklaj,Potomje_2025-03-11_16-50_tf_1h,2021-03-08 07:00:00,271.95062,273.12927
Oklaj,Potomje_2025-03-11_16-50_tf_1h,2021-03-08 08:00:00,274.99548,273.31424
Oklaj,Potomje_2025-03-11_16-50_tf_1h,2021-03-08 09:00:00,279.44128,278.2373
Oklaj,Potomje_2025-03-11_16-50_tf_1h,2021-03-08 10:00:00,281.1651,282.61453
Oklaj,Potomje_2025-03-11_16-50_tf_1h,2021-03-08 11:00:00,282.16464,282.2268
Oklaj,Potomje_2025-03-11_16-50_tf_1h,2021-03-08 12:00:00,283.09744,283.00473
Oklaj,Potomje_2025-03-11_16-50_tf_1h,2021-03-08 13:00:00,283.7599,283.64584
Oklaj,Potomje_2025-03-11_16-50_tf_1h,2021-03-08 14:00:00,284.0282,284.0319
Oklaj,Potomje_2025-03-11_16-50_tf_1h,2021-03-08 15:00:00,284.04626,283.99283
Oklaj,Potomje_2025-03-11_16-50_tf_1h,2021-03-08 16:00:00,283.6803,283.8123
Oklaj,Potomje_2025-03-11_16-50_tf_1h,2021-03-08 17:00:00,282.73184,283.2196
Oklaj,Potomje_2025-03-11_16-50_tf_1h,2021-03-08 18:00:00,281.21445,281.99683
Oklaj,Potomje_2025-03-11_16-50_tf_1h,2021-03-08 19:00:00,280.494,280.2528
Oklaj,Potomje_2025-03-11_16-50_tf_1h,2021-03-08 20:00:00,280.58298,279.99585
Oklaj,Potomje_2025-03-11_16-50_tf_1h,2021-03-08 21:00:00,279.48715,280.45477
Oklaj,Potomje_2025-03-11_16-50_tf_1h,2021-03-08 22:00:00,276.62268,278.82242
Oklaj,Potomje_2025-03-11_16-50_tf_1h,2021-03-08 23:00:00,274.98853,275.41452
Oklaj,Potomje_2025-03-11_16-50_tf_1h,2021-03-09 00:00:00,274.38412,274.2346
Oklaj,Potomje_2025-03-11_16-50_tf_1h,2021-03-09 01:00:00,274.3195,274.021
Oklaj,Potomje_2025-03-11_16-50_tf_1h,2021-03-09 02:00:00,274.27048,274.2481
Oklaj,Potomje_2025-03-11_16-50_tf_1h,2021-03-09 03:00:00,274.44427,274.32376
Oklaj,Potomje_2025-03-11_16-50_tf_1h,2021-03-09 04:00:00,274.6038,274.87103
Oklaj,Potomje_2025-03-11_16-50_tf_1h,2021-03-09 05:00:00,274.80154,275.29117
Oklaj,Potomje_2025-03-11_16-50_tf_1h,2021-03-09 06:00:00,274.91553,276.04443
Oklaj,Potomje_2025-03-11_16-50_tf_1h,2021-03-09 07:00:00,275.1067,276.4433
Oklaj,Potomje_2025-03-11_16-50_tf_1h,2021-03-09 08:00:00,277.07346,276.4652
Oklaj,Potomje_2025-03-11_16-50_tf_1h,2021-03-09 09:00:00,278.97174,279.2108
Oklaj,Potomje_2025-03-11_16-50_tf_1h,2021-03-09 10:00:00,280.3376,280.46585
Oklaj,Potomje_2025-03-11_16-50_tf_1h,2021-03-09 11:00:00,281.2082,281.46298
Oklaj,Potomje_2025-03-11_16-50_tf_1h,2021-03-09 12:00:00,281.43237,281.89282
Oklaj,Potomje_2025-03-11_16-50_tf_1h,2021-03-09 13:00:00,281.5613,281.6465
Oklaj,Potomje_2025-03-11_16-50_tf_1h,2021-03-09 14:00:00,281.5005,281.65298
Oklaj,Potomje_2025-03-11_16-50_tf_1h,2021-03-09 15:00:00,281.34964,281.3669
Oklaj,Potomje_2025-03-11_16-50_tf_1h,2021-03-09 16:00:00,281.0386,281.127
Oklaj,Potomje_2025-03-11_16-50_tf_1h,2021-03-09 17:00:00,280.34036,280.70004
Oklaj,Potomje_2025-03-11_16-50_tf_1h,2021-03-09 18:00:00,279.41174,279.81146
Oklaj,Potomje_2025-03-11_16-50_tf_1h,2021-03-09 19:00:00,278.50778,278.81976
Oklaj,Potomje_2025-03-11_16-50_tf_1h,2021-03-09 20:00:00,278.39307,277.95743
Oklaj,Potomje_2025-03-11_16-50_tf_1h,2021-03-09 21:00:00,278.2704,278.33002
Oklaj,Potomje_2025-03-11_16-50_tf_1h,2021-03-09 22:00:00,277.92493,278.20016
Oklaj,Potomje_2025-03-11_16-50_tf_1h,2021-03-09 23:00:00,277.63544,277.764
Oklaj,Potomje_2025-03-11_16-50_tf_1h,2021-03-10 00:00:00,277.37234,277.55692
Oklaj,Potomje_2025-03-11_16-50_tf_1h,2021-03-10 01:00:00,277.13043,277.3437
Oklaj,Potomje_2025-03-11_16-50_tf_1h,2021-03-10 02:00:00,276.88855,277.18103
Oklaj,Potomje_2025-03-11_16-50_tf_1h,2021-03-10 03:00:00,276.57993,277.04086
Oklaj,Potomje_2025-03-11_16-50_tf_1h,2021-03-10 04:00:00,276.39783,276.8402
Oklaj,Potomje_2025-03-11_16-50_tf_1h,2021-03-10 05:00:00,276.2077,277.03986
Oklaj,Potomje_2025-03-11_16-50_tf_1h,2021-03-10 06:00:00,276.10416,277.12808
Oklaj,Potomje_2025-03-11_16-50_tf_1h,2021-03-10 07:00:00,276.07077,277.1504
Oklaj,Potomje_2025-03-11_16-50_tf_1h,2021-03-10 08:00:00,277.5374,276.8682
Oklaj,Potomje_2025-03-11_16-50_tf_1h,2021-03-10 09:00:00,278.97174,279.15823
Oklaj,Potomje_2025-03-11_16-50_tf_1h,2021-03-10 10:00:00,280.4231,280.15424
Oklaj,Potomje_2025-03-11_16-50_tf_1h,2021-03-10 11:00:00,281.40317,281.59283
Oklaj,Potomje_2025-03-11_16-50_tf_1h,2021-03-10 12:00:00,282.28073,282.13718
Oklaj,Potomje_2025-03-11_16-50_tf_1h,2021-03-10 13:00:00,282.6547,282.92615
Oklaj,Potomje_2025-03-11_16-50_tf_1h,2021-03-10 14:00:00,282.61438,282.89044
Oklaj,Potomje_2025-03-11_16-50_tf_1h,2021-03-10 15:00:00,282.23102,282.59192
Oklaj,Potomje_2025-03-11_16-50_tf_1h,2021-03-10 16:00:00,281.60858,281.98895
Oklaj,Potomje_2025-03-11_16-50_tf_1h,2021-03-10 17:00:00,280.77863,281.239
Oklaj,Potomje_2025-03-11_16-50_tf_1h,2021-03-10 18:00:00,279.47882,280.32037
Oklaj,Potomje_2025-03-11_16-50_tf_1h,2021-03-10 19:00:00,278.3267,278.7995
Oklaj,Potomje_2025-03-11_16-50_tf_1h,2021-03-10 20:00:00,277.83145,277.772
Oklaj,Potomje_2025-03-11_16-50_tf_1h,2021-03-10 21:00:00,276.9737,277.6182
Oklaj,Potomje_2025-03-11_16-50_tf_1h,2021-03-10 22:00:00,276.16217,276.54007
Oklaj,Potomje_2025-03-11_16-50_tf_1h,2021-03-10 23:00:00,275.32043,275.80164
Oklaj,Potomje_2025-03-11_16-50_tf_1h,2021-03-11 00:00:00,274.53323,274.93716
Oklaj,Potomje_2025-03-11_16-50_tf_1h,2021-03-11 01:00:00,274.006,274.23276
Oklaj,Potomje_2025-03-11_16-50_tf_1h,2021-03-11 02:00:00,273.54028,273.96973
Oklaj,Potomje_2025-03-11_16-50_tf_1h,2021-03-11 03:00:00,272.97275,273.6918
Oklaj,Potomje_2025-03-11_16-50_tf_1h,2021-03-11 04:00:00,272.3656,273.32773
Oklaj,Potomje_2025-03-11_16-50_tf_1h,2021-03-11 05:00:00,271.80325,273.06927
Oklaj,Potomje_2025-03-11_16-50_tf_1h,2021-03-11 06:00:00,271.28717,272.89743
Oklaj,Potomje_2025-03-11_16-50_tf_1h,2021-03-11 07:00:00,271.4703,272.34036
Oklaj,Potomje_2025-03-11_16-50_tf_1h,2021-03-11 08:00:00,275.3225,272.83517
Oklaj,Potomje_2025-03-11_16-50_tf_1h,2021-03-11 09:00:00,278.71317,279.13773
Oklaj,Potomje_2025-03-11_16-50_tf_1h,2021-03-11 10:00:00,280.62155,280.9525
Oklaj,Potomje_2025-03-11_16-50_tf_1h,2021-03-11 11:00:00,282.11807,282.07275
Oklaj,Potomje_2025-03-11_16-50_tf_1h,2021-03-11 12:00:00,282.88858,283.1729
Oklaj,Potomje_2025-03-11_16-50_tf_1h,2021-03-11 13:00:00,283.24725,283.33438
Oklaj,Potomje_2025-03-11_16-50_tf_1h,2021-03-11 14:00:00,283.20242,283.40106
Oklaj,Potomje_2025-03-11_16-50_tf_1h,2021-03-11 15:00:00,283.0196,283.03452
Oklaj,Potomje_2025-03-11_16-50_tf_1h,2021-03-11 16:00:00,282.43295,282.73563
Oklaj,Potomje_2025-03-11_16-50_tf_1h,2021-03-11 17:00:00,281.55402,281.8987
Oklaj,Potomje_2025-03-11_16-50_tf_1h,2021-03-11 18:00:00,280.34525,280.89743
Oklaj,Potomje_2025-03-11_16-50_tf_1h,2021-03-11 19:00:00,279.39783,279.5721
Oklaj,Potomje_2025-03-11_16-50_tf_1h,2021-03-11 20:00:00,279.0583,278.8094
Oklaj,Potomje_2025-03-11_16-50_tf_1h,2021-03-11 21:00:00,278.57727,278.7833
Oklaj,Potomje_2025-03-11_16-50_tf_1h,2021-03-11 22:00:00,278.2697,278.22998
Oklaj,Potomje_2025-03-11_16-50_tf_1h,2021-03-11 23:00:00,277.87698,278.06534
Oklaj,Potomje_2025-03-11_16-50_tf_1h,2021-03-12 00:00:00,278.00278,277.6313
Oklaj,Potomje_2025-03-11_16-50_tf_1h,2021-03-12 01:00:00,278.1477,278.06912
Oklaj,Potomje_2025-03-11_16-50_tf_1h,2021-03-12 02:00:00,278.81708,278.20175
Oklaj,Potomje_2025-03-11_16-50_tf_1h,2021-03-12 03:00:00,279.369,279.2413
Oklaj,Potomje_2025-03-11_16-50_tf_1h,2021-03-12 04:00:00,279.55075,279.73267
Oklaj,Potomje_2025-03-11_16-50_tf_1h,2021-03-12 05:00:00,279.6411,279.8741
Oklaj,Potomje_2025-03-11_16-50_tf_1h,2021-03-12 06:00:00,279.7558,280.306
Oklaj,Potomje_2025-03-11_16-50_tf_1h,2021-03-12 07:00:00,279.90317,280.92374
Oklaj,Potomje_2025-03-11_16-50_tf_1h,2021-03-12 08:00:00,280.28928,280.81128
Oklaj,Potomje_2025-03-11_16-50_tf_1h,2021-03-12 09:00:00,280.779,280.94882
Oklaj,Potomje_2025-03-11_16-50_tf_1h,2021-03-12 10:00:00,281.2586,281.31082
Oklaj,Potomje_2025-03-11_16-50_tf_1h,2021-03-12 11:00:00,281.76495,281.6618
Oklaj,Potomje_2025-03-11_16-50_tf_1h,2021-03-12 12:00:00,282.21365,282.09116
Oklaj,Potomje_2025-03-11_16-50_tf_1h,2021-03-12 13:00:00,282.44894,282.43054
Oklaj,Potomje_2025-03-11_16-50_tf_1h,2021-03-12 14:00:00,282.65817,282.50842
Oklaj,Potomje_2025-03-11_16-50_tf_1h,2021-03-12 15:00:00,282.9699,282.68665
Oklaj,Potomje_2025-03-11_16-50_tf_1h,2021-03-12 16:00:00,283.10928,283.0332
Oklaj,Potomje_2025-03-11_16-50_tf_1h,2021-03-12 17:00:00,282.8493,283.07346
Oklaj,Potomje_2025-03-11_16-50_tf_1h,2021-03-12 18:00:00,282.0875,282.63327
Oklaj,Potomje_2025-03-11_16-50_tf_1h,2021-03-12 19:00:00,281.5759,281.65353
Oklaj,Potomje_2025-03-11_16-50_tf_1h,2021-03-12 20:00:00,281.4838,281.30026
Oklaj,Potomje_2025-03-11_16-50_tf_1h,2021-03-12 21:00:00,281.07648,281.39816
Oklaj,Potomje_2025-03-11_16-50_tf_1h,2021-03-12 22:00:00,280.88602,280.82275
Oklaj,Potomje_2025-03-11_16-50_tf_1h,2021-03-12 23:00:00,280.89053,280.79843
Oklaj,Potomje_2025-03-11_16-50_tf_1h,2021-03-13 00:00:00,280.8655,280.90747
Oklaj,Potomje_2025-03-11_16-50_tf_1h,2021-03-13 01:00:00,280.7748,280.87912
Oklaj,Potomje_2025-03-11_16-50_tf_1h,2021-03-13 02:00:00,280.8829,280.75507
Oklaj,Potomje_2025-03-11_16-50_tf_1h,2021-03-13 03:00:00,280.36298,280.98242
Oklaj,Potomje_2025-03-11_16-50_tf_1h,2021-03-13 04:00:00,279.15594,280.1392
Oklaj,Potomje_2025-03-11_16-50_tf_1h,2021-03-13 05:00:00,279.696,278.6727
Oklaj,Potomje_2025-03-11_16-50_tf_1h,2021-03-13 06:00:00,279.8472,280.36176
Oklaj,Potomje_2025-03-11_16-50_tf_1h,2021-03-13 07:00:00,279.83575,280.1493
Oklaj,Potomje_2025-03-11_16-50_tf_1h,2021-03-13 08:00:00,281.79312,280.21713
Oklaj,Potomje_2025-03-11_16-50_tf_1h,2021-03-13 09:00:00,283.79742,283.30716
Oklaj,Potomje_2025-03-11_16-50_tf_1h,2021-03-13 10:00:00,284.97144,285.0587
Oklaj,Potomje_2025-03-11_16-50_tf_1h,2021-03-13 11:00:00,285.93726,285.74448
Oklaj,Potomje_2025-03-11_16-50_tf_1h,2021-03-13 12:00:00,286.5121,286.53638
Oklaj,Potomje_2025-03-11_16-50_tf_1h,2021-03-13 13:00:00,286.6848,286.77478
Oklaj,Potomje_2025-03-11_16-50_tf_1h,2021-03-13 14:00:00,286.6042,286.67987
Oklaj,Potomje_2025-03-11_16-50_tf_1h,2021-03-13 15:00:00,286.33624,286.43155
Oklaj,Potomje_2025-03-11_16-50_tf_1h,2021-03-13 16:00:00,285.8062,286.03983
Oklaj,Potomje_2025-03-11_16-50_tf_1h,2021-03-13 17:00:00,284.96518,285.38455
Oklaj,Potomje_2025-03-11_16-50_tf_1h,2021-03-13 18:00:00,283.63406,284.43976
Oklaj,Potomje_2025-03-11_16-50_tf_1h,2021-03-13 19:00:00,282.47186,282.96036
Oklaj,Potomje_2025-03-11_16-50_tf_1h,2021-03-13 20:00:00,282.24564,281.86902
Oklaj,Potomje_2025-03-11_16-50_tf_1h,2021-03-13 21:00:00,281.8244,281.97067
Oklaj,Potomje_2025-03-11_16-50_tf_1h,2021-03-13 22:00:00,281.73438,281.47327
Oklaj,Potomje_2025-03-11_16-50_tf_1h,2021-03-13 23:00:00,282.0263,281.53055
Oklaj,Potomje_2025-03-11_16-50_tf_1h,2021-03-14 00:00:00,282.26926,281.9715
Oklaj,Potomje_2025-03-11_16-50_tf_1h,2021-03-14 01:00:00,282.76382,282.19235
Oklaj,Potomje_2025-03-11_16-50_tf_1h,2021-03-14 02:00:00,283.03107,282.78903
Oklaj,Potomje_2025-03-11_16-50_tf_1h,2021-03-14 03:00:00,282.97372,282.9894
Oklaj,Potomje_2025-03-11_16-50_tf_1h,2021-03-14 04:00:00,282.61298,282.88376
Oklaj,Potomje_2025-03-11_16-50_tf_1h,2021-03-14 05:00:00,282.46005,282.55612
Oklaj,Potomje_2025-03-11_16-50_tf_1h,2021-03-14 06:00:00,281.94638,282.9248
Oklaj,Potomje_2025-03-11_16-50_tf_1h,2021-03-14 07:00:00,282.06802,282.5676
Oklaj,Potomje_2025-03-11_16-50_tf_1h,2021-03-14 08:00:00,283.01614,282.64355
Oklaj,Potomje_2025-03-11_16-50_tf_1h,2021-03-14 09:00:00,284.4515,283.71082
Oklaj,Potomje_2025-03-11_16-50_tf_1h,2021-03-14 10:00:00,285.40237,285.25735
Oklaj,Potomje_2025-03-11_16-50_tf_1h,2021-03-14 11:00:00,286.1892,285.81955
Oklaj,Potomje_2025-03-11_16-50_tf_1h,2021-03-14 12:00:00,286.3213,286.50797
Oklaj,Potomje_2025-03-11_16-50_tf_1h,2021-03-14 13:00:00,286.32617,286.23846
Oklaj,Potomje_2025-03-11_16-50_tf_1h,2021-03-14 14:00:00,286.03247,286.1766
Oklaj,Potomje_2025-03-11_16-50_tf_1h,2021-03-14 15:00:00,285.70508,285.71255
Oklaj,Potomje_2025-03-11_16-50_tf_1h,2021-03-14 16:00:00,284.98602,285.37177
Oklaj,Potomje_2025-03-11_16-50_tf_1h,2021-03-14 17:00:00,283.9347,284.51126
Oklaj,Potomje_2025-03-11_16-50_tf_1h,2021-03-14 18:00:00,283.0648,283.3851
Oklaj,Potomje_2025-03-11_16-50_tf_1h,2021-03-14 19:00:00,281.62735,282.60397
Oklaj,Potomje_2025-03-11_16-50_tf_1h,2021-03-14 20:00:00,279.99387,280.97998
Oklaj,Potomje_2025-03-11_16-50_tf_1h,2021-03-14 21:00:00,278.94568,279.31747
Oklaj,Potomje_2025-03-11_16-50_tf_1h,2021-03-14 22:00:00,277.57877,278.45587
Oklaj,Potomje_2025-03-11_16-50_tf_1h,2021-03-14 23:00:00,277.54297,276.91782
Oklaj,Potomje_2025-03-11_16-50_tf_1h,2021-03-15 00:00:00,277.18988,277.50967
Oklaj,Potomje_2025-03-11_16-50_tf_1h,2021-03-15 01:00:00,276.9379,276.9724
Oklaj,Potomje_2025-03-11_16-50_tf_1h,2021-03-15 02:00:00,276.80652,276.91113
Oklaj,Potomje_2025-03-11_16-50_tf_1h,2021-03-15 03:00:00,276.6623,277.00745
Oklaj,Potomje_2025-03-11_16-50_tf_1h,2021-03-15 04:00:00,276.55075,277.193
Oklaj,Potomje_2025-03-11_16-50_tf_1h,2021-03-15 05:00:00,276.37036,277.5919
Oklaj,Potomje_2025-03-11_16-50_tf_1h,2021-03-15 06:00:00,276.2713,277.58563
Oklaj,Potomje_2025-03-11_16-50_tf_1h,2021-03-15 07:00:00,276.2786,277.2553
Oklaj,Potomje_2025-03-11_16-50_tf_1h,2021-03-15 08:00:00,277.29413,276.96304
Oklaj,Potomje_2025-03-11_16-50_tf_1h,2021-03-15 09:00:00,278.16473,278.4731
Oklaj,Potomje_2025-03-11_16-50_tf_1h,2021-03-15 10:00:00,278.98807,278.95178
Oklaj,Potomje_2025-03-11_16-50_tf_1h,2021-03-15 11:00:00,279.9685,279.75595
Oklaj,Potomje_2025-03-11_16-50_tf_1h,2021-03-15 12:00:00,280.8457,280.74194
Oklaj,Potomje_2025-03-11_16-50_tf_1h,2021-03-15 13:00:00,281.6058,281.45163
Oklaj,Potomje_2025-03-11_16-50_tf_1h,2021-03-15 14:00:00,281.82962,282.0898
Oklaj,Potomje_2025-03-11_16-50_tf_1h,2021-03-15 15:00:00,282.28732,281.90094
Oklaj,Potomje_2025-03-11_16-50_tf_1h,2021-03-15 16:00:00,282.25882,282.50214
Oklaj,Potomje_2025-03-11_16-50_tf_1h,2021-03-15 17:00:00,281.90085,282.1083
Oklaj,Potomje_2025-03-11_16-50_tf_1h,2021-03-15 18:00:00,280.6139,281.60287
Oklaj,Potomje_2025-03-11_16-50_tf_1h,2021-03-15 19:00:00,278.8077,279.84262
Oklaj,Potomje_2025-03-11_16-50_tf_1h,2021-03-15 20:00:00,277.7171,277.88632
Oklaj,Potomje_2025-03-11_16-50_tf_1h,2021-03-15 21:00:00,276.58307,277.22012
Oklaj,Potomje_2025-03-11_16-50_tf_1h,2021-03-15 22:00:00,275.155,276.03705
Oklaj,Potomje_2025-03-11_16-50_tf_1h,2021-03-15 23:00:00,274.2757,274.46725
Oklaj,Potomje_2025-03-11_16-50_tf_1h,2021-03-16 00:00:00,273.54794,273.93713
Oklaj,Potomje_2025-03-11_16-50_tf_1h,2021-03-16 01:00:00,273.0395,273.2891
Oklaj,Potomje_2025-03-11_16-50_tf_1h,2021-03-16 02:00:00,272.7552,273.04706
Oklaj,Potomje_2025-03-11_16-50_tf_1h,2021-03-16 03:00:00,272.45145,273.05707
Oklaj,Potomje_2025-03-11_16-50_tf_1h,2021-03-16 04:00:00,272.26202,272.9585
Oklaj,Potomje_2025-03-11_16-50_tf_1h,2021-03-16 05:00:00,272.1765,273.1485
Oklaj,Potomje_2025-03-11_16-50_tf_1h,2021-03-16 06:00:00,272.09415,273.3287
Oklaj,Potomje_2025-03-11_16-50_tf_1h,2021-03-16 07:00:00,272.91888,273.20938
Oklaj,Potomje_2025-03-11_16-50_tf_1h,2021-03-16 08:00:00,276.97717,274.65347
Oklaj,Potomje_2025-03-11_16-50_tf_1h,2021-03-16 09:00:00,279.83746,280.72842
Oklaj,Potomje_2025-03-11_16-50_tf_1h,2021-03-16 10:00:00,281.09628,281.7175
Oklaj,Potomje_2025-03-11_16-50_tf_1h,2021-03-16 11:00:00,282.0906,282.1901
Oklaj,Potomje_2025-03-11_16-50_tf_1h,2021-03-16 12:00:00,282.7294,282.88535
Oklaj,Potomje_2025-03-11_16-50_tf_1h,2021-03-16 13:00:00,283.14612,283.11545
Oklaj,Potomje_2025-03-11_16-50_tf_1h,2021-03-16 14:00:00,283.2212,283.29834
Oklaj,Potomje_2025-03-11_16-50_tf_1h,2021-03-16 15:00:00,282.7454,283.06903
Oklaj,Potomje_2025-03-11_16-50_tf_1h,2021-03-16 16:00:00,282.12988,282.2357
Oklaj,Potomje_2025-03-11_16-50_tf_1h,2021-03-16 17:00:00,281.49527,281.56696
Oklaj,Potomje_2025-03-11_16-50_tf_1h,2021-03-16 18:00:00,280.23297,280.95218
Oklaj,Potomje_2025-03-11_16-50_tf_1h,2021-03-16 19:00:00,279.07635,279.4141
Oklaj,Potomje_2025-03-11_16-50_tf_1h,2021-03-16 20:00:00,278.6388,278.40445
Oklaj,Potomje_2025-03-11_16-50_tf_1h,2021-03-16 21:00:00,277.85196,278.3348
Oklaj,Potomje_2025-03-11_16-50_tf_1h,2021-03-16 22:00:00,277.42413,277.37073
Oklaj,Potomje_2025-03-11_16-50_tf_1h,2021-03-16 23:00:00,277.15616,277.1902
Oklaj,Potomje_2025-03-11_16-50_tf_1h,2021-03-17 00:00:00,276.82635,276.98367
Oklaj,Potomje_2025-03-11_16-50_tf_1h,2021-03-17 01:00:00,276.3283,276.6386
Oklaj,Potomje_2025-03-11_16-50_tf_1h,2021-03-17 02:00:00,275.74338,276.07986
Oklaj,Potomje_2025-03-11_16-50_tf_1h,2021-03-17 03:00:00,275.082,275.527
Oklaj,Potomje_2025-03-11_16-50_tf_1h,2021-03-17 04:00:00,274.41333,274.98862
Oklaj,Potomje_2025-03-11_16-50_tf_1h,2021-03-17 05:00:00,273.87045,274.7027
Oklaj,Potomje_2025-03-11_16-50_tf_1h,2021-03-17 06:00:00,273.40372,274.9188
Oklaj,Potomje_2025-03-11_16-50_tf_1h,2021-03-17 07:00:00,273.74536,274.68884
Oklaj,Potomje_2025-03-11_16-50_tf_1h,2021-03-17 08:00:00,276.51703,275.1736
Oklaj,Potomje_2025-03-11_16-50_tf_1h,2021-03-17 09:00:00,278.48553,279.20987
Oklaj,Potomje_2025-03-11_16-50_tf_1h,2021-03-17 10:00:00,279.7937,279.94202
Oklaj,Potomje_2025-03-11_16-50_tf_1h,2021-03-17 11:00:00,280.7689,280.97244
Oklaj,Potomje_2025-03-11_16-50_tf_1h,2021-03-17 12:00:00,281.4098,281.55597
Oklaj,Potomje_2025-03-11_16-50_tf_1h,2021-03-17 13:00:00,281.70068,281.90436
Oklaj,Potomje_2025-03-11_16-50_tf_1h,2021-03-17 14:00:00,282.0277,281.91928
Oklaj,Potomje_2025-03-11_16-50_tf_1h,2021-03-17 15:00:00,282.05273,282.21472
Oklaj,Potomje_2025-03-11_16-50_tf_1h,2021-03-17 16:00:00,281.63672,281.98306
Oklaj,Potomje_2025-03-11_16-50_tf_1h,2021-03-17 17:00:00,280.9069,281.31366
Oklaj,Potomje_2025-03-11_16-50_tf_1h,2021-03-17 18:00:00,279.67413,280.44006
Oklaj,Potomje_2025-03-11_16-50_tf_1h,2021-03-17 19:00:00,278.22974,278.9634
Oklaj,Potomje_2025-03-11_16-50_tf_1h,2021-03-17 20:00:00,277.1819,277.46344
Oklaj,Potomje_2025-03-11_16-50_tf_1h,2021-03-17 21:00:00,276.06348,276.6587
Oklaj,Potomje_2025-03-11_16-50_tf_1h,2021-03-17 22:00:00,275.318,275.4943
Oklaj,Potomje_2025-03-11_16-50_tf_1h,2021-03-17 23:00:00,274.70285,274.99115
Oklaj,Potomje_2025-03-11_16-50_tf_1h,2021-03-18 00:00:00,274.32645,274.4204
Oklaj,Potomje_2025-03-11_16-50_tf_1h,2021-03-18 01:00:00,273.94937,274.23572
Oklaj,Potomje_2025-03-11_16-50_tf_1h,2021-03-18 02:00:00,273.60562,273.92157
Oklaj,Potomje_2025-03-11_16-50_tf_1h,2021-03-18 03:00:00,273.37766,273.78082
Oklaj,Potomje_2025-03-11_16-50_tf_1h,2021-03-18 04:00:00,273.20386,273.87274
Oklaj,Potomje_2025-03-11_16-50_tf_1h,2021-03-18 05:00:00,273.05652,274.10205
Oklaj,Potomje_2025-03-11_16-50_tf_1h,2021-03-18 06:00:00,273.07703,274.31046
Oklaj,Potomje_2025-03-11_16-50_tf_1h,2021-03-18 07:00:00,273.9584,274.39175
Oklaj,Potomje_2025-03-11_16-50_tf_1h,2021-03-18 08:00:00,275.962,275.6153
Oklaj,Potomje_2025-03-11_16-50_tf_1h,2021-03-18 09:00:00,277.4898,278.03503
Oklaj,Potomje_2025-03-11_16-50_tf_1h,2021-03-18 10:00:00,278.84454,278.84595
Oklaj,Potomje_2025-03-11_16-50_tf_1h,2021-03-18 11:00:00,279.7916,280.0933
Oklaj,Potomje_2025-03-11_16-50_tf_1h,2021-03-18 12:00:00,280.4349,280.578
Oklaj,Potomje_2025-03-11_16-50_tf_1h,2021-03-18 13:00:00,280.80746,280.95
Oklaj,Potomje_2025-03-11_16-50_tf_1h,2021-03-18 14:00:00,281.0504,281.06268
Oklaj,Potomje_2025-03-11_16-50_tf_1h,2021-03-18 15:00:00,281.00314,281.15707
Oklaj,Potomje_2025-03-11_16-50_tf_1h,2021-03-18 16:00:00,280.47,280.8769
Oklaj,Potomje_2025-03-11_16-50_tf_1h,2021-03-18 17:00:00,279.77283,280.06046
Oklaj,Potomje_2025-03-11_16-50_tf_1h,2021-03-18 18:00:00,278.64923,279.3297
Oklaj,Potomje_2025-03-11_16-50_tf_1h,2021-03-18 19:00:00,277.23264,277.97888
Oklaj,Potomje_2025-03-11_16-50_tf_1h,2021-03-18 20:00:00,276.15384,276.4761
Oklaj,Potomje_2025-03-11_16-50_tf_1h,2021-03-18 21:00:00,274.9103,275.65002
Oklaj,Potomje_2025-03-11_16-50_tf_1h,2021-03-18 22:00:00,274.0981,274.29504
Oklaj,Potomje_2025-03-11_16-50_tf_1h,2021-03-18 23:00:00,273.50034,273.79074
Oklaj,Potomje_2025-03-11_16-50_tf_1h,2021-03-19 00:00:00,272.96545,273.31332
Oklaj,Potomje_2025-03-11_16-50_tf_1h,2021-03-19 01:00:00,272.5352,272.91956
Oklaj,Potomje_2025-03-11_16-50_tf_1h,2021-03-19 02:00:00,272.35376,272.7124
Oklaj,Potomje_2025-03-11_16-50_tf_1h,2021-03-19 03:00:00,272.23734,272.87344
Oklaj,Potomje_2025-03-11_16-50_tf_1h,2021-03-19 04:00:00,272.12543,273.01672
Oklaj,Potomje_2025-03-11_16-50_tf_1h,2021-03-19 05:00:00,271.90683,273.20126
Oklaj,Potomje_2025-03-11_16-50_tf_1h,2021-03-19 06:00:00,271.83524,272.92874
Oklaj,Potomje_2025-03-11_16-50_tf_1h,2021-03-19 07:00:00,272.70203,272.9719
Oklaj,Potomje_2025-03-11_16-50_tf_1h,2021-03-19 08:00:00,275.22937,274.35397
Oklaj,Potomje_2025-03-11_16-50_tf_1h,2021-03-19 09:00:00,277.17215,277.78314
Oklaj,Potomje_2025-03-11_16-50_tf_1h,2021-03-19 10:00:00,278.69128,278.74106
Oklaj,Potomje_2025-03-11_16-50_tf_1h,2021-03-19 11:00:00,279.8604,280.055
Oklaj,Potomje_2025-03-11_16-50_tf_1h,2021-03-19 12:00:00,280.6424,280.7888
Oklaj,Potomje_2025-03-11_16-50_tf_1h,2021-03-19 13:00:00,280.92773,281.2076
Oklaj,Potomje_2025-03-11_16-50_tf_1h,2021-03-19 14:00:00,281.23077,281.10004
Oklaj,Potomje_2025-03-11_16-50_tf_1h,2021-03-19 15:00:00,281.3639,281.3718
Oklaj,Potomje_2025-03-11_16-50_tf_1h,2021-03-19 16:00:00,281.34686,281.31787
Oklaj,Potomje_2025-03-11_16-50_tf_1h,2021-03-19 17:00:00,280.81512,281.20804
Oklaj,Potomje_2025-03-11_16-50_tf_1h,2021-03-19 18:00:00,279.6286,280.3726
Oklaj,Potomje_2025-03-11_16-50_tf_1h,2021-03-19 19:00:00,277.86377,278.887
Oklaj,Potomje_2025-03-11_16-50_tf_1h,2021-03-19 20:00:00,275.4855,276.8798
Oklaj,Potomje_2025-03-11_16-50_tf_1h,2021-03-19 21:00:00,274.31393,274.25754
Oklaj,Potomje_2025-03-11_16-50_tf_1h,2021-03-19 22:00:00,273.3269,273.8241
Oklaj,Potomje_2025-03-11_16-50_tf_1h,2021-03-19 23:00:00,272.50565,272.83453
Oklaj,Potomje_2025-03-11_16-50_tf_1h,2021-03-20 00:00:00,271.927,272.18286
Oklaj,Potomje_2025-03-11_16-50_tf_1h,2021-03-20 01:00:00,271.67606,271.83215
Oklaj,Potomje_2025-03-11_16-50_tf_1h,2021-03-20 02:00:00,271.65695,271.94467
Oklaj,Potomje_2025-03-11_16-50_tf_1h,2021-03-20 03:00:00,271.69308,272.2483
Oklaj,Potomje_2025-03-11_16-50_tf_1h,2021-03-20 04:00:00,271.5996,272.55814
Oklaj,Potomje_2025-03-11_16-50_tf_1h,2021-03-20 05:00:00,271.84845,272.63574
Oklaj,Potomje_2025-03-11_16-50_tf_1h,2021-03-20 06:00:00,272.07538,273.26752
Oklaj,Potomje_2025-03-11_16-50_tf_1h,2021-03-20 07:00:00,273.04816,273.36078
Oklaj,Potomje_2025-03-11_16-50_tf_1h,2021-03-20 08:00:00,275.58734,274.82248
Oklaj,Potomje_2025-03-11_16-50_tf_1h,2021-03-20 09:00:00,277.80573,278.13797
Oklaj,Potomje_2025-03-11_16-50_tf_1h,2021-03-20 10:00:00,279.39957,279.57376
Oklaj,Potomje_2025-03-11_16-50_tf_1h,2021-03-20 11:00:00,280.3727,280.71637
Oklaj,Potomje_2025-03-11_16-50_tf_1h,2021-03-20 12:00:00,281.07474,281.12207
Oklaj,Potomje_2025-03-11_16-50_tf_1h,2021-03-20 13:00:00,281.43585,281.55426
Oklaj,Potomje_2025-03-11_16-50_tf_1h,2021-03-20 14:00:00,281.6447,281.58517
Oklaj,Potomje_2025-03-11_16-50_tf_1h,2021-03-20 15:00:00,281.43307,281.6265
Oklaj,Potomje_2025-03-11_16-50_tf_1h,2021-03-20 16:00:00,280.7463,281.1072
Oklaj,Potomje_2025-03-11_16-50_tf_1h,2021-03-20 17:00:00,279.85693,280.15897
Oklaj,Potomje_2025-03-11_16-50_tf_1h,2021-03-20 18:00:00,278.63287,279.23682
Oklaj,Potomje_2025-03-11_16-50_tf_1h,2021-03-20 19:00:00,277.61075,277.87924
Oklaj,Potomje_2025-03-11_16-50_tf_1h,2021-03-20 20:00:00,276.94626,277.04572
Oklaj,Potomje_2025-03-11_16-50_tf_1h,2021-03-20 21:00:00,276.0249,276.60648
Oklaj,Potomje_2025-03-11_16-50_tf_1h,2021-03-20 22:00:00,275.506,275.53552
Oklaj,Potomje_2025-03-11_16-50_tf_1h,2021-03-20 23:00:00,275.2617,275.31284
Oklaj,Potomje_2025-03-11_16-50_tf_1h,2021-03-21 00:00:00,275.02222,275.2265
Oklaj,Potomje_2025-03-11_16-50_tf_1h,2021-03-21 01:00:00,274.80258,275.04153
Oklaj,Potomje_2025-03-11_16-50_tf_1h,2021-03-21 02:00:00,274.11618,274.93707
Oklaj,Potomje_2025-03-11_16-50_tf_1h,2021-03-21 03:00:00,273.83362,274.029
Oklaj,Potomje_2025-03-11_16-50_tf_1h,2021-03-21 04:00:00,273.56357,274.38348
Oklaj,Potomje_2025-03-11_16-50_tf_1h,2021-03-21 05:00:00,273.3102,274.3068
Oklaj,Potomje_2025-03-11_16-50_tf_1h,2021-03-21 06:00:00,273.11316,274.48798
Oklaj,Potomje_2025-03-11_16-50_tf_1h,2021-03-21 07:00:00,273.38947,274.2194
Oklaj,Potomje_2025-03-11_16-50_tf_1h,2021-03-21 08:00:00,274.731,274.62634
Oklaj,Potomje_2025-03-11_16-50_tf_1h,2021-03-21 09:00:00,275.9342,276.4555
Oklaj,Potomje_2025-03-11_16-50_tf_1h,2021-03-21 10:00:00,276.95703,277.1829
Oklaj,Potomje_2025-03-11_16-50_tf_1h,2021-03-21 11:00:00,278.27353,278.06787
Oklaj,Potomje_2025-03-11_16-50_tf_1h,2021-03-21 12:00:00,279.2828,279.44073
Oklaj,Potomje_2025-03-11_16-50_tf_1h,2021-03-21 13:00:00,279.87918,280.05783
Oklaj,Potomje_2025-03-11_16-50_tf_1h,2021-03-21 14:00:00,279.97302,280.3613
Oklaj,Potomje_2025-03-11_16-50_tf_1h,2021-03-21 15:00:00,279.72452,280.09103
Oklaj,Potomje_2025-03-11_16-50_tf_1h,2021-03-21 16:00:00,278.8925,279.6225
Oklaj,Potomje_2025-03-11_16-50_tf_1h,2021-03-21 17:00:00,277.75986,278.42096
Oklaj,Potomje_2025-03-11_16-50_tf_1h,2021-03-21 18:00:00,276.58096,277.1742
Oklaj,Potomje_2025-03-11_16-50_tf_1h,2021-03-21 19:00:00,275.72913,276.01425
Oklaj,Potomje_2025-03-11_16-50_tf_1h,2021-03-21 20:00:00,275.2311,275.41678
Oklaj,Potomje_2025-03-11_16-50_tf_1h,2021-03-21 21:00:00,274.97287,275.16495
Oklaj,Potomje_2025-03-11_16-50_tf_1h,2021-03-21 22:00:00,274.7713,275.08716
Oklaj,Potomje_2025-03-11_16-50_tf_1h,2021-03-21 23:00:00,274.6163,274.9455
Oklaj,Potomje_2025-03-11_16-50_tf_1h,2021-03-22 00:00:00,274.53845,274.86234
Oklaj,Potomje_2025-03-11_16-50_tf_1h,2021-03-22 01:00:00,274.4731,274.8822
Oklaj,Potomje_2025-03-11_16-50_tf_1h,2021-03-22 02:00:00,274.6302,274.8827
Oklaj,Potomje_2025-03-11_16-50_tf_1h,2021-03-22 03:00:00,274.59335,275.30264
Oklaj,Potomje_2025-03-11_16-50_tf_1h,2021-03-22 04:00:00,274.536,275.16153
Oklaj,Potomje_2025-03-11_16-50_tf_1h,2021-03-22 05:00:00,274.49918,275.25836
Oklaj,Potomje_2025-03-11_16-50_tf_1h,2021-03-22 06:00:00,274.35458,275.26056
Oklaj,Potomje_2025-03-11_16-50_tf_1h,2021-03-22 07:00:00,274.74106,275.04712
Oklaj,Potomje_2025-03-11_16-50_tf_1h,2021-03-22 08:00:00,276.37314,275.8041
Oklaj,Potomje_2025-03-11_16-50_tf_1h,2021-03-22 09:00:00,277.756,278.11914
Oklaj,Potomje_2025-03-11_16-50_tf_1h,2021-03-22 10:00:00,279.214,278.98117
Oklaj,Potomje_2025-03-11_16-50_tf_1h,2021-03-22 11:00:00,280.0248,280.4878
Oklaj,Potomje_2025-03-11_16-50_tf_1h,2021-03-22 12:00:00,280.73935,280.6708
Oklaj,Potomje_2025-03-11_16-50_tf_1h,2021-03-22 13:00:00,281.29648,281.311
Oklaj,Potomje_2025-03-11_16-50_tf_1h,2021-03-22 14:00:00,281.11887,281.66217
Oklaj,Potomje_2025-03-11_16-50_tf_1h,2021-03-22 15:00:00,280.81546,280.97244
Oklaj,Potomje_2025-03-11_16-50_tf_1h,2021-03-22 16:00:00,280.2872,280.65698
Oklaj,Potomje_2025-03-11_16-50_tf_1h,2021-03-22 17:00:00,279.3377,279.98505
Oklaj,Potomje_2025-03-11_16-50_tf_1h,2021-03-22 18:00:00,278.26346,278.82275
Oklaj,Potomje_2025-03-11_16-50_tf_1h,2021-03-22 19:00:00,277.2983,277.7388
Oklaj,Potomje_2025-03-11_16-50_tf_1h,2021-03-22 20:00:00,276.74814,276.86835
Oklaj,Potomje_2025-03-11_16-50_tf_1h,2021-03-22 21:00:00,276.17435,276.58005
Oklaj,Potomje_2025-03-11_16-50_tf_1h,2021-03-22 22:00:00,275.7347,275.96124
Oklaj,Potomje_2025-03-11_16-50_tf_1h,2021-03-22 23:00:00,275.31277,275.6582
Oklaj,Potomje_2025-03-11_16-50_tf_1h,2021-03-23 00:00:00,274.94995,275.26825
Oklaj,Potomje_2025-03-11_16-50_tf_1h,2021-03-23 01:00:00,274.59335,275.02203
Oklaj,Potomje_2025-03-11_16-50_tf_1h,2021-03-23 02:00:00,274.49222,274.74164
Oklaj,Potomje_2025-03-11_16-50_tf_1h,2021-03-23 03:00:00,274.2573,274.96475
Oklaj,Potomje_2025-03-11_16-50_tf_1h,2021-03-23 04:00:00,274.07272,274.7511
Oklaj,Potomje_2025-03-11_16-50_tf_1h,2021-03-23 05:00:00,273.84753,274.90985
Oklaj,Potomje_2025-03-11_16-50_tf_1h,2021-03-23 06:00:00,273.67896,274.8109
Oklaj,Potomje_2025-03-11_16-50_tf_1h,2021-03-23 07:00:00,274.12488,274.62833
Oklaj,Potomje_2025-03-11_16-50_tf_1h,2021-03-23 08:00:00,275.6054,275.33783
Oklaj,Potomje_2025-03-11_16-50_tf_1h,2021-03-23 09:00:00,277.06232,277.31305
Oklaj,Potomje_2025-03-11_16-50_tf_1h,2021-03-23 10:00:00,278.4664,278.4182
Oklaj,Potomje_2025-03-11_16-50_tf_1h,2021-03-23 11:00:00,279.76102,279.72595
Oklaj,Potomje_2025-03-11_16-50_tf_1h,2021-03-23 12:00:00,280.91418,280.7791
Oklaj,Potomje_2025-03-11_16-50_tf_1h,2021-03-23 13:00:00,281.7455,281.72183
Oklaj,Potomje_2025-03-11_16-50_tf_1h,2021-03-23 14:00:00,282.21295,282.2873
Oklaj,Potomje_2025-03-11_16-50_tf_1h,2021-03-23 15:00:00,282.30957,282.4829
Oklaj,Potomje_2025-03-11_16-50_tf_1h,2021-03-23 16:00:00,282.04855,282.31387
Oklaj,Potomje_2025-03-11_16-50_tf_1h,2021-03-23 17:00:00,281.31836,281.82855
Oklaj,Potomje_2025-03-11_16-50_tf_1h,2021-03-23 18:00:00,280.22083,280.82886
Oklaj,Potomje_2025-03-11_16-50_tf_1h,2021-03-23 19:00:00,279.109,279.57822
Oklaj,Potomje_2025-03-11_16-50_tf_1h,2021-03-23 20:00:00,278.49872,278.5052
Oklaj,Potomje_2025-03-11_16-50_tf_1h,2021-03-23 21:00:00,277.87003,278.19012
Oklaj,Potomje_2025-03-11_16-50_tf_1h,2021-03-23 22:00:00,277.39526,277.53613
Oklaj,Potomje_2025-03-11_16-50_tf_1h,2021-03-23 23:00:00,276.98517,277.18405
Oklaj,Potomje_2025-03-11_16-50_tf_1h,2021-03-24 00:00:00,276.6317,276.80972
Oklaj,Potomje_2025-03-11_16-50_tf_1h,2021-03-24 01:00:00,276.4159,276.50543
Oklaj,Potomje_2025-03-11_16-50_tf_1h,2021-03-24 02:00:00,275.9415,276.4082
Oklaj,Potomje_2025-03-11_16-50_tf_1h,2021-03-24 03:00:00,275.59464,275.81763
Oklaj,Potomje_2025-03-11_16-50_tf_1h,2021-03-24 04:00:00,275.27838,275.73264
Oklaj,Potomje_2025-03-11_16-50_tf_1h,2021-03-24 05:00:00,275.0535,275.64478
Oklaj,Potomje_2025-03-11_16-50_tf_1h,2021-03-24 06:00:00,274.80573,275.87726
Oklaj,Potomje_2025-03-11_16-50_tf_1h,2021-03-24 07:00:00,275.6325,275.90466
Oklaj,Potomje_2025-03-11_16-50_tf_1h,2021-03-24 08:00:00,278.807,277.4036
Oklaj,Potomje_2025-03-11_16-50_tf_1h,2021-03-24 09:00:00,280.43387,281.67383
Oklaj,Potomje_2025-03-11_16-50_tf_1h,2021-03-24 10:00:00,281.97348,281.63123
Oklaj,Potomje_2025-03-11_16-50_tf_1h,2021-03-24 11:00:00,282.79022,283.30466
Oklaj,Potomje_2025-03-11_16-50_tf_1h,2021-03-24 12:00:00,283.85547,283.39307
Oklaj,Potomje_2025-03-11_16-50_tf_1h,2021-03-24 13:00:00,284.11057,284.54642
Oklaj,Potomje_2025-03-11_16-50_tf_1h,2021-03-24 14:00:00,284.2673,284.15747
Oklaj,Potomje_2025-03-11_16-50_tf_1h,2021-03-24 15:00:00,284.2579,284.24716
Oklaj,Potomje_2025-03-11_16-50_tf_1h,2021-03-24 16:00:00,283.82382,284.06952
Oklaj,Potomje_2025-03-11_16-50_tf_1h,2021-03-24 17:00:00,282.83124,283.40802
Oklaj,Potomje_2025-03-11_16-50_tf_1h,2021-03-24 18:00:00,281.6044,282.17215
Oklaj,Potomje_2025-03-11_16-50_tf_1h,2021-03-24 19:00:00,280.3105,280.88397
Oklaj,Potomje_2025-03-11_16-50_tf_1h,2021-03-24 20:00:00,279.07184,279.60944
Oklaj,Potomje_2025-03-11_16-50_tf_1h,2021-03-24 21:00:00,277.70355,278.42892
Oklaj,Potomje_2025-03-11_16-50_tf_1h,2021-03-24 22:00:00,276.86874,277.02737
Oklaj,Potomje_2025-03-11_16-50_tf_1h,2021-03-24 23:00:00,276.24454,276.44922
Oklaj,Potomje_2025-03-11_16-50_tf_1h,2021-03-25 00:00:00,275.77014,275.87827
Oklaj,Potomje_2025-03-11_16-50_tf_1h,2021-03-25 01:00:00,275.86816,275.4727
Oklaj,Potomje_2025-03-11_16-50_tf_1h,2021-03-25 02:00:00,275.4664,275.9861
Oklaj,Potomje_2025-03-11_16-50_tf_1h,2021-03-25 03:00:00,275.30548,275.3421
Oklaj,Potomje_2025-03-11_16-50_tf_1h,2021-03-25 04:00:00,275.26483,275.69708
Oklaj,Potomje_2025-03-11_16-50_tf_1h,2021-03-25 05:00:00,275.07507,276.09143
Oklaj,Potomje_2025-03-11_16-50_tf_1h,2021-03-25 06:00:00,274.34488,276.3491
Oklaj,Potomje_2025-03-11_16-50_tf_1h,2021-03-25 07:00:00,275.18628,275.24176
Oklaj,Potomje_2025-03-11_16-50_tf_1h,2021-03-25 08:00:00,279.27966,276.9552
Oklaj,Potomje_2025-03-11_16-50_tf_1h,2021-03-25 09:00:00,281.1825,282.50644
Oklaj,Potomje_2025-03-11_16-50_tf_1h,2021-03-25 10:00:00,282.91742,282.2959
Oklaj,Potomje_2025-03-11_16-50_tf_1h,2021-03-25 11:00:00,284.4654,284.2635
Oklaj,Potomje_2025-03-11_16-50_tf_1h,2021-03-25 12:00:00,285.67276,285.3516
Oklaj,Potomje_2025-03-11_16-50_tf_1h,2021-03-25 13:00:00,286.77866,286.23712
Oklaj,Potomje_2025-03-11_16-50_tf_1h,2021-03-25 14:00:00,286.96146,287.1447
Oklaj,Potomje_2025-03-11_16-50_tf_1h,2021-03-25 15:00:00,287.3118,286.77402
Oklaj,Potomje_2025-03-11_16-50_tf_1h,2021-03-25 16:00:00,286.7102,287.18552
Oklaj,Potomje_2025-03-11_16-50_tf_1h,2021-03-25 17:00:00,285.9032,286.10034
Oklaj,Potomje_2025-03-11_16-50_tf_1h,2021-03-25 18:00:00,284.40494,285.2565
Oklaj,Potomje_2025-03-11_16-50_tf_1h,2021-03-25 19:00:00,282.51184,283.5484
Oklaj,Potomje_2025-03-11_16-50_tf_1h,2021-03-25 20:00:00,281.15085,281.58102
Oklaj,Potomje_2025-03-11_16-50_tf_1h,2021-03-25 21:00:00,279.2887,280.46118
Oklaj,Potomje_2025-03-11_16-50_tf_1h,2021-03-25 22:00:00,277.4297,278.48413
Oklaj,Potomje_2025-03-11_16-50_tf_1h,2021-03-25 23:00:00,276.0447,276.7183
Oklaj,Potomje_2025-03-11_16-50_tf_1h,2021-03-26 00:00:00,275.147,275.4554
Oklaj,Potomje_2025-03-11_16-50_tf_1h,2021-03-26 01:00:00,274.625,274.63028
Oklaj,Potomje_2025-03-11_16-50_tf_1h,2021-03-26 02:00:00,274.20688,274.2374
Oklaj,Potomje_2025-03-11_16-50_tf_1h,2021-03-26 03:00:00,273.98343,273.8931
Oklaj,Potomje_2025-03-11_16-50_tf_1h,2021-03-26 04:00:00,273.86142,274.0112
Oklaj,Potomje_2025-03-11_16-50_tf_1h,2021-03-26 05:00:00,273.76932,274.33203
Oklaj,Potomje_2025-03-11_16-50_tf_1h,2021-03-26 06:00:00,273.66263,275.00397
Oklaj,Potomje_2025-03-11_16-50_tf_1h,2021-03-26 07:00:00,275.0417,275.38153
Oklaj,Potomje_2025-03-11_16-50_tf_1h,2021-03-26 08:00:00,280.8134,277.5164
Oklaj,Potomje_2025-03-11_16-50_tf_1h,2021-03-26 09:00:00,284.04312,285.15842
Oklaj,Potomje_2025-03-11_16-50_tf_1h,2021-03-26 10:00:00,285.5348,285.70068
Oklaj,Potomje_2025-03-11_16-50_tf_1h,2021-03-26 11:00:00,286.55,286.4915
Oklaj,Potomje_2025-03-11_16-50_tf_1h,2021-03-26 12:00:00,287.1926,286.98157
Oklaj,Potomje_2025-03-11_16-50_tf_1h,2021-03-26 13:00:00,287.5742,287.31335
Oklaj,Potomje_2025-03-11_16-50_tf_1h,2021-03-26 14:00:00,287.53387,287.45972
Oklaj,Potomje_2025-03-11_16-50_tf_1h,2021-03-26 15:00:00,287.01047,287.11627
Oklaj,Potomje_2025-03-11_16-50_tf_1h,2021-03-26 16:00:00,286.30807,286.3378
Oklaj,Potomje_2025-03-11_16-50_tf_1h,2021-03-26 17:00:00,285.4392,285.5803
Oklaj,Potomje_2025-03-11_16-50_tf_1h,2021-03-26 18:00:00,284.2548,284.69516
Oklaj,Potomje_2025-03-11_16-50_tf_1h,2021-03-26 19:00:00,282.59525,283.44675
Oklaj,Potomje_2025-03-11_16-50_tf_1h,2021-03-26 20:00:00,282.40237,281.71677
Oklaj,Potomje_2025-03-11_16-50_tf_1h,2021-03-26 21:00:00,281.36493,282.00964
Oklaj,Potomje_2025-03-11_16-50_tf_1h,2021-03-26 22:00:00,280.0005,280.74545
Oklaj,Potomje_2025-03-11_16-50_tf_1h,2021-03-26 23:00:00,279.0298,279.35532
Oklaj,Potomje_2025-03-11_16-50_tf_1h,2021-03-27 00:00:00,278.1126,278.5258
Oklaj,Potomje_2025-03-11_16-50_tf_1h,2021-03-27 01:00:00,277.65317,277.59137
Oklaj,Potomje_2025-03-11_16-50_tf_1h,2021-03-27 02:00:00,277.69522,277.26105
Oklaj,Potomje_2025-03-11_16-50_tf_1h,2021-03-27 03:00:00,277.66357,277.56198
Oklaj,Potomje_2025-03-11_16-50_tf_1h,2021-03-27 04:00:00,277.97394,277.58713
Oklaj,Potomje_2025-03-11_16-50_tf_1h,2021-03-27 05:00:00,278.16266,278.453
Oklaj,Potomje_2025-03-11_16-50_tf_1h,2021-03-27 06:00:00,277.7894,279.18277
Oklaj,Potomje_2025-03-11_16-50_tf_1h,2021-03-27 07:00:00,278.7354,279.25146
Oklaj,Potomje_2025-03-11_16-50_tf_1h,2021-03-27 08:00:00,281.28778,280.42825
Oklaj,Potomje_2025-03-11_16-50_tf_1h,2021-03-27 09:00:00,283.59827,283.15463
Oklaj,Potomje_2025-03-11_16-50_tf_1h,2021-03-27 10:00:00,284.47583,285.01236
Oklaj,Potomje_2025-03-11_16-50_tf_1h,2021-03-27 11:00:00,285.61334,285.00565
Oklaj,Potomje_2025-03-11_16-50_tf_1h,2021-03-27 12:00:00,286.11935,286.2919
Oklaj,Potomje_2025-03-11_16-50_tf_1h,2021-03-27 13:00:00,286.3943,286.22845
Oklaj,Potomje_2025-03-11_16-50_tf_1h,2021-03-27 14:00:00,286.16455,286.35126
Oklaj,Potomje_2025-03-11_16-50_tf_1h,2021-03-27 15:00:00,286.1517,285.78116
Oklaj,Potomje_2025-03-11_16-50_tf_1h,2021-03-27 16:00:00,285.97028,285.8758
Oklaj,Potomje_2025-03-11_16-50_tf_1h,2021-03-27 17:00:00,285.4903,285.57288
Oklaj,Potomje_2025-03-11_16-50_tf_1h,2021-03-27 18:00:00,284.43167,284.98917
Oklaj,Potomje_2025-03-11_16-50_tf_1h,2021-03-27 19:00:00,283.0283,283.76334
Oklaj,Potomje_2025-03-11_16-50_tf_1h,2021-03-27 20:00:00,282.2901,282.26837
Oklaj,Potomje_2025-03-11_16-50_tf_1h,2021-03-27 21:00:00,281.45322,281.7775
Oklaj,Potomje_2025-03-11_16-50_tf_1h,2021-03-27 22:00:00,281.0313,280.94385
Oklaj,Potomje_2025-03-11_16-50_tf_1h,2021-03-27 23:00:00,280.68756,280.70047
Oklaj,Potomje_2025-03-11_16-50_tf_1h,2021-03-28 00:00:00,280.51727,280.41238
Oklaj,Potomje_2025-03-11_16-50_tf_1h,2021-03-28 01:00:00,280.33655,280.29788
Oklaj,Potomje_2025-03-11_16-50_tf_1h,2021-03-28 02:00:00,279.21155,280.09793
Oklaj,Potomje_2025-03-11_16-50_tf_1h,2021-03-28 03:00:00,278.68362,278.5294
Oklaj,Potomje_2025-03-11_16-50_tf_1h,2021-03-28 04:00:00,278.12372,278.45932
Oklaj,Potomje_2025-03-11_16-50_tf_1h,2021-03-28 05:00:00,277.9232,278.09232
Oklaj,Potomje_2025-03-11_16-50_tf_1h,2021-03-28 06:00:00,277.95065,278.8478
Oklaj,Potomje_2025-03-11_16-50_tf_1h,2021-03-28 07:00:00,279.16983,279.5187
Oklaj,Potomje_2025-03-11_16-50_tf_1h,2021-03-28 08:00:00,283.76126,280.89236
Oklaj,Potomje_2025-03-11_16-50_tf_1h,2021-03-28 09:00:00,285.84897,286.82104
Oklaj,Potomje_2025-03-11_16-50_tf_1h,2021-03-28 10:00:00,287.17242,286.95413
Oklaj,Potomje_2025-03-11_16-50_tf_1h,2021-03-28 11:00:00,288.09448,288.02396
Oklaj,Potomje_2025-03-11_16-50_tf_1h,2021-03-28 12:00:00,288.52438,288.5123
Oklaj,Potomje_2025-03-11_16-50_tf_1h,2021-03-28 13:00:00,288.46045,288.59442
Oklaj,Potomje_2025-03-11_16-50_tf_1h,2021-03-28 14:00:00,288.68982,288.20657
Oklaj,Potomje_2025-03-11_16-50_tf_1h,2021-03-28 15:00:00,288.35236,288.50522
Oklaj,Potomje_2025-03-11_16-50_tf_1h,2021-03-28 16:00:00,287.69305,287.86877
Oklaj,Potomje_2025-03-11_16-50_tf_1h,2021-03-28 17:00:00,287.0713,287.09058
Oklaj,Potomje_2025-03-11_16-50_tf_1h,2021-03-28 18:00:00,286.08322,286.46768
Oklaj,Potomje_2025-03-11_16-50_tf_1h,2021-03-28 19:00:00,284.4428,285.40512
Oklaj,Potomje_2025-03-11_16-50_tf_1h,2021-03-28 20:00:00,284.92868,283.6573
Oklaj,Potomje_2025-03-11_16-50_tf_1h,2021-03-28 21:00:00,284.50015,284.64523
Oklaj,Potomje_2025-03-11_16-50_tf_1h,2021-03-28 22:00:00,284.08762,284.0107
Oklaj,Potomje_2025-03-11_16-50_tf_1h,2021-03-28 23:00:00,282.22302,283.6442
Oklaj,Potomje_2025-03-11_16-50_tf_1h,2021-03-29 00:00:00,280.61285,281.43835
Oklaj,Potomje_2025-03-11_16-50_tf_1h,2021-03-29 01:00:00,279.37003,279.94412
Oklaj,Potomje_2025-03-11_16-50_tf_1h,2021-03-29 02:00:00,278.56754,278.75006
Oklaj,Potomje_2025-03-11_16-50_tf_1h,2021-03-29 03:00:00,277.7654,277.98032
Oklaj,Potomje_2025-03-11_16-50_tf_1h,2021-03-29 04:00:00,277.24478,277.2037
Oklaj,Potomje_2025-03-11_16-50_tf_1h,2021-03-29 05:00:00,276.98065,277.1905
Oklaj,Potomje_2025-03-11_16-50_tf_1h,2021-03-29 06:00:00,276.9452,278.0183
Oklaj,Potomje_2025-03-11_16-50_tf_1h,2021-03-29 07:00:00,278.66904,279.00803
Oklaj,Potomje_2025-03-11_16-50_tf_1h,2021-03-29 08:00:00,283.43353,280.84534
Oklaj,Potomje_2025-03-11_16-50_tf_1h,2021-03-29 09:00:00,286.60974,286.6677
Oklaj,Potomje_2025-03-11_16-50_tf_1h,2021-03-29 10:00:00,288.6078,288.42694
Oklaj,Potomje_2025-03-11_16-50_tf_1h,2021-03-29 11:00:00,289.93506,289.80927
Oklaj,Potomje_2025-03-11_16-50_tf_1h,2021-03-29 12:00:00,290.86407,290.55634
Oklaj,Potomje_2025-03-11_16-50_tf_1h,2021-03-29 13:00:00,291.49728,291.1365
Oklaj,Potomje_2025-03-11_16-50_tf_1h,2021-03-29 14:00:00,291.95743,291.49124
Oklaj,Potomje_2025-03-11_16-50_tf_1h,2021-03-29 15:00:00,291.97934,291.74542
Oklaj,Potomje_2025-03-11_16-50_tf_1h,2021-03-29 16:00:00,291.52023,291.48
Oklaj,Potomje_2025-03-11_16-50_tf_1h,2021-03-29 17:00:00,290.43762,290.78973
Oklaj,Potomje_2025-03-11_16-50_tf_1h,2021-03-29 18:00:00,288.621,289.52643
Oklaj,Potomje_2025-03-11_16-50_tf_1h,2021-03-29 19:00:00,286.3585,287.6115
Oklaj,Potomje_2025-03-11_16-50_tf_1h,2021-03-29 20:00:00,284.8741,285.38913
Oklaj,Potomje_2025-03-11_16-50_tf_1h,2021-03-29 21:00:00,283.4436,284.12848
Oklaj,Potomje_2025-03-11_16-50_tf_1h,2021-03-29 22:00:00,282.0423,282.77942
Oklaj,Potomje_2025-03-11_16-50_tf_1h,2021-03-29 23:00:00,280.94058,281.4566
Oklaj,Potomje_2025-03-11_16-50_tf_1h,2021-03-30 00:00:00,280.2347,280.4461
Oklaj,Potomje_2025-03-11_16-50_tf_1h,2021-03-30 01:00:00,279.79022,279.8205
Oklaj,Potomje_2025-03-11_16-50_tf_1h,2021-03-30 02:00:00,279.31894,279.43323
Oklaj,Potomje_2025-03-11_16-50_tf_1h,2021-03-30 03:00:00,279.21747,278.9243
Oklaj,Potomje_2025-03-11_16-50_tf_1h,2021-03-30 04:00:00,278.90988,278.88196
Oklaj,Potomje_2025-03-11_16-50_tf_1h,2021-03-30 05:00:00,278.69788,278.53915
Oklaj,Potomje_2025-03-11_16-50_tf_1h,2021-03-30 06:00:00,278.64957,278.89194
Oklaj,Potomje_2025-03-11_16-50_tf_1h,2021-03-30 07:00:00,279.97998,280.12708
Oklaj,Potomje_2025-03-11_16-50_tf_1h,2021-03-30 08:00:00,285.57684,282.3
Oklaj,Potomje_2025-03-11_16-50_tf_1h,2021-03-30 09:00:00,288.79825,289.10617
Oklaj,Potomje_2025-03-11_16-50_tf_1h,2021-03-30 10:00:00,289.91803,290.38004
Oklaj,Potomje_2025-03-11_16-50_tf_1h,2021-03-30 11:00:00,290.98987,290.44156
Oklaj,Potomje_2025-03-11_16-50_tf_1h,2021-03-30 12:00:00,291.91782,291.35962
Oklaj,Potomje_2025-03-11_16-50_tf_1h,2021-03-30 13:00:00,292.85654,292.021
Oklaj,Potomje_2025-03-11_16-50_tf_1h,2021-03-30 14:00:00,293.14883,292.8653
Oklaj,Potomje_2025-03-11_16-50_tf_1h,2021-03-30 15:00:00,293.1144,292.74374
Oklaj,Potomje_2025-03-11_16-50_tf_1h,2021-03-30 16:00:00,292.43045,292.53528
Oklaj,Potomje_2025-03-11_16-50_tf_1h,2021-03-30 17:00:00,291.37982,291.58624
Oklaj,Potomje_2025-03-11_16-50_tf_1h,2021-03-30 18:00:00,289.70395,290.43073
Oklaj,Potomje_2025-03-11_16-50_tf_1h,2021-03-30 19:00:00,287.74033,288.6881
Oklaj,Potomje_2025-03-11_16-50_tf_1h,2021-03-30 20:00:00,286.10373,286.80292
Oklaj,Potomje_2025-03-11_16-50_tf_1h,2021-03-30 21:00:00,284.7264,285.39935
Oklaj,Potomje_2025-03-11_16-50_tf_1h,2021-03-30 22:00:00,283.64346,284.12534
Oklaj,Potomje_2025-03-11_16-50_tf_1h,2021-03-30 23:00:00,282.59735,283.1239
Oklaj,Potomje_2025-03-11_16-50_tf_1h,2021-03-31 00:00:00,281.90018,282.11194
Oklaj,Potomje_2025-03-11_16-50_tf_1h,2021-03-31 01:00:00,281.10394,281.47906
Oklaj,Potomje_2025-03-11_16-50_tf_1h,2021-03-31 02:00:00,280.32266,280.6505
Oklaj,Potomje_2025-03-11_16-50_tf_1h,2021-03-31 03:00:00,279.92645,279.8377
Oklaj,Potomje_2025-03-11_16-50_tf_1h,2021-03-31 04:00:00,279.64633,279.43518
Oklaj,Potomje_2025-03-11_16-50_tf_1h,2021-03-31 05:00:00,279.67517,279.22034
Oklaj,Potomje_2025-03-11_16-50_tf_1h,2021-03-31 06:00:00,279.5445,279.97824
Oklaj,Potomje_2025-03-11_16-50_tf_1h,2021-03-31 07:00:00,281.19568,281.0277
Oklaj,Potomje_2025-03-11_16-50_tf_1h,2021-03-31 08:00:00,286.68552,283.66415
Oklaj,Potomje_2025-03-11_16-50_tf_1h,2021-03-31 09:00:00,289.71924,290.1396
Oklaj,Potomje_2025-03-11_16-50_tf_1h,2021-03-31 10:00:00,291.20117,291.22806
Oklaj,Potomje_2025-03-11_16-50_tf_1h,2021-03-31 11:00:00,292.5924,291.8858
Oklaj,Potomje_2025-03-11_16-50_tf_1h,2021-03-31 12:00:00,293.04596,293.05185
Oklaj,Potomje_2025-03-11_16-50_tf_1h,2021-03-31 13:00:00,293.38516,292.8365
Oklaj,Potomje_2025-03-11_16-50_tf_1h,2021-03-31 14:00:00,292.9271,293.09695
Oklaj,Potomje_2025-03-11_16-50_tf_1h,2021-03-31 15:00:00,292.4367,292.14212
Oklaj,Potomje_2025-03-11_16-50_tf_1h,2021-03-31 16:00:00,291.8688,291.6847
Oklaj,Potomje_2025-03-11_16-50_tf_1h,2021-03-31 17:00:00,290.82654,291.05655
Oklaj,Potomje_2025-03-11_16-50_tf_1h,2021-03-31 18:00:00,289.40054,289.8849
Oklaj,Potomje_2025-03-11_16-50_tf_1h,2021-03-31 19:00:00,288.38675,288.41708
Oklaj,Potomje_2025-03-11_16-50_tf_1h,2021-03-31 20:00:00,288.37424,287.5108
Oklaj,Potomje_2025-03-11_16-50_tf_1h,2021-03-31 21:00:00,286.44745,287.64017
Oklaj,Potomje_2025-03-11_16-50_tf_1h,2021-03-31 22:00:00,283.75885,285.68002
Oklaj,Potomje_2025-03-11_16-50_tf_1h,2021-03-31 23:00:00,282.23068,283.1858
Oklaj,Potomje_2025-03-11_16-50_tf_1h,2021-04-01 00:00:00,281.24573,281.7508
Oklaj,Potomje_2025-03-11_16-50_tf_1h,2021-04-01 01:00:00,280.53253,280.8085
Oklaj,Potomje_2025-03-11_16-50_tf_1h,2021-04-01 02:00:00,280.0479,280.1166
Oklaj,Potomje_2025-03-11_16-50_tf_1h,2021-04-01 03:00:00,279.77258,279.6274
Oklaj,Potomje_2025-03-11_16-50_tf_1h,2021-04-01 04:00:00,279.34888,279.29422
Oklaj,Potomje_2025-03-11_16-50_tf_1h,2021-04-01 05:00:00,279.03754,278.92325
Oklaj,Potomje_2025-03-11_16-50_tf_1h,2021-04-01 06:00:00,278.86386,279.63535
Oklaj,Potomje_2025-03-11_16-50_tf_1h,2021-04-01 07:00:00,280.98154,280.7497
Oklaj,Potomje_2025-03-11_16-50_tf_1h,2021-04-01 08:00:00,286.81638,283.52655
Oklaj,Potomje_2025-03-11_16-50_tf_1h,2021-04-01 09:00:00,290.0714,290.3919
Oklaj,Potomje_2025-03-11_16-50_tf_1h,2021-04-01 10:00:00,291.59134,291.66986
Oklaj,Potomje_2025-03-11_16-50_tf_1h,2021-04-01 11:00:00,292.56454,292.27792
Oklaj,Potomje_2025-03-11_16-50_tf_1h,2021-04-01 12:00:00,293.18564,292.80548
Oklaj,Potomje_2025-03-11_16-50_tf_1h,2021-04-01 13:00:00,293.42697,293.10245
Oklaj,Potomje_2025-03-11_16-50_tf_1h,2021-04-01 14:00:00,293.38898,293.05463
Oklaj,Potomje_2025-03-11_16-50_tf_1h,2021-04-01 15:00:00,293.0357,292.80844
Oklaj,Potomje_2025-03-11_16-50_tf_1h,2021-04-01 16:00:00,292.15033,292.28207
Oklaj,Potomje_2025-03-11_16-50_tf_1h,2021-04-01 17:00:00,291.19852,291.20377
Oklaj,Potomje_2025-03-11_16-50_tf_1h,2021-04-01 18:00:00,289.81506,290.2534
Oklaj,Potomje_2025-03-11_16-50_tf_1h,2021-04-01 19:00:00,288.65396,288.79803
Oklaj,Potomje_2025-03-11_16-50_tf_1h,2021-04-01 20:00:00,287.83426,287.73895
Oklaj,Potomje_2025-03-11_16-50_tf_1h,2021-04-01 21:00:00,285.8384,287.02438
Oklaj,Potomje_2025-03-11_16-50_tf_1h,2021-04-01 22:00:00,284.9471,285.11258
Oklaj,Potomje_2025-03-11_16-50_tf_1h,2021-04-01 23:00:00,284.5345,284.3926
Oklaj,Potomje_2025-03-11_16-50_tf_1h,2021-04-02 00:00:00,284.65912,284.0593
Oklaj,Potomje_2025-03-11_16-50_tf_1h,2021-04-02 01:00:00,284.47556,284.29074
Oklaj,Potomje_2025-03-11_16-50_tf_1h,2021-04-02 02:00:00,283.4537,284.08328
Oklaj,Potomje_2025-03-11_16-50_tf_1h,2021-04-02 03:00:00,282.37885,282.85687
Oklaj,Potomje_2025-03-11_16-50_tf_1h,2021-04-02 04:00:00,281.78503,281.6272
Oklaj,Potomje_2025-03-11_16-50_tf_1h,2021-04-02 05:00:00,281.31702,281.16678
Oklaj,Potomje_2025-03-11_16-50_tf_1h,2021-04-02 06:00:00,281.02863,281.24863
Oklaj,Potomje_2025-03-11_16-50_tf_1h,2021-04-02 07:00:00,282.9137,282.30133
Oklaj,Potomje_2025-03-11_16-50_tf_1h,2021-04-02 08:00:00,287.37338,285.1846
Oklaj,Potomje_2025-03-11_16-50_tf_1h,2021-04-02 09:00:00,289.8562,290.17734
Oklaj,Potomje_2025-03-11_16-50_tf_1h,2021-04-02 10:00:00,291.04895,291.12094
Oklaj,Potomje_2025-03-11_16-50_tf_1h,2021-04-02 11:00:00,291.68393,291.6252
Oklaj,Potomje_2025-03-11_16-50_tf_1h,2021-04-02 12:00:00,292.04947,291.8265
Oklaj,Potomje_2025-03-11_16-50_tf_1h,2021-04-02 13:00:00,292.0368,291.9287
Oklaj,Potomje_2025-03-11_16-50_tf_1h,2021-04-02 14:00:00,291.7033,291.62717
Oklaj,Potomje_2025-03-11_16-50_tf_1h,2021-04-02 15:00:00,291.227,291.1064
Oklaj,Potomje_2025-03-11_16-50_tf_1h,2021-04-02 16:00:00,290.38632,290.56067
Oklaj,Potomje_2025-03-11_16-50_tf_1h,2021-04-02 17:00:00,289.57336,289.56467
Oklaj,Potomje_2025-03-11_16-50_tf_1h,2021-04-02 18:00:00,288.42252,288.79468
Oklaj,Potomje_2025-03-11_16-50_tf_1h,2021-04-02 19:00:00,287.0003,287.55606
Oklaj,Potomje_2025-03-11_16-50_tf_1h,2021-04-02 20:00:00,285.87363,286.1383
Oklaj,Potomje_2025-03-11_16-50_tf_1h,2021-04-02 21:00:00,285.08636,285.19196
Oklaj,Potomje_2025-03-11_16-50_tf_1h,2021-04-02 22:00:00,284.6698,284.49756
Oklaj,Potomje_2025-03-11_16-50_tf_1h,2021-04-02 23:00:00,284.30545,284.17456
Oklaj,Potomje_2025-03-11_16-50_tf_1h,2021-04-03 00:00:00,283.8877,283.85632
Oklaj,Potomje_2025-03-11_16-50_tf_1h,2021-04-03 01:00:00,282.22534,283.45328
Oklaj,Potomje_2025-03-11_16-50_tf_1h,2021-04-03 02:00:00,281.89185,281.4914
Oklaj,Potomje_2025-03-11_16-50_tf_1h,2021-04-03 03:00:00,282.08173,281.46048
Oklaj,Potomje_2025-03-11_16-50_tf_1h,2021-04-03 04:00:00,282.05405,281.8539
Oklaj,Potomje_2025-03-11_16-50_tf_1h,2021-04-03 05:00:00,281.67267,281.99725
Oklaj,Potomje_2025-03-11_16-50_tf_1h,2021-04-03 06:00:00,281.28183,282.34402
Oklaj,Potomje_2025-03-11_16-50_tf_1h,2021-04-03 07:00:00,282.80768,282.62454
Oklaj,Potomje_2025-03-11_16-50_tf_1h,2021-04-03 08:00:00,285.43808,284.4013
Oklaj,Potomje_2025-03-11_16-50_tf_1h,2021-04-03 09:00:00,284.00558,287.12698
Oklaj,Potomje_2025-03-11_16-50_tf_1h,2021-04-03 10:00:00,282.33414,282.96283
Oklaj,Potomje_2025-03-11_16-50_tf_1h,2021-04-03 11:00:00,281.74982,281.56274
Oklaj,Potomje_2025-03-11_16-50_tf_1h,2021-04-03 12:00:00,281.16037,281.51013
Oklaj,Potomje_2025-03-11_16-50_tf_1h,2021-04-03 13:00:00,280.79483,280.76422
Oklaj,Potomje_2025-03-11_16-50_tf_1h,2021-04-03 14:00:00,281.11566,280.63245
Oklaj,Potomje_2025-03-11_16-50_tf_1h,2021-04-03 15:00:00,281.35065,281.3966
Oklaj,Potomje_2025-03-11_16-50_tf_1h,2021-04-03 16:00:00,282.2938,281.48392
Oklaj,Potomje_2025-03-11_16-50_tf_1h,2021-04-03 17:00:00,282.49792,282.9398
Oklaj,Potomje_2025-03-11_16-50_tf_1h,2021-04-03 18:00:00,282.0137,282.53946
Oklaj,Potomje_2025-03-11_16-50_tf_1h,2021-04-03 19:00:00,281.14453,281.75946
Oklaj,Potomje_2025-03-11_16-50_tf_1h,2021-04-03 20:00:00,280.95187,280.72806
Oklaj,Potomje_2025-03-11_16-50_tf_1h,2021-04-03 21:00:00,280.54993,280.92007
Oklaj,Potomje_2025-03-11_16-50_tf_1h,2021-04-03 22:00:00,280.12903,280.363
Oklaj,Potomje_2025-03-11_16-50_tf_1h,2021-04-03 23:00:00,279.733,279.97858
Oklaj,Potomje_2025-03-11_16-50_tf_1h,2021-04-04 00:00:00,279.27173,279.6102
Oklaj,Potomje_2025-03-11_16-50_tf_1h,2021-04-04 01:00:00,278.82272,279.17355
Oklaj,Potomje_2025-03-11_16-50_tf_1h,2021-04-04 02:00:00,278.54855,278.79126
Oklaj,Potomje_2025-03-11_16-50_tf_1h,2021-04-04 03:00:00,278.15454,278.67133
Oklaj,Potomje_2025-03-11_16-50_tf_1h,2021-04-04 04:00:00,277.6968,278.2482
Oklaj,Potomje_2025-03-11_16-50_tf_1h,2021-04-04 05:00:00,277.29608,277.83838
Oklaj,Potomje_2025-03-11_16-50_tf_1h,2021-04-04 06:00:00,276.98788,277.49432
Oklaj,Potomje_2025-03-11_16-50_tf_1h,2021-04-04 07:00:00,277.73953,277.14334
Oklaj,Potomje_2025-03-11_16-50_tf_1h,2021-04-04 08:00:00,279.16293,278.53763
Oklaj,Potomje_2025-03-11_16-50_tf_1h,2021-04-04 09:00:00,280.41702,280.29175
Oklaj,Potomje_2025-03-11_16-50_tf_1h,2021-04-04 10:00:00,281.46262,281.44934
Oklaj,Potomje_2025-03-11_16-50_tf_1h,2021-04-04 11:00:00,282.3175,282.38885
Oklaj,Potomje_2025-03-11_16-50_tf_1h,2021-04-04 12:00:00,283.09647,283.09174
Oklaj,Potomje_2025-03-11_16-50_tf_1h,2021-04-04 13:00:00,283.6871,283.76227
Oklaj,Potomje_2025-03-11_16-50_tf_1h,2021-04-04 14:00:00,284.13535,284.12106
Oklaj,Potomje_2025-03-11_16-50_tf_1h,2021-04-04 15:00:00,284.1191,284.39847
Oklaj,Potomje_2025-03-11_16-50_tf_1h,2021-04-04 16:00:00,283.59808,284.04123
Oklaj,Potomje_2025-03-11_16-50_tf_1h,2021-04-04 17:00:00,282.73685,283.23706
Oklaj,Potomje_2025-03-11_16-50_tf_1h,2021-04-04 18:00:00,281.67386,282.20737
Oklaj,Potomje_2025-03-11_16-50_tf_1h,2021-04-04 19:00:00,280.438,281.06345
Oklaj,Potomje_2025-03-11_16-50_tf_1h,2021-04-04 20:00:00,279.21436,279.7827
Oklaj,Potomje_2025-03-11_16-50_tf_1h,2021-04-04 21:00:00,278.32147,278.5948
Oklaj,Potomje_2025-03-11_16-50_tf_1h,2021-04-04 22:00:00,277.23474,277.8578
Oklaj,Potomje_2025-03-11_16-50_tf_1h,2021-04-04 23:00:00,276.1401,276.69177
Oklaj,Potomje_2025-03-11_16-50_tf_1h,2021-04-05 00:00:00,275.2666,275.59988
Oklaj,Potomje_2025-03-11_16-50_tf_1h,2021-04-05 01:00:00,274.49792,274.81613
Oklaj,Potomje_2025-03-11_16-50_tf_1h,2021-04-05 02:00:00,273.73877,274.14133
Oklaj,Potomje_2025-03-11_16-50_tf_1h,2021-04-05 03:00:00,273.1327,273.53433
Oklaj,Potomje_2025-03-11_16-50_tf_1h,2021-04-05 04:00:00,272.6718,273.35645
Oklaj,Potomje_2025-03-11_16-50_tf_1h,2021-04-05 05:00:00,272.2956,273.48483
Oklaj,Potomje_2025-03-11_16-50_tf_1h,2021-04-05 06:00:00,272.14685,273.68964
Oklaj,Potomje_2025-03-11_16-50_tf_1h,2021-04-05 07:00:00,274.50348,273.60516
Oklaj,Potomje_2025-03-11_16-50_tf_1h,2021-04-05 08:00:00,278.8243,277.51086
Oklaj,Potomje_2025-03-11_16-50_tf_1h,2021-04-05 09:00:00,280.92972,282.2017
Oklaj,Potomje_2025-03-11_16-50_tf_1h,2021-04-05 10:00:00,282.32584,282.33774
Oklaj,Potomje_2025-03-11_16-50_tf_1h,2021-04-05 11:00:00,283.22385,283.49847
Oklaj,Potomje_2025-03-11_16-50_tf_1h,2021-04-05 12:00:00,283.82556,283.8246
Oklaj,Potomje_2025-03-11_16-50_tf_1h,2021-04-05 13:00:00,284.14325,284.13977
Oklaj,Potomje_2025-03-11_16-50_tf_1h,2021-04-05 14:00:00,284.15512,284.1824
Oklaj,Potomje_2025-03-11_16-50_tf_1h,2021-04-05 15:00:00,283.8675,283.9424
Oklaj,Potomje_2025-03-11_16-50_tf_1h,2021-04-05 16:00:00,283.354,283.45456
Oklaj,Potomje_2025-03-11_16-50_tf_1h,2021-04-05 17:00:00,282.5794,282.81827
Oklaj,Potomje_2025-03-11_16-50_tf_1h,2021-04-05 18:00:00,281.51086,281.9411
Oklaj,Potomje_2025-03-11_16-50_tf_1h,2021-04-05 19:00:00,280.08667,280.77594
Oklaj,Potomje_2025-03-11_16-50_tf_1h,2021-04-05 20:00:00,279.03238,279.2696
Oklaj,Potomje_2025-03-11_16-50_tf_1h,2021-04-05 21:00:00,277.71384,278.42862
Oklaj,Potomje_2025-03-11_16-50_tf_1h,2021-04-05 22:00:00,277.069,277.01312
Oklaj,Potomje_2025-03-11_16-50_tf_1h,2021-04-05 23:00:00,276.65875,276.71045
Oklaj,Potomje_2025-03-11_16-50_tf_1h,2021-04-06 00:00:00,276.33395,276.37784
Oklaj,Potomje_2025-03-11_16-50_tf_1h,2021-04-06 01:00:00,276.51395,276.10095
Oklaj,Potomje_2025-03-11_16-50_tf_1h,2021-04-06 02:00:00,276.57172,276.64246
Oklaj,Potomje_2025-03-11_16-50_tf_1h,2021-04-06 03:00:00,276.84192,276.67606
Oklaj,Potomje_2025-03-11_16-50_tf_1h,2021-04-06 04:00:00,277.5817,277.33786
Oklaj,Potomje_2025-03-11_16-50_tf_1h,2021-04-06 05:00:00,277.88474,278.78143
Oklaj,Potomje_2025-03-11_16-50_tf_1h,2021-04-06 06:00:00,278.02518,279.2449
Oklaj,Potomje_2025-03-11_16-50_tf_1h,2021-04-06 07:00:00,279.19855,279.30765
Oklaj,Potomje_2025-03-11_16-50_tf_1h,2021-04-06 08:00:00,280.73944,280.6603
Oklaj,Potomje_2025-03-11_16-50_tf_1h,2021-04-06 09:00:00,282.24472,281.98468
Oklaj,Potomje_2025-03-11_16-50_tf_1h,2021-04-06 10:00:00,282.17984,283.31693
Oklaj,Potomje_2025-03-11_16-50_tf_1h,2021-04-06 11:00:00,280.46884,282.1913
Oklaj,Potomje_2025-03-11_16-50_tf_1h,2021-04-06 12:00:00,278.0782,279.54602
Oklaj,Potomje_2025-03-11_16-50_tf_1h,2021-04-06 13:00:00,277.77158,276.84628
Oklaj,Potomje_2025-03-11_16-50_tf_1h,2021-04-06 14:00:00,277.60147,277.73282
Oklaj,Potomje_2025-03-11_16-50_tf_1h,2021-04-06 15:00:00,277.36688,277.42767
Oklaj,Potomje_2025-03-11_16-50_tf_1h,2021-04-06 16:00:00,276.8249,277.24063
Oklaj,Potomje_2025-03-11_16-50_tf_1h,2021-04-06 17:00:00,275.86398,276.55692
Oklaj,Potomje_2025-03-11_16-50_tf_1h,2021-04-06 18:00:00,274.90424,275.41815
Oklaj,Potomje_2025-03-11_16-50_tf_1h,2021-04-06 19:00:00,273.92352,274.5544
Oklaj,Potomje_2025-03-11_16-50_tf_1h,2021-04-06 20:00:00,272.92697,273.582
Oklaj,Potomje_2025-03-11_16-50_tf_1h,2021-04-06 21:00:00,272.7988,272.67798
Oklaj,Potomje_2025-03-11_16-50_tf_1h,2021-04-06 22:00:00,273.04645,273.31696
Oklaj,Potomje_2025-03-11_16-50_tf_1h,2021-04-06 23:00:00,273.07376,273.87512
Oklaj,Potomje_2025-03-11_16-50_tf_1h,2021-04-07 00:00:00,272.99185,273.90503
Oklaj,Potomje_2025-03-11_16-50_tf_1h,2021-04-07 01:00:00,272.08197,273.86096
Oklaj,Potomje_2025-03-11_16-50_tf_1h,2021-04-07 02:00:00,271.35364,272.27838
Oklaj,Potomje_2025-03-11_16-50_tf_1h,2021-04-07 03:00:00,270.7183,271.9385
Oklaj,Potomje_2025-03-11_16-50_tf_1h,2021-04-07 04:00:00,270.19928,271.19174
Oklaj,Potomje_2025-03-11_16-50_tf_1h,2021-04-07 05:00:00,269.23044,270.79852
Oklaj,Potomje_2025-03-11_16-50_tf_1h,2021-04-07 06:00:00,268.47562,269.37256
Oklaj,Potomje_2025-03-11_16-50_tf_1h,2021-04-07 07:00:00,269.64383,268.89728
Oklaj,Potomje_2025-03-11_16-50_tf_1h,2021-04-07 08:00:00,272.22595,271.39224
Oklaj,Potomje_2025-03-11_16-50_tf_1h,2021-04-07 09:00:00,274.78555,274.58362
Oklaj,Potomje_2025-03-11_16-50_tf_1h,2021-04-07 10:00:00,276.16818,276.85678
Oklaj,Potomje_2025-03-11_16-50_tf_1h,2021-04-07 11:00:00,277.21338,277.3554
Oklaj,Potomje_2025-03-11_16-50_tf_1h,2021-04-07 12:00:00,277.81076,278.28082
Oklaj,Potomje_2025-03-11_16-50_tf_1h,2021-04-07 13:00:00,278.11578,278.39377
Oklaj,Potomje_2025-03-11_16-50_tf_1h,2021-04-07 14:00:00,278.36578,278.48898
Oklaj,Potomje_2025-03-11_16-50_tf_1h,2021-04-07 15:00:00,278.37646,278.66614
Oklaj,Potomje_2025-03-11_16-50_tf_1h,2021-04-07 16:00:00,278.0054,278.45663
Oklaj,Potomje_2025-03-11_16-50_tf_1h,2021-04-07 17:00:00,277.37518,277.8425
Oklaj,Potomje_2025-03-11_16-50_tf_1h,2021-04-07 18:00:00,276.28094,277.09885
Oklaj,Potomje_2025-03-11_16-50_tf_1h,2021-04-07 19:00:00,273.93024,275.73502
Oklaj,Potomje_2025-03-11_16-50_tf_1h,2021-04-07 20:00:00,272.43723,272.6395
Oklaj,Potomje_2025-03-11_16-50_tf_1h,2021-04-07 21:00:00,271.46957,271.99606
Oklaj,Potomje_2025-03-11_16-50_tf_1h,2021-04-07 22:00:00,271.20175,271.20676
Oklaj,Potomje_2025-03-11_16-50_tf_1h,2021-04-07 23:00:00,271.37146,271.45346
Oklaj,Potomje_2025-03-11_16-50_tf_1h,2021-04-08 00:00:00,270.86627,271.92166
Oklaj,Potomje_2025-03-11_16-50_tf_1h,2021-04-08 01:00:00,270.2677,270.9733
Oklaj,Potomje_2025-03-11_16-50_tf_1h,2021-04-08 02:00:00,269.85983,270.58633
Oklaj,Potomje_2025-03-11_16-50_tf_1h,2021-04-08 03:00:00,269.26288,270.36765
Oklaj,Potomje_2025-03-11_16-50_tf_1h,2021-04-08 04:00:00,269.0429,269.7066
Oklaj,Potomje_2025-03-11_16-50_tf_1h,2021-04-08 05:00:00,269.4235,270.0336
Oklaj,Potomje_2025-03-11_16-50_tf_1h,2021-04-08 06:00:00,269.93936,270.85886
Oklaj,Potomje_2025-03-11_16-50_tf_1h,2021-04-08 07:00:00,273.3301,271.364
Oklaj,Potomje_2025-03-11_16-50_tf_1h,2021-04-08 08:00:00,276.55194,277.13217
Oklaj,Potomje_2025-03-11_16-50_tf_1h,2021-04-08 09:00:00,276.6176,278.9174
Oklaj,Potomje_2025-03-11_16-50_tf_1h,2021-04-08 10:00:00,278.4639,276.867
Oklaj,Potomje_2025-03-11_16-50_tf_1h,2021-04-08 11:00:00,279.0142,280.38394
Oklaj,Potomje_2025-03-11_16-50_tf_1h,2021-04-08 12:00:00,281.92902,279.2449
Oklaj,Potomje_2025-03-11_16-50_tf_1h,2021-04-08 13:00:00,282.41324,284.0193
Oklaj,Potomje_2025-03-11_16-50_tf_1h,2021-04-08 14:00:00,282.61935,282.3605
Oklaj,Potomje_2025-03-11_16-50_tf_1h,2021-04-08 15:00:00,283.06006,282.70874
Oklaj,Potomje_2025-03-11_16-50_tf_1h,2021-04-08 16:00:00,282.4089,283.1485
Oklaj,Potomje_2025-03-11_16-50_tf_1h,2021-04-08 17:00:00,281.63153,281.77066
Oklaj,Potomje_2025-03-11_16-50_tf_1h,2021-04-08 18:00:00,280.49457,281.05466
Oklaj,Potomje_2025-03-11_16-50_tf_1h,2021-04-08 19:00:00,279.2373,279.7645
Oklaj,Potomje_2025-03-11_16-50_tf_1h,2021-04-08 20:00:00,279.98105,278.53223
Oklaj,Potomje_2025-03-11_16-50_tf_1h,2021-04-08 21:00:00,279.37933,280.3851
Oklaj,Potomje_2025-03-11_16-50_tf_1h,2021-04-08 22:00:00,277.33286,278.93503
Oklaj,Potomje_2025-03-11_16-50_tf_1h,2021-04-08 23:00:00,275.83627,276.31387
Oklaj,Potomje_2025-03-11_16-50_tf_1h,2021-04-09 00:00:00,274.3757,275.13382
Oklaj,Potomje_2025-03-11_16-50_tf_1h,2021-04-09 01:00:00,272.97287,273.61734
Oklaj,Potomje_2025-03-11_16-50_tf_1h,2021-04-09 02:00:00,272.08435,272.22668
Oklaj,Potomje_2025-03-11_16-50_tf_1h,2021-04-09 03:00:00,271.64404,271.72278
Oklaj,Potomje_2025-03-11_16-50_tf_1h,2021-04-09 04:00:00,271.4031,271.8214
Oklaj,Potomje_2025-03-11_16-50_tf_1h,2021-04-09 05:00:00,271.27887,272.20602
Oklaj,Potomje_2025-03-11_16-50_tf_1h,2021-04-09 06:00:00,271.59378,272.87057
Oklaj,Potomje_2025-03-11_16-50_tf_1h,2021-04-09 07:00:00,275.05734,273.47067
Oklaj,Potomje_2025-03-11_16-50_tf_1h,2021-04-09 08:00:00,279.87662,279.01242
Oklaj,Potomje_2025-03-11_16-50_tf_1h,2021-04-09 09:00:00,281.88986,283.50183
Oklaj,Potomje_2025-03-11_16-50_tf_1h,2021-04-09 10:00:00,283.35242,283.3099
Oklaj,Potomje_2025-03-11_16-50_tf_1h,2021-04-09 11:00:00,284.39484,284.5895
Oklaj,Potomje_2025-03-11_16-50_tf_1h,2021-04-09 12:00:00,285.00092,285.0306
Oklaj,Potomje_2025-03-11_16-50_tf_1h,2021-04-09 13:00:00,285.24423,285.26187
Oklaj,Potomje_2025-03-11_16-50_tf_1h,2021-04-09 14:00:00,285.20743,285.21085
Oklaj,Potomje_2025-03-11_16-50_tf_1h,2021-04-09 15:00:00,284.93683,284.93335
Oklaj,Potomje_2025-03-11_16-50_tf_1h,2021-04-09 16:00:00,284.43164,284.4974
Oklaj,Potomje_2025-03-11_16-50_tf_1h,2021-04-09 17:00:00,283.63528,283.86646
Oklaj,Potomje_2025-03-11_16-50_tf_1h,2021-04-09 18:00:00,282.5802,282.96313
Oklaj,Potomje_2025-03-11_16-50_tf_1h,2021-04-09 19:00:00,281.18332,281.8329
Oklaj,Potomje_2025-03-11_16-50_tf_1h,2021-04-09 20:00:00,280.004,280.33844
Oklaj,Potomje_2025-03-11_16-50_tf_1h,2021-04-09 21:00:00,278.65973,279.32434
Oklaj,Potomje_2025-03-11_16-50_tf_1h,2021-04-09 22:00:00,277.54727,277.95807
Oklaj,Potomje_2025-03-11_16-50_tf_1h,2021-04-09 23:00:00,276.817,276.96454
Oklaj,Potomje_2025-03-11_16-50_tf_1h,2021-04-10 00:00:00,276.24493,276.3852
Oklaj,Potomje_2025-03-11_16-50_tf_1h,2021-04-10 01:00:00,275.79593,275.8444
Oklaj,Potomje_2025-03-11_16-50_tf_1h,2021-04-10 02:00:00,275.52612,275.45624
Oklaj,Potomje_2025-03-11_16-50_tf_1h,2021-04-10 03:00:00,275.43277,275.3896
Oklaj,Potomje_2025-03-11_16-50_tf_1h,2021-04-10 04:00:00,275.29626,275.61673
Oklaj,Potomje_2025-03-11_16-50_tf_1h,2021-04-10 05:00:00,275.1673,275.90884
Oklaj,Potomje_2025-03-11_16-50_tf_1h,2021-04-10 06:00:00,275.45096,276.61987
Oklaj,Potomje_2025-03-11_16-50_tf_1h,2021-04-10 07:00:00,277.88434,277.1824
Oklaj,Potomje_2025-03-11_16-50_tf_1h,2021-04-10 08:00:00,281.806,280.39154
Oklaj,Potomje_2025-03-11_16-50_tf_1h,2021-04-10 09:00:00,283.31207,284.45764
Oklaj,Potomje_2025-03-11_16-50_tf_1h,2021-04-10 10:00:00,284.9578,284.21817
Oklaj,Potomje_2025-03-11_16-50_tf_1h,2021-04-10 11:00:00,285.91122,286.08655
Oklaj,Potomje_2025-03-11_16-50_tf_1h,2021-04-10 12:00:00,286.45795,286.33932
Oklaj,Potomje_2025-03-11_16-50_tf_1h,2021-04-10 13:00:00,286.69016,286.60767
Oklaj,Potomje_2025-03-11_16-50_tf_1h,2021-04-10 14:00:00,286.62253,286.5703
Oklaj,Potomje_2025-03-11_16-50_tf_1h,2021-04-10 15:00:00,286.39346,286.28848
Oklaj,Potomje_2025-03-11_16-50_tf_1h,2021-04-10 16:00:00,285.946,285.9526
Oklaj,Potomje_2025-03-11_16-50_tf_1h,2021-04-10 17:00:00,285.15204,285.40414
Oklaj,Potomje_2025-03-11_16-50_tf_1h,2021-04-10 18:00:00,284.18637,284.51346
Oklaj,Potomje_2025-03-11_16-50_tf_1h,2021-04-10 19:00:00,282.83853,283.5202
Oklaj,Potomje_2025-03-11_16-50_tf_1h,2021-04-10 20:00:00,281.75458,282.0852
Oklaj,Potomje_2025-03-11_16-50_tf_1h,2021-04-10 21:00:00,280.81262,281.13452
Oklaj,Potomje_2025-03-11_16-50_tf_1h,2021-04-10 22:00:00,280.3727,280.2819
Oklaj,Potomje_2025-03-11_16-50_tf_1h,2021-04-10 23:00:00,279.79276,280.0286
Oklaj,Potomje_2025-03-11_16-50_tf_1h,2021-04-11 00:00:00,279.52255,279.40927
Oklaj,Potomje_2025-03-11_16-50_tf_1h,2021-04-11 01:00:00,279.61392,279.24646
Oklaj,Potomje_2025-03-11_16-50_tf_1h,2021-04-11 02:00:00,279.43115,279.48526
Oklaj,Potomje_2025-03-11_16-50_tf_1h,2021-04-11 03:00:00,279.0229,279.18018
Oklaj,Potomje_2025-03-11_16-50_tf_1h,2021-04-11 04:00:00,279.5162,278.80148
Oklaj,Potomje_2025-03-11_16-50_tf_1h,2021-04-11 05:00:00,280.1492,280.2621
Oklaj,Potomje_2025-03-11_16-50_tf_1h,2021-04-11 06:00:00,280.74103,281.54932
Oklaj,Potomje_2025-03-11_16-50_tf_1h,2021-04-11 07:00:00,281.77475,282.3614
Oklaj,Potomje_2025-03-11_16-50_tf_1h,2021-04-11 08:00:00,283.9482,283.04538
Oklaj,Potomje_2025-03-11_16-50_tf_1h,2021-04-11 09:00:00,284.9483,285.41925
Oklaj,Potomje_2025-03-11_16-50_tf_1h,2021-04-11 10:00:00,285.4511,285.5221
Oklaj,Potomje_2025-03-11_16-50_tf_1h,2021-04-11 11:00:00,286.40097,285.75473
Oklaj,Potomje_2025-03-11_16-50_tf_1h,2021-04-11 12:00:00,286.70084,286.83475
Oklaj,Potomje_2025-03-11_16-50_tf_1h,2021-04-11 13:00:00,287.02444,286.65198
Oklaj,Potomje_2025-03-11_16-50_tf_1h,2021-04-11 14:00:00,287.13086,286.97745
Oklaj,Potomje_2025-03-11_16-50_tf_1h,2021-04-11 15:00:00,286.68265,286.90884
Oklaj,Potomje_2025-03-11_16-50_tf_1h,2021-04-11 16:00:00,286.51926,286.20425
Oklaj,Potomje_2025-03-11_16-50_tf_1h,2021-04-11 17:00:00,285.8483,286.14496
Oklaj,Potomje_2025-03-11_16-50_tf_1h,2021-04-11 18:00:00,285.18686,285.29773
Oklaj,Potomje_2025-03-11_16-50_tf_1h,2021-04-11 19:00:00,284.19864,284.6787
Oklaj,Potomje_2025-03-11_16-50_tf_1h,2021-04-11 20:00:00,284.21127,283.61377
Oklaj,Potomje_2025-03-11_16-50_tf_1h,2021-04-11 21:00:00,283.625,283.9344
Oklaj,Potomje_2025-03-11_16-50_tf_1h,2021-04-11 22:00:00,283.12454,283.17896
Oklaj,Potomje_2025-03-11_16-50_tf_1h,2021-04-11 23:00:00,283.09686,282.74796
Oklaj,Potomje_2025-03-11_16-50_tf_1h,2021-04-12 00:00:00,283.14987,282.88696
Oklaj,Potomje_2025-03-11_16-50_tf_1h,2021-04-12 01:00:00,282.69138,282.9514
Oklaj,Potomje_2025-03-11_16-50_tf_1h,2021-04-12 02:00:00,282.66525,282.28156
Oklaj,Potomje_2025-03-11_16-50_tf_1h,2021-04-12 03:00:00,282.7974,282.51324
Oklaj,Potomje_2025-03-11_16-50_tf_1h,2021-04-12 04:00:00,282.8057,282.8141
Oklaj,Potomje_2025-03-11_16-50_tf_1h,2021-04-12 05:00:00,282.79858,282.9959
Oklaj,Potomje_2025-03-11_16-50_tf_1h,2021-04-12 06:00:00,282.68265,283.39636
Oklaj,Potomje_2025-03-11_16-50_tf_1h,2021-04-12 07:00:00,283.87106,283.3784
Oklaj,Potomje_2025-03-11_16-50_tf_1h,2021-04-12 08:00:00,285.36566,284.8906
Oklaj,Potomje_2025-03-11_16-50_tf_1h,2021-04-12 09:00:00,286.22018,286.26367
Oklaj,Potomje_2025-03-11_16-50_tf_1h,2021-04-12 10:00:00,286.98727,286.69238
Oklaj,Potomje_2025-03-11_16-50_tf_1h,2021-04-12 11:00:00,287.79114,287.36557
Oklaj,Potomje_2025-03-11_16-50_tf_1h,2021-04-12 12:00:00,288.01227,288.09238
Oklaj,Potomje_2025-03-11_16-50_tf_1h,2021-04-12 13:00:00,287.60638,287.94327
Oklaj,Potomje_2025-03-11_16-50_tf_1h,2021-04-12 14:00:00,287.16766,287.22626
Oklaj,Potomje_2025-03-11_16-50_tf_1h,2021-04-12 15:00:00,286.33096,286.77518
Oklaj,Potomje_2025-03-11_16-50_tf_1h,2021-04-12 16:00:00,286.07895,285.75882
Oklaj,Potomje_2025-03-11_16-50_tf_1h,2021-04-12 17:00:00,285.37872,285.7295
Oklaj,Potomje_2025-03-11_16-50_tf_1h,2021-04-12 18:00:00,284.8332,284.88586
Oklaj,Potomje_2025-03-11_16-50_tf_1h,2021-04-12 19:00:00,284.4067,284.4117
Oklaj,Potomje_2025-03-11_16-50_tf_1h,2021-04-12 20:00:00,284.73627,284.01825
Oklaj,Potomje_2025-03-11_16-50_tf_1h,2021-04-12 21:00:00,284.54913,284.58777
Oklaj,Potomje_2025-03-11_16-50_tf_1h,2021-04-12 22:00:00,284.43875,284.25458
Oklaj,Potomje_2025-03-11_16-50_tf_1h,2021-04-12 23:00:00,284.35016,284.20108
Oklaj,Potomje_2025-03-11_16-50_tf_1h,2021-04-13 00:00:00,283.98422,284.10358
Oklaj,Potomje_2025-03-11_16-50_tf_1h,2021-04-13 01:00:00,283.70016,283.62778
Oklaj,Potomje_2025-03-11_16-50_tf_1h,2021-04-13 02:00:00,283.42087,283.3891
Oklaj,Potomje_2025-03-11_16-50_tf_1h,2021-04-13 03:00:00,283.32196,283.1573
Oklaj,Potomje_2025-03-11_16-50_tf_1h,2021-04-13 04:00:00,283.05017,283.26968
Oklaj,Potomje_2025-03-11_16-50_tf_1h,2021-04-13 05:00:00,282.11853,283.19125
Oklaj,Potomje_2025-03-11_16-50_tf_1h,2021-04-13 06:00:00,280.9483,282.2798
Oklaj,Potomje_2025-03-11_16-50_tf_1h,2021-04-13 07:00:00,279.9862,280.7483
Oklaj,Potomje_2025-03-11_16-50_tf_1h,2021-04-13 08:00:00,280.92853,279.72644
Oklaj,Potomje_2025-03-11_16-50_tf_1h,2021-04-13 09:00:00,280.57208,281.77106
Oklaj,Potomje_2025-03-11_16-50_tf_1h,2021-04-13 10:00:00,280.29004,280.39813
Oklaj,Potomje_2025-03-11_16-50_tf_1h,2021-04-13 11:00:00,281.0385,280.43326
Oklaj,Potomje_2025-03-11_16-50_tf_1h,2021-04-13 12:00:00,281.3277,281.75842
Oklaj,Potomje_2025-03-11_16-50_tf_1h,2021-04-13 13:00:00,281.7134,281.6241
Oklaj,Potomje_2025-03-11_16-50_tf_1h,2021-04-13 14:00:00,281.79016,282.17404
Oklaj,Potomje_2025-03-11_16-50_tf_1h,2021-04-13 15:00:00,281.5793,282.00464
Oklaj,Potomje_2025-03-11_16-50_tf_1h,2021-04-13 16:00:00,280.60532,281.65634
Oklaj,Potomje_2025-03-11_16-50_tf_1h,2021-04-13 17:00:00,279.6246,280.2582
Oklaj,Potomje_2025-03-11_16-50_tf_1h,2021-04-13 18:00:00,278.53906,279.34756
Oklaj,Potomje_2025-03-11_16-50_tf_1h,2021-04-13 19:00:00,277.6359,278.16907
Oklaj,Potomje_2025-03-11_16-50_tf_1h,2021-04-13 20:00:00,276.7905,277.3899
Oklaj,Potomje_2025-03-11_16-50_tf_1h,2021-04-13 21:00:00,276.66348,276.5711
Oklaj,Potomje_2025-03-11_16-50_tf_1h,2021-04-13 22:00:00,276.43365,276.91638
Oklaj,Potomje_2025-03-11_16-50_tf_1h,2021-04-13 23:00:00,276.4202,276.5376
Oklaj,Potomje_2025-03-11_16-50_tf_1h,2021-04-14 00:00:00,276.28134,276.74518
Oklaj,Potomje_2025-03-11_16-50_tf_1h,2021-04-14 01:00:00,276.16544,276.4997
Oklaj,Potomje_2025-03-11_16-50_tf_1h,2021-04-14 02:00:00,276.2952,276.4678
Oklaj,Potomje_2025-03-11_16-50_tf_1h,2021-04-14 03:00:00,276.1306,276.7859
Oklaj,Potomje_2025-03-11_16-50_tf_1h,2021-04-14 04:00:00,275.97,276.43033
Oklaj,Potomje_2025-03-11_16-50_tf_1h,2021-04-14 05:00:00,275.8062,276.4129
Oklaj,Potomje_2025-03-11_16-50_tf_1h,2021-04-14 06:00:00,275.9324,276.28094
Oklaj,Potomje_2025-03-11_16-50_tf_1h,2021-04-14 07:00:00,276.83795,276.65604
Oklaj,Potomje_2025-03-11_16-50_tf_1h,2021-04-14 08:00:00,278.6882,277.9807
Oklaj,Potomje_2025-03-11_16-50_tf_1h,2021-04-14 09:00:00,280.2481,280.2699
Oklaj,Potomje_2025-03-11_16-50_tf_1h,2021-04-14 10:00:00,281.1924,281.4226
Oklaj,Potomje_2025-03-11_16-50_tf_1h,2021-04-14 11:00:00,282.28705,281.94354
Oklaj,Potomje_2025-03-11_16-50_tf_1h,2021-04-14 12:00:00,282.74597,283.0662
Oklaj,Potomje_2025-03-11_16-50_tf_1h,2021-04-14 13:00:00,282.99597,282.98193
Oklaj,Potomje_2025-03-11_16-50_tf_1h,2021-04-14 14:00:00,283.49008,283.0937
Oklaj,Potomje_2025-03-11_16-50_tf_1h,2021-04-14 15:00:00,282.96472,283.66412
Oklaj,Potomje_2025-03-11_16-50_tf_1h,2021-04-14 16:00:00,282.86267,282.52542
Oklaj,Potomje_2025-03-11_16-50_tf_1h,2021-04-14 17:00:00,282.293,282.73517
Oklaj,Potomje_2025-03-11_16-50_tf_1h,2021-04-14 18:00:00,281.46854,281.8713
Oklaj,Potomje_2025-03-11_16-50_tf_1h,2021-04-14 19:00:00,280.20023,280.9771
Oklaj,Potomje_2025-03-11_16-50_tf_1h,2021-04-14 20:00:00,278.47974,279.53445
Oklaj,Potomje_2025-03-11_16-50_tf_1h,2021-04-14 21:00:00,277.1414,277.64807
Oklaj,Potomje_2025-03-11_16-50_tf_1h,2021-04-14 22:00:00,276.364,276.5099
Oklaj,Potomje_2025-03-11_16-50_tf_1h,2021-04-14 23:00:00,275.81848,275.95844
Oklaj,Potomje_2025-03-11_16-50_tf_1h,2021-04-15 00:00:00,275.45966,275.51587
Oklaj,Potomje_2025-03-11_16-50_tf_1h,2021-04-15 01:00:00,275.05417,275.31372
Oklaj,Potomje_2025-03-11_16-50_tf_1h,2021-04-15 02:00:00,274.84766,274.97586
Oklaj,Potomje_2025-03-11_16-50_tf_1h,2021-04-15 03:00:00,274.54977,275.09586
Oklaj,Potomje_2025-03-11_16-50_tf_1h,2021-04-15 04:00:00,274.14703,274.96335
Oklaj,Potomje_2025-03-11_16-50_tf_1h,2021-04-15 05:00:00,273.82977,274.96973
Oklaj,Potomje_2025-03-11_16-50_tf_1h,2021-04-15 06:00:00,273.99,275.10626
Oklaj,Potomje_2025-03-11_16-50_tf_1h,2021-04-15 07:00:00,276.50327,275.43967
Oklaj,Potomje_2025-03-11_16-50_tf_1h,2021-04-15 08:00:00,278.70682,279.22086
Oklaj,Potomje_2025-03-11_16-50_tf_1h,2021-04-15 09:00:00,280.3272,280.44098
Oklaj,Potomje_2025-03-11_16-50_tf_1h,2021-04-15 10:00:00,281.77277,281.71683
Oklaj,Potomje_2025-03-11_16-50_tf_1h,2021-04-15 11:00:00,282.95523,282.86197
Oklaj,Potomje_2025-03-11_16-50_tf_1h,2021-04-15 12:00:00,283.81845,283.75064
Oklaj,Potomje_2025-03-11_16-50_tf_1h,2021-04-15 13:00:00,284.77463,284.28934
Oklaj,Potomje_2025-03-11_16-50_tf_1h,2021-04-15 14:00:00,285.1726,285.17804
Oklaj,Potomje_2025-03-11_16-50_tf_1h,2021-04-15 15:00:00,285.30396,285.15802
Oklaj,Potomje_2025-03-11_16-50_tf_1h,2021-04-15 16:00:00,285.118,285.11975
Oklaj,Potomje_2025-03-11_16-50_tf_1h,2021-04-15 17:00:00,284.36636,284.7487
Oklaj,Potomje_2025-03-11_16-50_tf_1h,2021-04-15 18:00:00,283.23334,283.74316
Oklaj,Potomje_2025-03-11_16-50_tf_1h,2021-04-15 19:00:00,280.93726,282.50003
Oklaj,Potomje_2025-03-11_16-50_tf_1h,2021-04-15 20:00:00,279.54074,279.7917
Oklaj,Potomje_2025-03-11_16-50_tf_1h,2021-04-15 21:00:00,277.81235,278.86066
Oklaj,Potomje_2025-03-11_16-50_tf_1h,2021-04-15 22:00:00,276.35016,276.99982
Oklaj,Potomje_2025-03-11_16-50_tf_1h,2021-04-15 23:00:00,275.33978,275.69492
Oklaj,Potomje_2025-03-11_16-50_tf_1h,2021-04-16 00:00:00,274.75983,274.82227
Oklaj,Potomje_2025-03-11_16-50_tf_1h,2021-04-16 01:00:00,274.38242,274.39505
Oklaj,Potomje_2025-03-11_16-50_tf_1h,2021-04-16 02:00:00,273.86337,274.13382
Oklaj,Potomje_2025-03-11_16-50_tf_1h,2021-04-16 03:00:00,273.4931,273.6723
Oklaj,Potomje_2025-03-11_16-50_tf_1h,2021-04-16 04:00:00,273.19916,273.73132
Oklaj,Potomje_2025-03-11_16-50_tf_1h,2021-04-16 05:00:00,272.82886,273.96695
Oklaj,Potomje_2025-03-11_16-50_tf_1h,2021-04-16 06:00:00,273.26086,274.17114
Oklaj,Potomje_2025-03-11_16-50_tf_1h,2021-04-16 07:00:00,276.75568,275.22
Oklaj,Potomje_2025-03-11_16-50_tf_1h,2021-04-16 08:00:00,280.37744,280.39792
Oklaj,Potomje_2025-03-11_16-50_tf_1h,2021-04-16 09:00:00,282.42078,282.911
Oklaj,Potomje_2025-03-11_16-50_tf_1h,2021-04-16 10:00:00,283.9114,283.86334
Oklaj,Potomje_2025-03-11_16-50_tf_1h,2021-04-16 11:00:00,285.02783,284.95227
Oklaj,Potomje_2025-03-11_16-50_tf_1h,2021-04-16 12:00:00,285.84357,285.60324
Oklaj,Potomje_2025-03-11_16-50_tf_1h,2021-04-16 13:00:00,286.41483,286.10648
Oklaj,Potomje_2025-03-11_16-50_tf_1h,2021-04-16 14:00:00,286.6237,286.4396
Oklaj,Potomje_2025-03-11_16-50_tf_1h,2021-04-16 15:00:00,286.70163,286.3906
Oklaj,Potomje_2025-03-11_16-50_tf_1h,2021-04-16 16:00:00,286.2811,286.36713
Oklaj,Potomje_2025-03-11_16-50_tf_1h,2021-04-16 17:00:00,285.7213,285.6964
Oklaj,Potomje_2025-03-11_16-50_tf_1h,2021-04-16 18:00:00,284.61124,285.1258
Oklaj,Potomje_2025-03-11_16-50_tf_1h,2021-04-16 19:00:00,282.5339,283.85526
Oklaj,Potomje_2025-03-11_16-50_tf_1h,2021-04-16 20:00:00,281.5718,281.51392
Oklaj,Potomje_2025-03-11_16-50_tf_1h,2021-04-16 21:00:00,280.61285,280.98688
Oklaj,Potomje_2025-03-11_16-50_tf_1h,2021-04-16 22:00:00,279.8232,280.0542
Oklaj,Potomje_2025-03-11_16-50_tf_1h,2021-04-16 23:00:00,278.98532,279.36127
Oklaj,Potomje_2025-03-11_16-50_tf_1h,2021-04-17 00:00:00,278.3452,278.51355
Oklaj,Potomje_2025-03-11_16-50_tf_1h,2021-04-17 01:00:00,277.7277,277.94485
Oklaj,Potomje_2025-03-11_16-50_tf_1h,2021-04-17 02:00:00,277.08243,277.2714
Oklaj,Potomje_2025-03-11_16-50_tf_1h,2021-04-17 03:00:00,276.63184,276.6025
Oklaj,Potomje_2025-03-11_16-50_tf_1h,2021-04-17 04:00:00,276.33118,276.38522
Oklaj,Potomje_2025-03-11_16-50_tf_1h,2021-04-17 05:00:00,276.0511,276.55276
Oklaj,Potomje_2025-03-11_16-50_tf_1h,2021-04-17 06:00:00,276.41388,277.0978
Oklaj,Potomje_2025-03-11_16-50_tf_1h,2021-04-17 07:00:00,278.33215,278.49982
Oklaj,Potomje_2025-03-11_16-50_tf_1h,2021-04-17 08:00:00,280.58673,280.77002
Oklaj,Potomje_2025-03-11_16-50_tf_1h,2021-04-17 09:00:00,282.2942,282.4252
Oklaj,Potomje_2025-03-11_16-50_tf_1h,2021-04-17 10:00:00,283.84378,283.56537
Oklaj,Potomje_2025-03-11_16-50_tf_1h,2021-04-17 11:00:00,285.02347,284.89917
Oklaj,Potomje_2025-03-11_16-50_tf_1h,2021-04-17 12:00:00,285.89896,285.6908
Oklaj,Potomje_2025-03-11_16-50_tf_1h,2021-04-17 13:00:00,286.43976,286.31104
Oklaj,Potomje_2025-03-11_16-50_tf_1h,2021-04-17 14:00:00,286.74515,286.558
Oklaj,Potomje_2025-03-11_16-50_tf_1h,2021-04-17 15:00:00,286.48248,286.6679
Oklaj,Potomje_2025-03-11_16-50_tf_1h,2021-04-17 16:00:00,285.29605,286.0651
Oklaj,Potomje_2025-03-11_16-50_tf_1h,2021-04-17 17:00:00,283.97668,284.4735
Oklaj,Potomje_2025-03-11_16-50_tf_1h,2021-04-17 18:00:00,282.74478,283.17548
Oklaj,Potomje_2025-03-11_16-50_tf_1h,2021-04-17 19:00:00,281.72845,282.00204
Oklaj,Potomje_2025-03-11_16-50_tf_1h,2021-04-17 20:00:00,280.76712,281.09125
Oklaj,Potomje_2025-03-11_16-50_tf_1h,2021-04-17 21:00:00,280.15472,280.1913
Oklaj,Potomje_2025-03-11_16-50_tf_1h,2021-04-17 22:00:00,279.77298,279.73178
Oklaj,Potomje_2025-03-11_16-50_tf_1h,2021-04-17 23:00:00,279.31525,279.45163
Oklaj,Potomje_2025-03-11_16-50_tf_1h,2021-04-18 00:00:00,278.95328,278.9903
Oklaj,Potomje_2025-03-11_16-50_tf_1h,2021-04-18 01:00:00,278.56757,278.66525
Oklaj,Potomje_2025-03-11_16-50_tf_1h,2021-04-18 02:00:00,278.4026,278.2515
Oklaj,Potomje_2025-03-11_16-50_tf_1h,2021-04-18 03:00:00,278.14703,278.26962
Oklaj,Potomje_2025-03-11_16-50_tf_1h,2021-04-18 04:00:00,277.736,278.12137
Oklaj,Potomje_2025-03-11_16-50_tf_1h,2021-04-18 05:00:00,277.42978,278.03522
Oklaj,Potomje_2025-03-11_16-50_tf_1h,2021-04-18 06:00:00,277.4737,278.49832
Oklaj,Potomje_2025-03-11_16-50_tf_1h,2021-04-18 07:00:00,279.25394,279.01846
Oklaj,Potomje_2025-03-11_16-50_tf_1h,2021-04-18 08:00:00,281.19083,281.3027
Oklaj,Potomje_2025-03-11_16-50_tf_1h,2021-04-18 09:00:00,282.83377,282.6491
Oklaj,Potomje_2025-03-11_16-50_tf_1h,2021-04-18 10:00:00,284.01706,283.99945
Oklaj,Potomje_2025-03-11_16-50_tf_1h,2021-04-18 11:00:00,284.5681,284.76736
Oklaj,Potomje_2025-03-11_16-50_tf_1h,2021-04-18 12:00:00,284.71292,284.88892
Oklaj,Potomje_2025-03-11_16-50_tf_1h,2021-04-18 13:00:00,284.75247,284.7207
Oklaj,Potomje_2025-03-11_16-50_tf_1h,2021-04-18 14:00:00,284.85654,284.63852
Oklaj,Potomje_2025-03-11_16-50_tf_1h,2021-04-18 15:00:00,284.90005,284.72156
Oklaj,Potomje_2025-03-11_16-50_tf_1h,2021-04-18 16:00:00,284.33432,284.69962
Oklaj,Potomje_2025-03-11_16-50_tf_1h,2021-04-18 17:00:00,284.01862,283.85056
Oklaj,Potomje_2025-03-11_16-50_tf_1h,2021-04-18 18:00:00,283.61353,283.66586
Oklaj,Potomje_2025-03-11_16-50_tf_1h,2021-04-18 19:00:00,282.7341,283.22104
Oklaj,Potomje_2025-03-11_16-50_tf_1h,2021-04-18 20:00:00,282.92636,282.18213
Oklaj,Potomje_2025-03-11_16-50_tf_1h,2021-04-18 21:00:00,282.19528,282.8141
Oklaj,Potomje_2025-03-11_16-50_tf_1h,2021-04-18 22:00:00,280.7173,281.7017
Oklaj,Potomje_2025-03-11_16-50_tf_1h,2021-04-18 23:00:00,278.57666,280.0105
Oklaj,Potomje_2025-03-11_16-50_tf_1h,2021-04-19 00:00:00,277.80838,277.6565
Oklaj,Potomje_2025-03-11_16-50_tf_1h,2021-04-19 01:00:00,277.43808,277.38858
Oklaj,Potomje_2025-03-11_16-50_tf_1h,2021-04-19 02:00:00,277.2316,277.1424
Oklaj,Potomje_2025-03-11_16-50_tf_1h,2021-04-19 03:00:00,277.12003,277.13327
Oklaj,Potomje_2025-03-11_16-50_tf_1h,2021-04-19 04:00:00,277.02826,277.32462
Oklaj,Potomje_2025-03-11_16-50_tf_1h,2021-04-19 05:00:00,276.95862,277.78204
Oklaj,Potomje_2025-03-11_16-50_tf_1h,2021-04-19 06:00:00,277.48874,278.39
Oklaj,Potomje_2025-03-11_16-50_tf_1h,2021-04-19 07:00:00,278.99045,279.21292
Oklaj,Potomje_2025-03-11_16-50_tf_1h,2021-04-19 08:00:00,281.67346,280.7531
Oklaj,Potomje_2025-03-11_16-50_tf_1h,2021-04-19 09:00:00,283.20883,283.7275
Oklaj,Potomje_2025-03-11_16-50_tf_1h,2021-04-19 10:00:00,284.631,284.2697
Oklaj,Potomje_2025-03-11_16-50_tf_1h,2021-04-19 11:00:00,285.80716,285.6509
Oklaj,Potomje_2025-03-11_16-50_tf_1h,2021-04-19 12:00:00,286.11258,286.48615
Oklaj,Potomje_2025-03-11_16-50_tf_1h,2021-04-19 13:00:00,286.3353,286.22412
Oklaj,Potomje_2025-03-11_16-50_tf_1h,2021-04-19 14:00:00,286.51532,286.34177
Oklaj,Potomje_2025-03-11_16-50_tf_1h,2021-04-19 15:00:00,286.58096,286.39676
Oklaj,Potomje_2025-03-11_16-50_tf_1h,2021-04-19 16:00:00,285.99786,286.33768
Oklaj,Potomje_2025-03-11_16-50_tf_1h,2021-04-19 17:00:00,285.71817,285.44745
Oklaj,Potomje_2025-03-11_16-50_tf_1h,2021-04-19 18:00:00,284.9032,285.2785
Oklaj,Potomje_2025-03-11_16-50_tf_1h,2021-04-19 19:00:00,283.4161,284.2899
Oklaj,Potomje_2025-03-11_16-50_tf_1h,2021-04-19 20:00:00,281.91638,282.60226
Oklaj,Potomje_2025-03-11_16-50_tf_1h,2021-04-19 21:00:00,280.97403,281.15665
Oklaj,Potomje_2025-03-11_16-50_tf_1h,2021-04-19 22:00:00,279.96484,280.44888
Oklaj,Potomje_2025-03-11_16-50_tf_1h,2021-04-19 23:00:00,279.3109,279.4488
Oklaj,Potomje_2025-03-11_16-50_tf_1h,2021-04-20 00:00:00,278.5458,278.94012
Oklaj,Potomje_2025-03-11_16-50_tf_1h,2021-04-20 01:00:00,277.94644,278.08234
Oklaj,Potomje_2025-03-11_16-50_tf_1h,2021-04-20 02:00:00,277.59317,277.50906
Oklaj,Potomje_2025-03-11_16-50_tf_1h,2021-04-20 03:00:00,277.27115,277.3273
Oklaj,Potomje_2025-03-11_16-50_tf_1h,2021-04-20 04:00:00,276.9064,277.20978
Oklaj,Potomje_2025-03-11_16-50_tf_1h,2021-04-20 05:00:00,276.66113,277.27658
Oklaj,Potomje_2025-03-11_16-50_tf_1h,2021-04-20 06:00:00,276.9519,277.89432
Oklaj,Potomje_2025-03-11_16-50_tf_1h,2021-04-20 07:00:00,280.07877,278.82904
Oklaj,Potomje_2025-03-11_16-50_tf_1h,2021-04-20 08:00:00,282.4109,282.99146
Oklaj,Potomje_2025-03-11_16-50_tf_1h,2021-04-20 09:00:00,283.87186,283.95312
Oklaj,Potomje_2025-03-11_16-50_tf_1h,2021-04-20 10:00:00,285.1291,284.96872
Oklaj,Potomje_2025-03-11_16-50_tf_1h,2021-04-20 11:00:00,286.00418,285.93576
Oklaj,Potomje_2025-03-11_16-50_tf_1h,2021-04-20 12:00:00,286.60156,286.44623
Oklaj,Potomje_2025-03-11_16-50_tf_1h,2021-04-20 13:00:00,286.9829,286.80515
Oklaj,Potomje_2025-03-11_16-50_tf_1h,2021-04-20 14:00:00,287.16885,286.97382
Oklaj,Potomje_2025-03-11_16-50_tf_1h,2021-04-20 15:00:00,286.8219,286.98923
Oklaj,Potomje_2025-03-11_16-50_tf_1h,2021-04-20 16:00:00,285.30832,286.34955
Oklaj,Potomje_2025-03-11_16-50_tf_1h,2021-04-20 17:00:00,284.34738,284.3803
Oklaj,Potomje_2025-03-11_16-50_tf_1h,2021-04-20 18:00:00,284.0202,283.69098
Oklaj,Potomje_2025-03-11_16-50_tf_1h,2021-04-20 19:00:00,283.16293,283.56992
Oklaj,Potomje_2025-03-11_16-50_tf_1h,2021-04-20 20:00:00,282.5343,282.55438
Oklaj,Potomje_2025-03-11_16-50_tf_1h,2021-04-20 21:00:00,281.9219,282.03848
Oklaj,Potomje_2025-03-11_16-50_tf_1h,2021-04-20 22:00:00,279.8244,281.457
Oklaj,Potomje_2025-03-11_16-50_tf_1h,2021-04-20 23:00:00,278.80136,278.95126
Oklaj,Potomje_2025-03-11_16-50_tf_1h,2021-04-21 00:00:00,278.09637,278.31418
Oklaj,Potomje_2025-03-11_16-50_tf_1h,2021-04-21 01:00:00,277.40762,277.64218
Oklaj,Potomje_2025-03-11_16-50_tf_1h,2021-04-21 02:00:00,276.71057,276.9109
Oklaj,Potomje_2025-03-11_16-50_tf_1h,2021-04-21 03:00:00,276.43604,276.2779
Oklaj,Potomje_2025-03-11_16-50_tf_1h,2021-04-21 04:00:00,276.3826,276.55374
Oklaj,Potomje_2025-03-11_16-50_tf_1h,2021-04-21 05:00:00,275.8869,277.2555
Oklaj,Potomje_2025-03-11_16-50_tf_1h,2021-04-21 06:00:00,276.52582,277.34515
Oklaj,Potomje_2025-03-11_16-50_tf_1h,2021-04-21 07:00:00,280.90363,278.58173
Oklaj,Potomje_2025-03-11_16-50_tf_1h,2021-04-21 08:00:00,283.10953,284.3654
Oklaj,Potomje_2025-03-11_16-50_tf_1h,2021-04-21 09:00:00,284.66583,284.39792
Oklaj,Potomje_2025-03-11_16-50_tf_1h,2021-04-21 10:00:00,286.02515,285.85867
Oklaj,Potomje_2025-03-11_16-50_tf_1h,2021-04-21 11:00:00,286.76138,286.8141
Oklaj,Potomje_2025-03-11_16-50_tf_1h,2021-04-21 12:00:00,286.9208,287.08447
Oklaj,Potomje_2025-03-11_16-50_tf_1h,2021-04-21 13:00:00,286.9212,286.8205
Oklaj,Potomje_2025-03-11_16-50_tf_1h,2021-04-21 14:00:00,286.33176,286.67703
Oklaj,Potomje_2025-03-11_16-50_tf_1h,2021-04-21 15:00:00,286.399,285.7372
Oklaj,Potomje_2025-03-11_16-50_tf_1h,2021-04-21 16:00:00,286.25183,286.1085
Oklaj,Potomje_2025-03-11_16-50_tf_1h,2021-04-21 17:00:00,285.85583,285.8094
Oklaj,Potomje_2025-03-11_16-50_tf_1h,2021-04-21 18:00:00,285.05908,285.33353
Oklaj,Potomje_2025-03-11_16-50_tf_1h,2021-04-21 19:00:00,284.04514,284.43277
Oklaj,Potomje_2025-03-11_16-50_tf_1h,2021-04-21 20:00:00,282.8769,283.37213
Oklaj,Potomje_2025-03-11_16-50_tf_1h,2021-04-21 21:00:00,281.71027,282.2049
Oklaj,Potomje_2025-03-11_16-50_tf_1h,2021-04-21 22:00:00,280.87,281.08905
Oklaj,Potomje_2025-03-11_16-50_tf_1h,2021-04-21 23:00:00,279.7781,280.38763
Oklaj,Potomje_2025-03-11_16-50_tf_1h,2021-04-22 00:00:00,279.0656,279.22272
Oklaj,Potomje_2025-03-11_16-50_tf_1h,2021-04-22 01:00:00,278.70917,278.6191
Oklaj,Potomje_2025-03-11_16-50_tf_1h,2021-04-22 02:00:00,278.5264,278.34454
Oklaj,Potomje_2025-03-11_16-50_tf_1h,2021-04-22 03:00:00,278.63678,278.297
Oklaj,Potomje_2025-03-11_16-50_tf_1h,2021-04-22 04:00:00,278.8496,278.813
Oklaj,Potomje_2025-03-11_16-50_tf_1h,2021-04-22 05:00:00,279.2749,279.67017
Oklaj,Potomje_2025-03-11_16-50_tf_1h,2021-04-22 06:00:00,280.0428,281.11444
Oklaj,Potomje_2025-03-11_16-50_tf_1h,2021-04-22 07:00:00,282.0845,281.69675
Oklaj,Potomje_2025-03-11_16-50_tf_1h,2021-04-22 08:00:00,284.01508,283.80817
Oklaj,Potomje_2025-03-11_16-50_tf_1h,2021-04-22 09:00:00,285.26913,285.2876
Oklaj,Potomje_2025-03-11_16-50_tf_1h,2021-04-22 10:00:00,286.16916,286.07037
Oklaj,Potomje_2025-03-11_16-50_tf_1h,2021-04-22 11:00:00,286.6692,286.69086
Oklaj,Potomje_2025-03-11_16-50_tf_1h,2021-04-22 12:00:00,286.74673,286.84576
Oklaj,Potomje_2025-03-11_16-50_tf_1h,2021-04-22 13:00:00,286.73447,286.6105
Oklaj,Potomje_2025-03-11_16-50_tf_1h,2021-04-22 14:00:00,286.36023,286.5177
Oklaj,Potomje_2025-03-11_16-50_tf_1h,2021-04-22 15:00:00,286.73447,285.9113
Oklaj,Potomje_2025-03-11_16-50_tf_1h,2021-04-22 16:00:00,286.8389,286.58954
Oklaj,Potomje_2025-03-11_16-50_tf_1h,2021-04-22 17:00:00,286.24786,286.50775
Oklaj,Potomje_2025-03-11_16-50_tf_1h,2021-04-22 18:00:00,285.4891,285.6882
Oklaj,Potomje_2025-03-11_16-50_tf_1h,2021-04-22 19:00:00,284.54202,284.9145
Oklaj,Potomje_2025-03-11_16-50_tf_1h,2021-04-22 20:00:00,283.5237,283.9365
Oklaj,Potomje_2025-03-11_16-50_tf_1h,2021-04-22 21:00:00,282.95444,282.92224
Oklaj,Potomje_2025-03-11_16-50_tf_1h,2021-04-22 22:00:00,282.98294,282.51334
Oklaj,Potomje_2025-03-11_16-50_tf_1h,2021-04-22 23:00:00,282.97937,282.75674
Oklaj,Potomje_2025-03-11_16-50_tf_1h,2021-04-23 00:00:00,280.93802,282.77435
Oklaj,Potomje_2025-03-11_16-50_tf_1h,2021-04-23 01:00:00,279.88412,280.00098
Oklaj,Potomje_2025-03-11_16-50_tf_1h,2021-04-23 02:00:00,278.98215,279.3063
Oklaj,Potomje_2025-03-11_16-50_tf_1h,2021-04-23 03:00:00,278.26846,278.42358
Oklaj,Potomje_2025-03-11_16-50_tf_1h,2021-04-23 04:00:00,278.05206,278.00626
Oklaj,Potomje_2025-03-11_16-50_tf_1h,2021-04-23 05:00:00,278.17233,278.59204
Oklaj,Potomje_2025-03-11_16-50_tf_1h,2021-04-23 06:00:00,279.2282,279.6335
Oklaj,Potomje_2025-03-11_16-50_tf_1h,2021-04-23 07:00:00,282.9584,281.16736
Oklaj,Potomje_2025-03-11_16-50_tf_1h,2021-04-23 08:00:00,285.53973,285.71423
Oklaj,Potomje_2025-03-11_16-50_tf_1h,2021-04-23 09:00:00,287.06598,287.10062
Oklaj,Potomje_2025-03-11_16-50_tf_1h,2021-04-23 10:00:00,288.40314,288.0785
Oklaj,Potomje_2025-03-11_16-50_tf_1h,2021-04-23 11:00:00,289.37158,289.14905
Oklaj,Potomje_2025-03-11_16-50_tf_1h,2021-04-23 12:00:00,289.7668,289.74353
Oklaj,Potomje_2025-03-11_16-50_tf_1h,2021-04-23 13:00:00,290.3531,289.75583
Oklaj,Potomje_2025-03-11_16-50_tf_1h,2021-04-23 14:00:00,290.53864,290.3285
Oklaj,Potomje_2025-03-11_16-50_tf_1h,2021-04-23 15:00:00,290.50143,290.24988
Oklaj,Potomje_2025-03-11_16-50_tf_1h,2021-04-23 16:00:00,290.39264,290.06372
Oklaj,Potomje_2025-03-11_16-50_tf_1h,2021-04-23 17:00:00,289.71103,289.85226
Oklaj,Potomje_2025-03-11_16-50_tf_1h,2021-04-23 18:00:00,288.3996,288.9942
Oklaj,Potomje_2025-03-11_16-50_tf_1h,2021-04-23 19:00:00,286.73923,287.57877
Oklaj,Potomje_2025-03-11_16-50_tf_1h,2021-04-23 20:00:00,285.7059,285.90747
Oklaj,Potomje_2025-03-11_16-50_tf_1h,2021-04-23 21:00:00,284.6785,285.0282
Oklaj,Potomje_2025-03-11_16-50_tf_1h,2021-04-23 22:00:00,283.27686,284.0355
Oklaj,Potomje_2025-03-11_16-50_tf_1h,2021-04-23 23:00:00,282.1949,282.6469
Oklaj,Potomje_2025-03-11_16-50_tf_1h,2021-04-24 00:00:00,281.1944,281.66913
Oklaj,Potomje_2025-03-11_16-50_tf_1h,2021-04-24 01:00:00,280.3747,280.7043
Oklaj,Potomje_2025-03-11_16-50_tf_1h,2021-04-24 02:00:00,279.60284,279.90662
Oklaj,Potomje_2025-03-11_16-50_tf_1h,2021-04-24 03:00:00,278.85596,279.0076
Oklaj,Potomje_2025-03-11_16-50_tf_1h,2021-04-24 04:00:00,278.26492,278.2196
Oklaj,Potomje_2025-03-11_16-50_tf_1h,2021-04-24 05:00:00,277.7961,278.02057
Oklaj,Potomje_2025-03-11_16-50_tf_1h,2021-04-24 06:00:00,278.38004,278.60556
Oklaj,Potomje_2025-03-11_16-50_tf_1h,2021-04-24 07:00:00,281.8859,280.70224
Oklaj,Potomje_2025-03-11_16-50_tf_1h,2021-04-24 08:00:00,285.67188,285.07062
Oklaj,Potomje_2025-03-11_16-50_tf_1h,2021-04-24 09:00:00,287.41055,288.02325
Oklaj,Potomje_2025-03-11_16-50_tf_1h,2021-04-24 10:00:00,288.8304,288.5125
Oklaj,Potomje_2025-03-11_16-50_tf_1h,2021-04-24 11:00:00,289.99783,289.6609
Oklaj,Potomje_2025-03-11_16-50_tf_1h,2021-04-24 12:00:00,290.9026,290.486
Oklaj,Potomje_2025-03-11_16-50_tf_1h,2021-04-24 13:00:00,291.58344,291.11694
Oklaj,Potomje_2025-03-11_16-50_tf_1h,2021-04-24 14:00:00,292.01425,291.55643
Oklaj,Potomje_2025-03-11_16-50_tf_1h,2021-04-24 15:00:00,292.053,291.7726
Oklaj,Potomje_2025-03-11_16-50_tf_1h,2021-04-24 16:00:00,291.7223,291.57394
Oklaj,Potomje_2025-03-11_16-50_tf_1h,2021-04-24 17:00:00,291.13007,291.0662
Oklaj,Potomje_2025-03-11_16-50_tf_1h,2021-04-24 18:00:00,289.8467,290.35846
Oklaj,Potomje_2025-03-11_16-50_tf_1h,2021-04-24 19:00:00,288.45773,288.9102
Oklaj,Potomje_2025-03-11_16-50_tf_1h,2021-04-24 20:00:00,285.04404,287.5521
Oklaj,Potomje_2025-03-11_16-50_tf_1h,2021-04-24 21:00:00,283.38406,284.36957
Oklaj,Potomje_2025-03-11_16-50_tf_1h,2021-04-24 22:00:00,282.01447,282.90305
Oklaj,Potomje_2025-03-11_16-50_tf_1h,2021-04-24 23:00:00,280.9954,281.6005
Oklaj,Potomje_2025-03-11_16-50_tf_1h,2021-04-25 00:00:00,280.29913,280.57
Oklaj,Potomje_2025-03-11_16-50_tf_1h,2021-04-25 01:00:00,279.77612,279.90634
Oklaj,Potomje_2025-03-11_16-50_tf_1h,2021-04-25 02:00:00,279.3453,279.40463
Oklaj,Potomje_2025-03-11_16-50_tf_1h,2021-04-25 03:00:00,278.96948,278.95505
Oklaj,Potomje_2025-03-11_16-50_tf_1h,2021-04-25 04:00:00,278.52246,278.4815
Oklaj,Potomje_2025-03-11_16-50_tf_1h,2021-04-25 05:00:00,278.09955,278.1384
Oklaj,Potomje_2025-03-11_16-50_tf_1h,2021-04-25 06:00:00,278.61224,278.4627
Oklaj,Potomje_2025-03-11_16-50_tf_1h,2021-04-25 07:00:00,283.05334,280.8109
Oklaj,Potomje_2025-03-11_16-50_tf_1h,2021-04-25 08:00:00,287.06363,286.91827
Oklaj,Potomje_2025-03-11_16-50_tf_1h,2021-04-25 09:00:00,289.48236,289.40045
Oklaj,Potomje_2025-03-11_16-50_tf_1h,2021-04-25 10:00:00,290.7143,290.8271
Oklaj,Potomje_2025-03-11_16-50_tf_1h,2021-04-25 11:00:00,291.5961,291.21588
Oklaj,Potomje_2025-03-11_16-50_tf_1h,2021-04-25 12:00:00,292.2627,291.77063
Oklaj,Potomje_2025-03-11_16-50_tf_1h,2021-04-25 13:00:00,292.69785,292.18588
Oklaj,Potomje_2025-03-11_16-50_tf_1h,2021-04-25 14:00:00,292.72675,292.42606
Oklaj,Potomje_2025-03-11_16-50_tf_1h,2021-04-25 15:00:00,292.3232,292.19504
Oklaj,Potomje_2025-03-11_16-50_tf_1h,2021-04-25 16:00:00,291.53793,291.58118
Oklaj,Potomje_2025-03-11_16-50_tf_1h,2021-04-25 17:00:00,290.51767,290.6579
Oklaj,Potomje_2025-03-11_16-50_tf_1h,2021-04-25 18:00:00,289.26398,289.59314
Oklaj,Potomje_2025-03-11_16-50_tf_1h,2021-04-25 19:00:00,287.72665,288.32642
Oklaj,Potomje_2025-03-11_16-50_tf_1h,2021-04-25 20:00:00,287.40543,286.83334
Oklaj,Potomje_2025-03-11_16-50_tf_1h,2021-04-25 21:00:00,287.00348,286.71667
Oklaj,Potomje_2025-03-11_16-50_tf_1h,2021-04-25 22:00:00,286.35785,286.38873
Oklaj,Potomje_2025-03-11_16-50_tf_1h,2021-04-25 23:00:00,284.5084,285.7689
Oklaj,Potomje_2025-03-11_16-50_tf_1h,2021-04-26 00:00:00,281.83368,283.83817
Oklaj,Potomje_2025-03-11_16-50_tf_1h,2021-04-26 01:00:00,280.30585,281.19916
Oklaj,Potomje_2025-03-11_16-50_tf_1h,2021-04-26 02:00:00,279.65112,279.7256
Oklaj,Potomje_2025-03-11_16-50_tf_1h,2021-04-26 03:00:00,279.42285,279.1599
Oklaj,Potomje_2025-03-11_16-50_tf_1h,2021-04-26 04:00:00,279.4189,278.93506
Oklaj,Potomje_2025-03-11_16-50_tf_1h,2021-04-26 05:00:00,279.28043,279.26138
Oklaj,Potomje_2025-03-11_16-50_tf_1h,2021-04-26 06:00:00,280.2022,280.006
Oklaj,Potomje_2025-03-11_16-50_tf_1h,2021-04-26 07:00:00,283.1926,282.70227
Oklaj,Potomje_2025-03-11_16-50_tf_1h,2021-04-26 08:00:00,286.46863,285.91125
Oklaj,Potomje_2025-03-11_16-50_tf_1h,2021-04-26 09:00:00,288.44824,288.56732
Oklaj,Potomje_2025-03-11_16-50_tf_1h,2021-04-26 10:00:00,290.3068,289.6077
Oklaj,Potomje_2025-03-11_16-50_tf_1h,2021-04-26 11:00:00,291.498,291.25476
Oklaj,Potomje_2025-03-11_16-50_tf_1h,2021-04-26 12:00:00,291.5328,291.88806
Oklaj,Potomje_2025-03-11_16-50_tf_1h,2021-04-26 13:00:00,290.65613,291.17206
Oklaj,Potomje_2025-03-11_16-50_tf_1h,2021-04-26 14:00:00,289.93494,289.77884
Oklaj,Potomje_2025-03-11_16-50_tf_1h,2021-04-26 15:00:00,289.49896,289.17474
Oklaj,Potomje_2025-03-11_16-50_tf_1h,2021-04-26 16:00:00,288.6963,288.831
Oklaj,Potomje_2025-03-11_16-50_tf_1h,2021-04-26 17:00:00,287.9925,287.85928
Oklaj,Potomje_2025-03-11_16-50_tf_1h,2021-04-26 18:00:00,287.2468,287.22647
Oklaj,Potomje_2025-03-11_16-50_tf_1h,2021-04-26 19:00:00,286.15094,286.48874
Oklaj,Potomje_2025-03-11_16-50_tf_1h,2021-04-26 20:00:00,285.25726,285.34872
Oklaj,Potomje_2025-03-11_16-50_tf_1h,2021-04-26 21:00:00,284.4166,284.55307
Oklaj,Potomje_2025-03-11_16-50_tf_1h,2021-04-26 22:00:00,283.98462,283.78717
Oklaj,Potomje_2025-03-11_16-50_tf_1h,2021-04-26 23:00:00,283.7943,283.50623
Oklaj,Potomje_2025-03-11_16-50_tf_1h,2021-04-27 00:00:00,283.3991,283.40988
Oklaj,Potomje_2025-03-11_16-50_tf_1h,2021-04-27 01:00:00,283.03555,282.99808
Oklaj,Potomje_2025-03-11_16-50_tf_1h,2021-04-27 02:00:00,282.67157,282.62775
Oklaj,Potomje_2025-03-11_16-50_tf_1h,2021-04-27 03:00:00,282.70758,282.21222
Oklaj,Potomje_2025-03-11_16-50_tf_1h,2021-04-27 04:00:00,282.44687,282.4939
Oklaj,Potomje_2025-03-11_16-50_tf_1h,2021-04-27 05:00:00,282.69373,282.38516
Oklaj,Potomje_2025-03-11_16-50_tf_1h,2021-04-27 06:00:00,283.25037,283.9125
Oklaj,Potomje_2025-03-11_16-50_tf_1h,2021-04-27 07:00:00,283.96286,284.63843
Oklaj,Potomje_2025-03-11_16-50_tf_1h,2021-04-27 08:00:00,286.17035,284.78152
Oklaj,Potomje_2025-03-11_16-50_tf_1h,2021-04-27 09:00:00,287.95016,287.55698
Oklaj,Potomje_2025-03-11_16-50_tf_1h,2021-04-27 10:00:00,288.5863,288.87985
Oklaj,Potomje_2025-03-11_16-50_tf_1h,2021-04-27 11:00:00,288.86996,288.7724
Oklaj,Potomje_2025-03-11_16-50_tf_1h,2021-04-27 12:00:00,288.30978,288.8656
Oklaj,Potomje_2025-03-11_16-50_tf_1h,2021-04-27 13:00:00,288.81934,287.75763
Oklaj,Potomje_2025-03-11_16-50_tf_1h,2021-04-27 14:00:00,289.04404,288.88647
Oklaj,Potomje_2025-03-11_16-50_tf_1h,2021-04-27 15:00:00,289.47604,288.8299
Oklaj,Potomje_2025-03-11_16-50_tf_1h,2021-04-27 16:00:00,289.10812,289.3462
Oklaj,Potomje_2025-03-11_16-50_tf_1h,2021-04-27 17:00:00,288.3248,288.60233
Oklaj,Potomje_2025-03-11_16-50_tf_1h,2021-04-27 18:00:00,287.73456,287.7006
Oklaj,Potomje_2025-03-11_16-50_tf_1h,2021-04-27 19:00:00,286.88837,287.16745
Oklaj,Potomje_2025-03-11_16-50_tf_1h,2021-04-27 20:00:00,286.3187,286.2748
Oklaj,Potomje_2025-03-11_16-50_tf_1h,2021-04-27 21:00:00,285.77353,285.79767
Oklaj,Potomje_2025-03-11_16-50_tf_1h,2021-04-27 22:00:00,285.353,285.2788
Oklaj,Potomje_2025-03-11_16-50_tf_1h,2021-04-27 23:00:00,285.28537,284.9134
Oklaj,Potomje_2025-03-11_16-50_tf_1h,2021-04-28 00:00:00,285.21573,284.9601
Oklaj,Potomje_2025-03-11_16-50_tf_1h,2021-04-28 01:00:00,285.25412,284.9153
Oklaj,Potomje_2025-03-11_16-50_tf_1h,2021-04-28 02:00:00,285.14334,284.9742
Oklaj,Potomje_2025-03-11_16-50_tf_1h,2021-04-28 03:00:00,284.97403,284.7981
Oklaj,Potomje_2025-03-11_16-50_tf_1h,2021-04-28 04:00:00,284.80905,284.65768
Oklaj,Potomje_2025-03-11_16-50_tf_1h,2021-04-28 05:00:00,284.7315,284.6814
Oklaj,Potomje_2025-03-11_16-50_tf_1h,2021-04-28 06:00:00,284.90836,285.00998
Oklaj,Potomje_2025-03-11_16-50_tf_1h,2021-04-28 07:00:00,285.06738,285.6373
Oklaj,Potomje_2025-03-11_16-50_tf_1h,2021-04-28 08:00:00,284.96768,285.38644
Oklaj,Potomje_2025-03-11_16-50_tf_1h,2021-04-28 09:00:00,286.0406,284.97855
Oklaj,Potomje_2025-03-11_16-50_tf_1h,2021-04-28 10:00:00,287.3548,286.71832
Oklaj,Potomje_2025-03-11_16-50_tf_1h,2021-04-28 11:00:00,288.2532,288.02338
Oklaj,Potomje_2025-03-11_16-50_tf_1h,2021-04-28 12:00:00,288.98944,288.63925
Oklaj,Potomje_2025-03-11_16-50_tf_1h,2021-04-28 13:00:00,289.32452,289.24557
Oklaj,Potomje_2025-03-11_16-50_tf_1h,2021-04-28 14:00:00,289.3154,289.30334
Oklaj,Potomje_2025-03-11_16-50_tf_1h,2021-04-28 15:00:00,289.25055,289.09024
Oklaj,Potomje_2025-03-11_16-50_tf_1h,2021-04-28 16:00:00,288.8027,288.98218
Oklaj,Potomje_2025-03-11_16-50_tf_1h,2021-04-28 17:00:00,288.0301,288.34064
Oklaj,Potomje_2025-03-11_16-50_tf_1h,2021-04-28 18:00:00,287.01694,287.4437
Oklaj,Potomje_2025-03-11_16-50_tf_1h,2021-04-28 19:00:00,286.24707,286.373
Oklaj,Potomje_2025-03-11_16-50_tf_1h,2021-04-28 20:00:00,285.94522,285.71603
Oklaj,Potomje_2025-03-11_16-50_tf_1h,2021-04-28 21:00:00,284.36517,285.56763
Oklaj,Potomje_2025-03-11_16-50_tf_1h,2021-04-28 22:00:00,283.55734,283.62897
Oklaj,Potomje_2025-03-11_16-50_tf_1h,2021-04-28 23:00:00,282.97818,283.0937
Oklaj,Potomje_2025-03-11_16-50_tf_1h,2021-04-29 00:00:00,282.562,282.58194
Oklaj,Potomje_2025-03-11_16-50_tf_1h,2021-04-29 01:00:00,282.50504,282.20975
Oklaj,Potomje_2025-03-11_16-50_tf_1h,2021-04-29 02:00:00,282.65933,282.28247
Oklaj,Potomje_2025-03-11_16-50_tf_1h,2021-04-29 03:00:00,282.5818,282.56232
Oklaj,Potomje_2025-03-11_16-50_tf_1h,2021-04-29 04:00:00,282.6273,282.4751
Oklaj,Potomje_2025-03-11_16-50_tf_1h,2021-04-29 05:00:00,282.5252,282.82477
Oklaj,Potomje_2025-03-11_16-50_tf_1h,2021-04-29 06:00:00,283.32117,282.96075
Oklaj,Potomje_2025-03-11_16-50_tf_1h,2021-04-29 07:00:00,286.1019,284.60428
Oklaj,Potomje_2025-03-11_16-50_tf_1h,2021-04-29 08:00:00,287.4711,288.0384
Oklaj,Potomje_2025-03-11_16-50_tf_1h,2021-04-29 09:00:00,288.31848,288.28888
Oklaj,Potomje_2025-03-11_16-50_tf_1h,2021-04-29 10:00:00,289.1916,288.8383
Oklaj,Potomje_2025-03-11_16-50_tf_1h,2021-04-29 11:00:00,289.32608,289.5682
Oklaj,Potomje_2025-03-11_16-50_tf_1h,2021-04-29 12:00:00,290.13867,289.18747
Oklaj,Potomje_2025-03-11_16-50_tf_1h,2021-04-29 13:00:00,291.15933,290.33115
Oklaj,Potomje_2025-03-11_16-50_tf_1h,2021-04-29 14:00:00,290.9006,291.28543
Oklaj,Potomje_2025-03-11_16-50_tf_1h,2021-04-29 15:00:00,290.28503,290.39478
Oklaj,Potomje_2025-03-11_16-50_tf_1h,2021-04-29 16:00:00,289.55713,289.67
Oklaj,Potomje_2025-03-11_16-50_tf_1h,2021-04-29 17:00:00,289.15518,288.8843
Oklaj,Potomje_2025-03-11_16-50_tf_1h,2021-04-29 18:00:00,288.5958,288.57224
Oklaj,Potomje_2025-03-11_16-50_tf_1h,2021-04-29 19:00:00,287.6436,287.96292
Oklaj,Potomje_2025-03-11_16-50_tf_1h,2021-04-29 20:00:00,287.22858,286.96695
Oklaj,Potomje_2025-03-11_16-50_tf_1h,2021-04-29 21:00:00,286.49316,286.68555
Oklaj,Potomje_2025-03-11_16-50_tf_1h,2021-04-29 22:00:00,285.90094,285.9284
Oklaj,Potomje_2025-03-11_16-50_tf_1h,2021-04-29 23:00:00,285.8392,285.3966
Oklaj,Potomje_2025-03-11_16-50_tf_1h,2021-04-30 00:00:00,285.56744,285.47058
Oklaj,Potomje_2025-03-11_16-50_tf_1h,2021-04-30 01:00:00,285.56546,285.17786
Oklaj,Potomje_2025-03-11_16-50_tf_1h,2021-04-30 02:00:00,285.55792,285.23724
Oklaj,Potomje_2025-03-11_16-50_tf_1h,2021-04-30 03:00:00,284.57407,285.20334
Oklaj,Potomje_2025-03-11_16-50_tf_1h,2021-04-30 04:00:00,284.2002,283.8597
Oklaj,Potomje_2025-03-11_16-50_tf_1h,2021-04-30 05:00:00,283.81805,284.05746
Oklaj,Potomje_2025-03-11_16-50_tf_1h,2021-04-30 06:00:00,284.1132,284.13565
Oklaj,Potomje_2025-03-11_16-50_tf_1h,2021-04-30 07:00:00,287.18466,284.9647
Oklaj,Potomje_2025-03-11_16-50_tf_1h,2021-04-30 08:00:00,290.9481,289.16046
Oklaj,Potomje_2025-03-11_16-50_tf_1h,2021-04-30 09:00:00,292.07596,292.79068
Oklaj,Potomje_2025-03-11_16-50_tf_1h,2021-04-30 10:00:00,292.71368,292.5052
Oklaj,Potomje_2025-03-11_16-50_tf_1h,2021-04-30 11:00:00,293.43924,292.90262
Oklaj,Potomje_2025-03-11_16-50_tf_1h,2021-04-30 12:00:00,293.81387,293.48828
Oklaj,Potomje_2025-03-11_16-50_tf_1h,2021-04-30 13:00:00,294.11176,293.59402
Oklaj,Potomje_2025-03-11_16-50_tf_1h,2021-04-30 14:00:00,294.40094,293.77597
Oklaj,Potomje_2025-03-11_16-50_tf_1h,2021-04-30 15:00:00,294.18732,293.96753
Oklaj,Potomje_2025-03-11_16-50_tf_1h,2021-04-30 16:00:00,293.7581,293.53848
Oklaj,Potomje_2025-03-11_16-50_tf_1h,2021-04-30 17:00:00,293.12234,293.0255
Oklaj,Potomje_2025-03-11_16-50_tf_1h,2021-04-30 18:00:00,292.14044,292.32318
Oklaj,Potomje_2025-03-11_16-50_tf_1h,2021-04-30 19:00:00,290.88992,291.2921
Oklaj,Potomje_2025-03-11_16-50_tf_1h,2021-04-30 20:00:00,290.1272,290.03625
Oklaj,Potomje_2025-03-11_16-50_tf_1h,2021-04-30 21:00:00,289.30276,289.3665
Oklaj,Potomje_2025-03-11_16-50_tf_1h,2021-04-30 22:00:00,288.93564,288.5851
Oklaj,Potomje_2025-03-11_16-50_tf_1h,2021-04-30 23:00:00,288.75446,288.3081
Oklaj,Potomje_2025-03-11_16-50_tf_1h,2021-05-01 00:00:00,288.36832,288.17896
Oklaj,Potomje_2025-03-11_16-50_tf_1h,2021-05-01 01:00:00,288.05008,287.79666
Oklaj,Potomje_2025-03-11_16-50_tf_1h,2021-05-01 02:00:00,287.63156,287.52737
Oklaj,Potomje_2025-03-11_16-50_tf_1h,2021-05-01 03:00:00,287.5576,287.10004
Oklaj,Potomje_2025-03-11_16-50_tf_1h,2021-05-01 04:00:00,287.80966,287.069
Oklaj,Potomje_2025-03-11_16-50_tf_1h,2021-05-01 05:00:00,287.8905,287.52817
Oklaj,Potomje_2025-03-11_16-50_tf_1h,2021-05-01 06:00:00,288.1894,287.88132
Oklaj,Potomje_2025-03-11_16-50_tf_1h,2021-05-01 07:00:00,290.38815,288.78516
Oklaj,Potomje_2025-03-11_16-50_tf_1h,2021-05-01 08:00:00,292.47952,291.92368
Oklaj,Potomje_2025-03-11_16-50_tf_1h,2021-05-01 09:00:00,293.4842,293.48346
Oklaj,Potomje_2025-03-11_16-50_tf_1h,2021-05-01 10:00:00,293.4344,293.80914
Oklaj,Potomje_2025-03-11_16-50_tf_1h,2021-05-01 11:00:00,293.6217,293.1975
Oklaj,Potomje_2025-03-11_16-50_tf_1h,2021-05-01 12:00:00,293.97757,293.42264
Oklaj,Potomje_2025-03-11_16-50_tf_1h,2021-05-01 13:00:00,294.5894,293.7272
Oklaj,Potomje_2025-03-11_16-50_tf_1h,2021-05-01 14:00:00,293.92566,294.35352
Oklaj,Potomje_2025-03-11_16-50_tf_1h,2021-05-01 15:00:00,293.51044,293.12933
Oklaj,Potomje_2025-03-11_16-50_tf_1h,2021-05-01 16:00:00,292.71637,292.87558
Oklaj,Potomje_2025-03-11_16-50_tf_1h,2021-05-01 17:00:00,291.56702,291.92795
Oklaj,Potomje_2025-03-11_16-50_tf_1h,2021-05-01 18:00:00,290.47018,290.71683
Oklaj,Potomje_2025-03-11_16-50_tf_1h,2021-05-01 19:00:00,289.45657,289.66858
Oklaj,Potomje_2025-03-11_16-50_tf_1h,2021-05-01 20:00:00,288.51602,288.7034
Oklaj,Potomje_2025-03-11_16-50_tf_1h,2021-05-01 21:00:00,288.49277,287.80298
Oklaj,Potomje_2025-03-11_16-50_tf_1h,2021-05-01 22:00:00,288.4155,288.0229
Oklaj,Potomje_2025-03-11_16-50_tf_1h,2021-05-01 23:00:00,288.30096,287.95428
Oklaj,Potomje_2025-03-11_16-50_tf_1h,2021-05-02 00:00:00,288.19177,287.87134
Oklaj,Potomje_2025-03-11_16-50_tf_1h,2021-05-02 01:00:00,288.31766,287.74945
Oklaj,Potomje_2025-03-11_16-50_tf_1h,2021-05-02 02:00:00,288.46442,287.95746
Oklaj,Potomje_2025-03-11_16-50_tf_1h,2021-05-02 03:00:00,288.23474,288.17096
Oklaj,Potomje_2025-03-11_16-50_tf_1h,2021-05-02 04:00:00,287.9803,287.90787
Oklaj,Potomje_2025-03-11_16-50_tf_1h,2021-05-02 05:00:00,287.6641,287.95212
Oklaj,Potomje_2025-03-11_16-50_tf_1h,2021-05-02 06:00:00,287.78668,287.99164
Oklaj,Potomje_2025-03-11_16-50_tf_1h,2021-05-02 07:00:00,288.57748,288.27682
Oklaj,Potomje_2025-03-11_16-50_tf_1h,2021-05-02 08:00:00,290.1325,289.16504
Oklaj,Potomje_2025-03-11_16-50_tf_1h,2021-05-02 09:00:00,289.6257,290.91724
Oklaj,Potomje_2025-03-11_16-50_tf_1h,2021-05-02 10:00:00,290.34073,289.13052
Oklaj,Potomje_2025-03-11_16-50_tf_1h,2021-05-02 11:00:00,291.36926,290.65408
Oklaj,Potomje_2025-03-11_16-50_tf_1h,2021-05-02 12:00:00,291.99747,291.6137
Oklaj,Potomje_2025-03-11_16-50_tf_1h,2021-05-02 13:00:00,292.44016,291.97125
Oklaj,Potomje_2025-03-11_16-50_tf_1h,2021-05-02 14:00:00,292.47864,292.30316
Oklaj,Potomje_2025-03-11_16-50_tf_1h,2021-05-02 15:00:00,292.5344,292.11612
Oklaj,Potomje_2025-03-11_16-50_tf_1h,2021-05-02 16:00:00,292.2904,292.17264
Oklaj,Potomje_2025-03-11_16-50_tf_1h,2021-05-02 17:00:00,291.71378,291.78693
Oklaj,Potomje_2025-03-11_16-50_tf_1h,2021-05-02 18:00:00,290.9194,291.1059
Oklaj,Potomje_2025-03-11_16-50_tf_1h,2021-05-02 19:00:00,289.3402,290.25925
Oklaj,Potomje_2025-03-11_16-50_tf_1h,2021-05-02 20:00:00,289.91922,288.47836
Oklaj,Potomje_2025-03-11_16-50_tf_1h,2021-05-02 21:00:00,289.2925,289.6588
Oklaj,Potomje_2025-03-11_16-50_tf_1h,2021-05-02 22:00:00,288.63684,288.6726
Oklaj,Potomje_2025-03-11_16-50_tf_1h,2021-05-02 23:00:00,287.99997,288.06473
Oklaj,Potomje_2025-03-11_16-50_tf_1h,2021-05-03 00:00:00,287.51373,287.4456
Oklaj,Potomje_2025-03-11_16-50_tf_1h,2021-05-03 01:00:00,286.98636,287.02454
Oklaj,Potomje_2025-03-11_16-50_tf_1h,2021-05-03 02:00:00,286.78082,286.45367
Oklaj,Potomje_2025-03-11_16-50_tf_1h,2021-05-03 03:00:00,286.3993,286.3682
Oklaj,Potomje_2025-03-11_16-50_tf_1h,2021-05-03 04:00:00,286.02524,285.92395
Oklaj,Potomje_2025-03-11_16-50_tf_1h,2021-05-03 05:00:00,285.70932,285.6797
Oklaj,Potomje_2025-03-11_16-50_tf_1h,2021-05-03 06:00:00,285.79227,285.61963
Oklaj,Potomje_2025-03-11_16-50_tf_1h,2021-05-03 07:00:00,286.61377,286.20502
Oklaj,Potomje_2025-03-11_16-50_tf_1h,2021-05-03 08:00:00,288.20847,287.57834
Oklaj,Potomje_2025-03-11_16-50_tf_1h,2021-05-03 09:00:00,289.00314,289.4358
Oklaj,Potomje_2025-03-11_16-50_tf_1h,2021-05-03 10:00:00,289.7704,289.56247
Oklaj,Potomje_2025-03-11_16-50_tf_1h,2021-05-03 11:00:00,290.37772,290.1992
Oklaj,Potomje_2025-03-11_16-50_tf_1h,2021-05-03 12:00:00,290.82156,290.5618
Oklaj,Potomje_2025-03-11_16-50_tf_1h,2021-05-03 13:00:00,290.95282,290.83676
Oklaj,Potomje_2025-03-11_16-50_tf_1h,2021-05-03 14:00:00,290.89822,290.74866
Oklaj,Potomje_2025-03-11_16-50_tf_1h,2021-05-03 15:00:00,290.75952,290.5759
Oklaj,Potomje_2025-03-11_16-50_tf_1h,2021-05-03 16:00:00,290.20886,290.37616
Oklaj,Potomje_2025-03-11_16-50_tf_1h,2021-05-03 17:00:00,289.24536,289.6286
Oklaj,Potomje_2025-03-11_16-50_tf_1h,2021-05-03 18:00:00,288.30035,288.513
Oklaj,Potomje_2025-03-11_16-50_tf_1h,2021-05-03 19:00:00,287.00604,287.60486
Oklaj,Potomje_2025-03-11_16-50_tf_1h,2021-05-03 20:00:00,286.5031,286.17828
Oklaj,Potomje_2025-03-11_16-50_tf_1h,2021-05-03 21:00:00,286.4545,286.03122
Oklaj,Potomje_2025-03-11_16-50_tf_1h,2021-05-03 22:00:00,286.09833,286.1445
Oklaj,Potomje_2025-03-11_16-50_tf_1h,2021-05-03 23:00:00,285.1029,285.6916
Oklaj,Potomje_2025-03-11_16-50_tf_1h,2021-05-04 00:00:00,283.473,284.46338
Oklaj,Potomje_2025-03-11_16-50_tf_1h,2021-05-04 01:00:00,281.9454,282.576
Oklaj,Potomje_2025-03-11_16-50_tf_1h,2021-05-04 02:00:00,280.56696,281.11005
Oklaj,Potomje_2025-03-11_16-50_tf_1h,2021-05-04 03:00:00,279.77258,279.82108
Oklaj,Potomje_2025-03-11_16-50_tf_1h,2021-05-04 04:00:00,279.2822,279.50644
Oklaj,Potomje_2025-03-11_16-50_tf_1h,2021-05-04 05:00:00,278.8586,279.63092
Oklaj,Potomje_2025-03-11_16-50_tf_1h,2021-05-04 06:00:00,280.2105,279.89615
Oklaj,Potomje_2025-03-11_16-50_tf_1h,2021-05-04 07:00:00,285.15152,282.4427
Oklaj,Potomje_2025-03-11_16-50_tf_1h,2021-05-04 08:00:00,287.16324,288.56046
Oklaj,Potomje_2025-03-11_16-50_tf_1h,2021-05-04 09:00:00,288.80716,288.37457
Oklaj,Potomje_2025-03-11_16-50_tf_1h,2021-05-04 10:00:00,290.05167,289.93954
Oklaj,Potomje_2025-03-11_16-50_tf_1h,2021-05-04 11:00:00,290.89734,290.66074
Oklaj,Potomje_2025-03-11_16-50_tf_1h,2021-05-04 12:00:00,291.3591,291.1738
Oklaj,Potomje_2025-03-11_16-50_tf_1h,2021-05-04 13:00:00,291.52734,291.3185
Oklaj,Potomje_2025-03-11_16-50_tf_1h,2021-05-04 14:00:00,291.43726,291.2564
Oklaj,Potomje_2025-03-11_16-50_tf_1h,2021-05-04 15:00:00,290.9895,290.98523
Oklaj,Potomje_2025-03-11_16-50_tf_1h,2021-05-04 16:00:00,290.31863,290.33917
Oklaj,Potomje_2025-03-11_16-50_tf_1h,2021-05-04 17:00:00,289.4825,289.57382
Oklaj,Potomje_2025-03-11_16-50_tf_1h,2021-05-04 18:00:00,288.71768,288.6826
Oklaj,Potomje_2025-03-11_16-50_tf_1h,2021-05-04 19:00:00,287.57727,287.94012
Oklaj,Potomje_2025-03-11_16-50_tf_1h,2021-05-04 20:00:00,286.8345,286.74677
Oklaj,Potomje_2025-03-11_16-50_tf_1h,2021-05-04 21:00:00,285.96826,286.12543
Oklaj,Potomje_2025-03-11_16-50_tf_1h,2021-05-04 22:00:00,285.25385,285.28674
Oklaj,Potomje_2025-03-11_16-50_tf_1h,2021-05-04 23:00:00,284.8249,284.65665
Oklaj,Potomje_2025-03-11_16-50_tf_1h,2021-05-05 00:00:00,284.3452,284.32544
Oklaj,Potomje_2025-03-11_16-50_tf_1h,2021-05-05 01:00:00,284.1916,283.88617
Oklaj,Potomje_2025-03-11_16-50_tf_1h,2021-05-05 02:00:00,284.37982,283.84882
Oklaj,Potomje_2025-03-11_16-50_tf_1h,2021-05-05 03:00:00,284.63455,284.10922
Oklaj,Potomje_2025-03-11_16-50_tf_1h,2021-05-05 04:00:00,285.0277,284.39185
Oklaj,Potomje_2025-03-11_16-50_tf_1h,2021-05-05 05:00:00,284.8747,285.06985
Oklaj,Potomje_2025-03-11_16-50_tf_1h,2021-05-05 06:00:00,285.11334,285.22574
Oklaj,Potomje_2025-03-11_16-50_tf_1h,2021-05-05 07:00:00,287.01736,286.21463
Oklaj,Potomje_2025-03-11_16-50_tf_1h,2021-05-05 08:00:00,288.2401,288.44788
Oklaj,Potomje_2025-03-11_16-50_tf_1h,2021-05-05 09:00:00,288.78867,288.9379
Oklaj,Potomje_2025-03-11_16-50_tf_1h,2021-05-05 10:00:00,289.22537,289.04883
Oklaj,Potomje_2025-03-11_16-50_tf_1h,2021-05-05 11:00:00,289.31607,289.33163
Oklaj,Potomje_2025-03-11_16-50_tf_1h,2021-05-05 12:00:00,289.8011,289.1472
Oklaj,Potomje_2025-03-11_16-50_tf_1h,2021-05-05 13:00:00,289.91953,289.82288
Oklaj,Potomje_2025-03-11_16-50_tf_1h,2021-05-05 14:00:00,290.3771,289.66367
Oklaj,Potomje_2025-03-11_16-50_tf_1h,2021-05-05 15:00:00,289.714,290.28836
Oklaj,Potomje_2025-03-11_16-50_tf_1h,2021-05-05 16:00:00,289.62808,289.05487
Oklaj,Potomje_2025-03-11_16-50_tf_1h,2021-05-05 17:00:00,289.1013,289.25815
Oklaj,Potomje_2025-03-11_16-50_tf_1h,2021-05-05 18:00:00,288.47308,288.51758
Oklaj,Potomje_2025-03-11_16-50_tf_1h,2021-05-05 19:00:00,287.70078,287.87747
Oklaj,Potomje_2025-03-11_16-50_tf_1h,2021-05-05 20:00:00,287.1853,287.08832
Oklaj,Potomje_2025-03-11_16-50_tf_1h,2021-05-05 21:00:00,286.5395,286.6614
Oklaj,Potomje_2025-03-11_16-50_tf_1h,2021-05-05 22:00:00,285.92767,286.02853
Oklaj,Potomje_2025-03-11_16-50_tf_1h,2021-05-05 23:00:00,285.46802,285.46188
Oklaj,Potomje_2025-03-11_16-50_tf_1h,2021-05-06 00:00:00,285.1867,285.06137
Oklaj,Potomje_2025-03-11_16-50_tf_1h,2021-05-06 01:00:00,284.7148,284.8055
Oklaj,Potomje_2025-03-11_16-50_tf_1h,2021-05-06 02:00:00,284.2217,284.24896
Oklaj,Potomje_2025-03-11_16-50_tf_1h,2021-05-06 03:00:00,284.2202,283.7758
Oklaj,Potomje_2025-03-11_16-50_tf_1h,2021-05-06 04:00:00,283.8071,284.11566
Oklaj,Potomje_2025-03-11_16-50_tf_1h,2021-05-06 05:00:00,283.24985,283.7663
Oklaj,Potomje_2025-03-11_16-50_tf_1h,2021-05-06 06:00:00,283.72534,283.60828
Oklaj,Potomje_2025-03-11_16-50_tf_1h,2021-05-06 07:00:00,286.46643,284.5142
Oklaj,Potomje_2025-03-11_16-50_tf_1h,2021-05-06 08:00:00,289.35245,288.30026
Oklaj,Potomje_2025-03-11_16-50_tf_1h,2021-05-06 09:00:00,290.2211,290.9327
Oklaj,Potomje_2025-03-11_16-50_tf_1h,2021-05-06 10:00:00,290.8162,290.62933
Oklaj,Potomje_2025-03-11_16-50_tf_1h,2021-05-06 11:00:00,290.62857,291.08072
Oklaj,Potomje_2025-03-11_16-50_tf_1h,2021-05-06 12:00:00,290.85736,290.3449
Oklaj,Potomje_2025-03-11_16-50_tf_1h,2021-05-06 13:00:00,290.9922,290.7481
Oklaj,Potomje_2025-03-11_16-50_tf_1h,2021-05-06 14:00:00,291.275,290.73196
Oklaj,Potomje_2025-03-11_16-50_tf_1h,2021-05-06 15:00:00,291.8,291.0491
Oklaj,Potomje_2025-03-11_16-50_tf_1h,2021-05-06 16:00:00,291.5894,291.61343
Oklaj,Potomje_2025-03-11_16-50_tf_1h,2021-05-06 17:00:00,291.0414,291.0715
Oklaj,Potomje_2025-03-11_16-50_tf_1h,2021-05-06 18:00:00,289.9049,290.42062
Oklaj,Potomje_2025-03-11_16-50_tf_1h,2021-05-06 19:00:00,288.5041,289.12057
Oklaj,Potomje_2025-03-11_16-50_tf_1h,2021-05-06 20:00:00,287.95404,287.69418
Oklaj,Potomje_2025-03-11_16-50_tf_1h,2021-05-06 21:00:00,287.23334,287.3497
Oklaj,Potomje_2025-03-11_16-50_tf_1h,2021-05-06 22:00:00,286.82825,286.62482
Oklaj,Potomje_2025-03-11_16-50_tf_1h,2021-05-06 23:00:00,286.5571,286.30444
Oklaj,Potomje_2025-03-11_16-50_tf_1h,2021-05-07 00:00:00,286.1347,286.08282
Oklaj,Potomje_2025-03-11_16-50_tf_1h,2021-05-07 01:00:00,285.7481,285.66998
Oklaj,Potomje_2025-03-11_16-50_tf_1h,2021-05-07 02:00:00,285.31946,285.3066
Oklaj,Potomje_2025-03-11_16-50_tf_1h,2021-05-07 03:00:00,285.06143,284.81604
Oklaj,Potomje_2025-03-11_16-50_tf_1h,2021-05-07 04:00:00,285.05905,284.61295
Oklaj,Potomje_2025-03-11_16-50_tf_1h,2021-05-07 05:00:00,284.929,284.94464
Oklaj,Potomje_2025-03-11_16-50_tf_1h,2021-05-07 06:00:00,285.84656,285.31284
Oklaj,Potomje_2025-03-11_16-50_tf_1h,2021-05-07 07:00:00,288.12048,287.12845
Oklaj,Potomje_2025-03-11_16-50_tf_1h,2021-05-07 08:00:00,289.35455,289.6835
Oklaj,Potomje_2025-03-11_16-50_tf_1h,2021-05-07 09:00:00,289.94846,290.10486
Oklaj,Potomje_2025-03-11_16-50_tf_1h,2021-05-07 10:00:00,290.30643,290.29074
Oklaj,Potomje_2025-03-11_16-50_tf_1h,2021-05-07 11:00:00,290.4833,290.41217
Oklaj,Potomje_2025-03-11_16-50_tf_1h,2021-05-07 12:00:00,290.5549,290.39508
Oklaj,Potomje_2025-03-11_16-50_tf_1h,2021-05-07 13:00:00,290.76044,290.344
Oklaj,Potomje_2025-03-11_16-50_tf_1h,2021-05-07 14:00:00,291.3406,290.56042
Oklaj,Potomje_2025-03-11_16-50_tf_1h,2021-05-07 15:00:00,290.9755,291.2624
Oklaj,Potomje_2025-03-11_16-50_tf_1h,2021-05-07 16:00:00,290.37054,290.41
Oklaj,Potomje_2025-03-11_16-50_tf_1h,2021-05-07 17:00:00,289.83392,289.7504
Oklaj,Potomje_2025-03-11_16-50_tf_1h,2021-05-07 18:00:00,289.05444,289.24478
Oklaj,Potomje_2025-03-11_16-50_tf_1h,2021-05-07 19:00:00,288.23026,288.38437
Oklaj,Potomje_2025-03-11_16-50_tf_1h,2021-05-07 20:00:00,288.08408,287.56848
Oklaj,Potomje_2025-03-11_16-50_tf_1h,2021-05-07 21:00:00,286.7334,287.62988
Oklaj,Potomje_2025-03-11_16-50_tf_1h,2021-05-07 22:00:00,286.26535,285.99582
Oklaj,Potomje_2025-03-11_16-50_tf_1h,2021-05-07 23:00:00,285.60373,285.80963
Oklaj,Potomje_2025-03-11_16-50_tf_1h,2021-05-08 00:00:00,284.3652,285.10706
Oklaj,Potomje_2025-03-11_16-50_tf_1h,2021-05-08 01:00:00,283.53622,283.69055
Oklaj,Potomje_2025-03-11_16-50_tf_1h,2021-05-08 02:00:00,283.10608,282.9429
Oklaj,Potomje_2025-03-11_16-50_tf_1h,2021-05-08 03:00:00,282.90115,282.6716
Oklaj,Potomje_2025-03-11_16-50_tf_1h,2021-05-08 04:00:00,282.85938,282.73434
Oklaj,Potomje_2025-03-11_16-50_tf_1h,2021-05-08 05:00:00,282.8406,283.2522
Oklaj,Potomje_2025-03-11_16-50_tf_1h,2021-05-08 06:00:00,283.37335,283.75177
Oklaj,Potomje_2025-03-11_16-50_tf_1h,2021-05-08 07:00:00,284.76672,284.44397
Oklaj,Potomje_2025-03-11_16-50_tf_1h,2021-05-08 08:00:00,286.1007,286.06808
Oklaj,Potomje_2025-03-11_16-50_tf_1h,2021-05-08 09:00:00,287.65247,287.11652
Oklaj,Potomje_2025-03-11_16-50_tf_1h,2021-05-08 10:00:00,289.1326,288.66217
Oklaj,Potomje_2025-03-11_16-50_tf_1h,2021-05-08 11:00:00,290.4138,289.9179
Oklaj,Potomje_2025-03-11_16-50_tf_1h,2021-05-08 12:00:00,291.54077,290.95798
Oklaj,Potomje_2025-03-11_16-50_tf_1h,2021-05-08 13:00:00,292.399,291.88345
Oklaj,Potomje_2025-03-11_16-50_tf_1h,2021-05-08 14:00:00,292.8858,292.49704
Oklaj,Potomje_2025-03-11_16-50_tf_1h,2021-05-08 15:00:00,293.03613,292.7361
Oklaj,Potomje_2025-03-11_16-50_tf_1h,2021-05-08 16:00:00,292.9073,292.68256
Oklaj,Potomje_2025-03-11_16-50_tf_1h,2021-05-08 17:00:00,292.4503,292.37228
Oklaj,Potomje_2025-03-11_16-50_tf_1h,2021-05-08 18:00:00,291.47424,291.76056
Oklaj,Potomje_2025-03-11_16-50_tf_1h,2021-05-08 19:00:00,289.37274,290.64633
Oklaj,Potomje_2025-03-11_16-50_tf_1h,2021-05-08 20:00:00,286.99054,288.33014
Oklaj,Potomje_2025-03-11_16-50_tf_1h,2021-05-08 21:00:00,285.2043,286.07953
Oklaj,Potomje_2025-03-11_16-50_tf_1h,2021-05-08 22:00:00,283.73938,284.52466
Oklaj,Potomje_2025-03-11_16-50_tf_1h,2021-05-08 23:00:00,282.6252,283.18204
Oklaj,Potomje_2025-03-11_16-50_tf_1h,2021-05-09 00:00:00,281.83026,282.1656
Oklaj,Potomje_2025-03-11_16-50_tf_1h,2021-05-09 01:00:00,281.26678,281.42267
Oklaj,Potomje_2025-03-11_16-50_tf_1h,2021-05-09 02:00:00,280.9643,280.8805
Oklaj,Potomje_2025-03-11_16-50_tf_1h,2021-05-09 03:00:00,280.72357,280.5906
Oklaj,Potomje_2025-03-11_16-50_tf_1h,2021-05-09 04:00:00,280.46017,280.28802
Oklaj,Potomje_2025-03-11_16-50_tf_1h,2021-05-09 05:00:00,280.2627,280.10977
Oklaj,Potomje_2025-03-11_16-50_tf_1h,2021-05-09 06:00:00,281.6301,280.45944
Oklaj,Potomje_2025-03-11_16-50_tf_1h,2021-05-09 07:00:00,286.58035,283.78632
Oklaj,Potomje_2025-03-11_16-50_tf_1h,2021-05-09 08:00:00,290.05435,290.547
Oklaj,Potomje_2025-03-11_16-50_tf_1h,2021-05-09 09:00:00,292.53558,292.0878
Oklaj,Potomje_2025-03-11_16-50_tf_1h,2021-05-09 10:00:00,294.20816,293.726
Oklaj,Potomje_2025-03-11_16-50_tf_1h,2021-05-09 11:00:00,295.4279,294.68103
Oklaj,Potomje_2025-03-11_16-50_tf_1h,2021-05-09 12:00:00,296.19333,295.48218
Oklaj,Potomje_2025-03-11_16-50_tf_1h,2021-05-09 13:00:00,296.35413,295.88135
Oklaj,Potomje_2025-03-11_16-50_tf_1h,2021-05-09 14:00:00,296.01196,295.68896
Oklaj,Potomje_2025-03-11_16-50_tf_1h,2021-05-09 15:00:00,295.38406,295.11285
Oklaj,Potomje_2025-03-11_16-50_tf_1h,2021-05-09 16:00:00,294.584,294.3703
Oklaj,Potomje_2025-03-11_16-50_tf_1h,2021-05-09 17:00:00,293.61603,293.5074
Oklaj,Potomje_2025-03-11_16-50_tf_1h,2021-05-09 18:00:00,292.48788,292.5148
Oklaj,Potomje_2025-03-11_16-50_tf_1h,2021-05-09 19:00:00,291.275,291.38376
Oklaj,Potomje_2025-03-11_16-50_tf_1h,2021-05-09 20:00:00,289.1359,290.23666
Oklaj,Potomje_2025-03-11_16-50_tf_1h,2021-05-09 21:00:00,287.42963,288.25833
Oklaj,Potomje_2025-03-11_16-50_tf_1h,2021-05-09 22:00:00,286.1365,286.75836
Oklaj,Potomje_2025-03-11_16-50_tf_1h,2021-05-09 23:00:00,285.1721,285.58322
Oklaj,Potomje_2025-03-11_16-50_tf_1h,2021-05-10 00:00:00,284.67422,284.67285
Oklaj,Potomje_2025-03-11_16-50_tf_1h,2021-05-10 01:00:00,284.2966,284.22153
Oklaj,Potomje_2025-03-11_16-50_tf_1h,2021-05-10 02:00:00,283.79636,283.85962
Oklaj,Potomje_2025-03-11_16-50_tf_1h,2021-05-10 03:00:00,283.39154,283.28217
Oklaj,Potomje_2025-03-11_16-50_tf_1h,2021-05-10 04:00:00,283.37186,282.734
Oklaj,Potomje_2025-03-11_16-50_tf_1h,2021-05-10 05:00:00,283.51205,283.05237
Oklaj,Potomje_2025-03-11_16-50_tf_1h,2021-05-10 06:00:00,284.90842,284.04987
Oklaj,Potomje_2025-03-11_16-50_tf_1h,2021-05-10 07:00:00,289.50458,287.09525
Oklaj,Potomje_2025-03-11_16-50_tf_1h,2021-05-10 08:00:00,292.09918,292.78342
Oklaj,Potomje_2025-03-11_16-50_tf_1h,2021-05-10 09:00:00,293.61215,293.41776
Oklaj,Potomje_2025-03-11_16-50_tf_1h,2021-05-10 10:00:00,294.70633,294.28653
Oklaj,Potomje_2025-03-11_16-50_tf_1h,2021-05-10 11:00:00,295.4109,294.94885
Oklaj,Potomje_2025-03-11_16-50_tf_1h,2021-05-10 12:00:00,295.72232,295.3146
Oklaj,Potomje_2025-03-11_16-50_tf_1h,2021-05-10 13:00:00,295.85208,295.321
Oklaj,Potomje_2025-03-11_16-50_tf_1h,2021-05-10 14:00:00,295.9022,295.31393
Oklaj,Potomje_2025-03-11_16-50_tf_1h,2021-05-10 15:00:00,295.76855,295.26895
Oklaj,Potomje_2025-03-11_16-50_tf_1h,2021-05-10 16:00:00,295.29156,295.00574
Oklaj,Potomje_2025-03-11_16-50_tf_1h,2021-05-10 17:00:00,294.5864,294.38562
Oklaj,Potomje_2025-03-11_16-50_tf_1h,2021-05-10 18:00:00,293.47314,293.61588
Oklaj,Potomje_2025-03-11_16-50_tf_1h,2021-05-10 19:00:00,291.85907,292.4387
Oklaj,Potomje_2025-03-11_16-50_tf_1h,2021-05-10 20:00:00,289.9416,290.81552
Oklaj,Potomje_2025-03-11_16-50_tf_1h,2021-05-10 21:00:00,288.2708,288.99057
Oklaj,Potomje_2025-03-11_16-50_tf_1h,2021-05-10 22:00:00,286.9246,287.52502
Oklaj,Potomje_2025-03-11_16-50_tf_1h,2021-05-10 23:00:00,285.9626,286.34195
Oklaj,Potomje_2025-03-11_16-50_tf_1h,2021-05-11 00:00:00,285.51483,285.43875
Oklaj,Potomje_2025-03-11_16-50_tf_1h,2021-05-11 01:00:00,285.37314,285.03125
Oklaj,Potomje_2025-03-11_16-50_tf_1h,2021-05-11 02:00:00,285.22818,284.92755
Oklaj,Potomje_2025-03-11_16-50_tf_1h,2021-05-11 03:00:00,285.0647,284.753
Oklaj,Potomje_2025-03-11_16-50_tf_1h,2021-05-11 04:00:00,284.69452,284.49063
Oklaj,Potomje_2025-03-11_16-50_tf_1h,2021-05-11 05:00:00,284.63605,284.18652
Oklaj,Potomje_2025-03-11_16-50_tf_1h,2021-05-11 06:00:00,286.2904,285.1059
Oklaj,Potomje_2025-03-11_16-50_tf_1h,2021-05-11 07:00:00,290.51193,288.37567
Oklaj,Potomje_2025-03-11_16-50_tf_1h,2021-05-11 08:00:00,293.75534,293.39496
Oklaj,Potomje_2025-03-11_16-50_tf_1h,2021-05-11 09:00:00,294.9879,295.35648
Oklaj,Potomje_2025-03-11_16-50_tf_1h,2021-05-11 10:00:00,295.89206,295.37195
Oklaj,Potomje_2025-03-11_16-50_tf_1h,2021-05-11 11:00:00,296.57455,296.0052
Oklaj,Potomje_2025-03-11_16-50_tf_1h,2021-05-11 12:00:00,297.01993,296.3722
Oklaj,Potomje_2025-03-11_16-50_tf_1h,2021-05-11 13:00:00,297.2001,296.60358
Oklaj,Potomje_2025-03-11_16-50_tf_1h,2021-05-11 14:00:00,297.0721,296.5906
Oklaj,Potomje_2025-03-11_16-50_tf_1h,2021-05-11 15:00:00,296.63004,296.2959
Oklaj,Potomje_2025-03-11_16-50_tf_1h,2021-05-11 16:00:00,296.1501,295.7175
Oklaj,Potomje_2025-03-11_16-50_tf_1h,2021-05-11 17:00:00,295.407,295.2115
Oklaj,Potomje_2025-03-11_16-50_tf_1h,2021-05-11 18:00:00,294.45813,294.39383
Oklaj,Potomje_2025-03-11_16-50_tf_1h,2021-05-11 19:00:00,293.15756,293.42847
Oklaj,Potomje_2025-03-11_16-50_tf_1h,2021-05-11 20:00:00,291.95392,292.1244
Oklaj,Potomje_2025-03-11_16-50_tf_1h,2021-05-11 21:00:00,291.08975,290.98367
Oklaj,Potomje_2025-03-11_16-50_tf_1h,2021-05-11 22:00:00,290.165,290.2019
Oklaj,Potomje_2025-03-11_16-50_tf_1h,2021-05-11 23:00:00,289.30322,289.35153
Oklaj,Potomje_2025-03-11_16-50_tf_1h,2021-05-12 00:00:00,289.23193,288.5919
Oklaj,Potomje_2025-03-11_16-50_tf_1h,2021-05-12 01:00:00,288.59805,288.63208
Oklaj,Potomje_2025-03-11_16-50_tf_1h,2021-05-12 02:00:00,287.68436,287.9244
Oklaj,Potomje_2025-03-11_16-50_tf_1h,2021-05-12 03:00:00,286.73996,286.9202
Oklaj,Potomje_2025-03-11_16-50_tf_1h,2021-05-12 04:00:00,286.3095,285.77722
Oklaj,Potomje_2025-03-11_16-50_tf_1h,2021-05-12 05:00:00,286.2749,285.6932
Oklaj,Potomje_2025-03-11_16-50_tf_1h,2021-05-12 06:00:00,286.2925,286.39413
Oklaj,Potomje_2025-03-11_16-50_tf_1h,2021-05-12 07:00:00,286.77606,287.0033
Oklaj,Potomje_2025-03-11_16-50_tf_1h,2021-05-12 08:00:00,287.415,287.8599
Oklaj,Potomje_2025-03-11_16-50_tf_1h,2021-05-12 09:00:00,288.70605,288.2408
Oklaj,Potomje_2025-03-11_16-50_tf_1h,2021-05-12 10:00:00,290.0308,289.68646
Oklaj,Potomje_2025-03-11_16-50_tf_1h,2021-05-12 11:00:00,290.51462,290.7804
Oklaj,Potomje_2025-03-11_16-50_tf_1h,2021-05-12 12:00:00,291.33105,290.60785
Oklaj,Potomje_2025-03-11_16-50_tf_1h,2021-05-12 13:00:00,291.19205,291.6161
Oklaj,Potomje_2025-03-11_16-50_tf_1h,2021-05-12 14:00:00,291.3958,290.71585
Oklaj,Potomje_2025-03-11_16-50_tf_1h,2021-05-12 15:00:00,291.27737,291.21478
Oklaj,Potomje_2025-03-11_16-50_tf_1h,2021-05-12 16:00:00,290.8022,290.81168
Oklaj,Potomje_2025-03-11_16-50_tf_1h,2021-05-12 17:00:00,290.33713,290.18002
Oklaj,Potomje_2025-03-11_16-50_tf_1h,2021-05-12 18:00:00,289.71368,289.75095
Oklaj,Potomje_2025-03-11_16-50_tf_1h,2021-05-12 19:00:00,288.84625,289.06152
Oklaj,Potomje_2025-03-11_16-50_tf_1h,2021-05-12 20:00:00,287.6432,288.12515
Oklaj,Potomje_2025-03-11_16-50_tf_1h,2021-05-12 21:00:00,287.8171,286.8296
Oklaj,Potomje_2025-03-11_16-50_tf_1h,2021-05-12 22:00:00,287.60413,287.56845
Oklaj,Potomje_2025-03-11_16-50_tf_1h,2021-05-12 23:00:00,286.6785,287.1968
Oklaj,Potomje_2025-03-11_16-50_tf_1h,2021-05-13 00:00:00,285.79526,286.0356
Oklaj,Potomje_2025-03-11_16-50_tf_1h,2021-05-13 01:00:00,284.7849,285.17877
Oklaj,Potomje_2025-03-11_16-50_tf_1h,2021-05-13 02:00:00,284.54446,284.10782
Oklaj,Potomje_2025-03-11_16-50_tf_1h,2021-05-13 03:00:00,284.23334,284.19763
Oklaj,Potomje_2025-03-11_16-50_tf_1h,2021-05-13 04:00:00,284.10837,283.88654
Oklaj,Potomje_2025-03-11_16-50_tf_1h,2021-05-13 05:00:00,283.6818,284.0708
Oklaj,Potomje_2025-03-11_16-50_tf_1h,2021-05-13 06:00:00,284.91437,283.7954
Oklaj,Potomje_2025-03-11_16-50_tf_1h,2021-05-13 07:00:00,285.9071,286.37106
Oklaj,Potomje_2025-03-11_16-50_tf_1h,2021-05-13 08:00:00,286.3468,287.0381
Oklaj,Potomje_2025-03-11_16-50_tf_1h,2021-05-13 09:00:00,287.15848,286.96295
Oklaj,Potomje_2025-03-11_16-50_tf_1h,2021-05-13 10:00:00,288.42117,287.792
Oklaj,Potomje_2025-03-11_16-50_tf_1h,2021-05-13 11:00:00,288.68576,289.12878
Oklaj,Potomje_2025-03-11_16-50_tf_1h,2021-05-13 12:00:00,288.72275,288.67673
Oklaj,Potomje_2025-03-11_16-50_tf_1h,2021-05-13 13:00:00,289.25342,288.61377
Oklaj,Potomje_2025-03-11_16-50_tf_1h,2021-05-13 14:00:00,289.5335,289.35458
Oklaj,Potomje_2025-03-11_16-50_tf_1h,2021-05-13 15:00:00,289.26447,289.40598
Oklaj,Potomje_2025-03-11_16-50_tf_1h,2021-05-13 16:00:00,289.11917,288.8519
Oklaj,Potomje_2025-03-11_16-50_tf_1h,2021-05-13 17:00:00,288.63684,288.78177
Oklaj,Potomje_2025-03-11_16-50_tf_1h,2021-05-13 18:00:00,288.27737,288.11276
Oklaj,Potomje_2025-03-11_16-50_tf_1h,2021-05-13 19:00:00,287.22083,287.8174
Oklaj,Potomje_2025-03-11_16-50_tf_1h,2021-05-13 20:00:00,286.63794,286.5041
Oklaj,Potomje_2025-03-11_16-50_tf_1h,2021-05-13 21:00:00,285.79764,286.11618
Oklaj,Potomje_2025-03-11_16-50_tf_1h,2021-05-13 22:00:00,285.02057,285.20386
Oklaj,Potomje_2025-03-11_16-50_tf_1h,2021-05-13 23:00:00,284.47855,284.4991
Oklaj,Potomje_2025-03-11_16-50_tf_1h,2021-05-14 00:00:00,283.76144,284.0518
Oklaj,Potomje_2025-03-11_16-50_tf_1h,2021-05-14 01:00:00,283.74863,283.30545
Oklaj,Potomje_2025-03-11_16-50_tf_1h,2021-05-14 02:00:00,283.44046,283.49194
Oklaj,Potomje_2025-03-11_16-50_tf_1h,2021-05-14 03:00:00,283.1365,283.0643
Oklaj,Potomje_2025-03-11_16-50_tf_1h,2021-05-14 04:00:00,282.6625,282.86975
Oklaj,Potomje_2025-03-11_16-50_tf_1h,2021-05-14 05:00:00,282.58228,282.58832
Oklaj,Potomje_2025-03-11_16-50_tf_1h,2021-05-14 06:00:00,283.82828,283.05942
Oklaj,Potomje_2025-03-11_16-50_tf_1h,2021-05-14 07:00:00,286.0103,285.1637
Oklaj,Potomje_2025-03-11_16-50_tf_1h,2021-05-14 08:00:00,286.8002,287.5775
Oklaj,Potomje_2025-03-11_16-50_tf_1h,2021-05-14 09:00:00,287.82278,287.39423
Oklaj,Potomje_2025-03-11_16-50_tf_1h,2021-05-14 10:00:00,288.81372,288.51843
Oklaj,Potomje_2025-03-11_16-50_tf_1h,2021-05-14 11:00:00,289.62213,289.29617
Oklaj,Potomje_2025-03-11_16-50_tf_1h,2021-05-14 12:00:00,290.52356,289.9004
Oklaj,Potomje_2025-03-11_16-50_tf_1h,2021-05-14 13:00:00,290.77057,290.75986
Oklaj,Potomje_2025-03-11_16-50_tf_1h,2021-05-14 14:00:00,290.83798,290.59085
Oklaj,Potomje_2025-03-11_16-50_tf_1h,2021-05-14 15:00:00,290.42813,290.56055
Oklaj,Potomje_2025-03-11_16-50_tf_1h,2021-05-14 16:00:00,290.1665,289.89447
Oklaj,Potomje_2025-03-11_16-50_tf_1h,2021-05-14 17:00:00,289.45328,289.67923
Oklaj,Potomje_2025-03-11_16-50_tf_1h,2021-05-14 18:00:00,288.90112,288.77524
Oklaj,Potomje_2025-03-11_16-50_tf_1h,2021-05-14 19:00:00,288.07724,288.28766
Oklaj,Potomje_2025-03-11_16-50_tf_1h,2021-05-14 20:00:00,287.5552,287.4068
Oklaj,Potomje_2025-03-11_16-50_tf_1h,2021-05-14 21:00:00,286.6958,286.97473
Oklaj,Potomje_2025-03-11_16-50_tf_1h,2021-05-14 22:00:00,286.21735,286.09418
Oklaj,Potomje_2025-03-11_16-50_tf_1h,2021-05-14 23:00:00,285.9098,285.71317
Oklaj,Potomje_2025-03-11_16-50_tf_1h,2021-05-15 00:00:00,285.41312,285.46823
Oklaj,Potomje_2025-03-11_16-50_tf_1h,2021-05-15 01:00:00,285.2953,284.96786
Oklaj,Potomje_2025-03-11_16-50_tf_1h,2021-05-15 02:00:00,285.24518,284.94885
Oklaj,Potomje_2025-03-11_16-50_tf_1h,2021-05-15 03:00:00,284.57343,284.8873
Oklaj,Potomje_2025-03-11_16-50_tf_1h,2021-05-15 04:00:00,284.23425,283.98938
Oklaj,Potomje_2025-03-11_16-50_tf_1h,2021-05-15 05:00:00,284.08868,284.03647
Oklaj,Potomje_2025-03-11_16-50_tf_1h,2021-05-15 06:00:00,284.7858,284.3734
Oklaj,Potomje_2025-03-11_16-50_tf_1h,2021-05-15 07:00:00,285.82776,285.8014
Oklaj,Potomje_2025-03-11_16-50_tf_1h,2021-05-15 08:00:00,286.48462,286.92725
Oklaj,Potomje_2025-03-11_16-50_tf_1h,2021-05-15 09:00:00,287.40515,287.1084
Oklaj,Potomje_2025-03-11_16-50_tf_1h,2021-05-15 10:00:00,288.4656,288.02856
Oklaj,Potomje_2025-03-11_16-50_tf_1h,2021-05-15 11:00:00,288.43518,289.009
Oklaj,Potomje_2025-03-11_16-50_tf_1h,2021-05-15 12:00:00,290.3583,288.2564
Oklaj,Potomje_2025-03-11_16-50_tf_1h,2021-05-15 13:00:00,290.7467,291.26926
Oklaj,Potomje_2025-03-11_16-50_tf_1h,2021-05-15 14:00:00,290.59158,290.58603
Oklaj,Potomje_2025-03-11_16-50_tf_1h,2021-05-15 15:00:00,290.2566,290.27286
Oklaj,Potomje_2025-03-11_16-50_tf_1h,2021-05-15 16:00:00,289.8357,289.81558
Oklaj,Potomje_2025-03-11_16-50_tf_1h,2021-05-15 17:00:00,289.5902,289.33624
Oklaj,Potomje_2025-03-11_16-50_tf_1h,2021-05-15 18:00:00,288.99332,289.14233
Oklaj,Potomje_2025-03-11_16-50_tf_1h,2021-05-15 19:00:00,288.10406,288.39627
Oklaj,Potomje_2025-03-11_16-50_tf_1h,2021-05-15 20:00:00,287.58206,287.42877
Oklaj,Potomje_2025-03-11_16-50_tf_1h,2021-05-15 21:00:00,287.40784,287.03668
Oklaj,Potomje_2025-03-11_16-50_tf_1h,2021-05-15 22:00:00,284.56387,286.9594
Oklaj,Potomje_2025-03-11_16-50_tf_1h,2021-05-15 23:00:00,284.4896,283.5499
Oklaj,Potomje_2025-03-11_16-50_tf_1h,2021-05-16 00:00:00,285.09305,284.1868
Oklaj,Potomje_2025-03-11_16-50_tf_1h,2021-05-16 01:00:00,285.00507,284.9593
Oklaj,Potomje_2025-03-11_16-50_tf_1h,2021-05-16 02:00:00,284.33328,284.6938
Oklaj,Potomje_2025-03-11_16-50_tf_1h,2021-05-16 03:00:00,284.15997,283.80057
Oklaj,Potomje_2025-03-11_16-50_tf_1h,2021-05-16 04:00:00,284.07318,283.85037
Oklaj,Potomje_2025-03-11_16-50_tf_1h,2021-05-16 05:00:00,284.4478,283.96036
Oklaj,Potomje_2025-03-11_16-50_tf_1h,2021-05-16 06:00:00,284.85144,284.9334
Oklaj,Potomje_2025-03-11_16-50_tf_1h,2021-05-16 07:00:00,285.4313,285.6127
Oklaj,Potomje_2025-03-11_16-50_tf_1h,2021-05-16 08:00:00,286.88702,286.3733
Oklaj,Potomje_2025-03-11_16-50_tf_1h,2021-05-16 09:00:00,287.75745,287.966
Oklaj,Potomje_2025-03-11_16-50_tf_1h,2021-05-16 10:00:00,288.39014,288.27896
Oklaj,Potomje_2025-03-11_16-50_tf_1h,2021-05-16 11:00:00,289.40524,288.71695
Oklaj,Potomje_2025-03-11_16-50_tf_1h,2021-05-16 12:00:00,290.01917,289.8222
Oklaj,Potomje_2025-03-11_16-50_tf_1h,2021-05-16 13:00:00,289.94727,290.09967
Oklaj,Potomje_2025-03-11_16-50_tf_1h,2021-05-16 14:00:00,290.6244,289.6487
Oklaj,Potomje_2025-03-11_16-50_tf_1h,2021-05-16 15:00:00,290.35355,290.68683
Oklaj,Potomje_2025-03-11_16-50_tf_1h,2021-05-16 16:00:00,289.79752,289.87692
Oklaj,Potomje_2025-03-11_16-50_tf_1h,2021-05-16 17:00:00,289.26355,289.236
Oklaj,Potomje_2025-03-11_16-50_tf_1h,2021-05-16 18:00:00,288.6106,288.69946
Oklaj,Potomje_2025-03-11_16-50_tf_1h,2021-05-16 19:00:00,287.83054,287.99255
Oklaj,Potomje_2025-03-11_16-50_tf_1h,2021-05-16 20:00:00,287.9928,287.1859
Oklaj,Potomje_2025-03-11_16-50_tf_1h,2021-05-16 21:00:00,287.57727,287.6218
Oklaj,Potomje_2025-03-11_16-50_tf_1h,2021-05-16 22:00:00,287.2957,287.08618
Oklaj,Potomje_2025-03-11_16-50_tf_1h,2021-05-16 23:00:00,286.9938,286.85324
Oklaj,Potomje_2025-03-11_16-50_tf_1h,2021-05-17 00:00:00,287.00635,286.56152
Oklaj,Potomje_2025-03-11_16-50_tf_1h,2021-05-17 01:00:00,286.816,286.67288
Oklaj,Potomje_2025-03-11_16-50_tf_1h,2021-05-17 02:00:00,286.25998,286.44376
Oklaj,Potomje_2025-03-11_16-50_tf_1h,2021-05-17 03:00:00,286.12607,285.7534
Oklaj,Potomje_2025-03-11_16-50_tf_1h,2021-05-17 04:00:00,286.07028,285.7857
Oklaj,Potomje_2025-03-11_16-50_tf_1h,2021-05-17 05:00:00,286.2221,285.86646
Oklaj,Potomje_2025-03-11_16-50_tf_1h,2021-05-17 06:00:00,286.2919,286.3648
Oklaj,Potomje_2025-03-11_16-50_tf_1h,2021-05-17 07:00:00,287.15787,286.63086
Oklaj,Potomje_2025-03-11_16-50_tf_1h,2021-05-17 08:00:00,288.49246,287.8254
Oklaj,Potomje_2025-03-11_16-50_tf_1h,2021-05-17 09:00:00,289.26834,289.23584
Oklaj,Potomje_2025-03-11_16-50_tf_1h,2021-05-17 10:00:00,290.6223,289.61096
Oklaj,Potomje_2025-03-11_16-50_tf_1h,2021-05-17 11:00:00,291.3418,291.19336
Oklaj,Potomje_2025-03-11_16-50_tf_1h,2021-05-17 12:00:00,291.95062,291.4552
Oklaj,Potomje_2025-03-11_16-50_tf_1h,2021-05-17 13:00:00,292.12842,291.97473
Oklaj,Potomje_2025-03-11_16-50_tf_1h,2021-05-17 14:00:00,292.19345,291.8857
Oklaj,Potomje_2025-03-11_16-50_tf_1h,2021-05-17 15:00:00,292.19376,291.88086
Oklaj,Potomje_2025-03-11_16-50_tf_1h,2021-05-17 16:00:00,291.9366,291.81473
Oklaj,Potomje_2025-03-11_16-50_tf_1h,2021-05-17 17:00:00,291.6103,291.4386
Oklaj,Potomje_2025-03-11_16-50_tf_1h,2021-05-17 18:00:00,290.75415,291.081
Oklaj,Potomje_2025-03-11_16-50_tf_1h,2021-05-17 19:00:00,289.41748,290.0678
Oklaj,Potomje_2025-03-11_16-50_tf_1h,2021-05-17 20:00:00,288.2037,288.60263
Oklaj,Potomje_2025-03-11_16-50_tf_1h,2021-05-17 21:00:00,287.90094,287.44702
Oklaj,Potomje_2025-03-11_16-50_tf_1h,2021-05-17 22:00:00,288.07483,287.39325
Oklaj,Potomje_2025-03-11_16-50_tf_1h,2021-05-17 23:00:00,287.53046,287.7034
Oklaj,Potomje_2025-03-11_16-50_tf_1h,2021-05-18 00:00:00,285.46323,287.00162
Oklaj,Potomje_2025-03-11_16-50_tf_1h,2021-05-18 01:00:00,283.40347,284.53717
Oklaj,Potomje_2025-03-11_16-50_tf_1h,2021-05-18 02:00:00,282.23953,282.4297
Oklaj,Potomje_2025-03-11_16-50_tf_1h,2021-05-18 03:00:00,281.3109,281.51285
Oklaj,Potomje_2025-03-11_16-50_tf_1h,2021-05-18 04:00:00,280.70895,280.66568
Oklaj,Potomje_2025-03-11_16-50_tf_1h,2021-05-18 05:00:00,280.62125,280.45685
Oklaj,Potomje_2025-03-11_16-50_tf_1h,2021-05-18 06:00:00,282.66132,281.1956
Oklaj,Potomje_2025-03-11_16-50_tf_1h,2021-05-18 07:00:00,286.1523,285.10324
Oklaj,Potomje_2025-03-11_16-50_tf_1h,2021-05-18 08:00:00,288.99152,288.902
Oklaj,Potomje_2025-03-11_16-50_tf_1h,2021-05-18 09:00:00,290.68735,290.8874
Oklaj,Potomje_2025-03-11_16-50_tf_1h,2021-05-18 10:00:00,291.8116,291.67178
Oklaj,Potomje_2025-03-11_16-50_tf_1h,2021-05-18 11:00:00,292.51114,292.30576
Oklaj,Potomje_2025-03-11_16-50_tf_1h,2021-05-18 12:00:00,292.5517,292.62448
Oklaj,Potomje_2025-03-11_16-50_tf_1h,2021-05-18 13:00:00,292.61942,292.2534
Oklaj,Potomje_2025-03-11_16-50_tf_1h,2021-05-18 14:00:00,292.57794,292.28088
Oklaj,Potomje_2025-03-11_16-50_tf_1h,2021-05-18 15:00:00,292.71725,292.10596
Oklaj,Potomje_2025-03-11_16-50_tf_1h,2021-05-18 16:00:00,292.66925,292.2774
Oklaj,Potomje_2025-03-11_16-50_tf_1h,2021-05-18 17:00:00,292.274,292.0789
Oklaj,Potomje_2025-03-11_16-50_tf_1h,2021-05-18 18:00:00,291.31555,291.53488
Oklaj,Potomje_2025-03-11_16-50_tf_1h,2021-05-18 19:00:00,289.82108,290.43488
Oklaj,Potomje_2025-03-11_16-50_tf_1h,2021-05-18 20:00:00,288.03247,288.87512
Oklaj,Potomje_2025-03-11_16-50_tf_1h,2021-05-18 21:00:00,287.0815,287.0888
Oklaj,Potomje_2025-03-11_16-50_tf_1h,2021-05-18 22:00:00,286.6263,286.3435
Oklaj,Potomje_2025-03-11_16-50_tf_1h,2021-05-18 23:00:00,286.79602,286.00507
Oklaj,Potomje_2025-03-11_16-50_tf_1h,2021-05-19 00:00:00,286.38736,286.29935
Oklaj,Potomje_2025-03-11_16-50_tf_1h,2021-05-19 01:00:00,286.14575,285.86734
Oklaj,Potomje_2025-03-11_16-50_tf_1h,2021-05-19 02:00:00,285.8731,285.7091
Oklaj,Potomje_2025-03-11_16-50_tf_1h,2021-05-19 03:00:00,285.56555,285.43024
Oklaj,Potomje_2025-03-11_16-50_tf_1h,2021-05-19 04:00:00,285.5247,285.02063
Oklaj,Potomje_2025-03-11_16-50_tf_1h,2021-05-19 05:00:00,285.51782,285.22833
Oklaj,Potomje_2025-03-11_16-50_tf_1h,2021-05-19 06:00:00,285.57986,285.72195
Oklaj,Potomje_2025-03-11_16-50_tf_1h,2021-05-19 07:00:00,286.51205,286.41772
Oklaj,Potomje_2025-03-11_16-50_tf_1h,2021-05-19 08:00:00,286.93237,287.68317
Oklaj,Potomje_2025-03-11_16-50_tf_1h,2021-05-19 09:00:00,288.77853,287.43912
Oklaj,Potomje_2025-03-11_16-50_tf_1h,2021-05-19 10:00:00,289.92102,289.92026
Oklaj,Potomje_2025-03-11_16-50_tf_1h,2021-05-19 11:00:00,288.45935,290.391
Oklaj,Potomje_2025-03-11_16-50_tf_1h,2021-05-19 12:00:00,289.0157,287.42307
Oklaj,Potomje_2025-03-11_16-50_tf_1h,2021-05-19 13:00:00,289.53055,289.32498
Oklaj,Potomje_2025-03-11_16-50_tf_1h,2021-05-19 14:00:00,288.868,289.5072
Oklaj,Potomje_2025-03-11_16-50_tf_1h,2021-05-19 15:00:00,288.67294,288.19693
Oklaj,Potomje_2025-03-11_16-50_tf_1h,2021-05-19 16:00:00,287.28076,288.3581
Oklaj,Potomje_2025-03-11_16-50_tf_1h,2021-05-19 17:00:00,287.05765,286.23798
Oklaj,Potomje_2025-03-11_16-50_tf_1h,2021-05-19 18:00:00,286.51385,286.765
Oklaj,Potomje_2025-03-11_16-50_tf_1h,2021-05-19 19:00:00,285.80927,285.98996
Oklaj,Potomje_2025-03-11_16-50_tf_1h,2021-05-19 20:00:00,285.60342,285.2939
Oklaj,Potomje_2025-03-11_16-50_tf_1h,2021-05-19 21:00:00,284.86337,285.31052
Oklaj,Potomje_2025-03-11_16-50_tf_1h,2021-05-19 22:00:00,284.21426,284.3746
Oklaj,Potomje_2025-03-11_16-50_tf_1h,2021-05-19 23:00:00,283.7209,283.756
Oklaj,Potomje_2025-03-11_16-50_tf_1h,2021-05-20 00:00:00,283.3438,283.32275
Oklaj,Potomje_2025-03-11_16-50_tf_1h,2021-05-20 01:00:00,282.91098,283.00598
Oklaj,Potomje_2025-03-11_16-50_tf_1h,2021-05-20 02:00:00,282.53067,282.60287
Oklaj,Potomje_2025-03-11_16-50_tf_1h,2021-05-20 03:00:00,282.2306,282.4054
Oklaj,Potomje_2025-03-11_16-50_tf_1h,2021-05-20 04:00:00,282.10648,282.42072
Oklaj,Potomje_2025-03-11_16-50_tf_1h,2021-05-20 05:00:00,282.21985,282.71793
Oklaj,Potomje_2025-03-11_16-50_tf_1h,2021-05-20 06:00:00,283.27313,283.00565
Oklaj,Potomje_2025-03-11_16-50_tf_1h,2021-05-20 07:00:00,284.63278,284.3209
Oklaj,Potomje_2025-03-11_16-50_tf_1h,2021-05-20 08:00:00,285.86832,285.62494
Oklaj,Potomje_2025-03-11_16-50_tf_1h,2021-05-20 09:00:00,286.74442,286.67426
Oklaj,Potomje_2025-03-11_16-50_tf_1h,2021-05-20 10:00:00,287.63217,287.25214
Oklaj,Potomje_2025-03-11_16-50_tf_1h,2021-05-20 11:00:00,287.87738,288.088
Oklaj,Potomje_2025-03-11_16-50_tf_1h,2021-05-20 12:00:00,287.8759,287.8507
Oklaj,Potomje_2025-03-11_16-50_tf_1h,2021-05-20 13:00:00,287.94775,287.70285
Oklaj,Potomje_2025-03-11_16-50_tf_1h,2021-05-20 14:00:00,287.86902,287.78552
Oklaj,Potomje_2025-03-11_16-50_tf_1h,2021-05-20 15:00:00,288.21533,287.58606
Oklaj,Potomje_2025-03-11_16-50_tf_1h,2021-05-20 16:00:00,288.4483,288.1015
Oklaj,Potomje_2025-03-11_16-50_tf_1h,2021-05-20 17:00:00,288.4841,288.22537
Oklaj,Potomje_2025-03-11_16-50_tf_1h,2021-05-20 18:00:00,288.17896,288.16397
Oklaj,Potomje_2025-03-11_16-50_tf_1h,2021-05-20 19:00:00,287.17636,287.73068
Oklaj,Potomje_2025-03-11_16-50_tf_1h,2021-05-20 20:00:00,286.03806,286.5395
Oklaj,Potomje_2025-03-11_16-50_tf_1h,2021-05-20 21:00:00,284.70856,285.40878
Oklaj,Potomje_2025-03-11_16-50_tf_1h,2021-05-20 22:00:00,283.42734,284.07462
Oklaj,Potomje_2025-03-11_16-50_tf_1h,2021-05-20 23:00:00,282.37347,282.84024
Oklaj,Potomje_2025-03-11_16-50_tf_1h,2021-05-21 00:00:00,281.4717,281.86554
Oklaj,Potomje_2025-03-11_16-50_tf_1h,2021-05-21 01:00:00,280.6499,281.03107
Oklaj,Potomje_2025-03-11_16-50_tf_1h,2021-05-21 02:00:00,280.02646,280.1668
Oklaj,Potomje_2025-03-11_16-50_tf_1h,2021-05-21 03:00:00,279.65656,279.5717
Oklaj,Potomje_2025-03-11_16-50_tf_1h,2021-05-21 04:00:00,279.315,279.4404
Oklaj,Potomje_2025-03-11_16-50_tf_1h,2021-05-21 05:00:00,279.22015,279.53897
Oklaj,Potomje_2025-03-11_16-50_tf_1h,2021-05-21 06:00:00,281.23486,280.08157
Oklaj,Potomje_2025-03-11_16-50_tf_1h,2021-05-21 07:00:00,285.65115,283.54855
Oklaj,Potomje_2025-03-11_16-50_tf_1h,2021-05-21 08:00:00,288.17358,288.57565
Oklaj,Potomje_2025-03-11_16-50_tf_1h,2021-05-21 09:00:00,289.81808,289.64853
Oklaj,Potomje_2025-03-11_16-50_tf_1h,2021-05-21 10:00:00,291.22128,290.7702
Oklaj,Potomje_2025-03-11_16-50_tf_1h,2021-05-21 11:00:00,292.18777,291.82086
Oklaj,Potomje_2025-03-11_16-50_tf_1h,2021-05-21 12:00:00,292.7644,292.39304
Oklaj,Potomje_2025-03-11_16-50_tf_1h,2021-05-21 13:00:00,292.70087,292.67133
Oklaj,Potomje_2025-03-11_16-50_tf_1h,2021-05-21 14:00:00,292.7623,292.22263
Oklaj,Potomje_2025-03-11_16-50_tf_1h,2021-05-21 15:00:00,292.56213,292.22937
Oklaj,Potomje_2025-03-11_16-50_tf_1h,2021-05-21 16:00:00,292.20358,291.87128
Oklaj,Potomje_2025-03-11_16-50_tf_1h,2021-05-21 17:00:00,291.57358,291.4304
Oklaj,Potomje_2025-03-11_16-50_tf_1h,2021-05-21 18:00:00,290.68884,290.71732
Oklaj,Potomje_2025-03-11_16-50_tf_1h,2021-05-21 19:00:00,289.135,289.77304
Oklaj,Potomje_2025-03-11_16-50_tf_1h,2021-05-21 20:00:00,287.5197,288.19272
Oklaj,Potomje_2025-03-11_16-50_tf_1h,2021-05-21 21:00:00,286.6785,286.7053
Oklaj,Potomje_2025-03-11_16-50_tf_1h,2021-05-21 22:00:00,286.1204,286.04318
Oklaj,Potomje_2025-03-11_16-50_tf_1h,2021-05-21 23:00:00,285.74097,285.5561
Oklaj,Potomje_2025-03-11_16-50_tf_1h,2021-05-22 00:00:00,285.63834,285.23032
Oklaj,Potomje_2025-03-11_16-50_tf_1h,2021-05-22 01:00:00,285.48978,285.19827
Oklaj,Potomje_2025-03-11_16-50_tf_1h,2021-05-22 02:00:00,285.11603,285.09512
Oklaj,Potomje_2025-03-11_16-50_tf_1h,2021-05-22 03:00:00,284.75092,284.66315
Oklaj,Potomje_2025-03-11_16-50_tf_1h,2021-05-22 04:00:00,284.54657,284.2146
Oklaj,Potomje_2025-03-11_16-50_tf_1h,2021-05-22 05:00:00,284.4338,284.15042
Oklaj,Potomje_2025-03-11_16-50_tf_1h,2021-05-22 06:00:00,285.76752,284.61993
Oklaj,Potomje_2025-03-11_16-50_tf_1h,2021-05-22 07:00:00,288.19714,287.48923
Oklaj,Potomje_2025-03-11_16-50_tf_1h,2021-05-22 08:00:00,289.7972,290.04984
Oklaj,Potomje_2025-03-11_16-50_tf_1h,2021-05-22 09:00:00,290.86185,290.76578
Oklaj,Potomje_2025-03-11_16-50_tf_1h,2021-05-22 10:00:00,291.5703,291.3926
Oklaj,Potomje_2025-03-11_16-50_tf_1h,2021-05-22 11:00:00,291.92587,291.77368
Oklaj,Potomje_2025-03-11_16-50_tf_1h,2021-05-22 12:00:00,292.5192,291.83752
Oklaj,Potomje_2025-03-11_16-50_tf_1h,2021-05-22 13:00:00,292.84283,292.48807
Oklaj,Potomje_2025-03-11_16-50_tf_1h,2021-05-22 14:00:00,292.91055,292.581
Oklaj,Potomje_2025-03-11_16-50_tf_1h,2021-05-22 15:00:00,292.7441,292.503
Oklaj,Potomje_2025-03-11_16-50_tf_1h,2021-05-22 16:00:00,292.14035,292.20932
Oklaj,Potomje_2025-03-11_16-50_tf_1h,2021-05-22 17:00:00,291.34747,291.43204
Oklaj,Potomje_2025-03-11_16-50_tf_1h,2021-05-22 18:00:00,290.77057,290.60092
Oklaj,Potomje_2025-03-11_16-50_tf_1h,2021-05-22 19:00:00,290.17487,290.1018
Oklaj,Potomje_2025-03-11_16-50_tf_1h,2021-05-22 20:00:00,289.1642,289.507
Oklaj,Potomje_2025-03-11_16-50_tf_1h,2021-05-22 21:00:00,289.05685,288.45416
Oklaj,Potomje_2025-03-11_16-50_tf_1h,2021-05-22 22:00:00,288.6604,288.5186
Oklaj,Potomje_2025-03-11_16-50_tf_1h,2021-05-22 23:00:00,288.3108,288.0957
Oklaj,Potomje_2025-03-11_16-50_tf_1h,2021-05-23 00:00:00,288.16373,287.78146
Oklaj,Potomje_2025-03-11_16-50_tf_1h,2021-05-23 01:00:00,287.84128,287.69925
Oklaj,Potomje_2025-03-11_16-50_tf_1h,2021-05-23 02:00:00,287.398,287.3627
Oklaj,Potomje_2025-03-11_16-50_tf_1h,2021-05-23 03:00:00,287.0141,286.85944
Oklaj,Potomje_2025-03-11_16-50_tf_1h,2021-05-23 04:00:00,286.72922,286.47653
Oklaj,Potomje_2025-03-11_16-50_tf_1h,2021-05-23 05:00:00,286.59738,286.37808
Oklaj,Potomje_2025-03-11_16-50_tf_1h,2021-05-23 06:00:00,287.49435,286.6987
Oklaj,Potomje_2025-03-11_16-50_tf_1h,2021-05-23 07:00:00,288.98315,288.4176
Oklaj,Potomje_2025-03-11_16-50_tf_1h,2021-05-23 08:00:00,290.42633,290.09314
Oklaj,Potomje_2025-03-11_16-50_tf_1h,2021-05-23 09:00:00,291.68216,291.25455
Oklaj,Potomje_2025-03-11_16-50_tf_1h,2021-05-23 10:00:00,292.6943,292.236
Oklaj,Potomje_2025-03-11_16-50_tf_1h,2021-05-23 11:00:00,293.4299,292.99017
Oklaj,Potomje_2025-03-11_16-50_tf_1h,2021-05-23 12:00:00,293.957,293.48148
Oklaj,Potomje_2025-03-11_16-50_tf_1h,2021-05-23 13:00:00,294.309,293.82953
Oklaj,Potomje_2025-03-11_16-50_tf_1h,2021-05-23 14:00:00,294.46558,294.0301
Oklaj,Potomje_2025-03-11_16-50_tf_1h,2021-05-23 15:00:00,294.53122,294.03937
Oklaj,Potomje_2025-03-11_16-50_tf_1h,2021-05-23 16:00:00,294.12643,294.00952
Oklaj,Potomje_2025-03-11_16-50_tf_1h,2021-05-23 17:00:00,293.6924,293.43726
Oklaj,Potomje_2025-03-11_16-50_tf_1h,2021-05-23 18:00:00,293.01407,292.98853
Oklaj,Potomje_2025-03-11_16-50_tf_1h,2021-05-23 19:00:00,292.05713,292.25635
Oklaj,Potomje_2025-03-11_16-50_tf_1h,2021-05-23 20:00:00,290.9737,291.27655
Oklaj,Potomje_2025-03-11_16-50_tf_1h,2021-05-23 21:00:00,290.39233,290.19348
Oklaj,Potomje_2025-03-11_16-50_tf_1h,2021-05-23 22:00:00,289.7835,289.7317
Oklaj,Potomje_2025-03-11_16-50_tf_1h,2021-05-23 23:00:00,288.93365,289.13162
Oklaj,Potomje_2025-03-11_16-50_tf_1h,2021-05-24 00:00:00,288.0128,288.25726
Oklaj,Potomje_2025-03-11_16-50_tf_1h,2021-05-24 01:00:00,287.30405,287.33926
Oklaj,Potomje_2025-03-11_16-50_tf_1h,2021-05-24 02:00:00,286.86884,286.7132
Oklaj,Potomje_2025-03-11_16-50_tf_1h,2021-05-24 03:00:00,286.3653,286.31747
Oklaj,Potomje_2025-03-11_16-50_tf_1h,2021-05-24 04:00:00,286.342,285.73547
Oklaj,Potomje_2025-03-11_16-50_tf_1h,2021-05-24 05:00:00,286.49176,285.9691
Oklaj,Potomje_2025-03-11_16-50_tf_1h,2021-05-24 06:00:00,286.9735,286.46332
Oklaj,Potomje_2025-03-11_16-50_tf_1h,2021-05-24 07:00:00,288.00446,287.5777
Oklaj,Potomje_2025-03-11_16-50_tf_1h,2021-05-24 08:00:00,292.44998,289.20856
Oklaj,Potomje_2025-03-11_16-50_tf_1h,2021-05-24 09:00:00,294.77283,294.97702
Oklaj,Potomje_2025-03-11_16-50_tf_1h,2021-05-24 10:00:00,295.96454,295.63657
Oklaj,Potomje_2025-03-11_16-50_tf_1h,2021-05-24 11:00:00,296.21838,296.2465
Oklaj,Potomje_2025-03-11_16-50_tf_1h,2021-05-24 12:00:00,297.69705,295.89874
Oklaj,Potomje_2025-03-11_16-50_tf_1h,2021-05-24 13:00:00,298.2722,297.70715
Oklaj,Potomje_2025-03-11_16-50_tf_1h,2021-05-24 14:00:00,298.38852,297.70306
Oklaj,Potomje_2025-03-11_16-50_tf_1h,2021-05-24 15:00:00,298.24057,297.63913
Oklaj,Potomje_2025-03-11_16-50_tf_1h,2021-05-24 16:00:00,297.9384,297.33856
Oklaj,Potomje_2025-03-11_16-50_tf_1h,2021-05-24 17:00:00,297.2884,296.9543
Oklaj,Potomje_2025-03-11_16-50_tf_1h,2021-05-24 18:00:00,296.5492,296.2161
Oklaj,Potomje_2025-03-11_16-50_tf_1h,2021-05-24 19:00:00,295.4968,295.47415
Oklaj,Potomje_2025-03-11_16-50_tf_1h,2021-05-24 20:00:00,294.90765,294.40915
Oklaj,Potomje_2025-03-11_16-50_tf_1h,2021-05-24 21:00:00,294.8304,293.90527
Oklaj,Potomje_2025-03-11_16-50_tf_1h,2021-05-24 22:00:00,294.40384,293.8859
Oklaj,Potomje_2025-03-11_16-50_tf_1h,2021-05-24 23:00:00,293.39648,293.4591
Oklaj,Potomje_2025-03-11_16-50_tf_1h,2021-05-25 00:00:00,292.28235,292.47095
Oklaj,Potomje_2025-03-11_16-50_tf_1h,2021-05-25 01:00:00,291.24158,291.42004
Oklaj,Potomje_2025-03-11_16-50_tf_1h,2021-05-25 02:00:00,290.14087,290.46005
Oklaj,Potomje_2025-03-11_16-50_tf_1h,2021-05-25 03:00:00,288.8322,289.36374
Oklaj,Potomje_2025-03-11_16-50_tf_1h,2021-05-25 04:00:00,287.6954,287.98306
Oklaj,Potomje_2025-03-11_16-50_tf_1h,2021-05-25 05:00:00,287.239,286.8082
Oklaj,Potomje_2025-03-11_16-50_tf_1h,2021-05-25 06:00:00,288.7863,286.50238
Oklaj,Potomje_2025-03-11_16-50_tf_1h,2021-05-25 07:00:00,290.92746,289.54428
Oklaj,Potomje_2025-03-11_16-50_tf_1h,2021-05-25 08:00:00,291.8689,292.26825
Oklaj,Potomje_2025-03-11_16-50_tf_1h,2021-05-25 09:00:00,292.78735,292.65335
Oklaj,Potomje_2025-03-11_16-50_tf_1h,2021-05-25 10:00:00,293.36874,293.55206
Oklaj,Potomje_2025-03-11_16-50_tf_1h,2021-05-25 11:00:00,293.9883,293.64752
Oklaj,Potomje_2025-03-11_16-50_tf_1h,2021-05-25 12:00:00,294.57776,294.1289
Oklaj,Potomje_2025-03-11_16-50_tf_1h,2021-05-25 13:00:00,294.8683,294.5495
Oklaj,Potomje_2025-03-11_16-50_tf_1h,2021-05-25 14:00:00,294.74628,294.60144
Oklaj,Potomje_2025-03-11_16-50_tf_1h,2021-05-25 15:00:00,294.65887,294.21594
Oklaj,Potomje_2025-03-11_16-50_tf_1h,2021-05-25 16:00:00,294.43695,294.13272
Oklaj,Potomje_2025-03-11_16-50_tf_1h,2021-05-25 17:00:00,293.86005,293.8161
Oklaj,Potomje_2025-03-11_16-50_tf_1h,2021-05-25 18:00:00,293.02005,293.09354
Oklaj,Potomje_2025-03-11_16-50_tf_1h,2021-05-25 19:00:00,291.624,292.1737
Oklaj,Potomje_2025-03-11_16-50_tf_1h,2021-05-25 20:00:00,290.5713,290.57953
Oklaj,Potomje_2025-03-11_16-50_tf_1h,2021-05-25 21:00:00,289.68536,289.69846
Oklaj,Potomje_2025-03-11_16-50_tf_1h,2021-05-25 22:00:00,288.3812,288.8868
Oklaj,Potomje_2025-03-11_16-50_tf_1h,2021-05-25 23:00:00,287.86246,287.4844
Oklaj,Potomje_2025-03-11_16-50_tf_1h,2021-05-26 00:00:00,287.2274,287.26334
Oklaj,Potomje_2025-03-11_16-50_tf_1h,2021-05-26 01:00:00,286.3611,286.61267
Oklaj,Potomje_2025-03-11_16-50_tf_1h,2021-05-26 02:00:00,285.76123,285.64984
Oklaj,Potomje_2025-03-11_16-50_tf_1h,2021-05-26 03:00:00,285.04233,285.09827
Oklaj,Potomje_2025-03-11_16-50_tf_1h,2021-05-26 04:00:00,284.64053,284.32913
Oklaj,Potomje_2025-03-11_16-50_tf_1h,2021-05-26 05:00:00,284.53732,284.29407
Oklaj,Potomje_2025-03-11_16-50_tf_1h,2021-05-26 06:00:00,285.78958,284.85202
Oklaj,Potomje_2025-03-11_16-50_tf_1h,2021-05-26 07:00:00,287.58383,287.4363
Oklaj,Potomje_2025-03-11_16-50_tf_1h,2021-05-26 08:00:00,289.94965,289.27652
Oklaj,Potomje_2025-03-11_16-50_tf_1h,2021-05-26 09:00:00,291.75705,291.57275
Oklaj,Potomje_2025-03-11_16-50_tf_1h,2021-05-26 10:00:00,293.52057,292.7062
Oklaj,Potomje_2025-03-11_16-50_tf_1h,2021-05-26 11:00:00,294.37283,294.24536
Oklaj,Potomje_2025-03-11_16-50_tf_1h,2021-05-26 12:00:00,295.08994,294.44986
Oklaj,Potomje_2025-03-11_16-50_tf_1h,2021-05-26 13:00:00,295.3038,295.02747
Oklaj,Potomje_2025-03-11_16-50_tf_1h,2021-05-26 14:00:00,295.57736,294.8905
Oklaj,Potomje_2025-03-11_16-50_tf_1h,2021-05-26 15:00:00,295.50995,295.13794
Oklaj,Potomje_2025-03-11_16-50_tf_1h,2021-05-26 16:00:00,295.3238,294.86224
Oklaj,Potomje_2025-03-11_16-50_tf_1h,2021-05-26 17:00:00,294.68365,294.608
Oklaj,Potomje_2025-03-11_16-50_tf_1h,2021-05-26 18:00:00,293.66913,293.8192
Oklaj,Potomje_2025-03-11_16-50_tf_1h,2021-05-26 19:00:00,292.09024,292.7445
Oklaj,Potomje_2025-03-11_16-50_tf_1h,2021-05-26 20:00:00,290.24496,291.09433
Oklaj,Potomje_2025-03-11_16-50_tf_1h,2021-05-26 21:00:00,289.58392,289.28003
Oklaj,Potomje_2025-03-11_16-50_tf_1h,2021-05-26 22:00:00,288.87726,288.8267
Oklaj,Potomje_2025-03-11_16-50_tf_1h,2021-05-26 23:00:00,288.2395,288.1533
Oklaj,Potomje_2025-03-11_16-50_tf_1h,2021-05-27 00:00:00,287.02066,287.58975
Oklaj,Potomje_2025-03-11_16-50_tf_1h,2021-05-27 01:00:00,285.70605,286.36096
Oklaj,Potomje_2025-03-11_16-50_tf_1h,2021-05-27 02:00:00,284.68857,285.06827
Oklaj,Potomje_2025-03-11_16-50_tf_1h,2021-05-27 03:00:00,283.5258,284.06583
Oklaj,Potomje_2025-03-11_16-50_tf_1h,2021-05-27 04:00:00,282.56735,282.69217
Oklaj,Potomje_2025-03-11_16-50_tf_1h,2021-05-27 05:00:00,282.18942,281.72684
Oklaj,Potomje_2025-03-11_16-50_tf_1h,2021-05-27 06:00:00,284.6131,282.0372
Oklaj,Potomje_2025-03-11_16-50_tf_1h,2021-05-27 07:00:00,289.30295,287.09827
Oklaj,Potomje_2025-03-11_16-50_tf_1h,2021-05-27 08:00:00,292.01984,292.7909
Oklaj,Potomje_2025-03-11_16-50_tf_1h,2021-05-27 09:00:00,293.52325,293.66562
Oklaj,Potomje_2025-03-11_16-50_tf_1h,2021-05-27 10:00:00,294.78357,294.30676
Oklaj,Potomje_2025-03-11_16-50_tf_1h,2021-05-27 11:00:00,295.80466,295.1613
Oklaj,Potomje_2025-03-11_16-50_tf_1h,2021-05-27 12:00:00,296.43228,295.84116
Oklaj,Potomje_2025-03-11_16-50_tf_1h,2021-05-27 13:00:00,296.69687,296.14944
Oklaj,Potomje_2025-03-11_16-50_tf_1h,2021-05-27 14:00:00,296.64676,296.17508
Oklaj,Potomje_2025-03-11_16-50_tf_1h,2021-05-27 15:00:00,296.27478,295.94427
Oklaj,Potomje_2025-03-11_16-50_tf_1h,2021-05-27 16:00:00,295.8121,295.42383
Oklaj,Potomje_2025-03-11_16-50_tf_1h,2021-05-27 17:00:00,295.0234,294.9207
Oklaj,Potomje_2025-03-11_16-50_tf_1h,2021-05-27 18:00:00,294.0772,294.0227
Oklaj,Potomje_2025-03-11_16-50_tf_1h,2021-05-27 19:00:00,292.58063,293.0434
Oklaj,Potomje_2025-03-11_16-50_tf_1h,2021-05-27 20:00:00,290.76282,291.4881
Oklaj,Potomje_2025-03-11_16-50_tf_1h,2021-05-27 21:00:00,290.7813,289.70706
Oklaj,Potomje_2025-03-11_16-50_tf_1h,2021-05-27 22:00:00,288.28006,289.948
Oklaj,Potomje_2025-03-11_16-50_tf_1h,2021-05-27 23:00:00,287.19336,287.34738
Oklaj,Potomje_2025-03-11_16-50_tf_1h,2021-05-28 00:00:00,287.37354,286.58792
Oklaj,Potomje_2025-03-11_16-50_tf_1h,2021-05-28 01:00:00,287.84396,286.8639
Oklaj,Potomje_2025-03-11_16-50_tf_1h,2021-05-28 02:00:00,286.9598,287.38733
Oklaj,Potomje_2025-03-11_16-50_tf_1h,2021-05-28 03:00:00,286.2797,286.24847
Oklaj,Potomje_2025-03-11_16-50_tf_1h,2021-05-28 04:00:00,285.72067,285.48712
Oklaj,Potomje_2025-03-11_16-50_tf_1h,2021-05-28 05:00:00,285.4844,284.97852
Oklaj,Potomje_2025-03-11_16-50_tf_1h,2021-05-28 06:00:00,286.027,285.44104
Oklaj,Potomje_2025-03-11_16-50_tf_1h,2021-05-28 07:00:00,287.09583,287.12842
Oklaj,Potomje_2025-03-11_16-50_tf_1h,2021-05-28 08:00:00,288.64935,288.54477
Oklaj,Potomje_2025-03-11_16-50_tf_1h,2021-05-28 09:00:00,289.9046,289.9907
Oklaj,Potomje_2025-03-11_16-50_tf_1h,2021-05-28 10:00:00,291.21533,290.72653
Oklaj,Potomje_2025-03-11_16-50_tf_1h,2021-05-28 11:00:00,292.3119,291.90265
Oklaj,Potomje_2025-03-11_16-50_tf_1h,2021-05-28 12:00:00,293.25302,292.69827
Oklaj,Potomje_2025-03-11_16-50_tf_1h,2021-05-28 13:00:00,293.9543,293.4327
Oklaj,Potomje_2025-03-11_16-50_tf_1h,2021-05-28 14:00:00,294.36148,293.8886
Oklaj,Potomje_2025-03-11_16-50_tf_1h,2021-05-28 15:00:00,294.36685,294.0739
Oklaj,Potomje_2025-03-11_16-50_tf_1h,2021-05-28 16:00:00,294.02054,293.8433
Oklaj,Potomje_2025-03-11_16-50_tf_1h,2021-05-28 17:00:00,293.395,293.34555
Oklaj,Potomje_2025-03-11_16-50_tf_1h,2021-05-28 18:00:00,292.4822,292.6309
Oklaj,Potomje_2025-03-11_16-50_tf_1h,2021-05-28 19:00:00,291.2383,291.65454
Oklaj,Potomje_2025-03-11_16-50_tf_1h,2021-05-28 20:00:00,289.84555,290.35583
Oklaj,Potomje_2025-03-11_16-50_tf_1h,2021-05-28 21:00:00,288.52258,288.9595
Oklaj,Potomje_2025-03-11_16-50_tf_1h,2021-05-28 22:00:00,287.18173,287.72583
Oklaj,Potomje_2025-03-11_16-50_tf_1h,2021-05-28 23:00:00,285.996,286.44363
Oklaj,Potomje_2025-03-11_16-50_tf_1h,2021-05-29 00:00:00,285.07425,285.31262
Oklaj,Potomje_2025-03-11_16-50_tf_1h,2021-05-29 01:00:00,284.381,284.45212
Oklaj,Potomje_2025-03-11_16-50_tf_1h,2021-05-29 02:00:00,283.72357,283.84012
Oklaj,Potomje_2025-03-11_16-50_tf_1h,2021-05-29 03:00:00,283.20123,283.14948
Oklaj,Potomje_2025-03-11_16-50_tf_1h,2021-05-29 04:00:00,282.81882,282.6045
Oklaj,Potomje_2025-03-11_16-50_tf_1h,2021-05-29 05:00:00,282.7544,282.33954
Oklaj,Potomje_2025-03-11_16-50_tf_1h,2021-05-29 06:00:00,284.65396,282.81427
Oklaj,Potomje_2025-03-11_16-50_tf_1h,2021-05-29 07:00:00,288.12317,286.6346
Oklaj,Potomje_2025-03-11_16-50_tf_1h,2021-05-29 08:00:00,290.954,290.94608
Oklaj,Potomje_2025-03-11_16-50_tf_1h,2021-05-29 09:00:00,292.7593,292.81555
Oklaj,Potomje_2025-03-11_16-50_tf_1h,2021-05-29 10:00:00,294.02768,293.69385
Oklaj,Potomje_2025-03-11_16-50_tf_1h,2021-05-29 11:00:00,295.14362,294.43744
Oklaj,Potomje_2025-03-11_16-50_tf_1h,2021-05-29 12:00:00,295.8667,295.28134
Oklaj,Potomje_2025-03-11_16-50_tf_1h,2021-05-29 13:00:00,296.24704,295.67075
Oklaj,Potomje_2025-03-11_16-50_tf_1h,2021-05-29 14:00:00,296.4618,295.82007
Oklaj,Potomje_2025-03-11_16-50_tf_1h,2021-05-29 15:00:00,296.19275,295.8921
Oklaj,Potomje_2025-03-11_16-50_tf_1h,2021-05-29 16:00:00,295.60898,295.3749
Oklaj,Potomje_2025-03-11_16-50_tf_1h,2021-05-29 17:00:00,294.9393,294.66904
Oklaj,Potomje_2025-03-11_16-50_tf_1h,2021-05-29 18:00:00,294.07928,293.95166
Oklaj,Potomje_2025-03-11_16-50_tf_1h,2021-05-29 19:00:00,292.72382,293.05023
Oklaj,Potomje_2025-03-11_16-50_tf_1h,2021-05-29 20:00:00,291.33704,291.6569
Oklaj,Potomje_2025-03-11_16-50_tf_1h,2021-05-29 21:00:00,290.52356,290.32047
Oklaj,Potomje_2025-03-11_16-50_tf_1h,2021-05-29 22:00:00,289.8709,289.61826
Oklaj,Potomje_2025-03-11_16-50_tf_1h,2021-05-29 23:00:00,289.10278,289.0374
Oklaj,Potomje_2025-03-11_16-50_tf_1h,2021-05-30 00:00:00,288.7845,288.35428
Oklaj,Potomje_2025-03-11_16-50_tf_1h,2021-05-30 01:00:00,288.29916,288.15424
Oklaj,Potomje_2025-03-11_16-50_tf_1h,2021-05-30 02:00:00,287.63962,287.6935
Oklaj,Potomje_2025-03-11_16-50_tf_1h,2021-05-30 03:00:00,286.94577,287.02005
Oklaj,Potomje_2025-03-11_16-50_tf_1h,2021-05-30 04:00:00,286.37842,286.21304
Oklaj,Potomje_2025-03-11_16-50_tf_1h,2021-05-30 05:00:00,285.88712,285.61276
Oklaj,Potomje_2025-03-11_16-50_tf_1h,2021-05-30 06:00:00,286.3608,285.42593
Oklaj,Potomje_2025-03-11_16-50_tf_1h,2021-05-30 07:00:00,287.40875,287.07974
Oklaj,Potomje_2025-03-11_16-50_tf_1h,2021-05-30 08:00:00,288.39462,288.77994
Oklaj,Potomje_2025-03-11_16-50_tf_1h,2021-05-30 09:00:00,289.4521,289.45737
Oklaj,Potomje_2025-03-11_16-50_tf_1h,2021-05-30 10:00:00,290.64468,290.2887
Oklaj,Potomje_2025-03-11_16-50_tf_1h,2021-05-30 11:00:00,291.77972,291.3151
Oklaj,Potomje_2025-03-11_16-50_tf_1h,2021-05-30 12:00:00,292.66803,292.24738
Oklaj,Potomje_2025-03-11_16-50_tf_1h,2021-05-30 13:00:00,293.1862,292.86148
Oklaj,Potomje_2025-03-11_16-50_tf_1h,2021-05-30 14:00:00,293.0952,293.0774
Oklaj,Potomje_2025-03-11_16-50_tf_1h,2021-05-30 15:00:00,292.54962,292.61334
Oklaj,Potomje_2025-03-11_16-50_tf_1h,2021-05-30 16:00:00,292.01776,291.84714
Oklaj,Potomje_2025-03-11_16-50_tf_1h,2021-05-30 17:00:00,291.7257,291.34177
Oklaj,Potomje_2025-03-11_16-50_tf_1h,2021-05-30 18:00:00,290.9397,291.15042
Oklaj,Potomje_2025-03-11_16-50_tf_1h,2021-05-30 19:00:00,289.87,290.17667
Oklaj,Potomje_2025-03-11_16-50_tf_1h,2021-05-30 20:00:00,288.42804,289.06046
Oklaj,Potomje_2025-03-11_16-50_tf_1h,2021-05-30 21:00:00,287.4693,287.5333
Oklaj,Potomje_2025-03-11_16-50_tf_1h,2021-05-30 22:00:00,286.64957,286.76263
Oklaj,Potomje_2025-03-11_16-50_tf_1h,2021-05-30 23:00:00,285.9444,286.0248
Oklaj,Potomje_2025-03-11_16-50_tf_1h,2021-05-31 00:00:00,285.4486,285.3751
Oklaj,Potomje_2025-03-11_16-50_tf_1h,2021-05-31 01:00:00,285.10168,284.96378
Oklaj,Potomje_2025-03-11_16-50_tf_1h,2021-05-31 02:00:00,284.8714,284.6352
Oklaj,Potomje_2025-03-11_16-50_tf_1h,2021-05-31 03:00:00,284.56088,284.43393
Oklaj,Potomje_2025-03-11_16-50_tf_1h,2021-05-31 04:00:00,284.25693,284.1217
Oklaj,Potomje_2025-03-11_16-50_tf_1h,2021-05-31 05:00:00,284.2107,284.01614
Oklaj,Potomje_2025-03-11_16-50_tf_1h,2021-05-31 06:00:00,284.86664,284.5431
Oklaj,Potomje_2025-03-11_16-50_tf_1h,2021-05-31 07:00:00,286.20004,286.0718
Oklaj,Potomje_2025-03-11_16-50_tf_1h,2021-05-31 08:00:00,287.628,287.7293
Oklaj,Potomje_2025-03-11_16-50_tf_1h,2021-05-31 09:00:00,289.0968,288.79843
Oklaj,Potomje_2025-03-11_16-50_tf_1h,2021-05-31 10:00:00,290.36072,289.98557
Oklaj,Potomje_2025-03-11_16-50_tf_1h,2021-05-31 11:00:00,291.63593,290.95068
Oklaj,Potomje_2025-03-11_16-50_tf_1h,2021-05-31 12:00:00,292.731,292.10895
Oklaj,Potomje_2025-03-11_16-50_tf_1h,2021-05-31 13:00:00,293.19095,292.97247
Oklaj,Potomje_2025-03-11_16-50_tf_1h,2021-05-31 14:00:00,293.47076,293.02332
Oklaj,Potomje_2025-03-11_16-50_tf_1h,2021-05-31 15:00:00,293.03018,293.19727
Oklaj,Potomje_2025-03-11_16-50_tf_1h,2021-05-31 16:00:00,292.64148,292.38016
Oklaj,Potomje_2025-03-11_16-50_tf_1h,2021-05-31 17:00:00,292.18063,292.0286
Oklaj,Potomje_2025-03-11_16-50_tf_1h,2021-05-31 18:00:00,291.1485,291.51688
Oklaj,Potomje_2025-03-11_16-50_tf_1h,2021-05-31 19:00:00,289.95053,290.32474
Oklaj,Potomje_2025-03-11_16-50_tf_1h,2021-05-31 20:00:00,289.28296,289.1282
Oklaj,Potomje_2025-03-11_16-50_tf_1h,2021-05-31 21:00:00,288.03607,288.59848
Oklaj,Potomje_2025-03-11_16-50_tf_1h,2021-05-31 22:00:00,286.79364,287.2934
Oklaj,Potomje_2025-03-11_16-50_tf_1h,2021-05-31 23:00:00,285.59897,286.1381
Oklaj,Potomje_2025-03-11_16-50_tf_1h,2021-06-01 00:00:00,284.71362,285.00134
Oklaj,Potomje_2025-03-11_16-50_tf_1h,2021-06-01 01:00:00,283.97397,284.18872
Oklaj,Potomje_2025-03-11_16-50_tf_1h,2021-06-01 02:00:00,283.33163,283.47266
Oklaj,Potomje_2025-03-11_16-50_tf_1h,2021-06-01 03:00:00,282.7888,282.79007
Oklaj,Potomje_2025-03-11_16-50_tf_1h,2021-06-01 04:00:00,282.40594,282.20575
Oklaj,Potomje_2025-03-11_16-50_tf_1h,2021-06-01 05:00:00,282.38763,281.96164
Oklaj,Potomje_2025-03-11_16-50_tf_1h,2021-06-01 06:00:00,284.4062,282.57788
Oklaj,Potomje_2025-03-11_16-50_tf_1h,2021-06-01 07:00:00,287.33493,286.5994
Oklaj,Potomje_2025-03-11_16-50_tf_1h,2021-06-01 08:00:00,289.21378,289.82117
Oklaj,Potomje_2025-03-11_16-50_tf_1h,2021-06-01 09:00:00,290.5558,290.63986
Oklaj,Potomje_2025-03-11_16-50_tf_1h,2021-06-01 10:00:00,291.653,291.3632
Oklaj,Potomje_2025-03-11_16-50_tf_1h,2021-06-01 11:00:00,292.48877,292.09332
Oklaj,Potomje_2025-03-11_16-50_tf_1h,2021-06-01 12:00:00,293.4861,292.65262
Oklaj,Potomje_2025-03-11_16-50_tf_1h,2021-06-01 13:00:00,293.89682,293.62305
Oklaj,Potomje_2025-03-11_16-50_tf_1h,2021-06-01 14:00:00,294.5539,293.62845
Oklaj,Potomje_2025-03-11_16-50_tf_1h,2021-06-01 15:00:00,294.54672,294.35745
Oklaj,Potomje_2025-03-11_16-50_tf_1h,2021-06-01 16:00:00,294.2168,293.97165
Oklaj,Potomje_2025-03-11_16-50_tf_1h,2021-06-01 17:00:00,293.4236,293.49158
Oklaj,Potomje_2025-03-11_16-50_tf_1h,2021-06-01 18:00:00,292.56638,292.53467
Oklaj,Potomje_2025-03-11_16-50_tf_1h,2021-06-01 19:00:00,291.25623,291.66275
Oklaj,Potomje_2025-03-11_16-50_tf_1h,2021-06-01 20:00:00,289.486,290.29276
Oklaj,Potomje_2025-03-11_16-50_tf_1h,2021-06-01 21:00:00,287.54266,288.53275
Oklaj,Potomje_2025-03-11_16-50_tf_1h,2021-06-01 22:00:00,286.08368,286.74884
Oklaj,Potomje_2025-03-11_16-50_tf_1h,2021-06-01 23:00:00,285.06525,285.5058
Oklaj,Potomje_2025-03-11_16-50_tf_1h,2021-06-02 00:00:00,284.21158,284.55835
Oklaj,Potomje_2025-03-11_16-50_tf_1h,2021-06-02 01:00:00,283.46655,283.73795
Oklaj,Potomje_2025-03-11_16-50_tf_1h,2021-06-02 02:00:00,282.75537,282.99915
Oklaj,Potomje_2025-03-11_16-50_tf_1h,2021-06-02 03:00:00,282.27103,282.25955
Oklaj,Potomje_2025-03-11_16-50_tf_1h,2021-06-02 04:00:00,281.9232,281.67258
Oklaj,Potomje_2025-03-11_16-50_tf_1h,2021-06-02 05:00:00,281.79742,281.43674
Oklaj,Potomje_2025-03-11_16-50_tf_1h,2021-06-02 06:00:00,283.6918,282.00385
Oklaj,Potomje_2025-03-11_16-50_tf_1h,2021-06-02 07:00:00,288.21527,286.0917
Oklaj,Potomje_2025-03-11_16-50_tf_1h,2021-06-02 08:00:00,290.46066,291.70087
Oklaj,Potomje_2025-03-11_16-50_tf_1h,2021-06-02 09:00:00,291.99606,291.93253
Oklaj,Potomje_2025-03-11_16-50_tf_1h,2021-06-02 10:00:00,293.22424,292.88556
Oklaj,Potomje_2025-03-11_16-50_tf_1h,2021-06-02 11:00:00,294.3187,293.63867
Oklaj,Potomje_2025-03-11_16-50_tf_1h,2021-06-02 12:00:00,295.244,294.49106
Oklaj,Potomje_2025-03-11_16-50_tf_1h,2021-06-02 13:00:00,295.8883,295.1852
Oklaj,Potomje_2025-03-11_16-50_tf_1h,2021-06-02 14:00:00,296.25604,295.58423
Oklaj,Potomje_2025-03-11_16-50_tf_1h,2021-06-02 15:00:00,296.22897,295.74435
Oklaj,Potomje_2025-03-11_16-50_tf_1h,2021-06-02 16:00:00,295.92493,295.4854
Oklaj,Potomje_2025-03-11_16-50_tf_1h,2021-06-02 17:00:00,295.17673,295.03967
Oklaj,Potomje_2025-03-11_16-50_tf_1h,2021-06-02 18:00:00,293.93542,294.14572
Oklaj,Potomje_2025-03-11_16-50_tf_1h,2021-06-02 19:00:00,292.50986,292.83197
Oklaj,Potomje_2025-03-11_16-50_tf_1h,2021-06-02 20:00:00,290.4539,291.42117
Oklaj,Potomje_2025-03-11_16-50_tf_1h,2021-06-02 21:00:00,290.8889,289.444
Oklaj,Potomje_2025-03-11_16-50_tf_1h,2021-06-02 22:00:00,290.42444,290.02994
Oklaj,Potomje_2025-03-11_16-50_tf_1h,2021-06-02 23:00:00,290.0396,289.5337
Oklaj,Potomje_2025-03-11_16-50_tf_1h,2021-06-03 00:00:00,289.59506,289.23782
Oklaj,Potomje_2025-03-11_16-50_tf_1h,2021-06-03 01:00:00,287.88095,288.8946
Oklaj,Potomje_2025-03-11_16-50_tf_1h,2021-06-03 02:00:00,286.46097,287.14517
Oklaj,Potomje_2025-03-11_16-50_tf_1h,2021-06-03 03:00:00,285.4477,285.78674
Oklaj,Potomje_2025-03-11_16-50_tf_1h,2021-06-03 04:00:00,284.53513,284.7057
Oklaj,Potomje_2025-03-11_16-50_tf_1h,2021-06-03 05:00:00,284.16223,283.65546
Oklaj,Potomje_2025-03-11_16-50_tf_1h,2021-06-03 06:00:00,286.79565,283.7486
Oklaj,Potomje_2025-03-11_16-50_tf_1h,2021-06-03 07:00:00,291.4604,288.7836
Oklaj,Potomje_2025-03-11_16-50_tf_1h,2021-06-03 08:00:00,293.902,294.47327
Oklaj,Potomje_2025-03-11_16-50_tf_1h,2021-06-03 09:00:00,295.49353,295.23303
Oklaj,Potomje_2025-03-11_16-50_tf_1h,2021-06-03 10:00:00,296.62695,296.21436
Oklaj,Potomje_2025-03-11_16-50_tf_1h,2021-06-03 11:00:00,297.43246,296.79977
Oklaj,Potomje_2025-03-11_16-50_tf_1h,2021-06-03 12:00:00,297.89056,297.24423
Oklaj,Potomje_2025-03-11_16-50_tf_1h,2021-06-03 13:00:00,297.9554,297.41043
Oklaj,Potomje_2025-03-11_16-50_tf_1h,2021-06-03 14:00:00,298.30286,297.2351
Oklaj,Potomje_2025-03-11_16-50_tf_1h,2021-06-03 15:00:00,298.26425,297.61658
Oklaj,Potomje_2025-03-11_16-50_tf_1h,2021-06-03 16:00:00,298.08994,297.35934
Oklaj,Potomje_2025-03-11_16-50_tf_1h,2021-06-03 17:00:00,297.48462,297.11978
Oklaj,Potomje_2025-03-11_16-50_tf_1h,2021-06-03 18:00:00,296.63412,296.4029
Oklaj,Potomje_2025-03-11_16-50_tf_1h,2021-06-03 19:00:00,295.1982,295.53534
Oklaj,Potomje_2025-03-11_16-50_tf_1h,2021-06-03 20:00:00,293.6055,294.0571
Oklaj,Potomje_2025-03-11_16-50_tf_1h,2021-06-03 21:00:00,292.32678,292.49405
Oklaj,Potomje_2025-03-11_16-50_tf_1h,2021-06-03 22:00:00,290.21033,291.2958
Oklaj,Potomje_2025-03-11_16-50_tf_1h,2021-06-03 23:00:00,288.6045,289.21878
Oklaj,Potomje_2025-03-11_16-50_tf_1h,2021-06-04 00:00:00,287.2788,287.79733
Oklaj,Potomje_2025-03-11_16-50_tf_1h,2021-06-04 01:00:00,286.41718,286.60104
Oklaj,Potomje_2025-03-11_16-50_tf_1h,2021-06-04 02:00:00,285.82776,285.8042
Oklaj,Potomje_2025-03-11_16-50_tf_1h,2021-06-04 03:00:00,285.44968,285.15842
Oklaj,Potomje_2025-03-11_16-50_tf_1h,2021-06-04 04:00:00,285.15082,284.7207
Oklaj,Potomje_2025-03-11_16-50_tf_1h,2021-06-04 05:00:00,285.12296,284.45374
Oklaj,Potomje_2025-03-11_16-50_tf_1h,2021-06-04 06:00:00,287.323,285.08087
Oklaj,Potomje_2025-03-11_16-50_tf_1h,2021-06-04 07:00:00,292.37097,289.67865
Oklaj,Potomje_2025-03-11_16-50_tf_1h,2021-06-04 08:00:00,295.13654,295.96942
Oklaj,Potomje_2025-03-11_16-50_tf_1h,2021-06-04 09:00:00,296.88565,296.5208
Oklaj,Potomje_2025-03-11_16-50_tf_1h,2021-06-04 10:00:00,298.2535,297.61346
Oklaj,Potomje_2025-03-11_16-50_tf_1h,2021-06-04 11:00:00,299.27353,298.43857
Oklaj,Potomje_2025-03-11_16-50_tf_1h,2021-06-04 12:00:00,299.9099,299.07758
Oklaj,Potomje_2025-03-11_16-50_tf_1h,2021-06-04 13:00:00,300.16025,299.39523
Oklaj,Potomje_2025-03-11_16-50_tf_1h,2021-06-04 14:00:00,299.29663,299.38742
Oklaj,Potomje_2025-03-11_16-50_tf_1h,2021-06-04 15:00:00,298.9424,298.04892
Oklaj,Potomje_2025-03-11_16-50_tf_1h,2021-06-04 16:00:00,298.32675,297.9411
Oklaj,Potomje_2025-03-11_16-50_tf_1h,2021-06-04 17:00:00,297.61356,297.16342
Oklaj,Potomje_2025-03-11_16-50_tf_1h,2021-06-04 18:00:00,296.77142,296.46088
Oklaj,Potomje_2025-03-11_16-50_tf_1h,2021-06-04 19:00:00,295.52457,295.60855
Oklaj,Potomje_2025-03-11_16-50_tf_1h,2021-06-04 20:00:00,293.25925,294.34668
Oklaj,Potomje_2025-03-11_16-50_tf_1h,2021-06-04 21:00:00,293.47256,292.0878
Oklaj,Potomje_2025-03-11_16-50_tf_1h,2021-06-04 22:00:00,292.84894,292.539
Oklaj,Potomje_2025-03-11_16-50_tf_1h,2021-06-04 23:00:00,289.7825,291.8521
Oklaj,Potomje_2025-03-11_16-50_tf_1h,2021-06-05 00:00:00,289.2926,288.86328
Oklaj,Potomje_2025-03-11_16-50_tf_1h,2021-06-05 01:00:00,290.26007,288.60706
Oklaj,Potomje_2025-03-11_16-50_tf_1h,2021-06-05 02:00:00,289.40482,289.74365
Oklaj,Potomje_2025-03-11_16-50_tf_1h,2021-06-05 03:00:00,287.97607,288.44727
Oklaj,Potomje_2025-03-11_16-50_tf_1h,2021-06-05 04:00:00,287.17294,286.5978
Oklaj,Potomje_2025-03-11_16-50_tf_1h,2021-06-05 05:00:00,286.8681,286.21768
Oklaj,Potomje_2025-03-11_16-50_tf_1h,2021-06-05 06:00:00,289.53894,286.65567
Oklaj,Potomje_2025-03-11_16-50_tf_1h,2021-06-05 07:00:00,294.03372,292.09268
Oklaj,Potomje_2025-03-11_16-50_tf_1h,2021-06-05 08:00:00,296.28192,296.9187
Oklaj,Potomje_2025-03-11_16-50_tf_1h,2021-06-05 09:00:00,297.72937,297.27362
Oklaj,Potomje_2025-03-11_16-50_tf_1h,2021-06-05 10:00:00,298.7661,298.18582
Oklaj,Potomje_2025-03-11_16-50_tf_1h,2021-06-05 11:00:00,299.1844,298.71277
Oklaj,Potomje_2025-03-11_16-50_tf_1h,2021-06-05 12:00:00,299.4359,298.6787
Oklaj,Potomje_2025-03-11_16-50_tf_1h,2021-06-05 13:00:00,299.69818,298.76828
Oklaj,Potomje_2025-03-11_16-50_tf_1h,2021-06-05 14:00:00,299.5784,298.93378
Oklaj,Potomje_2025-03-11_16-50_tf_1h,2021-06-05 15:00:00,299.4375,298.59943
Oklaj,Potomje_2025-03-11_16-50_tf_1h,2021-06-05 16:00:00,299.0065,298.43018
Oklaj,Potomje_2025-03-11_16-50_tf_1h,2021-06-05 17:00:00,298.30725,297.87955
Oklaj,Potomje_2025-03-11_16-50_tf_1h,2021-06-05 18:00:00,297.36044,297.12814
Oklaj,Potomje_2025-03-11_16-50_tf_1h,2021-06-05 19:00:00,295.99817,296.16278
Oklaj,Potomje_2025-03-11_16-50_tf_1h,2021-06-05 20:00:00,293.9577,294.79965
Oklaj,Potomje_2025-03-11_16-50_tf_1h,2021-06-05 21:00:00,293.18524,292.7672
Oklaj,Potomje_2025-03-11_16-50_tf_1h,2021-06-05 22:00:00,293.18045,292.19962
Oklaj,Potomje_2025-03-11_16-50_tf_1h,2021-06-05 23:00:00,291.52963,292.27844
Oklaj,Potomje_2025-03-11_16-50_tf_1h,2021-06-06 00:00:00,290.4336,290.56683
Oklaj,Potomje_2025-03-11_16-50_tf_1h,2021-06-06 01:00:00,290.3723,289.62543
Oklaj,Potomje_2025-03-11_16-50_tf_1h,2021-06-06 02:00:00,291.17462,289.7409
Oklaj,Potomje_2025-03-11_16-50_tf_1h,2021-06-06 03:00:00,291.6888,290.78616
Oklaj,Potomje_2025-03-11_16-50_tf_1h,2021-06-06 04:00:00,291.68088,291.25204
Oklaj,Potomje_2025-03-11_16-50_tf_1h,2021-06-06 05:00:00,291.2777,291.02063
Oklaj,Potomje_2025-03-11_16-50_tf_1h,2021-06-06 06:00:00,291.30875,290.7352
Oklaj,Potomje_2025-03-11_16-50_tf_1h,2021-06-06 07:00:00,292.3192,291.6031
Oklaj,Potomje_2025-03-11_16-50_tf_1h,2021-06-06 08:00:00,293.77902,293.34866
Oklaj,Potomje_2025-03-11_16-50_tf_1h,2021-06-06 09:00:00,294.14197,294.64624
Oklaj,Potomje_2025-03-11_16-50_tf_1h,2021-06-06 10:00:00,295.72556,294.15503
Oklaj,Potomje_2025-03-11_16-50_tf_1h,2021-06-06 11:00:00,295.9273,296.35526
Oklaj,Potomje_2025-03-11_16-50_tf_1h,2021-06-06 12:00:00,296.33563,295.47476
Oklaj,Potomje_2025-03-11_16-50_tf_1h,2021-06-06 13:00:00,297.10333,296.1086
Oklaj,Potomje_2025-03-11_16-50_tf_1h,2021-06-06 14:00:00,297.8002,296.8596
Oklaj,Potomje_2025-03-11_16-50_tf_1h,2021-06-06 15:00:00,297.42212,297.40247
Oklaj,Potomje_2025-03-11_16-50_tf_1h,2021-06-06 16:00:00,296.98395,296.5388
Oklaj,Potomje_2025-03-11_16-50_tf_1h,2021-06-06 17:00:00,296.30737,296.11783
Oklaj,Potomje_2025-03-11_16-50_tf_1h,2021-06-06 18:00:00,295.62286,295.3396
Oklaj,Potomje_2025-03-11_16-50_tf_1h,2021-06-06 19:00:00,294.81418,294.6721
Oklaj,Potomje_2025-03-11_16-50_tf_1h,2021-06-06 20:00:00,293.74918,293.86072
Oklaj,Potomje_2025-03-11_16-50_tf_1h,2021-06-06 21:00:00,293.4487,292.79654
Oklaj,Potomje_2025-03-11_16-50_tf_1h,2021-06-06 22:00:00,292.78485,292.65256
Oklaj,Potomje_2025-03-11_16-50_tf_1h,2021-06-06 23:00:00,292.19345,291.9713
Oklaj,Potomje_2025-03-11_16-50_tf_1h,2021-06-07 00:00:00,291.54517,291.45102
Oklaj,Potomje_2025-03-11_16-50_tf_1h,2021-06-07 01:00:00,290.08258,290.80063
Oklaj,Potomje_2025-03-11_16-50_tf_1h,2021-06-07 02:00:00,288.81143,289.1381
Oklaj,Potomje_2025-03-11_16-50_tf_1h,2021-06-07 03:00:00,288.44528,287.9284
Oklaj,Potomje_2025-03-11_16-50_tf_1h,2021-06-07 04:00:00,288.49503,287.83618
Oklaj,Potomje_2025-03-11_16-50_tf_1h,2021-06-07 05:00:00,288.68088,288.0336
Oklaj,Potomje_2025-03-11_16-50_tf_1h,2021-06-07 06:00:00,289.77017,288.42078
Oklaj,Potomje_2025-03-11_16-50_tf_1h,2021-06-07 07:00:00,292.04065,290.3916
Oklaj,Potomje_2025-03-11_16-50_tf_1h,2021-06-07 08:00:00,292.9106,293.54898
Oklaj,Potomje_2025-03-11_16-50_tf_1h,2021-06-07 09:00:00,294.3358,293.54272
Oklaj,Potomje_2025-03-11_16-50_tf_1h,2021-06-07 10:00:00,295.6583,295.13095
Oklaj,Potomje_2025-03-11_16-50_tf_1h,2021-06-07 11:00:00,296.78018,296.03674
Oklaj,Potomje_2025-03-11_16-50_tf_1h,2021-06-07 12:00:00,297.08185,296.88083
Oklaj,Potomje_2025-03-11_16-50_tf_1h,2021-06-07 13:00:00,295.2583,296.6597
Oklaj,Potomje_2025-03-11_16-50_tf_1h,2021-06-07 14:00:00,293.47296,293.87164
Oklaj,Potomje_2025-03-11_16-50_tf_1h,2021-06-07 15:00:00,292.9158,292.26715
Oklaj,Potomje_2025-03-11_16-50_tf_1h,2021-06-07 16:00:00,293.22742,292.19006
Oklaj,Potomje_2025-03-11_16-50_tf_1h,2021-06-07 17:00:00,293.55695,292.75247
Oklaj,Potomje_2025-03-11_16-50_tf_1h,2021-06-07 18:00:00,293.9565,293.05966
Oklaj,Potomje_2025-03-11_16-50_tf_1h,2021-06-07 19:00:00,293.625,293.4735
Oklaj,Potomje_2025-03-11_16-50_tf_1h,2021-06-07 20:00:00,292.17715,292.9469
Oklaj,Potomje_2025-03-11_16-50_tf_1h,2021-06-07 21:00:00,291.53003,291.21033
Oklaj,Potomje_2025-03-11_16-50_tf_1h,2021-06-07 22:00:00,291.40906,290.8295
Oklaj,Potomje_2025-03-11_16-50_tf_1h,2021-06-07 23:00:00,290.12994,290.82608
Oklaj,Potomje_2025-03-11_16-50_tf_1h,2021-06-08 00:00:00,288.98813,289.28058
Oklaj,Potomje_2025-03-11_16-50_tf_1h,2021-06-08 01:00:00,288.57144,288.22592
Oklaj,Potomje_2025-03-11_16-50_tf_1h,2021-06-08 02:00:00,288.59375,288.01068
Oklaj,Potomje_2025-03-11_16-50_tf_1h,2021-06-08 03:00:00,288.30798,288.16306
Oklaj,Potomje_2025-03-11_16-50_tf_1h,2021-06-08 04:00:00,287.78186,287.75552
Oklaj,Potomje_2025-03-11_16-50_tf_1h,2021-06-08 05:00:00,287.71143,287.26004
Oklaj,Potomje_2025-03-11_16-50_tf_1h,2021-06-08 06:00:00,288.8568,287.8352
Oklaj,Potomje_2025-03-11_16-50_tf_1h,2021-06-08 07:00:00,291.1038,289.94046
Oklaj,Potomje_2025-03-11_16-50_tf_1h,2021-06-08 08:00:00,294.38593,292.47113
Oklaj,Potomje_2025-03-11_16-50_tf_1h,2021-06-08 09:00:00,296.6031,295.9173
Oklaj,Potomje_2025-03-11_16-50_tf_1h,2021-06-08 10:00:00,297.90488,297.25525
Oklaj,Potomje_2025-03-11_16-50_tf_1h,2021-06-08 11:00:00,298.35458,297.97867
Oklaj,Potomje_2025-03-11_16-50_tf_1h,2021-06-08 12:00:00,298.72192,297.91486
Oklaj,Potomje_2025-03-11_16-50_tf_1h,2021-06-08 13:00:00,299.03912,298.14035
Oklaj,Potomje_2025-03-11_16-50_tf_1h,2021-06-08 14:00:00,299.32687,298.29834
Oklaj,Potomje_2025-03-11_16-50_tf_1h,2021-06-08 15:00:00,298.79636,298.47525
Oklaj,Potomje_2025-03-11_16-50_tf_1h,2021-06-08 16:00:00,298.81268,297.70697
Oklaj,Potomje_2025-03-11_16-50_tf_1h,2021-06-08 17:00:00,298.2973,297.81924
Oklaj,Potomje_2025-03-11_16-50_tf_1h,2021-06-08 18:00:00,297.3509,297.15305
Oklaj,Potomje_2025-03-11_16-50_tf_1h,2021-06-08 19:00:00,296.26202,296.1786
Oklaj,Potomje_2025-03-11_16-50_tf_1h,2021-06-08 20:00:00,294.78433,295.11218
Oklaj,Potomje_2025-03-11_16-50_tf_1h,2021-06-08 21:00:00,293.352,293.65347
Oklaj,Potomje_2025-03-11_16-50_tf_1h,2021-06-08 22:00:00,292.2464,292.29752
Oklaj,Potomje_2025-03-11_16-50_tf_1h,2021-06-08 23:00:00,291.13803,291.28265
Oklaj,Potomje_2025-03-11_16-50_tf_1h,2021-06-09 00:00:00,290.13712,290.25537
Oklaj,Potomje_2025-03-11_16-50_tf_1h,2021-06-09 01:00:00,289.29736,289.34317
Oklaj,Potomje_2025-03-11_16-50_tf_1h,2021-06-09 02:00:00,288.68924,288.5521
Oklaj,Potomje_2025-03-11_16-50_tf_1h,2021-06-09 03:00:00,288.28888,288.00305
Oklaj,Potomje_2025-03-11_16-50_tf_1h,2021-06-09 04:00:00,288.10144,287.6206
Oklaj,Potomje_2025-03-11_16-50_tf_1h,2021-06-09 05:00:00,288.24112,287.41034
Oklaj,Potomje_2025-03-11_16-50_tf_1h,2021-06-09 06:00:00,289.87683,287.9765
Oklaj,Potomje_2025-03-11_16-50_tf_1h,2021-06-09 07:00:00,292.7164,291.34552
Oklaj,Potomje_2025-03-11_16-50_tf_1h,2021-06-09 08:00:00,295.98502,294.85632
Oklaj,Potomje_2025-03-11_16-50_tf_1h,2021-06-09 09:00:00,297.7636,297.7573
Oklaj,Potomje_2025-03-11_16-50_tf_1h,2021-06-09 10:00:00,298.80032,298.30484
Oklaj,Potomje_2025-03-11_16-50_tf_1h,2021-06-09 11:00:00,299.70892,298.82623
Oklaj,Potomje_2025-03-11_16-50_tf_1h,2021-06-09 12:00:00,300.11087,299.4559
Oklaj,Potomje_2025-03-11_16-50_tf_1h,2021-06-09 13:00:00,300.327,299.46866
Oklaj,Potomje_2025-03-11_16-50_tf_1h,2021-06-09 14:00:00,300.76834,299.536
Oklaj,Potomje_2025-03-11_16-50_tf_1h,2021-06-09 15:00:00,300.38748,299.95975
Oklaj,Potomje_2025-03-11_16-50_tf_1h,2021-06-09 16:00:00,299.1203,299.21463
Oklaj,Potomje_2025-03-11_16-50_tf_1h,2021-06-09 17:00:00,298.5277,297.7547
Oklaj,Potomje_2025-03-11_16-50_tf_1h,2021-06-09 18:00:00,297.88498,297.35635
Oklaj,Potomje_2025-03-11_16-50_tf_1h,2021-06-09 19:00:00,296.72208,296.6734
Oklaj,Potomje_2025-03-11_16-50_tf_1h,2021-06-09 20:00:00,295.1819,295.48874
Oklaj,Potomje_2025-03-11_16-50_tf_1h,2021-06-09 21:00:00,293.84747,293.98734
Oklaj,Potomje_2025-03-11_16-50_tf_1h,2021-06-09 22:00:00,292.52698,292.74725
Oklaj,Potomje_2025-03-11_16-50_tf_1h,2021-06-09 23:00:00,291.47073,291.4992
Oklaj,Potomje_2025-03-11_16-50_tf_1h,2021-06-10 00:00:00,290.9211,290.54895
Oklaj,Potomje_2025-03-11_16-50_tf_1h,2021-06-10 01:00:00,290.16336,290.1291
Oklaj,Potomje_2025-03-11_16-50_tf_1h,2021-06-10 02:00:00,289.48203,289.38803
Oklaj,Potomje_2025-03-11_16-50_tf_1h,2021-06-10 03:00:00,288.84964,288.7097
Oklaj,Potomje_2025-03-11_16-50_tf_1h,2021-06-10 04:00:00,288.39236,288.00998
Oklaj,Potomje_2025-03-11_16-50_tf_1h,2021-06-10 05:00:00,288.39713,287.52972
Oklaj,Potomje_2025-03-11_16-50_tf_1h,2021-06-10 06:00:00,290.3357,288.17328
Oklaj,Potomje_2025-03-11_16-50_tf_1h,2021-06-10 07:00:00,293.80408,292.19717
Oklaj,Potomje_2025-03-11_16-50_tf_1h,2021-06-10 08:00:00,296.01486,296.29214
Oklaj,Potomje_2025-03-11_16-50_tf_1h,2021-06-10 09:00:00,297.55984,297.1217
Oklaj,Potomje_2025-03-11_16-50_tf_1h,2021-06-10 10:00:00,298.708,298.10156
Oklaj,Potomje_2025-03-11_16-50_tf_1h,2021-06-10 11:00:00,299.0427,298.75714
Oklaj,Potomje_2025-03-11_16-50_tf_1h,2021-06-10 12:00:00,299.55093,298.52457
Oklaj,Potomje_2025-03-11_16-50_tf_1h,2021-06-10 13:00:00,299.7149,299.06012
Oklaj,Potomje_2025-03-11_16-50_tf_1h,2021-06-10 14:00:00,298.22525,298.911
Oklaj,Potomje_2025-03-11_16-50_tf_1h,2021-06-10 15:00:00,297.02695,296.77048
Oklaj,Potomje_2025-03-11_16-50_tf_1h,2021-06-10 16:00:00,296.99112,295.83597
Oklaj,Potomje_2025-03-11_16-50_tf_1h,2021-06-10 17:00:00,296.6803,296.1143
Oklaj,Potomje_2025-03-11_16-50_tf_1h,2021-06-10 18:00:00,296.1665,295.67633
Oklaj,Potomje_2025-03-11_16-50_tf_1h,2021-06-10 19:00:00,295.26666,295.1511
Oklaj,Potomje_2025-03-11_16-50_tf_1h,2021-06-10 20:00:00,294.26376,294.2178
Oklaj,Potomje_2025-03-11_16-50_tf_1h,2021-06-10 21:00:00,293.1156,293.2585
Oklaj,Potomje_2025-03-11_16-50_tf_1h,2021-06-10 22:00:00,292.01437,292.14984
Oklaj,Potomje_2025-03-11_16-50_tf_1h,2021-06-10 23:00:00,291.22238,291.12244
Oklaj,Potomje_2025-03-11_16-50_tf_1h,2021-06-11 00:00:00,290.3365,290.43295
Oklaj,Potomje_2025-03-11_16-50_tf_1h,2021-06-11 01:00:00,289.50272,289.54813
Oklaj,Potomje_2025-03-11_16-50_tf_1h,2021-06-11 02:00:00,288.84366,288.74753
Oklaj,Potomje_2025-03-11_16-50_tf_1h,2021-06-11 03:00:00,288.25626,288.13678
Oklaj,Potomje_2025-03-11_16-50_tf_1h,2021-06-11 04:00:00,287.77707,287.4283
Oklaj,Potomje_2025-03-11_16-50_tf_1h,2021-06-11 05:00:00,287.74524,287.08496
Oklaj,Potomje_2025-03-11_16-50_tf_1h,2021-06-11 06:00:00,289.488,287.9449
Oklaj,Potomje_2025-03-11_16-50_tf_1h,2021-06-11 07:00:00,292.7562,291.31677
Oklaj,Potomje_2025-03-11_16-50_tf_1h,2021-06-11 08:00:00,296.04352,294.90158
Oklaj,Potomje_2025-03-11_16-50_tf_1h,2021-06-11 09:00:00,297.52243,297.6084
Oklaj,Potomje_2025-03-11_16-50_tf_1h,2021-06-11 10:00:00,298.42105,297.80646
Oklaj,Potomje_2025-03-11_16-50_tf_1h,2021-06-11 11:00:00,299.06818,298.3565
Oklaj,Potomje_2025-03-11_16-50_tf_1h,2021-06-11 12:00:00,299.6166,298.68192
Oklaj,Potomje_2025-03-11_16-50_tf_1h,2021-06-11 13:00:00,299.7531,299.0477
Oklaj,Potomje_2025-03-11_16-50_tf_1h,2021-06-11 14:00:00,299.41122,298.91824
Oklaj,Potomje_2025-03-11_16-50_tf_1h,2021-06-11 15:00:00,298.28934,298.38205
Oklaj,Potomje_2025-03-11_16-50_tf_1h,2021-06-11 16:00:00,298.20218,297.03305
Oklaj,Potomje_2025-03-11_16-50_tf_1h,2021-06-11 17:00:00,296.67352,297.23212
Oklaj,Potomje_2025-03-11_16-50_tf_1h,2021-06-11 18:00:00,296.55334,295.35007
Oklaj,Potomje_2025-03-11_16-50_tf_1h,2021-06-11 19:00:00,295.64197,295.57495
Oklaj,Potomje_2025-03-11_16-50_tf_1h,2021-06-11 20:00:00,294.9069,294.51755
Oklaj,Potomje_2025-03-11_16-50_tf_1h,2021-06-11 21:00:00,293.70938,293.88098
Oklaj,Potomje_2025-03-11_16-50_tf_1h,2021-06-11 22:00:00,292.33673,292.68512
Oklaj,Potomje_2025-03-11_16-50_tf_1h,2021-06-11 23:00:00,291.28766,291.37335
Oklaj,Potomje_2025-03-11_16-50_tf_1h,2021-06-12 00:00:00,290.46423,290.4402
Oklaj,Potomje_2025-03-11_16-50_tf_1h,2021-06-12 01:00:00,289.81354,289.68494
Oklaj,Potomje_2025-03-11_16-50_tf_1h,2021-06-12 02:00:00,289.04703,289.0867
Oklaj,Potomje_2025-03-11_16-50_tf_1h,2021-06-12 03:00:00,288.3462,288.2885
Oklaj,Potomje_2025-03-11_16-50_tf_1h,2021-06-12 04:00:00,287.86542,287.4711
Oklaj,Potomje_2025-03-11_16-50_tf_1h,2021-06-12 05:00:00,287.74088,287.08026
Oklaj,Potomje_2025-03-11_16-50_tf_1h,2021-06-12 06:00:00,289.66788,287.65143
Oklaj,Potomje_2025-03-11_16-50_tf_1h,2021-06-12 07:00:00,293.18283,291.6345
Oklaj,Potomje_2025-03-11_16-50_tf_1h,2021-06-12 08:00:00,295.07483,295.57385
Oklaj,Potomje_2025-03-11_16-50_tf_1h,2021-06-12 09:00:00,296.6747,295.97238
Oklaj,Potomje_2025-03-11_16-50_tf_1h,2021-06-12 10:00:00,297.99603,297.28238
Oklaj,Potomje_2025-03-11_16-50_tf_1h,2021-06-12 11:00:00,298.985,298.1488
Oklaj,Potomje_2025-03-11_16-50_tf_1h,2021-06-12 12:00:00,299.68344,298.79657
Oklaj,Potomje_2025-03-11_16-50_tf_1h,2021-06-12 13:00:00,299.8096,299.2076
Oklaj,Potomje_2025-03-11_16-50_tf_1h,2021-06-12 14:00:00,299.769,298.99777
Oklaj,Potomje_2025-03-11_16-50_tf_1h,2021-06-12 15:00:00,299.72006,298.85367
Oklaj,Potomje_2025-03-11_16-50_tf_1h,2021-06-12 16:00:00,300.05478,298.72974
Oklaj,Potomje_2025-03-11_16-50_tf_1h,2021-06-12 17:00:00,299.60623,299.10162
Oklaj,Potomje_2025-03-11_16-50_tf_1h,2021-06-12 18:00:00,298.9281,298.4091
Oklaj,Potomje_2025-03-11_16-50_tf_1h,2021-06-12 19:00:00,297.69156,297.717
Oklaj,Potomje_2025-03-11_16-50_tf_1h,2021-06-12 20:00:00,296.03357,296.41672
Oklaj,Potomje_2025-03-11_16-50_tf_1h,2021-06-12 21:00:00,294.58295,294.78793
Oklaj,Potomje_2025-03-11_16-50_tf_1h,2021-06-12 22:00:00,293.80927,293.43073
Oklaj,Potomje_2025-03-11_16-50_tf_1h,2021-06-12 23:00:00,292.8378,292.76266
Oklaj,Potomje_2025-03-11_16-50_tf_1h,2021-06-13 00:00:00,291.68405,291.8366
Oklaj,Potomje_2025-03-11_16-50_tf_1h,2021-06-13 01:00:00,290.61667,290.76166
Oklaj,Potomje_2025-03-11_16-50_tf_1h,2021-06-13 02:00:00,289.73514,289.79034
Oklaj,Potomje_2025-03-11_16-50_tf_1h,2021-06-13 03:00:00,289.11508,288.95618
Oklaj,Potomje_2025-03-11_16-50_tf_1h,2021-06-13 04:00:00,288.64148,288.35046
Oklaj,Potomje_2025-03-11_16-50_tf_1h,2021-06-13 05:00:00,288.5603,287.81384
Oklaj,Potomje_2025-03-11_16-50_tf_1h,2021-06-13 06:00:00,291.08508,287.9878
Oklaj,Potomje_2025-03-11_16-50_tf_1h,2021-06-13 07:00:00,296.1331,292.79745
Oklaj,Potomje_2025-03-11_16-50_tf_1h,2021-06-13 08:00:00,297.73972,299.08658
Oklaj,Potomje_2025-03-11_16-50_tf_1h,2021-06-13 09:00:00,297.9948,298.22552
Oklaj,Potomje_2025-03-11_16-50_tf_1h,2021-06-13 10:00:00,298.23083,297.957
Oklaj,Potomje_2025-03-11_16-50_tf_1h,2021-06-13 11:00:00,298.08994,297.9002
Oklaj,Potomje_2025-03-11_16-50_tf_1h,2021-06-13 12:00:00,298.62442,297.4216
Oklaj,Potomje_2025-03-11_16-50_tf_1h,2021-06-13 13:00:00,299.00488,298.19327
Oklaj,Potomje_2025-03-11_16-50_tf_1h,2021-06-13 14:00:00,299.36227,298.33994
Oklaj,Potomje_2025-03-11_16-50_tf_1h,2021-06-13 15:00:00,299.0053,298.65704
Oklaj,Potomje_2025-03-11_16-50_tf_1h,2021-06-13 16:00:00,298.67776,297.96317
Oklaj,Potomje_2025-03-11_16-50_tf_1h,2021-06-13 17:00:00,297.8579,297.67642
Oklaj,Potomje_2025-03-11_16-50_tf_1h,2021-06-13 18:00:00,297.0178,296.68698
Oklaj,Potomje_2025-03-11_16-50_tf_1h,2021-06-13 19:00:00,296.01407,295.88837
Oklaj,Potomje_2025-03-11_16-50_tf_1h,2021-06-13 20:00:00,294.9467,294.88458
Oklaj,Potomje_2025-03-11_16-50_tf_1h,2021-06-13 21:00:00,293.34085,293.86252
Oklaj,Potomje_2025-03-11_16-50_tf_1h,2021-06-13 22:00:00,291.68405,292.25555
Oklaj,Potomje_2025-03-11_16-50_tf_1h,2021-06-13 23:00:00,290.55618,290.68616
Oklaj,Potomje_2025-03-11_16-50_tf_1h,2021-06-14 00:00:00,289.6667,289.7048
Oklaj,Potomje_2025-03-11_16-50_tf_1h,2021-06-14 01:00:00,289.57993,288.86945
Oklaj,Potomje_2025-03-11_16-50_tf_1h,2021-06-14 02:00:00,289.08762,288.95953
Oklaj,Potomje_2025-03-11_16-50_tf_1h,2021-06-14 03:00:00,288.53165,288.37372
Oklaj,Potomje_2025-03-11_16-50_tf_1h,2021-06-14 04:00:00,288.01627,287.64774
Oklaj,Potomje_2025-03-11_16-50_tf_1h,2021-06-14 05:00:00,287.63818,287.29944
Oklaj,Potomje_2025-03-11_16-50_tf_1h,2021-06-14 06:00:00,288.33307,287.5909
Oklaj,Potomje_2025-03-11_16-50_tf_1h,2021-06-14 07:00:00,289.42352,289.56152
Oklaj,Potomje_2025-03-11_16-50_tf_1h,2021-06-14 08:00:00,291.09662,290.71204
Oklaj,Potomje_2025-03-11_16-50_tf_1h,2021-06-14 09:00:00,292.4227,292.47086
Oklaj,Potomje_2025-03-11_16-50_tf_1h,2021-06-14 10:00:00,293.61783,293.23578
Oklaj,Potomje_2025-03-11_16-50_tf_1h,2021-06-14 11:00:00,294.62512,294.17673
Oklaj,Potomje_2025-03-11_16-50_tf_1h,2021-06-14 12:00:00,295.2822,294.88467
Oklaj,Potomje_2025-03-11_16-50_tf_1h,2021-06-14 13:00:00,295.6547,295.2206
Oklaj,Potomje_2025-03-11_16-50_tf_1h,2021-06-14 14:00:00,295.74506,295.341
Oklaj,Potomje_2025-03-11_16-50_tf_1h,2021-06-14 15:00:00,295.65707,295.2205
Oklaj,Potomje_2025-03-11_16-50_tf_1h,2021-06-14 16:00:00,295.4,295.02075
Oklaj,Potomje_2025-03-11_16-50_tf_1h,2021-06-14 17:00:00,294.85992,294.6807
Oklaj,Potomje_2025-03-11_16-50_tf_1h,2021-06-14 18:00:00,294.07153,294.03683
Oklaj,Potomje_2025-03-11_16-50_tf_1h,2021-06-14 19:00:00,293.02484,293.195
Oklaj,Potomje_2025-03-11_16-50_tf_1h,2021-06-14 20:00:00,291.31235,292.11823
Oklaj,Potomje_2025-03-11_16-50_tf_1h,2021-06-14 21:00:00,290.18765,290.3029
Oklaj,Potomje_2025-03-11_16-50_tf_1h,2021-06-14 22:00:00,288.9364,289.3813
Oklaj,Potomje_2025-03-11_16-50_tf_1h,2021-06-14 23:00:00,287.6123,288.12662
Oklaj,Potomje_2025-03-11_16-50_tf_1h,2021-06-15 00:00:00,286.72443,286.83563
Oklaj,Potomje_2025-03-11_16-50_tf_1h,2021-06-15 01:00:00,286.00568,286.06085
Oklaj,Potomje_2025-03-11_16-50_tf_1h,2021-06-15 02:00:00,285.4505,285.38687
Oklaj,Potomje_2025-03-11_16-50_tf_1h,2021-06-15 03:00:00,284.91162,284.8295
Oklaj,Potomje_2025-03-11_16-50_tf_1h,2021-06-15 04:00:00,284.43484,284.23474
Oklaj,Potomje_2025-03-11_16-50_tf_1h,2021-06-15 05:00:00,284.41415,283.83777
Oklaj,Potomje_2025-03-11_16-50_tf_1h,2021-06-15 06:00:00,286.7857,284.41293
Oklaj,Potomje_2025-03-11_16-50_tf_1h,2021-06-15 07:00:00,290.57648,289.02042
Oklaj,Potomje_2025-03-11_16-50_tf_1h,2021-06-15 08:00:00,292.80597,293.33395
Oklaj,Potomje_2025-03-11_16-50_tf_1h,2021-06-15 09:00:00,294.5905,294.13074
Oklaj,Potomje_2025-03-11_16-50_tf_1h,2021-06-15 10:00:00,296.13705,295.429
Oklaj,Potomje_2025-03-11_16-50_tf_1h,2021-06-15 11:00:00,297.44202,296.5315
Oklaj,Potomje_2025-03-11_16-50_tf_1h,2021-06-15 12:00:00,298.5138,297.48724
Oklaj,Potomje_2025-03-11_16-50_tf_1h,2021-06-15 13:00:00,299.42117,298.2749
Oklaj,Potomje_2025-03-11_16-50_tf_1h,2021-06-15 14:00:00,299.931,298.96533
Oklaj,Potomje_2025-03-11_16-50_tf_1h,2021-06-15 15:00:00,300.1316,299.20383
Oklaj,Potomje_2025-03-11_16-50_tf_1h,2021-06-15 16:00:00,299.72763,299.2248
Oklaj,Potomje_2025-03-11_16-50_tf_1h,2021-06-15 17:00:00,298.98938,298.59875
Oklaj,Potomje_2025-03-11_16-50_tf_1h,2021-06-15 18:00:00,298.0203,297.7837
Oklaj,Potomje_2025-03-11_16-50_tf_1h,2021-06-15 19:00:00,296.64926,296.7703
Oklaj,Potomje_2025-03-11_16-50_tf_1h,2021-06-15 20:00:00,295.16876,295.373
Oklaj,Potomje_2025-03-11_16-50_tf_1h,2021-06-15 21:00:00,294.27173,293.95358
Oklaj,Potomje_2025-03-11_16-50_tf_1h,2021-06-15 22:00:00,292.42868,293.14694
Oklaj,Potomje_2025-03-11_16-50_tf_1h,2021-06-15 23:00:00,290.28198,291.40186
Oklaj,Potomje_2025-03-11_16-50_tf_1h,2021-06-16 00:00:00,289.12503,289.41898
Oklaj,Potomje_2025-03-11_16-50_tf_1h,2021-06-16 01:00:00,288.23355,288.3638
Oklaj,Potomje_2025-03-11_16-50_tf_1h,2021-06-16 02:00:00,287.62784,287.5457
Oklaj,Potomje_2025-03-11_16-50_tf_1h,2021-06-16 03:00:00,287.37195,286.9112
Oklaj,Potomje_2025-03-11_16-50_tf_1h,2021-06-16 04:00:00,287.161,286.71463
Oklaj,Potomje_2025-03-11_16-50_tf_1h,2021-06-16 05:00:00,287.14948,286.42328
Oklaj,Potomje_2025-03-11_16-50_tf_1h,2021-06-16 06:00:00,289.0558,286.5918
Oklaj,Potomje_2025-03-11_16-50_tf_1h,2021-06-16 07:00:00,293.1359,290.2925
Oklaj,Potomje_2025-03-11_16-50_tf_1h,2021-06-16 08:00:00,294.91525,295.9179
Oklaj,Potomje_2025-03-11_16-50_tf_1h,2021-06-16 09:00:00,296.6791,295.97183
Oklaj,Potomje_2025-03-11_16-50_tf_1h,2021-06-16 10:00:00,298.03183,297.62827
Oklaj,Potomje_2025-03-11_16-50_tf_1h,2021-06-16 11:00:00,299.15054,298.28024
Oklaj,Potomje_2025-03-11_16-50_tf_1h,2021-06-16 12:00:00,300.00064,299.10007
Oklaj,Potomje_2025-03-11_16-50_tf_1h,2021-06-16 13:00:00,300.64258,299.625
Oklaj,Potomje_2025-03-11_16-50_tf_1h,2021-06-16 14:00:00,301.04056,300.05505
Oklaj,Potomje_2025-03-11_16-50_tf_1h,2021-06-16 15:00:00,300.94345,300.23563
Oklaj,Potomje_2025-03-11_16-50_tf_1h,2021-06-16 16:00:00,300.71542,299.88486
Oklaj,Potomje_2025-03-11_16-50_tf_1h,2021-06-16 17:00:00,299.8148,299.58688
Oklaj,Potomje_2025-03-11_16-50_tf_1h,2021-06-16 18:00:00,298.54443,298.48544
Oklaj,Potomje_2025-03-11_16-50_tf_1h,2021-06-16 19:00:00,297.16144,297.19614
Oklaj,Potomje_2025-03-11_16-50_tf_1h,2021-06-16 20:00:00,295.08997,295.85333
Oklaj,Potomje_2025-03-11_16-50_tf_1h,2021-06-16 21:00:00,295.15125,293.80823
Oklaj,Potomje_2025-03-11_16-50_tf_1h,2021-06-16 22:00:00,294.64264,294.10214
Oklaj,Potomje_2025-03-11_16-50_tf_1h,2021-06-16 23:00:00,292.74347,293.55234
Oklaj,Potomje_2025-03-11_16-50_tf_1h,2021-06-17 00:00:00,290.68036,291.69336
Oklaj,Potomje_2025-03-11_16-50_tf_1h,2021-06-17 01:00:00,289.43744,289.74268
Oklaj,Potomje_2025-03-11_16-50_tf_1h,2021-06-17 02:00:00,288.6232,288.62897
Oklaj,Potomje_2025-03-11_16-50_tf_1h,2021-06-17 03:00:00,287.9498,287.84763
Oklaj,Potomje_2025-03-11_16-50_tf_1h,2021-06-17 04:00:00,287.49213,287.1389
Oklaj,Potomje_2025-03-11_16-50_tf_1h,2021-06-17 05:00:00,287.4969,286.6264
Oklaj,Potomje_2025-03-11_16-50_tf_1h,2021-06-17 06:00:00,290.04318,286.99554
Oklaj,Potomje_2025-03-11_16-50_tf_1h,2021-06-17 07:00:00,295.32,291.91666
Oklaj,Potomje_2025-03-11_16-50_tf_1h,2021-06-17 08:00:00,297.96536,298.6603
Oklaj,Potomje_2025-03-11_16-50_tf_1h,2021-06-17 09:00:00,299.48447,299.06485
Oklaj,Potomje_2025-03-11_16-50_tf_1h,2021-06-17 10:00:00,300.6394,299.94885
Oklaj,Potomje_2025-03-11_16-50_tf_1h,2021-06-17 11:00:00,301.56113,300.53912
Oklaj,Potomje_2025-03-11_16-50_tf_1h,2021-06-17 12:00:00,302.2325,301.15375
Oklaj,Potomje_2025-03-11_16-50_tf_1h,2021-06-17 13:00:00,302.5692,301.54428
Oklaj,Potomje_2025-03-11_16-50_tf_1h,2021-06-17 14:00:00,302.56204,301.63022
Oklaj,Potomje_2025-03-11_16-50_tf_1h,2021-06-17 15:00:00,300.79977,301.42117
Oklaj,Potomje_2025-03-11_16-50_tf_1h,2021-06-17 16:00:00,300.09018,299.0737
Oklaj,Potomje_2025-03-11_16-50_tf_1h,2021-06-17 17:00:00,299.70654,298.82034
Oklaj,Potomje_2025-03-11_16-50_tf_1h,2021-06-17 18:00:00,298.69528,298.4077
Oklaj,Potomje_2025-03-11_16-50_tf_1h,2021-06-17 19:00:00,297.52917,297.32007
Oklaj,Potomje_2025-03-11_16-50_tf_1h,2021-06-17 20:00:00,296.06342,296.21155
Oklaj,Potomje_2025-03-11_16-50_tf_1h,2021-06-17 21:00:00,295.38525,294.77618
Oklaj,Potomje_2025-03-11_16-50_tf_1h,2021-06-17 22:00:00,295.03067,294.2382
Oklaj,Potomje_2025-03-11_16-50_tf_1h,2021-06-17 23:00:00,295.3192,293.94223
Oklaj,Potomje_2025-03-11_16-50_tf_1h,2021-06-18 00:00:00,295.05295,294.32254
Oklaj,Potomje_2025-03-11_16-50_tf_1h,2021-06-18 01:00:00,294.81018,294.07687
Oklaj,Potomje_2025-03-11_16-50_tf_1h,2021-06-18 02:00:00,294.52203,293.9157
Oklaj,Potomje_2025-03-11_16-50_tf_1h,2021-06-18 03:00:00,292.21774,293.654
Oklaj,Potomje_2025-03-11_16-50_tf_1h,2021-06-18 04:00:00,290.18964,290.40002
Oklaj,Potomje_2025-03-11_16-50_tf_1h,2021-06-18 05:00:00,289.49,288.41455
Oklaj,Potomje_2025-03-11_16-50_tf_1h,2021-06-18 06:00:00,291.48785,288.88474
Oklaj,Potomje_2025-03-11_16-50_tf_1h,2021-06-18 07:00:00,296.31058,293.28244
Oklaj,Potomje_2025-03-11_16-50_tf_1h,2021-06-18 08:00:00,298.2348,299.34665
Oklaj,Potomje_2025-03-11_16-50_tf_1h,2021-06-18 09:00:00,299.70175,298.78915
Oklaj,Potomje_2025-03-11_16-50_tf_1h,2021-06-18 10:00:00,300.73013,300.12686
Oklaj,Potomje_2025-03-11_16-50_tf_1h,2021-06-18 11:00:00,301.48312,300.48984
Oklaj,Potomje_2025-03-11_16-50_tf_1h,2021-06-18 12:00:00,301.65186,301.00046
Oklaj,Potomje_2025-03-11_16-50_tf_1h,2021-06-18 13:00:00,301.6431,300.74084
Oklaj,Potomje_2025-03-11_16-50_tf_1h,2021-06-18 14:00:00,301.98578,300.62463
Oklaj,Potomje_2025-03-11_16-50_tf_1h,2021-06-18 15:00:00,301.96906,301.00632
Oklaj,Potomje_2025-03-11_16-50_tf_1h,2021-06-18 16:00:00,301.61884,300.76428
Oklaj,Potomje_2025-03-11_16-50_tf_1h,2021-06-18 17:00:00,300.9574,300.2861
Oklaj,Potomje_2025-03-11_16-50_tf_1h,2021-06-18 18:00:00,299.89478,299.53516
Oklaj,Potomje_2025-03-11_16-50_tf_1h,2021-06-18 19:00:00,298.5285,298.4473
Oklaj,Potomje_2025-03-11_16-50_tf_1h,2021-06-18 20:00:00,296.98672,297.1109
Oklaj,Potomje_2025-03-11_16-50_tf_1h,2021-06-18 21:00:00,296.0698,295.6164
Oklaj,Potomje_2025-03-11_16-50_tf_1h,2021-06-18 22:00:00,295.48196,294.85
Oklaj,Potomje_2025-03-11_16-50_tf_1h,2021-06-18 23:00:00,294.6506,294.34842
Oklaj,Potomje_2025-03-11_16-50_tf_1h,2021-06-19 00:00:00,293.2915,293.5485
Oklaj,Potomje_2025-03-11_16-50_tf_1h,2021-06-19 01:00:00,292.17355,292.1913
Oklaj,Potomje_2025-03-11_16-50_tf_1h,2021-06-19 02:00:00,291.23074,291.20712
Oklaj,Potomje_2025-03-11_16-50_tf_1h,2021-06-19 03:00:00,290.37708,290.32196
Oklaj,Potomje_2025-03-11_16-50_tf_1h,2021-06-19 04:00:00,289.77933,289.37753
Oklaj,Potomje_2025-03-11_16-50_tf_1h,2021-06-19 05:00:00,289.63446,288.72046
Oklaj,Potomje_2025-03-11_16-50_tf_1h,2021-06-19 06:00:00,292.95242,289.18073
Oklaj,Potomje_2025-03-11_16-50_tf_1h,2021-06-19 07:00:00,297.1097,295.65753
Oklaj,Potomje_2025-03-11_16-50_tf_1h,2021-06-19 08:00:00,299.44507,299.50247
Oklaj,Potomje_2025-03-11_16-50_tf_1h,2021-06-19 09:00:00,300.88895,300.3307
Oklaj,Potomje_2025-03-11_16-50_tf_1h,2021-06-19 10:00:00,301.97183,301.09695
Oklaj,Potomje_2025-03-11_16-50_tf_1h,2021-06-19 11:00:00,303.46228,301.71094
Oklaj,Potomje_2025-03-11_16-50_tf_1h,2021-06-19 12:00:00,304.48468,303.1681
Oklaj,Potomje_2025-03-11_16-50_tf_1h,2021-06-19 13:00:00,304.98932,303.70013
Oklaj,Potomje_2025-03-11_16-50_tf_1h,2021-06-19 14:00:00,304.5074,303.88696
Oklaj,Potomje_2025-03-11_16-50_tf_1h,2021-06-19 15:00:00,304.05923,302.96097
Oklaj,Potomje_2025-03-11_16-50_tf_1h,2021-06-19 16:00:00,302.52026,302.51718
Oklaj,Potomje_2025-03-11_16-50_tf_1h,2021-06-19 17:00:00,302.30414,300.69177
Oklaj,Potomje_2025-03-11_16-50_tf_1h,2021-06-19 18:00:00,301.57983,300.7348
Oklaj,Potomje_2025-03-11_16-50_tf_1h,2021-06-19 19:00:00,300.51404,299.83475
Oklaj,Potomje_2025-03-11_16-50_tf_1h,2021-06-19 20:00:00,298.8119,298.83047
Oklaj,Potomje_2025-03-11_16-50_tf_1h,2021-06-19 21:00:00,297.75406,297.21378
Oklaj,Potomje_2025-03-11_16-50_tf_1h,2021-06-19 22:00:00,296.6031,296.32495
Oklaj,Potomje_2025-03-11_16-50_tf_1h,2021-06-19 23:00:00,295.32956,295.23843
Oklaj,Potomje_2025-03-11_16-50_tf_1h,2021-06-20 00:00:00,294.0787,294.0673
Oklaj,Potomje_2025-03-11_16-50_tf_1h,2021-06-20 01:00:00,292.9994,292.89905
Oklaj,Potomje_2025-03-11_16-50_tf_1h,2021-06-20 02:00:00,292.17715,291.8924
Oklaj,Potomje_2025-03-11_16-50_tf_1h,2021-06-20 03:00:00,291.614,291.11182
Oklaj,Potomje_2025-03-11_16-50_tf_1h,2021-06-20 04:00:00,291.1277,290.58292
Oklaj,Potomje_2025-03-11_16-50_tf_1h,2021-06-20 05:00:00,291.22797,289.9845
Oklaj,Potomje_2025-03-11_16-50_tf_1h,2021-06-20 06:00:00,293.66043,290.73785
Oklaj,Potomje_2025-03-11_16-50_tf_1h,2021-06-20 07:00:00,298.68134,295.62442
Oklaj,Potomje_2025-03-11_16-50_tf_1h,2021-06-20 08:00:00,300.6016,301.7693
Oklaj,Potomje_2025-03-11_16-50_tf_1h,2021-06-20 09:00:00,302.1943,300.9567
Oklaj,Potomje_2025-03-11_16-50_tf_1h,2021-06-20 10:00:00,303.58246,302.58813
Oklaj,Potomje_2025-03-11_16-50_tf_1h,2021-06-20 11:00:00,304.48788,303.2838
Oklaj,Potomje_2025-03-11_16-50_tf_1h,2021-06-20 12:00:00,305.04108,303.84265
Oklaj,Potomje_2025-03-11_16-50_tf_1h,2021-06-20 13:00:00,305.289,304.06177
Oklaj,Potomje_2025-03-11_16-50_tf_1h,2021-06-20 14:00:00,305.8426,304.06232
Oklaj,Potomje_2025-03-11_16-50_tf_1h,2021-06-20 15:00:00,304.3645,304.55142
Oklaj,Potomje_2025-03-11_16-50_tf_1h,2021-06-20 16:00:00,303.0452,302.34534
Oklaj,Potomje_2025-03-11_16-50_tf_1h,2021-06-20 17:00:00,302.42355,301.33347
Oklaj,Potomje_2025-03-11_16-50_tf_1h,2021-06-20 18:00:00,301.65265,300.75732
Oklaj,Potomje_2025-03-11_16-50_tf_1h,2021-06-20 19:00:00,300.52557,299.92526
Oklaj,Potomje_2025-03-11_16-50_tf_1h,2021-06-20 20:00:00,298.9062,298.81796
Oklaj,Potomje_2025-03-11_16-50_tf_1h,2021-06-20 21:00:00,298.77087,297.2844
Oklaj,Potomje_2025-03-11_16-50_tf_1h,2021-06-20 22:00:00,296.39334,297.2713
Oklaj,Potomje_2025-03-11_16-50_tf_1h,2021-06-20 23:00:00,295.85846,294.85123
Oklaj,Potomje_2025-03-11_16-50_tf_1h,2021-06-21 00:00:00,295.03186,294.64667
Oklaj,Potomje_2025-03-11_16-50_tf_1h,2021-06-21 01:00:00,294.14117,293.79642
Oklaj,Potomje_2025-03-11_16-50_tf_1h,2021-06-21 02:00:00,293.6071,292.99976
Oklaj,Potomje_2025-03-11_16-50_tf_1h,2021-06-21 03:00:00,292.98624,292.56696
Oklaj,Potomje_2025-03-11_16-50_tf_1h,2021-06-21 04:00:00,292.35147,291.84793
Oklaj,Potomje_2025-03-11_16-50_tf_1h,2021-06-21 05:00:00,292.21616,291.02966
Oklaj,Potomje_2025-03-11_16-50_tf_1h,2021-06-21 06:00:00,294.9467,291.6982
Oklaj,Potomje_2025-03-11_16-50_tf_1h,2021-06-21 07:00:00,299.60785,297.34857
Oklaj,Potomje_2025-03-11_16-50_tf_1h,2021-06-21 08:00:00,301.55157,302.35544
Oklaj,Potomje_2025-03-11_16-50_tf_1h,2021-06-21 09:00:00,302.85815,301.8581
Oklaj,Potomje_2025-03-11_16-50_tf_1h,2021-06-21 10:00:00,303.5152,302.94696
Oklaj,Potomje_2025-03-11_16-50_tf_1h,2021-06-21 11:00:00,303.90045,302.82208
Oklaj,Potomje_2025-03-11_16-50_tf_1h,2021-06-21 12:00:00,304.36887,303.0845
Oklaj,Potomje_2025-03-11_16-50_tf_1h,2021-06-21 13:00:00,304.7593,303.42184
Oklaj,Potomje_2025-03-11_16-50_tf_1h,2021-06-21 14:00:00,304.94235,303.62964
Oklaj,Potomje_2025-03-11_16-50_tf_1h,2021-06-21 15:00:00,304.6992,303.61118
Oklaj,Potomje_2025-03-11_16-50_tf_1h,2021-06-21 16:00:00,304.2272,303.12857
Oklaj,Potomje_2025-03-11_16-50_tf_1h,2021-06-21 17:00:00,303.45154,302.52994
Oklaj,Potomje_2025-03-11_16-50_tf_1h,2021-06-21 18:00:00,302.44226,301.64484
Oklaj,Potomje_2025-03-11_16-50_tf_1h,2021-06-21 19:00:00,301.388,300.616
Oklaj,Potomje_2025-03-11_16-50_tf_1h,2021-06-21 20:00:00,299.7316,299.60565
Oklaj,Potomje_2025-03-11_16-50_tf_1h,2021-06-21 21:00:00,298.75616,298.00833
Oklaj,Potomje_2025-03-11_16-50_tf_1h,2021-06-21 22:00:00,297.83405,297.19638
Oklaj,Potomje_2025-03-11_16-50_tf_1h,2021-06-21 23:00:00,296.9143,296.3461
Oklaj,Potomje_2025-03-11_16-50_tf_1h,2021-06-22 00:00:00,296.1673,295.53006
Oklaj,Potomje_2025-03-11_16-50_tf_1h,2021-06-22 01:00:00,295.76852,294.88596
Oklaj,Potomje_2025-03-11_16-50_tf_1h,2021-06-22 02:00:00,295.92215,294.6079
Oklaj,Potomje_2025-03-11_16-50_tf_1h,2021-06-22 03:00:00,295.68216,294.8986
Oklaj,Potomje_2025-03-11_16-50_tf_1h,2021-06-22 04:00:00,295.123,294.61435
Oklaj,Potomje_2025-03-11_16-50_tf_1h,2021-06-22 05:00:00,295.09393,293.77237
Oklaj,Potomje_2025-03-11_16-50_tf_1h,2021-06-22 06:00:00,297.3879,294.45493
Oklaj,Potomje_2025-03-11_16-50_tf_1h,2021-06-22 07:00:00,300.03287,299.02505
Oklaj,Potomje_2025-03-11_16-50_tf_1h,2021-06-22 08:00:00,301.87753,301.32877
Oklaj,Potomje_2025-03-11_16-50_tf_1h,2021-06-22 09:00:00,303.0221,302.43607
Oklaj,Potomje_2025-03-11_16-50_tf_1h,2021-06-22 10:00:00,304.03775,302.88425
Oklaj,Potomje_2025-03-11_16-50_tf_1h,2021-06-22 11:00:00,304.7979,303.63162
Oklaj,Potomje_2025-03-11_16-50_tf_1h,2021-06-22 12:00:00,305.27866,304.0229
Oklaj,Potomje_2025-03-11_16-50_tf_1h,2021-06-22 13:00:00,305.5672,304.26062
Oklaj,Potomje_2025-03-11_16-50_tf_1h,2021-06-22 14:00:00,305.65237,304.3491
Oklaj,Potomje_2025-03-11_16-50_tf_1h,2021-06-22 15:00:00,305.57315,304.23022
Oklaj,Potomje_2025-03-11_16-50_tf_1h,2021-06-22 16:00:00,305.1537,303.9536
Oklaj,Potomje_2025-03-11_16-50_tf_1h,2021-06-22 17:00:00,304.36768,303.32706
Oklaj,Potomje_2025-03-11_16-50_tf_1h,2021-06-22 18:00:00,303.2792,302.42163
Oklaj,Potomje_2025-03-11_16-50_tf_1h,2021-06-22 19:00:00,301.8413,301.30215
Oklaj,Potomje_2025-03-11_16-50_tf_1h,2021-06-22 20:00:00,300.75204,299.90622
Oklaj,Potomje_2025-03-11_16-50_tf_1h,2021-06-22 21:00:00,300.35526,298.94815
Oklaj,Potomje_2025-03-11_16-50_tf_1h,2021-06-22 22:00:00,298.94638,298.60324
Oklaj,Potomje_2025-03-11_16-50_tf_1h,2021-06-22 23:00:00,297.73254,297.22202
Oklaj,Potomje_2025-03-11_16-50_tf_1h,2021-06-23 00:00:00,297.01938,296.2098
Oklaj,Potomje_2025-03-11_16-50_tf_1h,2021-06-23 01:00:00,296.1526,295.61887
Oklaj,Potomje_2025-03-11_16-50_tf_1h,2021-06-23 02:00:00,295.2042,294.80725
Oklaj,Potomje_2025-03-11_16-50_tf_1h,2021-06-23 03:00:00,294.18298,293.93054
Oklaj,Potomje_2025-03-11_16-50_tf_1h,2021-06-23 04:00:00,293.47177,292.8312
Oklaj,Potomje_2025-03-11_16-50_tf_1h,2021-06-23 05:00:00,293.22025,292.0996
Oklaj,Potomje_2025-03-11_16-50_tf_1h,2021-06-23 06:00:00,295.56436,292.27896
Oklaj,Potomje_2025-03-11_16-50_tf_1h,2021-06-23 07:00:00,300.63742,297.4696
Oklaj,Potomje_2025-03-11_16-50_tf_1h,2021-06-23 08:00:00,303.05435,303.63898
Oklaj,Potomje_2025-03-11_16-50_tf_1h,2021-06-23 09:00:00,304.6184,303.4568
Oklaj,Potomje_2025-03-11_16-50_tf_1h,2021-06-23 10:00:00,305.45615,304.73383
Oklaj,Potomje_2025-03-11_16-50_tf_1h,2021-06-23 11:00:00,305.49554,304.69327
Oklaj,Potomje_2025-03-11_16-50_tf_1h,2021-06-23 12:00:00,305.64,304.34384
Oklaj,Potomje_2025-03-11_16-50_tf_1h,2021-06-23 13:00:00,306.2712,304.47235
Oklaj,Potomje_2025-03-11_16-50_tf_1h,2021-06-23 14:00:00,307.18896,305.1499
Oklaj,Potomje_2025-03-11_16-50_tf_1h,2021-06-23 15:00:00,307.72583,305.8848
Oklaj,Potomje_2025-03-11_16-50_tf_1h,2021-06-23 16:00:00,307.48544,306.0132
Oklaj,Potomje_2025-03-11_16-50_tf_1h,2021-06-23 17:00:00,306.10287,305.41748
Oklaj,Potomje_2025-03-11_16-50_tf_1h,2021-06-23 18:00:00,304.51892,303.7954
Oklaj,Potomje_2025-03-11_16-50_tf_1h,2021-06-23 19:00:00,303.2219,302.31467
Oklaj,Potomje_2025-03-11_16-50_tf_1h,2021-06-23 20:00:00,301.59415,301.1189
Oklaj,Potomje_2025-03-11_16-50_tf_1h,2021-06-23 21:00:00,300.43604,299.5547
Oklaj,Potomje_2025-03-11_16-50_tf_1h,2021-06-23 22:00:00,299.49442,298.55762
Oklaj,Potomje_2025-03-11_16-50_tf_1h,2021-06-23 23:00:00,300.63065,297.6945
Oklaj,Potomje_2025-03-11_16-50_tf_1h,2021-06-24 00:00:00,300.90643,298.88028
Oklaj,Potomje_2025-03-11_16-50_tf_1h,2021-06-24 01:00:00,300.22113,299.03702
Oklaj,Potomje_2025-03-11_16-50_tf_1h,2021-06-24 02:00:00,297.6621,298.47208
Oklaj,Potomje_2025-03-11_16-50_tf_1h,2021-06-24 03:00:00,296.12512,295.8033
Oklaj,Potomje_2025-03-11_16-50_tf_1h,2021-06-24 04:00:00,295.71838,294.56137
Oklaj,Potomje_2025-03-11_16-50_tf_1h,2021-06-24 05:00:00,296.09964,294.47186
Oklaj,Potomje_2025-03-11_16-50_tf_1h,2021-06-24 06:00:00,297.83563,295.49826
Oklaj,Potomje_2025-03-11_16-50_tf_1h,2021-06-24 07:00:00,301.53366,298.75748
Oklaj,Potomje_2025-03-11_16-50_tf_1h,2021-06-24 08:00:00,304.4875,303.68063
Oklaj,Potomje_2025-03-11_16-50_tf_1h,2021-06-24 09:00:00,305.87323,305.33524
Oklaj,Potomje_2025-03-11_16-50_tf_1h,2021-06-24 10:00:00,306.59955,305.591
Oklaj,Potomje_2025-03-11_16-50_tf_1h,2021-06-24 11:00:00,306.51437,305.85217
Oklaj,Potomje_2025-03-11_16-50_tf_1h,2021-06-24 12:00:00,306.2362,305.1616
Oklaj,Potomje_2025-03-11_16-50_tf_1h,2021-06-24 13:00:00,307.0688,304.8531
Oklaj,Potomje_2025-03-11_16-50_tf_1h,2021-06-24 14:00:00,307.75888,306.10516
Oklaj,Potomje_2025-03-11_16-50_tf_1h,2021-06-24 15:00:00,307.69122,306.30582
Oklaj,Potomje_2025-03-11_16-50_tf_1h,2021-06-24 16:00:00,306.54184,305.84094
Oklaj,Potomje_2025-03-11_16-50_tf_1h,2021-06-24 17:00:00,305.07886,304.34015
Oklaj,Potomje_2025-03-11_16-50_tf_1h,2021-06-24 18:00:00,304.068,302.90585
Oklaj,Potomje_2025-03-11_16-50_tf_1h,2021-06-24 19:00:00,302.8108,301.99872
Oklaj,Potomje_2025-03-11_16-50_tf_1h,2021-06-24 20:00:00,301.31955,300.72253
Oklaj,Potomje_2025-03-11_16-50_tf_1h,2021-06-24 21:00:00,300.35486,299.36563
Oklaj,Potomje_2025-03-11_16-50_tf_1h,2021-06-24 22:00:00,299.6564,298.6098
Oklaj,Potomje_2025-03-11_16-50_tf_1h,2021-06-24 23:00:00,299.57718,297.9883
Oklaj,Potomje_2025-03-11_16-50_tf_1h,2021-06-25 00:00:00,297.7075,298.01593
Oklaj,Potomje_2025-03-11_16-50_tf_1h,2021-06-25 01:00:00,298.3948,295.91608
Oklaj,Potomje_2025-03-11_16-50_tf_1h,2021-06-25 02:00:00,298.34186,297.13177
Oklaj,Potomje_2025-03-11_16-50_tf_1h,2021-06-25 03:00:00,298.03342,296.95544
Oklaj,Potomje_2025-03-11_16-50_tf_1h,2021-06-25 04:00:00,297.72897,296.8226
Oklaj,Potomje_2025-03-11_16-50_tf_1h,2021-06-25 05:00:00,296.55014,296.36273
Oklaj,Potomje_2025-03-11_16-50_tf_1h,2021-06-25 06:00:00,296.96683,294.63455
Oklaj,Potomje_2025-03-11_16-50_tf_1h,2021-06-25 07:00:00,299.1446,297.71375
Oklaj,Potomje_2025-03-11_16-50_tf_1h,2021-06-25 08:00:00,300.67603,300.75357
Oklaj,Potomje_2025-03-11_16-50_tf_1h,2021-06-25 09:00:00,302.3722,301.19443
Oklaj,Potomje_2025-03-11_16-50_tf_1h,2021-06-25 10:00:00,303.5331,302.8285
Oklaj,Potomje_2025-03-11_16-50_tf_1h,2021-06-25 11:00:00,304.52808,303.22467
Oklaj,Potomje_2025-03-11_16-50_tf_1h,2021-06-25 12:00:00,304.43933,304.09677
Oklaj,Potomje_2025-03-11_16-50_tf_1h,2021-06-25 13:00:00,304.07953,303.1458
Oklaj,Potomje_2025-03-11_16-50_tf_1h,2021-06-25 14:00:00,304.0517,302.81125
Oklaj,Potomje_2025-03-11_16-50_tf_1h,2021-06-25 15:00:00,303.98483,302.82742
Oklaj,Potomje_2025-03-11_16-50_tf_1h,2021-06-25 16:00:00,303.48495,302.64703
Oklaj,Potomje_2025-03-11_16-50_tf_1h,2021-06-25 17:00:00,302.44543,301.9582
Oklaj,Potomje_2025-03-11_16-50_tf_1h,2021-06-25 18:00:00,301.57227,300.7703
Oklaj,Potomje_2025-03-11_16-50_tf_1h,2021-06-25 19:00:00,300.63303,300.0054
Oklaj,Potomje_2025-03-11_16-50_tf_1h,2021-06-25 20:00:00,299.56924,299.064
Oklaj,Potomje_2025-03-11_16-50_tf_1h,2021-06-25 21:00:00,298.99136,298.03073
Oklaj,Potomje_2025-03-11_16-50_tf_1h,2021-06-25 22:00:00,298.743,297.614
Oklaj,Potomje_2025-03-11_16-50_tf_1h,2021-06-25 23:00:00,297.5889,297.44208
Oklaj,Potomje_2025-03-11_16-50_tf_1h,2021-06-26 00:00:00,295.62964,296.13016
Oklaj,Potomje_2025-03-11_16-50_tf_1h,2021-06-26 01:00:00,294.69318,294.07776
Oklaj,Potomje_2025-03-11_16-50_tf_1h,2021-06-26 02:00:00,294.05762,293.49326
Oklaj,Potomje_2025-03-11_16-50_tf_1h,2021-06-26 03:00:00,293.2907,292.9153
Oklaj,Potomje_2025-03-11_16-50_tf_1h,2021-06-26 04:00:00,292.58148,292.12524
Oklaj,Potomje_2025-03-11_16-50_tf_1h,2021-06-26 05:00:00,292.34827,291.33215
Oklaj,Potomje_2025-03-11_16-50_tf_1h,2021-06-26 06:00:00,294.44684,291.6017
Oklaj,Potomje_2025-03-11_16-50_tf_1h,2021-06-26 07:00:00,298.54285,296.26382
Oklaj,Potomje_2025-03-11_16-50_tf_1h,2021-06-26 08:00:00,299.94733,301.13477
Oklaj,Potomje_2025-03-11_16-50_tf_1h,2021-06-26 09:00:00,301.271,300.13007
Oklaj,Potomje_2025-03-11_16-50_tf_1h,2021-06-26 10:00:00,302.49478,301.59695
Oklaj,Potomje_2025-03-11_16-50_tf_1h,2021-06-26 11:00:00,303.43283,302.23633
Oklaj,Potomje_2025-03-11_16-50_tf_1h,2021-06-26 12:00:00,304.1058,302.9139
Oklaj,Potomje_2025-03-11_16-50_tf_1h,2021-06-26 13:00:00,304.53085,303.28766
Oklaj,Potomje_2025-03-11_16-50_tf_1h,2021-06-26 14:00:00,304.54718,303.50287
Oklaj,Potomje_2025-03-11_16-50_tf_1h,2021-06-26 15:00:00,304.53204,303.2522
Oklaj,Potomje_2025-03-11_16-50_tf_1h,2021-06-26 16:00:00,304.23795,303.13635
Oklaj,Potomje_2025-03-11_16-50_tf_1h,2021-06-26 17:00:00,303.50806,302.63943
Oklaj,Potomje_2025-03-11_16-50_tf_1h,2021-06-26 18:00:00,302.51746,301.77838
Oklaj,Potomje_2025-03-11_16-50_tf_1h,2021-06-26 19:00:00,301.1926,300.76385
Oklaj,Potomje_2025-03-11_16-50_tf_1h,2021-06-26 20:00:00,299.3842,299.4592
Oklaj,Potomje_2025-03-11_16-50_tf_1h,2021-06-26 21:00:00,297.8965,297.69635
Oklaj,Potomje_2025-03-11_16-50_tf_1h,2021-06-26 22:00:00,296.78815,296.3644
Oklaj,Potomje_2025-03-11_16-50_tf_1h,2021-06-26 23:00:00,295.76175,295.36865
Oklaj,Potomje_2025-03-11_16-50_tf_1h,2021-06-27 00:00:00,294.71906,294.42773
Oklaj,Potomje_2025-03-11_16-50_tf_1h,2021-06-27 01:00:00,293.8216,293.472
Oklaj,Potomje_2025-03-11_16-50_tf_1h,2021-06-27 02:00:00,293.0129,292.67792
Oklaj,Potomje_2025-03-11_16-50_tf_1h,2021-06-27 03:00:00,292.33,291.9688
Oklaj,Potomje_2025-03-11_16-50_tf_1h,2021-06-27 04:00:00,291.72067,291.2528
Oklaj,Potomje_2025-03-11_16-50_tf_1h,2021-06-27 05:00:00,291.50815,290.50165
Oklaj,Potomje_2025-03-11_16-50_tf_1h,2021-06-27 06:00:00,293.37228,290.68536
Oklaj,Potomje_2025-03-11_16-50_tf_1h,2021-06-27 07:00:00,296.96722,294.88763
Oklaj,Potomje_2025-03-11_16-50_tf_1h,2021-06-27 08:00:00,299.7336,299.46268
Oklaj,Potomje_2025-03-11_16-50_tf_1h,2021-06-27 09:00:00,301.63992,301.04657
Oklaj,Potomje_2025-03-11_16-50_tf_1h,2021-06-27 10:00:00,302.886,302.13965
Oklaj,Potomje_2025-03-11_16-50_tf_1h,2021-06-27 11:00:00,303.93387,302.7093
Oklaj,Potomje_2025-03-11_16-50_tf_1h,2021-06-27 12:00:00,304.73898,303.47934
Oklaj,Potomje_2025-03-11_16-50_tf_1h,2021-06-27 13:00:00,305.15768,303.96283
Oklaj,Potomje_2025-03-11_16-50_tf_1h,2021-06-27 14:00:00,305.17596,304.08932
Oklaj,Potomje_2025-03-11_16-50_tf_1h,2021-06-27 15:00:00,304.819,303.85403
Oklaj,Potomje_2025-03-11_16-50_tf_1h,2021-06-27 16:00:00,304.06125,303.29868
Oklaj,Potomje_2025-03-11_16-50_tf_1h,2021-06-27 17:00:00,302.97833,302.3761
Oklaj,Potomje_2025-03-11_16-50_tf_1h,2021-06-27 18:00:00,301.91293,301.20947
Oklaj,Potomje_2025-03-11_16-50_tf_1h,2021-06-27 19:00:00,300.8567,300.16336
Oklaj,Potomje_2025-03-11_16-50_tf_1h,2021-06-27 20:00:00,299.6317,299.13632
Oklaj,Potomje_2025-03-11_16-50_tf_1h,2021-06-27 21:00:00,298.61847,297.97818
Oklaj,Potomje_2025-03-11_16-50_tf_1h,2021-06-27 22:00:00,296.78177,297.0744
Oklaj,Potomje_2025-03-11_16-50_tf_1h,2021-06-27 23:00:00,295.28897,295.2933
Oklaj,Potomje_2025-03-11_16-50_tf_1h,2021-06-28 00:00:00,294.05762,293.9624
Oklaj,Potomje_2025-03-11_16-50_tf_1h,2021-06-28 01:00:00,293.00058,292.8192
Oklaj,Potomje_2025-03-11_16-50_tf_1h,2021-06-28 02:00:00,292.26987,291.85886
Oklaj,Potomje_2025-03-11_16-50_tf_1h,2021-06-28 03:00:00,291.76245,291.2547
Oklaj,Potomje_2025-03-11_16-50_tf_1h,2021-06-28 04:00:00,291.28925,290.74313
Oklaj,Potomje_2025-03-11_16-50_tf_1h,2021-06-28 05:00:00,291.15512,290.12704
Oklaj,Potomje_2025-03-11_16-50_tf_1h,2021-06-28 06:00:00,293.22025,290.4061
Oklaj,Potomje_2025-03-11_16-50_tf_1h,2021-06-28 07:00:00,298.3347,295.10443
Oklaj,Potomje_2025-03-11_16-50_tf_1h,2021-06-28 08:00:00,300.74448,301.70374
Oklaj,Potomje_2025-03-11_16-50_tf_1h,2021-06-28 09:00:00,302.4482,301.3949
Oklaj,Potomje_2025-03-11_16-50_tf_1h,2021-06-28 10:00:00,303.8718,302.8614
Oklaj,Potomje_2025-03-11_16-50_tf_1h,2021-06-28 11:00:00,304.85123,303.61404
Oklaj,Potomje_2025-03-11_16-50_tf_1h,2021-06-28 12:00:00,305.41437,304.2403
Oklaj,Potomje_2025-03-11_16-50_tf_1h,2021-06-28 13:00:00,305.61694,304.43637
Oklaj,Potomje_2025-03-11_16-50_tf_1h,2021-06-28 14:00:00,305.48242,304.38184
Oklaj,Potomje_2025-03-11_16-50_tf_1h,2021-06-28 15:00:00,305.28104,304.0219
Oklaj,Potomje_2025-03-11_16-50_tf_1h,2021-06-28 16:00:00,305.11707,303.70322
Oklaj,Potomje_2025-03-11_16-50_tf_1h,2021-06-28 17:00:00,304.66855,303.40234
Oklaj,Potomje_2025-03-11_16-50_tf_1h,2021-06-28 18:00:00,303.6346,302.783
Oklaj,Potomje_2025-03-11_16-50_tf_1h,2021-06-28 19:00:00,302.15094,301.6517
Oklaj,Potomje_2025-03-11_16-50_tf_1h,2021-06-28 20:00:00,300.82446,300.20734
Oklaj,Potomje_2025-03-11_16-50_tf_1h,2021-06-28 21:00:00,299.4367,298.99008
Oklaj,Potomje_2025-03-11_16-50_tf_1h,2021-06-28 22:00:00,297.55426,297.70618
Oklaj,Potomje_2025-03-11_16-50_tf_1h,2021-06-28 23:00:00,296.2509,296.00662
Oklaj,Potomje_2025-03-11_16-50_tf_1h,2021-06-29 00:00:00,295.50586,294.88867
Oklaj,Potomje_2025-03-11_16-50_tf_1h,2021-06-29 01:00:00,295.15366,294.23483
Oklaj,Potomje_2025-03-11_16-50_tf_1h,2021-06-29 02:00:00,294.84042,293.95554
Oklaj,Potomje_2025-03-11_16-50_tf_1h,2021-06-29 03:00:00,294.61557,293.68024
Oklaj,Potomje_2025-03-11_16-50_tf_1h,2021-06-29 04:00:00,294.3135,293.5523
Oklaj,Potomje_2025-03-11_16-50_tf_1h,2021-06-29 05:00:00,294.42575,293.11902
Oklaj,Potomje_2025-03-11_16-50_tf_1h,2021-06-29 06:00:00,296.72406,293.70044
Oklaj,Potomje_2025-03-11_16-50_tf_1h,2021-06-29 07:00:00,300.53394,298.3249
Oklaj,Potomje_2025-03-11_16-50_tf_1h,2021-06-29 08:00:00,302.0781,302.6852
Oklaj,Potomje_2025-03-11_16-50_tf_1h,2021-06-29 09:00:00,303.07782,302.27365
Oklaj,Potomje_2025-03-11_16-50_tf_1h,2021-06-29 10:00:00,303.9737,303.0588
Oklaj,Potomje_2025-03-11_16-50_tf_1h,2021-06-29 11:00:00,304.76965,303.46817
Oklaj,Potomje_2025-03-11_16-50_tf_1h,2021-06-29 12:00:00,305.29697,304.08273
Oklaj,Potomje_2025-03-11_16-50_tf_1h,2021-06-29 13:00:00,305.58432,304.29965
Oklaj,Potomje_2025-03-11_16-50_tf_1h,2021-06-29 14:00:00,305.91342,304.41312
Oklaj,Potomje_2025-03-11_16-50_tf_1h,2021-06-29 15:00:00,305.9803,304.64594
Oklaj,Potomje_2025-03-11_16-50_tf_1h,2021-06-29 16:00:00,304.99332,304.44812
Oklaj,Potomje_2025-03-11_16-50_tf_1h,2021-06-29 17:00:00,303.66803,303.08514
Oklaj,Potomje_2025-03-11_16-50_tf_1h,2021-06-29 18:00:00,302.81,301.7573
Oklaj,Potomje_2025-03-11_16-50_tf_1h,2021-06-29 19:00:00,301.8564,300.96838
Oklaj,Potomje_2025-03-11_16-50_tf_1h,2021-06-29 20:00:00,300.3867,299.9844
Oklaj,Potomje_2025-03-11_16-50_tf_1h,2021-06-29 21:00:00,299.27512,298.56238
Oklaj,Potomje_2025-03-11_16-50_tf_1h,2021-06-29 22:00:00,298.8907,297.5995
Oklaj,Potomje_2025-03-11_16-50_tf_1h,2021-06-29 23:00:00,299.08887,297.2849
Oklaj,Potomje_2025-03-11_16-50_tf_1h,2021-06-30 00:00:00,298.40555,297.52008
Oklaj,Potomje_2025-03-11_16-50_tf_1h,2021-06-30 01:00:00,296.6353,296.88336
Oklaj,Potomje_2025-03-11_16-50_tf_1h,2021-06-30 02:00:00,295.9281,295.13687
Oklaj,Potomje_2025-03-11_16-50_tf_1h,2021-06-30 03:00:00,295.59064,294.72122
Oklaj,Potomje_2025-03-11_16-50_tf_1h,2021-06-30 04:00:00,296.04352,294.45502
Oklaj,Potomje_2025-03-11_16-50_tf_1h,2021-06-30 05:00:00,297.00784,295.3695
Oklaj,Potomje_2025-03-11_16-50_tf_1h,2021-06-30 06:00:00,297.27725,296.82632
Oklaj,Potomje_2025-03-11_16-50_tf_1h,2021-06-30 07:00:00,298.94003,296.82
Oklaj,Potomje_2025-03-11_16-50_tf_1h,2021-06-30 08:00:00,300.23944,300.1239
Oklaj,Potomje_2025-03-11_16-50_tf_1h,2021-06-30 09:00:00,301.65903,300.6587
Oklaj,Potomje_2025-03-11_16-50_tf_1h,2021-06-30 10:00:00,302.8701,301.98422
Oklaj,Potomje_2025-03-11_16-50_tf_1h,2021-06-30 11:00:00,303.635,302.65546
Oklaj,Potomje_2025-03-11_16-50_tf_1h,2021-06-30 12:00:00,304.2447,303.04605
Oklaj,Potomje_2025-03-11_16-50_tf_1h,2021-06-30 13:00:00,304.50616,303.46014
Oklaj,Potomje_2025-03-11_16-50_tf_1h,2021-06-30 14:00:00,304.47632,303.41284
Oklaj,Potomje_2025-03-11_16-50_tf_1h,2021-06-30 15:00:00,304.23636,303.19275
Oklaj,Potomje_2025-03-11_16-50_tf_1h,2021-06-30 16:00:00,303.81647,302.81888
Oklaj,Potomje_2025-03-11_16-50_tf_1h,2021-06-30 17:00:00,303.20358,302.2894
Oklaj,Potomje_2025-03-11_16-50_tf_1h,2021-06-30 18:00:00,302.57556,301.5696
Oklaj,Potomje_2025-03-11_16-50_tf_1h,2021-06-30 19:00:00,301.6849,300.90927
Oklaj,Potomje_2025-03-11_16-50_tf_1h,2021-06-30 20:00:00,300.02493,299.99033
Oklaj,Potomje_2025-03-11_16-50_tf_1h,2021-06-30 21:00:00,299.13544,298.29382
Oklaj,Potomje_2025-03-11_16-50_tf_1h,2021-06-30 22:00:00,299.19553,297.6603
Oklaj,Potomje_2025-03-11_16-50_tf_1h,2021-06-30 23:00:00,298.21332,297.79828
Oklaj,Potomje_2025-03-11_16-50_tf_1h,2021-07-01 00:00:00,297.43805,296.71515
Oklaj,Potomje_2025-03-11_16-50_tf_1h,2021-07-01 01:00:00,297.67783,296.1109
Oklaj,Potomje_2025-03-11_16-50_tf_1h,2021-07-01 02:00:00,297.09708,296.54813
Oklaj,Potomje_2025-03-11_16-50_tf_1h,2021-07-01 03:00:00,296.08408,295.8508
Oklaj,Potomje_2025-03-11_16-50_tf_1h,2021-07-01 04:00:00,295.57126,294.78854
Oklaj,Potomje_2025-03-11_16-50_tf_1h,2021-07-01 05:00:00,295.34283,294.4885
Oklaj,Potomje_2025-03-11_16-50_tf_1h,2021-07-01 06:00:00,295.67056,294.33105
Oklaj,Potomje_2025-03-11_16-50_tf_1h,2021-07-01 07:00:00,297.21698,295.35312
Oklaj,Potomje_2025-03-11_16-50_tf_1h,2021-07-01 08:00:00,299.02716,298.22482
Oklaj,Potomje_2025-03-11_16-50_tf_1h,2021-07-01 09:00:00,300.1825,299.98444
Oklaj,Potomje_2025-03-11_16-50_tf_1h,2021-07-01 10:00:00,301.1537,300.41623
Oklaj,Potomje_2025-03-11_16-50_tf_1h,2021-07-01 11:00:00,302.0142,301.08682
Oklaj,Potomje_2025-03-11_16-50_tf_1h,2021-07-01 12:00:00,302.45752,301.64957
Oklaj,Potomje_2025-03-11_16-50_tf_1h,2021-07-01 13:00:00,301.9315,301.72415
Oklaj,Potomje_2025-03-11_16-50_tf_1h,2021-07-01 14:00:00,300.0143,300.66016
Oklaj,Potomje_2025-03-11_16-50_tf_1h,2021-07-01 15:00:00,300.8401,298.16937
Oklaj,Potomje_2025-03-11_16-50_tf_1h,2021-07-01 16:00:00,299.4419,300.36563
Oklaj,Potomje_2025-03-11_16-50_tf_1h,2021-07-01 17:00:00,299.2356,297.69482
Oklaj,Potomje_2025-03-11_16-50_tf_1h,2021-07-01 18:00:00,299.15198,298.28244
Oklaj,Potomje_2025-03-11_16-50_tf_1h,2021-07-01 19:00:00,298.384,298.03915
Oklaj,Potomje_2025-03-11_16-50_tf_1h,2021-07-01 20:00:00,297.69595,297.13083
Oklaj,Potomje_2025-03-11_16-50_tf_1h,2021-07-01 21:00:00,296.39334,296.5335
Oklaj,Potomje_2025-03-11_16-50_tf_1h,2021-07-01 22:00:00,295.20697,295.0875
Oklaj,Potomje_2025-03-11_16-50_tf_1h,2021-07-01 23:00:00,294.35168,294.02228
Oklaj,Potomje_2025-03-11_16-50_tf_1h,2021-07-02 00:00:00,293.624,293.271
Oklaj,Potomje_2025-03-11_16-50_tf_1h,2021-07-02 01:00:00,293.05307,292.59634
Oklaj,Potomje_2025-03-11_16-50_tf_1h,2021-07-02 02:00:00,292.4911,292.1102
Oklaj,Potomje_2025-03-11_16-50_tf_1h,2021-07-02 03:00:00,291.88297,291.57935
Oklaj,Potomje_2025-03-11_16-50_tf_1h,2021-07-02 04:00:00,291.3517,290.94446
Oklaj,Potomje_2025-03-11_16-50_tf_1h,2021-07-02 05:00:00,291.09747,290.3958
Oklaj,Potomje_2025-03-11_16-50_tf_1h,2021-07-02 06:00:00,292.09848,290.65543
Oklaj,Potomje_2025-03-11_16-50_tf_1h,2021-07-02 07:00:00,293.782,293.16925
Oklaj,Potomje_2025-03-11_16-50_tf_1h,2021-07-02 08:00:00,295.64383,295.0995
Oklaj,Potomje_2025-03-11_16-50_tf_1h,2021-07-02 09:00:00,297.66983,296.64215
Oklaj,Potomje_2025-03-11_16-50_tf_1h,2021-07-02 10:00:00,299.48462,298.43427
Oklaj,Potomje_2025-03-11_16-50_tf_1h,2021-07-02 11:00:00,300.75278,299.81873
Oklaj,Potomje_2025-03-11_16-50_tf_1h,2021-07-02 12:00:00,301.64096,300.5828
Oklaj,Potomje_2025-03-11_16-50_tf_1h,2021-07-02 13:00:00,302.07968,301.14902
Oklaj,Potomje_2025-03-11_16-50_tf_1h,2021-07-02 14:00:00,302.24692,301.28223
Oklaj,Potomje_2025-03-11_16-50_tf_1h,2021-07-02 15:00:00,302.2211,301.24576
Oklaj,Potomje_2025-03-11_16-50_tf_1h,2021-07-02 16:00:00,301.9284,301.08466
Oklaj,Potomje_2025-03-11_16-50_tf_1h,2021-07-02 17:00:00,301.28525,300.6479
Oklaj,Potomje_2025-03-11_16-50_tf_1h,2021-07-02 18:00:00,300.40723,299.88858
Oklaj,Potomje_2025-03-11_16-50_tf_1h,2021-07-02 19:00:00,299.35364,298.9733
Oklaj,Potomje_2025-03-11_16-50_tf_1h,2021-07-02 20:00:00,298.22382,297.9276
Oklaj,Potomje_2025-03-11_16-50_tf_1h,2021-07-02 21:00:00,296.96548,296.8456
Oklaj,Potomje_2025-03-11_16-50_tf_1h,2021-07-02 22:00:00,295.92328,295.63837
Oklaj,Potomje_2025-03-11_16-50_tf_1h,2021-07-02 23:00:00,295.00558,294.68655
Oklaj,Potomje_2025-03-11_16-50_tf_1h,2021-07-03 00:00:00,294.2118,293.84213
Oklaj,Potomje_2025-03-11_16-50_tf_1h,2021-07-03 01:00:00,293.41217,293.1317
Oklaj,Potomje_2025-03-11_16-50_tf_1h,2021-07-03 02:00:00,292.83295,292.403
Oklaj,Potomje_2025-03-11_16-50_tf_1h,2021-07-03 03:00:00,292.23776,291.93503
Oklaj,Potomje_2025-03-11_16-50_tf_1h,2021-07-03 04:00:00,291.5199,291.36963
Oklaj,Potomje_2025-03-11_16-50_tf_1h,2021-07-03 05:00:00,291.11438,290.59543
Oklaj,Potomje_2025-03-11_16-50_tf_1h,2021-07-03 06:00:00,292.37302,290.22806
Oklaj,Potomje_2025-03-11_16-50_tf_1h,2021-07-03 07:00:00,294.54535,292.81808
Oklaj,Potomje_2025-03-11_16-50_tf_1h,2021-07-03 08:00:00,296.3946,295.8997
Oklaj,Potomje_2025-03-11_16-50_tf_1h,2021-07-03 09:00:00,297.74792,297.55713
Oklaj,Potomje_2025-03-11_16-50_tf_1h,2021-07-03 10:00:00,299.11447,298.33084
Oklaj,Potomje_2025-03-11_16-50_tf_1h,2021-07-03 11:00:00,300.37494,299.41498
Oklaj,Potomje_2025-03-11_16-50_tf_1h,2021-07-03 12:00:00,301.4061,300.3226
Oklaj,Potomje_2025-03-11_16-50_tf_1h,2021-07-03 13:00:00,302.07382,301.05145
Oklaj,Potomje_2025-03-11_16-50_tf_1h,2021-07-03 14:00:00,302.53067,301.40424
Oklaj,Potomje_2025-03-11_16-50_tf_1h,2021-07-03 15:00:00,302.6392,301.66928
Oklaj,Potomje_2025-03-11_16-50_tf_1h,2021-07-03 16:00:00,302.3453,301.54193
Oklaj,Potomje_2025-03-11_16-50_tf_1h,2021-07-03 17:00:00,301.52014,301.06927
Oklaj,Potomje_2025-03-11_16-50_tf_1h,2021-07-03 18:00:00,300.3971,300.08017
Oklaj,Potomje_2025-03-11_16-50_tf_1h,2021-07-03 19:00:00,299.16763,298.92505
Oklaj,Potomje_2025-03-11_16-50_tf_1h,2021-07-03 20:00:00,298.12637,297.72278
Oklaj,Potomje_2025-03-11_16-50_tf_1h,2021-07-03 21:00:00,297.89734,296.76123
Oklaj,Potomje_2025-03-11_16-50_tf_1h,2021-07-03 22:00:00,297.38544,296.632
Oklaj,Potomje_2025-03-11_16-50_tf_1h,2021-07-03 23:00:00,296.88586,296.12
Oklaj,Potomje_2025-03-11_16-50_tf_1h,2021-07-04 00:00:00,296.52155,295.69736
Oklaj,Potomje_2025-03-11_16-50_tf_1h,2021-07-04 01:00:00,296.10928,295.4047
Oklaj,Potomje_2025-03-11_16-50_tf_1h,2021-07-04 02:00:00,294.18997,295.0449
Oklaj,Potomje_2025-03-11_16-50_tf_1h,2021-07-04 03:00:00,293.7276,292.99823
Oklaj,Potomje_2025-03-11_16-50_tf_1h,2021-07-04 04:00:00,293.3599,292.8448
Oklaj,Potomje_2025-03-11_16-50_tf_1h,2021-07-04 05:00:00,293.2483,292.46738
Oklaj,Potomje_2025-03-11_16-50_tf_1h,2021-07-04 06:00:00,293.30057,292.51074
Oklaj,Potomje_2025-03-11_16-50_tf_1h,2021-07-04 07:00:00,293.5877,292.63434
Oklaj,Potomje_2025-03-11_16-50_tf_1h,2021-07-04 08:00:00,294.3895,293.362
Oklaj,Potomje_2025-03-11_16-50_tf_1h,2021-07-04 09:00:00,296.0278,294.96823
Oklaj,Potomje_2025-03-11_16-50_tf_1h,2021-07-04 10:00:00,298.06396,297.11334
Oklaj,Potomje_2025-03-11_16-50_tf_1h,2021-07-04 11:00:00,299.18118,298.90842
Oklaj,Potomje_2025-03-11_16-50_tf_1h,2021-07-04 12:00:00,300.2615,299.1855
Oklaj,Potomje_2025-03-11_16-50_tf_1h,2021-07-04 13:00:00,301.3077,300.16348
Oklaj,Potomje_2025-03-11_16-50_tf_1h,2021-07-04 14:00:00,301.52783,300.95206
Oklaj,Potomje_2025-03-11_16-50_tf_1h,2021-07-04 15:00:00,301.47464,300.65533
Oklaj,Potomje_2025-03-11_16-50_tf_1h,2021-07-04 16:00:00,301.0633,300.48175
Oklaj,Potomje_2025-03-11_16-50_tf_1h,2021-07-04 17:00:00,300.38416,299.87616
Oklaj,Potomje_2025-03-11_16-50_tf_1h,2021-07-04 18:00:00,299.3014,299.11792
Oklaj,Potomje_2025-03-11_16-50_tf_1h,2021-07-04 19:00:00,298.3219,297.94135
Oklaj,Potomje_2025-03-11_16-50_tf_1h,2021-07-04 20:00:00,297.3335,297.034
Oklaj,Potomje_2025-03-11_16-50_tf_1h,2021-07-04 21:00:00,296.67465,296.06915
Oklaj,Potomje_2025-03-11_16-50_tf_1h,2021-07-04 22:00:00,295.8827,295.5249
Oklaj,Potomje_2025-03-11_16-50_tf_1h,2021-07-04 23:00:00,294.7206,294.74753
Oklaj,Potomje_2025-03-11_16-50_tf_1h,2021-07-05 00:00:00,293.7073,293.5894
Oklaj,Potomje_2025-03-11_16-50_tf_1h,2021-07-05 01:00:00,292.78223,292.67664
Oklaj,Potomje_2025-03-11_16-50_tf_1h,2021-07-05 02:00:00,292.16705,291.8264
Oklaj,Potomje_2025-03-11_16-50_tf_1h,2021-07-05 03:00:00,291.51437,291.29904
Oklaj,Potomje_2025-03-11_16-50_tf_1h,2021-07-05 04:00:00,291.29977,290.64453
Oklaj,Potomje_2025-03-11_16-50_tf_1h,2021-07-05 05:00:00,291.7391,290.60455
Oklaj,Potomje_2025-03-11_16-50_tf_1h,2021-07-05 06:00:00,292.51108,291.30176
Oklaj,Potomje_2025-03-11_16-50_tf_1h,2021-07-05 07:00:00,293.8564,292.34845
Oklaj,Potomje_2025-03-11_16-50_tf_1h,2021-07-05 08:00:00,294.96686,294.4772
Oklaj,Potomje_2025-03-11_16-50_tf_1h,2021-07-05 09:00:00,296.6098,295.7132
Oklaj,Potomje_2025-03-11_16-50_tf_1h,2021-07-05 10:00:00,298.0252,297.53214
Oklaj,Potomje_2025-03-11_16-50_tf_1h,2021-07-05 11:00:00,299.1292,298.39325
Oklaj,Potomje_2025-03-11_16-50_tf_1h,2021-07-05 12:00:00,299.8025,299.1222
Oklaj,Potomje_2025-03-11_16-50_tf_1h,2021-07-05 13:00:00,299.90918,299.4006
Oklaj,Potomje_2025-03-11_16-50_tf_1h,2021-07-05 14:00:00,300.15112,299.15488
Oklaj,Potomje_2025-03-11_16-50_tf_1h,2021-07-05 15:00:00,300.86655,299.40878
Oklaj,Potomje_2025-03-11_16-50_tf_1h,2021-07-05 16:00:00,300.89975,300.1712
Oklaj,Potomje_2025-03-11_16-50_tf_1h,2021-07-05 17:00:00,300.3319,299.84796
Oklaj,Potomje_2025-03-11_16-50_tf_1h,2021-07-05 18:00:00,299.66324,299.11615
Oklaj,Potomje_2025-03-11_16-50_tf_1h,2021-07-05 19:00:00,298.68314,298.42426
Oklaj,Potomje_2025-03-11_16-50_tf_1h,2021-07-05 20:00:00,297.78387,297.3897
Oklaj,Potomje_2025-03-11_16-50_tf_1h,2021-07-05 21:00:00,296.647,296.54303
Oklaj,Potomje_2025-03-11_16-50_tf_1h,2021-07-05 22:00:00,295.67273,295.41226
Oklaj,Potomje_2025-03-11_16-50_tf_1h,2021-07-05 23:00:00,294.65326,294.5206
Oklaj,Potomje_2025-03-11_16-50_tf_1h,2021-07-06 00:00:00,293.73434,293.55057
Oklaj,Potomje_2025-03-11_16-50_tf_1h,2021-07-06 01:00:00,292.95746,292.71072
Oklaj,Potomje_2025-03-11_16-50_tf_1h,2021-07-06 02:00:00,292.3306,292.0142
Oklaj,Potomje_2025-03-11_16-50_tf_1h,2021-07-06 03:00:00,291.80212,291.48312
Oklaj,Potomje_2025-03-11_16-50_tf_1h,2021-07-06 04:00:00,291.3265,290.98203
Oklaj,Potomje_2025-03-11_16-50_tf_1h,2021-07-06 05:00:00,291.16296,290.535
Oklaj,Potomje_2025-03-11_16-50_tf_1h,2021-07-06 06:00:00,292.769,290.4586
Oklaj,Potomje_2025-03-11_16-50_tf_1h,2021-07-06 07:00:00,295.52393,293.24838
Oklaj,Potomje_2025-03-11_16-50_tf_1h,2021-07-06 08:00:00,297.9708,296.9081
Oklaj,Potomje_2025-03-11_16-50_tf_1h,2021-07-06 09:00:00,299.90857,299.08765
Oklaj,Potomje_2025-03-11_16-50_tf_1h,2021-07-06 10:00:00,301.50137,300.5512
Oklaj,Potomje_2025-03-11_16-50_tf_1h,2021-07-06 11:00:00,302.71484,301.6057
Oklaj,Potomje_2025-03-11_16-50_tf_1h,2021-07-06 12:00:00,303.68726,302.36578
Oklaj,Potomje_2025-03-11_16-50_tf_1h,2021-07-06 13:00:00,304.31256,303.032
Oklaj,Potomje_2025-03-11_16-50_tf_1h,2021-07-06 14:00:00,304.63724,303.33145
Oklaj,Potomje_2025-03-11_16-50_tf_1h,2021-07-06 15:00:00,304.43832,303.3773
Oklaj,Potomje_2025-03-11_16-50_tf_1h,2021-07-06 16:00:00,303.9409,302.89047
Oklaj,Potomje_2025-03-11_16-50_tf_1h,2021-07-06 17:00:00,302.98752,302.2622
Oklaj,Potomje_2025-03-11_16-50_tf_1h,2021-07-06 18:00:00,301.8697,301.20328
Oklaj,Potomje_2025-03-11_16-50_tf_1h,2021-07-06 19:00:00,300.7248,300.10776
Oklaj,Potomje_2025-03-11_16-50_tf_1h,2021-07-06 20:00:00,299.06372,299.0155
Oklaj,Potomje_2025-03-11_16-50_tf_1h,2021-07-06 21:00:00,299.35733,297.43475
Oklaj,Potomje_2025-03-11_16-50_tf_1h,2021-07-06 22:00:00,296.72202,297.8096
Oklaj,Potomje_2025-03-11_16-50_tf_1h,2021-07-06 23:00:00,295.4111,295.13345
Oklaj,Potomje_2025-03-11_16-50_tf_1h,2021-07-07 00:00:00,294.44208,294.14307
Oklaj,Potomje_2025-03-11_16-50_tf_1h,2021-07-07 01:00:00,293.65164,293.21573
Oklaj,Potomje_2025-03-11_16-50_tf_1h,2021-07-07 02:00:00,293.04263,292.53323
Oklaj,Potomje_2025-03-11_16-50_tf_1h,2021-07-07 03:00:00,292.64755,292.03372
Oklaj,Potomje_2025-03-11_16-50_tf_1h,2021-07-07 04:00:00,292.3801,291.73157
Oklaj,Potomje_2025-03-11_16-50_tf_1h,2021-07-07 05:00:00,292.2814,291.5014
Oklaj,Potomje_2025-03-11_16-50_tf_1h,2021-07-07 06:00:00,294.20627,291.38925
Oklaj,Potomje_2025-03-11_16-50_tf_1h,2021-07-07 07:00:00,299.23282,295.32727
Oklaj,Potomje_2025-03-11_16-50_tf_1h,2021-07-07 08:00:00,301.94778,302.26022
Oklaj,Potomje_2025-03-11_16-50_tf_1h,2021-07-07 09:00:00,303.63898,302.6559
Oklaj,Potomje_2025-03-11_16-50_tf_1h,2021-07-07 10:00:00,304.91208,303.84973
Oklaj,Potomje_2025-03-11_16-50_tf_1h,2021-07-07 11:00:00,305.85742,304.4721
Oklaj,Potomje_2025-03-11_16-50_tf_1h,2021-07-07 12:00:00,306.45047,305.10825
Oklaj,Potomje_2025-03-11_16-50_tf_1h,2021-07-07 13:00:00,306.80466,305.32812
Oklaj,Potomje_2025-03-11_16-50_tf_1h,2021-07-07 14:00:00,306.919,305.44418
Oklaj,Potomje_2025-03-11_16-50_tf_1h,2021-07-07 15:00:00,306.79327,305.28967
Oklaj,Potomje_2025-03-11_16-50_tf_1h,2021-07-07 16:00:00,306.33582,304.93707
Oklaj,Potomje_2025-03-11_16-50_tf_1h,2021-07-07 17:00:00,305.51157,304.28378
Oklaj,Potomje_2025-03-11_16-50_tf_1h,2021-07-07 18:00:00,304.48413,303.35202
Oklaj,Potomje_2025-03-11_16-50_tf_1h,2021-07-07 19:00:00,303.11234,302.31787
Oklaj,Potomje_2025-03-11_16-50_tf_1h,2021-07-07 20:00:00,302.5937,300.98337
Oklaj,Potomje_2025-03-11_16-50_tf_1h,2021-07-07 21:00:00,301.60037,300.53644
Oklaj,Potomje_2025-03-11_16-50_tf_1h,2021-07-07 22:00:00,298.90387,299.5351
Oklaj,Potomje_2025-03-11_16-50_tf_1h,2021-07-07 23:00:00,297.52103,297.0891
Oklaj,Potomje_2025-03-11_16-50_tf_1h,2021-07-08 00:00:00,296.2707,296.0268
Oklaj,Potomje_2025-03-11_16-50_tf_1h,2021-07-08 01:00:00,295.2257,294.8467
Oklaj,Potomje_2025-03-11_16-50_tf_1h,2021-07-08 02:00:00,294.52383,293.86377
Oklaj,Potomje_2025-03-11_16-50_tf_1h,2021-07-08 03:00:00,294.03165,293.1909
Oklaj,Potomje_2025-03-11_16-50_tf_1h,2021-07-08 04:00:00,293.59354,292.77313
Oklaj,Potomje_2025-03-11_16-50_tf_1h,2021-07-08 05:00:00,293.39987,292.2793
Oklaj,Potomje_2025-03-11_16-50_tf_1h,2021-07-08 06:00:00,295.14795,292.319
Oklaj,Potomje_2025-03-11_16-50_tf_1h,2021-07-08 07:00:00,300.70053,296.5146
Oklaj,Potomje_2025-03-11_16-50_tf_1h,2021-07-08 08:00:00,303.39764,304.38608
Oklaj,Potomje_2025-03-11_16-50_tf_1h,2021-07-08 09:00:00,305.11774,303.81857
Oklaj,Potomje_2025-03-11_16-50_tf_1h,2021-07-08 10:00:00,306.40036,305.36688
Oklaj,Potomje_2025-03-11_16-50_tf_1h,2021-07-08 11:00:00,307.23843,305.8025
Oklaj,Potomje_2025-03-11_16-50_tf_1h,2021-07-08 12:00:00,307.79672,306.38242
Oklaj,Potomje_2025-03-11_16-50_tf_1h,2021-07-08 13:00:00,308.13306,306.57892
Oklaj,Potomje_2025-03-11_16-50_tf_1h,2021-07-08 14:00:00,308.28677,306.71695
Oklaj,Potomje_2025-03-11_16-50_tf_1h,2021-07-08 15:00:00,308.15704,306.62033
Oklaj,Potomje_2025-03-11_16-50_tf_1h,2021-07-08 16:00:00,307.99503,306.24484
Oklaj,Potomje_2025-03-11_16-50_tf_1h,2021-07-08 17:00:00,307.2618,305.9395
Oklaj,Potomje_2025-03-11_16-50_tf_1h,2021-07-08 18:00:00,305.83682,304.95364
Oklaj,Potomje_2025-03-11_16-50_tf_1h,2021-07-08 19:00:00,304.27722,303.46085
Oklaj,Potomje_2025-03-11_16-50_tf_1h,2021-07-08 20:00:00,302.98477,301.98325
Oklaj,Potomje_2025-03-11_16-50_tf_1h,2021-07-08 21:00:00,301.257,300.77878
Oklaj,Potomje_2025-03-11_16-50_tf_1h,2021-07-08 22:00:00,300.00296,299.15424
Oklaj,Potomje_2025-03-11_16-50_tf_1h,2021-07-08 23:00:00,300.76047,298.11237
Oklaj,Potomje_2025-03-11_16-50_tf_1h,2021-07-09 00:00:00,300.52744,298.88483
Oklaj,Potomje_2025-03-11_16-50_tf_1h,2021-07-09 01:00:00,300.11148,298.58197
Oklaj,Potomje_2025-03-11_16-50_tf_1h,2021-07-09 02:00:00,299.56393,298.32086
Oklaj,Potomje_2025-03-11_16-50_tf_1h,2021-07-09 03:00:00,299.03976,297.89362
Oklaj,Potomje_2025-03-11_16-50_tf_1h,2021-07-09 04:00:00,297.25662,297.55652
Oklaj,Potomje_2025-03-11_16-50_tf_1h,2021-07-09 05:00:00,296.40842,294.95132
Oklaj,Potomje_2025-03-11_16-50_tf_1h,2021-07-09 06:00:00,296.77673,294.93076
Oklaj,Potomje_2025-03-11_16-50_tf_1h,2021-07-09 07:00:00,299.49722,296.58926
Oklaj,Potomje_2025-03-11_16-50_tf_1h,2021-07-09 08:00:00,301.48724,301.61597
Oklaj,Potomje_2025-03-11_16-50_tf_1h,2021-07-09 09:00:00,302.66995,302.29852
Oklaj,Potomje_2025-03-11_16-50_tf_1h,2021-07-09 10:00:00,303.07578,302.85815
Oklaj,Potomje_2025-03-11_16-50_tf_1h,2021-07-09 11:00:00,303.54797,302.42694
Oklaj,Potomje_2025-03-11_16-50_tf_1h,2021-07-09 12:00:00,304.44202,302.9481
Oklaj,Potomje_2025-03-11_16-50_tf_1h,2021-07-09 13:00:00,305.15402,303.8778
Oklaj,Potomje_2025-03-11_16-50_tf_1h,2021-07-09 14:00:00,305.1731,304.3075
Oklaj,Potomje_2025-03-11_16-50_tf_1h,2021-07-09 15:00:00,304.84198,303.8792
Oklaj,Potomje_2025-03-11_16-50_tf_1h,2021-07-09 16:00:00,304.41833,303.3985
Oklaj,Potomje_2025-03-11_16-50_tf_1h,2021-07-09 17:00:00,303.7481,302.89917
Oklaj,Potomje_2025-03-11_16-50_tf_1h,2021-07-09 18:00:00,302.82275,302.11884
Oklaj,Potomje_2025-03-11_16-50_tf_1h,2021-07-09 19:00:00,301.46695,301.13373
Oklaj,Potomje_2025-03-11_16-50_tf_1h,2021-07-09 20:00:00,300.3393,299.69125
Oklaj,Potomje_2025-03-11_16-50_tf_1h,2021-07-09 21:00:00,298.77875,298.71786
Oklaj,Potomje_2025-03-11_16-50_tf_1h,2021-07-09 22:00:00,297.98004,297.05795
Oklaj,Potomje_2025-03-11_16-50_tf_1h,2021-07-09 23:00:00,296.76535,296.5847
Oklaj,Potomje_2025-03-11_16-50_tf_1h,2021-07-10 00:00:00,295.4446,295.2519
Oklaj,Potomje_2025-03-11_16-50_tf_1h,2021-07-10 01:00:00,293.43152,294.0191
Oklaj,Potomje_2025-03-11_16-50_tf_1h,2021-07-10 02:00:00,292.11295,291.7969
Oklaj,Potomje_2025-03-11_16-50_tf_1h,2021-07-10 03:00:00,291.48978,290.7898
Oklaj,Potomje_2025-03-11_16-50_tf_1h,2021-07-10 04:00:00,291.79935,290.40265
Oklaj,Potomje_2025-03-11_16-50_tf_1h,2021-07-10 05:00:00,292.36566,291.17062
Oklaj,Potomje_2025-03-11_16-50_tf_1h,2021-07-10 06:00:00,294.3695,292.11868
Oklaj,Potomje_2025-03-11_16-50_tf_1h,2021-07-10 07:00:00,296.8462,296.03128
Oklaj,Potomje_2025-03-11_16-50_tf_1h,2021-07-10 08:00:00,298.8679,298.56473
Oklaj,Potomje_2025-03-11_16-50_tf_1h,2021-07-10 09:00:00,300.4638,299.96457
Oklaj,Potomje_2025-03-11_16-50_tf_1h,2021-07-10 10:00:00,301.78424,300.93243
Oklaj,Potomje_2025-03-11_16-50_tf_1h,2021-07-10 11:00:00,303.2184,301.8005
Oklaj,Potomje_2025-03-11_16-50_tf_1h,2021-07-10 12:00:00,304.44846,303.07047
Oklaj,Potomje_2025-03-11_16-50_tf_1h,2021-07-10 13:00:00,305.03842,303.9367
Oklaj,Potomje_2025-03-11_16-50_tf_1h,2021-07-10 14:00:00,305.16632,304.07346
Oklaj,Potomje_2025-03-11_16-50_tf_1h,2021-07-10 15:00:00,305.41226,303.94345
Oklaj,Potomje_2025-03-11_16-50_tf_1h,2021-07-10 16:00:00,305.40674,304.11737
Oklaj,Potomje_2025-03-11_16-50_tf_1h,2021-07-10 17:00:00,304.75067,303.82626
Oklaj,Potomje_2025-03-11_16-50_tf_1h,2021-07-10 18:00:00,304.08014,302.9196
Oklaj,Potomje_2025-03-11_16-50_tf_1h,2021-07-10 19:00:00,303.02472,302.21146
Oklaj,Potomje_2025-03-11_16-50_tf_1h,2021-07-10 20:00:00,301.04453,301.08075
Oklaj,Potomje_2025-03-11_16-50_tf_1h,2021-07-10 21:00:00,299.53842,299.14786
Oklaj,Potomje_2025-03-11_16-50_tf_1h,2021-07-10 22:00:00,297.93115,297.83633
Oklaj,Potomje_2025-03-11_16-50_tf_1h,2021-07-10 23:00:00,296.5019,296.35364
Oklaj,Potomje_2025-03-11_16-50_tf_1h,2021-07-11 00:00:00,295.35852,295.09363
Oklaj,Potomje_2025-03-11_16-50_tf_1h,2021-07-11 01:00:00,294.52414,294.0701
Oklaj,Potomje_2025-03-11_16-50_tf_1h,2021-07-11 02:00:00,293.82965,293.3197
Oklaj,Potomje_2025-03-11_16-50_tf_1h,2021-07-11 03:00:00,293.14685,292.70526
Oklaj,Potomje_2025-03-11_16-50_tf_1h,2021-07-11 04:00:00,292.62112,292.07013
Oklaj,Potomje_2025-03-11_16-50_tf_1h,2021-07-11 05:00:00,292.3681,291.53693
Oklaj,Potomje_2025-03-11_16-50_tf_1h,2021-07-11 06:00:00,293.94095,291.31757
Oklaj,Potomje_2025-03-11_16-50_tf_1h,2021-07-11 07:00:00,297.61203,294.58472
Oklaj,Potomje_2025-03-11_16-50_tf_1h,2021-07-11 08:00:00,299.52057,300.00458
Oklaj,Potomje_2025-03-11_16-50_tf_1h,2021-07-11 09:00:00,300.96707,300.2535
Oklaj,Potomje_2025-03-11_16-50_tf_1h,2021-07-11 10:00:00,302.00067,301.5529
Oklaj,Potomje_2025-03-11_16-50_tf_1h,2021-07-11 11:00:00,302.88086,301.85504
Oklaj,Potomje_2025-03-11_16-50_tf_1h,2021-07-11 12:00:00,303.63037,302.4971
Oklaj,Potomje_2025-03-11_16-50_tf_1h,2021-07-11 13:00:00,304.02112,302.9772
Oklaj,Potomje_2025-03-11_16-50_tf_1h,2021-07-11 14:00:00,303.33002,303.0885
Oklaj,Potomje_2025-03-11_16-50_tf_1h,2021-07-11 15:00:00,303.144,301.8131
Oklaj,Potomje_2025-03-11_16-50_tf_1h,2021-07-11 16:00:00,302.8295,301.9902
Oklaj,Potomje_2025-03-11_16-50_tf_1h,2021-07-11 17:00:00,302.40433,301.4459
Oklaj,Potomje_2025-03-11_16-50_tf_1h,2021-07-11 18:00:00,301.953,301.01312
Oklaj,Potomje_2025-03-11_16-50_tf_1h,2021-07-11 19:00:00,301.0719,300.48462
Oklaj,Potomje_2025-03-11_16-50_tf_1h,2021-07-11 20:00:00,299.68445,299.4909
Oklaj,Potomje_2025-03-11_16-50_tf_1h,2021-07-11 21:00:00,298.41595,298.1024
Oklaj,Potomje_2025-03-11_16-50_tf_1h,2021-07-11 22:00:00,296.817,296.94415
Oklaj,Potomje_2025-03-11_16-50_tf_1h,2021-07-11 23:00:00,295.51285,295.37418
Oklaj,Potomje_2025-03-11_16-50_tf_1h,2021-07-12 00:00:00,294.49155,294.196
Oklaj,Potomje_2025-03-11_16-50_tf_1h,2021-07-12 01:00:00,293.71683,293.27417
Oklaj,Potomje_2025-03-11_16-50_tf_1h,2021-07-12 02:00:00,293.06323,292.60916
Oklaj,Potomje_2025-03-11_16-50_tf_1h,2021-07-12 03:00:00,292.63773,292.0598
Oklaj,Potomje_2025-03-11_16-50_tf_1h,2021-07-12 04:00:00,292.24945,291.699
Oklaj,Potomje_2025-03-11_16-50_tf_1h,2021-07-12 05:00:00,292.3343,291.2157
Oklaj,Potomje_2025-03-11_16-50_tf_1h,2021-07-12 06:00:00,293.94556,291.7193
Oklaj,Potomje_2025-03-11_16-50_tf_1h,2021-07-12 07:00:00,296.77548,295.02048
Oklaj,Potomje_2025-03-11_16-50_tf_1h,2021-07-12 08:00:00,298.79626,298.7145
Oklaj,Potomje_2025-03-11_16-50_tf_1h,2021-07-12 09:00:00,300.70853,299.78226
Oklaj,Potomje_2025-03-11_16-50_tf_1h,2021-07-12 10:00:00,302.44922,301.34802
Oklaj,Potomje_2025-03-11_16-50_tf_1h,2021-07-12 11:00:00,303.74167,302.55765
Oklaj,Potomje_2025-03-11_16-50_tf_1h,2021-07-12 12:00:00,304.70547,303.37173
Oklaj,Potomje_2025-03-11_16-50_tf_1h,2021-07-12 13:00:00,305.22012,303.9958
Oklaj,Potomje_2025-03-11_16-50_tf_1h,2021-07-12 14:00:00,305.123,304.16696
Oklaj,Potomje_2025-03-11_16-50_tf_1h,2021-07-12 15:00:00,304.66367,303.74023
Oklaj,Potomje_2025-03-11_16-50_tf_1h,2021-07-12 16:00:00,304.10782,303.12332
Oklaj,Potomje_2025-03-11_16-50_tf_1h,2021-07-12 17:00:00,303.39395,302.47504
Oklaj,Potomje_2025-03-11_16-50_tf_1h,2021-07-12 18:00:00,302.51407,301.66196
Oklaj,Potomje_2025-03-11_16-50_tf_1h,2021-07-12 19:00:00,301.47833,300.73624
Oklaj,Potomje_2025-03-11_16-50_tf_1h,2021-07-12 20:00:00,300.39215,299.70392
Oklaj,Potomje_2025-03-11_16-50_tf_1h,2021-07-12 21:00:00,298.0907,298.67252
Oklaj,Potomje_2025-03-11_16-50_tf_1h,2021-07-12 22:00:00,296.76718,296.43942
Oklaj,Potomje_2025-03-11_16-50_tf_1h,2021-07-12 23:00:00,296.2387,295.3557
Oklaj,Potomje_2025-03-11_16-50_tf_1h,2021-07-13 00:00:00,296.00998,294.928
Oklaj,Potomje_2025-03-11_16-50_tf_1h,2021-07-13 01:00:00,295.1516,294.78635
Oklaj,Potomje_2025-03-11_16-50_tf_1h,2021-07-13 02:00:00,294.12878,293.9472
Oklaj,Potomje_2025-03-11_16-50_tf_1h,2021-07-13 03:00:00,293.6738,292.99872
Oklaj,Potomje_2025-03-11_16-50_tf_1h,2021-07-13 04:00:00,293.5419,292.70374
Oklaj,Potomje_2025-03-11_16-50_tf_1h,2021-07-13 05:00:00,293.60522,292.67267
Oklaj,Potomje_2025-03-11_16-50_tf_1h,2021-07-13 06:00:00,295.29642,292.78564
Oklaj,Potomje_2025-03-11_16-50_tf_1h,2021-07-13 07:00:00,299.44434,296.20392
Oklaj,Potomje_2025-03-11_16-50_tf_1h,2021-07-13 08:00:00,301.57455,301.96982
Oklaj,Potomje_2025-03-11_16-50_tf_1h,2021-07-13 09:00:00,303.25375,302.1134
Oklaj,Potomje_2025-03-11_16-50_tf_1h,2021-07-13 10:00:00,304.64706,303.57773
Oklaj,Potomje_2025-03-11_16-50_tf_1h,2021-07-13 11:00:00,305.6822,304.2962
Oklaj,Potomje_2025-03-11_16-50_tf_1h,2021-07-13 12:00:00,306.22882,305.0122
Oklaj,Potomje_2025-03-11_16-50_tf_1h,2021-07-13 13:00:00,306.33334,305.12433
Oklaj,Potomje_2025-03-11_16-50_tf_1h,2021-07-13 14:00:00,306.20422,304.9524
Oklaj,Potomje_2025-03-11_16-50_tf_1h,2021-07-13 15:00:00,306.05203,304.63293
Oklaj,Potomje_2025-03-11_16-50_tf_1h,2021-07-13 16:00:00,306.04773,304.34366
Oklaj,Potomje_2025-03-11_16-50_tf_1h,2021-07-13 17:00:00,305.6619,304.2079
Oklaj,Potomje_2025-03-11_16-50_tf_1h,2021-07-13 18:00:00,304.72238,303.6025
Oklaj,Potomje_2025-03-11_16-50_tf_1h,2021-07-13 19:00:00,303.51047,302.56186
Oklaj,Potomje_2025-03-11_16-50_tf_1h,2021-07-13 20:00:00,302.31946,301.36697
Oklaj,Potomje_2025-03-11_16-50_tf_1h,2021-07-13 21:00:00,301.84634,300.25272
Oklaj,Potomje_2025-03-11_16-50_tf_1h,2021-07-13 22:00:00,301.13647,299.8459
Oklaj,Potomje_2025-03-11_16-50_tf_1h,2021-07-13 23:00:00,300.45795,299.15918
Oklaj,Potomje_2025-03-11_16-50_tf_1h,2021-07-14 00:00:00,300.2234,298.58456
Oklaj,Potomje_2025-03-11_16-50_tf_1h,2021-07-14 01:00:00,300.1087,298.42444
Oklaj,Potomje_2025-03-11_16-50_tf_1h,2021-07-14 02:00:00,299.67184,298.36478
Oklaj,Potomje_2025-03-11_16-50_tf_1h,2021-07-14 03:00:00,299.15997,298.0231
Oklaj,Potomje_2025-03-11_16-50_tf_1h,2021-07-14 04:00:00,298.64316,297.7144
Oklaj,Potomje_2025-03-11_16-50_tf_1h,2021-07-14 05:00:00,297.95206,297.2974
Oklaj,Potomje_2025-03-11_16-50_tf_1h,2021-07-14 06:00:00,297.60587,296.4121
Oklaj,Potomje_2025-03-11_16-50_tf_1h,2021-07-14 07:00:00,297.56467,296.48065
Oklaj,Potomje_2025-03-11_16-50_tf_1h,2021-07-14 08:00:00,299.05267,297.0975
Oklaj,Potomje_2025-03-11_16-50_tf_1h,2021-07-14 09:00:00,299.00226,300.1619
Oklaj,Potomje_2025-03-11_16-50_tf_1h,2021-07-14 10:00:00,296.12527,298.5495
Oklaj,Potomje_2025-03-11_16-50_tf_1h,2021-07-14 11:00:00,296.23718,293.74557
Oklaj,Potomje_2025-03-11_16-50_tf_1h,2021-07-14 12:00:00,298.0074,296.46664
Oklaj,Potomje_2025-03-11_16-50_tf_1h,2021-07-14 13:00:00,299.47876,298.5791
Oklaj,Potomje_2025-03-11_16-50_tf_1h,2021-07-14 14:00:00,298.65054,299.65857
Oklaj,Potomje_2025-03-11_16-50_tf_1h,2021-07-14 15:00:00,299.29553,297.1485
Oklaj,Potomje_2025-03-11_16-50_tf_1h,2021-07-14 16:00:00,299.033,299.25443
Oklaj,Potomje_2025-03-11_16-50_tf_1h,2021-07-14 17:00:00,299.0253,297.94666
Oklaj,Potomje_2025-03-11_16-50_tf_1h,2021-07-14 18:00:00,298.8719,298.3817
Oklaj,Potomje_2025-03-11_16-50_tf_1h,2021-07-14 19:00:00,298.24197,298.02945
Oklaj,Potomje_2025-03-11_16-50_tf_1h,2021-07-14 20:00:00,297.169,297.2128
Oklaj,Potomje_2025-03-11_16-50_tf_1h,2021-07-14 21:00:00,295.59216,295.93378
Oklaj,Potomje_2025-03-11_16-50_tf_1h,2021-07-14 22:00:00,294.5509,294.12823
Oklaj,Potomje_2025-03-11_16-50_tf_1h,2021-07-14 23:00:00,293.77277,293.43457
Oklaj,Potomje_2025-03-11_16-50_tf_1h,2021-07-15 00:00:00,293.38632,292.7511
Oklaj,Potomje_2025-03-11_16-50_tf_1h,2021-07-15 01:00:00,292.77484,292.60355
Oklaj,Potomje_2025-03-11_16-50_tf_1h,2021-07-15 02:00:00,292.32968,291.85788
Oklaj,Potomje_2025-03-11_16-50_tf_1h,2021-07-15 03:00:00,291.9088,291.5212
Oklaj,Potomje_2025-03-11_16-50_tf_1h,2021-07-15 04:00:00,291.91678,291.0957
Oklaj,Potomje_2025-03-11_16-50_tf_1h,2021-07-15 05:00:00,291.95428,291.41934
Oklaj,Potomje_2025-03-11_16-50_tf_1h,2021-07-15 06:00:00,293.19296,291.56454
Oklaj,Potomje_2025-03-11_16-50_tf_1h,2021-07-15 07:00:00,295.94113,293.79327
Oklaj,Potomje_2025-03-11_16-50_tf_1h,2021-07-15 08:00:00,298.079,297.25748
Oklaj,Potomje_2025-03-11_16-50_tf_1h,2021-07-15 09:00:00,299.42896,298.70526
Oklaj,Potomje_2025-03-11_16-50_tf_1h,2021-07-15 10:00:00,300.5465,299.70535
Oklaj,Potomje_2025-03-11_16-50_tf_1h,2021-07-15 11:00:00,301.1629,300.4989
Oklaj,Potomje_2025-03-11_16-50_tf_1h,2021-07-15 12:00:00,301.29572,300.64917
Oklaj,Potomje_2025-03-11_16-50_tf_1h,2021-07-15 13:00:00,301.6631,300.45502
Oklaj,Potomje_2025-03-11_16-50_tf_1h,2021-07-15 14:00:00,301.71783,300.82242
Oklaj,Potomje_2025-03-11_16-50_tf_1h,2021-07-15 15:00:00,301.36642,300.64053
Oklaj,Potomje_2025-03-11_16-50_tf_1h,2021-07-15 16:00:00,300.8327,300.14252
Oklaj,Potomje_2025-03-11_16-50_tf_1h,2021-07-15 17:00:00,300.25443,299.54297
Oklaj,Potomje_2025-03-11_16-50_tf_1h,2021-07-15 18:00:00,299.4305,298.94168
Oklaj,Potomje_2025-03-11_16-50_tf_1h,2021-07-15 19:00:00,298.4126,298.07495
Oklaj,Potomje_2025-03-11_16-50_tf_1h,2021-07-15 20:00:00,296.72507,297.06912
Oklaj,Potomje_2025-03-11_16-50_tf_1h,2021-07-15 21:00:00,295.83752,295.3692
Oklaj,Potomje_2025-03-11_16-50_tf_1h,2021-07-15 22:00:00,295.56882,294.6509
Oklaj,Potomje_2025-03-11_16-50_tf_1h,2021-07-15 23:00:00,295.1387,294.47702
Oklaj,Potomje_2025-03-11_16-50_tf_1h,2021-07-16 00:00:00,294.2087,294.08774
Oklaj,Potomje_2025-03-11_16-50_tf_1h,2021-07-16 01:00:00,292.37888,293.17337
Oklaj,Potomje_2025-03-11_16-50_tf_1h,2021-07-16 02:00:00,291.45593,291.2759
Oklaj,Potomje_2025-03-11_16-50_tf_1h,2021-07-16 03:00:00,291.01538,290.54898
Oklaj,Potomje_2025-03-11_16-50_tf_1h,2021-07-16 04:00:00,290.48047,290.2084
Oklaj,Potomje_2025-03-11_16-50_tf_1h,2021-07-16 05:00:00,290.3618,289.5125
Oklaj,Potomje_2025-03-11_16-50_tf_1h,2021-07-16 06:00:00,292.05423,289.86493
Oklaj,Potomje_2025-03-11_16-50_tf_1h,2021-07-16 07:00:00,296.0979,293.44965
Oklaj,Potomje_2025-03-11_16-50_tf_1h,2021-07-16 08:00:00,297.96527,298.73666
Oklaj,Potomje_2025-03-11_16-50_tf_1h,2021-07-16 09:00:00,299.67828,298.61893
Oklaj,Potomje_2025-03-11_16-50_tf_1h,2021-07-16 10:00:00,300.85794,300.2425
Oklaj,Potomje_2025-03-11_16-50_tf_1h,2021-07-16 11:00:00,301.58472,300.70215
Oklaj,Potomje_2025-03-11_16-50_tf_1h,2021-07-16 12:00:00,302.04092,301.10254
Oklaj,Potomje_2025-03-11_16-50_tf_1h,2021-07-16 13:00:00,301.91458,301.27866
Oklaj,Potomje_2025-03-11_16-50_tf_1h,2021-07-16 14:00:00,300.76263,300.82413
Oklaj,Potomje_2025-03-11_16-50_tf_1h,2021-07-16 15:00:00,299.1243,299.29605
Oklaj,Potomje_2025-03-11_16-50_tf_1h,2021-07-16 16:00:00,298.9758,297.59418
Oklaj,Potomje_2025-03-11_16-50_tf_1h,2021-07-16 17:00:00,299.1858,297.91772
Oklaj,Potomje_2025-03-11_16-50_tf_1h,2021-07-16 18:00:00,298.8925,298.11218
Oklaj,Potomje_2025-03-11_16-50_tf_1h,2021-07-16 19:00:00,297.83,297.70764
Oklaj,Potomje_2025-03-11_16-50_tf_1h,2021-07-16 20:00:00,295.6718,296.56027
Oklaj,Potomje_2025-03-11_16-50_tf_1h,2021-07-16 21:00:00,294.328,294.3142
Oklaj,Potomje_2025-03-11_16-50_tf_1h,2021-07-16 22:00:00,293.60953,293.18408
Oklaj,Potomje_2025-03-11_16-50_tf_1h,2021-07-16 23:00:00,293.1293,292.578
Oklaj,Potomje_2025-03-11_16-50_tf_1h,2021-07-17 00:00:00,292.3927,292.18344
Oklaj,Potomje_2025-03-11_16-50_tf_1h,2021-07-17 01:00:00,292.12585,291.49286
Oklaj,Potomje_2025-03-11_16-50_tf_1h,2021-07-17 02:00:00,291.97888,291.37067
Oklaj,Potomje_2025-03-11_16-50_tf_1h,2021-07-17 03:00:00,291.75354,291.2736
Oklaj,Potomje_2025-03-11_16-50_tf_1h,2021-07-17 04:00:00,291.653,290.99512
Oklaj,Potomje_2025-03-11_16-50_tf_1h,2021-07-17 05:00:00,291.53833,290.96933
Oklaj,Potomje_2025-03-11_16-50_tf_1h,2021-07-17 06:00:00,292.1818,291.2961
Oklaj,Potomje_2025-03-11_16-50_tf_1h,2021-07-17 07:00:00,292.3973,293.0367
Oklaj,Potomje_2025-03-11_16-50_tf_1h,2021-07-17 08:00:00,292.86676,292.79437
Oklaj,Potomje_2025-03-11_16-50_tf_1h,2021-07-17 09:00:00,294.9561,293.22644
Oklaj,Potomje_2025-03-11_16-50_tf_1h,2021-07-17 10:00:00,297.71503,296.01205
Oklaj,Potomje_2025-03-11_16-50_tf_1h,2021-07-17 11:00:00,298.50452,298.72607
Oklaj,Potomje_2025-03-11_16-50_tf_1h,2021-07-17 12:00:00,298.9586,298.17526
Oklaj,Potomje_2025-03-11_16-50_tf_1h,2021-07-17 13:00:00,298.74554,298.57056
Oklaj,Potomje_2025-03-11_16-50_tf_1h,2021-07-17 14:00:00,298.68192,297.91553
Oklaj,Potomje_2025-03-11_16-50_tf_1h,2021-07-17 15:00:00,298.86914,297.9254
Oklaj,Potomje_2025-03-11_16-50_tf_1h,2021-07-17 16:00:00,298.96014,298.10297
Oklaj,Potomje_2025-03-11_16-50_tf_1h,2021-07-17 17:00:00,298.16418,298.0844
Oklaj,Potomje_2025-03-11_16-50_tf_1h,2021-07-17 18:00:00,297.35532,297.00687
Oklaj,Potomje_2025-03-11_16-50_tf_1h,2021-07-17 19:00:00,296.59995,296.24637
Oklaj,Potomje_2025-03-11_16-50_tf_1h,2021-07-17 20:00:00,294.4977,295.50836
Oklaj,Potomje_2025-03-11_16-50_tf_1h,2021-07-17 21:00:00,294.13586,293.26068
Oklaj,Potomje_2025-03-11_16-50_tf_1h,2021-07-17 22:00:00,293.98584,293.22495
Oklaj,Potomje_2025-03-11_16-50_tf_1h,2021-07-17 23:00:00,293.7033,293.09912
Oklaj,Potomje_2025-03-11_16-50_tf_1h,2021-07-18 00:00:00,293.61044,292.86533
Oklaj,Potomje_2025-03-11_16-50_tf_1h,2021-07-18 01:00:00,293.18466,292.86005
Oklaj,Potomje_2025-03-11_16-50_tf_1h,2021-07-18 02:00:00,292.96637,292.41965
Oklaj,Potomje_2025-03-11_16-50_tf_1h,2021-07-18 03:00:00,292.79422,292.27975
Oklaj,Potomje_2025-03-11_16-50_tf_1h,2021-07-18 04:00:00,292.7278,292.14084
Oklaj,Potomje_2025-03-11_16-50_tf_1h,2021-07-18 05:00:00,292.6276,292.13065
Oklaj,Potomje_2025-03-11_16-50_tf_1h,2021-07-18 06:00:00,293.2775,292.00934
Oklaj,Potomje_2025-03-11_16-50_tf_1h,2021-07-18 07:00:00,294.83188,293.2478
Oklaj,Potomje_2025-03-11_16-50_tf_1h,2021-07-18 08:00:00,296.73584,295.62302
Oklaj,Potomje_2025-03-11_16-50_tf_1h,2021-07-18 09:00:00,298.22937,297.58954
Oklaj,Potomje_2025-03-11_16-50_tf_1h,2021-07-18 10:00:00,299.67767,298.54425
Oklaj,Potomje_2025-03-11_16-50_tf_1h,2021-07-18 11:00:00,300.4146,299.74045
Oklaj,Potomje_2025-03-11_16-50_tf_1h,2021-07-18 12:00:00,299.9562,299.94833
Oklaj,Potomje_2025-03-11_16-50_tf_1h,2021-07-18 13:00:00,299.37854,298.95715
Oklaj,Potomje_2025-03-11_16-50_tf_1h,2021-07-18 14:00:00,298.79596,298.34723
Oklaj,Potomje_2025-03-11_16-50_tf_1h,2021-07-18 15:00:00,297.79248,297.7046
Oklaj,Potomje_2025-03-11_16-50_tf_1h,2021-07-18 16:00:00,297.4374,296.57462
Oklaj,Potomje_2025-03-11_16-50_tf_1h,2021-07-18 17:00:00,297.62985,296.42136
Oklaj,Potomje_2025-03-11_16-50_tf_1h,2021-07-18 18:00:00,297.53824,296.69302
Oklaj,Potomje_2025-03-11_16-50_tf_1h,2021-07-18 19:00:00,296.83514,296.53192
Oklaj,Potomje_2025-03-11_16-50_tf_1h,2021-07-18 20:00:00,296.1763,295.76944
Oklaj,Potomje_2025-03-11_16-50_tf_1h,2021-07-18 21:00:00,295.4065,295.1656
Oklaj,Potomje_2025-03-11_16-50_tf_1h,2021-07-18 22:00:00,294.33508,294.40836
Oklaj,Potomje_2025-03-11_16-50_tf_1h,2021-07-18 23:00:00,293.66733,293.33664
Oklaj,Potomje_2025-03-11_16-50_tf_1h,2021-07-19 00:00:00,293.83582,292.78925
Oklaj,Potomje_2025-03-11_16-50_tf_1h,2021-07-19 01:00:00,293.96094,293.14514
Oklaj,Potomje_2025-03-11_16-50_tf_1h,2021-07-19 02:00:00,293.9308,293.29068
Oklaj,Potomje_2025-03-11_16-50_tf_1h,2021-07-19 03:00:00,293.88254,293.25934
Oklaj,Potomje_2025-03-11_16-50_tf_1h,2021-07-19 04:00:00,293.90466,293.24445
Oklaj,Potomje_2025-03-11_16-50_tf_1h,2021-07-19 05:00:00,293.94803,293.30457
Oklaj,Potomje_2025-03-11_16-50_tf_1h,2021-07-19 06:00:00,294.10788,293.52237
Oklaj,Potomje_2025-03-11_16-50_tf_1h,2021-07-19 07:00:00,294.4599,294.07678
Oklaj,Potomje_2025-03-11_16-50_tf_1h,2021-07-19 08:00:00,293.88776,294.65576
Oklaj,Potomje_2025-03-11_16-50_tf_1h,2021-07-19 09:00:00,293.38358,293.33072
Oklaj,Potomje_2025-03-11_16-50_tf_1h,2021-07-19 10:00:00,293.525,292.885
Oklaj,Potomje_2025-03-11_16-50_tf_1h,2021-07-19 11:00:00,293.20956,293.3164
Oklaj,Potomje_2025-03-11_16-50_tf_1h,2021-07-19 12:00:00,294.0473,292.66998
Oklaj,Potomje_2025-03-11_16-50_tf_1h,2021-07-19 13:00:00,293.80045,294.1957
Oklaj,Potomje_2025-03-11_16-50_tf_1h,2021-07-19 14:00:00,294.3852,293.22366
Oklaj,Potomje_2025-03-11_16-50_tf_1h,2021-07-19 15:00:00,295.34622,294.347
Oklaj,Potomje_2025-03-11_16-50_tf_1h,2021-07-19 16:00:00,295.51254,295.32693
Oklaj,Potomje_2025-03-11_16-50_tf_1h,2021-07-19 17:00:00,295.69116,295.05347
Oklaj,Potomje_2025-03-11_16-50_tf_1h,2021-07-19 18:00:00,295.80737,295.25946
Oklaj,Potomje_2025-03-11_16-50_tf_1h,2021-07-19 19:00:00,295.2337,295.30505
Oklaj,Potomje_2025-03-11_16-50_tf_1h,2021-07-19 20:00:00,294.2948,294.45746
Oklaj,Potomje_2025-03-11_16-50_tf_1h,2021-07-19 21:00:00,293.82874,293.4232
Oklaj,Potomje_2025-03-11_16-50_tf_1h,2021-07-19 22:00:00,293.58463,293.14575
Oklaj,Potomje_2025-03-11_16-50_tf_1h,2021-07-19 23:00:00,293.42444,292.96332
Oklaj,Potomje_2025-03-11_16-50_tf_1h,2021-07-20 00:00:00,293.23138,292.83524
Oklaj,Potomje_2025-03-11_16-50_tf_1h,2021-07-20 01:00:00,293.00696,292.63846
Oklaj,Potomje_2025-03-11_16-50_tf_1h,2021-07-20 02:00:00,293.133,292.41907
Oklaj,Potomje_2025-03-11_16-50_tf_1h,2021-07-20 03:00:00,293.02325,292.69736
Oklaj,Potomje_2025-03-11_16-50_tf_1h,2021-07-20 04:00:00,292.87628,292.50208
Oklaj,Potomje_2025-03-11_16-50_tf_1h,2021-07-20 05:00:00,292.6989,292.36703
Oklaj,Potomje_2025-03-11_16-50_tf_1h,2021-07-20 06:00:00,293.3061,292.1744
Oklaj,Potomje_2025-03-11_16-50_tf_1h,2021-07-20 07:00:00,294.77777,293.13318
Oklaj,Potomje_2025-03-11_16-50_tf_1h,2021-07-20 08:00:00,296.34323,294.94495
Oklaj,Potomje_2025-03-11_16-50_tf_1h,2021-07-20 09:00:00,297.83154,296.50195
Oklaj,Potomje_2025-03-11_16-50_tf_1h,2021-07-20 10:00:00,298.95184,297.889
Oklaj,Potomje_2025-03-11_16-50_tf_1h,2021-07-20 11:00:00,300.08167,298.761
Oklaj,Potomje_2025-03-11_16-50_tf_1h,2021-07-20 12:00:00,300.77798,299.712
Oklaj,Potomje_2025-03-11_16-50_tf_1h,2021-07-20 13:00:00,301.42145,300.10745
Oklaj,Potomje_2025-03-11_16-50_tf_1h,2021-07-20 14:00:00,301.55304,300.58286
Oklaj,Potomje_2025-03-11_16-50_tf_1h,2021-07-20 15:00:00,301.79898,300.4398
Oklaj,Potomje_2025-03-11_16-50_tf_1h,2021-07-20 16:00:00,301.62067,300.58752
Oklaj,Potomje_2025-03-11_16-50_tf_1h,2021-07-20 17:00:00,300.99902,300.23126
Oklaj,Potomje_2025-03-11_16-50_tf_1h,2021-07-20 18:00:00,299.9728,299.53397
Oklaj,Potomje_2025-03-11_16-50_tf_1h,2021-07-20 19:00:00,298.63763,298.5035
Oklaj,Potomje_2025-03-11_16-50_tf_1h,2021-07-20 20:00:00,297.0239,297.23285
Oklaj,Potomje_2025-03-11_16-50_tf_1h,2021-07-20 21:00:00,295.65613,295.66852
Oklaj,Potomje_2025-03-11_16-50_tf_1h,2021-07-20 22:00:00,294.10574,294.4004
Oklaj,Potomje_2025-03-11_16-50_tf_1h,2021-07-20 23:00:00,292.89566,292.89246
Oklaj,Potomje_2025-03-11_16-50_tf_1h,2021-07-21 00:00:00,292.1283,291.80087
Oklaj,Potomje_2025-03-11_16-50_tf_1h,2021-07-21 01:00:00,291.5399,291.1654
Oklaj,Potomje_2025-03-11_16-50_tf_1h,2021-07-21 02:00:00,291.0941,290.6646
Oklaj,Potomje_2025-03-11_16-50_tf_1h,2021-07-21 03:00:00,290.62402,290.28235
Oklaj,Potomje_2025-03-11_16-50_tf_1h,2021-07-21 04:00:00,290.13644,289.8253
Oklaj,Potomje_2025-03-11_16-50_tf_1h,2021-07-21 05:00:00,289.8579,289.25568
Oklaj,Potomje_2025-03-11_16-50_tf_1h,2021-07-21 06:00:00,291.2355,289.07553
Oklaj,Potomje_2025-03-11_16-50_tf_1h,2021-07-21 07:00:00,294.08545,292.12674
Oklaj,Potomje_2025-03-11_16-50_tf_1h,2021-07-21 08:00:00,296.57626,296.1377
Oklaj,Potomje_2025-03-11_16-50_tf_1h,2021-07-21 09:00:00,298.1906,298.0685
Oklaj,Potomje_2025-03-11_16-50_tf_1h,2021-07-21 10:00:00,299.5046,298.82104
Oklaj,Potomje_2025-03-11_16-50_tf_1h,2021-07-21 11:00:00,300.56433,299.70087
Oklaj,Potomje_2025-03-11_16-50_tf_1h,2021-07-21 12:00:00,301.3231,300.37103
Oklaj,Potomje_2025-03-11_16-50_tf_1h,2021-07-21 13:00:00,301.8082,300.81766
Oklaj,Potomje_2025-03-11_16-50_tf_1h,2021-07-21 14:00:00,301.9825,301.06424
Oklaj,Potomje_2025-03-11_16-50_tf_1h,2021-07-21 15:00:00,301.82388,301.01382
Oklaj,Potomje_2025-03-11_16-50_tf_1h,2021-07-21 16:00:00,301.28833,300.6713
Oklaj,Potomje_2025-03-11_16-50_tf_1h,2021-07-21 17:00:00,300.3273,299.98672
Oklaj,Potomje_2025-03-11_16-50_tf_1h,2021-07-21 18:00:00,299.0742,298.92447
Oklaj,Potomje_2025-03-11_16-50_tf_1h,2021-07-21 19:00:00,297.6317,297.65796
Oklaj,Potomje_2025-03-11_16-50_tf_1h,2021-07-21 20:00:00,296.17108,296.25165
Oklaj,Potomje_2025-03-11_16-50_tf_1h,2021-07-21 21:00:00,294.86572,294.8657
Oklaj,Potomje_2025-03-11_16-50_tf_1h,2021-07-21 22:00:00,293.78262,293.64938
Oklaj,Potomje_2025-03-11_16-50_tf_1h,2021-07-21 23:00:00,292.80682,292.66147
Oklaj,Potomje_2025-03-11_16-50_tf_1h,2021-07-22 00:00:00,291.88727,291.76883
Oklaj,Potomje_2025-03-11_16-50_tf_1h,2021-07-22 01:00:00,291.09317,290.94437
Oklaj,Potomje_2025-03-11_16-50_tf_1h,2021-07-22 02:00:00,290.32675,290.23846
Oklaj,Potomje_2025-03-11_16-50_tf_1h,2021-07-22 03:00:00,289.73245,289.4962
Oklaj,Potomje_2025-03-11_16-50_tf_1h,2021-07-22 04:00:00,289.2218,288.92978
Oklaj,Potomje_2025-03-11_16-50_tf_1h,2021-07-22 05:00:00,288.90115,288.28156
Oklaj,Potomje_2025-03-11_16-50_tf_1h,2021-07-22 06:00:00,290.04666,288.2159
Oklaj,Potomje_2025-03-11_16-50_tf_1h,2021-07-22 07:00:00,292.90335,291.13675
Oklaj,Potomje_2025-03-11_16-50_tf_1h,2021-07-22 08:00:00,295.4443,295.26096
Oklaj,Potomje_2025-03-11_16-50_tf_1h,2021-07-22 09:00:00,297.17856,296.97064
Oklaj,Potomje_2025-03-11_16-50_tf_1h,2021-07-22 10:00:00,298.69943,297.9053
Oklaj,Potomje_2025-03-11_16-50_tf_1h,2021-07-22 11:00:00,299.94177,299.0499
Oklaj,Potomje_2025-03-11_16-50_tf_1h,2021-07-22 12:00:00,300.87915,299.88162
Oklaj,Potomje_2025-03-11_16-50_tf_1h,2021-07-22 13:00:00,301.57425,300.51053
Oklaj,Potomje_2025-03-11_16-50_tf_1h,2021-07-22 14:00:00,301.9779,300.95587
Oklaj,Potomje_2025-03-11_16-50_tf_1h,2021-07-22 15:00:00,302.00897,301.11182
Oklaj,Potomje_2025-03-11_16-50_tf_1h,2021-07-22 16:00:00,301.70093,300.9194
Oklaj,Potomje_2025-03-11_16-50_tf_1h,2021-07-22 17:00:00,301.0384,300.45596
Oklaj,Potomje_2025-03-11_16-50_tf_1h,2021-07-22 18:00:00,300.1284,299.6651
Oklaj,Potomje_2025-03-11_16-50_tf_1h,2021-07-22 19:00:00,298.82208,298.70865
Oklaj,Potomje_2025-03-11_16-50_tf_1h,2021-07-22 20:00:00,297.2477,297.39868
Oklaj,Potomje_2025-03-11_16-50_tf_1h,2021-07-22 21:00:00,295.98108,295.87546
Oklaj,Potomje_2025-03-11_16-50_tf_1h,2021-07-22 22:00:00,294.5546,294.70987
Oklaj,Potomje_2025-03-11_16-50_tf_1h,2021-07-22 23:00:00,293.44934,293.3639
Oklaj,Potomje_2025-03-11_16-50_tf_1h,2021-07-23 00:00:00,292.55194,292.36285
Oklaj,Potomje_2025-03-11_16-50_tf_1h,2021-07-23 01:00:00,291.81042,291.54504
Oklaj,Potomje_2025-03-11_16-50_tf_1h,2021-07-23 02:00:00,291.26657,290.90704
Oklaj,Potomje_2025-03-11_16-50_tf_1h,2021-07-23 03:00:00,290.70364,290.46887
Oklaj,Potomje_2025-03-11_16-50_tf_1h,2021-07-23 04:00:00,290.21637,289.89752
Oklaj,Potomje_2025-03-11_16-50_tf_1h,2021-07-23 05:00:00,289.86282,289.394
Oklaj,Potomje_2025-03-11_16-50_tf_1h,2021-07-23 06:00:00,290.92377,288.98624
Oklaj,Potomje_2025-03-11_16-50_tf_1h,2021-07-23 07:00:00,294.2708,291.392
Oklaj,Potomje_2025-03-11_16-50_tf_1h,2021-07-23 08:00:00,297.69995,296.63397
Oklaj,Potomje_2025-03-11_16-50_tf_1h,2021-07-23 09:00:00,299.46432,299.58405
Oklaj,Potomje_2025-03-11_16-50_tf_1h,2021-07-23 10:00:00,300.92435,300.00226
Oklaj,Potomje_2025-03-11_16-50_tf_1h,2021-07-23 11:00:00,301.98438,301.1037
Oklaj,Potomje_2025-03-11_16-50_tf_1h,2021-07-23 12:00:00,302.79507,301.6357
Oklaj,Potomje_2025-03-11_16-50_tf_1h,2021-07-23 13:00:00,303.19504,302.18945
Oklaj,Potomje_2025-03-11_16-50_tf_1h,2021-07-23 14:00:00,303.35062,302.25873
Oklaj,Potomje_2025-03-11_16-50_tf_1h,2021-07-23 15:00:00,303.24115,302.24823
Oklaj,Potomje_2025-03-11_16-50_tf_1h,2021-07-23 16:00:00,302.9777,301.9532
Oklaj,Potomje_2025-03-11_16-50_tf_1h,2021-07-23 17:00:00,302.38156,301.55237
Oklaj,Potomje_2025-03-11_16-50_tf_1h,2021-07-23 18:00:00,301.40115,300.79962
Oklaj,Potomje_2025-03-11_16-50_tf_1h,2021-07-23 19:00:00,300.33435,299.75848
Oklaj,Potomje_2025-03-11_16-50_tf_1h,2021-07-23 20:00:00,297.80017,298.72162
Oklaj,Potomje_2025-03-11_16-50_tf_1h,2021-07-23 21:00:00,296.33432,296.21356
Oklaj,Potomje_2025-03-11_16-50_tf_1h,2021-07-23 22:00:00,295.0689,295.0057
Oklaj,Potomje_2025-03-11_16-50_tf_1h,2021-07-23 23:00:00,294.09067,293.81552
Oklaj,Potomje_2025-03-11_16-50_tf_1h,2021-07-24 00:00:00,293.06168,292.9315
Oklaj,Potomje_2025-03-11_16-50_tf_1h,2021-07-24 01:00:00,292.33798,291.96603
Oklaj,Potomje_2025-03-11_16-50_tf_1h,2021-07-24 02:00:00,291.92264,291.36426
Oklaj,Potomje_2025-03-11_16-50_tf_1h,2021-07-24 03:00:00,291.57678,291.06766
Oklaj,Potomje_2025-03-11_16-50_tf_1h,2021-07-24 04:00:00,291.13037,290.7167
Oklaj,Potomje_2025-03-11_16-50_tf_1h,2021-07-24 05:00:00,290.74146,290.13492
Oklaj,Potomje_2025-03-11_16-50_tf_1h,2021-07-24 06:00:00,291.79044,289.7739
Oklaj,Potomje_2025-03-11_16-50_tf_1h,2021-07-24 07:00:00,295.93588,292.6096
Oklaj,Potomje_2025-03-11_16-50_tf_1h,2021-07-24 08:00:00,299.0333,298.97208
Oklaj,Potomje_2025-03-11_16-50_tf_1h,2021-07-24 09:00:00,301.01532,300.4435
Oklaj,Potomje_2025-03-11_16-50_tf_1h,2021-07-24 10:00:00,302.28195,301.60388
Oklaj,Potomje_2025-03-11_16-50_tf_1h,2021-07-24 11:00:00,303.30756,302.14636
Oklaj,Potomje_2025-03-11_16-50_tf_1h,2021-07-24 12:00:00,303.75797,302.87323
Oklaj,Potomje_2025-03-11_16-50_tf_1h,2021-07-24 13:00:00,303.78317,302.85593
Oklaj,Potomje_2025-03-11_16-50_tf_1h,2021-07-24 14:00:00,303.59995,302.6556
Oklaj,Potomje_2025-03-11_16-50_tf_1h,2021-07-24 15:00:00,303.54553,302.3278
Oklaj,Potomje_2025-03-11_16-50_tf_1h,2021-07-24 16:00:00,303.35645,302.25583
Oklaj,Potomje_2025-03-11_16-50_tf_1h,2021-07-24 17:00:00,302.7548,301.8951
Oklaj,Potomje_2025-03-11_16-50_tf_1h,2021-07-24 18:00:00,301.791,301.11554
Oklaj,Potomje_2025-03-11_16-50_tf_1h,2021-07-24 19:00:00,300.37894,300.08252
Oklaj,Potomje_2025-03-11_16-50_tf_1h,2021-07-24 20:00:00,299.1083,298.69193
Oklaj,Potomje_2025-03-11_16-50_tf_1h,2021-07-24 21:00:00,299.25464,297.53433
Oklaj,Potomje_2025-03-11_16-50_tf_1h,2021-07-24 22:00:00,298.94354,297.70004
Oklaj,Potomje_2025-03-11_16-50_tf_1h,2021-07-24 23:00:00,295.90485,297.35413
Oklaj,Potomje_2025-03-11_16-50_tf_1h,2021-07-25 00:00:00,294.74796,294.4038
Oklaj,Potomje_2025-03-11_16-50_tf_1h,2021-07-25 01:00:00,294.12448,293.56616
Oklaj,Potomje_2025-03-11_16-50_tf_1h,2021-07-25 02:00:00,293.74695,292.98996
Oklaj,Potomje_2025-03-11_16-50_tf_1h,2021-07-25 03:00:00,293.62366,292.7189
Oklaj,Potomje_2025-03-11_16-50_tf_1h,2021-07-25 04:00:00,293.4835,292.71722
Oklaj,Potomje_2025-03-11_16-50_tf_1h,2021-07-25 05:00:00,293.3116,292.57083
Oklaj,Potomje_2025-03-11_16-50_tf_1h,2021-07-25 06:00:00,294.72983,292.36905
Oklaj,Potomje_2025-03-11_16-50_tf_1h,2021-07-25 07:00:00,298.74216,295.58188
Oklaj,Potomje_2025-03-11_16-50_tf_1h,2021-07-25 08:00:00,301.0476,301.24417
Oklaj,Potomje_2025-03-11_16-50_tf_1h,2021-07-25 09:00:00,302.61584,301.73175
Oklaj,Potomje_2025-03-11_16-50_tf_1h,2021-07-25 10:00:00,302.54053,302.86404
Oklaj,Potomje_2025-03-11_16-50_tf_1h,2021-07-25 11:00:00,304.2262,301.556
Oklaj,Potomje_2025-03-11_16-50_tf_1h,2021-07-25 12:00:00,305.26624,304.17456
Oklaj,Potomje_2025-03-11_16-50_tf_1h,2021-07-25 13:00:00,305.554,304.29507
Oklaj,Potomje_2025-03-11_16-50_tf_1h,2021-07-25 14:00:00,305.7984,304.37363
Oklaj,Potomje_2025-03-11_16-50_tf_1h,2021-07-25 15:00:00,305.7114,304.42126
Oklaj,Potomje_2025-03-11_16-50_tf_1h,2021-07-25 16:00:00,305.17462,304.0629
Oklaj,Potomje_2025-03-11_16-50_tf_1h,2021-07-25 17:00:00,304.0946,303.3268
Oklaj,Potomje_2025-03-11_16-50_tf_1h,2021-07-25 18:00:00,302.88422,302.1313
Oklaj,Potomje_2025-03-11_16-50_tf_1h,2021-07-25 19:00:00,301.83896,300.9662
Oklaj,Potomje_2025-03-11_16-50_tf_1h,2021-07-25 20:00:00,300.4718,299.99487
Oklaj,Potomje_2025-03-11_16-50_tf_1h,2021-07-25 21:00:00,299.55164,298.67474
Oklaj,Potomje_2025-03-11_16-50_tf_1h,2021-07-25 22:00:00,299.01517,297.8713
Oklaj,Potomje_2025-03-11_16-50_tf_1h,2021-07-25 23:00:00,298.8227,297.37793
Oklaj,Potomje_2025-03-11_16-50_tf_1h,2021-07-26 00:00:00,298.53864,297.2395
Oklaj,Potomje_2025-03-11_16-50_tf_1h,2021-07-26 01:00:00,298.18417,297.02396
Oklaj,Potomje_2025-03-11_16-50_tf_1h,2021-07-26 02:00:00,298.00186,296.78586
Oklaj,Potomje_2025-03-11_16-50_tf_1h,2021-07-26 03:00:00,297.82785,296.73837
Oklaj,Potomje_2025-03-11_16-50_tf_1h,2021-07-26 04:00:00,297.5573,296.68423
Oklaj,Potomje_2025-03-11_16-50_tf_1h,2021-07-26 05:00:00,297.68057,296.44357
Oklaj,Potomje_2025-03-11_16-50_tf_1h,2021-07-26 06:00:00,298.5202,296.79254
Oklaj,Potomje_2025-03-11_16-50_tf_1h,2021-07-26 07:00:00,300.11887,298.3764
Oklaj,Potomje_2025-03-11_16-50_tf_1h,2021-07-26 08:00:00,300.70175,300.74408
Oklaj,Potomje_2025-03-11_16-50_tf_1h,2021-07-26 09:00:00,301.80484,300.57608
Oklaj,Potomje_2025-03-11_16-50_tf_1h,2021-07-26 10:00:00,302.89838,302.0519
Oklaj,Potomje_2025-03-11_16-50_tf_1h,2021-07-26 11:00:00,303.45175,302.61203
Oklaj,Potomje_2025-03-11_16-50_tf_1h,2021-07-26 12:00:00,304.0783,302.74017
Oklaj,Potomje_2025-03-11_16-50_tf_1h,2021-07-26 13:00:00,304.79187,303.3333
Oklaj,Potomje_2025-03-11_16-50_tf_1h,2021-07-26 14:00:00,306.3063,303.91003
Oklaj,Potomje_2025-03-11_16-50_tf_1h,2021-07-26 15:00:00,306.1901,305.51453
Oklaj,Potomje_2025-03-11_16-50_tf_1h,2021-07-26 16:00:00,305.0858,304.45868
Oklaj,Potomje_2025-03-11_16-50_tf_1h,2021-07-26 17:00:00,303.98148,303.21844
Oklaj,Potomje_2025-03-11_16-50_tf_1h,2021-07-26 18:00:00,303.0481,302.10504
Oklaj,Potomje_2025-03-11_16-50_tf_1h,2021-07-26 19:00:00,302.2331,301.20145
Oklaj,Potomje_2025-03-11_16-50_tf_1h,2021-07-26 20:00:00,300.34543,300.40884
Oklaj,Potomje_2025-03-11_16-50_tf_1h,2021-07-26 21:00:00,299.29214,298.44592
Oklaj,Potomje_2025-03-11_16-50_tf_1h,2021-07-26 22:00:00,298.28748,297.7026
Oklaj,Potomje_2025-03-11_16-50_tf_1h,2021-07-26 23:00:00,297.50195,296.71942
Oklaj,Potomje_2025-03-11_16-50_tf_1h,2021-07-27 00:00:00,296.91046,296.07266
Oklaj,Potomje_2025-03-11_16-50_tf_1h,2021-07-27 01:00:00,296.68112,295.57272
Oklaj,Potomje_2025-03-11_16-50_tf_1h,2021-07-27 02:00:00,295.92453,295.49582
Oklaj,Potomje_2025-03-11_16-50_tf_1h,2021-07-27 03:00:00,295.1679,294.64258
Oklaj,Potomje_2025-03-11_16-50_tf_1h,2021-07-27 04:00:00,294.63483,293.91965
Oklaj,Potomje_2025-03-11_16-50_tf_1h,2021-07-27 05:00:00,294.23578,293.41336
Oklaj,Potomje_2025-03-11_16-50_tf_1h,2021-07-27 06:00:00,295.329,293.09537
Oklaj,Potomje_2025-03-11_16-50_tf_1h,2021-07-27 07:00:00,298.83008,295.78403
Oklaj,Potomje_2025-03-11_16-50_tf_1h,2021-07-27 08:00:00,303.05518,301.0512
Oklaj,Potomje_2025-03-11_16-50_tf_1h,2021-07-27 09:00:00,304.34854,304.8626
Oklaj,Potomje_2025-03-11_16-50_tf_1h,2021-07-27 10:00:00,305.15402,303.92645
Oklaj,Potomje_2025-03-11_16-50_tf_1h,2021-07-27 11:00:00,305.6696,304.75125
Oklaj,Potomje_2025-03-11_16-50_tf_1h,2021-07-27 12:00:00,306.1415,304.6734
Oklaj,Potomje_2025-03-11_16-50_tf_1h,2021-07-27 13:00:00,306.97003,305.13666
Oklaj,Potomje_2025-03-11_16-50_tf_1h,2021-07-27 14:00:00,307.52988,305.84567
Oklaj,Potomje_2025-03-11_16-50_tf_1h,2021-07-27 15:00:00,307.48715,306.0019
Oklaj,Potomje_2025-03-11_16-50_tf_1h,2021-07-27 16:00:00,306.95682,305.61172
Oklaj,Potomje_2025-03-11_16-50_tf_1h,2021-07-27 17:00:00,306.02438,304.85992
Oklaj,Potomje_2025-03-11_16-50_tf_1h,2021-07-27 18:00:00,304.727,303.80978
Oklaj,Potomje_2025-03-11_16-50_tf_1h,2021-07-27 19:00:00,303.12433,302.48853
Oklaj,Potomje_2025-03-11_16-50_tf_1h,2021-07-27 20:00:00,301.42236,300.95242
Oklaj,Potomje_2025-03-11_16-50_tf_1h,2021-07-27 21:00:00,300.08102,299.39233
Oklaj,Potomje_2025-03-11_16-50_tf_1h,2021-07-27 22:00:00,298.94537,298.21234
Oklaj,Potomje_2025-03-11_16-50_tf_1h,2021-07-27 23:00:00,298.05997,297.19156
Oklaj,Potomje_2025-03-11_16-50_tf_1h,2021-07-28 00:00:00,298.9918,296.4378
Oklaj,Potomje_2025-03-11_16-50_tf_1h,2021-07-28 01:00:00,300.1496,297.4877
Oklaj,Potomje_2025-03-11_16-50_tf_1h,2021-07-28 02:00:00,299.51013,298.59714
Oklaj,Potomje_2025-03-11_16-50_tf_1h,2021-07-28 03:00:00,296.81516,297.94162
Oklaj,Potomje_2025-03-11_16-50_tf_1h,2021-07-28 04:00:00,295.89993,294.84344
Oklaj,Potomje_2025-03-11_16-50_tf_1h,2021-07-28 05:00:00,295.73605,294.54843
Oklaj,Potomje_2025-03-11_16-50_tf_1h,2021-07-28 06:00:00,296.29068,294.69955
Oklaj,Potomje_2025-03-11_16-50_tf_1h,2021-07-28 07:00:00,299.1409,296.3779
Oklaj,Potomje_2025-03-11_16-50_tf_1h,2021-07-28 08:00:00,303.29404,301.24927
Oklaj,Potomje_2025-03-11_16-50_tf_1h,2021-07-28 09:00:00,304.91638,305.26025
Oklaj,Potomje_2025-03-11_16-50_tf_1h,2021-07-28 10:00:00,306.1323,304.61633
Oklaj,Potomje_2025-03-11_16-50_tf_1h,2021-07-28 11:00:00,307.0226,305.90247
Oklaj,Potomje_2025-03-11_16-50_tf_1h,2021-07-28 12:00:00,307.67377,306.10345
Oklaj,Potomje_2025-03-11_16-50_tf_1h,2021-07-28 13:00:00,307.97903,306.64615
Oklaj,Potomje_2025-03-11_16-50_tf_1h,2021-07-28 14:00:00,308.035,306.54907
Oklaj,Potomje_2025-03-11_16-50_tf_1h,2021-07-28 15:00:00,307.79828,306.40607
Oklaj,Potomje_2025-03-11_16-50_tf_1h,2021-07-28 16:00:00,307.19693,305.88138
Oklaj,Potomje_2025-03-11_16-50_tf_1h,2021-07-28 17:00:00,306.38345,305.06317
Oklaj,Potomje_2025-03-11_16-50_tf_1h,2021-07-28 18:00:00,305.38153,304.15085
Oklaj,Potomje_2025-03-11_16-50_tf_1h,2021-07-28 19:00:00,303.8754,303.1061
Oklaj,Potomje_2025-03-11_16-50_tf_1h,2021-07-28 20:00:00,302.09503,301.5814
Oklaj,Potomje_2025-03-11_16-50_tf_1h,2021-07-28 21:00:00,300.39093,299.93127
Oklaj,Potomje_2025-03-11_16-50_tf_1h,2021-07-28 22:00:00,298.79688,298.4144
Oklaj,Potomje_2025-03-11_16-50_tf_1h,2021-07-28 23:00:00,298.28223,296.9471
Oklaj,Potomje_2025-03-11_16-50_tf_1h,2021-07-29 00:00:00,299.34195,296.70123
Oklaj,Potomje_2025-03-11_16-50_tf_1h,2021-07-29 01:00:00,298.89435,297.90164
Oklaj,Potomje_2025-03-11_16-50_tf_1h,2021-07-29 02:00:00,297.0408,297.29416
Oklaj,Potomje_2025-03-11_16-50_tf_1h,2021-07-29 03:00:00,295.71637,295.40866
Oklaj,Potomje_2025-03-11_16-50_tf_1h,2021-07-29 04:00:00,294.81683,294.26285
Oklaj,Potomje_2025-03-11_16-50_tf_1h,2021-07-29 05:00:00,294.09036,293.28323
Oklaj,Potomje_2025-03-11_16-50_tf_1h,2021-07-29 06:00:00,294.6499,292.59015
Oklaj,Potomje_2025-03-11_16-50_tf_1h,2021-07-29 07:00:00,299.22513,295.2674
Oklaj,Potomje_2025-03-11_16-50_tf_1h,2021-07-29 08:00:00,303.8059,302.768
Oklaj,Potomje_2025-03-11_16-50_tf_1h,2021-07-29 09:00:00,305.5995,305.57758
Oklaj,Potomje_2025-03-11_16-50_tf_1h,2021-07-29 10:00:00,307.09363,305.40454
Oklaj,Potomje_2025-03-11_16-50_tf_1h,2021-07-29 11:00:00,308.10385,306.89282
Oklaj,Potomje_2025-03-11_16-50_tf_1h,2021-07-29 12:00:00,308.7384,307.12683
Oklaj,Potomje_2025-03-11_16-50_tf_1h,2021-07-29 13:00:00,308.91888,307.56543
Oklaj,Potomje_2025-03-11_16-50_tf_1h,2021-07-29 14:00:00,308.751,307.30966
Oklaj,Potomje_2025-03-11_16-50_tf_1h,2021-07-29 15:00:00,308.31137,306.9349
Oklaj,Potomje_2025-03-11_16-50_tf_1h,2021-07-29 16:00:00,307.6842,306.2766
Oklaj,Potomje_2025-03-11_16-50_tf_1h,2021-07-29 17:00:00,306.80527,305.49622
Oklaj,Potomje_2025-03-11_16-50_tf_1h,2021-07-29 18:00:00,305.60657,304.49063
Oklaj,Potomje_2025-03-11_16-50_tf_1h,2021-07-29 19:00:00,303.94028,303.24863
Oklaj,Potomje_2025-03-11_16-50_tf_1h,2021-07-29 20:00:00,302.81937,301.60785
Oklaj,Potomje_2025-03-11_16-50_tf_1h,2021-07-29 21:00:00,301.62958,300.64743
Oklaj,Potomje_2025-03-11_16-50_tf_1h,2021-07-29 22:00:00,300.9763,299.52478
Oklaj,Potomje_2025-03-11_16-50_tf_1h,2021-07-29 23:00:00,299.5541,299.01724
Oklaj,Potomje_2025-03-11_16-50_tf_1h,2021-07-30 00:00:00,298.38583,297.65228
Oklaj,Potomje_2025-03-11_16-50_tf_1h,2021-07-30 01:00:00,297.4374,296.70404
Oklaj,Potomje_2025-03-11_16-50_tf_1h,2021-07-30 02:00:00,296.5732,295.87167
Oklaj,Potomje_2025-03-11_16-50_tf_1h,2021-07-30 03:00:00,295.92358,295.06256
Oklaj,Potomje_2025-03-11_16-50_tf_1h,2021-07-30 04:00:00,295.34683,294.4872
Oklaj,Potomje_2025-03-11_16-50_tf_1h,2021-07-30 05:00:00,294.82852,293.82913
Oklaj,Potomje_2025-03-11_16-50_tf_1h,2021-07-30 06:00:00,295.79108,293.37106
Oklaj,Potomje_2025-03-11_16-50_tf_1h,2021-07-30 07:00:00,300.12808,296.7673
Oklaj,Potomje_2025-03-11_16-50_tf_1h,2021-07-30 08:00:00,302.78616,303.3228
Oklaj,Potomje_2025-03-11_16-50_tf_1h,2021-07-30 09:00:00,304.19482,303.49487
Oklaj,Potomje_2025-03-11_16-50_tf_1h,2021-07-30 10:00:00,305.35507,304.30542
Oklaj,Potomje_2025-03-11_16-50_tf_1h,2021-07-30 11:00:00,306.14673,304.94687
Oklaj,Potomje_2025-03-11_16-50_tf_1h,2021-07-30 12:00:00,306.547,305.39154
Oklaj,Potomje_2025-03-11_16-50_tf_1h,2021-07-30 13:00:00,306.67337,305.45468
Oklaj,Potomje_2025-03-11_16-50_tf_1h,2021-07-30 14:00:00,306.6543,305.37875
Oklaj,Potomje_2025-03-11_16-50_tf_1h,2021-07-30 15:00:00,306.40683,305.21024
Oklaj,Potomje_2025-03-11_16-50_tf_1h,2021-07-30 16:00:00,305.94073,304.78586
Oklaj,Potomje_2025-03-11_16-50_tf_1h,2021-07-30 17:00:00,305.1442,304.18497
Oklaj,Potomje_2025-03-11_16-50_tf_1h,2021-07-30 18:00:00,304.07492,303.2312
Oklaj,Potomje_2025-03-11_16-50_tf_1h,2021-07-30 19:00:00,302.64688,302.10983
Oklaj,Potomje_2025-03-11_16-50_tf_1h,2021-07-30 20:00:00,301.9481,300.67517
Oklaj,Potomje_2025-03-11_16-50_tf_1h,2021-07-30 21:00:00,300.96677,300.1367
Oklaj,Potomje_2025-03-11_16-50_tf_1h,2021-07-30 22:00:00,299.77698,299.10983
Oklaj,Potomje_2025-03-11_16-50_tf_1h,2021-07-30 23:00:00,297.8097,298.0103
Oklaj,Potomje_2025-03-11_16-50_tf_1h,2021-07-31 00:00:00,297.0817,296.06097
Oklaj,Potomje_2025-03-11_16-50_tf_1h,2021-07-31 01:00:00,296.58182,295.63052
Oklaj,Potomje_2025-03-11_16-50_tf_1h,2021-07-31 02:00:00,296.5111,295.19714
Oklaj,Potomje_2025-03-11_16-50_tf_1h,2021-07-31 03:00:00,296.65036,295.29706
Oklaj,Potomje_2025-03-11_16-50_tf_1h,2021-07-31 04:00:00,296.10376,295.61194
Oklaj,Potomje_2025-03-11_16-50_tf_1h,2021-07-31 05:00:00,295.33548,294.6361
Oklaj,Potomje_2025-03-11_16-50_tf_1h,2021-07-31 06:00:00,295.89008,293.82114
Oklaj,Potomje_2025-03-11_16-50_tf_1h,2021-07-31 07:00:00,300.28333,296.3034
Oklaj,Potomje_2025-03-11_16-50_tf_1h,2021-07-31 08:00:00,303.0942,303.3566
Oklaj,Potomje_2025-03-11_16-50_tf_1h,2021-07-31 09:00:00,304.70117,303.76685
Oklaj,Potomje_2025-03-11_16-50_tf_1h,2021-07-31 10:00:00,305.9592,304.8304
Oklaj,Potomje_2025-03-11_16-50_tf_1h,2021-07-31 11:00:00,306.8231,305.47214
Oklaj,Potomje_2025-03-11_16-50_tf_1h,2021-07-31 12:00:00,307.2366,305.97552
Oklaj,Potomje_2025-03-11_16-50_tf_1h,2021-07-31 13:00:00,306.05234,306.00238
Oklaj,Potomje_2025-03-11_16-50_tf_1h,2021-07-31 14:00:00,305.1617,304.03915
Oklaj,Potomje_2025-03-11_16-50_tf_1h,2021-07-31 15:00:00,306.42743,303.53152
Oklaj,Potomje_2025-03-11_16-50_tf_1h,2021-07-31 16:00:00,306.47324,305.257
Oklaj,Potomje_2025-03-11_16-50_tf_1h,2021-07-31 17:00:00,306.02713,304.5302
Oklaj,Potomje_2025-03-11_16-50_tf_1h,2021-07-31 18:00:00,305.24103,304.05124
Oklaj,Potomje_2025-03-11_16-50_tf_1h,2021-07-31 19:00:00,303.87357,303.11307
Oklaj,Potomje_2025-03-11_16-50_tf_1h,2021-07-31 20:00:00,302.59586,301.7058
Oklaj,Potomje_2025-03-11_16-50_tf_1h,2021-07-31 21:00:00,301.48264,300.53473
Oklaj,Potomje_2025-03-11_16-50_tf_1h,2021-07-31 22:00:00,300.60797,299.48065
Oklaj,Potomje_2025-03-11_16-50_tf_1h,2021-07-31 23:00:00,299.6494,298.685
Oklaj,Potomje_2025-03-11_16-50_tf_1h,2021-08-01 00:00:00,299.21683,297.82605
Oklaj,Potomje_2025-03-11_16-50_tf_1h,2021-08-01 01:00:00,299.11566,297.54047
Oklaj,Potomje_2025-03-11_16-50_tf_1h,2021-08-01 02:00:00,298.93445,297.5399
Oklaj,Potomje_2025-03-11_16-50_tf_1h,2021-08-01 03:00:00,298.71188,297.46063
Oklaj,Potomje_2025-03-11_16-50_tf_1h,2021-08-01 04:00:00,298.58105,297.39682
Oklaj,Potomje_2025-03-11_16-50_tf_1h,2021-08-01 05:00:00,298.49515,297.41028
Oklaj,Potomje_2025-03-11_16-50_tf_1h,2021-08-01 06:00:00,299.17697,297.3264
Oklaj,Potomje_2025-03-11_16-50_tf_1h,2021-08-01 07:00:00,301.02985,299.1137
Oklaj,Potomje_2025-03-11_16-50_tf_1h,2021-08-01 08:00:00,302.68356,302.04974
Oklaj,Potomje_2025-03-11_16-50_tf_1h,2021-08-01 09:00:00,304.39703,303.2409
Oklaj,Potomje_2025-03-11_16-50_tf_1h,2021-08-01 10:00:00,305.4338,304.64948
Oklaj,Potomje_2025-03-11_16-50_tf_1h,2021-08-01 11:00:00,306.51587,304.8706
Oklaj,Potomje_2025-03-11_16-50_tf_1h,2021-08-01 12:00:00,307.55652,305.91678
Oklaj,Potomje_2025-03-11_16-50_tf_1h,2021-08-01 13:00:00,307.1016,306.60962
Oklaj,Potomje_2025-03-11_16-50_tf_1h,2021-08-01 14:00:00,306.72867,305.3335
Oklaj,Potomje_2025-03-11_16-50_tf_1h,2021-08-01 15:00:00,305.75635,305.19547
Oklaj,Potomje_2025-03-11_16-50_tf_1h,2021-08-01 16:00:00,305.90356,303.7822
Oklaj,Potomje_2025-03-11_16-50_tf_1h,2021-08-01 17:00:00,305.49588,304.36945
Oklaj,Potomje_2025-03-11_16-50_tf_1h,2021-08-01 18:00:00,304.14127,303.50504
Oklaj,Potomje_2025-03-11_16-50_tf_1h,2021-08-01 19:00:00,302.84406,302.03644
Oklaj,Potomje_2025-03-11_16-50_tf_1h,2021-08-01 20:00:00,301.39417,300.84827
Oklaj,Potomje_2025-03-11_16-50_tf_1h,2021-08-01 21:00:00,300.42615,299.42572
Oklaj,Potomje_2025-03-11_16-50_tf_1h,2021-08-01 22:00:00,298.92938,298.6196
Oklaj,Potomje_2025-03-11_16-50_tf_1h,2021-08-01 23:00:00,299.1063,297.1096
Oklaj,Potomje_2025-03-11_16-50_tf_1h,2021-08-02 00:00:00,298.62167,297.6803
Oklaj,Potomje_2025-03-11_16-50_tf_1h,2021-08-02 01:00:00,298.1074,297.06174
Oklaj,Potomje_2025-03-11_16-50_tf_1h,2021-08-02 02:00:00,296.41812,296.71872
Oklaj,Potomje_2025-03-11_16-50_tf_1h,2021-08-02 03:00:00,295.37863,294.6706
Oklaj,Potomje_2025-03-11_16-50_tf_1h,2021-08-02 04:00:00,294.68826,293.96048
Oklaj,Potomje_2025-03-11_16-50_tf_1h,2021-08-02 05:00:00,294.17554,293.2597
Oklaj,Potomje_2025-03-11_16-50_tf_1h,2021-08-02 06:00:00,295.06937,292.95984
Oklaj,Potomje_2025-03-11_16-50_tf_1h,2021-08-02 07:00:00,298.08865,295.896
Oklaj,Potomje_2025-03-11_16-50_tf_1h,2021-08-02 08:00:00,299.61743,300.4337
Oklaj,Potomje_2025-03-11_16-50_tf_1h,2021-08-02 09:00:00,300.7776,300.10666
Oklaj,Potomje_2025-03-11_16-50_tf_1h,2021-08-02 10:00:00,301.6562,301.07324
Oklaj,Potomje_2025-03-11_16-50_tf_1h,2021-08-02 11:00:00,302.28253,301.36154
Oklaj,Potomje_2025-03-11_16-50_tf_1h,2021-08-02 12:00:00,302.6047,301.76877
Oklaj,Potomje_2025-03-11_16-50_tf_1h,2021-08-02 13:00:00,302.70856,301.79227
Oklaj,Potomje_2025-03-11_16-50_tf_1h,2021-08-02 14:00:00,302.5969,301.74722
Oklaj,Potomje_2025-03-11_16-50_tf_1h,2021-08-02 15:00:00,302.1572,301.4795
Oklaj,Potomje_2025-03-11_16-50_tf_1h,2021-08-02 16:00:00,301.58746,300.85703
Oklaj,Potomje_2025-03-11_16-50_tf_1h,2021-08-02 17:00:00,301.0927,300.24606
Oklaj,Potomje_2025-03-11_16-50_tf_1h,2021-08-02 18:00:00,300.3332,299.78326
Oklaj,Potomje_2025-03-11_16-50_tf_1h,2021-08-02 19:00:00,299.37143,298.93304
Oklaj,Potomje_2025-03-11_16-50_tf_1h,2021-08-02 20:00:00,298.75836,297.96234
Oklaj,Potomje_2025-03-11_16-50_tf_1h,2021-08-02 21:00:00,298.18317,297.48785
Oklaj,Potomje_2025-03-11_16-50_tf_1h,2021-08-02 22:00:00,297.8774,296.94308
Oklaj,Potomje_2025-03-11_16-50_tf_1h,2021-08-02 23:00:00,297.5439,296.74622
Oklaj,Potomje_2025-03-11_16-50_tf_1h,2021-08-03 00:00:00,297.2331,296.4257
Oklaj,Potomje_2025-03-11_16-50_tf_1h,2021-08-03 01:00:00,296.10458,296.15085
Oklaj,Potomje_2025-03-11_16-50_tf_1h,2021-08-03 02:00:00,295.09515,294.89728
Oklaj,Potomje_2025-03-11_16-50_tf_1h,2021-08-03 03:00:00,294.75894,293.9926
Oklaj,Potomje_2025-03-11_16-50_tf_1h,2021-08-03 04:00:00,293.80887,293.84277
Oklaj,Potomje_2025-03-11_16-50_tf_1h,2021-08-03 05:00:00,292.98923,292.55725
Oklaj,Potomje_2025-03-11_16-50_tf_1h,2021-08-03 06:00:00,293.56168,291.84766
Oklaj,Potomje_2025-03-11_16-50_tf_1h,2021-08-03 07:00:00,296.45248,293.8007
Oklaj,Potomje_2025-03-11_16-50_tf_1h,2021-08-03 08:00:00,298.86612,298.3614
Oklaj,Potomje_2025-03-11_16-50_tf_1h,2021-08-03 09:00:00,300.17114,299.9293
Oklaj,Potomje_2025-03-11_16-50_tf_1h,2021-08-03 10:00:00,301.15442,300.39368
Oklaj,Potomje_2025-03-11_16-50_tf_1h,2021-08-03 11:00:00,302.5883,301.00333
Oklaj,Potomje_2025-03-11_16-50_tf_1h,2021-08-03 12:00:00,303.27908,302.4219
Oklaj,Potomje_2025-03-11_16-50_tf_1h,2021-08-03 13:00:00,303.30328,302.48743
Oklaj,Potomje_2025-03-11_16-50_tf_1h,2021-08-03 14:00:00,303.51337,302.21436
Oklaj,Potomje_2025-03-11_16-50_tf_1h,2021-08-03 15:00:00,303.01666,302.42093
Oklaj,Potomje_2025-03-11_16-50_tf_1h,2021-08-03 16:00:00,302.28683,301.57507
Oklaj,Potomje_2025-03-11_16-50_tf_1h,2021-08-03 17:00:00,301.51328,300.8264
Oklaj,Potomje_2025-03-11_16-50_tf_1h,2021-08-03 18:00:00,300.5558,300.0272
Oklaj,Potomje_2025-03-11_16-50_tf_1h,2021-08-03 19:00:00,299.5444,299.05823
Oklaj,Potomje_2025-03-11_16-50_tf_1h,2021-08-03 20:00:00,298.03244,298.08643
Oklaj,Potomje_2025-03-11_16-50_tf_1h,2021-08-03 21:00:00,297.27448,296.53592
Oklaj,Potomje_2025-03-11_16-50_tf_1h,2021-08-03 22:00:00,295.5618,296.0017
Oklaj,Potomje_2025-03-11_16-50_tf_1h,2021-08-03 23:00:00,294.54846,294.15305
Oklaj,Potomje_2025-03-11_16-50_tf_1h,2021-08-04 00:00:00,294.03925,293.3849
Oklaj,Potomje_2025-03-11_16-50_tf_1h,2021-08-04 01:00:00,293.65384,292.98972
Oklaj,Potomje_2025-03-11_16-50_tf_1h,2021-08-04 02:00:00,293.23132,292.69443
Oklaj,Potomje_2025-03-11_16-50_tf_1h,2021-08-04 03:00:00,292.79868,292.3278
Oklaj,Potomje_2025-03-11_16-50_tf_1h,2021-08-04 04:00:00,292.30588,291.92017
Oklaj,Potomje_2025-03-11_16-50_tf_1h,2021-08-04 05:00:00,291.78613,291.28003
Oklaj,Potomje_2025-03-11_16-50_tf_1h,2021-08-04 06:00:00,292.4812,290.7839
Oklaj,Potomje_2025-03-11_16-50_tf_1h,2021-08-04 07:00:00,296.78793,293.04822
Oklaj,Potomje_2025-03-11_16-50_tf_1h,2021-08-04 08:00:00,299.03366,299.78662
Oklaj,Potomje_2025-03-11_16-50_tf_1h,2021-08-04 09:00:00,300.40387,299.77313
Oklaj,Potomje_2025-03-11_16-50_tf_1h,2021-08-04 10:00:00,302.0912,300.75674
Oklaj,Potomje_2025-03-11_16-50_tf_1h,2021-08-04 11:00:00,303.25058,302.18692
Oklaj,Potomje_2025-03-11_16-50_tf_1h,2021-08-04 12:00:00,304.1362,302.78934
Oklaj,Potomje_2025-03-11_16-50_tf_1h,2021-08-04 13:00:00,304.44275,303.43393
Oklaj,Potomje_2025-03-11_16-50_tf_1h,2021-08-04 14:00:00,304.7477,303.32245
Oklaj,Potomje_2025-03-11_16-50_tf_1h,2021-08-04 15:00:00,304.75162,303.53226
Oklaj,Potomje_2025-03-11_16-50_tf_1h,2021-08-04 16:00:00,304.53333,303.23987
Oklaj,Potomje_2025-03-11_16-50_tf_1h,2021-08-04 17:00:00,304.0585,302.85416
Oklaj,Potomje_2025-03-11_16-50_tf_1h,2021-08-04 18:00:00,303.32748,302.23215
Oklaj,Potomje_2025-03-11_16-50_tf_1h,2021-08-04 19:00:00,302.20053,301.42944
Oklaj,Potomje_2025-03-11_16-50_tf_1h,2021-08-04 20:00:00,300.93457,300.30075
Oklaj,Potomje_2025-03-11_16-50_tf_1h,2021-08-04 21:00:00,299.8119,299.11444
Oklaj,Potomje_2025-03-11_16-50_tf_1h,2021-08-04 22:00:00,299.19296,298.09073
Oklaj,Potomje_2025-03-11_16-50_tf_1h,2021-08-04 23:00:00,298.89542,297.5535
Oklaj,Potomje_2025-03-11_16-50_tf_1h,2021-08-05 00:00:00,298.91376,297.30096
Oklaj,Potomje_2025-03-11_16-50_tf_1h,2021-08-05 01:00:00,298.6451,297.36505
Oklaj,Potomje_2025-03-11_16-50_tf_1h,2021-08-05 02:00:00,298.32452,297.15985
Oklaj,Potomje_2025-03-11_16-50_tf_1h,2021-08-05 03:00:00,298.00275,296.9564
Oklaj,Potomje_2025-03-11_16-50_tf_1h,2021-08-05 04:00:00,297.51306,296.77304
Oklaj,Potomje_2025-03-11_16-50_tf_1h,2021-08-05 05:00:00,296.8465,296.35992
Oklaj,Potomje_2025-03-11_16-50_tf_1h,2021-08-05 06:00:00,294.8757,295.58145
Oklaj,Potomje_2025-03-11_16-50_tf_1h,2021-08-05 07:00:00,293.91,292.66217
Oklaj,Potomje_2025-03-11_16-50_tf_1h,2021-08-05 08:00:00,294.40475,292.99072
Oklaj,Potomje_2025-03-11_16-50_tf_1h,2021-08-05 09:00:00,294.76947,294.97186
Oklaj,Potomje_2025-03-11_16-50_tf_1h,2021-08-05 10:00:00,295.64456,295.19647
Oklaj,Potomje_2025-03-11_16-50_tf_1h,2021-08-05 11:00:00,296.63956,296.26193
Oklaj,Potomje_2025-03-11_16-50_tf_1h,2021-08-05 12:00:00,297.1046,296.96588
Oklaj,Potomje_2025-03-11_16-50_tf_1h,2021-08-05 13:00:00,296.00146,296.92447
Oklaj,Potomje_2025-03-11_16-50_tf_1h,2021-08-05 14:00:00,296.6368,294.63687
Oklaj,Potomje_2025-03-11_16-50_tf_1h,2021-08-05 15:00:00,297.24948,296.73386
Oklaj,Potomje_2025-03-11_16-50_tf_1h,2021-08-05 16:00:00,297.70285,296.87915
Oklaj,Potomje_2025-03-11_16-50_tf_1h,2021-08-05 17:00:00,297.44278,297.32376
Oklaj,Potomje_2025-03-11_16-50_tf_1h,2021-08-05 18:00:00,296.9832,296.65256
Oklaj,Potomje_2025-03-11_16-50_tf_1h,2021-08-05 19:00:00,296.29395,296.2171
Oklaj,Potomje_2025-03-11_16-50_tf_1h,2021-08-05 20:00:00,295.32944,295.4069
Oklaj,Potomje_2025-03-11_16-50_tf_1h,2021-08-05 21:00:00,294.80853,294.32364
Oklaj,Potomje_2025-03-11_16-50_tf_1h,2021-08-05 22:00:00,294.8503,294.02393
Oklaj,Potomje_2025-03-11_16-50_tf_1h,2021-08-05 23:00:00,294.49185,294.28494
Oklaj,Potomje_2025-03-11_16-50_tf_1h,2021-08-06 00:00:00,293.79675,293.70132
Oklaj,Potomje_2025-03-11_16-50_tf_1h,2021-08-06 01:00:00,293.04156,292.89603
Oklaj,Potomje_2025-03-11_16-50_tf_1h,2021-08-06 02:00:00,293.5324,292.14606
Oklaj,Potomje_2025-03-11_16-50_tf_1h,2021-08-06 03:00:00,293.2856,293.2557
Oklaj,Potomje_2025-03-11_16-50_tf_1h,2021-08-06 04:00:00,291.65024,292.59674
Oklaj,Potomje_2025-03-11_16-50_tf_1h,2021-08-06 05:00:00,290.91962,290.4282
Oklaj,Potomje_2025-03-11_16-50_tf_1h,2021-08-06 06:00:00,292.0497,290.14862
Oklaj,Potomje_2025-03-11_16-50_tf_1h,2021-08-06 07:00:00,294.5379,292.19397
Oklaj,Potomje_2025-03-11_16-50_tf_1h,2021-08-06 08:00:00,295.17676,295.43466
Oklaj,Potomje_2025-03-11_16-50_tf_1h,2021-08-06 09:00:00,296.88516,295.1159
Oklaj,Potomje_2025-03-11_16-50_tf_1h,2021-08-06 10:00:00,298.1187,297.50952
Oklaj,Potomje_2025-03-11_16-50_tf_1h,2021-08-06 11:00:00,298.90753,298.2152
Oklaj,Potomje_2025-03-11_16-50_tf_1h,2021-08-06 12:00:00,299.83453,298.68857
Oklaj,Potomje_2025-03-11_16-50_tf_1h,2021-08-06 13:00:00,299.98956,299.50928
Oklaj,Potomje_2025-03-11_16-50_tf_1h,2021-08-06 14:00:00,300.29376,299.21848
Oklaj,Potomje_2025-03-11_16-50_tf_1h,2021-08-06 15:00:00,300.03995,299.51236
Oklaj,Potomje_2025-03-11_16-50_tf_1h,2021-08-06 16:00:00,299.76932,298.97943
Oklaj,Potomje_2025-03-11_16-50_tf_1h,2021-08-06 17:00:00,299.53152,298.69476
Oklaj,Potomje_2025-03-11_16-50_tf_1h,2021-08-06 18:00:00,299.05472,298.41864
Oklaj,Potomje_2025-03-11_16-50_tf_1h,2021-08-06 19:00:00,297.8149,297.87985
Oklaj,Potomje_2025-03-11_16-50_tf_1h,2021-08-06 20:00:00,296.60324,296.54135
Oklaj,Potomje_2025-03-11_16-50_tf_1h,2021-08-06 21:00:00,297.03317,295.39783
Oklaj,Potomje_2025-03-11_16-50_tf_1h,2021-08-06 22:00:00,294.6863,296.05652
Oklaj,Potomje_2025-03-11_16-50_tf_1h,2021-08-06 23:00:00,293.0068,293.34775
Oklaj,Potomje_2025-03-11_16-50_tf_1h,2021-08-07 00:00:00,291.96848,291.92902
Oklaj,Potomje_2025-03-11_16-50_tf_1h,2021-08-07 01:00:00,291.39056,291.0087
Oklaj,Potomje_2025-03-11_16-50_tf_1h,2021-08-07 02:00:00,291.364,290.55133
Oklaj,Potomje_2025-03-11_16-50_tf_1h,2021-08-07 03:00:00,291.15314,290.67105
Oklaj,Potomje_2025-03-11_16-50_tf_1h,2021-08-07 04:00:00,290.46664,290.4531
Oklaj,Potomje_2025-03-11_16-50_tf_1h,2021-08-07 05:00:00,289.90045,289.55862
Oklaj,Potomje_2025-03-11_16-50_tf_1h,2021-08-07 06:00:00,290.58887,289.0023
Oklaj,Potomje_2025-03-11_16-50_tf_1h,2021-08-07 07:00:00,295.1174,290.8078
Oklaj,Potomje_2025-03-11_16-50_tf_1h,2021-08-07 08:00:00,298.46588,298.0117
Oklaj,Potomje_2025-03-11_16-50_tf_1h,2021-08-07 09:00:00,300.1239,299.88007
Oklaj,Potomje_2025-03-11_16-50_tf_1h,2021-08-07 10:00:00,301.3352,300.5264
Oklaj,Potomje_2025-03-11_16-50_tf_1h,2021-08-07 11:00:00,302.1244,301.24573
Oklaj,Potomje_2025-03-11_16-50_tf_1h,2021-08-07 12:00:00,302.63162,301.5896
Oklaj,Potomje_2025-03-11_16-50_tf_1h,2021-08-07 13:00:00,302.79837,301.83282
Oklaj,Potomje_2025-03-11_16-50_tf_1h,2021-08-07 14:00:00,302.8761,301.74954
Oklaj,Potomje_2025-03-11_16-50_tf_1h,2021-08-07 15:00:00,302.64764,301.7262
Oklaj,Potomje_2025-03-11_16-50_tf_1h,2021-08-07 16:00:00,302.25598,301.31055
Oklaj,Potomje_2025-03-11_16-50_tf_1h,2021-08-07 17:00:00,301.6839,300.8206
Oklaj,Potomje_2025-03-11_16-50_tf_1h,2021-08-07 18:00:00,300.84903,300.1637
Oklaj,Potomje_2025-03-11_16-50_tf_1h,2021-08-07 19:00:00,299.6237,299.29333
Oklaj,Potomje_2025-03-11_16-50_tf_1h,2021-08-07 20:00:00,298.3655,298.0921
Oklaj,Potomje_2025-03-11_16-50_tf_1h,2021-08-07 21:00:00,297.33813,296.91562
Oklaj,Potomje_2025-03-11_16-50_tf_1h,2021-08-07 22:00:00,296.4037,295.9703
Oklaj,Potomje_2025-03-11_16-50_tf_1h,2021-08-07 23:00:00,295.79062,295.11087
Oklaj,Potomje_2025-03-11_16-50_tf_1h,2021-08-08 00:00:00,295.56686,294.59497
Oklaj,Potomje_2025-03-11_16-50_tf_1h,2021-08-08 01:00:00,295.60123,294.4712
Oklaj,Potomje_2025-03-11_16-50_tf_1h,2021-08-08 02:00:00,295.3892,294.60086
Oklaj,Potomje_2025-03-11_16-50_tf_1h,2021-08-08 03:00:00,295.14044,294.41998
Oklaj,Potomje_2025-03-11_16-50_tf_1h,2021-08-08 04:00:00,295.00183,294.2371
Oklaj,Potomje_2025-03-11_16-50_tf_1h,2021-08-08 05:00:00,294.8878,294.1188
Oklaj,Potomje_2025-03-11_16-50_tf_1h,2021-08-08 06:00:00,295.6438,294.04565
Oklaj,Potomje_2025-03-11_16-50_tf_1h,2021-08-08 07:00:00,298.37762,295.79904
Oklaj,Potomje_2025-03-11_16-50_tf_1h,2021-08-08 08:00:00,301.2122,299.92096
Oklaj,Potomje_2025-03-11_16-50_tf_1h,2021-08-08 09:00:00,302.66833,302.2531
Oklaj,Potomje_2025-03-11_16-50_tf_1h,2021-08-08 10:00:00,303.82965,302.60266
Oklaj,Potomje_2025-03-11_16-50_tf_1h,2021-08-08 11:00:00,304.63135,303.48904
Oklaj,Potomje_2025-03-11_16-50_tf_1h,2021-08-08 12:00:00,305.0972,303.84323
Oklaj,Potomje_2025-03-11_16-50_tf_1h,2021-08-08 13:00:00,305.22333,304.04813
Oklaj,Potomje_2025-03-11_16-50_tf_1h,2021-08-08 14:00:00,305.09094,303.88403
Oklaj,Potomje_2025-03-11_16-50_tf_1h,2021-08-08 15:00:00,304.8301,303.55563
Oklaj,Potomje_2025-03-11_16-50_tf_1h,2021-08-08 16:00:00,304.399,303.13983
Oklaj,Potomje_2025-03-11_16-50_tf_1h,2021-08-08 17:00:00,303.38177,302.57947
Oklaj,Potomje_2025-03-11_16-50_tf_1h,2021-08-08 18:00:00,302.33722,301.44986
Oklaj,Potomje_2025-03-11_16-50_tf_1h,2021-08-08 19:00:00,301.22626,300.4665
Oklaj,Potomje_2025-03-11_16-50_tf_1h,2021-08-08 20:00:00,300.32892,299.4049
Oklaj,Potomje_2025-03-11_16-50_tf_1h,2021-08-08 21:00:00,299.027,298.59637
Oklaj,Potomje_2025-03-11_16-50_tf_1h,2021-08-08 22:00:00,298.09686,297.36642
Oklaj,Potomje_2025-03-11_16-50_tf_1h,2021-08-08 23:00:00,297.50644,296.59796
Oklaj,Potomje_2025-03-11_16-50_tf_1h,2021-08-09 00:00:00,297.22723,296.11252
Oklaj,Potomje_2025-03-11_16-50_tf_1h,2021-08-09 01:00:00,296.75787,295.9451
Oklaj,Potomje_2025-03-11_16-50_tf_1h,2021-08-09 02:00:00,295.8406,295.5187
Oklaj,Potomje_2025-03-11_16-50_tf_1h,2021-08-09 03:00:00,295.14124,294.606
Oklaj,Potomje_2025-03-11_16-50_tf_1h,2021-08-09 04:00:00,294.42233,294.0153
Oklaj,Potomje_2025-03-11_16-50_tf_1h,2021-08-09 05:00:00,293.6355,293.13364
Oklaj,Potomje_2025-03-11_16-50_tf_1h,2021-08-09 06:00:00,294.0705,292.27747
Oklaj,Potomje_2025-03-11_16-50_tf_1h,2021-08-09 07:00:00,298.3917,294.43466
Oklaj,Potomje_2025-03-11_16-50_tf_1h,2021-08-09 08:00:00,302.75464,301.49295
Oklaj,Potomje_2025-03-11_16-50_tf_1h,2021-08-09 09:00:00,304.16003,304.43744
Oklaj,Potomje_2025-03-11_16-50_tf_1h,2021-08-09 10:00:00,305.06635,303.8331
Oklaj,Potomje_2025-03-11_16-50_tf_1h,2021-08-09 11:00:00,305.79617,304.63168
Oklaj,Potomje_2025-03-11_16-50_tf_1h,2021-08-09 12:00:00,306.29797,304.89124
Oklaj,Potomje_2025-03-11_16-50_tf_1h,2021-08-09 13:00:00,306.5346,305.19623
Oklaj,Potomje_2025-03-11_16-50_tf_1h,2021-08-09 14:00:00,306.76578,305.14874
Oklaj,Potomje_2025-03-11_16-50_tf_1h,2021-08-09 15:00:00,306.4159,305.2216
Oklaj,Potomje_2025-03-11_16-50_tf_1h,2021-08-09 16:00:00,305.7048,304.52792
Oklaj,Potomje_2025-03-11_16-50_tf_1h,2021-08-09 17:00:00,304.70633,303.70645
Oklaj,Potomje_2025-03-11_16-50_tf_1h,2021-08-09 18:00:00,303.60904,302.64047
Oklaj,Potomje_2025-03-11_16-50_tf_1h,2021-08-09 19:00:00,302.24466,301.57303
Oklaj,Potomje_2025-03-11_16-50_tf_1h,2021-08-09 20:00:00,302.44888,300.25186
Oklaj,Potomje_2025-03-11_16-50_tf_1h,2021-08-09 21:00:00,301.25787,300.5805
Oklaj,Potomje_2025-03-11_16-50_tf_1h,2021-08-09 22:00:00,301.31528,299.2655
Oklaj,Potomje_2025-03-11_16-50_tf_1h,2021-08-09 23:00:00,300.71393,299.5218
Oklaj,Potomje_2025-03-11_16-50_tf_1h,2021-08-10 00:00:00,298.89267,298.84766
Oklaj,Potomje_2025-03-11_16-50_tf_1h,2021-08-10 01:00:00,299.4015,297.1503
Oklaj,Potomje_2025-03-11_16-50_tf_1h,2021-08-10 02:00:00,299.37143,297.9176
Oklaj,Potomje_2025-03-11_16-50_tf_1h,2021-08-10 03:00:00,298.12732,297.81165
Oklaj,Potomje_2025-03-11_16-50_tf_1h,2021-08-10 04:00:00,296.73325,296.57123
Oklaj,Potomje_2025-03-11_16-50_tf_1h,2021-08-10 05:00:00,295.2533,294.99396
Oklaj,Potomje_2025-03-11_16-50_tf_1h,2021-08-10 06:00:00,295.10062,293.18942
Oklaj,Potomje_2025-03-11_16-50_tf_1h,2021-08-10 07:00:00,299.28043,294.7254
Oklaj,Potomje_2025-03-11_16-50_tf_1h,2021-08-10 08:00:00,302.7613,302.40982
Oklaj,Potomje_2025-03-11_16-50_tf_1h,2021-08-10 09:00:00,304.2963,304.03986
Oklaj,Potomje_2025-03-11_16-50_tf_1h,2021-08-10 10:00:00,305.15695,304.33002
Oklaj,Potomje_2025-03-11_16-50_tf_1h,2021-08-10 11:00:00,306.13434,304.62738
Oklaj,Potomje_2025-03-11_16-50_tf_1h,2021-08-10 12:00:00,306.90714,305.47873
Oklaj,Potomje_2025-03-11_16-50_tf_1h,2021-08-10 13:00:00,307.16446,305.89395
Oklaj,Potomje_2025-03-11_16-50_tf_1h,2021-08-10 14:00:00,307.12854,305.78552
Oklaj,Potomje_2025-03-11_16-50_tf_1h,2021-08-10 15:00:00,306.74234,305.52545
Oklaj,Potomje_2025-03-11_16-50_tf_1h,2021-08-10 16:00:00,306.0828,304.90353
Oklaj,Potomje_2025-03-11_16-50_tf_1h,2021-08-10 17:00:00,305.05426,304.1295
Oklaj,Potomje_2025-03-11_16-50_tf_1h,2021-08-10 18:00:00,304.02686,303.01593
Oklaj,Potomje_2025-03-11_16-50_tf_1h,2021-08-10 19:00:00,302.5594,302.06366
Oklaj,Potomje_2025-03-11_16-50_tf_1h,2021-08-10 20:00:00,301.9346,300.57013
Oklaj,Potomje_2025-03-11_16-50_tf_1h,2021-08-10 21:00:00,299.92474,300.17972
Oklaj,Potomje_2025-03-11_16-50_tf_1h,2021-08-10 22:00:00,299.4956,297.92288
Oklaj,Potomje_2025-03-11_16-50_tf_1h,2021-08-10 23:00:00,299.02036,297.95795
Oklaj,Potomje_2025-03-11_16-50_tf_1h,2021-08-11 00:00:00,297.64935,297.4394
Oklaj,Potomje_2025-03-11_16-50_tf_1h,2021-08-11 01:00:00,296.67,296.03088
Oklaj,Potomje_2025-03-11_16-50_tf_1h,2021-08-11 02:00:00,295.96008,295.24908
Oklaj,Potomje_2025-03-11_16-50_tf_1h,2021-08-11 03:00:00,295.4185,294.64328
Oklaj,Potomje_2025-03-11_16-50_tf_1h,2021-08-11 04:00:00,295.10452,294.22806
Oklaj,Potomje_2025-03-11_16-50_tf_1h,2021-08-11 05:00:00,294.93152,293.9204
Oklaj,Potomje_2025-03-11_16-50_tf_1h,2021-08-11 06:00:00,295.782,293.9082
Oklaj,Potomje_2025-03-11_16-50_tf_1h,2021-08-11 07:00:00,299.62796,296.36105
Oklaj,Potomje_2025-03-11_16-50_tf_1h,2021-08-11 08:00:00,302.27512,302.3843
Oklaj,Potomje_2025-03-11_16-50_tf_1h,2021-08-11 09:00:00,304.22446,303.0855
Oklaj,Potomje_2025-03-11_16-50_tf_1h,2021-08-11 10:00:00,305.5943,304.61188
Oklaj,Potomje_2025-03-11_16-50_tf_1h,2021-08-11 11:00:00,306.3374,305.18207
Oklaj,Potomje_2025-03-11_16-50_tf_1h,2021-08-11 12:00:00,307.04144,305.50177
Oklaj,Potomje_2025-03-11_16-50_tf_1h,2021-08-11 13:00:00,307.37378,306.0488
Oklaj,Potomje_2025-03-11_16-50_tf_1h,2021-08-11 14:00:00,307.6436,306.0022
Oklaj,Potomje_2025-03-11_16-50_tf_1h,2021-08-11 15:00:00,306.9657,306.1274
Oklaj,Potomje_2025-03-11_16-50_tf_1h,2021-08-11 16:00:00,305.8192,304.95807
Oklaj,Potomje_2025-03-11_16-50_tf_1h,2021-08-11 17:00:00,305.14835,303.7638
Oklaj,Potomje_2025-03-11_16-50_tf_1h,2021-08-11 18:00:00,304.25763,303.16907
Oklaj,Potomje_2025-03-11_16-50_tf_1h,2021-08-11 19:00:00,303.0194,302.17514
Oklaj,Potomje_2025-03-11_16-50_tf_1h,2021-08-11 20:00:00,301.94827,300.9546
Oklaj,Potomje_2025-03-11_16-50_tf_1h,2021-08-11 21:00:00,300.7803,299.9792
Oklaj,Potomje_2025-03-11_16-50_tf_1h,2021-08-11 22:00:00,299.56668,298.8793
Oklaj,Potomje_2025-03-11_16-50_tf_1h,2021-08-11 23:00:00,298.33505,297.77924
Oklaj,Potomje_2025-03-11_16-50_tf_1h,2021-08-12 00:00:00,297.16827,296.67273
Oklaj,Potomje_2025-03-11_16-50_tf_1h,2021-08-12 01:00:00,296.2467,295.62195
Oklaj,Potomje_2025-03-11_16-50_tf_1h,2021-08-12 02:00:00,295.46103,294.8267
Oklaj,Potomje_2025-03-11_16-50_tf_1h,2021-08-12 03:00:00,294.75348,294.1424
Oklaj,Potomje_2025-03-11_16-50_tf_1h,2021-08-12 04:00:00,294.1533,293.4849
Oklaj,Potomje_2025-03-11_16-50_tf_1h,2021-08-12 05:00:00,293.65775,292.7895
Oklaj,Potomje_2025-03-11_16-50_tf_1h,2021-08-12 06:00:00,294.10605,292.3803
Oklaj,Potomje_2025-03-11_16-50_tf_1h,2021-08-12 07:00:00,297.2569,294.51743
Oklaj,Potomje_2025-03-11_16-50_tf_1h,2021-08-12 08:00:00,301.4379,299.9834
Oklaj,Potomje_2025-03-11_16-50_tf_1h,2021-08-12 09:00:00,303.5005,303.55075
Oklaj,Potomje_2025-03-11_16-50_tf_1h,2021-08-12 10:00:00,305.07767,303.69876
Oklaj,Potomje_2025-03-11_16-50_tf_1h,2021-08-12 11:00:00,306.35223,305.08704
Oklaj,Potomje_2025-03-11_16-50_tf_1h,2021-08-12 12:00:00,307.26443,305.76584
Oklaj,Potomje_2025-03-11_16-50_tf_1h,2021-08-12 13:00:00,307.824,306.38254
Oklaj,Potomje_2025-03-11_16-50_tf_1h,2021-08-12 14:00:00,307.93567,306.5472
Oklaj,Potomje_2025-03-11_16-50_tf_1h,2021-08-12 15:00:00,307.74435,306.3213
Oklaj,Potomje_2025-03-11_16-50_tf_1h,2021-08-12 16:00:00,307.4054,305.9087
Oklaj,Potomje_2025-03-11_16-50_tf_1h,2021-08-12 17:00:00,306.75992,305.39688
Oklaj,Potomje_2025-03-11_16-50_tf_1h,2021-08-12 18:00:00,305.57242,304.58215
Oklaj,Potomje_2025-03-11_16-50_tf_1h,2021-08-12 19:00:00,304.1042,303.30048
Oklaj,Potomje_2025-03-11_16-50_tf_1h,2021-08-12 20:00:00,302.01074,301.88333
Oklaj,Potomje_2025-03-11_16-50_tf_1h,2021-08-12 21:00:00,300.34296,299.86893
Oklaj,Potomje_2025-03-11_16-50_tf_1h,2021-08-12 22:00:00,298.84543,298.42212
Oklaj,Potomje_2025-03-11_16-50_tf_1h,2021-08-12 23:00:00,297.615,297.09412
Oklaj,Potomje_2025-03-11_16-50_tf_1h,2021-08-13 00:00:00,296.80005,296.03018
Oklaj,Potomje_2025-03-11_16-50_tf_1h,2021-08-13 01:00:00,296.06082,295.3293
Oklaj,Potomje_2025-03-11_16-50_tf_1h,2021-08-13 02:00:00,295.51843,294.67746
Oklaj,Potomje_2025-03-11_16-50_tf_1h,2021-08-13 03:00:00,295.00183,294.24084
Oklaj,Potomje_2025-03-11_16-50_tf_1h,2021-08-13 04:00:00,294.54065,293.7805
Oklaj,Potomje_2025-03-11_16-50_tf_1h,2021-08-13 05:00:00,294.11267,293.2815
Oklaj,Potomje_2025-03-11_16-50_tf_1h,2021-08-13 06:00:00,294.47467,292.69577
Oklaj,Potomje_2025-03-11_16-50_tf_1h,2021-08-13 07:00:00,297.9473,294.463
Oklaj,Potomje_2025-03-11_16-50_tf_1h,2021-08-13 08:00:00,302.2888,300.92328
Oklaj,Potomje_2025-03-11_16-50_tf_1h,2021-08-13 09:00:00,304.58643,304.39847
Oklaj,Potomje_2025-03-11_16-50_tf_1h,2021-08-13 10:00:00,306.26007,304.8711
Oklaj,Potomje_2025-03-11_16-50_tf_1h,2021-08-13 11:00:00,307.4308,306.19922
Oklaj,Potomje_2025-03-11_16-50_tf_1h,2021-08-13 12:00:00,308.29337,306.69388
Oklaj,Potomje_2025-03-11_16-50_tf_1h,2021-08-13 13:00:00,308.91348,307.31454
Oklaj,Potomje_2025-03-11_16-50_tf_1h,2021-08-13 14:00:00,308.82758,307.59192
Oklaj,Potomje_2025-03-11_16-50_tf_1h,2021-08-13 15:00:00,308.4734,307.062
Oklaj,Potomje_2025-03-11_16-50_tf_1h,2021-08-13 16:00:00,308.2223,306.55704
Oklaj,Potomje_2025-03-11_16-50_tf_1h,2021-08-13 17:00:00,307.74005,306.1515
Oklaj,Potomje_2025-03-11_16-50_tf_1h,2021-08-13 18:00:00,306.71735,305.43164
Oklaj,Potomje_2025-03-11_16-50_tf_1h,2021-08-13 19:00:00,305.01636,304.25848
Oklaj,Potomje_2025-03-11_16-50_tf_1h,2021-08-13 20:00:00,303.46573,302.55215
Oklaj,Potomje_2025-03-11_16-50_tf_1h,2021-08-13 21:00:00,302.03183,301.15384
Oklaj,Potomje_2025-03-11_16-50_tf_1h,2021-08-13 22:00:00,300.60693,299.83383
Oklaj,Potomje_2025-03-11_16-50_tf_1h,2021-08-13 23:00:00,299.13675,298.58646
Oklaj,Potomje_2025-03-11_16-50_tf_1h,2021-08-14 00:00:00,297.66965,297.31992
Oklaj,Potomje_2025-03-11_16-50_tf_1h,2021-08-14 01:00:00,296.55325,296.03543
Oklaj,Potomje_2025-03-11_16-50_tf_1h,2021-08-14 02:00:00,295.66293,295.04877
Oklaj,Potomje_2025-03-11_16-50_tf_1h,2021-08-14 03:00:00,294.95224,294.19946
Oklaj,Potomje_2025-03-11_16-50_tf_1h,2021-08-14 04:00:00,294.32196,293.54343
Oklaj,Potomje_2025-03-11_16-50_tf_1h,2021-08-14 05:00:00,293.80847,292.8404
Oklaj,Potomje_2025-03-11_16-50_tf_1h,2021-08-14 06:00:00,294.42584,292.2092
Oklaj,Potomje_2025-03-11_16-50_tf_1h,2021-08-14 07:00:00,298.01172,294.71384
Oklaj,Potomje_2025-03-11_16-50_tf_1h,2021-08-14 08:00:00,303.15137,301.12695
Oklaj,Potomje_2025-03-11_16-50_tf_1h,2021-08-14 09:00:00,305.5439,305.76178
Oklaj,Potomje_2025-03-11_16-50_tf_1h,2021-08-14 10:00:00,306.91727,305.6164
Oklaj,Potomje_2025-03-11_16-50_tf_1h,2021-08-14 11:00:00,308.0712,306.73297
Oklaj,Potomje_2025-03-11_16-50_tf_1h,2021-08-14 12:00:00,308.90372,307.302
Oklaj,Potomje_2025-03-11_16-50_tf_1h,2021-08-14 13:00:00,309.3102,307.8509
Oklaj,Potomje_2025-03-11_16-50_tf_1h,2021-08-14 14:00:00,309.42386,307.85196
Oklaj,Potomje_2025-03-11_16-50_tf_1h,2021-08-14 15:00:00,309.04077,307.7589
Oklaj,Potomje_2025-03-11_16-50_tf_1h,2021-08-14 16:00:00,308.58078,307.035
Oklaj,Potomje_2025-03-11_16-50_tf_1h,2021-08-14 17:00:00,307.7053,306.48346
Oklaj,Potomje_2025-03-11_16-50_tf_1h,2021-08-14 18:00:00,306.5221,305.35583
Oklaj,Potomje_2025-03-11_16-50_tf_1h,2021-08-14 19:00:00,304.89297,304.13165
Oklaj,Potomje_2025-03-11_16-50_tf_1h,2021-08-14 20:00:00,303.86285,302.49664
Oklaj,Potomje_2025-03-11_16-50_tf_1h,2021-08-14 21:00:00,302.00412,301.5984
Oklaj,Potomje_2025-03-11_16-50_tf_1h,2021-08-14 22:00:00,300.4855,299.7533
Oklaj,Potomje_2025-03-11_16-50_tf_1h,2021-08-14 23:00:00,298.90714,298.50177
Oklaj,Potomje_2025-03-11_16-50_tf_1h,2021-08-15 00:00:00,297.74542,297.10916
Oklaj,Potomje_2025-03-11_16-50_tf_1h,2021-08-15 01:00:00,296.97653,296.13986
Oklaj,Potomje_2025-03-11_16-50_tf_1h,2021-08-15 02:00:00,296.4369,295.45645
Oklaj,Potomje_2025-03-11_16-50_tf_1h,2021-08-15 03:00:00,295.81638,294.94763
Oklaj,Potomje_2025-03-11_16-50_tf_1h,2021-08-15 04:00:00,295.2853,294.35217
Oklaj,Potomje_2025-03-11_16-50_tf_1h,2021-08-15 05:00:00,294.855,293.82367
Oklaj,Potomje_2025-03-11_16-50_tf_1h,2021-08-15 06:00:00,295.16623,293.3036
Oklaj,Potomje_2025-03-11_16-50_tf_1h,2021-08-15 07:00:00,298.9649,295.18307
Oklaj,Potomje_2025-03-11_16-50_tf_1h,2021-08-15 08:00:00,303.8488,302.27603
Oklaj,Potomje_2025-03-11_16-50_tf_1h,2021-08-15 09:00:00,305.62943,306.02243
Oklaj,Potomje_2025-03-11_16-50_tf_1h,2021-08-15 10:00:00,306.98834,305.34134
Oklaj,Potomje_2025-03-11_16-50_tf_1h,2021-08-15 11:00:00,307.9521,306.8795
Oklaj,Potomje_2025-03-11_16-50_tf_1h,2021-08-15 12:00:00,308.5843,306.9966
Oklaj,Potomje_2025-03-11_16-50_tf_1h,2021-08-15 13:00:00,308.85568,307.5348
Oklaj,Potomje_2025-03-11_16-50_tf_1h,2021-08-15 14:00:00,308.79047,307.37094
Oklaj,Potomje_2025-03-11_16-50_tf_1h,2021-08-15 15:00:00,308.19223,307.11478
Oklaj,Potomje_2025-03-11_16-50_tf_1h,2021-08-15 16:00:00,307.64322,306.20224
Oklaj,Potomje_2025-03-11_16-50_tf_1h,2021-08-15 17:00:00,306.80325,305.64542
Oklaj,Potomje_2025-03-11_16-50_tf_1h,2021-08-15 18:00:00,305.5775,304.58963
Oklaj,Potomje_2025-03-11_16-50_tf_1h,2021-08-15 19:00:00,303.79138,303.30658
Oklaj,Potomje_2025-03-11_16-50_tf_1h,2021-08-15 20:00:00,303.83435,301.51288
Oklaj,Potomje_2025-03-11_16-50_tf_1h,2021-08-15 21:00:00,303.18457,301.74255
Oklaj,Potomje_2025-03-11_16-50_tf_1h,2021-08-15 22:00:00,302.53284,300.8959
Oklaj,Potomje_2025-03-11_16-50_tf_1h,2021-08-15 23:00:00,301.7999,300.35507
Oklaj,Potomje_2025-03-11_16-50_tf_1h,2021-08-16 00:00:00,301.0845,299.68045
Oklaj,Potomje_2025-03-11_16-50_tf_1h,2021-08-16 01:00:00,298.0945,299.08008
Oklaj,Potomje_2025-03-11_16-50_tf_1h,2021-08-16 02:00:00,296.45093,296.1041
Oklaj,Potomje_2025-03-11_16-50_tf_1h,2021-08-16 03:00:00,295.81366,294.8328
Oklaj,Potomje_2025-03-11_16-50_tf_1h,2021-08-16 04:00:00,295.3884,294.29126
Oklaj,Potomje_2025-03-11_16-50_tf_1h,2021-08-16 05:00:00,295.10492,293.95114
Oklaj,Potomje_2025-03-11_16-50_tf_1h,2021-08-16 06:00:00,295.4829,293.7027
Oklaj,Potomje_2025-03-11_16-50_tf_1h,2021-08-16 07:00:00,298.70212,295.35294
Oklaj,Potomje_2025-03-11_16-50_tf_1h,2021-08-16 08:00:00,303.365,301.47592
Oklaj,Potomje_2025-03-11_16-50_tf_1h,2021-08-16 09:00:00,305.2612,305.6946
Oklaj,Potomje_2025-03-11_16-50_tf_1h,2021-08-16 10:00:00,306.42566,305.07736
Oklaj,Potomje_2025-03-11_16-50_tf_1h,2021-08-16 11:00:00,306.84232,306.18903
Oklaj,Potomje_2025-03-11_16-50_tf_1h,2021-08-16 12:00:00,306.6115,305.67648
Oklaj,Potomje_2025-03-11_16-50_tf_1h,2021-08-16 13:00:00,306.63846,305.24976
Oklaj,Potomje_2025-03-11_16-50_tf_1h,2021-08-16 14:00:00,306.32803,305.32785
Oklaj,Potomje_2025-03-11_16-50_tf_1h,2021-08-16 15:00:00,306.33624,304.72302
Oklaj,Potomje_2025-03-11_16-50_tf_1h,2021-08-16 16:00:00,306.01367,304.88693
Oklaj,Potomje_2025-03-11_16-50_tf_1h,2021-08-16 17:00:00,305.28424,304.26413
Oklaj,Potomje_2025-03-11_16-50_tf_1h,2021-08-16 18:00:00,304.09753,303.45206
Oklaj,Potomje_2025-03-11_16-50_tf_1h,2021-08-16 19:00:00,302.64685,302.17245
Oklaj,Potomje_2025-03-11_16-50_tf_1h,2021-08-16 20:00:00,301.89517,300.73807
Oklaj,Potomje_2025-03-11_16-50_tf_1h,2021-08-16 21:00:00,300.99353,300.22327
Oklaj,Potomje_2025-03-11_16-50_tf_1h,2021-08-16 22:00:00,300.4238,299.2562
Oklaj,Potomje_2025-03-11_16-50_tf_1h,2021-08-16 23:00:00,299.87164,298.76273
Oklaj,Potomje_2025-03-11_16-50_tf_1h,2021-08-17 00:00:00,299.44287,298.18594
Oklaj,Potomje_2025-03-11_16-50_tf_1h,2021-08-17 01:00:00,298.9946,297.8037
Oklaj,Potomje_2025-03-11_16-50_tf_1h,2021-08-17 02:00:00,298.6205,297.44476
Oklaj,Potomje_2025-03-11_16-50_tf_1h,2021-08-17 03:00:00,298.48343,297.20752
Oklaj,Potomje_2025-03-11_16-50_tf_1h,2021-08-17 04:00:00,298.75406,297.24188
Oklaj,Potomje_2025-03-11_16-50_tf_1h,2021-08-17 05:00:00,298.7513,297.81708
Oklaj,Potomje_2025-03-11_16-50_tf_1h,2021-08-17 06:00:00,297.61343,297.6106
Oklaj,Potomje_2025-03-11_16-50_tf_1h,2021-08-17 07:00:00,299.21133,296.0999
Oklaj,Potomje_2025-03-11_16-50_tf_1h,2021-08-17 08:00:00,299.881,300.73102
Oklaj,Potomje_2025-03-11_16-50_tf_1h,2021-08-17 09:00:00,299.83844,299.71796
Oklaj,Potomje_2025-03-11_16-50_tf_1h,2021-08-17 10:00:00,300.37225,299.45032
Oklaj,Potomje_2025-03-11_16-50_tf_1h,2021-08-17 11:00:00,301.63235,300.1224
Oklaj,Potomje_2025-03-11_16-50_tf_1h,2021-08-17 12:00:00,301.92288,301.62057
Oklaj,Potomje_2025-03-11_16-50_tf_1h,2021-08-17 13:00:00,301.0892,301.05414
Oklaj,Potomje_2025-03-11_16-50_tf_1h,2021-08-17 14:00:00,299.8806,299.67273
Oklaj,Potomje_2025-03-11_16-50_tf_1h,2021-08-17 15:00:00,299.60767,298.33316
Oklaj,Potomje_2025-03-11_16-50_tf_1h,2021-08-17 16:00:00,299.56628,298.66406
Oklaj,Potomje_2025-03-11_16-50_tf_1h,2021-08-17 17:00:00,298.88135,298.6009
Oklaj,Potomje_2025-03-11_16-50_tf_1h,2021-08-17 18:00:00,297.95316,297.6359
Oklaj,Potomje_2025-03-11_16-50_tf_1h,2021-08-17 19:00:00,296.6259,296.67426
Oklaj,Potomje_2025-03-11_16-50_tf_1h,2021-08-17 20:00:00,295.88474,295.15985
Oklaj,Potomje_2025-03-11_16-50_tf_1h,2021-08-17 21:00:00,295.00143,294.77472
Oklaj,Potomje_2025-03-11_16-50_tf_1h,2021-08-17 22:00:00,294.19897,293.7889
Oklaj,Potomje_2025-03-11_16-50_tf_1h,2021-08-17 23:00:00,293.50818,293.08603
Oklaj,Potomje_2025-03-11_16-50_tf_1h,2021-08-18 00:00:00,292.93298,292.47406
Oklaj,Potomje_2025-03-11_16-50_tf_1h,2021-08-18 01:00:00,292.42886,291.96387
Oklaj,Potomje_2025-03-11_16-50_tf_1h,2021-08-18 02:00:00,292.0044,291.46716
Oklaj,Potomje_2025-03-11_16-50_tf_1h,2021-08-18 03:00:00,291.64047,291.1196
Oklaj,Potomje_2025-03-11_16-50_tf_1h,2021-08-18 04:00:00,291.30347,290.88968
Oklaj,Potomje_2025-03-11_16-50_tf_1h,2021-08-18 05:00:00,290.98367,290.8253
Oklaj,Potomje_2025-03-11_16-50_tf_1h,2021-08-18 06:00:00,291.10355,290.98093
Oklaj,Potomje_2025-03-11_16-50_tf_1h,2021-08-18 07:00:00,292.3711,291.66605
Oklaj,Potomje_2025-03-11_16-50_tf_1h,2021-08-18 08:00:00,294.47543,293.45853
Oklaj,Potomje_2025-03-11_16-50_tf_1h,2021-08-18 09:00:00,296.5505,295.64282
Oklaj,Potomje_2025-03-11_16-50_tf_1h,2021-08-18 10:00:00,298.39246,297.36362
Oklaj,Potomje_2025-03-11_16-50_tf_1h,2021-08-18 11:00:00,299.28162,298.82892
Oklaj,Potomje_2025-03-11_16-50_tf_1h,2021-08-18 12:00:00,300.11884,299.02155
Oklaj,Potomje_2025-03-11_16-50_tf_1h,2021-08-18 13:00:00,301.17746,299.7676
Oklaj,Potomje_2025-03-11_16-50_tf_1h,2021-08-18 14:00:00,301.68314,300.72034
Oklaj,Potomje_2025-03-11_16-50_tf_1h,2021-08-18 15:00:00,301.78894,300.847
Oklaj,Potomje_2025-03-11_16-50_tf_1h,2021-08-18 16:00:00,301.37347,300.74966
Oklaj,Potomje_2025-03-11_16-50_tf_1h,2021-08-18 17:00:00,300.37692,300.11905
Oklaj,Potomje_2025-03-11_16-50_tf_1h,2021-08-18 18:00:00,298.9442,298.9906
Oklaj,Potomje_2025-03-11_16-50_tf_1h,2021-08-18 19:00:00,297.36508,297.5288
Oklaj,Potomje_2025-03-11_16-50_tf_1h,2021-08-18 20:00:00,295.95737,295.9948
Oklaj,Potomje_2025-03-11_16-50_tf_1h,2021-08-18 21:00:00,294.92178,294.67792
Oklaj,Potomje_2025-03-11_16-50_tf_1h,2021-08-18 22:00:00,294.0959,293.7436
Oklaj,Potomje_2025-03-11_16-50_tf_1h,2021-08-18 23:00:00,293.35043,293.0
Oklaj,Potomje_2025-03-11_16-50_tf_1h,2021-08-19 00:00:00,292.60928,292.33496
Oklaj,Potomje_2025-03-11_16-50_tf_1h,2021-08-19 01:00:00,291.92163,291.67355
Oklaj,Potomje_2025-03-11_16-50_tf_1h,2021-08-19 02:00:00,291.3527,291.0756
Oklaj,Potomje_2025-03-11_16-50_tf_1h,2021-08-19 03:00:00,290.78256,290.5502
Oklaj,Potomje_2025-03-11_16-50_tf_1h,2021-08-19 04:00:00,290.26202,289.99738
Oklaj,Potomje_2025-03-11_16-50_tf_1h,2021-08-19 05:00:00,289.76416,289.48352
Oklaj,Potomje_2025-03-11_16-50_tf_1h,2021-08-19 06:00:00,289.94965,288.8705
Oklaj,Potomje_2025-03-11_16-50_tf_1h,2021-08-19 07:00:00,292.28674,289.83353
Oklaj,Potomje_2025-03-11_16-50_tf_1h,2021-08-19 08:00:00,295.0358,294.2212
Oklaj,Potomje_2025-03-11_16-50_tf_1h,2021-08-19 09:00:00,297.4377,296.86008
Oklaj,Potomje_2025-03-11_16-50_tf_1h,2021-08-19 10:00:00,299.33356,298.58688
Oklaj,Potomje_2025-03-11_16-50_tf_1h,2021-08-19 11:00:00,300.68463,299.8302
Oklaj,Potomje_2025-03-11_16-50_tf_1h,2021-08-19 12:00:00,301.6839,300.64197
Oklaj,Potomje_2025-03-11_16-50_tf_1h,2021-08-19 13:00:00,302.38016,301.29062
Oklaj,Potomje_2025-03-11_16-50_tf_1h,2021-08-19 14:00:00,302.70035,301.69092
Oklaj,Potomje_2025-03-11_16-50_tf_1h,2021-08-19 15:00:00,302.7039,301.7296
Oklaj,Potomje_2025-03-11_16-50_tf_1h,2021-08-19 16:00:00,302.39148,301.53574
Oklaj,Potomje_2025-03-11_16-50_tf_1h,2021-08-19 17:00:00,301.70227,301.03348
Oklaj,Potomje_2025-03-11_16-50_tf_1h,2021-08-19 18:00:00,300.66434,300.19824
Oklaj,Potomje_2025-03-11_16-50_tf_1h,2021-08-19 19:00:00,299.28043,299.11945
Oklaj,Potomje_2025-03-11_16-50_tf_1h,2021-08-19 20:00:00,297.95004,297.7745
Oklaj,Potomje_2025-03-11_16-50_tf_1h,2021-08-19 21:00:00,296.73874,296.53976
Oklaj,Potomje_2025-03-11_16-50_tf_1h,2021-08-19 22:00:00,295.73672,295.40555
Oklaj,Potomje_2025-03-11_16-50_tf_1h,2021-08-19 23:00:00,294.7394,294.4905
Oklaj,Potomje_2025-03-11_16-50_tf_1h,2021-08-20 00:00:00,293.75812,293.5679
Oklaj,Potomje_2025-03-11_16-50_tf_1h,2021-08-20 01:00:00,292.8951,292.66684
Oklaj,Potomje_2025-03-11_16-50_tf_1h,2021-08-20 02:00:00,292.11688,291.89163
Oklaj,Potomje_2025-03-11_16-50_tf_1h,2021-08-20 03:00:00,291.39523,291.21182
Oklaj,Potomje_2025-03-11_16-50_tf_1h,2021-08-20 04:00:00,290.7525,290.5159
Oklaj,Potomje_2025-03-11_16-50_tf_1h,2021-08-20 05:00:00,290.20776,289.8532
Oklaj,Potomje_2025-03-11_16-50_tf_1h,2021-08-20 06:00:00,290.36044,289.19055
Oklaj,Potomje_2025-03-11_16-50_tf_1h,2021-08-20 07:00:00,293.17355,290.0461
Oklaj,Potomje_2025-03-11_16-50_tf_1h,2021-08-20 08:00:00,296.49115,295.4441
Oklaj,Potomje_2025-03-11_16-50_tf_1h,2021-08-20 09:00:00,298.879,298.5431
Oklaj,Potomje_2025-03-11_16-50_tf_1h,2021-08-20 10:00:00,300.77484,299.92596
Oklaj,Potomje_2025-03-11_16-50_tf_1h,2021-08-20 11:00:00,302.0912,301.2063
Oklaj,Potomje_2025-03-11_16-50_tf_1h,2021-08-20 12:00:00,302.90927,301.91638
Oklaj,Potomje_2025-03-11_16-50_tf_1h,2021-08-20 13:00:00,303.2537,302.3262
Oklaj,Potomje_2025-03-11_16-50_tf_1h,2021-08-20 14:00:00,303.21777,302.32874
Oklaj,Potomje_2025-03-11_16-50_tf_1h,2021-08-20 15:00:00,302.99557,302.06366
Oklaj,Potomje_2025-03-11_16-50_tf_1h,2021-08-20 16:00:00,302.48053,301.72092
Oklaj,Potomje_2025-03-11_16-50_tf_1h,2021-08-20 17:00:00,301.5457,301.06528
Oklaj,Potomje_2025-03-11_16-50_tf_1h,2021-08-20 18:00:00,300.16684,300.0204
Oklaj,Potomje_2025-03-11_16-50_tf_1h,2021-08-20 19:00:00,299.0266,298.61142
Oklaj,Potomje_2025-03-11_16-50_tf_1h,2021-08-20 20:00:00,298.39362,297.58118
Oklaj,Potomje_2025-03-11_16-50_tf_1h,2021-08-20 21:00:00,297.27603,297.0286
Oklaj,Potomje_2025-03-11_16-50_tf_1h,2021-08-20 22:00:00,296.39157,295.91293
Oklaj,Potomje_2025-03-11_16-50_tf_1h,2021-08-20 23:00:00,295.52975,295.1373
Oklaj,Potomje_2025-03-11_16-50_tf_1h,2021-08-21 00:00:00,294.6527,294.33597
Oklaj,Potomje_2025-03-11_16-50_tf_1h,2021-08-21 01:00:00,293.77216,293.533
Oklaj,Potomje_2025-03-11_16-50_tf_1h,2021-08-21 02:00:00,292.9787,292.72723
Oklaj,Potomje_2025-03-11_16-50_tf_1h,2021-08-21 03:00:00,292.32697,292.02237
Oklaj,Potomje_2025-03-11_16-50_tf_1h,2021-08-21 04:00:00,291.79315,291.38196
Oklaj,Potomje_2025-03-11_16-50_tf_1h,2021-08-21 05:00:00,291.36047,290.84924
Oklaj,Potomje_2025-03-11_16-50_tf_1h,2021-08-21 06:00:00,291.70804,290.35373
Oklaj,Potomje_2025-03-11_16-50_tf_1h,2021-08-21 07:00:00,294.58087,291.72797
Oklaj,Potomje_2025-03-11_16-50_tf_1h,2021-08-21 08:00:00,298.23157,296.90475
Oklaj,Potomje_2025-03-11_16-50_tf_1h,2021-08-21 09:00:00,300.5027,300.2516
Oklaj,Potomje_2025-03-11_16-50_tf_1h,2021-08-21 10:00:00,301.97952,301.17563
Oklaj,Potomje_2025-03-11_16-50_tf_1h,2021-08-21 11:00:00,303.15607,302.02048
Oklaj,Potomje_2025-03-11_16-50_tf_1h,2021-08-21 12:00:00,304.01514,302.79434
Oklaj,Potomje_2025-03-11_16-50_tf_1h,2021-08-21 13:00:00,304.6052,303.31012
Oklaj,Potomje_2025-03-11_16-50_tf_1h,2021-08-21 14:00:00,304.88712,303.63904
Oklaj,Potomje_2025-03-11_16-50_tf_1h,2021-08-21 15:00:00,304.82074,303.63617
Oklaj,Potomje_2025-03-11_16-50_tf_1h,2021-08-21 16:00:00,304.39,303.305
Oklaj,Potomje_2025-03-11_16-50_tf_1h,2021-08-21 17:00:00,303.8047,302.67908
Oklaj,Potomje_2025-03-11_16-50_tf_1h,2021-08-21 18:00:00,302.72263,302.00662
Oklaj,Potomje_2025-03-11_16-50_tf_1h,2021-08-21 19:00:00,301.2368,300.86075
Oklaj,Potomje_2025-03-11_16-50_tf_1h,2021-08-21 20:00:00,299.76074,299.43542
Oklaj,Potomje_2025-03-11_16-50_tf_1h,2021-08-21 21:00:00,298.27725,298.08435
Oklaj,Potomje_2025-03-11_16-50_tf_1h,2021-08-21 22:00:00,296.75278,296.7177
Oklaj,Potomje_2025-03-11_16-50_tf_1h,2021-08-21 23:00:00,295.28766,295.31534
Oklaj,Potomje_2025-03-11_16-50_tf_1h,2021-08-22 00:00:00,294.17282,293.96942
Oklaj,Potomje_2025-03-11_16-50_tf_1h,2021-08-22 01:00:00,293.33832,292.95853
Oklaj,Potomje_2025-03-11_16-50_tf_1h,2021-08-22 02:00:00,292.61163,292.22324
Oklaj,Potomje_2025-03-11_16-50_tf_1h,2021-08-22 03:00:00,292.00558,291.5967
Oklaj,Potomje_2025-03-11_16-50_tf_1h,2021-08-22 04:00:00,291.48428,291.0202
Oklaj,Potomje_2025-03-11_16-50_tf_1h,2021-08-22 05:00:00,291.25116,290.45496
Oklaj,Potomje_2025-03-11_16-50_tf_1h,2021-08-22 06:00:00,291.47763,290.2626
Oklaj,Potomje_2025-03-11_16-50_tf_1h,2021-08-22 07:00:00,294.5992,291.3621
Oklaj,Potomje_2025-03-11_16-50_tf_1h,2021-08-22 08:00:00,299.1098,297.41217
Oklaj,Potomje_2025-03-11_16-50_tf_1h,2021-08-22 09:00:00,301.4715,301.68564
Oklaj,Potomje_2025-03-11_16-50_tf_1h,2021-08-22 10:00:00,303.10648,302.0887
Oklaj,Potomje_2025-03-11_16-50_tf_1h,2021-08-22 11:00:00,304.36777,303.26715
Oklaj,Potomje_2025-03-11_16-50_tf_1h,2021-08-22 12:00:00,305.1878,303.96094
Oklaj,Potomje_2025-03-11_16-50_tf_1h,2021-08-22 13:00:00,305.51346,304.42642
Oklaj,Potomje_2025-03-11_16-50_tf_1h,2021-08-22 14:00:00,305.41663,304.3865
Oklaj,Potomje_2025-03-11_16-50_tf_1h,2021-08-22 15:00:00,304.99255,304.0483
Oklaj,Potomje_2025-03-11_16-50_tf_1h,2021-08-22 16:00:00,304.14636,303.44077
Oklaj,Potomje_2025-03-11_16-50_tf_1h,2021-08-22 17:00:00,303.28882,302.43024
Oklaj,Potomje_2025-03-11_16-50_tf_1h,2021-08-22 18:00:00,302.11774,301.55444
Oklaj,Potomje_2025-03-11_16-50_tf_1h,2021-08-22 19:00:00,300.57452,300.3228
Oklaj,Potomje_2025-03-11_16-50_tf_1h,2021-08-22 20:00:00,299.3308,298.83038
Oklaj,Potomje_2025-03-11_16-50_tf_1h,2021-08-22 21:00:00,297.54626,297.71207
Oklaj,Potomje_2025-03-11_16-50_tf_1h,2021-08-22 22:00:00,295.98978,296.00574
Oklaj,Potomje_2025-03-11_16-50_tf_1h,2021-08-22 23:00:00,294.99478,294.62015
Oklaj,Potomje_2025-03-11_16-50_tf_1h,2021-08-23 00:00:00,294.44614,293.7416
Oklaj,Potomje_2025-03-11_16-50_tf_1h,2021-08-23 01:00:00,294.03534,293.29822
Oklaj,Potomje_2025-03-11_16-50_tf_1h,2021-08-23 02:00:00,293.57925,292.97964
Oklaj,Potomje_2025-03-11_16-50_tf_1h,2021-08-23 03:00:00,293.0595,292.57697
Oklaj,Potomje_2025-03-11_16-50_tf_1h,2021-08-23 04:00:00,292.66473,292.00345
Oklaj,Potomje_2025-03-11_16-50_tf_1h,2021-08-23 05:00:00,292.38513,291.5383
Oklaj,Potomje_2025-03-11_16-50_tf_1h,2021-08-23 06:00:00,292.678,291.45508
Oklaj,Potomje_2025-03-11_16-50_tf_1h,2021-08-23 07:00:00,296.69226,293.03018
Oklaj,Potomje_2025-03-11_16-50_tf_1h,2021-08-23 08:00:00,300.21606,299.93393
Oklaj,Potomje_2025-03-11_16-50_tf_1h,2021-08-23 09:00:00,301.96936,301.72452
Oklaj,Potomje_2025-03-11_16-50_tf_1h,2021-08-23 10:00:00,303.02914,302.25494
Oklaj,Potomje_2025-03-11_16-50_tf_1h,2021-08-23 11:00:00,303.88354,302.76013
Oklaj,Potomje_2025-03-11_16-50_tf_1h,2021-08-23 12:00:00,304.50522,303.3203
Oklaj,Potomje_2025-03-11_16-50_tf_1h,2021-08-23 13:00:00,304.20804,303.6671
Oklaj,Potomje_2025-03-11_16-50_tf_1h,2021-08-23 14:00:00,303.91284,302.82843
Oklaj,Potomje_2025-03-11_16-50_tf_1h,2021-08-23 15:00:00,303.4794,302.6066
Oklaj,Potomje_2025-03-11_16-50_tf_1h,2021-08-23 16:00:00,303.3189,302.02206
Oklaj,Potomje_2025-03-11_16-50_tf_1h,2021-08-23 17:00:00,302.56995,301.88678
Oklaj,Potomje_2025-03-11_16-50_tf_1h,2021-08-23 18:00:00,301.6972,300.9003
Oklaj,Potomje_2025-03-11_16-50_tf_1h,2021-08-23 19:00:00,300.62567,300.02734
Oklaj,Potomje_2025-03-11_16-50_tf_1h,2021-08-23 20:00:00,298.13474,298.9539
Oklaj,Potomje_2025-03-11_16-50_tf_1h,2021-08-23 21:00:00,297.4256,296.45007
Oklaj,Potomje_2025-03-11_16-50_tf_1h,2021-08-23 22:00:00,296.57315,296.0732
Oklaj,Potomje_2025-03-11_16-50_tf_1h,2021-08-23 23:00:00,294.99402,295.20923
Oklaj,Potomje_2025-03-11_16-50_tf_1h,2021-08-24 00:00:00,293.55,293.6623
Oklaj,Potomje_2025-03-11_16-50_tf_1h,2021-08-24 01:00:00,292.5023,292.33182
Oklaj,Potomje_2025-03-11_16-50_tf_1h,2021-08-24 02:00:00,292.03134,291.41342
Oklaj,Potomje_2025-03-11_16-50_tf_1h,2021-08-24 03:00:00,291.99503,291.11035
Oklaj,Potomje_2025-03-11_16-50_tf_1h,2021-08-24 04:00:00,291.85406,291.203
Oklaj,Potomje_2025-03-11_16-50_tf_1h,2021-08-24 05:00:00,291.4991,290.88327
Oklaj,Potomje_2025-03-11_16-50_tf_1h,2021-08-24 06:00:00,291.69943,290.69446
Oklaj,Potomje_2025-03-11_16-50_tf_1h,2021-08-24 07:00:00,292.68036,292.28436
Oklaj,Potomje_2025-03-11_16-50_tf_1h,2021-08-24 08:00:00,295.34,294.01904
Oklaj,Potomje_2025-03-11_16-50_tf_1h,2021-08-24 09:00:00,297.36273,297.19147
Oklaj,Potomje_2025-03-11_16-50_tf_1h,2021-08-24 10:00:00,298.8626,298.17203
Oklaj,Potomje_2025-03-11_16-50_tf_1h,2021-08-24 11:00:00,300.2559,299.23715
Oklaj,Potomje_2025-03-11_16-50_tf_1h,2021-08-24 12:00:00,301.106,300.33652
Oklaj,Potomje_2025-03-11_16-50_tf_1h,2021-08-24 13:00:00,301.4164,300.705
Oklaj,Potomje_2025-03-11_16-50_tf_1h,2021-08-24 14:00:00,301.4504,300.6733
Oklaj,Potomje_2025-03-11_16-50_tf_1h,2021-08-24 15:00:00,300.5913,300.52267
Oklaj,Potomje_2025-03-11_16-50_tf_1h,2021-08-24 16:00:00,299.8818,299.2203
Oklaj,Potomje_2025-03-11_16-50_tf_1h,2021-08-24 17:00:00,298.30344,298.66623
Oklaj,Potomje_2025-03-11_16-50_tf_1h,2021-08-24 18:00:00,297.53494,296.77582
Oklaj,Potomje_2025-03-11_16-50_tf_1h,2021-08-24 19:00:00,296.4767,296.355
Oklaj,Potomje_2025-03-11_16-50_tf_1h,2021-08-24 20:00:00,295.1955,295.22507
Oklaj,Potomje_2025-03-11_16-50_tf_1h,2021-08-24 21:00:00,294.49927,293.98938
Oklaj,Potomje_2025-03-11_16-50_tf_1h,2021-08-24 22:00:00,293.92407,293.4501
Oklaj,Potomje_2025-03-11_16-50_tf_1h,2021-08-24 23:00:00,293.01227,292.93472
Oklaj,Potomje_2025-03-11_16-50_tf_1h,2021-08-25 00:00:00,292.04852,292.0469
Oklaj,Potomje_2025-03-11_16-50_tf_1h,2021-08-25 01:00:00,291.28082,291.1563
Oklaj,Potomje_2025-03-11_16-50_tf_1h,2021-08-25 02:00:00,290.95087,290.43622
Oklaj,Potomje_2025-03-11_16-50_tf_1h,2021-08-25 03:00:00,291.0184,290.23218
Oklaj,Potomje_2025-03-11_16-50_tf_1h,2021-08-25 04:00:00,290.526,290.45645
Oklaj,Potomje_2025-03-11_16-50_tf_1h,2021-08-25 05:00:00,290.05234,289.68445
Oklaj,Potomje_2025-03-11_16-50_tf_1h,2021-08-25 06:00:00,290.12225,289.2781
Oklaj,Potomje_2025-03-11_16-50_tf_1h,2021-08-25 07:00:00,290.6705,290.3128
Oklaj,Potomje_2025-03-11_16-50_tf_1h,2021-08-25 08:00:00,291.5612,291.5934
Oklaj,Potomje_2025-03-11_16-50_tf_1h,2021-08-25 09:00:00,292.59445,292.43637
Oklaj,Potomje_2025-03-11_16-50_tf_1h,2021-08-25 10:00:00,293.7827,293.2193
Oklaj,Potomje_2025-03-11_16-50_tf_1h,2021-08-25 11:00:00,294.8214,294.28156
Oklaj,Potomje_2025-03-11_16-50_tf_1h,2021-08-25 12:00:00,295.36926,295.0193
Oklaj,Potomje_2025-03-11_16-50_tf_1h,2021-08-25 13:00:00,295.62543,295.15222
Oklaj,Potomje_2025-03-11_16-50_tf_1h,2021-08-25 14:00:00,296.11276,295.22232
Oklaj,Potomje_2025-03-11_16-50_tf_1h,2021-08-25 15:00:00,296.08075,295.80896
Oklaj,Potomje_2025-03-11_16-50_tf_1h,2021-08-25 16:00:00,295.85037,295.44495
Oklaj,Potomje_2025-03-11_16-50_tf_1h,2021-08-25 17:00:00,295.14355,295.16702
Oklaj,Potomje_2025-03-11_16-50_tf_1h,2021-08-25 18:00:00,294.25128,294.27002
Oklaj,Potomje_2025-03-11_16-50_tf_1h,2021-08-25 19:00:00,293.2532,293.35434
Oklaj,Potomje_2025-03-11_16-50_tf_1h,2021-08-25 20:00:00,292.91425,292.35785
Oklaj,Potomje_2025-03-11_16-50_tf_1h,2021-08-25 21:00:00,292.20865,292.21066
Oklaj,Potomje_2025-03-11_16-50_tf_1h,2021-08-25 22:00:00,291.60962,291.422
Oklaj,Potomje_2025-03-11_16-50_tf_1h,2021-08-25 23:00:00,291.0309,290.8867
Oklaj,Potomje_2025-03-11_16-50_tf_1h,2021-08-26 00:00:00,290.61465,290.33005
Oklaj,Potomje_2025-03-11_16-50_tf_1h,2021-08-26 01:00:00,290.1609,289.9707
Oklaj,Potomje_2025-03-11_16-50_tf_1h,2021-08-26 02:00:00,289.78174,289.5325
Oklaj,Potomje_2025-03-11_16-50_tf_1h,2021-08-26 03:00:00,289.29907,289.1979
Oklaj,Potomje_2025-03-11_16-50_tf_1h,2021-08-26 04:00:00,288.87384,288.6609
Oklaj,Potomje_2025-03-11_16-50_tf_1h,2021-08-26 05:00:00,288.46735,288.25107
Oklaj,Potomje_2025-03-11_16-50_tf_1h,2021-08-26 06:00:00,288.40564,287.91534
Oklaj,Potomje_2025-03-11_16-50_tf_1h,2021-08-26 07:00:00,290.96765,288.30545
Oklaj,Potomje_2025-03-11_16-50_tf_1h,2021-08-26 08:00:00,293.41837,292.68237
Oklaj,Potomje_2025-03-11_16-50_tf_1h,2021-08-26 09:00:00,294.9456,294.74274
Oklaj,Potomje_2025-03-11_16-50_tf_1h,2021-08-26 10:00:00,296.33963,295.60095
Oklaj,Potomje_2025-03-11_16-50_tf_1h,2021-08-26 11:00:00,297.51892,296.7035
Oklaj,Potomje_2025-03-11_16-50_tf_1h,2021-08-26 12:00:00,298.3917,297.53043
Oklaj,Potomje_2025-03-11_16-50_tf_1h,2021-08-26 13:00:00,298.8021,298.1017
Oklaj,Potomje_2025-03-11_16-50_tf_1h,2021-08-26 14:00:00,298.78568,298.2054
Oklaj,Potomje_2025-03-11_16-50_tf_1h,2021-08-26 15:00:00,298.39716,297.9625
Oklaj,Potomje_2025-03-11_16-50_tf_1h,2021-08-26 16:00:00,297.75714,297.416
Oklaj,Potomje_2025-03-11_16-50_tf_1h,2021-08-26 17:00:00,297.0519,296.6976
Oklaj,Potomje_2025-03-11_16-50_tf_1h,2021-08-26 18:00:00,296.16003,295.978
Oklaj,Potomje_2025-03-11_16-50_tf_1h,2021-08-26 19:00:00,294.8468,295.07208
Oklaj,Potomje_2025-03-11_16-50_tf_1h,2021-08-26 20:00:00,293.70187,293.74704
Oklaj,Potomje_2025-03-11_16-50_tf_1h,2021-08-26 21:00:00,292.63193,292.68304
Oklaj,Potomje_2025-03-11_16-50_tf_1h,2021-08-26 22:00:00,292.18677,291.67245
Oklaj,Potomje_2025-03-11_16-50_tf_1h,2021-08-26 23:00:00,291.512,291.35016
Oklaj,Potomje_2025-03-11_16-50_tf_1h,2021-08-27 00:00:00,290.93213,290.71658
Oklaj,Potomje_2025-03-11_16-50_tf_1h,2021-08-27 01:00:00,290.62012,290.1994
Oklaj,Potomje_2025-03-11_16-50_tf_1h,2021-08-27 02:00:00,290.41705,289.9623
Oklaj,Potomje_2025-03-11_16-50_tf_1h,2021-08-27 03:00:00,289.76532,289.814
Oklaj,Potomje_2025-03-11_16-50_tf_1h,2021-08-27 04:00:00,289.90787,289.06546
Oklaj,Potomje_2025-03-11_16-50_tf_1h,2021-08-27 05:00:00,290.07812,289.44382
Oklaj,Potomje_2025-03-11_16-50_tf_1h,2021-08-27 06:00:00,289.99805,289.72427
Oklaj,Potomje_2025-03-11_16-50_tf_1h,2021-08-27 07:00:00,290.7982,289.89993
Oklaj,Potomje_2025-03-11_16-50_tf_1h,2021-08-27 08:00:00,290.75717,291.75052
Oklaj,Potomje_2025-03-11_16-50_tf_1h,2021-08-27 09:00:00,291.58813,291.02112
Oklaj,Potomje_2025-03-11_16-50_tf_1h,2021-08-27 10:00:00,292.77914,292.23547
Oklaj,Potomje_2025-03-11_16-50_tf_1h,2021-08-27 11:00:00,293.74835,293.28806
Oklaj,Potomje_2025-03-11_16-50_tf_1h,2021-08-27 12:00:00,294.86594,293.98303
Oklaj,Potomje_2025-03-11_16-50_tf_1h,2021-08-27 13:00:00,295.37708,295.08008
Oklaj,Potomje_2025-03-11_16-50_tf_1h,2021-08-27 14:00:00,296.19867,295.12418
Oklaj,Potomje_2025-03-11_16-50_tf_1h,2021-08-27 15:00:00,296.13776,296.07422
Oklaj,Potomje_2025-03-11_16-50_tf_1h,2021-08-27 16:00:00,295.13107,295.49963
Oklaj,Potomje_2025-03-11_16-50_tf_1h,2021-08-27 17:00:00,295.01276,294.15982
Oklaj,Potomje_2025-03-11_16-50_tf_1h,2021-08-27 18:00:00,294.6168,294.38168
Oklaj,Potomje_2025-03-11_16-50_tf_1h,2021-08-27 19:00:00,293.81552,293.838
Oklaj,Potomje_2025-03-11_16-50_tf_1h,2021-08-27 20:00:00,291.27185,292.97137
Oklaj,Potomje_2025-03-11_16-50_tf_1h,2021-08-27 21:00:00,290.63846,290.0739
Oklaj,Potomje_2025-03-11_16-50_tf_1h,2021-08-27 22:00:00,290.0867,289.94858
Oklaj,Potomje_2025-03-11_16-50_tf_1h,2021-08-27 23:00:00,289.68762,289.3877
Oklaj,Potomje_2025-03-11_16-50_tf_1h,2021-08-28 00:00:00,288.77075,289.05417
Oklaj,Potomje_2025-03-11_16-50_tf_1h,2021-08-28 01:00:00,288.60165,288.03992
Oklaj,Potomje_2025-03-11_16-50_tf_1h,2021-08-28 02:00:00,288.36542,288.09952
Oklaj,Potomje_2025-03-11_16-50_tf_1h,2021-08-28 03:00:00,288.0796,287.83948
Oklaj,Potomje_2025-03-11_16-50_tf_1h,2021-08-28 04:00:00,288.00305,287.50037
Oklaj,Potomje_2025-03-11_16-50_tf_1h,2021-08-28 05:00:00,287.9105,287.5524
Oklaj,Potomje_2025-03-11_16-50_tf_1h,2021-08-28 06:00:00,287.9636,287.59378
Oklaj,Potomje_2025-03-11_16-50_tf_1h,2021-08-28 07:00:00,288.76178,288.00165
Oklaj,Potomje_2025-03-11_16-50_tf_1h,2021-08-28 08:00:00,290.71033,289.6414
Oklaj,Potomje_2025-03-11_16-50_tf_1h,2021-08-28 09:00:00,292.24728,292.225
Oklaj,Potomje_2025-03-11_16-50_tf_1h,2021-08-28 10:00:00,294.08572,293.1282
Oklaj,Potomje_2025-03-11_16-50_tf_1h,2021-08-28 11:00:00,294.80658,294.87656
Oklaj,Potomje_2025-03-11_16-50_tf_1h,2021-08-28 12:00:00,295.34467,294.8192
Oklaj,Potomje_2025-03-11_16-50_tf_1h,2021-08-28 13:00:00,294.31534,295.22717
Oklaj,Potomje_2025-03-11_16-50_tf_1h,2021-08-28 14:00:00,293.72803,293.3216
Oklaj,Potomje_2025-03-11_16-50_tf_1h,2021-08-28 15:00:00,292.92676,293.05093
Oklaj,Potomje_2025-03-11_16-50_tf_1h,2021-08-28 16:00:00,292.24652,292.07343
Oklaj,Potomje_2025-03-11_16-50_tf_1h,2021-08-28 17:00:00,291.87946,291.46893
Oklaj,Potomje_2025-03-11_16-50_tf_1h,2021-08-28 18:00:00,291.34253,291.22296
Oklaj,Potomje_2025-03-11_16-50_tf_1h,2021-08-28 19:00:00,290.7603,290.6404
Oklaj,Potomje_2025-03-11_16-50_tf_1h,2021-08-28 20:00:00,289.74228,290.08478
Oklaj,Potomje_2025-03-11_16-50_tf_1h,2021-08-28 21:00:00,289.1214,288.98096
Oklaj,Potomje_2025-03-11_16-50_tf_1h,2021-08-28 22:00:00,288.6778,288.48904
Oklaj,Potomje_2025-03-11_16-50_tf_1h,2021-08-28 23:00:00,288.185,288.10132
Oklaj,Potomje_2025-03-11_16-50_tf_1h,2021-08-29 00:00:00,287.82693,287.62396
Oklaj,Potomje_2025-03-11_16-50_tf_1h,2021-08-29 01:00:00,287.7535,287.31647
Oklaj,Potomje_2025-03-11_16-50_tf_1h,2021-08-29 02:00:00,287.4169,287.31903
Oklaj,Potomje_2025-03-11_16-50_tf_1h,2021-08-29 03:00:00,287.23572,286.87646
Oklaj,Potomje_2025-03-11_16-50_tf_1h,2021-08-29 04:00:00,286.96588,286.862
Oklaj,Potomje_2025-03-11_16-50_tf_1h,2021-08-29 05:00:00,286.9866,286.73074
Oklaj,Potomje_2025-03-11_16-50_tf_1h,2021-08-29 06:00:00,287.1471,287.30206
Oklaj,Potomje_2025-03-11_16-50_tf_1h,2021-08-29 07:00:00,287.8082,287.87274
Oklaj,Potomje_2025-03-11_16-50_tf_1h,2021-08-29 08:00:00,289.269,288.5171
Oklaj,Potomje_2025-03-11_16-50_tf_1h,2021-08-29 09:00:00,290.22025,290.14313
Oklaj,Potomje_2025-03-11_16-50_tf_1h,2021-08-29 10:00:00,290.42642,290.57794
Oklaj,Potomje_2025-03-11_16-50_tf_1h,2021-08-29 11:00:00,291.3593,290.31387
Oklaj,Potomje_2025-03-11_16-50_tf_1h,2021-08-29 12:00:00,292.04462,291.6544
Oklaj,Potomje_2025-03-11_16-50_tf_1h,2021-08-29 13:00:00,292.19888,292.0556
Oklaj,Potomje_2025-03-11_16-50_tf_1h,2021-08-29 14:00:00,292.0169,291.93073
Oklaj,Potomje_2025-03-11_16-50_tf_1h,2021-08-29 15:00:00,291.97513,291.5886
Oklaj,Potomje_2025-03-11_16-50_tf_1h,2021-08-29 16:00:00,291.58463,291.5895
Oklaj,Potomje_2025-03-11_16-50_tf_1h,2021-08-29 17:00:00,291.13126,291.02032
Oklaj,Potomje_2025-03-11_16-50_tf_1h,2021-08-29 18:00:00,290.34952,290.5492
Oklaj,Potomje_2025-03-11_16-50_tf_1h,2021-08-29 19:00:00,289.3467,289.65454
Oklaj,Potomje_2025-03-11_16-50_tf_1h,2021-08-29 20:00:00,288.92694,288.60898
Oklaj,Potomje_2025-03-11_16-50_tf_1h,2021-08-29 21:00:00,288.14832,288.3878
Oklaj,Potomje_2025-03-11_16-50_tf_1h,2021-08-29 22:00:00,287.32047,287.51
Oklaj,Potomje_2025-03-11_16-50_tf_1h,2021-08-29 23:00:00,286.60977,286.7129
Oklaj,Potomje_2025-03-11_16-50_tf_1h,2021-08-30 00:00:00,285.99396,286.07156
Oklaj,Potomje_2025-03-11_16-50_tf_1h,2021-08-30 01:00:00,285.49295,285.46375
Oklaj,Potomje_2025-03-11_16-50_tf_1h,2021-08-30 02:00:00,285.25476,284.98038
Oklaj,Potomje_2025-03-11_16-50_tf_1h,2021-08-30 03:00:00,284.9576,284.8654
Oklaj,Potomje_2025-03-11_16-50_tf_1h,2021-08-30 04:00:00,284.55734,284.6112
Oklaj,Potomje_2025-03-11_16-50_tf_1h,2021-08-30 05:00:00,284.08835,284.3817
Oklaj,Potomje_2025-03-11_16-50_tf_1h,2021-08-30 06:00:00,284.07117,284.23715
Oklaj,Potomje_2025-03-11_16-50_tf_1h,2021-08-30 07:00:00,286.18646,284.8311
Oklaj,Potomje_2025-03-11_16-50_tf_1h,2021-08-30 08:00:00,289.8321,288.01212
Oklaj,Potomje_2025-03-11_16-50_tf_1h,2021-08-30 09:00:00,292.32773,291.91495
Oklaj,Potomje_2025-03-11_16-50_tf_1h,2021-08-30 10:00:00,293.92914,293.4755
Oklaj,Potomje_2025-03-11_16-50_tf_1h,2021-08-30 11:00:00,295.183,294.49988
Oklaj,Potomje_2025-03-11_16-50_tf_1h,2021-08-30 12:00:00,296.05225,295.40567
Oklaj,Potomje_2025-03-11_16-50_tf_1h,2021-08-30 13:00:00,296.54816,295.92618
Oklaj,Potomje_2025-03-11_16-50_tf_1h,2021-08-30 14:00:00,296.6653,296.14786
Oklaj,Potomje_2025-03-11_16-50_tf_1h,2021-08-30 15:00:00,296.61417,296.0368
Oklaj,Potomje_2025-03-11_16-50_tf_1h,2021-08-30 16:00:00,296.2553,295.86423
Oklaj,Potomje_2025-03-11_16-50_tf_1h,2021-08-30 17:00:00,295.34195,295.37793
Oklaj,Potomje_2025-03-11_16-50_tf_1h,2021-08-30 18:00:00,294.19077,294.33942
Oklaj,Potomje_2025-03-11_16-50_tf_1h,2021-08-30 19:00:00,292.32892,293.16547
Oklaj,Potomje_2025-03-11_16-50_tf_1h,2021-08-30 20:00:00,293.01617,291.25015
Oklaj,Potomje_2025-03-11_16-50_tf_1h,2021-08-30 21:00:00,292.47064,292.20273
Oklaj,Potomje_2025-03-11_16-50_tf_1h,2021-08-30 22:00:00,289.8114,291.5332
Oklaj,Potomje_2025-03-11_16-50_tf_1h,2021-08-30 23:00:00,288.6087,288.9071
Oklaj,Potomje_2025-03-11_16-50_tf_1h,2021-08-31 00:00:00,288.23813,287.91513
Oklaj,Potomje_2025-03-11_16-50_tf_1h,2021-08-31 01:00:00,288.18774,287.63785
Oklaj,Potomje_2025-03-11_16-50_tf_1h,2021-08-31 02:00:00,287.9718,287.63232
Oklaj,Potomje_2025-03-11_16-50_tf_1h,2021-08-31 03:00:00,287.5294,287.4219
Oklaj,Potomje_2025-03-11_16-50_tf_1h,2021-08-31 04:00:00,287.12833,286.92465
Oklaj,Potomje_2025-03-11_16-50_tf_1h,2021-08-31 05:00:00,286.8788,286.41907
Oklaj,Potomje_2025-03-11_16-50_tf_1h,2021-08-31 06:00:00,286.78784,286.379
Oklaj,Potomje_2025-03-11_16-50_tf_1h,2021-08-31 07:00:00,289.02496,286.84976
Oklaj,Potomje_2025-03-11_16-50_tf_1h,2021-08-31 08:00:00,293.14972,291.09683
Oklaj,Potomje_2025-03-11_16-50_tf_1h,2021-08-31 09:00:00,294.7683,295.57376
Oklaj,Potomje_2025-03-11_16-50_tf_1h,2021-08-31 10:00:00,296.02374,295.4029
Oklaj,Potomje_2025-03-11_16-50_tf_1h,2021-08-31 11:00:00,296.9625,296.4178
Oklaj,Potomje_2025-03-11_16-50_tf_1h,2021-08-31 12:00:00,297.65952,296.91498
Oklaj,Potomje_2025-03-11_16-50_tf_1h,2021-08-31 13:00:00,297.9965,297.36377
Oklaj,Potomje_2025-03-11_16-50_tf_1h,2021-08-31 14:00:00,298.025,297.4306
Oklaj,Potomje_2025-03-11_16-50_tf_1h,2021-08-31 15:00:00,297.9016,297.27203
Oklaj,Potomje_2025-03-11_16-50_tf_1h,2021-08-31 16:00:00,297.07962,297.0395
Oklaj,Potomje_2025-03-11_16-50_tf_1h,2021-08-31 17:00:00,296.5224,295.99994
Oklaj,Potomje_2025-03-11_16-50_tf_1h,2021-08-31 18:00:00,295.64847,295.52213
Oklaj,Potomje_2025-03-11_16-50_tf_1h,2021-08-31 19:00:00,294.03925,294.59106
Oklaj,Potomje_2025-03-11_16-50_tf_1h,2021-08-31 20:00:00,292.4277,292.92154
Oklaj,Potomje_2025-03-11_16-50_tf_1h,2021-08-31 21:00:00,291.04965,291.39932
Oklaj,Potomje_2025-03-11_16-50_tf_1h,2021-08-31 22:00:00,289.85474,290.13
Oklaj,Potomje_2025-03-11_16-50_tf_1h,2021-08-31 23:00:00,288.83246,289.0427
Oklaj,Potomje_2025-03-11_16-50_tf_1h,2021-09-01 00:00:00,288.01437,288.08575
Oklaj,Potomje_2025-03-11_16-50_tf_1h,2021-09-01 01:00:00,287.5781,287.33273
Oklaj,Potomje_2025-03-11_16-50_tf_1h,2021-09-01 02:00:00,287.58173,286.9845
Oklaj,Potomje_2025-03-11_16-50_tf_1h,2021-09-01 03:00:00,287.44705,287.1176
Oklaj,Potomje_2025-03-11_16-50_tf_1h,2021-09-01 04:00:00,287.5969,286.88333
Oklaj,Potomje_2025-03-11_16-50_tf_1h,2021-09-01 05:00:00,287.2593,287.17682
Oklaj,Potomje_2025-03-11_16-50_tf_1h,2021-09-01 06:00:00,287.28723,286.83667
Oklaj,Potomje_2025-03-11_16-50_tf_1h,2021-09-01 07:00:00,289.59528,287.87933
Oklaj,Potomje_2025-03-11_16-50_tf_1h,2021-09-01 08:00:00,292.88663,291.81158
Oklaj,Potomje_2025-03-11_16-50_tf_1h,2021-09-01 09:00:00,294.90384,294.85516
Oklaj,Potomje_2025-03-11_16-50_tf_1h,2021-09-01 10:00:00,296.31262,295.77478
Oklaj,Potomje_2025-03-11_16-50_tf_1h,2021-09-01 11:00:00,297.3696,296.71906
Oklaj,Potomje_2025-03-11_16-50_tf_1h,2021-09-01 12:00:00,298.00986,297.38498
Oklaj,Potomje_2025-03-11_16-50_tf_1h,2021-09-01 13:00:00,298.4478,297.6781
Oklaj,Potomje_2025-03-11_16-50_tf_1h,2021-09-01 14:00:00,298.19424,297.923
Oklaj,Potomje_2025-03-11_16-50_tf_1h,2021-09-01 15:00:00,297.857,297.31058
Oklaj,Potomje_2025-03-11_16-50_tf_1h,2021-09-01 16:00:00,297.19794,296.94415
Oklaj,Potomje_2025-03-11_16-50_tf_1h,2021-09-01 17:00:00,296.13733,296.1493
Oklaj,Potomje_2025-03-11_16-50_tf_1h,2021-09-01 18:00:00,294.83194,295.01517
Oklaj,Potomje_2025-03-11_16-50_tf_1h,2021-09-01 19:00:00,293.27664,293.71884
Oklaj,Potomje_2025-03-11_16-50_tf_1h,2021-09-01 20:00:00,292.2573,292.1985
Oklaj,Potomje_2025-03-11_16-50_tf_1h,2021-09-01 21:00:00,291.35165,291.30984
Oklaj,Potomje_2025-03-11_16-50_tf_1h,2021-09-01 22:00:00,290.66562,290.47226
Oklaj,Potomje_2025-03-11_16-50_tf_1h,2021-09-01 23:00:00,290.18823,289.8944
Oklaj,Potomje_2025-03-11_16-50_tf_1h,2021-09-02 00:00:00,289.8652,289.4956
Oklaj,Potomje_2025-03-11_16-50_tf_1h,2021-09-02 01:00:00,289.4494,289.22913
Oklaj,Potomje_2025-03-11_16-50_tf_1h,2021-09-02 02:00:00,288.49738,288.82318
Oklaj,Potomje_2025-03-11_16-50_tf_1h,2021-09-02 03:00:00,287.44373,287.75024
Oklaj,Potomje_2025-03-11_16-50_tf_1h,2021-09-02 04:00:00,286.7953,286.57895
Oklaj,Potomje_2025-03-11_16-50_tf_1h,2021-09-02 05:00:00,286.28696,286.0008
Oklaj,Potomje_2025-03-11_16-50_tf_1h,2021-09-02 06:00:00,286.0328,285.87888
Oklaj,Potomje_2025-03-11_16-50_tf_1h,2021-09-02 07:00:00,288.49765,286.4671
Oklaj,Potomje_2025-03-11_16-50_tf_1h,2021-09-02 08:00:00,291.19516,290.9573
Oklaj,Potomje_2025-03-11_16-50_tf_1h,2021-09-02 09:00:00,293.0331,292.93298
Oklaj,Potomje_2025-03-11_16-50_tf_1h,2021-09-02 10:00:00,294.65482,294.00485
Oklaj,Potomje_2025-03-11_16-50_tf_1h,2021-09-02 11:00:00,295.90378,295.30743
Oklaj,Potomje_2025-03-11_16-50_tf_1h,2021-09-02 12:00:00,296.8813,296.14716
Oklaj,Potomje_2025-03-11_16-50_tf_1h,2021-09-02 13:00:00,297.62256,296.83316
Oklaj,Potomje_2025-03-11_16-50_tf_1h,2021-09-02 14:00:00,298.05777,297.32788
Oklaj,Potomje_2025-03-11_16-50_tf_1h,2021-09-02 15:00:00,297.9944,297.52112
Oklaj,Potomje_2025-03-11_16-50_tf_1h,2021-09-02 16:00:00,297.41055,297.19403
Oklaj,Potomje_2025-03-11_16-50_tf_1h,2021-09-02 17:00:00,296.28683,296.41962
Oklaj,Potomje_2025-03-11_16-50_tf_1h,2021-09-02 18:00:00,294.91656,295.17847
Oklaj,Potomje_2025-03-11_16-50_tf_1h,2021-09-02 19:00:00,293.35886,293.81082
Oklaj,Potomje_2025-03-11_16-50_tf_1h,2021-09-02 20:00:00,292.4593,292.28012
Oklaj,Potomje_2025-03-11_16-50_tf_1h,2021-09-02 21:00:00,291.47873,291.5259
Oklaj,Potomje_2025-03-11_16-50_tf_1h,2021-09-02 22:00:00,290.64377,290.58
Oklaj,Potomje_2025-03-11_16-50_tf_1h,2021-09-02 23:00:00,289.97348,289.8507
Oklaj,Potomje_2025-03-11_16-50_tf_1h,2021-09-03 00:00:00,289.38116,289.24213
Oklaj,Potomje_2025-03-11_16-50_tf_1h,2021-09-03 01:00:00,288.63202,288.69672
Oklaj,Potomje_2025-03-11_16-50_tf_1h,2021-09-03 02:00:00,287.98328,287.94382
Oklaj,Potomje_2025-03-11_16-50_tf_1h,2021-09-03 03:00:00,287.3133,287.34647
Oklaj,Potomje_2025-03-11_16-50_tf_1h,2021-09-03 04:00:00,286.70337,286.64923
Oklaj,Potomje_2025-03-11_16-50_tf_1h,2021-09-03 05:00:00,286.19507,285.9166
Oklaj,Potomje_2025-03-11_16-50_tf_1h,2021-09-03 06:00:00,286.051,285.5532
Oklaj,Potomje_2025-03-11_16-50_tf_1h,2021-09-03 07:00:00,288.30658,286.1182
Oklaj,Potomje_2025-03-11_16-50_tf_1h,2021-09-03 08:00:00,292.31522,290.57025
Oklaj,Potomje_2025-03-11_16-50_tf_1h,2021-09-03 09:00:00,294.59872,294.9144
Oklaj,Potomje_2025-03-11_16-50_tf_1h,2021-09-03 10:00:00,296.37753,295.6814
Oklaj,Potomje_2025-03-11_16-50_tf_1h,2021-09-03 11:00:00,297.6077,297.028
Oklaj,Potomje_2025-03-11_16-50_tf_1h,2021-09-03 12:00:00,298.57214,297.69403
Oklaj,Potomje_2025-03-11_16-50_tf_1h,2021-09-03 13:00:00,299.10867,298.3767
Oklaj,Potomje_2025-03-11_16-50_tf_1h,2021-09-03 14:00:00,299.27338,298.56952
Oklaj,Potomje_2025-03-11_16-50_tf_1h,2021-09-03 15:00:00,298.9725,298.50284
Oklaj,Potomje_2025-03-11_16-50_tf_1h,2021-09-03 16:00:00,298.10083,297.97653
Oklaj,Potomje_2025-03-11_16-50_tf_1h,2021-09-03 17:00:00,296.7891,296.9374
Oklaj,Potomje_2025-03-11_16-50_tf_1h,2021-09-03 18:00:00,295.49313,295.56894
Oklaj,Potomje_2025-03-11_16-50_tf_1h,2021-09-03 19:00:00,294.08646,294.33017
Oklaj,Potomje_2025-03-11_16-50_tf_1h,2021-09-03 20:00:00,293.74857,292.96124
Oklaj,Potomje_2025-03-11_16-50_tf_1h,2021-09-03 21:00:00,293.68094,292.79285
Oklaj,Potomje_2025-03-11_16-50_tf_1h,2021-09-03 22:00:00,291.3659,292.77448
Oklaj,Potomje_2025-03-11_16-50_tf_1h,2021-09-03 23:00:00,289.6256,290.33255
Oklaj,Potomje_2025-03-11_16-50_tf_1h,2021-09-04 00:00:00,288.54074,288.77344
Oklaj,Potomje_2025-03-11_16-50_tf_1h,2021-09-04 01:00:00,287.79068,287.80194
Oklaj,Potomje_2025-03-11_16-50_tf_1h,2021-09-04 02:00:00,287.2851,287.12354
Oklaj,Potomje_2025-03-11_16-50_tf_1h,2021-09-04 03:00:00,286.9363,286.67578
Oklaj,Potomje_2025-03-11_16-50_tf_1h,2021-09-04 04:00:00,286.63605,286.2959
Oklaj,Potomje_2025-03-11_16-50_tf_1h,2021-09-04 05:00:00,286.3834,285.8947
Oklaj,Potomje_2025-03-11_16-50_tf_1h,2021-09-04 06:00:00,286.37915,285.96344
Oklaj,Potomje_2025-03-11_16-50_tf_1h,2021-09-04 07:00:00,288.8859,286.72342
Oklaj,Potomje_2025-03-11_16-50_tf_1h,2021-09-04 08:00:00,293.28607,291.4528
Oklaj,Potomje_2025-03-11_16-50_tf_1h,2021-09-04 09:00:00,295.62354,296.0036
Oklaj,Potomje_2025-03-11_16-50_tf_1h,2021-09-04 10:00:00,297.18277,296.60614
Oklaj,Potomje_2025-03-11_16-50_tf_1h,2021-09-04 11:00:00,298.2631,297.66556
Oklaj,Potomje_2025-03-11_16-50_tf_1h,2021-09-04 12:00:00,299.07715,298.22705
Oklaj,Potomje_2025-03-11_16-50_tf_1h,2021-09-04 13:00:00,299.3477,298.76605
Oklaj,Potomje_2025-03-11_16-50_tf_1h,2021-09-04 14:00:00,299.25546,298.6581
Oklaj,Potomje_2025-03-11_16-50_tf_1h,2021-09-04 15:00:00,299.10867,298.37418
Oklaj,Potomje_2025-03-11_16-50_tf_1h,2021-09-04 16:00:00,298.55093,298.1527
Oklaj,Potomje_2025-03-11_16-50_tf_1h,2021-09-04 17:00:00,297.7839,297.4337
Oklaj,Potomje_2025-03-11_16-50_tf_1h,2021-09-04 18:00:00,296.65778,296.63266
Oklaj,Potomje_2025-03-11_16-50_tf_1h,2021-09-04 19:00:00,295.4006,295.46515
Oklaj,Potomje_2025-03-11_16-50_tf_1h,2021-09-04 20:00:00,295.04333,294.2416
Oklaj,Potomje_2025-03-11_16-50_tf_1h,2021-09-04 21:00:00,294.40793,294.0331
Oklaj,Potomje_2025-03-11_16-50_tf_1h,2021-09-04 22:00:00,292.00314,293.3869
Oklaj,Potomje_2025-03-11_16-50_tf_1h,2021-09-04 23:00:00,291.0235,290.95676
Oklaj,Potomje_2025-03-11_16-50_tf_1h,2021-09-05 00:00:00,290.12878,290.2049
Oklaj,Potomje_2025-03-11_16-50_tf_1h,2021-09-05 01:00:00,289.5607,289.35544
Oklaj,Potomje_2025-03-11_16-50_tf_1h,2021-09-05 02:00:00,289.12213,288.86646
Oklaj,Potomje_2025-03-11_16-50_tf_1h,2021-09-05 03:00:00,288.73514,288.44342
Oklaj,Potomje_2025-03-11_16-50_tf_1h,2021-09-05 04:00:00,288.7773,288.0415
Oklaj,Potomje_2025-03-11_16-50_tf_1h,2021-09-05 05:00:00,288.41,288.18033
Oklaj,Potomje_2025-03-11_16-50_tf_1h,2021-09-05 06:00:00,288.31598,287.70148
Oklaj,Potomje_2025-03-11_16-50_tf_1h,2021-09-05 07:00:00,290.4175,288.41077
Oklaj,Potomje_2025-03-11_16-50_tf_1h,2021-09-05 08:00:00,293.8887,292.4609
Oklaj,Potomje_2025-03-11_16-50_tf_1h,2021-09-05 09:00:00,296.02966,296.0511
Oklaj,Potomje_2025-03-11_16-50_tf_1h,2021-09-05 10:00:00,297.83243,296.93216
Oklaj,Potomje_2025-03-11_16-50_tf_1h,2021-09-05 11:00:00,298.78415,298.38028
Oklaj,Potomje_2025-03-11_16-50_tf_1h,2021-09-05 12:00:00,299.17752,298.61813
Oklaj,Potomje_2025-03-11_16-50_tf_1h,2021-09-05 13:00:00,299.31128,298.66974
Oklaj,Potomje_2025-03-11_16-50_tf_1h,2021-09-05 14:00:00,299.21878,298.59055
Oklaj,Potomje_2025-03-11_16-50_tf_1h,2021-09-05 15:00:00,299.44626,298.3351
Oklaj,Potomje_2025-03-11_16-50_tf_1h,2021-09-05 16:00:00,299.2115,298.6109
Oklaj,Potomje_2025-03-11_16-50_tf_1h,2021-09-05 17:00:00,298.51575,298.15164
Oklaj,Potomje_2025-03-11_16-50_tf_1h,2021-09-05 18:00:00,297.36475,297.35535
Oklaj,Potomje_2025-03-11_16-50_tf_1h,2021-09-05 19:00:00,295.75516,296.14166
Oklaj,Potomje_2025-03-11_16-50_tf_1h,2021-09-05 20:00:00,295.33026,294.5197
Oklaj,Potomje_2025-03-11_16-50_tf_1h,2021-09-05 21:00:00,294.48044,294.29013
Oklaj,Potomje_2025-03-11_16-50_tf_1h,2021-09-05 22:00:00,293.6303,293.414
Oklaj,Potomje_2025-03-11_16-50_tf_1h,2021-09-05 23:00:00,292.67673,292.6428
Oklaj,Potomje_2025-03-11_16-50_tf_1h,2021-09-06 00:00:00,291.90244,291.74536
Oklaj,Potomje_2025-03-11_16-50_tf_1h,2021-09-06 01:00:00,291.42474,291.06906
Oklaj,Potomje_2025-03-11_16-50_tf_1h,2021-09-06 02:00:00,290.7657,290.68805
Oklaj,Potomje_2025-03-11_16-50_tf_1h,2021-09-06 03:00:00,290.19247,290.0175
Oklaj,Potomje_2025-03-11_16-50_tf_1h,2021-09-06 04:00:00,289.47183,289.47485
Oklaj,Potomje_2025-03-11_16-50_tf_1h,2021-09-06 05:00:00,288.84674,288.59998
Oklaj,Potomje_2025-03-11_16-50_tf_1h,2021-09-06 06:00:00,288.5474,287.9847
Oklaj,Potomje_2025-03-11_16-50_tf_1h,2021-09-06 07:00:00,290.28284,288.35147
Oklaj,Potomje_2025-03-11_16-50_tf_1h,2021-09-06 08:00:00,294.0907,292.0136
Oklaj,Potomje_2025-03-11_16-50_tf_1h,2021-09-06 09:00:00,296.63382,296.53888
Oklaj,Potomje_2025-03-11_16-50_tf_1h,2021-09-06 10:00:00,298.26794,297.72073
Oklaj,Potomje_2025-03-11_16-50_tf_1h,2021-09-06 11:00:00,299.32828,298.70657
Oklaj,Potomje_2025-03-11_16-50_tf_1h,2021-09-06 12:00:00,300.1141,299.2345
Oklaj,Potomje_2025-03-11_16-50_tf_1h,2021-09-06 13:00:00,300.6367,299.7282
Oklaj,Potomje_2025-03-11_16-50_tf_1h,2021-09-06 14:00:00,300.56177,299.98578
Oklaj,Potomje_2025-03-11_16-50_tf_1h,2021-09-06 15:00:00,300.35068,299.58377
Oklaj,Potomje_2025-03-11_16-50_tf_1h,2021-09-06 16:00:00,299.87024,299.2931
Oklaj,Potomje_2025-03-11_16-50_tf_1h,2021-09-06 17:00:00,298.74625,298.68756
Oklaj,Potomje_2025-03-11_16-50_tf_1h,2021-09-06 18:00:00,297.39233,297.43063
Oklaj,Potomje_2025-03-11_16-50_tf_1h,2021-09-06 19:00:00,295.78702,296.09753
Oklaj,Potomje_2025-03-11_16-50_tf_1h,2021-09-06 20:00:00,294.73035,294.51184
Oklaj,Potomje_2025-03-11_16-50_tf_1h,2021-09-06 21:00:00,293.74432,293.5959
Oklaj,Potomje_2025-03-11_16-50_tf_1h,2021-09-06 22:00:00,292.78046,292.66534
Oklaj,Potomje_2025-03-11_16-50_tf_1h,2021-09-06 23:00:00,291.82025,291.7774
Oklaj,Potomje_2025-03-11_16-50_tf_1h,2021-09-07 00:00:00,291.00925,290.9007
Oklaj,Potomje_2025-03-11_16-50_tf_1h,2021-09-07 01:00:00,290.32166,290.1899
Oklaj,Potomje_2025-03-11_16-50_tf_1h,2021-09-07 02:00:00,289.75452,289.54895
Oklaj,Potomje_2025-03-11_16-50_tf_1h,2021-09-07 03:00:00,289.19888,289.02686
Oklaj,Potomje_2025-03-11_16-50_tf_1h,2021-09-07 04:00:00,288.6766,288.48227
Oklaj,Potomje_2025-03-11_16-50_tf_1h,2021-09-07 05:00:00,288.2914,287.8035
Oklaj,Potomje_2025-03-11_16-50_tf_1h,2021-09-07 06:00:00,288.28113,287.62134
Oklaj,Potomje_2025-03-11_16-50_tf_1h,2021-09-07 07:00:00,290.43936,288.54123
Oklaj,Potomje_2025-03-11_16-50_tf_1h,2021-09-07 08:00:00,294.0931,292.6441
Oklaj,Potomje_2025-03-11_16-50_tf_1h,2021-09-07 09:00:00,296.88068,296.38855
Oklaj,Potomje_2025-03-11_16-50_tf_1h,2021-09-07 10:00:00,298.6689,298.10263
Oklaj,Potomje_2025-03-11_16-50_tf_1h,2021-09-07 11:00:00,299.85114,299.11005
Oklaj,Potomje_2025-03-11_16-50_tf_1h,2021-09-07 12:00:00,300.55417,299.76956
Oklaj,Potomje_2025-03-11_16-50_tf_1h,2021-09-07 13:00:00,300.7313,300.07825
Oklaj,Potomje_2025-03-11_16-50_tf_1h,2021-09-07 14:00:00,300.5275,299.9133
Oklaj,Potomje_2025-03-11_16-50_tf_1h,2021-09-07 15:00:00,300.47653,299.5047
Oklaj,Potomje_2025-03-11_16-50_tf_1h,2021-09-07 16:00:00,300.20236,299.45425
Oklaj,Potomje_2025-03-11_16-50_tf_1h,2021-09-07 17:00:00,299.21332,299.0391
Oklaj,Potomje_2025-03-11_16-50_tf_1h,2021-09-07 18:00:00,298.02652,297.89435
Oklaj,Potomje_2025-03-11_16-50_tf_1h,2021-09-07 19:00:00,296.13367,296.72623
Oklaj,Potomje_2025-03-11_16-50_tf_1h,2021-09-07 20:00:00,294.673,294.8026
Oklaj,Potomje_2025-03-11_16-50_tf_1h,2021-09-07 21:00:00,293.49078,293.4835
Oklaj,Potomje_2025-03-11_16-50_tf_1h,2021-09-07 22:00:00,292.51447,292.3847
Oklaj,Potomje_2025-03-11_16-50_tf_1h,2021-09-07 23:00:00,291.49268,291.49902
Oklaj,Potomje_2025-03-11_16-50_tf_1h,2021-09-08 00:00:00,290.64075,290.5607
Oklaj,Potomje_2025-03-11_16-50_tf_1h,2021-09-08 01:00:00,289.87915,289.8217
Oklaj,Potomje_2025-03-11_16-50_tf_1h,2021-09-08 02:00:00,289.28836,289.10852
Oklaj,Potomje_2025-03-11_16-50_tf_1h,2021-09-08 03:00:00,288.69965,288.56
Oklaj,Potomje_2025-03-11_16-50_tf_1h,2021-09-08 04:00:00,288.19257,287.92816
Oklaj,Potomje_2025-03-11_16-50_tf_1h,2021-09-08 05:00:00,287.7658,287.27597
Oklaj,Potomje_2025-03-11_16-50_tf_1h,2021-09-08 06:00:00,287.609,287.09775
Oklaj,Potomje_2025-03-11_16-50_tf_1h,2021-09-08 07:00:00,289.80002,287.89175
Oklaj,Potomje_2025-03-11_16-50_tf_1h,2021-09-08 08:00:00,294.10223,292.2235
Oklaj,Potomje_2025-03-11_16-50_tf_1h,2021-09-08 09:00:00,296.6972,296.8175
Oklaj,Potomje_2025-03-11_16-50_tf_1h,2021-09-08 10:00:00,298.4566,297.77338
Oklaj,Potomje_2025-03-11_16-50_tf_1h,2021-09-08 11:00:00,299.58698,298.96533
Oklaj,Potomje_2025-03-11_16-50_tf_1h,2021-09-08 12:00:00,300.34338,299.48874
Oklaj,Potomje_2025-03-11_16-50_tf_1h,2021-09-08 13:00:00,300.8135,299.93295
Oklaj,Potomje_2025-03-11_16-50_tf_1h,2021-09-08 14:00:00,300.96454,300.13974
Oklaj,Potomje_2025-03-11_16-50_tf_1h,2021-09-08 15:00:00,300.6758,300.06155
Oklaj,Potomje_2025-03-11_16-50_tf_1h,2021-09-08 16:00:00,300.0692,299.55405
Oklaj,Potomje_2025-03-11_16-50_tf_1h,2021-09-08 17:00:00,299.20755,298.83582
Oklaj,Potomje_2025-03-11_16-50_tf_1h,2021-09-08 18:00:00,297.97528,297.91653
Oklaj,Potomje_2025-03-11_16-50_tf_1h,2021-09-08 19:00:00,296.2565,296.655
Oklaj,Potomje_2025-03-11_16-50_tf_1h,2021-09-08 20:00:00,295.77094,294.94437
Oklaj,Potomje_2025-03-11_16-50_tf_1h,2021-09-08 21:00:00,294.33636,294.646
Oklaj,Potomje_2025-03-11_16-50_tf_1h,2021-09-08 22:00:00,292.2312,293.1666
Oklaj,Potomje_2025-03-11_16-50_tf_1h,2021-09-08 23:00:00,290.94128,291.1629
Oklaj,Potomje_2025-03-11_16-50_tf_1h,2021-09-09 00:00:00,290.37778,290.03052
Oklaj,Potomje_2025-03-11_16-50_tf_1h,2021-09-09 01:00:00,289.72147,289.59027
Oklaj,Potomje_2025-03-11_16-50_tf_1h,2021-09-09 02:00:00,289.17462,288.9694
Oklaj,Potomje_2025-03-11_16-50_tf_1h,2021-09-09 03:00:00,288.60776,288.455
Oklaj,Potomje_2025-03-11_16-50_tf_1h,2021-09-09 04:00:00,288.38058,287.84253
Oklaj,Potomje_2025-03-11_16-50_tf_1h,2021-09-09 05:00:00,288.02332,287.60287
Oklaj,Potomje_2025-03-11_16-50_tf_1h,2021-09-09 06:00:00,287.97357,287.3168
Oklaj,Potomje_2025-03-11_16-50_tf_1h,2021-09-09 07:00:00,289.837,288.2139
Oklaj,Potomje_2025-03-11_16-50_tf_1h,2021-09-09 08:00:00,293.63605,291.96866
Oklaj,Potomje_2025-03-11_16-50_tf_1h,2021-09-09 09:00:00,295.8598,296.17307
Oklaj,Potomje_2025-03-11_16-50_tf_1h,2021-09-09 10:00:00,297.51154,296.8382
Oklaj,Potomje_2025-03-11_16-50_tf_1h,2021-09-09 11:00:00,298.7138,298.07275
Oklaj,Potomje_2025-03-11_16-50_tf_1h,2021-09-09 12:00:00,299.53906,298.74252
Oklaj,Potomje_2025-03-11_16-50_tf_1h,2021-09-09 13:00:00,299.92728,299.23718
Oklaj,Potomje_2025-03-11_16-50_tf_1h,2021-09-09 14:00:00,299.4338,299.29123
Oklaj,Potomje_2025-03-11_16-50_tf_1h,2021-09-09 15:00:00,299.51996,298.3578
Oklaj,Potomje_2025-03-11_16-50_tf_1h,2021-09-09 16:00:00,299.03134,298.69272
Oklaj,Potomje_2025-03-11_16-50_tf_1h,2021-09-09 17:00:00,298.0244,297.88864
Oklaj,Potomje_2025-03-11_16-50_tf_1h,2021-09-09 18:00:00,296.53342,296.79416
Oklaj,Potomje_2025-03-11_16-50_tf_1h,2021-09-09 19:00:00,295.2326,295.2512
Oklaj,Potomje_2025-03-11_16-50_tf_1h,2021-09-09 20:00:00,294.5329,294.05783
Oklaj,Potomje_2025-03-11_16-50_tf_1h,2021-09-09 21:00:00,293.47775,293.47784
Oklaj,Potomje_2025-03-11_16-50_tf_1h,2021-09-09 22:00:00,292.3504,292.4349
Oklaj,Potomje_2025-03-11_16-50_tf_1h,2021-09-09 23:00:00,291.6125,291.38342
Oklaj,Potomje_2025-03-11_16-50_tf_1h,2021-09-10 00:00:00,290.978,290.76297
Oklaj,Potomje_2025-03-11_16-50_tf_1h,2021-09-10 01:00:00,290.01627,290.21292
Oklaj,Potomje_2025-03-11_16-50_tf_1h,2021-09-10 02:00:00,289.18008,289.22818
Oklaj,Potomje_2025-03-11_16-50_tf_1h,2021-09-10 03:00:00,288.58652,288.4323
Oklaj,Potomje_2025-03-11_16-50_tf_1h,2021-09-10 04:00:00,288.03394,287.88992
Oklaj,Potomje_2025-03-11_16-50_tf_1h,2021-09-10 05:00:00,287.56778,287.1717
Oklaj,Potomje_2025-03-11_16-50_tf_1h,2021-09-10 06:00:00,287.2757,286.8837
Oklaj,Potomje_2025-03-11_16-50_tf_1h,2021-09-10 07:00:00,290.01535,287.33643
Oklaj,Potomje_2025-03-11_16-50_tf_1h,2021-09-10 08:00:00,293.7886,292.6488
Oklaj,Potomje_2025-03-11_16-50_tf_1h,2021-09-10 09:00:00,295.97415,296.07184
Oklaj,Potomje_2025-03-11_16-50_tf_1h,2021-09-10 10:00:00,297.59464,296.91797
Oklaj,Potomje_2025-03-11_16-50_tf_1h,2021-09-10 11:00:00,298.68317,298.07507
Oklaj,Potomje_2025-03-11_16-50_tf_1h,2021-09-10 12:00:00,299.38437,298.62012
Oklaj,Potomje_2025-03-11_16-50_tf_1h,2021-09-10 13:00:00,299.72983,298.99768
Oklaj,Potomje_2025-03-11_16-50_tf_1h,2021-09-10 14:00:00,299.66855,299.06784
Oklaj,Potomje_2025-03-11_16-50_tf_1h,2021-09-10 15:00:00,299.29642,298.767
Oklaj,Potomje_2025-03-11_16-50_tf_1h,2021-09-10 16:00:00,298.47784,298.24588
Oklaj,Potomje_2025-03-11_16-50_tf_1h,2021-09-10 17:00:00,297.28226,297.28693
Oklaj,Potomje_2025-03-11_16-50_tf_1h,2021-09-10 18:00:00,295.95505,296.04102
Oklaj,Potomje_2025-03-11_16-50_tf_1h,2021-09-10 19:00:00,294.61722,294.74384
Oklaj,Potomje_2025-03-11_16-50_tf_1h,2021-09-10 20:00:00,293.9145,293.46432
Oklaj,Potomje_2025-03-11_16-50_tf_1h,2021-09-10 21:00:00,293.69125,292.8984
Oklaj,Potomje_2025-03-11_16-50_tf_1h,2021-09-10 22:00:00,293.12744,292.7629
Oklaj,Potomje_2025-03-11_16-50_tf_1h,2021-09-10 23:00:00,291.3177,292.21808
Oklaj,Potomje_2025-03-11_16-50_tf_1h,2021-09-11 00:00:00,289.911,290.3649
Oklaj,Potomje_2025-03-11_16-50_tf_1h,2021-09-11 01:00:00,289.02206,289.07312
Oklaj,Potomje_2025-03-11_16-50_tf_1h,2021-09-11 02:00:00,288.41516,288.27496
Oklaj,Potomje_2025-03-11_16-50_tf_1h,2021-09-11 03:00:00,287.8089,287.7459
Oklaj,Potomje_2025-03-11_16-50_tf_1h,2021-09-11 04:00:00,287.23444,287.09012
Oklaj,Potomje_2025-03-11_16-50_tf_1h,2021-09-11 05:00:00,286.80438,286.35904
Oklaj,Potomje_2025-03-11_16-50_tf_1h,2021-09-11 06:00:00,286.5769,286.28668
Oklaj,Potomje_2025-03-11_16-50_tf_1h,2021-09-11 07:00:00,289.24408,286.87964
Oklaj,Potomje_2025-03-11_16-50_tf_1h,2021-09-11 08:00:00,294.1001,291.92493
Oklaj,Potomje_2025-03-11_16-50_tf_1h,2021-09-11 09:00:00,296.5416,296.97958
Oklaj,Potomje_2025-03-11_16-50_tf_1h,2021-09-11 10:00:00,298.09903,297.46454
Oklaj,Potomje_2025-03-11_16-50_tf_1h,2021-09-11 11:00:00,299.26215,298.51514
Oklaj,Potomje_2025-03-11_16-50_tf_1h,2021-09-11 12:00:00,300.00552,299.18835
Oklaj,Potomje_2025-03-11_16-50_tf_1h,2021-09-11 13:00:00,300.4107,299.56873
Oklaj,Potomje_2025-03-11_16-50_tf_1h,2021-09-11 14:00:00,300.5484,299.70374
Oklaj,Potomje_2025-03-11_16-50_tf_1h,2021-09-11 15:00:00,300.30942,299.64316
Oklaj,Potomje_2025-03-11_16-50_tf_1h,2021-09-11 16:00:00,299.67767,299.21268
Oklaj,Potomje_2025-03-11_16-50_tf_1h,2021-09-11 17:00:00,298.7417,298.4574
Oklaj,Potomje_2025-03-11_16-50_tf_1h,2021-09-11 18:00:00,297.46,297.47025
Oklaj,Potomje_2025-03-11_16-50_tf_1h,2021-09-11 19:00:00,295.9044,296.16968
Oklaj,Potomje_2025-03-11_16-50_tf_1h,2021-09-11 20:00:00,294.76038,294.63983
Oklaj,Potomje_2025-03-11_16-50_tf_1h,2021-09-11 21:00:00,293.33185,293.61163
Oklaj,Potomje_2025-03-11_16-50_tf_1h,2021-09-11 22:00:00,292.22998,292.21405
Oklaj,Potomje_2025-03-11_16-50_tf_1h,2021-09-11 23:00:00,291.39594,291.2391
Oklaj,Potomje_2025-03-11_16-50_tf_1h,2021-09-12 00:00:00,290.78207,290.5062
Oklaj,Potomje_2025-03-11_16-50_tf_1h,2021-09-12 01:00:00,290.1394,289.99854
Oklaj,Potomje_2025-03-11_16-50_tf_1h,2021-09-12 02:00:00,289.75058,289.40103
Oklaj,Potomje_2025-03-11_16-50_tf_1h,2021-09-12 03:00:00,289.29654,289.06317
Oklaj,Potomje_2025-03-11_16-50_tf_1h,2021-09-12 04:00:00,288.94077,288.5266
Oklaj,Potomje_2025-03-11_16-50_tf_1h,2021-09-12 05:00:00,288.6857,288.085
Oklaj,Potomje_2025-03-11_16-50_tf_1h,2021-09-12 06:00:00,288.612,288.13058
Oklaj,Potomje_2025-03-11_16-50_tf_1h,2021-09-12 07:00:00,290.67075,288.7956
Oklaj,Potomje_2025-03-11_16-50_tf_1h,2021-09-12 08:00:00,294.68878,292.78522
Oklaj,Potomje_2025-03-11_16-50_tf_1h,2021-09-12 09:00:00,297.6286,297.14096
Oklaj,Potomje_2025-03-11_16-50_tf_1h,2021-09-12 10:00:00,299.53967,298.82208
Oklaj,Potomje_2025-03-11_16-50_tf_1h,2021-09-12 11:00:00,300.8505,299.96198
Oklaj,Potomje_2025-03-11_16-50_tf_1h,2021-09-12 12:00:00,301.62177,300.73392
Oklaj,Potomje_2025-03-11_16-50_tf_1h,2021-09-12 13:00:00,301.75098,301.07855
Oklaj,Potomje_2025-03-11_16-50_tf_1h,2021-09-12 14:00:00,301.80768,300.81857
Oklaj,Potomje_2025-03-11_16-50_tf_1h,2021-09-12 15:00:00,301.02548,300.79147
Oklaj,Potomje_2025-03-11_16-50_tf_1h,2021-09-12 16:00:00,300.76346,299.65845
Oklaj,Potomje_2025-03-11_16-50_tf_1h,2021-09-12 17:00:00,299.85205,299.56158
Oklaj,Potomje_2025-03-11_16-50_tf_1h,2021-09-12 18:00:00,298.5752,298.454
Oklaj,Potomje_2025-03-11_16-50_tf_1h,2021-09-12 19:00:00,297.2504,297.19336
Oklaj,Potomje_2025-03-11_16-50_tf_1h,2021-09-12 20:00:00,295.66995,295.92105
Oklaj,Potomje_2025-03-11_16-50_tf_1h,2021-09-12 21:00:00,294.11374,294.40182
Oklaj,Potomje_2025-03-11_16-50_tf_1h,2021-09-12 22:00:00,292.95334,292.9626
Oklaj,Potomje_2025-03-11_16-50_tf_1h,2021-09-12 23:00:00,291.92822,291.8989
Oklaj,Potomje_2025-03-11_16-50_tf_1h,2021-09-13 00:00:00,290.9962,290.9458
Oklaj,Potomje_2025-03-11_16-50_tf_1h,2021-09-13 01:00:00,290.3793,290.11557
Oklaj,Potomje_2025-03-11_16-50_tf_1h,2021-09-13 02:00:00,289.86642,289.60406
Oklaj,Potomje_2025-03-11_16-50_tf_1h,2021-09-13 03:00:00,289.38843,289.09274
Oklaj,Potomje_2025-03-11_16-50_tf_1h,2021-09-13 04:00:00,289.11942,288.59518
Oklaj,Potomje_2025-03-11_16-50_tf_1h,2021-09-13 05:00:00,288.63626,288.2797
Oklaj,Potomje_2025-03-11_16-50_tf_1h,2021-09-13 06:00:00,288.33936,287.82272
Oklaj,Potomje_2025-03-11_16-50_tf_1h,2021-09-13 07:00:00,290.23312,288.50964
Oklaj,Potomje_2025-03-11_16-50_tf_1h,2021-09-13 08:00:00,295.0949,292.4911
Oklaj,Potomje_2025-03-11_16-50_tf_1h,2021-09-13 09:00:00,298.3368,298.13245
Oklaj,Potomje_2025-03-11_16-50_tf_1h,2021-09-13 10:00:00,300.07648,299.59647
Oklaj,Potomje_2025-03-11_16-50_tf_1h,2021-09-13 11:00:00,301.1917,300.3961
Oklaj,Potomje_2025-03-11_16-50_tf_1h,2021-09-13 12:00:00,302.03305,300.98447
Oklaj,Potomje_2025-03-11_16-50_tf_1h,2021-09-13 13:00:00,302.56985,301.52255
Oklaj,Potomje_2025-03-11_16-50_tf_1h,2021-09-13 14:00:00,302.68967,301.76526
Oklaj,Potomje_2025-03-11_16-50_tf_1h,2021-09-13 15:00:00,302.41852,301.61908
Oklaj,Potomje_2025-03-11_16-50_tf_1h,2021-09-13 16:00:00,301.8735,301.15567
Oklaj,Potomje_2025-03-11_16-50_tf_1h,2021-09-13 17:00:00,300.85867,300.4898
Oklaj,Potomje_2025-03-11_16-50_tf_1h,2021-09-13 18:00:00,299.39044,299.3646
Oklaj,Potomje_2025-03-11_16-50_tf_1h,2021-09-13 19:00:00,297.73447,297.88788
Oklaj,Potomje_2025-03-11_16-50_tf_1h,2021-09-13 20:00:00,296.39905,296.29553
Oklaj,Potomje_2025-03-11_16-50_tf_1h,2021-09-13 21:00:00,294.76764,295.07886
Oklaj,Potomje_2025-03-11_16-50_tf_1h,2021-09-13 22:00:00,293.2921,293.553
Oklaj,Potomje_2025-03-11_16-50_tf_1h,2021-09-13 23:00:00,291.84573,292.20102
Oklaj,Potomje_2025-03-11_16-50_tf_1h,2021-09-14 00:00:00,290.84,290.82574
Oklaj,Potomje_2025-03-11_16-50_tf_1h,2021-09-14 01:00:00,290.07175,289.93362
Oklaj,Potomje_2025-03-11_16-50_tf_1h,2021-09-14 02:00:00,289.4494,289.24982
Oklaj,Potomje_2025-03-11_16-50_tf_1h,2021-09-14 03:00:00,289.03723,288.62262
Oklaj,Potomje_2025-03-11_16-50_tf_1h,2021-09-14 04:00:00,288.72726,288.2448
Oklaj,Potomje_2025-03-11_16-50_tf_1h,2021-09-14 05:00:00,288.4294,287.79404
Oklaj,Potomje_2025-03-11_16-50_tf_1h,2021-09-14 06:00:00,288.28625,287.73447
Oklaj,Potomje_2025-03-11_16-50_tf_1h,2021-09-14 07:00:00,290.2962,288.5319
Oklaj,Potomje_2025-03-11_16-50_tf_1h,2021-09-14 08:00:00,295.20892,292.73538
Oklaj,Potomje_2025-03-11_16-50_tf_1h,2021-09-14 09:00:00,298.77264,298.34995
Oklaj,Potomje_2025-03-11_16-50_tf_1h,2021-09-14 10:00:00,300.61182,300.23666
Oklaj,Potomje_2025-03-11_16-50_tf_1h,2021-09-14 11:00:00,301.73035,300.94318
Oklaj,Potomje_2025-03-11_16-50_tf_1h,2021-09-14 12:00:00,302.54742,301.52158
Oklaj,Potomje_2025-03-11_16-50_tf_1h,2021-09-14 13:00:00,302.97174,302.017
Oklaj,Potomje_2025-03-11_16-50_tf_1h,2021-09-14 14:00:00,302.9972,302.1115
Oklaj,Potomje_2025-03-11_16-50_tf_1h,2021-09-14 15:00:00,302.81976,301.881
Oklaj,Potomje_2025-03-11_16-50_tf_1h,2021-09-14 16:00:00,301.28268,301.5725
Oklaj,Potomje_2025-03-11_16-50_tf_1h,2021-09-14 17:00:00,300.13928,299.6073
Oklaj,Potomje_2025-03-11_16-50_tf_1h,2021-09-14 18:00:00,298.73016,298.6923
Oklaj,Potomje_2025-03-11_16-50_tf_1h,2021-09-14 19:00:00,297.30136,297.24557
Oklaj,Potomje_2025-03-11_16-50_tf_1h,2021-09-14 20:00:00,296.92224,295.90662
Oklaj,Potomje_2025-03-11_16-50_tf_1h,2021-09-14 21:00:00,295.76608,295.67395
Oklaj,Potomje_2025-03-11_16-50_tf_1h,2021-09-14 22:00:00,293.49927,294.50873
Oklaj,Potomje_2025-03-11_16-50_tf_1h,2021-09-14 23:00:00,292.21393,292.35208
Oklaj,Potomje_2025-03-11_16-50_tf_1h,2021-09-15 00:00:00,291.15936,291.2141
Oklaj,Potomje_2025-03-11_16-50_tf_1h,2021-09-15 01:00:00,290.4336,290.216
Oklaj,Potomje_2025-03-11_16-50_tf_1h,2021-09-15 02:00:00,289.93588,289.56586
Oklaj,Potomje_2025-03-11_16-50_tf_1h,2021-09-15 03:00:00,289.43817,289.08493
Oklaj,Potomje_2025-03-11_16-50_tf_1h,2021-09-15 04:00:00,289.00235,288.5372
Oklaj,Potomje_2025-03-11_16-50_tf_1h,2021-09-15 05:00:00,288.7051,287.9815
Oklaj,Potomje_2025-03-11_16-50_tf_1h,2021-09-15 06:00:00,288.62048,288.09912
Oklaj,Potomje_2025-03-11_16-50_tf_1h,2021-09-15 07:00:00,290.68713,289.03622
Oklaj,Potomje_2025-03-11_16-50_tf_1h,2021-09-15 08:00:00,295.8789,293.12967
Oklaj,Potomje_2025-03-11_16-50_tf_1h,2021-09-15 09:00:00,299.05014,299.05835
Oklaj,Potomje_2025-03-11_16-50_tf_1h,2021-09-15 10:00:00,300.6682,300.1693
Oklaj,Potomje_2025-03-11_16-50_tf_1h,2021-09-15 11:00:00,301.82437,300.90134
Oklaj,Potomje_2025-03-11_16-50_tf_1h,2021-09-15 12:00:00,302.6296,301.61078
Oklaj,Potomje_2025-03-11_16-50_tf_1h,2021-09-15 13:00:00,302.71332,302.05963
Oklaj,Potomje_2025-03-11_16-50_tf_1h,2021-09-15 14:00:00,302.23593,301.67532
Oklaj,Potomje_2025-03-11_16-50_tf_1h,2021-09-15 15:00:00,301.56567,300.95578
Oklaj,Potomje_2025-03-11_16-50_tf_1h,2021-09-15 16:00:00,300.5845,300.21436
Oklaj,Potomje_2025-03-11_16-50_tf_1h,2021-09-15 17:00:00,299.4623,299.14474
Oklaj,Potomje_2025-03-11_16-50_tf_1h,2021-09-15 18:00:00,298.264,298.0399
Oklaj,Potomje_2025-03-11_16-50_tf_1h,2021-09-15 19:00:00,297.10544,296.87894
Oklaj,Potomje_2025-03-11_16-50_tf_1h,2021-09-15 20:00:00,297.12695,295.7848
Oklaj,Potomje_2025-03-11_16-50_tf_1h,2021-09-15 21:00:00,296.39633,295.93903
Oklaj,Potomje_2025-03-11_16-50_tf_1h,2021-09-15 22:00:00,295.28262,295.16306
Oklaj,Potomje_2025-03-11_16-50_tf_1h,2021-09-15 23:00:00,295.58078,294.12387
Oklaj,Potomje_2025-03-11_16-50_tf_1h,2021-09-16 00:00:00,294.46042,294.5667
Oklaj,Potomje_2025-03-11_16-50_tf_1h,2021-09-16 01:00:00,293.6767,293.37405
Oklaj,Potomje_2025-03-11_16-50_tf_1h,2021-09-16 02:00:00,292.0265,292.72415
Oklaj,Potomje_2025-03-11_16-50_tf_1h,2021-09-16 03:00:00,292.03043,290.8457
Oklaj,Potomje_2025-03-11_16-50_tf_1h,2021-09-16 04:00:00,292.04227,291.37015
Oklaj,Potomje_2025-03-11_16-50_tf_1h,2021-09-16 05:00:00,292.04953,291.29846
Oklaj,Potomje_2025-03-11_16-50_tf_1h,2021-09-16 06:00:00,291.98767,291.47873
Oklaj,Potomje_2025-03-11_16-50_tf_1h,2021-09-16 07:00:00,292.6995,291.98978
Oklaj,Potomje_2025-03-11_16-50_tf_1h,2021-09-16 08:00:00,297.49545,293.6452
Oklaj,Potomje_2025-03-11_16-50_tf_1h,2021-09-16 09:00:00,298.75293,300.2722
Oklaj,Potomje_2025-03-11_16-50_tf_1h,2021-09-16 10:00:00,299.87692,298.56424
Oklaj,Potomje_2025-03-11_16-50_tf_1h,2021-09-16 11:00:00,300.3704,300.05725
Oklaj,Potomje_2025-03-11_16-50_tf_1h,2021-09-16 12:00:00,299.21664,299.75433
Oklaj,Potomje_2025-03-11_16-50_tf_1h,2021-09-16 13:00:00,298.4733,297.8579
Oklaj,Potomje_2025-03-11_16-50_tf_1h,2021-09-16 14:00:00,298.1991,297.4392
Oklaj,Potomje_2025-03-11_16-50_tf_1h,2021-09-16 15:00:00,298.24915,297.2571
Oklaj,Potomje_2025-03-11_16-50_tf_1h,2021-09-16 16:00:00,298.41473,297.3888
Oklaj,Potomje_2025-03-11_16-50_tf_1h,2021-09-16 17:00:00,298.2452,297.54535
Oklaj,Potomje_2025-03-11_16-50_tf_1h,2021-09-16 18:00:00,297.16214,297.26508
Oklaj,Potomje_2025-03-11_16-50_tf_1h,2021-09-16 19:00:00,296.19678,295.98102
Oklaj,Potomje_2025-03-11_16-50_tf_1h,2021-09-16 20:00:00,294.94113,295.1035
Oklaj,Potomje_2025-03-11_16-50_tf_1h,2021-09-16 21:00:00,294.40247,293.8149
Oklaj,Potomje_2025-03-11_16-50_tf_1h,2021-09-16 22:00:00,294.12134,293.4777
Oklaj,Potomje_2025-03-11_16-50_tf_1h,2021-09-16 23:00:00,293.81863,293.26096
Oklaj,Potomje_2025-03-11_16-50_tf_1h,2021-09-17 00:00:00,293.6303,292.99786
Oklaj,Potomje_2025-03-11_16-50_tf_1h,2021-09-17 01:00:00,293.29547,292.88235
Oklaj,Potomje_2025-03-11_16-50_tf_1h,2021-09-17 02:00:00,293.0495,292.5445
Oklaj,Potomje_2025-03-11_16-50_tf_1h,2021-09-17 03:00:00,293.0137,292.3477
Oklaj,Potomje_2025-03-11_16-50_tf_1h,2021-09-17 04:00:00,292.7568,292.40897
Oklaj,Potomje_2025-03-11_16-50_tf_1h,2021-09-17 05:00:00,292.63336,292.0316
Oklaj,Potomje_2025-03-11_16-50_tf_1h,2021-09-17 06:00:00,291.9919,292.29794
Oklaj,Potomje_2025-03-11_16-50_tf_1h,2021-09-17 07:00:00,292.11475,291.69574
Oklaj,Potomje_2025-03-11_16-50_tf_1h,2021-09-17 08:00:00,294.6427,292.41196
Oklaj,Potomje_2025-03-11_16-50_tf_1h,2021-09-17 09:00:00,296.0809,295.9847
Oklaj,Potomje_2025-03-11_16-50_tf_1h,2021-09-17 10:00:00,296.02298,296.4023
Oklaj,Potomje_2025-03-11_16-50_tf_1h,2021-09-17 11:00:00,295.76123,295.6212
Oklaj,Potomje_2025-03-11_16-50_tf_1h,2021-09-17 12:00:00,296.41727,295.3138
Oklaj,Potomje_2025-03-11_16-50_tf_1h,2021-09-17 13:00:00,297.1294,296.27478
Oklaj,Potomje_2025-03-11_16-50_tf_1h,2021-09-17 14:00:00,296.27136,296.8337
Oklaj,Potomje_2025-03-11_16-50_tf_1h,2021-09-17 15:00:00,296.51703,295.27304
Oklaj,Potomje_2025-03-11_16-50_tf_1h,2021-09-17 16:00:00,294.92596,296.01947
Oklaj,Potomje_2025-03-11_16-50_tf_1h,2021-09-17 17:00:00,293.8884,293.6378
Oklaj,Potomje_2025-03-11_16-50_tf_1h,2021-09-17 18:00:00,292.6916,292.98505
Oklaj,Potomje_2025-03-11_16-50_tf_1h,2021-09-17 19:00:00,292.36526,291.69803
Oklaj,Potomje_2025-03-11_16-50_tf_1h,2021-09-17 20:00:00,293.9242,291.69473
Oklaj,Potomje_2025-03-11_16-50_tf_1h,2021-09-17 21:00:00,292.96487,293.7487
Oklaj,Potomje_2025-03-11_16-50_tf_1h,2021-09-17 22:00:00,293.4365,292.0228
Oklaj,Potomje_2025-03-11_16-50_tf_1h,2021-09-17 23:00:00,291.33316,293.08102
Oklaj,Potomje_2025-03-11_16-50_tf_1h,2021-09-18 00:00:00,291.25278,290.05518
Oklaj,Potomje_2025-03-11_16-50_tf_1h,2021-09-18 01:00:00,290.65833,290.80063
Oklaj,Potomje_2025-03-11_16-50_tf_1h,2021-09-18 02:00:00,290.46725,289.93884
Oklaj,Potomje_2025-03-11_16-50_tf_1h,2021-09-18 03:00:00,290.22675,289.9491
Oklaj,Potomje_2025-03-11_16-50_tf_1h,2021-09-18 04:00:00,289.99805,289.70837
Oklaj,Potomje_2025-03-11_16-50_tf_1h,2021-09-18 05:00:00,290.25433,289.56308
Oklaj,Potomje_2025-03-11_16-50_tf_1h,2021-09-18 06:00:00,289.1728,290.35342
Oklaj,Potomje_2025-03-11_16-50_tf_1h,2021-09-18 07:00:00,290.46848,288.6487
Oklaj,Potomje_2025-03-11_16-50_tf_1h,2021-09-18 08:00:00,291.4211,291.53802
Oklaj,Potomje_2025-03-11_16-50_tf_1h,2021-09-18 09:00:00,293.09042,291.8598
Oklaj,Potomje_2025-03-11_16-50_tf_1h,2021-09-18 10:00:00,294.9202,293.88202
Oklaj,Potomje_2025-03-11_16-50_tf_1h,2021-09-18 11:00:00,296.41788,295.53186
Oklaj,Potomje_2025-03-11_16-50_tf_1h,2021-09-18 12:00:00,297.38293,296.6877
Oklaj,Potomje_2025-03-11_16-50_tf_1h,2021-09-18 13:00:00,297.8315,297.2548
Oklaj,Potomje_2025-03-11_16-50_tf_1h,2021-09-18 14:00:00,298.10297,297.38754
Oklaj,Potomje_2025-03-11_16-50_tf_1h,2021-09-18 15:00:00,297.81757,297.49075
Oklaj,Potomje_2025-03-11_16-50_tf_1h,2021-09-18 16:00:00,297.19217,296.96368
Oklaj,Potomje_2025-03-11_16-50_tf_1h,2021-09-18 17:00:00,296.34448,296.23917
Oklaj,Potomje_2025-03-11_16-50_tf_1h,2021-09-18 18:00:00,294.95993,295.33786
Oklaj,Potomje_2025-03-11_16-50_tf_1h,2021-09-18 19:00:00,293.1611,293.86844
Oklaj,Potomje_2025-03-11_16-50_tf_1h,2021-09-18 20:00:00,292.97882,292.04276
Oklaj,Potomje_2025-03-11_16-50_tf_1h,2021-09-18 21:00:00,293.70218,292.17987
Oklaj,Potomje_2025-03-11_16-50_tf_1h,2021-09-18 22:00:00,293.15927,293.0211
Oklaj,Potomje_2025-03-11_16-50_tf_1h,2021-09-18 23:00:00,291.5776,292.33755
Oklaj,Potomje_2025-03-11_16-50_tf_1h,2021-09-19 00:00:00,290.82907,290.6682
Oklaj,Potomje_2025-03-11_16-50_tf_1h,2021-09-19 01:00:00,291.9534,290.10242
Oklaj,Potomje_2025-03-11_16-50_tf_1h,2021-09-19 02:00:00,292.00253,291.6154
Oklaj,Potomje_2025-03-11_16-50_tf_1h,2021-09-19 03:00:00,291.70773,291.44055
Oklaj,Potomje_2025-03-11_16-50_tf_1h,2021-09-19 04:00:00,291.5227,291.10675
Oklaj,Potomje_2025-03-11_16-50_tf_1h,2021-09-19 05:00:00,291.38562,290.947
Oklaj,Potomje_2025-03-11_16-50_tf_1h,2021-09-19 06:00:00,291.07596,290.8377
Oklaj,Potomje_2025-03-11_16-50_tf_1h,2021-09-19 07:00:00,291.06354,290.61548
Oklaj,Potomje_2025-03-11_16-50_tf_1h,2021-09-19 08:00:00,292.6079,291.1454
Oklaj,Potomje_2025-03-11_16-50_tf_1h,2021-09-19 09:00:00,294.3285,293.64694
Oklaj,Potomje_2025-03-11_16-50_tf_1h,2021-09-19 10:00:00,295.35815,295.0578
Oklaj,Potomje_2025-03-11_16-50_tf_1h,2021-09-19 11:00:00,296.17706,295.5621
Oklaj,Potomje_2025-03-11_16-50_tf_1h,2021-09-19 12:00:00,296.70386,296.17047
Oklaj,Potomje_2025-03-11_16-50_tf_1h,2021-09-19 13:00:00,296.6611,296.42316
Oklaj,Potomje_2025-03-11_16-50_tf_1h,2021-09-19 14:00:00,296.3836,296.06488
Oklaj,Potomje_2025-03-11_16-50_tf_1h,2021-09-19 15:00:00,296.18646,295.66998
Oklaj,Potomje_2025-03-11_16-50_tf_1h,2021-09-19 16:00:00,295.98325,295.46112
Oklaj,Potomje_2025-03-11_16-50_tf_1h,2021-09-19 17:00:00,295.2229,295.2146
Oklaj,Potomje_2025-03-11_16-50_tf_1h,2021-09-19 18:00:00,294.50986,294.3143
Oklaj,Potomje_2025-03-11_16-50_tf_1h,2021-09-19 19:00:00,293.62,293.647
Oklaj,Potomje_2025-03-11_16-50_tf_1h,2021-09-19 20:00:00,293.06012,292.7367
Oklaj,Potomje_2025-03-11_16-50_tf_1h,2021-09-19 21:00:00,292.67554,292.27664
Oklaj,Potomje_2025-03-11_16-50_tf_1h,2021-09-19 22:00:00,291.9082,291.95322
Oklaj,Potomje_2025-03-11_16-50_tf_1h,2021-09-19 23:00:00,291.5394,291.13382
Oklaj,Potomje_2025-03-11_16-50_tf_1h,2021-09-20 00:00:00,291.39926,290.87787
Oklaj,Potomje_2025-03-11_16-50_tf_1h,2021-09-20 01:00:00,291.45084,290.8052
Oklaj,Potomje_2025-03-11_16-50_tf_1h,2021-09-20 02:00:00,291.3568,290.94687
Oklaj,Potomje_2025-03-11_16-50_tf_1h,2021-09-20 03:00:00,291.66132,290.8284
Oklaj,Potomje_2025-03-11_16-50_tf_1h,2021-09-20 04:00:00,290.55096,291.2734
Oklaj,Potomje_2025-03-11_16-50_tf_1h,2021-09-20 05:00:00,290.14575,289.5921
Oklaj,Potomje_2025-03-11_16-50_tf_1h,2021-09-20 06:00:00,289.58466,289.68637
Oklaj,Potomje_2025-03-11_16-50_tf_1h,2021-09-20 07:00:00,290.02686,289.2352
Oklaj,Potomje_2025-03-11_16-50_tf_1h,2021-09-20 08:00:00,291.91638,290.56683
Oklaj,Potomje_2025-03-11_16-50_tf_1h,2021-09-20 09:00:00,292.56635,293.04095
Oklaj,Potomje_2025-03-11_16-50_tf_1h,2021-09-20 10:00:00,293.13107,292.77185
Oklaj,Potomje_2025-03-11_16-50_tf_1h,2021-09-20 11:00:00,293.80045,293.3024
Oklaj,Potomje_2025-03-11_16-50_tf_1h,2021-09-20 12:00:00,293.85837,293.86816
Oklaj,Potomje_2025-03-11_16-50_tf_1h,2021-09-20 13:00:00,293.68854,293.5261
Oklaj,Potomje_2025-03-11_16-50_tf_1h,2021-09-20 14:00:00,293.61603,293.24124
Oklaj,Potomje_2025-03-11_16-50_tf_1h,2021-09-20 15:00:00,293.0143,293.17075
Oklaj,Potomje_2025-03-11_16-50_tf_1h,2021-09-20 16:00:00,292.56027,292.29764
Oklaj,Potomje_2025-03-11_16-50_tf_1h,2021-09-20 17:00:00,291.83966,291.93533
Oklaj,Potomje_2025-03-11_16-50_tf_1h,2021-09-20 18:00:00,290.83453,291.10532
Oklaj,Potomje_2025-03-11_16-50_tf_1h,2021-09-20 19:00:00,290.0035,290.02106
Oklaj,Potomje_2025-03-11_16-50_tf_1h,2021-09-20 20:00:00,289.62863,289.27542
Oklaj,Potomje_2025-03-11_16-50_tf_1h,2021-09-20 21:00:00,289.22223,289.06726
Oklaj,Potomje_2025-03-11_16-50_tf_1h,2021-09-20 22:00:00,288.70724,288.66443
Oklaj,Potomje_2025-03-11_16-50_tf_1h,2021-09-20 23:00:00,288.02878,288.1434
Oklaj,Potomje_2025-03-11_16-50_tf_1h,2021-09-21 00:00:00,287.71396,287.40384
Oklaj,Potomje_2025-03-11_16-50_tf_1h,2021-09-21 01:00:00,287.4325,287.2209
Oklaj,Potomje_2025-03-11_16-50_tf_1h,2021-09-21 02:00:00,286.95724,286.94672
Oklaj,Potomje_2025-03-11_16-50_tf_1h,2021-09-21 03:00:00,286.57327,286.42877
Oklaj,Potomje_2025-03-11_16-50_tf_1h,2021-09-21 04:00:00,286.2891,286.2571
Oklaj,Potomje_2025-03-11_16-50_tf_1h,2021-09-21 05:00:00,286.08374,286.27832
Oklaj,Potomje_2025-03-11_16-50_tf_1h,2021-09-21 06:00:00,286.01672,286.4502
Oklaj,Potomje_2025-03-11_16-50_tf_1h,2021-09-21 07:00:00,286.58298,286.60034
Oklaj,Potomje_2025-03-11_16-50_tf_1h,2021-09-21 08:00:00,287.9008,287.27164
Oklaj,Potomje_2025-03-11_16-50_tf_1h,2021-09-21 09:00:00,289.67322,288.7999
Oklaj,Potomje_2025-03-11_16-50_tf_1h,2021-09-21 10:00:00,290.53247,290.63318
Oklaj,Potomje_2025-03-11_16-50_tf_1h,2021-09-21 11:00:00,291.9458,290.8144
Oklaj,Potomje_2025-03-11_16-50_tf_1h,2021-09-21 12:00:00,293.04404,292.5251
Oklaj,Potomje_2025-03-11_16-50_tf_1h,2021-09-21 13:00:00,293.7031,293.26236
Oklaj,Potomje_2025-03-11_16-50_tf_1h,2021-09-21 14:00:00,294.09586,293.64636
Oklaj,Potomje_2025-03-11_16-50_tf_1h,2021-09-21 15:00:00,294.07645,293.8623
Oklaj,Potomje_2025-03-11_16-50_tf_1h,2021-09-21 16:00:00,293.3916,293.62097
Oklaj,Potomje_2025-03-11_16-50_tf_1h,2021-09-21 17:00:00,292.29095,292.6803
Oklaj,Potomje_2025-03-11_16-50_tf_1h,2021-09-21 18:00:00,290.7114,291.46997
Oklaj,Potomje_2025-03-11_16-50_tf_1h,2021-09-21 19:00:00,289.32202,289.76956
Oklaj,Potomje_2025-03-11_16-50_tf_1h,2021-09-21 20:00:00,288.0033,288.4564
Oklaj,Potomje_2025-03-11_16-50_tf_1h,2021-09-21 21:00:00,287.14832,287.1625
Oklaj,Potomje_2025-03-11_16-50_tf_1h,2021-09-21 22:00:00,286.49017,286.47684
Oklaj,Potomje_2025-03-11_16-50_tf_1h,2021-09-21 23:00:00,285.9515,285.8995
Oklaj,Potomje_2025-03-11_16-50_tf_1h,2021-09-22 00:00:00,285.55328,285.42398
Oklaj,Potomje_2025-03-11_16-50_tf_1h,2021-09-22 01:00:00,285.2306,285.08948
Oklaj,Potomje_2025-03-11_16-50_tf_1h,2021-09-22 02:00:00,284.84662,284.76346
Oklaj,Potomje_2025-03-11_16-50_tf_1h,2021-09-22 03:00:00,284.4396,284.31705
Oklaj,Potomje_2025-03-11_16-50_tf_1h,2021-09-22 04:00:00,284.08746,283.92108
Oklaj,Potomje_2025-03-11_16-50_tf_1h,2021-09-22 05:00:00,283.73172,283.73413
Oklaj,Potomje_2025-03-11_16-50_tf_1h,2021-09-22 06:00:00,283.2528,283.74023
Oklaj,Potomje_2025-03-11_16-50_tf_1h,2021-09-22 07:00:00,284.14752,283.79443
Oklaj,Potomje_2025-03-11_16-50_tf_1h,2021-09-22 08:00:00,286.5648,285.84268
Oklaj,Potomje_2025-03-11_16-50_tf_1h,2021-09-22 09:00:00,288.5074,288.45355
Oklaj,Potomje_2025-03-11_16-50_tf_1h,2021-09-22 10:00:00,289.73602,289.7148
Oklaj,Potomje_2025-03-11_16-50_tf_1h,2021-09-22 11:00:00,290.90186,290.39523
Oklaj,Potomje_2025-03-11_16-50_tf_1h,2021-09-22 12:00:00,291.67557,291.4156
Oklaj,Potomje_2025-03-11_16-50_tf_1h,2021-09-22 13:00:00,292.31824,291.79794
Oklaj,Potomje_2025-03-11_16-50_tf_1h,2021-09-22 14:00:00,292.5521,292.30573
Oklaj,Potomje_2025-03-11_16-50_tf_1h,2021-09-22 15:00:00,292.4326,292.2406
Oklaj,Potomje_2025-03-11_16-50_tf_1h,2021-09-22 16:00:00,291.76868,291.9457
Oklaj,Potomje_2025-03-11_16-50_tf_1h,2021-09-22 17:00:00,290.62042,291.03497
Oklaj,Potomje_2025-03-11_16-50_tf_1h,2021-09-22 18:00:00,289.3023,289.74176
Oklaj,Potomje_2025-03-11_16-50_tf_1h,2021-09-22 19:00:00,288.26382,288.4123
Oklaj,Potomje_2025-03-11_16-50_tf_1h,2021-09-22 20:00:00,287.6733,287.4907
Oklaj,Potomje_2025-03-11_16-50_tf_1h,2021-09-22 21:00:00,286.96756,287.0309
Oklaj,Potomje_2025-03-11_16-50_tf_1h,2021-09-22 22:00:00,286.48532,286.34677
Oklaj,Potomje_2025-03-11_16-50_tf_1h,2021-09-22 23:00:00,286.11984,285.9409
Oklaj,Potomje_2025-03-11_16-50_tf_1h,2021-09-23 00:00:00,285.93634,285.62698
Oklaj,Potomje_2025-03-11_16-50_tf_1h,2021-09-23 01:00:00,285.9036,285.5169
Oklaj,Potomje_2025-03-11_16-50_tf_1h,2021-09-23 02:00:00,285.72495,285.55536
Oklaj,Potomje_2025-03-11_16-50_tf_1h,2021-09-23 03:00:00,285.46896,285.31277
Oklaj,Potomje_2025-03-11_16-50_tf_1h,2021-09-23 04:00:00,285.18478,284.9947
Oklaj,Potomje_2025-03-11_16-50_tf_1h,2021-09-23 05:00:00,284.81964,284.75876
Oklaj,Potomje_2025-03-11_16-50_tf_1h,2021-09-23 06:00:00,284.41412,284.63446
Oklaj,Potomje_2025-03-11_16-50_tf_1h,2021-09-23 07:00:00,284.99857,284.83795
Oklaj,Potomje_2025-03-11_16-50_tf_1h,2021-09-23 08:00:00,286.69763,286.21368
Oklaj,Potomje_2025-03-11_16-50_tf_1h,2021-09-23 09:00:00,288.28748,287.97025
Oklaj,Potomje_2025-03-11_16-50_tf_1h,2021-09-23 10:00:00,289.87036,289.21808
Oklaj,Potomje_2025-03-11_16-50_tf_1h,2021-09-23 11:00:00,291.28067,290.66492
Oklaj,Potomje_2025-03-11_16-50_tf_1h,2021-09-23 12:00:00,292.378,291.83484
Oklaj,Potomje_2025-03-11_16-50_tf_1h,2021-09-23 13:00:00,293.199,292.65198
Oklaj,Potomje_2025-03-11_16-50_tf_1h,2021-09-23 14:00:00,293.69855,293.24643
Oklaj,Potomje_2025-03-11_16-50_tf_1h,2021-09-23 15:00:00,293.87323,293.5226
Oklaj,Potomje_2025-03-11_16-50_tf_1h,2021-09-23 16:00:00,293.6224,293.5097
Oklaj,Potomje_2025-03-11_16-50_tf_1h,2021-09-23 17:00:00,292.85022,293.06448
Oklaj,Potomje_2025-03-11_16-50_tf_1h,2021-09-23 18:00:00,291.1451,292.11224
Oklaj,Potomje_2025-03-11_16-50_tf_1h,2021-09-23 19:00:00,289.47153,290.1863
Oklaj,Potomje_2025-03-11_16-50_tf_1h,2021-09-23 20:00:00,288.1877,288.56888
Oklaj,Potomje_2025-03-11_16-50_tf_1h,2021-09-23 21:00:00,288.2523,287.40912
Oklaj,Potomje_2025-03-11_16-50_tf_1h,2021-09-23 22:00:00,288.0497,287.72354
Oklaj,Potomje_2025-03-11_16-50_tf_1h,2021-09-23 23:00:00,285.8229,287.4969
Oklaj,Potomje_2025-03-11_16-50_tf_1h,2021-09-24 00:00:00,284.95276,284.99402
Oklaj,Potomje_2025-03-11_16-50_tf_1h,2021-09-24 01:00:00,284.66525,284.415
Oklaj,Potomje_2025-03-11_16-50_tf_1h,2021-09-24 02:00:00,284.2734,284.2439
Oklaj,Potomje_2025-03-11_16-50_tf_1h,2021-09-24 03:00:00,284.27066,283.81723
Oklaj,Potomje_2025-03-11_16-50_tf_1h,2021-09-24 04:00:00,284.24973,283.9046
Oklaj,Potomje_2025-03-11_16-50_tf_1h,2021-09-24 05:00:00,284.23093,283.89563
Oklaj,Potomje_2025-03-11_16-50_tf_1h,2021-09-24 06:00:00,284.05774,284.08557
Oklaj,Potomje_2025-03-11_16-50_tf_1h,2021-09-24 07:00:00,285.1117,284.35327
Oklaj,Potomje_2025-03-11_16-50_tf_1h,2021-09-24 08:00:00,288.40366,286.7847
Oklaj,Potomje_2025-03-11_16-50_tf_1h,2021-09-24 09:00:00,290.17853,290.80414
Oklaj,Potomje_2025-03-11_16-50_tf_1h,2021-09-24 10:00:00,291.5121,291.18042
Oklaj,Potomje_2025-03-11_16-50_tf_1h,2021-09-24 11:00:00,292.61185,292.16302
Oklaj,Potomje_2025-03-11_16-50_tf_1h,2021-09-24 12:00:00,293.55447,292.9477
Oklaj,Potomje_2025-03-11_16-50_tf_1h,2021-09-24 13:00:00,294.1808,293.6993
Oklaj,Potomje_2025-03-11_16-50_tf_1h,2021-09-24 14:00:00,294.4419,294.04913
Oklaj,Potomje_2025-03-11_16-50_tf_1h,2021-09-24 15:00:00,294.26538,294.0657
Oklaj,Potomje_2025-03-11_16-50_tf_1h,2021-09-24 16:00:00,293.57236,293.66336
Oklaj,Potomje_2025-03-11_16-50_tf_1h,2021-09-24 17:00:00,292.4529,292.77603
Oklaj,Potomje_2025-03-11_16-50_tf_1h,2021-09-24 18:00:00,291.15784,291.55237
Oklaj,Potomje_2025-03-11_16-50_tf_1h,2021-09-24 19:00:00,290.1582,290.24655
Oklaj,Potomje_2025-03-11_16-50_tf_1h,2021-09-24 20:00:00,289.9371,289.32947
Oklaj,Potomje_2025-03-11_16-50_tf_1h,2021-09-24 21:00:00,289.44302,289.25717
Oklaj,Potomje_2025-03-11_16-50_tf_1h,2021-09-24 22:00:00,287.68817,288.75244
Oklaj,Potomje_2025-03-11_16-50_tf_1h,2021-09-24 23:00:00,286.46408,286.92645
Oklaj,Potomje_2025-03-11_16-50_tf_1h,2021-09-25 00:00:00,285.65067,285.86353
Oklaj,Potomje_2025-03-11_16-50_tf_1h,2021-09-25 01:00:00,285.11017,285.11447
Oklaj,Potomje_2025-03-11_16-50_tf_1h,2021-09-25 02:00:00,284.7602,284.6301
Oklaj,Potomje_2025-03-11_16-50_tf_1h,2021-09-25 03:00:00,284.39594,284.31195
Oklaj,Potomje_2025-03-11_16-50_tf_1h,2021-09-25 04:00:00,284.08292,283.8775
Oklaj,Potomje_2025-03-11_16-50_tf_1h,2021-09-25 05:00:00,283.82755,283.57965
Oklaj,Potomje_2025-03-11_16-50_tf_1h,2021-09-25 06:00:00,283.60098,283.641
Oklaj,Potomje_2025-03-11_16-50_tf_1h,2021-09-25 07:00:00,284.89304,284.1482
Oklaj,Potomje_2025-03-11_16-50_tf_1h,2021-09-25 08:00:00,289.349,286.74655
Oklaj,Potomje_2025-03-11_16-50_tf_1h,2021-09-25 09:00:00,292.52875,292.2317
Oklaj,Potomje_2025-03-11_16-50_tf_1h,2021-09-25 10:00:00,294.3188,294.0319
Oklaj,Potomje_2025-03-11_16-50_tf_1h,2021-09-25 11:00:00,295.56894,294.99222
Oklaj,Potomje_2025-03-11_16-50_tf_1h,2021-09-25 12:00:00,296.43878,295.81015
Oklaj,Potomje_2025-03-11_16-50_tf_1h,2021-09-25 13:00:00,297.00626,296.3259
Oklaj,Potomje_2025-03-11_16-50_tf_1h,2021-09-25 14:00:00,297.17093,296.63715
Oklaj,Potomje_2025-03-11_16-50_tf_1h,2021-09-25 15:00:00,296.844,296.54138
Oklaj,Potomje_2025-03-11_16-50_tf_1h,2021-09-25 16:00:00,296.05997,295.9881
Oklaj,Potomje_2025-03-11_16-50_tf_1h,2021-09-25 17:00:00,294.88715,295.06213
Oklaj,Potomje_2025-03-11_16-50_tf_1h,2021-09-25 18:00:00,293.1353,293.80786
Oklaj,Potomje_2025-03-11_16-50_tf_1h,2021-09-25 19:00:00,292.81534,291.99377
Oklaj,Potomje_2025-03-11_16-50_tf_1h,2021-09-25 20:00:00,290.72354,291.8983
Oklaj,Potomje_2025-03-11_16-50_tf_1h,2021-09-25 21:00:00,289.31412,289.6238
Oklaj,Potomje_2025-03-11_16-50_tf_1h,2021-09-25 22:00:00,288.4,288.4423
Oklaj,Potomje_2025-03-11_16-50_tf_1h,2021-09-25 23:00:00,287.79523,287.66098
Oklaj,Potomje_2025-03-11_16-50_tf_1h,2021-09-26 00:00:00,287.42493,287.17178
Oklaj,Potomje_2025-03-11_16-50_tf_1h,2021-09-26 01:00:00,287.10675,286.85004
Oklaj,Potomje_2025-03-11_16-50_tf_1h,2021-09-26 02:00:00,286.94724,286.56158
Oklaj,Potomje_2025-03-11_16-50_tf_1h,2021-09-26 03:00:00,286.88748,286.44757
Oklaj,Potomje_2025-03-11_16-50_tf_1h,2021-09-26 04:00:00,286.73917,286.35843
Oklaj,Potomje_2025-03-11_16-50_tf_1h,2021-09-26 05:00:00,286.53293,286.128
Oklaj,Potomje_2025-03-11_16-50_tf_1h,2021-09-26 06:00:00,286.5102,286.2076
Oklaj,Potomje_2025-03-11_16-50_tf_1h,2021-09-26 07:00:00,287.7655,287.03708
Oklaj,Potomje_2025-03-11_16-50_tf_1h,2021-09-26 08:00:00,292.56906,289.43866
Oklaj,Potomje_2025-03-11_16-50_tf_1h,2021-09-26 09:00:00,295.30295,295.45718
Oklaj,Potomje_2025-03-11_16-50_tf_1h,2021-09-26 10:00:00,296.70328,296.35928
Oklaj,Potomje_2025-03-11_16-50_tf_1h,2021-09-26 11:00:00,297.6717,297.05518
Oklaj,Potomje_2025-03-11_16-50_tf_1h,2021-09-26 12:00:00,298.4372,297.60934
Oklaj,Potomje_2025-03-11_16-50_tf_1h,2021-09-26 13:00:00,298.71136,298.11957
Oklaj,Potomje_2025-03-11_16-50_tf_1h,2021-09-26 14:00:00,298.715,298.05927
Oklaj,Potomje_2025-03-11_16-50_tf_1h,2021-09-26 15:00:00,298.41748,297.89758
Oklaj,Potomje_2025-03-11_16-50_tf_1h,2021-09-26 16:00:00,297.57614,297.43933
Oklaj,Potomje_2025-03-11_16-50_tf_1h,2021-09-26 17:00:00,296.47488,296.44418
Oklaj,Potomje_2025-03-11_16-50_tf_1h,2021-09-26 18:00:00,295.03818,295.3262
Oklaj,Potomje_2025-03-11_16-50_tf_1h,2021-09-26 19:00:00,293.67154,293.8831
Oklaj,Potomje_2025-03-11_16-50_tf_1h,2021-09-26 20:00:00,292.22543,292.5956
Oklaj,Potomje_2025-03-11_16-50_tf_1h,2021-09-26 21:00:00,291.4375,291.20877
Oklaj,Potomje_2025-03-11_16-50_tf_1h,2021-09-26 22:00:00,290.95312,290.5478
Oklaj,Potomje_2025-03-11_16-50_tf_1h,2021-09-26 23:00:00,291.14755,290.16248
Oklaj,Potomje_2025-03-11_16-50_tf_1h,2021-09-27 00:00:00,291.44537,290.48416
Oklaj,Potomje_2025-03-11_16-50_tf_1h,2021-09-27 01:00:00,290.26373,290.85815
Oklaj,Potomje_2025-03-11_16-50_tf_1h,2021-09-27 02:00:00,289.6156,289.46912
Oklaj,Potomje_2025-03-11_16-50_tf_1h,2021-09-27 03:00:00,289.28137,288.94202
Oklaj,Potomje_2025-03-11_16-50_tf_1h,2021-09-27 04:00:00,288.76306,288.61926
Oklaj,Potomje_2025-03-11_16-50_tf_1h,2021-09-27 05:00:00,288.66327,287.94714
Oklaj,Potomje_2025-03-11_16-50_tf_1h,2021-09-27 06:00:00,288.47946,288.45258
Oklaj,Potomje_2025-03-11_16-50_tf_1h,2021-09-27 07:00:00,289.6899,288.6591
Oklaj,Potomje_2025-03-11_16-50_tf_1h,2021-09-27 08:00:00,293.14987,291.1205
Oklaj,Potomje_2025-03-11_16-50_tf_1h,2021-09-27 09:00:00,295.64114,295.23724
Oklaj,Potomje_2025-03-11_16-50_tf_1h,2021-09-27 10:00:00,296.699,296.64285
Oklaj,Potomje_2025-03-11_16-50_tf_1h,2021-09-27 11:00:00,297.27618,296.83975
Oklaj,Potomje_2025-03-11_16-50_tf_1h,2021-09-27 12:00:00,297.77997,297.0773
Oklaj,Potomje_2025-03-11_16-50_tf_1h,2021-09-27 13:00:00,298.19424,297.40903
Oklaj,Potomje_2025-03-11_16-50_tf_1h,2021-09-27 14:00:00,298.19122,297.6641
Oklaj,Potomje_2025-03-11_16-50_tf_1h,2021-09-27 15:00:00,297.74054,297.4122
Oklaj,Potomje_2025-03-11_16-50_tf_1h,2021-09-27 16:00:00,297.31955,296.7803
Oklaj,Potomje_2025-03-11_16-50_tf_1h,2021-09-27 17:00:00,296.38086,296.35318
Oklaj,Potomje_2025-03-11_16-50_tf_1h,2021-09-27 18:00:00,294.96356,295.2952
Oklaj,Potomje_2025-03-11_16-50_tf_1h,2021-09-27 19:00:00,294.40308,293.85632
Oklaj,Potomje_2025-03-11_16-50_tf_1h,2021-09-27 20:00:00,293.46985,293.45398
Oklaj,Potomje_2025-03-11_16-50_tf_1h,2021-09-27 21:00:00,291.9716,292.49872
Oklaj,Potomje_2025-03-11_16-50_tf_1h,2021-09-27 22:00:00,290.9431,291.00702
Oklaj,Potomje_2025-03-11_16-50_tf_1h,2021-09-27 23:00:00,290.04385,290.12103
Oklaj,Potomje_2025-03-11_16-50_tf_1h,2021-09-28 00:00:00,289.35205,289.25934
Oklaj,Potomje_2025-03-11_16-50_tf_1h,2021-09-28 01:00:00,288.9905,288.6365
Oklaj,Potomje_2025-03-11_16-50_tf_1h,2021-09-28 02:00:00,288.84433,288.37012
Oklaj,Potomje_2025-03-11_16-50_tf_1h,2021-09-28 03:00:00,288.79367,288.30878
Oklaj,Potomje_2025-03-11_16-50_tf_1h,2021-09-28 04:00:00,288.56165,288.27176
Oklaj,Potomje_2025-03-11_16-50_tf_1h,2021-09-28 05:00:00,288.56802,287.9218
Oklaj,Potomje_2025-03-11_16-50_tf_1h,2021-09-28 06:00:00,288.7858,288.35858
Oklaj,Potomje_2025-03-11_16-50_tf_1h,2021-09-28 07:00:00,289.46002,289.30762
Oklaj,Potomje_2025-03-11_16-50_tf_1h,2021-09-28 08:00:00,291.95642,290.51498
Oklaj,Potomje_2025-03-11_16-50_tf_1h,2021-09-28 09:00:00,294.84924,293.63547
Oklaj,Potomje_2025-03-11_16-50_tf_1h,2021-09-28 10:00:00,296.53555,296.19186
Oklaj,Potomje_2025-03-11_16-50_tf_1h,2021-09-28 11:00:00,297.73325,296.98392
Oklaj,Potomje_2025-03-11_16-50_tf_1h,2021-09-28 12:00:00,298.54123,297.81973
Oklaj,Potomje_2025-03-11_16-50_tf_1h,2021-09-28 13:00:00,298.89124,298.2563
Oklaj,Potomje_2025-03-11_16-50_tf_1h,2021-09-28 14:00:00,298.779,298.2966
Oklaj,Potomje_2025-03-11_16-50_tf_1h,2021-09-28 15:00:00,298.3192,297.93338
Oklaj,Potomje_2025-03-11_16-50_tf_1h,2021-09-28 16:00:00,297.26892,297.3201
Oklaj,Potomje_2025-03-11_16-50_tf_1h,2021-09-28 17:00:00,296.04025,296.10504
Oklaj,Potomje_2025-03-11_16-50_tf_1h,2021-09-28 18:00:00,294.57263,294.88458
Oklaj,Potomje_2025-03-11_16-50_tf_1h,2021-09-28 19:00:00,293.43378,293.42126
Oklaj,Potomje_2025-03-11_16-50_tf_1h,2021-09-28 20:00:00,292.60245,292.39835
Oklaj,Potomje_2025-03-11_16-50_tf_1h,2021-09-28 21:00:00,291.82025,291.65393
Oklaj,Potomje_2025-03-11_16-50_tf_1h,2021-09-28 22:00:00,291.06564,290.93616
Oklaj,Potomje_2025-03-11_16-50_tf_1h,2021-09-28 23:00:00,290.23676,290.26984
Oklaj,Potomje_2025-03-11_16-50_tf_1h,2021-09-29 00:00:00,289.48276,289.47925
Oklaj,Potomje_2025-03-11_16-50_tf_1h,2021-09-29 01:00:00,288.81613,288.76535
Oklaj,Potomje_2025-03-11_16-50_tf_1h,2021-09-29 02:00:00,288.2893,288.134
Oklaj,Potomje_2025-03-11_16-50_tf_1h,2021-09-29 03:00:00,287.86682,287.65573
Oklaj,Potomje_2025-03-11_16-50_tf_1h,2021-09-29 04:00:00,287.4692,287.2077
Oklaj,Potomje_2025-03-11_16-50_tf_1h,2021-09-29 05:00:00,287.2111,286.7708
Oklaj,Potomje_2025-03-11_16-50_tf_1h,2021-09-29 06:00:00,287.07068,286.83978
Oklaj,Potomje_2025-03-11_16-50_tf_1h,2021-09-29 07:00:00,287.99176,287.45596
Oklaj,Potomje_2025-03-11_16-50_tf_1h,2021-09-29 08:00:00,290.4333,289.45917
Oklaj,Potomje_2025-03-11_16-50_tf_1h,2021-09-29 09:00:00,293.57874,292.22162
Oklaj,Potomje_2025-03-11_16-50_tf_1h,2021-09-29 10:00:00,295.70453,295.24014
Oklaj,Potomje_2025-03-11_16-50_tf_1h,2021-09-29 11:00:00,296.69446,296.46918
Oklaj,Potomje_2025-03-11_16-50_tf_1h,2021-09-29 12:00:00,297.22736,296.74203
Oklaj,Potomje_2025-03-11_16-50_tf_1h,2021-09-29 13:00:00,297.51547,296.95334
Oklaj,Potomje_2025-03-11_16-50_tf_1h,2021-09-29 14:00:00,297.34686,297.01688
Oklaj,Potomje_2025-03-11_16-50_tf_1h,2021-09-29 15:00:00,297.08722,296.58127
Oklaj,Potomje_2025-03-11_16-50_tf_1h,2021-09-29 16:00:00,296.61957,296.25894
Oklaj,Potomje_2025-03-11_16-50_tf_1h,2021-09-29 17:00:00,295.65628,295.68826
Oklaj,Potomje_2025-03-11_16-50_tf_1h,2021-09-29 18:00:00,294.15225,294.61093
Oklaj,Potomje_2025-03-11_16-50_tf_1h,2021-09-29 19:00:00,293.97574,293.0494
Oklaj,Potomje_2025-03-11_16-50_tf_1h,2021-09-29 20:00:00,292.74863,293.13885
Oklaj,Potomje_2025-03-11_16-50_tf_1h,2021-09-29 21:00:00,291.02744,291.76346
Oklaj,Potomje_2025-03-11_16-50_tf_1h,2021-09-29 22:00:00,289.66232,290.08356
Oklaj,Potomje_2025-03-11_16-50_tf_1h,2021-09-29 23:00:00,288.79337,288.82727
Oklaj,Potomje_2025-03-11_16-50_tf_1h,2021-09-30 00:00:00,288.43033,288.06512
Oklaj,Potomje_2025-03-11_16-50_tf_1h,2021-09-30 01:00:00,288.27322,287.82315
Oklaj,Potomje_2025-03-11_16-50_tf_1h,2021-09-30 02:00:00,287.94354,287.7349
Oklaj,Potomje_2025-03-11_16-50_tf_1h,2021-09-30 03:00:00,287.9675,287.38403
Oklaj,Potomje_2025-03-11_16-50_tf_1h,2021-09-30 04:00:00,288.10187,287.4875
Oklaj,Potomje_2025-03-11_16-50_tf_1h,2021-09-30 05:00:00,288.19043,287.66522
Oklaj,Potomje_2025-03-11_16-50_tf_1h,2021-09-30 06:00:00,288.1152,287.9864
Oklaj,Potomje_2025-03-11_16-50_tf_1h,2021-09-30 07:00:00,289.03357,288.34723
Oklaj,Potomje_2025-03-11_16-50_tf_1h,2021-09-30 08:00:00,291.09204,290.3488
Oklaj,Potomje_2025-03-11_16-50_tf_1h,2021-09-30 09:00:00,292.2594,292.53174
Oklaj,Potomje_2025-03-11_16-50_tf_1h,2021-09-30 10:00:00,293.2154,292.81613
Oklaj,Potomje_2025-03-11_16-50_tf_1h,2021-09-30 11:00:00,293.64,293.57672
Oklaj,Potomje_2025-03-11_16-50_tf_1h,2021-09-30 12:00:00,294.1165,293.54333
Oklaj,Potomje_2025-03-11_16-50_tf_1h,2021-09-30 13:00:00,294.2766,293.99576
Oklaj,Potomje_2025-03-11_16-50_tf_1h,2021-09-30 14:00:00,293.9697,293.8774
Oklaj,Potomje_2025-03-11_16-50_tf_1h,2021-09-30 15:00:00,293.37918,293.31543
Oklaj,Potomje_2025-03-11_16-50_tf_1h,2021-09-30 16:00:00,292.4596,292.6085
Oklaj,Potomje_2025-03-11_16-50_tf_1h,2021-09-30 17:00:00,291.30676,291.56824
Oklaj,Potomje_2025-03-11_16-50_tf_1h,2021-09-30 18:00:00,290.2155,290.3723
Oklaj,Potomje_2025-03-11_16-50_tf_1h,2021-09-30 19:00:00,289.5034,289.3437
Oklaj,Potomje_2025-03-11_16-50_tf_1h,2021-09-30 20:00:00,288.93106,288.7952
Oklaj,Potomje_2025-03-11_16-50_tf_1h,2021-09-30 21:00:00,288.5389,288.28894
Oklaj,Potomje_2025-03-11_16-50_tf_1h,2021-09-30 22:00:00,288.07428,287.9748
Oklaj,Potomje_2025-03-11_16-50_tf_1h,2021-09-30 23:00:00,287.62994,287.5184
Oklaj,Potomje_2025-03-11_16-50_tf_1h,2021-10-01 00:00:00,287.26782,287.11307
Oklaj,Potomje_2025-03-11_16-50_tf_1h,2021-10-01 01:00:00,286.99207,286.74667
Oklaj,Potomje_2025-03-11_16-50_tf_1h,2021-10-01 02:00:00,286.83826,286.48044
Oklaj,Potomje_2025-03-11_16-50_tf_1h,2021-10-01 03:00:00,286.74017,286.42065
Oklaj,Potomje_2025-03-11_16-50_tf_1h,2021-10-01 04:00:00,286.37558,286.50592
Oklaj,Potomje_2025-03-11_16-50_tf_1h,2021-10-01 05:00:00,286.13428,286.24835
Oklaj,Potomje_2025-03-11_16-50_tf_1h,2021-10-01 06:00:00,285.91226,286.51105
Oklaj,Potomje_2025-03-11_16-50_tf_1h,2021-10-01 07:00:00,286.48734,286.51407
Oklaj,Potomje_2025-03-11_16-50_tf_1h,2021-10-01 08:00:00,288.90878,287.2331
Oklaj,Potomje_2025-03-11_16-50_tf_1h,2021-10-01 09:00:00,290.7355,290.35364
Oklaj,Potomje_2025-03-11_16-50_tf_1h,2021-10-01 10:00:00,292.3829,291.5667
Oklaj,Potomje_2025-03-11_16-50_tf_1h,2021-10-01 11:00:00,293.71024,293.0662
Oklaj,Potomje_2025-03-11_16-50_tf_1h,2021-10-01 12:00:00,294.73087,294.06427
Oklaj,Potomje_2025-03-11_16-50_tf_1h,2021-10-01 13:00:00,295.41833,294.82593
Oklaj,Potomje_2025-03-11_16-50_tf_1h,2021-10-01 14:00:00,295.74963,295.25134
Oklaj,Potomje_2025-03-11_16-50_tf_1h,2021-10-01 15:00:00,295.64468,295.3398
Oklaj,Potomje_2025-03-11_16-50_tf_1h,2021-10-01 16:00:00,295.05655,295.0106
Oklaj,Potomje_2025-03-11_16-50_tf_1h,2021-10-01 17:00:00,293.89798,294.2523
Oklaj,Potomje_2025-03-11_16-50_tf_1h,2021-10-01 18:00:00,292.31442,292.97287
Oklaj,Potomje_2025-03-11_16-50_tf_1h,2021-10-01 19:00:00,290.81024,291.34775
Oklaj,Potomje_2025-03-11_16-50_tf_1h,2021-10-01 20:00:00,289.9649,289.90753
Oklaj,Potomje_2025-03-11_16-50_tf_1h,2021-10-01 21:00:00,288.47754,289.2134
Oklaj,Potomje_2025-03-11_16-50_tf_1h,2021-10-01 22:00:00,287.14804,287.63235
Oklaj,Potomje_2025-03-11_16-50_tf_1h,2021-10-01 23:00:00,286.36996,286.40652
Oklaj,Potomje_2025-03-11_16-50_tf_1h,2021-10-02 00:00:00,285.87552,285.7527
Oklaj,Potomje_2025-03-11_16-50_tf_1h,2021-10-02 01:00:00,285.48477,285.34424
Oklaj,Potomje_2025-03-11_16-50_tf_1h,2021-10-02 02:00:00,285.13513,284.9979
Oklaj,Potomje_2025-03-11_16-50_tf_1h,2021-10-02 03:00:00,284.8247,284.6084
Oklaj,Potomje_2025-03-11_16-50_tf_1h,2021-10-02 04:00:00,284.5834,284.26556
Oklaj,Potomje_2025-03-11_16-50_tf_1h,2021-10-02 05:00:00,284.33524,284.11038
Oklaj,Potomje_2025-03-11_16-50_tf_1h,2021-10-02 06:00:00,284.1014,284.11615
Oklaj,Potomje_2025-03-11_16-50_tf_1h,2021-10-02 07:00:00,284.96948,284.57913
Oklaj,Potomje_2025-03-11_16-50_tf_1h,2021-10-02 08:00:00,289.17282,286.6517
Oklaj,Potomje_2025-03-11_16-50_tf_1h,2021-10-02 09:00:00,291.4996,292.08337
Oklaj,Potomje_2025-03-11_16-50_tf_1h,2021-10-02 10:00:00,293.00284,292.65546
Oklaj,Potomje_2025-03-11_16-50_tf_1h,2021-10-02 11:00:00,293.97705,293.69373
Oklaj,Potomje_2025-03-11_16-50_tf_1h,2021-10-02 12:00:00,294.56647,294.188
Oklaj,Potomje_2025-03-11_16-50_tf_1h,2021-10-02 13:00:00,294.71497,294.4634
Oklaj,Potomje_2025-03-11_16-50_tf_1h,2021-10-02 14:00:00,294.94196,294.27856
Oklaj,Potomje_2025-03-11_16-50_tf_1h,2021-10-02 15:00:00,294.82614,294.51547
Oklaj,Potomje_2025-03-11_16-50_tf_1h,2021-10-02 16:00:00,294.2277,294.18884
Oklaj,Potomje_2025-03-11_16-50_tf_1h,2021-10-02 17:00:00,293.03894,293.42215
Oklaj,Potomje_2025-03-11_16-50_tf_1h,2021-10-02 18:00:00,291.5983,292.07977
Oklaj,Potomje_2025-03-11_16-50_tf_1h,2021-10-02 19:00:00,291.08423,290.6272
Oklaj,Potomje_2025-03-11_16-50_tf_1h,2021-10-02 20:00:00,290.74237,290.31815
Oklaj,Potomje_2025-03-11_16-50_tf_1h,2021-10-02 21:00:00,288.37854,289.9965
Oklaj,Potomje_2025-03-11_16-50_tf_1h,2021-10-02 22:00:00,287.66833,287.42108
Oklaj,Potomje_2025-03-11_16-50_tf_1h,2021-10-02 23:00:00,286.91266,287.05167
Oklaj,Potomje_2025-03-11_16-50_tf_1h,2021-10-03 00:00:00,286.31982,286.3223
Oklaj,Potomje_2025-03-11_16-50_tf_1h,2021-10-03 01:00:00,285.9901,285.77332
Oklaj,Potomje_2025-03-11_16-50_tf_1h,2021-10-03 02:00:00,285.9098,285.5129
Oklaj,Potomje_2025-03-11_16-50_tf_1h,2021-10-03 03:00:00,285.70056,285.51743
Oklaj,Potomje_2025-03-11_16-50_tf_1h,2021-10-03 04:00:00,285.4172,285.1899
Oklaj,Potomje_2025-03-11_16-50_tf_1h,2021-10-03 05:00:00,285.13544,284.87506
Oklaj,Potomje_2025-03-11_16-50_tf_1h,2021-10-03 06:00:00,284.9103,284.95407
Oklaj,Potomje_2025-03-11_16-50_tf_1h,2021-10-03 07:00:00,286.0122,285.51062
Oklaj,Potomje_2025-03-11_16-50_tf_1h,2021-10-03 08:00:00,289.61557,287.56146
Oklaj,Potomje_2025-03-11_16-50_tf_1h,2021-10-03 09:00:00,292.35645,291.91736
Oklaj,Potomje_2025-03-11_16-50_tf_1h,2021-10-03 10:00:00,293.95184,293.651
Oklaj,Potomje_2025-03-11_16-50_tf_1h,2021-10-03 11:00:00,295.04877,294.53763
Oklaj,Potomje_2025-03-11_16-50_tf_1h,2021-10-03 12:00:00,295.74683,295.24982
Oklaj,Potomje_2025-03-11_16-50_tf_1h,2021-10-03 13:00:00,295.96353,295.61304
Oklaj,Potomje_2025-03-11_16-50_tf_1h,2021-10-03 14:00:00,295.8063,295.5213
Oklaj,Potomje_2025-03-11_16-50_tf_1h,2021-10-03 15:00:00,295.26514,295.15536
Oklaj,Potomje_2025-03-11_16-50_tf_1h,2021-10-03 16:00:00,294.43817,294.44095
Oklaj,Potomje_2025-03-11_16-50_tf_1h,2021-10-03 17:00:00,293.34158,293.52936
Oklaj,Potomje_2025-03-11_16-50_tf_1h,2021-10-03 18:00:00,292.06876,292.38776
Oklaj,Potomje_2025-03-11_16-50_tf_1h,2021-10-03 19:00:00,291.04938,291.114
Oklaj,Potomje_2025-03-11_16-50_tf_1h,2021-10-03 20:00:00,290.22488,290.18658
Oklaj,Potomje_2025-03-11_16-50_tf_1h,2021-10-03 21:00:00,289.47733,289.43576
Oklaj,Potomje_2025-03-11_16-50_tf_1h,2021-10-03 22:00:00,288.9748,288.74658
Oklaj,Potomje_2025-03-11_16-50_tf_1h,2021-10-03 23:00:00,288.58435,288.32007
Oklaj,Potomje_2025-03-11_16-50_tf_1h,2021-10-04 00:00:00,288.27298,287.97974
Oklaj,Potomje_2025-03-11_16-50_tf_1h,2021-10-04 01:00:00,288.10486,287.7117
Oklaj,Potomje_2025-03-11_16-50_tf_1h,2021-10-04 02:00:00,288.19702,287.6042
Oklaj,Potomje_2025-03-11_16-50_tf_1h,2021-10-04 03:00:00,288.23157,287.77676
Oklaj,Potomje_2025-03-11_16-50_tf_1h,2021-10-04 04:00:00,287.96008,287.76318
Oklaj,Potomje_2025-03-11_16-50_tf_1h,2021-10-04 05:00:00,287.86447,287.38516
Oklaj,Potomje_2025-03-11_16-50_tf_1h,2021-10-04 06:00:00,287.7577,287.74725
Oklaj,Potomje_2025-03-11_16-50_tf_1h,2021-10-04 07:00:00,288.46634,288.1846
Oklaj,Potomje_2025-03-11_16-50_tf_1h,2021-10-04 08:00:00,291.63815,289.46445
Oklaj,Potomje_2025-03-11_16-50_tf_1h,2021-10-04 09:00:00,294.2816,293.4219
Oklaj,Potomje_2025-03-11_16-50_tf_1h,2021-10-04 10:00:00,295.65,295.32336
Oklaj,Potomje_2025-03-11_16-50_tf_1h,2021-10-04 11:00:00,296.50778,295.94406
Oklaj,Potomje_2025-03-11_16-50_tf_1h,2021-10-04 12:00:00,297.02338,296.45343
Oklaj,Potomje_2025-03-11_16-50_tf_1h,2021-10-04 13:00:00,297.14078,296.6812
Oklaj,Potomje_2025-03-11_16-50_tf_1h,2021-10-04 14:00:00,296.96143,296.54572
Oklaj,Potomje_2025-03-11_16-50_tf_1h,2021-10-04 15:00:00,296.4975,296.19974
Oklaj,Potomje_2025-03-11_16-50_tf_1h,2021-10-04 16:00:00,295.66617,295.611
Oklaj,Potomje_2025-03-11_16-50_tf_1h,2021-10-04 17:00:00,294.5263,294.6875
Oklaj,Potomje_2025-03-11_16-50_tf_1h,2021-10-04 18:00:00,293.12302,293.51755
Oklaj,Potomje_2025-03-11_16-50_tf_1h,2021-10-04 19:00:00,292.03763,292.12207
Oklaj,Potomje_2025-03-11_16-50_tf_1h,2021-10-04 20:00:00,291.14215,291.1321
Oklaj,Potomje_2025-03-11_16-50_tf_1h,2021-10-04 21:00:00,290.4229,290.30615
Oklaj,Potomje_2025-03-11_16-50_tf_1h,2021-10-04 22:00:00,289.98795,289.68222
Oklaj,Potomje_2025-03-11_16-50_tf_1h,2021-10-04 23:00:00,289.81516,289.3212
Oklaj,Potomje_2025-03-11_16-50_tf_1h,2021-10-05 00:00:00,289.789,289.22354
Oklaj,Potomje_2025-03-11_16-50_tf_1h,2021-10-05 01:00:00,290.0804,289.2599
Oklaj,Potomje_2025-03-11_16-50_tf_1h,2021-10-05 02:00:00,290.02655,289.67426
Oklaj,Potomje_2025-03-11_16-50_tf_1h,2021-10-05 03:00:00,290.02188,289.5155
Oklaj,Potomje_2025-03-11_16-50_tf_1h,2021-10-05 04:00:00,290.0381,289.53015
Oklaj,Potomje_2025-03-11_16-50_tf_1h,2021-10-05 05:00:00,290.15826,289.60217
Oklaj,Potomje_2025-03-11_16-50_tf_1h,2021-10-05 06:00:00,290.33542,290.07596
Oklaj,Potomje_2025-03-11_16-50_tf_1h,2021-10-05 07:00:00,290.9021,290.76718
Oklaj,Potomje_2025-03-11_16-50_tf_1h,2021-10-05 08:00:00,292.2923,291.55093
Oklaj,Potomje_2025-03-11_16-50_tf_1h,2021-10-05 09:00:00,293.35248,293.0414
Oklaj,Potomje_2025-03-11_16-50_tf_1h,2021-10-05 10:00:00,294.46994,293.67987
Oklaj,Potomje_2025-03-11_16-50_tf_1h,2021-10-05 11:00:00,295.1462,294.72845
Oklaj,Potomje_2025-03-11_16-50_tf_1h,2021-10-05 12:00:00,295.36853,295.033
Oklaj,Potomje_2025-03-11_16-50_tf_1h,2021-10-05 13:00:00,295.79166,294.97742
Oklaj,Potomje_2025-03-11_16-50_tf_1h,2021-10-05 14:00:00,295.52948,295.44952
Oklaj,Potomje_2025-03-11_16-50_tf_1h,2021-10-05 15:00:00,294.99863,294.83682
Oklaj,Potomje_2025-03-11_16-50_tf_1h,2021-10-05 16:00:00,294.17197,294.2327
Oklaj,Potomje_2025-03-11_16-50_tf_1h,2021-10-05 17:00:00,293.2055,293.32343
Oklaj,Potomje_2025-03-11_16-50_tf_1h,2021-10-05 18:00:00,292.32718,292.35638
Oklaj,Potomje_2025-03-11_16-50_tf_1h,2021-10-05 19:00:00,291.41895,291.52768
Oklaj,Potomje_2025-03-11_16-50_tf_1h,2021-10-05 20:00:00,290.52036,290.64536
Oklaj,Potomje_2025-03-11_16-50_tf_1h,2021-10-05 21:00:00,290.17633,289.77463
Oklaj,Potomje_2025-03-11_16-50_tf_1h,2021-10-05 22:00:00,290.05365,289.5622
Oklaj,Potomje_2025-03-11_16-50_tf_1h,2021-10-05 23:00:00,289.59344,289.4996
Oklaj,Potomje_2025-03-11_16-50_tf_1h,2021-10-06 00:00:00,289.4275,288.99066
Oklaj,Potomje_2025-03-11_16-50_tf_1h,2021-10-06 01:00:00,289.09933,288.93015
Oklaj,Potomje_2025-03-11_16-50_tf_1h,2021-10-06 02:00:00,289.13608,288.5295
Oklaj,Potomje_2025-03-11_16-50_tf_1h,2021-10-06 03:00:00,288.36734,288.7201
Oklaj,Potomje_2025-03-11_16-50_tf_1h,2021-10-06 04:00:00,288.1005,287.60687
Oklaj,Potomje_2025-03-11_16-50_tf_1h,2021-10-06 05:00:00,288.12915,287.82388
Oklaj,Potomje_2025-03-11_16-50_tf_1h,2021-10-06 06:00:00,288.43768,288.2839
Oklaj,Potomje_2025-03-11_16-50_tf_1h,2021-10-06 07:00:00,288.95734,289.07245
Oklaj,Potomje_2025-03-11_16-50_tf_1h,2021-10-06 08:00:00,289.8874,289.60455
Oklaj,Potomje_2025-03-11_16-50_tf_1h,2021-10-06 09:00:00,290.75388,290.54166
Oklaj,Potomje_2025-03-11_16-50_tf_1h,2021-10-06 10:00:00,291.92148,291.1639
Oklaj,Potomje_2025-03-11_16-50_tf_1h,2021-10-06 11:00:00,293.1305,292.37634
Oklaj,Potomje_2025-03-11_16-50_tf_1h,2021-10-06 12:00:00,293.80862,293.45416
Oklaj,Potomje_2025-03-11_16-50_tf_1h,2021-10-06 13:00:00,292.90787,293.74783
Oklaj,Potomje_2025-03-11_16-50_tf_1h,2021-10-06 14:00:00,291.2032,292.0301
Oklaj,Potomje_2025-03-11_16-50_tf_1h,2021-10-06 15:00:00,290.00693,290.0522
Oklaj,Potomje_2025-03-11_16-50_tf_1h,2021-10-06 16:00:00,289.89017,289.1452
Oklaj,Potomje_2025-03-11_16-50_tf_1h,2021-10-06 17:00:00,289.71426,289.4572
Oklaj,Potomje_2025-03-11_16-50_tf_1h,2021-10-06 18:00:00,289.4188,289.22513
Oklaj,Potomje_2025-03-11_16-50_tf_1h,2021-10-06 19:00:00,289.07504,288.9144
Oklaj,Potomje_2025-03-11_16-50_tf_1h,2021-10-06 20:00:00,288.28607,288.57285
Oklaj,Potomje_2025-03-11_16-50_tf_1h,2021-10-06 21:00:00,288.027,287.6521
Oklaj,Potomje_2025-03-11_16-50_tf_1h,2021-10-06 22:00:00,287.79724,287.61316
Oklaj,Potomje_2025-03-11_16-50_tf_1h,2021-10-06 23:00:00,287.75583,287.3893
Oklaj,Potomje_2025-03-11_16-50_tf_1h,2021-10-07 00:00:00,288.0401,287.41452
Oklaj,Potomje_2025-03-11_16-50_tf_1h,2021-10-07 01:00:00,288.1905,287.845
Oklaj,Potomje_2025-03-11_16-50_tf_1h,2021-10-07 02:00:00,288.0765,287.9794
Oklaj,Potomje_2025-03-11_16-50_tf_1h,2021-10-07 03:00:00,287.85016,287.83514
Oklaj,Potomje_2025-03-11_16-50_tf_1h,2021-10-07 04:00:00,287.31027,287.73157
Oklaj,Potomje_2025-03-11_16-50_tf_1h,2021-10-07 05:00:00,286.86255,287.25314
Oklaj,Potomje_2025-03-11_16-50_tf_1h,2021-10-07 06:00:00,286.57578,287.04404
Oklaj,Potomje_2025-03-11_16-50_tf_1h,2021-10-07 07:00:00,286.46463,286.73526
Oklaj,Potomje_2025-03-11_16-50_tf_1h,2021-10-07 08:00:00,286.32608,286.51868
Oklaj,Potomje_2025-03-11_16-50_tf_1h,2021-10-07 09:00:00,286.56738,286.2267
Oklaj,Potomje_2025-03-11_16-50_tf_1h,2021-10-07 10:00:00,286.6035,286.64526
Oklaj,Potomje_2025-03-11_16-50_tf_1h,2021-10-07 11:00:00,287.00732,286.46683
Oklaj,Potomje_2025-03-11_16-50_tf_1h,2021-10-07 12:00:00,286.5191,287.11237
Oklaj,Potomje_2025-03-11_16-50_tf_1h,2021-10-07 13:00:00,286.33167,286.04425
Oklaj,Potomje_2025-03-11_16-50_tf_1h,2021-10-07 14:00:00,286.3544,286.159
Oklaj,Potomje_2025-03-11_16-50_tf_1h,2021-10-07 15:00:00,286.7349,286.2719
Oklaj,Potomje_2025-03-11_16-50_tf_1h,2021-10-07 16:00:00,286.74142,286.8439
Oklaj,Potomje_2025-03-11_16-50_tf_1h,2021-10-07 17:00:00,286.4699,286.61374
Oklaj,Potomje_2025-03-11_16-50_tf_1h,2021-10-07 18:00:00,286.34662,286.22116
Oklaj,Potomje_2025-03-11_16-50_tf_1h,2021-10-07 19:00:00,286.13956,286.19476
Oklaj,Potomje_2025-03-11_16-50_tf_1h,2021-10-07 20:00:00,286.16168,285.9384
Oklaj,Potomje_2025-03-11_16-50_tf_1h,2021-10-07 21:00:00,285.91104,286.09146
Oklaj,Potomje_2025-03-11_16-50_tf_1h,2021-10-07 22:00:00,285.51935,285.68173
Oklaj,Potomje_2025-03-11_16-50_tf_1h,2021-10-07 23:00:00,284.924,285.23553
Oklaj,Potomje_2025-03-11_16-50_tf_1h,2021-10-08 00:00:00,284.3038,284.52274
Oklaj,Potomje_2025-03-11_16-50_tf_1h,2021-10-08 01:00:00,284.14624,283.89822
Oklaj,Potomje_2025-03-11_16-50_tf_1h,2021-10-08 02:00:00,283.98373,284.00366
Oklaj,Potomje_2025-03-11_16-50_tf_1h,2021-10-08 03:00:00,284.1089,283.82068
Oklaj,Potomje_2025-03-11_16-50_tf_1h,2021-10-08 04:00:00,284.18484,284.14804
Oklaj,Potomje_2025-03-11_16-50_tf_1h,2021-10-08 05:00:00,284.16214,284.1996
Oklaj,Potomje_2025-03-11_16-50_tf_1h,2021-10-08 06:00:00,284.0242,284.15973
Oklaj,Potomje_2025-03-11_16-50_tf_1h,2021-10-08 07:00:00,284.249,283.98715
Oklaj,Potomje_2025-03-11_16-50_tf_1h,2021-10-08 08:00:00,285.23444,284.43753
Oklaj,Potomje_2025-03-11_16-50_tf_1h,2021-10-08 09:00:00,286.17163,285.80945
Oklaj,Potomje_2025-03-11_16-50_tf_1h,2021-10-08 10:00:00,287.21936,286.6742
Oklaj,Potomje_2025-03-11_16-50_tf_1h,2021-10-08 11:00:00,288.25992,287.77512
Oklaj,Potomje_2025-03-11_16-50_tf_1h,2021-10-08 12:00:00,288.8378,288.7323
Oklaj,Potomje_2025-03-11_16-50_tf_1h,2021-10-08 13:00:00,288.80945,289.00012
Oklaj,Potomje_2025-03-11_16-50_tf_1h,2021-10-08 14:00:00,288.3088,288.64786
Oklaj,Potomje_2025-03-11_16-50_tf_1h,2021-10-08 15:00:00,287.61417,287.91095
Oklaj,Potomje_2025-03-11_16-50_tf_1h,2021-10-08 16:00:00,286.7601,287.12018
Oklaj,Potomje_2025-03-11_16-50_tf_1h,2021-10-08 17:00:00,285.89297,286.1932
Oklaj,Potomje_2025-03-11_16-50_tf_1h,2021-10-08 18:00:00,285.2307,285.32617
Oklaj,Potomje_2025-03-11_16-50_tf_1h,2021-10-08 19:00:00,284.64722,284.7464
Oklaj,Potomje_2025-03-11_16-50_tf_1h,2021-10-08 20:00:00,284.7319,284.19287
Oklaj,Potomje_2025-03-11_16-50_tf_1h,2021-10-08 21:00:00,284.60083,284.50705
Oklaj,Potomje_2025-03-11_16-50_tf_1h,2021-10-08 22:00:00,284.3642,284.31366
Oklaj,Potomje_2025-03-11_16-50_tf_1h,2021-10-08 23:00:00,284.20633,284.07834
Oklaj,Potomje_2025-03-11_16-50_tf_1h,2021-10-09 00:00:00,283.90463,283.9375
Oklaj,Potomje_2025-03-11_16-50_tf_1h,2021-10-09 01:00:00,283.57553,283.5712
Oklaj,Potomje_2025-03-11_16-50_tf_1h,2021-10-09 02:00:00,283.432,283.24683
Oklaj,Potomje_2025-03-11_16-50_tf_1h,2021-10-09 03:00:00,283.0948,283.23672
Oklaj,Potomje_2025-03-11_16-50_tf_1h,2021-10-09 04:00:00,282.9771,282.90372
Oklaj,Potomje_2025-03-11_16-50_tf_1h,2021-10-09 05:00:00,282.7987,283.15598
Oklaj,Potomje_2025-03-11_16-50_tf_1h,2021-10-09 06:00:00,282.46585,283.25604
Oklaj,Potomje_2025-03-11_16-50_tf_1h,2021-10-09 07:00:00,282.4917,282.9054
Oklaj,Potomje_2025-03-11_16-50_tf_1h,2021-10-09 08:00:00,283.2508,282.82523
Oklaj,Potomje_2025-03-11_16-50_tf_1h,2021-10-09 09:00:00,284.21692,283.87222
Oklaj,Potomje_2025-03-11_16-50_tf_1h,2021-10-09 10:00:00,285.20767,284.84882
Oklaj,Potomje_2025-03-11_16-50_tf_1h,2021-10-09 11:00:00,285.74164,285.79623
Oklaj,Potomje_2025-03-11_16-50_tf_1h,2021-10-09 12:00:00,285.6588,285.97998
Oklaj,Potomje_2025-03-11_16-50_tf_1h,2021-10-09 13:00:00,285.47482,285.52316
Oklaj,Potomje_2025-03-11_16-50_tf_1h,2021-10-09 14:00:00,284.69174,285.30048
Oklaj,Potomje_2025-03-11_16-50_tf_1h,2021-10-09 15:00:00,284.2462,284.16986
Oklaj,Potomje_2025-03-11_16-50_tf_1h,2021-10-09 16:00:00,283.4921,283.96832
Oklaj,Potomje_2025-03-11_16-50_tf_1h,2021-10-09 17:00:00,282.7819,283.04718
Oklaj,Potomje_2025-03-11_16-50_tf_1h,2021-10-09 18:00:00,282.17007,282.39847
Oklaj,Potomje_2025-03-11_16-50_tf_1h,2021-10-09 19:00:00,281.84094,281.82968
Oklaj,Potomje_2025-03-11_16-50_tf_1h,2021-10-09 20:00:00,281.3135,281.61917
Oklaj,Potomje_2025-03-11_16-50_tf_1h,2021-10-09 21:00:00,281.2254,281.0081
Oklaj,Potomje_2025-03-11_16-50_tf_1h,2021-10-09 22:00:00,281.17404,281.12292
Oklaj,Potomje_2025-03-11_16-50_tf_1h,2021-10-09 23:00:00,281.12982,281.0699
Oklaj,Potomje_2025-03-11_16-50_tf_1h,2021-10-10 00:00:00,281.07004,281.04477
Oklaj,Potomje_2025-03-11_16-50_tf_1h,2021-10-10 01:00:00,280.87573,281.01178
Oklaj,Potomje_2025-03-11_16-50_tf_1h,2021-10-10 02:00:00,280.872,280.79752
Oklaj,Potomje_2025-03-11_16-50_tf_1h,2021-10-10 03:00:00,280.92245,281.0057
Oklaj,Potomje_2025-03-11_16-50_tf_1h,2021-10-10 04:00:00,280.98782,281.19446
Oklaj,Potomje_2025-03-11_16-50_tf_1h,2021-10-10 05:00:00,280.96698,281.44336
Oklaj,Potomje_2025-03-11_16-50_tf_1h,2021-10-10 06:00:00,280.85083,281.4834
Oklaj,Potomje_2025-03-11_16-50_tf_1h,2021-10-10 07:00:00,280.83652,281.187
Oklaj,Potomje_2025-03-11_16-50_tf_1h,2021-10-10 08:00:00,282.0312,281.12128
Oklaj,Potomje_2025-03-11_16-50_tf_1h,2021-10-10 09:00:00,282.6561,282.91168
Oklaj,Potomje_2025-03-11_16-50_tf_1h,2021-10-10 10:00:00,283.02286,283.0041
Oklaj,Potomje_2025-03-11_16-50_tf_1h,2021-10-10 11:00:00,283.48026,283.26892
Oklaj,Potomje_2025-03-11_16-50_tf_1h,2021-10-10 12:00:00,283.4896,283.72107
Oklaj,Potomje_2025-03-11_16-50_tf_1h,2021-10-10 13:00:00,283.16516,283.43942
Oklaj,Potomje_2025-03-11_16-50_tf_1h,2021-10-10 14:00:00,282.17474,282.96188
Oklaj,Potomje_2025-03-11_16-50_tf_1h,2021-10-10 15:00:00,281.4278,281.64017
Oklaj,Potomje_2025-03-11_16-50_tf_1h,2021-10-10 16:00:00,280.70978,281.0581
Oklaj,Potomje_2025-03-11_16-50_tf_1h,2021-10-10 17:00:00,280.2104,280.3467
Oklaj,Potomje_2025-03-11_16-50_tf_1h,2021-10-10 18:00:00,279.90213,279.98245
Oklaj,Potomje_2025-03-11_16-50_tf_1h,2021-10-10 19:00:00,279.90524,279.767
Oklaj,Potomje_2025-03-11_16-50_tf_1h,2021-10-10 20:00:00,279.98807,279.93353
Oklaj,Potomje_2025-03-11_16-50_tf_1h,2021-10-10 21:00:00,279.97125,280.04782
Oklaj,Potomje_2025-03-11_16-50_tf_1h,2021-10-10 22:00:00,280.05283,279.99707
Oklaj,Potomje_2025-03-11_16-50_tf_1h,2021-10-10 23:00:00,279.8707,280.1734
Oklaj,Potomje_2025-03-11_16-50_tf_1h,2021-10-11 00:00:00,280.0768,279.86746
Oklaj,Potomje_2025-03-11_16-50_tf_1h,2021-10-11 01:00:00,280.25583,280.37677
Oklaj,Potomje_2025-03-11_16-50_tf_1h,2021-10-11 02:00:00,280.28885,280.53748
Oklaj,Potomje_2025-03-11_16-50_tf_1h,2021-10-11 03:00:00,280.16086,280.55048
Oklaj,Potomje_2025-03-11_16-50_tf_1h,2021-10-11 04:00:00,280.08896,280.38965
Oklaj,Potomje_2025-03-11_16-50_tf_1h,2021-10-11 05:00:00,280.04132,280.40546
Oklaj,Potomje_2025-03-11_16-50_tf_1h,2021-10-11 06:00:00,279.9834,280.3649
Oklaj,Potomje_2025-03-11_16-50_tf_1h,2021-10-11 07:00:00,280.0323,280.27667
Oklaj,Potomje_2025-03-11_16-50_tf_1h,2021-10-11 08:00:00,280.85083,280.3076
Oklaj,Potomje_2025-03-11_16-50_tf_1h,2021-10-11 09:00:00,281.63516,281.4848
Oklaj,Potomje_2025-03-11_16-50_tf_1h,2021-10-11 10:00:00,283.45004,282.10144
Oklaj,Potomje_2025-03-11_16-50_tf_1h,2021-10-11 11:00:00,284.60114,284.44635
Oklaj,Potomje_2025-03-11_16-50_tf_1h,2021-10-11 12:00:00,285.29828,285.08026
Oklaj,Potomje_2025-03-11_16-50_tf_1h,2021-10-11 13:00:00,285.96738,285.5763
Oklaj,Potomje_2025-03-11_16-50_tf_1h,2021-10-11 14:00:00,286.06018,286.20462
Oklaj,Potomje_2025-03-11_16-50_tf_1h,2021-10-11 15:00:00,285.59436,285.98108
Oklaj,Potomje_2025-03-11_16-50_tf_1h,2021-10-11 16:00:00,284.62292,285.26474
Oklaj,Potomje_2025-03-11_16-50_tf_1h,2021-10-11 17:00:00,283.6845,284.0903
Oklaj,Potomje_2025-03-11_16-50_tf_1h,2021-10-11 18:00:00,283.10226,283.17715
Oklaj,Potomje_2025-03-11_16-50_tf_1h,2021-10-11 19:00:00,282.7361,282.73315
Oklaj,Potomje_2025-03-11_16-50_tf_1h,2021-10-11 20:00:00,282.62653,282.44247
Oklaj,Potomje_2025-03-11_16-50_tf_1h,2021-10-11 21:00:00,282.46957,282.43704
Oklaj,Potomje_2025-03-11_16-50_tf_1h,2021-10-11 22:00:00,282.20306,282.26443
Oklaj,Potomje_2025-03-11_16-50_tf_1h,2021-10-11 23:00:00,282.17847,281.96338
Oklaj,Potomje_2025-03-11_16-50_tf_1h,2021-10-12 00:00:00,282.05673,282.02383
Oklaj,Potomje_2025-03-11_16-50_tf_1h,2021-10-12 01:00:00,282.13208,281.84244
Oklaj,Potomje_2025-03-11_16-50_tf_1h,2021-10-12 02:00:00,282.40918,282.01236
Oklaj,Potomje_2025-03-11_16-50_tf_1h,2021-10-12 03:00:00,282.37308,282.41568
Oklaj,Potomje_2025-03-11_16-50_tf_1h,2021-10-12 04:00:00,282.41727,282.27057
Oklaj,Potomje_2025-03-11_16-50_tf_1h,2021-10-12 05:00:00,282.35034,282.50717
Oklaj,Potomje_2025-03-11_16-50_tf_1h,2021-10-12 06:00:00,282.03058,282.59378
Oklaj,Potomje_2025-03-11_16-50_tf_1h,2021-10-12 07:00:00,282.1436,282.47546
Oklaj,Potomje_2025-03-11_16-50_tf_1h,2021-10-12 08:00:00,283.58548,282.87393
Oklaj,Potomje_2025-03-11_16-50_tf_1h,2021-10-12 09:00:00,285.10587,284.65323
Oklaj,Potomje_2025-03-11_16-50_tf_1h,2021-10-12 10:00:00,286.26566,285.9533
Oklaj,Potomje_2025-03-11_16-50_tf_1h,2021-10-12 11:00:00,287.25546,286.83163
Oklaj,Potomje_2025-03-11_16-50_tf_1h,2021-10-12 12:00:00,287.62567,287.6616
Oklaj,Potomje_2025-03-11_16-50_tf_1h,2021-10-12 13:00:00,287.71472,287.6495
Oklaj,Potomje_2025-03-11_16-50_tf_1h,2021-10-12 14:00:00,287.57462,287.58258
Oklaj,Potomje_2025-03-11_16-50_tf_1h,2021-10-12 15:00:00,287.23584,287.31042
Oklaj,Potomje_2025-03-11_16-50_tf_1h,2021-10-12 16:00:00,286.61282,286.88232
Oklaj,Potomje_2025-03-11_16-50_tf_1h,2021-10-12 17:00:00,285.6607,286.1549
Oklaj,Potomje_2025-03-11_16-50_tf_1h,2021-10-12 18:00:00,284.81226,285.11435
Oklaj,Potomje_2025-03-11_16-50_tf_1h,2021-10-12 19:00:00,284.19263,284.31454
Oklaj,Potomje_2025-03-11_16-50_tf_1h,2021-10-12 20:00:00,283.46686,283.75635
Oklaj,Potomje_2025-03-11_16-50_tf_1h,2021-10-12 21:00:00,283.1854,283.01205
Oklaj,Potomje_2025-03-11_16-50_tf_1h,2021-10-12 22:00:00,282.80927,282.8848
Oklaj,Potomje_2025-03-11_16-50_tf_1h,2021-10-12 23:00:00,281.9879,282.48828
Oklaj,Potomje_2025-03-11_16-50_tf_1h,2021-10-13 00:00:00,281.22385,281.51773
Oklaj,Potomje_2025-03-11_16-50_tf_1h,2021-10-13 01:00:00,280.63818,280.77448
Oklaj,Potomje_2025-03-11_16-50_tf_1h,2021-10-13 02:00:00,280.12912,280.2442
Oklaj,Potomje_2025-03-11_16-50_tf_1h,2021-10-13 03:00:00,279.70163,279.7843
Oklaj,Potomje_2025-03-11_16-50_tf_1h,2021-10-13 04:00:00,279.28223,279.52026
Oklaj,Potomje_2025-03-11_16-50_tf_1h,2021-10-13 05:00:00,278.8924,279.40698
Oklaj,Potomje_2025-03-11_16-50_tf_1h,2021-10-13 06:00:00,278.61716,279.6376
Oklaj,Potomje_2025-03-11_16-50_tf_1h,2021-10-13 07:00:00,278.87994,279.84238
Oklaj,Potomje_2025-03-11_16-50_tf_1h,2021-10-13 08:00:00,281.3409,279.84238
Oklaj,Potomje_2025-03-11_16-50_tf_1h,2021-10-13 09:00:00,283.7449,283.26337
Oklaj,Potomje_2025-03-11_16-50_tf_1h,2021-10-13 10:00:00,285.80112,285.24664
Oklaj,Potomje_2025-03-11_16-50_tf_1h,2021-10-13 11:00:00,287.00296,287.07733
Oklaj,Potomje_2025-03-11_16-50_tf_1h,2021-10-13 12:00:00,287.25204,287.6644
Oklaj,Potomje_2025-03-11_16-50_tf_1h,2021-10-13 13:00:00,286.738,287.29178
Oklaj,Potomje_2025-03-11_16-50_tf_1h,2021-10-13 14:00:00,285.92285,286.29828
Oklaj,Potomje_2025-03-11_16-50_tf_1h,2021-10-13 15:00:00,285.1644,285.326
Oklaj,Potomje_2025-03-11_16-50_tf_1h,2021-10-13 16:00:00,284.1506,284.60822
Oklaj,Potomje_2025-03-11_16-50_tf_1h,2021-10-13 17:00:00,282.87497,283.48602
Oklaj,Potomje_2025-03-11_16-50_tf_1h,2021-10-13 18:00:00,281.83316,282.1468
Oklaj,Potomje_2025-03-11_16-50_tf_1h,2021-10-13 19:00:00,281.26306,281.2152
Oklaj,Potomje_2025-03-11_16-50_tf_1h,2021-10-13 20:00:00,281.00122,280.81647
Oklaj,Potomje_2025-03-11_16-50_tf_1h,2021-10-13 21:00:00,280.70822,280.67072
Oklaj,Potomje_2025-03-11_16-50_tf_1h,2021-10-13 22:00:00,280.47192,280.39288
Oklaj,Potomje_2025-03-11_16-50_tf_1h,2021-10-13 23:00:00,280.3019,280.21945
Oklaj,Potomje_2025-03-11_16-50_tf_1h,2021-10-14 00:00:00,280.14127,280.1042
Oklaj,Potomje_2025-03-11_16-50_tf_1h,2021-10-14 01:00:00,279.98712,279.93304
Oklaj,Potomje_2025-03-11_16-50_tf_1h,2021-10-14 02:00:00,279.7318,279.8029
Oklaj,Potomje_2025-03-11_16-50_tf_1h,2021-10-14 03:00:00,279.5637,279.5718
Oklaj,Potomje_2025-03-11_16-50_tf_1h,2021-10-14 04:00:00,279.40646,279.65335
Oklaj,Potomje_2025-03-11_16-50_tf_1h,2021-10-14 05:00:00,279.2075,279.89404
Oklaj,Potomje_2025-03-11_16-50_tf_1h,2021-10-14 06:00:00,278.97894,280.2524
Oklaj,Potomje_2025-03-11_16-50_tf_1h,2021-10-14 07:00:00,279.09415,280.02203
Oklaj,Potomje_2025-03-11_16-50_tf_1h,2021-10-14 08:00:00,280.32745,279.78595
Oklaj,Potomje_2025-03-11_16-50_tf_1h,2021-10-14 09:00:00,281.68713,281.3589
Oklaj,Potomje_2025-03-11_16-50_tf_1h,2021-10-14 10:00:00,282.87872,282.56088
Oklaj,Potomje_2025-03-11_16-50_tf_1h,2021-10-14 11:00:00,283.83926,283.64514
Oklaj,Potomje_2025-03-11_16-50_tf_1h,2021-10-14 12:00:00,284.4442,284.39948
Oklaj,Potomje_2025-03-11_16-50_tf_1h,2021-10-14 13:00:00,284.79013,284.7339
Oklaj,Potomje_2025-03-11_16-50_tf_1h,2021-10-14 14:00:00,284.82346,284.89487
Oklaj,Potomje_2025-03-11_16-50_tf_1h,2021-10-14 15:00:00,284.60736,284.72913
Oklaj,Potomje_2025-03-11_16-50_tf_1h,2021-10-14 16:00:00,283.96753,284.37604
Oklaj,Potomje_2025-03-11_16-50_tf_1h,2021-10-14 17:00:00,282.86316,283.53864
Oklaj,Potomje_2025-03-11_16-50_tf_1h,2021-10-14 18:00:00,281.77496,282.25104
Oklaj,Potomje_2025-03-11_16-50_tf_1h,2021-10-14 19:00:00,281.12265,281.1992
Oklaj,Potomje_2025-03-11_16-50_tf_1h,2021-10-14 20:00:00,280.8608,280.74283
Oklaj,Potomje_2025-03-11_16-50_tf_1h,2021-10-14 21:00:00,280.53482,280.63947
Oklaj,Potomje_2025-03-11_16-50_tf_1h,2021-10-14 22:00:00,280.28665,280.29565
Oklaj,Potomje_2025-03-11_16-50_tf_1h,2021-10-14 23:00:00,280.03665,280.09454
Oklaj,Potomje_2025-03-11_16-50_tf_1h,2021-10-15 00:00:00,279.76077,279.83124
Oklaj,Potomje_2025-03-11_16-50_tf_1h,2021-10-15 01:00:00,279.4874,279.54388
Oklaj,Potomje_2025-03-11_16-50_tf_1h,2021-10-15 02:00:00,278.8896,279.31094
Oklaj,Potomje_2025-03-11_16-50_tf_1h,2021-10-15 03:00:00,278.63583,278.58768
Oklaj,Potomje_2025-03-11_16-50_tf_1h,2021-10-15 04:00:00,278.5088,278.71808
Oklaj,Potomje_2025-03-11_16-50_tf_1h,2021-10-15 05:00:00,278.39236,278.90118
Oklaj,Potomje_2025-03-11_16-50_tf_1h,2021-10-15 06:00:00,278.3108,279.25037
Oklaj,Potomje_2025-03-11_16-50_tf_1h,2021-10-15 07:00:00,278.6268,279.43762
Oklaj,Potomje_2025-03-11_16-50_tf_1h,2021-10-15 08:00:00,279.84048,279.6592
Oklaj,Potomje_2025-03-11_16-50_tf_1h,2021-10-15 09:00:00,281.39105,281.0763
Oklaj,Potomje_2025-03-11_16-50_tf_1h,2021-10-15 10:00:00,282.95407,282.56995
Oklaj,Potomje_2025-03-11_16-50_tf_1h,2021-10-15 11:00:00,284.14343,283.99823
Oklaj,Potomje_2025-03-11_16-50_tf_1h,2021-10-15 12:00:00,284.87857,284.8576
Oklaj,Potomje_2025-03-11_16-50_tf_1h,2021-10-15 13:00:00,285.52368,285.26837
Oklaj,Potomje_2025-03-11_16-50_tf_1h,2021-10-15 14:00:00,285.68872,285.78952
Oklaj,Potomje_2025-03-11_16-50_tf_1h,2021-10-15 15:00:00,285.35556,285.63495
Oklaj,Potomje_2025-03-11_16-50_tf_1h,2021-10-15 16:00:00,284.58496,285.0428
Oklaj,Potomje_2025-03-11_16-50_tf_1h,2021-10-15 17:00:00,283.4541,284.07504
Oklaj,Potomje_2025-03-11_16-50_tf_1h,2021-10-15 18:00:00,282.44376,282.80627
Oklaj,Potomje_2025-03-11_16-50_tf_1h,2021-10-15 19:00:00,281.7961,281.8663
Oklaj,Potomje_2025-03-11_16-50_tf_1h,2021-10-15 20:00:00,281.56137,281.36374
Oklaj,Potomje_2025-03-11_16-50_tf_1h,2021-10-15 21:00:00,281.21857,281.2953
Oklaj,Potomje_2025-03-11_16-50_tf_1h,2021-10-15 22:00:00,281.11237,280.9143
Oklaj,Potomje_2025-03-11_16-50_tf_1h,2021-10-15 23:00:00,281.0093,280.9303
Oklaj,Potomje_2025-03-11_16-50_tf_1h,2021-10-16 00:00:00,280.8583,280.83905
Oklaj,Potomje_2025-03-11_16-50_tf_1h,2021-10-16 01:00:00,280.86237,280.65564
Oklaj,Potomje_2025-03-11_16-50_tf_1h,2021-10-16 02:00:00,281.01617,280.73795
Oklaj,Potomje_2025-03-11_16-50_tf_1h,2021-10-16 03:00:00,281.0417,281.0096
Oklaj,Potomje_2025-03-11_16-50_tf_1h,2021-10-16 04:00:00,281.08716,281.05585
Oklaj,Potomje_2025-03-11_16-50_tf_1h,2021-10-16 05:00:00,281.15628,281.31882
Oklaj,Potomje_2025-03-11_16-50_tf_1h,2021-10-16 06:00:00,281.26837,281.74564
Oklaj,Potomje_2025-03-11_16-50_tf_1h,2021-10-16 07:00:00,281.64948,282.24774
Oklaj,Potomje_2025-03-11_16-50_tf_1h,2021-10-16 08:00:00,283.00482,282.61942
Oklaj,Potomje_2025-03-11_16-50_tf_1h,2021-10-16 09:00:00,284.52518,284.09274
Oklaj,Potomje_2025-03-11_16-50_tf_1h,2021-10-16 10:00:00,285.79645,285.45822
Oklaj,Potomje_2025-03-11_16-50_tf_1h,2021-10-16 11:00:00,286.77628,286.4537
Oklaj,Potomje_2025-03-11_16-50_tf_1h,2021-10-16 12:00:00,287.74243,287.1996
Oklaj,Potomje_2025-03-11_16-50_tf_1h,2021-10-16 13:00:00,288.254,288.05154
Oklaj,Potomje_2025-03-11_16-50_tf_1h,2021-10-16 14:00:00,288.40063,288.26895
Oklaj,Potomje_2025-03-11_16-50_tf_1h,2021-10-16 15:00:00,288.372,288.2234
Oklaj,Potomje_2025-03-11_16-50_tf_1h,2021-10-16 16:00:00,287.88348,288.09363
Oklaj,Potomje_2025-03-11_16-50_tf_1h,2021-10-16 17:00:00,286.82703,287.4308
Oklaj,Potomje_2025-03-11_16-50_tf_1h,2021-10-16 18:00:00,285.61896,286.20123
Oklaj,Potomje_2025-03-11_16-50_tf_1h,2021-10-16 19:00:00,284.5591,284.98477
Oklaj,Potomje_2025-03-11_16-50_tf_1h,2021-10-16 20:00:00,284.11728,283.98196
Oklaj,Potomje_2025-03-11_16-50_tf_1h,2021-10-16 21:00:00,283.28876,283.70224
Oklaj,Potomje_2025-03-11_16-50_tf_1h,2021-10-16 22:00:00,282.6729,282.78552
Oklaj,Potomje_2025-03-11_16-50_tf_1h,2021-10-16 23:00:00,282.3659,282.2545
Oklaj,Potomje_2025-03-11_16-50_tf_1h,2021-10-17 00:00:00,281.7189,282.0608
Oklaj,Potomje_2025-03-11_16-50_tf_1h,2021-10-17 01:00:00,281.28644,281.30872
Oklaj,Potomje_2025-03-11_16-50_tf_1h,2021-10-17 02:00:00,281.0193,280.93314
Oklaj,Potomje_2025-03-11_16-50_tf_1h,2021-10-17 03:00:00,280.59958,280.71835
Oklaj,Potomje_2025-03-11_16-50_tf_1h,2021-10-17 04:00:00,280.22345,280.28436
Oklaj,Potomje_2025-03-11_16-50_tf_1h,2021-10-17 05:00:00,279.8137,280.15628
Oklaj,Potomje_2025-03-11_16-50_tf_1h,2021-10-17 06:00:00,279.45657,280.18866
Oklaj,Potomje_2025-03-11_16-50_tf_1h,2021-10-17 07:00:00,279.5291,280.5079
Oklaj,Potomje_2025-03-11_16-50_tf_1h,2021-10-17 08:00:00,283.41956,280.73245
Oklaj,Potomje_2025-03-11_16-50_tf_1h,2021-10-17 09:00:00,286.10562,286.10135
Oklaj,Potomje_2025-03-11_16-50_tf_1h,2021-10-17 10:00:00,288.13037,287.54807
Oklaj,Potomje_2025-03-11_16-50_tf_1h,2021-10-17 11:00:00,289.61557,289.31833
Oklaj,Potomje_2025-03-11_16-50_tf_1h,2021-10-17 12:00:00,290.62,290.30734
Oklaj,Potomje_2025-03-11_16-50_tf_1h,2021-10-17 13:00:00,291.07925,290.93256
Oklaj,Potomje_2025-03-11_16-50_tf_1h,2021-10-17 14:00:00,291.319,291.01816
Oklaj,Potomje_2025-03-11_16-50_tf_1h,2021-10-17 15:00:00,291.23773,291.08633
Oklaj,Potomje_2025-03-11_16-50_tf_1h,2021-10-17 16:00:00,290.65643,290.79886
Oklaj,Potomje_2025-03-11_16-50_tf_1h,2021-10-17 17:00:00,289.06104,289.99786
Oklaj,Potomje_2025-03-11_16-50_tf_1h,2021-10-17 18:00:00,287.59982,288.18643
Oklaj,Potomje_2025-03-11_16-50_tf_1h,2021-10-17 19:00:00,286.21335,286.78085
Oklaj,Potomje_2025-03-11_16-50_tf_1h,2021-10-17 20:00:00,284.13443,285.45636
Oklaj,Potomje_2025-03-11_16-50_tf_1h,2021-10-17 21:00:00,282.70435,283.3816
Oklaj,Potomje_2025-03-11_16-50_tf_1h,2021-10-17 22:00:00,281.73572,282.10257
Oklaj,Potomje_2025-03-11_16-50_tf_1h,2021-10-17 23:00:00,281.1239,281.23892
Oklaj,Potomje_2025-03-11_16-50_tf_1h,2021-10-18 00:00:00,280.69702,280.71588
Oklaj,Potomje_2025-03-11_16-50_tf_1h,2021-10-18 01:00:00,280.40216,280.3418
Oklaj,Potomje_2025-03-11_16-50_tf_1h,2021-10-18 02:00:00,280.19138,280.09534
Oklaj,Potomje_2025-03-11_16-50_tf_1h,2021-10-18 03:00:00,280.0323,279.87433
Oklaj,Potomje_2025-03-11_16-50_tf_1h,2021-10-18 04:00:00,279.91925,279.70865
Oklaj,Potomje_2025-03-11_16-50_tf_1h,2021-10-18 05:00:00,279.85233,279.77136
Oklaj,Potomje_2025-03-11_16-50_tf_1h,2021-10-18 06:00:00,279.7343,280.25555
Oklaj,Potomje_2025-03-11_16-50_tf_1h,2021-10-18 07:00:00,279.95724,281.17218
Oklaj,Potomje_2025-03-11_16-50_tf_1h,2021-10-18 08:00:00,282.90298,281.43054
Oklaj,Potomje_2025-03-11_16-50_tf_1h,2021-10-18 09:00:00,286.57578,285.08157
Oklaj,Potomje_2025-03-11_16-50_tf_1h,2021-10-18 10:00:00,289.0872,288.63718
Oklaj,Potomje_2025-03-11_16-50_tf_1h,2021-10-18 11:00:00,290.45,290.36765
Oklaj,Potomje_2025-03-11_16-50_tf_1h,2021-10-18 12:00:00,291.21967,290.99854
Oklaj,Potomje_2025-03-11_16-50_tf_1h,2021-10-18 13:00:00,291.57837,291.35208
Oklaj,Potomje_2025-03-11_16-50_tf_1h,2021-10-18 14:00:00,291.67767,291.38306
Oklaj,Potomje_2025-03-11_16-50_tf_1h,2021-10-18 15:00:00,291.50986,291.292
Oklaj,Potomje_2025-03-11_16-50_tf_1h,2021-10-18 16:00:00,290.71902,290.96527
Oklaj,Potomje_2025-03-11_16-50_tf_1h,2021-10-18 17:00:00,289.02118,289.9204
Oklaj,Potomje_2025-03-11_16-50_tf_1h,2021-10-18 18:00:00,287.10165,288.00082
Oklaj,Potomje_2025-03-11_16-50_tf_1h,2021-10-18 19:00:00,285.74164,286.15366
Oklaj,Potomje_2025-03-11_16-50_tf_1h,2021-10-18 20:00:00,284.8353,285.01276
Oklaj,Potomje_2025-03-11_16-50_tf_1h,2021-10-18 21:00:00,283.94388,284.22565
Oklaj,Potomje_2025-03-11_16-50_tf_1h,2021-10-18 22:00:00,283.10382,283.38916
Oklaj,Potomje_2025-03-11_16-50_tf_1h,2021-10-18 23:00:00,282.42816,282.59827
Oklaj,Potomje_2025-03-11_16-50_tf_1h,2021-10-19 00:00:00,281.779,281.97366
Oklaj,Potomje_2025-03-11_16-50_tf_1h,2021-10-19 01:00:00,281.25592,281.3528
Oklaj,Potomje_2025-03-11_16-50_tf_1h,2021-10-19 02:00:00,280.8552,280.87054
Oklaj,Potomje_2025-03-11_16-50_tf_1h,2021-10-19 03:00:00,280.2845,280.44324
Oklaj,Potomje_2025-03-11_16-50_tf_1h,2021-10-19 04:00:00,279.76825,279.7407
Oklaj,Potomje_2025-03-11_16-50_tf_1h,2021-10-19 05:00:00,279.39618,279.34607
Oklaj,Potomje_2025-03-11_16-50_tf_1h,2021-10-19 06:00:00,279.2483,279.57678
Oklaj,Potomje_2025-03-11_16-50_tf_1h,2021-10-19 07:00:00,279.36752,280.7628
Oklaj,Potomje_2025-03-11_16-50_tf_1h,2021-10-19 08:00:00,281.6834,280.89993
Oklaj,Potomje_2025-03-11_16-50_tf_1h,2021-10-19 09:00:00,285.04855,283.67075
Oklaj,Potomje_2025-03-11_16-50_tf_1h,2021-10-19 10:00:00,288.169,287.122
Oklaj,Potomje_2025-03-11_16-50_tf_1h,2021-10-19 11:00:00,290.05768,289.9517
Oklaj,Potomje_2025-03-11_16-50_tf_1h,2021-10-19 12:00:00,291.0179,290.9648
Oklaj,Potomje_2025-03-11_16-50_tf_1h,2021-10-19 13:00:00,291.45352,291.3091
Oklaj,Potomje_2025-03-11_16-50_tf_1h,2021-10-19 14:00:00,291.54846,291.3529
Oklaj,Potomje_2025-03-11_16-50_tf_1h,2021-10-19 15:00:00,291.18512,291.19876
Oklaj,Potomje_2025-03-11_16-50_tf_1h,2021-10-19 16:00:00,290.09256,290.57617
Oklaj,Potomje_2025-03-11_16-50_tf_1h,2021-10-19 17:00:00,288.34552,289.1867
Oklaj,Potomje_2025-03-11_16-50_tf_1h,2021-10-19 18:00:00,287.9249,287.32523
Oklaj,Potomje_2025-03-11_16-50_tf_1h,2021-10-19 19:00:00,287.6481,287.24756
Oklaj,Potomje_2025-03-11_16-50_tf_1h,2021-10-19 20:00:00,285.95618,286.9932
Oklaj,Potomje_2025-03-11_16-50_tf_1h,2021-10-19 21:00:00,284.3424,285.15778
Oklaj,Potomje_2025-03-11_16-50_tf_1h,2021-10-19 22:00:00,283.14056,283.64447
Oklaj,Potomje_2025-03-11_16-50_tf_1h,2021-10-19 23:00:00,282.29086,282.55017
Oklaj,Potomje_2025-03-11_16-50_tf_1h,2021-10-20 00:00:00,281.9325,281.79156
Oklaj,Potomje_2025-03-11_16-50_tf_1h,2021-10-20 01:00:00,281.97607,281.55597
Oklaj,Potomje_2025-03-11_16-50_tf_1h,2021-10-20 02:00:00,282.1607,281.72495
Oklaj,Potomje_2025-03-11_16-50_tf_1h,2021-10-20 03:00:00,282.01468,281.98682
Oklaj,Potomje_2025-03-11_16-50_tf_1h,2021-10-20 04:00:00,281.4259,281.67578
Oklaj,Potomje_2025-03-11_16-50_tf_1h,2021-10-20 05:00:00,281.02957,280.88425
Oklaj,Potomje_2025-03-11_16-50_tf_1h,2021-10-20 06:00:00,280.70947,280.89032
Oklaj,Potomje_2025-03-11_16-50_tf_1h,2021-10-20 07:00:00,280.71353,281.41495
Oklaj,Potomje_2025-03-11_16-50_tf_1h,2021-10-20 08:00:00,283.09293,282.30017
Oklaj,Potomje_2025-03-11_16-50_tf_1h,2021-10-20 09:00:00,287.82495,285.05212
Oklaj,Potomje_2025-03-11_16-50_tf_1h,2021-10-20 10:00:00,289.63144,290.46753
Oklaj,Potomje_2025-03-11_16-50_tf_1h,2021-10-20 11:00:00,290.46744,290.41455
Oklaj,Potomje_2025-03-11_16-50_tf_1h,2021-10-20 12:00:00,290.81897,290.84525
Oklaj,Potomje_2025-03-11_16-50_tf_1h,2021-10-20 13:00:00,290.83484,290.7496
Oklaj,Potomje_2025-03-11_16-50_tf_1h,2021-10-20 14:00:00,290.59882,290.50864
Oklaj,Potomje_2025-03-11_16-50_tf_1h,2021-10-20 15:00:00,290.09537,290.10425
Oklaj,Potomje_2025-03-11_16-50_tf_1h,2021-10-20 16:00:00,289.2572,289.46573
Oklaj,Potomje_2025-03-11_16-50_tf_1h,2021-10-20 17:00:00,287.93423,288.50162
Oklaj,Potomje_2025-03-11_16-50_tf_1h,2021-10-20 18:00:00,286.65298,287.01804
Oklaj,Potomje_2025-03-11_16-50_tf_1h,2021-10-20 19:00:00,285.59872,285.81433
Oklaj,Potomje_2025-03-11_16-50_tf_1h,2021-10-20 20:00:00,285.00497,284.90576
Oklaj,Potomje_2025-03-11_16-50_tf_1h,2021-10-20 21:00:00,284.4193,284.4447
Oklaj,Potomje_2025-03-11_16-50_tf_1h,2021-10-20 22:00:00,284.0494,283.90732
Oklaj,Potomje_2025-03-11_16-50_tf_1h,2021-10-20 23:00:00,283.8629,283.61713
Oklaj,Potomje_2025-03-11_16-50_tf_1h,2021-10-21 00:00:00,283.7446,283.50076
Oklaj,Potomje_2025-03-11_16-50_tf_1h,2021-10-21 01:00:00,283.11536,283.427
Oklaj,Potomje_2025-03-11_16-50_tf_1h,2021-10-21 02:00:00,283.52945,282.6584
Oklaj,Potomje_2025-03-11_16-50_tf_1h,2021-10-21 03:00:00,284.05066,283.41193
Oklaj,Potomje_2025-03-11_16-50_tf_1h,2021-10-21 04:00:00,284.23312,283.9826
Oklaj,Potomje_2025-03-11_16-50_tf_1h,2021-10-21 05:00:00,284.6681,284.15326
Oklaj,Potomje_2025-03-11_16-50_tf_1h,2021-10-21 06:00:00,285.30667,285.1846
Oklaj,Potomje_2025-03-11_16-50_tf_1h,2021-10-21 07:00:00,285.74072,286.65097
Oklaj,Potomje_2025-03-11_16-50_tf_1h,2021-10-21 08:00:00,286.72742,286.60907
Oklaj,Potomje_2025-03-11_16-50_tf_1h,2021-10-21 09:00:00,287.80347,287.35867
Oklaj,Potomje_2025-03-11_16-50_tf_1h,2021-10-21 10:00:00,288.90567,288.30994
Oklaj,Potomje_2025-03-11_16-50_tf_1h,2021-10-21 11:00:00,289.30826,289.3544
Oklaj,Potomje_2025-03-11_16-50_tf_1h,2021-10-21 12:00:00,289.51498,289.26904
Oklaj,Potomje_2025-03-11_16-50_tf_1h,2021-10-21 13:00:00,289.95868,289.3692
Oklaj,Potomje_2025-03-11_16-50_tf_1h,2021-10-21 14:00:00,289.94653,289.88837
Oklaj,Potomje_2025-03-11_16-50_tf_1h,2021-10-21 15:00:00,289.4717,289.60022
Oklaj,Potomje_2025-03-11_16-50_tf_1h,2021-10-21 16:00:00,288.78394,288.93207
Oklaj,Potomje_2025-03-11_16-50_tf_1h,2021-10-21 17:00:00,288.01767,288.1791
Oklaj,Potomje_2025-03-11_16-50_tf_1h,2021-10-21 18:00:00,287.54596,287.40134
Oklaj,Potomje_2025-03-11_16-50_tf_1h,2021-10-21 19:00:00,287.26544,287.0081
Oklaj,Potomje_2025-03-11_16-50_tf_1h,2021-10-21 20:00:00,287.51016,286.78143
Oklaj,Potomje_2025-03-11_16-50_tf_1h,2021-10-21 21:00:00,287.04874,287.14746
Oklaj,Potomje_2025-03-11_16-50_tf_1h,2021-10-21 22:00:00,286.8065,286.56973
Oklaj,Potomje_2025-03-11_16-50_tf_1h,2021-10-21 23:00:00,286.9192,286.4106
Oklaj,Potomje_2025-03-11_16-50_tf_1h,2021-10-22 00:00:00,286.87592,286.63242
Oklaj,Potomje_2025-03-11_16-50_tf_1h,2021-10-22 01:00:00,286.94534,286.5527
Oklaj,Potomje_2025-03-11_16-50_tf_1h,2021-10-22 02:00:00,287.03192,286.65552
Oklaj,Potomje_2025-03-11_16-50_tf_1h,2021-10-22 03:00:00,286.90488,286.77377
Oklaj,Potomje_2025-03-11_16-50_tf_1h,2021-10-22 04:00:00,286.98178,286.64746
Oklaj,Potomje_2025-03-11_16-50_tf_1h,2021-10-22 05:00:00,286.903,286.97562
Oklaj,Potomje_2025-03-11_16-50_tf_1h,2021-10-22 06:00:00,286.89304,286.9917
Oklaj,Potomje_2025-03-11_16-50_tf_1h,2021-10-22 07:00:00,287.1132,287.10486
Oklaj,Potomje_2025-03-11_16-50_tf_1h,2021-10-22 08:00:00,288.1139,287.27463
Oklaj,Potomje_2025-03-11_16-50_tf_1h,2021-10-22 09:00:00,289.66913,288.5658
Oklaj,Potomje_2025-03-11_16-50_tf_1h,2021-10-22 10:00:00,290.39304,290.29922
Oklaj,Potomje_2025-03-11_16-50_tf_1h,2021-10-22 11:00:00,290.24326,290.53906
Oklaj,Potomje_2025-03-11_16-50_tf_1h,2021-10-22 12:00:00,289.6109,289.97113
Oklaj,Potomje_2025-03-11_16-50_tf_1h,2021-10-22 13:00:00,289.8083,289.10394
Oklaj,Potomje_2025-03-11_16-50_tf_1h,2021-10-22 14:00:00,290.05084,289.6721
Oklaj,Potomje_2025-03-11_16-50_tf_1h,2021-10-22 15:00:00,290.15295,289.865
Oklaj,Potomje_2025-03-11_16-50_tf_1h,2021-10-22 16:00:00,289.5975,289.90298
Oklaj,Potomje_2025-03-11_16-50_tf_1h,2021-10-22 17:00:00,289.00903,289.08572
Oklaj,Potomje_2025-03-11_16-50_tf_1h,2021-10-22 18:00:00,288.54666,288.49866
Oklaj,Potomje_2025-03-11_16-50_tf_1h,2021-10-22 19:00:00,287.8785,288.0749
Oklaj,Potomje_2025-03-11_16-50_tf_1h,2021-10-22 20:00:00,286.9734,287.34335
Oklaj,Potomje_2025-03-11_16-50_tf_1h,2021-10-22 21:00:00,287.1602,286.38965
Oklaj,Potomje_2025-03-11_16-50_tf_1h,2021-10-22 22:00:00,286.56924,286.9811
Oklaj,Potomje_2025-03-11_16-50_tf_1h,2021-10-22 23:00:00,286.04337,286.1036
Oklaj,Potomje_2025-03-11_16-50_tf_1h,2021-10-23 00:00:00,285.3428,285.61368
Oklaj,Potomje_2025-03-11_16-50_tf_1h,2021-10-23 01:00:00,284.9838,284.8256
Oklaj,Potomje_2025-03-11_16-50_tf_1h,2021-10-23 02:00:00,284.41837,284.64676
Oklaj,Potomje_2025-03-11_16-50_tf_1h,2021-10-23 03:00:00,284.01828,284.0323
Oklaj,Potomje_2025-03-11_16-50_tf_1h,2021-10-23 04:00:00,283.85233,283.8672
Oklaj,Potomje_2025-03-11_16-50_tf_1h,2021-10-23 05:00:00,284.1145,284.0011
Oklaj,Potomje_2025-03-11_16-50_tf_1h,2021-10-23 06:00:00,284.4402,284.71384
Oklaj,Potomje_2025-03-11_16-50_tf_1h,2021-10-23 07:00:00,284.40903,285.0566
Oklaj,Potomje_2025-03-11_16-50_tf_1h,2021-10-23 08:00:00,286.5437,284.68033
Oklaj,Potomje_2025-03-11_16-50_tf_1h,2021-10-23 09:00:00,288.74033,288.0118
Oklaj,Potomje_2025-03-11_16-50_tf_1h,2021-10-23 10:00:00,290.0169,289.9499
Oklaj,Potomje_2025-03-11_16-50_tf_1h,2021-10-23 11:00:00,290.4724,290.62396
Oklaj,Potomje_2025-03-11_16-50_tf_1h,2021-10-23 12:00:00,290.59103,290.58374
Oklaj,Potomje_2025-03-11_16-50_tf_1h,2021-10-23 13:00:00,290.52286,290.46558
Oklaj,Potomje_2025-03-11_16-50_tf_1h,2021-10-23 14:00:00,290.19937,290.23923
Oklaj,Potomje_2025-03-11_16-50_tf_1h,2021-10-23 15:00:00,289.51437,289.75354
Oklaj,Potomje_2025-03-11_16-50_tf_1h,2021-10-23 16:00:00,288.84775,288.8925
Oklaj,Potomje_2025-03-11_16-50_tf_1h,2021-10-23 17:00:00,287.7356,288.2373
Oklaj,Potomje_2025-03-11_16-50_tf_1h,2021-10-23 18:00:00,286.88058,286.94583
Oklaj,Potomje_2025-03-11_16-50_tf_1h,2021-10-23 19:00:00,285.8142,286.2232
Oklaj,Potomje_2025-03-11_16-50_tf_1h,2021-10-23 20:00:00,284.9841,285.1344
Oklaj,Potomje_2025-03-11_16-50_tf_1h,2021-10-23 21:00:00,284.2132,284.39078
Oklaj,Potomje_2025-03-11_16-50_tf_1h,2021-10-23 22:00:00,283.5559,283.6697
Oklaj,Potomje_2025-03-11_16-50_tf_1h,2021-10-23 23:00:00,282.92044,283.08282
Oklaj,Potomje_2025-03-11_16-50_tf_1h,2021-10-24 00:00:00,282.3986,282.48557
Oklaj,Potomje_2025-03-11_16-50_tf_1h,2021-10-24 01:00:00,282.001,281.978
Oklaj,Potomje_2025-03-11_16-50_tf_1h,2021-10-24 02:00:00,281.37143,281.59598
Oklaj,Potomje_2025-03-11_16-50_tf_1h,2021-10-24 03:00:00,280.9069,280.88846
Oklaj,Potomje_2025-03-11_16-50_tf_1h,2021-10-24 04:00:00,280.67117,280.74963
Oklaj,Potomje_2025-03-11_16-50_tf_1h,2021-10-24 05:00:00,280.5127,281.13177
Oklaj,Potomje_2025-03-11_16-50_tf_1h,2021-10-24 06:00:00,280.1889,281.72733
Oklaj,Potomje_2025-03-11_16-50_tf_1h,2021-10-24 07:00:00,280.06714,281.23376
Oklaj,Potomje_2025-03-11_16-50_tf_1h,2021-10-24 08:00:00,281.90042,280.67395
Oklaj,Potomje_2025-03-11_16-50_tf_1h,2021-10-24 09:00:00,284.16772,283.43268
Oklaj,Potomje_2025-03-11_16-50_tf_1h,2021-10-24 10:00:00,285.92596,285.6279
Oklaj,Potomje_2025-03-11_16-50_tf_1h,2021-10-24 11:00:00,287.38126,287.00934
Oklaj,Potomje_2025-03-11_16-50_tf_1h,2021-10-24 12:00:00,288.33868,288.23248
Oklaj,Potomje_2025-03-11_16-50_tf_1h,2021-10-24 13:00:00,288.8633,288.74518
Oklaj,Potomje_2025-03-11_16-50_tf_1h,2021-10-24 14:00:00,288.92715,288.9451
Oklaj,Potomje_2025-03-11_16-50_tf_1h,2021-10-24 15:00:00,288.52612,288.7029
Oklaj,Potomje_2025-03-11_16-50_tf_1h,2021-10-24 16:00:00,287.5111,288.03885
Oklaj,Potomje_2025-03-11_16-50_tf_1h,2021-10-24 17:00:00,285.86652,286.7472
Oklaj,Potomje_2025-03-11_16-50_tf_1h,2021-10-24 18:00:00,284.26144,284.9415
Oklaj,Potomje_2025-03-11_16-50_tf_1h,2021-10-24 19:00:00,282.974,283.4484
Oklaj,Potomje_2025-03-11_16-50_tf_1h,2021-10-24 20:00:00,282.05798,282.289
Oklaj,Potomje_2025-03-11_16-50_tf_1h,2021-10-24 21:00:00,281.1018,281.49292
Oklaj,Potomje_2025-03-11_16-50_tf_1h,2021-10-24 22:00:00,280.24554,280.56607
Oklaj,Potomje_2025-03-11_16-50_tf_1h,2021-10-24 23:00:00,279.53473,279.77295
Oklaj,Potomje_2025-03-11_16-50_tf_1h,2021-10-25 00:00:00,278.98206,279.12305
Oklaj,Potomje_2025-03-11_16-50_tf_1h,2021-10-25 01:00:00,278.5278,278.63593
Oklaj,Potomje_2025-03-11_16-50_tf_1h,2021-10-25 02:00:00,278.12802,278.1587
Oklaj,Potomje_2025-03-11_16-50_tf_1h,2021-10-25 03:00:00,277.71265,277.79956
Oklaj,Potomje_2025-03-11_16-50_tf_1h,2021-10-25 04:00:00,277.3347,277.5153
Oklaj,Potomje_2025-03-11_16-50_tf_1h,2021-10-25 05:00:00,276.995,277.53143
Oklaj,Potomje_2025-03-11_16-50_tf_1h,2021-10-25 06:00:00,276.73654,277.98074
Oklaj,Potomje_2025-03-11_16-50_tf_1h,2021-10-25 07:00:00,276.79913,278.37628
Oklaj,Potomje_2025-03-11_16-50_tf_1h,2021-10-25 08:00:00,279.0652,278.12973
Oklaj,Potomje_2025-03-11_16-50_tf_1h,2021-10-25 09:00:00,282.57452,281.0844
Oklaj,Potomje_2025-03-11_16-50_tf_1h,2021-10-25 10:00:00,285.7737,284.77097
Oklaj,Potomje_2025-03-11_16-50_tf_1h,2021-10-25 11:00:00,288.26987,287.61685
Oklaj,Potomje_2025-03-11_16-50_tf_1h,2021-10-25 12:00:00,289.8083,289.60056
Oklaj,Potomje_2025-03-11_16-50_tf_1h,2021-10-25 13:00:00,290.32016,290.4512
Oklaj,Potomje_2025-03-11_16-50_tf_1h,2021-10-25 14:00:00,290.1928,290.30432
Oklaj,Potomje_2025-03-11_16-50_tf_1h,2021-10-25 15:00:00,289.73264,289.78732
Oklaj,Potomje_2025-03-11_16-50_tf_1h,2021-10-25 16:00:00,288.83997,289.14865
Oklaj,Potomje_2025-03-11_16-50_tf_1h,2021-10-25 17:00:00,287.61633,288.0899
Oklaj,Potomje_2025-03-11_16-50_tf_1h,2021-10-25 18:00:00,285.04266,286.7696
Oklaj,Potomje_2025-03-11_16-50_tf_1h,2021-10-25 19:00:00,282.94473,283.95117
Oklaj,Potomje_2025-03-11_16-50_tf_1h,2021-10-25 20:00:00,280.93335,282.07755
Oklaj,Potomje_2025-03-11_16-50_tf_1h,2021-10-25 21:00:00,279.942,280.26166
Oklaj,Potomje_2025-03-11_16-50_tf_1h,2021-10-25 22:00:00,279.0213,279.43384
Oklaj,Potomje_2025-03-11_16-50_tf_1h,2021-10-25 23:00:00,278.5633,278.53952
Oklaj,Potomje_2025-03-11_16-50_tf_1h,2021-10-26 00:00:00,278.30112,278.21237
Oklaj,Potomje_2025-03-11_16-50_tf_1h,2021-10-26 01:00:00,278.14328,278.01718
Oklaj,Potomje_2025-03-11_16-50_tf_1h,2021-10-26 02:00:00,278.04208,277.90698
Oklaj,Potomje_2025-03-11_16-50_tf_1h,2021-10-26 03:00:00,277.93155,277.81516
Oklaj,Potomje_2025-03-11_16-50_tf_1h,2021-10-26 04:00:00,277.87427,277.76132
Oklaj,Potomje_2025-03-11_16-50_tf_1h,2021-10-26 05:00:00,278.46832,277.94745
Oklaj,Potomje_2025-03-11_16-50_tf_1h,2021-10-26 06:00:00,279.05182,279.47278
Oklaj,Potomje_2025-03-11_16-50_tf_1h,2021-10-26 07:00:00,279.5643,280.6827
Oklaj,Potomje_2025-03-11_16-50_tf_1h,2021-10-26 08:00:00,281.36957,281.1988
Oklaj,Potomje_2025-03-11_16-50_tf_1h,2021-10-26 09:00:00,286.14487,283.04193
Oklaj,Potomje_2025-03-11_16-50_tf_1h,2021-10-26 10:00:00,288.90848,288.73526
Oklaj,Potomje_2025-03-11_16-50_tf_1h,2021-10-26 11:00:00,289.80954,290.1457
Oklaj,Potomje_2025-03-11_16-50_tf_1h,2021-10-26 12:00:00,290.5294,290.08676
Oklaj,Potomje_2025-03-11_16-50_tf_1h,2021-10-26 13:00:00,290.93384,290.66333
Oklaj,Potomje_2025-03-11_16-50_tf_1h,2021-10-26 14:00:00,291.12283,290.7485
Oklaj,Potomje_2025-03-11_16-50_tf_1h,2021-10-26 15:00:00,290.8112,290.78238
Oklaj,Potomje_2025-03-11_16-50_tf_1h,2021-10-26 16:00:00,289.62738,290.19867
Oklaj,Potomje_2025-03-11_16-50_tf_1h,2021-10-26 17:00:00,288.02545,288.71988
Oklaj,Potomje_2025-03-11_16-50_tf_1h,2021-10-26 18:00:00,286.53842,287.0998
Oklaj,Potomje_2025-03-11_16-50_tf_1h,2021-10-26 19:00:00,285.36365,285.70987
Oklaj,Potomje_2025-03-11_16-50_tf_1h,2021-10-26 20:00:00,284.2023,284.6725
Oklaj,Potomje_2025-03-11_16-50_tf_1h,2021-10-26 21:00:00,283.44913,283.57336
Oklaj,Potomje_2025-03-11_16-50_tf_1h,2021-10-26 22:00:00,282.71277,282.94162
Oklaj,Potomje_2025-03-11_16-50_tf_1h,2021-10-26 23:00:00,282.07913,282.23465
Oklaj,Potomje_2025-03-11_16-50_tf_1h,2021-10-27 00:00:00,281.54266,281.65134
Oklaj,Potomje_2025-03-11_16-50_tf_1h,2021-10-27 01:00:00,281.06226,281.15082
Oklaj,Potomje_2025-03-11_16-50_tf_1h,2021-10-27 02:00:00,280.44577,280.67075
Oklaj,Potomje_2025-03-11_16-50_tf_1h,2021-10-27 03:00:00,280.11322,279.9203
Oklaj,Potomje_2025-03-11_16-50_tf_1h,2021-10-27 04:00:00,279.7063,279.7071
Oklaj,Potomje_2025-03-11_16-50_tf_1h,2021-10-27 05:00:00,279.38745,279.37274
Oklaj,Potomje_2025-03-11_16-50_tf_1h,2021-10-27 06:00:00,279.26727,279.64133
Oklaj,Potomje_2025-03-11_16-50_tf_1h,2021-10-27 07:00:00,279.1614,280.7128
Oklaj,Potomje_2025-03-11_16-50_tf_1h,2021-10-27 08:00:00,281.4533,280.57425
Oklaj,Potomje_2025-03-11_16-50_tf_1h,2021-10-27 09:00:00,283.5394,283.3718
Oklaj,Potomje_2025-03-11_16-50_tf_1h,2021-10-27 10:00:00,285.23788,284.83813
Oklaj,Potomje_2025-03-11_16-50_tf_1h,2021-10-27 11:00:00,286.686,286.35248
Oklaj,Potomje_2025-03-11_16-50_tf_1h,2021-10-27 12:00:00,287.7228,287.51138
Oklaj,Potomje_2025-03-11_16-50_tf_1h,2021-10-27 13:00:00,288.29602,288.1866
Oklaj,Potomje_2025-03-11_16-50_tf_1h,2021-10-27 14:00:00,288.3935,288.38528
Oklaj,Potomje_2025-03-11_16-50_tf_1h,2021-10-27 15:00:00,288.05255,288.16095
Oklaj,Potomje_2025-03-11_16-50_tf_1h,2021-10-27 16:00:00,287.12967,287.574
Oklaj,Potomje_2025-03-11_16-50_tf_1h,2021-10-27 17:00:00,285.55298,286.39093
Oklaj,Potomje_2025-03-11_16-50_tf_1h,2021-10-27 18:00:00,284.15652,284.65228
Oklaj,Potomje_2025-03-11_16-50_tf_1h,2021-10-27 19:00:00,283.1798,283.39944
Oklaj,Potomje_2025-03-11_16-50_tf_1h,2021-10-27 20:00:00,282.93536,282.56583
Oklaj,Potomje_2025-03-11_16-50_tf_1h,2021-10-27 21:00:00,282.27872,282.52637
Oklaj,Potomje_2025-03-11_16-50_tf_1h,2021-10-27 22:00:00,281.66162,281.77985
Oklaj,Potomje_2025-03-11_16-50_tf_1h,2021-10-27 23:00:00,281.0448,281.2183
Oklaj,Potomje_2025-03-11_16-50_tf_1h,2021-10-28 00:00:00,280.53418,280.63284
Oklaj,Potomje_2025-03-11_16-50_tf_1h,2021-10-28 01:00:00,280.0818,280.18164
Oklaj,Potomje_2025-03-11_16-50_tf_1h,2021-10-28 02:00:00,279.7919,279.7274
Oklaj,Potomje_2025-03-11_16-50_tf_1h,2021-10-28 03:00:00,279.44785,279.49585
Oklaj,Potomje_2025-03-11_16-50_tf_1h,2021-10-28 04:00:00,279.15643,279.18347
Oklaj,Potomje_2025-03-11_16-50_tf_1h,2021-10-28 05:00:00,278.91885,279.1862
Oklaj,Potomje_2025-03-11_16-50_tf_1h,2021-10-28 06:00:00,278.71927,279.54407
Oklaj,Potomje_2025-03-11_16-50_tf_1h,2021-10-28 07:00:00,278.7062,280.1447
Oklaj,Potomje_2025-03-11_16-50_tf_1h,2021-10-28 08:00:00,281.2637,279.93967
Oklaj,Potomje_2025-03-11_16-50_tf_1h,2021-10-28 09:00:00,284.7478,283.29877
Oklaj,Potomje_2025-03-11_16-50_tf_1h,2021-10-28 10:00:00,287.89032,286.78043
Oklaj,Potomje_2025-03-11_16-50_tf_1h,2021-10-28 11:00:00,290.05646,289.57785
Oklaj,Potomje_2025-03-11_16-50_tf_1h,2021-10-28 12:00:00,291.56528,291.05603
Oklaj,Potomje_2025-03-11_16-50_tf_1h,2021-10-28 13:00:00,292.37854,292.09647
Oklaj,Potomje_2025-03-11_16-50_tf_1h,2021-10-28 14:00:00,292.58344,292.43118
Oklaj,Potomje_2025-03-11_16-50_tf_1h,2021-10-28 15:00:00,292.17743,292.26123
Oklaj,Potomje_2025-03-11_16-50_tf_1h,2021-10-28 16:00:00,290.9351,291.53925
Oklaj,Potomje_2025-03-11_16-50_tf_1h,2021-10-28 17:00:00,288.38974,290.06104
Oklaj,Potomje_2025-03-11_16-50_tf_1h,2021-10-28 18:00:00,285.699,287.31973
Oklaj,Potomje_2025-03-11_16-50_tf_1h,2021-10-28 19:00:00,283.86322,284.79755
Oklaj,Potomje_2025-03-11_16-50_tf_1h,2021-10-28 20:00:00,282.7554,283.1947
Oklaj,Potomje_2025-03-11_16-50_tf_1h,2021-10-28 21:00:00,281.69492,282.19232
Oklaj,Potomje_2025-03-11_16-50_tf_1h,2021-10-28 22:00:00,280.94705,281.17746
Oklaj,Potomje_2025-03-11_16-50_tf_1h,2021-10-28 23:00:00,280.56128,280.50058
Oklaj,Potomje_2025-03-11_16-50_tf_1h,2021-10-29 00:00:00,280.30316,280.1967
Oklaj,Potomje_2025-03-11_16-50_tf_1h,2021-10-29 01:00:00,280.1481,279.98938
Oklaj,Potomje_2025-03-11_16-50_tf_1h,2021-10-29 02:00:00,280.01547,279.88702
Oklaj,Potomje_2025-03-11_16-50_tf_1h,2021-10-29 03:00:00,279.79657,279.74033
Oklaj,Potomje_2025-03-11_16-50_tf_1h,2021-10-29 04:00:00,279.49924,279.45786
Oklaj,Potomje_2025-03-11_16-50_tf_1h,2021-10-29 05:00:00,279.28815,279.23798
Oklaj,Potomje_2025-03-11_16-50_tf_1h,2021-10-29 06:00:00,279.13028,279.50394
Oklaj,Potomje_2025-03-11_16-50_tf_1h,2021-10-29 07:00:00,279.1393,280.3461
Oklaj,Potomje_2025-03-11_16-50_tf_1h,2021-10-29 08:00:00,281.64294,280.66824
Oklaj,Potomje_2025-03-11_16-50_tf_1h,2021-10-29 09:00:00,285.80704,283.8055
Oklaj,Potomje_2025-03-11_16-50_tf_1h,2021-10-29 10:00:00,289.36212,288.1665
Oklaj,Potomje_2025-03-11_16-50_tf_1h,2021-10-29 11:00:00,291.0145,291.1745
Oklaj,Potomje_2025-03-11_16-50_tf_1h,2021-10-29 12:00:00,291.81842,291.64316
Oklaj,Potomje_2025-03-11_16-50_tf_1h,2021-10-29 13:00:00,292.26926,291.94327
Oklaj,Potomje_2025-03-11_16-50_tf_1h,2021-10-29 14:00:00,292.29044,292.09256
Oklaj,Potomje_2025-03-11_16-50_tf_1h,2021-10-29 15:00:00,291.73187,291.82202
Oklaj,Potomje_2025-03-11_16-50_tf_1h,2021-10-29 16:00:00,290.3681,290.98135
Oklaj,Potomje_2025-03-11_16-50_tf_1h,2021-10-29 17:00:00,288.3197,289.39505
Oklaj,Potomje_2025-03-11_16-50_tf_1h,2021-10-29 18:00:00,288.3038,287.31873
Oklaj,Potomje_2025-03-11_16-50_tf_1h,2021-10-29 19:00:00,287.68762,287.63007
Oklaj,Potomje_2025-03-11_16-50_tf_1h,2021-10-29 20:00:00,286.5135,286.9739
Oklaj,Potomje_2025-03-11_16-50_tf_1h,2021-10-29 21:00:00,283.1365,285.8183
Oklaj,Potomje_2025-03-11_16-50_tf_1h,2021-10-29 22:00:00,281.50717,282.5307
Oklaj,Potomje_2025-03-11_16-50_tf_1h,2021-10-29 23:00:00,280.39783,281.05023
Oklaj,Potomje_2025-03-11_16-50_tf_1h,2021-10-30 00:00:00,279.15176,279.95822
Oklaj,Potomje_2025-03-11_16-50_tf_1h,2021-10-30 01:00:00,278.58728,278.67725
Oklaj,Potomje_2025-03-11_16-50_tf_1h,2021-10-30 02:00:00,278.23108,278.19974
Oklaj,Potomje_2025-03-11_16-50_tf_1h,2021-10-30 03:00:00,277.92252,277.8455
Oklaj,Potomje_2025-03-11_16-50_tf_1h,2021-10-30 04:00:00,277.72168,277.50513
Oklaj,Potomje_2025-03-11_16-50_tf_1h,2021-10-30 05:00:00,277.66223,277.54727
Oklaj,Potomje_2025-03-11_16-50_tf_1h,2021-10-30 06:00:00,277.63733,278.18646
Oklaj,Potomje_2025-03-11_16-50_tf_1h,2021-10-30 07:00:00,277.996,279.37585
Oklaj,Potomje_2025-03-11_16-50_tf_1h,2021-10-30 08:00:00,280.2225,279.86386
Oklaj,Potomje_2025-03-11_16-50_tf_1h,2021-10-30 09:00:00,286.10748,282.2797
Oklaj,Potomje_2025-03-11_16-50_tf_1h,2021-10-30 10:00:00,289.0626,289.68292
Oklaj,Potomje_2025-03-11_16-50_tf_1h,2021-10-30 11:00:00,290.32236,290.44714
Oklaj,Potomje_2025-03-11_16-50_tf_1h,2021-10-30 12:00:00,291.01108,290.87366
Oklaj,Potomje_2025-03-11_16-50_tf_1h,2021-10-30 13:00:00,291.29068,291.11337
Oklaj,Potomje_2025-03-11_16-50_tf_1h,2021-10-30 14:00:00,291.32397,291.0307
Oklaj,Potomje_2025-03-11_16-50_tf_1h,2021-10-30 15:00:00,290.9105,290.88156
Oklaj,Potomje_2025-03-11_16-50_tf_1h,2021-10-30 16:00:00,289.80704,290.22092
Oklaj,Potomje_2025-03-11_16-50_tf_1h,2021-10-30 17:00:00,288.00085,288.84875
Oklaj,Potomje_2025-03-11_16-50_tf_1h,2021-10-30 18:00:00,285.97766,286.81598
Oklaj,Potomje_2025-03-11_16-50_tf_1h,2021-10-30 19:00:00,285.94217,284.85022
Oklaj,Potomje_2025-03-11_16-50_tf_1h,2021-10-30 20:00:00,283.83023,285.35843
Oklaj,Potomje_2025-03-11_16-50_tf_1h,2021-10-30 21:00:00,282.68286,283.0146
Oklaj,Potomje_2025-03-11_16-50_tf_1h,2021-10-30 22:00:00,282.2476,282.09924
Oklaj,Potomje_2025-03-11_16-50_tf_1h,2021-10-30 23:00:00,281.99445,281.8234
Oklaj,Potomje_2025-03-11_16-50_tf_1h,2021-10-31 00:00:00,281.49878,281.63535
Oklaj,Potomje_2025-03-11_16-50_tf_1h,2021-10-31 01:00:00,281.11984,281.10458
Oklaj,Potomje_2025-03-11_16-50_tf_1h,2021-10-31 02:00:00,281.18274,280.778
Oklaj,Potomje_2025-03-11_16-50_tf_1h,2021-10-31 03:00:00,281.05945,280.96344
Oklaj,Potomje_2025-03-11_16-50_tf_1h,2021-10-31 04:00:00,280.77423,280.7297
Oklaj,Potomje_2025-03-11_16-50_tf_1h,2021-10-31 05:00:00,280.428,280.44318
Oklaj,Potomje_2025-03-11_16-50_tf_1h,2021-10-31 06:00:00,280.0108,280.41803
Oklaj,Potomje_2025-03-11_16-50_tf_1h,2021-10-31 07:00:00,279.80966,280.9394
Oklaj,Potomje_2025-03-11_16-50_tf_1h,2021-10-31 08:00:00,281.6588,281.19516
Oklaj,Potomje_2025-03-11_16-50_tf_1h,2021-10-31 09:00:00,287.03223,283.21533
Oklaj,Potomje_2025-03-11_16-50_tf_1h,2021-10-31 10:00:00,289.1912,290.21616
Oklaj,Potomje_2025-03-11_16-50_tf_1h,2021-10-31 11:00:00,290.20715,290.12207
Oklaj,Potomje_2025-03-11_16-50_tf_1h,2021-10-31 12:00:00,290.73303,290.68317
Oklaj,Potomje_2025-03-11_16-50_tf_1h,2021-10-31 13:00:00,290.80774,290.76068
Oklaj,Potomje_2025-03-11_16-50_tf_1h,2021-10-31 14:00:00,290.6477,290.5005
Oklaj,Potomje_2025-03-11_16-50_tf_1h,2021-10-31 15:00:00,290.22397,290.18655
Oklaj,Potomje_2025-03-11_16-50_tf_1h,2021-10-31 16:00:00,289.21173,289.61954
Oklaj,Potomje_2025-03-11_16-50_tf_1h,2021-10-31 17:00:00,287.63657,288.39655
Oklaj,Potomje_2025-03-11_16-50_tf_1h,2021-10-31 18:00:00,286.75137,286.73166
Oklaj,Potomje_2025-03-11_16-50_tf_1h,2021-10-31 19:00:00,284.92868,286.04773
Oklaj,Potomje_2025-03-11_16-50_tf_1h,2021-10-31 20:00:00,283.8987,284.1462
Oklaj,Potomje_2025-03-11_16-50_tf_1h,2021-10-31 21:00:00,282.9385,283.303
Oklaj,Potomje_2025-03-11_16-50_tf_1h,2021-10-31 22:00:00,282.38147,282.38538
Oklaj,Potomje_2025-03-11_16-50_tf_1h,2021-10-31 23:00:00,281.95584,281.93375
Oklaj,Potomje_2025-03-11_16-50_tf_1h,2021-11-01 00:00:00,281.8425,281.5727
Oklaj,Potomje_2025-03-11_16-50_tf_1h,2021-11-01 01:00:00,281.79218,281.56512
Oklaj,Potomje_2025-03-11_16-50_tf_1h,2021-11-01 02:00:00,281.6803,281.56262
Oklaj,Potomje_2025-03-11_16-50_tf_1h,2021-11-01 03:00:00,281.83838,281.40347
Oklaj,Potomje_2025-03-11_16-50_tf_1h,2021-11-01 04:00:00,281.93936,281.6772
Oklaj,Potomje_2025-03-11_16-50_tf_1h,2021-11-01 05:00:00,282.69415,281.8816
Oklaj,Potomje_2025-03-11_16-50_tf_1h,2021-11-01 06:00:00,282.7819,283.54892
Oklaj,Potomje_2025-03-11_16-50_tf_1h,2021-11-01 07:00:00,282.85754,283.98856
Oklaj,Potomje_2025-03-11_16-50_tf_1h,2021-11-01 08:00:00,284.2376,283.8993
Oklaj,Potomje_2025-03-11_16-50_tf_1h,2021-11-01 09:00:00,285.3789,285.2782
Oklaj,Potomje_2025-03-11_16-50_tf_1h,2021-11-01 10:00:00,286.10632,286.00165
Oklaj,Potomje_2025-03-11_16-50_tf_1h,2021-11-01 11:00:00,287.27707,286.44693
Oklaj,Potomje_2025-03-11_16-50_tf_1h,2021-11-01 12:00:00,288.61093,287.84424
Oklaj,Potomje_2025-03-11_16-50_tf_1h,2021-11-01 13:00:00,289.04718,289.1307
Oklaj,Potomje_2025-03-11_16-50_tf_1h,2021-11-01 14:00:00,288.83258,288.96173
Oklaj,Potomje_2025-03-11_16-50_tf_1h,2021-11-01 15:00:00,288.35156,288.43375
Oklaj,Potomje_2025-03-11_16-50_tf_1h,2021-11-01 16:00:00,287.84024,287.83148
Oklaj,Potomje_2025-03-11_16-50_tf_1h,2021-11-01 17:00:00,286.9989,287.31677
Oklaj,Potomje_2025-03-11_16-50_tf_1h,2021-11-01 18:00:00,286.49225,286.36188
Oklaj,Potomje_2025-03-11_16-50_tf_1h,2021-11-01 19:00:00,286.26294,285.97375
Oklaj,Potomje_2025-03-11_16-50_tf_1h,2021-11-01 20:00:00,285.87375,285.82233
Oklaj,Potomje_2025-03-11_16-50_tf_1h,2021-11-01 21:00:00,286.05716,285.42316
Oklaj,Potomje_2025-03-11_16-50_tf_1h,2021-11-01 22:00:00,286.2385,285.7617
Oklaj,Potomje_2025-03-11_16-50_tf_1h,2021-11-01 23:00:00,285.89526,285.96902
Oklaj,Potomje_2025-03-11_16-50_tf_1h,2021-11-02 00:00:00,285.84198,285.52084
Oklaj,Potomje_2025-03-11_16-50_tf_1h,2021-11-02 01:00:00,285.89084,285.56302
Oklaj,Potomje_2025-03-11_16-50_tf_1h,2021-11-02 02:00:00,285.95944,285.6255
Oklaj,Potomje_2025-03-11_16-50_tf_1h,2021-11-02 03:00:00,285.85434,285.6934
Oklaj,Potomje_2025-03-11_16-50_tf_1h,2021-11-02 04:00:00,285.74042,285.55005
Oklaj,Potomje_2025-03-11_16-50_tf_1h,2021-11-02 05:00:00,285.5735,285.48865
Oklaj,Potomje_2025-03-11_16-50_tf_1h,2021-11-02 06:00:00,285.58792,285.46024
Oklaj,Potomje_2025-03-11_16-50_tf_1h,2021-11-02 07:00:00,285.6309,285.8535
Oklaj,Potomje_2025-03-11_16-50_tf_1h,2021-11-02 08:00:00,286.79224,285.93045
Oklaj,Potomje_2025-03-11_16-50_tf_1h,2021-11-02 09:00:00,286.4902,287.41574
Oklaj,Potomje_2025-03-11_16-50_tf_1h,2021-11-02 10:00:00,287.00714,286.28323
Oklaj,Potomje_2025-03-11_16-50_tf_1h,2021-11-02 11:00:00,287.99683,287.27997
Oklaj,Potomje_2025-03-11_16-50_tf_1h,2021-11-02 12:00:00,288.5865,288.3904
Oklaj,Potomje_2025-03-11_16-50_tf_1h,2021-11-02 13:00:00,288.50787,288.7158
Oklaj,Potomje_2025-03-11_16-50_tf_1h,2021-11-02 14:00:00,288.298,288.29263
Oklaj,Potomje_2025-03-11_16-50_tf_1h,2021-11-02 15:00:00,288.22733,288.03644
Oklaj,Potomje_2025-03-11_16-50_tf_1h,2021-11-02 16:00:00,287.36804,288.0086
Oklaj,Potomje_2025-03-11_16-50_tf_1h,2021-11-02 17:00:00,286.57233,286.80362
Oklaj,Potomje_2025-03-11_16-50_tf_1h,2021-11-02 18:00:00,285.40894,286.07227
Oklaj,Potomje_2025-03-11_16-50_tf_1h,2021-11-02 19:00:00,283.86227,284.78094
Oklaj,Potomje_2025-03-11_16-50_tf_1h,2021-11-02 20:00:00,283.76923,283.12448
Oklaj,Potomje_2025-03-11_16-50_tf_1h,2021-11-02 21:00:00,283.0992,283.60168
Oklaj,Potomje_2025-03-11_16-50_tf_1h,2021-11-02 22:00:00,282.8116,282.666
Oklaj,Potomje_2025-03-11_16-50_tf_1h,2021-11-02 23:00:00,283.23523,282.5575
Oklaj,Potomje_2025-03-11_16-50_tf_1h,2021-11-03 00:00:00,283.11365,283.31458
Oklaj,Potomje_2025-03-11_16-50_tf_1h,2021-11-03 01:00:00,282.65796,282.93436
Oklaj,Potomje_2025-03-11_16-50_tf_1h,2021-11-03 02:00:00,282.7554,282.41873
Oklaj,Potomje_2025-03-11_16-50_tf_1h,2021-11-03 03:00:00,283.03445,282.95834
Oklaj,Potomje_2025-03-11_16-50_tf_1h,2021-11-03 04:00:00,283.49753,283.446
Oklaj,Potomje_2025-03-11_16-50_tf_1h,2021-11-03 05:00:00,283.68356,284.21048
Oklaj,Potomje_2025-03-11_16-50_tf_1h,2021-11-03 06:00:00,284.14752,284.25122
Oklaj,Potomje_2025-03-11_16-50_tf_1h,2021-11-03 07:00:00,284.688,284.71896
Oklaj,Potomje_2025-03-11_16-50_tf_1h,2021-11-03 08:00:00,285.94647,285.11975
Oklaj,Potomje_2025-03-11_16-50_tf_1h,2021-11-03 09:00:00,287.17612,286.6903
Oklaj,Potomje_2025-03-11_16-50_tf_1h,2021-11-03 10:00:00,287.97418,287.77084
Oklaj,Potomje_2025-03-11_16-50_tf_1h,2021-11-03 11:00:00,288.47757,288.2596
Oklaj,Potomje_2025-03-11_16-50_tf_1h,2021-11-03 12:00:00,288.19583,288.5533
Oklaj,Potomje_2025-03-11_16-50_tf_1h,2021-11-03 13:00:00,287.21497,287.82416
Oklaj,Potomje_2025-03-11_16-50_tf_1h,2021-11-03 14:00:00,286.94412,286.51086
Oklaj,Potomje_2025-03-11_16-50_tf_1h,2021-11-03 15:00:00,286.79193,286.59833
Oklaj,Potomje_2025-03-11_16-50_tf_1h,2021-11-03 16:00:00,286.77927,286.4392
Oklaj,Potomje_2025-03-11_16-50_tf_1h,2021-11-03 17:00:00,286.96915,286.4543
Oklaj,Potomje_2025-03-11_16-50_tf_1h,2021-11-03 18:00:00,287.51993,286.6957
Oklaj,Potomje_2025-03-11_16-50_tf_1h,2021-11-03 19:00:00,288.4087,287.3438
Oklaj,Potomje_2025-03-11_16-50_tf_1h,2021-11-03 20:00:00,288.30386,288.31186
Oklaj,Potomje_2025-03-11_16-50_tf_1h,2021-11-03 21:00:00,288.50406,287.9602
Oklaj,Potomje_2025-03-11_16-50_tf_1h,2021-11-03 22:00:00,289.00186,288.2474
Oklaj,Potomje_2025-03-11_16-50_tf_1h,2021-11-03 23:00:00,289.76782,288.8069
Oklaj,Potomje_2025-03-11_16-50_tf_1h,2021-11-04 00:00:00,289.66714,289.64536
Oklaj,Potomje_2025-03-11_16-50_tf_1h,2021-11-04 01:00:00,289.1414,289.34134
Oklaj,Potomje_2025-03-11_16-50_tf_1h,2021-11-04 02:00:00,289.1576,288.72217
Oklaj,Potomje_2025-03-11_16-50_tf_1h,2021-11-04 03:00:00,289.56235,288.87674
Oklaj,Potomje_2025-03-11_16-50_tf_1h,2021-11-04 04:00:00,289.54733,289.38055
Oklaj,Potomje_2025-03-11_16-50_tf_1h,2021-11-04 05:00:00,289.3922,289.28494
Oklaj,Potomje_2025-03-11_16-50_tf_1h,2021-11-04 06:00:00,289.2035,289.11346
Oklaj,Potomje_2025-03-11_16-50_tf_1h,2021-11-04 07:00:00,289.29947,288.90515
Oklaj,Potomje_2025-03-11_16-50_tf_1h,2021-11-04 08:00:00,289.5394,289.0617
Oklaj,Potomje_2025-03-11_16-50_tf_1h,2021-11-04 09:00:00,289.56766,289.34653
Oklaj,Potomje_2025-03-11_16-50_tf_1h,2021-11-04 10:00:00,289.4175,289.3059
Oklaj,Potomje_2025-03-11_16-50_tf_1h,2021-11-04 11:00:00,289.3925,289.10095
Oklaj,Potomje_2025-03-11_16-50_tf_1h,2021-11-04 12:00:00,289.15787,289.1327
Oklaj,Potomje_2025-03-11_16-50_tf_1h,2021-11-04 13:00:00,288.7734,288.82498
Oklaj,Potomje_2025-03-11_16-50_tf_1h,2021-11-04 14:00:00,288.2306,288.40732
Oklaj,Potomje_2025-03-11_16-50_tf_1h,2021-11-04 15:00:00,287.92148,287.81842
Oklaj,Potomje_2025-03-11_16-50_tf_1h,2021-11-04 16:00:00,287.6418,287.6034
Oklaj,Potomje_2025-03-11_16-50_tf_1h,2021-11-04 17:00:00,286.98093,287.33112
Oklaj,Potomje_2025-03-11_16-50_tf_1h,2021-11-04 18:00:00,286.52963,286.5075
Oklaj,Potomje_2025-03-11_16-50_tf_1h,2021-11-04 19:00:00,286.1084,286.15405
Oklaj,Potomje_2025-03-11_16-50_tf_1h,2021-11-04 20:00:00,285.67416,285.74304
Oklaj,Potomje_2025-03-11_16-50_tf_1h,2021-11-04 21:00:00,284.45956,285.32385
Oklaj,Potomje_2025-03-11_16-50_tf_1h,2021-11-04 22:00:00,283.0639,283.71823
Oklaj,Potomje_2025-03-11_16-50_tf_1h,2021-11-04 23:00:00,282.5355,282.3069
Oklaj,Potomje_2025-03-11_16-50_tf_1h,2021-11-05 00:00:00,282.97205,282.3564
Oklaj,Potomje_2025-03-11_16-50_tf_1h,2021-11-05 01:00:00,282.87695,283.3781
Oklaj,Potomje_2025-03-11_16-50_tf_1h,2021-11-05 02:00:00,282.12805,282.98865
Oklaj,Potomje_2025-03-11_16-50_tf_1h,2021-11-05 03:00:00,281.5605,281.9931
Oklaj,Potomje_2025-03-11_16-50_tf_1h,2021-11-05 04:00:00,281.49014,281.6321
Oklaj,Potomje_2025-03-11_16-50_tf_1h,2021-11-05 05:00:00,281.859,281.8405
Oklaj,Potomje_2025-03-11_16-50_tf_1h,2021-11-05 06:00:00,282.1987,282.4047
Oklaj,Potomje_2025-03-11_16-50_tf_1h,2021-11-05 07:00:00,282.41745,282.66403
Oklaj,Potomje_2025-03-11_16-50_tf_1h,2021-11-05 08:00:00,283.809,282.78656
Oklaj,Potomje_2025-03-11_16-50_tf_1h,2021-11-05 09:00:00,286.05923,284.91516
Oklaj,Potomje_2025-03-11_16-50_tf_1h,2021-11-05 10:00:00,287.57294,287.42325
Oklaj,Potomje_2025-03-11_16-50_tf_1h,2021-11-05 11:00:00,288.5747,288.36703
Oklaj,Potomje_2025-03-11_16-50_tf_1h,2021-11-05 12:00:00,288.3124,289.0416
Oklaj,Potomje_2025-03-11_16-50_tf_1h,2021-11-05 13:00:00,287.96652,287.97107
Oklaj,Potomje_2025-03-11_16-50_tf_1h,2021-11-05 14:00:00,287.65213,287.63266
Oklaj,Potomje_2025-03-11_16-50_tf_1h,2021-11-05 15:00:00,287.17023,287.26923
Oklaj,Potomje_2025-03-11_16-50_tf_1h,2021-11-05 16:00:00,286.41013,286.6792
Oklaj,Potomje_2025-03-11_16-50_tf_1h,2021-11-05 17:00:00,285.46957,285.8084
Oklaj,Potomje_2025-03-11_16-50_tf_1h,2021-11-05 18:00:00,284.56467,284.8435
Oklaj,Potomje_2025-03-11_16-50_tf_1h,2021-11-05 19:00:00,284.07538,283.97055
Oklaj,Potomje_2025-03-11_16-50_tf_1h,2021-11-05 20:00:00,284.41718,283.62112
Oklaj,Potomje_2025-03-11_16-50_tf_1h,2021-11-05 21:00:00,283.62646,284.2204
Oklaj,Potomje_2025-03-11_16-50_tf_1h,2021-11-05 22:00:00,283.17047,283.1203
Oklaj,Potomje_2025-03-11_16-50_tf_1h,2021-11-05 23:00:00,282.8961,282.81177
Oklaj,Potomje_2025-03-11_16-50_tf_1h,2021-11-06 00:00:00,282.6391,282.5971
Oklaj,Potomje_2025-03-11_16-50_tf_1h,2021-11-06 01:00:00,282.63293,282.32828
Oklaj,Potomje_2025-03-11_16-50_tf_1h,2021-11-06 02:00:00,282.1675,282.41916
Oklaj,Potomje_2025-03-11_16-50_tf_1h,2021-11-06 03:00:00,281.9114,281.7914
Oklaj,Potomje_2025-03-11_16-50_tf_1h,2021-11-06 04:00:00,281.68854,281.82333
Oklaj,Potomje_2025-03-11_16-50_tf_1h,2021-11-06 05:00:00,281.4239,281.8867
Oklaj,Potomje_2025-03-11_16-50_tf_1h,2021-11-06 06:00:00,281.5964,282.09488
Oklaj,Potomje_2025-03-11_16-50_tf_1h,2021-11-06 07:00:00,281.61496,282.71545
Oklaj,Potomje_2025-03-11_16-50_tf_1h,2021-11-06 08:00:00,282.35504,282.02676
Oklaj,Potomje_2025-03-11_16-50_tf_1h,2021-11-06 09:00:00,282.88434,283.03546
Oklaj,Potomje_2025-03-11_16-50_tf_1h,2021-11-06 10:00:00,283.26056,283.27194
Oklaj,Potomje_2025-03-11_16-50_tf_1h,2021-11-06 11:00:00,283.78073,283.55768
Oklaj,Potomje_2025-03-11_16-50_tf_1h,2021-11-06 12:00:00,284.23935,284.12125
Oklaj,Potomje_2025-03-11_16-50_tf_1h,2021-11-06 13:00:00,284.52344,284.47565
Oklaj,Potomje_2025-03-11_16-50_tf_1h,2021-11-06 14:00:00,284.30826,284.6268
Oklaj,Potomje_2025-03-11_16-50_tf_1h,2021-11-06 15:00:00,283.66003,284.11383
Oklaj,Potomje_2025-03-11_16-50_tf_1h,2021-11-06 16:00:00,283.08716,283.27853
Oklaj,Potomje_2025-03-11_16-50_tf_1h,2021-11-06 17:00:00,282.58258,282.76788
Oklaj,Potomje_2025-03-11_16-50_tf_1h,2021-11-06 18:00:00,282.18576,282.28766
Oklaj,Potomje_2025-03-11_16-50_tf_1h,2021-11-06 19:00:00,282.13513,281.93634
Oklaj,Potomje_2025-03-11_16-50_tf_1h,2021-11-06 20:00:00,282.85754,282.03427
Oklaj,Potomje_2025-03-11_16-50_tf_1h,2021-11-06 21:00:00,283.1063,283.10757
Oklaj,Potomje_2025-03-11_16-50_tf_1h,2021-11-06 22:00:00,283.23993,283.10513
Oklaj,Potomje_2025-03-11_16-50_tf_1h,2021-11-06 23:00:00,283.29822,283.2189
Oklaj,Potomje_2025-03-11_16-50_tf_1h,2021-11-07 00:00:00,283.2891,283.2292
Oklaj,Potomje_2025-03-11_16-50_tf_1h,2021-11-07 01:00:00,283.17606,283.1833
Oklaj,Potomje_2025-03-11_16-50_tf_1h,2021-11-07 02:00:00,283.05978,283.03076
Oklaj,Potomje_2025-03-11_16-50_tf_1h,2021-11-07 03:00:00,282.48398,282.93677
Oklaj,Potomje_2025-03-11_16-50_tf_1h,2021-11-07 04:00:00,282.1004,282.16678
Oklaj,Potomje_2025-03-11_16-50_tf_1h,2021-11-07 05:00:00,281.78598,281.97424
Oklaj,Potomje_2025-03-11_16-50_tf_1h,2021-11-07 06:00:00,281.88254,281.71982
Oklaj,Potomje_2025-03-11_16-50_tf_1h,2021-11-07 07:00:00,281.99588,282.06308
Oklaj,Potomje_2025-03-11_16-50_tf_1h,2021-11-07 08:00:00,283.844,282.13644
Oklaj,Potomje_2025-03-11_16-50_tf_1h,2021-11-07 09:00:00,287.97388,284.91394
Oklaj,Potomje_2025-03-11_16-50_tf_1h,2021-11-07 10:00:00,291.15643,289.90234
Oklaj,Potomje_2025-03-11_16-50_tf_1h,2021-11-07 11:00:00,292.45996,292.32047
Oklaj,Potomje_2025-03-11_16-50_tf_1h,2021-11-07 12:00:00,293.02692,292.7603
Oklaj,Potomje_2025-03-11_16-50_tf_1h,2021-11-07 13:00:00,293.2318,292.9482
Oklaj,Potomje_2025-03-11_16-50_tf_1h,2021-11-07 14:00:00,293.15762,292.90298
Oklaj,Potomje_2025-03-11_16-50_tf_1h,2021-11-07 15:00:00,292.5718,292.65417
Oklaj,Potomje_2025-03-11_16-50_tf_1h,2021-11-07 16:00:00,291.11493,291.90918
Oklaj,Potomje_2025-03-11_16-50_tf_1h,2021-11-07 17:00:00,290.16553,290.31403
Oklaj,Potomje_2025-03-11_16-50_tf_1h,2021-11-07 18:00:00,288.81198,289.43732
Oklaj,Potomje_2025-03-11_16-50_tf_1h,2021-11-07 19:00:00,286.4337,288.04367
Oklaj,Potomje_2025-03-11_16-50_tf_1h,2021-11-07 20:00:00,287.9889,285.6347
Oklaj,Potomje_2025-03-11_16-50_tf_1h,2021-11-07 21:00:00,286.19846,287.58545
Oklaj,Potomje_2025-03-11_16-50_tf_1h,2021-11-07 22:00:00,284.66858,285.45898
Oklaj,Potomje_2025-03-11_16-50_tf_1h,2021-11-07 23:00:00,283.88876,284.04947
Oklaj,Potomje_2025-03-11_16-50_tf_1h,2021-11-08 00:00:00,283.4348,283.39798
Oklaj,Potomje_2025-03-11_16-50_tf_1h,2021-11-08 01:00:00,283.30823,283.0048
Oklaj,Potomje_2025-03-11_16-50_tf_1h,2021-11-08 02:00:00,283.46426,282.97046
Oklaj,Potomje_2025-03-11_16-50_tf_1h,2021-11-08 03:00:00,283.89847,283.23074
Oklaj,Potomje_2025-03-11_16-50_tf_1h,2021-11-08 04:00:00,284.26614,283.7454
Oklaj,Potomje_2025-03-11_16-50_tf_1h,2021-11-08 05:00:00,284.464,284.185
Oklaj,Potomje_2025-03-11_16-50_tf_1h,2021-11-08 06:00:00,284.4575,284.6986
Oklaj,Potomje_2025-03-11_16-50_tf_1h,2021-11-08 07:00:00,284.62057,285.43073
Oklaj,Potomje_2025-03-11_16-50_tf_1h,2021-11-08 08:00:00,285.23642,285.66852
Oklaj,Potomje_2025-03-11_16-50_tf_1h,2021-11-08 09:00:00,286.73364,285.9317
Oklaj,Potomje_2025-03-11_16-50_tf_1h,2021-11-08 10:00:00,288.13254,287.63843
Oklaj,Potomje_2025-03-11_16-50_tf_1h,2021-11-08 11:00:00,287.6948,288.81216
Oklaj,Potomje_2025-03-11_16-50_tf_1h,2021-11-08 12:00:00,286.29886,287.10056
Oklaj,Potomje_2025-03-11_16-50_tf_1h,2021-11-08 13:00:00,284.92526,285.2232
Oklaj,Potomje_2025-03-11_16-50_tf_1h,2021-11-08 14:00:00,284.0969,283.9472
Oklaj,Potomje_2025-03-11_16-50_tf_1h,2021-11-08 15:00:00,283.6709,283.47202
Oklaj,Potomje_2025-03-11_16-50_tf_1h,2021-11-08 16:00:00,283.13425,283.27573
Oklaj,Potomje_2025-03-11_16-50_tf_1h,2021-11-08 17:00:00,282.718,282.68152
Oklaj,Potomje_2025-03-11_16-50_tf_1h,2021-11-08 18:00:00,282.40182,282.37836
Oklaj,Potomje_2025-03-11_16-50_tf_1h,2021-11-08 19:00:00,282.20135,282.13638
Oklaj,Potomje_2025-03-11_16-50_tf_1h,2021-11-08 20:00:00,281.2561,281.98483
Oklaj,Potomje_2025-03-11_16-50_tf_1h,2021-11-08 21:00:00,281.07065,280.71652
Oklaj,Potomje_2025-03-11_16-50_tf_1h,2021-11-08 22:00:00,281.08212,280.90436
Oklaj,Potomje_2025-03-11_16-50_tf_1h,2021-11-08 23:00:00,280.94495,281.0252
Oklaj,Potomje_2025-03-11_16-50_tf_1h,2021-11-09 00:00:00,281.0683,280.9386
Oklaj,Potomje_2025-03-11_16-50_tf_1h,2021-11-09 01:00:00,281.18958,281.41626
Oklaj,Potomje_2025-03-11_16-50_tf_1h,2021-11-09 02:00:00,281.199,281.68506
Oklaj,Potomje_2025-03-11_16-50_tf_1h,2021-11-09 03:00:00,281.05945,281.73428
Oklaj,Potomje_2025-03-11_16-50_tf_1h,2021-11-09 04:00:00,281.33734,281.55664
Oklaj,Potomje_2025-03-11_16-50_tf_1h,2021-11-09 05:00:00,281.67502,281.974
Oklaj,Potomje_2025-03-11_16-50_tf_1h,2021-11-09 06:00:00,281.9282,282.15585
Oklaj,Potomje_2025-03-11_16-50_tf_1h,2021-11-09 07:00:00,281.96646,282.2684
Oklaj,Potomje_2025-03-11_16-50_tf_1h,2021-11-09 08:00:00,282.59644,282.08554
Oklaj,Potomje_2025-03-11_16-50_tf_1h,2021-11-09 09:00:00,282.975,283.04092
Oklaj,Potomje_2025-03-11_16-50_tf_1h,2021-11-09 10:00:00,283.0739,283.14282
Oklaj,Potomje_2025-03-11_16-50_tf_1h,2021-11-09 11:00:00,284.1013,283.10303
Oklaj,Potomje_2025-03-11_16-50_tf_1h,2021-11-09 12:00:00,285.1443,284.61664
Oklaj,Potomje_2025-03-11_16-50_tf_1h,2021-11-09 13:00:00,285.72717,285.52692
Oklaj,Potomje_2025-03-11_16-50_tf_1h,2021-11-09 14:00:00,286.09427,285.872
Oklaj,Potomje_2025-03-11_16-50_tf_1h,2021-11-09 15:00:00,285.9921,286.12213
Oklaj,Potomje_2025-03-11_16-50_tf_1h,2021-11-09 16:00:00,285.38333,285.7905
Oklaj,Potomje_2025-03-11_16-50_tf_1h,2021-11-09 17:00:00,284.56317,284.9702
Oklaj,Potomje_2025-03-11_16-50_tf_1h,2021-11-09 18:00:00,283.89142,284.07986
Oklaj,Potomje_2025-03-11_16-50_tf_1h,2021-11-09 19:00:00,283.41125,283.4701
Oklaj,Potomje_2025-03-11_16-50_tf_1h,2021-11-09 20:00:00,283.54315,283.07596
Oklaj,Potomje_2025-03-11_16-50_tf_1h,2021-11-09 21:00:00,283.1637,283.43524
Oklaj,Potomje_2025-03-11_16-50_tf_1h,2021-11-09 22:00:00,282.8022,282.86514
Oklaj,Potomje_2025-03-11_16-50_tf_1h,2021-11-09 23:00:00,282.4769,282.52924
Oklaj,Potomje_2025-03-11_16-50_tf_1h,2021-11-10 00:00:00,282.05948,282.2014
Oklaj,Potomje_2025-03-11_16-50_tf_1h,2021-11-10 01:00:00,281.72858,281.73535
Oklaj,Potomje_2025-03-11_16-50_tf_1h,2021-11-10 02:00:00,281.52545,281.45508
Oklaj,Potomje_2025-03-11_16-50_tf_1h,2021-11-10 03:00:00,281.355,281.35083
Oklaj,Potomje_2025-03-11_16-50_tf_1h,2021-11-10 04:00:00,281.22638,281.25378
Oklaj,Potomje_2025-03-11_16-50_tf_1h,2021-11-10 05:00:00,281.12775,281.23538
Oklaj,Potomje_2025-03-11_16-50_tf_1h,2021-11-10 06:00:00,281.04828,281.29892
Oklaj,Potomje_2025-03-11_16-50_tf_1h,2021-11-10 07:00:00,281.28967,281.41776
Oklaj,Potomje_2025-03-11_16-50_tf_1h,2021-11-10 08:00:00,282.58493,281.90164
Oklaj,Potomje_2025-03-11_16-50_tf_1h,2021-11-10 09:00:00,284.30618,283.74976
Oklaj,Potomje_2025-03-11_16-50_tf_1h,2021-11-10 10:00:00,286.2288,285.47382
Oklaj,Potomje_2025-03-11_16-50_tf_1h,2021-11-10 11:00:00,288.177,287.3413
Oklaj,Potomje_2025-03-11_16-50_tf_1h,2021-11-10 12:00:00,289.73132,289.11237
Oklaj,Potomje_2025-03-11_16-50_tf_1h,2021-11-10 13:00:00,290.59357,290.3208
Oklaj,Potomje_2025-03-11_16-50_tf_1h,2021-11-10 14:00:00,290.8856,290.76007
Oklaj,Potomje_2025-03-11_16-50_tf_1h,2021-11-10 15:00:00,290.47876,290.74515
Oklaj,Potomje_2025-03-11_16-50_tf_1h,2021-11-10 16:00:00,289.64832,290.04868
Oklaj,Potomje_2025-03-11_16-50_tf_1h,2021-11-10 17:00:00,287.8046,289.06302
Oklaj,Potomje_2025-03-11_16-50_tf_1h,2021-11-10 18:00:00,286.76456,286.93884
Oklaj,Potomje_2025-03-11_16-50_tf_1h,2021-11-10 19:00:00,285.8096,286.09378
Oklaj,Potomje_2025-03-11_16-50_tf_1h,2021-11-10 20:00:00,283.89877,285.16397
Oklaj,Potomje_2025-03-11_16-50_tf_1h,2021-11-10 21:00:00,284.17282,283.15662
Oklaj,Potomje_2025-03-11_16-50_tf_1h,2021-11-10 22:00:00,284.70035,283.83508
Oklaj,Potomje_2025-03-11_16-50_tf_1h,2021-11-10 23:00:00,285.2903,284.4423
Oklaj,Potomje_2025-03-11_16-50_tf_1h,2021-11-11 00:00:00,285.47812,285.10364
Oklaj,Potomje_2025-03-11_16-50_tf_1h,2021-11-11 01:00:00,285.3801,285.2271
Oklaj,Potomje_2025-03-11_16-50_tf_1h,2021-11-11 02:00:00,285.01328,285.07635
Oklaj,Potomje_2025-03-11_16-50_tf_1h,2021-11-11 03:00:00,284.94913,284.59323
Oklaj,Potomje_2025-03-11_16-50_tf_1h,2021-11-11 04:00:00,284.6262,284.61685
Oklaj,Potomje_2025-03-11_16-50_tf_1h,2021-11-11 05:00:00,284.34033,284.2182
Oklaj,Potomje_2025-03-11_16-50_tf_1h,2021-11-11 06:00:00,284.18344,284.16544
Oklaj,Potomje_2025-03-11_16-50_tf_1h,2021-11-11 07:00:00,284.0801,284.46744
Oklaj,Potomje_2025-03-11_16-50_tf_1h,2021-11-11 08:00:00,284.03152,284.8868
Oklaj,Potomje_2025-03-11_16-50_tf_1h,2021-11-11 09:00:00,287.54437,284.63876
Oklaj,Potomje_2025-03-11_16-50_tf_1h,2021-11-11 10:00:00,290.01865,289.4416
Oklaj,Potomje_2025-03-11_16-50_tf_1h,2021-11-11 11:00:00,291.02777,291.1093
Oklaj,Potomje_2025-03-11_16-50_tf_1h,2021-11-11 12:00:00,291.42285,291.35776
Oklaj,Potomje_2025-03-11_16-50_tf_1h,2021-11-11 13:00:00,291.72754,291.3874
Oklaj,Potomje_2025-03-11_16-50_tf_1h,2021-11-11 14:00:00,291.80997,291.57706
Oklaj,Potomje_2025-03-11_16-50_tf_1h,2021-11-11 15:00:00,291.60095,291.49426
Oklaj,Potomje_2025-03-11_16-50_tf_1h,2021-11-11 16:00:00,290.58267,291.1368
Oklaj,Potomje_2025-03-11_16-50_tf_1h,2021-11-11 17:00:00,288.9574,289.84995
Oklaj,Potomje_2025-03-11_16-50_tf_1h,2021-11-11 18:00:00,287.97064,288.12634
Oklaj,Potomje_2025-03-11_16-50_tf_1h,2021-11-11 19:00:00,287.85583,287.31546
Oklaj,Potomje_2025-03-11_16-50_tf_1h,2021-11-11 20:00:00,288.07898,287.3762
Oklaj,Potomje_2025-03-11_16-50_tf_1h,2021-11-11 21:00:00,287.6009,287.67862
Oklaj,Potomje_2025-03-11_16-50_tf_1h,2021-11-11 22:00:00,286.0919,287.06918
Oklaj,Potomje_2025-03-11_16-50_tf_1h,2021-11-11 23:00:00,285.59616,285.3636
Oklaj,Potomje_2025-03-11_16-50_tf_1h,2021-11-12 00:00:00,285.0963,285.13803
Oklaj,Potomje_2025-03-11_16-50_tf_1h,2021-11-12 01:00:00,285.10867,284.63702
Oklaj,Potomje_2025-03-11_16-50_tf_1h,2021-11-12 02:00:00,285.47253,284.80386
Oklaj,Potomje_2025-03-11_16-50_tf_1h,2021-11-12 03:00:00,285.53787,285.26138
Oklaj,Potomje_2025-03-11_16-50_tf_1h,2021-11-12 04:00:00,285.45074,285.21967
Oklaj,Potomje_2025-03-11_16-50_tf_1h,2021-11-12 05:00:00,285.391,285.15155
Oklaj,Potomje_2025-03-11_16-50_tf_1h,2021-11-12 06:00:00,285.436,285.34167
Oklaj,Potomje_2025-03-11_16-50_tf_1h,2021-11-12 07:00:00,285.36066,285.98752
Oklaj,Potomje_2025-03-11_16-50_tf_1h,2021-11-12 08:00:00,284.9815,286.1684
Oklaj,Potomje_2025-03-11_16-50_tf_1h,2021-11-12 09:00:00,285.83725,285.0827
Oklaj,Potomje_2025-03-11_16-50_tf_1h,2021-11-12 10:00:00,286.59354,286.4455
Oklaj,Potomje_2025-03-11_16-50_tf_1h,2021-11-12 11:00:00,287.80197,286.93137
Oklaj,Potomje_2025-03-11_16-50_tf_1h,2021-11-12 12:00:00,288.61768,288.4286
Oklaj,Potomje_2025-03-11_16-50_tf_1h,2021-11-12 13:00:00,289.0148,288.88556
Oklaj,Potomje_2025-03-11_16-50_tf_1h,2021-11-12 14:00:00,289.44138,289.034
Oklaj,Potomje_2025-03-11_16-50_tf_1h,2021-11-12 15:00:00,289.31714,289.4652
Oklaj,Potomje_2025-03-11_16-50_tf_1h,2021-11-12 16:00:00,288.73398,289.00763
Oklaj,Potomje_2025-03-11_16-50_tf_1h,2021-11-12 17:00:00,287.8679,288.23517
Oklaj,Potomje_2025-03-11_16-50_tf_1h,2021-11-12 18:00:00,287.36392,287.2592
Oklaj,Potomje_2025-03-11_16-50_tf_1h,2021-11-12 19:00:00,287.37097,286.90564
Oklaj,Potomje_2025-03-11_16-50_tf_1h,2021-11-12 20:00:00,286.76486,287.10358
Oklaj,Potomje_2025-03-11_16-50_tf_1h,2021-11-12 21:00:00,286.12753,286.25104
Oklaj,Potomje_2025-03-11_16-50_tf_1h,2021-11-12 22:00:00,285.5938,285.66895
Oklaj,Potomje_2025-03-11_16-50_tf_1h,2021-11-12 23:00:00,285.26706,285.18137
Oklaj,Potomje_2025-03-11_16-50_tf_1h,2021-11-13 00:00:00,285.39835,284.93848
Oklaj,Potomje_2025-03-11_16-50_tf_1h,2021-11-13 01:00:00,284.57437,285.21765
Oklaj,Potomje_2025-03-11_16-50_tf_1h,2021-11-13 02:00:00,284.32678,284.04688
Oklaj,Potomje_2025-03-11_16-50_tf_1h,2021-11-13 03:00:00,284.45926,284.03195
Oklaj,Potomje_2025-03-11_16-50_tf_1h,2021-11-13 04:00:00,285.0966,284.33997
Oklaj,Potomje_2025-03-11_16-50_tf_1h,2021-11-13 05:00:00,285.36035,285.28796
Oklaj,Potomje_2025-03-11_16-50_tf_1h,2021-11-13 06:00:00,285.60382,285.5045
Oklaj,Potomje_2025-03-11_16-50_tf_1h,2021-11-13 07:00:00,285.751,285.9748
Oklaj,Potomje_2025-03-11_16-50_tf_1h,2021-11-13 08:00:00,285.7348,286.27698
Oklaj,Potomje_2025-03-11_16-50_tf_1h,2021-11-13 09:00:00,286.4316,285.97574
Oklaj,Potomje_2025-03-11_16-50_tf_1h,2021-11-13 10:00:00,287.14285,286.89227
Oklaj,Potomje_2025-03-11_16-50_tf_1h,2021-11-13 11:00:00,288.10782,287.46902
Oklaj,Potomje_2025-03-11_16-50_tf_1h,2021-11-13 12:00:00,288.25208,288.52893
Oklaj,Potomje_2025-03-11_16-50_tf_1h,2021-11-13 13:00:00,287.91736,288.1439
Oklaj,Potomje_2025-03-11_16-50_tf_1h,2021-11-13 14:00:00,287.69568,287.5727
Oklaj,Potomje_2025-03-11_16-50_tf_1h,2021-11-13 15:00:00,287.36127,287.40765
Oklaj,Potomje_2025-03-11_16-50_tf_1h,2021-11-13 16:00:00,286.36185,286.991
Oklaj,Potomje_2025-03-11_16-50_tf_1h,2021-11-13 17:00:00,285.83344,285.68488
Oklaj,Potomje_2025-03-11_16-50_tf_1h,2021-11-13 18:00:00,285.80017,285.41705
Oklaj,Potomje_2025-03-11_16-50_tf_1h,2021-11-13 19:00:00,285.52844,285.55676
Oklaj,Potomje_2025-03-11_16-50_tf_1h,2021-11-13 20:00:00,285.1799,285.19455
Oklaj,Potomje_2025-03-11_16-50_tf_1h,2021-11-13 21:00:00,284.94824,284.85178
Oklaj,Potomje_2025-03-11_16-50_tf_1h,2021-11-13 22:00:00,284.70273,284.67603
Oklaj,Potomje_2025-03-11_16-50_tf_1h,2021-11-13 23:00:00,284.50076,284.419
Oklaj,Potomje_2025-03-11_16-50_tf_1h,2021-11-14 00:00:00,284.47986,284.22058
Oklaj,Potomje_2025-03-11_16-50_tf_1h,2021-11-14 01:00:00,284.2217,284.29025
Oklaj,Potomje_2025-03-11_16-50_tf_1h,2021-11-14 02:00:00,284.15222,283.98358
Oklaj,Potomje_2025-03-11_16-50_tf_1h,2021-11-14 03:00:00,284.0395,284.1252
Oklaj,Potomje_2025-03-11_16-50_tf_1h,2021-11-14 04:00:00,284.0745,284.05954
Oklaj,Potomje_2025-03-11_16-50_tf_1h,2021-11-14 05:00:00,283.95383,284.26398
Oklaj,Potomje_2025-03-11_16-50_tf_1h,2021-11-14 06:00:00,283.89346,284.0805
Oklaj,Potomje_2025-03-11_16-50_tf_1h,2021-11-14 07:00:00,284.00473,284.0337
Oklaj,Potomje_2025-03-11_16-50_tf_1h,2021-11-14 08:00:00,284.59998,284.19293
Oklaj,Potomje_2025-03-11_16-50_tf_1h,2021-11-14 09:00:00,285.48224,285.01135
Oklaj,Potomje_2025-03-11_16-50_tf_1h,2021-11-14 10:00:00,286.84167,285.9734
Oklaj,Potomje_2025-03-11_16-50_tf_1h,2021-11-14 11:00:00,287.72217,287.56973
Oklaj,Potomje_2025-03-11_16-50_tf_1h,2021-11-14 12:00:00,288.4652,288.07507
Oklaj,Potomje_2025-03-11_16-50_tf_1h,2021-11-14 13:00:00,288.68127,288.7205
Oklaj,Potomje_2025-03-11_16-50_tf_1h,2021-11-14 14:00:00,288.56677,288.60306
Oklaj,Potomje_2025-03-11_16-50_tf_1h,2021-11-14 15:00:00,288.099,288.32773
Oklaj,Potomje_2025-03-11_16-50_tf_1h,2021-11-14 16:00:00,287.63562,287.70663
Oklaj,Potomje_2025-03-11_16-50_tf_1h,2021-11-14 17:00:00,286.89322,287.2365
Oklaj,Potomje_2025-03-11_16-50_tf_1h,2021-11-14 18:00:00,285.9229,286.37695
Oklaj,Potomje_2025-03-11_16-50_tf_1h,2021-11-14 19:00:00,285.06744,285.35324
Oklaj,Potomje_2025-03-11_16-50_tf_1h,2021-11-14 20:00:00,284.19904,284.55334
Oklaj,Potomje_2025-03-11_16-50_tf_1h,2021-11-14 21:00:00,284.29883,283.68774
Oklaj,Potomje_2025-03-11_16-50_tf_1h,2021-11-14 22:00:00,284.16635,284.0924
Oklaj,Potomje_2025-03-11_16-50_tf_1h,2021-11-14 23:00:00,283.63736,283.8934
Oklaj,Potomje_2025-03-11_16-50_tf_1h,2021-11-15 00:00:00,283.51932,283.26248
Oklaj,Potomje_2025-03-11_16-50_tf_1h,2021-11-15 01:00:00,283.10187,283.27283
Oklaj,Potomje_2025-03-11_16-50_tf_1h,2021-11-15 02:00:00,282.8708,282.7255
Oklaj,Potomje_2025-03-11_16-50_tf_1h,2021-11-15 03:00:00,282.46396,282.6019
Oklaj,Potomje_2025-03-11_16-50_tf_1h,2021-11-15 04:00:00,282.44336,282.178
Oklaj,Potomje_2025-03-11_16-50_tf_1h,2021-11-15 05:00:00,282.41156,282.5655
Oklaj,Potomje_2025-03-11_16-50_tf_1h,2021-11-15 06:00:00,282.23404,282.84283
Oklaj,Potomje_2025-03-11_16-50_tf_1h,2021-11-15 07:00:00,282.0736,282.91
Oklaj,Potomje_2025-03-11_16-50_tf_1h,2021-11-15 08:00:00,283.01532,282.54794
Oklaj,Potomje_2025-03-11_16-50_tf_1h,2021-11-15 09:00:00,284.2064,283.86237
Oklaj,Potomje_2025-03-11_16-50_tf_1h,2021-11-15 10:00:00,285.20435,284.98743
Oklaj,Potomje_2025-03-11_16-50_tf_1h,2021-11-15 11:00:00,286.23645,285.81412
Oklaj,Potomje_2025-03-11_16-50_tf_1h,2021-11-15 12:00:00,287.00537,286.80417
Oklaj,Potomje_2025-03-11_16-50_tf_1h,2021-11-15 13:00:00,287.51935,287.3254
Oklaj,Potomje_2025-03-11_16-50_tf_1h,2021-11-15 14:00:00,287.58353,287.65176
Oklaj,Potomje_2025-03-11_16-50_tf_1h,2021-11-15 15:00:00,286.94736,287.4329
Oklaj,Potomje_2025-03-11_16-50_tf_1h,2021-11-15 16:00:00,285.9238,286.4315
Oklaj,Potomje_2025-03-11_16-50_tf_1h,2021-11-15 17:00:00,284.88052,285.28586
Oklaj,Potomje_2025-03-11_16-50_tf_1h,2021-11-15 18:00:00,284.12396,284.283
Oklaj,Potomje_2025-03-11_16-50_tf_1h,2021-11-15 19:00:00,283.51047,283.64325
Oklaj,Potomje_2025-03-11_16-50_tf_1h,2021-11-15 20:00:00,283.1322,283.08765
Oklaj,Potomje_2025-03-11_16-50_tf_1h,2021-11-15 21:00:00,282.9276,282.78882
Oklaj,Potomje_2025-03-11_16-50_tf_1h,2021-11-15 22:00:00,282.6282,282.6527
Oklaj,Potomje_2025-03-11_16-50_tf_1h,2021-11-15 23:00:00,282.4036,282.33728
Oklaj,Potomje_2025-03-11_16-50_tf_1h,2021-11-16 00:00:00,282.2111,282.16122
Oklaj,Potomje_2025-03-11_16-50_tf_1h,2021-11-16 01:00:00,282.00677,281.965
Oklaj,Potomje_2025-03-11_16-50_tf_1h,2021-11-16 02:00:00,282.01736,281.74893
Oklaj,Potomje_2025-03-11_16-50_tf_1h,2021-11-16 03:00:00,281.74832,281.89948
Oklaj,Potomje_2025-03-11_16-50_tf_1h,2021-11-16 04:00:00,281.57022,281.57043
Oklaj,Potomje_2025-03-11_16-50_tf_1h,2021-11-16 05:00:00,281.4925,281.6704
Oklaj,Potomje_2025-03-11_16-50_tf_1h,2021-11-16 06:00:00,281.24493,281.99338
Oklaj,Potomje_2025-03-11_16-50_tf_1h,2021-11-16 07:00:00,281.06122,281.98358
Oklaj,Potomje_2025-03-11_16-50_tf_1h,2021-11-16 08:00:00,282.41006,281.5684
Oklaj,Potomje_2025-03-11_16-50_tf_1h,2021-11-16 09:00:00,283.3421,283.51556
Oklaj,Potomje_2025-03-11_16-50_tf_1h,2021-11-16 10:00:00,284.71625,283.93558
Oklaj,Potomje_2025-03-11_16-50_tf_1h,2021-11-16 11:00:00,286.14725,285.573
Oklaj,Potomje_2025-03-11_16-50_tf_1h,2021-11-16 12:00:00,287.0398,286.8717
Oklaj,Potomje_2025-03-11_16-50_tf_1h,2021-11-16 13:00:00,287.527,287.40448
Oklaj,Potomje_2025-03-11_16-50_tf_1h,2021-11-16 14:00:00,288.08603,287.63608
Oklaj,Potomje_2025-03-11_16-50_tf_1h,2021-11-16 15:00:00,287.93237,288.17798
Oklaj,Potomje_2025-03-11_16-50_tf_1h,2021-11-16 16:00:00,287.04953,287.65637
Oklaj,Potomje_2025-03-11_16-50_tf_1h,2021-11-16 17:00:00,286.31326,286.50882
Oklaj,Potomje_2025-03-11_16-50_tf_1h,2021-11-16 18:00:00,285.53052,285.82053
Oklaj,Potomje_2025-03-11_16-50_tf_1h,2021-11-16 19:00:00,284.95914,285.01816
Oklaj,Potomje_2025-03-11_16-50_tf_1h,2021-11-16 20:00:00,284.6762,284.51416
Oklaj,Potomje_2025-03-11_16-50_tf_1h,2021-11-16 21:00:00,284.28882,284.30908
Oklaj,Potomje_2025-03-11_16-50_tf_1h,2021-11-16 22:00:00,283.9553,283.89908
Oklaj,Potomje_2025-03-11_16-50_tf_1h,2021-11-16 23:00:00,283.58673,283.5997
Oklaj,Potomje_2025-03-11_16-50_tf_1h,2021-11-17 00:00:00,283.28763,283.23288
Oklaj,Potomje_2025-03-11_16-50_tf_1h,2021-11-17 01:00:00,283.21933,282.97702
Oklaj,Potomje_2025-03-11_16-50_tf_1h,2021-11-17 02:00:00,283.18106,282.9875
Oklaj,Potomje_2025-03-11_16-50_tf_1h,2021-11-17 03:00:00,283.1675,282.9476
Oklaj,Potomje_2025-03-11_16-50_tf_1h,2021-11-17 04:00:00,283.2844,282.95883
Oklaj,Potomje_2025-03-11_16-50_tf_1h,2021-11-17 05:00:00,283.09747,283.22662
Oklaj,Potomje_2025-03-11_16-50_tf_1h,2021-11-17 06:00:00,283.07245,283.07986
Oklaj,Potomje_2025-03-11_16-50_tf_1h,2021-11-17 07:00:00,282.69327,283.60553
Oklaj,Potomje_2025-03-11_16-50_tf_1h,2021-11-17 08:00:00,282.81955,283.21164
Oklaj,Potomje_2025-03-11_16-50_tf_1h,2021-11-17 09:00:00,285.09012,283.38138
Oklaj,Potomje_2025-03-11_16-50_tf_1h,2021-11-17 10:00:00,287.4749,286.47647
Oklaj,Potomje_2025-03-11_16-50_tf_1h,2021-11-17 11:00:00,288.7213,288.676
Oklaj,Potomje_2025-03-11_16-50_tf_1h,2021-11-17 12:00:00,289.177,289.27554
Oklaj,Potomje_2025-03-11_16-50_tf_1h,2021-11-17 13:00:00,289.08722,289.27625
Oklaj,Potomje_2025-03-11_16-50_tf_1h,2021-11-17 14:00:00,288.70923,288.85486
Oklaj,Potomje_2025-03-11_16-50_tf_1h,2021-11-17 15:00:00,287.89087,288.30902
Oklaj,Potomje_2025-03-11_16-50_tf_1h,2021-11-17 16:00:00,287.10516,287.30273
Oklaj,Potomje_2025-03-11_16-50_tf_1h,2021-11-17 17:00:00,286.2032,286.54758
Oklaj,Potomje_2025-03-11_16-50_tf_1h,2021-11-17 18:00:00,286.028,285.61032
Oklaj,Potomje_2025-03-11_16-50_tf_1h,2021-11-17 19:00:00,284.71243,285.6461
Oklaj,Potomje_2025-03-11_16-50_tf_1h,2021-11-17 20:00:00,282.8955,284.0512
Oklaj,Potomje_2025-03-11_16-50_tf_1h,2021-11-17 21:00:00,282.3415,282.15384
Oklaj,Potomje_2025-03-11_16-50_tf_1h,2021-11-17 22:00:00,282.11777,281.94235
Oklaj,Potomje_2025-03-11_16-50_tf_1h,2021-11-17 23:00:00,282.51694,281.82404
Oklaj,Potomje_2025-03-11_16-50_tf_1h,2021-11-18 00:00:00,282.29498,282.478
Oklaj,Potomje_2025-03-11_16-50_tf_1h,2021-11-18 01:00:00,282.2511,282.0143
Oklaj,Potomje_2025-03-11_16-50_tf_1h,2021-11-18 02:00:00,282.0889,282.04214
Oklaj,Potomje_2025-03-11_16-50_tf_1h,2021-11-18 03:00:00,281.91464,281.84073
Oklaj,Potomje_2025-03-11_16-50_tf_1h,2021-11-18 04:00:00,282.15103,281.76196
Oklaj,Potomje_2025-03-11_16-50_tf_1h,2021-11-18 05:00:00,282.11157,282.43518
Oklaj,Potomje_2025-03-11_16-50_tf_1h,2021-11-18 06:00:00,281.70767,282.6347
Oklaj,Potomje_2025-03-11_16-50_tf_1h,2021-11-18 07:00:00,281.30792,282.58243
Oklaj,Potomje_2025-03-11_16-50_tf_1h,2021-11-18 08:00:00,282.1528,281.90933
Oklaj,Potomje_2025-03-11_16-50_tf_1h,2021-11-18 09:00:00,283.42953,282.93573
Oklaj,Potomje_2025-03-11_16-50_tf_1h,2021-11-18 10:00:00,284.5664,284.2547
Oklaj,Potomje_2025-03-11_16-50_tf_1h,2021-11-18 11:00:00,285.3218,285.23053
Oklaj,Potomje_2025-03-11_16-50_tf_1h,2021-11-18 12:00:00,285.76483,285.67694
Oklaj,Potomje_2025-03-11_16-50_tf_1h,2021-11-18 13:00:00,285.67978,285.8999
Oklaj,Potomje_2025-03-11_16-50_tf_1h,2021-11-18 14:00:00,285.3362,285.4835
Oklaj,Potomje_2025-03-11_16-50_tf_1h,2021-11-18 15:00:00,284.82693,285.01413
Oklaj,Potomje_2025-03-11_16-50_tf_1h,2021-11-18 16:00:00,284.02975,284.42548
Oklaj,Potomje_2025-03-11_16-50_tf_1h,2021-11-18 17:00:00,283.03006,283.5062
Oklaj,Potomje_2025-03-11_16-50_tf_1h,2021-11-18 18:00:00,282.2988,282.45117
Oklaj,Potomje_2025-03-11_16-50_tf_1h,2021-11-18 19:00:00,281.61084,281.87167
Oklaj,Potomje_2025-03-11_16-50_tf_1h,2021-11-18 20:00:00,281.8902,281.22147
Oklaj,Potomje_2025-03-11_16-50_tf_1h,2021-11-18 21:00:00,281.25494,281.91556
Oklaj,Potomje_2025-03-11_16-50_tf_1h,2021-11-18 22:00:00,280.62524,280.8813
Oklaj,Potomje_2025-03-11_16-50_tf_1h,2021-11-18 23:00:00,280.0559,280.27792
Oklaj,Potomje_2025-03-11_16-50_tf_1h,2021-11-19 00:00:00,279.42328,279.71747
Oklaj,Potomje_2025-03-11_16-50_tf_1h,2021-11-19 01:00:00,278.91223,279.07278
Oklaj,Potomje_2025-03-11_16-50_tf_1h,2021-11-19 02:00:00,278.36322,278.67532
Oklaj,Potomje_2025-03-11_16-50_tf_1h,2021-11-19 03:00:00,277.9811,278.1846
Oklaj,Potomje_2025-03-11_16-50_tf_1h,2021-11-19 04:00:00,277.76947,278.0557
Oklaj,Potomje_2025-03-11_16-50_tf_1h,2021-11-19 05:00:00,277.52365,278.26663
Oklaj,Potomje_2025-03-11_16-50_tf_1h,2021-11-19 06:00:00,277.3641,278.36694
Oklaj,Potomje_2025-03-11_16-50_tf_1h,2021-11-19 07:00:00,277.21896,278.36438
Oklaj,Potomje_2025-03-11_16-50_tf_1h,2021-11-19 08:00:00,277.86395,277.80325
Oklaj,Potomje_2025-03-11_16-50_tf_1h,2021-11-19 09:00:00,279.71945,278.85092
Oklaj,Potomje_2025-03-11_16-50_tf_1h,2021-11-19 10:00:00,282.39447,281.2041
Oklaj,Potomje_2025-03-11_16-50_tf_1h,2021-11-19 11:00:00,284.6883,284.1165
Oklaj,Potomje_2025-03-11_16-50_tf_1h,2021-11-19 12:00:00,286.36154,286.00217
Oklaj,Potomje_2025-03-11_16-50_tf_1h,2021-11-19 13:00:00,287.3342,287.26556
Oklaj,Potomje_2025-03-11_16-50_tf_1h,2021-11-19 14:00:00,287.71042,287.7666
Oklaj,Potomje_2025-03-11_16-50_tf_1h,2021-11-19 15:00:00,287.30005,287.77573
Oklaj,Potomje_2025-03-11_16-50_tf_1h,2021-11-19 16:00:00,286.01477,286.93198
Oklaj,Potomje_2025-03-11_16-50_tf_1h,2021-11-19 17:00:00,284.40805,285.2476
Oklaj,Potomje_2025-03-11_16-50_tf_1h,2021-11-19 18:00:00,283.0798,283.5509
Oklaj,Potomje_2025-03-11_16-50_tf_1h,2021-11-19 19:00:00,281.9794,282.33954
Oklaj,Potomje_2025-03-11_16-50_tf_1h,2021-11-19 20:00:00,281.16867,281.31613
Oklaj,Potomje_2025-03-11_16-50_tf_1h,2021-11-19 21:00:00,280.40918,280.624
Oklaj,Potomje_2025-03-11_16-50_tf_1h,2021-11-19 22:00:00,279.72473,279.91858
Oklaj,Potomje_2025-03-11_16-50_tf_1h,2021-11-19 23:00:00,279.31378,279.29224
Oklaj,Potomje_2025-03-11_16-50_tf_1h,2021-11-20 00:00:00,279.0359,279.00192
Oklaj,Potomje_2025-03-11_16-50_tf_1h,2021-11-20 01:00:00,278.84866,278.7885
Oklaj,Potomje_2025-03-11_16-50_tf_1h,2021-11-20 02:00:00,278.80008,278.63614
Oklaj,Potomje_2025-03-11_16-50_tf_1h,2021-11-20 03:00:00,278.69058,278.6642
Oklaj,Potomje_2025-03-11_16-50_tf_1h,2021-11-20 04:00:00,278.6935,278.59634
Oklaj,Potomje_2025-03-11_16-50_tf_1h,2021-11-20 05:00:00,278.63287,278.83948
Oklaj,Potomje_2025-03-11_16-50_tf_1h,2021-11-20 06:00:00,278.5852,279.07504
Oklaj,Potomje_2025-03-11_16-50_tf_1h,2021-11-20 07:00:00,278.58636,279.62155
Oklaj,Potomje_2025-03-11_16-50_tf_1h,2021-11-20 08:00:00,279.6164,279.97168
Oklaj,Potomje_2025-03-11_16-50_tf_1h,2021-11-20 09:00:00,282.9953,281.12967
Oklaj,Potomje_2025-03-11_16-50_tf_1h,2021-11-20 10:00:00,286.81342,285.14966
Oklaj,Potomje_2025-03-11_16-50_tf_1h,2021-11-20 11:00:00,289.15698,288.787
Oklaj,Potomje_2025-03-11_16-50_tf_1h,2021-11-20 12:00:00,290.3666,290.21677
Oklaj,Potomje_2025-03-11_16-50_tf_1h,2021-11-20 13:00:00,290.8759,290.78412
Oklaj,Potomje_2025-03-11_16-50_tf_1h,2021-11-20 14:00:00,290.92035,290.854
Oklaj,Potomje_2025-03-11_16-50_tf_1h,2021-11-20 15:00:00,290.23032,290.5848
Oklaj,Potomje_2025-03-11_16-50_tf_1h,2021-11-20 16:00:00,288.47726,289.57755
Oklaj,Potomje_2025-03-11_16-50_tf_1h,2021-11-20 17:00:00,285.8976,287.5194
Oklaj,Potomje_2025-03-11_16-50_tf_1h,2021-11-20 18:00:00,283.6653,284.79477
Oklaj,Potomje_2025-03-11_16-50_tf_1h,2021-11-20 19:00:00,281.9279,282.78174
Oklaj,Potomje_2025-03-11_16-50_tf_1h,2021-11-20 20:00:00,280.9635,281.2318
Oklaj,Potomje_2025-03-11_16-50_tf_1h,2021-11-20 21:00:00,280.0474,280.44217
Oklaj,Potomje_2025-03-11_16-50_tf_1h,2021-11-20 22:00:00,279.28494,279.562
Oklaj,Potomje_2025-03-11_16-50_tf_1h,2021-11-20 23:00:00,278.76535,278.85028
Oklaj,Potomje_2025-03-11_16-50_tf_1h,2021-11-21 00:00:00,278.3738,278.40668
Oklaj,Potomje_2025-03-11_16-50_tf_1h,2021-11-21 01:00:00,278.1018,278.05133
Oklaj,Potomje_2025-03-11_16-50_tf_1h,2021-11-21 02:00:00,278.17688,277.79453
Oklaj,Potomje_2025-03-11_16-50_tf_1h,2021-11-21 03:00:00,278.24283,278.04816
Oklaj,Potomje_2025-03-11_16-50_tf_1h,2021-11-21 04:00:00,278.27756,278.2154
Oklaj,Potomje_2025-03-11_16-50_tf_1h,2021-11-21 05:00:00,278.4421,278.50107
Oklaj,Potomje_2025-03-11_16-50_tf_1h,2021-11-21 06:00:00,278.6058,279.29517
Oklaj,Potomje_2025-03-11_16-50_tf_1h,2021-11-21 07:00:00,278.6264,280.14758
Oklaj,Potomje_2025-03-11_16-50_tf_1h,2021-11-21 08:00:00,279.1819,279.95023
Oklaj,Potomje_2025-03-11_16-50_tf_1h,2021-11-21 09:00:00,282.91907,280.1388
Oklaj,Potomje_2025-03-11_16-50_tf_1h,2021-11-21 10:00:00,286.7831,285.3148
Oklaj,Potomje_2025-03-11_16-50_tf_1h,2021-11-21 11:00:00,288.01422,288.8316
Oklaj,Potomje_2025-03-11_16-50_tf_1h,2021-11-21 12:00:00,288.5073,288.4993
Oklaj,Potomje_2025-03-11_16-50_tf_1h,2021-11-21 13:00:00,288.5753,288.611
Oklaj,Potomje_2025-03-11_16-50_tf_1h,2021-11-21 14:00:00,288.42044,288.3071
Oklaj,Potomje_2025-03-11_16-50_tf_1h,2021-11-21 15:00:00,287.97595,287.9989
Oklaj,Potomje_2025-03-11_16-50_tf_1h,2021-11-21 16:00:00,286.85522,287.40665
Oklaj,Potomje_2025-03-11_16-50_tf_1h,2021-11-21 17:00:00,285.69095,286.05515
Oklaj,Potomje_2025-03-11_16-50_tf_1h,2021-11-21 18:00:00,284.49576,284.94727
Oklaj,Potomje_2025-03-11_16-50_tf_1h,2021-11-21 19:00:00,283.84314,283.787
Oklaj,Potomje_2025-03-11_16-50_tf_1h,2021-11-21 20:00:00,283.7566,283.30237
Oklaj,Potomje_2025-03-11_16-50_tf_1h,2021-11-21 21:00:00,283.8814,283.3857
Oklaj,Potomje_2025-03-11_16-50_tf_1h,2021-11-21 22:00:00,283.86578,283.6026
Oklaj,Potomje_2025-03-11_16-50_tf_1h,2021-11-21 23:00:00,283.59763,283.5801
Oklaj,Potomje_2025-03-11_16-50_tf_1h,2021-11-22 00:00:00,283.5882,283.262
Oklaj,Potomje_2025-03-11_16-50_tf_1h,2021-11-22 01:00:00,283.42804,283.35455
Oklaj,Potomje_2025-03-11_16-50_tf_1h,2021-11-22 02:00:00,283.52725,283.12097
Oklaj,Potomje_2025-03-11_16-50_tf_1h,2021-11-22 03:00:00,283.37418,283.3143
Oklaj,Potomje_2025-03-11_16-50_tf_1h,2021-11-22 04:00:00,283.45602,283.05856
Oklaj,Potomje_2025-03-11_16-50_tf_1h,2021-11-22 05:00:00,283.6347,283.35522
Oklaj,Potomje_2025-03-11_16-50_tf_1h,2021-11-22 06:00:00,283.5099,283.77975
Oklaj,Potomje_2025-03-11_16-50_tf_1h,2021-11-22 07:00:00,283.5502,283.96213
Oklaj,Potomje_2025-03-11_16-50_tf_1h,2021-11-22 08:00:00,283.35358,284.67307
Oklaj,Potomje_2025-03-11_16-50_tf_1h,2021-11-22 09:00:00,284.8493,283.5609
Oklaj,Potomje_2025-03-11_16-50_tf_1h,2021-11-22 10:00:00,286.0486,285.78726
Oklaj,Potomje_2025-03-11_16-50_tf_1h,2021-11-22 11:00:00,286.56497,286.5734
Oklaj,Potomje_2025-03-11_16-50_tf_1h,2021-11-22 12:00:00,287.17258,286.7348
Oklaj,Potomje_2025-03-11_16-50_tf_1h,2021-11-22 13:00:00,287.31506,287.38568
Oklaj,Potomje_2025-03-11_16-50_tf_1h,2021-11-22 14:00:00,287.10104,287.19992
Oklaj,Potomje_2025-03-11_16-50_tf_1h,2021-11-22 15:00:00,286.2544,286.81442
Oklaj,Potomje_2025-03-11_16-50_tf_1h,2021-11-22 16:00:00,285.00653,285.70154
Oklaj,Potomje_2025-03-11_16-50_tf_1h,2021-11-22 17:00:00,284.0168,284.3653
Oklaj,Potomje_2025-03-11_16-50_tf_1h,2021-11-22 18:00:00,283.29175,283.5035
Oklaj,Potomje_2025-03-11_16-50_tf_1h,2021-11-22 19:00:00,282.42715,282.8737
Oklaj,Potomje_2025-03-11_16-50_tf_1h,2021-11-22 20:00:00,282.1269,281.96597
Oklaj,Potomje_2025-03-11_16-50_tf_1h,2021-11-22 21:00:00,281.31293,281.88303
Oklaj,Potomje_2025-03-11_16-50_tf_1h,2021-11-22 22:00:00,280.85986,280.88666
Oklaj,Potomje_2025-03-11_16-50_tf_1h,2021-11-22 23:00:00,280.41122,280.57037
Oklaj,Potomje_2025-03-11_16-50_tf_1h,2021-11-23 00:00:00,279.94345,280.10452
Oklaj,Potomje_2025-03-11_16-50_tf_1h,2021-11-23 01:00:00,279.73682,279.661
Oklaj,Potomje_2025-03-11_16-50_tf_1h,2021-11-23 02:00:00,279.28464,279.66156
Oklaj,Potomje_2025-03-11_16-50_tf_1h,2021-11-23 03:00:00,279.1519,279.18835
Oklaj,Potomje_2025-03-11_16-50_tf_1h,2021-11-23 04:00:00,279.16953,279.48633
Oklaj,Potomje_2025-03-11_16-50_tf_1h,2021-11-23 05:00:00,279.18015,279.86566
Oklaj,Potomje_2025-03-11_16-50_tf_1h,2021-11-23 06:00:00,279.2019,280.1562
Oklaj,Potomje_2025-03-11_16-50_tf_1h,2021-11-23 07:00:00,279.20367,280.08276
Oklaj,Potomje_2025-03-11_16-50_tf_1h,2021-11-23 08:00:00,279.9788,279.74362
Oklaj,Potomje_2025-03-11_16-50_tf_1h,2021-11-23 09:00:00,280.7889,280.83688
Oklaj,Potomje_2025-03-11_16-50_tf_1h,2021-11-23 10:00:00,281.85605,281.43808
Oklaj,Potomje_2025-03-11_16-50_tf_1h,2021-11-23 11:00:00,282.75626,282.63586
Oklaj,Potomje_2025-03-11_16-50_tf_1h,2021-11-23 12:00:00,283.03445,283.33246
Oklaj,Potomje_2025-03-11_16-50_tf_1h,2021-11-23 13:00:00,283.31558,283.1781
Oklaj,Potomje_2025-03-11_16-50_tf_1h,2021-11-23 14:00:00,283.22052,283.47916
Oklaj,Potomje_2025-03-11_16-50_tf_1h,2021-11-23 15:00:00,282.77277,283.1004
Oklaj,Potomje_2025-03-11_16-50_tf_1h,2021-11-23 16:00:00,281.98383,282.4782
Oklaj,Potomje_2025-03-11_16-50_tf_1h,2021-11-23 17:00:00,281.1363,281.51813
Oklaj,Potomje_2025-03-11_16-50_tf_1h,2021-11-23 18:00:00,280.60757,280.6546
Oklaj,Potomje_2025-03-11_16-50_tf_1h,2021-11-23 19:00:00,280.24225,280.30045
Oklaj,Potomje_2025-03-11_16-50_tf_1h,2021-11-23 20:00:00,280.5228,280.0009
Oklaj,Potomje_2025-03-11_16-50_tf_1h,2021-11-23 21:00:00,280.2411,280.62177
Oklaj,Potomje_2025-03-11_16-50_tf_1h,2021-11-23 22:00:00,280.01175,280.04373
Oklaj,Potomje_2025-03-11_16-50_tf_1h,2021-11-23 23:00:00,279.67676,279.89612
Oklaj,Potomje_2025-03-11_16-50_tf_1h,2021-11-24 00:00:00,279.29642,279.49194
Oklaj,Potomje_2025-03-11_16-50_tf_1h,2021-11-24 01:00:00,278.93845,279.12143
Oklaj,Potomje_2025-03-11_16-50_tf_1h,2021-11-24 02:00:00,278.76093,278.82803
Oklaj,Potomje_2025-03-11_16-50_tf_1h,2021-11-24 03:00:00,278.47186,278.8351
Oklaj,Potomje_2025-03-11_16-50_tf_1h,2021-11-24 04:00:00,278.249,278.575
Oklaj,Potomje_2025-03-11_16-50_tf_1h,2021-11-24 05:00:00,277.97083,278.5949
Oklaj,Potomje_2025-03-11_16-50_tf_1h,2021-11-24 06:00:00,277.74268,278.4614
Oklaj,Potomje_2025-03-11_16-50_tf_1h,2021-11-24 07:00:00,277.53925,278.3934
Oklaj,Potomje_2025-03-11_16-50_tf_1h,2021-11-24 08:00:00,278.56104,278.0554
Oklaj,Potomje_2025-03-11_16-50_tf_1h,2021-11-24 09:00:00,279.97083,279.77377
Oklaj,Potomje_2025-03-11_16-50_tf_1h,2021-11-24 10:00:00,281.35944,281.11783
Oklaj,Potomje_2025-03-11_16-50_tf_1h,2021-11-24 11:00:00,282.6088,282.36374
Oklaj,Potomje_2025-03-11_16-50_tf_1h,2021-11-24 12:00:00,283.57907,283.4457
Oklaj,Potomje_2025-03-11_16-50_tf_1h,2021-11-24 13:00:00,284.22964,284.17026
Oklaj,Potomje_2025-03-11_16-50_tf_1h,2021-11-24 14:00:00,284.52286,284.5868
Oklaj,Potomje_2025-03-11_16-50_tf_1h,2021-11-24 15:00:00,284.37595,284.64426
Oklaj,Potomje_2025-03-11_16-50_tf_1h,2021-11-24 16:00:00,283.54315,284.24432
Oklaj,Potomje_2025-03-11_16-50_tf_1h,2021-11-24 17:00:00,281.9108,283.05707
Oklaj,Potomje_2025-03-11_16-50_tf_1h,2021-11-24 18:00:00,280.43332,281.0519
Oklaj,Potomje_2025-03-11_16-50_tf_1h,2021-11-24 19:00:00,279.4327,279.72003
Oklaj,Potomje_2025-03-11_16-50_tf_1h,2021-11-24 20:00:00,278.65643,278.91647
Oklaj,Potomje_2025-03-11_16-50_tf_1h,2021-11-24 21:00:00,278.92902,278.23352
Oklaj,Potomje_2025-03-11_16-50_tf_1h,2021-11-24 22:00:00,279.2617,279.02747
Oklaj,Potomje_2025-03-11_16-50_tf_1h,2021-11-24 23:00:00,278.78214,279.36624
Oklaj,Potomje_2025-03-11_16-50_tf_1h,2021-11-25 00:00:00,278.42416,278.48514
Oklaj,Potomje_2025-03-11_16-50_tf_1h,2021-11-25 01:00:00,278.36145,278.25714
Oklaj,Potomje_2025-03-11_16-50_tf_1h,2021-11-25 02:00:00,279.07886,278.3661
Oklaj,Potomje_2025-03-11_16-50_tf_1h,2021-11-25 03:00:00,280.282,279.59058
Oklaj,Potomje_2025-03-11_16-50_tf_1h,2021-11-25 04:00:00,280.69824,281.17773
Oklaj,Potomje_2025-03-11_16-50_tf_1h,2021-11-25 05:00:00,280.74564,281.2817
Oklaj,Potomje_2025-03-11_16-50_tf_1h,2021-11-25 06:00:00,281.20166,281.49582
Oklaj,Potomje_2025-03-11_16-50_tf_1h,2021-11-25 07:00:00,282.05447,282.3416
Oklaj,Potomje_2025-03-11_16-50_tf_1h,2021-11-25 08:00:00,282.07565,283.08212
Oklaj,Potomje_2025-03-11_16-50_tf_1h,2021-11-25 09:00:00,284.04596,282.33215
Oklaj,Potomje_2025-03-11_16-50_tf_1h,2021-11-25 10:00:00,285.3536,285.36432
Oklaj,Potomje_2025-03-11_16-50_tf_1h,2021-11-25 11:00:00,286.19434,285.9272
Oklaj,Potomje_2025-03-11_16-50_tf_1h,2021-11-25 12:00:00,286.48254,286.51358
Oklaj,Potomje_2025-03-11_16-50_tf_1h,2021-11-25 13:00:00,286.30887,286.43414
Oklaj,Potomje_2025-03-11_16-50_tf_1h,2021-11-25 14:00:00,285.97092,286.01202
Oklaj,Potomje_2025-03-11_16-50_tf_1h,2021-11-25 15:00:00,285.5164,285.57864
Oklaj,Potomje_2025-03-11_16-50_tf_1h,2021-11-25 16:00:00,284.96677,285.0767
Oklaj,Potomje_2025-03-11_16-50_tf_1h,2021-11-25 17:00:00,284.48663,284.515
Oklaj,Potomje_2025-03-11_16-50_tf_1h,2021-11-25 18:00:00,284.47162,284.08038
Oklaj,Potomje_2025-03-11_16-50_tf_1h,2021-11-25 19:00:00,284.36713,284.23926
Oklaj,Potomje_2025-03-11_16-50_tf_1h,2021-11-25 20:00:00,284.39685,284.1102
Oklaj,Potomje_2025-03-11_16-50_tf_1h,2021-11-25 21:00:00,284.37714,284.18805
Oklaj,Potomje_2025-03-11_16-50_tf_1h,2021-11-25 22:00:00,284.00238,284.16107
Oklaj,Potomje_2025-03-11_16-50_tf_1h,2021-11-25 23:00:00,284.04977,283.66446
Oklaj,Potomje_2025-03-11_16-50_tf_1h,2021-11-26 00:00:00,283.9859,283.86218
Oklaj,Potomje_2025-03-11_16-50_tf_1h,2021-11-26 01:00:00,283.82193,283.75568
Oklaj,Potomje_2025-03-11_16-50_tf_1h,2021-11-26 02:00:00,283.52255,283.57672
Oklaj,Potomje_2025-03-11_16-50_tf_1h,2021-11-26 03:00:00,283.2732,283.2345
Oklaj,Potomje_2025-03-11_16-50_tf_1h,2021-11-26 04:00:00,282.9529,283.06363
Oklaj,Potomje_2025-03-11_16-50_tf_1h,2021-11-26 05:00:00,282.93143,282.82477
Oklaj,Potomje_2025-03-11_16-50_tf_1h,2021-11-26 06:00:00,283.1419,283.18533
Oklaj,Potomje_2025-03-11_16-50_tf_1h,2021-11-26 07:00:00,282.85754,283.62775
Oklaj,Potomje_2025-03-11_16-50_tf_1h,2021-11-26 08:00:00,283.0421,283.00543
Oklaj,Potomje_2025-03-11_16-50_tf_1h,2021-11-26 09:00:00,283.29556,283.29587
Oklaj,Potomje_2025-03-11_16-50_tf_1h,2021-11-26 10:00:00,283.79367,283.49796
Oklaj,Potomje_2025-03-11_16-50_tf_1h,2021-11-26 11:00:00,284.29913,284.11386
Oklaj,Potomje_2025-03-11_16-50_tf_1h,2021-11-26 12:00:00,283.9382,284.57184
Oklaj,Potomje_2025-03-11_16-50_tf_1h,2021-11-26 13:00:00,284.23996,283.73465
Oklaj,Potomje_2025-03-11_16-50_tf_1h,2021-11-26 14:00:00,283.96088,284.4356
Oklaj,Potomje_2025-03-11_16-50_tf_1h,2021-11-26 15:00:00,283.5511,283.7809
Oklaj,Potomje_2025-03-11_16-50_tf_1h,2021-11-26 16:00:00,282.77835,283.3695
Oklaj,Potomje_2025-03-11_16-50_tf_1h,2021-11-26 17:00:00,281.57492,282.41614
Oklaj,Potomje_2025-03-11_16-50_tf_1h,2021-11-26 18:00:00,281.12982,281.03323
Oklaj,Potomje_2025-03-11_16-50_tf_1h,2021-11-26 19:00:00,281.38092,280.96796
Oklaj,Potomje_2025-03-11_16-50_tf_1h,2021-11-26 20:00:00,281.1928,281.5022
Oklaj,Potomje_2025-03-11_16-50_tf_1h,2021-11-26 21:00:00,281.06033,281.0816
Oklaj,Potomje_2025-03-11_16-50_tf_1h,2021-11-26 22:00:00,281.02237,281.0282
Oklaj,Potomje_2025-03-11_16-50_tf_1h,2021-11-26 23:00:00,281.01825,281.0216
Oklaj,Potomje_2025-03-11_16-50_tf_1h,2021-11-27 00:00:00,281.07596,281.04315
Oklaj,Potomje_2025-03-11_16-50_tf_1h,2021-11-27 01:00:00,281.078,281.16003
Oklaj,Potomje_2025-03-11_16-50_tf_1h,2021-11-27 02:00:00,281.22018,281.16443
Oklaj,Potomje_2025-03-11_16-50_tf_1h,2021-11-27 03:00:00,281.0624,281.4297
Oklaj,Potomje_2025-03-11_16-50_tf_1h,2021-11-27 04:00:00,281.14984,281.14365
Oklaj,Potomje_2025-03-11_16-50_tf_1h,2021-11-27 05:00:00,280.738,281.4239
Oklaj,Potomje_2025-03-11_16-50_tf_1h,2021-11-27 06:00:00,280.61612,280.71143
Oklaj,Potomje_2025-03-11_16-50_tf_1h,2021-11-27 07:00:00,280.6158,280.837
Oklaj,Potomje_2025-03-11_16-50_tf_1h,2021-11-27 08:00:00,281.05682,280.84122
Oklaj,Potomje_2025-03-11_16-50_tf_1h,2021-11-27 09:00:00,282.00824,281.5029
Oklaj,Potomje_2025-03-11_16-50_tf_1h,2021-11-27 10:00:00,282.9585,282.63925
Oklaj,Potomje_2025-03-11_16-50_tf_1h,2021-11-27 11:00:00,283.68002,283.48724
Oklaj,Potomje_2025-03-11_16-50_tf_1h,2021-11-27 12:00:00,284.6727,284.04138
Oklaj,Potomje_2025-03-11_16-50_tf_1h,2021-11-27 13:00:00,284.60587,285.12064
Oklaj,Potomje_2025-03-11_16-50_tf_1h,2021-11-27 14:00:00,283.99622,284.47137
Oklaj,Potomje_2025-03-11_16-50_tf_1h,2021-11-27 15:00:00,283.76718,283.65497
Oklaj,Potomje_2025-03-11_16-50_tf_1h,2021-11-27 16:00:00,283.3774,283.6111
Oklaj,Potomje_2025-03-11_16-50_tf_1h,2021-11-27 17:00:00,282.9223,283.12604
Oklaj,Potomje_2025-03-11_16-50_tf_1h,2021-11-27 18:00:00,282.85165,282.6615
Oklaj,Potomje_2025-03-11_16-50_tf_1h,2021-11-27 19:00:00,282.74478,282.75357
Oklaj,Potomje_2025-03-11_16-50_tf_1h,2021-11-27 20:00:00,281.80188,282.6099
Oklaj,Potomje_2025-03-11_16-50_tf_1h,2021-11-27 21:00:00,281.12598,281.31073
Oklaj,Potomje_2025-03-11_16-50_tf_1h,2021-11-27 22:00:00,280.6691,280.78314
Oklaj,Potomje_2025-03-11_16-50_tf_1h,2021-11-27 23:00:00,280.97556,280.39557
Oklaj,Potomje_2025-03-11_16-50_tf_1h,2021-11-28 00:00:00,280.29938,281.0554
Oklaj,Potomje_2025-03-11_16-50_tf_1h,2021-11-28 01:00:00,280.37003,279.87704
Oklaj,Potomje_2025-03-11_16-50_tf_1h,2021-11-28 02:00:00,280.1192,280.415
Oklaj,Potomje_2025-03-11_16-50_tf_1h,2021-11-28 03:00:00,280.62143,279.9784
Oklaj,Potomje_2025-03-11_16-50_tf_1h,2021-11-28 04:00:00,280.7745,281.02393
Oklaj,Potomje_2025-03-11_16-50_tf_1h,2021-11-28 05:00:00,281.84988,281.08005
Oklaj,Potomje_2025-03-11_16-50_tf_1h,2021-11-28 06:00:00,282.69034,282.9546
Oklaj,Potomje_2025-03-11_16-50_tf_1h,2021-11-28 07:00:00,283.23257,283.63538
Oklaj,Potomje_2025-03-11_16-50_tf_1h,2021-11-28 08:00:00,283.70447,283.9689
Oklaj,Potomje_2025-03-11_16-50_tf_1h,2021-11-28 09:00:00,284.17105,284.18307
Oklaj,Potomje_2025-03-11_16-50_tf_1h,2021-11-28 10:00:00,284.0533,284.51633
Oklaj,Potomje_2025-03-11_16-50_tf_1h,2021-11-28 11:00:00,284.0966,283.992
Oklaj,Potomje_2025-03-11_16-50_tf_1h,2021-11-28 12:00:00,284.11365,284.09796
Oklaj,Potomje_2025-03-11_16-50_tf_1h,2021-11-28 13:00:00,283.69064,284.03833
Oklaj,Potomje_2025-03-11_16-50_tf_1h,2021-11-28 14:00:00,283.28528,283.38977
Oklaj,Potomje_2025-03-11_16-50_tf_1h,2021-11-28 15:00:00,282.88168,282.99115
Oklaj,Potomje_2025-03-11_16-50_tf_1h,2021-11-28 16:00:00,282.64087,282.5699
Oklaj,Potomje_2025-03-11_16-50_tf_1h,2021-11-28 17:00:00,282.16162,282.3973
Oklaj,Potomje_2025-03-11_16-50_tf_1h,2021-11-28 18:00:00,281.72565,281.81546
Oklaj,Potomje_2025-03-11_16-50_tf_1h,2021-11-28 19:00:00,281.30115,281.4183
Oklaj,Potomje_2025-03-11_16-50_tf_1h,2021-11-28 20:00:00,280.70386,281.01712
Oklaj,Potomje_2025-03-11_16-50_tf_1h,2021-11-28 21:00:00,280.38828,280.34525
Oklaj,Potomje_2025-03-11_16-50_tf_1h,2021-11-28 22:00:00,279.38,280.17407
Oklaj,Potomje_2025-03-11_16-50_tf_1h,2021-11-28 23:00:00,279.25372,278.83173
Oklaj,Potomje_2025-03-11_16-50_tf_1h,2021-11-29 00:00:00,278.65848,279.3079
Oklaj,Potomje_2025-03-11_16-50_tf_1h,2021-11-29 01:00:00,277.8772,278.49252
Oklaj,Potomje_2025-03-11_16-50_tf_1h,2021-11-29 02:00:00,276.76593,277.94565
Oklaj,Potomje_2025-03-11_16-50_tf_1h,2021-11-29 03:00:00,275.2487,276.80585
Oklaj,Potomje_2025-03-11_16-50_tf_1h,2021-11-29 04:00:00,274.6876,275.22412
Oklaj,Potomje_2025-03-11_16-50_tf_1h,2021-11-29 05:00:00,274.5622,275.2529
Oklaj,Potomje_2025-03-11_16-50_tf_1h,2021-11-29 06:00:00,274.36407,275.1785
Oklaj,Potomje_2025-03-11_16-50_tf_1h,2021-11-29 07:00:00,273.95486,274.92062
Oklaj,Potomje_2025-03-11_16-50_tf_1h,2021-11-29 08:00:00,274.8074,274.3707
Oklaj,Potomje_2025-03-11_16-50_tf_1h,2021-11-29 09:00:00,277.43356,276.1638
Oklaj,Potomje_2025-03-11_16-50_tf_1h,2021-11-29 10:00:00,279.60904,279.647
Oklaj,Potomje_2025-03-11_16-50_tf_1h,2021-11-29 11:00:00,280.8634,281.16437
Oklaj,Potomje_2025-03-11_16-50_tf_1h,2021-11-29 12:00:00,281.4513,281.87885
Oklaj,Potomje_2025-03-11_16-50_tf_1h,2021-11-29 13:00:00,281.5917,282.02426
Oklaj,Potomje_2025-03-11_16-50_tf_1h,2021-11-29 14:00:00,281.05505,281.8581
Oklaj,Potomje_2025-03-11_16-50_tf_1h,2021-11-29 15:00:00,280.32822,280.8291
Oklaj,Potomje_2025-03-11_16-50_tf_1h,2021-11-29 16:00:00,279.29788,279.98645
Oklaj,Potomje_2025-03-11_16-50_tf_1h,2021-11-29 17:00:00,278.2864,278.73206
Oklaj,Potomje_2025-03-11_16-50_tf_1h,2021-11-29 18:00:00,277.57812,277.75217
Oklaj,Potomje_2025-03-11_16-50_tf_1h,2021-11-29 19:00:00,277.0453,277.2173
Oklaj,Potomje_2025-03-11_16-50_tf_1h,2021-11-29 20:00:00,276.49628,276.77463
Oklaj,Potomje_2025-03-11_16-50_tf_1h,2021-11-29 21:00:00,276.20187,276.22635
Oklaj,Potomje_2025-03-11_16-50_tf_1h,2021-11-29 22:00:00,276.03232,276.12192
Oklaj,Potomje_2025-03-11_16-50_tf_1h,2021-11-29 23:00:00,275.9037,276.0322
Oklaj,Potomje_2025-03-11_16-50_tf_1h,2021-11-30 00:00:00,275.7927,275.98837
Oklaj,Potomje_2025-03-11_16-50_tf_1h,2021-11-30 01:00:00,275.72736,275.9238
Oklaj,Potomje_2025-03-11_16-50_tf_1h,2021-11-30 02:00:00,275.66965,275.94965
Oklaj,Potomje_2025-03-11_16-50_tf_1h,2021-11-30 03:00:00,275.40323,276.03433
Oklaj,Potomje_2025-03-11_16-50_tf_1h,2021-11-30 04:00:00,275.1842,275.756
Oklaj,Potomje_2025-03-11_16-50_tf_1h,2021-11-30 05:00:00,274.9599,275.78708
Oklaj,Potomje_2025-03-11_16-50_tf_1h,2021-11-30 06:00:00,274.68347,275.768
Oklaj,Potomje_2025-03-11_16-50_tf_1h,2021-11-30 07:00:00,274.2793,275.5074
Oklaj,Potomje_2025-03-11_16-50_tf_1h,2021-11-30 08:00:00,274.27545,274.87723
Oklaj,Potomje_2025-03-11_16-50_tf_1h,2021-11-30 09:00:00,275.5772,275.02414
Oklaj,Potomje_2025-03-11_16-50_tf_1h,2021-11-30 10:00:00,277.1392,277.03088
Oklaj,Potomje_2025-03-11_16-50_tf_1h,2021-11-30 11:00:00,278.2764,278.40332
Oklaj,Potomje_2025-03-11_16-50_tf_1h,2021-11-30 12:00:00,279.0995,279.19666
Oklaj,Potomje_2025-03-11_16-50_tf_1h,2021-11-30 13:00:00,279.627,279.81152
Oklaj,Potomje_2025-03-11_16-50_tf_1h,2021-11-30 14:00:00,279.78625,280.12393
Oklaj,Potomje_2025-03-11_16-50_tf_1h,2021-11-30 15:00:00,279.5537,280.01923
Oklaj,Potomje_2025-03-11_16-50_tf_1h,2021-11-30 16:00:00,278.8407,279.5408
Oklaj,Potomje_2025-03-11_16-50_tf_1h,2021-11-30 17:00:00,277.63168,278.54175
Oklaj,Potomje_2025-03-11_16-50_tf_1h,2021-11-30 18:00:00,277.82303,277.0644
Oklaj,Potomje_2025-03-11_16-50_tf_1h,2021-11-30 19:00:00,277.47803,278.24756
Oklaj,Potomje_2025-03-11_16-50_tf_1h,2021-11-30 20:00:00,278.05206,277.33734
Oklaj,Potomje_2025-03-11_16-50_tf_1h,2021-11-30 21:00:00,277.89987,278.72485
Oklaj,Potomje_2025-03-11_16-50_tf_1h,2021-11-30 22:00:00,278.26874,277.9038
Oklaj,Potomje_2025-03-11_16-50_tf_1h,2021-11-30 23:00:00,278.50864,278.80768
Oklaj,Potomje_2025-03-11_16-50_tf_1h,2021-12-01 00:00:00,278.63318,278.81458
Oklaj,Potomje_2025-03-11_16-50_tf_1h,2021-12-01 01:00:00,278.81308,278.92334
Oklaj,Potomje_2025-03-11_16-50_tf_1h,2021-12-01 02:00:00,278.10013,279.12173
Oklaj,Potomje_2025-03-11_16-50_tf_1h,2021-12-01 03:00:00,277.45438,277.8105
Oklaj,Potomje_2025-03-11_16-50_tf_1h,2021-12-01 04:00:00,276.1462,277.3508
Oklaj,Potomje_2025-03-11_16-50_tf_1h,2021-12-01 05:00:00,275.16812,275.58475
Oklaj,Potomje_2025-03-11_16-50_tf_1h,2021-12-01 06:00:00,274.7295,275.07495
Oklaj,Potomje_2025-03-11_16-50_tf_1h,2021-12-01 07:00:00,274.662,275.0932
Oklaj,Potomje_2025-03-11_16-50_tf_1h,2021-12-01 08:00:00,276.55356,275.40414
Oklaj,Potomje_2025-03-11_16-50_tf_1h,2021-12-01 09:00:00,278.8352,278.624
Oklaj,Potomje_2025-03-11_16-50_tf_1h,2021-12-01 10:00:00,281.6158,280.63235
Oklaj,Potomje_2025-03-11_16-50_tf_1h,2021-12-01 11:00:00,282.8941,283.6205
Oklaj,Potomje_2025-03-11_16-50_tf_1h,2021-12-01 12:00:00,282.96765,283.7392
Oklaj,Potomje_2025-03-11_16-50_tf_1h,2021-12-01 13:00:00,282.85562,283.16522
Oklaj,Potomje_2025-03-11_16-50_tf_1h,2021-12-01 14:00:00,282.73553,282.90106
Oklaj,Potomje_2025-03-11_16-50_tf_1h,2021-12-01 15:00:00,282.3305,282.70755
Oklaj,Potomje_2025-03-11_16-50_tf_1h,2021-12-01 16:00:00,281.62302,282.11737
Oklaj,Potomje_2025-03-11_16-50_tf_1h,2021-12-01 17:00:00,281.23032,281.2708
Oklaj,Potomje_2025-03-11_16-50_tf_1h,2021-12-01 18:00:00,281.36218,281.0701
Oklaj,Potomje_2025-03-11_16-50_tf_1h,2021-12-01 19:00:00,281.91486,281.4476
Oklaj,Potomje_2025-03-11_16-50_tf_1h,2021-12-01 20:00:00,282.38824,282.1726
Oklaj,Potomje_2025-03-11_16-50_tf_1h,2021-12-01 21:00:00,282.77747,282.56467
Oklaj,Potomje_2025-03-11_16-50_tf_1h,2021-12-01 22:00:00,282.9527,282.87567
Oklaj,Potomje_2025-03-11_16-50_tf_1h,2021-12-01 23:00:00,282.77576,282.88977
Oklaj,Potomje_2025-03-11_16-50_tf_1h,2021-12-02 00:00:00,282.5649,282.53015
Oklaj,Potomje_2025-03-11_16-50_tf_1h,2021-12-02 01:00:00,282.88318,282.31363
Oklaj,Potomje_2025-03-11_16-50_tf_1h,2021-12-02 02:00:00,283.1584,282.8794
Oklaj,Potomje_2025-03-11_16-50_tf_1h,2021-12-02 03:00:00,283.3106,283.1118
Oklaj,Potomje_2025-03-11_16-50_tf_1h,2021-12-02 04:00:00,283.53094,283.2424
Oklaj,Potomje_2025-03-11_16-50_tf_1h,2021-12-02 05:00:00,283.54962,283.57593
Oklaj,Potomje_2025-03-11_16-50_tf_1h,2021-12-02 06:00:00,283.29367,283.6133
Oklaj,Potomje_2025-03-11_16-50_tf_1h,2021-12-02 07:00:00,283.1739,283.51614
Oklaj,Potomje_2025-03-11_16-50_tf_1h,2021-12-02 08:00:00,283.3382,283.6103
Oklaj,Potomje_2025-03-11_16-50_tf_1h,2021-12-02 09:00:00,283.72168,283.53076
Oklaj,Potomje_2025-03-11_16-50_tf_1h,2021-12-02 10:00:00,283.99,283.8821
Oklaj,Potomje_2025-03-11_16-50_tf_1h,2021-12-02 11:00:00,284.59006,284.01312
Oklaj,Potomje_2025-03-11_16-50_tf_1h,2021-12-02 12:00:00,285.09476,284.74115
Oklaj,Potomje_2025-03-11_16-50_tf_1h,2021-12-02 13:00:00,284.91522,285.1709
Oklaj,Potomje_2025-03-11_16-50_tf_1h,2021-12-02 14:00:00,284.86295,284.71622
Oklaj,Potomje_2025-03-11_16-50_tf_1h,2021-12-02 15:00:00,285.07495,284.73578
Oklaj,Potomje_2025-03-11_16-50_tf_1h,2021-12-02 16:00:00,284.25912,285.04907
Oklaj,Potomje_2025-03-11_16-50_tf_1h,2021-12-02 17:00:00,283.65247,283.7991
Oklaj,Potomje_2025-03-11_16-50_tf_1h,2021-12-02 18:00:00,283.5795,283.33597
Oklaj,Potomje_2025-03-11_16-50_tf_1h,2021-12-02 19:00:00,283.94287,283.46344
Oklaj,Potomje_2025-03-11_16-50_tf_1h,2021-12-02 20:00:00,283.91702,283.98434
Oklaj,Potomje_2025-03-11_16-50_tf_1h,2021-12-02 21:00:00,283.79608,283.7837
Oklaj,Potomje_2025-03-11_16-50_tf_1h,2021-12-02 22:00:00,283.53354,283.64178
Oklaj,Potomje_2025-03-11_16-50_tf_1h,2021-12-02 23:00:00,283.42035,283.31833
Oklaj,Potomje_2025-03-11_16-50_tf_1h,2021-12-03 00:00:00,283.00586,283.28265
Oklaj,Potomje_2025-03-11_16-50_tf_1h,2021-12-03 01:00:00,282.17023,282.72235
Oklaj,Potomje_2025-03-11_16-50_tf_1h,2021-12-03 02:00:00,280.58603,281.713
Oklaj,Potomje_2025-03-11_16-50_tf_1h,2021-12-03 03:00:00,279.34653,279.83984
Oklaj,Potomje_2025-03-11_16-50_tf_1h,2021-12-03 04:00:00,278.5715,278.80618
Oklaj,Potomje_2025-03-11_16-50_tf_1h,2021-12-03 05:00:00,278.14523,278.2823
Oklaj,Potomje_2025-03-11_16-50_tf_1h,2021-12-03 06:00:00,277.94815,278.1226
Oklaj,Potomje_2025-03-11_16-50_tf_1h,2021-12-03 07:00:00,277.85422,278.19006
Oklaj,Potomje_2025-03-11_16-50_tf_1h,2021-12-03 08:00:00,278.08087,278.25842
Oklaj,Potomje_2025-03-11_16-50_tf_1h,2021-12-03 09:00:00,278.76425,278.7457
Oklaj,Potomje_2025-03-11_16-50_tf_1h,2021-12-03 10:00:00,279.66507,279.6923
Oklaj,Potomje_2025-03-11_16-50_tf_1h,2021-12-03 11:00:00,280.32202,280.63617
Oklaj,Potomje_2025-03-11_16-50_tf_1h,2021-12-03 12:00:00,280.38522,281.07483
Oklaj,Potomje_2025-03-11_16-50_tf_1h,2021-12-03 13:00:00,280.1922,280.75006
Oklaj,Potomje_2025-03-11_16-50_tf_1h,2021-12-03 14:00:00,279.85437,280.4035
Oklaj,Potomje_2025-03-11_16-50_tf_1h,2021-12-03 15:00:00,279.34134,279.93283
Oklaj,Potomje_2025-03-11_16-50_tf_1h,2021-12-03 16:00:00,278.58557,279.3085
Oklaj,Potomje_2025-03-11_16-50_tf_1h,2021-12-03 17:00:00,277.683,278.39597
Oklaj,Potomje_2025-03-11_16-50_tf_1h,2021-12-03 18:00:00,277.10077,277.39606
Oklaj,Potomje_2025-03-11_16-50_tf_1h,2021-12-03 19:00:00,276.58228,276.9965
Oklaj,Potomje_2025-03-11_16-50_tf_1h,2021-12-03 20:00:00,276.33926,276.45
Oklaj,Potomje_2025-03-11_16-50_tf_1h,2021-12-03 21:00:00,275.91296,276.3845
Oklaj,Potomje_2025-03-11_16-50_tf_1h,2021-12-03 22:00:00,275.45105,275.8253
Oklaj,Potomje_2025-03-11_16-50_tf_1h,2021-12-03 23:00:00,275.00812,275.4118
Oklaj,Potomje_2025-03-11_16-50_tf_1h,2021-12-04 00:00:00,274.52582,275.02176
Oklaj,Potomje_2025-03-11_16-50_tf_1h,2021-12-04 01:00:00,274.07196,274.58063
Oklaj,Potomje_2025-03-11_16-50_tf_1h,2021-12-04 02:00:00,273.6353,274.25974
Oklaj,Potomje_2025-03-11_16-50_tf_1h,2021-12-04 03:00:00,273.1987,273.9379
Oklaj,Potomje_2025-03-11_16-50_tf_1h,2021-12-04 04:00:00,272.79425,273.6013
Oklaj,Potomje_2025-03-11_16-50_tf_1h,2021-12-04 05:00:00,272.4501,273.30884
Oklaj,Potomje_2025-03-11_16-50_tf_1h,2021-12-04 06:00:00,272.0468,273.06708
Oklaj,Potomje_2025-03-11_16-50_tf_1h,2021-12-04 07:00:00,271.7725,272.62592
Oklaj,Potomje_2025-03-11_16-50_tf_1h,2021-12-04 08:00:00,272.0836,272.44687
Oklaj,Potomje_2025-03-11_16-50_tf_1h,2021-12-04 09:00:00,274.25293,273.10803
Oklaj,Potomje_2025-03-11_16-50_tf_1h,2021-12-04 10:00:00,277.01602,276.4778
Oklaj,Potomje_2025-03-11_16-50_tf_1h,2021-12-04 11:00:00,278.7433,279.10406
Oklaj,Potomje_2025-03-11_16-50_tf_1h,2021-12-04 12:00:00,279.48843,280.0074
Oklaj,Potomje_2025-03-11_16-50_tf_1h,2021-12-04 13:00:00,279.84174,280.1717
Oklaj,Potomje_2025-03-11_16-50_tf_1h,2021-12-04 14:00:00,279.75555,280.25806
Oklaj,Potomje_2025-03-11_16-50_tf_1h,2021-12-04 15:00:00,279.57346,279.8321
Oklaj,Potomje_2025-03-11_16-50_tf_1h,2021-12-04 16:00:00,278.87082,279.57565
Oklaj,Potomje_2025-03-11_16-50_tf_1h,2021-12-04 17:00:00,277.38715,278.4868
Oklaj,Potomje_2025-03-11_16-50_tf_1h,2021-12-04 18:00:00,276.54147,276.5502
Oklaj,Potomje_2025-03-11_16-50_tf_1h,2021-12-04 19:00:00,276.56934,276.24207
Oklaj,Potomje_2025-03-11_16-50_tf_1h,2021-12-04 20:00:00,278.30408,276.76413
Oklaj,Potomje_2025-03-11_16-50_tf_1h,2021-12-04 21:00:00,278.60397,279.59647
Oklaj,Potomje_2025-03-11_16-50_tf_1h,2021-12-04 22:00:00,278.83032,278.71805
Oklaj,Potomje_2025-03-11_16-50_tf_1h,2021-12-04 23:00:00,278.79785,279.2058
Oklaj,Potomje_2025-03-11_16-50_tf_1h,2021-12-05 00:00:00,278.7338,278.89542
Oklaj,Potomje_2025-03-11_16-50_tf_1h,2021-12-05 01:00:00,278.47556,278.8525
Oklaj,Potomje_2025-03-11_16-50_tf_1h,2021-12-05 02:00:00,278.93976,278.43103
Oklaj,Potomje_2025-03-11_16-50_tf_1h,2021-12-05 03:00:00,279.37753,279.40146
Oklaj,Potomje_2025-03-11_16-50_tf_1h,2021-12-05 04:00:00,279.8205,279.73636
Oklaj,Potomje_2025-03-11_16-50_tf_1h,2021-12-05 05:00:00,280.1939,280.29102
Oklaj,Potomje_2025-03-11_16-50_tf_1h,2021-12-05 06:00:00,280.395,280.7299
Oklaj,Potomje_2025-03-11_16-50_tf_1h,2021-12-05 07:00:00,280.4059,280.98627
Oklaj,Potomje_2025-03-11_16-50_tf_1h,2021-12-05 08:00:00,280.6989,280.96112
Oklaj,Potomje_2025-03-11_16-50_tf_1h,2021-12-05 09:00:00,281.13812,281.26407
Oklaj,Potomje_2025-03-11_16-50_tf_1h,2021-12-05 10:00:00,281.50177,281.59064
Oklaj,Potomje_2025-03-11_16-50_tf_1h,2021-12-05 11:00:00,282.19348,281.7918
Oklaj,Potomje_2025-03-11_16-50_tf_1h,2021-12-05 12:00:00,283.08255,282.59152
Oklaj,Potomje_2025-03-11_16-50_tf_1h,2021-12-05 13:00:00,283.52377,283.48505
Oklaj,Potomje_2025-03-11_16-50_tf_1h,2021-12-05 14:00:00,283.2822,283.66122
Oklaj,Potomje_2025-03-11_16-50_tf_1h,2021-12-05 15:00:00,283.00327,283.09537
Oklaj,Potomje_2025-03-11_16-50_tf_1h,2021-12-05 16:00:00,282.01395,282.85324
Oklaj,Potomje_2025-03-11_16-50_tf_1h,2021-12-05 17:00:00,280.09308,281.4843
Oklaj,Potomje_2025-03-11_16-50_tf_1h,2021-12-05 18:00:00,279.39993,279.17047
Oklaj,Potomje_2025-03-11_16-50_tf_1h,2021-12-05 19:00:00,278.61374,279.17914
Oklaj,Potomje_2025-03-11_16-50_tf_1h,2021-12-05 20:00:00,278.45575,278.21234
Oklaj,Potomje_2025-03-11_16-50_tf_1h,2021-12-05 21:00:00,276.96146,278.4248
Oklaj,Potomje_2025-03-11_16-50_tf_1h,2021-12-05 22:00:00,276.0744,276.17157
Oklaj,Potomje_2025-03-11_16-50_tf_1h,2021-12-05 23:00:00,275.69696,275.8148
Oklaj,Potomje_2025-03-11_16-50_tf_1h,2021-12-06 00:00:00,275.7972,275.73636
Oklaj,Potomje_2025-03-11_16-50_tf_1h,2021-12-06 01:00:00,275.83224,276.33295
Oklaj,Potomje_2025-03-11_16-50_tf_1h,2021-12-06 02:00:00,275.87506,276.41425
Oklaj,Potomje_2025-03-11_16-50_tf_1h,2021-12-06 03:00:00,276.13876,276.6048
Oklaj,Potomje_2025-03-11_16-50_tf_1h,2021-12-06 04:00:00,275.88882,277.09106
Oklaj,Potomje_2025-03-11_16-50_tf_1h,2021-12-06 05:00:00,275.80927,276.48068
Oklaj,Potomje_2025-03-11_16-50_tf_1h,2021-12-06 06:00:00,275.88596,276.62695
Oklaj,Potomje_2025-03-11_16-50_tf_1h,2021-12-06 07:00:00,275.7139,276.65646
Oklaj,Potomje_2025-03-11_16-50_tf_1h,2021-12-06 08:00:00,276.49408,276.23767
Oklaj,Potomje_2025-03-11_16-50_tf_1h,2021-12-06 09:00:00,277.52246,277.64877
Oklaj,Potomje_2025-03-11_16-50_tf_1h,2021-12-06 10:00:00,278.62753,278.53003
Oklaj,Potomje_2025-03-11_16-50_tf_1h,2021-12-06 11:00:00,279.27356,279.59558
Oklaj,Potomje_2025-03-11_16-50_tf_1h,2021-12-06 12:00:00,279.5476,279.82523
Oklaj,Potomje_2025-03-11_16-50_tf_1h,2021-12-06 13:00:00,279.6849,279.84653
Oklaj,Potomje_2025-03-11_16-50_tf_1h,2021-12-06 14:00:00,279.45023,279.85934
Oklaj,Potomje_2025-03-11_16-50_tf_1h,2021-12-06 15:00:00,279.063,279.34595
Oklaj,Potomje_2025-03-11_16-50_tf_1h,2021-12-06 16:00:00,278.28024,278.9028
Oklaj,Potomje_2025-03-11_16-50_tf_1h,2021-12-06 17:00:00,277.5644,277.89084
Oklaj,Potomje_2025-03-11_16-50_tf_1h,2021-12-06 18:00:00,277.14816,277.27917
Oklaj,Potomje_2025-03-11_16-50_tf_1h,2021-12-06 19:00:00,276.96088,277.0629
Oklaj,Potomje_2025-03-11_16-50_tf_1h,2021-12-06 20:00:00,276.9106,277.0345
Oklaj,Potomje_2025-03-11_16-50_tf_1h,2021-12-06 21:00:00,276.62936,277.12292
Oklaj,Potomje_2025-03-11_16-50_tf_1h,2021-12-06 22:00:00,276.26343,276.72342
Oklaj,Potomje_2025-03-11_16-50_tf_1h,2021-12-06 23:00:00,275.94168,276.37714
Oklaj,Potomje_2025-03-11_16-50_tf_1h,2021-12-07 00:00:00,275.7159,276.10425
Oklaj,Potomje_2025-03-11_16-50_tf_1h,2021-12-07 01:00:00,275.4821,275.9629
Oklaj,Potomje_2025-03-11_16-50_tf_1h,2021-12-07 02:00:00,275.09802,275.75146
Oklaj,Potomje_2025-03-11_16-50_tf_1h,2021-12-07 03:00:00,274.78033,275.32104
Oklaj,Potomje_2025-03-11_16-50_tf_1h,2021-12-07 04:00:00,274.51834,275.17606
Oklaj,Potomje_2025-03-11_16-50_tf_1h,2021-12-07 05:00:00,274.29343,275.01758
Oklaj,Potomje_2025-03-11_16-50_tf_1h,2021-12-07 06:00:00,274.109,274.87466
Oklaj,Potomje_2025-03-11_16-50_tf_1h,2021-12-07 07:00:00,273.95532,274.76187
Oklaj,Potomje_2025-03-11_16-50_tf_1h,2021-12-07 08:00:00,274.38678,274.60315
Oklaj,Potomje_2025-03-11_16-50_tf_1h,2021-12-07 09:00:00,275.07733,275.40793
Oklaj,Potomje_2025-03-11_16-50_tf_1h,2021-12-07 10:00:00,275.97272,276.06665
Oklaj,Potomje_2025-03-11_16-50_tf_1h,2021-12-07 11:00:00,276.89307,277.02747
Oklaj,Potomje_2025-03-11_16-50_tf_1h,2021-12-07 12:00:00,277.33228,277.84866
Oklaj,Potomje_2025-03-11_16-50_tf_1h,2021-12-07 13:00:00,277.49,277.9149
Oklaj,Potomje_2025-03-11_16-50_tf_1h,2021-12-07 14:00:00,277.49832,277.9185
Oklaj,Potomje_2025-03-11_16-50_tf_1h,2021-12-07 15:00:00,277.16223,277.8019
Oklaj,Potomje_2025-03-11_16-50_tf_1h,2021-12-07 16:00:00,276.39154,277.22305
Oklaj,Potomje_2025-03-11_16-50_tf_1h,2021-12-07 17:00:00,275.59958,276.1962
Oklaj,Potomje_2025-03-11_16-50_tf_1h,2021-12-07 18:00:00,275.0147,275.44736
Oklaj,Potomje_2025-03-11_16-50_tf_1h,2021-12-07 19:00:00,274.5712,275.00418
Oklaj,Potomje_2025-03-11_16-50_tf_1h,2021-12-07 20:00:00,274.67978,274.65573
Oklaj,Potomje_2025-03-11_16-50_tf_1h,2021-12-07 21:00:00,274.35977,275.20062
Oklaj,Potomje_2025-03-11_16-50_tf_1h,2021-12-07 22:00:00,273.9651,274.49136
Oklaj,Potomje_2025-03-11_16-50_tf_1h,2021-12-07 23:00:00,273.5012,274.21765
Oklaj,Potomje_2025-03-11_16-50_tf_1h,2021-12-08 00:00:00,272.94708,273.69116
Oklaj,Potomje_2025-03-11_16-50_tf_1h,2021-12-08 01:00:00,272.35532,273.13232
Oklaj,Potomje_2025-03-11_16-50_tf_1h,2021-12-08 02:00:00,271.8532,272.57404
Oklaj,Potomje_2025-03-11_16-50_tf_1h,2021-12-08 03:00:00,271.40652,272.21005
Oklaj,Potomje_2025-03-11_16-50_tf_1h,2021-12-08 04:00:00,270.9745,271.85782
Oklaj,Potomje_2025-03-11_16-50_tf_1h,2021-12-08 05:00:00,270.59732,271.5073
Oklaj,Potomje_2025-03-11_16-50_tf_1h,2021-12-08 06:00:00,270.5367,271.24112
Oklaj,Potomje_2025-03-11_16-50_tf_1h,2021-12-08 07:00:00,270.39395,271.44812
Oklaj,Potomje_2025-03-11_16-50_tf_1h,2021-12-08 08:00:00,270.91705,271.14944
Oklaj,Potomje_2025-03-11_16-50_tf_1h,2021-12-08 09:00:00,273.6385,272.25525
Oklaj,Potomje_2025-03-11_16-50_tf_1h,2021-12-08 10:00:00,276.71008,276.44525
Oklaj,Potomje_2025-03-11_16-50_tf_1h,2021-12-08 11:00:00,278.59363,279.04523
Oklaj,Potomje_2025-03-11_16-50_tf_1h,2021-12-08 12:00:00,279.56598,280.03146
Oklaj,Potomje_2025-03-11_16-50_tf_1h,2021-12-08 13:00:00,280.129,280.40402
Oklaj,Potomje_2025-03-11_16-50_tf_1h,2021-12-08 14:00:00,280.15283,280.6437
Oklaj,Potomje_2025-03-11_16-50_tf_1h,2021-12-08 15:00:00,279.70673,280.26624
Oklaj,Potomje_2025-03-11_16-50_tf_1h,2021-12-08 16:00:00,279.06903,279.4891
Oklaj,Potomje_2025-03-11_16-50_tf_1h,2021-12-08 17:00:00,278.87112,278.736
Oklaj,Potomje_2025-03-11_16-50_tf_1h,2021-12-08 18:00:00,278.75735,278.84348
Oklaj,Potomje_2025-03-11_16-50_tf_1h,2021-12-08 19:00:00,278.77975,278.71518
Oklaj,Potomje_2025-03-11_16-50_tf_1h,2021-12-08 20:00:00,279.1733,278.84225
Oklaj,Potomje_2025-03-11_16-50_tf_1h,2021-12-08 21:00:00,279.61624,279.4629
Oklaj,Potomje_2025-03-11_16-50_tf_1h,2021-12-08 22:00:00,279.89575,279.8887
Oklaj,Potomje_2025-03-11_16-50_tf_1h,2021-12-08 23:00:00,279.76764,280.07352
Oklaj,Potomje_2025-03-11_16-50_tf_1h,2021-12-09 00:00:00,279.45135,279.71054
Oklaj,Potomje_2025-03-11_16-50_tf_1h,2021-12-09 01:00:00,279.61884,279.28928
Oklaj,Potomje_2025-03-11_16-50_tf_1h,2021-12-09 02:00:00,280.30594,279.74908
Oklaj,Potomje_2025-03-11_16-50_tf_1h,2021-12-09 03:00:00,280.99536,280.70163
Oklaj,Potomje_2025-03-11_16-50_tf_1h,2021-12-09 04:00:00,281.78128,281.36963
Oklaj,Potomje_2025-03-11_16-50_tf_1h,2021-12-09 05:00:00,282.31903,282.27728
Oklaj,Potomje_2025-03-11_16-50_tf_1h,2021-12-09 06:00:00,282.25095,282.73804
Oklaj,Potomje_2025-03-11_16-50_tf_1h,2021-12-09 07:00:00,281.812,282.49103
Oklaj,Potomje_2025-03-11_16-50_tf_1h,2021-12-09 08:00:00,281.09503,282.08478
Oklaj,Potomje_2025-03-11_16-50_tf_1h,2021-12-09 09:00:00,280.29993,281.0415
Oklaj,Potomje_2025-03-11_16-50_tf_1h,2021-12-09 10:00:00,280.02243,280.0637
Oklaj,Potomje_2025-03-11_16-50_tf_1h,2021-12-09 11:00:00,279.95148,280.02606
Oklaj,Potomje_2025-03-11_16-50_tf_1h,2021-12-09 12:00:00,279.86157,279.96982
Oklaj,Potomje_2025-03-11_16-50_tf_1h,2021-12-09 13:00:00,279.84634,279.8519
Oklaj,Potomje_2025-03-11_16-50_tf_1h,2021-12-09 14:00:00,279.6711,279.88504
Oklaj,Potomje_2025-03-11_16-50_tf_1h,2021-12-09 15:00:00,279.1506,279.62744
Oklaj,Potomje_2025-03-11_16-50_tf_1h,2021-12-09 16:00:00,278.57266,278.96188
Oklaj,Potomje_2025-03-11_16-50_tf_1h,2021-12-09 17:00:00,277.95248,278.4206
Oklaj,Potomje_2025-03-11_16-50_tf_1h,2021-12-09 18:00:00,277.2731,277.8202
Oklaj,Potomje_2025-03-11_16-50_tf_1h,2021-12-09 19:00:00,276.66757,277.1619
Oklaj,Potomje_2025-03-11_16-50_tf_1h,2021-12-09 20:00:00,276.05258,276.64185
Oklaj,Potomje_2025-03-11_16-50_tf_1h,2021-12-09 21:00:00,276.01782,276.06433
Oklaj,Potomje_2025-03-11_16-50_tf_1h,2021-12-09 22:00:00,275.76016,276.53717
Oklaj,Potomje_2025-03-11_16-50_tf_1h,2021-12-09 23:00:00,275.67053,276.1859
Oklaj,Potomje_2025-03-11_16-50_tf_1h,2021-12-10 00:00:00,275.37265,276.40457
Oklaj,Potomje_2025-03-11_16-50_tf_1h,2021-12-10 01:00:00,275.68402,275.82327
Oklaj,Potomje_2025-03-11_16-50_tf_1h,2021-12-10 02:00:00,275.7797,276.61453
Oklaj,Potomje_2025-03-11_16-50_tf_1h,2021-12-10 03:00:00,276.2798,276.32428
Oklaj,Potomje_2025-03-11_16-50_tf_1h,2021-12-10 04:00:00,276.11288,277.1285
Oklaj,Potomje_2025-03-11_16-50_tf_1h,2021-12-10 05:00:00,275.96582,276.32532
Oklaj,Potomje_2025-03-11_16-50_tf_1h,2021-12-10 06:00:00,275.68317,276.35028
Oklaj,Potomje_2025-03-11_16-50_tf_1h,2021-12-10 07:00:00,275.17905,275.8966
Oklaj,Potomje_2025-03-11_16-50_tf_1h,2021-12-10 08:00:00,274.32303,275.3003
Oklaj,Potomje_2025-03-11_16-50_tf_1h,2021-12-10 09:00:00,275.9299,274.22754
Oklaj,Potomje_2025-03-11_16-50_tf_1h,2021-12-10 10:00:00,277.87177,277.66467
Oklaj,Potomje_2025-03-11_16-50_tf_1h,2021-12-10 11:00:00,278.9725,279.24615
Oklaj,Potomje_2025-03-11_16-50_tf_1h,2021-12-10 12:00:00,279.62946,279.87036
Oklaj,Potomje_2025-03-11_16-50_tf_1h,2021-12-10 13:00:00,279.89948,280.27374
Oklaj,Potomje_2025-03-11_16-50_tf_1h,2021-12-10 14:00:00,279.84146,280.23505
Oklaj,Potomje_2025-03-11_16-50_tf_1h,2021-12-10 15:00:00,279.6243,279.946
Oklaj,Potomje_2025-03-11_16-50_tf_1h,2021-12-10 16:00:00,278.96677,279.62204
Oklaj,Potomje_2025-03-11_16-50_tf_1h,2021-12-10 17:00:00,278.2834,278.68262
Oklaj,Potomje_2025-03-11_16-50_tf_1h,2021-12-10 18:00:00,277.7264,278.04932
Oklaj,Potomje_2025-03-11_16-50_tf_1h,2021-12-10 19:00:00,277.8097,277.57886
Oklaj,Potomje_2025-03-11_16-50_tf_1h,2021-12-10 20:00:00,277.9292,278.09573
Oklaj,Potomje_2025-03-11_16-50_tf_1h,2021-12-10 21:00:00,277.93323,278.1761
Oklaj,Potomje_2025-03-11_16-50_tf_1h,2021-12-10 22:00:00,277.42133,278.1701
Oklaj,Potomje_2025-03-11_16-50_tf_1h,2021-12-10 23:00:00,277.89014,277.34467
Oklaj,Potomje_2025-03-11_16-50_tf_1h,2021-12-11 00:00:00,278.01767,278.5578
Oklaj,Potomje_2025-03-11_16-50_tf_1h,2021-12-11 01:00:00,277.57443,278.2677
Oklaj,Potomje_2025-03-11_16-50_tf_1h,2021-12-11 02:00:00,277.2599,277.55093
Oklaj,Potomje_2025-03-11_16-50_tf_1h,2021-12-11 03:00:00,277.19095,277.36084
Oklaj,Potomje_2025-03-11_16-50_tf_1h,2021-12-11 04:00:00,277.13266,277.4319
Oklaj,Potomje_2025-03-11_16-50_tf_1h,2021-12-11 05:00:00,277.11023,277.4372
Oklaj,Potomje_2025-03-11_16-50_tf_1h,2021-12-11 06:00:00,277.307,277.55182
Oklaj,Potomje_2025-03-11_16-50_tf_1h,2021-12-11 07:00:00,277.32855,278.0425
Oklaj,Potomje_2025-03-11_16-50_tf_1h,2021-12-11 08:00:00,277.82004,277.99747
Oklaj,Potomje_2025-03-11_16-50_tf_1h,2021-12-11 09:00:00,277.92633,278.7382
Oklaj,Potomje_2025-03-11_16-50_tf_1h,2021-12-11 10:00:00,278.1277,278.3517
Oklaj,Potomje_2025-03-11_16-50_tf_1h,2021-12-11 11:00:00,278.23828,278.63318
Oklaj,Potomje_2025-03-11_16-50_tf_1h,2021-12-11 12:00:00,278.47098,278.56192
Oklaj,Potomje_2025-03-11_16-50_tf_1h,2021-12-11 13:00:00,278.3822,278.85892
Oklaj,Potomje_2025-03-11_16-50_tf_1h,2021-12-11 14:00:00,278.18973,278.5194
Oklaj,Potomje_2025-03-11_16-50_tf_1h,2021-12-11 15:00:00,277.89185,278.32312
Oklaj,Potomje_2025-03-11_16-50_tf_1h,2021-12-11 16:00:00,277.39145,277.97333
Oklaj,Potomje_2025-03-11_16-50_tf_1h,2021-12-11 17:00:00,277.04044,277.37912
Oklaj,Potomje_2025-03-11_16-50_tf_1h,2021-12-11 18:00:00,276.85745,277.1761
Oklaj,Potomje_2025-03-11_16-50_tf_1h,2021-12-11 19:00:00,276.67993,277.08017
Oklaj,Potomje_2025-03-11_16-50_tf_1h,2021-12-11 20:00:00,276.35965,276.9083
Oklaj,Potomje_2025-03-11_16-50_tf_1h,2021-12-11 21:00:00,276.32288,276.52066
Oklaj,Potomje_2025-03-11_16-50_tf_1h,2021-12-11 22:00:00,276.2792,276.72955
Oklaj,Potomje_2025-03-11_16-50_tf_1h,2021-12-11 23:00:00,276.14822,276.61606
Oklaj,Potomje_2025-03-11_16-50_tf_1h,2021-12-12 00:00:00,276.10916,276.4715
Oklaj,Potomje_2025-03-11_16-50_tf_1h,2021-12-12 01:00:00,276.0537,276.54492
Oklaj,Potomje_2025-03-11_16-50_tf_1h,2021-12-12 02:00:00,275.71878,276.4854
Oklaj,Potomje_2025-03-11_16-50_tf_1h,2021-12-12 03:00:00,275.48294,275.98444
Oklaj,Potomje_2025-03-11_16-50_tf_1h,2021-12-12 04:00:00,275.17847,275.89648
Oklaj,Potomje_2025-03-11_16-50_tf_1h,2021-12-12 05:00:00,274.8731,275.51788
Oklaj,Potomje_2025-03-11_16-50_tf_1h,2021-12-12 06:00:00,274.38306,275.25555
Oklaj,Potomje_2025-03-11_16-50_tf_1h,2021-12-12 07:00:00,273.95792,274.6271
Oklaj,Potomje_2025-03-11_16-50_tf_1h,2021-12-12 08:00:00,274.71683,274.29218
Oklaj,Potomje_2025-03-11_16-50_tf_1h,2021-12-12 09:00:00,274.98196,275.9104
Oklaj,Potomje_2025-03-11_16-50_tf_1h,2021-12-12 10:00:00,275.32495,275.53278
Oklaj,Potomje_2025-03-11_16-50_tf_1h,2021-12-12 11:00:00,275.892,276.13522
Oklaj,Potomje_2025-03-11_16-50_tf_1h,2021-12-12 12:00:00,276.3473,276.71432
Oklaj,Potomje_2025-03-11_16-50_tf_1h,2021-12-12 13:00:00,276.4553,277.03925
Oklaj,Potomje_2025-03-11_16-50_tf_1h,2021-12-12 14:00:00,276.37488,276.89047
Oklaj,Potomje_2025-03-11_16-50_tf_1h,2021-12-12 15:00:00,276.44986,276.71432
Oklaj,Potomje_2025-03-11_16-50_tf_1h,2021-12-12 16:00:00,276.2723,276.90683
Oklaj,Potomje_2025-03-11_16-50_tf_1h,2021-12-12 17:00:00,275.78198,276.49792
Oklaj,Potomje_2025-03-11_16-50_tf_1h,2021-12-12 18:00:00,275.4729,275.843
Oklaj,Potomje_2025-03-11_16-50_tf_1h,2021-12-12 19:00:00,275.26147,275.70874
Oklaj,Potomje_2025-03-11_16-50_tf_1h,2021-12-12 20:00:00,275.79202,275.5283
Oklaj,Potomje_2025-03-11_16-50_tf_1h,2021-12-12 21:00:00,275.4789,276.6216
Oklaj,Potomje_2025-03-11_16-50_tf_1h,2021-12-12 22:00:00,275.21378,275.53387
Oklaj,Potomje_2025-03-11_16-50_tf_1h,2021-12-12 23:00:00,274.93515,275.5518
Oklaj,Potomje_2025-03-11_16-50_tf_1h,2021-12-13 00:00:00,274.5962,275.15753
Oklaj,Potomje_2025-03-11_16-50_tf_1h,2021-12-13 01:00:00,274.37155,274.8215
Oklaj,Potomje_2025-03-11_16-50_tf_1h,2021-12-13 02:00:00,274.2871,274.70905
Oklaj,Potomje_2025-03-11_16-50_tf_1h,2021-12-13 03:00:00,274.1116,274.73642
Oklaj,Potomje_2025-03-11_16-50_tf_1h,2021-12-13 04:00:00,273.8904,274.51895
Oklaj,Potomje_2025-03-11_16-50_tf_1h,2021-12-13 05:00:00,273.656,274.34933
Oklaj,Potomje_2025-03-11_16-50_tf_1h,2021-12-13 06:00:00,273.33456,274.15042
Oklaj,Potomje_2025-03-11_16-50_tf_1h,2021-12-13 07:00:00,272.9689,273.80063
Oklaj,Potomje_2025-03-11_16-50_tf_1h,2021-12-13 08:00:00,273.5842,273.41965
Oklaj,Potomje_2025-03-11_16-50_tf_1h,2021-12-13 09:00:00,275.33444,274.79843
Oklaj,Potomje_2025-03-11_16-50_tf_1h,2021-12-13 10:00:00,277.54083,277.1003
Oklaj,Potomje_2025-03-11_16-50_tf_1h,2021-12-13 11:00:00,279.17676,279.38058
Oklaj,Potomje_2025-03-11_16-50_tf_1h,2021-12-13 12:00:00,280.26746,280.4805
Oklaj,Potomje_2025-03-11_16-50_tf_1h,2021-12-13 13:00:00,280.84915,281.21368
Oklaj,Potomje_2025-03-11_16-50_tf_1h,2021-12-13 14:00:00,280.86005,281.41544
Oklaj,Potomje_2025-03-11_16-50_tf_1h,2021-12-13 15:00:00,280.26227,281.0191
Oklaj,Potomje_2025-03-11_16-50_tf_1h,2021-12-13 16:00:00,279.28418,280.0114
Oklaj,Potomje_2025-03-11_16-50_tf_1h,2021-12-13 17:00:00,278.27448,278.81732
Oklaj,Potomje_2025-03-11_16-50_tf_1h,2021-12-13 18:00:00,277.55865,277.80942
Oklaj,Potomje_2025-03-11_16-50_tf_1h,2021-12-13 19:00:00,276.9916,277.2844
Oklaj,Potomje_2025-03-11_16-50_tf_1h,2021-12-13 20:00:00,277.17343,276.78143
Oklaj,Potomje_2025-03-11_16-50_tf_1h,2021-12-13 21:00:00,276.60297,277.48148
Oklaj,Potomje_2025-03-11_16-50_tf_1h,2021-12-13 22:00:00,276.43347,276.33957
Oklaj,Potomje_2025-03-11_16-50_tf_1h,2021-12-13 23:00:00,276.8115,276.60938
Oklaj,Potomje_2025-03-11_16-50_tf_1h,2021-12-14 00:00:00,276.90717,277.2597
Oklaj,Potomje_2025-03-11_16-50_tf_1h,2021-12-14 01:00:00,276.78018,277.13098
Oklaj,Potomje_2025-03-11_16-50_tf_1h,2021-12-14 02:00:00,276.24762,276.94
Oklaj,Potomje_2025-03-11_16-50_tf_1h,2021-12-14 03:00:00,276.32462,276.1769
Oklaj,Potomje_2025-03-11_16-50_tf_1h,2021-12-14 04:00:00,275.83282,276.8297
Oklaj,Potomje_2025-03-11_16-50_tf_1h,2021-12-14 05:00:00,275.4746,275.90527
Oklaj,Potomje_2025-03-11_16-50_tf_1h,2021-12-14 06:00:00,275.28015,276.0394
Oklaj,Potomje_2025-03-11_16-50_tf_1h,2021-12-14 07:00:00,275.08597,276.10074
Oklaj,Potomje_2025-03-11_16-50_tf_1h,2021-12-14 08:00:00,275.87534,275.86588
Oklaj,Potomje_2025-03-11_16-50_tf_1h,2021-12-14 09:00:00,277.2803,277.20566
Oklaj,Potomje_2025-03-11_16-50_tf_1h,2021-12-14 10:00:00,278.98572,278.6764
Oklaj,Potomje_2025-03-11_16-50_tf_1h,2021-12-14 11:00:00,279.92447,280.38086
Oklaj,Potomje_2025-03-11_16-50_tf_1h,2021-12-14 12:00:00,280.8523,280.65054
Oklaj,Potomje_2025-03-11_16-50_tf_1h,2021-12-14 13:00:00,281.19644,281.583
Oklaj,Potomje_2025-03-11_16-50_tf_1h,2021-12-14 14:00:00,281.12317,281.4575
Oklaj,Potomje_2025-03-11_16-50_tf_1h,2021-12-14 15:00:00,280.60526,281.15973
Oklaj,Potomje_2025-03-11_16-50_tf_1h,2021-12-14 16:00:00,279.6674,280.37524
Oklaj,Potomje_2025-03-11_16-50_tf_1h,2021-12-14 17:00:00,278.66373,279.22354
Oklaj,Potomje_2025-03-11_16-50_tf_1h,2021-12-14 18:00:00,278.08603,278.2223
Oklaj,Potomje_2025-03-11_16-50_tf_1h,2021-12-14 19:00:00,277.8232,277.92224
Oklaj,Potomje_2025-03-11_16-50_tf_1h,2021-12-14 20:00:00,277.76605,277.8196
Oklaj,Potomje_2025-03-11_16-50_tf_1h,2021-12-14 21:00:00,277.48914,277.90765
Oklaj,Potomje_2025-03-11_16-50_tf_1h,2021-12-14 22:00:00,277.413,277.4847
Oklaj,Potomje_2025-03-11_16-50_tf_1h,2021-12-14 23:00:00,277.38342,277.5637
Oklaj,Potomje_2025-03-11_16-50_tf_1h,2021-12-15 00:00:00,277.38858,277.5246
Oklaj,Potomje_2025-03-11_16-50_tf_1h,2021-12-15 01:00:00,277.19873,277.5718
Oklaj,Potomje_2025-03-11_16-50_tf_1h,2021-12-15 02:00:00,276.94363,277.2771
Oklaj,Potomje_2025-03-11_16-50_tf_1h,2021-12-15 03:00:00,276.82816,277.05972
Oklaj,Potomje_2025-03-11_16-50_tf_1h,2021-12-15 04:00:00,276.8405,277.15375
Oklaj,Potomje_2025-03-11_16-50_tf_1h,2021-12-15 05:00:00,276.56964,277.37048
Oklaj,Potomje_2025-03-11_16-50_tf_1h,2021-12-15 06:00:00,276.46564,277.06543
Oklaj,Potomje_2025-03-11_16-50_tf_1h,2021-12-15 07:00:00,276.3769,277.29327
Oklaj,Potomje_2025-03-11_16-50_tf_1h,2021-12-15 08:00:00,276.94537,277.0249
Oklaj,Potomje_2025-03-11_16-50_tf_1h,2021-12-15 09:00:00,277.98895,277.97385
Oklaj,Potomje_2025-03-11_16-50_tf_1h,2021-12-15 10:00:00,279.48154,279.0782
Oklaj,Potomje_2025-03-11_16-50_tf_1h,2021-12-15 11:00:00,280.54407,280.68967
Oklaj,Potomje_2025-03-11_16-50_tf_1h,2021-12-15 12:00:00,281.26852,281.3053
Oklaj,Potomje_2025-03-11_16-50_tf_1h,2021-12-15 13:00:00,281.52103,281.81116
Oklaj,Potomje_2025-03-11_16-50_tf_1h,2021-12-15 14:00:00,281.33374,281.73352
Oklaj,Potomje_2025-03-11_16-50_tf_1h,2021-12-15 15:00:00,280.8655,281.2854
Oklaj,Potomje_2025-03-11_16-50_tf_1h,2021-12-15 16:00:00,279.87277,280.67633
Oklaj,Potomje_2025-03-11_16-50_tf_1h,2021-12-15 17:00:00,278.88547,279.3964
Oklaj,Potomje_2025-03-11_16-50_tf_1h,2021-12-15 18:00:00,278.184,278.4717
Oklaj,Potomje_2025-03-11_16-50_tf_1h,2021-12-15 19:00:00,277.69193,277.92963
Oklaj,Potomje_2025-03-11_16-50_tf_1h,2021-12-15 20:00:00,278.2317,277.55545
Oklaj,Potomje_2025-03-11_16-50_tf_1h,2021-12-15 21:00:00,278.10413,278.7348
Oklaj,Potomje_2025-03-11_16-50_tf_1h,2021-12-15 22:00:00,277.9312,278.08798
Oklaj,Potomje_2025-03-11_16-50_tf_1h,2021-12-15 23:00:00,277.76862,278.02515
Oklaj,Potomje_2025-03-11_16-50_tf_1h,2021-12-16 00:00:00,277.6836,277.84064
Oklaj,Potomje_2025-03-11_16-50_tf_1h,2021-12-16 01:00:00,277.5825,277.82584
Oklaj,Potomje_2025-03-11_16-50_tf_1h,2021-12-16 02:00:00,277.40613,277.74194
Oklaj,Potomje_2025-03-11_16-50_tf_1h,2021-12-16 03:00:00,277.00195,277.57462
Oklaj,Potomje_2025-03-11_16-50_tf_1h,2021-12-16 04:00:00,276.62936,277.11176
Oklaj,Potomje_2025-03-11_16-50_tf_1h,2021-12-16 05:00:00,276.24246,276.9285
Oklaj,Potomje_2025-03-11_16-50_tf_1h,2021-12-16 06:00:00,275.6639,276.6581
Oklaj,Potomje_2025-03-11_16-50_tf_1h,2021-12-16 07:00:00,275.08566,276.08624
Oklaj,Potomje_2025-03-11_16-50_tf_1h,2021-12-16 08:00:00,275.4192,275.46725
Oklaj,Potomje_2025-03-11_16-50_tf_1h,2021-12-16 09:00:00,276.7908,276.39145
Oklaj,Potomje_2025-03-11_16-50_tf_1h,2021-12-16 10:00:00,278.3595,278.2003
Oklaj,Potomje_2025-03-11_16-50_tf_1h,2021-12-16 11:00:00,279.5769,279.63696
Oklaj,Potomje_2025-03-11_16-50_tf_1h,2021-12-16 12:00:00,280.45905,280.5229
Oklaj,Potomje_2025-03-11_16-50_tf_1h,2021-12-16 13:00:00,280.4559,281.16272
Oklaj,Potomje_2025-03-11_16-50_tf_1h,2021-12-16 14:00:00,280.34818,280.5711
Oklaj,Potomje_2025-03-11_16-50_tf_1h,2021-12-16 15:00:00,279.79922,280.46826
Oklaj,Potomje_2025-03-11_16-50_tf_1h,2021-12-16 16:00:00,278.80533,279.60672
Oklaj,Potomje_2025-03-11_16-50_tf_1h,2021-12-16 17:00:00,278.46207,278.3998
Oklaj,Potomje_2025-03-11_16-50_tf_1h,2021-12-16 18:00:00,278.0461,278.51337
Oklaj,Potomje_2025-03-11_16-50_tf_1h,2021-12-16 19:00:00,278.0987,277.95572
Oklaj,Potomje_2025-03-11_16-50_tf_1h,2021-12-16 20:00:00,278.46866,278.3477
Oklaj,Potomje_2025-03-11_16-50_tf_1h,2021-12-16 21:00:00,278.4833,278.85287
Oklaj,Potomje_2025-03-11_16-50_tf_1h,2021-12-16 22:00:00,278.31586,278.63123
Oklaj,Potomje_2025-03-11_16-50_tf_1h,2021-12-16 23:00:00,278.1228,278.40662
Oklaj,Potomje_2025-03-11_16-50_tf_1h,2021-12-17 00:00:00,278.15814,278.19827
Oklaj,Potomje_2025-03-11_16-50_tf_1h,2021-12-17 01:00:00,277.98953,278.36594
Oklaj,Potomje_2025-03-11_16-50_tf_1h,2021-12-17 02:00:00,278.00534,278.0357
Oklaj,Potomje_2025-03-11_16-50_tf_1h,2021-12-17 03:00:00,277.85767,278.23022
Oklaj,Potomje_2025-03-11_16-50_tf_1h,2021-12-17 04:00:00,277.98666,277.98526
Oklaj,Potomje_2025-03-11_16-50_tf_1h,2021-12-17 05:00:00,278.28424,278.43515
Oklaj,Potomje_2025-03-11_16-50_tf_1h,2021-12-17 06:00:00,277.90018,278.91736
Oklaj,Potomje_2025-03-11_16-50_tf_1h,2021-12-17 07:00:00,277.4495,278.1927
Oklaj,Potomje_2025-03-11_16-50_tf_1h,2021-12-17 08:00:00,277.6526,277.8093
Oklaj,Potomje_2025-03-11_16-50_tf_1h,2021-12-17 09:00:00,278.37302,278.34247
Oklaj,Potomje_2025-03-11_16-50_tf_1h,2021-12-17 10:00:00,279.56226,279.2057
Oklaj,Potomje_2025-03-11_16-50_tf_1h,2021-12-17 11:00:00,280.4134,280.54358
Oklaj,Potomje_2025-03-11_16-50_tf_1h,2021-12-17 12:00:00,281.22458,281.03442
Oklaj,Potomje_2025-03-11_16-50_tf_1h,2021-12-17 13:00:00,281.67297,281.82712
Oklaj,Potomje_2025-03-11_16-50_tf_1h,2021-12-17 14:00:00,281.63507,282.00604
Oklaj,Potomje_2025-03-11_16-50_tf_1h,2021-12-17 15:00:00,280.9491,281.69995
Oklaj,Potomje_2025-03-11_16-50_tf_1h,2021-12-17 16:00:00,279.8627,280.67038
Oklaj,Potomje_2025-03-11_16-50_tf_1h,2021-12-17 17:00:00,278.96332,279.41074
Oklaj,Potomje_2025-03-11_16-50_tf_1h,2021-12-17 18:00:00,278.49106,278.6477
Oklaj,Potomje_2025-03-11_16-50_tf_1h,2021-12-17 19:00:00,278.01108,278.3931
Oklaj,Potomje_2025-03-11_16-50_tf_1h,2021-12-17 20:00:00,278.2785,277.87604
Oklaj,Potomje_2025-03-11_16-50_tf_1h,2021-12-17 21:00:00,277.87894,278.61673
Oklaj,Potomje_2025-03-11_16-50_tf_1h,2021-12-17 22:00:00,277.73044,277.7399
Oklaj,Potomje_2025-03-11_16-50_tf_1h,2021-12-17 23:00:00,277.40353,277.87894
Oklaj,Potomje_2025-03-11_16-50_tf_1h,2021-12-18 00:00:00,276.86752,277.38834
Oklaj,Potomje_2025-03-11_16-50_tf_1h,2021-12-18 01:00:00,276.26974,276.80386
Oklaj,Potomje_2025-03-11_16-50_tf_1h,2021-12-18 02:00:00,276.1692,276.22546
Oklaj,Potomje_2025-03-11_16-50_tf_1h,2021-12-18 03:00:00,275.96582,276.51755
Oklaj,Potomje_2025-03-11_16-50_tf_1h,2021-12-18 04:00:00,275.80438,276.2239
Oklaj,Potomje_2025-03-11_16-50_tf_1h,2021-12-18 05:00:00,275.60675,276.25793
Oklaj,Potomje_2025-03-11_16-50_tf_1h,2021-12-18 06:00:00,275.51886,276.1735
Oklaj,Potomje_2025-03-11_16-50_tf_1h,2021-12-18 07:00:00,275.41373,276.31186
Oklaj,Potomje_2025-03-11_16-50_tf_1h,2021-12-18 08:00:00,275.809,276.06497
Oklaj,Potomje_2025-03-11_16-50_tf_1h,2021-12-18 09:00:00,276.2841,276.7756
Oklaj,Potomje_2025-03-11_16-50_tf_1h,2021-12-18 10:00:00,277.13123,277.10107
Oklaj,Potomje_2025-03-11_16-50_tf_1h,2021-12-18 11:00:00,277.92548,278.11966
Oklaj,Potomje_2025-03-11_16-50_tf_1h,2021-12-18 12:00:00,278.43967,278.69513
Oklaj,Potomje_2025-03-11_16-50_tf_1h,2021-12-18 13:00:00,278.69186,278.99072
Oklaj,Potomje_2025-03-11_16-50_tf_1h,2021-12-18 14:00:00,278.61948,279.06396
Oklaj,Potomje_2025-03-11_16-50_tf_1h,2021-12-18 15:00:00,278.25436,278.7848
Oklaj,Potomje_2025-03-11_16-50_tf_1h,2021-12-18 16:00:00,277.4334,278.25876
Oklaj,Potomje_2025-03-11_16-50_tf_1h,2021-12-18 17:00:00,276.30652,277.16327
Oklaj,Potomje_2025-03-11_16-50_tf_1h,2021-12-18 18:00:00,275.30283,275.89627
Oklaj,Potomje_2025-03-11_16-50_tf_1h,2021-12-18 19:00:00,274.36008,275.0175
Oklaj,Potomje_2025-03-11_16-50_tf_1h,2021-12-18 20:00:00,274.04092,274.09933
Oklaj,Potomje_2025-03-11_16-50_tf_1h,2021-12-18 21:00:00,273.58047,274.26508
Oklaj,Potomje_2025-03-11_16-50_tf_1h,2021-12-18 22:00:00,273.045,273.65112
Oklaj,Potomje_2025-03-11_16-50_tf_1h,2021-12-18 23:00:00,272.5541,273.21286
Oklaj,Potomje_2025-03-11_16-50_tf_1h,2021-12-19 00:00:00,272.44754,272.815
Oklaj,Potomje_2025-03-11_16-50_tf_1h,2021-12-19 01:00:00,272.04623,273.06482
Oklaj,Potomje_2025-03-11_16-50_tf_1h,2021-12-19 02:00:00,272.02872,272.39066
Oklaj,Potomje_2025-03-11_16-50_tf_1h,2021-12-19 03:00:00,272.16602,272.86282
Oklaj,Potomje_2025-03-11_16-50_tf_1h,2021-12-19 04:00:00,272.2134,273.00897
Oklaj,Potomje_2025-03-11_16-50_tf_1h,2021-12-19 05:00:00,272.22635,273.03708
Oklaj,Potomje_2025-03-11_16-50_tf_1h,2021-12-19 06:00:00,272.29126,273.05304
Oklaj,Potomje_2025-03-11_16-50_tf_1h,2021-12-19 07:00:00,272.42886,273.15402
Oklaj,Potomje_2025-03-11_16-50_tf_1h,2021-12-19 08:00:00,272.77155,273.29654
Oklaj,Potomje_2025-03-11_16-50_tf_1h,2021-12-19 09:00:00,274.44537,273.7362
Oklaj,Potomje_2025-03-11_16-50_tf_1h,2021-12-19 10:00:00,277.76547,276.31586
Oklaj,Potomje_2025-03-11_16-50_tf_1h,2021-12-19 11:00:00,280.40677,280.3723
Oklaj,Potomje_2025-03-11_16-50_tf_1h,2021-12-19 12:00:00,282.1748,282.0869
Oklaj,Potomje_2025-03-11_16-50_tf_1h,2021-12-19 13:00:00,282.96506,283.33154
Oklaj,Potomje_2025-03-11_16-50_tf_1h,2021-12-19 14:00:00,283.0857,283.4291
Oklaj,Potomje_2025-03-11_16-50_tf_1h,2021-12-19 15:00:00,282.52066,283.12445
Oklaj,Potomje_2025-03-11_16-50_tf_1h,2021-12-19 16:00:00,281.1111,282.07928
Oklaj,Potomje_2025-03-11_16-50_tf_1h,2021-12-19 17:00:00,279.65762,280.1709
Oklaj,Potomje_2025-03-11_16-50_tf_1h,2021-12-19 18:00:00,279.08627,278.80948
Oklaj,Potomje_2025-03-11_16-50_tf_1h,2021-12-19 19:00:00,277.70227,278.76746
Oklaj,Potomje_2025-03-11_16-50_tf_1h,2021-12-19 20:00:00,277.841,276.88055
Oklaj,Potomje_2025-03-11_16-50_tf_1h,2021-12-19 21:00:00,275.43008,278.03177
Oklaj,Potomje_2025-03-11_16-50_tf_1h,2021-12-19 22:00:00,273.7781,274.13498
Oklaj,Potomje_2025-03-11_16-50_tf_1h,2021-12-19 23:00:00,272.81894,273.06522
Oklaj,Potomje_2025-03-11_16-50_tf_1h,2021-12-20 00:00:00,272.28638,272.37576
Oklaj,Potomje_2025-03-11_16-50_tf_1h,2021-12-20 01:00:00,271.95117,272.1236
Oklaj,Potomje_2025-03-11_16-50_tf_1h,2021-12-20 02:00:00,271.75784,272.02325
Oklaj,Potomje_2025-03-11_16-50_tf_1h,2021-12-20 03:00:00,271.65674,272.08163
Oklaj,Potomje_2025-03-11_16-50_tf_1h,2021-12-20 04:00:00,271.7544,272.2386
Oklaj,Potomje_2025-03-11_16-50_tf_1h,2021-12-20 05:00:00,272.0629,272.72064
Oklaj,Potomje_2025-03-11_16-50_tf_1h,2021-12-20 06:00:00,272.48172,273.36005
Oklaj,Potomje_2025-03-11_16-50_tf_1h,2021-12-20 07:00:00,273.41214,273.8953
Oklaj,Potomje_2025-03-11_16-50_tf_1h,2021-12-20 08:00:00,274.34973,275.244
Oklaj,Potomje_2025-03-11_16-50_tf_1h,2021-12-20 09:00:00,276.81982,275.81577
Oklaj,Potomje_2025-03-11_16-50_tf_1h,2021-12-20 10:00:00,278.9656,279.1659
Oklaj,Potomje_2025-03-11_16-50_tf_1h,2021-12-20 11:00:00,279.971,280.45956
Oklaj,Potomje_2025-03-11_16-50_tf_1h,2021-12-20 12:00:00,280.48462,280.69208
Oklaj,Potomje_2025-03-11_16-50_tf_1h,2021-12-20 13:00:00,280.56534,280.85397
Oklaj,Potomje_2025-03-11_16-50_tf_1h,2021-12-20 14:00:00,280.2353,280.59348
Oklaj,Potomje_2025-03-11_16-50_tf_1h,2021-12-20 15:00:00,279.52405,279.9546
Oklaj,Potomje_2025-03-11_16-50_tf_1h,2021-12-20 16:00:00,278.2923,279.01224
Oklaj,Potomje_2025-03-11_16-50_tf_1h,2021-12-20 17:00:00,276.83188,277.48477
Oklaj,Potomje_2025-03-11_16-50_tf_1h,2021-12-20 18:00:00,275.1931,275.9674
Oklaj,Potomje_2025-03-11_16-50_tf_1h,2021-12-20 19:00:00,273.62183,274.29315
Oklaj,Potomje_2025-03-11_16-50_tf_1h,2021-12-20 20:00:00,272.67676,272.84164
Oklaj,Potomje_2025-03-11_16-50_tf_1h,2021-12-20 21:00:00,271.68344,272.34384
Oklaj,Potomje_2025-03-11_16-50_tf_1h,2021-12-20 22:00:00,271.06094,271.3048
Oklaj,Potomje_2025-03-11_16-50_tf_1h,2021-12-20 23:00:00,270.69214,271.07108
Oklaj,Potomje_2025-03-11_16-50_tf_1h,2021-12-21 00:00:00,270.59158,270.94522
Oklaj,Potomje_2025-03-11_16-50_tf_1h,2021-12-21 01:00:00,270.5505,271.20963
Oklaj,Potomje_2025-03-11_16-50_tf_1h,2021-12-21 02:00:00,270.59042,271.32953
Oklaj,Potomje_2025-03-11_16-50_tf_1h,2021-12-21 03:00:00,270.5149,271.5496
Oklaj,Potomje_2025-03-11_16-50_tf_1h,2021-12-21 04:00:00,270.41492,271.42328
Oklaj,Potomje_2025-03-11_16-50_tf_1h,2021-12-21 05:00:00,270.49075,271.39014
Oklaj,Potomje_2025-03-11_16-50_tf_1h,2021-12-21 06:00:00,270.4718,271.61026
Oklaj,Potomje_2025-03-11_16-50_tf_1h,2021-12-21 07:00:00,270.4675,271.4283
Oklaj,Potomje_2025-03-11_16-50_tf_1h,2021-12-21 08:00:00,270.99258,271.42978
Oklaj,Potomje_2025-03-11_16-50_tf_1h,2021-12-21 09:00:00,272.95367,272.2399
Oklaj,Potomje_2025-03-11_16-50_tf_1h,2021-12-21 10:00:00,275.8222,275.0835
Oklaj,Potomje_2025-03-11_16-50_tf_1h,2021-12-21 11:00:00,276.7885,278.10062
Oklaj,Potomje_2025-03-11_16-50_tf_1h,2021-12-21 12:00:00,277.47363,277.38248
Oklaj,Potomje_2025-03-11_16-50_tf_1h,2021-12-21 13:00:00,277.91052,278.18073
Oklaj,Potomje_2025-03-11_16-50_tf_1h,2021-12-21 14:00:00,278.1524,278.23975
Oklaj,Potomje_2025-03-11_16-50_tf_1h,2021-12-21 15:00:00,277.9611,278.38782
Oklaj,Potomje_2025-03-11_16-50_tf_1h,2021-12-21 16:00:00,277.0617,277.852
Oklaj,Potomje_2025-03-11_16-50_tf_1h,2021-12-21 17:00:00,275.83255,276.5136
Oklaj,Potomje_2025-03-11_16-50_tf_1h,2021-12-21 18:00:00,274.00848,275.18753
Oklaj,Potomje_2025-03-11_16-50_tf_1h,2021-12-21 19:00:00,272.7029,273.03848
Oklaj,Potomje_2025-03-11_16-50_tf_1h,2021-12-21 20:00:00,273.83554,272.2863
Oklaj,Potomje_2025-03-11_16-50_tf_1h,2021-12-21 21:00:00,273.30988,275.16718
Oklaj,Potomje_2025-03-11_16-50_tf_1h,2021-12-21 22:00:00,273.1338,273.0335
Oklaj,Potomje_2025-03-11_16-50_tf_1h,2021-12-21 23:00:00,273.20187,273.76328
Oklaj,Potomje_2025-03-11_16-50_tf_1h,2021-12-22 00:00:00,273.4225,273.76678
Oklaj,Potomje_2025-03-11_16-50_tf_1h,2021-12-22 01:00:00,273.59625,274.17477
Oklaj,Potomje_2025-03-11_16-50_tf_1h,2021-12-22 02:00:00,273.78497,274.30188
Oklaj,Potomje_2025-03-11_16-50_tf_1h,2021-12-22 03:00:00,274.25262,274.5731
Oklaj,Potomje_2025-03-11_16-50_tf_1h,2021-12-22 04:00:00,274.29688,275.28815
Oklaj,Potomje_2025-03-11_16-50_tf_1h,2021-12-22 05:00:00,274.42584,274.95288
Oklaj,Potomje_2025-03-11_16-50_tf_1h,2021-12-22 06:00:00,274.41608,275.3321
Oklaj,Potomje_2025-03-11_16-50_tf_1h,2021-12-22 07:00:00,273.84732,275.13272
Oklaj,Potomje_2025-03-11_16-50_tf_1h,2021-12-22 08:00:00,274.54132,274.17743
Oklaj,Potomje_2025-03-11_16-50_tf_1h,2021-12-22 09:00:00,275.21924,275.85727
Oklaj,Potomje_2025-03-11_16-50_tf_1h,2021-12-22 10:00:00,276.2614,276.04858
Oklaj,Potomje_2025-03-11_16-50_tf_1h,2021-12-22 11:00:00,277.5621,277.43542
Oklaj,Potomje_2025-03-11_16-50_tf_1h,2021-12-22 12:00:00,278.0579,278.68265
Oklaj,Potomje_2025-03-11_16-50_tf_1h,2021-12-22 13:00:00,278.62897,278.53442
Oklaj,Potomje_2025-03-11_16-50_tf_1h,2021-12-22 14:00:00,278.86105,279.21222
Oklaj,Potomje_2025-03-11_16-50_tf_1h,2021-12-22 15:00:00,278.57782,279.10568
Oklaj,Potomje_2025-03-11_16-50_tf_1h,2021-12-22 16:00:00,277.91772,278.53043
Oklaj,Potomje_2025-03-11_16-50_tf_1h,2021-12-22 17:00:00,276.76813,277.68503
Oklaj,Potomje_2025-03-11_16-50_tf_1h,2021-12-22 18:00:00,275.6122,276.2817
Oklaj,Potomje_2025-03-11_16-50_tf_1h,2021-12-22 19:00:00,275.17673,275.2383
Oklaj,Potomje_2025-03-11_16-50_tf_1h,2021-12-22 20:00:00,274.92856,275.2951
Oklaj,Potomje_2025-03-11_16-50_tf_1h,2021-12-22 21:00:00,274.92136,275.12015
Oklaj,Potomje_2025-03-11_16-50_tf_1h,2021-12-22 22:00:00,274.40546,275.36285
Oklaj,Potomje_2025-03-11_16-50_tf_1h,2021-12-22 23:00:00,273.55634,274.47745
Oklaj,Potomje_2025-03-11_16-50_tf_1h,2021-12-23 00:00:00,273.59512,273.559
Oklaj,Potomje_2025-03-11_16-50_tf_1h,2021-12-23 01:00:00,273.6405,274.33786
Oklaj,Potomje_2025-03-11_16-50_tf_1h,2021-12-23 02:00:00,273.81918,274.2084
Oklaj,Potomje_2025-03-11_16-50_tf_1h,2021-12-23 03:00:00,273.68216,274.61258
Oklaj,Potomje_2025-03-11_16-50_tf_1h,2021-12-23 04:00:00,273.5974,274.20236
Oklaj,Potomje_2025-03-11_16-50_tf_1h,2021-12-23 05:00:00,274.0148,274.30142
Oklaj,Potomje_2025-03-11_16-50_tf_1h,2021-12-23 06:00:00,274.5695,275.07742
Oklaj,Potomje_2025-03-11_16-50_tf_1h,2021-12-23 07:00:00,275.03598,275.64703
Oklaj,Potomje_2025-03-11_16-50_tf_1h,2021-12-23 08:00:00,275.70587,276.01672
Oklaj,Potomje_2025-03-11_16-50_tf_1h,2021-12-23 09:00:00,277.05594,276.7791
Oklaj,Potomje_2025-03-11_16-50_tf_1h,2021-12-23 10:00:00,279.41287,278.45685
Oklaj,Potomje_2025-03-11_16-50_tf_1h,2021-12-23 11:00:00,279.8584,281.24335
Oklaj,Potomje_2025-03-11_16-50_tf_1h,2021-12-23 12:00:00,280.28152,280.17392
Oklaj,Potomje_2025-03-11_16-50_tf_1h,2021-12-23 13:00:00,280.40475,280.8064
Oklaj,Potomje_2025-03-11_16-50_tf_1h,2021-12-23 14:00:00,280.4056,280.5228
Oklaj,Potomje_2025-03-11_16-50_tf_1h,2021-12-23 15:00:00,280.4984,280.4606
Oklaj,Potomje_2025-03-11_16-50_tf_1h,2021-12-23 16:00:00,280.14594,280.5864
Oklaj,Potomje_2025-03-11_16-50_tf_1h,2021-12-23 17:00:00,279.57202,279.93964
Oklaj,Potomje_2025-03-11_16-50_tf_1h,2021-12-23 18:00:00,278.855,279.2981
Oklaj,Potomje_2025-03-11_16-50_tf_1h,2021-12-23 19:00:00,277.9295,278.50598
Oklaj,Potomje_2025-03-11_16-50_tf_1h,2021-12-23 20:00:00,278.20038,277.4746
Oklaj,Potomje_2025-03-11_16-50_tf_1h,2021-12-23 21:00:00,277.8482,278.5263
Oklaj,Potomje_2025-03-11_16-50_tf_1h,2021-12-23 22:00:00,277.77667,277.6466
Oklaj,Potomje_2025-03-11_16-50_tf_1h,2021-12-23 23:00:00,278.15125,277.917
Oklaj,Potomje_2025-03-11_16-50_tf_1h,2021-12-24 00:00:00,278.3305,278.5165
Oklaj,Potomje_2025-03-11_16-50_tf_1h,2021-12-24 01:00:00,278.5876,278.55908
Oklaj,Potomje_2025-03-11_16-50_tf_1h,2021-12-24 02:00:00,278.6235,278.94986
Oklaj,Potomje_2025-03-11_16-50_tf_1h,2021-12-24 03:00:00,278.82486,278.87592
Oklaj,Potomje_2025-03-11_16-50_tf_1h,2021-12-24 04:00:00,279.04633,279.3289
Oklaj,Potomje_2025-03-11_16-50_tf_1h,2021-12-24 05:00:00,278.91852,279.59943
Oklaj,Potomje_2025-03-11_16-50_tf_1h,2021-12-24 06:00:00,279.13394,279.33624
Oklaj,Potomje_2025-03-11_16-50_tf_1h,2021-12-24 07:00:00,279.36862,279.91043
Oklaj,Potomje_2025-03-11_16-50_tf_1h,2021-12-24 08:00:00,279.92935,279.9981
Oklaj,Potomje_2025-03-11_16-50_tf_1h,2021-12-24 09:00:00,280.5352,280.6791
Oklaj,Potomje_2025-03-11_16-50_tf_1h,2021-12-24 10:00:00,281.31277,281.1067
Oklaj,Potomje_2025-03-11_16-50_tf_1h,2021-12-24 11:00:00,282.28598,281.9287
Oklaj,Potomje_2025-03-11_16-50_tf_1h,2021-12-24 12:00:00,282.78983,282.92365
Oklaj,Potomje_2025-03-11_16-50_tf_1h,2021-12-24 13:00:00,282.8068,283.06198
Oklaj,Potomje_2025-03-11_16-50_tf_1h,2021-12-24 14:00:00,282.69388,282.80017
Oklaj,Potomje_2025-03-11_16-50_tf_1h,2021-12-24 15:00:00,282.61633,282.60687
Oklaj,Potomje_2025-03-11_16-50_tf_1h,2021-12-24 16:00:00,282.27307,282.53143
Oklaj,Potomje_2025-03-11_16-50_tf_1h,2021-12-24 17:00:00,282.07657,282.04868
Oklaj,Potomje_2025-03-11_16-50_tf_1h,2021-12-24 18:00:00,282.0045,281.961
Oklaj,Potomje_2025-03-11_16-50_tf_1h,2021-12-24 19:00:00,282.0789,281.95312
Oklaj,Potomje_2025-03-11_16-50_tf_1h,2021-12-24 20:00:00,282.79156,282.0898
Oklaj,Potomje_2025-03-11_16-50_tf_1h,2021-12-24 21:00:00,282.78323,283.12228
Oklaj,Potomje_2025-03-11_16-50_tf_1h,2021-12-24 22:00:00,282.76398,282.69678
Oklaj,Potomje_2025-03-11_16-50_tf_1h,2021-12-24 23:00:00,282.82114,282.7162
Oklaj,Potomje_2025-03-11_16-50_tf_1h,2021-12-25 00:00:00,282.87228,282.77957
Oklaj,Potomje_2025-03-11_16-50_tf_1h,2021-12-25 01:00:00,282.79385,282.81137
Oklaj,Potomje_2025-03-11_16-50_tf_1h,2021-12-25 02:00:00,282.83377,282.67136
Oklaj,Potomje_2025-03-11_16-50_tf_1h,2021-12-25 03:00:00,282.92886,282.78714
Oklaj,Potomje_2025-03-11_16-50_tf_1h,2021-12-25 04:00:00,282.9659,282.9178
Oklaj,Potomje_2025-03-11_16-50_tf_1h,2021-12-25 05:00:00,283.00385,282.96887
Oklaj,Potomje_2025-03-11_16-50_tf_1h,2021-12-25 06:00:00,283.16296,283.05038
Oklaj,Potomje_2025-03-11_16-50_tf_1h,2021-12-25 07:00:00,283.28592,283.30637
Oklaj,Potomje_2025-03-11_16-50_tf_1h,2021-12-25 08:00:00,283.79608,283.40378
Oklaj,Potomje_2025-03-11_16-50_tf_1h,2021-12-25 09:00:00,283.99573,284.09915
Oklaj,Potomje_2025-03-11_16-50_tf_1h,2021-12-25 10:00:00,284.0641,284.07553
Oklaj,Potomje_2025-03-11_16-50_tf_1h,2021-12-25 11:00:00,284.17352,284.06424
Oklaj,Potomje_2025-03-11_16-50_tf_1h,2021-12-25 12:00:00,284.28787,284.1602
Oklaj,Potomje_2025-03-11_16-50_tf_1h,2021-12-25 13:00:00,284.3295,284.25476
Oklaj,Potomje_2025-03-11_16-50_tf_1h,2021-12-25 14:00:00,283.95322,284.26172
Oklaj,Potomje_2025-03-11_16-50_tf_1h,2021-12-25 15:00:00,283.8067,283.70383
Oklaj,Potomje_2025-03-11_16-50_tf_1h,2021-12-25 16:00:00,283.66797,283.67722
Oklaj,Potomje_2025-03-11_16-50_tf_1h,2021-12-25 17:00:00,283.6289,283.52832
Oklaj,Potomje_2025-03-11_16-50_tf_1h,2021-12-25 18:00:00,283.64987,283.54248
Oklaj,Potomje_2025-03-11_16-50_tf_1h,2021-12-25 19:00:00,283.60907,283.58466
Oklaj,Potomje_2025-03-11_16-50_tf_1h,2021-12-25 20:00:00,283.53152,283.50104
Oklaj,Potomje_2025-03-11_16-50_tf_1h,2021-12-25 21:00:00,283.5476,283.40628
Oklaj,Potomje_2025-03-11_16-50_tf_1h,2021-12-25 22:00:00,283.68665,283.46298
Oklaj,Potomje_2025-03-11_16-50_tf_1h,2021-12-25 23:00:00,283.79752,283.65115
Oklaj,Potomje_2025-03-11_16-50_tf_1h,2021-12-26 00:00:00,283.84433,283.74988
Oklaj,Potomje_2025-03-11_16-50_tf_1h,2021-12-26 01:00:00,283.8679,283.78287
Oklaj,Potomje_2025-03-11_16-50_tf_1h,2021-12-26 02:00:00,283.8932,283.80927
Oklaj,Potomje_2025-03-11_16-50_tf_1h,2021-12-26 03:00:00,283.89087,283.84668
Oklaj,Potomje_2025-03-11_16-50_tf_1h,2021-12-26 04:00:00,283.84177,283.84824
Oklaj,Potomje_2025-03-11_16-50_tf_1h,2021-12-26 05:00:00,283.678,283.79355
Oklaj,Potomje_2025-03-11_16-50_tf_1h,2021-12-26 06:00:00,283.3988,283.5845
Oklaj,Potomje_2025-03-11_16-50_tf_1h,2021-12-26 07:00:00,283.05237,283.2598
Oklaj,Potomje_2025-03-11_16-50_tf_1h,2021-12-26 08:00:00,283.0515,282.8805
Oklaj,Potomje_2025-03-11_16-50_tf_1h,2021-12-26 09:00:00,283.65103,283.04495
Oklaj,Potomje_2025-03-11_16-50_tf_1h,2021-12-26 10:00:00,284.37003,283.9076
Oklaj,Potomje_2025-03-11_16-50_tf_1h,2021-12-26 11:00:00,284.92615,284.64615
Oklaj,Potomje_2025-03-11_16-50_tf_1h,2021-12-26 12:00:00,285.0445,285.11542
Oklaj,Potomje_2025-03-11_16-50_tf_1h,2021-12-26 13:00:00,284.8098,285.03076
Oklaj,Potomje_2025-03-11_16-50_tf_1h,2021-12-26 14:00:00,284.79343,284.6463
Oklaj,Potomje_2025-03-11_16-50_tf_1h,2021-12-26 15:00:00,284.50647,284.72092
Oklaj,Potomje_2025-03-11_16-50_tf_1h,2021-12-26 16:00:00,283.87708,284.29782
Oklaj,Potomje_2025-03-11_16-50_tf_1h,2021-12-26 17:00:00,283.35114,283.53952
Oklaj,Potomje_2025-03-11_16-50_tf_1h,2021-12-26 18:00:00,283.2345,283.06976
Oklaj,Potomje_2025-03-11_16-50_tf_1h,2021-12-26 19:00:00,283.19055,283.12573
Oklaj,Potomje_2025-03-11_16-50_tf_1h,2021-12-26 20:00:00,282.82602,283.10208
Oklaj,Potomje_2025-03-11_16-50_tf_1h,2021-12-26 21:00:00,282.59506,282.59933
Oklaj,Potomje_2025-03-11_16-50_tf_1h,2021-12-26 22:00:00,282.94092,282.44305
Oklaj,Potomje_2025-03-11_16-50_tf_1h,2021-12-26 23:00:00,282.90216,283.04538
Oklaj,Potomje_2025-03-11_16-50_tf_1h,2021-12-27 00:00:00,282.76514,282.79718
Oklaj,Potomje_2025-03-11_16-50_tf_1h,2021-12-27 01:00:00,282.60083,282.65027
Oklaj,Potomje_2025-03-11_16-50_tf_1h,2021-12-27 02:00:00,282.06192,282.47656
Oklaj,Potomje_2025-03-11_16-50_tf_1h,2021-12-27 03:00:00,281.52045,281.7686
Oklaj,Potomje_2025-03-11_16-50_tf_1h,2021-12-27 04:00:00,281.11026,281.282
Oklaj,Potomje_2025-03-11_16-50_tf_1h,2021-12-27 05:00:00,280.66586,280.97885
Oklaj,Potomje_2025-03-11_16-50_tf_1h,2021-12-27 06:00:00,280.03937,280.58856
Oklaj,Potomje_2025-03-11_16-50_tf_1h,2021-12-27 07:00:00,279.48987,279.93243
Oklaj,Potomje_2025-03-11_16-50_tf_1h,2021-12-27 08:00:00,279.71362,279.46738
Oklaj,Potomje_2025-03-11_16-50_tf_1h,2021-12-27 09:00:00,279.93365,280.125
Oklaj,Potomje_2025-03-11_16-50_tf_1h,2021-12-27 10:00:00,280.5165,280.25723
Oklaj,Potomje_2025-03-11_16-50_tf_1h,2021-12-27 11:00:00,281.41446,281.08493
Oklaj,Potomje_2025-03-11_16-50_tf_1h,2021-12-27 12:00:00,282.38077,282.10287
Oklaj,Potomje_2025-03-11_16-50_tf_1h,2021-12-27 13:00:00,283.1621,283.07138
Oklaj,Potomje_2025-03-11_16-50_tf_1h,2021-12-27 14:00:00,283.36636,283.69858
Oklaj,Potomje_2025-03-11_16-50_tf_1h,2021-12-27 15:00:00,283.27213,283.559
Oklaj,Potomje_2025-03-11_16-50_tf_1h,2021-12-27 16:00:00,282.6054,283.31024
Oklaj,Potomje_2025-03-11_16-50_tf_1h,2021-12-27 17:00:00,280.99106,282.3225
Oklaj,Potomje_2025-03-11_16-50_tf_1h,2021-12-27 18:00:00,280.32806,280.24878
Oklaj,Potomje_2025-03-11_16-50_tf_1h,2021-12-27 19:00:00,279.51428,280.14008
Oklaj,Potomje_2025-03-11_16-50_tf_1h,2021-12-27 20:00:00,279.43124,279.14325
Oklaj,Potomje_2025-03-11_16-50_tf_1h,2021-12-27 21:00:00,279.117,279.49722
Oklaj,Potomje_2025-03-11_16-50_tf_1h,2021-12-27 22:00:00,279.12762,278.97464
Oklaj,Potomje_2025-03-11_16-50_tf_1h,2021-12-27 23:00:00,278.99033,279.2058
Oklaj,Potomje_2025-03-11_16-50_tf_1h,2021-12-28 00:00:00,279.24826,278.9524
Oklaj,Potomje_2025-03-11_16-50_tf_1h,2021-12-28 01:00:00,279.16037,279.45724
Oklaj,Potomje_2025-03-11_16-50_tf_1h,2021-12-28 02:00:00,279.4953,279.14417
Oklaj,Potomje_2025-03-11_16-50_tf_1h,2021-12-28 03:00:00,279.4956,279.80038
Oklaj,Potomje_2025-03-11_16-50_tf_1h,2021-12-28 04:00:00,279.0765,279.6101
Oklaj,Potomje_2025-03-11_16-50_tf_1h,2021-12-28 05:00:00,279.01846,279.0766
Oklaj,Potomje_2025-03-11_16-50_tf_1h,2021-12-28 06:00:00,278.93372,279.40366
Oklaj,Potomje_2025-03-11_16-50_tf_1h,2021-12-28 07:00:00,278.90903,279.36267
Oklaj,Potomje_2025-03-11_16-50_tf_1h,2021-12-28 08:00:00,278.7071,279.4104
Oklaj,Potomje_2025-03-11_16-50_tf_1h,2021-12-28 09:00:00,280.27377,279.02863
Oklaj,Potomje_2025-03-11_16-50_tf_1h,2021-12-28 10:00:00,282.7479,281.67322
Oklaj,Potomje_2025-03-11_16-50_tf_1h,2021-12-28 11:00:00,283.56055,284.27063
Oklaj,Potomje_2025-03-11_16-50_tf_1h,2021-12-28 12:00:00,284.36282,283.9825
Oklaj,Potomje_2025-03-11_16-50_tf_1h,2021-12-28 13:00:00,284.71356,284.83398
Oklaj,Potomje_2025-03-11_16-50_tf_1h,2021-12-28 14:00:00,284.71643,284.80545
Oklaj,Potomje_2025-03-11_16-50_tf_1h,2021-12-28 15:00:00,284.0661,284.6135
Oklaj,Potomje_2025-03-11_16-50_tf_1h,2021-12-28 16:00:00,283.5792,283.6297
Oklaj,Potomje_2025-03-11_16-50_tf_1h,2021-12-28 17:00:00,282.63614,283.2591
Oklaj,Potomje_2025-03-11_16-50_tf_1h,2021-12-28 18:00:00,281.6003,282.0832
Oklaj,Potomje_2025-03-11_16-50_tf_1h,2021-12-28 19:00:00,280.69775,281.06155
Oklaj,Potomje_2025-03-11_16-50_tf_1h,2021-12-28 20:00:00,281.11685,280.23874
Oklaj,Potomje_2025-03-11_16-50_tf_1h,2021-12-28 21:00:00,281.35757,281.2539
Oklaj,Potomje_2025-03-11_16-50_tf_1h,2021-12-28 22:00:00,281.55176,281.3616
Oklaj,Potomje_2025-03-11_16-50_tf_1h,2021-12-28 23:00:00,281.6296,281.56375
Oklaj,Potomje_2025-03-11_16-50_tf_1h,2021-12-29 00:00:00,281.39377,281.56863
Oklaj,Potomje_2025-03-11_16-50_tf_1h,2021-12-29 01:00:00,281.45123,281.17093
Oklaj,Potomje_2025-03-11_16-50_tf_1h,2021-12-29 02:00:00,281.05167,281.39526
Oklaj,Potomje_2025-03-11_16-50_tf_1h,2021-12-29 03:00:00,281.18637,280.76474
Oklaj,Potomje_2025-03-11_16-50_tf_1h,2021-12-29 04:00:00,281.222,281.28278
Oklaj,Potomje_2025-03-11_16-50_tf_1h,2021-12-29 05:00:00,281.19357,281.33398
Oklaj,Potomje_2025-03-11_16-50_tf_1h,2021-12-29 06:00:00,281.12262,281.5192
Oklaj,Potomje_2025-03-11_16-50_tf_1h,2021-12-29 07:00:00,281.1275,281.75732
Oklaj,Potomje_2025-03-11_16-50_tf_1h,2021-12-29 08:00:00,280.9632,281.87213
Oklaj,Potomje_2025-03-11_16-50_tf_1h,2021-12-29 09:00:00,281.16858,281.20413
Oklaj,Potomje_2025-03-11_16-50_tf_1h,2021-12-29 10:00:00,282.50287,281.5073
Oklaj,Potomje_2025-03-11_16-50_tf_1h,2021-12-29 11:00:00,283.6045,283.33954
Oklaj,Potomje_2025-03-11_16-50_tf_1h,2021-12-29 12:00:00,284.56564,284.13055
Oklaj,Potomje_2025-03-11_16-50_tf_1h,2021-12-29 13:00:00,285.05597,284.9992
Oklaj,Potomje_2025-03-11_16-50_tf_1h,2021-12-29 14:00:00,285.57074,285.20093
Oklaj,Potomje_2025-03-11_16-50_tf_1h,2021-12-29 15:00:00,285.64774,285.7174
Oklaj,Potomje_2025-03-11_16-50_tf_1h,2021-12-29 16:00:00,284.39902,285.55762
Oklaj,Potomje_2025-03-11_16-50_tf_1h,2021-12-29 17:00:00,282.7298,283.73688
Oklaj,Potomje_2025-03-11_16-50_tf_1h,2021-12-29 18:00:00,281.39923,281.95825
Oklaj,Potomje_2025-03-11_16-50_tf_1h,2021-12-29 19:00:00,279.79608,280.80807
Oklaj,Potomje_2025-03-11_16-50_tf_1h,2021-12-29 20:00:00,278.86853,279.08762
Oklaj,Potomje_2025-03-11_16-50_tf_1h,2021-12-29 21:00:00,277.60718,278.46533
Oklaj,Potomje_2025-03-11_16-50_tf_1h,2021-12-29 22:00:00,276.8342,277.03445
Oklaj,Potomje_2025-03-11_16-50_tf_1h,2021-12-29 23:00:00,276.44785,276.47427
Oklaj,Potomje_2025-03-11_16-50_tf_1h,2021-12-30 00:00:00,276.16718,276.25565
Oklaj,Potomje_2025-03-11_16-50_tf_1h,2021-12-30 01:00:00,276.14966,276.09192
Oklaj,Potomje_2025-03-11_16-50_tf_1h,2021-12-30 02:00:00,276.24503,276.35498
Oklaj,Potomje_2025-03-11_16-50_tf_1h,2021-12-30 03:00:00,276.79715,276.64163
Oklaj,Potomje_2025-03-11_16-50_tf_1h,2021-12-30 04:00:00,277.27887,277.6937
Oklaj,Potomje_2025-03-11_16-50_tf_1h,2021-12-30 05:00:00,277.7129,278.2902
Oklaj,Potomje_2025-03-11_16-50_tf_1h,2021-12-30 06:00:00,277.5911,278.97467
Oklaj,Potomje_2025-03-11_16-50_tf_1h,2021-12-30 07:00:00,277.6408,278.39478
Oklaj,Potomje_2025-03-11_16-50_tf_1h,2021-12-30 08:00:00,278.2242,278.48853
Oklaj,Potomje_2025-03-11_16-50_tf_1h,2021-12-30 09:00:00,279.6487,279.12094
Oklaj,Potomje_2025-03-11_16-50_tf_1h,2021-12-30 10:00:00,281.27084,280.84814
Oklaj,Potomje_2025-03-11_16-50_tf_1h,2021-12-30 11:00:00,282.70453,282.31967
Oklaj,Potomje_2025-03-11_16-50_tf_1h,2021-12-30 12:00:00,283.56396,283.56253
Oklaj,Potomje_2025-03-11_16-50_tf_1h,2021-12-30 13:00:00,284.7515,283.99588
Oklaj,Potomje_2025-03-11_16-50_tf_1h,2021-12-30 14:00:00,285.3593,285.30447
Oklaj,Potomje_2025-03-11_16-50_tf_1h,2021-12-30 15:00:00,285.1275,285.4533
Oklaj,Potomje_2025-03-11_16-50_tf_1h,2021-12-30 16:00:00,283.91788,284.78293
Oklaj,Potomje_2025-03-11_16-50_tf_1h,2021-12-30 17:00:00,282.52786,283.1277
Oklaj,Potomje_2025-03-11_16-50_tf_1h,2021-12-30 18:00:00,281.40756,281.72247
Oklaj,Potomje_2025-03-11_16-50_tf_1h,2021-12-30 19:00:00,280.53833,280.75558
Oklaj,Potomje_2025-03-11_16-50_tf_1h,2021-12-30 20:00:00,279.79865,280.03278
Oklaj,Potomje_2025-03-11_16-50_tf_1h,2021-12-30 21:00:00,279.358,279.3762
Oklaj,Potomje_2025-03-11_16-50_tf_1h,2021-12-30 22:00:00,278.94235,279.09537
Oklaj,Potomje_2025-03-11_16-50_tf_1h,2021-12-30 23:00:00,278.65338,278.67993
Oklaj,Potomje_2025-03-11_16-50_tf_1h,2021-12-31 00:00:00,278.34973,278.45685
Oklaj,Potomje_2025-03-11_16-50_tf_1h,2021-12-31 01:00:00,278.01395,278.1691
Oklaj,Potomje_2025-03-11_16-50_tf_1h,2021-12-31 02:00:00,277.4202,277.8672
Oklaj,Potomje_2025-03-11_16-50_tf_1h,2021-12-31 03:00:00,277.05652,277.17184
Oklaj,Potomje_2025-03-11_16-50_tf_1h,2021-12-31 04:00:00,276.8115,277.1073
Oklaj,Potomje_2025-03-11_16-50_tf_1h,2021-12-31 05:00:00,276.6509,277.12445
Oklaj,Potomje_2025-03-11_16-50_tf_1h,2021-12-31 06:00:00,276.5205,277.4429
Oklaj,Potomje_2025-03-11_16-50_tf_1h,2021-12-31 07:00:00,276.40445,277.7847
Oklaj,Potomje_2025-03-11_16-50_tf_1h,2021-12-31 08:00:00,276.86578,277.53122
Oklaj,Potomje_2025-03-11_16-50_tf_1h,2021-12-31 09:00:00,278.49854,278.01318
Oklaj,Potomje_2025-03-11_16-50_tf_1h,2021-12-31 10:00:00,282.91135,280.05435
Oklaj,Potomje_2025-03-11_16-50_tf_1h,2021-12-31 11:00:00,286.8674,285.7894
Oklaj,Potomje_2025-03-11_16-50_tf_1h,2021-12-31 12:00:00,288.63055,288.91724
Oklaj,Potomje_2025-03-11_16-50_tf_1h,2021-12-31 13:00:00,289.21857,289.4114
Oklaj,Potomje_2025-03-11_16-50_tf_1h,2021-12-31 14:00:00,289.08243,289.35214
Oklaj,Potomje_2025-03-11_16-50_tf_1h,2021-12-31 15:00:00,288.26605,288.8008
Oklaj,Potomje_2025-03-11_16-50_tf_1h,2021-12-31 16:00:00,286.6353,287.64096
Oklaj,Potomje_2025-03-11_16-50_tf_1h,2021-12-31 17:00:00,286.07974,285.68253
Oklaj,Potomje_2025-03-11_16-50_tf_1h,2021-12-31 18:00:00,284.73685,285.54608
Oklaj,Potomje_2025-03-11_16-50_tf_1h,2021-12-31 19:00:00,282.6439,283.93915
Oklaj,Potomje_2025-03-11_16-50_tf_1h,2021-12-31 20:00:00,281.17145,281.6967
Oklaj,Potomje_2025-03-11_16-50_tf_1h,2021-12-31 21:00:00,281.19012,280.46313
Oklaj,Potomje_2025-03-11_16-50_tf_1h,2021-12-31 22:00:00,281.98953,280.90335
Oklaj,Potomje_2025-03-11_16-50_tf_1h,2021-12-31 23:00:00,281.34293,281.94736
