datetime,t2m
01/01/2021 0:00,273.84503
01/01/2021 1:00,273.18945
01/01/2021 2:00,272.75177
01/01/2021 3:00,272.5523
01/01/2021 4:00,272.42343
01/01/2021 5:00,272.3923
01/01/2021 6:00,272.45563
01/01/2021 7:00,272.68445
01/01/2021 8:00,274.25266
01/01/2021 9:00,276.52536
01/01/2021 10:00,278.59427
01/01/2021 11:00,280.0796
01/01/2021 12:00,280.99185
01/01/2021 13:00,281.3488
01/01/2021 14:00,280.99258
01/01/2021 15:00,279.84753
01/01/2021 16:00,278.99246
01/01/2021 17:00,278.38358
01/01/2021 18:00,277.77213
01/01/2021 19:00,277.78625
01/01/2021 20:00,277.2342
01/01/2021 21:00,276.76105
01/01/2021 22:00,276.4316
01/01/2021 23:00,276.41928
02/01/2021 0:00,276.36392
02/01/2021 1:00,276.1554
02/01/2021 2:00,275.85638
02/01/2021 3:00,275.6808
02/01/2021 4:00,275.5787
02/01/2021 5:00,275.4828
02/01/2021 6:00,275.3083
02/01/2021 7:00,275.25723
02/01/2021 8:00,276.66837
02/01/2021 9:00,279.02902
02/01/2021 10:00,281.16382
02/01/2021 11:00,282.85294
02/01/2021 12:00,283.82312
02/01/2021 13:00,283.96686
02/01/2021 14:00,283.30945
02/01/2021 15:00,282.24078
02/01/2021 16:00,281.41757
02/01/2021 17:00,281.00378
02/01/2021 18:00,280.71854
02/01/2021 19:00,280.61536
02/01/2021 20:00,280.33807
02/01/2021 21:00,280.02527
02/01/2021 22:00,279.75015
02/01/2021 23:00,279.2607
03/01/2021 0:00,279.00006
03/01/2021 1:00,278.88458
03/01/2021 2:00,278.6464
03/01/2021 3:00,278.4806
03/01/2021 4:00,278.01035
03/01/2021 5:00,277.47202
03/01/2021 6:00,276.992
03/01/2021 7:00,277.73773
03/01/2021 8:00,278.62393
03/01/2021 9:00,279.98438
03/01/2021 10:00,281.11096
03/01/2021 11:00,282.3121
03/01/2021 12:00,283.17007
03/01/2021 13:00,283.63885
03/01/2021 14:00,283.37677
03/01/2021 15:00,282.20712
03/01/2021 16:00,280.34857
03/01/2021 17:00,279.23392
03/01/2021 18:00,278.45596
03/01/2021 19:00,278.59534
03/01/2021 20:00,277.98862
03/01/2021 21:00,277.6085
03/01/2021 22:00,277.29825
03/01/2021 23:00,276.74835
04/01/2021 0:00,275.96786
04/01/2021 1:00,275.3083
04/01/2021 2:00,274.842
04/01/2021 3:00,274.3084
04/01/2021 4:00,274.04233
04/01/2021 5:00,273.9348
04/01/2021 6:00,273.7701
04/01/2021 7:00,273.10327
04/01/2021 8:00,275.53745
04/01/2021 9:00,278.28726
04/01/2021 10:00,280.09045
04/01/2021 11:00,281.06317
04/01/2021 12:00,281.44833
04/01/2021 13:00,281.69235
04/01/2021 14:00,281.41867
04/01/2021 15:00,280.62732
04/01/2021 16:00,279.87613
04/01/2021 17:00,279.48877
04/01/2021 18:00,279.3038
04/01/2021 19:00,278.7796
04/01/2021 20:00,278.32492
04/01/2021 21:00,278.06317
04/01/2021 22:00,277.97665
04/01/2021 23:00,277.83115
05/01/2021 0:00,277.9709
05/01/2021 1:00,278.10663
05/01/2021 2:00,278.20074
05/01/2021 3:00,278.20908
05/01/2021 4:00,278.08853
05/01/2021 5:00,277.8022
05/01/2021 6:00,277.61862
05/01/2021 7:00,277.4275
05/01/2021 8:00,277.75693
05/01/2021 9:00,278.124
05/01/2021 10:00,278.32312
05/01/2021 11:00,278.68475
05/01/2021 12:00,279.04205
05/01/2021 13:00,279.256
05/01/2021 14:00,279.3248
05/01/2021 15:00,279.0236
05/01/2021 16:00,278.4042
05/01/2021 17:00,277.3645
05/01/2021 18:00,277.0159
05/01/2021 19:00,277.07706
05/01/2021 20:00,276.96448
05/01/2021 21:00,276.57895
05/01/2021 22:00,276.66077
05/01/2021 23:00,276.76755
06/01/2021 0:00,276.88556
06/01/2021 1:00,277.1292
06/01/2021 2:00,277.45935
06/01/2021 3:00,277.7819
06/01/2021 4:00,277.75293
06/01/2021 5:00,277.7265
06/01/2021 6:00,277.4514
06/01/2021 7:00,277.60886
06/01/2021 8:00,277.99985
06/01/2021 9:00,279.57242
06/01/2021 10:00,280.98895
06/01/2021 11:00,282.06702
06/01/2021 12:00,282.72913
06/01/2021 13:00,282.921
06/01/2021 14:00,282.46667
06/01/2021 15:00,281.20038
06/01/2021 16:00,279.912
06/01/2021 17:00,278.9349
06/01/2021 18:00,278.30972
06/01/2021 19:00,277.4344
06/01/2021 20:00,276.79218
06/01/2021 21:00,276.19666
06/01/2021 22:00,275.80206
06/01/2021 23:00,275.62793
07/01/2021 0:00,275.30756
07/01/2021 1:00,274.81415
07/01/2021 2:00,274.4384
07/01/2021 3:00,274.11798
07/01/2021 4:00,273.77155
07/01/2021 5:00,273.38962
07/01/2021 6:00,273.03522
07/01/2021 7:00,272.8184
07/01/2021 8:00,274.51114
07/01/2021 9:00,276.49603
07/01/2021 10:00,277.9296
07/01/2021 11:00,278.94577
07/01/2021 12:00,279.51846
07/01/2021 13:00,279.7013
07/01/2021 14:00,279.54453
07/01/2021 15:00,278.8017
07/01/2021 16:00,277.29355
07/01/2021 17:00,276.10834
07/01/2021 18:00,275.04837
07/01/2021 19:00,274.82465
07/01/2021 20:00,274.83658
07/01/2021 21:00,274.90753
07/01/2021 22:00,274.9622
07/01/2021 23:00,274.95422
08/01/2021 0:00,274.9032
08/01/2021 1:00,274.91913
08/01/2021 2:00,274.9202
08/01/2021 3:00,275.01505
08/01/2021 4:00,274.9365
08/01/2021 5:00,274.9014
08/01/2021 6:00,274.86047
08/01/2021 7:00,274.87787
08/01/2021 8:00,275.33218
08/01/2021 9:00,276.02182
08/01/2021 10:00,276.77188
08/01/2021 11:00,277.0655
08/01/2021 12:00,277.3837
08/01/2021 13:00,277.35437
08/01/2021 14:00,276.7965
08/01/2021 15:00,276.23505
08/01/2021 16:00,275.41977
08/01/2021 17:00,275.0516
08/01/2021 18:00,274.75333
08/01/2021 19:00,274.0753
08/01/2021 20:00,273.65497
08/01/2021 21:00,273.06238
08/01/2021 22:00,272.80896
08/01/2021 23:00,272.51865
09/01/2021 0:00,272.2464
09/01/2021 1:00,272.0987
09/01/2021 2:00,272.28116
09/01/2021 3:00,272.26376
09/01/2021 4:00,271.9879
09/01/2021 5:00,271.9908
09/01/2021 6:00,272.15952
09/01/2021 7:00,272.0741
09/01/2021 8:00,272.70255
09/01/2021 9:00,274.66824
09/01/2021 10:00,275.77383
09/01/2021 11:00,276.75378
09/01/2021 12:00,277.4959
09/01/2021 13:00,277.68127
09/01/2021 14:00,277.47202
09/01/2021 15:00,276.83163
09/01/2021 16:00,275.9751
09/01/2021 17:00,275.2243
09/01/2021 18:00,274.7327
09/01/2021 19:00,274.07672
09/01/2021 20:00,273.80557
09/01/2021 21:00,273.34763
09/01/2021 22:00,273.19052
09/01/2021 23:00,272.98273
10/01/2021 0:00,272.7742
10/01/2021 1:00,272.67865
10/01/2021 2:00,272.59537
10/01/2021 3:00,272.4321
10/01/2021 4:00,272.2855
10/01/2021 5:00,272.21127
10/01/2021 6:00,272.2692
10/01/2021 7:00,272.1787
10/01/2021 8:00,273.14563
10/01/2021 9:00,274.01083
10/01/2021 10:00,274.75333
10/01/2021 11:00,275.10483
10/01/2021 12:00,275.32095
10/01/2021 13:00,275.12872
10/01/2021 14:00,274.75983
10/01/2021 15:00,274.3935
10/01/2021 16:00,273.8903
10/01/2021 17:00,273.61588
10/01/2021 18:00,273.4211
10/01/2021 19:00,272.6211
10/01/2021 20:00,272.4781
10/01/2021 21:00,272.4267
10/01/2021 22:00,272.32895
10/01/2021 23:00,272.26523
11/01/2021 0:00,272.20984
11/01/2021 1:00,272.16025
11/01/2021 2:00,272.12766
11/01/2021 3:00,272.006
11/01/2021 4:00,271.9843
11/01/2021 5:00,272.06503
11/01/2021 6:00,272.0929
11/01/2021 7:00,271.56436
11/01/2021 8:00,272.08313
11/01/2021 9:00,272.98743
11/01/2021 10:00,273.81064
11/01/2021 11:00,274.27582
11/01/2021 12:00,274.6896
11/01/2021 13:00,274.38153
11/01/2021 14:00,274.20163
11/01/2021 15:00,273.554
11/01/2021 16:00,273.00046
11/01/2021 17:00,272.68805
11/01/2021 18:00,272.41943
11/01/2021 19:00,271.94955
11/01/2021 20:00,270.93448
11/01/2021 21:00,270.4034
11/01/2021 22:00,270.26404
11/01/2021 23:00,270.59274
12/01/2021 0:00,271.98322
12/01/2021 1:00,272.27573
12/01/2021 2:00,272.18484
12/01/2021 3:00,271.505
12/01/2021 4:00,271.181
12/01/2021 5:00,271.03546
12/01/2021 6:00,271.15097
12/01/2021 7:00,272.01074
12/01/2021 8:00,272.24893
12/01/2021 9:00,272.27066
12/01/2021 10:00,274.0503
12/01/2021 11:00,274.3551
12/01/2021 12:00,274.71133
12/01/2021 13:00,274.78302
12/01/2021 14:00,274.73233
12/01/2021 15:00,274.26425
12/01/2021 16:00,273.5511
12/01/2021 17:00,272.9288
12/01/2021 18:00,272.7503
12/01/2021 19:00,272.84952
12/01/2021 20:00,272.75864
12/01/2021 21:00,272.8162
12/01/2021 22:00,272.64172
12/01/2021 23:00,272.51428
13/01/2021 0:00,272.3731
13/01/2021 1:00,272.31302
13/01/2021 2:00,272.31482
13/01/2021 3:00,272.26306
13/01/2021 4:00,271.99155
13/01/2021 5:00,271.8453
13/01/2021 6:00,271.48834
13/01/2021 7:00,272.18668
13/01/2021 8:00,272.78036
13/01/2021 9:00,274.3026
13/01/2021 10:00,275.9342
13/01/2021 11:00,276.5869
13/01/2021 12:00,277.169
13/01/2021 13:00,277.72
13/01/2021 14:00,277.3913
13/01/2021 15:00,276.3317
13/01/2021 16:00,274.94736
13/01/2021 17:00,273.83417
13/01/2021 18:00,272.7438
13/01/2021 19:00,272.0375
13/01/2021 20:00,271.31964
13/01/2021 21:00,270.05695
13/01/2021 22:00,269.29962
13/01/2021 23:00,268.715
14/01/2021 0:00,268.39026
14/01/2021 1:00,268.3577
14/01/2021 2:00,268.73163
14/01/2021 3:00,269.54977
14/01/2021 4:00,272.31192
14/01/2021 5:00,272.25293
14/01/2021 6:00,272.17328
14/01/2021 7:00,272.26486
14/01/2021 8:00,272.59756
14/01/2021 9:00,273.7871
14/01/2021 10:00,274.8594
14/01/2021 11:00,275.69455
14/01/2021 12:00,276.0982
14/01/2021 13:00,275.85892
14/01/2021 14:00,275.07733
14/01/2021 15:00,274.47458
14/01/2021 16:00,273.6865
14/01/2021 17:00,273.0924
14/01/2021 18:00,272.59863
14/01/2021 19:00,272.43283
14/01/2021 20:00,272.10776
14/01/2021 21:00,271.78772
14/01/2021 22:00,271.46155
14/01/2021 23:00,271.09448
15/01/2021 0:00,270.68866
15/01/2021 1:00,269.986
15/01/2021 2:00,269.11212
15/01/2021 3:00,267.9696
15/01/2021 4:00,267.02078
15/01/2021 5:00,266.5632
15/01/2021 6:00,266.628
15/01/2021 7:00,266.08316
15/01/2021 8:00,268.1097
15/01/2021 9:00,271.8746
15/01/2021 10:00,273.9359
15/01/2021 11:00,274.88364
15/01/2021 12:00,275.08926
15/01/2021 13:00,275.11642
15/01/2021 14:00,274.72763
15/01/2021 15:00,273.68683
15/01/2021 16:00,272.48425
15/01/2021 17:00,271.42392
15/01/2021 18:00,270.24884
15/01/2021 19:00,269.23773
15/01/2021 20:00,268.08945
15/01/2021 21:00,267.15002
15/01/2021 22:00,266.57333
15/01/2021 23:00,266.5277
16/01/2021 0:00,266.91074
16/01/2021 1:00,267.26477
16/01/2021 2:00,266.7623
16/01/2021 3:00,265.94092
16/01/2021 4:00,264.87115
16/01/2021 5:00,264.43567
16/01/2021 6:00,264.2561
16/01/2021 7:00,264.41068
16/01/2021 8:00,266.3583
16/01/2021 9:00,270.51166
16/01/2021 10:00,272.4582
16/01/2021 11:00,273.13223
16/01/2021 12:00,273.3625
16/01/2021 13:00,273.2401
16/01/2021 14:00,272.84515
16/01/2021 15:00,272.10306
16/01/2021 16:00,270.99854
16/01/2021 17:00,269.8231
16/01/2021 18:00,268.45795
16/01/2021 19:00,267.6688
16/01/2021 20:00,267.1207
16/01/2021 21:00,266.6537
16/01/2021 22:00,267.12033
16/01/2021 23:00,268.32727
17/01/2021 0:00,269.42743
17/01/2021 1:00,269.9994
17/01/2021 2:00,270.37952
17/01/2021 3:00,270.46494
17/01/2021 4:00,270.43887
17/01/2021 5:00,270.28104
17/01/2021 6:00,270.14383
17/01/2021 7:00,270.15326
17/01/2021 8:00,270.69736
17/01/2021 9:00,271.54013
17/01/2021 10:00,272.29745
17/01/2021 11:00,272.77313
17/01/2021 12:00,272.88138
17/01/2021 13:00,272.8202
17/01/2021 14:00,272.62073
17/01/2021 15:00,271.85614
17/01/2021 16:00,270.34186
17/01/2021 17:00,268.38266
17/01/2021 18:00,267.67023
17/01/2021 19:00,267.659
17/01/2021 20:00,267.7734
17/01/2021 21:00,267.596
17/01/2021 22:00,267.67566
17/01/2021 23:00,267.09317
18/01/2021 0:00,266.59396
18/01/2021 1:00,265.96445
18/01/2021 2:00,265.54776
18/01/2021 3:00,265.28857
18/01/2021 4:00,264.69595
18/01/2021 5:00,264.09753
18/01/2021 6:00,263.4148
18/01/2021 7:00,264.16125
18/01/2021 8:00,264.18515
18/01/2021 9:00,267.5334
18/01/2021 10:00,270.90372
18/01/2021 11:00,272.0578
18/01/2021 12:00,272.83142
18/01/2021 13:00,273.35162
18/01/2021 14:00,273.50946
18/01/2021 15:00,273.05875
18/01/2021 16:00,272.33618
18/01/2021 17:00,271.98178
18/01/2021 18:00,271.69507
18/01/2021 19:00,271.34427
18/01/2021 20:00,270.43344
18/01/2021 21:00,269.63522
18/01/2021 22:00,268.73926
18/01/2021 23:00,268.27298
19/01/2021 0:00,268.38412
19/01/2021 1:00,268.80984
19/01/2021 2:00,268.648
19/01/2021 3:00,268.6386
19/01/2021 4:00,268.48547
19/01/2021 5:00,268.27335
19/01/2021 6:00,268.36093
19/01/2021 7:00,268.6346
19/01/2021 8:00,270.06168
19/01/2021 9:00,272.77893
19/01/2021 10:00,275.88098
19/01/2021 11:00,277.25662
19/01/2021 12:00,277.67148
19/01/2021 13:00,277.64832
19/01/2021 14:00,276.95544
19/01/2021 15:00,276.07358
19/01/2021 16:00,275.132
19/01/2021 17:00,274.48108
19/01/2021 18:00,274.19403
19/01/2021 19:00,274.01843
19/01/2021 20:00,274.48544
19/01/2021 21:00,274.98285
19/01/2021 22:00,275.37454
19/01/2021 23:00,276.1525
20/01/2021 0:00,276.59415
20/01/2021 1:00,276.8461
20/01/2021 2:00,277.11508
20/01/2021 3:00,277.13934
20/01/2021 4:00,277.30768
20/01/2021 5:00,277.4449
20/01/2021 6:00,277.43835
20/01/2021 7:00,278.39297
20/01/2021 8:00,278.95844
20/01/2021 9:00,280.1603
20/01/2021 10:00,281.2858
20/01/2021 11:00,281.9537
20/01/2021 12:00,282.8392
20/01/2021 13:00,283.44666
20/01/2021 14:00,283.50275
20/01/2021 15:00,282.69003
20/01/2021 16:00,281.28506
20/01/2021 17:00,280.3232
20/01/2021 18:00,279.76392
20/01/2021 19:00,279.55756
20/01/2021 20:00,279.3096
20/01/2021 21:00,279.16153
20/01/2021 22:00,278.69742
20/01/2021 23:00,278.2402
21/01/2021 0:00,277.8438
21/01/2021 1:00,277.7077
21/01/2021 2:00,277.42026
21/01/2021 3:00,277.20667
21/01/2021 4:00,277.00574
21/01/2021 5:00,276.8298
21/01/2021 6:00,276.58038
21/01/2021 7:00,277.50424
21/01/2021 8:00,279.0428
21/01/2021 9:00,281.36365
21/01/2021 10:00,283.37787
21/01/2021 11:00,284.71042
21/01/2021 12:00,285.55753
21/01/2021 13:00,285.92352
21/01/2021 14:00,285.75626
21/01/2021 15:00,284.81396
21/01/2021 16:00,283.18274
21/01/2021 17:00,282.1691
21/01/2021 18:00,281.47006
21/01/2021 19:00,281.20108
21/01/2021 20:00,280.56973
21/01/2021 21:00,279.96375
21/01/2021 22:00,279.6144
21/01/2021 23:00,279.4942
22/01/2021 0:00,279.3762
22/01/2021 1:00,279.31284
22/01/2021 2:00,279.17056
22/01/2021 3:00,279.10287
22/01/2021 4:00,279.15753
22/01/2021 5:00,279.30707
22/01/2021 6:00,279.23865
22/01/2021 7:00,279.59412
22/01/2021 8:00,281.33865
22/01/2021 9:00,283.50818
22/01/2021 10:00,285.28275
22/01/2021 11:00,286.31015
22/01/2021 12:00,286.66745
22/01/2021 13:00,286.87524
22/01/2021 14:00,286.87415
22/01/2021 15:00,285.92426
22/01/2021 16:00,284.60217
22/01/2021 17:00,283.9379
22/01/2021 18:00,283.50204
22/01/2021 19:00,283.14835
22/01/2021 20:00,282.8761
22/01/2021 21:00,282.6209
22/01/2021 22:00,282.22885
22/01/2021 23:00,281.8643
23/01/2021 0:00,281.848
23/01/2021 1:00,281.92874
23/01/2021 2:00,281.88492
23/01/2021 3:00,281.587
23/01/2021 4:00,281.2782
23/01/2021 5:00,281.1725
23/01/2021 6:00,281.19965
23/01/2021 7:00,282.00186
23/01/2021 8:00,282.90472
23/01/2021 9:00,284.1732
23/01/2021 10:00,285.61725
23/01/2021 11:00,286.8575
23/01/2021 12:00,287.13843
23/01/2021 13:00,286.77966
23/01/2021 14:00,286.08316
23/01/2021 15:00,285.44568
23/01/2021 16:00,284.3788
23/01/2021 17:00,283.56177
23/01/2021 18:00,282.89493
23/01/2021 19:00,281.84476
23/01/2021 20:00,281.0407
23/01/2021 21:00,280.5035
23/01/2021 22:00,279.95868
23/01/2021 23:00,279.63214
24/01/2021 0:00,279.37656
24/01/2021 1:00,279.35123
24/01/2021 2:00,279.315
24/01/2021 3:00,278.8245
24/01/2021 4:00,278.39117
24/01/2021 5:00,278.24527
24/01/2021 6:00,278.33905
24/01/2021 7:00,278.69128
24/01/2021 8:00,279.8327
24/01/2021 9:00,281.32672
24/01/2021 10:00,282.3349
24/01/2021 11:00,282.9782
24/01/2021 12:00,283.50745
24/01/2021 13:00,283.33658
24/01/2021 14:00,282.7972
24/01/2021 15:00,281.54898
24/01/2021 16:00,280.63092
24/01/2021 17:00,279.8649
24/01/2021 18:00,278.72928
24/01/2021 19:00,278.11856
24/01/2021 20:00,276.05185
24/01/2021 21:00,275.22214
24/01/2021 22:00,274.9691
24/01/2021 23:00,274.66318
25/01/2021 0:00,274.4992
25/01/2021 1:00,274.45212
25/01/2021 2:00,274.3305
25/01/2021 3:00,274.24796
25/01/2021 4:00,274.30008
25/01/2021 5:00,274.1799
25/01/2021 6:00,273.8378
25/01/2021 7:00,273.7093
25/01/2021 8:00,274.404
25/01/2021 9:00,275.57907
25/01/2021 10:00,276.1315
25/01/2021 11:00,277.2559
25/01/2021 12:00,278.32312
25/01/2021 13:00,279.52246
25/01/2021 14:00,279.42108
25/01/2021 15:00,278.81616
25/01/2021 16:00,277.21826
25/01/2021 17:00,276.12064
25/01/2021 18:00,275.50378
25/01/2021 19:00,275.04184
25/01/2021 20:00,274.9499
25/01/2021 21:00,273.735
25/01/2021 22:00,274.40723
25/01/2021 23:00,274.43655
26/01/2021 0:00,274.15674
26/01/2021 1:00,273.92685
26/01/2021 2:00,273.74875
26/01/2021 3:00,273.53696
26/01/2021 4:00,273.37115
26/01/2021 5:00,272.9983
26/01/2021 6:00,272.7018
26/01/2021 7:00,272.88318
26/01/2021 8:00,273.8005
26/01/2021 9:00,274.77576
26/01/2021 10:00,275.7007
26/01/2021 11:00,277.04086
26/01/2021 12:00,277.37827
26/01/2021 13:00,277.5198
26/01/2021 14:00,277.44125
26/01/2021 15:00,276.96304
26/01/2021 16:00,275.78577
26/01/2021 17:00,274.77505
26/01/2021 18:00,273.69443
26/01/2021 19:00,272.87122
26/01/2021 20:00,272.1103
26/01/2021 21:00,272.12875
26/01/2021 22:00,272.40787
26/01/2021 23:00,272.77927
27/01/2021 0:00,273.41098
27/01/2021 1:00,273.76395
27/01/2021 2:00,273.92685
27/01/2021 3:00,273.88123
27/01/2021 4:00,273.68866
27/01/2021 5:00,273.2908
27/01/2021 6:00,272.9154
27/01/2021 7:00,272.52335
27/01/2021 8:00,273.4747
27/01/2021 9:00,274.86954
27/01/2021 10:00,275.71445
27/01/2021 11:00,276.5145
27/01/2021 12:00,276.94495
27/01/2021 13:00,277.12848
27/01/2021 14:00,276.92322
27/01/2021 15:00,275.87955
27/01/2021 16:00,274.9224
27/01/2021 17:00,274.15927
27/01/2021 18:00,273.38455
27/01/2021 19:00,272.71014
27/01/2021 20:00,272.17
27/01/2021 21:00,271.73776
27/01/2021 22:00,271.3258
27/01/2021 23:00,270.97684
28/01/2021 0:00,270.60504
28/01/2021 1:00,270.68903
28/01/2021 2:00,270.54062
28/01/2021 3:00,270.14783
28/01/2021 4:00,269.9853
28/01/2021 5:00,269.85242
28/01/2021 6:00,269.66055
28/01/2021 7:00,271.21686
28/01/2021 8:00,273.87473
28/01/2021 9:00,275.9284
28/01/2021 10:00,277.32904
28/01/2021 11:00,278.20834
28/01/2021 12:00,279.1322
28/01/2021 13:00,279.8957
28/01/2021 14:00,280.07306
28/01/2021 15:00,279.04135
28/01/2021 16:00,277.41483
28/01/2021 17:00,276.89352
28/01/2021 18:00,276.88196
28/01/2021 19:00,276.53226
28/01/2021 20:00,276.55722
28/01/2021 21:00,276.45514
28/01/2021 22:00,276.3907
28/01/2021 23:00,276.4142
29/01/2021 0:00,276.43088
29/01/2021 1:00,276.8834
29/01/2021 2:00,277.3312
29/01/2021 3:00,278.09613
29/01/2021 4:00,278.50302
29/01/2021 5:00,278.69272
29/01/2021 6:00,278.73904
29/01/2021 7:00,279.18506
29/01/2021 8:00,279.4942
29/01/2021 9:00,280.28485
29/01/2021 10:00,281.46173
29/01/2021 11:00,281.84836
29/01/2021 12:00,282.1474
29/01/2021 13:00,282.3628
29/01/2021 14:00,281.80203
29/01/2021 15:00,280.7511
29/01/2021 16:00,279.86526
29/01/2021 17:00,279.7042
29/01/2021 18:00,279.58145
29/01/2021 19:00,279.8439
29/01/2021 20:00,279.7621
29/01/2021 21:00,279.51556
29/01/2021 22:00,279.10577
29/01/2021 23:00,278.74124
30/01/2021 0:00,278.33542
30/01/2021 1:00,277.84708
30/01/2021 2:00,277.3931
30/01/2021 3:00,276.8776
30/01/2021 4:00,276.3212
30/01/2021 5:00,275.679
30/01/2021 6:00,274.88583
30/01/2021 7:00,275.05127
30/01/2021 8:00,277.678
30/01/2021 9:00,279.96555
30/01/2021 10:00,281.9432
30/01/2021 11:00,283.29495
30/01/2021 12:00,284.2532
30/01/2021 13:00,284.9059
30/01/2021 14:00,284.8831
30/01/2021 15:00,283.93573
30/01/2021 16:00,282.1778
30/01/2021 17:00,280.67508
30/01/2021 18:00,279.12134
30/01/2021 19:00,278.6996
30/01/2021 20:00,278.36365
30/01/2021 21:00,277.25626
30/01/2021 22:00,277.18857
30/01/2021 23:00,277.50714
31/01/2021 0:00,277.5973
31/01/2021 1:00,277.55093
31/01/2021 2:00,277.58786
31/01/2021 3:00,277.41156
31/01/2021 4:00,277.01553
31/01/2021 5:00,276.52573
31/01/2021 6:00,275.78903
31/01/2021 7:00,274.5057
31/01/2021 8:00,274.0112
31/01/2021 9:00,273.85626
31/01/2021 10:00,274.05573
31/01/2021 11:00,274.25702
31/01/2021 12:00,274.51257
31/01/2021 13:00,274.56363
31/01/2021 14:00,274.4981
31/01/2021 15:00,274.3229
31/01/2021 16:00,274.0829
31/01/2021 17:00,273.93735
31/01/2021 18:00,273.73282
31/01/2021 19:00,273.188
31/01/2021 20:00,273.0609
31/01/2021 21:00,272.7648
31/01/2021 22:00,272.58633
31/01/2021 23:00,272.4524
01/02/2021 0:00,272.20932
01/02/2021 1:00,272.03583
01/02/2021 2:00,271.8574
01/02/2021 3:00,271.68997
01/02/2021 4:00,271.5438
01/02/2021 5:00,271.42725
01/02/2021 6:00,271.2936
01/02/2021 7:00,271.01535
01/02/2021 8:00,271.38397
01/02/2021 9:00,272.19034
01/02/2021 10:00,273.10413
01/02/2021 11:00,273.677
01/02/2021 12:00,274.38123
01/02/2021 13:00,274.20737
01/02/2021 14:00,274.42944
01/02/2021 15:00,274.1884
01/02/2021 16:00,273.6447
01/02/2021 17:00,273.03503
01/02/2021 18:00,272.5582
01/02/2021 19:00,272.1292
01/02/2021 20:00,272.3589
01/02/2021 21:00,272.57565
01/02/2021 22:00,272.0419
01/02/2021 23:00,272.15616
02/02/2021 0:00,271.8604
02/02/2021 1:00,271.99823
02/02/2021 2:00,271.7845
02/02/2021 3:00,271.5848
02/02/2021 4:00,271.42764
02/02/2021 5:00,271.23743
02/02/2021 6:00,271.2268
02/02/2021 7:00,271.46637
02/02/2021 8:00,272.80878
02/02/2021 9:00,273.8801
02/02/2021 10:00,275.44803
02/02/2021 11:00,276.33752
02/02/2021 12:00,276.71982
02/02/2021 13:00,277.99652
02/02/2021 14:00,278.3644
02/02/2021 15:00,277.96313
02/02/2021 16:00,276.03305
02/02/2021 17:00,274.39792
02/02/2021 18:00,273.67926
02/02/2021 19:00,272.70892
02/02/2021 20:00,272.7021
02/02/2021 21:00,272.5992
02/02/2021 22:00,272.71918
02/02/2021 23:00,273.0673
03/02/2021 0:00,272.80878
03/02/2021 1:00,272.51605
03/02/2021 2:00,272.46518
03/02/2021 3:00,272.39874
03/02/2021 4:00,272.4318
03/02/2021 5:00,273.13412
03/02/2021 6:00,273.75595
03/02/2021 7:00,274.11737
03/02/2021 8:00,275.23923
03/02/2021 9:00,276.66058
03/02/2021 10:00,277.99274
03/02/2021 11:00,279.2892
03/02/2021 12:00,280.5663
03/02/2021 13:00,281.072
03/02/2021 14:00,282.02716
03/02/2021 15:00,281.54843
03/02/2021 16:00,280.82675
03/02/2021 17:00,280.53253
03/02/2021 18:00,280.6525
03/02/2021 19:00,281.73788
03/02/2021 20:00,281.85178
03/02/2021 21:00,282.02185
03/02/2021 22:00,282.20825
03/02/2021 23:00,282.2109
04/02/2021 0:00,282.2557
04/02/2021 1:00,282.30203
04/02/2021 2:00,282.24393
04/02/2021 3:00,282.40112
04/02/2021 4:00,282.3176
04/02/2021 5:00,282.17636
04/02/2021 6:00,282.03854
04/02/2021 7:00,283.1714
04/02/2021 8:00,283.98495
04/02/2021 9:00,285.2799
04/02/2021 10:00,286.4359
04/02/2021 11:00,287.57446
04/02/2021 12:00,288.32272
04/02/2021 13:00,288.52167
04/02/2021 14:00,288.22403
04/02/2021 15:00,287.31555
04/02/2021 16:00,285.4443
04/02/2021 17:00,282.96033
04/02/2021 18:00,281.05948
04/02/2021 19:00,280.58264
04/02/2021 20:00,279.2577
04/02/2021 21:00,279.1962
04/02/2021 22:00,279.55267
04/02/2021 23:00,280.2068
05/02/2021 0:00,280.2144
05/02/2021 1:00,280.21667
05/02/2021 2:00,280.16806
05/02/2021 3:00,279.85336
05/02/2021 4:00,279.25958
05/02/2021 5:00,278.7615
05/02/2021 6:00,278.4897
05/02/2021 7:00,279.67493
05/02/2021 8:00,281.26447
05/02/2021 9:00,283.4379
05/02/2021 10:00,285.1983
05/02/2021 11:00,286.7848
05/02/2021 12:00,287.70923
05/02/2021 13:00,288.46014
05/02/2021 14:00,288.6158
05/02/2021 15:00,287.6458
05/02/2021 16:00,285.77042
05/02/2021 17:00,284.25262
05/02/2021 18:00,283.0947
05/02/2021 19:00,282.5659
05/02/2021 20:00,281.84836
05/02/2021 21:00,281.37152
05/02/2021 22:00,280.6768
05/02/2021 23:00,280.1578
06/02/2021 0:00,279.67834
06/02/2021 1:00,279.07776
06/02/2021 2:00,278.51703
06/02/2021 3:00,277.9115
06/02/2021 4:00,277.34015
06/02/2021 5:00,276.79422
06/02/2021 6:00,276.3261
06/02/2021 7:00,277.8519
06/02/2021 8:00,281.3776
06/02/2021 9:00,284.68958
06/02/2021 10:00,286.5164
06/02/2021 11:00,287.40323
06/02/2021 12:00,287.87436
06/02/2021 13:00,288.14127
06/02/2021 14:00,287.8421
06/02/2021 15:00,287.18344
06/02/2021 16:00,285.64627
06/02/2021 17:00,284.27045
06/02/2021 18:00,283.50244
06/02/2021 19:00,282.6999
06/02/2021 20:00,282.1908
06/02/2021 21:00,281.73825
06/02/2021 22:00,281.05984
06/02/2021 23:00,280.31308
07/02/2021 0:00,279.40765
07/02/2021 1:00,278.35376
07/02/2021 2:00,277.72092
07/02/2021 3:00,277.4172
07/02/2021 4:00,277.4567
07/02/2021 5:00,277.81885
07/02/2021 6:00,278.25204
07/02/2021 7:00,278.9965
07/02/2021 8:00,280.45203
07/02/2021 9:00,282.32632
07/02/2021 10:00,284.45914
07/02/2021 11:00,286.01794
07/02/2021 12:00,286.751
07/02/2021 13:00,286.94955
07/02/2021 14:00,286.96097
07/02/2021 15:00,286.38885
07/02/2021 16:00,285.56387
07/02/2021 17:00,285.09882
07/02/2021 18:00,284.58896
07/02/2021 19:00,284.8646
07/02/2021 20:00,284.66605
07/02/2021 21:00,284.20477
07/02/2021 22:00,283.91284
07/02/2021 23:00,283.68542
08/02/2021 0:00,283.06927
08/02/2021 1:00,282.58636
08/02/2021 2:00,282.1346
08/02/2021 3:00,281.9778
08/02/2021 4:00,281.84265
08/02/2021 5:00,281.54352
08/02/2021 6:00,281.154
08/02/2021 7:00,281.68472
08/02/2021 8:00,281.99756
08/02/2021 9:00,283.03775
08/02/2021 10:00,284.05862
08/02/2021 11:00,284.78372
08/02/2021 12:00,285.31863
08/02/2021 13:00,285.35205
08/02/2021 14:00,284.8699
08/02/2021 15:00,284.00546
08/02/2021 16:00,282.32822
08/02/2021 17:00,280.63577
08/02/2021 18:00,279.02042
08/02/2021 19:00,276.51178
08/02/2021 20:00,276.05353
08/02/2021 21:00,275.70883
08/02/2021 22:00,275.4013
08/02/2021 23:00,275.90738
09/02/2021 0:00,275.1891
09/02/2021 1:00,275.754
09/02/2021 2:00,276.12225
09/02/2021 3:00,276.08847
09/02/2021 4:00,276.21982
09/02/2021 5:00,276.54898
09/02/2021 6:00,276.79916
09/02/2021 7:00,277.50034
09/02/2021 8:00,278.91907
09/02/2021 9:00,280.93912
09/02/2021 10:00,282.52032
09/02/2021 11:00,283.9398
09/02/2021 12:00,284.2044
09/02/2021 13:00,283.83463
09/02/2021 14:00,283.3187
09/02/2021 15:00,283.0313
09/02/2021 16:00,282.6657
09/02/2021 17:00,281.92505
09/02/2021 18:00,280.91483
09/02/2021 19:00,279.70642
09/02/2021 20:00,278.92133
09/02/2021 21:00,278.12903
09/02/2021 22:00,277.69434
09/02/2021 23:00,277.54437
10/02/2021 0:00,277.4339
10/02/2021 1:00,277.3056
10/02/2021 2:00,277.09564
10/02/2021 3:00,276.94608
10/02/2021 4:00,276.70044
10/02/2021 5:00,276.63174
10/02/2021 6:00,276.8876
10/02/2021 7:00,277.71332
10/02/2021 8:00,278.43845
10/02/2021 9:00,279.50067
10/02/2021 10:00,280.7288
10/02/2021 11:00,282.0397
10/02/2021 12:00,283.77655
10/02/2021 13:00,284.98834
10/02/2021 14:00,285.07605
10/02/2021 15:00,284.50888
10/02/2021 16:00,283.91095
10/02/2021 17:00,283.4235
10/02/2021 18:00,283.0909
10/02/2021 19:00,282.65054
10/02/2021 20:00,282.31494
10/02/2021 21:00,282.20636
10/02/2021 22:00,281.95236
10/02/2021 23:00,281.132
11/02/2021 0:00,279.5299
11/02/2021 1:00,277.33026
11/02/2021 2:00,275.32654
11/02/2021 3:00,273.51224
11/02/2021 4:00,272.20474
11/02/2021 5:00,271.49673
11/02/2021 6:00,271.1862
11/02/2021 7:00,271.17175
11/02/2021 8:00,271.25946
11/02/2021 9:00,271.66376
11/02/2021 10:00,271.8202
11/02/2021 11:00,272.5168
11/02/2021 12:00,272.7169
11/02/2021 13:00,272.53693
11/02/2021 14:00,271.92685
11/02/2021 15:00,271.1839
11/02/2021 16:00,270.55597
11/02/2021 17:00,270.37262
11/02/2021 18:00,270.518
11/02/2021 19:00,270.37073
11/02/2021 20:00,270.13422
11/02/2021 21:00,269.83316
11/02/2021 22:00,269.3529
11/02/2021 23:00,268.80243
12/02/2021 0:00,268.32333
12/02/2021 1:00,267.88293
12/02/2021 2:00,267.61606
12/02/2021 3:00,267.42624
12/02/2021 4:00,267.28424
12/02/2021 5:00,267.1529
12/02/2021 6:00,267.0189
12/02/2021 7:00,267.2083
12/02/2021 8:00,267.98773
12/02/2021 9:00,268.8757
12/02/2021 10:00,269.81567
12/02/2021 11:00,270.41666
12/02/2021 12:00,270.91284
12/02/2021 13:00,271.22717
12/02/2021 14:00,271.4079
12/02/2021 15:00,271.1862
12/02/2021 16:00,270.7773
12/02/2021 17:00,270.23862
12/02/2021 18:00,269.403
12/02/2021 19:00,268.90228
12/02/2021 20:00,268.57428
12/02/2021 21:00,268.3537
12/02/2021 22:00,268.1669
12/02/2021 23:00,267.94177
13/02/2021 0:00,267.78043
13/02/2021 1:00,267.61642
13/02/2021 2:00,267.4866
13/02/2021 3:00,267.27893
13/02/2021 4:00,266.99686
13/02/2021 5:00,266.67645
13/02/2021 6:00,266.47144
13/02/2021 7:00,266.77438
13/02/2021 8:00,267.5409
13/02/2021 9:00,268.51086
13/02/2021 10:00,269.38632
13/02/2021 11:00,270.1733
13/02/2021 12:00,270.88248
13/02/2021 13:00,271.26477
13/02/2021 14:00,271.34677
13/02/2021 15:00,271.02673
13/02/2021 16:00,270.11218
13/02/2021 17:00,269.34683
13/02/2021 18:00,268.52377
13/02/2021 19:00,268.6407
13/02/2021 20:00,268.1244
13/02/2021 21:00,267.11722
13/02/2021 22:00,266.85223
13/02/2021 23:00,267.07053
14/02/2021 0:00,267.27362
14/02/2021 1:00,267.57544
14/02/2021 2:00,267.8636
14/02/2021 3:00,268.14642
14/02/2021 4:00,268.24625
14/02/2021 5:00,268.44177
14/02/2021 6:00,268.62363
14/02/2021 7:00,269.31265
14/02/2021 8:00,270.7663
14/02/2021 9:00,272.17096
14/02/2021 10:00,273.54755
14/02/2021 11:00,274.54105
14/02/2021 12:00,274.96967
14/02/2021 13:00,274.96967
14/02/2021 14:00,274.77985
14/02/2021 15:00,274.35352
14/02/2021 16:00,272.8543
14/02/2021 17:00,271.56088
14/02/2021 18:00,270.88892
14/02/2021 19:00,270.67328
14/02/2021 20:00,270.57004
14/02/2021 21:00,270.3935
14/02/2021 22:00,270.17938
14/02/2021 23:00,269.9512
15/02/2021 0:00,269.77316
15/02/2021 1:00,269.64713
15/02/2021 2:00,269.47592
15/02/2021 3:00,269.2986
15/02/2021 4:00,269.10614
15/02/2021 5:00,268.86923
15/02/2021 6:00,268.6764
15/02/2021 7:00,269.57574
15/02/2021 8:00,271.48535
15/02/2021 9:00,273.02896
15/02/2021 10:00,274.4264
15/02/2021 11:00,275.7054
15/02/2021 12:00,276.59985
15/02/2021 13:00,277.0334
15/02/2021 14:00,276.92444
15/02/2021 15:00,276.01938
15/02/2021 16:00,273.79202
15/02/2021 17:00,272.204
15/02/2021 18:00,271.25528
15/02/2021 19:00,270.54233
15/02/2021 20:00,269.6217
15/02/2021 21:00,269.42654
15/02/2021 22:00,271.559
15/02/2021 23:00,271.3878
16/02/2021 0:00,271.2287
16/02/2021 1:00,271.0647
16/02/2021 2:00,270.6581
16/02/2021 3:00,269.69836
16/02/2021 4:00,269.7705
16/02/2021 5:00,269.77847
16/02/2021 6:00,270.32745
16/02/2021 7:00,271.68048
16/02/2021 8:00,272.491
16/02/2021 9:00,273.85962
16/02/2021 10:00,275.23505
16/02/2021 11:00,276.1139
16/02/2021 12:00,276.88873
16/02/2021 13:00,277.1112
16/02/2021 14:00,277.17728
16/02/2021 15:00,276.48785
16/02/2021 16:00,275.2172
16/02/2021 17:00,273.6808
16/02/2021 18:00,272.85165
16/02/2021 19:00,272.98074
16/02/2021 20:00,272.82016
16/02/2021 21:00,272.7951
16/02/2021 22:00,272.74423
16/02/2021 23:00,272.85736
17/02/2021 0:00,273.289
17/02/2021 1:00,273.33267
17/02/2021 2:00,273.33456
17/02/2021 3:00,272.80838
17/02/2021 4:00,272.38092
17/02/2021 5:00,272.03354
17/02/2021 6:00,271.96674
17/02/2021 7:00,273.13715
17/02/2021 8:00,275.67313
17/02/2021 9:00,277.10855
17/02/2021 10:00,278.37085
17/02/2021 11:00,278.89136
17/02/2021 12:00,279.43878
17/02/2021 13:00,279.9422
17/02/2021 14:00,280.0887
17/02/2021 15:00,279.67758
17/02/2021 16:00,278.72278
17/02/2021 17:00,277.56564
17/02/2021 18:00,277.18182
17/02/2021 19:00,275.88196
17/02/2021 20:00,275.76236
17/02/2021 21:00,275.79767
17/02/2021 22:00,275.97153
17/02/2021 23:00,275.78476
18/02/2021 0:00,275.5509
18/02/2021 1:00,275.1504
18/02/2021 2:00,274.6762
18/02/2021 3:00,274.3163
18/02/2021 4:00,273.9025
18/02/2021 5:00,273.5988
18/02/2021 6:00,273.42834
18/02/2021 7:00,275.01865
18/02/2021 8:00,277.32382
18/02/2021 9:00,279.5147
18/02/2021 10:00,281.66727
18/02/2021 11:00,283.3483
18/02/2021 12:00,284.3756
18/02/2021 13:00,284.76627
18/02/2021 14:00,284.80725
18/02/2021 15:00,284.2287
18/02/2021 16:00,282.67596
18/02/2021 17:00,280.5534
18/02/2021 18:00,279.50485
18/02/2021 19:00,279.7239
18/02/2021 20:00,278.75354
18/02/2021 21:00,276.9396
18/02/2021 22:00,273.92413
18/02/2021 23:00,273.3543
19/02/2021 0:00,273.5502
19/02/2021 1:00,273.82773
19/02/2021 2:00,274.06992
19/02/2021 3:00,274.4712
19/02/2021 4:00,274.61963
19/02/2021 5:00,274.59534
19/02/2021 6:00,274.79654
19/02/2021 7:00,276.8299
19/02/2021 8:00,278.57623
19/02/2021 9:00,280.2531
19/02/2021 10:00,281.5644
19/02/2021 11:00,282.70065
19/02/2021 12:00,283.93637
19/02/2021 13:00,284.8232
19/02/2021 14:00,285.05252
19/02/2021 15:00,284.3627
19/02/2021 16:00,283.40753
19/02/2021 17:00,282.68127
19/02/2021 18:00,281.9277
19/02/2021 19:00,281.7284
19/02/2021 20:00,281.44177
19/02/2021 21:00,281.1145
19/02/2021 22:00,280.72614
19/02/2021 23:00,279.98242
20/02/2021 0:00,279.59824
20/02/2021 1:00,279.18973
20/02/2021 2:00,278.8086
20/02/2021 3:00,278.3063
20/02/2021 4:00,278.08688
20/02/2021 5:00,277.50452
20/02/2021 6:00,276.9081
20/02/2021 7:00,277.96692
20/02/2021 8:00,280.3818
20/02/2021 9:00,281.266
20/02/2021 10:00,282.33127
20/02/2021 11:00,282.75455
20/02/2021 12:00,283.2963
20/02/2021 13:00,283.50284
20/02/2021 14:00,283.5871
20/02/2021 15:00,283.16266
20/02/2021 16:00,281.95123
20/02/2021 17:00,280.27362
20/02/2021 18:00,279.11078
20/02/2021 19:00,277.8724
20/02/2021 20:00,277.216
20/02/2021 21:00,276.88382
20/02/2021 22:00,276.6321
20/02/2021 23:00,276.30334
21/02/2021 0:00,276.39447
21/02/2021 1:00,276.164
21/02/2021 2:00,276.10632
21/02/2021 3:00,275.7172
21/02/2021 4:00,275.24603
21/02/2021 5:00,274.8478
21/02/2021 6:00,274.71417
21/02/2021 7:00,275.4666
21/02/2021 8:00,276.5072
21/02/2021 9:00,278.0064
21/02/2021 10:00,279.70718
21/02/2021 11:00,281.51086
21/02/2021 12:00,283.12735
21/02/2021 13:00,284.12656
21/02/2021 14:00,284.61783
21/02/2021 15:00,284.35095
21/02/2021 16:00,282.88098
21/02/2021 17:00,281.05
21/02/2021 18:00,279.8412
21/02/2021 19:00,278.98132
21/02/2021 20:00,278.21408
21/02/2021 21:00,277.46655
21/02/2021 22:00,276.77524
21/02/2021 23:00,276.13705
22/02/2021 0:00,275.51978
22/02/2021 1:00,274.9742
22/02/2021 2:00,274.4655
22/02/2021 3:00,273.9655
22/02/2021 4:00,273.4811
22/02/2021 5:00,273.08667
22/02/2021 6:00,272.92722
22/02/2021 7:00,275.06345
22/02/2021 8:00,277.90543
22/02/2021 9:00,280.6054
22/02/2021 10:00,283.53357
22/02/2021 11:00,285.97693
22/02/2021 12:00,287.54105
22/02/2021 13:00,288.4013
22/02/2021 14:00,288.63705
22/02/2021 15:00,288.0308
22/02/2021 16:00,286.14966
22/02/2021 17:00,284.0514
22/02/2021 18:00,282.64447
22/02/2021 19:00,281.6236
22/02/2021 20:00,280.22577
22/02/2021 21:00,279.21252
22/02/2021 22:00,278.77747
22/02/2021 23:00,278.48096
23/02/2021 0:00,278.16663
23/02/2021 1:00,277.84012
23/02/2021 2:00,277.54703
23/02/2021 3:00,277.28244
23/02/2021 4:00,277.022
23/02/2021 5:00,276.7236
23/02/2021 6:00,276.50418
23/02/2021 7:00,278.2448
23/02/2021 8:00,281.23447
23/02/2021 9:00,283.42688
23/02/2021 10:00,285.38583
23/02/2021 11:00,286.97577
23/02/2021 12:00,288.0657
23/02/2021 13:00,288.66327
23/02/2021 14:00,288.7202
23/02/2021 15:00,288.11316
23/02/2021 16:00,286.229
23/02/2021 17:00,283.93903
23/02/2021 18:00,282.4125
23/02/2021 19:00,281.74396
23/02/2021 20:00,280.46457
23/02/2021 21:00,279.2805
23/02/2021 22:00,278.2372
23/02/2021 23:00,277.41833
24/02/2021 0:00,276.6393
24/02/2021 1:00,275.94763
24/02/2021 2:00,275.43472
24/02/2021 3:00,275.15152
24/02/2021 4:00,275.03308
24/02/2021 5:00,274.91348
24/02/2021 6:00,274.98676
24/02/2021 7:00,277.39935
24/02/2021 8:00,280.7368
24/02/2021 9:00,283.57306
24/02/2021 10:00,285.54416
24/02/2021 11:00,286.99475
24/02/2021 12:00,288.02432
24/02/2021 13:00,288.6845
24/02/2021 14:00,288.89902
24/02/2021 15:00,288.53458
24/02/2021 16:00,287.33224
24/02/2021 17:00,285.06085
24/02/2021 18:00,282.70633
24/02/2021 19:00,280.878
24/02/2021 20:00,279.78387
24/02/2021 21:00,279.23035
24/02/2021 22:00,278.58765
24/02/2021 23:00,277.61954
25/02/2021 0:00,277.05768
25/02/2021 1:00,276.71182
25/02/2021 2:00,276.55087
25/02/2021 3:00,276.55164
25/02/2021 4:00,275.9013
25/02/2021 5:00,275.18494
25/02/2021 6:00,274.58395
25/02/2021 7:00,277.61197
25/02/2021 8:00,282.54196
25/02/2021 9:00,285.4796
25/02/2021 10:00,287.7506
25/02/2021 11:00,289.36407
25/02/2021 12:00,290.3967
25/02/2021 13:00,290.91757
25/02/2021 14:00,290.91223
25/02/2021 15:00,290.19662
25/02/2021 16:00,288.2206
25/02/2021 17:00,286.00388
25/02/2021 18:00,284.5396
25/02/2021 19:00,283.64935
25/02/2021 20:00,282.57233
25/02/2021 21:00,281.55716
25/02/2021 22:00,280.38104
25/02/2021 23:00,279.97104
26/02/2021 0:00,281.25537
26/02/2021 1:00,280.68286
26/02/2021 2:00,278.82794
26/02/2021 3:00,277.23383
26/02/2021 4:00,277.40543
26/02/2021 5:00,278.08994
26/02/2021 6:00,277.6974
26/02/2021 7:00,278.72696
26/02/2021 8:00,282.39655
26/02/2021 9:00,285.49707
26/02/2021 10:00,287.85654
26/02/2021 11:00,289.5558
26/02/2021 12:00,290.637
26/02/2021 13:00,291.23532
26/02/2021 14:00,291.35034
26/02/2021 15:00,290.87808
26/02/2021 16:00,289.4005
26/02/2021 17:00,286.47882
26/02/2021 18:00,284.15884
26/02/2021 19:00,285.03162
26/02/2021 20:00,283.98004
26/02/2021 21:00,280.82068
26/02/2021 22:00,278.648
26/02/2021 23:00,277.96124
27/02/2021 0:00,277.75583
27/02/2021 1:00,277.8242
27/02/2021 2:00,278.32263
27/02/2021 3:00,279.34882
27/02/2021 4:00,279.8264
27/02/2021 5:00,279.59064
27/02/2021 6:00,279.2729
27/02/2021 7:00,280.0785
27/02/2021 8:00,280.747
27/02/2021 9:00,281.45316
27/02/2021 10:00,282.40225
27/02/2021 11:00,282.90222
27/02/2021 12:00,283.22037
27/02/2021 13:00,283.16873
27/02/2021 14:00,283.02866
27/02/2021 15:00,282.9436
27/02/2021 16:00,282.2933
27/02/2021 17:00,281.31686
27/02/2021 18:00,280.4695
27/02/2021 19:00,279.68137
27/02/2021 20:00,279.3131
27/02/2021 21:00,278.93576
27/02/2021 22:00,278.80136
27/02/2021 23:00,278.67078
28/02/2021 0:00,278.35263
28/02/2021 1:00,278.03754
28/02/2021 2:00,277.68826
28/02/2021 3:00,277.45593
28/02/2021 4:00,277.104
28/02/2021 5:00,276.92102
28/02/2021 6:00,276.42102
28/02/2021 7:00,277.58728
28/02/2021 8:00,278.86362
28/02/2021 9:00,280.3393
28/02/2021 10:00,281.6183
28/02/2021 11:00,282.29102
28/02/2021 12:00,283.31946
28/02/2021 13:00,283.28946
28/02/2021 14:00,283.2701
28/02/2021 15:00,283.0241
28/02/2021 16:00,282.51273
28/02/2021 17:00,281.4262
28/02/2021 18:00,280.3317
28/02/2021 19:00,278.04855
28/02/2021 20:00,276.51556
28/02/2021 21:00,275.4765
28/02/2021 22:00,274.76163
28/02/2021 23:00,274.19672
01/03/2021 0:00,273.80823
01/03/2021 1:00,273.57242
01/03/2021 2:00,273.4308
01/03/2021 3:00,273.3496
01/03/2021 4:00,273.3533
01/03/2021 5:00,273.4308
01/03/2021 6:00,273.67096
01/03/2021 7:00,275.76358
01/03/2021 8:00,278.16788
01/03/2021 9:00,279.78253
01/03/2021 10:00,281.2716
01/03/2021 11:00,282.57462
01/03/2021 12:00,283.55896
01/03/2021 13:00,284.3025
01/03/2021 14:00,284.32187
01/03/2021 15:00,283.83087
01/03/2021 16:00,282.8101
01/03/2021 17:00,281.65674
01/03/2021 18:00,280.814
01/03/2021 19:00,279.59714
01/03/2021 20:00,278.59207
01/03/2021 21:00,277.412
01/03/2021 22:00,276.445
01/03/2021 23:00,275.50037
02/03/2021 0:00,274.6316
02/03/2021 1:00,274.15027
02/03/2021 2:00,273.37366
02/03/2021 3:00,272.9528
02/03/2021 4:00,272.84357
02/03/2021 5:00,272.7377
02/03/2021 6:00,273.28983
02/03/2021 7:00,274.7271
02/03/2021 8:00,277.89697
02/03/2021 9:00,280.2465
02/03/2021 10:00,282.00577
02/03/2021 11:00,283.19055
02/03/2021 12:00,284.00455
02/03/2021 13:00,284.4371
02/03/2021 14:00,284.5684
02/03/2021 15:00,284.31552
02/03/2021 16:00,283.67422
02/03/2021 17:00,282.30072
02/03/2021 18:00,280.162
02/03/2021 19:00,277.93906
02/03/2021 20:00,276.31906
02/03/2021 21:00,275.28528
02/03/2021 22:00,274.69473
02/03/2021 23:00,274.21573
03/03/2021 0:00,273.74344
03/03/2021 1:00,273.5978
03/03/2021 2:00,274.4746
03/03/2021 3:00,275.49637
03/03/2021 4:00,275.16534
03/03/2021 5:00,274.89246
03/03/2021 6:00,274.56546
03/03/2021 7:00,275.3367
03/03/2021 8:00,279.51196
03/03/2021 9:00,282.32712
03/03/2021 10:00,284.07437
03/03/2021 11:00,285.20035
03/03/2021 12:00,285.998
03/03/2021 13:00,286.51874
03/03/2021 14:00,286.6383
03/03/2021 15:00,286.25452
03/03/2021 16:00,285.15927
03/03/2021 17:00,282.2533
03/03/2021 18:00,279.97794
03/03/2021 19:00,279.16992
03/03/2021 20:00,277.89764
03/03/2021 21:00,276.76398
03/03/2021 22:00,276.131
03/03/2021 23:00,275.6617
04/03/2021 0:00,274.9115
04/03/2021 1:00,274.25616
04/03/2021 2:00,274.05508
04/03/2021 3:00,273.6349
04/03/2021 4:00,272.9872
04/03/2021 5:00,271.8522
04/03/2021 6:00,271.85587
04/03/2021 7:00,275.89218
04/03/2021 8:00,281.1206
04/03/2021 9:00,284.06467
04/03/2021 10:00,286.16736
04/03/2021 11:00,287.53516
04/03/2021 12:00,288.30173
04/03/2021 13:00,288.61505
04/03/2021 14:00,288.51718
04/03/2021 15:00,287.8351
04/03/2021 16:00,286.01602
04/03/2021 17:00,283.87228
04/03/2021 18:00,282.25162
04/03/2021 19:00,280.95694
04/03/2021 20:00,279.20334
04/03/2021 21:00,278.62082
04/03/2021 22:00,278.87366
04/03/2021 23:00,278.75208
05/03/2021 0:00,278.3676
05/03/2021 1:00,278.15753
05/03/2021 2:00,278.11243
05/03/2021 3:00,278.22498
05/03/2021 4:00,278.24237
05/03/2021 5:00,278.32318
05/03/2021 6:00,278.63818
05/03/2021 7:00,280.6019
05/03/2021 8:00,282.6371
05/03/2021 9:00,284.43076
05/03/2021 10:00,284.98022
05/03/2021 11:00,285.02066
05/03/2021 12:00,284.29648
05/03/2021 13:00,284.30118
05/03/2021 14:00,284.2357
05/03/2021 15:00,283.58334
05/03/2021 16:00,282.34415
05/03/2021 17:00,280.9025
05/03/2021 18:00,279.75916
05/03/2021 19:00,278.5727
05/03/2021 20:00,278.14047
05/03/2021 21:00,277.6321
05/03/2021 22:00,277.0713
05/03/2021 23:00,276.49542
06/03/2021 0:00,275.9396
06/03/2021 1:00,275.38547
06/03/2021 2:00,275.0461
06/03/2021 3:00,274.79025
06/03/2021 4:00,274.78757
06/03/2021 5:00,274.5875
06/03/2021 6:00,274.19034
06/03/2021 7:00,274.4088
06/03/2021 8:00,275.6213
06/03/2021 9:00,276.92798
06/03/2021 10:00,278.2026
06/03/2021 11:00,279.05304
06/03/2021 12:00,279.33728
06/03/2021 13:00,279.51163
06/03/2021 14:00,279.4642
06/03/2021 15:00,279.28818
06/03/2021 16:00,278.95984
06/03/2021 17:00,277.9167
06/03/2021 18:00,277.80713
06/03/2021 19:00,274.5885
06/03/2021 20:00,273.6095
06/03/2021 21:00,273.01794
06/03/2021 22:00,272.62247
06/03/2021 23:00,272.0062
07/03/2021 0:00,271.42532
07/03/2021 1:00,271.0826
07/03/2021 2:00,270.98175
07/03/2021 3:00,271.24362
07/03/2021 4:00,271.6204
07/03/2021 5:00,271.76804
07/03/2021 6:00,271.8131
07/03/2021 7:00,273.47287
07/03/2021 8:00,275.92694
07/03/2021 9:00,277.50552
07/03/2021 10:00,278.43176
07/03/2021 11:00,279.17627
07/03/2021 12:00,279.7321
07/03/2021 13:00,279.99063
07/03/2021 14:00,279.9572
07/03/2021 15:00,279.4455
07/03/2021 16:00,278.24872
07/03/2021 17:00,276.613
07/03/2021 18:00,274.8093
07/03/2021 19:00,273.93582
07/03/2021 20:00,273.54367
07/03/2021 21:00,272.62247
07/03/2021 22:00,271.3151
07/03/2021 23:00,270.58026
08/03/2021 0:00,270.6778
08/03/2021 1:00,271.54556
08/03/2021 2:00,272.85928
08/03/2021 3:00,273.00024
08/03/2021 4:00,272.77512
08/03/2021 5:00,272.57535
08/03/2021 6:00,272.31683
08/03/2021 7:00,273.97992
08/03/2021 8:00,277.0609
08/03/2021 9:00,279.15726
08/03/2021 10:00,280.58417
08/03/2021 11:00,281.56387
08/03/2021 12:00,282.32645
08/03/2021 13:00,282.6334
08/03/2021 14:00,282.53186
08/03/2021 15:00,281.77097
08/03/2021 16:00,279.73376
08/03/2021 17:00,277.11438
08/03/2021 18:00,275.58923
08/03/2021 19:00,275.8434
08/03/2021 20:00,275.10223
08/03/2021 21:00,274.3891
08/03/2021 22:00,273.77182
08/03/2021 23:00,273.21436
09/03/2021 0:00,272.6722
09/03/2021 1:00,272.01453
09/03/2021 2:00,271.26367
09/03/2021 3:00,270.7155
09/03/2021 4:00,270.53082
09/03/2021 5:00,270.7035
09/03/2021 6:00,271.23492
09/03/2021 7:00,273.45718
09/03/2021 8:00,274.80396
09/03/2021 9:00,276.45132
09/03/2021 10:00,277.75504
09/03/2021 11:00,278.4665
09/03/2021 12:00,279.22372
09/03/2021 13:00,279.28418
09/03/2021 14:00,279.30087
09/03/2021 15:00,278.93445
09/03/2021 16:00,277.90033
09/03/2021 17:00,276.51047
09/03/2021 18:00,275.40952
09/03/2021 19:00,275.2168
09/03/2021 20:00,274.519
09/03/2021 21:00,273.94885
09/03/2021 22:00,273.71304
09/03/2021 23:00,273.49658
10/03/2021 0:00,273.44916
10/03/2021 1:00,273.6262
10/03/2021 2:00,273.57642
10/03/2021 3:00,273.5664
10/03/2021 4:00,273.32925
10/03/2021 5:00,272.80917
10/03/2021 6:00,272.7948
10/03/2021 7:00,274.46658
10/03/2021 8:00,276.1337
10/03/2021 9:00,277.8402
10/03/2021 10:00,279.03833
10/03/2021 11:00,280.07013
10/03/2021 12:00,280.25616
10/03/2021 13:00,280.07114
10/03/2021 14:00,280.10953
10/03/2021 15:00,279.7518
10/03/2021 16:00,279.24075
10/03/2021 17:00,278.0954
10/03/2021 18:00,276.98944
10/03/2021 19:00,276.70752
10/03/2021 20:00,275.80768
10/03/2021 21:00,274.78625
10/03/2021 22:00,273.7157
10/03/2021 23:00,272.62247
11/03/2021 0:00,271.63608
11/03/2021 1:00,270.98843
11/03/2021 2:00,271.0756
11/03/2021 3:00,271.34784
11/03/2021 4:00,272.80014
11/03/2021 5:00,272.58005
11/03/2021 6:00,272.6054
11/03/2021 7:00,273.49557
11/03/2021 8:00,276.07123
11/03/2021 9:00,278.22598
11/03/2021 10:00,279.9031
11/03/2021 11:00,281.17807
11/03/2021 12:00,282.03384
11/03/2021 13:00,282.52383
11/03/2021 14:00,282.44135
11/03/2021 15:00,281.4904
11/03/2021 16:00,279.72473
11/03/2021 17:00,278.19525
11/03/2021 18:00,277.50082
11/03/2021 19:00,277.50082
11/03/2021 20:00,277.35587
11/03/2021 21:00,277.25064
11/03/2021 22:00,277.39294
11/03/2021 23:00,277.3856
12/03/2021 0:00,277.6625
12/03/2021 1:00,277.47745
12/03/2021 2:00,277.1618
12/03/2021 3:00,277.6715
12/03/2021 4:00,278.4882
12/03/2021 5:00,278.81854
12/03/2021 6:00,278.7524
12/03/2021 7:00,278.78583
12/03/2021 8:00,279.28116
12/03/2021 9:00,280.26987
12/03/2021 10:00,282.21555
12/03/2021 11:00,284.1061
12/03/2021 12:00,284.48322
12/03/2021 13:00,284.67294
12/03/2021 14:00,284.43445
12/03/2021 15:00,283.56866
12/03/2021 16:00,282.3468
12/03/2021 17:00,281.39987
12/03/2021 18:00,280.46225
12/03/2021 19:00,280.48465
12/03/2021 20:00,280.13492
12/03/2021 21:00,279.85168
12/03/2021 22:00,279.78287
12/03/2021 23:00,279.679
13/03/2021 0:00,279.53134
13/03/2021 1:00,279.23773
13/03/2021 2:00,278.69495
13/03/2021 3:00,278.2801
13/03/2021 4:00,277.6271
13/03/2021 5:00,276.6257
13/03/2021 6:00,276.23056
13/03/2021 7:00,278.95682
13/03/2021 8:00,281.1216
13/03/2021 9:00,282.912
13/03/2021 10:00,284.5166
13/03/2021 11:00,285.7201
13/03/2021 12:00,286.5301
13/03/2021 13:00,286.95596
13/03/2021 14:00,287.20248
13/03/2021 15:00,287.14
13/03/2021 16:00,285.9676
13/03/2021 17:00,283.8529
13/03/2021 18:00,282.46674
13/03/2021 19:00,281.98172
13/03/2021 20:00,281.5288
13/03/2021 21:00,280.9359
13/03/2021 22:00,280.57983
13/03/2021 23:00,280.44357
14/03/2021 0:00,280.31094
14/03/2021 1:00,280.17566
14/03/2021 2:00,280.2592
14/03/2021 3:00,280.08215
14/03/2021 4:00,280.02237
14/03/2021 5:00,279.81226
14/03/2021 6:00,279.92416
14/03/2021 7:00,282.3261
14/03/2021 8:00,284.14352
14/03/2021 9:00,285.9823
14/03/2021 10:00,287.40857
14/03/2021 11:00,288.1227
14/03/2021 12:00,287.3087
14/03/2021 13:00,284.2227
14/03/2021 14:00,281.88687
14/03/2021 15:00,280.9389
14/03/2021 16:00,280.31863
14/03/2021 17:00,279.71072
14/03/2021 18:00,279.37003
14/03/2021 19:00,278.58875
14/03/2021 20:00,278.62213
14/03/2021 21:00,278.75342
14/03/2021 22:00,278.6442
14/03/2021 23:00,278.61612
15/03/2021 0:00,278.3783
15/03/2021 1:00,278.11877
15/03/2021 2:00,277.79944
15/03/2021 3:00,277.34018
15/03/2021 4:00,276.9704
15/03/2021 5:00,276.42664
15/03/2021 6:00,276.2713
15/03/2021 7:00,276.02747
15/03/2021 8:00,276.7376
15/03/2021 9:00,278.069
15/03/2021 10:00,279.70337
15/03/2021 11:00,280.91287
15/03/2021 12:00,281.2656
15/03/2021 13:00,281.87216
15/03/2021 14:00,281.9266
15/03/2021 15:00,281.95834
15/03/2021 16:00,281.48972
15/03/2021 17:00,280.73584
15/03/2021 18:00,279.97928
15/03/2021 19:00,279.96457
15/03/2021 20:00,279.2274
15/03/2021 21:00,278.60278
15/03/2021 22:00,278.1455
15/03/2021 23:00,277.70425
16/03/2021 0:00,277.3639
16/03/2021 1:00,277.09198
16/03/2021 2:00,276.83414
16/03/2021 3:00,276.54587
16/03/2021 4:00,276.2409
16/03/2021 5:00,275.9286
16/03/2021 6:00,276.43396
16/03/2021 7:00,277.86926
16/03/2021 8:00,279.4679
16/03/2021 9:00,280.9279
16/03/2021 10:00,281.82306
16/03/2021 11:00,282.29437
16/03/2021 12:00,282.70422
16/03/2021 13:00,282.62805
16/03/2021 14:00,282.6688
16/03/2021 15:00,282.3889
16/03/2021 16:00,281.5946
16/03/2021 17:00,280.55045
16/03/2021 18:00,279.4936
16/03/2021 19:00,278.6532
16/03/2021 20:00,278.0336
16/03/2021 21:00,277.5446
16/03/2021 22:00,277.05225
16/03/2021 23:00,276.65442
17/03/2021 0:00,276.25092
17/03/2021 1:00,275.86246
17/03/2021 2:00,275.48602
17/03/2021 3:00,275.1473
17/03/2021 4:00,274.9352
17/03/2021 5:00,274.67334
17/03/2021 6:00,275.1049
17/03/2021 7:00,276.51547
17/03/2021 8:00,278.04495
17/03/2021 9:00,279.517
17/03/2021 10:00,280.64496
17/03/2021 11:00,281.24988
17/03/2021 12:00,281.69214
17/03/2021 13:00,281.80905
17/03/2021 14:00,281.74524
17/03/2021 15:00,281.45398
17/03/2021 16:00,280.497
17/03/2021 17:00,279.65393
17/03/2021 18:00,278.80652
17/03/2021 19:00,278.26306
17/03/2021 20:00,277.54993
17/03/2021 21:00,277.00815
17/03/2021 22:00,276.66812
17/03/2021 23:00,276.34714
18/03/2021 0:00,275.93393
18/03/2021 1:00,275.319
18/03/2021 2:00,274.99234
18/03/2021 3:00,274.60052
18/03/2021 4:00,274.40848
18/03/2021 5:00,274.28656
18/03/2021 6:00,274.5875
18/03/2021 7:00,275.628
18/03/2021 8:00,276.42596
18/03/2021 9:00,277.44705
18/03/2021 10:00,277.427
18/03/2021 11:00,277.5546
18/03/2021 12:00,278.12912
18/03/2021 13:00,278.98254
18/03/2021 14:00,279.24008
18/03/2021 15:00,279.2344
18/03/2021 16:00,278.72836
18/03/2021 17:00,277.09067
18/03/2021 18:00,276.23923
18/03/2021 19:00,275.86948
18/03/2021 20:00,275.31332
18/03/2021 21:00,274.39612
18/03/2021 22:00,273.88406
18/03/2021 23:00,273.65125
19/03/2021 0:00,273.73074
19/03/2021 1:00,273.5487
19/03/2021 2:00,273.22037
19/03/2021 3:00,272.55798
19/03/2021 4:00,271.7086
19/03/2021 5:00,271.09097
19/03/2021 6:00,272.03323
19/03/2021 7:00,274.5294
19/03/2021 8:00,276.12866
19/03/2021 9:00,277.38525
19/03/2021 10:00,278.47116
19/03/2021 11:00,279.16895
19/03/2021 12:00,279.42078
19/03/2021 13:00,279.5965
19/03/2021 14:00,279.7027
19/03/2021 15:00,279.46622
19/03/2021 16:00,278.14984
19/03/2021 17:00,277.54358
19/03/2021 18:00,276.23758
19/03/2021 19:00,274.4559
19/03/2021 20:00,273.29285
19/03/2021 21:00,272.79916
19/03/2021 22:00,272.58804
19/03/2021 23:00,272.13446
20/03/2021 0:00,271.89194
20/03/2021 1:00,271.749
20/03/2021 2:00,271.64578
20/03/2021 3:00,271.5813
20/03/2021 4:00,271.7423
20/03/2021 5:00,271.1848
20/03/2021 6:00,272.39865
20/03/2021 7:00,274.20837
20/03/2021 8:00,275.65335
20/03/2021 9:00,276.88455
20/03/2021 10:00,277.96912
20/03/2021 11:00,278.40738
20/03/2021 12:00,279.0754
20/03/2021 13:00,279.526
20/03/2021 14:00,279.4806
20/03/2021 15:00,278.47852
20/03/2021 16:00,277.56094
20/03/2021 17:00,276.09494
20/03/2021 18:00,275.24152
20/03/2021 19:00,274.09482
20/03/2021 20:00,273.65024
20/03/2021 21:00,272.91104
20/03/2021 22:00,272.30212
20/03/2021 23:00,271.83115
21/03/2021 0:00,271.44836
21/03/2021 1:00,271.1648
21/03/2021 2:00,270.8862
21/03/2021 3:00,270.6043
21/03/2021 4:00,270.35077
21/03/2021 5:00,270.14233
21/03/2021 6:00,270.95535
21/03/2021 7:00,272.63782
21/03/2021 8:00,274.52103
21/03/2021 9:00,276.24524
21/03/2021 10:00,277.7851
21/03/2021 11:00,278.90372
21/03/2021 12:00,279.63123
21/03/2021 13:00,279.9452
21/03/2021 14:00,279.8961
21/03/2021 15:00,279.49927
21/03/2021 16:00,278.83392
21/03/2021 17:00,277.2884
21/03/2021 18:00,275.93695
21/03/2021 19:00,275.35675
21/03/2021 20:00,274.46625
21/03/2021 21:00,273.84262
21/03/2021 22:00,273.50995
21/03/2021 23:00,273.29752
22/03/2021 0:00,272.92206
22/03/2021 1:00,272.85025
22/03/2021 2:00,272.82822
22/03/2021 3:00,273.13785
22/03/2021 4:00,273.71973
22/03/2021 5:00,274.12454
22/03/2021 6:00,274.63626
22/03/2021 7:00,275.50974
22/03/2021 8:00,276.9477
22/03/2021 9:00,277.96112
22/03/2021 10:00,278.28445
22/03/2021 11:00,278.2604
22/03/2021 12:00,277.7724
22/03/2021 13:00,278.10175
22/03/2021 14:00,278.9722
22/03/2021 15:00,279.70804
22/03/2021 16:00,279.3119
22/03/2021 17:00,277.71228
22/03/2021 18:00,276.7189
22/03/2021 19:00,275.2021
22/03/2021 20:00,274.51703
22/03/2021 21:00,274.16498
22/03/2021 22:00,273.6509
22/03/2021 23:00,273.15323
23/03/2021 0:00,272.63416
23/03/2021 1:00,272.19122
23/03/2021 2:00,271.92233
23/03/2021 3:00,271.71024
23/03/2021 4:00,271.5319
23/03/2021 5:00,271.4113
23/03/2021 6:00,272.48016
23/03/2021 7:00,274.7024
23/03/2021 8:00,276.92633
23/03/2021 9:00,278.81955
23/03/2021 10:00,280.15997
23/03/2021 11:00,281.20947
23/03/2021 12:00,281.95032
23/03/2021 13:00,282.6461
23/03/2021 14:00,282.91733
23/03/2021 15:00,282.61102
23/03/2021 16:00,281.84412
23/03/2021 17:00,280.48163
23/03/2021 18:00,279.48358
23/03/2021 19:00,278.871
23/03/2021 20:00,278.54932
23/03/2021 21:00,278.01056
23/03/2021 22:00,277.55527
23/03/2021 23:00,277.03653
24/03/2021 0:00,276.49475
24/03/2021 1:00,276.13904
24/03/2021 2:00,275.95865
24/03/2021 3:00,275.8678
24/03/2021 4:00,275.7823
24/03/2021 5:00,275.9757
24/03/2021 6:00,276.75497
24/03/2021 7:00,278.33923
24/03/2021 8:00,279.59146
24/03/2021 9:00,280.53943
24/03/2021 10:00,281.27863
24/03/2021 11:00,281.4927
24/03/2021 12:00,281.57657
24/03/2021 13:00,281.73523
24/03/2021 14:00,281.71384
24/03/2021 15:00,281.5475
24/03/2021 16:00,280.9633
24/03/2021 17:00,280.24115
24/03/2021 18:00,279.50897
24/03/2021 19:00,278.82388
24/03/2021 20:00,277.87662
24/03/2021 21:00,276.86685
24/03/2021 22:00,275.52945
24/03/2021 23:00,274.27652
25/03/2021 0:00,273.5634
25/03/2021 1:00,273.0243
25/03/2021 2:00,272.42773
25/03/2021 3:00,271.9798
25/03/2021 4:00,271.60303
25/03/2021 5:00,271.23193
25/03/2021 6:00,273.49994
25/03/2021 7:00,276.80408
25/03/2021 8:00,279.02798
25/03/2021 9:00,280.93658
25/03/2021 10:00,282.0305
25/03/2021 11:00,283.10638
25/03/2021 12:00,283.3796
25/03/2021 13:00,283.60007
25/03/2021 14:00,283.6859
25/03/2021 15:00,283.4591
25/03/2021 16:00,283.2313
25/03/2021 17:00,282.03818
25/03/2021 18:00,279.86737
25/03/2021 19:00,277.7841
25/03/2021 20:00,276.56424
25/03/2021 21:00,275.8775
25/03/2021 22:00,275.3925
25/03/2021 23:00,275.30798
26/03/2021 0:00,275.22147
26/03/2021 1:00,275.16568
26/03/2021 2:00,275.26355
26/03/2021 3:00,275.67206
26/03/2021 4:00,275.9129
26/03/2021 5:00,275.6901
26/03/2021 6:00,276.26797
26/03/2021 7:00,278.96686
26/03/2021 8:00,281.99744
26/03/2021 9:00,284.2621
26/03/2021 10:00,285.75082
26/03/2021 11:00,286.63397
26/03/2021 12:00,287.24823
26/03/2021 13:00,287.611
26/03/2021 14:00,287.72757
26/03/2021 15:00,287.56555
26/03/2021 16:00,286.86813
26/03/2021 17:00,284.861
26/03/2021 18:00,282.63742
26/03/2021 19:00,282.1855
26/03/2021 20:00,280.93457
26/03/2021 21:00,279.91714
26/03/2021 22:00,279.13086
26/03/2021 23:00,278.52393
27/03/2021 0:00,277.95743
27/03/2021 1:00,277.42468
27/03/2021 2:00,276.97308
27/03/2021 3:00,276.54285
27/03/2021 4:00,276.07022
27/03/2021 5:00,275.58154
27/03/2021 6:00,277.16315
27/03/2021 7:00,280.88412
27/03/2021 8:00,283.85025
27/03/2021 9:00,286.54712
27/03/2021 10:00,288.5646
27/03/2021 11:00,289.78748
27/03/2021 12:00,290.38635
27/03/2021 13:00,290.6703
27/03/2021 14:00,290.52798
27/03/2021 15:00,290.07004
27/03/2021 16:00,288.88626
27/03/2021 17:00,287.19012
27/03/2021 18:00,285.91016
27/03/2021 19:00,285.39975
27/03/2021 20:00,284.7748
27/03/2021 21:00,284.58844
27/03/2021 22:00,284.03363
27/03/2021 23:00,283.49652
28/03/2021 0:00,283.30045
28/03/2021 1:00,282.5382
28/03/2021 2:00,282.21722
28/03/2021 3:00,281.96335
28/03/2021 4:00,281.65805
28/03/2021 5:00,281.474
28/03/2021 6:00,281.78333
28/03/2021 7:00,282.12268
28/03/2021 8:00,283.52023
28/03/2021 9:00,283.9638
28/03/2021 10:00,284.0941
28/03/2021 11:00,284.548
28/03/2021 12:00,284.91745
28/03/2021 13:00,285.24478
28/03/2021 14:00,285.63358
28/03/2021 15:00,285.6132
28/03/2021 16:00,285.21805
28/03/2021 17:00,284.05066
28/03/2021 18:00,283.1488
28/03/2021 19:00,283.3295
28/03/2021 20:00,282.95474
28/03/2021 21:00,281.76193
28/03/2021 22:00,279.35065
28/03/2021 23:00,278.1171
29/03/2021 0:00,277.79144
29/03/2021 1:00,279.11014
29/03/2021 2:00,278.70764
29/03/2021 3:00,278.37097
29/03/2021 4:00,277.9982
29/03/2021 5:00,277.46912
29/03/2021 6:00,278.3389
29/03/2021 7:00,281.42325
29/03/2021 8:00,284.07068
29/03/2021 9:00,285.92184
29/03/2021 10:00,287.02176
29/03/2021 11:00,287.92197
29/03/2021 12:00,288.59302
29/03/2021 13:00,289.1966
29/03/2021 14:00,289.23734
29/03/2021 15:00,288.9571
29/03/2021 16:00,288.1501
29/03/2021 17:00,286.88147
29/03/2021 18:00,286.7345
29/03/2021 19:00,285.97528
29/03/2021 20:00,285.27817
29/03/2021 21:00,283.30646
29/03/2021 22:00,281.23886
29/03/2021 23:00,281.26392
30/03/2021 0:00,281.65305
30/03/2021 1:00,281.4259
30/03/2021 2:00,281.0104
30/03/2021 3:00,280.71277
30/03/2021 4:00,280.84906
30/03/2021 5:00,280.9526
30/03/2021 6:00,281.5435
30/03/2021 7:00,282.8602
30/03/2021 8:00,284.19028
30/03/2021 9:00,284.867
30/03/2021 10:00,285.5327
30/03/2021 11:00,286.11456
30/03/2021 12:00,286.96832
30/03/2021 13:00,287.29233
30/03/2021 14:00,287.54318
30/03/2021 15:00,287.49976
30/03/2021 16:00,286.96866
30/03/2021 17:00,285.8754
30/03/2021 18:00,284.41006
30/03/2021 19:00,284.77914
30/03/2021 20:00,283.43704
30/03/2021 21:00,282.39557
30/03/2021 22:00,281.49005
30/03/2021 23:00,281.07654
31/03/2021 0:00,280.97733
31/03/2021 1:00,281.20578
31/03/2021 2:00,281.28662
31/03/2021 3:00,281.17004
31/03/2021 4:00,281.0321
31/03/2021 5:00,280.99136
31/03/2021 6:00,282.35983
31/03/2021 7:00,285.4041
31/03/2021 8:00,287.44296
31/03/2021 9:00,289.13345
31/03/2021 10:00,290.2347
31/03/2021 11:00,291.04907
31/03/2021 12:00,291.62558
31/03/2021 13:00,291.9703
31/03/2021 14:00,292.03174
31/03/2021 15:00,291.83636
31/03/2021 16:00,291.42517
31/03/2021 17:00,289.65253
31/03/2021 18:00,287.2499
31/03/2021 19:00,285.52936
31/03/2021 20:00,284.17325
31/03/2021 21:00,283.32214
31/03/2021 22:00,282.59732
31/03/2021 23:00,282.00812
01/04/2021 0:00,281.72964
01/04/2021 1:00,281.6398
01/04/2021 2:00,281.2372
01/04/2021 3:00,280.77222
01/04/2021 4:00,280.49835
01/04/2021 5:00,280.55826
01/04/2021 6:00,282.83545
01/04/2021 7:00,286.63953
01/04/2021 8:00,289.65558
01/04/2021 9:00,291.66354
01/04/2021 10:00,292.652
01/04/2021 11:00,293.33844
01/04/2021 12:00,293.83875
01/04/2021 13:00,294.16394
01/04/2021 14:00,294.23206
01/04/2021 15:00,294.04163
01/04/2021 16:00,293.0956
01/04/2021 17:00,291.2802
01/04/2021 18:00,289.3653
01/04/2021 19:00,288.7648
01/04/2021 20:00,287.5103
01/04/2021 21:00,286.37317
01/04/2021 22:00,285.26773
01/04/2021 23:00,284.25323
02/04/2021 0:00,283.6656
02/04/2021 1:00,283.396
02/04/2021 2:00,283.39883
02/04/2021 3:00,283.33075
02/04/2021 4:00,283.381
02/04/2021 5:00,283.40918
02/04/2021 6:00,284.88797
02/04/2021 7:00,287.42688
02/04/2021 8:00,289.63275
02/04/2021 9:00,290.90256
02/04/2021 10:00,291.60968
02/04/2021 11:00,292.26868
02/04/2021 12:00,291.69562
02/04/2021 13:00,290.79736
02/04/2021 14:00,290.70358
02/04/2021 15:00,290.43936
02/04/2021 16:00,289.7483
02/04/2021 17:00,288.5088
02/04/2021 18:00,287.24326
02/04/2021 19:00,286.15634
02/04/2021 20:00,284.89725
02/04/2021 21:00,284.3103
02/04/2021 22:00,283.50333
02/04/2021 23:00,282.86682
03/04/2021 0:00,282.67212
03/04/2021 1:00,282.13223
03/04/2021 2:00,281.75674
03/04/2021 3:00,281.48718
03/04/2021 4:00,281.04678
03/04/2021 5:00,280.85956
03/04/2021 6:00,281.04037
03/04/2021 7:00,281.24255
03/04/2021 8:00,281.5353
03/04/2021 9:00,282.22638
03/04/2021 10:00,283.38852
03/04/2021 11:00,284.5392
03/04/2021 12:00,284.98602
03/04/2021 13:00,285.06235
03/04/2021 14:00,285.11154
03/04/2021 15:00,284.65582
03/04/2021 16:00,284.14804
03/04/2021 17:00,283.01944
03/04/2021 18:00,282.04773
03/04/2021 19:00,280.91342
03/04/2021 20:00,280.18918
03/04/2021 21:00,279.60794
03/04/2021 22:00,279.06485
03/04/2021 23:00,278.60843
04/04/2021 0:00,278.12418
04/04/2021 1:00,277.67416
04/04/2021 2:00,277.19595
04/04/2021 3:00,276.72348
04/04/2021 4:00,276.2428
04/04/2021 5:00,276.33408
04/04/2021 6:00,277.4256
04/04/2021 7:00,278.67618
04/04/2021 8:00,280.0027
04/04/2021 9:00,281.30032
04/04/2021 10:00,282.21567
04/04/2021 11:00,283.01764
04/04/2021 12:00,283.43878
04/04/2021 13:00,283.45056
04/04/2021 14:00,283.40347
04/04/2021 15:00,283.02942
04/04/2021 16:00,281.77103
04/04/2021 17:00,281.17838
04/04/2021 18:00,280.21985
04/04/2021 19:00,279.25812
04/04/2021 20:00,277.83533
04/04/2021 21:00,276.48886
04/04/2021 22:00,275.4979
04/04/2021 23:00,274.8029
05/04/2021 0:00,274.1464
05/04/2021 1:00,273.6315
05/04/2021 2:00,273.1401
05/04/2021 3:00,272.76498
05/04/2021 4:00,272.56387
05/04/2021 5:00,272.93613
05/04/2021 6:00,275.9636
05/04/2021 7:00,278.65405
05/04/2021 8:00,280.75403
05/04/2021 9:00,282.39505
05/04/2021 10:00,283.5529
05/04/2021 11:00,284.38196
05/04/2021 12:00,284.99887
05/04/2021 13:00,285.46744
05/04/2021 14:00,285.71524
05/04/2021 15:00,285.66782
05/04/2021 16:00,285.19107
05/04/2021 17:00,283.69803
05/04/2021 18:00,282.02063
05/04/2021 19:00,281.32706
05/04/2021 20:00,280.83746
05/04/2021 21:00,280.4263
05/04/2021 22:00,279.82687
05/04/2021 23:00,279.29236
06/04/2021 0:00,279.0538
06/04/2021 1:00,278.93005
06/04/2021 2:00,279.14258
06/04/2021 3:00,279.68854
06/04/2021 4:00,279.19608
06/04/2021 5:00,277.76865
06/04/2021 6:00,276.8123
06/04/2021 7:00,276.25778
06/04/2021 8:00,276.4728
06/04/2021 9:00,276.5056
06/04/2021 10:00,277.01837
06/04/2021 11:00,278.28677
06/04/2021 12:00,279.0802
06/04/2021 13:00,279.3109
06/04/2021 14:00,278.9864
06/04/2021 15:00,278.45508
06/04/2021 16:00,277.9466
06/04/2021 17:00,277.3714
06/04/2021 18:00,276.7174
06/04/2021 19:00,275.8976
06/04/2021 20:00,275.46686
06/04/2021 21:00,275.22653
06/04/2021 22:00,275.06427
06/04/2021 23:00,274.75262
07/04/2021 0:00,274.26587
07/04/2021 1:00,273.84222
07/04/2021 2:00,273.4557
07/04/2021 3:00,272.91797
07/04/2021 4:00,272.51215
07/04/2021 5:00,272.57312
07/04/2021 6:00,274.283
07/04/2021 7:00,275.40268
07/04/2021 8:00,277.16638
07/04/2021 9:00,278.28
07/04/2021 10:00,279.19464
07/04/2021 11:00,280.40634
07/04/2021 12:00,281.1124
07/04/2021 13:00,281.44296
07/04/2021 14:00,281.5599
07/04/2021 15:00,281.20688
07/04/2021 16:00,280.29047
07/04/2021 17:00,279.07483
07/04/2021 18:00,277.8824
07/04/2021 19:00,276.338
07/04/2021 20:00,275.81454
07/04/2021 21:00,275.111
07/04/2021 22:00,274.48907
07/04/2021 23:00,273.936
08/04/2021 0:00,273.49884
08/04/2021 1:00,273.08878
08/04/2021 2:00,272.7589
08/04/2021 3:00,272.5218
08/04/2021 4:00,272.32816
08/04/2021 5:00,272.69293
08/04/2021 6:00,275.04288
08/04/2021 7:00,275.8313
08/04/2021 8:00,278.06247
08/04/2021 9:00,280.37888
08/04/2021 10:00,281.78278
08/04/2021 11:00,282.7181
08/04/2021 12:00,283.15424
08/04/2021 13:00,283.28152
08/04/2021 14:00,283.18384
08/04/2021 15:00,282.7085
08/04/2021 16:00,281.51712
08/04/2021 17:00,280.30328
08/04/2021 18:00,279.1704
08/04/2021 19:00,278.41977
08/04/2021 20:00,278.68616
08/04/2021 21:00,277.27762
08/04/2021 22:00,275.5371
08/04/2021 23:00,275.7714
09/04/2021 0:00,275.8919
09/04/2021 1:00,275.48218
09/04/2021 2:00,275.00436
09/04/2021 3:00,273.81656
09/04/2021 4:00,271.89667
09/04/2021 5:00,271.8318
09/04/2021 6:00,276.12015
09/04/2021 7:00,278.91223
09/04/2021 8:00,280.9273
09/04/2021 9:00,282.57407
09/04/2021 10:00,284.00183
09/04/2021 11:00,285.14185
09/04/2021 12:00,286.00266
09/04/2021 13:00,286.56323
09/04/2021 14:00,286.8
09/04/2021 15:00,286.77075
09/04/2021 16:00,286.15244
09/04/2021 17:00,284.22507
09/04/2021 18:00,282.3751
09/04/2021 19:00,281.98495
09/04/2021 20:00,281.13022
09/04/2021 21:00,280.49762
09/04/2021 22:00,279.82117
09/04/2021 23:00,279.18716
10/04/2021 0:00,278.8976
10/04/2021 1:00,278.80527
10/04/2021 2:00,278.29318
10/04/2021 3:00,277.85638
10/04/2021 4:00,277.63242
10/04/2021 5:00,278.02112
10/04/2021 6:00,280.43985
10/04/2021 7:00,283.63562
10/04/2021 8:00,285.87073
10/04/2021 9:00,287.32312
10/04/2021 10:00,288.42178
10/04/2021 11:00,289.2708
10/04/2021 12:00,289.9059
10/04/2021 13:00,290.1195
10/04/2021 14:00,290.00183
10/04/2021 15:00,289.58853
10/04/2021 16:00,288.70883
10/04/2021 17:00,287.09918
10/04/2021 18:00,284.94788
10/04/2021 19:00,283.58142
10/04/2021 20:00,281.85373
10/04/2021 21:00,280.4823
10/04/2021 22:00,279.4603
10/04/2021 23:00,278.66867
11/04/2021 0:00,278.9921
11/04/2021 1:00,281.469
11/04/2021 2:00,281.17587
11/04/2021 3:00,279.02634
11/04/2021 4:00,277.1999
11/04/2021 5:00,277.55756
11/04/2021 6:00,279.25848
11/04/2021 7:00,284.33774
11/04/2021 8:00,285.9103
11/04/2021 9:00,286.4352
11/04/2021 10:00,286.3785
11/04/2021 11:00,287.05673
11/04/2021 12:00,287.83838
11/04/2021 13:00,287.59805
11/04/2021 14:00,287.13022
11/04/2021 15:00,287.3891
11/04/2021 16:00,287.34808
11/04/2021 17:00,286.24515
11/04/2021 18:00,284.914
11/04/2021 19:00,284.31244
11/04/2021 20:00,283.44058
11/04/2021 21:00,282.63968
11/04/2021 22:00,281.91116
11/04/2021 23:00,281.2504
12/04/2021 0:00,280.45377
12/04/2021 1:00,279.79443
12/04/2021 2:00,279.1854
12/04/2021 3:00,278.89548
12/04/2021 4:00,278.56207
12/04/2021 5:00,278.89368
12/04/2021 6:00,282.568
12/04/2021 7:00,285.92636
12/04/2021 8:00,288.33405
12/04/2021 9:00,289.69302
12/04/2021 10:00,290.86835
12/04/2021 11:00,291.5223
12/04/2021 12:00,292.7069
12/04/2021 13:00,293.12485
12/04/2021 14:00,293.05994
12/04/2021 15:00,292.72687
12/04/2021 16:00,291.75232
12/04/2021 17:00,289.7565
12/04/2021 18:00,288.2353
12/04/2021 19:00,287.06494
12/04/2021 20:00,286.65878
12/04/2021 21:00,285.01956
12/04/2021 22:00,281.90332
12/04/2021 23:00,279.7816
13/04/2021 0:00,279.07092
13/04/2021 1:00,278.83627
13/04/2021 2:00,278.5385
13/04/2021 3:00,278.27286
13/04/2021 4:00,278.0885
13/04/2021 5:00,278.06247
13/04/2021 6:00,278.44153
13/04/2021 7:00,277.95978
13/04/2021 8:00,278.2939
13/04/2021 9:00,278.7325
13/04/2021 10:00,278.76675
13/04/2021 11:00,278.8641
13/04/2021 12:00,278.78314
13/04/2021 13:00,278.65048
13/04/2021 14:00,278.25717
13/04/2021 15:00,277.59177
13/04/2021 16:00,277.0412
13/04/2021 17:00,276.60617
13/04/2021 18:00,276.3184
13/04/2021 19:00,276.16257
13/04/2021 20:00,276.05023
13/04/2021 21:00,275.9536
13/04/2021 22:00,275.86874
13/04/2021 23:00,275.79562
14/04/2021 0:00,275.6908
14/04/2021 1:00,275.51428
14/04/2021 2:00,275.41052
14/04/2021 3:00,275.40445
14/04/2021 4:00,275.44153
14/04/2021 5:00,275.52142
14/04/2021 6:00,275.78067
14/04/2021 7:00,275.56314
14/04/2021 8:00,275.89157
14/04/2021 9:00,276.4803
14/04/2021 10:00,277.0544
14/04/2021 11:00,278.34097
14/04/2021 12:00,279.2396
14/04/2021 13:00,279.92422
14/04/2021 14:00,280.56537
14/04/2021 15:00,280.47018
14/04/2021 16:00,280.17206
14/04/2021 17:00,279.64645
14/04/2021 18:00,279.1654
14/04/2021 19:00,277.50012
14/04/2021 20:00,276.90997
14/04/2021 21:00,276.39722
14/04/2021 22:00,275.95255
14/04/2021 23:00,275.60843
15/04/2021 0:00,275.1017
15/04/2021 1:00,274.64777
15/04/2021 2:00,274.26587
15/04/2021 3:00,273.97345
15/04/2021 4:00,273.69104
15/04/2021 5:00,274.15353
15/04/2021 6:00,276.08948
15/04/2021 7:00,277.93768
15/04/2021 8:00,279.44962
15/04/2021 9:00,280.7191
15/04/2021 10:00,281.7849
15/04/2021 11:00,282.71027
15/04/2021 12:00,283.16635
15/04/2021 13:00,283.34644
15/04/2021 14:00,283.42166
15/04/2021 15:00,283.06186
15/04/2021 16:00,282.03738
15/04/2021 17:00,281.18228
15/04/2021 18:00,279.78125
15/04/2021 19:00,278.61874
15/04/2021 20:00,277.5932
15/04/2021 21:00,276.84186
15/04/2021 22:00,276.2717
15/04/2021 23:00,275.8049
16/04/2021 0:00,275.42264
16/04/2021 1:00,275.1363
16/04/2021 2:00,274.9038
16/04/2021 3:00,274.58536
16/04/2021 4:00,274.19812
16/04/2021 5:00,274.50085
16/04/2021 6:00,276.7399
16/04/2021 7:00,278.49573
16/04/2021 8:00,279.94562
16/04/2021 9:00,280.88382
16/04/2021 10:00,281.3524
16/04/2021 11:00,281.61948
16/04/2021 12:00,282.13474
16/04/2021 13:00,282.2474
16/04/2021 14:00,282.53802
16/04/2021 15:00,282.2474
16/04/2021 16:00,282.13937
16/04/2021 17:00,281.6184
16/04/2021 18:00,280.9694
16/04/2021 19:00,278.79492
16/04/2021 20:00,278.32812
16/04/2021 21:00,278.24005
16/04/2021 22:00,277.66345
16/04/2021 23:00,276.59903
17/04/2021 0:00,276.56195
17/04/2021 1:00,276.7185
17/04/2021 2:00,276.88324
17/04/2021 3:00,277.0045
17/04/2021 4:00,277.05475
17/04/2021 5:00,277.58215
17/04/2021 6:00,279.13974
17/04/2021 7:00,279.97058
17/04/2021 8:00,280.92874
17/04/2021 9:00,281.45328
17/04/2021 10:00,281.71466
17/04/2021 11:00,282.5983
17/04/2021 12:00,282.72702
17/04/2021 13:00,283.09717
17/04/2021 14:00,283.2448
17/04/2021 15:00,283.3828
17/04/2021 16:00,283.04474
17/04/2021 17:00,282.3519
17/04/2021 18:00,281.35916
17/04/2021 19:00,280.82748
17/04/2021 20:00,280.25693
17/04/2021 21:00,279.5345
17/04/2021 22:00,279.08945
17/04/2021 23:00,278.62625
18/04/2021 0:00,278.90152
18/04/2021 1:00,278.6512
18/04/2021 2:00,278.27252
18/04/2021 3:00,278.2479
18/04/2021 4:00,278.26038
18/04/2021 5:00,278.49466
18/04/2021 6:00,279.12332
18/04/2021 7:00,279.64145
18/04/2021 8:00,280.1457
18/04/2021 9:00,280.39706
18/04/2021 10:00,280.66415
18/04/2021 11:00,280.92517
18/04/2021 12:00,281.31708
18/04/2021 13:00,281.60342
18/04/2021 14:00,281.87943
18/04/2021 15:00,282.01776
18/04/2021 16:00,281.96323
18/04/2021 17:00,281.65976
18/04/2021 18:00,280.7804
18/04/2021 19:00,280.1339
18/04/2021 20:00,279.84473
18/04/2021 21:00,279.61578
18/04/2021 22:00,279.18253
18/04/2021 23:00,278.8837
19/04/2021 0:00,278.97107
19/04/2021 1:00,279.0745
19/04/2021 2:00,279.14795
19/04/2021 3:00,279.14224
19/04/2021 4:00,279.04416
19/04/2021 5:00,279.25812
19/04/2021 6:00,279.64752
19/04/2021 7:00,281.0589
19/04/2021 8:00,281.65976
19/04/2021 9:00,282.12833
19/04/2021 10:00,282.95346
19/04/2021 11:00,283.68625
19/04/2021 12:00,284.16266
19/04/2021 13:00,284.36484
19/04/2021 14:00,284.81345
19/04/2021 15:00,284.7086
19/04/2021 16:00,284.42905
19/04/2021 17:00,283.8467
19/04/2021 18:00,282.65857
19/04/2021 19:00,280.65274
19/04/2021 20:00,280.0626
19/04/2021 21:00,279.74594
19/04/2021 22:00,279.2139
19/04/2021 23:00,278.77924
20/04/2021 0:00,278.56064
20/04/2021 1:00,278.41837
20/04/2021 2:00,278.23434
20/04/2021 3:00,277.8553
20/04/2021 4:00,277.27692
20/04/2021 5:00,277.6945
20/04/2021 6:00,280.15567
20/04/2021 7:00,281.25397
20/04/2021 8:00,282.9795
20/04/2021 9:00,284.27676
20/04/2021 10:00,285.4578
20/04/2021 11:00,286.37173
20/04/2021 12:00,286.94907
20/04/2021 13:00,287.19153
20/04/2021 14:00,287.20117
20/04/2021 15:00,286.7408
20/04/2021 16:00,286.15778
20/04/2021 17:00,285.20963
20/04/2021 18:00,284.35236
20/04/2021 19:00,282.96808
20/04/2021 20:00,282.04095
20/04/2021 21:00,281.76746
20/04/2021 22:00,281.0236
20/04/2021 23:00,280.6752
21/04/2021 0:00,280.13782
21/04/2021 1:00,279.69638
21/04/2021 2:00,279.50845
21/04/2021 3:00,279.24423
21/04/2021 4:00,278.94147
21/04/2021 5:00,279.62827
21/04/2021 6:00,281.9165
21/04/2021 7:00,283.24515
21/04/2021 8:00,285.20392
21/04/2021 9:00,287.1712
21/04/2021 10:00,288.51236
21/04/2021 11:00,289.48227
21/04/2021 12:00,290.10452
21/04/2021 13:00,290.33987
21/04/2021 14:00,290.17297
21/04/2021 15:00,289.82565
21/04/2021 16:00,289.22873
21/04/2021 17:00,287.9928
21/04/2021 18:00,286.32608
21/04/2021 19:00,285.10477
21/04/2021 20:00,283.4987
21/04/2021 21:00,282.1636
21/04/2021 22:00,281.418
21/04/2021 23:00,280.95834
22/04/2021 0:00,280.83603
22/04/2021 1:00,280.67056
22/04/2021 2:00,280.40848
22/04/2021 3:00,280.01624
22/04/2021 4:00,279.61972
22/04/2021 5:00,280.38245
22/04/2021 6:00,283.47873
22/04/2021 7:00,285.85648
22/04/2021 8:00,287.50818
22/04/2021 9:00,288.82614
22/04/2021 10:00,289.8246
22/04/2021 11:00,290.4975
22/04/2021 12:00,290.95355
22/04/2021 13:00,291.04733
22/04/2021 14:00,291.027
22/04/2021 15:00,290.91934
22/04/2021 16:00,290.3634
22/04/2021 17:00,288.8757
22/04/2021 18:00,286.66913
22/04/2021 19:00,284.8573
22/04/2021 20:00,283.83603
22/04/2021 21:00,283.18097
22/04/2021 22:00,282.75058
22/04/2021 23:00,282.4692
23/04/2021 0:00,282.14365
23/04/2021 1:00,281.66403
23/04/2021 2:00,281.01755
23/04/2021 3:00,280.4848
23/04/2021 4:00,279.77554
23/04/2021 5:00,279.97595
23/04/2021 6:00,281.53494
23/04/2021 7:00,282.52057
23/04/2021 8:00,284.0753
23/04/2021 9:00,285.36508
23/04/2021 10:00,286.3721
23/04/2021 11:00,287.1744
23/04/2021 12:00,287.80737
23/04/2021 13:00,288.19
23/04/2021 14:00,288.0591
23/04/2021 15:00,287.7307
23/04/2021 16:00,287.04355
23/04/2021 17:00,285.93777
23/04/2021 18:00,284.32492
23/04/2021 19:00,283.3539
23/04/2021 20:00,284.04355
23/04/2021 21:00,283.42453
23/04/2021 22:00,282.75165
23/04/2021 23:00,281.9864
24/04/2021 0:00,280.05438
24/04/2021 1:00,278.01718
24/04/2021 2:00,276.84793
24/04/2021 3:00,276.25742
24/04/2021 4:00,275.97
24/04/2021 5:00,277.3468
24/04/2021 6:00,281.33453
24/04/2021 7:00,283.39706
24/04/2021 8:00,284.98532
24/04/2021 9:00,286.23624
24/04/2021 10:00,287.255
24/04/2021 11:00,288.08658
24/04/2021 12:00,288.70026
24/04/2021 13:00,289.04794
24/04/2021 14:00,289.12534
24/04/2021 15:00,288.95486
24/04/2021 16:00,288.5177
24/04/2021 17:00,287.3741
24/04/2021 18:00,285.3066
24/04/2021 19:00,283.4591
24/04/2021 20:00,281.68115
24/04/2021 21:00,280.29437
24/04/2021 22:00,279.34335
24/04/2021 23:00,278.70932
25/04/2021 0:00,278.3859
25/04/2021 1:00,278.36417
25/04/2021 2:00,278.50714
25/04/2021 3:00,278.275
25/04/2021 4:00,277.6039
25/04/2021 5:00,278.42834
25/04/2021 6:00,282.4421
25/04/2021 7:00,285.12936
25/04/2021 8:00,287.4629
25/04/2021 9:00,289.0219
25/04/2021 10:00,289.93622
25/04/2021 11:00,290.6911
25/04/2021 12:00,291.24954
25/04/2021 13:00,291.6443
25/04/2021 14:00,291.86145
25/04/2021 15:00,291.8033
25/04/2021 16:00,291.5462
25/04/2021 17:00,289.9455
25/04/2021 18:00,287.94644
25/04/2021 19:00,286.56467
25/04/2021 20:00,285.55515
25/04/2021 21:00,284.53424
25/04/2021 22:00,283.79358
25/04/2021 23:00,282.99838
26/04/2021 0:00,282.22815
26/04/2021 1:00,281.49857
26/04/2021 2:00,281.15662
26/04/2021 3:00,280.80502
26/04/2021 4:00,280.49515
26/04/2021 5:00,280.49084
26/04/2021 6:00,281.16266
26/04/2021 7:00,281.7785
26/04/2021 8:00,282.6336
26/04/2021 9:00,283.3671
26/04/2021 10:00,284.69754
26/04/2021 11:00,285.39932
26/04/2021 12:00,286.15744
26/04/2021 13:00,286.97296
26/04/2021 14:00,287.13947
26/04/2021 15:00,286.79037
26/04/2021 16:00,285.92813
26/04/2021 17:00,284.52032
26/04/2021 18:00,282.91068
26/04/2021 19:00,281.09778
26/04/2021 20:00,280.49158
26/04/2021 21:00,280.1546
26/04/2021 22:00,279.92032
26/04/2021 23:00,279.83295
27/04/2021 0:00,279.90176
27/04/2021 1:00,279.8497
27/04/2021 2:00,279.8044
27/04/2021 3:00,279.66284
27/04/2021 4:00,279.6454
27/04/2021 5:00,279.87216
27/04/2021 6:00,280.01944
27/04/2021 7:00,281.0311
27/04/2021 8:00,281.27893
27/04/2021 9:00,282.06448
27/04/2021 10:00,282.8358
27/04/2021 11:00,283.44412
27/04/2021 12:00,283.64133
27/04/2021 13:00,283.87918
27/04/2021 14:00,284.08456
27/04/2021 15:00,284.10916
27/04/2021 16:00,284.0054
27/04/2021 17:00,283.677
27/04/2021 18:00,283.15173
27/04/2021 19:00,281.1402
27/04/2021 20:00,281.32205
27/04/2021 21:00,281.3909
27/04/2021 22:00,281.34882
27/04/2021 23:00,281.2019
28/04/2021 0:00,281.22473
28/04/2021 1:00,281.16696
28/04/2021 2:00,281.1106
28/04/2021 3:00,281.0646
28/04/2021 4:00,281.0261
28/04/2021 5:00,281.3438
28/04/2021 6:00,281.8705
28/04/2021 7:00,282.81973
28/04/2021 8:00,283.9576
28/04/2021 9:00,285.45566
28/04/2021 10:00,286.66663
28/04/2021 11:00,287.76566
28/04/2021 12:00,288.1301
28/04/2021 13:00,288.62823
28/04/2021 14:00,288.83398
28/04/2021 15:00,288.5184
28/04/2021 16:00,288.21744
28/04/2021 17:00,287.59128
28/04/2021 18:00,286.56857
28/04/2021 19:00,284.93753
28/04/2021 20:00,284.3941
28/04/2021 21:00,283.63776
28/04/2021 22:00,283.02835
28/04/2021 23:00,282.5284
29/04/2021 0:00,282.3412
29/04/2021 1:00,281.85803
29/04/2021 2:00,281.4818
29/04/2021 3:00,281.50073
29/04/2021 4:00,281.55777
29/04/2021 5:00,282.0584
29/04/2021 6:00,283.1346
29/04/2021 7:00,284.7464
29/04/2021 8:00,286.66415
29/04/2021 9:00,289.11676
29/04/2021 10:00,291.1044
29/04/2021 11:00,292.4327
29/04/2021 12:00,293.7567
29/04/2021 13:00,294.4984
29/04/2021 14:00,294.74875
29/04/2021 15:00,294.676
29/04/2021 16:00,293.74173
29/04/2021 17:00,291.80118
29/04/2021 18:00,289.979
29/04/2021 19:00,289.63882
29/04/2021 20:00,288.25952
29/04/2021 21:00,287.20294
29/04/2021 22:00,286.2858
29/04/2021 23:00,285.89392
30/04/2021 0:00,285.8422
30/04/2021 1:00,285.69635
30/04/2021 2:00,285.1811
30/04/2021 3:00,284.6569
30/04/2021 4:00,284.3556
30/04/2021 5:00,285.26132
30/04/2021 6:00,288.4132
30/04/2021 7:00,290.69077
30/04/2021 8:00,291.95093
30/04/2021 9:00,293.08313
30/04/2021 10:00,293.82874
30/04/2021 11:00,294.3697
30/04/2021 12:00,294.51483
30/04/2021 13:00,294.9363
30/04/2021 14:00,295.10785
30/04/2021 15:00,295.2002
30/04/2021 16:00,294.86786
30/04/2021 17:00,293.7699
30/04/2021 18:00,292.12637
30/04/2021 19:00,290.9186
30/04/2021 20:00,289.87524
30/04/2021 21:00,289.15564
30/04/2021 22:00,288.40253
30/04/2021 23:00,287.62692
01/05/2021 0:00,287.15497
01/05/2021 1:00,286.18152
01/05/2021 2:00,285.71045
01/05/2021 3:00,285.8273
01/05/2021 4:00,285.57117
01/05/2021 5:00,286.50272
01/05/2021 6:00,288.98026
01/05/2021 7:00,291.39343
01/05/2021 8:00,293.14517
01/05/2021 9:00,295.01645
01/05/2021 10:00,296.2777
01/05/2021 11:00,297.0621
01/05/2021 12:00,297.49808
01/05/2021 13:00,297.78384
01/05/2021 14:00,297.92145
01/05/2021 15:00,297.90103
01/05/2021 16:00,297.0512
01/05/2021 17:00,295.65268
01/05/2021 18:00,294.02188
01/05/2021 19:00,293.4449
01/05/2021 20:00,291.1802
01/05/2021 21:00,291.30283
01/05/2021 22:00,291.1087
01/05/2021 23:00,290.80386
02/05/2021 0:00,290.60153
02/05/2021 1:00,289.98914
02/05/2021 2:00,289.27524
02/05/2021 3:00,288.78067
02/05/2021 4:00,288.46085
02/05/2021 5:00,289.15466
02/05/2021 6:00,291.0804
02/05/2021 7:00,293.42276
02/05/2021 8:00,294.3475
02/05/2021 9:00,295.09375
02/05/2021 10:00,295.34512
02/05/2021 11:00,295.9926
02/05/2021 12:00,296.12955
02/05/2021 13:00,295.71945
02/05/2021 14:00,294.9112
02/05/2021 15:00,292.3468
02/05/2021 16:00,290.44418
02/05/2021 17:00,289.2289
02/05/2021 18:00,288.19415
02/05/2021 19:00,287.14542
02/05/2021 20:00,286.36237
02/05/2021 21:00,285.78506
02/05/2021 22:00,284.90665
02/05/2021 23:00,284.20465
03/05/2021 0:00,283.86337
03/05/2021 1:00,283.70328
03/05/2021 2:00,283.5936
03/05/2021 3:00,283.691
03/05/2021 4:00,283.50232
03/05/2021 5:00,283.71655
03/05/2021 6:00,284.00064
03/05/2021 7:00,284.75778
03/05/2021 8:00,285.28165
03/05/2021 9:00,285.4894
03/05/2021 10:00,286.0112
03/05/2021 11:00,286.16586
03/05/2021 12:00,286.7636
03/05/2021 13:00,287.2776
03/05/2021 14:00,287.58105
03/05/2021 15:00,287.83582
03/05/2021 16:00,287.718
03/05/2021 17:00,287.13043
03/05/2021 18:00,285.51154
03/05/2021 19:00,283.32248
03/05/2021 20:00,281.93146
03/05/2021 21:00,281.07825
03/05/2021 22:00,280.98254
03/05/2021 23:00,282.1692
04/05/2021 0:00,281.9972
04/05/2021 1:00,281.57758
04/05/2021 2:00,281.19745
04/05/2021 3:00,278.78564
04/05/2021 4:00,277.70117
04/05/2021 5:00,279.72195
04/05/2021 6:00,284.06805
04/05/2021 7:00,285.688
04/05/2021 8:00,287.40735
04/05/2021 9:00,288.828
04/05/2021 10:00,290.09164
04/05/2021 11:00,291.11243
04/05/2021 12:00,291.87845
04/05/2021 13:00,292.38937
04/05/2021 14:00,292.62573
04/05/2021 15:00,292.61893
04/05/2021 16:00,292.26743
04/05/2021 17:00,291.08588
04/05/2021 18:00,289.08142
04/05/2021 19:00,287.85593
04/05/2021 20:00,286.99796
04/05/2021 21:00,286.48907
04/05/2021 22:00,286.15326
04/05/2021 23:00,285.7074
05/05/2021 0:00,285.03403
05/05/2021 1:00,284.23904
05/05/2021 2:00,283.91617
05/05/2021 3:00,283.816
05/05/2021 4:00,283.80716
05/05/2021 5:00,285.0415
05/05/2021 6:00,287.45468
05/05/2021 7:00,289.92783
05/05/2021 8:00,291.16763
05/05/2021 9:00,292.27014
05/05/2021 10:00,293.30286
05/05/2021 11:00,294.169
05/05/2021 12:00,294.96024
05/05/2021 13:00,295.20685
05/05/2021 14:00,294.7191
05/05/2021 15:00,294.32468
05/05/2021 16:00,293.7913
05/05/2021 17:00,292.58112
05/05/2021 18:00,291.34302
05/05/2021 19:00,289.19315
05/05/2021 20:00,286.19513
05/05/2021 21:00,284.35382
05/05/2021 22:00,284.0749
05/05/2021 23:00,283.6883
06/05/2021 0:00,283.57452
06/05/2021 1:00,283.34802
06/05/2021 2:00,283.26254
06/05/2021 3:00,283.13037
06/05/2021 4:00,283.00912
06/05/2021 5:00,283.2067
06/05/2021 6:00,283.72748
06/05/2021 7:00,282.50095
06/05/2021 8:00,283.2496
06/05/2021 9:00,284.38107
06/05/2021 10:00,285.66653
06/05/2021 11:00,286.75034
06/05/2021 12:00,287.55655
06/05/2021 13:00,288.3297
06/05/2021 14:00,289.08517
06/05/2021 15:00,289.51672
06/05/2021 16:00,289.44858
06/05/2021 17:00,288.88556
06/05/2021 18:00,287.56915
06/05/2021 19:00,285.6764
06/05/2021 20:00,285.06604
06/05/2021 21:00,284.61746
06/05/2021 22:00,284.7309
06/05/2021 23:00,284.7796
07/05/2021 0:00,284.5708
07/05/2021 1:00,284.4315
07/05/2021 2:00,284.57147
07/05/2021 3:00,284.84805
07/05/2021 4:00,285.08307
07/05/2021 5:00,285.94003
07/05/2021 6:00,287.2578
07/05/2021 7:00,288.76807
07/05/2021 8:00,288.8229
07/05/2021 9:00,289.72006
07/05/2021 10:00,290.59268
07/05/2021 11:00,289.2841
07/05/2021 12:00,288.39783
07/05/2021 13:00,287.5569
07/05/2021 14:00,286.76123
07/05/2021 15:00,285.8753
07/05/2021 16:00,285.07455
07/05/2021 17:00,284.42978
07/05/2021 18:00,284.01492
07/05/2021 19:00,283.35757
07/05/2021 20:00,282.90253
07/05/2021 21:00,282.5963
07/05/2021 22:00,282.48596
07/05/2021 23:00,282.56055
08/05/2021 0:00,282.44168
08/05/2021 1:00,282.09222
08/05/2021 2:00,281.223
08/05/2021 3:00,280.3119
08/05/2021 4:00,279.70084
08/05/2021 5:00,280.33844
08/05/2021 6:00,281.6297
08/05/2021 7:00,282.8109
08/05/2021 8:00,284.1675
08/05/2021 9:00,285.48328
08/05/2021 10:00,286.54562
08/05/2021 11:00,287.391
08/05/2021 12:00,288.079
08/05/2021 13:00,288.40976
08/05/2021 14:00,288.5988
08/05/2021 15:00,288.54224
08/05/2021 16:00,288.2442
08/05/2021 17:00,287.5184
08/05/2021 18:00,286.01428
08/05/2021 19:00,284.02753
08/05/2021 20:00,281.941
08/05/2021 21:00,281.00742
08/05/2021 22:00,280.36945
08/05/2021 23:00,279.92224
09/05/2021 0:00,279.4379
09/05/2021 1:00,279.09558
09/05/2021 2:00,278.84796
09/05/2021 3:00,278.63815
09/05/2021 4:00,278.75668
09/05/2021 5:00,281.36707
09/05/2021 6:00,284.93933
09/05/2021 7:00,286.48874
09/05/2021 8:00,288.2684
09/05/2021 9:00,289.72958
09/05/2021 10:00,290.96768
09/05/2021 11:00,292.03003
09/05/2021 12:00,292.87097
09/05/2021 13:00,293.44525
09/05/2021 14:00,293.67343
09/05/2021 15:00,293.56036
09/05/2021 16:00,292.95578
09/05/2021 17:00,291.4166
09/05/2021 18:00,289.4813
09/05/2021 19:00,288.5998
09/05/2021 20:00,287.84946
09/05/2021 21:00,287.2248
09/05/2021 22:00,286.59875
09/05/2021 23:00,285.99213
10/05/2021 0:00,285.39133
10/05/2021 1:00,284.78574
10/05/2021 2:00,284.144
10/05/2021 3:00,283.49176
10/05/2021 4:00,283.00708
10/05/2021 5:00,284.12665
10/05/2021 6:00,286.94412
10/05/2021 7:00,289.0954
10/05/2021 8:00,291.6775
10/05/2021 9:00,293.98065
10/05/2021 10:00,295.8523
10/05/2021 11:00,297.20074
10/05/2021 12:00,298.0727
10/05/2021 13:00,298.54782
10/05/2021 14:00,298.69223
10/05/2021 15:00,298.49265
10/05/2021 16:00,297.66022
10/05/2021 17:00,296.02734
10/05/2021 18:00,293.8669
10/05/2021 19:00,292.5089
10/05/2021 20:00,291.20474
10/05/2021 21:00,290.265
10/05/2021 22:00,289.42032
10/05/2021 23:00,288.5712
11/05/2021 0:00,287.66077
11/05/2021 1:00,286.6856
11/05/2021 2:00,285.73636
11/05/2021 3:00,285.01086
11/05/2021 4:00,284.65494
11/05/2021 5:00,286.57184
11/05/2021 6:00,289.81406
11/05/2021 7:00,291.81238
11/05/2021 8:00,293.99838
11/05/2021 9:00,295.92584
11/05/2021 10:00,297.5519
11/05/2021 11:00,298.73755
11/05/2021 12:00,299.43033
11/05/2021 13:00,299.85474
11/05/2021 14:00,300.02197
11/05/2021 15:00,299.86734
11/05/2021 16:00,299.28967
11/05/2021 17:00,297.51306
11/05/2021 18:00,295.46365
11/05/2021 19:00,293.94012
11/05/2021 20:00,293.34067
11/05/2021 21:00,292.79468
11/05/2021 22:00,292.0668
11/05/2021 23:00,291.28308
12/05/2021 0:00,290.4888
12/05/2021 1:00,289.6148
12/05/2021 2:00,288.60016
12/05/2021 3:00,287.29767
12/05/2021 4:00,286.69754
12/05/2021 5:00,288.66998
12/05/2021 6:00,290.98813
12/05/2021 7:00,291.9779
12/05/2021 8:00,292.43228
12/05/2021 9:00,293.32706
12/05/2021 10:00,293.17072
12/05/2021 11:00,293.386
12/05/2021 12:00,293.72693
12/05/2021 13:00,293.9684
12/05/2021 14:00,293.95444
12/05/2021 15:00,293.85806
12/05/2021 16:00,293.5304
12/05/2021 17:00,292.7504
12/05/2021 18:00,291.40637
12/05/2021 19:00,289.21152
12/05/2021 20:00,288.0906
12/05/2021 21:00,286.85046
12/05/2021 22:00,285.77722
12/05/2021 23:00,284.97543
13/05/2021 0:00,284.64914
13/05/2021 1:00,284.67706
13/05/2021 2:00,285.01767
13/05/2021 3:00,285.30856
13/05/2021 4:00,285.52042
13/05/2021 5:00,286.61237
13/05/2021 6:00,288.15805
13/05/2021 7:00,289.0569
13/05/2021 8:00,290.17578
13/05/2021 9:00,291.57874
13/05/2021 10:00,292.46292
13/05/2021 11:00,292.9289
13/05/2021 12:00,292.8795
13/05/2021 13:00,292.70477
13/05/2021 14:00,291.30896
13/05/2021 15:00,290.33142
13/05/2021 16:00,289.60867
13/05/2021 17:00,288.78238
13/05/2021 18:00,288.06235
13/05/2021 19:00,287.01907
13/05/2021 20:00,286.6965
13/05/2021 21:00,286.46866
13/05/2021 22:00,286.25168
13/05/2021 23:00,285.92197
14/05/2021 0:00,285.59567
14/05/2021 1:00,285.268
14/05/2021 2:00,285.09772
14/05/2021 3:00,284.62155
14/05/2021 4:00,284.42197
14/05/2021 5:00,285.47305
14/05/2021 6:00,287.03677
14/05/2021 7:00,288.49115
14/05/2021 8:00,289.546
14/05/2021 9:00,290.31918
14/05/2021 10:00,290.31644
14/05/2021 11:00,291.3083
14/05/2021 12:00,292.48813
14/05/2021 13:00,292.97076
14/05/2021 14:00,293.18466
14/05/2021 15:00,293.0917
14/05/2021 16:00,292.76062
14/05/2021 17:00,291.72485
14/05/2021 18:00,289.92645
14/05/2021 19:00,287.4806
14/05/2021 20:00,286.93494
14/05/2021 21:00,286.2115
14/05/2021 22:00,285.61917
14/05/2021 23:00,284.92502
15/05/2021 0:00,284.1849
15/05/2021 1:00,283.5541
15/05/2021 2:00,283.08203
15/05/2021 3:00,282.88617
15/05/2021 4:00,282.92978
15/05/2021 5:00,285.17776
15/05/2021 6:00,287.34604
15/05/2021 7:00,289.36172
15/05/2021 8:00,290.9016
15/05/2021 9:00,291.9837
15/05/2021 10:00,292.64517
15/05/2021 11:00,293.37064
15/05/2021 12:00,293.5362
15/05/2021 13:00,292.9449
15/05/2021 14:00,291.92307
15/05/2021 15:00,290.41318
15/05/2021 16:00,289.56064
15/05/2021 17:00,289.28134
15/05/2021 18:00,288.82834
15/05/2021 19:00,288.625
15/05/2021 20:00,287.47784
15/05/2021 21:00,286.80072
15/05/2021 22:00,286.12497
15/05/2021 23:00,285.46182
16/05/2021 0:00,285.0228
16/05/2021 1:00,285.01257
16/05/2021 2:00,285.26428
16/05/2021 3:00,285.50302
16/05/2021 4:00,285.66858
16/05/2021 5:00,286.3944
16/05/2021 6:00,288.23297
16/05/2021 7:00,287.7013
16/05/2021 8:00,288.79907
16/05/2021 9:00,289.71802
16/05/2021 10:00,290.9098
16/05/2021 11:00,291.86826
16/05/2021 12:00,292.60703
16/05/2021 13:00,292.8928
16/05/2021 14:00,292.9701
16/05/2021 15:00,293.03445
16/05/2021 16:00,292.73883
16/05/2021 17:00,292.09134
16/05/2021 18:00,290.7848
16/05/2021 19:00,288.85968
16/05/2021 20:00,287.86035
16/05/2021 21:00,287.5068
16/05/2021 22:00,287.37704
16/05/2021 23:00,287.0681
17/05/2021 0:00,286.97784
17/05/2021 1:00,286.81778
17/05/2021 2:00,286.36884
17/05/2021 3:00,286.31808
17/05/2021 4:00,286.6485
17/05/2021 5:00,287.28268
17/05/2021 6:00,287.15497
17/05/2021 7:00,288.0569
17/05/2021 8:00,289.1005
17/05/2021 9:00,289.9108
17/05/2021 10:00,290.07974
17/05/2021 11:00,291.00992
17/05/2021 12:00,291.77423
17/05/2021 13:00,291.15808
17/05/2021 14:00,288.78885
17/05/2021 15:00,288.2459
17/05/2021 16:00,287.98297
17/05/2021 17:00,287.81335
17/05/2021 18:00,287.00952
17/05/2021 19:00,286.07797
17/05/2021 20:00,285.4172
17/05/2021 21:00,284.93115
17/05/2021 22:00,284.61713
17/05/2021 23:00,284.42468
18/05/2021 0:00,284.2292
18/05/2021 1:00,283.95056
18/05/2021 2:00,283.67673
18/05/2021 3:00,283.3603
18/05/2021 4:00,283.31943
18/05/2021 5:00,284.4751
18/05/2021 6:00,286.61035
18/05/2021 7:00,288.53033
18/05/2021 8:00,290.19077
18/05/2021 9:00,290.9939
18/05/2021 10:00,291.78378
18/05/2021 11:00,292.294
18/05/2021 12:00,292.76404
18/05/2021 13:00,293.14822
18/05/2021 14:00,293.32672
18/05/2021 15:00,293.2354
18/05/2021 16:00,292.58896
18/05/2021 17:00,291.64413
18/05/2021 18:00,290.1717
18/05/2021 19:00,288.1502
18/05/2021 20:00,286.7064
18/05/2021 21:00,285.99213
18/05/2021 22:00,285.0616
18/05/2021 23:00,284.37292
19/05/2021 0:00,284.26596
19/05/2021 1:00,284.54492
19/05/2021 2:00,283.99893
19/05/2021 3:00,283.81125
19/05/2021 4:00,284.19714
19/05/2021 5:00,285.1127
19/05/2021 6:00,286.017
19/05/2021 7:00,285.59363
19/05/2021 8:00,286.4581
19/05/2021 9:00,287.81335
19/05/2021 10:00,288.157
19/05/2021 11:00,288.4598
19/05/2021 12:00,288.55383
19/05/2021 13:00,288.9186
19/05/2021 14:00,289.62674
19/05/2021 15:00,289.54736
19/05/2021 16:00,289.10696
19/05/2021 17:00,287.95743
19/05/2021 18:00,286.3055
19/05/2021 19:00,285.2108
19/05/2021 20:00,284.67978
19/05/2021 21:00,284.33646
19/05/2021 22:00,284.16956
19/05/2021 23:00,284.22476
20/05/2021 0:00,284.13586
20/05/2021 1:00,283.90866
20/05/2021 2:00,283.77753
20/05/2021 3:00,283.73257
20/05/2021 4:00,283.69714
20/05/2021 5:00,283.70395
20/05/2021 6:00,283.77005
20/05/2021 7:00,284.00812
20/05/2021 8:00,284.20737
20/05/2021 9:00,284.22882
20/05/2021 10:00,284.54492
20/05/2021 11:00,285.3668
20/05/2021 12:00,286.3307
20/05/2021 13:00,287.2333
20/05/2021 14:00,287.75034
20/05/2021 15:00,287.99182
20/05/2021 16:00,288.12228
20/05/2021 17:00,287.9564
20/05/2021 18:00,287.45914
20/05/2021 19:00,285.24384
20/05/2021 20:00,284.77756
20/05/2021 21:00,284.53162
20/05/2021 22:00,284.24826
20/05/2021 23:00,283.90765
21/05/2021 0:00,283.3201
21/05/2021 1:00,282.78058
21/05/2021 2:00,282.24686
21/05/2021 3:00,281.6573
21/05/2021 4:00,281.536
21/05/2021 5:00,283.08817
21/05/2021 6:00,285.34467
21/05/2021 7:00,287.21048
21/05/2021 8:00,288.85968
21/05/2021 9:00,290.46497
21/05/2021 10:00,291.7473
21/05/2021 11:00,292.46497
21/05/2021 12:00,293.184
21/05/2021 13:00,293.79742
21/05/2021 14:00,294.0927
21/05/2021 15:00,294.0481
21/05/2021 16:00,293.6554
21/05/2021 17:00,292.3996
21/05/2021 18:00,290.57123
21/05/2021 19:00,289.46698
21/05/2021 20:00,288.66962
21/05/2021 21:00,287.90973
21/05/2021 22:00,287.125
21/05/2021 23:00,286.66245
22/05/2021 0:00,286.23465
22/05/2021 1:00,285.95944
22/05/2021 2:00,285.74112
22/05/2021 3:00,285.55276
22/05/2021 4:00,285.4271
22/05/2021 5:00,286.8566
22/05/2021 6:00,289.34573
22/05/2021 7:00,289.3556
22/05/2021 8:00,291.26505
22/05/2021 9:00,292.75925
22/05/2021 10:00,292.48575
22/05/2021 11:00,293.1026
22/05/2021 12:00,292.5658
22/05/2021 13:00,292.70648
22/05/2021 14:00,293.20886
22/05/2021 15:00,293.5968
22/05/2021 16:00,293.33078
22/05/2021 17:00,292.26404
22/05/2021 18:00,290.76877
22/05/2021 19:00,289.50003
22/05/2021 20:00,288.2929
22/05/2021 21:00,287.88965
22/05/2021 22:00,287.87534
22/05/2021 23:00,288.99762
23/05/2021 0:00,289.01398
23/05/2021 1:00,288.71118
23/05/2021 2:00,288.28543
23/05/2021 3:00,286.76257
23/05/2021 4:00,285.75305
23/05/2021 5:00,287.59875
23/05/2021 6:00,289.55997
23/05/2021 7:00,291.38934
23/05/2021 8:00,293.43503
23/05/2021 9:00,294.85602
23/05/2021 10:00,295.94766
23/05/2021 11:00,296.80188
23/05/2021 12:00,297.4017
23/05/2021 13:00,297.54474
23/05/2021 14:00,297.00012
23/05/2021 15:00,295.0127
23/05/2021 16:00,291.6002
23/05/2021 17:00,289.0981
23/05/2021 18:00,287.70572
23/05/2021 19:00,287.1771
23/05/2021 20:00,286.37567
23/05/2021 21:00,285.80072
23/05/2021 22:00,285.18152
23/05/2021 23:00,284.22748
24/05/2021 0:00,283.0728
24/05/2021 1:00,282.45804
24/05/2021 2:00,284.07047
24/05/2021 3:00,283.81125
24/05/2021 4:00,283.6968
24/05/2021 5:00,284.2898
24/05/2021 6:00,286.61954
24/05/2021 7:00,287.90192
24/05/2021 8:00,288.9503
24/05/2021 9:00,289.8386
24/05/2021 10:00,290.2473
24/05/2021 11:00,290.4428
24/05/2021 12:00,290.5995
24/05/2021 13:00,290.77457
24/05/2021 14:00,291.36993
24/05/2021 15:00,291.89548
24/05/2021 16:00,291.95816
24/05/2021 17:00,291.3168
24/05/2021 18:00,290.36447
24/05/2021 19:00,289.2657
24/05/2021 20:00,288.51874
24/05/2021 21:00,288.01123
24/05/2021 22:00,287.97583
24/05/2021 23:00,288.5402
25/05/2021 0:00,288.72174
25/05/2021 1:00,288.12024
25/05/2021 2:00,286.95334
25/05/2021 3:00,286.2384
25/05/2021 4:00,286.11307
25/05/2021 5:00,287.6754
25/05/2021 6:00,289.83585
25/05/2021 7:00,290.5668
25/05/2021 8:00,292.3502
25/05/2021 9:00,293.65607
25/05/2021 10:00,294.4071
25/05/2021 11:00,294.01065
25/05/2021 12:00,293.0658
25/05/2021 13:00,292.1203
25/05/2021 14:00,291.36484
25/05/2021 15:00,290.96426
25/05/2021 16:00,290.33212
25/05/2021 17:00,289.5855
25/05/2021 18:00,288.74866
25/05/2021 19:00,287.64508
25/05/2021 20:00,287.02927
25/05/2021 21:00,286.0279
25/05/2021 22:00,285.26086
25/05/2021 23:00,284.19238
26/05/2021 0:00,283.1539
26/05/2021 1:00,281.84802
26/05/2021 2:00,281.43042
26/05/2021 3:00,281.4192
26/05/2021 4:00,282.10107
26/05/2021 5:00,283.14297
26/05/2021 6:00,285.76157
26/05/2021 7:00,287.03848
26/05/2021 8:00,288.43564
26/05/2021 9:00,289.74048
26/05/2021 10:00,290.8815
26/05/2021 11:00,291.81305
26/05/2021 12:00,292.56342
26/05/2021 13:00,293.05728
26/05/2021 14:00,293.341
26/05/2021 15:00,293.3536
26/05/2021 16:00,293.137
26/05/2021 17:00,292.41797
26/05/2021 18:00,290.7582
26/05/2021 19:00,288.56335
26/05/2021 20:00,286.82355
26/05/2021 21:00,285.6284
26/05/2021 22:00,285.05615
26/05/2021 23:00,284.73904
27/05/2021 0:00,284.88925
27/05/2021 1:00,286.1328
27/05/2021 2:00,285.22305
27/05/2021 3:00,283.07486
27/05/2021 4:00,282.53943
27/05/2021 5:00,285.8736
27/05/2021 6:00,289.0191
27/05/2021 7:00,290.99152
27/05/2021 8:00,292.6993
27/05/2021 9:00,293.82877
27/05/2021 10:00,294.51813
27/05/2021 11:00,295.13632
27/05/2021 12:00,295.56516
27/05/2021 13:00,295.88464
27/05/2021 14:00,295.9858
27/05/2021 15:00,295.8751
27/05/2021 16:00,295.37918
27/05/2021 17:00,294.3029
27/05/2021 18:00,292.6329
27/05/2021 19:00,291.71225
27/05/2021 20:00,290.71222
27/05/2021 21:00,289.51944
27/05/2021 22:00,288.79123
27/05/2021 23:00,288.03577
28/05/2021 0:00,287.35046
28/05/2021 1:00,286.98907
28/05/2021 2:00,286.5882
28/05/2021 3:00,285.96658
28/05/2021 4:00,285.49792
28/05/2021 5:00,285.26733
28/05/2021 6:00,285.6505
28/05/2021 7:00,287.90292
28/05/2021 8:00,289.07428
28/05/2021 9:00,290.6223
28/05/2021 10:00,291.9183
28/05/2021 11:00,292.7613
28/05/2021 12:00,293.2831
28/05/2021 13:00,293.52255
28/05/2021 14:00,293.53482
28/05/2021 15:00,293.16968
28/05/2021 16:00,292.6295
28/05/2021 17:00,291.82565
28/05/2021 18:00,290.43942
28/05/2021 19:00,289.0528
28/05/2021 20:00,288.04666
28/05/2021 21:00,287.1291
28/05/2021 22:00,286.34195
28/05/2021 23:00,285.68594
29/05/2021 0:00,285.29425
29/05/2021 1:00,284.93762
29/05/2021 2:00,284.58273
29/05/2021 3:00,284.26254
29/05/2021 4:00,284.35657
29/05/2021 5:00,286.03915
29/05/2021 6:00,288.27045
29/05/2021 7:00,289.623
29/05/2021 8:00,290.92136
29/05/2021 9:00,291.83896
29/05/2021 10:00,292.58282
29/05/2021 11:00,292.93774
29/05/2021 12:00,293.31784
29/05/2021 13:00,293.43228
29/05/2021 14:00,293.33282
29/05/2021 15:00,292.81308
29/05/2021 16:00,292.33182
29/05/2021 17:00,291.58588
29/05/2021 18:00,290.47958
29/05/2021 19:00,289.0797
29/05/2021 20:00,288.55313
29/05/2021 21:00,287.9513
29/05/2021 22:00,287.46866
29/05/2021 23:00,286.95776
30/05/2021 0:00,286.5422
30/05/2021 1:00,286.08582
30/05/2021 2:00,285.3821
30/05/2021 3:00,284.61917
30/05/2021 4:00,284.28027
30/05/2021 5:00,284.93866
30/05/2021 6:00,286.235
30/05/2021 7:00,287.44687
30/05/2021 8:00,288.90634
30/05/2021 9:00,289.78476
30/05/2021 10:00,290.5181
30/05/2021 11:00,291.23267
30/05/2021 12:00,291.49188
30/05/2021 13:00,291.81476
30/05/2021 14:00,291.4694
30/05/2021 15:00,289.59674
30/05/2021 16:00,289.41043
30/05/2021 17:00,289.2156
30/05/2021 18:00,288.2013
30/05/2021 19:00,286.8508
30/05/2021 20:00,286.126
30/05/2021 21:00,285.49725
30/05/2021 22:00,284.92334
30/05/2021 23:00,284.47134
31/05/2021 0:00,284.15494
31/05/2021 1:00,284.0272
31/05/2021 2:00,283.76187
31/05/2021 3:00,283.6999
31/05/2021 4:00,283.75574
31/05/2021 5:00,284.4618
31/05/2021 6:00,285.2796
31/05/2021 7:00,286.28745
31/05/2021 8:00,286.92676
31/05/2021 9:00,287.671
31/05/2021 10:00,288.407
31/05/2021 11:00,289.2466
31/05/2021 12:00,290.51843
31/05/2021 13:00,291.1155
31/05/2021 14:00,291.48404
31/05/2021 15:00,291.26843
31/05/2021 16:00,290.17236
31/05/2021 17:00,289.0167
31/05/2021 18:00,287.58752
31/05/2021 19:00,286.62158
31/05/2021 20:00,285.8225
31/05/2021 21:00,285.12427
31/05/2021 22:00,284.59805
31/05/2021 23:00,284.26254
01/06/2021 0:00,283.89526
01/06/2021 1:00,283.45398
01/06/2021 2:00,283.04495
01/06/2021 3:00,282.6596
01/06/2021 4:00,282.8024
01/06/2021 5:00,284.5064
01/06/2021 6:00,286.4074
01/06/2021 7:00,288.01337
01/06/2021 8:00,289.44254
01/06/2021 9:00,290.3466
01/06/2021 10:00,290.76895
01/06/2021 11:00,291.30612
01/06/2021 12:00,291.89835
01/06/2021 13:00,292.36588
01/06/2021 14:00,292.61618
01/06/2021 15:00,292.16458
01/06/2021 16:00,291.6459
01/06/2021 17:00,291.00378
01/06/2021 18:00,289.98016
01/06/2021 19:00,288.70407
01/06/2021 20:00,286.825
01/06/2021 21:00,285.2393
01/06/2021 22:00,284.17352
01/06/2021 23:00,283.42816
02/06/2021 0:00,282.91336
02/06/2021 1:00,282.57013
02/06/2021 2:00,282.52197
02/06/2021 3:00,282.82388
02/06/2021 4:00,283.28668
02/06/2021 5:00,285.7739
02/06/2021 6:00,287.7153
02/06/2021 7:00,290.498
02/06/2021 8:00,291.98093
02/06/2021 9:00,293.23422
02/06/2021 10:00,293.9202
02/06/2021 11:00,293.8088
02/06/2021 12:00,293.83032
02/06/2021 13:00,294.02386
02/06/2021 14:00,294.01053
02/06/2021 15:00,293.88968
02/06/2021 16:00,293.48108
02/06/2021 17:00,292.7766
02/06/2021 18:00,291.23773
02/06/2021 19:00,290.07263
02/06/2021 20:00,289.16125
02/06/2021 21:00,287.9471
02/06/2021 22:00,287.13254
02/06/2021 23:00,287.62927
03/06/2021 0:00,288.3983
03/06/2021 1:00,287.95013
03/06/2021 2:00,287.4482
03/06/2021 3:00,286.2117
03/06/2021 4:00,284.87543
03/06/2021 5:00,286.93298
03/06/2021 6:00,289.99564
03/06/2021 7:00,291.7689
03/06/2021 8:00,292.97916
03/06/2021 9:00,294.02472
03/06/2021 10:00,294.9236
03/06/2021 11:00,295.68314
03/06/2021 12:00,295.90723
03/06/2021 13:00,295.65604
03/06/2021 14:00,295.39886
03/06/2021 15:00,295.16962
03/06/2021 16:00,295.05307
03/06/2021 17:00,294.3159
03/06/2021 18:00,292.72714
03/06/2021 19:00,293.41528
03/06/2021 20:00,292.68414
03/06/2021 21:00,291.8717
03/06/2021 22:00,290.89066
03/06/2021 23:00,289.87952
04/06/2021 0:00,287.8039
04/06/2021 1:00,286.0259
04/06/2021 2:00,284.9924
04/06/2021 3:00,284.6393
04/06/2021 4:00,285.1726
04/06/2021 5:00,287.46112
04/06/2021 6:00,291.65793
04/06/2021 7:00,293.97226
04/06/2021 8:00,295.40488
04/06/2021 9:00,296.29343
04/06/2021 10:00,296.98718
04/06/2021 11:00,297.59875
04/06/2021 12:00,298.01422
04/06/2021 13:00,298.23358
04/06/2021 14:00,298.32132
04/06/2021 15:00,298.27356
04/06/2021 16:00,297.9295
04/06/2021 17:00,296.5799
04/06/2021 18:00,295.25522
04/06/2021 19:00,295.75797
04/06/2021 20:00,293.11163
04/06/2021 21:00,290.75217
04/06/2021 22:00,289.12857
04/06/2021 23:00,288.15054
05/06/2021 0:00,288.05508
05/06/2021 1:00,287.93982
05/06/2021 2:00,286.17944
05/06/2021 3:00,285.69174
05/06/2021 4:00,286.2388
05/06/2021 5:00,288.9643
05/06/2021 6:00,292.9327
05/06/2021 7:00,294.51028
05/06/2021 8:00,296.49
05/06/2021 9:00,297.751
05/06/2021 10:00,298.67227
05/06/2021 11:00,299.45547
05/06/2021 12:00,300.08295
05/06/2021 13:00,300.4782
05/06/2021 14:00,300.62875
05/06/2021 15:00,300.48465
05/06/2021 16:00,300.12125
05/06/2021 17:00,298.8929
05/06/2021 18:00,297.42932
05/06/2021 19:00,295.11328
05/06/2021 20:00,293.65787
05/06/2021 21:00,292.54263
05/06/2021 22:00,291.51385
05/06/2021 23:00,291.3973
06/06/2021 0:00,291.85147
06/06/2021 1:00,291.5229
06/06/2021 2:00,291.4218
06/06/2021 3:00,290.89667
06/06/2021 4:00,290.69797
06/06/2021 5:00,291.7775
06/06/2021 6:00,293.54
06/06/2021 7:00,294.11246
06/06/2021 8:00,295.58896
06/06/2021 9:00,296.39923
06/06/2021 10:00,296.23666
06/06/2021 11:00,296.61472
06/06/2021 12:00,297.02805
06/06/2021 13:00,297.42413
06/06/2021 14:00,298.25723
06/06/2021 15:00,298.5441
06/06/2021 16:00,298.3884
06/06/2021 17:00,297.39017
06/06/2021 18:00,296.16614
06/06/2021 19:00,294.00064
06/06/2021 20:00,292.80283
06/06/2021 21:00,291.60632
06/06/2021 22:00,290.69153
06/06/2021 23:00,289.85544
07/06/2021 0:00,289.42664
07/06/2021 1:00,288.8271
07/06/2021 2:00,288.4327
07/06/2021 3:00,287.73767
07/06/2021 4:00,287.74542
07/06/2021 5:00,290.49326
07/06/2021 6:00,292.9994
07/06/2021 7:00,294.76233
07/06/2021 8:00,296.53644
07/06/2021 9:00,297.44394
07/06/2021 10:00,297.7364
07/06/2021 11:00,298.14282
07/06/2021 12:00,298.44003
07/06/2021 13:00,298.94022
07/06/2021 14:00,299.20343
07/06/2021 15:00,299.1617
07/06/2021 16:00,298.68173
07/06/2021 17:00,297.88864
07/06/2021 18:00,296.3829
07/06/2021 19:00,294.73438
07/06/2021 20:00,293.6243
07/06/2021 21:00,292.8067
07/06/2021 22:00,291.95297
07/06/2021 23:00,291.14484
08/06/2021 0:00,290.3384
08/06/2021 1:00,289.86447
08/06/2021 2:00,289.41415
08/06/2021 3:00,289.24557
08/06/2021 4:00,289.4236
08/06/2021 5:00,291.81708
08/06/2021 6:00,293.7284
08/06/2021 7:00,295.7898
08/06/2021 8:00,297.27963
08/06/2021 9:00,298.277
08/06/2021 10:00,299.15182
08/06/2021 11:00,298.72733
08/06/2021 12:00,298.9273
08/06/2021 13:00,298.80475
08/06/2021 14:00,298.84647
08/06/2021 15:00,298.7656
08/06/2021 16:00,298.634
08/06/2021 17:00,297.7738
08/06/2021 18:00,296.62805
08/06/2021 19:00,295.13907
08/06/2021 20:00,293.42474
08/06/2021 21:00,292.21747
08/06/2021 22:00,291.42352
08/06/2021 23:00,290.91132
09/06/2021 0:00,290.4795
09/06/2021 1:00,290.17886
09/06/2021 2:00,290.09973
09/06/2021 3:00,289.68985
09/06/2021 4:00,289.51694
09/06/2021 5:00,291.6545
09/06/2021 6:00,294.60663
09/06/2021 7:00,296.80182
09/06/2021 8:00,298.2955
09/06/2021 9:00,299.36386
09/06/2021 10:00,299.84512
09/06/2021 11:00,300.76593
09/06/2021 12:00,301.16937
09/06/2021 13:00,301.2786
09/06/2021 14:00,301.26572
09/06/2021 15:00,300.1591
09/06/2021 16:00,299.3247
09/06/2021 17:00,298.0697
09/06/2021 18:00,297.42285
09/06/2021 19:00,295.24146
09/06/2021 20:00,293.65613
09/06/2021 21:00,292.5792
09/06/2021 22:00,291.64117
09/06/2021 23:00,290.9156
10/06/2021 0:00,290.66055
10/06/2021 1:00,290.67218
10/06/2021 2:00,290.46616
10/06/2021 3:00,289.98404
10/06/2021 4:00,290.0451
10/06/2021 5:00,292.15726
10/06/2021 6:00,294.55115
10/06/2021 7:00,294.19418
10/06/2021 8:00,294.2789
10/06/2021 9:00,294.9679
10/06/2021 10:00,296.06033
10/06/2021 11:00,296.55536
10/06/2021 12:00,297.49512
10/06/2021 13:00,297.80692
10/06/2021 14:00,298.33334
10/06/2021 15:00,298.38928
10/06/2021 16:00,297.991
10/06/2021 17:00,297.29425
10/06/2021 18:00,295.90076
10/06/2021 19:00,296.01776
10/06/2021 20:00,295.45908
10/06/2021 21:00,293.97226
10/06/2021 22:00,292.84628
10/06/2021 23:00,292.10608
11/06/2021 0:00,291.81836
11/06/2021 1:00,288.89032
11/06/2021 2:00,288.4155
11/06/2021 3:00,289.58017
11/06/2021 4:00,288.9531
11/06/2021 5:00,290.43906
11/06/2021 6:00,292.61188
11/06/2021 7:00,293.41183
11/06/2021 8:00,294.669
11/06/2021 9:00,296.1928
11/06/2021 10:00,297.1149
11/06/2021 11:00,297.81595
11/06/2021 12:00,298.3097
11/06/2021 13:00,298.51184
11/06/2021 14:00,298.77335
11/06/2021 15:00,298.16306
11/06/2021 16:00,297.47446
11/06/2021 17:00,296.699
11/06/2021 18:00,295.73605
11/06/2021 19:00,293.50516
11/06/2021 20:00,291.99597
11/06/2021 21:00,291.00034
11/06/2021 22:00,290.74442
11/06/2021 23:00,290.6326
12/06/2021 0:00,290.5294
12/06/2021 1:00,290.2025
12/06/2021 2:00,289.9393
12/06/2021 3:00,289.56555
12/06/2021 4:00,289.83823
12/06/2021 5:00,291.47946
12/06/2021 6:00,293.16928
12/06/2021 7:00,294.27588
12/06/2021 8:00,296.04398
12/06/2021 9:00,297.4663
12/06/2021 10:00,298.6929
12/06/2021 11:00,299.49805
12/06/2021 12:00,300.20984
12/06/2021 13:00,300.65024
12/06/2021 14:00,300.45972
12/06/2021 15:00,300.51562
12/06/2021 16:00,300.0077
12/06/2021 17:00,298.9755
12/06/2021 18:00,297.85165
12/06/2021 19:00,295.7842
12/06/2021 20:00,294.9249
12/06/2021 21:00,294.3202
12/06/2021 22:00,294.00452
12/06/2021 23:00,293.63162
13/06/2021 0:00,293.4699
13/06/2021 1:00,292.53232
13/06/2021 2:00,292.1405
13/06/2021 3:00,292.05148
13/06/2021 4:00,291.93835
13/06/2021 5:00,292.23984
13/06/2021 6:00,292.8084
13/06/2021 7:00,292.50262
13/06/2021 8:00,293.76883
13/06/2021 9:00,294.95157
13/06/2021 10:00,295.63754
13/06/2021 11:00,296.27667
13/06/2021 12:00,296.5773
13/06/2021 13:00,296.6534
13/06/2021 14:00,296.47278
13/06/2021 15:00,296.2272
13/06/2021 16:00,295.65692
13/06/2021 17:00,294.9335
13/06/2021 18:00,293.90042
13/06/2021 19:00,291.95642
13/06/2021 20:00,290.80722
13/06/2021 21:00,289.8563
13/06/2021 22:00,289.06018
13/06/2021 23:00,288.4
14/06/2021 0:00,287.82455
14/06/2021 1:00,287.48264
14/06/2021 2:00,287.00092
14/06/2021 3:00,286.7007
14/06/2021 4:00,286.71878
14/06/2021 5:00,287.26157
14/06/2021 6:00,288.3226
14/06/2021 7:00,289.53543
14/06/2021 8:00,291.04892
14/06/2021 9:00,292.42566
14/06/2021 10:00,293.0596
14/06/2021 11:00,293.49054
14/06/2021 12:00,293.99762
14/06/2021 13:00,294.0617
14/06/2021 14:00,294.33136
14/06/2021 15:00,294.58942
14/06/2021 16:00,294.66513
14/06/2021 17:00,294.16708
14/06/2021 18:00,293.35336
14/06/2021 19:00,291.7031
14/06/2021 20:00,290.6283
14/06/2021 21:00,290.15436
14/06/2021 22:00,289.612
14/06/2021 23:00,289.36426
15/06/2021 0:00,289.36298
15/06/2021 1:00,289.47867
15/06/2021 2:00,289.29633
15/06/2021 3:00,288.90192
15/06/2021 4:00,288.92688
15/06/2021 5:00,289.90833
15/06/2021 6:00,292.0532
15/06/2021 7:00,292.56628
15/06/2021 8:00,294.39114
15/06/2021 9:00,296.00226
15/06/2021 10:00,297.06158
15/06/2021 11:00,298.39142
15/06/2021 12:00,298.62497
15/06/2021 13:00,298.60776
15/06/2021 14:00,298.56818
15/06/2021 15:00,298.61032
15/06/2021 16:00,298.32388
15/06/2021 17:00,297.5807
15/06/2021 18:00,296.3846
15/06/2021 19:00,294.49222
15/06/2021 20:00,293.1009
15/06/2021 21:00,291.83856
15/06/2021 22:00,290.76422
15/06/2021 23:00,289.98404
16/06/2021 0:00,289.65414
16/06/2021 1:00,289.30017
16/06/2021 2:00,289.166
16/06/2021 3:00,289.17545
16/06/2021 4:00,289.36212
16/06/2021 5:00,291.4799
16/06/2021 6:00,293.46002
16/06/2021 7:00,294.84747
16/06/2021 8:00,296.64783
16/06/2021 9:00,298.18283
16/06/2021 10:00,299.37503
16/06/2021 11:00,300.42874
16/06/2021 12:00,300.82703
16/06/2021 13:00,301.06744
16/06/2021 14:00,300.95303
16/06/2021 15:00,301.06528
16/06/2021 16:00,300.7436
16/06/2021 17:00,299.9763
16/06/2021 18:00,298.45248
16/06/2021 19:00,296.87622
16/06/2021 20:00,295.35068
16/06/2021 21:00,294.1886
16/06/2021 22:00,293.41742
16/06/2021 23:00,292.29532
17/06/2021 0:00,291.59558
17/06/2021 1:00,290.86356
17/06/2021 2:00,290.2335
17/06/2021 3:00,289.67953
17/06/2021 4:00,289.6791
17/06/2021 5:00,292.54047
17/06/2021 6:00,294.98984
17/06/2021 7:00,296.80008
17/06/2021 8:00,298.62366
17/06/2021 9:00,300.26016
17/06/2021 10:00,300.8967
17/06/2021 11:00,301.53882
17/06/2021 12:00,302.13232
17/06/2021 13:00,302.60974
17/06/2021 14:00,302.82608
17/06/2021 15:00,302.7392
17/06/2021 16:00,302.3934
17/06/2021 17:00,301.40506
17/06/2021 18:00,299.6748
17/06/2021 19:00,298.20132
17/06/2021 20:00,296.97083
17/06/2021 21:00,295.6182
17/06/2021 22:00,294.41956
17/06/2021 23:00,293.45914
18/06/2021 0:00,292.86993
18/06/2021 1:00,292.1895
18/06/2021 2:00,291.53836
18/06/2021 3:00,290.93753
18/06/2021 4:00,290.91132
18/06/2021 5:00,293.52066
18/06/2021 6:00,295.75412
18/06/2021 7:00,297.96735
18/06/2021 8:00,299.815
18/06/2021 9:00,301.34357
18/06/2021 10:00,302.16287
18/06/2021 11:00,302.8162
18/06/2021 12:00,303.26733
18/06/2021 13:00,303.5813
18/06/2021 14:00,303.69742
18/06/2021 15:00,303.78345
18/06/2021 16:00,303.45917
18/06/2021 17:00,302.7207
18/06/2021 18:00,301.15216
18/06/2021 19:00,299.17676
18/06/2021 20:00,297.4594
18/06/2021 21:00,296.07065
18/06/2021 22:00,295.11328
18/06/2021 23:00,294.38083
19/06/2021 0:00,293.7056
19/06/2021 1:00,293.11896
19/06/2021 2:00,292.63425
19/06/2021 3:00,292.39166
19/06/2021 4:00,292.6248
19/06/2021 5:00,295.66208
19/06/2021 6:00,298.52863
19/06/2021 7:00,300.04813
19/06/2021 8:00,301.4868
19/06/2021 9:00,302.76285
19/06/2021 10:00,303.16025
19/06/2021 11:00,303.25272
19/06/2021 12:00,303.2024
19/06/2021 13:00,303.34604
19/06/2021 14:00,303.48495
19/06/2021 15:00,303.40067
19/06/2021 16:00,303.21057
19/06/2021 17:00,302.69662
19/06/2021 18:00,301.26398
19/06/2021 19:00,299.35223
19/06/2021 20:00,297.9923
19/06/2021 21:00,296.73126
19/06/2021 22:00,295.95755
19/06/2021 23:00,295.17694
20/06/2021 0:00,294.24493
20/06/2021 1:00,293.35422
20/06/2021 2:00,292.84628
20/06/2021 3:00,291.8459
20/06/2021 4:00,292.1478
20/06/2021 5:00,294.63287
20/06/2021 6:00,296.87405
20/06/2021 7:00,299.39655
20/06/2021 8:00,301.35345
20/06/2021 9:00,302.80844
20/06/2021 10:00,303.66818
20/06/2021 11:00,304.47202
20/06/2021 12:00,304.85394
20/06/2021 13:00,305.149
20/06/2021 14:00,305.06598
20/06/2021 15:00,304.88492
20/06/2021 16:00,304.41785
20/06/2021 17:00,303.72452
20/06/2021 18:00,302.21964
20/06/2021 19:00,300.48938
20/06/2021 20:00,299.37503
20/06/2021 21:00,298.231
20/06/2021 22:00,297.42715
20/06/2021 23:00,296.8676
21/06/2021 0:00,296.25217
21/06/2021 1:00,295.81775
21/06/2021 2:00,295.352
21/06/2021 3:00,294.80276
21/06/2021 4:00,294.90854
21/06/2021 5:00,296.84137
21/06/2021 6:00,299.27698
21/06/2021 7:00,299.80856
21/06/2021 8:00,302.06653
21/06/2021 9:00,303.93054
21/06/2021 10:00,305.2965
21/06/2021 11:00,306.5657
21/06/2021 12:00,307.55878
21/06/2021 13:00,308.29767
21/06/2021 14:00,308.71658
21/06/2021 15:00,307.1205
21/06/2021 16:00,303.64066
21/06/2021 17:00,302.931
21/06/2021 18:00,301.52676
21/06/2021 19:00,301.08807
21/06/2021 20:00,299.91782
21/06/2021 21:00,298.98407
21/06/2021 22:00,298.15875
21/06/2021 23:00,297.41684
22/06/2021 0:00,296.95407
22/06/2021 1:00,296.5859
22/06/2021 2:00,296.3743
22/06/2021 3:00,296.04486
22/06/2021 4:00,295.81302
22/06/2021 5:00,297.785
22/06/2021 6:00,300.9096
22/06/2021 7:00,302.4635
22/06/2021 8:00,303.67163
22/06/2021 9:00,305.01736
22/06/2021 10:00,306.16098
22/06/2021 11:00,307.1416
22/06/2021 12:00,307.77985
22/06/2021 13:00,308.25165
22/06/2021 14:00,308.37292
22/06/2021 15:00,308.32822
22/06/2021 16:00,308.10757
22/06/2021 17:00,307.15536
22/06/2021 18:00,305.48788
22/06/2021 19:00,303.0252
22/06/2021 20:00,301.28076
22/06/2021 21:00,299.7617
22/06/2021 22:00,298.44476
22/06/2021 23:00,297.20868
23/06/2021 0:00,296.46762
23/06/2021 1:00,296.36398
23/06/2021 2:00,296.13776
23/06/2021 3:00,295.51282
23/06/2021 4:00,294.97693
23/06/2021 5:00,296.78073
23/06/2021 6:00,300.07608
23/06/2021 7:00,301.88977
23/06/2021 8:00,303.5383
23/06/2021 9:00,304.8862
23/06/2021 10:00,306.09906
23/06/2021 11:00,307.0788
23/06/2021 12:00,307.82416
23/06/2021 13:00,308.28607
23/06/2021 14:00,308.46326
23/06/2021 15:00,308.43573
23/06/2021 16:00,308.17682
23/06/2021 17:00,307.27792
23/06/2021 18:00,305.23285
23/06/2021 19:00,303.2738
23/06/2021 20:00,301.99686
23/06/2021 21:00,300.98444
23/06/2021 22:00,299.9548
23/06/2021 23:00,299.14838
24/06/2021 0:00,298.62582
24/06/2021 1:00,298.1996
24/06/2021 2:00,297.7265
24/06/2021 3:00,297.21985
24/06/2021 4:00,296.99622
24/06/2021 5:00,298.80215
24/06/2021 6:00,301.4868
24/06/2021 7:00,302.516
24/06/2021 8:00,304.2987
24/06/2021 9:00,306.20743
24/06/2021 10:00,307.84006
24/06/2021 11:00,309.10968
24/06/2021 12:00,310.0606
24/06/2021 13:00,310.70703
24/06/2021 14:00,308.8344
24/06/2021 15:00,308.5424
24/06/2021 16:00,308.67142
24/06/2021 17:00,307.87274
24/06/2021 18:00,306.09647
24/06/2021 19:00,304.96835
24/06/2021 20:00,303.33316
24/06/2021 21:00,301.95685
24/06/2021 22:00,301.14142
24/06/2021 23:00,300.32767
25/06/2021 0:00,300.03436
25/06/2021 1:00,300.055
25/06/2021 2:00,299.75266
25/06/2021 3:00,299.0903
25/06/2021 4:00,298.5084
25/06/2021 5:00,299.36255
25/06/2021 6:00,301.3586
25/06/2021 7:00,301.49667
25/06/2021 8:00,302.57446
25/06/2021 9:00,303.78992
25/06/2021 10:00,305.09134
25/06/2021 11:00,305.79755
25/06/2021 12:00,306.17
25/06/2021 13:00,306.48184
25/06/2021 14:00,303.68625
25/06/2021 15:00,302.82864
25/06/2021 16:00,302.98004
25/06/2021 17:00,302.6437
25/06/2021 18:00,301.56247
25/06/2021 19:00,299.46967
25/06/2021 20:00,296.44183
25/06/2021 21:00,295.2922
25/06/2021 22:00,294.70856
25/06/2021 23:00,294.31848
26/06/2021 0:00,293.8174
26/06/2021 1:00,293.28455
26/06/2021 2:00,293.14346
26/06/2021 3:00,292.91852
26/06/2021 4:00,293.15036
26/06/2021 5:00,294.12363
26/06/2021 6:00,295.2565
26/06/2021 7:00,296.49817
26/06/2021 8:00,297.75446
26/06/2021 9:00,299.00644
26/06/2021 10:00,300.1948
26/06/2021 11:00,301.2872
26/06/2021 12:00,301.82697
26/06/2021 13:00,301.78226
26/06/2021 14:00,301.68076
26/06/2021 15:00,301.34528
26/06/2021 16:00,301.16464
26/06/2021 17:00,300.81668
26/06/2021 18:00,299.93887
26/06/2021 19:00,298.2426
26/06/2021 20:00,296.7846
26/06/2021 21:00,295.82895
26/06/2021 22:00,294.9748
26/06/2021 23:00,294.34686
27/06/2021 0:00,293.90387
27/06/2021 1:00,293.45184
27/06/2021 2:00,293.00885
27/06/2021 3:00,292.50134
27/06/2021 4:00,292.44327
27/06/2021 5:00,294.5262
27/06/2021 6:00,296.4801
27/06/2021 7:00,297.42413
27/06/2021 8:00,298.96646
27/06/2021 9:00,300.3681
27/06/2021 10:00,301.60376
27/06/2021 11:00,302.48502
27/06/2021 12:00,302.58478
27/06/2021 13:00,302.84714
27/06/2021 14:00,303.10562
27/06/2021 15:00,303.08585
27/06/2021 16:00,302.7637
27/06/2021 17:00,302.40845
27/06/2021 18:00,301.1642
27/06/2021 19:00,299.45117
27/06/2021 20:00,298.0168
27/06/2021 21:00,296.96695
27/06/2021 22:00,295.79584
27/06/2021 23:00,294.95157
28/06/2021 0:00,294.25653
28/06/2021 1:00,293.6355
28/06/2021 2:00,293.27982
28/06/2021 3:00,292.78348
28/06/2021 4:00,293.0209
28/06/2021 5:00,295.82767
28/06/2021 6:00,298.34238
28/06/2021 7:00,299.8593
28/06/2021 8:00,301.69107
28/06/2021 9:00,303.15982
28/06/2021 10:00,304.17484
28/06/2021 11:00,304.98685
28/06/2021 12:00,305.61176
28/06/2021 13:00,306.0556
28/06/2021 14:00,306.27237
28/06/2021 15:00,306.28357
28/06/2021 16:00,305.89346
28/06/2021 17:00,305.14166
28/06/2021 18:00,303.37314
28/06/2021 19:00,301.66052
28/06/2021 20:00,300.33026
28/06/2021 21:00,299.41675
28/06/2021 22:00,298.58884
28/06/2021 23:00,297.8194
29/06/2021 0:00,297.13297
29/06/2021 1:00,296.4741
29/06/2021 2:00,295.78293
29/06/2021 3:00,295.16748
29/06/2021 4:00,295.02682
29/06/2021 5:00,296.61688
29/06/2021 6:00,299.02194
29/06/2021 7:00,301.2356
29/06/2021 8:00,303.205
29/06/2021 9:00,304.95114
29/06/2021 10:00,306.28055
29/06/2021 11:00,307.37082
29/06/2021 12:00,308.10242
29/06/2021 13:00,308.57077
29/06/2021 14:00,308.66367
29/06/2021 15:00,308.63272
29/06/2021 16:00,308.12177
29/06/2021 17:00,307.2607
29/06/2021 18:00,305.56317
29/06/2021 19:00,303.75937
29/06/2021 20:00,302.3646
29/06/2021 21:00,301.30527
29/06/2021 22:00,300.29758
29/06/2021 23:00,299.3273
30/06/2021 0:00,298.59656
30/06/2021 1:00,298.14713
30/06/2021 2:00,297.89853
30/06/2021 3:00,297.30115
30/06/2021 4:00,296.9373
30/06/2021 5:00,298.23874
30/06/2021 6:00,300.47348
30/06/2021 7:00,301.07388
30/06/2021 8:00,302.73447
30/06/2021 9:00,304.11893
30/06/2021 10:00,305.2621
30/06/2021 11:00,306.15753
30/06/2021 12:00,306.6014
30/06/2021 13:00,306.55365
30/06/2021 14:00,306.56183
30/06/2021 15:00,306.38593
30/06/2021 16:00,306.00357
30/06/2021 17:00,305.2492
30/06/2021 18:00,303.53873
30/06/2021 19:00,301.3625
30/06/2021 20:00,299.80728
30/06/2021 21:00,298.4654
30/06/2021 22:00,297.0517
30/06/2021 23:00,296.10507
01/07/2021 0:00,295.36887
01/07/2021 1:00,294.71893
01/07/2021 2:00,293.79303
01/07/2021 3:00,292.83817
01/07/2021 4:00,292.25302
01/07/2021 5:00,292.55728
01/07/2021 6:00,293.57364
01/07/2021 7:00,295.52017
01/07/2021 8:00,297.05292
01/07/2021 9:00,298.08868
01/07/2021 10:00,299.31192
01/07/2021 11:00,300.18552
01/07/2021 12:00,300.74634
01/07/2021 13:00,301.10486
01/07/2021 14:00,301.3226
01/07/2021 15:00,301.14563
01/07/2021 16:00,300.74503
01/07/2021 17:00,300.05823
01/07/2021 18:00,299.20108
01/07/2021 19:00,296.78946
01/07/2021 20:00,294.737
01/07/2021 21:00,293.09045
01/07/2021 22:00,292.60858
01/07/2021 23:00,292.22244
02/07/2021 0:00,291.73596
02/07/2021 1:00,291.47647
02/07/2021 2:00,291.11563
02/07/2021 3:00,290.84888
02/07/2021 4:00,291.02386
02/07/2021 5:00,291.90274
02/07/2021 6:00,293.0411
02/07/2021 7:00,294.0647
02/07/2021 8:00,295.43103
02/07/2021 9:00,296.16122
02/07/2021 10:00,296.95688
02/07/2021 11:00,297.68445
02/07/2021 12:00,298.05875
02/07/2021 13:00,298.3959
02/07/2021 14:00,298.76328
02/07/2021 15:00,298.6133
02/07/2021 16:00,297.7509
02/07/2021 17:00,297.30585
02/07/2021 18:00,296.5227
02/07/2021 19:00,295.1942
02/07/2021 20:00,294.2387
02/07/2021 21:00,293.44995
02/07/2021 22:00,292.79114
02/07/2021 23:00,292.21323
03/07/2021 0:00,291.79715
03/07/2021 1:00,291.24063
03/07/2021 2:00,290.89197
03/07/2021 3:00,290.53412
03/07/2021 4:00,290.53214
03/07/2021 5:00,291.31265
03/07/2021 6:00,292.45004
03/07/2021 7:00,294.18936
03/07/2021 8:00,295.1633
03/07/2021 9:00,296.0698
03/07/2021 10:00,297.4144
03/07/2021 11:00,298.5692
03/07/2021 12:00,299.24417
03/07/2021 13:00,299.27872
03/07/2021 14:00,299.52606
03/07/2021 15:00,299.55368
03/07/2021 16:00,299.3027
03/07/2021 17:00,298.78238
03/07/2021 18:00,298.06073
03/07/2021 19:00,296.48785
03/07/2021 20:00,294.97845
03/07/2021 21:00,293.47595
03/07/2021 22:00,292.48163
03/07/2021 23:00,291.4676
04/07/2021 0:00,291.0107
04/07/2021 1:00,291.6143
04/07/2021 2:00,292.6622
04/07/2021 3:00,292.52505
04/07/2021 4:00,292.31882
04/07/2021 5:00,292.67404
04/07/2021 6:00,295.6675
04/07/2021 7:00,296.27603
04/07/2021 8:00,297.62097
04/07/2021 9:00,298.56265
04/07/2021 10:00,298.79617
04/07/2021 11:00,299.578
04/07/2021 12:00,299.90857
04/07/2021 13:00,300.11514
04/07/2021 14:00,300.47595
04/07/2021 15:00,300.80618
04/07/2021 16:00,300.6404
04/07/2021 17:00,300.45886
04/07/2021 18:00,299.51257
04/07/2021 19:00,297.96567
04/07/2021 20:00,296.648
04/07/2021 21:00,295.8254
04/07/2021 22:00,295.39716
04/07/2021 23:00,295.13007
05/07/2021 0:00,295.68823
05/07/2021 1:00,293.91736
05/07/2021 2:00,293.53845
05/07/2021 3:00,293.27695
05/07/2021 4:00,293.05426
05/07/2021 5:00,294.31732
05/07/2021 6:00,295.06888
05/07/2021 7:00,295.99677
05/07/2021 8:00,295.99084
05/07/2021 9:00,295.74252
05/07/2021 10:00,296.35266
05/07/2021 11:00,297.95645
05/07/2021 12:00,299.37344
05/07/2021 13:00,300.21185
05/07/2021 14:00,300.80948
05/07/2021 15:00,300.70917
05/07/2021 16:00,300.48715
05/07/2021 17:00,300.21942
05/07/2021 18:00,299.5642
05/07/2021 19:00,298.5692
05/07/2021 20:00,297.37823
05/07/2021 21:00,296.51184
05/07/2021 22:00,295.73856
05/07/2021 23:00,295.19092
06/07/2021 0:00,294.75476
06/07/2021 1:00,294.4275
06/07/2021 2:00,294.01965
06/07/2021 3:00,293.40555
06/07/2021 4:00,293.14243
06/07/2021 5:00,294.87912
06/07/2021 6:00,297.1276
06/07/2021 7:00,298.57712
06/07/2021 8:00,300.0158
06/07/2021 9:00,301.25452
06/07/2021 10:00,302.41296
06/07/2021 11:00,303.33325
06/07/2021 12:00,303.66974
06/07/2021 13:00,304.03223
06/07/2021 14:00,304.34204
06/07/2021 15:00,304.30325
06/07/2021 16:00,304.32233
06/07/2021 17:00,303.86414
06/07/2021 18:00,302.58267
06/07/2021 19:00,301.046
06/07/2021 20:00,299.56387
06/07/2021 21:00,298.08475
06/07/2021 22:00,296.7931
06/07/2021 23:00,296.60132
07/07/2021 0:00,295.64975
07/07/2021 1:00,294.32092
07/07/2021 2:00,293.81836
07/07/2021 3:00,293.44238
07/07/2021 4:00,293.66046
07/07/2021 5:00,296.38358
07/07/2021 6:00,299.8928
07/07/2021 7:00,300.8335
07/07/2021 8:00,302.76654
07/07/2021 9:00,304.247
07/07/2021 10:00,305.5482
07/07/2021 11:00,306.52573
07/07/2021 12:00,307.30594
07/07/2021 13:00,307.78943
07/07/2021 14:00,308.08972
07/07/2021 15:00,308.11606
07/07/2021 16:00,307.87628
07/07/2021 17:00,307.25528
07/07/2021 18:00,305.462
07/07/2021 19:00,303.80988
07/07/2021 20:00,302.26593
07/07/2021 21:00,301.17163
07/07/2021 22:00,300.3079
07/07/2021 23:00,299.57703
08/07/2021 0:00,298.9034
08/07/2021 1:00,298.30313
08/07/2021 2:00,297.79922
08/07/2021 3:00,297.34073
08/07/2021 4:00,297.09076
08/07/2021 5:00,298.46265
08/07/2021 6:00,301.55743
08/07/2021 7:00,303.45694
08/07/2021 8:00,305.81198
08/07/2021 9:00,307.31055
08/07/2021 10:00,308.2726
08/07/2021 11:00,308.98505
08/07/2021 12:00,309.60703
08/07/2021 13:00,310.0514
08/07/2021 14:00,310.26553
08/07/2021 15:00,310.27637
08/07/2021 16:00,309.883
08/07/2021 17:00,308.94492
08/07/2021 18:00,306.9908
08/07/2021 19:00,305.23212
08/07/2021 20:00,304.09503
08/07/2021 21:00,303.2211
08/07/2021 22:00,302.7182
08/07/2021 23:00,302.47052
09/07/2021 0:00,301.93768
09/07/2021 1:00,301.2624
09/07/2021 2:00,300.5631
09/07/2021 3:00,299.88028
09/07/2021 4:00,299.37344
09/07/2021 5:00,299.70398
09/07/2021 6:00,300.82394
09/07/2021 7:00,300.40457
09/07/2021 8:00,301.47324
09/07/2021 9:00,302.21625
09/07/2021 10:00,303.1392
09/07/2021 11:00,303.94998
09/07/2021 12:00,304.644
09/07/2021 13:00,304.42856
09/07/2021 14:00,304.2562
09/07/2021 15:00,303.96347
09/07/2021 16:00,303.53226
09/07/2021 17:00,302.47873
09/07/2021 18:00,301.42752
09/07/2021 19:00,299.77045
09/07/2021 20:00,298.5745
09/07/2021 21:00,297.77554
09/07/2021 22:00,297.19238
09/07/2021 23:00,296.65854
10/07/2021 0:00,296.32074
10/07/2021 1:00,296.0994
10/07/2021 2:00,295.64615
10/07/2021 3:00,295.20078
10/07/2021 4:00,294.99753
10/07/2021 5:00,294.99127
10/07/2021 6:00,295.35867
10/07/2021 7:00,296.74274
10/07/2021 8:00,298.1686
10/07/2021 9:00,298.8955
10/07/2021 10:00,299.84378
10/07/2021 11:00,301.21042
10/07/2021 12:00,302.2554
10/07/2021 13:00,302.78134
10/07/2021 14:00,303.33655
10/07/2021 15:00,303.48425
10/07/2021 16:00,303.43292
10/07/2021 17:00,303.03558
10/07/2021 18:00,302.06232
10/07/2021 19:00,300.6993
10/07/2021 20:00,299.66122
10/07/2021 21:00,298.8705
10/07/2021 22:00,298.2015
10/07/2021 23:00,297.41833
11/07/2021 0:00,296.76184
11/07/2021 1:00,296.18524
11/07/2021 2:00,295.7639
11/07/2021 3:00,295.4225
11/07/2021 4:00,295.46722
11/07/2021 5:00,296.6569
11/07/2021 6:00,298.53503
11/07/2021 7:00,298.80045
11/07/2021 8:00,300.46643
11/07/2021 9:00,301.62683
11/07/2021 10:00,303.06815
11/07/2021 11:00,304.5641
11/07/2021 12:00,305.31665
11/07/2021 13:00,305.737
11/07/2021 14:00,305.86856
11/07/2021 15:00,305.63403
11/07/2021 16:00,305.31433
11/07/2021 17:00,304.65125
11/07/2021 18:00,303.30563
11/07/2021 19:00,301.1249
11/07/2021 20:00,299.8658
11/07/2021 21:00,298.8281
11/07/2021 22:00,298.00317
11/07/2021 23:00,297.11542
12/07/2021 0:00,296.35397
12/07/2021 1:00,295.6129
12/07/2021 2:00,295.03107
12/07/2021 3:00,294.5436
12/07/2021 4:00,294.43045
12/07/2021 5:00,295.21658
12/07/2021 6:00,296.60953
12/07/2021 7:00,297.03452
12/07/2021 8:00,298.31366
12/07/2021 9:00,300.04968
12/07/2021 10:00,301.03775
12/07/2021 11:00,302.2758
12/07/2021 12:00,303.36682
12/07/2021 13:00,303.9628
12/07/2021 14:00,304.25522
12/07/2021 15:00,304.19403
12/07/2021 16:00,303.9763
12/07/2021 17:00,303.5714
12/07/2021 18:00,302.76227
12/07/2021 19:00,300.07535
12/07/2021 20:00,298.78665
12/07/2021 21:00,298.6781
12/07/2021 22:00,297.793
12/07/2021 23:00,295.4761
13/07/2021 0:00,294.85544
13/07/2021 1:00,294.45447
13/07/2021 2:00,294.1647
13/07/2021 3:00,294.01767
13/07/2021 4:00,294.391
13/07/2021 5:00,296.75427
13/07/2021 6:00,299.59314
13/07/2021 7:00,301.40054
13/07/2021 8:00,303.3839
13/07/2021 9:00,305.14166
13/07/2021 10:00,306.87537
13/07/2021 11:00,308.18808
13/07/2021 12:00,309.10312
13/07/2021 13:00,309.74353
13/07/2021 14:00,310.07706
13/07/2021 15:00,310.1708
13/07/2021 16:00,309.9149
13/07/2021 17:00,309.039
13/07/2021 18:00,307.11975
13/07/2021 19:00,304.7736
13/07/2021 20:00,303.4803
13/07/2021 21:00,302.56293
13/07/2021 22:00,301.81793
13/07/2021 23:00,301.30353
14/07/2021 0:00,300.90817
14/07/2021 1:00,300.3503
14/07/2021 2:00,299.86417
14/07/2021 3:00,299.34317
14/07/2021 4:00,298.9057
14/07/2021 5:00,299.6254
14/07/2021 6:00,301.3522
14/07/2021 7:00,302.75668
14/07/2021 8:00,304.173
14/07/2021 9:00,305.56924
14/07/2021 10:00,305.6939
14/07/2021 11:00,306.64612
14/07/2021 12:00,307.5888
14/07/2021 13:00,307.946
14/07/2021 14:00,308.56534
14/07/2021 15:00,308.6703
14/07/2021 16:00,304.0263
14/07/2021 17:00,301.18082
14/07/2021 18:00,300.08292
14/07/2021 19:00,300.71246
14/07/2021 20:00,300.08685
14/07/2021 21:00,299.35535
14/07/2021 22:00,298.6942
14/07/2021 23:00,298.06665
15/07/2021 0:00,297.39203
15/07/2021 1:00,296.51776
15/07/2021 2:00,295.66522
15/07/2021 3:00,294.83405
15/07/2021 4:00,295.15472
15/07/2021 5:00,295.35605
15/07/2021 6:00,296.4566
15/07/2021 7:00,297.69003
15/07/2021 8:00,298.37155
15/07/2021 9:00,299.91846
15/07/2021 10:00,301.08905
15/07/2021 11:00,301.4193
15/07/2021 12:00,302.29947
15/07/2021 13:00,303.0458
15/07/2021 14:00,303.4714
15/07/2021 15:00,303.35562
15/07/2021 16:00,303.09973
15/07/2021 17:00,302.73135
15/07/2021 18:00,302.0722
15/07/2021 19:00,300.64307
15/07/2021 20:00,299.38132
15/07/2021 21:00,298.36694
15/07/2021 22:00,297.71304
15/07/2021 23:00,297.28482
16/07/2021 0:00,296.60428
16/07/2021 1:00,296.12045
16/07/2021 2:00,295.54813
16/07/2021 3:00,295.0939
16/07/2021 4:00,294.94028
16/07/2021 5:00,295.75107
16/07/2021 6:00,297.0174
16/07/2021 7:00,298.77545
16/07/2021 8:00,298.45148
16/07/2021 9:00,298.68106
16/07/2021 10:00,299.64874
16/07/2021 11:00,300.70422
16/07/2021 12:00,300.0273
16/07/2021 13:00,299.30798
16/07/2021 14:00,299.71057
16/07/2021 15:00,299.9635
16/07/2021 16:00,299.42606
16/07/2021 17:00,298.17947
16/07/2021 18:00,297.28217
16/07/2021 19:00,293.59995
16/07/2021 20:00,293.67923
16/07/2021 21:00,293.71442
16/07/2021 22:00,293.60028
16/07/2021 23:00,293.55884
17/07/2021 0:00,293.45654
17/07/2021 1:00,293.4414
17/07/2021 2:00,293.272
17/07/2021 3:00,293.10822
17/07/2021 4:00,293.01447
17/07/2021 5:00,293.59305
17/07/2021 6:00,294.44855
17/07/2021 7:00,294.82648
17/07/2021 8:00,296.22537
17/07/2021 9:00,296.92038
17/07/2021 10:00,298.01337
17/07/2021 11:00,298.55212
17/07/2021 12:00,299.108
17/07/2021 13:00,300.1263
17/07/2021 14:00,300.46643
17/07/2021 15:00,300.3411
17/07/2021 16:00,298.36267
17/07/2021 17:00,296.73123
17/07/2021 18:00,294.9268
17/07/2021 19:00,294.09924
17/07/2021 20:00,293.99762
17/07/2021 21:00,293.969
17/07/2021 22:00,293.9193
17/07/2021 23:00,293.72394
18/07/2021 0:00,294.0746
18/07/2021 1:00,293.497
18/07/2021 2:00,293.5631
18/07/2021 3:00,293.5483
18/07/2021 4:00,293.5516
18/07/2021 5:00,293.8611
18/07/2021 6:00,294.64392
18/07/2021 7:00,294.241
18/07/2021 8:00,295.9037
18/07/2021 9:00,296.96838
18/07/2021 10:00,297.7374
18/07/2021 11:00,299.25534
18/07/2021 12:00,300.53714
18/07/2021 13:00,302.01398
18/07/2021 14:00,302.69846
18/07/2021 15:00,302.8846
18/07/2021 16:00,300.8848
18/07/2021 17:00,299.19778
18/07/2021 18:00,298.20642
18/07/2021 19:00,298.56363
18/07/2021 20:00,297.8377
18/07/2021 21:00,296.98254
18/07/2021 22:00,295.68497
18/07/2021 23:00,294.50085
19/07/2021 0:00,293.54337
19/07/2021 1:00,293.22137
19/07/2021 2:00,292.95627
19/07/2021 3:00,293.10754
19/07/2021 4:00,293.34143
19/07/2021 5:00,293.47495
19/07/2021 6:00,293.77625
19/07/2021 7:00,292.88818
19/07/2021 8:00,293.22598
19/07/2021 9:00,293.7848
19/07/2021 10:00,294.36337
19/07/2021 11:00,295.41492
19/07/2021 12:00,296.402
19/07/2021 13:00,297.18713
19/07/2021 14:00,296.76642
19/07/2021 15:00,295.95795
19/07/2021 16:00,295.71948
19/07/2021 17:00,295.65732
19/07/2021 18:00,295.3399
19/07/2021 19:00,294.07294
19/07/2021 20:00,293.7529
19/07/2021 21:00,293.51376
19/07/2021 22:00,293.36148
19/07/2021 23:00,293.348
20/07/2021 0:00,293.25787
20/07/2021 1:00,293.03815
20/07/2021 2:00,292.85562
20/07/2021 3:00,292.58786
20/07/2021 4:00,292.6609
20/07/2021 5:00,292.88126
20/07/2021 6:00,293.5424
20/07/2021 7:00,294.71893
20/07/2021 8:00,296.0583
20/07/2021 9:00,297.34433
20/07/2021 10:00,298.15216
20/07/2021 11:00,298.50345
20/07/2021 12:00,299.12344
20/07/2021 13:00,299.48264
20/07/2021 14:00,299.73294
20/07/2021 15:00,299.46652
20/07/2021 16:00,298.96326
20/07/2021 17:00,298.0719
20/07/2021 18:00,296.72104
20/07/2021 19:00,295.39517
20/07/2021 20:00,294.43277
20/07/2021 21:00,293.66147
20/07/2021 22:00,293.00528
20/07/2021 23:00,292.30533
21/07/2021 0:00,291.6886
21/07/2021 1:00,291.30115
21/07/2021 2:00,291.05313
21/07/2021 3:00,290.64957
21/07/2021 4:00,290.45944
21/07/2021 5:00,290.90546
21/07/2021 6:00,292.0277
21/07/2021 7:00,293.08585
21/07/2021 8:00,294.43967
21/07/2021 9:00,295.68298
21/07/2021 10:00,296.75162
21/07/2021 11:00,297.64398
21/07/2021 12:00,298.25314
21/07/2021 13:00,298.07092
21/07/2021 14:00,298.23834
21/07/2021 15:00,298.04953
21/07/2021 16:00,297.7953
21/07/2021 17:00,297.09207
21/07/2021 18:00,296.02176
21/07/2021 19:00,294.58603
21/07/2021 20:00,293.13452
21/07/2021 21:00,292.03955
21/07/2021 22:00,291.23505
21/07/2021 23:00,290.66632
22/07/2021 0:00,290.245
22/07/2021 1:00,289.86935
22/07/2021 2:00,289.50757
22/07/2021 3:00,289.01453
22/07/2021 4:00,288.72144
22/07/2021 5:00,290.77094
22/07/2021 6:00,292.84607
22/07/2021 7:00,294.16733
22/07/2021 8:00,295.6925
22/07/2021 9:00,296.95358
22/07/2021 10:00,298.0663
22/07/2021 11:00,298.90967
22/07/2021 12:00,299.27576
22/07/2021 13:00,299.44745
22/07/2021 14:00,299.53525
22/07/2021 15:00,299.5925
22/07/2021 16:00,299.28134
22/07/2021 17:00,298.41858
22/07/2021 18:00,297.50354
22/07/2021 19:00,294.83536
22/07/2021 20:00,293.745
22/07/2021 21:00,292.98355
22/07/2021 22:00,292.05435
22/07/2021 23:00,291.19293
23/07/2021 0:00,290.46176
23/07/2021 1:00,289.86246
23/07/2021 2:00,289.3441
23/07/2021 3:00,289.08588
23/07/2021 4:00,289.26547
23/07/2021 5:00,291.45737
23/07/2021 6:00,294.1042
23/07/2021 7:00,295.44714
23/07/2021 8:00,297.04404
23/07/2021 9:00,298.4015
23/07/2021 10:00,299.18265
23/07/2021 11:00,299.8007
23/07/2021 12:00,300.26578
23/07/2021 13:00,300.50952
23/07/2021 14:00,300.69962
23/07/2021 15:00,300.649
23/07/2021 16:00,300.38156
23/07/2021 17:00,299.6517
23/07/2021 18:00,297.61374
23/07/2021 19:00,295.7945
23/07/2021 20:00,294.614
23/07/2021 21:00,293.91177
23/07/2021 22:00,293.33124
23/07/2021 23:00,292.86514
24/07/2021 0:00,292.33527
24/07/2021 1:00,291.81787
24/07/2021 2:00,291.46133
24/07/2021 3:00,291.33435
24/07/2021 4:00,292.19086
24/07/2021 5:00,293.45422
24/07/2021 6:00,295.43762
24/07/2021 7:00,296.6444
24/07/2021 8:00,298.0732
24/07/2021 9:00,299.2728
24/07/2021 10:00,300.30362
24/07/2021 11:00,301.02625
24/07/2021 12:00,301.48376
24/07/2021 13:00,301.6913
24/07/2021 14:00,301.79755
24/07/2021 15:00,301.67783
24/07/2021 16:00,301.26437
24/07/2021 17:00,300.22104
24/07/2021 18:00,298.65146
24/07/2021 19:00,297.47656
24/07/2021 20:00,296.59177
24/07/2021 21:00,295.93823
24/07/2021 22:00,295.54846
24/07/2021 23:00,295.11758
25/07/2021 0:00,295.05212
25/07/2021 1:00,294.83405
25/07/2021 2:00,294.44922
25/07/2021 3:00,293.88052
25/07/2021 4:00,293.49567
25/07/2021 5:00,294.12686
25/07/2021 6:00,295.73233
25/07/2021 7:00,297.40192
25/07/2021 8:00,299.31522
25/07/2021 9:00,300.94763
25/07/2021 10:00,302.59222
25/07/2021 11:00,303.77435
25/07/2021 12:00,304.51736
25/07/2021 13:00,304.91174
25/07/2021 14:00,305.19394
25/07/2021 15:00,305.06534
25/07/2021 16:00,304.53183
25/07/2021 17:00,303.33688
25/07/2021 18:00,301.7229
25/07/2021 19:00,299.71387
25/07/2021 20:00,299.01425
25/07/2021 21:00,298.4344
25/07/2021 22:00,297.98672
25/07/2021 23:00,297.45914
26/07/2021 0:00,296.7207
26/07/2021 1:00,295.98196
26/07/2021 2:00,295.51324
26/07/2021 3:00,295.18597
26/07/2021 4:00,294.76892
26/07/2021 5:00,295.20935
26/07/2021 6:00,297.03088
26/07/2021 7:00,298.61496
26/07/2021 8:00,300.57465
26/07/2021 9:00,302.55505
26/07/2021 10:00,304.396
26/07/2021 11:00,305.40182
26/07/2021 12:00,304.95547
26/07/2021 13:00,304.64532
26/07/2021 14:00,305.07358
26/07/2021 15:00,305.40445
26/07/2021 16:00,305.1502
26/07/2021 17:00,303.95163
26/07/2021 18:00,302.1827
26/07/2021 19:00,300.97296
26/07/2021 20:00,299.9451
26/07/2021 21:00,298.8478
26/07/2021 22:00,298.06665
26/07/2021 23:00,297.42032
27/07/2021 0:00,296.9513
27/07/2021 1:00,296.65985
27/07/2021 2:00,296.36087
27/07/2021 3:00,295.9428
27/07/2021 4:00,295.5853
27/07/2021 5:00,296.57632
27/07/2021 6:00,299.83984
27/07/2021 7:00,301.60742
27/07/2021 8:00,303.39542
27/07/2021 9:00,304.8147
27/07/2021 10:00,306.0419
27/07/2021 11:00,306.80237
27/07/2021 12:00,307.18652
27/07/2021 13:00,307.3783
27/07/2021 14:00,306.95795
27/07/2021 15:00,305.90704
27/07/2021 16:00,305.0331
27/07/2021 17:00,304.05887
27/07/2021 18:00,302.34323
27/07/2021 19:00,301.40515
27/07/2021 20:00,301.54724
27/07/2021 21:00,300.5039
27/07/2021 22:00,299.0524
27/07/2021 23:00,297.1766
28/07/2021 0:00,296.18262
28/07/2021 1:00,296.62927
28/07/2021 2:00,296.98254
28/07/2021 3:00,296.58685
28/07/2021 4:00,295.61127
28/07/2021 5:00,296.1576
28/07/2021 6:00,299.07773
28/07/2021 7:00,301.09302
28/07/2021 8:00,302.73596
28/07/2021 9:00,304.20227
28/07/2021 10:00,305.7781
28/07/2021 11:00,306.953
28/07/2021 12:00,307.76642
28/07/2021 13:00,308.22327
28/07/2021 14:00,308.38873
28/07/2021 15:00,308.32196
28/07/2021 16:00,307.72693
28/07/2021 17:00,306.14978
28/07/2021 18:00,304.26804
28/07/2021 19:00,301.88635
28/07/2021 20:00,300.5947
28/07/2021 21:00,299.7734
28/07/2021 22:00,299.72833
28/07/2021 23:00,299.6517
29/07/2021 0:00,298.9886
29/07/2021 1:00,298.0094
29/07/2021 2:00,296.71906
29/07/2021 3:00,295.7629
29/07/2021 4:00,295.18893
29/07/2021 5:00,295.44748
29/07/2021 6:00,296.44244
29/07/2021 7:00,296.9253
29/07/2021 8:00,298.5051
29/07/2021 9:00,300.04443
29/07/2021 10:00,301.31567
29/07/2021 11:00,302.41165
29/07/2021 12:00,303.28394
29/07/2021 13:00,303.91116
29/07/2021 14:00,304.22003
29/07/2021 15:00,304.2562
29/07/2021 16:00,304.01874
29/07/2021 17:00,303.23755
29/07/2021 18:00,301.7788
29/07/2021 19:00,300.05527
29/07/2021 20:00,298.6465
29/07/2021 21:00,297.4065
29/07/2021 22:00,296.52368
29/07/2021 23:00,295.95007
30/07/2021 0:00,295.51163
30/07/2021 1:00,295.22217
30/07/2021 2:00,294.8541
30/07/2021 3:00,294.4742
30/07/2021 4:00,294.317
30/07/2021 5:00,295.64975
30/07/2021 6:00,298.34195
30/07/2021 7:00,299.62405
30/07/2021 8:00,301.06967
30/07/2021 9:00,302.4577
30/07/2021 10:00,303.15665
30/07/2021 11:00,304.223
30/07/2021 12:00,304.57593
30/07/2021 13:00,304.88443
30/07/2021 14:00,304.62756
30/07/2021 15:00,304.8999
30/07/2021 16:00,304.62952
30/07/2021 17:00,303.83716
30/07/2021 18:00,302.36328
30/07/2021 19:00,300.40393
30/07/2021 20:00,299.009
30/07/2021 21:00,298.11368
30/07/2021 22:00,297.4601
30/07/2021 23:00,296.95654
31/07/2021 0:00,296.55197
31/07/2021 1:00,296.13953
31/07/2021 2:00,295.68628
31/07/2021 3:00,295.3679
31/07/2021 4:00,295.17184
31/07/2021 5:00,296.51746
31/07/2021 6:00,299.48395
31/07/2021 7:00,300.0612
31/07/2021 8:00,301.45053
31/07/2021 9:00,302.83133
31/07/2021 10:00,303.7273
31/07/2021 11:00,304.03287
31/07/2021 12:00,304.1651
31/07/2021 13:00,304.61243
31/07/2021 14:00,304.75354
31/07/2021 15:00,304.54172
31/07/2021 16:00,304.27332
31/07/2021 17:00,303.6714
31/07/2021 18:00,302.28238
31/07/2021 19:00,300.5697
31/07/2021 20:00,299.43988
31/07/2021 21:00,298.68204
31/07/2021 22:00,298.088
31/07/2021 23:00,297.64597
01/08/2021 0:00,297.40002
01/08/2021 1:00,297.28293
01/08/2021 2:00,297.1182
01/08/2021 3:00,296.95648
01/08/2021 4:00,296.79437
01/08/2021 5:00,297.58557
01/08/2021 6:00,299.33676
01/08/2021 7:00,299.86176
01/08/2021 8:00,302.04276
01/08/2021 9:00,304.23343
01/08/2021 10:00,305.5857
01/08/2021 11:00,306.97662
01/08/2021 12:00,307.80908
01/08/2021 13:00,308.85535
01/08/2021 14:00,309.5376
01/08/2021 15:00,308.65494
01/08/2021 16:00,307.4752
01/08/2021 17:00,305.8032
01/08/2021 18:00,303.64487
01/08/2021 19:00,299.9774
01/08/2021 20:00,298.84003
01/08/2021 21:00,298.20462
01/08/2021 22:00,297.5536
01/08/2021 23:00,296.61255
02/08/2021 0:00,295.3644
02/08/2021 1:00,294.23486
02/08/2021 2:00,293.27264
02/08/2021 3:00,292.58255
02/08/2021 4:00,292.17023
02/08/2021 5:00,292.34238
02/08/2021 6:00,293.1678
02/08/2021 7:00,293.3113
02/08/2021 8:00,294.4122
02/08/2021 9:00,295.8578
02/08/2021 10:00,296.93863
02/08/2021 11:00,297.6075
02/08/2021 12:00,298.32916
02/08/2021 13:00,298.76047
02/08/2021 14:00,299.21146
02/08/2021 15:00,299.35162
02/08/2021 16:00,299.2204
02/08/2021 17:00,298.89395
02/08/2021 18:00,298.30203
02/08/2021 19:00,295.995
02/08/2021 20:00,294.86246
02/08/2021 21:00,293.99802
02/08/2021 22:00,293.49942
02/08/2021 23:00,293.1808
03/08/2021 0:00,292.69223
03/08/2021 1:00,291.99844
03/08/2021 2:00,291.67276
03/08/2021 3:00,291.29648
03/08/2021 4:00,291.18756
03/08/2021 5:00,292.67365
03/08/2021 6:00,294.2947
03/08/2021 7:00,294.94836
03/08/2021 8:00,295.84515
03/08/2021 9:00,297.3833
03/08/2021 10:00,298.31616
03/08/2021 11:00,299.00064
03/08/2021 12:00,299.68478
03/08/2021 13:00,300.27148
03/08/2021 14:00,300.6351
03/08/2021 15:00,300.6764
03/08/2021 16:00,300.5072
03/08/2021 17:00,300.07184
03/08/2021 18:00,299.1044
03/08/2021 19:00,297.72833
03/08/2021 20:00,296.75757
03/08/2021 21:00,296.195
03/08/2021 22:00,295.7154
03/08/2021 23:00,295.0863
04/08/2021 0:00,294.39957
04/08/2021 1:00,294.0616
04/08/2021 2:00,293.5883
04/08/2021 3:00,293.25443
04/08/2021 4:00,292.78296
04/08/2021 5:00,294.10324
04/08/2021 6:00,296.38242
04/08/2021 7:00,296.77875
04/08/2021 8:00,298.4184
04/08/2021 9:00,299.98444
04/08/2021 10:00,301.23743
04/08/2021 11:00,302.24576
04/08/2021 12:00,302.99048
04/08/2021 13:00,303.3545
04/08/2021 14:00,303.4839
04/08/2021 15:00,303.43518
04/08/2021 16:00,303.23254
04/08/2021 17:00,302.28146
04/08/2021 18:00,300.71283
04/08/2021 19:00,299.4933
04/08/2021 20:00,298.6203
04/08/2021 21:00,298.07895
04/08/2021 22:00,297.4569
04/08/2021 23:00,296.86017
05/08/2021 0:00,296.63226
05/08/2021 1:00,296.39468
05/08/2021 2:00,296.08014
05/08/2021 3:00,295.66928
05/08/2021 4:00,295.31012
05/08/2021 5:00,295.57446
05/08/2021 6:00,296.8702
05/08/2021 7:00,295.01675
05/08/2021 8:00,294.85764
05/08/2021 9:00,294.60703
05/08/2021 10:00,294.48993
05/08/2021 11:00,294.78217
05/08/2021 12:00,294.58435
05/08/2021 13:00,293.8917
05/08/2021 14:00,294.45572
05/08/2021 15:00,295.09558
05/08/2021 16:00,294.81747
05/08/2021 17:00,294.3583
05/08/2021 18:00,293.9296
05/08/2021 19:00,292.66882
05/08/2021 20:00,291.85196
05/08/2021 21:00,291.14072
05/08/2021 22:00,290.65735
05/08/2021 23:00,290.26697
06/08/2021 0:00,289.99033
06/08/2021 1:00,289.73715
06/08/2021 2:00,289.54083
06/08/2021 3:00,289.37613
06/08/2021 4:00,289.0824
06/08/2021 5:00,289.89368
06/08/2021 6:00,291.90326
06/08/2021 7:00,293.273
06/08/2021 8:00,294.8502
06/08/2021 9:00,296.40732
06/08/2021 10:00,297.28662
06/08/2021 11:00,298.07486
06/08/2021 12:00,298.58313
06/08/2021 13:00,298.9408
06/08/2021 14:00,298.89767
06/08/2021 15:00,298.95456
06/08/2021 16:00,298.6452
06/08/2021 17:00,298.04697
06/08/2021 18:00,296.87616
06/08/2021 19:00,296.60028
06/08/2021 20:00,293.95935
06/08/2021 21:00,292.68777
06/08/2021 22:00,292.0033
06/08/2021 23:00,291.37494
07/08/2021 0:00,290.92432
07/08/2021 1:00,290.56366
07/08/2021 2:00,290.1688
07/08/2021 3:00,289.64197
07/08/2021 4:00,289.3631
07/08/2021 5:00,290.88416
07/08/2021 6:00,294.25568
07/08/2021 7:00,296.095
07/08/2021 8:00,298.06668
07/08/2021 9:00,299.76212
07/08/2021 10:00,300.98126
07/08/2021 11:00,301.8141
07/08/2021 12:00,302.43167
07/08/2021 13:00,302.8704
07/08/2021 14:00,303.0206
07/08/2021 15:00,302.96112
07/08/2021 16:00,302.43054
07/08/2021 17:00,300.9236
07/08/2021 18:00,299.1293
07/08/2021 19:00,298.25964
07/08/2021 20:00,297.58743
07/08/2021 21:00,297.10632
07/08/2021 22:00,296.6434
07/08/2021 23:00,296.0392
08/08/2021 0:00,295.34024
08/08/2021 1:00,294.66245
08/08/2021 2:00,293.97012
08/08/2021 3:00,293.20163
08/08/2021 4:00,292.51675
08/08/2021 5:00,293.34216
08/08/2021 6:00,296.33817
08/08/2021 7:00,298.74374
08/08/2021 8:00,301.11884
08/08/2021 9:00,302.8217
08/08/2021 10:00,304.03937
08/08/2021 11:00,305.01385
08/08/2021 12:00,305.82996
08/08/2021 13:00,306.36053
08/08/2021 14:00,306.55386
08/08/2021 15:00,306.51334
08/08/2021 16:00,305.79242
08/08/2021 17:00,304.152
08/08/2021 18:00,302.44098
08/08/2021 19:00,300.7738
08/08/2021 20:00,299.62158
08/08/2021 21:00,298.2325
08/08/2021 22:00,296.86984
08/08/2021 23:00,296.1686
09/08/2021 0:00,295.60385
09/08/2021 1:00,295.05728
09/08/2021 2:00,294.57767
09/08/2021 3:00,294.06607
09/08/2021 4:00,293.7504
09/08/2021 5:00,294.02182
09/08/2021 6:00,295.11826
09/08/2021 7:00,295.56555
09/08/2021 8:00,297.13123
09/08/2021 9:00,298.701
09/08/2021 10:00,300.138
09/08/2021 11:00,301.4222
09/08/2021 12:00,302.44617
09/08/2021 13:00,303.10873
09/08/2021 14:00,303.37308
09/08/2021 15:00,303.3344
09/08/2021 16:00,303.01614
09/08/2021 17:00,302.25916
09/08/2021 18:00,300.78308
09/08/2021 19:00,298.80212
09/08/2021 20:00,297.67813
09/08/2021 21:00,296.75458
09/08/2021 22:00,296.09387
09/08/2021 23:00,295.49677
10/08/2021 0:00,294.97327
10/08/2021 1:00,294.55014
10/08/2021 2:00,293.93445
10/08/2021 3:00,293.78683
10/08/2021 4:00,293.46262
10/08/2021 5:00,293.87643
10/08/2021 6:00,296.53745
10/08/2021 7:00,298.61398
10/08/2021 8:00,300.14508
10/08/2021 9:00,301.2984
10/08/2021 10:00,302.29855
10/08/2021 11:00,303.04922
10/08/2021 12:00,303.5601
10/08/2021 13:00,303.88544
10/08/2021 14:00,304.0992
10/08/2021 15:00,303.83264
10/08/2021 16:00,303.5311
10/08/2021 17:00,302.68524
10/08/2021 18:00,301.22034
10/08/2021 19:00,299.81973
10/08/2021 20:00,298.63962
10/08/2021 21:00,297.33682
10/08/2021 22:00,296.25375
10/08/2021 23:00,295.57336
11/08/2021 0:00,295.02756
11/08/2021 1:00,294.76318
11/08/2021 2:00,294.01846
11/08/2021 3:00,293.22577
11/08/2021 4:00,292.72943
11/08/2021 5:00,293.8136
11/08/2021 6:00,296.8806
11/08/2021 7:00,299.004
11/08/2021 8:00,300.85373
11/08/2021 9:00,302.6737
11/08/2021 10:00,303.74527
11/08/2021 11:00,304.43906
11/08/2021 12:00,304.8893
11/08/2021 13:00,303.70807
11/08/2021 14:00,302.34393
11/08/2021 15:00,302.1837
11/08/2021 16:00,302.02417
11/08/2021 17:00,301.2601
11/08/2021 18:00,299.9428
11/08/2021 19:00,298.87387
11/08/2021 20:00,297.61047
11/08/2021 21:00,296.6475
11/08/2021 22:00,295.963
11/08/2021 23:00,295.41907
12/08/2021 0:00,294.87994
12/08/2021 1:00,294.41742
12/08/2021 2:00,293.8151
12/08/2021 3:00,293.24994
12/08/2021 4:00,292.87592
12/08/2021 5:00,293.53217
12/08/2021 6:00,295.8578
12/08/2021 7:00,297.37662
12/08/2021 8:00,299.11813
12/08/2021 9:00,300.5548
12/08/2021 10:00,301.58023
12/08/2021 11:00,302.36362
12/08/2021 12:00,302.94736
12/08/2021 13:00,303.166
12/08/2021 14:00,302.8518
12/08/2021 15:00,302.91428
12/08/2021 16:00,302.6395
12/08/2021 17:00,302.0264
12/08/2021 18:00,300.3202
12/08/2021 19:00,298.8906
12/08/2021 20:00,297.7116
12/08/2021 21:00,296.90738
12/08/2021 22:00,296.1493
12/08/2021 23:00,295.45105
13/08/2021 0:00,294.8383
13/08/2021 1:00,294.3267
13/08/2021 2:00,293.89838
13/08/2021 3:00,293.44516
13/08/2021 4:00,293.0068
13/08/2021 5:00,293.59387
13/08/2021 6:00,296.52258
13/08/2021 7:00,298.19122
13/08/2021 8:00,300.3042
13/08/2021 9:00,302.25916
13/08/2021 10:00,303.56454
13/08/2021 11:00,304.3286
13/08/2021 12:00,304.92053
13/08/2021 13:00,305.096
13/08/2021 14:00,305.1652
13/08/2021 15:00,304.8019
13/08/2021 16:00,304.49222
13/08/2021 17:00,303.5099
13/08/2021 18:00,302.0238
13/08/2021 19:00,300.49716
13/08/2021 20:00,299.17502
13/08/2021 21:00,297.9808
13/08/2021 22:00,296.91705
13/08/2021 23:00,296.31808
14/08/2021 0:00,296.09723
14/08/2021 1:00,295.77264
14/08/2021 2:00,295.0227
14/08/2021 3:00,294.42078
14/08/2021 4:00,293.65002
14/08/2021 5:00,294.5297
14/08/2021 6:00,298.0451
14/08/2021 7:00,299.31186
14/08/2021 8:00,301.43524
14/08/2021 9:00,303.2355
14/08/2021 10:00,304.63943
14/08/2021 11:00,305.64594
14/08/2021 12:00,306.2025
14/08/2021 13:00,306.31555
14/08/2021 14:00,306.2843
14/08/2021 15:00,306.18726
14/08/2021 16:00,305.8679
14/08/2021 17:00,304.50485
14/08/2021 18:00,302.91946
14/08/2021 19:00,301.33112
14/08/2021 20:00,299.99487
14/08/2021 21:00,298.98392
14/08/2021 22:00,298.4132
14/08/2021 23:00,297.8157
15/08/2021 0:00,297.28143
15/08/2021 1:00,296.63635
15/08/2021 2:00,295.9273
15/08/2021 3:00,295.37073
15/08/2021 4:00,294.99966
15/08/2021 5:00,295.61462
15/08/2021 6:00,299.05307
15/08/2021 7:00,300.83365
15/08/2021 8:00,303.15967
15/08/2021 9:00,305.31763
15/08/2021 10:00,306.69366
15/08/2021 11:00,307.705
15/08/2021 12:00,308.31995
15/08/2021 13:00,308.6791
15/08/2021 14:00,308.75903
15/08/2021 15:00,308.4984
15/08/2021 16:00,307.90204
15/08/2021 17:00,306.4345
15/08/2021 18:00,304.5766
15/08/2021 19:00,302.7135
15/08/2021 20:00,301.92712
15/08/2021 21:00,301.0887
15/08/2021 22:00,300.39417
15/08/2021 23:00,299.78516
16/08/2021 0:00,299.21295
16/08/2021 1:00,298.62067
16/08/2021 2:00,297.96777
16/08/2021 3:00,297.26285
16/08/2021 4:00,296.29837
16/08/2021 5:00,296.11545
16/08/2021 6:00,298.95456
16/08/2021 7:00,299.87366
16/08/2021 8:00,301.433
16/08/2021 9:00,302.60864
16/08/2021 10:00,304.25128
16/08/2021 11:00,305.81732
16/08/2021 12:00,306.85278
16/08/2021 13:00,307.75665
16/08/2021 14:00,308.16415
16/08/2021 15:00,308.22626
16/08/2021 16:00,307.87228
16/08/2021 17:00,306.1988
16/08/2021 18:00,304.4331
16/08/2021 19:00,303.60583
16/08/2021 20:00,302.20227
16/08/2021 21:00,301.2326
16/08/2021 22:00,300.4834
16/08/2021 23:00,299.819
17/08/2021 0:00,298.97723
17/08/2021 1:00,297.9362
17/08/2021 2:00,295.47296
17/08/2021 3:00,294.35086
17/08/2021 4:00,294.02405
17/08/2021 5:00,293.84113
17/08/2021 6:00,294.1802
17/08/2021 7:00,294.17538
17/08/2021 8:00,294.6803
17/08/2021 9:00,295.80536
17/08/2021 10:00,295.72357
17/08/2021 11:00,295.76373
17/08/2021 12:00,295.21902
17/08/2021 13:00,294.7855
17/08/2021 14:00,294.90857
17/08/2021 15:00,295.65775
17/08/2021 16:00,295.56442
17/08/2021 17:00,295.32166
17/08/2021 18:00,294.7067
17/08/2021 19:00,293.07483
17/08/2021 20:00,292.8536
17/08/2021 21:00,292.358
17/08/2021 22:00,291.9475
17/08/2021 23:00,291.52106
18/08/2021 0:00,291.09534
18/08/2021 1:00,290.7871
18/08/2021 2:00,290.22122
18/08/2021 3:00,289.9223
18/08/2021 4:00,289.63156
18/08/2021 5:00,290.07288
18/08/2021 6:00,291.17453
18/08/2021 7:00,291.8345
18/08/2021 8:00,292.7469
18/08/2021 9:00,294.02368
18/08/2021 10:00,295.48154
18/08/2021 11:00,296.5103
18/08/2021 12:00,297.17548
18/08/2021 13:00,297.59262
18/08/2021 14:00,297.66364
18/08/2021 15:00,297.361
18/08/2021 16:00,296.89438
18/08/2021 17:00,296.06897
18/08/2021 18:00,294.8346
18/08/2021 19:00,293.51505
18/08/2021 20:00,292.49963
18/08/2021 21:00,291.57944
18/08/2021 22:00,290.62018
18/08/2021 23:00,289.53748
19/08/2021 0:00,289.2973
19/08/2021 1:00,289.4542
19/08/2021 2:00,289.98514
19/08/2021 3:00,289.797
19/08/2021 4:00,289.43524
19/08/2021 5:00,289.5397
19/08/2021 6:00,291.55453
19/08/2021 7:00,292.65247
19/08/2021 8:00,294.1371
19/08/2021 9:00,295.52353
19/08/2021 10:00,296.75793
19/08/2021 11:00,297.66403
19/08/2021 12:00,297.78522
19/08/2021 13:00,297.90717
19/08/2021 14:00,297.9306
19/08/2021 15:00,298.0455
19/08/2021 16:00,297.83655
19/08/2021 17:00,297.24872
19/08/2021 18:00,296.5791
19/08/2021 19:00,295.39267
19/08/2021 20:00,294.33673
19/08/2021 21:00,293.27597
19/08/2021 22:00,292.36096
19/08/2021 23:00,291.45227
20/08/2021 0:00,290.77075
20/08/2021 1:00,290.22495
20/08/2021 2:00,290.08774
20/08/2021 3:00,289.5661
20/08/2021 4:00,289.11438
20/08/2021 5:00,289.96765
20/08/2021 6:00,292.94247
20/08/2021 7:00,295.0387
20/08/2021 8:00,296.83267
20/08/2021 9:00,298.28494
20/08/2021 10:00,299.1085
20/08/2021 11:00,299.22894
20/08/2021 12:00,299.68774
20/08/2021 13:00,299.6896
20/08/2021 14:00,299.70673
20/08/2021 15:00,299.6751
20/08/2021 16:00,299.27097
20/08/2021 17:00,298.21167
20/08/2021 18:00,296.98584
20/08/2021 19:00,295.91876
20/08/2021 20:00,294.91043
20/08/2021 21:00,293.92142
20/08/2021 22:00,292.69077
20/08/2021 23:00,291.98544
21/08/2021 0:00,290.88675
21/08/2021 1:00,290.3971
21/08/2021 2:00,289.9539
21/08/2021 3:00,289.697
21/08/2021 4:00,289.5765
21/08/2021 5:00,290.32272
21/08/2021 6:00,293.84967
21/08/2021 7:00,296.0489
21/08/2021 8:00,298.29645
21/08/2021 9:00,299.81973
21/08/2021 10:00,300.26627
21/08/2021 11:00,300.5414
21/08/2021 12:00,300.78235
21/08/2021 13:00,300.81284
21/08/2021 14:00,300.81284
21/08/2021 15:00,300.69052
21/08/2021 16:00,300.44064
21/08/2021 17:00,299.7714
21/08/2021 18:00,298.58163
21/08/2021 19:00,297.2026
21/08/2021 20:00,295.9582
21/08/2021 21:00,294.57098
21/08/2021 22:00,293.43326
21/08/2021 23:00,292.82684
22/08/2021 0:00,292.28177
22/08/2021 1:00,292.15015
22/08/2021 2:00,292.85434
22/08/2021 3:00,292.71494
22/08/2021 4:00,292.44424
22/08/2021 5:00,291.18903
22/08/2021 6:00,294.2516
22/08/2021 7:00,296.87466
22/08/2021 8:00,298.74115
22/08/2021 9:00,300.34808
22/08/2021 10:00,301.73416
22/08/2021 11:00,302.86
22/08/2021 12:00,303.2225
22/08/2021 13:00,303.32288
22/08/2021 14:00,303.60733
22/08/2021 15:00,303.42624
22/08/2021 16:00,302.83954
22/08/2021 17:00,301.02737
22/08/2021 18:00,299.41373
22/08/2021 19:00,298.44965
22/08/2021 20:00,297.33572
22/08/2021 21:00,296.4579
22/08/2021 22:00,295.87378
22/08/2021 23:00,295.19522
23/08/2021 0:00,294.58212
23/08/2021 1:00,294.13077
23/08/2021 2:00,293.7798
23/08/2021 3:00,293.4786
23/08/2021 4:00,293.0592
23/08/2021 5:00,293.20645
23/08/2021 6:00,295.30603
23/08/2021 7:00,296.62
23/08/2021 8:00,297.8187
23/08/2021 9:00,298.75116
23/08/2021 10:00,299.09137
23/08/2021 11:00,299.09546
23/08/2021 12:00,298.7731
23/08/2021 13:00,298.7047
23/08/2021 14:00,298.3355
23/08/2021 15:00,297.91202
23/08/2021 16:00,297.1141
23/08/2021 17:00,296.25488
23/08/2021 18:00,295.1179
23/08/2021 19:00,292.39072
23/08/2021 20:00,291.9137
23/08/2021 21:00,291.49316
23/08/2021 22:00,291.12955
23/08/2021 23:00,291.0853
24/08/2021 0:00,290.99643
24/08/2021 1:00,290.74362
24/08/2021 2:00,290.37665
24/08/2021 3:00,290.03943
24/08/2021 4:00,289.69254
24/08/2021 5:00,289.72153
24/08/2021 6:00,290.5841
24/08/2021 7:00,291.7553
24/08/2021 8:00,293.43512
24/08/2021 9:00,294.6799
24/08/2021 10:00,295.5901
24/08/2021 11:00,296.34448
24/08/2021 12:00,296.8174
24/08/2021 13:00,296.84158
24/08/2021 14:00,296.70364
24/08/2021 15:00,296.83823
24/08/2021 16:00,296.72446
24/08/2021 17:00,296.07715
24/08/2021 18:00,294.98404
24/08/2021 19:00,293.48938
24/08/2021 20:00,292.72458
24/08/2021 21:00,292.29626
24/08/2021 22:00,291.8579
24/08/2021 23:00,291.39243
25/08/2021 0:00,291.04553
25/08/2021 1:00,290.86407
25/08/2021 2:00,290.46698
25/08/2021 3:00,289.93344
25/08/2021 4:00,289.3672
25/08/2021 5:00,289.17868
25/08/2021 6:00,289.44492
25/08/2021 7:00,289.71594
25/08/2021 8:00,289.6219
25/08/2021 9:00,289.89554
25/08/2021 10:00,290.73953
25/08/2021 11:00,291.5389
25/08/2021 12:00,292.57922
25/08/2021 13:00,293.17114
25/08/2021 14:00,293.12244
25/08/2021 15:00,293.0399
25/08/2021 16:00,292.79932
25/08/2021 17:00,292.26205
25/08/2021 18:00,291.64746
25/08/2021 19:00,290.38965
25/08/2021 20:00,290.0736
25/08/2021 21:00,289.91858
25/08/2021 22:00,289.78287
25/08/2021 23:00,289.54156
26/08/2021 0:00,289.40253
26/08/2021 1:00,289.20544
26/08/2021 2:00,288.78308
26/08/2021 3:00,288.26962
26/08/2021 4:00,287.60782
26/08/2021 5:00,287.50037
26/08/2021 6:00,289.32333
26/08/2021 7:00,290.30527
26/08/2021 8:00,291.8382
26/08/2021 9:00,293.20123
26/08/2021 10:00,294.2081
26/08/2021 11:00,295.03497
26/08/2021 12:00,295.6336
26/08/2021 13:00,296.22177
26/08/2021 14:00,296.32144
26/08/2021 15:00,296.20618
26/08/2021 16:00,295.87192
26/08/2021 17:00,295.22162
26/08/2021 18:00,293.65744
26/08/2021 19:00,292.4829
26/08/2021 20:00,291.5404
26/08/2021 21:00,290.4369
26/08/2021 22:00,289.98105
26/08/2021 23:00,289.92453
27/08/2021 0:00,289.24673
27/08/2021 1:00,288.9396
27/08/2021 2:00,288.73474
27/08/2021 3:00,288.29492
27/08/2021 4:00,287.90378
27/08/2021 5:00,287.90823
27/08/2021 6:00,288.18375
27/08/2021 7:00,287.5688
27/08/2021 8:00,288.28748
27/08/2021 9:00,289.73193
27/08/2021 10:00,290.2335
27/08/2021 11:00,290.52463
27/08/2021 12:00,291.17676
27/08/2021 13:00,291.9438
27/08/2021 14:00,292.5662
27/08/2021 15:00,292.58887
27/08/2021 16:00,292.45428
27/08/2021 17:00,291.85345
27/08/2021 18:00,290.64584
27/08/2021 19:00,289.0162
27/08/2021 20:00,288.39233
27/08/2021 21:00,287.28918
27/08/2021 22:00,286.52103
27/08/2021 23:00,286.45856
28/08/2021 0:00,287.03302
28/08/2021 1:00,287.19623
28/08/2021 2:00,286.9527
28/08/2021 3:00,286.80545
28/08/2021 4:00,286.6984
28/08/2021 5:00,285.70493
28/08/2021 6:00,287.67957
28/08/2021 7:00,287.61227
28/08/2021 8:00,289.1854
28/08/2021 9:00,290.63913
28/08/2021 10:00,291.29648
28/08/2021 11:00,291.54968
28/08/2021 12:00,291.11246
28/08/2021 13:00,291.09943
28/08/2021 14:00,291.03995
28/08/2021 15:00,290.47406
28/08/2021 16:00,289.89032
28/08/2021 17:00,289.3646
28/08/2021 18:00,288.8541
28/08/2021 19:00,287.5617
28/08/2021 20:00,287.27133
28/08/2021 21:00,286.90994
28/08/2021 22:00,286.80545
28/08/2021 23:00,286.65933
29/08/2021 0:00,286.4411
29/08/2021 1:00,286.2039
29/08/2021 2:00,286.10162
29/08/2021 3:00,285.9057
29/08/2021 4:00,285.70493
29/08/2021 5:00,285.9347
29/08/2021 6:00,287.13712
29/08/2021 7:00,288.53955
29/08/2021 8:00,289.697
29/08/2021 9:00,290.03458
29/08/2021 10:00,290.30786
29/08/2021 11:00,290.5265
29/08/2021 12:00,290.8046
29/08/2021 13:00,290.69974
29/08/2021 14:00,290.51013
29/08/2021 15:00,290.38147
29/08/2021 16:00,289.77505
29/08/2021 17:00,289.3839
29/08/2021 18:00,288.6734
29/08/2021 19:00,287.25275
29/08/2021 20:00,287.11295
29/08/2021 21:00,286.99396
29/08/2021 22:00,286.8575
29/08/2021 23:00,286.5861
30/08/2021 0:00,286.26263
30/08/2021 1:00,286.14847
30/08/2021 2:00,285.90457
30/08/2021 3:00,285.48334
30/08/2021 4:00,285.17212
30/08/2021 5:00,285.34354
30/08/2021 6:00,286.79022
30/08/2021 7:00,288.3559
30/08/2021 8:00,290.20673
30/08/2021 9:00,291.96017
30/08/2021 10:00,293.14026
30/08/2021 11:00,294.00882
30/08/2021 12:00,294.4639
30/08/2021 13:00,294.47913
30/08/2021 14:00,294.52673
30/08/2021 15:00,294.5141
30/08/2021 16:00,294.20624
30/08/2021 17:00,293.15738
30/08/2021 18:00,292.12042
30/08/2021 19:00,289.5226
30/08/2021 20:00,288.72025
30/08/2021 21:00,289.68918
30/08/2021 22:00,288.3031
30/08/2021 23:00,287.52267
31/08/2021 0:00,287.35275
31/08/2021 1:00,287.02335
31/08/2021 2:00,286.99768
31/08/2021 3:00,286.9646
31/08/2021 4:00,286.78687
31/08/2021 5:00,286.89432
31/08/2021 6:00,288.4098
31/08/2021 7:00,290.19296
31/08/2021 8:00,291.2578
31/08/2021 9:00,292.71863
31/08/2021 10:00,293.7017
31/08/2021 11:00,294.465
31/08/2021 12:00,295.32538
31/08/2021 13:00,295.6057
31/08/2021 14:00,295.82843
31/08/2021 15:00,295.97083
31/08/2021 16:00,295.23575
31/08/2021 17:00,294.08502
31/08/2021 18:00,292.50113
31/08/2021 19:00,291.78726
31/08/2021 20:00,291.28793
31/08/2021 21:00,290.496
31/08/2021 22:00,289.78363
31/08/2021 23:00,289.62634
01/09/2021 0:00,289.59436
01/09/2021 1:00,289.36053
01/09/2021 2:00,289.08154
01/09/2021 3:00,288.83096
01/09/2021 4:00,288.6218
01/09/2021 5:00,288.74023
01/09/2021 6:00,289.6327
01/09/2021 7:00,290.84213
01/09/2021 8:00,291.55453
01/09/2021 9:00,292.2765
01/09/2021 10:00,292.90295
01/09/2021 11:00,293.06522
01/09/2021 12:00,293.18127
01/09/2021 13:00,292.86462
01/09/2021 14:00,292.9105
01/09/2021 15:00,292.76602
01/09/2021 16:00,292.55002
01/09/2021 17:00,292.0259
01/09/2021 18:00,291.2858
01/09/2021 19:00,290.28995
01/09/2021 20:00,289.51562
01/09/2021 21:00,288.89462
01/09/2021 22:00,288.46533
01/09/2021 23:00,288.10385
02/09/2021 0:00,287.7848
02/09/2021 1:00,287.53354
02/09/2021 2:00,287.06284
02/09/2021 3:00,286.64313
02/09/2021 4:00,286.29565
02/09/2021 5:00,286.45178
02/09/2021 6:00,288.3178
02/09/2021 7:00,289.55875
02/09/2021 8:00,291.39398
02/09/2021 9:00,292.9666
02/09/2021 10:00,294.24008
02/09/2021 11:00,295.14487
02/09/2021 12:00,295.24722
02/09/2021 13:00,295.16916
02/09/2021 14:00,295.3417
02/09/2021 15:00,294.94836
02/09/2021 16:00,294.4674
02/09/2021 17:00,293.47018
02/09/2021 18:00,292.43808
02/09/2021 19:00,291.73938
02/09/2021 20:00,290.621
02/09/2021 21:00,289.4348
02/09/2021 22:00,288.59235
02/09/2021 23:00,287.6191
03/09/2021 0:00,287.1888
03/09/2021 1:00,287.88168
03/09/2021 2:00,288.1398
03/09/2021 3:00,287.4986
03/09/2021 4:00,287.20248
03/09/2021 5:00,286.8807
03/09/2021 6:00,288.51294
03/09/2021 7:00,290.6809
03/09/2021 8:00,292.64246
03/09/2021 9:00,293.9998
03/09/2021 10:00,295.0641
03/09/2021 11:00,295.89697
03/09/2021 12:00,296.25333
03/09/2021 13:00,296.21637
03/09/2021 14:00,296.26532
03/09/2021 15:00,296.08386
03/09/2021 16:00,295.78125
03/09/2021 17:00,294.67075
03/09/2021 18:00,293.0221
03/09/2021 19:00,292.5247
03/09/2021 20:00,291.36145
03/09/2021 21:00,291.04788
03/09/2021 22:00,289.7655
03/09/2021 23:00,288.49307
04/09/2021 0:00,287.80432
04/09/2021 1:00,287.49176
04/09/2021 2:00,287.2535
04/09/2021 3:00,287.4031
04/09/2021 4:00,287.70093
04/09/2021 5:00,288.42838
04/09/2021 6:00,290.0589
04/09/2021 7:00,291.39532
04/09/2021 8:00,293.39624
04/09/2021 9:00,295.149
04/09/2021 10:00,296.3146
04/09/2021 11:00,297.1112
04/09/2021 12:00,297.2536
04/09/2021 13:00,297.39877
04/09/2021 14:00,297.28546
04/09/2021 15:00,297.1913
04/09/2021 16:00,296.40805
04/09/2021 17:00,295.20444
04/09/2021 18:00,294.00287
04/09/2021 19:00,294.13327
04/09/2021 20:00,293.1354
04/09/2021 21:00,290.29303
04/09/2021 22:00,289.1476
04/09/2021 23:00,288.58414
05/09/2021 0:00,288.48724
05/09/2021 1:00,288.19937
05/09/2021 2:00,288.31165
05/09/2021 3:00,288.31848
05/09/2021 4:00,288.54785
05/09/2021 5:00,289.0795
05/09/2021 6:00,290.68808
05/09/2021 7:00,292.08307
05/09/2021 8:00,292.90433
05/09/2021 9:00,294.0477
05/09/2021 10:00,295.32355
05/09/2021 11:00,296.5344
05/09/2021 12:00,297.256
05/09/2021 13:00,297.41623
05/09/2021 14:00,297.22623
05/09/2021 15:00,296.9469
05/09/2021 16:00,295.822
05/09/2021 17:00,294.45612
05/09/2021 18:00,293.22165
05/09/2021 19:00,292.74445
05/09/2021 20:00,291.84894
05/09/2021 21:00,291.26834
05/09/2021 22:00,290.5751
05/09/2021 23:00,289.8456
06/09/2021 0:00,289.1637
06/09/2021 1:00,288.48453
06/09/2021 2:00,287.88748
06/09/2021 3:00,287.40857
06/09/2021 4:00,286.92554
06/09/2021 5:00,286.77698
06/09/2021 6:00,287.9005
06/09/2021 7:00,289.8771
06/09/2021 8:00,291.73596
06/09/2021 9:00,293.53696
06/09/2021 10:00,295.0391
06/09/2021 11:00,296.18896
06/09/2021 12:00,296.86542
06/09/2021 13:00,297.08484
06/09/2021 14:00,296.86542
06/09/2021 15:00,296.57785
06/09/2021 16:00,295.82883
06/09/2021 17:00,294.55435
06/09/2021 18:00,292.9971
06/09/2021 19:00,292.0663
06/09/2021 20:00,290.99277
06/09/2021 21:00,290.12427
06/09/2021 22:00,289.28455
06/09/2021 23:00,288.5564
07/09/2021 0:00,287.79266
07/09/2021 1:00,287.03372
07/09/2021 2:00,286.31656
07/09/2021 3:00,285.70172
07/09/2021 4:00,285.20877
07/09/2021 5:00,285.21014
07/09/2021 6:00,288.08536
07/09/2021 7:00,290.99277
07/09/2021 8:00,293.2186
07/09/2021 9:00,295.26605
07/09/2021 10:00,296.80414
07/09/2021 11:00,297.57266
07/09/2021 12:00,297.8876
07/09/2021 13:00,298.0372
07/09/2021 14:00,297.94443
07/09/2021 15:00,297.5884
07/09/2021 16:00,296.5693
07/09/2021 17:00,294.83163
07/09/2021 18:00,293.31033
07/09/2021 19:00,292.45758
07/09/2021 20:00,291.64557
07/09/2021 21:00,290.96127
07/09/2021 22:00,290.30844
07/09/2021 23:00,289.73264
08/09/2021 0:00,289.14658
08/09/2021 1:00,288.59305
08/09/2021 2:00,288.03708
08/09/2021 3:00,287.5277
08/09/2021 4:00,287.07138
08/09/2021 5:00,286.95532
08/09/2021 6:00,288.69025
08/09/2021 7:00,291.22177
08/09/2021 8:00,293.12204
08/09/2021 9:00,294.75256
08/09/2021 10:00,296.05408
08/09/2021 11:00,296.89246
08/09/2021 12:00,297.38815
08/09/2021 13:00,297.56992
08/09/2021 14:00,297.4816
08/09/2021 15:00,297.07697
08/09/2021 16:00,296.0589
08/09/2021 17:00,294.34143
08/09/2021 18:00,292.8622
08/09/2021 19:00,292.12585
08/09/2021 20:00,291.26697
08/09/2021 21:00,290.4772
08/09/2021 22:00,289.7621
08/09/2021 23:00,289.1476
09/09/2021 0:00,288.67075
09/09/2021 1:00,288.30136
09/09/2021 2:00,287.92
09/09/2021 3:00,287.48938
09/09/2021 4:00,287.07687
09/09/2021 5:00,287.08234
09/09/2021 6:00,288.49203
09/09/2021 7:00,291.2755
09/09/2021 8:00,293.05392
09/09/2021 9:00,294.5783
09/09/2021 10:00,295.83057
09/09/2021 11:00,296.71548
09/09/2021 12:00,297.35666
09/09/2021 13:00,297.6976
09/09/2021 14:00,297.61786
09/09/2021 15:00,297.25293
09/09/2021 16:00,296.11844
09/09/2021 17:00,294.3541
09/09/2021 18:00,292.83347
09/09/2021 19:00,292.14505
09/09/2021 20:00,291.24677
09/09/2021 21:00,290.42517
09/09/2021 22:00,289.6546
09/09/2021 23:00,288.88745
10/09/2021 0:00,288.1696
10/09/2021 1:00,287.48593
10/09/2021 2:00,286.77698
10/09/2021 3:00,286.0492
10/09/2021 4:00,285.45148
10/09/2021 5:00,285.26938
10/09/2021 6:00,287.93372
10/09/2021 7:00,290.95032
10/09/2021 8:00,292.97348
10/09/2021 9:00,294.7666
10/09/2021 10:00,296.2427
10/09/2021 11:00,297.38916
10/09/2021 12:00,298.1721
10/09/2021 13:00,298.62976
10/09/2021 14:00,298.7496
10/09/2021 15:00,298.54794
10/09/2021 16:00,297.84482
10/09/2021 17:00,296.4625
10/09/2021 18:00,294.06653
10/09/2021 19:00,294.05386
10/09/2021 20:00,290.89178
10/09/2021 21:00,289.6272
10/09/2021 22:00,288.8193
10/09/2021 23:00,288.15143
11/09/2021 0:00,287.56296
11/09/2021 1:00,286.97964
11/09/2021 2:00,286.63354
11/09/2021 3:00,286.46545
11/09/2021 4:00,285.97763
11/09/2021 5:00,285.6884
11/09/2021 6:00,288.5564
11/09/2021 7:00,291.64728
11/09/2021 8:00,294.2062
11/09/2021 9:00,296.3324
11/09/2021 10:00,297.9588
11/09/2021 11:00,299.09534
11/09/2021 12:00,299.7451
11/09/2021 13:00,300.0768
11/09/2021 14:00,300.09357
11/09/2021 15:00,299.82895
11/09/2021 16:00,298.94507
11/09/2021 17:00,297.53842
11/09/2021 18:00,295.3585
11/09/2021 19:00,293.31134
11/09/2021 20:00,292.3833
11/09/2021 21:00,291.52988
11/09/2021 22:00,290.71753
11/09/2021 23:00,289.9288
12/09/2021 0:00,289.1346
12/09/2021 1:00,288.31677
12/09/2021 2:00,287.90564
12/09/2021 3:00,288.50848
12/09/2021 4:00,289.1346
12/09/2021 5:00,288.05215
12/09/2021 6:00,289.21198
12/09/2021 7:00,292.59213
12/09/2021 8:00,295.40024
12/09/2021 9:00,297.70447
12/09/2021 10:00,299.37195
12/09/2021 11:00,300.30515
12/09/2021 12:00,300.70258
12/09/2021 13:00,300.8563
12/09/2021 14:00,300.7382
12/09/2021 15:00,300.3931
12/09/2021 16:00,299.4404
12/09/2021 17:00,297.9958
12/09/2021 18:00,296.6381
12/09/2021 19:00,294.9446
12/09/2021 20:00,294.5677
12/09/2021 21:00,292.63937
12/09/2021 22:00,289.70355
12/09/2021 23:00,288.81555
13/09/2021 0:00,288.27057
13/09/2021 1:00,287.84332
13/09/2021 2:00,287.61945
13/09/2021 3:00,287.95767
13/09/2021 4:00,288.35135
13/09/2021 5:00,287.99088
13/09/2021 6:00,289.7388
13/09/2021 7:00,293.412
13/09/2021 8:00,296.0291
13/09/2021 9:00,298.09164
13/09/2021 10:00,299.65677
13/09/2021 11:00,300.51498
13/09/2021 12:00,300.54477
13/09/2021 13:00,300.7974
13/09/2021 14:00,300.47766
13/09/2021 15:00,300.10486
13/09/2021 16:00,299.24323
13/09/2021 17:00,298.11526
13/09/2021 18:00,296.1811
13/09/2021 19:00,294.50574
13/09/2021 20:00,293.70197
13/09/2021 21:00,292.64758
13/09/2021 22:00,291.60828
13/09/2021 23:00,290.87842
14/09/2021 0:00,290.2184
14/09/2021 1:00,289.7015
14/09/2021 2:00,289.4718
14/09/2021 3:00,289.16782
14/09/2021 4:00,288.8183
14/09/2021 5:00,289.17157
14/09/2021 6:00,291.2406
14/09/2021 7:00,294.0874
14/09/2021 8:00,296.46353
14/09/2021 9:00,298.41068
14/09/2021 10:00,299.8043
14/09/2021 11:00,300.49545
14/09/2021 12:00,300.86826
14/09/2021 13:00,301.12228
14/09/2021 14:00,301.07434
14/09/2021 15:00,300.7926
14/09/2021 16:00,299.97617
14/09/2021 17:00,298.6979
14/09/2021 18:00,296.89108
14/09/2021 19:00,295.175
14/09/2021 20:00,293.7437
14/09/2021 21:00,292.58972
14/09/2021 22:00,291.82907
14/09/2021 23:00,291.03897
15/09/2021 0:00,290.6268
15/09/2021 1:00,290.11127
15/09/2021 2:00,289.51184
15/09/2021 3:00,289.04697
15/09/2021 4:00,288.8556
15/09/2021 5:00,288.77277
15/09/2021 6:00,291.17523
15/09/2021 7:00,294.6485
15/09/2021 8:00,297.3683
15/09/2021 9:00,299.53217
15/09/2021 10:00,301.1599
15/09/2021 11:00,302.11606
15/09/2021 12:00,302.79523
15/09/2021 13:00,303.0982
15/09/2021 14:00,303.12183
15/09/2021 15:00,302.8199
15/09/2021 16:00,301.5947
15/09/2021 17:00,299.76254
15/09/2021 18:00,297.82974
15/09/2021 19:00,296.40054
15/09/2021 20:00,295.60974
15/09/2021 21:00,295.08633
15/09/2021 22:00,294.58997
15/09/2021 23:00,294.034
16/09/2021 0:00,293.60645
16/09/2021 1:00,293.65027
16/09/2021 2:00,293.8868
16/09/2021 3:00,294.03024
16/09/2021 4:00,294.0265
16/09/2021 5:00,293.75226
16/09/2021 6:00,294.655
16/09/2021 7:00,296.191
16/09/2021 8:00,298.69516
16/09/2021 9:00,300.54922
16/09/2021 10:00,301.74667
16/09/2021 11:00,302.5272
16/09/2021 12:00,302.85788
16/09/2021 13:00,302.83768
16/09/2021 14:00,302.02158
16/09/2021 15:00,301.19278
16/09/2021 16:00,300.34998
16/09/2021 17:00,299.15424
16/09/2021 18:00,297.99716
16/09/2021 19:00,297.08725
16/09/2021 20:00,295.90656
16/09/2021 21:00,295.20615
16/09/2021 22:00,294.78235
16/09/2021 23:00,294.2774
17/09/2021 0:00,294.0939
17/09/2021 1:00,293.70776
17/09/2021 2:00,293.4106
17/09/2021 3:00,293.1816
17/09/2021 4:00,292.94678
17/09/2021 5:00,292.81088
17/09/2021 6:00,293.25314
17/09/2021 7:00,294.86588
17/09/2021 8:00,295.65836
17/09/2021 9:00,294.6478
17/09/2021 10:00,294.02887
17/09/2021 11:00,294.16513
17/09/2021 12:00,294.21817
17/09/2021 13:00,294.15964
17/09/2021 14:00,294.03915
17/09/2021 15:00,293.47534
17/09/2021 16:00,293.07788
17/09/2021 17:00,292.4408
17/09/2021 18:00,291.71405
17/09/2021 19:00,290.17664
17/09/2021 20:00,290.04007
17/09/2021 21:00,289.49884
17/09/2021 22:00,288.89087
17/09/2021 23:00,288.49478
18/09/2021 0:00,288.01175
18/09/2021 1:00,287.76837
18/09/2021 2:00,287.49347
18/09/2021 3:00,287.10083
18/09/2021 4:00,286.78418
18/09/2021 5:00,286.59726
18/09/2021 6:00,287.75946
18/09/2021 7:00,288.81213
18/09/2021 8:00,290.70074
18/09/2021 9:00,292.30627
18/09/2021 10:00,293.24564
18/09/2021 11:00,294.13876
18/09/2021 12:00,294.82822
18/09/2021 13:00,295.2585
18/09/2021 14:00,295.2106
18/09/2021 15:00,294.87717
18/09/2021 16:00,294.20312
18/09/2021 17:00,293.27405
18/09/2021 18:00,292.01804
18/09/2021 19:00,290.69937
18/09/2021 20:00,289.64365
18/09/2021 21:00,289.20547
18/09/2021 22:00,288.7108
18/09/2021 23:00,288.19525
19/09/2021 0:00,287.77762
19/09/2021 1:00,287.24493
19/09/2021 2:00,286.4942
19/09/2021 3:00,287.6588
19/09/2021 4:00,286.40555
19/09/2021 5:00,285.52234
19/09/2021 6:00,287.07996
19/09/2021 7:00,289.36874
19/09/2021 8:00,291.30634
19/09/2021 9:00,292.7691
19/09/2021 10:00,293.933
19/09/2021 11:00,294.75427
19/09/2021 12:00,295.46426
19/09/2021 13:00,295.60974
19/09/2021 14:00,295.62036
19/09/2021 15:00,295.45502
19/09/2021 16:00,294.9138
19/09/2021 17:00,293.85156
19/09/2021 18:00,292.50516
19/09/2021 19:00,292.64346
19/09/2021 20:00,291.90677
19/09/2021 21:00,291.35153
19/09/2021 22:00,290.35876
19/09/2021 23:00,288.91995
20/09/2021 0:00,287.75467
20/09/2021 1:00,286.99094
20/09/2021 2:00,286.3429
20/09/2021 3:00,285.96017
20/09/2021 4:00,285.67227
20/09/2021 5:00,285.61237
20/09/2021 6:00,285.6819
20/09/2021 7:00,285.09375
20/09/2021 8:00,284.95956
20/09/2021 9:00,285.18823
20/09/2021 10:00,285.51413
20/09/2021 11:00,286.4035
20/09/2021 12:00,286.1245
20/09/2021 13:00,286.2238
20/09/2021 14:00,286.62738
20/09/2021 15:00,286.79718
20/09/2021 16:00,286.76328
20/09/2021 17:00,286.63287
20/09/2021 18:00,286.6113
20/09/2021 19:00,285.96155
20/09/2021 20:00,285.6627
20/09/2021 21:00,285.3854
20/09/2021 22:00,284.86917
20/09/2021 23:00,284.53748
21/09/2021 0:00,284.38443
21/09/2021 1:00,284.00858
21/09/2021 2:00,283.95996
21/09/2021 3:00,283.54745
21/09/2021 4:00,283.20102
21/09/2021 5:00,282.9405
21/09/2021 6:00,283.9627
21/09/2021 7:00,284.837
21/09/2021 8:00,285.92288
21/09/2021 9:00,287.26755
21/09/2021 10:00,288.71628
21/09/2021 11:00,289.06955
21/09/2021 12:00,289.34924
21/09/2021 13:00,289.3383
21/09/2021 14:00,289.26297
21/09/2021 15:00,289.10825
21/09/2021 16:00,288.66663
21/09/2021 17:00,288.0145
21/09/2021 18:00,287.1652
21/09/2021 19:00,286.36002
21/09/2021 20:00,285.48196
21/09/2021 21:00,284.494
21/09/2021 22:00,284.34814
21/09/2021 23:00,284.37247
22/09/2021 0:00,284.5207
22/09/2021 1:00,284.34918
22/09/2021 2:00,284.139
22/09/2021 3:00,284.1917
22/09/2021 4:00,284.26324
22/09/2021 5:00,284.34198
22/09/2021 6:00,284.87192
22/09/2021 7:00,285.8109
22/09/2021 8:00,286.79343
22/09/2021 9:00,286.39838
22/09/2021 10:00,285.75137
22/09/2021 11:00,285.83627
22/09/2021 12:00,285.9855
22/09/2021 13:00,286.05157
22/09/2021 14:00,286.63696
22/09/2021 15:00,287.0998
22/09/2021 16:00,287.0748
22/09/2021 17:00,286.34598
22/09/2021 18:00,285.79553
22/09/2021 19:00,284.72473
22/09/2021 20:00,284.44128
22/09/2021 21:00,284.25162
22/09/2021 22:00,283.70218
22/09/2021 23:00,283.25305
23/09/2021 0:00,282.833
23/09/2021 1:00,282.3678
23/09/2021 2:00,281.95837
23/09/2021 3:00,281.6246
23/09/2021 4:00,281.13986
23/09/2021 5:00,280.688
23/09/2021 6:00,282.27774
23/09/2021 7:00,283.46906
23/09/2021 8:00,284.94586
23/09/2021 9:00,286.4535
23/09/2021 10:00,288.22092
23/09/2021 11:00,288.98807
23/09/2021 12:00,289.6491
23/09/2021 13:00,289.86823
23/09/2021 14:00,290.11194
23/09/2021 15:00,289.99625
23/09/2021 16:00,289.5865
23/09/2021 17:00,288.41022
23/09/2021 18:00,287.18607
23/09/2021 19:00,286.5401
23/09/2021 20:00,285.6069
23/09/2021 21:00,284.99036
23/09/2021 22:00,284.75964
23/09/2021 23:00,284.6552
24/09/2021 0:00,284.71307
24/09/2021 1:00,284.58984
24/09/2021 2:00,284.40805
24/09/2021 3:00,284.20813
24/09/2021 4:00,284.06403
24/09/2021 5:00,283.85898
24/09/2021 6:00,284.98386
24/09/2021 7:00,287.6691
24/09/2021 8:00,290.04007
24/09/2021 9:00,292.13718
24/09/2021 10:00,293.9149
24/09/2021 11:00,295.2551
24/09/2021 12:00,296.17218
24/09/2021 13:00,296.697
24/09/2021 14:00,296.77948
24/09/2021 15:00,296.38547
24/09/2021 16:00,295.14862
24/09/2021 17:00,293.4476
24/09/2021 18:00,291.7914
24/09/2021 19:00,290.4659
24/09/2021 20:00,289.12946
24/09/2021 21:00,288.42734
24/09/2021 22:00,287.8495
24/09/2021 23:00,289.17944
25/09/2021 0:00,288.29385
25/09/2021 1:00,285.93726
25/09/2021 2:00,285.18344
25/09/2021 3:00,285.12183
25/09/2021 4:00,285.20157
25/09/2021 5:00,285.63873
25/09/2021 6:00,287.54654
25/09/2021 7:00,290.0387
25/09/2021 8:00,292.67566
25/09/2021 9:00,294.22775
25/09/2021 10:00,295.39307
25/09/2021 11:00,296.30502
25/09/2021 12:00,296.95065
25/09/2021 13:00,297.34912
25/09/2021 14:00,297.44806
25/09/2021 15:00,297.2074
25/09/2021 16:00,296.19513
25/09/2021 17:00,294.4003
25/09/2021 18:00,292.5846
25/09/2021 19:00,291.27176
25/09/2021 20:00,290.64462
25/09/2021 21:00,289.37354
25/09/2021 22:00,287.58386
25/09/2021 23:00,287.02618
26/09/2021 0:00,286.63834
26/09/2021 1:00,286.2419
26/09/2021 2:00,285.8698
26/09/2021 3:00,285.51825
26/09/2021 4:00,285.25772
26/09/2021 5:00,285.19714
26/09/2021 6:00,287.16895
26/09/2021 7:00,290.3026
26/09/2021 8:00,292.9437
26/09/2021 9:00,295.32288
26/09/2021 10:00,297.15982
26/09/2021 11:00,298.45004
26/09/2021 12:00,299.29355
26/09/2021 13:00,299.68448
26/09/2021 14:00,299.76837
26/09/2021 15:00,299.42023
26/09/2021 16:00,298.39563
26/09/2021 17:00,296.19717
26/09/2021 18:00,294.33594
26/09/2021 19:00,292.86084
26/09/2021 20:00,291.65585
26/09/2021 21:00,290.97223
26/09/2021 22:00,290.418
26/09/2021 23:00,289.8487
27/09/2021 0:00,289.56387
27/09/2021 1:00,289.41223
27/09/2021 2:00,289.5567
27/09/2021 3:00,290.00446
27/09/2021 4:00,289.66486
27/09/2021 5:00,289.92676
27/09/2021 6:00,290.2896
27/09/2021 7:00,292.92453
27/09/2021 8:00,294.66116
27/09/2021 9:00,296.2879
27/09/2021 10:00,297.86124
27/09/2021 11:00,298.46442
27/09/2021 12:00,298.8441
27/09/2021 13:00,298.82593
27/09/2021 14:00,298.44937
27/09/2021 15:00,297.9023
27/09/2021 16:00,296.5741
27/09/2021 17:00,294.8378
27/09/2021 18:00,293.45615
27/09/2021 19:00,292.1406
27/09/2021 20:00,291.3238
27/09/2021 21:00,290.609
27/09/2021 22:00,289.97058
27/09/2021 23:00,289.5697
28/09/2021 0:00,289.28284
28/09/2021 1:00,289.00864
28/09/2021 2:00,288.79602
28/09/2021 3:00,288.6355
28/09/2021 4:00,288.57385
28/09/2021 5:00,288.80185
28/09/2021 6:00,289.48618
28/09/2021 7:00,290.30194
28/09/2021 8:00,290.62543
28/09/2021 9:00,291.58603
28/09/2021 10:00,292.69003
28/09/2021 11:00,293.92172
28/09/2021 12:00,294.87717
28/09/2021 13:00,295.3489
28/09/2021 14:00,295.4961
28/09/2021 15:00,295.4146
28/09/2021 16:00,294.5499
28/09/2021 17:00,293.35312
28/09/2021 18:00,292.33298
28/09/2021 19:00,291.32892
28/09/2021 20:00,290.85617
28/09/2021 21:00,290.29715
28/09/2021 22:00,289.92847
28/09/2021 23:00,289.79324
29/09/2021 0:00,289.32425
29/09/2021 1:00,288.90524
29/09/2021 2:00,289.50055
29/09/2021 3:00,289.29517
29/09/2021 4:00,288.18155
29/09/2021 5:00,287.36237
29/09/2021 6:00,288.9754
29/09/2021 7:00,289.89835
29/09/2021 8:00,291.13037
29/09/2021 9:00,292.42712
29/09/2021 10:00,293.44897
29/09/2021 11:00,294.05728
29/09/2021 12:00,294.64642
29/09/2021 13:00,294.7173
29/09/2021 14:00,294.58755
29/09/2021 15:00,294.20175
29/09/2021 16:00,293.39795
29/09/2021 17:00,292.43466
29/09/2021 18:00,291.64594
29/09/2021 19:00,290.40018
29/09/2021 20:00,289.64365
29/09/2021 21:00,288.8943
29/09/2021 22:00,288.24933
29/09/2021 23:00,287.67764
30/09/2021 0:00,287.36407
30/09/2021 1:00,287.05017
30/09/2021 2:00,286.82047
30/09/2021 3:00,286.6695
30/09/2021 4:00,286.4312
30/09/2021 5:00,286.17413
30/09/2021 6:00,286.34326
30/09/2021 7:00,286.84134
30/09/2021 8:00,286.9632
30/09/2021 9:00,287.2138
30/09/2021 10:00,287.3148
30/09/2021 11:00,287.298
30/09/2021 12:00,287.22098
30/09/2021 13:00,287.2097
30/09/2021 14:00,287.24768
30/09/2021 15:00,287.31134
30/09/2021 16:00,287.1984
30/09/2021 17:00,287.04947
30/09/2021 18:00,286.6743
30/09/2021 19:00,286.43808
30/09/2021 20:00,286.06665
30/09/2021 21:00,285.8527
30/09/2021 22:00,285.65173
30/09/2021 23:00,285.54666
01/10/2021 0:00,285.47836
01/10/2021 1:00,285.4886
01/10/2021 2:00,285.2799
01/10/2021 3:00,285.2635
01/10/2021 4:00,285.08182
01/10/2021 5:00,285.04462
01/10/2021 6:00,285.5539
01/10/2021 7:00,286.5443
01/10/2021 8:00,287.7628
01/10/2021 9:00,288.47305
01/10/2021 10:00,289.61853
01/10/2021 11:00,290.54114
01/10/2021 12:00,291.29883
01/10/2021 13:00,291.8683
01/10/2021 14:00,292.07184
01/10/2021 15:00,291.96423
01/10/2021 16:00,291.15363
01/10/2021 17:00,290.38245
01/10/2021 18:00,289.81845
01/10/2021 19:00,287.92038
01/10/2021 20:00,287.1988
01/10/2021 21:00,286.62494
01/10/2021 22:00,286.12955
01/10/2021 23:00,285.65018
02/10/2021 0:00,285.18286
02/10/2021 1:00,284.73526
02/10/2021 2:00,284.3117
02/10/2021 3:00,283.94983
02/10/2021 4:00,283.59598
02/10/2021 5:00,283.28516
02/10/2021 6:00,283.92978
02/10/2021 7:00,285.84753
02/10/2021 8:00,287.45926
02/10/2021 9:00,288.96518
02/10/2021 10:00,290.30838
02/10/2021 11:00,291.3842
02/10/2021 12:00,292.13385
02/10/2021 13:00,292.5771
02/10/2021 14:00,292.65735
02/10/2021 15:00,292.30313
02/10/2021 16:00,290.9665
02/10/2021 17:00,289.31647
02/10/2021 18:00,288.0995
02/10/2021 19:00,287.1966
02/10/2021 20:00,286.4484
02/10/2021 21:00,285.94934
02/10/2021 22:00,285.52216
02/10/2021 23:00,285.12415
03/10/2021 0:00,284.68784
03/10/2021 1:00,284.2384
03/10/2021 2:00,283.86118
03/10/2021 3:00,283.55438
03/10/2021 4:00,283.26474
03/10/2021 5:00,283.0619
03/10/2021 6:00,283.94327
03/10/2021 7:00,285.82968
03/10/2021 8:00,288.2746
03/10/2021 9:00,290.61407
03/10/2021 10:00,292.67706
03/10/2021 11:00,294.311
03/10/2021 12:00,295.43607
03/10/2021 13:00,296.09308
03/10/2021 14:00,296.20108
03/10/2021 15:00,295.55426
03/10/2021 16:00,293.7036
03/10/2021 17:00,291.9934
03/10/2021 18:00,291.0201
03/10/2021 19:00,290.47037
03/10/2021 20:00,289.63715
03/10/2021 21:00,288.91336
03/10/2021 22:00,288.2414
03/10/2021 23:00,287.61685
04/10/2021 0:00,287.012
04/10/2021 1:00,286.38345
04/10/2021 2:00,285.77933
04/10/2021 3:00,285.27628
04/10/2021 4:00,284.8582
04/10/2021 5:00,284.42444
04/10/2021 6:00,285.2117
04/10/2021 7:00,287.8755
04/10/2021 8:00,290.58527
04/10/2021 9:00,293.27972
04/10/2021 10:00,295.46088
04/10/2021 11:00,297.0682
04/10/2021 12:00,298.03238
04/10/2021 13:00,298.4541
04/10/2021 14:00,298.44498
04/10/2021 15:00,297.61652
04/10/2021 16:00,295.54807
04/10/2021 17:00,293.6095
04/10/2021 18:00,292.45306
04/10/2021 19:00,291.56915
04/10/2021 20:00,290.87347
04/10/2021 21:00,290.2409
04/10/2021 22:00,289.61197
04/10/2021 23:00,288.99033
05/10/2021 0:00,288.39825
05/10/2021 1:00,287.81165
05/10/2021 2:00,287.19623
05/10/2021 3:00,286.70084
05/10/2021 4:00,286.32837
05/10/2021 5:00,286.0562
05/10/2021 6:00,286.76648
05/10/2021 7:00,288.1801
05/10/2021 8:00,290.56155
05/10/2021 9:00,292.90286
05/10/2021 10:00,294.84546
05/10/2021 11:00,296.36194
05/10/2021 12:00,297.34216
05/10/2021 13:00,297.6001
05/10/2021 14:00,297.4217
05/10/2021 15:00,296.48343
05/10/2021 16:00,295.01947
05/10/2021 17:00,293.7897
05/10/2021 18:00,292.77664
05/10/2021 19:00,291.6297
05/10/2021 20:00,290.69946
05/10/2021 21:00,289.8418
05/10/2021 22:00,289.44305
05/10/2021 23:00,289.32376
06/10/2021 0:00,289.14465
06/10/2021 1:00,289.03192
06/10/2021 2:00,288.5409
06/10/2021 3:00,286.89127
06/10/2021 4:00,285.76584
06/10/2021 5:00,285.3558
06/10/2021 6:00,285.30838
06/10/2021 7:00,285.6086
06/10/2021 8:00,285.45868
06/10/2021 9:00,285.97086
06/10/2021 10:00,287.09918
06/10/2021 11:00,288.28992
06/10/2021 12:00,289.222
06/10/2021 13:00,289.94977
06/10/2021 14:00,290.31204
06/10/2021 15:00,290.14276
06/10/2021 16:00,289.4821
06/10/2021 17:00,288.77948
06/10/2021 18:00,288.4442
06/10/2021 19:00,286.49435
06/10/2021 20:00,285.77313
06/10/2021 21:00,285.21423
06/10/2021 22:00,284.9122
06/10/2021 23:00,284.84616
07/10/2021 0:00,284.79034
07/10/2021 1:00,284.69257
07/10/2021 2:00,284.56525
07/10/2021 3:00,284.55066
07/10/2021 4:00,284.54993
07/10/2021 5:00,284.54956
07/10/2021 6:00,284.58423
07/10/2021 7:00,284.63785
07/10/2021 8:00,284.8841
07/10/2021 9:00,285.1971
07/10/2021 10:00,286.03653
07/10/2021 11:00,286.8639
07/10/2021 12:00,287.67813
07/10/2021 13:00,288.17682
07/10/2021 14:00,288.0506
07/10/2021 15:00,287.94116
07/10/2021 16:00,287.65442
07/10/2021 17:00,287.25058
07/10/2021 18:00,286.98026
07/10/2021 19:00,286.1423
07/10/2021 20:00,285.86288
07/10/2021 21:00,285.51083
07/10/2021 22:00,285.34595
07/10/2021 23:00,284.90344
08/10/2021 0:00,284.76227
08/10/2021 1:00,284.62436
08/10/2021 2:00,284.543
08/10/2021 3:00,284.4164
08/10/2021 4:00,284.11545
08/10/2021 5:00,283.77545
08/10/2021 6:00,283.52008
08/10/2021 7:00,283.61823
08/10/2021 8:00,283.7722
08/10/2021 9:00,283.99216
08/10/2021 10:00,284.28656
08/10/2021 11:00,284.8086
08/10/2021 12:00,285.23578
08/10/2021 13:00,285.35507
08/10/2021 14:00,285.20258
08/10/2021 15:00,284.73892
08/10/2021 16:00,284.3639
08/10/2021 17:00,284.08408
08/10/2021 18:00,283.86993
08/10/2021 19:00,284.18915
08/10/2021 20:00,284.06586
08/10/2021 21:00,283.92285
08/10/2021 22:00,283.75577
08/10/2021 23:00,283.57626
09/10/2021 0:00,283.3406
09/10/2021 1:00,283.02322
09/10/2021 2:00,282.6526
09/10/2021 3:00,282.41147
09/10/2021 4:00,282.24692
09/10/2021 5:00,282.09262
09/10/2021 6:00,282.1634
09/10/2021 7:00,282.54752
09/10/2021 8:00,282.8018
09/10/2021 9:00,283.10165
09/10/2021 10:00,283.60437
09/10/2021 11:00,284.4259
09/10/2021 12:00,284.48682
09/10/2021 13:00,284.25372
09/10/2021 14:00,284.14645
09/10/2021 15:00,283.65543
09/10/2021 16:00,283.0389
09/10/2021 17:00,282.74524
09/10/2021 18:00,282.64236
09/10/2021 19:00,281.9985
09/10/2021 20:00,281.80115
09/10/2021 21:00,281.65265
09/10/2021 22:00,281.591
09/10/2021 23:00,281.4969
10/10/2021 0:00,281.44473
10/10/2021 1:00,281.41226
10/10/2021 2:00,281.36337
10/10/2021 3:00,281.31778
10/10/2021 4:00,281.2437
10/10/2021 5:00,281.18497
10/10/2021 6:00,281.20248
10/10/2021 7:00,281.36993
10/10/2021 8:00,281.54578
10/10/2021 9:00,281.68695
10/10/2021 10:00,281.72162
10/10/2021 11:00,282.01382
10/10/2021 12:00,281.9416
10/10/2021 13:00,281.87775
10/10/2021 14:00,281.88104
10/10/2021 15:00,281.80478
10/10/2021 16:00,281.68732
10/10/2021 17:00,281.6377
10/10/2021 18:00,281.66177
10/10/2021 19:00,281.66324
10/10/2021 20:00,281.68475
10/10/2021 21:00,281.70044
10/10/2021 22:00,281.73474
10/10/2021 23:00,281.8106
11/10/2021 0:00,281.83798
11/10/2021 1:00,281.89087
11/10/2021 2:00,281.89417
11/10/2021 3:00,281.8832
11/10/2021 4:00,281.86536
11/10/2021 5:00,281.8832
11/10/2021 6:00,281.96347
11/10/2021 7:00,282.38882
11/10/2021 8:00,282.6263
11/10/2021 9:00,282.7978
11/10/2021 10:00,282.85834
11/10/2021 11:00,283.23373
11/10/2021 12:00,283.40298
11/10/2021 13:00,283.65543
11/10/2021 14:00,283.88126
11/10/2021 15:00,283.78967
11/10/2021 16:00,283.5292
11/10/2021 17:00,283.13632
11/10/2021 18:00,282.95428
11/10/2021 19:00,282.74234
11/10/2021 20:00,282.7274
11/10/2021 21:00,282.66937
11/10/2021 22:00,282.63654
11/10/2021 23:00,282.61356
12/10/2021 0:00,282.4917
12/10/2021 1:00,282.1955
12/10/2021 2:00,281.7745
12/10/2021 3:00,281.41553
12/10/2021 4:00,281.16785
12/10/2021 5:00,280.9227
12/10/2021 6:00,281.1423
12/10/2021 7:00,282.34943
12/10/2021 8:00,283.86337
12/10/2021 9:00,285.4769
12/10/2021 10:00,286.74203
12/10/2021 11:00,287.2524
12/10/2021 12:00,287.51068
12/10/2021 13:00,287.50815
12/10/2021 14:00,287.27502
12/10/2021 15:00,286.70593
12/10/2021 16:00,285.96576
12/10/2021 17:00,284.8312
12/10/2021 18:00,284.3431
12/10/2021 19:00,283.60217
12/10/2021 20:00,283.07468
12/10/2021 21:00,282.495
12/10/2021 22:00,281.66943
12/10/2021 23:00,280.8603
13/10/2021 0:00,280.2303
13/10/2021 1:00,280.0902
13/10/2021 2:00,279.77356
13/10/2021 3:00,279.66083
13/10/2021 4:00,280.0001
13/10/2021 5:00,280.30725
13/10/2021 6:00,280.99783
13/10/2021 7:00,282.0036
13/10/2021 8:00,282.82843
13/10/2021 9:00,283.19543
13/10/2021 10:00,282.66864
13/10/2021 11:00,282.86127
13/10/2021 12:00,283.3129
13/10/2021 13:00,284.1264
13/10/2021 14:00,284.45328
13/10/2021 15:00,284.1764
13/10/2021 16:00,283.3417
13/10/2021 17:00,282.15317
13/10/2021 18:00,281.2875
13/10/2021 19:00,280.56042
13/10/2021 20:00,279.98843
13/10/2021 21:00,279.49448
13/10/2021 22:00,279.03775
13/10/2021 23:00,278.69955
14/10/2021 0:00,278.40152
14/10/2021 1:00,278.22604
14/10/2021 2:00,277.95428
14/10/2021 3:00,277.7095
14/10/2021 4:00,277.41727
14/10/2021 5:00,277.05502
14/10/2021 6:00,277.39685
14/10/2021 7:00,279.35294
14/10/2021 8:00,280.84607
14/10/2021 9:00,281.47827
14/10/2021 10:00,281.7818
14/10/2021 11:00,282.35236
14/10/2021 12:00,282.62268
14/10/2021 13:00,282.84338
14/10/2021 14:00,282.7489
14/10/2021 15:00,282.642
14/10/2021 16:00,282.0645
14/10/2021 17:00,281.4513
14/10/2021 18:00,280.94348
14/10/2021 19:00,279.46127
14/10/2021 20:00,278.76523
14/10/2021 21:00,278.0783
14/10/2021 22:00,277.21045
14/10/2021 23:00,276.9981
15/10/2021 0:00,276.22583
15/10/2021 1:00,275.84387
15/10/2021 2:00,275.79755
15/10/2021 3:00,275.0311
15/10/2021 4:00,274.54736
15/10/2021 5:00,274.59076
15/10/2021 6:00,275.68445
15/10/2021 7:00,277.13675
15/10/2021 8:00,278.1848
15/10/2021 9:00,279.38504
15/10/2021 10:00,280.97888
15/10/2021 11:00,282.53586
15/10/2021 12:00,283.7317
15/10/2021 13:00,284.27014
15/10/2021 14:00,284.51675
15/10/2021 15:00,284.1698
15/10/2021 16:00,283.34537
15/10/2021 17:00,283.06335
15/10/2021 18:00,282.91196
15/10/2021 19:00,282.96158
15/10/2021 20:00,282.86966
15/10/2021 21:00,282.7788
15/10/2021 22:00,282.62268
15/10/2021 23:00,282.4523
16/10/2021 0:00,282.3239
16/10/2021 1:00,282.20605
16/10/2021 2:00,282.02914
16/10/2021 3:00,281.7508
16/10/2021 4:00,281.6282
16/10/2021 5:00,281.56583
16/10/2021 6:00,281.60925
16/10/2021 7:00,281.68842
16/10/2021 8:00,282.754
16/10/2021 9:00,283.70908
16/10/2021 10:00,285.19125
16/10/2021 11:00,286.78802
16/10/2021 12:00,287.638
16/10/2021 13:00,288.00064
16/10/2021 14:00,287.96487
16/10/2021 15:00,287.41583
16/10/2021 16:00,286.15872
16/10/2021 17:00,284.2457
16/10/2021 18:00,282.89117
16/10/2021 19:00,281.42102
16/10/2021 20:00,280.6261
16/10/2021 21:00,279.9804
16/10/2021 22:00,279.49814
16/10/2021 23:00,279.10413
17/10/2021 0:00,278.84586
17/10/2021 1:00,278.6047
17/10/2021 2:00,278.32236
17/10/2021 3:00,278.14725
17/10/2021 4:00,277.66974
17/10/2021 5:00,277.42712
17/10/2021 6:00,278.15637
17/10/2021 7:00,280.49478
17/10/2021 8:00,282.65222
17/10/2021 9:00,284.5762
17/10/2021 10:00,286.2306
17/10/2021 11:00,287.4308
17/10/2021 12:00,288.16443
17/10/2021 13:00,288.49347
17/10/2021 14:00,288.41104
17/10/2021 15:00,287.95502
17/10/2021 16:00,286.42175
17/10/2021 17:00,284.63638
17/10/2021 18:00,283.31616
17/10/2021 19:00,284.2716
17/10/2021 20:00,283.45444
17/10/2021 21:00,279.86258
17/10/2021 22:00,278.92975
17/10/2021 23:00,278.58902
18/10/2021 0:00,278.34973
18/10/2021 1:00,278.1498
18/10/2021 2:00,277.69965
18/10/2021 3:00,277.4319
18/10/2021 4:00,277.9105
18/10/2021 5:00,278.70505
18/10/2021 6:00,278.7809
18/10/2021 7:00,280.87015
18/10/2021 8:00,283.87213
18/10/2021 9:00,285.93472
18/10/2021 10:00,287.30203
18/10/2021 11:00,287.98895
18/10/2021 12:00,288.38367
18/10/2021 13:00,288.6029
18/10/2021 14:00,288.36215
18/10/2021 15:00,287.62085
18/10/2021 16:00,286.0945
18/10/2021 17:00,284.73196
18/10/2021 18:00,283.9524
18/10/2021 19:00,282.40488
18/10/2021 20:00,281.4728
18/10/2021 21:00,280.38605
18/10/2021 22:00,279.5846
18/10/2021 23:00,278.97864
19/10/2021 0:00,278.21765
19/10/2021 1:00,277.91595
19/10/2021 2:00,278.89072
19/10/2021 3:00,279.31754
19/10/2021 4:00,279.20663
19/10/2021 5:00,279.6258
19/10/2021 6:00,279.55066
19/10/2021 7:00,280.64908
19/10/2021 8:00,283.3406
19/10/2021 9:00,285.4503
19/10/2021 10:00,286.90073
19/10/2021 11:00,287.7657
19/10/2021 12:00,288.11044
19/10/2021 13:00,288.2819
19/10/2021 14:00,288.15567
19/10/2021 15:00,287.50375
19/10/2021 16:00,285.72498
19/10/2021 17:00,284.54776
19/10/2021 18:00,283.63318
19/10/2021 19:00,282.92145
19/10/2021 20:00,281.97076
19/10/2021 21:00,281.19336
19/10/2021 22:00,280.88474
19/10/2021 23:00,280.80557
20/10/2021 0:00,280.58487
20/10/2021 1:00,280.37875
20/10/2021 2:00,280.01358
20/10/2021 3:00,279.6083
20/10/2021 4:00,279.1844
20/10/2021 5:00,279.13953
20/10/2021 6:00,279.9173
20/10/2021 7:00,281.6388
20/10/2021 8:00,284.17383
20/10/2021 9:00,286.6793
20/10/2021 10:00,288.80356
20/10/2021 11:00,290.327
20/10/2021 12:00,291.2948
20/10/2021 13:00,291.75046
20/10/2021 14:00,291.587
20/10/2021 15:00,290.37405
20/10/2021 16:00,288.50952
20/10/2021 17:00,287.3542
20/10/2021 18:00,286.5363
20/10/2021 19:00,285.99127
20/10/2021 20:00,285.4036
20/10/2021 21:00,284.98407
20/10/2021 22:00,284.6667
20/10/2021 23:00,284.55722
21/10/2021 0:00,284.66412
21/10/2021 1:00,284.69733
21/10/2021 2:00,284.49377
21/10/2021 3:00,284.26138
21/10/2021 4:00,283.94254
21/10/2021 5:00,283.58575
21/10/2021 6:00,283.72913
21/10/2021 7:00,285.73883
21/10/2021 8:00,287.68106
21/10/2021 9:00,289.55725
21/10/2021 10:00,290.87054
21/10/2021 11:00,291.91315
21/10/2021 12:00,292.46182
21/10/2021 13:00,292.61978
21/10/2021 14:00,292.46912
21/10/2021 15:00,291.6264
21/10/2021 16:00,290.34085
21/10/2021 17:00,289.2552
21/10/2021 18:00,288.5048
21/10/2021 19:00,288.03235
21/10/2021 20:00,287.43115
21/10/2021 21:00,286.85696
21/10/2021 22:00,286.2481
21/10/2021 23:00,285.76144
22/10/2021 0:00,285.41125
22/10/2021 1:00,286.4823
22/10/2021 2:00,286.5082
22/10/2021 3:00,285.93912
22/10/2021 4:00,285.82092
22/10/2021 5:00,285.7786
22/10/2021 6:00,285.76547
22/10/2021 7:00,284.8407
22/10/2021 8:00,285.48383
22/10/2021 9:00,285.92963
22/10/2021 10:00,286.44656
22/10/2021 11:00,286.82632
22/10/2021 12:00,287.24548
22/10/2021 13:00,287.684
22/10/2021 14:00,287.73285
22/10/2021 15:00,287.42133
22/10/2021 16:00,286.91498
22/10/2021 17:00,286.13794
22/10/2021 18:00,285.47473
22/10/2021 19:00,285.4802
22/10/2021 20:00,284.68784
22/10/2021 21:00,283.9473
22/10/2021 22:00,283.72766
22/10/2021 23:00,283.5843
23/10/2021 0:00,283.73096
23/10/2021 1:00,283.7926
23/10/2021 2:00,283.09036
23/10/2021 3:00,282.47202
23/10/2021 4:00,282.39285
23/10/2021 5:00,282.41074
23/10/2021 6:00,282.56796
23/10/2021 7:00,283.25195
23/10/2021 8:00,283.70468
23/10/2021 9:00,284.44232
23/10/2021 10:00,284.86368
23/10/2021 11:00,285.63086
23/10/2021 12:00,285.9993
23/10/2021 13:00,286.44983
23/10/2021 14:00,286.4721
23/10/2021 15:00,286.10873
23/10/2021 16:00,285.23138
23/10/2021 17:00,284.02097
23/10/2021 18:00,282.96158
23/10/2021 19:00,282.12546
23/10/2021 20:00,281.60196
23/10/2021 21:00,280.87708
23/10/2021 22:00,279.8779
23/10/2021 23:00,279.25552
24/10/2021 0:00,278.6186
24/10/2021 1:00,278.23663
24/10/2021 2:00,277.75107
24/10/2021 3:00,277.28012
24/10/2021 4:00,276.91788
24/10/2021 5:00,276.506
24/10/2021 6:00,276.529
24/10/2021 7:00,279.21722
24/10/2021 8:00,281.278
24/10/2021 9:00,282.80798
24/10/2021 10:00,284.0133
24/10/2021 11:00,284.84143
24/10/2021 12:00,285.29086
24/10/2021 13:00,285.4594
24/10/2021 14:00,285.25146
24/10/2021 15:00,284.50653
24/10/2021 16:00,283.04257
24/10/2021 17:00,281.7796
24/10/2021 18:00,280.81287
24/10/2021 19:00,279.9366
24/10/2021 20:00,279.27487
24/10/2021 21:00,278.7459
24/10/2021 22:00,278.25705
24/10/2021 23:00,277.71167
25/10/2021 0:00,277.15134
25/10/2021 1:00,276.60706
25/10/2021 2:00,276.17294
25/10/2021 3:00,275.83804
25/10/2021 4:00,275.59033
25/10/2021 5:00,275.4127
25/10/2021 6:00,275.71072
25/10/2021 7:00,277.98236
25/10/2021 8:00,280.73227
25/10/2021 9:00,282.99988
25/10/2021 10:00,284.61816
25/10/2021 11:00,285.73373
25/10/2021 12:00,286.44803
25/10/2021 13:00,286.78693
25/10/2021 14:00,286.66324
25/10/2021 15:00,285.6378
25/10/2021 16:00,284.06512
25/10/2021 17:00,283.0185
25/10/2021 18:00,282.28888
25/10/2021 19:00,281.4947
25/10/2021 20:00,280.79282
25/10/2021 21:00,280.21933
25/10/2021 22:00,279.77466
25/10/2021 23:00,279.37885
26/10/2021 0:00,278.97537
26/10/2021 1:00,278.604
26/10/2021 2:00,278.2494
26/10/2021 3:00,277.9331
26/10/2021 4:00,277.6537
26/10/2021 5:00,277.3144
26/10/2021 6:00,277.2666
26/10/2021 7:00,279.08664
26/10/2021 8:00,281.04343
26/10/2021 9:00,282.4195
26/10/2021 10:00,283.60327
26/10/2021 11:00,284.5485
26/10/2021 12:00,285.12268
26/10/2021 13:00,285.3766
26/10/2021 14:00,285.2157
26/10/2021 15:00,284.91147
26/10/2021 16:00,284.23184
26/10/2021 17:00,283.4982
26/10/2021 18:00,282.91852
26/10/2021 19:00,282.11707
26/10/2021 20:00,281.56
26/10/2021 21:00,281.29623
26/10/2021 22:00,280.98944
26/10/2021 23:00,280.30652
27/10/2021 0:00,279.87753
27/10/2021 1:00,279.5204
27/10/2021 2:00,279.14462
27/10/2021 3:00,278.3395
27/10/2021 4:00,277.73575
27/10/2021 5:00,277.1641
27/10/2021 6:00,276.98718
27/10/2021 7:00,278.7634
27/10/2021 8:00,280.4003
27/10/2021 9:00,282.5023
27/10/2021 10:00,284.1742
27/10/2021 11:00,285.26276
27/10/2021 12:00,285.96173
27/10/2021 13:00,286.26453
27/10/2021 14:00,286.0624
27/10/2021 15:00,285.33536
27/10/2021 16:00,284.06073
27/10/2021 17:00,282.58365
27/10/2021 18:00,281.1496
27/10/2021 19:00,280.12558
27/10/2021 20:00,280.0125
27/10/2021 21:00,279.4084
27/10/2021 22:00,279.44815
27/10/2021 23:00,278.546
28/10/2021 0:00,277.55188
28/10/2021 1:00,277.07217
28/10/2021 2:00,276.31082
28/10/2021 3:00,275.54947
28/10/2021 4:00,275.26895
28/10/2021 5:00,275.0406
28/10/2021 6:00,275.19342
28/10/2021 7:00,278.241
28/10/2021 8:00,281.44034
28/10/2021 9:00,283.64523
28/10/2021 10:00,285.18726
28/10/2021 11:00,286.14194
28/10/2021 12:00,286.64246
28/10/2021 13:00,286.80807
28/10/2021 14:00,286.54797
28/10/2021 15:00,285.33755
28/10/2021 16:00,283.56754
28/10/2021 17:00,282.2765
28/10/2021 18:00,281.3072
28/10/2021 19:00,280.4707
28/10/2021 20:00,279.68124
28/10/2021 21:00,279.11908
28/10/2021 22:00,278.72546
28/10/2021 23:00,278.35153
29/10/2021 0:00,277.98273
29/10/2021 1:00,277.6708
29/10/2021 2:00,277.37823
29/10/2021 3:00,277.1072
29/10/2021 4:00,276.8978
29/10/2021 5:00,276.76392
29/10/2021 6:00,276.94302
29/10/2021 7:00,279.05817
29/10/2021 8:00,281.82666
29/10/2021 9:00,283.8247
29/10/2021 10:00,285.54037
29/10/2021 11:00,286.88834
29/10/2021 12:00,287.8452
29/10/2021 13:00,288.35083
29/10/2021 14:00,288.25415
29/10/2021 15:00,287.03864
29/10/2021 16:00,285.3029
29/10/2021 17:00,283.9929
29/10/2021 18:00,283.1947
29/10/2021 19:00,282.57962
29/10/2021 20:00,281.5611
29/10/2021 21:00,280.80777
29/10/2021 22:00,280.2113
29/10/2021 23:00,279.70532
30/10/2021 0:00,279.3533
30/10/2021 1:00,279.01404
30/10/2021 2:00,278.6631
30/10/2021 3:00,278.45807
30/10/2021 4:00,278.42816
30/10/2021 5:00,278.4628
30/10/2021 6:00,278.70322
30/10/2021 7:00,279.2486
30/10/2021 8:00,281.10034
30/10/2021 9:00,283.07065
30/10/2021 10:00,285.03732
30/10/2021 11:00,286.79715
30/10/2021 12:00,287.91272
30/10/2021 13:00,288.507
30/10/2021 14:00,288.44495
30/10/2021 15:00,287.3717
30/10/2021 16:00,285.73483
30/10/2021 17:00,284.19135
30/10/2021 18:00,283.31982
30/10/2021 19:00,282.81384
30/10/2021 20:00,282.08606
30/10/2021 21:00,281.59467
30/10/2021 22:00,281.21307
30/10/2021 23:00,280.80487
31/10/2021 0:00,280.31894
31/10/2021 1:00,279.81696
31/10/2021 2:00,279.39197
31/10/2021 3:00,279.0341
31/10/2021 4:00,278.78604
31/10/2021 5:00,278.54233
31/10/2021 6:00,278.51825
31/10/2021 7:00,279.64734
31/10/2021 8:00,281.44254
31/10/2021 9:00,282.87512
31/10/2021 10:00,284.4376
31/10/2021 11:00,285.91504
31/10/2021 12:00,286.99594
31/10/2021 13:00,287.53403
31/10/2021 14:00,287.5304
31/10/2021 15:00,286.4418
31/10/2021 16:00,284.7991
31/10/2021 17:00,283.68536
31/10/2021 18:00,282.82733
31/10/2021 19:00,282.2039
31/10/2021 20:00,281.40933
31/10/2021 21:00,280.76544
31/10/2021 22:00,280.2084
31/10/2021 23:00,279.72028
01/11/2021 0:00,279.2772
01/11/2021 1:00,278.83047
01/11/2021 2:00,278.4634
01/11/2021 3:00,278.20227
01/11/2021 4:00,277.9589
01/11/2021 5:00,277.73868
01/11/2021 6:00,277.81238
01/11/2021 7:00,279.07697
01/11/2021 8:00,281.36584
01/11/2021 9:00,283.46417
01/11/2021 10:00,285.38007
01/11/2021 11:00,286.71646
01/11/2021 12:00,287.68677
01/11/2021 13:00,288.26437
01/11/2021 14:00,288.1413
01/11/2021 15:00,287.29065
01/11/2021 16:00,286.39566
01/11/2021 17:00,286.1701
01/11/2021 18:00,285.9255
01/11/2021 19:00,284.45322
01/11/2021 20:00,283.99304
01/11/2021 21:00,283.57288
01/11/2021 22:00,283.2155
01/11/2021 23:00,282.83377
02/11/2021 0:00,282.6229
02/11/2021 1:00,282.82532
02/11/2021 2:00,282.9178
02/11/2021 3:00,282.9406
02/11/2021 4:00,282.5495
02/11/2021 5:00,281.88223
02/11/2021 6:00,281.90848
02/11/2021 7:00,282.60355
02/11/2021 8:00,283.3492
02/11/2021 9:00,284.2945
02/11/2021 10:00,285.5422
02/11/2021 11:00,286.88672
02/11/2021 12:00,287.1635
02/11/2021 13:00,286.793
02/11/2021 14:00,285.7009
02/11/2021 15:00,284.41104
02/11/2021 16:00,282.9381
02/11/2021 17:00,282.00967
02/11/2021 18:00,281.43362
02/11/2021 19:00,281.1606
02/11/2021 20:00,280.42148
02/11/2021 21:00,279.4187
02/11/2021 22:00,278.50092
02/11/2021 23:00,277.9689
03/11/2021 0:00,277.90298
03/11/2021 1:00,278.1273
03/11/2021 2:00,278.4322
03/11/2021 3:00,278.81143
03/11/2021 4:00,278.94794
03/11/2021 5:00,279.10287
03/11/2021 6:00,279.35718
03/11/2021 7:00,280.55957
03/11/2021 8:00,282.328
03/11/2021 9:00,284.44196
03/11/2021 10:00,286.40378
03/11/2021 11:00,288.0307
03/11/2021 12:00,289.0966
03/11/2021 13:00,289.38242
03/11/2021 14:00,289.04755
03/11/2021 15:00,288.22656
03/11/2021 16:00,287.4684
03/11/2021 17:00,287.0142
03/11/2021 18:00,286.48843
03/11/2021 19:00,286.33755
03/11/2021 20:00,286.5331
03/11/2021 21:00,286.6062
03/11/2021 22:00,286.5003
03/11/2021 23:00,286.36346
04/11/2021 0:00,286.39783
04/11/2021 1:00,286.5431
04/11/2021 2:00,286.8555
04/11/2021 3:00,287.3422
04/11/2021 4:00,288.06726
04/11/2021 5:00,288.6305
04/11/2021 6:00,289.36398
04/11/2021 7:00,289.35806
04/11/2021 8:00,290.44675
04/11/2021 9:00,291.47513
04/11/2021 10:00,292.68753
04/11/2021 11:00,293.2339
04/11/2021 12:00,291.52762
04/11/2021 13:00,291.0031
04/11/2021 14:00,290.612
04/11/2021 15:00,289.57422
04/11/2021 16:00,288.4037
04/11/2021 17:00,287.7555
04/11/2021 18:00,287.10477
04/11/2021 19:00,286.7224
04/11/2021 20:00,286.077
04/11/2021 21:00,286.41095
04/11/2021 22:00,286.00174
04/11/2021 23:00,284.1964
05/11/2021 0:00,283.9487
05/11/2021 1:00,283.2405
05/11/2021 2:00,283.7775
05/11/2021 3:00,283.48822
05/11/2021 4:00,282.61633
05/11/2021 5:00,281.9675
05/11/2021 6:00,281.43518
05/11/2021 7:00,281.60733
05/11/2021 8:00,282.40704
05/11/2021 9:00,283.3739
05/11/2021 10:00,284.14612
05/11/2021 11:00,285.23666
05/11/2021 12:00,285.55533
05/11/2021 13:00,285.50378
05/11/2021 14:00,284.7434
05/11/2021 15:00,283.7247
05/11/2021 16:00,282.97403
05/11/2021 17:00,282.26273
05/11/2021 18:00,282.0706
05/11/2021 19:00,281.77945
05/11/2021 20:00,281.85535
05/11/2021 21:00,281.71072
05/11/2021 22:00,281.60825
05/11/2021 23:00,281.63855
06/11/2021 0:00,281.65887
06/11/2021 1:00,281.35117
06/11/2021 2:00,281.39365
06/11/2021 3:00,281.32523
06/11/2021 4:00,281.03815
06/11/2021 5:00,280.2709
06/11/2021 6:00,280.01755
06/11/2021 7:00,280.51675
06/11/2021 8:00,281.33023
06/11/2021 9:00,282.3202
06/11/2021 10:00,283.29016
06/11/2021 11:00,283.94305
06/11/2021 12:00,284.28702
06/11/2021 13:00,284.46945
06/11/2021 14:00,284.52036
06/11/2021 15:00,284.12363
06/11/2021 16:00,283.18457
06/11/2021 17:00,282.36923
06/11/2021 18:00,282.61978
06/11/2021 19:00,281.61575
06/11/2021 20:00,281.5361
06/11/2021 21:00,281.37582
06/11/2021 22:00,281.08313
06/11/2021 23:00,280.75824
07/11/2021 0:00,280.72983
07/11/2021 1:00,280.24747
07/11/2021 2:00,279.67612
07/11/2021 3:00,279.1082
07/11/2021 4:00,278.76175
07/11/2021 5:00,279.21378
07/11/2021 6:00,279.4493
07/11/2021 7:00,280.1544
07/11/2021 8:00,280.8988
07/11/2021 9:00,281.95627
07/11/2021 10:00,282.86313
07/11/2021 11:00,283.64505
07/11/2021 12:00,284.26953
07/11/2021 13:00,284.7175
07/11/2021 14:00,284.68405
07/11/2021 15:00,284.2689
07/11/2021 16:00,283.1243
07/11/2021 17:00,282.1871
07/11/2021 18:00,281.41177
07/11/2021 19:00,280.99002
07/11/2021 20:00,280.50488
07/11/2021 21:00,280.34995
07/11/2021 22:00,280.4015
07/11/2021 23:00,280.01224
08/11/2021 0:00,279.41934
08/11/2021 1:00,279.62396
08/11/2021 2:00,280.28372
08/11/2021 3:00,280.9569
08/11/2021 4:00,281.1984
08/11/2021 5:00,281.3971
08/11/2021 6:00,281.51703
08/11/2021 7:00,281.83286
08/11/2021 8:00,282.04874
08/11/2021 9:00,282.18524
08/11/2021 10:00,282.35986
08/11/2021 11:00,282.7035
08/11/2021 12:00,282.7947
08/11/2021 13:00,283.06494
08/11/2021 14:00,283.07742
08/11/2021 15:00,282.62634
08/11/2021 16:00,282.29303
08/11/2021 17:00,282.03842
08/11/2021 18:00,281.53015
08/11/2021 19:00,280.66296
08/11/2021 20:00,280.56113
08/11/2021 21:00,280.19937
08/11/2021 22:00,280.0988
08/11/2021 23:00,279.89853
09/11/2021 0:00,280.03973
09/11/2021 1:00,280.03882
09/11/2021 2:00,279.87762
09/11/2021 3:00,279.89447
09/11/2021 4:00,279.8042
09/11/2021 5:00,279.7211
09/11/2021 6:00,279.35498
09/11/2021 7:00,279.43808
09/11/2021 8:00,280.49396
09/11/2021 9:00,281.4786
09/11/2021 10:00,282.40955
09/11/2021 11:00,283.3995
09/11/2021 12:00,283.8081
09/11/2021 13:00,284.11145
09/11/2021 14:00,283.9543
09/11/2021 15:00,283.17395
09/11/2021 16:00,281.54608
09/11/2021 17:00,279.85324
09/11/2021 18:00,278.62555
09/11/2021 19:00,278.42438
09/11/2021 20:00,277.9989
09/11/2021 21:00,277.57153
09/11/2021 22:00,276.84085
09/11/2021 23:00,276.36664
10/11/2021 0:00,276.1486
10/11/2021 1:00,276.00177
10/11/2021 2:00,275.80185
10/11/2021 3:00,275.64847
10/11/2021 4:00,275.67346
10/11/2021 5:00,275.78186
10/11/2021 6:00,275.95743
10/11/2021 7:00,277.35287
10/11/2021 8:00,279.57898
10/11/2021 9:00,281.54984
10/11/2021 10:00,282.64197
10/11/2021 11:00,283.60788
10/11/2021 12:00,284.2433
10/11/2021 13:00,284.53473
10/11/2021 14:00,284.277
10/11/2021 15:00,283.22583
10/11/2021 16:00,281.94345
10/11/2021 17:00,281.05344
10/11/2021 18:00,280.28653
10/11/2021 19:00,280.18344
10/11/2021 20:00,279.47836
10/11/2021 21:00,278.9829
10/11/2021 22:00,278.46716
10/11/2021 23:00,278.0445
11/11/2021 0:00,277.7218
11/11/2021 1:00,277.29102
11/11/2021 2:00,277.07828
11/11/2021 3:00,276.93488
11/11/2021 4:00,276.72495
11/11/2021 5:00,276.58127
11/11/2021 6:00,276.31168
11/11/2021 7:00,277.5031
11/11/2021 8:00,279.24222
11/11/2021 9:00,280.47772
11/11/2021 10:00,281.4536
11/11/2021 11:00,282.348
11/11/2021 12:00,283.07587
11/11/2021 13:00,283.28018
11/11/2021 14:00,283.34204
11/11/2021 15:00,282.706
11/11/2021 16:00,281.29086
11/11/2021 17:00,280.00977
11/11/2021 18:00,279.04227
11/11/2021 19:00,278.96793
11/11/2021 20:00,278.04013
11/11/2021 21:00,277.71744
11/11/2021 22:00,277.46378
11/11/2021 23:00,276.85056
12/11/2021 0:00,276.38727
12/11/2021 1:00,276.26886
12/11/2021 2:00,276.0505
12/11/2021 3:00,275.7228
12/11/2021 4:00,275.8815
12/11/2021 5:00,275.74625
12/11/2021 6:00,275.69876
12/11/2021 7:00,276.381
12/11/2021 8:00,277.863
12/11/2021 9:00,279.424
12/11/2021 10:00,280.86945
12/11/2021 11:00,281.93127
12/11/2021 12:00,282.5723
12/11/2021 13:00,282.79535
12/11/2021 14:00,282.67007
12/11/2021 15:00,282.20554
12/11/2021 16:00,280.66452
12/11/2021 17:00,279.65582
12/11/2021 18:00,279.29562
12/11/2021 19:00,277.5228
12/11/2021 20:00,277.12106
12/11/2021 21:00,276.9199
12/11/2021 22:00,276.87335
12/11/2021 23:00,276.65997
13/11/2021 0:00,276.61844
13/11/2021 1:00,276.7384
13/11/2021 2:00,276.84024
13/11/2021 3:00,276.81555
13/11/2021 4:00,276.87427
13/11/2021 5:00,276.63968
13/11/2021 6:00,276.7634
13/11/2021 7:00,278.037
13/11/2021 8:00,278.98135
13/11/2021 9:00,279.97946
13/11/2021 10:00,281.24588
13/11/2021 11:00,282.5851
13/11/2021 12:00,283.66443
13/11/2021 13:00,284.20203
13/11/2021 14:00,284.08707
13/11/2021 15:00,283.10117
13/11/2021 16:00,281.9672
13/11/2021 17:00,281.1559
13/11/2021 18:00,280.69763
13/11/2021 19:00,279.6052
13/11/2021 20:00,279.24063
13/11/2021 21:00,278.94543
13/11/2021 22:00,278.9217
13/11/2021 23:00,278.79892
14/11/2021 0:00,279.0126
14/11/2021 1:00,278.99698
14/11/2021 2:00,278.94232
14/11/2021 3:00,278.87827
14/11/2021 4:00,278.84454
14/11/2021 5:00,278.82266
14/11/2021 6:00,278.73364
14/11/2021 7:00,279.18347
14/11/2021 8:00,280.4293
14/11/2021 9:00,281.6451
14/11/2021 10:00,282.96716
14/11/2021 11:00,284.128
14/11/2021 12:00,284.8762
14/11/2021 13:00,285.13608
14/11/2021 14:00,284.9377
14/11/2021 15:00,283.70566
14/11/2021 16:00,282.63632
14/11/2021 17:00,281.84753
14/11/2021 18:00,281.18777
14/11/2021 19:00,280.11877
14/11/2021 20:00,279.4515
14/11/2021 21:00,278.80017
14/11/2021 22:00,278.3041
14/11/2021 23:00,277.87238
15/11/2021 0:00,277.47034
15/11/2021 1:00,277.21228
15/11/2021 2:00,276.97644
15/11/2021 3:00,276.75183
15/11/2021 4:00,276.38727
15/11/2021 5:00,275.8056
15/11/2021 6:00,275.26547
15/11/2021 7:00,276.3654
15/11/2021 8:00,278.9723
15/11/2021 9:00,280.31497
15/11/2021 10:00,281.56076
15/11/2021 11:00,282.527
15/11/2021 12:00,283.14896
15/11/2021 13:00,283.38577
15/11/2021 14:00,283.27112
15/11/2021 15:00,282.348
15/11/2021 16:00,281.259
15/11/2021 17:00,280.22842
15/11/2021 18:00,279.71765
15/11/2021 19:00,279.4515
15/11/2021 20:00,279.38184
15/11/2021 21:00,279.35684
15/11/2021 22:00,278.94232
15/11/2021 23:00,279.28937
16/11/2021 0:00,279.41434
16/11/2021 1:00,279.65894
16/11/2021 2:00,279.5824
16/11/2021 3:00,279.59958
16/11/2021 4:00,279.2797
16/11/2021 5:00,279.36215
16/11/2021 6:00,279.0048
16/11/2021 7:00,279.4515
16/11/2021 8:00,280.2653
16/11/2021 9:00,281.18716
16/11/2021 10:00,281.82663
16/11/2021 11:00,282.50577
16/11/2021 12:00,282.99026
16/11/2021 13:00,282.96185
16/11/2021 14:00,282.62198
16/11/2021 15:00,281.90878
16/11/2021 16:00,280.9594
16/11/2021 17:00,280.57516
16/11/2021 18:00,280.14597
16/11/2021 19:00,279.6902
16/11/2021 20:00,279.28595
16/11/2021 21:00,278.66553
16/11/2021 22:00,278.5406
16/11/2021 23:00,278.04138
17/11/2021 0:00,277.83456
17/11/2021 1:00,277.70523
17/11/2021 2:00,277.38785
17/11/2021 3:00,277.20166
17/11/2021 4:00,277.0364
17/11/2021 5:00,277.2476
17/11/2021 6:00,277.21948
17/11/2021 7:00,277.99765
17/11/2021 8:00,279.2875
17/11/2021 9:00,280.41837
17/11/2021 10:00,281.30554
17/11/2021 11:00,282
17/11/2021 12:00,282.34644
17/11/2021 13:00,282.36142
17/11/2021 14:00,282.26334
17/11/2021 15:00,282.12088
17/11/2021 16:00,281.79633
17/11/2021 17:00,281.27274
17/11/2021 18:00,280.89444
17/11/2021 19:00,280.71106
17/11/2021 20:00,280.49615
17/11/2021 21:00,280.3893
17/11/2021 22:00,280.39056
17/11/2021 23:00,280.16376
18/11/2021 0:00,280.28403
18/11/2021 1:00,280.17377
18/11/2021 2:00,279.85294
18/11/2021 3:00,279.46774
18/11/2021 4:00,279.47586
18/11/2021 5:00,278.8158
18/11/2021 6:00,278.2213
18/11/2021 7:00,278.90076
18/11/2021 8:00,280.28653
18/11/2021 9:00,281.39395
18/11/2021 10:00,282.2693
18/11/2021 11:00,282.83127
18/11/2021 12:00,283.20956
18/11/2021 13:00,283.47354
18/11/2021 14:00,283.2074
18/11/2021 15:00,282.36206
18/11/2021 16:00,281.3018
18/11/2021 17:00,280.62265
18/11/2021 18:00,280.22842
18/11/2021 19:00,280.22842
18/11/2021 20:00,279.9713
18/11/2021 21:00,279.35593
18/11/2021 22:00,279.01572
18/11/2021 23:00,278.83267
19/11/2021 0:00,278.6552
19/11/2021 1:00,278.0851
19/11/2021 2:00,277.7924
19/11/2021 3:00,277.445
19/11/2021 4:00,277.61465
19/11/2021 5:00,277.38474
19/11/2021 6:00,277.6584
19/11/2021 7:00,278.569
19/11/2021 8:00,280.14438
19/11/2021 9:00,280.9894
19/11/2021 10:00,281.75134
19/11/2021 11:00,281.96594
19/11/2021 12:00,282.08154
19/11/2021 13:00,282.05466
19/11/2021 14:00,282.00125
19/11/2021 15:00,281.98312
19/11/2021 16:00,282.03778
19/11/2021 17:00,281.81567
19/11/2021 18:00,281.27213
19/11/2021 19:00,281.14374
19/11/2021 20:00,280.369
19/11/2021 21:00,279.9979
19/11/2021 22:00,279.78857
19/11/2021 23:00,279.69424
20/11/2021 0:00,279.40527
20/11/2021 1:00,279.4237
20/11/2021 2:00,279.5877
20/11/2021 3:00,279.62363
20/11/2021 4:00,279.6633
20/11/2021 5:00,279.52335
20/11/2021 6:00,279.3634
20/11/2021 7:00,280.23438
20/11/2021 8:00,281.79382
20/11/2021 9:00,283.38763
20/11/2021 10:00,284.65656
20/11/2021 11:00,285.24387
20/11/2021 12:00,285.76242
20/11/2021 13:00,285.8018
20/11/2021 14:00,285.4666
20/11/2021 15:00,284.64282
20/11/2021 16:00,283.4879
20/11/2021 17:00,282.4395
20/11/2021 18:00,281.672
20/11/2021 19:00,279.97476
20/11/2021 20:00,278.8986
20/11/2021 21:00,277.83145
20/11/2021 22:00,277.32663
20/11/2021 23:00,277.4169
21/11/2021 0:00,278.16852
21/11/2021 1:00,278.0798
21/11/2021 2:00,277.7165
21/11/2021 3:00,275.82404
21/11/2021 4:00,274.7819
21/11/2021 5:00,274.44513
21/11/2021 6:00,274.7347
21/11/2021 7:00,276.32916
21/11/2021 8:00,279.76483
21/11/2021 9:00,282.25867
21/11/2021 10:00,283.9409
21/11/2021 11:00,285.06644
21/11/2021 12:00,285.71994
21/11/2021 13:00,285.9502
21/11/2021 14:00,285.39008
21/11/2021 15:00,283.8878
21/11/2021 16:00,282.29675
21/11/2021 17:00,281.11154
21/11/2021 18:00,279.85855
21/11/2021 19:00,279.98352
21/11/2021 20:00,280.10565
21/11/2021 21:00,279.1407
21/11/2021 22:00,277.59964
21/11/2021 23:00,277.05298
22/11/2021 0:00,276.63782
22/11/2021 1:00,276.2595
22/11/2021 2:00,275.42355
22/11/2021 3:00,275.54163
22/11/2021 4:00,276.05707
22/11/2021 5:00,276.52533
22/11/2021 6:00,276.93457
22/11/2021 7:00,276.96738
22/11/2021 8:00,277.7524
22/11/2021 9:00,278.5184
22/11/2021 10:00,279.60583
22/11/2021 11:00,280.28372
22/11/2021 12:00,280.83948
22/11/2021 13:00,281.0394
22/11/2021 14:00,280.9032
22/11/2021 15:00,280.61078
22/11/2021 16:00,280.3612
22/11/2021 17:00,280.16064
22/11/2021 18:00,280.0463
22/11/2021 19:00,279.48367
22/11/2021 20:00,279.57584
22/11/2021 21:00,279.68954
22/11/2021 22:00,279.75766
22/11/2021 23:00,279.62958
23/11/2021 0:00,279.4284
23/11/2021 1:00,279.26407
23/11/2021 2:00,279.14536
23/11/2021 3:00,279.0426
23/11/2021 4:00,278.85046
23/11/2021 5:00,278.41782
23/11/2021 6:00,278.1273
23/11/2021 7:00,278.72144
23/11/2021 8:00,279.44275
23/11/2021 9:00,279.73016
23/11/2021 10:00,280.40274
23/11/2021 11:00,280.79977
23/11/2021 12:00,280.8979
23/11/2021 13:00,280.94223
23/11/2021 14:00,280.5933
23/11/2021 15:00,279.9729
23/11/2021 16:00,279.38965
23/11/2021 17:00,278.57776
23/11/2021 18:00,277.83456
23/11/2021 19:00,276.74527
23/11/2021 20:00,275.8593
23/11/2021 21:00,275.0043
23/11/2021 22:00,274.2477
23/11/2021 23:00,273.39612
24/11/2021 0:00,272.99844
24/11/2021 1:00,273.02625
24/11/2021 2:00,273.08435
24/11/2021 3:00,272.8163
24/11/2021 4:00,273.1965
24/11/2021 5:00,273.62167
24/11/2021 6:00,273.5517
24/11/2021 7:00,272.8944
24/11/2021 8:00,274.15305
24/11/2021 9:00,276.15955
24/11/2021 10:00,277.5656
24/11/2021 11:00,278.41562
24/11/2021 12:00,278.88388
24/11/2021 13:00,278.96106
24/11/2021 14:00,278.3778
24/11/2021 15:00,276.86896
24/11/2021 16:00,275.21143
24/11/2021 17:00,274.2346
24/11/2021 18:00,273.6054
24/11/2021 19:00,274.04184
24/11/2021 20:00,273.76474
24/11/2021 21:00,273.39893
24/11/2021 22:00,273.04657
24/11/2021 23:00,272.85568
25/11/2021 0:00,272.76196
25/11/2021 1:00,272.77258
25/11/2021 2:00,272.82727
25/11/2021 3:00,272.8663
25/11/2021 4:00,272.9491
25/11/2021 5:00,272.87256
25/11/2021 6:00,272.91443
25/11/2021 7:00,273.57263
25/11/2021 8:00,275.77466
25/11/2021 9:00,277.15106
25/11/2021 10:00,278.48215
25/11/2021 11:00,279.77014
25/11/2021 12:00,280.91818
25/11/2021 13:00,281.5258
25/11/2021 14:00,281.4252
25/11/2021 15:00,280.3512
25/11/2021 16:00,279.3831
25/11/2021 17:00,278.80298
25/11/2021 18:00,278.53433
25/11/2021 19:00,278.41843
25/11/2021 20:00,278.24225
25/11/2021 21:00,278.25723
25/11/2021 22:00,277.9411
25/11/2021 23:00,277.694
26/11/2021 0:00,277.6615
26/11/2021 1:00,277.60934
26/11/2021 2:00,277.50156
26/11/2021 3:00,277.53748
26/11/2021 4:00,277.69775
26/11/2021 5:00,277.9308
26/11/2021 6:00,278.17007
26/11/2021 7:00,279.04507
26/11/2021 8:00,279.69455
26/11/2021 9:00,279.8851
26/11/2021 10:00,280.14877
26/11/2021 11:00,280.25186
26/11/2021 12:00,280.3815
26/11/2021 13:00,281.0825
26/11/2021 14:00,281.57263
26/11/2021 15:00,281.5111
26/11/2021 16:00,280.75854
26/11/2021 17:00,279.9507
26/11/2021 18:00,279.2069
26/11/2021 19:00,279.29938
26/11/2021 20:00,279.00916
26/11/2021 21:00,278.43936
26/11/2021 22:00,277.80896
26/11/2021 23:00,277.20822
27/11/2021 0:00,276.91272
27/11/2021 1:00,276.79993
27/11/2021 2:00,276.35226
27/11/2021 3:00,276.11298
27/11/2021 4:00,276.04083
27/11/2021 5:00,276.01584
27/11/2021 6:00,276.048
27/11/2021 7:00,274.671
27/11/2021 8:00,275.62503
27/11/2021 9:00,276.6812
27/11/2021 10:00,277.9639
27/11/2021 11:00,279.5624
27/11/2021 12:00,281.2318
27/11/2021 13:00,281.9138
27/11/2021 14:00,281.99875
27/11/2021 15:00,281.08282
27/11/2021 16:00,280.50302
27/11/2021 17:00,280.39368
27/11/2021 18:00,280.46677
27/11/2021 19:00,280.31653
27/11/2021 20:00,280.44928
27/11/2021 21:00,279.2516
27/11/2021 22:00,278.6196
27/11/2021 23:00,278.90106
28/11/2021 0:00,279.3878
28/11/2021 1:00,278.22287
28/11/2021 2:00,277.2557
28/11/2021 3:00,276.95175
28/11/2021 4:00,276.95425
28/11/2021 5:00,277.0336
28/11/2021 6:00,276.38757
28/11/2021 7:00,277.8655
28/11/2021 8:00,280.60016
28/11/2021 9:00,282.75378
28/11/2021 10:00,284.6597
28/11/2021 11:00,286.09012
28/11/2021 12:00,286.22916
28/11/2021 13:00,285.38257
28/11/2021 14:00,284.2992
28/11/2021 15:00,283.2308
28/11/2021 16:00,282.59448
28/11/2021 17:00,282.23865
28/11/2021 18:00,281.86755
28/11/2021 19:00,279.26282
28/11/2021 20:00,279.03665
28/11/2021 21:00,278.9242
28/11/2021 22:00,278.76114
28/11/2021 23:00,278.3997
29/11/2021 0:00,277.62558
29/11/2021 1:00,276.94583
29/11/2021 2:00,276.56314
29/11/2021 3:00,276.2392
29/11/2021 4:00,275.88745
29/11/2021 5:00,275.67563
29/11/2021 6:00,275.4229
29/11/2021 7:00,275.37732
29/11/2021 8:00,275.7778
29/11/2021 9:00,276.63687
29/11/2021 10:00,277.51593
29/11/2021 11:00,278.25723
29/11/2021 12:00,278.55777
29/11/2021 13:00,278.59805
29/11/2021 14:00,278.2032
29/11/2021 15:00,277.32788
29/11/2021 16:00,276.44598
29/11/2021 17:00,275.84058
29/11/2021 18:00,275.49164
29/11/2021 19:00,275.48007
29/11/2021 20:00,275.3317
29/11/2021 21:00,275.1652
29/11/2021 22:00,275.04337
29/11/2021 23:00,274.93307
30/11/2021 0:00,274.8603
30/11/2021 1:00,274.76126
30/11/2021 2:00,274.66724
30/11/2021 3:00,274.4214
30/11/2021 4:00,274.10556
30/11/2021 5:00,273.726
30/11/2021 6:00,273.35052
30/11/2021 7:00,273.5745
30/11/2021 8:00,274.75253
30/11/2021 9:00,276.22702
30/11/2021 10:00,277.5306
30/11/2021 11:00,278.64243
30/11/2021 12:00,279.2825
30/11/2021 13:00,279.43497
30/11/2021 14:00,279.1791
30/11/2021 15:00,278.25473
30/11/2021 16:00,277.73398
30/11/2021 17:00,277.77084
30/11/2021 18:00,278.15884
30/11/2021 19:00,278.2188
30/11/2021 20:00,278.38626
30/11/2021 21:00,278.5684
30/11/2021 22:00,278.93295
30/11/2021 23:00,279.3175
01/12/2021 0:00,279.6348
01/12/2021 1:00,279.92282
01/12/2021 2:00,280.06064
01/12/2021 3:00,279.92368
01/12/2021 4:00,279.71414
01/12/2021 5:00,279.4832
01/12/2021 6:00,279.08728
01/12/2021 7:00,279.96152
01/12/2021 8:00,280.30234
01/12/2021 9:00,281.58038
01/12/2021 10:00,282.72714
01/12/2021 11:00,283.47375
01/12/2021 12:00,284.11023
01/12/2021 13:00,284.39883
01/12/2021 14:00,283.90973
01/12/2021 15:00,282.72687
01/12/2021 16:00,281.66144
01/12/2021 17:00,280.79483
01/12/2021 18:00,280.13998
01/12/2021 19:00,280.17725
01/12/2021 20:00,279.9779
01/12/2021 21:00,279.7393
01/12/2021 22:00,279.88895
01/12/2021 23:00,280.1479
02/12/2021 0:00,280.31506
02/12/2021 1:00,280.52966
02/12/2021 2:00,280.35657
02/12/2021 3:00,280.11682
02/12/2021 4:00,279.89066
02/12/2021 5:00,279.9347
02/12/2021 6:00,280.32184
02/12/2021 7:00,280.25067
02/12/2021 8:00,281.89215
02/12/2021 9:00,283.936
02/12/2021 10:00,285.80423
02/12/2021 11:00,286.93542
02/12/2021 12:00,287.38696
02/12/2021 13:00,287.25623
02/12/2021 14:00,286.44577
02/12/2021 15:00,285.27194
02/12/2021 16:00,284.41772
02/12/2021 17:00,283.71234
02/12/2021 18:00,283.01715
02/12/2021 19:00,281.8348
02/12/2021 20:00,281.49457
02/12/2021 21:00,281.3274
02/12/2021 22:00,280.55142
02/12/2021 23:00,278.45334
03/12/2021 0:00,276.95786
03/12/2021 1:00,276.50717
03/12/2021 2:00,276.16043
03/12/2021 3:00,276.5182
03/12/2021 4:00,277.16315
03/12/2021 5:00,277.64233
03/12/2021 6:00,277.803
03/12/2021 7:00,277.57288
03/12/2021 8:00,277.80783
03/12/2021 9:00,278.11703
03/12/2021 10:00,278.52505
03/12/2021 11:00,279.00763
03/12/2021 12:00,279.28323
03/12/2021 13:00,279.22903
03/12/2021 14:00,278.82468
03/12/2021 15:00,277.89084
03/12/2021 16:00,276.8884
03/12/2021 17:00,275.85065
03/12/2021 18:00,275.02695
03/12/2021 19:00,274.09482
03/12/2021 20:00,273.377
03/12/2021 21:00,272.579
03/12/2021 22:00,271.69376
03/12/2021 23:00,273.1113
04/12/2021 0:00,273.13446
04/12/2021 1:00,272.8752
04/12/2021 2:00,272.60217
04/12/2021 3:00,272.43527
04/12/2021 4:00,272.241
04/12/2021 5:00,271.97076
04/12/2021 6:00,271.42746
04/12/2021 7:00,269.69394
04/12/2021 8:00,272.31952
04/12/2021 9:00,273.99542
04/12/2021 10:00,275.34604
04/12/2021 11:00,276.28296
04/12/2021 12:00,277.01263
04/12/2021 13:00,277.21765
04/12/2021 14:00,276.52637
04/12/2021 15:00,274.9267
04/12/2021 16:00,274.01913
04/12/2021 17:00,273.53995
04/12/2021 18:00,273.22595
04/12/2021 19:00,273.40186
04/12/2021 20:00,273.3934
04/12/2021 21:00,273.45947
04/12/2021 22:00,273.85394
04/12/2021 23:00,274.18152
05/12/2021 0:00,274.38763
05/12/2021 1:00,274.58615
05/12/2021 2:00,274.8759
05/12/2021 3:00,275.0806
05/12/2021 4:00,275.2616
05/12/2021 5:00,275.39575
05/12/2021 6:00,275.5742
05/12/2021 7:00,275.67896
05/12/2021 8:00,275.84726
05/12/2021 9:00,276.2872
05/12/2021 10:00,276.81357
05/12/2021 11:00,276.96124
05/12/2021 12:00,277.22272
05/12/2021 13:00,277.45203
05/12/2021 14:00,277.47687
05/12/2021 15:00,277.23825
05/12/2021 16:00,276.76697
05/12/2021 17:00,276.44507
05/12/2021 18:00,275.9684
05/12/2021 19:00,275.8865
05/12/2021 20:00,275.7442
05/12/2021 21:00,275.6143
05/12/2021 22:00,275.5742
05/12/2021 23:00,275.57224
06/12/2021 0:00,275.50726
06/12/2021 1:00,275.42566
06/12/2021 2:00,275.28165
06/12/2021 3:00,275.06537
06/12/2021 4:00,274.8739
06/12/2021 5:00,274.70505
06/12/2021 6:00,274.72424
06/12/2021 7:00,275.1114
06/12/2021 8:00,275.49146
06/12/2021 9:00,275.94806
06/12/2021 10:00,276.3866
06/12/2021 11:00,276.80792
06/12/2021 12:00,277.33908
06/12/2021 13:00,277.50314
06/12/2021 14:00,277.51782
06/12/2021 15:00,277.10553
06/12/2021 16:00,276.8356
06/12/2021 17:00,276.79633
06/12/2021 18:00,276.59415
06/12/2021 19:00,276.13077
06/12/2021 20:00,275.4477
06/12/2021 21:00,274.99307
06/12/2021 22:00,274.51303
06/12/2021 23:00,274.30377
07/12/2021 0:00,274.05472
07/12/2021 1:00,273.80283
07/12/2021 2:00,273.6046
07/12/2021 3:00,273.3036
07/12/2021 4:00,273.16776
07/12/2021 5:00,273.0777
07/12/2021 6:00,273.02405
07/12/2021 7:00,273.10367
07/12/2021 8:00,273.6447
07/12/2021 9:00,274.51105
07/12/2021 10:00,275.5951
07/12/2021 11:00,276.318
07/12/2021 12:00,276.7955
07/12/2021 13:00,276.89206
07/12/2021 14:00,276.58426
07/12/2021 15:00,275.81845
07/12/2021 16:00,275.0501
07/12/2021 17:00,274.27866
07/12/2021 18:00,273.74298
07/12/2021 19:00,273.16495
07/12/2021 20:00,272.81763
07/12/2021 21:00,272.75888
07/12/2021 22:00,272.53976
07/12/2021 23:00,272.3864
08/12/2021 0:00,272.3678
08/12/2021 1:00,272.2492
08/12/2021 2:00,271.94507
08/12/2021 3:00,271.5204
08/12/2021 4:00,270.63483
08/12/2021 5:00,270.59387
08/12/2021 6:00,271.9061
08/12/2021 7:00,270.91156
08/12/2021 8:00,272.7171
08/12/2021 9:00,274.78354
08/12/2021 10:00,276.08502
08/12/2021 11:00,276.9556
08/12/2021 12:00,277.41473
08/12/2021 13:00,277.4187
08/12/2021 14:00,276.52893
08/12/2021 15:00,274.86288
08/12/2021 16:00,273.98386
08/12/2021 17:00,273.73477
08/12/2021 18:00,273.77036
08/12/2021 19:00,273.70035
08/12/2021 20:00,273.7119
08/12/2021 21:00,273.7187
08/12/2021 22:00,273.47614
08/12/2021 23:00,273.47668
09/12/2021 0:00,273.5247
09/12/2021 1:00,273.49533
09/12/2021 2:00,273.64584
09/12/2021 3:00,273.6772
09/12/2021 4:00,273.83646
09/12/2021 5:00,273.92426
09/12/2021 6:00,274.25888
09/12/2021 7:00,274.59943
09/12/2021 8:00,275.36243
09/12/2021 9:00,276.19516
09/12/2021 10:00,277.20718
09/12/2021 11:00,278.0131
09/12/2021 12:00,278.1193
09/12/2021 13:00,278.45813
09/12/2021 14:00,278.35507
09/12/2021 15:00,277.98007
09/12/2021 16:00,277.345
09/12/2021 17:00,276.5857
09/12/2021 18:00,275.7727
09/12/2021 19:00,275.339
09/12/2021 20:00,274.79202
09/12/2021 21:00,274.39246
09/12/2021 22:00,274.10864
09/12/2021 23:00,273.71164
10/12/2021 0:00,273.4476
10/12/2021 1:00,273.1356
10/12/2021 2:00,272.65186
10/12/2021 3:00,272.16757
10/12/2021 4:00,271.8341
10/12/2021 5:00,271.47012
10/12/2021 6:00,270.89914
10/12/2021 7:00,271.7316
10/12/2021 8:00,273.2714
10/12/2021 9:00,274.86966
10/12/2021 10:00,275.92548
10/12/2021 11:00,276.29962
10/12/2021 12:00,276.61758
10/12/2021 13:00,276.88953
10/12/2021 14:00,276.7393
10/12/2021 15:00,276.2745
10/12/2021 16:00,275.9619
10/12/2021 17:00,275.92322
10/12/2021 18:00,275.7213
10/12/2021 19:00,275.46576
10/12/2021 20:00,275.3833
10/12/2021 21:00,275.09558
10/12/2021 22:00,274.82025
10/12/2021 23:00,274.6497
11/12/2021 0:00,274.33005
11/12/2021 1:00,274.10074
11/12/2021 2:00,273.83362
11/12/2021 3:00,273.70148
11/12/2021 4:00,273.70117
11/12/2021 5:00,273.9813
11/12/2021 6:00,274.4862
11/12/2021 7:00,275.33362
11/12/2021 8:00,276.01132
11/12/2021 9:00,276.5981
11/12/2021 10:00,277.11682
11/12/2021 11:00,277.55002
11/12/2021 12:00,277.63388
11/12/2021 13:00,277.42548
11/12/2021 14:00,276.9765
11/12/2021 15:00,276.497
11/12/2021 16:00,275.93564
11/12/2021 17:00,275.64224
11/12/2021 18:00,275.1436
11/12/2021 19:00,274.34387
11/12/2021 20:00,274.4667
11/12/2021 21:00,274.6706
11/12/2021 22:00,274.783
11/12/2021 23:00,274.73978
12/12/2021 0:00,274.64377
12/12/2021 1:00,274.3278
12/12/2021 2:00,273.9265
12/12/2021 3:00,273.66193
12/12/2021 4:00,273.50098
12/12/2021 5:00,273.40836
12/12/2021 6:00,273.42813
12/12/2021 7:00,274.19788
12/12/2021 8:00,274.57626
12/12/2021 9:00,274.84763
12/12/2021 10:00,275.38104
12/12/2021 11:00,275.78033
12/12/2021 12:00,275.88934
12/12/2021 13:00,275.85376
12/12/2021 14:00,275.76227
12/12/2021 15:00,275.52676
12/12/2021 16:00,275.24213
12/12/2021 17:00,275.05237
12/12/2021 18:00,274.77252
12/12/2021 19:00,275.04984
12/12/2021 20:00,274.8643
12/12/2021 21:00,274.71747
12/12/2021 22:00,274.59238
12/12/2021 23:00,274.41843
13/12/2021 0:00,274.42154
13/12/2021 1:00,274.34897
13/12/2021 2:00,274.15836
13/12/2021 3:00,273.9457
13/12/2021 4:00,273.65686
13/12/2021 5:00,273.2683
13/12/2021 6:00,272.8707
13/12/2021 7:00,272.531
13/12/2021 8:00,273.91522
13/12/2021 9:00,275.6812
13/12/2021 10:00,276.89996
13/12/2021 11:00,277.87842
13/12/2021 12:00,278.51886
13/12/2021 13:00,278.6911
13/12/2021 14:00,278.33475
13/12/2021 15:00,277.21765
13/12/2021 16:00,276.02402
13/12/2021 17:00,275.0185
13/12/2021 18:00,274.19168
13/12/2021 19:00,273.8133
13/12/2021 20:00,273.50916
13/12/2021 21:00,273.3163
13/12/2021 22:00,272.91052
13/12/2021 23:00,272.4446
14/12/2021 0:00,272.06055
14/12/2021 1:00,271.72763
14/12/2021 2:00,271.3148
14/12/2021 3:00,271.03354
14/12/2021 4:00,270.47247
14/12/2021 5:00,270.18387
14/12/2021 6:00,270.37787
14/12/2021 7:00,272.16364
14/12/2021 8:00,272.51575
14/12/2021 9:00,274.61975
14/12/2021 10:00,275.65976
14/12/2021 11:00,276.72067
14/12/2021 12:00,277.17642
14/12/2021 13:00,277.24503
14/12/2021 14:00,277.07504
14/12/2021 15:00,276.56845
14/12/2021 16:00,276.23215
14/12/2021 17:00,275.90204
14/12/2021 18:00,274.87192
14/12/2021 19:00,274.13266
14/12/2021 20:00,274.30746
14/12/2021 21:00,273.44873
14/12/2021 22:00,272.50107
14/12/2021 23:00,272.4316
15/12/2021 0:00,271.93857
15/12/2021 1:00,271.94055
15/12/2021 2:00,271.97247
15/12/2021 3:00,272.82977
15/12/2021 4:00,272.9475
15/12/2021 5:00,272.94836
15/12/2021 6:00,272.88144
15/12/2021 7:00,271.964
15/12/2021 8:00,273.10593
15/12/2021 9:00,273.73676
15/12/2021 10:00,274.75305
15/12/2021 11:00,275.4635
15/12/2021 12:00,276.35272
15/12/2021 13:00,276.7215
15/12/2021 14:00,276.8113
15/12/2021 15:00,276.48035
15/12/2021 16:00,276.04718
15/12/2021 17:00,275.73404
15/12/2021 18:00,275.28476
15/12/2021 19:00,274.85977
15/12/2021 20:00,274.20465
15/12/2021 21:00,273.72604
15/12/2021 22:00,272.91562
15/12/2021 23:00,272.54993
16/12/2021 0:00,272.4929
16/12/2021 1:00,272.25824
16/12/2021 2:00,272.77527
16/12/2021 3:00,273.3561
16/12/2021 4:00,273.65656
16/12/2021 5:00,273.77234
16/12/2021 6:00,273.93555
16/12/2021 7:00,274.03833
16/12/2021 8:00,275.45023
16/12/2021 9:00,277.19055
16/12/2021 10:00,278.48355
16/12/2021 11:00,279.16577
16/12/2021 12:00,279.61053
16/12/2021 13:00,279.5035
16/12/2021 14:00,279.2937
16/12/2021 15:00,278.98193
16/12/2021 16:00,278.76453
16/12/2021 17:00,278.6973
16/12/2021 18:00,278.69788
16/12/2021 19:00,278.7261
16/12/2021 20:00,278.76987
16/12/2021 21:00,278.736
16/12/2021 22:00,278.51038
16/12/2021 23:00,278.58746
17/12/2021 0:00,278.9331
17/12/2021 1:00,279.2536
17/12/2021 2:00,279.32108
17/12/2021 3:00,278.8687
17/12/2021 4:00,278.1574
17/12/2021 5:00,277.72424
17/12/2021 6:00,277.5232
17/12/2021 7:00,277.8657
17/12/2021 8:00,278.2489
17/12/2021 9:00,278.60666
17/12/2021 10:00,279.24512
17/12/2021 11:00,279.57013
17/12/2021 12:00,279.72913
17/12/2021 13:00,279.72772
17/12/2021 14:00,279.39084
17/12/2021 15:00,278.76196
17/12/2021 16:00,277.8575
17/12/2021 17:00,277.19846
17/12/2021 18:00,276.6893
17/12/2021 19:00,276.7647
17/12/2021 20:00,276.6481
17/12/2021 21:00,276.51904
17/12/2021 22:00,276.32053
17/12/2021 23:00,276.18555
18/12/2021 0:00,276.1607
18/12/2021 1:00,276.0198
18/12/2021 2:00,275.73206
18/12/2021 3:00,275.53354
18/12/2021 4:00,275.35986
18/12/2021 5:00,275.2904
18/12/2021 6:00,275.0919
18/12/2021 7:00,275.47
18/12/2021 8:00,276.2073
18/12/2021 9:00,277.18036
18/12/2021 10:00,278.1114
18/12/2021 11:00,278.57956
18/12/2021 12:00,278.79474
18/12/2021 13:00,278.66595
18/12/2021 14:00,278.18225
18/12/2021 15:00,277.24728
18/12/2021 16:00,276.41513
18/12/2021 17:00,275.47818
18/12/2021 18:00,274.79202
18/12/2021 19:00,274.20975
18/12/2021 20:00,273.93274
18/12/2021 21:00,274.30405
18/12/2021 22:00,274.77054
18/12/2021 23:00,275.38953
19/12/2021 0:00,275.8015
19/12/2021 1:00,276.21603
19/12/2021 2:00,276.50238
19/12/2021 3:00,276.7489
19/12/2021 4:00,276.691
19/12/2021 5:00,276.66052
19/12/2021 6:00,276.53796
19/12/2021 7:00,276.55405
19/12/2021 8:00,276.8353
19/12/2021 9:00,277.9507
19/12/2021 10:00,279.09152
19/12/2021 11:00,280.03973
19/12/2021 12:00,280.7838
19/12/2021 13:00,281.01282
19/12/2021 14:00,280.46472
19/12/2021 15:00,279.194
19/12/2021 16:00,278.01028
19/12/2021 17:00,277.3179
19/12/2021 18:00,277.0208
19/12/2021 19:00,277.47122
19/12/2021 20:00,276.9765
19/12/2021 21:00,276.96887
19/12/2021 22:00,277.28796
19/12/2021 23:00,277.49182
20/12/2021 0:00,277.54266
20/12/2021 1:00,277.47293
20/12/2021 2:00,277.29303
20/12/2021 3:00,277.3512
20/12/2021 4:00,277.0838
20/12/2021 5:00,276.91974
20/12/2021 6:00,276.68396
20/12/2021 7:00,276.2293
20/12/2021 8:00,276.7136
20/12/2021 9:00,277.4379
20/12/2021 10:00,277.89365
20/12/2021 11:00,278.19806
20/12/2021 12:00,278.18225
20/12/2021 13:00,277.9504
20/12/2021 14:00,277.47293
20/12/2021 15:00,276.73166
20/12/2021 16:00,276.34933
20/12/2021 17:00,275.95966
20/12/2021 18:00,275.55075
20/12/2021 19:00,274.85046
20/12/2021 20:00,274.39075
20/12/2021 21:00,274.03186
20/12/2021 22:00,273.75116
20/12/2021 23:00,273.52243
21/12/2021 0:00,273.3053
21/12/2021 1:00,273.08588
21/12/2021 2:00,272.8676
21/12/2021 3:00,272.592
21/12/2021 4:00,272.26614
21/12/2021 5:00,271.91513
21/12/2021 6:00,271.44073
21/12/2021 7:00,271.29785
21/12/2021 8:00,272.42795
21/12/2021 9:00,273.83307
21/12/2021 10:00,274.6226
21/12/2021 11:00,275.17548
21/12/2021 12:00,275.57816
21/12/2021 13:00,275.74872
21/12/2021 14:00,275.48383
21/12/2021 15:00,274.52234
21/12/2021 16:00,272.86166
21/12/2021 17:00,272.49063
21/12/2021 18:00,273.28525
21/12/2021 19:00,273.00793
21/12/2021 20:00,272.90347
21/12/2021 21:00,272.73065
21/12/2021 22:00,272.65555
21/12/2021 23:00,272.57562
22/12/2021 0:00,272.5375
22/12/2021 1:00,272.3658
22/12/2021 2:00,272.0515
22/12/2021 3:00,271.9061
22/12/2021 4:00,271.66608
22/12/2021 5:00,271.00137
22/12/2021 6:00,270.34906
22/12/2021 7:00,270.0887
22/12/2021 8:00,272.06
22/12/2021 9:00,273.62805
22/12/2021 10:00,274.91766
22/12/2021 11:00,275.47623
22/12/2021 12:00,275.7326
22/12/2021 13:00,275.51434
22/12/2021 14:00,275.0713
22/12/2021 15:00,274.08804
22/12/2021 16:00,272.3641
22/12/2021 17:00,271.3436
22/12/2021 18:00,270.5566
22/12/2021 19:00,269.9831
22/12/2021 20:00,269.73544
22/12/2021 21:00,269.4943
22/12/2021 22:00,269.30145
22/12/2021 23:00,269.219
23/12/2021 0:00,269.08826
23/12/2021 1:00,268.88184
23/12/2021 2:00,269.04703
23/12/2021 3:00,269.05634
23/12/2021 4:00,269.00946
23/12/2021 5:00,269.26813
23/12/2021 6:00,269.5999
23/12/2021 7:00,270.17316
23/12/2021 8:00,271.3744
23/12/2021 9:00,272.72925
23/12/2021 10:00,273.6947
23/12/2021 11:00,274.36902
23/12/2021 12:00,274.80838
23/12/2021 13:00,274.98007
23/12/2021 14:00,274.7838
23/12/2021 15:00,273.99316
23/12/2021 16:00,273.6289
23/12/2021 17:00,273.38208
23/12/2021 18:00,273.42163
23/12/2021 19:00,273.11694
23/12/2021 20:00,273.3646
23/12/2021 21:00,273.71814
23/12/2021 22:00,274.1239
23/12/2021 23:00,275.0377
24/12/2021 0:00,275.92606
24/12/2021 1:00,276.41116
24/12/2021 2:00,277.23883
24/12/2021 3:00,278.12576
24/12/2021 4:00,278.90372
24/12/2021 5:00,278.86703
24/12/2021 6:00,278.62756
24/12/2021 7:00,278.91925
24/12/2021 8:00,280.25125
24/12/2021 9:00,281.95285
24/12/2021 10:00,283.3975
24/12/2021 11:00,284.42142
24/12/2021 12:00,285.06213
24/12/2021 13:00,285.0243
24/12/2021 14:00,284.5081
24/12/2021 15:00,283.5243
24/12/2021 16:00,282.81723
24/12/2021 17:00,282.65598
24/12/2021 18:00,282.5738
24/12/2021 19:00,283.39722
24/12/2021 20:00,282.88696
24/12/2021 21:00,282.38828
24/12/2021 22:00,282.50916
24/12/2021 23:00,282.69183
25/12/2021 0:00,282.72037
25/12/2021 1:00,282.4696
25/12/2021 2:00,282.18637
25/12/2021 3:00,282.11664
25/12/2021 4:00,282.0229
25/12/2021 5:00,282.03165
25/12/2021 6:00,281.893
25/12/2021 7:00,282.3651
25/12/2021 8:00,282.92197
25/12/2021 9:00,283.82785
25/12/2021 10:00,284.95877
25/12/2021 11:00,285.64243
25/12/2021 12:00,285.5933
25/12/2021 13:00,285.40323
25/12/2021 14:00,285.07483
25/12/2021 15:00,284.49146
25/12/2021 16:00,283.81485
25/12/2021 17:00,283.63837
25/12/2021 18:00,283.43082
25/12/2021 19:00,283.042
25/12/2021 20:00,282.75397
25/12/2021 21:00,282.24484
25/12/2021 22:00,282.13498
25/12/2021 23:00,281.47678
26/12/2021 0:00,280.0279
26/12/2021 1:00,278.3726
26/12/2021 2:00,276.39197
26/12/2021 3:00,274.8304
26/12/2021 4:00,273.88022
26/12/2021 5:00,273.4637
26/12/2021 6:00,273.30783
26/12/2021 7:00,272.98788
26/12/2021 8:00,272.99637
26/12/2021 9:00,273.07007
26/12/2021 10:00,273.1099
26/12/2021 11:00,273.19177
26/12/2021 12:00,273.427
26/12/2021 13:00,273.67154
26/12/2021 14:00,273.81583
26/12/2021 15:00,273.91382
26/12/2021 16:00,273.94543
26/12/2021 17:00,273.84378
26/12/2021 18:00,273.77234
26/12/2021 19:00,273.32138
26/12/2021 20:00,273.20844
26/12/2021 21:00,273.07205
26/12/2021 22:00,272.9783
26/12/2021 23:00,272.9108
27/12/2021 0:00,272.79504
27/12/2021 1:00,272.65073
27/12/2021 2:00,272.5073
27/12/2021 3:00,272.38586
27/12/2021 4:00,272.2218
27/12/2021 5:00,272.08258
27/12/2021 6:00,271.97528
27/12/2021 7:00,271.50485
27/12/2021 8:00,271.70703
27/12/2021 9:00,272.08456
27/12/2021 10:00,272.34125
27/12/2021 11:00,272.82016
27/12/2021 12:00,273.2762
27/12/2021 13:00,273.50974
27/12/2021 14:00,273.53064
27/12/2021 15:00,273.27704
27/12/2021 16:00,273.10876
27/12/2021 17:00,273.0568
27/12/2021 18:00,273.09857
27/12/2021 19:00,273.39423
27/12/2021 20:00,273.10507
27/12/2021 21:00,273.0698
27/12/2021 22:00,272.845
27/12/2021 23:00,272.3579
28/12/2021 0:00,272.45108
28/12/2021 1:00,272.483
28/12/2021 2:00,272.48215
28/12/2021 3:00,272.54117
28/12/2021 4:00,272.48892
28/12/2021 5:00,272.42737
28/12/2021 6:00,272.50165
28/12/2021 7:00,272.4378
28/12/2021 8:00,273.14886
28/12/2021 9:00,273.6416
28/12/2021 10:00,274.6672
28/12/2021 11:00,275.7363
28/12/2021 12:00,276.50916
28/12/2021 13:00,277.11316
28/12/2021 14:00,277.33484
28/12/2021 15:00,276.53625
28/12/2021 16:00,275.85123
28/12/2021 17:00,275.3935
28/12/2021 18:00,275.28024
28/12/2021 19:00,274.2905
28/12/2021 20:00,274.33456
28/12/2021 21:00,274.70703
28/12/2021 22:00,274.98883
28/12/2021 23:00,275.0967
29/12/2021 0:00,275.26868
29/12/2021 1:00,275.18875
29/12/2021 2:00,274.877
29/12/2021 3:00,274.89932
29/12/2021 4:00,274.93997
29/12/2021 5:00,274.6161
29/12/2021 6:00,274.91287
29/12/2021 7:00,275.02158
29/12/2021 8:00,275.83737
29/12/2021 9:00,276.96774
29/12/2021 10:00,278.0676
29/12/2021 11:00,279.39365
29/12/2021 12:00,280.29868
29/12/2021 13:00,280.82166
29/12/2021 14:00,280.77646
29/12/2021 15:00,280.2789
29/12/2021 16:00,278.917
29/12/2021 17:00,278.12607
29/12/2021 18:00,277.9377
29/12/2021 19:00,277.5051
29/12/2021 20:00,277.1194
29/12/2021 21:00,277.22443
29/12/2021 22:00,276.8548
29/12/2021 23:00,276.93613
30/12/2021 0:00,277.08408
30/12/2021 1:00,277.43423
30/12/2021 2:00,277.5963
30/12/2021 3:00,277.65506
30/12/2021 4:00,277.3134
30/12/2021 5:00,276.91776
30/12/2021 6:00,276.7325
30/12/2021 7:00,276.08786
30/12/2021 8:00,276.6077
30/12/2021 9:00,277.22217
30/12/2021 10:00,277.81317
30/12/2021 11:00,278.42737
30/12/2021 12:00,279.0031
30/12/2021 13:00,279.41626
30/12/2021 14:00,279.56223
30/12/2021 15:00,279.42868
30/12/2021 16:00,279.16296
30/12/2021 17:00,278.79755
30/12/2021 18:00,278.89188
30/12/2021 19:00,278.2201
30/12/2021 20:00,277.89648
30/12/2021 21:00,278.21445
30/12/2021 22:00,278.65918
30/12/2021 23:00,278.92294
31/12/2021 0:00,279.09604
31/12/2021 1:00,278.90796
31/12/2021 2:00,278.68433
31/12/2021 3:00,278.2472
31/12/2021 4:00,278.24634
31/12/2021 5:00,278.1656
31/12/2021 6:00,277.7437
31/12/2021 7:00,277.55792
31/12/2021 8:00,279.05057
31/12/2021 9:00,280.9586
31/12/2021 10:00,282.7802
31/12/2021 11:00,284.5307
31/12/2021 12:00,285.3507
31/12/2021 13:00,285.74408
31/12/2021 14:00,285.3592
31/12/2021 15:00,283.997
31/12/2021 16:00,281.8125
31/12/2021 17:00,280.22217
31/12/2021 18:00,279.07626
31/12/2021 19:00,278.3963
31/12/2021 20:00,277.60336
31/12/2021 21:00,277.19223
31/12/2021 22:00,276.45013
31/12/2021 23:00,276.3767
