datetime,t2m
01/01/2021 0:00,275.14166
01/01/2021 1:00,274.80682
01/01/2021 2:00,275.283
01/01/2021 3:00,274.7194
01/01/2021 4:00,275.32883
01/01/2021 5:00,275.49966
01/01/2021 6:00,275.39383
01/01/2021 7:00,275.48856
01/01/2021 8:00,276.96365
01/01/2021 9:00,279.2485
01/01/2021 10:00,280.54346
01/01/2021 11:00,281.42072
01/01/2021 12:00,281.91348
01/01/2021 13:00,282.08533
01/01/2021 14:00,281.96237
01/01/2021 15:00,281.6482
01/01/2021 16:00,281.09518
01/01/2021 17:00,280.81
01/01/2021 18:00,280.52228
01/01/2021 19:00,280.46057
01/01/2021 20:00,280.3565
01/01/2021 21:00,280.35602
01/01/2021 22:00,280.47568
01/01/2021 23:00,280.2905
02/01/2021 0:00,280.2414
02/01/2021 1:00,280.16907
02/01/2021 2:00,279.72617
02/01/2021 3:00,279.77127
02/01/2021 4:00,279.72137
02/01/2021 5:00,279.77002
02/01/2021 6:00,280.0557
02/01/2021 7:00,280.8473
02/01/2021 8:00,281.45547
02/01/2021 9:00,282.16116
02/01/2021 10:00,282.64462
02/01/2021 11:00,283.41202
02/01/2021 12:00,283.21298
02/01/2021 13:00,282.72876
02/01/2021 14:00,282.56097
02/01/2021 15:00,282.43777
02/01/2021 16:00,282.24606
02/01/2021 17:00,282.22287
02/01/2021 18:00,282.12766
02/01/2021 19:00,281.76736
02/01/2021 20:00,281.64392
02/01/2021 21:00,281.64517
02/01/2021 22:00,281.42548
02/01/2021 23:00,281.09268
03/01/2021 0:00,280.91608
03/01/2021 1:00,281.0143
03/01/2021 2:00,280.8206
03/01/2021 3:00,280.3749
03/01/2021 4:00,279.68234
03/01/2021 5:00,280.04285
03/01/2021 6:00,280.05344
03/01/2021 7:00,280.23257
03/01/2021 8:00,280.6072
03/01/2021 9:00,281.2552
03/01/2021 10:00,281.69556
03/01/2021 11:00,282.0072
03/01/2021 12:00,282.1964
03/01/2021 13:00,281.9601
03/01/2021 14:00,281.84573
03/01/2021 15:00,280.88406
03/01/2021 16:00,280.57117
03/01/2021 17:00,280.11212
03/01/2021 18:00,280.08795
03/01/2021 19:00,279.71786
03/01/2021 20:00,279.17014
03/01/2021 21:00,279.37445
03/01/2021 22:00,279.4047
03/01/2021 23:00,279.4279
04/01/2021 0:00,279.18552
04/01/2021 1:00,279.186
04/01/2021 2:00,279.18423
04/01/2021 3:00,279.01846
04/01/2021 4:00,279.252
04/01/2021 5:00,279.0666
04/01/2021 6:00,279.153
04/01/2021 7:00,277.97192
04/01/2021 8:00,278.89453
04/01/2021 9:00,280.745
04/01/2021 10:00,281.46732
04/01/2021 11:00,282.2163
04/01/2021 12:00,282.3748
04/01/2021 13:00,282.2856
04/01/2021 14:00,281.7835
04/01/2021 15:00,281.2713
04/01/2021 16:00,279.64175
04/01/2021 17:00,278.55542
04/01/2021 18:00,277.90063
04/01/2021 19:00,275.36966
04/01/2021 20:00,274.6665
04/01/2021 21:00,273.9447
04/01/2021 22:00,273.37027
04/01/2021 23:00,273.0997
05/01/2021 0:00,272.9581
05/01/2021 1:00,272.88
05/01/2021 2:00,272.88126
05/01/2021 3:00,273.16116
05/01/2021 4:00,273.01605
05/01/2021 5:00,272.98404
05/01/2021 6:00,273.05536
05/01/2021 7:00,273.26218
05/01/2021 8:00,275.56717
05/01/2021 9:00,278.21027
05/01/2021 10:00,279.99625
05/01/2021 11:00,280.61426
05/01/2021 12:00,280.8042
05/01/2021 13:00,280.47845
05/01/2021 14:00,280.1532
05/01/2021 15:00,280.00406
05/01/2021 16:00,279.4231
05/01/2021 17:00,279.56265
05/01/2021 18:00,279.6967
05/01/2021 19:00,279.84735
05/01/2021 20:00,280.2996
05/01/2021 21:00,280.3691
05/01/2021 22:00,280.29352
05/01/2021 23:00,280.01212
06/01/2021 0:00,279.49515
06/01/2021 1:00,278.8905
06/01/2021 2:00,278.66577
06/01/2021 3:00,278.3944
06/01/2021 4:00,278.31656
06/01/2021 5:00,278.17877
06/01/2021 6:00,278.02734
06/01/2021 7:00,277.94522
06/01/2021 8:00,278.42844
06/01/2021 9:00,279.314
06/01/2021 10:00,280.419
06/01/2021 11:00,280.95035
06/01/2021 12:00,281.27332
06/01/2021 13:00,281.37335
06/01/2021 14:00,281.05817
06/01/2021 15:00,280.10938
06/01/2021 16:00,278.78015
06/01/2021 17:00,277.07855
06/01/2021 18:00,275.52863
06/01/2021 19:00,276.3953
06/01/2021 20:00,276.9813
06/01/2021 21:00,275.70547
06/01/2021 22:00,274.82898
06/01/2021 23:00,273.7124
07/01/2021 0:00,272.61597
07/01/2021 1:00,271.70547
07/01/2021 2:00,271.03076
07/01/2021 3:00,270.52112
07/01/2021 4:00,270.03763
07/01/2021 5:00,270.02353
07/01/2021 6:00,270.22784
07/01/2021 7:00,270.6564
07/01/2021 8:00,273.2627
07/01/2021 9:00,276.9206
07/01/2021 10:00,279.39462
07/01/2021 11:00,280.7561
07/01/2021 12:00,281.1199
07/01/2021 13:00,281.199
07/01/2021 14:00,281.03574
07/01/2021 15:00,280.28497
07/01/2021 16:00,278.6917
07/01/2021 17:00,277.45065
07/01/2021 18:00,276.29956
07/01/2021 19:00,276.6127
07/01/2021 20:00,276.21213
07/01/2021 21:00,276.0116
07/01/2021 22:00,275.9171
07/01/2021 23:00,275.94333
08/01/2021 0:00,275.99545
08/01/2021 1:00,275.85614
08/01/2021 2:00,275.96674
08/01/2021 3:00,275.98438
08/01/2021 4:00,275.78964
08/01/2021 5:00,275.70172
08/01/2021 6:00,275.67197
08/01/2021 7:00,275.71985
08/01/2021 8:00,276.389
08/01/2021 9:00,276.8669
08/01/2021 10:00,276.98935
08/01/2021 11:00,277.6051
08/01/2021 12:00,278.09436
08/01/2021 13:00,278.2692
08/01/2021 14:00,278.41885
08/01/2021 15:00,278.05026
08/01/2021 16:00,277.02817
08/01/2021 17:00,276.13303
08/01/2021 18:00,275.6178
08/01/2021 19:00,275.74252
08/01/2021 20:00,275.41046
08/01/2021 21:00,274.94992
08/01/2021 22:00,274.6287
08/01/2021 23:00,274.0868
09/01/2021 0:00,273.7124
09/01/2021 1:00,273.4708
09/01/2021 2:00,273.31662
09/01/2021 3:00,273.1871
09/01/2021 4:00,273.16116
09/01/2021 5:00,273.35037
09/01/2021 6:00,273.38666
09/01/2021 7:00,274.28757
09/01/2021 8:00,275.2666
09/01/2021 9:00,276.87045
09/01/2021 10:00,278.1843
09/01/2021 11:00,278.84717
09/01/2021 12:00,279.04166
09/01/2021 13:00,278.8663
09/01/2021 14:00,278.61865
09/01/2021 15:00,278.08478
09/01/2021 16:00,277.51013
09/01/2021 17:00,276.9309
09/01/2021 18:00,276.3648
09/01/2021 19:00,275.92694
09/01/2021 20:00,275.85968
09/01/2021 21:00,275.86798
09/01/2021 22:00,275.87704
09/01/2021 23:00,275.88864
10/01/2021 0:00,275.76898
10/01/2021 1:00,275.6526
10/01/2021 2:00,275.4291
10/01/2021 3:00,274.7839
10/01/2021 4:00,274.44254
10/01/2021 5:00,274.46948
10/01/2021 6:00,274.22763
10/01/2021 7:00,275.4654
10/01/2021 8:00,275.91534
10/01/2021 9:00,276.5709
10/01/2021 10:00,277.2937
10/01/2021 11:00,277.17505
10/01/2021 12:00,277.24283
10/01/2021 13:00,276.66412
10/01/2021 14:00,276.13605
10/01/2021 15:00,275.52686
10/01/2021 16:00,274.98746
10/01/2021 17:00,274.60654
10/01/2021 18:00,274.23367
10/01/2021 19:00,273.56125
10/01/2021 20:00,273.2151
10/01/2021 21:00,273.06693
10/01/2021 22:00,272.93945
10/01/2021 23:00,272.91098
11/01/2021 0:00,272.9178
11/01/2021 1:00,273.05435
11/01/2021 2:00,273.19745
11/01/2021 3:00,273.2836
11/01/2021 4:00,273.21155
11/01/2021 5:00,273.1526
11/01/2021 6:00,273.03647
11/01/2021 7:00,273.66327
11/01/2021 8:00,273.9369
11/01/2021 9:00,274.33392
11/01/2021 10:00,274.89752
11/01/2021 11:00,275.4785
11/01/2021 12:00,276.03375
11/01/2021 13:00,275.96194
11/01/2021 14:00,275.8151
11/01/2021 15:00,275.51804
11/01/2021 16:00,275.0192
11/01/2021 17:00,274.53726
11/01/2021 18:00,274.11023
11/01/2021 19:00,273.7983
11/01/2021 20:00,273.24985
11/01/2021 21:00,272.79813
11/01/2021 22:00,272.55423
11/01/2021 23:00,272.38797
12/01/2021 0:00,272.12167
12/01/2021 1:00,272.18314
12/01/2021 2:00,272.0957
12/01/2021 3:00,271.88586
12/01/2021 4:00,271.6236
12/01/2021 5:00,271.39432
12/01/2021 6:00,271.1993
12/01/2021 7:00,271.45303
12/01/2021 8:00,272.44818
12/01/2021 9:00,274.0437
12/01/2021 10:00,275.49536
12/01/2021 11:00,276.6205
12/01/2021 12:00,277.3829
12/01/2021 13:00,277.74115
12/01/2021 14:00,277.5159
12/01/2021 15:00,276.8062
12/01/2021 16:00,275.35706
12/01/2021 17:00,274.29413
12/01/2021 18:00,273.72726
12/01/2021 19:00,273.3791
12/01/2021 20:00,272.68753
12/01/2021 21:00,272.1524
12/01/2021 22:00,271.55807
12/01/2021 23:00,271.4868
13/01/2021 0:00,271.79944
13/01/2021 1:00,272.17484
13/01/2021 2:00,272.14886
13/01/2021 3:00,271.92667
13/01/2021 4:00,272.071
13/01/2021 5:00,271.9617
13/01/2021 6:00,271.7342
13/01/2021 7:00,272.2199
13/01/2021 8:00,274.41986
13/01/2021 9:00,277.204
13/01/2021 10:00,278.79828
13/01/2021 11:00,279.16736
13/01/2021 12:00,279.0346
13/01/2021 13:00,278.86884
13/01/2021 14:00,278.61462
13/01/2021 15:00,277.81848
13/01/2021 16:00,276.2658
13/01/2021 17:00,274.45538
13/01/2021 18:00,272.8805
13/01/2021 19:00,271.8934
13/01/2021 20:00,271.1066
13/01/2021 21:00,270.50473
13/01/2021 22:00,270.16916
13/01/2021 23:00,270.04797
14/01/2021 0:00,270.07315
14/01/2021 1:00,270.2626
14/01/2021 2:00,270.45685
14/01/2021 3:00,270.77682
14/01/2021 4:00,271.29303
14/01/2021 5:00,272.02365
14/01/2021 6:00,272.92108
14/01/2021 7:00,273.89658
14/01/2021 8:00,274.92725
14/01/2021 9:00,277.33124
14/01/2021 10:00,277.9714
14/01/2021 11:00,278.36166
14/01/2021 12:00,278.43524
14/01/2021 13:00,278.01123
14/01/2021 14:00,277.30405
14/01/2021 15:00,276.8319
14/01/2021 16:00,275.77753
14/01/2021 17:00,275.52206
14/01/2021 18:00,275.10788
14/01/2021 19:00,274.98016
14/01/2021 20:00,274.26086
14/01/2021 21:00,273.7031
14/01/2021 22:00,273.19794
14/01/2021 23:00,272.7558
15/01/2021 0:00,272.33557
15/01/2021 1:00,271.68808
15/01/2021 2:00,271.1008
15/01/2021 3:00,270.7418
15/01/2021 4:00,270.34274
15/01/2021 5:00,270.20718
15/01/2021 6:00,270.08978
15/01/2021 7:00,270.6365
15/01/2021 8:00,272.32297
15/01/2021 9:00,273.48944
15/01/2021 10:00,275.22604
15/01/2021 11:00,276.19174
15/01/2021 12:00,276.76263
15/01/2021 13:00,276.93143
15/01/2021 14:00,276.587
15/01/2021 15:00,275.7264
15/01/2021 16:00,274.36368
15/01/2021 17:00,273.41788
15/01/2021 18:00,272.84927
15/01/2021 19:00,272.86893
15/01/2021 20:00,272.55954
15/01/2021 21:00,272.28995
15/01/2021 22:00,272.09042
15/01/2021 23:00,271.91962
16/01/2021 0:00,271.82767
16/01/2021 1:00,271.94052
16/01/2021 2:00,271.95462
16/01/2021 3:00,272.035
16/01/2021 4:00,272.08563
16/01/2021 5:00,272.035
16/01/2021 6:00,271.92566
16/01/2021 7:00,272.1733
16/01/2021 8:00,272.74573
16/01/2021 9:00,273.54034
16/01/2021 10:00,274.18378
16/01/2021 11:00,274.57755
16/01/2021 12:00,274.69647
16/01/2021 13:00,274.5438
16/01/2021 14:00,274.183
16/01/2021 15:00,273.53253
16/01/2021 16:00,272.54645
16/01/2021 17:00,271.70346
16/01/2021 18:00,270.9799
16/01/2021 19:00,270.55563
16/01/2021 20:00,270.1243
16/01/2021 21:00,270.07745
16/01/2021 22:00,270.17142
16/01/2021 23:00,270.65918
17/01/2021 0:00,270.769
17/01/2021 1:00,270.07693
17/01/2021 2:00,269.90613
17/01/2021 3:00,269.80157
17/01/2021 4:00,270.00235
17/01/2021 5:00,270.19458
17/01/2021 6:00,270.9799
17/01/2021 7:00,271.2565
17/01/2021 8:00,272.75983
17/01/2021 9:00,274.17548
17/01/2021 10:00,275.1419
17/01/2021 11:00,275.29733
17/01/2021 12:00,275.75714
17/01/2021 13:00,275.8083
17/01/2021 14:00,275.8884
17/01/2021 15:00,275.71155
17/01/2021 16:00,275.479
17/01/2021 17:00,274.65213
17/01/2021 18:00,271.9224
17/01/2021 19:00,271.66187
17/01/2021 20:00,271.61856
17/01/2021 21:00,271.39786
17/01/2021 22:00,271.0751
17/01/2021 23:00,270.66623
18/01/2021 0:00,270.3624
18/01/2021 1:00,269.8754
18/01/2021 2:00,269.6237
18/01/2021 3:00,269.38788
18/01/2021 4:00,268.99966
18/01/2021 5:00,268.65448
18/01/2021 6:00,268.34738
18/01/2021 7:00,268.5774
18/01/2021 8:00,270.1873
18/01/2021 9:00,271.67648
18/01/2021 10:00,273.4383
18/01/2021 11:00,274.94742
18/01/2021 12:00,276.11514
18/01/2021 13:00,276.66312
18/01/2021 14:00,276.87927
18/01/2021 15:00,276.32147
18/01/2021 16:00,274.4541
18/01/2021 17:00,274.07266
18/01/2021 18:00,273.45267
18/01/2021 19:00,272.36606
18/01/2021 20:00,271.63794
18/01/2021 21:00,271.11163
18/01/2021 22:00,270.75464
18/01/2021 23:00,270.51505
19/01/2021 0:00,270.34827
19/01/2021 1:00,270.3984
19/01/2021 2:00,270.30392
19/01/2021 3:00,270.2591
19/01/2021 4:00,270.2475
19/01/2021 5:00,270.32837
19/01/2021 6:00,270.4251
19/01/2021 7:00,270.92798
19/01/2021 8:00,274.06763
19/01/2021 9:00,277.01883
19/01/2021 10:00,278.49344
19/01/2021 11:00,278.80307
19/01/2021 12:00,279.17746
19/01/2021 13:00,279.3019
19/01/2021 14:00,278.98798
19/01/2021 15:00,278.03616
19/01/2021 16:00,276.4011
19/01/2021 17:00,275.0041
19/01/2021 18:00,274.1213
19/01/2021 19:00,274.86655
19/01/2021 20:00,274.97537
19/01/2021 21:00,274.71765
19/01/2021 22:00,274.9887
19/01/2021 23:00,274.85443
20/01/2021 0:00,274.5244
20/01/2021 1:00,274.58688
20/01/2021 2:00,275.3538
20/01/2021 3:00,275.57953
20/01/2021 4:00,274.8809
20/01/2021 5:00,274.3619
20/01/2021 6:00,274.43243
20/01/2021 7:00,274.96957
20/01/2021 8:00,276.6112
20/01/2021 9:00,279.23288
20/01/2021 10:00,280.7712
20/01/2021 11:00,281.55447
20/01/2021 12:00,281.7306
20/01/2021 13:00,282.02182
20/01/2021 14:00,281.9664
20/01/2021 15:00,281.34967
20/01/2021 16:00,279.94913
20/01/2021 17:00,278.53122
20/01/2021 18:00,277.98755
20/01/2021 19:00,278.25082
20/01/2021 20:00,278.06717
20/01/2021 21:00,278.32513
20/01/2021 22:00,278.90082
20/01/2021 23:00,278.90762
21/01/2021 0:00,278.76276
21/01/2021 1:00,278.79727
21/01/2021 2:00,278.9812
21/01/2021 3:00,279.12277
21/01/2021 4:00,279.07867
21/01/2021 5:00,279.35532
21/01/2021 6:00,279.11246
21/01/2021 7:00,280.02094
21/01/2021 8:00,281.18765
21/01/2021 9:00,282.11276
21/01/2021 10:00,282.9623
21/01/2021 11:00,283.55463
21/01/2021 12:00,283.76474
21/01/2021 13:00,283.87357
21/01/2021 14:00,283.52893
21/01/2021 15:00,283.28857
21/01/2021 16:00,282.6814
21/01/2021 17:00,282.4078
21/01/2021 18:00,282.20575
21/01/2021 19:00,282.43628
21/01/2021 20:00,282.14627
21/01/2021 21:00,281.656
21/01/2021 22:00,281.58347
21/01/2021 23:00,281.60663
22/01/2021 0:00,281.7331
22/01/2021 1:00,281.7588
22/01/2021 2:00,282.16116
22/01/2021 3:00,282.47305
22/01/2021 4:00,282.45316
22/01/2021 5:00,282.53882
22/01/2021 6:00,282.56577
22/01/2021 7:00,282.63907
22/01/2021 8:00,283.14395
22/01/2021 9:00,283.70325
22/01/2021 10:00,283.93253
22/01/2021 11:00,284.44724
22/01/2021 12:00,284.45
22/01/2021 13:00,284.41574
22/01/2021 14:00,284.32178
22/01/2021 15:00,284.0595
22/01/2021 16:00,283.59845
22/01/2021 17:00,283.79092
22/01/2021 18:00,283.85318
22/01/2021 19:00,283.98215
22/01/2021 20:00,283.8217
22/01/2021 21:00,283.5017
22/01/2021 22:00,283.24347
22/01/2021 23:00,283.1019
23/01/2021 0:00,282.8535
23/01/2021 1:00,282.8502
23/01/2021 2:00,282.76178
23/01/2021 3:00,282.61563
23/01/2021 4:00,282.59903
23/01/2021 5:00,282.45364
23/01/2021 6:00,282.2884
23/01/2021 7:00,282.78268
23/01/2021 8:00,282.7615
23/01/2021 9:00,282.99658
23/01/2021 10:00,283.375
23/01/2021 11:00,283.79874
23/01/2021 12:00,284.00784
23/01/2021 13:00,284.48856
23/01/2021 14:00,283.96805
23/01/2021 15:00,283.0301
23/01/2021 16:00,281.8097
23/01/2021 17:00,280.63742
23/01/2021 18:00,278.89856
23/01/2021 19:00,278.88443
23/01/2021 20:00,278.39267
23/01/2021 21:00,278.36496
23/01/2021 22:00,278.22586
23/01/2021 23:00,278.63074
24/01/2021 0:00,278.6378
24/01/2021 1:00,279.51303
24/01/2021 2:00,280.18695
24/01/2021 3:00,280.50266
24/01/2021 4:00,280.62256
24/01/2021 5:00,280.61877
24/01/2021 6:00,280.5077
24/01/2021 7:00,279.91763
24/01/2021 8:00,280.29178
24/01/2021 9:00,280.82108
24/01/2021 10:00,281.5429
24/01/2021 11:00,281.91223
24/01/2021 12:00,282.0964
24/01/2021 13:00,281.75528
24/01/2021 14:00,281.47714
24/01/2021 15:00,281.34033
24/01/2021 16:00,281.03348
24/01/2021 17:00,280.86038
24/01/2021 18:00,280.39456
24/01/2021 19:00,279.4256
24/01/2021 20:00,278.57532
24/01/2021 21:00,277.67288
24/01/2021 22:00,276.4477
24/01/2021 23:00,275.80777
25/01/2021 0:00,275.66315
25/01/2021 1:00,275.40292
25/01/2021 2:00,275.0318
25/01/2021 3:00,274.08075
25/01/2021 4:00,273.04553
25/01/2021 5:00,272.12393
25/01/2021 6:00,271.50568
25/01/2021 7:00,272.29703
25/01/2021 8:00,273.6028
25/01/2021 9:00,276.63565
25/01/2021 10:00,276.85785
25/01/2021 11:00,276.62405
25/01/2021 12:00,276.5215
25/01/2021 13:00,275.808
25/01/2021 14:00,275.74832
25/01/2021 15:00,275.6551
25/01/2021 16:00,275.53442
25/01/2021 17:00,275.85287
25/01/2021 18:00,276.16025
25/01/2021 19:00,275.643
25/01/2021 20:00,274.98065
25/01/2021 21:00,274.8489
25/01/2021 22:00,274.40903
25/01/2021 23:00,274.05478
26/01/2021 0:00,273.50052
26/01/2021 1:00,273.39648
26/01/2021 2:00,273.5043
26/01/2021 3:00,273.71768
26/01/2021 4:00,274.06033
26/01/2021 5:00,274.01675
26/01/2021 6:00,273.77994
26/01/2021 7:00,273.36346
26/01/2021 8:00,274.2785
26/01/2021 9:00,275.48303
26/01/2021 10:00,276.46835
26/01/2021 11:00,277.36877
26/01/2021 12:00,277.80338
26/01/2021 13:00,277.79633
26/01/2021 14:00,277.40356
26/01/2021 15:00,276.72205
26/01/2021 16:00,275.4815
26/01/2021 17:00,274.22787
26/01/2021 18:00,273.18283
26/01/2021 19:00,272.47916
26/01/2021 20:00,271.3797
26/01/2021 21:00,270.46265
26/01/2021 22:00,269.8328
26/01/2021 23:00,269.5383
27/01/2021 0:00,269.41788
27/01/2021 1:00,269.4778
27/01/2021 2:00,269.59296
27/01/2021 3:00,269.6955
27/01/2021 4:00,269.76932
27/01/2021 5:00,269.73
27/01/2021 6:00,269.564
27/01/2021 7:00,270.1112
27/01/2021 8:00,272.7291
27/01/2021 9:00,275.9219
27/01/2021 10:00,277.80084
27/01/2021 11:00,278.58893
27/01/2021 12:00,279.01974
27/01/2021 13:00,279.19458
27/01/2021 14:00,279.056
27/01/2021 15:00,278.33875
27/01/2021 16:00,276.7906
27/01/2021 17:00,276.82056
27/01/2021 18:00,274.3982
27/01/2021 19:00,271.93295
27/01/2021 20:00,270.9363
27/01/2021 21:00,270.41504
27/01/2021 22:00,270.1044
27/01/2021 23:00,269.97943
28/01/2021 0:00,269.94315
28/01/2021 1:00,269.82373
28/01/2021 2:00,269.88925
28/01/2021 3:00,269.79123
28/01/2021 4:00,269.73907
28/01/2021 5:00,270.02127
28/01/2021 6:00,269.81644
28/01/2021 7:00,269.93887
28/01/2021 8:00,273.25742
28/01/2021 9:00,276.80872
28/01/2021 10:00,278.63477
28/01/2021 11:00,279.47046
28/01/2021 12:00,279.88235
28/01/2021 13:00,280.0522
28/01/2021 14:00,279.69217
28/01/2021 15:00,278.90762
28/01/2021 16:00,277.1982
28/01/2021 17:00,276.12622
28/01/2021 18:00,275.48553
28/01/2021 19:00,275.49637
28/01/2021 20:00,275.46588
28/01/2021 21:00,275.58505
28/01/2021 22:00,275.59512
28/01/2021 23:00,275.6851
29/01/2021 0:00,275.68433
29/01/2021 1:00,275.75082
29/01/2021 2:00,275.3175
29/01/2021 3:00,275.17465
29/01/2021 4:00,274.97662
29/01/2021 5:00,275.2137
29/01/2021 6:00,275.50494
29/01/2021 7:00,276.47363
29/01/2021 8:00,277.74216
29/01/2021 9:00,279.20618
29/01/2021 10:00,279.83398
29/01/2021 11:00,280.53513
29/01/2021 12:00,280.89944
29/01/2021 13:00,281.47134
29/01/2021 14:00,280.97174
29/01/2021 15:00,280.74777
29/01/2021 16:00,280.31418
29/01/2021 17:00,280.2066
29/01/2021 18:00,280.08014
29/01/2021 19:00,280.05344
29/01/2021 20:00,279.72113
29/01/2021 21:00,279.33868
29/01/2021 22:00,279.0162
29/01/2021 23:00,278.60202
30/01/2021 0:00,277.98425
30/01/2021 1:00,277.0919
30/01/2021 2:00,276.5996
30/01/2021 3:00,276.60516
30/01/2021 4:00,276.15268
30/01/2021 5:00,274.9275
30/01/2021 6:00,274.40826
30/01/2021 7:00,275.0293
30/01/2021 8:00,277.30252
30/01/2021 9:00,279.72592
30/01/2021 10:00,281.86713
30/01/2021 11:00,283.12683
30/01/2021 12:00,283.66168
30/01/2021 13:00,283.97736
30/01/2021 14:00,283.36316
30/01/2021 15:00,282.6708
30/01/2021 16:00,281.4119
30/01/2021 17:00,280.3172
30/01/2021 18:00,279.7592
30/01/2021 19:00,280.10028
30/01/2021 20:00,280.10736
30/01/2021 21:00,280.10535
30/01/2021 22:00,280.42984
30/01/2021 23:00,280.61603
31/01/2021 0:00,281.068
31/01/2021 1:00,281.49023
31/01/2021 2:00,281.70135
31/01/2021 3:00,281.8369
31/01/2021 4:00,281.77393
31/01/2021 5:00,281.5948
31/01/2021 6:00,281.46405
31/01/2021 7:00,282.06213
31/01/2021 8:00,282.10043
31/01/2021 9:00,282.02737
31/01/2021 10:00,281.8296
31/01/2021 11:00,281.19522
31/01/2021 12:00,280.70975
31/01/2021 13:00,280.14438
31/01/2021 14:00,279.46844
31/01/2021 15:00,278.85245
31/01/2021 16:00,278.26645
31/01/2021 17:00,277.80084
31/01/2021 18:00,277.34232
31/01/2021 19:00,277.24155
31/01/2021 20:00,276.60416
31/01/2021 21:00,276.3545
31/01/2021 22:00,276.25873
31/01/2021 23:00,275.99295
01/02/2021 0:00,276.00763
01/02/2021 1:00,275.87787
01/02/2021 2:00,275.9807
01/02/2021 3:00,276.20593
01/02/2021 4:00,276.3606
01/02/2021 5:00,276.67273
01/02/2021 6:00,276.95917
01/02/2021 7:00,276.91306
01/02/2021 8:00,278.13513
01/02/2021 9:00,279.83014
01/02/2021 10:00,280.6605
01/02/2021 11:00,281.76178
01/02/2021 12:00,282.54236
01/02/2021 13:00,282.63376
01/02/2021 14:00,282.05923
01/02/2021 15:00,281.61734
01/02/2021 16:00,281.06525
01/02/2021 17:00,279.94724
01/02/2021 18:00,279.00998
01/02/2021 19:00,278.12576
01/02/2021 20:00,277.3505
01/02/2021 21:00,276.74414
01/02/2021 22:00,276.2504
01/02/2021 23:00,276.3822
02/02/2021 0:00,276.34305
02/02/2021 1:00,276.11414
02/02/2021 2:00,276.0864
02/02/2021 3:00,276.0362
02/02/2021 4:00,275.6359
02/02/2021 5:00,274.97488
02/02/2021 6:00,274.49136
02/02/2021 7:00,274.879
02/02/2021 8:00,277.3521
02/02/2021 9:00,281.4676
02/02/2021 10:00,283.3976
02/02/2021 11:00,284.5242
02/02/2021 12:00,285.1685
02/02/2021 13:00,285.35007
02/02/2021 14:00,284.85632
02/02/2021 15:00,284.2251
02/02/2021 16:00,282.992
02/02/2021 17:00,282.48114
02/02/2021 18:00,281.92868
02/02/2021 19:00,281.73444
02/02/2021 20:00,279.27316
02/02/2021 21:00,278.07312
02/02/2021 22:00,277.17175
02/02/2021 23:00,276.4373
03/02/2021 0:00,276.81146
03/02/2021 1:00,276.83105
03/02/2021 2:00,276.88736
03/02/2021 3:00,277.1269
03/02/2021 4:00,277.17545
03/02/2021 5:00,276.32346
03/02/2021 6:00,276.74698
03/02/2021 7:00,277.7022
03/02/2021 8:00,279.6808
03/02/2021 9:00,282.43176
03/02/2021 10:00,283.28946
03/02/2021 11:00,283.8048
03/02/2021 12:00,284.3708
03/02/2021 13:00,284.5397
03/02/2021 14:00,284.48746
03/02/2021 15:00,283.94763
03/02/2021 16:00,283.43146
03/02/2021 17:00,282.8908
03/02/2021 18:00,282.3759
03/02/2021 19:00,282.76636
03/02/2021 20:00,282.7986
03/02/2021 21:00,282.7178
03/02/2021 22:00,282.75534
03/02/2021 23:00,282.75494
04/02/2021 0:00,282.85532
04/02/2021 1:00,282.79004
04/02/2021 2:00,282.8292
04/02/2021 3:00,282.8537
04/02/2021 4:00,282.89328
04/02/2021 5:00,282.8851
04/02/2021 6:00,282.86472
04/02/2021 7:00,283.915
04/02/2021 8:00,284.54663
04/02/2021 9:00,284.70905
04/02/2021 10:00,284.96365
04/02/2021 11:00,285.3929
04/02/2021 12:00,285.4847
04/02/2021 13:00,285.6867
04/02/2021 14:00,285.56836
04/02/2021 15:00,285.3668
04/02/2021 16:00,284.7017
04/02/2021 17:00,283.87296
04/02/2021 18:00,283.19278
04/02/2021 19:00,282.65088
04/02/2021 20:00,281.9205
04/02/2021 21:00,281.681
04/02/2021 22:00,281.82217
04/02/2021 23:00,281.34192
05/02/2021 0:00,281.0979
05/02/2021 1:00,280.59644
05/02/2021 2:00,280.16718
05/02/2021 3:00,279.5947
05/02/2021 4:00,279.42822
05/02/2021 5:00,279.5302
05/02/2021 6:00,279.5347
05/02/2021 7:00,280.4483
05/02/2021 8:00,282.52725
05/02/2021 9:00,284.39362
05/02/2021 10:00,285.05505
05/02/2021 11:00,285.62997
05/02/2021 12:00,285.93845
05/02/2021 13:00,286.2665
05/02/2021 14:00,286.20938
05/02/2021 15:00,285.79034
05/02/2021 16:00,285.0163
05/02/2021 17:00,284.02924
05/02/2021 18:00,283.37924
05/02/2021 19:00,282.90387
05/02/2021 20:00,282.63947
05/02/2021 21:00,282.17676
05/02/2021 22:00,281.77402
05/02/2021 23:00,281.5488
06/02/2021 0:00,281.30682
06/02/2021 1:00,281.69568
06/02/2021 2:00,281.70792
06/02/2021 3:00,281.72913
06/02/2021 4:00,281.7426
06/02/2021 5:00,281.8736
06/02/2021 6:00,282.19022
06/02/2021 7:00,283.02383
06/02/2021 8:00,284.09006
06/02/2021 9:00,285.04813
06/02/2021 10:00,285.8797
06/02/2021 11:00,286.3816
06/02/2021 12:00,286.6929
06/02/2021 13:00,286.77698
06/02/2021 14:00,286.66354
06/02/2021 15:00,286.21265
06/02/2021 16:00,285.3317
06/02/2021 17:00,284.3369
06/02/2021 18:00,283.90073
06/02/2021 19:00,283.8958
06/02/2021 20:00,283.6918
06/02/2021 21:00,283.7383
06/02/2021 22:00,283.5135
06/02/2021 23:00,283.2899
07/02/2021 0:00,283.2756
07/02/2021 1:00,283.387
07/02/2021 2:00,283.52042
07/02/2021 3:00,283.74646
07/02/2021 4:00,283.7224
07/02/2021 5:00,283.84808
07/02/2021 6:00,283.8705
07/02/2021 7:00,284.26468
07/02/2021 8:00,284.7943
07/02/2021 9:00,285.39984
07/02/2021 10:00,286.26978
07/02/2021 11:00,286.71005
07/02/2021 12:00,287.00342
07/02/2021 13:00,287.09647
07/02/2021 14:00,286.4493
07/02/2021 15:00,285.65405
07/02/2021 16:00,285.01752
07/02/2021 17:00,284.82858
07/02/2021 18:00,284.77472
07/02/2021 19:00,284.54907
07/02/2021 20:00,284.29202
07/02/2021 21:00,283.90726
07/02/2021 22:00,283.63672
07/02/2021 23:00,283.44003
08/02/2021 0:00,283.4641
08/02/2021 1:00,283.41678
08/02/2021 2:00,283.12585
08/02/2021 3:00,283.0165
08/02/2021 4:00,282.75168
08/02/2021 5:00,282.40485
08/02/2021 6:00,282.3914
08/02/2021 7:00,283.1744
08/02/2021 8:00,283.904
08/02/2021 9:00,283.2042
08/02/2021 10:00,283.7881
08/02/2021 11:00,284.13535
08/02/2021 12:00,284.36505
08/02/2021 13:00,284.3569
08/02/2021 14:00,284.00967
08/02/2021 15:00,283.61264
08/02/2021 16:00,283.05484
08/02/2021 17:00,282.19388
08/02/2021 18:00,281.27582
08/02/2021 19:00,280.6703
08/02/2021 20:00,280.91022
08/02/2021 21:00,281.3513
08/02/2021 22:00,281.84378
08/02/2021 23:00,282.17554
09/02/2021 0:00,282.23306
09/02/2021 1:00,282.0727
09/02/2021 2:00,282.3216
09/02/2021 3:00,282.23837
09/02/2021 4:00,282.11227
09/02/2021 5:00,282.22614
09/02/2021 6:00,282.32446
09/02/2021 7:00,282.2857
09/02/2021 8:00,282.60355
09/02/2021 9:00,283.123
09/02/2021 10:00,283.56653
09/02/2021 11:00,283.81012
09/02/2021 12:00,284.08105
09/02/2021 13:00,284.84042
09/02/2021 14:00,284.36465
09/02/2021 15:00,283.4429
09/02/2021 16:00,282.7974
09/02/2021 17:00,281.63367
09/02/2021 18:00,281.1742
09/02/2021 19:00,280.11127
09/02/2021 20:00,280.4536
09/02/2021 21:00,280.96326
09/02/2021 22:00,280.49277
09/02/2021 23:00,280.04965
10/02/2021 0:00,280.31854
10/02/2021 1:00,280.63885
10/02/2021 2:00,280.90695
10/02/2021 3:00,281.5239
10/02/2021 4:00,281.9552
10/02/2021 5:00,282.25223
10/02/2021 6:00,282.41342
10/02/2021 7:00,282.94263
10/02/2021 8:00,283.09402
10/02/2021 9:00,283.6314
10/02/2021 10:00,284.09454
10/02/2021 11:00,284.43524
10/02/2021 12:00,284.36588
10/02/2021 13:00,284.05945
10/02/2021 14:00,284.0533
10/02/2021 15:00,284.1647
10/02/2021 16:00,283.94397
10/02/2021 17:00,283.7677
10/02/2021 18:00,283.6959
10/02/2021 19:00,283.29028
10/02/2021 20:00,283.3058
10/02/2021 21:00,282.899
10/02/2021 22:00,282.34732
10/02/2021 23:00,281.98578
11/02/2021 0:00,280.16147
11/02/2021 1:00,279.42374
11/02/2021 2:00,278.80798
11/02/2021 3:00,279.25357
11/02/2021 4:00,278.39627
11/02/2021 5:00,277.09668
11/02/2021 6:00,276.36017
11/02/2021 7:00,277.58307
11/02/2021 8:00,277.5953
11/02/2021 9:00,277.86462
11/02/2021 10:00,278.0168
11/02/2021 11:00,277.75607
11/02/2021 12:00,277.3513
11/02/2021 13:00,276.93387
11/02/2021 14:00,276.55276
11/02/2021 15:00,275.58328
11/02/2021 16:00,274.50198
11/02/2021 17:00,273.86093
11/02/2021 18:00,273.42108
11/02/2021 19:00,272.55807
11/02/2021 20:00,271.8142
11/02/2021 21:00,271.13608
11/02/2021 22:00,270.59094
11/02/2021 23:00,270.25757
12/02/2021 0:00,270.06537
12/02/2021 1:00,269.73282
12/02/2021 2:00,269.6671
12/02/2021 3:00,269.58023
12/02/2021 4:00,269.477
12/02/2021 5:00,269.33456
12/02/2021 6:00,269.2705
12/02/2021 7:00,269.99112
12/02/2021 8:00,270.67255
12/02/2021 9:00,271.66977
12/02/2021 10:00,272.67844
12/02/2021 11:00,273.60837
12/02/2021 12:00,274.34732
12/02/2021 13:00,274.7427
12/02/2021 14:00,274.70966
12/02/2021 15:00,274.3755
12/02/2021 16:00,273.57736
12/02/2021 17:00,272.63437
12/02/2021 18:00,272.09903
12/02/2021 19:00,271.69385
12/02/2021 20:00,271.3303
12/02/2021 21:00,271.14218
12/02/2021 22:00,270.86963
12/02/2021 23:00,270.60358
13/02/2021 0:00,270.29672
13/02/2021 1:00,270.02948
13/02/2021 2:00,269.7573
13/02/2021 3:00,269.47534
13/02/2021 4:00,269.30927
13/02/2021 5:00,269.0118
13/02/2021 6:00,268.83105
13/02/2021 7:00,268.58542
13/02/2021 8:00,268.7458
13/02/2021 9:00,269.22113
13/02/2021 10:00,269.9846
13/02/2021 11:00,270.3457
13/02/2021 12:00,270.43668
13/02/2021 13:00,270.41098
13/02/2021 14:00,270.30856
13/02/2021 15:00,269.7271
13/02/2021 16:00,268.93225
13/02/2021 17:00,268.12637
13/02/2021 18:00,267.6237
13/02/2021 19:00,266.74557
13/02/2021 20:00,266.6803
13/02/2021 21:00,266.66885
13/02/2021 22:00,266.7256
13/02/2021 23:00,266.84595
14/02/2021 0:00,266.9696
14/02/2021 1:00,267.4074
14/02/2021 2:00,267.56696
14/02/2021 3:00,267.69754
14/02/2021 4:00,267.85544
14/02/2021 5:00,268.07822
14/02/2021 6:00,268.50217
14/02/2021 7:00,269.33987
14/02/2021 8:00,270.61255
14/02/2021 9:00,271.8591
14/02/2021 10:00,272.87512
14/02/2021 11:00,273.65204
14/02/2021 12:00,274.3208
14/02/2021 13:00,274.5387
14/02/2021 14:00,274.40323
14/02/2021 15:00,273.65857
14/02/2021 16:00,272.7315
14/02/2021 17:00,271.87582
14/02/2021 18:00,271.4584
14/02/2021 19:00,270.93082
14/02/2021 20:00,270.76965
14/02/2021 21:00,270.67007
14/02/2021 22:00,270.59378
14/02/2021 23:00,270.53625
15/02/2021 0:00,270.4224
15/02/2021 1:00,270.36813
15/02/2021 2:00,270.22247
15/02/2021 3:00,270.1029
15/02/2021 4:00,269.92297
15/02/2021 5:00,269.67365
15/02/2021 6:00,269.30643
15/02/2021 7:00,269.99805
15/02/2021 8:00,271.64407
15/02/2021 9:00,273.5941
15/02/2021 10:00,275.32864
15/02/2021 11:00,276.65396
15/02/2021 12:00,277.4941
15/02/2021 13:00,277.95724
15/02/2021 14:00,278.0111
15/02/2021 15:00,277.4378
15/02/2021 16:00,275.96765
15/02/2021 17:00,274.06946
15/02/2021 18:00,273.315
15/02/2021 19:00,273.59613
15/02/2021 20:00,273.40762
15/02/2021 21:00,272.69763
15/02/2021 22:00,271.6661
15/02/2021 23:00,270.9039
16/02/2021 0:00,270.58072
16/02/2021 1:00,270.5595
16/02/2021 2:00,271.1022
16/02/2021 3:00,270.9092
16/02/2021 4:00,270.73944
16/02/2021 5:00,271.29602
16/02/2021 6:00,271.17157
16/02/2021 7:00,273.03018
16/02/2021 8:00,275.36578
16/02/2021 9:00,276.67313
16/02/2021 10:00,277.68182
16/02/2021 11:00,278.30978
16/02/2021 12:00,279.27805
16/02/2021 13:00,279.631
16/02/2021 14:00,279.42944
16/02/2021 15:00,279.21194
16/02/2021 16:00,278.15186
16/02/2021 17:00,276.16962
16/02/2021 18:00,276.90164
16/02/2021 19:00,276.45444
16/02/2021 20:00,276.0464
16/02/2021 21:00,276.3104
16/02/2021 22:00,275.30334
16/02/2021 23:00,273.32846
17/02/2021 0:00,272.82248
17/02/2021 1:00,272.52136
17/02/2021 2:00,272.39282
17/02/2021 3:00,273.57288
17/02/2021 4:00,274.3012
17/02/2021 5:00,274.6921
17/02/2021 6:00,274.92062
17/02/2021 7:00,275.48453
17/02/2021 8:00,276.53317
17/02/2021 9:00,277.66916
17/02/2021 10:00,278.85532
17/02/2021 11:00,279.4074
17/02/2021 12:00,280.04883
17/02/2021 13:00,280.13492
17/02/2021 14:00,280.56213
17/02/2021 15:00,280.45645
17/02/2021 16:00,279.71222
17/02/2021 17:00,279.23315
17/02/2021 18:00,278.4326
17/02/2021 19:00,277.62836
17/02/2021 20:00,276.5687
17/02/2021 21:00,274.7472
17/02/2021 22:00,273.77118
17/02/2021 23:00,273.2244
18/02/2021 0:00,273.0861
18/02/2021 1:00,273.0612
18/02/2021 2:00,272.9343
18/02/2021 3:00,272.31857
18/02/2021 4:00,271.9293
18/02/2021 5:00,271.7073
18/02/2021 6:00,271.39966
18/02/2021 7:00,273.0004
18/02/2021 8:00,277.28928
18/02/2021 9:00,281.07953
18/02/2021 10:00,282.92917
18/02/2021 11:00,283.90073
18/02/2021 12:00,284.36383
18/02/2021 13:00,284.49725
18/02/2021 14:00,284.15573
18/02/2021 15:00,283.5543
18/02/2021 16:00,282.37506
18/02/2021 17:00,280.60825
18/02/2021 18:00,280.51605
18/02/2021 19:00,280.19778
18/02/2021 20:00,279.722
18/02/2021 21:00,279.22134
18/02/2021 22:00,277.68018
18/02/2021 23:00,275.5698
19/02/2021 0:00,274.27878
19/02/2021 1:00,273.8589
19/02/2021 2:00,273.4419
19/02/2021 3:00,273.30273
19/02/2021 4:00,273.50595
19/02/2021 5:00,274.3673
19/02/2021 6:00,274.5595
19/02/2021 7:00,276.35934
19/02/2021 8:00,279.21317
19/02/2021 9:00,281.15747
19/02/2021 10:00,282.03598
19/02/2021 11:00,282.96753
19/02/2021 12:00,283.28214
19/02/2021 13:00,282.96426
19/02/2021 14:00,282.7276
19/02/2021 15:00,282.6317
19/02/2021 16:00,282.12778
19/02/2021 17:00,281.27133
19/02/2021 18:00,280.5846
19/02/2021 19:00,280.05414
19/02/2021 20:00,279.41068
19/02/2021 21:00,278.7325
19/02/2021 22:00,278.0825
19/02/2021 23:00,278.24734
20/02/2021 0:00,278.37833
20/02/2021 1:00,278.21878
20/02/2021 2:00,278.3873
20/02/2021 3:00,278.24042
20/02/2021 4:00,277.94745
20/02/2021 5:00,277.7418
20/02/2021 6:00,278.26123
20/02/2021 7:00,279.24582
20/02/2021 8:00,281.18726
20/02/2021 9:00,282.5648
20/02/2021 10:00,283.1079
20/02/2021 11:00,283.62
20/02/2021 12:00,283.60367
20/02/2021 13:00,283.74933
20/02/2021 14:00,283.96518
20/02/2021 15:00,283.56244
20/02/2021 16:00,283.19644
20/02/2021 17:00,282.362
20/02/2021 18:00,282.30243
20/02/2021 19:00,281.19257
20/02/2021 20:00,279.7987
20/02/2021 21:00,278.7468
20/02/2021 22:00,277.47696
20/02/2021 23:00,276.70416
21/02/2021 0:00,275.98315
21/02/2021 1:00,275.39108
21/02/2021 2:00,274.87125
21/02/2021 3:00,274.96426
21/02/2021 4:00,275.0659
21/02/2021 5:00,274.61295
21/02/2021 6:00,274.53543
21/02/2021 7:00,276.57153
21/02/2021 8:00,279.2507
21/02/2021 9:00,282.3008
21/02/2021 10:00,284.2304
21/02/2021 11:00,285.24316
21/02/2021 12:00,285.8234
21/02/2021 13:00,286.00415
21/02/2021 14:00,285.90704
21/02/2021 15:00,285.1587
21/02/2021 16:00,284.0635
21/02/2021 17:00,282.50113
21/02/2021 18:00,281.21094
21/02/2021 19:00,279.58694
21/02/2021 20:00,278.70435
21/02/2021 21:00,278.20328
21/02/2021 22:00,277.68588
21/02/2021 23:00,277.02527
22/02/2021 0:00,276.35324
22/02/2021 1:00,275.41843
22/02/2021 2:00,274.9398
22/02/2021 3:00,274.8949
22/02/2021 4:00,274.96387
22/02/2021 5:00,274.52972
22/02/2021 6:00,274.2645
22/02/2021 7:00,275.9305
22/02/2021 8:00,280.63315
22/02/2021 9:00,283.86847
22/02/2021 10:00,284.97794
22/02/2021 11:00,285.58102
22/02/2021 12:00,285.9111
22/02/2021 13:00,286.06372
22/02/2021 14:00,285.9246
22/02/2021 15:00,285.37903
22/02/2021 16:00,284.3516
22/02/2021 17:00,282.92264
22/02/2021 18:00,282.73578
22/02/2021 19:00,281.8405
22/02/2021 20:00,279.9154
22/02/2021 21:00,278.67294
22/02/2021 22:00,277.77524
22/02/2021 23:00,277.14767
23/02/2021 0:00,276.35324
23/02/2021 1:00,275.39026
23/02/2021 2:00,274.7986
23/02/2021 3:00,274.51257
23/02/2021 4:00,274.37875
23/02/2021 5:00,274.21024
23/02/2021 6:00,274.13107
23/02/2021 7:00,276.90286
23/02/2021 8:00,281.58713
23/02/2021 9:00,284.92896
23/02/2021 10:00,286.79288
23/02/2021 11:00,288.08514
23/02/2021 12:00,289.2011
23/02/2021 13:00,289.95517
23/02/2021 14:00,290.10043
23/02/2021 15:00,289.28723
23/02/2021 16:00,287.6718
23/02/2021 17:00,285.3819
23/02/2021 18:00,283.023
23/02/2021 19:00,281.18033
23/02/2021 20:00,279.42984
23/02/2021 21:00,278.49136
23/02/2021 22:00,277.96213
23/02/2021 23:00,277.46555
24/02/2021 0:00,277.2599
24/02/2021 1:00,277.13013
24/02/2021 2:00,276.96692
24/02/2021 3:00,276.8531
24/02/2021 4:00,276.6605
24/02/2021 5:00,276.46097
24/02/2021 6:00,276.30508
24/02/2021 7:00,278.2298
24/02/2021 8:00,282.53217
24/02/2021 9:00,286.59253
24/02/2021 10:00,289.33945
24/02/2021 11:00,291.2046
24/02/2021 12:00,292.41605
24/02/2021 13:00,293.06525
24/02/2021 14:00,293.23172
24/02/2021 15:00,292.50665
24/02/2021 16:00,290.44687
24/02/2021 17:00,287.09442
24/02/2021 18:00,284.35324
24/02/2021 19:00,282.39423
24/02/2021 20:00,281.09995
24/02/2021 21:00,280.44586
24/02/2021 22:00,280.01822
24/02/2021 23:00,279.69995
25/02/2021 0:00,279.5384
25/02/2021 1:00,279.29642
25/02/2021 2:00,278.95978
25/02/2021 3:00,278.58725
25/02/2021 4:00,278.17593
25/02/2021 5:00,277.7667
25/02/2021 6:00,277.51166
25/02/2021 7:00,279.30704
25/02/2021 8:00,284.87918
25/02/2021 9:00,289.64752
25/02/2021 10:00,291.78278
25/02/2021 11:00,292.61926
25/02/2021 12:00,292.9465
25/02/2021 13:00,292.7682
25/02/2021 14:00,292.10757
25/02/2021 15:00,291.03363
25/02/2021 16:00,289.37903
25/02/2021 17:00,288.2349
25/02/2021 18:00,287.45065
25/02/2021 19:00,285.1779
25/02/2021 20:00,282.94754
25/02/2021 21:00,281.54428
25/02/2021 22:00,280.40506
25/02/2021 23:00,279.3711
26/02/2021 0:00,278.6407
26/02/2021 1:00,278.1425
26/02/2021 2:00,277.78015
26/02/2021 3:00,277.45453
26/02/2021 4:00,277.184
26/02/2021 5:00,276.94284
26/02/2021 6:00,276.8025
26/02/2021 7:00,278.75046
26/02/2021 8:00,284.8702
26/02/2021 9:00,289.39044
26/02/2021 10:00,291.0565
26/02/2021 11:00,291.62732
26/02/2021 12:00,291.81747
26/02/2021 13:00,291.76566
26/02/2021 14:00,291.31354
26/02/2021 15:00,290.43463
26/02/2021 16:00,288.9351
26/02/2021 17:00,287.05606
26/02/2021 18:00,285.99396
26/02/2021 19:00,285.11423
26/02/2021 20:00,282.66394
26/02/2021 21:00,280.96774
26/02/2021 22:00,279.67712
26/02/2021 23:00,278.6978
27/02/2021 0:00,277.86584
27/02/2021 1:00,277.26562
27/02/2021 2:00,276.99875
27/02/2021 3:00,276.66702
27/02/2021 4:00,276.78534
27/02/2021 5:00,277.082
27/02/2021 6:00,277.4174
27/02/2021 7:00,280.11697
27/02/2021 8:00,284.7074
27/02/2021 9:00,286.7627
27/02/2021 10:00,286.93082
27/02/2021 11:00,286.85123
27/02/2021 12:00,286.63458
27/02/2021 13:00,286.38974
27/02/2021 14:00,285.7789
27/02/2021 15:00,284.8298
27/02/2021 16:00,283.51715
27/02/2021 17:00,282.07025
27/02/2021 18:00,281.11136
27/02/2021 19:00,281.1036
27/02/2021 20:00,280.47278
27/02/2021 21:00,279.84442
27/02/2021 22:00,279.25845
27/02/2021 23:00,278.90918
28/02/2021 0:00,278.8088
28/02/2021 1:00,278.33752
28/02/2021 2:00,278.0062
28/02/2021 3:00,277.6459
28/02/2021 4:00,277.22318
28/02/2021 5:00,276.94406
28/02/2021 6:00,276.79922
28/02/2021 7:00,278.3306
28/02/2021 8:00,279.6257
28/02/2021 9:00,280.8955
28/02/2021 10:00,282.0821
28/02/2021 11:00,283.12137
28/02/2021 12:00,283.7624
28/02/2021 13:00,284.18063
28/02/2021 14:00,284.22388
28/02/2021 15:00,283.87094
28/02/2021 16:00,282.88266
28/02/2021 17:00,281.2513
28/02/2021 18:00,279.84317
28/02/2021 19:00,279.45227
28/02/2021 20:00,278.24
28/02/2021 21:00,277.2048
28/02/2021 22:00,276.35406
28/02/2021 23:00,275.64896
01/03/2021 0:00,275.05942
01/03/2021 1:00,274.66254
01/03/2021 2:00,274.2778
01/03/2021 3:00,273.9643
01/03/2021 4:00,273.76447
01/03/2021 5:00,273.62405
01/03/2021 6:00,273.67096
01/03/2021 7:00,275.9575
01/03/2021 8:00,279.45517
01/03/2021 9:00,282.16882
01/03/2021 10:00,284.21655
01/03/2021 11:00,285.67487
01/03/2021 12:00,286.58856
01/03/2021 13:00,286.94653
01/03/2021 14:00,286.85754
01/03/2021 15:00,286.1892
01/03/2021 16:00,284.7243
01/03/2021 17:00,282.80518
01/03/2021 18:00,281.43027
01/03/2021 19:00,280.99203
01/03/2021 20:00,279.97443
01/03/2021 21:00,278.98877
01/03/2021 22:00,277.94406
01/03/2021 23:00,277.00708
02/03/2021 0:00,276.26123
02/03/2021 1:00,275.766
02/03/2021 2:00,275.2596
02/03/2021 3:00,274.862
02/03/2021 4:00,274.59302
02/03/2021 5:00,274.24615
02/03/2021 6:00,274.05954
02/03/2021 7:00,276.35403
02/03/2021 8:00,280.26462
02/03/2021 9:00,282.72488
02/03/2021 10:00,284.51996
02/03/2021 11:00,285.77634
02/03/2021 12:00,286.61496
02/03/2021 13:00,287.0487
02/03/2021 14:00,287.1933
02/03/2021 15:00,286.83185
02/03/2021 16:00,285.46982
02/03/2021 17:00,283.43042
02/03/2021 18:00,282.3662
02/03/2021 19:00,280.4756
02/03/2021 20:00,278.3027
02/03/2021 21:00,276.6762
02/03/2021 22:00,275.6325
02/03/2021 23:00,274.86966
03/03/2021 0:00,274.3438
03/03/2021 1:00,273.941
03/03/2021 2:00,273.63586
03/03/2021 3:00,273.40753
03/03/2021 4:00,273.24802
03/03/2021 5:00,273.0228
03/03/2021 6:00,272.98874
03/03/2021 7:00,275.6819
03/03/2021 8:00,281.78653
03/03/2021 9:00,285.05066
03/03/2021 10:00,286.45892
03/03/2021 11:00,287.3285
03/03/2021 12:00,287.80566
03/03/2021 13:00,287.93668
03/03/2021 14:00,287.66177
03/03/2021 15:00,286.8513
03/03/2021 16:00,285.507
03/03/2021 17:00,283.43076
03/03/2021 18:00,283.08633
03/03/2021 19:00,282.6248
03/03/2021 20:00,280.5131
03/03/2021 21:00,278.59744
03/03/2021 22:00,277.66254
03/03/2021 23:00,277.3063
04/03/2021 0:00,277.22742
04/03/2021 1:00,277.103
04/03/2021 2:00,276.63345
04/03/2021 3:00,275.98737
04/03/2021 4:00,275.43094
04/03/2021 5:00,275.08548
04/03/2021 6:00,274.82483
04/03/2021 7:00,276.42422
04/03/2021 8:00,281.22037
04/03/2021 9:00,283.67474
04/03/2021 10:00,284.80286
04/03/2021 11:00,285.5362
04/03/2021 12:00,285.83472
04/03/2021 13:00,285.77182
04/03/2021 14:00,285.46216
04/03/2021 15:00,284.8046
04/03/2021 16:00,283.66953
04/03/2021 17:00,282.0882
04/03/2021 18:00,280.3699
04/03/2021 19:00,279.0197
04/03/2021 20:00,277.91452
04/03/2021 21:00,276.9782
04/03/2021 22:00,276.46594
04/03/2021 23:00,276.11908
05/03/2021 0:00,275.71732
05/03/2021 1:00,275.66312
05/03/2021 2:00,275.42505
05/03/2021 3:00,275.17377
05/03/2021 4:00,275.45596
05/03/2021 5:00,276.1448
05/03/2021 6:00,276.85345
05/03/2021 7:00,278.54495
05/03/2021 8:00,282.1629
05/03/2021 9:00,283.17877
05/03/2021 10:00,283.96875
05/03/2021 11:00,284.58252
05/03/2021 12:00,284.82233
05/03/2021 13:00,284.64612
05/03/2021 14:00,284.06815
05/03/2021 15:00,283.8676
05/03/2021 16:00,283.62085
05/03/2021 17:00,282.72314
05/03/2021 18:00,281.72986
05/03/2021 19:00,278.75244
05/03/2021 20:00,278.0358
05/03/2021 21:00,277.28406
05/03/2021 22:00,277.21246
05/03/2021 23:00,278.25787
06/03/2021 0:00,277.60345
06/03/2021 1:00,276.43536
06/03/2021 2:00,275.96512
06/03/2021 3:00,275.56787
06/03/2021 4:00,275.3889
06/03/2021 5:00,274.9795
06/03/2021 6:00,274.7289
06/03/2021 7:00,275.8216
06/03/2021 8:00,276.83154
06/03/2021 9:00,278.06223
06/03/2021 10:00,279.22754
06/03/2021 11:00,279.95947
06/03/2021 12:00,280.7171
06/03/2021 13:00,281.29752
06/03/2021 14:00,281.2527
06/03/2021 15:00,280.6052
06/03/2021 16:00,279.60846
06/03/2021 17:00,278.10706
06/03/2021 18:00,276.82495
06/03/2021 19:00,276.01483
06/03/2021 20:00,275.05072
06/03/2021 21:00,274.24582
06/03/2021 22:00,273.57053
06/03/2021 23:00,272.98944
07/03/2021 0:00,272.4848
07/03/2021 1:00,272.1004
07/03/2021 2:00,271.70422
07/03/2021 3:00,271.41226
07/03/2021 4:00,271.16342
07/03/2021 5:00,270.8986
07/03/2021 6:00,270.93372
07/03/2021 7:00,273.8013
07/03/2021 8:00,277.28998
07/03/2021 9:00,279.39124
07/03/2021 10:00,280.53467
07/03/2021 11:00,281.31177
07/03/2021 12:00,281.78235
07/03/2021 13:00,281.95438
07/03/2021 14:00,281.7966
07/03/2021 15:00,281.2499
07/03/2021 16:00,280.31604
07/03/2021 17:00,278.85532
07/03/2021 18:00,278.60648
07/03/2021 19:00,277.72195
07/03/2021 20:00,276.97684
07/03/2021 21:00,274.77686
07/03/2021 22:00,273.54517
07/03/2021 23:00,272.9804
08/03/2021 0:00,272.46463
08/03/2021 1:00,272.19635
08/03/2021 2:00,271.95828
08/03/2021 3:00,271.88458
08/03/2021 4:00,271.8429
08/03/2021 5:00,271.77408
08/03/2021 6:00,271.95062
08/03/2021 7:00,274.99548
08/03/2021 8:00,279.44128
08/03/2021 9:00,281.1651
08/03/2021 10:00,282.16464
08/03/2021 11:00,283.09744
08/03/2021 12:00,283.7599
08/03/2021 13:00,284.0282
08/03/2021 14:00,284.04626
08/03/2021 15:00,283.6803
08/03/2021 16:00,282.73184
08/03/2021 17:00,281.21445
08/03/2021 18:00,280.494
08/03/2021 19:00,280.58298
08/03/2021 20:00,279.48715
08/03/2021 21:00,276.62268
08/03/2021 22:00,274.98853
08/03/2021 23:00,274.38412
09/03/2021 0:00,274.3195
09/03/2021 1:00,274.27048
09/03/2021 2:00,274.44427
09/03/2021 3:00,274.6038
09/03/2021 4:00,274.80154
09/03/2021 5:00,274.91553
09/03/2021 6:00,275.1067
09/03/2021 7:00,277.07346
09/03/2021 8:00,278.97174
09/03/2021 9:00,280.3376
09/03/2021 10:00,281.2082
09/03/2021 11:00,281.43237
09/03/2021 12:00,281.5613
09/03/2021 13:00,281.5005
09/03/2021 14:00,281.34964
09/03/2021 15:00,281.0386
09/03/2021 16:00,280.34036
09/03/2021 17:00,279.41174
09/03/2021 18:00,278.50778
09/03/2021 19:00,278.39307
09/03/2021 20:00,278.2704
09/03/2021 21:00,277.92493
09/03/2021 22:00,277.63544
09/03/2021 23:00,277.37234
10/03/2021 0:00,277.13043
10/03/2021 1:00,276.88855
10/03/2021 2:00,276.57993
10/03/2021 3:00,276.39783
10/03/2021 4:00,276.2077
10/03/2021 5:00,276.10416
10/03/2021 6:00,276.07077
10/03/2021 7:00,277.5374
10/03/2021 8:00,278.97174
10/03/2021 9:00,280.4231
10/03/2021 10:00,281.40317
10/03/2021 11:00,282.28073
10/03/2021 12:00,282.6547
10/03/2021 13:00,282.61438
10/03/2021 14:00,282.23102
10/03/2021 15:00,281.60858
10/03/2021 16:00,280.77863
10/03/2021 17:00,279.47882
10/03/2021 18:00,278.3267
10/03/2021 19:00,277.83145
10/03/2021 20:00,276.9737
10/03/2021 21:00,276.16217
10/03/2021 22:00,275.32043
10/03/2021 23:00,274.53323
11/03/2021 0:00,274.006
11/03/2021 1:00,273.54028
11/03/2021 2:00,272.97275
11/03/2021 3:00,272.3656
11/03/2021 4:00,271.80325
11/03/2021 5:00,271.28717
11/03/2021 6:00,271.4703
11/03/2021 7:00,275.3225
11/03/2021 8:00,278.71317
11/03/2021 9:00,280.62155
11/03/2021 10:00,282.11807
11/03/2021 11:00,282.88858
11/03/2021 12:00,283.24725
11/03/2021 13:00,283.20242
11/03/2021 14:00,283.0196
11/03/2021 15:00,282.43295
11/03/2021 16:00,281.55402
11/03/2021 17:00,280.34525
11/03/2021 18:00,279.39783
11/03/2021 19:00,279.0583
11/03/2021 20:00,278.57727
11/03/2021 21:00,278.2697
11/03/2021 22:00,277.87698
11/03/2021 23:00,278.00278
12/03/2021 0:00,278.1477
12/03/2021 1:00,278.81708
12/03/2021 2:00,279.369
12/03/2021 3:00,279.55075
12/03/2021 4:00,279.6411
12/03/2021 5:00,279.7558
12/03/2021 6:00,279.90317
12/03/2021 7:00,280.28928
12/03/2021 8:00,280.779
12/03/2021 9:00,281.2586
12/03/2021 10:00,281.76495
12/03/2021 11:00,282.21365
12/03/2021 12:00,282.44894
12/03/2021 13:00,282.65817
12/03/2021 14:00,282.9699
12/03/2021 15:00,283.10928
12/03/2021 16:00,282.8493
12/03/2021 17:00,282.0875
12/03/2021 18:00,281.5759
12/03/2021 19:00,281.4838
12/03/2021 20:00,281.07648
12/03/2021 21:00,280.88602
12/03/2021 22:00,280.89053
12/03/2021 23:00,280.8655
13/03/2021 0:00,280.7748
13/03/2021 1:00,280.8829
13/03/2021 2:00,280.36298
13/03/2021 3:00,279.15594
13/03/2021 4:00,279.696
13/03/2021 5:00,279.8472
13/03/2021 6:00,279.83575
13/03/2021 7:00,281.79312
13/03/2021 8:00,283.79742
13/03/2021 9:00,284.97144
13/03/2021 10:00,285.93726
13/03/2021 11:00,286.5121
13/03/2021 12:00,286.6848
13/03/2021 13:00,286.6042
13/03/2021 14:00,286.33624
13/03/2021 15:00,285.8062
13/03/2021 16:00,284.96518
13/03/2021 17:00,283.63406
13/03/2021 18:00,282.47186
13/03/2021 19:00,282.24564
13/03/2021 20:00,281.8244
13/03/2021 21:00,281.73438
13/03/2021 22:00,282.0263
13/03/2021 23:00,282.26926
14/03/2021 0:00,282.76382
14/03/2021 1:00,283.03107
14/03/2021 2:00,282.97372
14/03/2021 3:00,282.61298
14/03/2021 4:00,282.46005
14/03/2021 5:00,281.94638
14/03/2021 6:00,282.06802
14/03/2021 7:00,283.01614
14/03/2021 8:00,284.4515
14/03/2021 9:00,285.40237
14/03/2021 10:00,286.1892
14/03/2021 11:00,286.3213
14/03/2021 12:00,286.32617
14/03/2021 13:00,286.03247
14/03/2021 14:00,285.70508
14/03/2021 15:00,284.98602
14/03/2021 16:00,283.9347
14/03/2021 17:00,283.0648
14/03/2021 18:00,281.62735
14/03/2021 19:00,279.99387
14/03/2021 20:00,278.94568
14/03/2021 21:00,277.57877
14/03/2021 22:00,277.54297
14/03/2021 23:00,277.18988
15/03/2021 0:00,276.9379
15/03/2021 1:00,276.80652
15/03/2021 2:00,276.6623
15/03/2021 3:00,276.55075
15/03/2021 4:00,276.37036
15/03/2021 5:00,276.2713
15/03/2021 6:00,276.2786
15/03/2021 7:00,277.29413
15/03/2021 8:00,278.16473
15/03/2021 9:00,278.98807
15/03/2021 10:00,279.9685
15/03/2021 11:00,280.8457
15/03/2021 12:00,281.6058
15/03/2021 13:00,281.82962
15/03/2021 14:00,282.28732
15/03/2021 15:00,282.25882
15/03/2021 16:00,281.90085
15/03/2021 17:00,280.6139
15/03/2021 18:00,278.8077
15/03/2021 19:00,277.7171
15/03/2021 20:00,276.58307
15/03/2021 21:00,275.155
15/03/2021 22:00,274.2757
15/03/2021 23:00,273.54794
16/03/2021 0:00,273.0395
16/03/2021 1:00,272.7552
16/03/2021 2:00,272.45145
16/03/2021 3:00,272.26202
16/03/2021 4:00,272.1765
16/03/2021 5:00,272.09415
16/03/2021 6:00,272.91888
16/03/2021 7:00,276.97717
16/03/2021 8:00,279.83746
16/03/2021 9:00,281.09628
16/03/2021 10:00,282.0906
16/03/2021 11:00,282.7294
16/03/2021 12:00,283.14612
16/03/2021 13:00,283.2212
16/03/2021 14:00,282.7454
16/03/2021 15:00,282.12988
16/03/2021 16:00,281.49527
16/03/2021 17:00,280.23297
16/03/2021 18:00,279.07635
16/03/2021 19:00,278.6388
16/03/2021 20:00,277.85196
16/03/2021 21:00,277.42413
16/03/2021 22:00,277.15616
16/03/2021 23:00,276.82635
17/03/2021 0:00,276.3283
17/03/2021 1:00,275.74338
17/03/2021 2:00,275.082
17/03/2021 3:00,274.41333
17/03/2021 4:00,273.87045
17/03/2021 5:00,273.40372
17/03/2021 6:00,273.74536
17/03/2021 7:00,276.51703
17/03/2021 8:00,278.48553
17/03/2021 9:00,279.7937
17/03/2021 10:00,280.7689
17/03/2021 11:00,281.4098
17/03/2021 12:00,281.70068
17/03/2021 13:00,282.0277
17/03/2021 14:00,282.05273
17/03/2021 15:00,281.63672
17/03/2021 16:00,280.9069
17/03/2021 17:00,279.67413
17/03/2021 18:00,278.22974
17/03/2021 19:00,277.1819
17/03/2021 20:00,276.06348
17/03/2021 21:00,275.318
17/03/2021 22:00,274.70285
17/03/2021 23:00,274.32645
18/03/2021 0:00,273.94937
18/03/2021 1:00,273.60562
18/03/2021 2:00,273.37766
18/03/2021 3:00,273.20386
18/03/2021 4:00,273.05652
18/03/2021 5:00,273.07703
18/03/2021 6:00,273.9584
18/03/2021 7:00,275.962
18/03/2021 8:00,277.4898
18/03/2021 9:00,278.84454
18/03/2021 10:00,279.7916
18/03/2021 11:00,280.4349
18/03/2021 12:00,280.80746
18/03/2021 13:00,281.0504
18/03/2021 14:00,281.00314
18/03/2021 15:00,280.47
18/03/2021 16:00,279.77283
18/03/2021 17:00,278.64923
18/03/2021 18:00,277.23264
18/03/2021 19:00,276.15384
18/03/2021 20:00,274.9103
18/03/2021 21:00,274.0981
18/03/2021 22:00,273.50034
18/03/2021 23:00,272.96545
19/03/2021 0:00,272.5352
19/03/2021 1:00,272.35376
19/03/2021 2:00,272.23734
19/03/2021 3:00,272.12543
19/03/2021 4:00,271.90683
19/03/2021 5:00,271.83524
19/03/2021 6:00,272.70203
19/03/2021 7:00,275.22937
19/03/2021 8:00,277.17215
19/03/2021 9:00,278.69128
19/03/2021 10:00,279.8604
19/03/2021 11:00,280.6424
19/03/2021 12:00,280.92773
19/03/2021 13:00,281.23077
19/03/2021 14:00,281.3639
19/03/2021 15:00,281.34686
19/03/2021 16:00,280.81512
19/03/2021 17:00,279.6286
19/03/2021 18:00,277.86377
19/03/2021 19:00,275.4855
19/03/2021 20:00,274.31393
19/03/2021 21:00,273.3269
19/03/2021 22:00,272.50565
19/03/2021 23:00,271.927
20/03/2021 0:00,271.67606
20/03/2021 1:00,271.65695
20/03/2021 2:00,271.69308
20/03/2021 3:00,271.5996
20/03/2021 4:00,271.84845
20/03/2021 5:00,272.07538
20/03/2021 6:00,273.04816
20/03/2021 7:00,275.58734
20/03/2021 8:00,277.80573
20/03/2021 9:00,279.39957
20/03/2021 10:00,280.3727
20/03/2021 11:00,281.07474
20/03/2021 12:00,281.43585
20/03/2021 13:00,281.6447
20/03/2021 14:00,281.43307
20/03/2021 15:00,280.7463
20/03/2021 16:00,279.85693
20/03/2021 17:00,278.63287
20/03/2021 18:00,277.61075
20/03/2021 19:00,276.94626
20/03/2021 20:00,276.0249
20/03/2021 21:00,275.506
20/03/2021 22:00,275.2617
20/03/2021 23:00,275.02222
21/03/2021 0:00,274.80258
21/03/2021 1:00,274.11618
21/03/2021 2:00,273.83362
21/03/2021 3:00,273.56357
21/03/2021 4:00,273.3102
21/03/2021 5:00,273.11316
21/03/2021 6:00,273.38947
21/03/2021 7:00,274.731
21/03/2021 8:00,275.9342
21/03/2021 9:00,276.95703
21/03/2021 10:00,278.27353
21/03/2021 11:00,279.2828
21/03/2021 12:00,279.87918
21/03/2021 13:00,279.97302
21/03/2021 14:00,279.72452
21/03/2021 15:00,278.8925
21/03/2021 16:00,277.75986
21/03/2021 17:00,276.58096
21/03/2021 18:00,275.72913
21/03/2021 19:00,275.2311
21/03/2021 20:00,274.97287
21/03/2021 21:00,274.7713
21/03/2021 22:00,274.6163
21/03/2021 23:00,274.53845
22/03/2021 0:00,274.4731
22/03/2021 1:00,274.6302
22/03/2021 2:00,274.59335
22/03/2021 3:00,274.536
22/03/2021 4:00,274.49918
22/03/2021 5:00,274.35458
22/03/2021 6:00,274.74106
22/03/2021 7:00,276.37314
22/03/2021 8:00,277.756
22/03/2021 9:00,279.214
22/03/2021 10:00,280.0248
22/03/2021 11:00,280.73935
22/03/2021 12:00,281.29648
22/03/2021 13:00,281.11887
22/03/2021 14:00,280.81546
22/03/2021 15:00,280.2872
22/03/2021 16:00,279.3377
22/03/2021 17:00,278.26346
22/03/2021 18:00,277.2983
22/03/2021 19:00,276.74814
22/03/2021 20:00,276.17435
22/03/2021 21:00,275.7347
22/03/2021 22:00,275.31277
22/03/2021 23:00,274.94995
23/03/2021 0:00,274.59335
23/03/2021 1:00,274.49222
23/03/2021 2:00,274.2573
23/03/2021 3:00,274.07272
23/03/2021 4:00,273.84753
23/03/2021 5:00,273.67896
23/03/2021 6:00,274.12488
23/03/2021 7:00,275.6054
23/03/2021 8:00,277.06232
23/03/2021 9:00,278.4664
23/03/2021 10:00,279.76102
23/03/2021 11:00,280.91418
23/03/2021 12:00,281.7455
23/03/2021 13:00,282.21295
23/03/2021 14:00,282.30957
23/03/2021 15:00,282.04855
23/03/2021 16:00,281.31836
23/03/2021 17:00,280.22083
23/03/2021 18:00,279.109
23/03/2021 19:00,278.49872
23/03/2021 20:00,277.87003
23/03/2021 21:00,277.39526
23/03/2021 22:00,276.98517
23/03/2021 23:00,276.6317
24/03/2021 0:00,276.4159
24/03/2021 1:00,275.9415
24/03/2021 2:00,275.59464
24/03/2021 3:00,275.27838
24/03/2021 4:00,275.0535
24/03/2021 5:00,274.80573
24/03/2021 6:00,275.6325
24/03/2021 7:00,278.807
24/03/2021 8:00,280.43387
24/03/2021 9:00,281.97348
24/03/2021 10:00,282.79022
24/03/2021 11:00,283.85547
24/03/2021 12:00,284.11057
24/03/2021 13:00,284.2673
24/03/2021 14:00,284.2579
24/03/2021 15:00,283.82382
24/03/2021 16:00,282.83124
24/03/2021 17:00,281.6044
24/03/2021 18:00,280.3105
24/03/2021 19:00,279.07184
24/03/2021 20:00,277.70355
24/03/2021 21:00,276.86874
24/03/2021 22:00,276.24454
24/03/2021 23:00,275.77014
25/03/2021 0:00,275.86816
25/03/2021 1:00,275.4664
25/03/2021 2:00,275.30548
25/03/2021 3:00,275.26483
25/03/2021 4:00,275.07507
25/03/2021 5:00,274.34488
25/03/2021 6:00,275.18628
25/03/2021 7:00,279.27966
25/03/2021 8:00,281.1825
25/03/2021 9:00,282.91742
25/03/2021 10:00,284.4654
25/03/2021 11:00,285.67276
25/03/2021 12:00,286.77866
25/03/2021 13:00,286.96146
25/03/2021 14:00,287.3118
25/03/2021 15:00,286.7102
25/03/2021 16:00,285.9032
25/03/2021 17:00,284.40494
25/03/2021 18:00,282.51184
25/03/2021 19:00,281.15085
25/03/2021 20:00,279.2887
25/03/2021 21:00,277.4297
25/03/2021 22:00,276.0447
25/03/2021 23:00,275.147
26/03/2021 0:00,274.625
26/03/2021 1:00,274.20688
26/03/2021 2:00,273.98343
26/03/2021 3:00,273.86142
26/03/2021 4:00,273.76932
26/03/2021 5:00,273.66263
26/03/2021 6:00,275.0417
26/03/2021 7:00,280.8134
26/03/2021 8:00,284.04312
26/03/2021 9:00,285.5348
26/03/2021 10:00,286.55
26/03/2021 11:00,287.1926
26/03/2021 12:00,287.5742
26/03/2021 13:00,287.53387
26/03/2021 14:00,287.01047
26/03/2021 15:00,286.30807
26/03/2021 16:00,285.4392
26/03/2021 17:00,284.2548
26/03/2021 18:00,282.59525
26/03/2021 19:00,282.40237
26/03/2021 20:00,281.36493
26/03/2021 21:00,280.0005
26/03/2021 22:00,279.0298
26/03/2021 23:00,278.1126
27/03/2021 0:00,277.65317
27/03/2021 1:00,277.69522
27/03/2021 2:00,277.66357
27/03/2021 3:00,277.97394
27/03/2021 4:00,278.16266
27/03/2021 5:00,277.7894
27/03/2021 6:00,278.7354
27/03/2021 7:00,281.28778
27/03/2021 8:00,283.59827
27/03/2021 9:00,284.47583
27/03/2021 10:00,285.61334
27/03/2021 11:00,286.11935
27/03/2021 12:00,286.3943
27/03/2021 13:00,286.16455
27/03/2021 14:00,286.1517
27/03/2021 15:00,285.97028
27/03/2021 16:00,285.4903
27/03/2021 17:00,284.43167
27/03/2021 18:00,283.0283
27/03/2021 19:00,282.2901
27/03/2021 20:00,281.45322
27/03/2021 21:00,281.0313
27/03/2021 22:00,280.68756
27/03/2021 23:00,280.51727
28/03/2021 0:00,280.33655
28/03/2021 1:00,279.21155
28/03/2021 2:00,278.68362
28/03/2021 3:00,278.12372
28/03/2021 4:00,277.9232
28/03/2021 5:00,277.95065
28/03/2021 6:00,279.16983
28/03/2021 7:00,283.76126
28/03/2021 8:00,285.84897
28/03/2021 9:00,287.17242
28/03/2021 10:00,288.09448
28/03/2021 11:00,288.52438
28/03/2021 12:00,288.46045
28/03/2021 13:00,288.68982
28/03/2021 14:00,288.35236
28/03/2021 15:00,287.69305
28/03/2021 16:00,287.0713
28/03/2021 17:00,286.08322
28/03/2021 18:00,284.4428
28/03/2021 19:00,284.92868
28/03/2021 20:00,284.50015
28/03/2021 21:00,284.08762
28/03/2021 22:00,282.22302
28/03/2021 23:00,280.61285
29/03/2021 0:00,279.37003
29/03/2021 1:00,278.56754
29/03/2021 2:00,277.7654
29/03/2021 3:00,277.24478
29/03/2021 4:00,276.98065
29/03/2021 5:00,276.9452
29/03/2021 6:00,278.66904
29/03/2021 7:00,283.43353
29/03/2021 8:00,286.60974
29/03/2021 9:00,288.6078
29/03/2021 10:00,289.93506
29/03/2021 11:00,290.86407
29/03/2021 12:00,291.49728
29/03/2021 13:00,291.95743
29/03/2021 14:00,291.97934
29/03/2021 15:00,291.52023
29/03/2021 16:00,290.43762
29/03/2021 17:00,288.621
29/03/2021 18:00,286.3585
29/03/2021 19:00,284.8741
29/03/2021 20:00,283.4436
29/03/2021 21:00,282.0423
29/03/2021 22:00,280.94058
29/03/2021 23:00,280.2347
30/03/2021 0:00,279.79022
30/03/2021 1:00,279.31894
30/03/2021 2:00,279.21747
30/03/2021 3:00,278.90988
30/03/2021 4:00,278.69788
30/03/2021 5:00,278.64957
30/03/2021 6:00,279.97998
30/03/2021 7:00,285.57684
30/03/2021 8:00,288.79825
30/03/2021 9:00,289.91803
30/03/2021 10:00,290.98987
30/03/2021 11:00,291.91782
30/03/2021 12:00,292.85654
30/03/2021 13:00,293.14883
30/03/2021 14:00,293.1144
30/03/2021 15:00,292.43045
30/03/2021 16:00,291.37982
30/03/2021 17:00,289.70395
30/03/2021 18:00,287.74033
30/03/2021 19:00,286.10373
30/03/2021 20:00,284.7264
30/03/2021 21:00,283.64346
30/03/2021 22:00,282.59735
30/03/2021 23:00,281.90018
31/03/2021 0:00,281.10394
31/03/2021 1:00,280.32266
31/03/2021 2:00,279.92645
31/03/2021 3:00,279.64633
31/03/2021 4:00,279.67517
31/03/2021 5:00,279.5445
31/03/2021 6:00,281.19568
31/03/2021 7:00,286.68552
31/03/2021 8:00,289.71924
31/03/2021 9:00,291.20117
31/03/2021 10:00,292.5924
31/03/2021 11:00,293.04596
31/03/2021 12:00,293.38516
31/03/2021 13:00,292.9271
31/03/2021 14:00,292.4367
31/03/2021 15:00,291.8688
31/03/2021 16:00,290.82654
31/03/2021 17:00,289.40054
31/03/2021 18:00,288.38675
31/03/2021 19:00,288.37424
31/03/2021 20:00,286.44745
31/03/2021 21:00,283.75885
31/03/2021 22:00,282.23068
31/03/2021 23:00,281.24573
01/04/2021 0:00,280.53253
01/04/2021 1:00,280.0479
01/04/2021 2:00,279.77258
01/04/2021 3:00,279.34888
01/04/2021 4:00,279.03754
01/04/2021 5:00,278.86386
01/04/2021 6:00,280.98154
01/04/2021 7:00,286.81638
01/04/2021 8:00,290.0714
01/04/2021 9:00,291.59134
01/04/2021 10:00,292.56454
01/04/2021 11:00,293.18564
01/04/2021 12:00,293.42697
01/04/2021 13:00,293.38898
01/04/2021 14:00,293.0357
01/04/2021 15:00,292.15033
01/04/2021 16:00,291.19852
01/04/2021 17:00,289.81506
01/04/2021 18:00,288.65396
01/04/2021 19:00,287.83426
01/04/2021 20:00,285.8384
01/04/2021 21:00,284.9471
01/04/2021 22:00,284.5345
01/04/2021 23:00,284.65912
02/04/2021 0:00,284.47556
02/04/2021 1:00,283.4537
02/04/2021 2:00,282.37885
02/04/2021 3:00,281.78503
02/04/2021 4:00,281.31702
02/04/2021 5:00,281.02863
02/04/2021 6:00,282.9137
02/04/2021 7:00,287.37338
02/04/2021 8:00,289.8562
02/04/2021 9:00,291.04895
02/04/2021 10:00,291.68393
02/04/2021 11:00,292.04947
02/04/2021 12:00,292.0368
02/04/2021 13:00,291.7033
02/04/2021 14:00,291.227
02/04/2021 15:00,290.38632
02/04/2021 16:00,289.57336
02/04/2021 17:00,288.42252
02/04/2021 18:00,287.0003
02/04/2021 19:00,285.87363
02/04/2021 20:00,285.08636
02/04/2021 21:00,284.6698
02/04/2021 22:00,284.30545
02/04/2021 23:00,283.8877
03/04/2021 0:00,282.22534
03/04/2021 1:00,281.89185
03/04/2021 2:00,282.08173
03/04/2021 3:00,282.05405
03/04/2021 4:00,281.67267
03/04/2021 5:00,281.28183
03/04/2021 6:00,282.80768
03/04/2021 7:00,285.43808
03/04/2021 8:00,284.00558
03/04/2021 9:00,282.33414
03/04/2021 10:00,281.74982
03/04/2021 11:00,281.16037
03/04/2021 12:00,280.79483
03/04/2021 13:00,281.11566
03/04/2021 14:00,281.35065
03/04/2021 15:00,282.2938
03/04/2021 16:00,282.49792
03/04/2021 17:00,282.0137
03/04/2021 18:00,281.14453
03/04/2021 19:00,280.95187
03/04/2021 20:00,280.54993
03/04/2021 21:00,280.12903
03/04/2021 22:00,279.733
03/04/2021 23:00,279.27173
04/04/2021 0:00,278.82272
04/04/2021 1:00,278.54855
04/04/2021 2:00,278.15454
04/04/2021 3:00,277.6968
04/04/2021 4:00,277.29608
04/04/2021 5:00,276.98788
04/04/2021 6:00,277.73953
04/04/2021 7:00,279.16293
04/04/2021 8:00,280.41702
04/04/2021 9:00,281.46262
04/04/2021 10:00,282.3175
04/04/2021 11:00,283.09647
04/04/2021 12:00,283.6871
04/04/2021 13:00,284.13535
04/04/2021 14:00,284.1191
04/04/2021 15:00,283.59808
04/04/2021 16:00,282.73685
04/04/2021 17:00,281.67386
04/04/2021 18:00,280.438
04/04/2021 19:00,279.21436
04/04/2021 20:00,278.32147
04/04/2021 21:00,277.23474
04/04/2021 22:00,276.1401
04/04/2021 23:00,275.2666
05/04/2021 0:00,274.49792
05/04/2021 1:00,273.73877
05/04/2021 2:00,273.1327
05/04/2021 3:00,272.6718
05/04/2021 4:00,272.2956
05/04/2021 5:00,272.14685
05/04/2021 6:00,274.50348
05/04/2021 7:00,278.8243
05/04/2021 8:00,280.92972
05/04/2021 9:00,282.32584
05/04/2021 10:00,283.22385
05/04/2021 11:00,283.82556
05/04/2021 12:00,284.14325
05/04/2021 13:00,284.15512
05/04/2021 14:00,283.8675
05/04/2021 15:00,283.354
05/04/2021 16:00,282.5794
05/04/2021 17:00,281.51086
05/04/2021 18:00,280.08667
05/04/2021 19:00,279.03238
05/04/2021 20:00,277.71384
05/04/2021 21:00,277.069
05/04/2021 22:00,276.65875
05/04/2021 23:00,276.33395
06/04/2021 0:00,276.51395
06/04/2021 1:00,276.57172
06/04/2021 2:00,276.84192
06/04/2021 3:00,277.5817
06/04/2021 4:00,277.88474
06/04/2021 5:00,278.02518
06/04/2021 6:00,279.19855
06/04/2021 7:00,280.73944
06/04/2021 8:00,282.24472
06/04/2021 9:00,282.17984
06/04/2021 10:00,280.46884
06/04/2021 11:00,278.0782
06/04/2021 12:00,277.77158
06/04/2021 13:00,277.60147
06/04/2021 14:00,277.36688
06/04/2021 15:00,276.8249
06/04/2021 16:00,275.86398
06/04/2021 17:00,274.90424
06/04/2021 18:00,273.92352
06/04/2021 19:00,272.92697
06/04/2021 20:00,272.7988
06/04/2021 21:00,273.04645
06/04/2021 22:00,273.07376
06/04/2021 23:00,272.99185
07/04/2021 0:00,272.08197
07/04/2021 1:00,271.35364
07/04/2021 2:00,270.7183
07/04/2021 3:00,270.19928
07/04/2021 4:00,269.23044
07/04/2021 5:00,268.47562
07/04/2021 6:00,269.64383
07/04/2021 7:00,272.22595
07/04/2021 8:00,274.78555
07/04/2021 9:00,276.16818
07/04/2021 10:00,277.21338
07/04/2021 11:00,277.81076
07/04/2021 12:00,278.11578
07/04/2021 13:00,278.36578
07/04/2021 14:00,278.37646
07/04/2021 15:00,278.0054
07/04/2021 16:00,277.37518
07/04/2021 17:00,276.28094
07/04/2021 18:00,273.93024
07/04/2021 19:00,272.43723
07/04/2021 20:00,271.46957
07/04/2021 21:00,271.20175
07/04/2021 22:00,271.37146
07/04/2021 23:00,270.86627
08/04/2021 0:00,270.2677
08/04/2021 1:00,269.85983
08/04/2021 2:00,269.26288
08/04/2021 3:00,269.0429
08/04/2021 4:00,269.4235
08/04/2021 5:00,269.93936
08/04/2021 6:00,273.3301
08/04/2021 7:00,276.55194
08/04/2021 8:00,276.6176
08/04/2021 9:00,278.4639
08/04/2021 10:00,279.0142
08/04/2021 11:00,281.92902
08/04/2021 12:00,282.41324
08/04/2021 13:00,282.61935
08/04/2021 14:00,283.06006
08/04/2021 15:00,282.4089
08/04/2021 16:00,281.63153
08/04/2021 17:00,280.49457
08/04/2021 18:00,279.2373
08/04/2021 19:00,279.98105
08/04/2021 20:00,279.37933
08/04/2021 21:00,277.33286
08/04/2021 22:00,275.83627
08/04/2021 23:00,274.3757
09/04/2021 0:00,272.97287
09/04/2021 1:00,272.08435
09/04/2021 2:00,271.64404
09/04/2021 3:00,271.4031
09/04/2021 4:00,271.27887
09/04/2021 5:00,271.59378
09/04/2021 6:00,275.05734
09/04/2021 7:00,279.87662
09/04/2021 8:00,281.88986
09/04/2021 9:00,283.35242
09/04/2021 10:00,284.39484
09/04/2021 11:00,285.00092
09/04/2021 12:00,285.24423
09/04/2021 13:00,285.20743
09/04/2021 14:00,284.93683
09/04/2021 15:00,284.43164
09/04/2021 16:00,283.63528
09/04/2021 17:00,282.5802
09/04/2021 18:00,281.18332
09/04/2021 19:00,280.004
09/04/2021 20:00,278.65973
09/04/2021 21:00,277.54727
09/04/2021 22:00,276.817
09/04/2021 23:00,276.24493
10/04/2021 0:00,275.79593
10/04/2021 1:00,275.52612
10/04/2021 2:00,275.43277
10/04/2021 3:00,275.29626
10/04/2021 4:00,275.1673
10/04/2021 5:00,275.45096
10/04/2021 6:00,277.88434
10/04/2021 7:00,281.806
10/04/2021 8:00,283.31207
10/04/2021 9:00,284.9578
10/04/2021 10:00,285.91122
10/04/2021 11:00,286.45795
10/04/2021 12:00,286.69016
10/04/2021 13:00,286.62253
10/04/2021 14:00,286.39346
10/04/2021 15:00,285.946
10/04/2021 16:00,285.15204
10/04/2021 17:00,284.18637
10/04/2021 18:00,282.83853
10/04/2021 19:00,281.75458
10/04/2021 20:00,280.81262
10/04/2021 21:00,280.3727
10/04/2021 22:00,279.79276
10/04/2021 23:00,279.52255
11/04/2021 0:00,279.61392
11/04/2021 1:00,279.43115
11/04/2021 2:00,279.0229
11/04/2021 3:00,279.5162
11/04/2021 4:00,280.1492
11/04/2021 5:00,280.74103
11/04/2021 6:00,281.77475
11/04/2021 7:00,283.9482
11/04/2021 8:00,284.9483
11/04/2021 9:00,285.4511
11/04/2021 10:00,286.40097
11/04/2021 11:00,286.70084
11/04/2021 12:00,287.02444
11/04/2021 13:00,287.13086
11/04/2021 14:00,286.68265
11/04/2021 15:00,286.51926
11/04/2021 16:00,285.8483
11/04/2021 17:00,285.18686
11/04/2021 18:00,284.19864
11/04/2021 19:00,284.21127
11/04/2021 20:00,283.625
11/04/2021 21:00,283.12454
11/04/2021 22:00,283.09686
11/04/2021 23:00,283.14987
12/04/2021 0:00,282.69138
12/04/2021 1:00,282.66525
12/04/2021 2:00,282.7974
12/04/2021 3:00,282.8057
12/04/2021 4:00,282.79858
12/04/2021 5:00,282.68265
12/04/2021 6:00,283.87106
12/04/2021 7:00,285.36566
12/04/2021 8:00,286.22018
12/04/2021 9:00,286.98727
12/04/2021 10:00,287.79114
12/04/2021 11:00,288.01227
12/04/2021 12:00,287.60638
12/04/2021 13:00,287.16766
12/04/2021 14:00,286.33096
12/04/2021 15:00,286.07895
12/04/2021 16:00,285.37872
12/04/2021 17:00,284.8332
12/04/2021 18:00,284.4067
12/04/2021 19:00,284.73627
12/04/2021 20:00,284.54913
12/04/2021 21:00,284.43875
12/04/2021 22:00,284.35016
12/04/2021 23:00,283.98422
13/04/2021 0:00,283.70016
13/04/2021 1:00,283.42087
13/04/2021 2:00,283.32196
13/04/2021 3:00,283.05017
13/04/2021 4:00,282.11853
13/04/2021 5:00,280.9483
13/04/2021 6:00,279.9862
13/04/2021 7:00,280.92853
13/04/2021 8:00,280.57208
13/04/2021 9:00,280.29004
13/04/2021 10:00,281.0385
13/04/2021 11:00,281.3277
13/04/2021 12:00,281.7134
13/04/2021 13:00,281.79016
13/04/2021 14:00,281.5793
13/04/2021 15:00,280.60532
13/04/2021 16:00,279.6246
13/04/2021 17:00,278.53906
13/04/2021 18:00,277.6359
13/04/2021 19:00,276.7905
13/04/2021 20:00,276.66348
13/04/2021 21:00,276.43365
13/04/2021 22:00,276.4202
13/04/2021 23:00,276.28134
14/04/2021 0:00,276.16544
14/04/2021 1:00,276.2952
14/04/2021 2:00,276.1306
14/04/2021 3:00,275.97
14/04/2021 4:00,275.8062
14/04/2021 5:00,275.9324
14/04/2021 6:00,276.83795
14/04/2021 7:00,278.6882
14/04/2021 8:00,280.2481
14/04/2021 9:00,281.1924
14/04/2021 10:00,282.28705
14/04/2021 11:00,282.74597
14/04/2021 12:00,282.99597
14/04/2021 13:00,283.49008
14/04/2021 14:00,282.96472
14/04/2021 15:00,282.86267
14/04/2021 16:00,282.293
14/04/2021 17:00,281.46854
14/04/2021 18:00,280.20023
14/04/2021 19:00,278.47974
14/04/2021 20:00,277.1414
14/04/2021 21:00,276.364
14/04/2021 22:00,275.81848
14/04/2021 23:00,275.45966
15/04/2021 0:00,275.05417
15/04/2021 1:00,274.84766
15/04/2021 2:00,274.54977
15/04/2021 3:00,274.14703
15/04/2021 4:00,273.82977
15/04/2021 5:00,273.99
15/04/2021 6:00,276.50327
15/04/2021 7:00,278.70682
15/04/2021 8:00,280.3272
15/04/2021 9:00,281.77277
15/04/2021 10:00,282.95523
15/04/2021 11:00,283.81845
15/04/2021 12:00,284.77463
15/04/2021 13:00,285.1726
15/04/2021 14:00,285.30396
15/04/2021 15:00,285.118
15/04/2021 16:00,284.36636
15/04/2021 17:00,283.23334
15/04/2021 18:00,280.93726
15/04/2021 19:00,279.54074
15/04/2021 20:00,277.81235
15/04/2021 21:00,276.35016
15/04/2021 22:00,275.33978
15/04/2021 23:00,274.75983
16/04/2021 0:00,274.38242
16/04/2021 1:00,273.86337
16/04/2021 2:00,273.4931
16/04/2021 3:00,273.19916
16/04/2021 4:00,272.82886
16/04/2021 5:00,273.26086
16/04/2021 6:00,276.75568
16/04/2021 7:00,280.37744
16/04/2021 8:00,282.42078
16/04/2021 9:00,283.9114
16/04/2021 10:00,285.02783
16/04/2021 11:00,285.84357
16/04/2021 12:00,286.41483
16/04/2021 13:00,286.6237
16/04/2021 14:00,286.70163
16/04/2021 15:00,286.2811
16/04/2021 16:00,285.7213
16/04/2021 17:00,284.61124
16/04/2021 18:00,282.5339
16/04/2021 19:00,281.5718
16/04/2021 20:00,280.61285
16/04/2021 21:00,279.8232
16/04/2021 22:00,278.98532
16/04/2021 23:00,278.3452
17/04/2021 0:00,277.7277
17/04/2021 1:00,277.08243
17/04/2021 2:00,276.63184
17/04/2021 3:00,276.33118
17/04/2021 4:00,276.0511
17/04/2021 5:00,276.41388
17/04/2021 6:00,278.33215
17/04/2021 7:00,280.58673
17/04/2021 8:00,282.2942
17/04/2021 9:00,283.84378
17/04/2021 10:00,285.02347
17/04/2021 11:00,285.89896
17/04/2021 12:00,286.43976
17/04/2021 13:00,286.74515
17/04/2021 14:00,286.48248
17/04/2021 15:00,285.29605
17/04/2021 16:00,283.97668
17/04/2021 17:00,282.74478
17/04/2021 18:00,281.72845
17/04/2021 19:00,280.76712
17/04/2021 20:00,280.15472
17/04/2021 21:00,279.77298
17/04/2021 22:00,279.31525
17/04/2021 23:00,278.95328
18/04/2021 0:00,278.56757
18/04/2021 1:00,278.4026
18/04/2021 2:00,278.14703
18/04/2021 3:00,277.736
18/04/2021 4:00,277.42978
18/04/2021 5:00,277.4737
18/04/2021 6:00,279.25394
18/04/2021 7:00,281.19083
18/04/2021 8:00,282.83377
18/04/2021 9:00,284.01706
18/04/2021 10:00,284.5681
18/04/2021 11:00,284.71292
18/04/2021 12:00,284.75247
18/04/2021 13:00,284.85654
18/04/2021 14:00,284.90005
18/04/2021 15:00,284.33432
18/04/2021 16:00,284.01862
18/04/2021 17:00,283.61353
18/04/2021 18:00,282.7341
18/04/2021 19:00,282.92636
18/04/2021 20:00,282.19528
18/04/2021 21:00,280.7173
18/04/2021 22:00,278.57666
18/04/2021 23:00,277.80838
19/04/2021 0:00,277.43808
19/04/2021 1:00,277.2316
19/04/2021 2:00,277.12003
19/04/2021 3:00,277.02826
19/04/2021 4:00,276.95862
19/04/2021 5:00,277.48874
19/04/2021 6:00,278.99045
19/04/2021 7:00,281.67346
19/04/2021 8:00,283.20883
19/04/2021 9:00,284.631
19/04/2021 10:00,285.80716
19/04/2021 11:00,286.11258
19/04/2021 12:00,286.3353
19/04/2021 13:00,286.51532
19/04/2021 14:00,286.58096
19/04/2021 15:00,285.99786
19/04/2021 16:00,285.71817
19/04/2021 17:00,284.9032
19/04/2021 18:00,283.4161
19/04/2021 19:00,281.91638
19/04/2021 20:00,280.97403
19/04/2021 21:00,279.96484
19/04/2021 22:00,279.3109
19/04/2021 23:00,278.5458
20/04/2021 0:00,277.94644
20/04/2021 1:00,277.59317
20/04/2021 2:00,277.27115
20/04/2021 3:00,276.9064
20/04/2021 4:00,276.66113
20/04/2021 5:00,276.9519
20/04/2021 6:00,280.07877
20/04/2021 7:00,282.4109
20/04/2021 8:00,283.87186
20/04/2021 9:00,285.1291
20/04/2021 10:00,286.00418
20/04/2021 11:00,286.60156
20/04/2021 12:00,286.9829
20/04/2021 13:00,287.16885
20/04/2021 14:00,286.8219
20/04/2021 15:00,285.30832
20/04/2021 16:00,284.34738
20/04/2021 17:00,284.0202
20/04/2021 18:00,283.16293
20/04/2021 19:00,282.5343
20/04/2021 20:00,281.9219
20/04/2021 21:00,279.8244
20/04/2021 22:00,278.80136
20/04/2021 23:00,278.09637
21/04/2021 0:00,277.40762
21/04/2021 1:00,276.71057
21/04/2021 2:00,276.43604
21/04/2021 3:00,276.3826
21/04/2021 4:00,275.8869
21/04/2021 5:00,276.52582
21/04/2021 6:00,280.90363
21/04/2021 7:00,283.10953
21/04/2021 8:00,284.66583
21/04/2021 9:00,286.02515
21/04/2021 10:00,286.76138
21/04/2021 11:00,286.9208
21/04/2021 12:00,286.9212
21/04/2021 13:00,286.33176
21/04/2021 14:00,286.399
21/04/2021 15:00,286.25183
21/04/2021 16:00,285.85583
21/04/2021 17:00,285.05908
21/04/2021 18:00,284.04514
21/04/2021 19:00,282.8769
21/04/2021 20:00,281.71027
21/04/2021 21:00,280.87
21/04/2021 22:00,279.7781
21/04/2021 23:00,279.0656
22/04/2021 0:00,278.70917
22/04/2021 1:00,278.5264
22/04/2021 2:00,278.63678
22/04/2021 3:00,278.8496
22/04/2021 4:00,279.2749
22/04/2021 5:00,280.0428
22/04/2021 6:00,282.0845
22/04/2021 7:00,284.01508
22/04/2021 8:00,285.26913
22/04/2021 9:00,286.16916
22/04/2021 10:00,286.6692
22/04/2021 11:00,286.74673
22/04/2021 12:00,286.73447
22/04/2021 13:00,286.36023
22/04/2021 14:00,286.73447
22/04/2021 15:00,286.8389
22/04/2021 16:00,286.24786
22/04/2021 17:00,285.4891
22/04/2021 18:00,284.54202
22/04/2021 19:00,283.5237
22/04/2021 20:00,282.95444
22/04/2021 21:00,282.98294
22/04/2021 22:00,282.97937
22/04/2021 23:00,280.93802
23/04/2021 0:00,279.88412
23/04/2021 1:00,278.98215
23/04/2021 2:00,278.26846
23/04/2021 3:00,278.05206
23/04/2021 4:00,278.17233
23/04/2021 5:00,279.2282
23/04/2021 6:00,282.9584
23/04/2021 7:00,285.53973
23/04/2021 8:00,287.06598
23/04/2021 9:00,288.40314
23/04/2021 10:00,289.37158
23/04/2021 11:00,289.7668
23/04/2021 12:00,290.3531
23/04/2021 13:00,290.53864
23/04/2021 14:00,290.50143
23/04/2021 15:00,290.39264
23/04/2021 16:00,289.71103
23/04/2021 17:00,288.3996
23/04/2021 18:00,286.73923
23/04/2021 19:00,285.7059
23/04/2021 20:00,284.6785
23/04/2021 21:00,283.27686
23/04/2021 22:00,282.1949
23/04/2021 23:00,281.1944
24/04/2021 0:00,280.3747
24/04/2021 1:00,279.60284
24/04/2021 2:00,278.85596
24/04/2021 3:00,278.26492
24/04/2021 4:00,277.7961
24/04/2021 5:00,278.38004
24/04/2021 6:00,281.8859
24/04/2021 7:00,285.67188
24/04/2021 8:00,287.41055
24/04/2021 9:00,288.8304
24/04/2021 10:00,289.99783
24/04/2021 11:00,290.9026
24/04/2021 12:00,291.58344
24/04/2021 13:00,292.01425
24/04/2021 14:00,292.053
24/04/2021 15:00,291.7223
24/04/2021 16:00,291.13007
24/04/2021 17:00,289.8467
24/04/2021 18:00,288.45773
24/04/2021 19:00,285.04404
24/04/2021 20:00,283.38406
24/04/2021 21:00,282.01447
24/04/2021 22:00,280.9954
24/04/2021 23:00,280.29913
25/04/2021 0:00,279.77612
25/04/2021 1:00,279.3453
25/04/2021 2:00,278.96948
25/04/2021 3:00,278.52246
25/04/2021 4:00,278.09955
25/04/2021 5:00,278.61224
25/04/2021 6:00,283.05334
25/04/2021 7:00,287.06363
25/04/2021 8:00,289.48236
25/04/2021 9:00,290.7143
25/04/2021 10:00,291.5961
25/04/2021 11:00,292.2627
25/04/2021 12:00,292.69785
25/04/2021 13:00,292.72675
25/04/2021 14:00,292.3232
25/04/2021 15:00,291.53793
25/04/2021 16:00,290.51767
25/04/2021 17:00,289.26398
25/04/2021 18:00,287.72665
25/04/2021 19:00,287.40543
25/04/2021 20:00,287.00348
25/04/2021 21:00,286.35785
25/04/2021 22:00,284.5084
25/04/2021 23:00,281.83368
26/04/2021 0:00,280.30585
26/04/2021 1:00,279.65112
26/04/2021 2:00,279.42285
26/04/2021 3:00,279.4189
26/04/2021 4:00,279.28043
26/04/2021 5:00,280.2022
26/04/2021 6:00,283.1926
26/04/2021 7:00,286.46863
26/04/2021 8:00,288.44824
26/04/2021 9:00,290.3068
26/04/2021 10:00,291.498
26/04/2021 11:00,291.5328
26/04/2021 12:00,290.65613
26/04/2021 13:00,289.93494
26/04/2021 14:00,289.49896
26/04/2021 15:00,288.6963
26/04/2021 16:00,287.9925
26/04/2021 17:00,287.2468
26/04/2021 18:00,286.15094
26/04/2021 19:00,285.25726
26/04/2021 20:00,284.4166
26/04/2021 21:00,283.98462
26/04/2021 22:00,283.7943
26/04/2021 23:00,283.3991
27/04/2021 0:00,283.03555
27/04/2021 1:00,282.67157
27/04/2021 2:00,282.70758
27/04/2021 3:00,282.44687
27/04/2021 4:00,282.69373
27/04/2021 5:00,283.25037
27/04/2021 6:00,283.96286
27/04/2021 7:00,286.17035
27/04/2021 8:00,287.95016
27/04/2021 9:00,288.5863
27/04/2021 10:00,288.86996
27/04/2021 11:00,288.30978
27/04/2021 12:00,288.81934
27/04/2021 13:00,289.04404
27/04/2021 14:00,289.47604
27/04/2021 15:00,289.10812
27/04/2021 16:00,288.3248
27/04/2021 17:00,287.73456
27/04/2021 18:00,286.88837
27/04/2021 19:00,286.3187
27/04/2021 20:00,285.77353
27/04/2021 21:00,285.353
27/04/2021 22:00,285.28537
27/04/2021 23:00,285.21573
28/04/2021 0:00,285.25412
28/04/2021 1:00,285.14334
28/04/2021 2:00,284.97403
28/04/2021 3:00,284.80905
28/04/2021 4:00,284.7315
28/04/2021 5:00,284.90836
28/04/2021 6:00,285.06738
28/04/2021 7:00,284.96768
28/04/2021 8:00,286.0406
28/04/2021 9:00,287.3548
28/04/2021 10:00,288.2532
28/04/2021 11:00,288.98944
28/04/2021 12:00,289.32452
28/04/2021 13:00,289.3154
28/04/2021 14:00,289.25055
28/04/2021 15:00,288.8027
28/04/2021 16:00,288.0301
28/04/2021 17:00,287.01694
28/04/2021 18:00,286.24707
28/04/2021 19:00,285.94522
28/04/2021 20:00,284.36517
28/04/2021 21:00,283.55734
28/04/2021 22:00,282.97818
28/04/2021 23:00,282.562
29/04/2021 0:00,282.50504
29/04/2021 1:00,282.65933
29/04/2021 2:00,282.5818
29/04/2021 3:00,282.6273
29/04/2021 4:00,282.5252
29/04/2021 5:00,283.32117
29/04/2021 6:00,286.1019
29/04/2021 7:00,287.4711
29/04/2021 8:00,288.31848
29/04/2021 9:00,289.1916
29/04/2021 10:00,289.32608
29/04/2021 11:00,290.13867
29/04/2021 12:00,291.15933
29/04/2021 13:00,290.9006
29/04/2021 14:00,290.28503
29/04/2021 15:00,289.55713
29/04/2021 16:00,289.15518
29/04/2021 17:00,288.5958
29/04/2021 18:00,287.6436
29/04/2021 19:00,287.22858
29/04/2021 20:00,286.49316
29/04/2021 21:00,285.90094
29/04/2021 22:00,285.8392
29/04/2021 23:00,285.56744
30/04/2021 0:00,285.56546
30/04/2021 1:00,285.55792
30/04/2021 2:00,284.57407
30/04/2021 3:00,284.2002
30/04/2021 4:00,283.81805
30/04/2021 5:00,284.1132
30/04/2021 6:00,287.18466
30/04/2021 7:00,290.9481
30/04/2021 8:00,292.07596
30/04/2021 9:00,292.71368
30/04/2021 10:00,293.43924
30/04/2021 11:00,293.81387
30/04/2021 12:00,294.11176
30/04/2021 13:00,294.40094
30/04/2021 14:00,294.18732
30/04/2021 15:00,293.7581
30/04/2021 16:00,293.12234
30/04/2021 17:00,292.14044
30/04/2021 18:00,290.88992
30/04/2021 19:00,290.1272
30/04/2021 20:00,289.30276
30/04/2021 21:00,288.93564
30/04/2021 22:00,288.75446
30/04/2021 23:00,288.36832
01/05/2021 0:00,288.05008
01/05/2021 1:00,287.63156
01/05/2021 2:00,287.5576
01/05/2021 3:00,287.80966
01/05/2021 4:00,287.8905
01/05/2021 5:00,288.1894
01/05/2021 6:00,290.38815
01/05/2021 7:00,292.47952
01/05/2021 8:00,293.4842
01/05/2021 9:00,293.4344
01/05/2021 10:00,293.6217
01/05/2021 11:00,293.97757
01/05/2021 12:00,294.5894
01/05/2021 13:00,293.92566
01/05/2021 14:00,293.51044
01/05/2021 15:00,292.71637
01/05/2021 16:00,291.56702
01/05/2021 17:00,290.47018
01/05/2021 18:00,289.45657
01/05/2021 19:00,288.51602
01/05/2021 20:00,288.49277
01/05/2021 21:00,288.4155
01/05/2021 22:00,288.30096
01/05/2021 23:00,288.19177
02/05/2021 0:00,288.31766
02/05/2021 1:00,288.46442
02/05/2021 2:00,288.23474
02/05/2021 3:00,287.9803
02/05/2021 4:00,287.6641
02/05/2021 5:00,287.78668
02/05/2021 6:00,288.57748
02/05/2021 7:00,290.1325
02/05/2021 8:00,289.6257
02/05/2021 9:00,290.34073
02/05/2021 10:00,291.36926
02/05/2021 11:00,291.99747
02/05/2021 12:00,292.44016
02/05/2021 13:00,292.47864
02/05/2021 14:00,292.5344
02/05/2021 15:00,292.2904
02/05/2021 16:00,291.71378
02/05/2021 17:00,290.9194
02/05/2021 18:00,289.3402
02/05/2021 19:00,289.91922
02/05/2021 20:00,289.2925
02/05/2021 21:00,288.63684
02/05/2021 22:00,287.99997
02/05/2021 23:00,287.51373
03/05/2021 0:00,286.98636
03/05/2021 1:00,286.78082
03/05/2021 2:00,286.3993
03/05/2021 3:00,286.02524
03/05/2021 4:00,285.70932
03/05/2021 5:00,285.79227
03/05/2021 6:00,286.61377
03/05/2021 7:00,288.20847
03/05/2021 8:00,289.00314
03/05/2021 9:00,289.7704
03/05/2021 10:00,290.37772
03/05/2021 11:00,290.82156
03/05/2021 12:00,290.95282
03/05/2021 13:00,290.89822
03/05/2021 14:00,290.75952
03/05/2021 15:00,290.20886
03/05/2021 16:00,289.24536
03/05/2021 17:00,288.30035
03/05/2021 18:00,287.00604
03/05/2021 19:00,286.5031
03/05/2021 20:00,286.4545
03/05/2021 21:00,286.09833
03/05/2021 22:00,285.1029
03/05/2021 23:00,283.473
04/05/2021 0:00,281.9454
04/05/2021 1:00,280.56696
04/05/2021 2:00,279.77258
04/05/2021 3:00,279.2822
04/05/2021 4:00,278.8586
04/05/2021 5:00,280.2105
04/05/2021 6:00,285.15152
04/05/2021 7:00,287.16324
04/05/2021 8:00,288.80716
04/05/2021 9:00,290.05167
04/05/2021 10:00,290.89734
04/05/2021 11:00,291.3591
04/05/2021 12:00,291.52734
04/05/2021 13:00,291.43726
04/05/2021 14:00,290.9895
04/05/2021 15:00,290.31863
04/05/2021 16:00,289.4825
04/05/2021 17:00,288.71768
04/05/2021 18:00,287.57727
04/05/2021 19:00,286.8345
04/05/2021 20:00,285.96826
04/05/2021 21:00,285.25385
04/05/2021 22:00,284.8249
04/05/2021 23:00,284.3452
05/05/2021 0:00,284.1916
05/05/2021 1:00,284.37982
05/05/2021 2:00,284.63455
05/05/2021 3:00,285.0277
05/05/2021 4:00,284.8747
05/05/2021 5:00,285.11334
05/05/2021 6:00,287.01736
05/05/2021 7:00,288.2401
05/05/2021 8:00,288.78867
05/05/2021 9:00,289.22537
05/05/2021 10:00,289.31607
05/05/2021 11:00,289.8011
05/05/2021 12:00,289.91953
05/05/2021 13:00,290.3771
05/05/2021 14:00,289.714
05/05/2021 15:00,289.62808
05/05/2021 16:00,289.1013
05/05/2021 17:00,288.47308
05/05/2021 18:00,287.70078
05/05/2021 19:00,287.1853
05/05/2021 20:00,286.5395
05/05/2021 21:00,285.92767
05/05/2021 22:00,285.46802
05/05/2021 23:00,285.1867
06/05/2021 0:00,284.7148
06/05/2021 1:00,284.2217
06/05/2021 2:00,284.2202
06/05/2021 3:00,283.8071
06/05/2021 4:00,283.24985
06/05/2021 5:00,283.72534
06/05/2021 6:00,286.46643
06/05/2021 7:00,289.35245
06/05/2021 8:00,290.2211
06/05/2021 9:00,290.8162
06/05/2021 10:00,290.62857
06/05/2021 11:00,290.85736
06/05/2021 12:00,290.9922
06/05/2021 13:00,291.275
06/05/2021 14:00,291.8
06/05/2021 15:00,291.5894
06/05/2021 16:00,291.0414
06/05/2021 17:00,289.9049
06/05/2021 18:00,288.5041
06/05/2021 19:00,287.95404
06/05/2021 20:00,287.23334
06/05/2021 21:00,286.82825
06/05/2021 22:00,286.5571
06/05/2021 23:00,286.1347
07/05/2021 0:00,285.7481
07/05/2021 1:00,285.31946
07/05/2021 2:00,285.06143
07/05/2021 3:00,285.05905
07/05/2021 4:00,284.929
07/05/2021 5:00,285.84656
07/05/2021 6:00,288.12048
07/05/2021 7:00,289.35455
07/05/2021 8:00,289.94846
07/05/2021 9:00,290.30643
07/05/2021 10:00,290.4833
07/05/2021 11:00,290.5549
07/05/2021 12:00,290.76044
07/05/2021 13:00,291.3406
07/05/2021 14:00,290.9755
07/05/2021 15:00,290.37054
07/05/2021 16:00,289.83392
07/05/2021 17:00,289.05444
07/05/2021 18:00,288.23026
07/05/2021 19:00,288.08408
07/05/2021 20:00,286.7334
07/05/2021 21:00,286.26535
07/05/2021 22:00,285.60373
07/05/2021 23:00,284.3652
08/05/2021 0:00,283.53622
08/05/2021 1:00,283.10608
08/05/2021 2:00,282.90115
08/05/2021 3:00,282.85938
08/05/2021 4:00,282.8406
08/05/2021 5:00,283.37335
08/05/2021 6:00,284.76672
08/05/2021 7:00,286.1007
08/05/2021 8:00,287.65247
08/05/2021 9:00,289.1326
08/05/2021 10:00,290.4138
08/05/2021 11:00,291.54077
08/05/2021 12:00,292.399
08/05/2021 13:00,292.8858
08/05/2021 14:00,293.03613
08/05/2021 15:00,292.9073
08/05/2021 16:00,292.4503
08/05/2021 17:00,291.47424
08/05/2021 18:00,289.37274
08/05/2021 19:00,286.99054
08/05/2021 20:00,285.2043
08/05/2021 21:00,283.73938
08/05/2021 22:00,282.6252
08/05/2021 23:00,281.83026
09/05/2021 0:00,281.26678
09/05/2021 1:00,280.9643
09/05/2021 2:00,280.72357
09/05/2021 3:00,280.46017
09/05/2021 4:00,280.2627
09/05/2021 5:00,281.6301
09/05/2021 6:00,286.58035
09/05/2021 7:00,290.05435
09/05/2021 8:00,292.53558
09/05/2021 9:00,294.20816
09/05/2021 10:00,295.4279
09/05/2021 11:00,296.19333
09/05/2021 12:00,296.35413
09/05/2021 13:00,296.01196
09/05/2021 14:00,295.38406
09/05/2021 15:00,294.584
09/05/2021 16:00,293.61603
09/05/2021 17:00,292.48788
09/05/2021 18:00,291.275
09/05/2021 19:00,289.1359
09/05/2021 20:00,287.42963
09/05/2021 21:00,286.1365
09/05/2021 22:00,285.1721
09/05/2021 23:00,284.67422
10/05/2021 0:00,284.2966
10/05/2021 1:00,283.79636
10/05/2021 2:00,283.39154
10/05/2021 3:00,283.37186
10/05/2021 4:00,283.51205
10/05/2021 5:00,284.90842
10/05/2021 6:00,289.50458
10/05/2021 7:00,292.09918
10/05/2021 8:00,293.61215
10/05/2021 9:00,294.70633
10/05/2021 10:00,295.4109
10/05/2021 11:00,295.72232
10/05/2021 12:00,295.85208
10/05/2021 13:00,295.9022
10/05/2021 14:00,295.76855
10/05/2021 15:00,295.29156
10/05/2021 16:00,294.5864
10/05/2021 17:00,293.47314
10/05/2021 18:00,291.85907
10/05/2021 19:00,289.9416
10/05/2021 20:00,288.2708
10/05/2021 21:00,286.9246
10/05/2021 22:00,285.9626
10/05/2021 23:00,285.51483
11/05/2021 0:00,285.37314
11/05/2021 1:00,285.22818
11/05/2021 2:00,285.0647
11/05/2021 3:00,284.69452
11/05/2021 4:00,284.63605
11/05/2021 5:00,286.2904
11/05/2021 6:00,290.51193
11/05/2021 7:00,293.75534
11/05/2021 8:00,294.9879
11/05/2021 9:00,295.89206
11/05/2021 10:00,296.57455
11/05/2021 11:00,297.01993
11/05/2021 12:00,297.2001
11/05/2021 13:00,297.0721
11/05/2021 14:00,296.63004
11/05/2021 15:00,296.1501
11/05/2021 16:00,295.407
11/05/2021 17:00,294.45813
11/05/2021 18:00,293.15756
11/05/2021 19:00,291.95392
11/05/2021 20:00,291.08975
11/05/2021 21:00,290.165
11/05/2021 22:00,289.30322
11/05/2021 23:00,289.23193
12/05/2021 0:00,288.59805
12/05/2021 1:00,287.68436
12/05/2021 2:00,286.73996
12/05/2021 3:00,286.3095
12/05/2021 4:00,286.2749
12/05/2021 5:00,286.2925
12/05/2021 6:00,286.77606
12/05/2021 7:00,287.415
12/05/2021 8:00,288.70605
12/05/2021 9:00,290.0308
12/05/2021 10:00,290.51462
12/05/2021 11:00,291.33105
12/05/2021 12:00,291.19205
12/05/2021 13:00,291.3958
12/05/2021 14:00,291.27737
12/05/2021 15:00,290.8022
12/05/2021 16:00,290.33713
12/05/2021 17:00,289.71368
12/05/2021 18:00,288.84625
12/05/2021 19:00,287.6432
12/05/2021 20:00,287.8171
12/05/2021 21:00,287.60413
12/05/2021 22:00,286.6785
12/05/2021 23:00,285.79526
13/05/2021 0:00,284.7849
13/05/2021 1:00,284.54446
13/05/2021 2:00,284.23334
13/05/2021 3:00,284.10837
13/05/2021 4:00,283.6818
13/05/2021 5:00,284.91437
13/05/2021 6:00,285.9071
13/05/2021 7:00,286.3468
13/05/2021 8:00,287.15848
13/05/2021 9:00,288.42117
13/05/2021 10:00,288.68576
13/05/2021 11:00,288.72275
13/05/2021 12:00,289.25342
13/05/2021 13:00,289.5335
13/05/2021 14:00,289.26447
13/05/2021 15:00,289.11917
13/05/2021 16:00,288.63684
13/05/2021 17:00,288.27737
13/05/2021 18:00,287.22083
13/05/2021 19:00,286.63794
13/05/2021 20:00,285.79764
13/05/2021 21:00,285.02057
13/05/2021 22:00,284.47855
13/05/2021 23:00,283.76144
14/05/2021 0:00,283.74863
14/05/2021 1:00,283.44046
14/05/2021 2:00,283.1365
14/05/2021 3:00,282.6625
14/05/2021 4:00,282.58228
14/05/2021 5:00,283.82828
14/05/2021 6:00,286.0103
14/05/2021 7:00,286.8002
14/05/2021 8:00,287.82278
14/05/2021 9:00,288.81372
14/05/2021 10:00,289.62213
14/05/2021 11:00,290.52356
14/05/2021 12:00,290.77057
14/05/2021 13:00,290.83798
14/05/2021 14:00,290.42813
14/05/2021 15:00,290.1665
14/05/2021 16:00,289.45328
14/05/2021 17:00,288.90112
14/05/2021 18:00,288.07724
14/05/2021 19:00,287.5552
14/05/2021 20:00,286.6958
14/05/2021 21:00,286.21735
14/05/2021 22:00,285.9098
14/05/2021 23:00,285.41312
15/05/2021 0:00,285.2953
15/05/2021 1:00,285.24518
15/05/2021 2:00,284.57343
15/05/2021 3:00,284.23425
15/05/2021 4:00,284.08868
15/05/2021 5:00,284.7858
15/05/2021 6:00,285.82776
15/05/2021 7:00,286.48462
15/05/2021 8:00,287.40515
15/05/2021 9:00,288.4656
15/05/2021 10:00,288.43518
15/05/2021 11:00,290.3583
15/05/2021 12:00,290.7467
15/05/2021 13:00,290.59158
15/05/2021 14:00,290.2566
15/05/2021 15:00,289.8357
15/05/2021 16:00,289.5902
15/05/2021 17:00,288.99332
15/05/2021 18:00,288.10406
15/05/2021 19:00,287.58206
15/05/2021 20:00,287.40784
15/05/2021 21:00,284.56387
15/05/2021 22:00,284.4896
15/05/2021 23:00,285.09305
16/05/2021 0:00,285.00507
16/05/2021 1:00,284.33328
16/05/2021 2:00,284.15997
16/05/2021 3:00,284.07318
16/05/2021 4:00,284.4478
16/05/2021 5:00,284.85144
16/05/2021 6:00,285.4313
16/05/2021 7:00,286.88702
16/05/2021 8:00,287.75745
16/05/2021 9:00,288.39014
16/05/2021 10:00,289.40524
16/05/2021 11:00,290.01917
16/05/2021 12:00,289.94727
16/05/2021 13:00,290.6244
16/05/2021 14:00,290.35355
16/05/2021 15:00,289.79752
16/05/2021 16:00,289.26355
16/05/2021 17:00,288.6106
16/05/2021 18:00,287.83054
16/05/2021 19:00,287.9928
16/05/2021 20:00,287.57727
16/05/2021 21:00,287.2957
16/05/2021 22:00,286.9938
16/05/2021 23:00,287.00635
17/05/2021 0:00,286.816
17/05/2021 1:00,286.25998
17/05/2021 2:00,286.12607
17/05/2021 3:00,286.07028
17/05/2021 4:00,286.2221
17/05/2021 5:00,286.2919
17/05/2021 6:00,287.15787
17/05/2021 7:00,288.49246
17/05/2021 8:00,289.26834
17/05/2021 9:00,290.6223
17/05/2021 10:00,291.3418
17/05/2021 11:00,291.95062
17/05/2021 12:00,292.12842
17/05/2021 13:00,292.19345
17/05/2021 14:00,292.19376
17/05/2021 15:00,291.9366
17/05/2021 16:00,291.6103
17/05/2021 17:00,290.75415
17/05/2021 18:00,289.41748
17/05/2021 19:00,288.2037
17/05/2021 20:00,287.90094
17/05/2021 21:00,288.07483
17/05/2021 22:00,287.53046
17/05/2021 23:00,285.46323
18/05/2021 0:00,283.40347
18/05/2021 1:00,282.23953
18/05/2021 2:00,281.3109
18/05/2021 3:00,280.70895
18/05/2021 4:00,280.62125
18/05/2021 5:00,282.66132
18/05/2021 6:00,286.1523
18/05/2021 7:00,288.99152
18/05/2021 8:00,290.68735
18/05/2021 9:00,291.8116
18/05/2021 10:00,292.51114
18/05/2021 11:00,292.5517
18/05/2021 12:00,292.61942
18/05/2021 13:00,292.57794
18/05/2021 14:00,292.71725
18/05/2021 15:00,292.66925
18/05/2021 16:00,292.274
18/05/2021 17:00,291.31555
18/05/2021 18:00,289.82108
18/05/2021 19:00,288.03247
18/05/2021 20:00,287.0815
18/05/2021 21:00,286.6263
18/05/2021 22:00,286.79602
18/05/2021 23:00,286.38736
19/05/2021 0:00,286.14575
19/05/2021 1:00,285.8731
19/05/2021 2:00,285.56555
19/05/2021 3:00,285.5247
19/05/2021 4:00,285.51782
19/05/2021 5:00,285.57986
19/05/2021 6:00,286.51205
19/05/2021 7:00,286.93237
19/05/2021 8:00,288.77853
19/05/2021 9:00,289.92102
19/05/2021 10:00,288.45935
19/05/2021 11:00,289.0157
19/05/2021 12:00,289.53055
19/05/2021 13:00,288.868
19/05/2021 14:00,288.67294
19/05/2021 15:00,287.28076
19/05/2021 16:00,287.05765
19/05/2021 17:00,286.51385
19/05/2021 18:00,285.80927
19/05/2021 19:00,285.60342
19/05/2021 20:00,284.86337
19/05/2021 21:00,284.21426
19/05/2021 22:00,283.7209
19/05/2021 23:00,283.3438
20/05/2021 0:00,282.91098
20/05/2021 1:00,282.53067
20/05/2021 2:00,282.2306
20/05/2021 3:00,282.10648
20/05/2021 4:00,282.21985
20/05/2021 5:00,283.27313
20/05/2021 6:00,284.63278
20/05/2021 7:00,285.86832
20/05/2021 8:00,286.74442
20/05/2021 9:00,287.63217
20/05/2021 10:00,287.87738
20/05/2021 11:00,287.8759
20/05/2021 12:00,287.94775
20/05/2021 13:00,287.86902
20/05/2021 14:00,288.21533
20/05/2021 15:00,288.4483
20/05/2021 16:00,288.4841
20/05/2021 17:00,288.17896
20/05/2021 18:00,287.17636
20/05/2021 19:00,286.03806
20/05/2021 20:00,284.70856
20/05/2021 21:00,283.42734
20/05/2021 22:00,282.37347
20/05/2021 23:00,281.4717
21/05/2021 0:00,280.6499
21/05/2021 1:00,280.02646
21/05/2021 2:00,279.65656
21/05/2021 3:00,279.315
21/05/2021 4:00,279.22015
21/05/2021 5:00,281.23486
21/05/2021 6:00,285.65115
21/05/2021 7:00,288.17358
21/05/2021 8:00,289.81808
21/05/2021 9:00,291.22128
21/05/2021 10:00,292.18777
21/05/2021 11:00,292.7644
21/05/2021 12:00,292.70087
21/05/2021 13:00,292.7623
21/05/2021 14:00,292.56213
21/05/2021 15:00,292.20358
21/05/2021 16:00,291.57358
21/05/2021 17:00,290.68884
21/05/2021 18:00,289.135
21/05/2021 19:00,287.5197
21/05/2021 20:00,286.6785
21/05/2021 21:00,286.1204
21/05/2021 22:00,285.74097
21/05/2021 23:00,285.63834
22/05/2021 0:00,285.48978
22/05/2021 1:00,285.11603
22/05/2021 2:00,284.75092
22/05/2021 3:00,284.54657
22/05/2021 4:00,284.4338
22/05/2021 5:00,285.76752
22/05/2021 6:00,288.19714
22/05/2021 7:00,289.7972
22/05/2021 8:00,290.86185
22/05/2021 9:00,291.5703
22/05/2021 10:00,291.92587
22/05/2021 11:00,292.5192
22/05/2021 12:00,292.84283
22/05/2021 13:00,292.91055
22/05/2021 14:00,292.7441
22/05/2021 15:00,292.14035
22/05/2021 16:00,291.34747
22/05/2021 17:00,290.77057
22/05/2021 18:00,290.17487
22/05/2021 19:00,289.1642
22/05/2021 20:00,289.05685
22/05/2021 21:00,288.6604
22/05/2021 22:00,288.3108
22/05/2021 23:00,288.16373
23/05/2021 0:00,287.84128
23/05/2021 1:00,287.398
23/05/2021 2:00,287.0141
23/05/2021 3:00,286.72922
23/05/2021 4:00,286.59738
23/05/2021 5:00,287.49435
23/05/2021 6:00,288.98315
23/05/2021 7:00,290.42633
23/05/2021 8:00,291.68216
23/05/2021 9:00,292.6943
23/05/2021 10:00,293.4299
23/05/2021 11:00,293.957
23/05/2021 12:00,294.309
23/05/2021 13:00,294.46558
23/05/2021 14:00,294.53122
23/05/2021 15:00,294.12643
23/05/2021 16:00,293.6924
23/05/2021 17:00,293.01407
23/05/2021 18:00,292.05713
23/05/2021 19:00,290.9737
23/05/2021 20:00,290.39233
23/05/2021 21:00,289.7835
23/05/2021 22:00,288.93365
23/05/2021 23:00,288.0128
24/05/2021 0:00,287.30405
24/05/2021 1:00,286.86884
24/05/2021 2:00,286.3653
24/05/2021 3:00,286.342
24/05/2021 4:00,286.49176
24/05/2021 5:00,286.9735
24/05/2021 6:00,288.00446
24/05/2021 7:00,292.44998
24/05/2021 8:00,294.77283
24/05/2021 9:00,295.96454
24/05/2021 10:00,296.21838
24/05/2021 11:00,297.69705
24/05/2021 12:00,298.2722
24/05/2021 13:00,298.38852
24/05/2021 14:00,298.24057
24/05/2021 15:00,297.9384
24/05/2021 16:00,297.2884
24/05/2021 17:00,296.5492
24/05/2021 18:00,295.4968
24/05/2021 19:00,294.90765
24/05/2021 20:00,294.8304
24/05/2021 21:00,294.40384
24/05/2021 22:00,293.39648
24/05/2021 23:00,292.28235
25/05/2021 0:00,291.24158
25/05/2021 1:00,290.14087
25/05/2021 2:00,288.8322
25/05/2021 3:00,287.6954
25/05/2021 4:00,287.239
25/05/2021 5:00,288.7863
25/05/2021 6:00,290.92746
25/05/2021 7:00,291.8689
25/05/2021 8:00,292.78735
25/05/2021 9:00,293.36874
25/05/2021 10:00,293.9883
25/05/2021 11:00,294.57776
25/05/2021 12:00,294.8683
25/05/2021 13:00,294.74628
25/05/2021 14:00,294.65887
25/05/2021 15:00,294.43695
25/05/2021 16:00,293.86005
25/05/2021 17:00,293.02005
25/05/2021 18:00,291.624
25/05/2021 19:00,290.5713
25/05/2021 20:00,289.68536
25/05/2021 21:00,288.3812
25/05/2021 22:00,287.86246
25/05/2021 23:00,287.2274
26/05/2021 0:00,286.3611
26/05/2021 1:00,285.76123
26/05/2021 2:00,285.04233
26/05/2021 3:00,284.64053
26/05/2021 4:00,284.53732
26/05/2021 5:00,285.78958
26/05/2021 6:00,287.58383
26/05/2021 7:00,289.94965
26/05/2021 8:00,291.75705
26/05/2021 9:00,293.52057
26/05/2021 10:00,294.37283
26/05/2021 11:00,295.08994
26/05/2021 12:00,295.3038
26/05/2021 13:00,295.57736
26/05/2021 14:00,295.50995
26/05/2021 15:00,295.3238
26/05/2021 16:00,294.68365
26/05/2021 17:00,293.66913
26/05/2021 18:00,292.09024
26/05/2021 19:00,290.24496
26/05/2021 20:00,289.58392
26/05/2021 21:00,288.87726
26/05/2021 22:00,288.2395
26/05/2021 23:00,287.02066
27/05/2021 0:00,285.70605
27/05/2021 1:00,284.68857
27/05/2021 2:00,283.5258
27/05/2021 3:00,282.56735
27/05/2021 4:00,282.18942
27/05/2021 5:00,284.6131
27/05/2021 6:00,289.30295
27/05/2021 7:00,292.01984
27/05/2021 8:00,293.52325
27/05/2021 9:00,294.78357
27/05/2021 10:00,295.80466
27/05/2021 11:00,296.43228
27/05/2021 12:00,296.69687
27/05/2021 13:00,296.64676
27/05/2021 14:00,296.27478
27/05/2021 15:00,295.8121
27/05/2021 16:00,295.0234
27/05/2021 17:00,294.0772
27/05/2021 18:00,292.58063
27/05/2021 19:00,290.76282
27/05/2021 20:00,290.7813
27/05/2021 21:00,288.28006
27/05/2021 22:00,287.19336
27/05/2021 23:00,287.37354
28/05/2021 0:00,287.84396
28/05/2021 1:00,286.9598
28/05/2021 2:00,286.2797
28/05/2021 3:00,285.72067
28/05/2021 4:00,285.4844
28/05/2021 5:00,286.027
28/05/2021 6:00,287.09583
28/05/2021 7:00,288.64935
28/05/2021 8:00,289.9046
28/05/2021 9:00,291.21533
28/05/2021 10:00,292.3119
28/05/2021 11:00,293.25302
28/05/2021 12:00,293.9543
28/05/2021 13:00,294.36148
28/05/2021 14:00,294.36685
28/05/2021 15:00,294.02054
28/05/2021 16:00,293.395
28/05/2021 17:00,292.4822
28/05/2021 18:00,291.2383
28/05/2021 19:00,289.84555
28/05/2021 20:00,288.52258
28/05/2021 21:00,287.18173
28/05/2021 22:00,285.996
28/05/2021 23:00,285.07425
29/05/2021 0:00,284.381
29/05/2021 1:00,283.72357
29/05/2021 2:00,283.20123
29/05/2021 3:00,282.81882
29/05/2021 4:00,282.7544
29/05/2021 5:00,284.65396
29/05/2021 6:00,288.12317
29/05/2021 7:00,290.954
29/05/2021 8:00,292.7593
29/05/2021 9:00,294.02768
29/05/2021 10:00,295.14362
29/05/2021 11:00,295.8667
29/05/2021 12:00,296.24704
29/05/2021 13:00,296.4618
29/05/2021 14:00,296.19275
29/05/2021 15:00,295.60898
29/05/2021 16:00,294.9393
29/05/2021 17:00,294.07928
29/05/2021 18:00,292.72382
29/05/2021 19:00,291.33704
29/05/2021 20:00,290.52356
29/05/2021 21:00,289.8709
29/05/2021 22:00,289.10278
29/05/2021 23:00,288.7845
30/05/2021 0:00,288.29916
30/05/2021 1:00,287.63962
30/05/2021 2:00,286.94577
30/05/2021 3:00,286.37842
30/05/2021 4:00,285.88712
30/05/2021 5:00,286.3608
30/05/2021 6:00,287.40875
30/05/2021 7:00,288.39462
30/05/2021 8:00,289.4521
30/05/2021 9:00,290.64468
30/05/2021 10:00,291.77972
30/05/2021 11:00,292.66803
30/05/2021 12:00,293.1862
30/05/2021 13:00,293.0952
30/05/2021 14:00,292.54962
30/05/2021 15:00,292.01776
30/05/2021 16:00,291.7257
30/05/2021 17:00,290.9397
30/05/2021 18:00,289.87
30/05/2021 19:00,288.42804
30/05/2021 20:00,287.4693
30/05/2021 21:00,286.64957
30/05/2021 22:00,285.9444
30/05/2021 23:00,285.4486
31/05/2021 0:00,285.10168
31/05/2021 1:00,284.8714
31/05/2021 2:00,284.56088
31/05/2021 3:00,284.25693
31/05/2021 4:00,284.2107
31/05/2021 5:00,284.86664
31/05/2021 6:00,286.20004
31/05/2021 7:00,287.628
31/05/2021 8:00,289.0968
31/05/2021 9:00,290.36072
31/05/2021 10:00,291.63593
31/05/2021 11:00,292.731
31/05/2021 12:00,293.19095
31/05/2021 13:00,293.47076
31/05/2021 14:00,293.03018
31/05/2021 15:00,292.64148
31/05/2021 16:00,292.18063
31/05/2021 17:00,291.1485
31/05/2021 18:00,289.95053
31/05/2021 19:00,289.28296
31/05/2021 20:00,288.03607
31/05/2021 21:00,286.79364
31/05/2021 22:00,285.59897
31/05/2021 23:00,284.71362
01/06/2021 0:00,283.97397
01/06/2021 1:00,283.33163
01/06/2021 2:00,282.7888
01/06/2021 3:00,282.40594
01/06/2021 4:00,282.38763
01/06/2021 5:00,284.4062
01/06/2021 6:00,287.33493
01/06/2021 7:00,289.21378
01/06/2021 8:00,290.5558
01/06/2021 9:00,291.653
01/06/2021 10:00,292.48877
01/06/2021 11:00,293.4861
01/06/2021 12:00,293.89682
01/06/2021 13:00,294.5539
01/06/2021 14:00,294.54672
01/06/2021 15:00,294.2168
01/06/2021 16:00,293.4236
01/06/2021 17:00,292.56638
01/06/2021 18:00,291.25623
01/06/2021 19:00,289.486
01/06/2021 20:00,287.54266
01/06/2021 21:00,286.08368
01/06/2021 22:00,285.06525
01/06/2021 23:00,284.21158
02/06/2021 0:00,283.46655
02/06/2021 1:00,282.75537
02/06/2021 2:00,282.27103
02/06/2021 3:00,281.9232
02/06/2021 4:00,281.79742
02/06/2021 5:00,283.6918
02/06/2021 6:00,288.21527
02/06/2021 7:00,290.46066
02/06/2021 8:00,291.99606
02/06/2021 9:00,293.22424
02/06/2021 10:00,294.3187
02/06/2021 11:00,295.244
02/06/2021 12:00,295.8883
02/06/2021 13:00,296.25604
02/06/2021 14:00,296.22897
02/06/2021 15:00,295.92493
02/06/2021 16:00,295.17673
02/06/2021 17:00,293.93542
02/06/2021 18:00,292.50986
02/06/2021 19:00,290.4539
02/06/2021 20:00,290.8889
02/06/2021 21:00,290.42444
02/06/2021 22:00,290.0396
02/06/2021 23:00,289.59506
03/06/2021 0:00,287.88095
03/06/2021 1:00,286.46097
03/06/2021 2:00,285.4477
03/06/2021 3:00,284.53513
03/06/2021 4:00,284.16223
03/06/2021 5:00,286.79565
03/06/2021 6:00,291.4604
03/06/2021 7:00,293.902
03/06/2021 8:00,295.49353
03/06/2021 9:00,296.62695
03/06/2021 10:00,297.43246
03/06/2021 11:00,297.89056
03/06/2021 12:00,297.9554
03/06/2021 13:00,298.30286
03/06/2021 14:00,298.26425
03/06/2021 15:00,298.08994
03/06/2021 16:00,297.48462
03/06/2021 17:00,296.63412
03/06/2021 18:00,295.1982
03/06/2021 19:00,293.6055
03/06/2021 20:00,292.32678
03/06/2021 21:00,290.21033
03/06/2021 22:00,288.6045
03/06/2021 23:00,287.2788
04/06/2021 0:00,286.41718
04/06/2021 1:00,285.82776
04/06/2021 2:00,285.44968
04/06/2021 3:00,285.15082
04/06/2021 4:00,285.12296
04/06/2021 5:00,287.323
04/06/2021 6:00,292.37097
04/06/2021 7:00,295.13654
04/06/2021 8:00,296.88565
04/06/2021 9:00,298.2535
04/06/2021 10:00,299.27353
04/06/2021 11:00,299.9099
04/06/2021 12:00,300.16025
04/06/2021 13:00,299.29663
04/06/2021 14:00,298.9424
04/06/2021 15:00,298.32675
04/06/2021 16:00,297.61356
04/06/2021 17:00,296.77142
04/06/2021 18:00,295.52457
04/06/2021 19:00,293.25925
04/06/2021 20:00,293.47256
04/06/2021 21:00,292.84894
04/06/2021 22:00,289.7825
04/06/2021 23:00,289.2926
05/06/2021 0:00,290.26007
05/06/2021 1:00,289.40482
05/06/2021 2:00,287.97607
05/06/2021 3:00,287.17294
05/06/2021 4:00,286.8681
05/06/2021 5:00,289.53894
05/06/2021 6:00,294.03372
05/06/2021 7:00,296.28192
05/06/2021 8:00,297.72937
05/06/2021 9:00,298.7661
05/06/2021 10:00,299.1844
05/06/2021 11:00,299.4359
05/06/2021 12:00,299.69818
05/06/2021 13:00,299.5784
05/06/2021 14:00,299.4375
05/06/2021 15:00,299.0065
05/06/2021 16:00,298.30725
05/06/2021 17:00,297.36044
05/06/2021 18:00,295.99817
05/06/2021 19:00,293.9577
05/06/2021 20:00,293.18524
05/06/2021 21:00,293.18045
05/06/2021 22:00,291.52963
05/06/2021 23:00,290.4336
06/06/2021 0:00,290.3723
06/06/2021 1:00,291.17462
06/06/2021 2:00,291.6888
06/06/2021 3:00,291.68088
06/06/2021 4:00,291.2777
06/06/2021 5:00,291.30875
06/06/2021 6:00,292.3192
06/06/2021 7:00,293.77902
06/06/2021 8:00,294.14197
06/06/2021 9:00,295.72556
06/06/2021 10:00,295.9273
06/06/2021 11:00,296.33563
06/06/2021 12:00,297.10333
06/06/2021 13:00,297.8002
06/06/2021 14:00,297.42212
06/06/2021 15:00,296.98395
06/06/2021 16:00,296.30737
06/06/2021 17:00,295.62286
06/06/2021 18:00,294.81418
06/06/2021 19:00,293.74918
06/06/2021 20:00,293.4487
06/06/2021 21:00,292.78485
06/06/2021 22:00,292.19345
06/06/2021 23:00,291.54517
07/06/2021 0:00,290.08258
07/06/2021 1:00,288.81143
07/06/2021 2:00,288.44528
07/06/2021 3:00,288.49503
07/06/2021 4:00,288.68088
07/06/2021 5:00,289.77017
07/06/2021 6:00,292.04065
07/06/2021 7:00,292.9106
07/06/2021 8:00,294.3358
07/06/2021 9:00,295.6583
07/06/2021 10:00,296.78018
07/06/2021 11:00,297.08185
07/06/2021 12:00,295.2583
07/06/2021 13:00,293.47296
07/06/2021 14:00,292.9158
07/06/2021 15:00,293.22742
07/06/2021 16:00,293.55695
07/06/2021 17:00,293.9565
07/06/2021 18:00,293.625
07/06/2021 19:00,292.17715
07/06/2021 20:00,291.53003
07/06/2021 21:00,291.40906
07/06/2021 22:00,290.12994
07/06/2021 23:00,288.98813
08/06/2021 0:00,288.57144
08/06/2021 1:00,288.59375
08/06/2021 2:00,288.30798
08/06/2021 3:00,287.78186
08/06/2021 4:00,287.71143
08/06/2021 5:00,288.8568
08/06/2021 6:00,291.1038
08/06/2021 7:00,294.38593
08/06/2021 8:00,296.6031
08/06/2021 9:00,297.90488
08/06/2021 10:00,298.35458
08/06/2021 11:00,298.72192
08/06/2021 12:00,299.03912
08/06/2021 13:00,299.32687
08/06/2021 14:00,298.79636
08/06/2021 15:00,298.81268
08/06/2021 16:00,298.2973
08/06/2021 17:00,297.3509
08/06/2021 18:00,296.26202
08/06/2021 19:00,294.78433
08/06/2021 20:00,293.352
08/06/2021 21:00,292.2464
08/06/2021 22:00,291.13803
08/06/2021 23:00,290.13712
09/06/2021 0:00,289.29736
09/06/2021 1:00,288.68924
09/06/2021 2:00,288.28888
09/06/2021 3:00,288.10144
09/06/2021 4:00,288.24112
09/06/2021 5:00,289.87683
09/06/2021 6:00,292.7164
09/06/2021 7:00,295.98502
09/06/2021 8:00,297.7636
09/06/2021 9:00,298.80032
09/06/2021 10:00,299.70892
09/06/2021 11:00,300.11087
09/06/2021 12:00,300.327
09/06/2021 13:00,300.76834
09/06/2021 14:00,300.38748
09/06/2021 15:00,299.1203
09/06/2021 16:00,298.5277
09/06/2021 17:00,297.88498
09/06/2021 18:00,296.72208
09/06/2021 19:00,295.1819
09/06/2021 20:00,293.84747
09/06/2021 21:00,292.52698
09/06/2021 22:00,291.47073
09/06/2021 23:00,290.9211
10/06/2021 0:00,290.16336
10/06/2021 1:00,289.48203
10/06/2021 2:00,288.84964
10/06/2021 3:00,288.39236
10/06/2021 4:00,288.39713
10/06/2021 5:00,290.3357
10/06/2021 6:00,293.80408
10/06/2021 7:00,296.01486
10/06/2021 8:00,297.55984
10/06/2021 9:00,298.708
10/06/2021 10:00,299.0427
10/06/2021 11:00,299.55093
10/06/2021 12:00,299.7149
10/06/2021 13:00,298.22525
10/06/2021 14:00,297.02695
10/06/2021 15:00,296.99112
10/06/2021 16:00,296.6803
10/06/2021 17:00,296.1665
10/06/2021 18:00,295.26666
10/06/2021 19:00,294.26376
10/06/2021 20:00,293.1156
10/06/2021 21:00,292.01437
10/06/2021 22:00,291.22238
10/06/2021 23:00,290.3365
11/06/2021 0:00,289.50272
11/06/2021 1:00,288.84366
11/06/2021 2:00,288.25626
11/06/2021 3:00,287.77707
11/06/2021 4:00,287.74524
11/06/2021 5:00,289.488
11/06/2021 6:00,292.7562
11/06/2021 7:00,296.04352
11/06/2021 8:00,297.52243
11/06/2021 9:00,298.42105
11/06/2021 10:00,299.06818
11/06/2021 11:00,299.6166
11/06/2021 12:00,299.7531
11/06/2021 13:00,299.41122
11/06/2021 14:00,298.28934
11/06/2021 15:00,298.20218
11/06/2021 16:00,296.67352
11/06/2021 17:00,296.55334
11/06/2021 18:00,295.64197
11/06/2021 19:00,294.9069
11/06/2021 20:00,293.70938
11/06/2021 21:00,292.33673
11/06/2021 22:00,291.28766
11/06/2021 23:00,290.46423
12/06/2021 0:00,289.81354
12/06/2021 1:00,289.04703
12/06/2021 2:00,288.3462
12/06/2021 3:00,287.86542
12/06/2021 4:00,287.74088
12/06/2021 5:00,289.66788
12/06/2021 6:00,293.18283
12/06/2021 7:00,295.07483
12/06/2021 8:00,296.6747
12/06/2021 9:00,297.99603
12/06/2021 10:00,298.985
12/06/2021 11:00,299.68344
12/06/2021 12:00,299.8096
12/06/2021 13:00,299.769
12/06/2021 14:00,299.72006
12/06/2021 15:00,300.05478
12/06/2021 16:00,299.60623
12/06/2021 17:00,298.9281
12/06/2021 18:00,297.69156
12/06/2021 19:00,296.03357
12/06/2021 20:00,294.58295
12/06/2021 21:00,293.80927
12/06/2021 22:00,292.8378
12/06/2021 23:00,291.68405
13/06/2021 0:00,290.61667
13/06/2021 1:00,289.73514
13/06/2021 2:00,289.11508
13/06/2021 3:00,288.64148
13/06/2021 4:00,288.5603
13/06/2021 5:00,291.08508
13/06/2021 6:00,296.1331
13/06/2021 7:00,297.73972
13/06/2021 8:00,297.9948
13/06/2021 9:00,298.23083
13/06/2021 10:00,298.08994
13/06/2021 11:00,298.62442
13/06/2021 12:00,299.00488
13/06/2021 13:00,299.36227
13/06/2021 14:00,299.0053
13/06/2021 15:00,298.67776
13/06/2021 16:00,297.8579
13/06/2021 17:00,297.0178
13/06/2021 18:00,296.01407
13/06/2021 19:00,294.9467
13/06/2021 20:00,293.34085
13/06/2021 21:00,291.68405
13/06/2021 22:00,290.55618
13/06/2021 23:00,289.6667
14/06/2021 0:00,289.57993
14/06/2021 1:00,289.08762
14/06/2021 2:00,288.53165
14/06/2021 3:00,288.01627
14/06/2021 4:00,287.63818
14/06/2021 5:00,288.33307
14/06/2021 6:00,289.42352
14/06/2021 7:00,291.09662
14/06/2021 8:00,292.4227
14/06/2021 9:00,293.61783
14/06/2021 10:00,294.62512
14/06/2021 11:00,295.2822
14/06/2021 12:00,295.6547
14/06/2021 13:00,295.74506
14/06/2021 14:00,295.65707
14/06/2021 15:00,295.4
14/06/2021 16:00,294.85992
14/06/2021 17:00,294.07153
14/06/2021 18:00,293.02484
14/06/2021 19:00,291.31235
14/06/2021 20:00,290.18765
14/06/2021 21:00,288.9364
14/06/2021 22:00,287.6123
14/06/2021 23:00,286.72443
15/06/2021 0:00,286.00568
15/06/2021 1:00,285.4505
15/06/2021 2:00,284.91162
15/06/2021 3:00,284.43484
15/06/2021 4:00,284.41415
15/06/2021 5:00,286.7857
15/06/2021 6:00,290.57648
15/06/2021 7:00,292.80597
15/06/2021 8:00,294.5905
15/06/2021 9:00,296.13705
15/06/2021 10:00,297.44202
15/06/2021 11:00,298.5138
15/06/2021 12:00,299.42117
15/06/2021 13:00,299.931
15/06/2021 14:00,300.1316
15/06/2021 15:00,299.72763
15/06/2021 16:00,298.98938
15/06/2021 17:00,298.0203
15/06/2021 18:00,296.64926
15/06/2021 19:00,295.16876
15/06/2021 20:00,294.27173
15/06/2021 21:00,292.42868
15/06/2021 22:00,290.28198
15/06/2021 23:00,289.12503
16/06/2021 0:00,288.23355
16/06/2021 1:00,287.62784
16/06/2021 2:00,287.37195
16/06/2021 3:00,287.161
16/06/2021 4:00,287.14948
16/06/2021 5:00,289.0558
16/06/2021 6:00,293.1359
16/06/2021 7:00,294.91525
16/06/2021 8:00,296.6791
16/06/2021 9:00,298.03183
16/06/2021 10:00,299.15054
16/06/2021 11:00,300.00064
16/06/2021 12:00,300.64258
16/06/2021 13:00,301.04056
16/06/2021 14:00,300.94345
16/06/2021 15:00,300.71542
16/06/2021 16:00,299.8148
16/06/2021 17:00,298.54443
16/06/2021 18:00,297.16144
16/06/2021 19:00,295.08997
16/06/2021 20:00,295.15125
16/06/2021 21:00,294.64264
16/06/2021 22:00,292.74347
16/06/2021 23:00,290.68036
17/06/2021 0:00,289.43744
17/06/2021 1:00,288.6232
17/06/2021 2:00,287.9498
17/06/2021 3:00,287.49213
17/06/2021 4:00,287.4969
17/06/2021 5:00,290.04318
17/06/2021 6:00,295.32
17/06/2021 7:00,297.96536
17/06/2021 8:00,299.48447
17/06/2021 9:00,300.6394
17/06/2021 10:00,301.56113
17/06/2021 11:00,302.2325
17/06/2021 12:00,302.5692
17/06/2021 13:00,302.56204
17/06/2021 14:00,300.79977
17/06/2021 15:00,300.09018
17/06/2021 16:00,299.70654
17/06/2021 17:00,298.69528
17/06/2021 18:00,297.52917
17/06/2021 19:00,296.06342
17/06/2021 20:00,295.38525
17/06/2021 21:00,295.03067
17/06/2021 22:00,295.3192
17/06/2021 23:00,295.05295
18/06/2021 0:00,294.81018
18/06/2021 1:00,294.52203
18/06/2021 2:00,292.21774
18/06/2021 3:00,290.18964
18/06/2021 4:00,289.49
18/06/2021 5:00,291.48785
18/06/2021 6:00,296.31058
18/06/2021 7:00,298.2348
18/06/2021 8:00,299.70175
18/06/2021 9:00,300.73013
18/06/2021 10:00,301.48312
18/06/2021 11:00,301.65186
18/06/2021 12:00,301.6431
18/06/2021 13:00,301.98578
18/06/2021 14:00,301.96906
18/06/2021 15:00,301.61884
18/06/2021 16:00,300.9574
18/06/2021 17:00,299.89478
18/06/2021 18:00,298.5285
18/06/2021 19:00,296.98672
18/06/2021 20:00,296.0698
18/06/2021 21:00,295.48196
18/06/2021 22:00,294.6506
18/06/2021 23:00,293.2915
19/06/2021 0:00,292.17355
19/06/2021 1:00,291.23074
19/06/2021 2:00,290.37708
19/06/2021 3:00,289.77933
19/06/2021 4:00,289.63446
19/06/2021 5:00,292.95242
19/06/2021 6:00,297.1097
19/06/2021 7:00,299.44507
19/06/2021 8:00,300.88895
19/06/2021 9:00,301.97183
19/06/2021 10:00,303.46228
19/06/2021 11:00,304.48468
19/06/2021 12:00,304.98932
19/06/2021 13:00,304.5074
19/06/2021 14:00,304.05923
19/06/2021 15:00,302.52026
19/06/2021 16:00,302.30414
19/06/2021 17:00,301.57983
19/06/2021 18:00,300.51404
19/06/2021 19:00,298.8119
19/06/2021 20:00,297.75406
19/06/2021 21:00,296.6031
19/06/2021 22:00,295.32956
19/06/2021 23:00,294.0787
20/06/2021 0:00,292.9994
20/06/2021 1:00,292.17715
20/06/2021 2:00,291.614
20/06/2021 3:00,291.1277
20/06/2021 4:00,291.22797
20/06/2021 5:00,293.66043
20/06/2021 6:00,298.68134
20/06/2021 7:00,300.6016
20/06/2021 8:00,302.1943
20/06/2021 9:00,303.58246
20/06/2021 10:00,304.48788
20/06/2021 11:00,305.04108
20/06/2021 12:00,305.289
20/06/2021 13:00,305.8426
20/06/2021 14:00,304.3645
20/06/2021 15:00,303.0452
20/06/2021 16:00,302.42355
20/06/2021 17:00,301.65265
20/06/2021 18:00,300.52557
20/06/2021 19:00,298.9062
20/06/2021 20:00,298.77087
20/06/2021 21:00,296.39334
20/06/2021 22:00,295.85846
20/06/2021 23:00,295.03186
21/06/2021 0:00,294.14117
21/06/2021 1:00,293.6071
21/06/2021 2:00,292.98624
21/06/2021 3:00,292.35147
21/06/2021 4:00,292.21616
21/06/2021 5:00,294.9467
21/06/2021 6:00,299.60785
21/06/2021 7:00,301.55157
21/06/2021 8:00,302.85815
21/06/2021 9:00,303.5152
21/06/2021 10:00,303.90045
21/06/2021 11:00,304.36887
21/06/2021 12:00,304.7593
21/06/2021 13:00,304.94235
21/06/2021 14:00,304.6992
21/06/2021 15:00,304.2272
21/06/2021 16:00,303.45154
21/06/2021 17:00,302.44226
21/06/2021 18:00,301.388
21/06/2021 19:00,299.7316
21/06/2021 20:00,298.75616
21/06/2021 21:00,297.83405
21/06/2021 22:00,296.9143
21/06/2021 23:00,296.1673
22/06/2021 0:00,295.76852
22/06/2021 1:00,295.92215
22/06/2021 2:00,295.68216
22/06/2021 3:00,295.123
22/06/2021 4:00,295.09393
22/06/2021 5:00,297.3879
22/06/2021 6:00,300.03287
22/06/2021 7:00,301.87753
22/06/2021 8:00,303.0221
22/06/2021 9:00,304.03775
22/06/2021 10:00,304.7979
22/06/2021 11:00,305.27866
22/06/2021 12:00,305.5672
22/06/2021 13:00,305.65237
22/06/2021 14:00,305.57315
22/06/2021 15:00,305.1537
22/06/2021 16:00,304.36768
22/06/2021 17:00,303.2792
22/06/2021 18:00,301.8413
22/06/2021 19:00,300.75204
22/06/2021 20:00,300.35526
22/06/2021 21:00,298.94638
22/06/2021 22:00,297.73254
22/06/2021 23:00,297.01938
23/06/2021 0:00,296.1526
23/06/2021 1:00,295.2042
23/06/2021 2:00,294.18298
23/06/2021 3:00,293.47177
23/06/2021 4:00,293.22025
23/06/2021 5:00,295.56436
23/06/2021 6:00,300.63742
23/06/2021 7:00,303.05435
23/06/2021 8:00,304.6184
23/06/2021 9:00,305.45615
23/06/2021 10:00,305.49554
23/06/2021 11:00,305.64
23/06/2021 12:00,306.2712
23/06/2021 13:00,307.18896
23/06/2021 14:00,307.72583
23/06/2021 15:00,307.48544
23/06/2021 16:00,306.10287
23/06/2021 17:00,304.51892
23/06/2021 18:00,303.2219
23/06/2021 19:00,301.59415
23/06/2021 20:00,300.43604
23/06/2021 21:00,299.49442
23/06/2021 22:00,300.63065
23/06/2021 23:00,300.90643
24/06/2021 0:00,300.22113
24/06/2021 1:00,297.6621
24/06/2021 2:00,296.12512
24/06/2021 3:00,295.71838
24/06/2021 4:00,296.09964
24/06/2021 5:00,297.83563
24/06/2021 6:00,301.53366
24/06/2021 7:00,304.4875
24/06/2021 8:00,305.87323
24/06/2021 9:00,306.59955
24/06/2021 10:00,306.51437
24/06/2021 11:00,306.2362
24/06/2021 12:00,307.0688
24/06/2021 13:00,307.75888
24/06/2021 14:00,307.69122
24/06/2021 15:00,306.54184
24/06/2021 16:00,305.07886
24/06/2021 17:00,304.068
24/06/2021 18:00,302.8108
24/06/2021 19:00,301.31955
24/06/2021 20:00,300.35486
24/06/2021 21:00,299.6564
24/06/2021 22:00,299.57718
24/06/2021 23:00,297.7075
25/06/2021 0:00,298.3948
25/06/2021 1:00,298.34186
25/06/2021 2:00,298.03342
25/06/2021 3:00,297.72897
25/06/2021 4:00,296.55014
25/06/2021 5:00,296.96683
25/06/2021 6:00,299.1446
25/06/2021 7:00,300.67603
25/06/2021 8:00,302.3722
25/06/2021 9:00,303.5331
25/06/2021 10:00,304.52808
25/06/2021 11:00,304.43933
25/06/2021 12:00,304.07953
25/06/2021 13:00,304.0517
25/06/2021 14:00,303.98483
25/06/2021 15:00,303.48495
25/06/2021 16:00,302.44543
25/06/2021 17:00,301.57227
25/06/2021 18:00,300.63303
25/06/2021 19:00,299.56924
25/06/2021 20:00,298.99136
25/06/2021 21:00,298.743
25/06/2021 22:00,297.5889
25/06/2021 23:00,295.62964
26/06/2021 0:00,294.69318
26/06/2021 1:00,294.05762
26/06/2021 2:00,293.2907
26/06/2021 3:00,292.58148
26/06/2021 4:00,292.34827
26/06/2021 5:00,294.44684
26/06/2021 6:00,298.54285
26/06/2021 7:00,299.94733
26/06/2021 8:00,301.271
26/06/2021 9:00,302.49478
26/06/2021 10:00,303.43283
26/06/2021 11:00,304.1058
26/06/2021 12:00,304.53085
26/06/2021 13:00,304.54718
26/06/2021 14:00,304.53204
26/06/2021 15:00,304.23795
26/06/2021 16:00,303.50806
26/06/2021 17:00,302.51746
26/06/2021 18:00,301.1926
26/06/2021 19:00,299.3842
26/06/2021 20:00,297.8965
26/06/2021 21:00,296.78815
26/06/2021 22:00,295.76175
26/06/2021 23:00,294.71906
27/06/2021 0:00,293.8216
27/06/2021 1:00,293.0129
27/06/2021 2:00,292.33
27/06/2021 3:00,291.72067
27/06/2021 4:00,291.50815
27/06/2021 5:00,293.37228
27/06/2021 6:00,296.96722
27/06/2021 7:00,299.7336
27/06/2021 8:00,301.63992
27/06/2021 9:00,302.886
27/06/2021 10:00,303.93387
27/06/2021 11:00,304.73898
27/06/2021 12:00,305.15768
27/06/2021 13:00,305.17596
27/06/2021 14:00,304.819
27/06/2021 15:00,304.06125
27/06/2021 16:00,302.97833
27/06/2021 17:00,301.91293
27/06/2021 18:00,300.8567
27/06/2021 19:00,299.6317
27/06/2021 20:00,298.61847
27/06/2021 21:00,296.78177
27/06/2021 22:00,295.28897
27/06/2021 23:00,294.05762
28/06/2021 0:00,293.00058
28/06/2021 1:00,292.26987
28/06/2021 2:00,291.76245
28/06/2021 3:00,291.28925
28/06/2021 4:00,291.15512
28/06/2021 5:00,293.22025
28/06/2021 6:00,298.3347
28/06/2021 7:00,300.74448
28/06/2021 8:00,302.4482
28/06/2021 9:00,303.8718
28/06/2021 10:00,304.85123
28/06/2021 11:00,305.41437
28/06/2021 12:00,305.61694
28/06/2021 13:00,305.48242
28/06/2021 14:00,305.28104
28/06/2021 15:00,305.11707
28/06/2021 16:00,304.66855
28/06/2021 17:00,303.6346
28/06/2021 18:00,302.15094
28/06/2021 19:00,300.82446
28/06/2021 20:00,299.4367
28/06/2021 21:00,297.55426
28/06/2021 22:00,296.2509
28/06/2021 23:00,295.50586
29/06/2021 0:00,295.15366
29/06/2021 1:00,294.84042
29/06/2021 2:00,294.61557
29/06/2021 3:00,294.3135
29/06/2021 4:00,294.42575
29/06/2021 5:00,296.72406
29/06/2021 6:00,300.53394
29/06/2021 7:00,302.0781
29/06/2021 8:00,303.07782
29/06/2021 9:00,303.9737
29/06/2021 10:00,304.76965
29/06/2021 11:00,305.29697
29/06/2021 12:00,305.58432
29/06/2021 13:00,305.91342
29/06/2021 14:00,305.9803
29/06/2021 15:00,304.99332
29/06/2021 16:00,303.66803
29/06/2021 17:00,302.81
29/06/2021 18:00,301.8564
29/06/2021 19:00,300.3867
29/06/2021 20:00,299.27512
29/06/2021 21:00,298.8907
29/06/2021 22:00,299.08887
29/06/2021 23:00,298.40555
30/06/2021 0:00,296.6353
30/06/2021 1:00,295.9281
30/06/2021 2:00,295.59064
30/06/2021 3:00,296.04352
30/06/2021 4:00,297.00784
30/06/2021 5:00,297.27725
30/06/2021 6:00,298.94003
30/06/2021 7:00,300.23944
30/06/2021 8:00,301.65903
30/06/2021 9:00,302.8701
30/06/2021 10:00,303.635
30/06/2021 11:00,304.2447
30/06/2021 12:00,304.50616
30/06/2021 13:00,304.47632
30/06/2021 14:00,304.23636
30/06/2021 15:00,303.81647
30/06/2021 16:00,303.20358
30/06/2021 17:00,302.57556
30/06/2021 18:00,301.6849
30/06/2021 19:00,300.02493
30/06/2021 20:00,299.13544
30/06/2021 21:00,299.19553
30/06/2021 22:00,298.21332
30/06/2021 23:00,297.43805
01/07/2021 0:00,297.67783
01/07/2021 1:00,297.09708
01/07/2021 2:00,296.08408
01/07/2021 3:00,295.57126
01/07/2021 4:00,295.34283
01/07/2021 5:00,295.67056
01/07/2021 6:00,297.21698
01/07/2021 7:00,299.02716
01/07/2021 8:00,300.1825
01/07/2021 9:00,301.1537
01/07/2021 10:00,302.0142
01/07/2021 11:00,302.45752
01/07/2021 12:00,301.9315
01/07/2021 13:00,300.0143
01/07/2021 14:00,300.8401
01/07/2021 15:00,299.4419
01/07/2021 16:00,299.2356
01/07/2021 17:00,299.15198
01/07/2021 18:00,298.384
01/07/2021 19:00,297.69595
01/07/2021 20:00,296.39334
01/07/2021 21:00,295.20697
01/07/2021 22:00,294.35168
01/07/2021 23:00,293.624
02/07/2021 0:00,293.05307
02/07/2021 1:00,292.4911
02/07/2021 2:00,291.88297
02/07/2021 3:00,291.3517
02/07/2021 4:00,291.09747
02/07/2021 5:00,292.09848
02/07/2021 6:00,293.782
02/07/2021 7:00,295.64383
02/07/2021 8:00,297.66983
02/07/2021 9:00,299.48462
02/07/2021 10:00,300.75278
02/07/2021 11:00,301.64096
02/07/2021 12:00,302.07968
02/07/2021 13:00,302.24692
02/07/2021 14:00,302.2211
02/07/2021 15:00,301.9284
02/07/2021 16:00,301.28525
02/07/2021 17:00,300.40723
02/07/2021 18:00,299.35364
02/07/2021 19:00,298.22382
02/07/2021 20:00,296.96548
02/07/2021 21:00,295.92328
02/07/2021 22:00,295.00558
02/07/2021 23:00,294.2118
03/07/2021 0:00,293.41217
03/07/2021 1:00,292.83295
03/07/2021 2:00,292.23776
03/07/2021 3:00,291.5199
03/07/2021 4:00,291.11438
03/07/2021 5:00,292.37302
03/07/2021 6:00,294.54535
03/07/2021 7:00,296.3946
03/07/2021 8:00,297.74792
03/07/2021 9:00,299.11447
03/07/2021 10:00,300.37494
03/07/2021 11:00,301.4061
03/07/2021 12:00,302.07382
03/07/2021 13:00,302.53067
03/07/2021 14:00,302.6392
03/07/2021 15:00,302.3453
03/07/2021 16:00,301.52014
03/07/2021 17:00,300.3971
03/07/2021 18:00,299.16763
03/07/2021 19:00,298.12637
03/07/2021 20:00,297.89734
03/07/2021 21:00,297.38544
03/07/2021 22:00,296.88586
03/07/2021 23:00,296.52155
04/07/2021 0:00,296.10928
04/07/2021 1:00,294.18997
04/07/2021 2:00,293.7276
04/07/2021 3:00,293.3599
04/07/2021 4:00,293.2483
04/07/2021 5:00,293.30057
04/07/2021 6:00,293.5877
04/07/2021 7:00,294.3895
04/07/2021 8:00,296.0278
04/07/2021 9:00,298.06396
04/07/2021 10:00,299.18118
04/07/2021 11:00,300.2615
04/07/2021 12:00,301.3077
04/07/2021 13:00,301.52783
04/07/2021 14:00,301.47464
04/07/2021 15:00,301.0633
04/07/2021 16:00,300.38416
04/07/2021 17:00,299.3014
04/07/2021 18:00,298.3219
04/07/2021 19:00,297.3335
04/07/2021 20:00,296.67465
04/07/2021 21:00,295.8827
04/07/2021 22:00,294.7206
04/07/2021 23:00,293.7073
05/07/2021 0:00,292.78223
05/07/2021 1:00,292.16705
05/07/2021 2:00,291.51437
05/07/2021 3:00,291.29977
05/07/2021 4:00,291.7391
05/07/2021 5:00,292.51108
05/07/2021 6:00,293.8564
05/07/2021 7:00,294.96686
05/07/2021 8:00,296.6098
05/07/2021 9:00,298.0252
05/07/2021 10:00,299.1292
05/07/2021 11:00,299.8025
05/07/2021 12:00,299.90918
05/07/2021 13:00,300.15112
05/07/2021 14:00,300.86655
05/07/2021 15:00,300.89975
05/07/2021 16:00,300.3319
05/07/2021 17:00,299.66324
05/07/2021 18:00,298.68314
05/07/2021 19:00,297.78387
05/07/2021 20:00,296.647
05/07/2021 21:00,295.67273
05/07/2021 22:00,294.65326
05/07/2021 23:00,293.73434
06/07/2021 0:00,292.95746
06/07/2021 1:00,292.3306
06/07/2021 2:00,291.80212
06/07/2021 3:00,291.3265
06/07/2021 4:00,291.16296
06/07/2021 5:00,292.769
06/07/2021 6:00,295.52393
06/07/2021 7:00,297.9708
06/07/2021 8:00,299.90857
06/07/2021 9:00,301.50137
06/07/2021 10:00,302.71484
06/07/2021 11:00,303.68726
06/07/2021 12:00,304.31256
06/07/2021 13:00,304.63724
06/07/2021 14:00,304.43832
06/07/2021 15:00,303.9409
06/07/2021 16:00,302.98752
06/07/2021 17:00,301.8697
06/07/2021 18:00,300.7248
06/07/2021 19:00,299.06372
06/07/2021 20:00,299.35733
06/07/2021 21:00,296.72202
06/07/2021 22:00,295.4111
06/07/2021 23:00,294.44208
07/07/2021 0:00,293.65164
07/07/2021 1:00,293.04263
07/07/2021 2:00,292.64755
07/07/2021 3:00,292.3801
07/07/2021 4:00,292.2814
07/07/2021 5:00,294.20627
07/07/2021 6:00,299.23282
07/07/2021 7:00,301.94778
07/07/2021 8:00,303.63898
07/07/2021 9:00,304.91208
07/07/2021 10:00,305.85742
07/07/2021 11:00,306.45047
07/07/2021 12:00,306.80466
07/07/2021 13:00,306.919
07/07/2021 14:00,306.79327
07/07/2021 15:00,306.33582
07/07/2021 16:00,305.51157
07/07/2021 17:00,304.48413
07/07/2021 18:00,303.11234
07/07/2021 19:00,302.5937
07/07/2021 20:00,301.60037
07/07/2021 21:00,298.90387
07/07/2021 22:00,297.52103
07/07/2021 23:00,296.2707
08/07/2021 0:00,295.2257
08/07/2021 1:00,294.52383
08/07/2021 2:00,294.03165
08/07/2021 3:00,293.59354
08/07/2021 4:00,293.39987
08/07/2021 5:00,295.14795
08/07/2021 6:00,300.70053
08/07/2021 7:00,303.39764
08/07/2021 8:00,305.11774
08/07/2021 9:00,306.40036
08/07/2021 10:00,307.23843
08/07/2021 11:00,307.79672
08/07/2021 12:00,308.13306
08/07/2021 13:00,308.28677
08/07/2021 14:00,308.15704
08/07/2021 15:00,307.99503
08/07/2021 16:00,307.2618
08/07/2021 17:00,305.83682
08/07/2021 18:00,304.27722
08/07/2021 19:00,302.98477
08/07/2021 20:00,301.257
08/07/2021 21:00,300.00296
08/07/2021 22:00,300.76047
08/07/2021 23:00,300.52744
09/07/2021 0:00,300.11148
09/07/2021 1:00,299.56393
09/07/2021 2:00,299.03976
09/07/2021 3:00,297.25662
09/07/2021 4:00,296.40842
09/07/2021 5:00,296.77673
09/07/2021 6:00,299.49722
09/07/2021 7:00,301.48724
09/07/2021 8:00,302.66995
09/07/2021 9:00,303.07578
09/07/2021 10:00,303.54797
09/07/2021 11:00,304.44202
09/07/2021 12:00,305.15402
09/07/2021 13:00,305.1731
09/07/2021 14:00,304.84198
09/07/2021 15:00,304.41833
09/07/2021 16:00,303.7481
09/07/2021 17:00,302.82275
09/07/2021 18:00,301.46695
09/07/2021 19:00,300.3393
09/07/2021 20:00,298.77875
09/07/2021 21:00,297.98004
09/07/2021 22:00,296.76535
09/07/2021 23:00,295.4446
10/07/2021 0:00,293.43152
10/07/2021 1:00,292.11295
10/07/2021 2:00,291.48978
10/07/2021 3:00,291.79935
10/07/2021 4:00,292.36566
10/07/2021 5:00,294.3695
10/07/2021 6:00,296.8462
10/07/2021 7:00,298.8679
10/07/2021 8:00,300.4638
10/07/2021 9:00,301.78424
10/07/2021 10:00,303.2184
10/07/2021 11:00,304.44846
10/07/2021 12:00,305.03842
10/07/2021 13:00,305.16632
10/07/2021 14:00,305.41226
10/07/2021 15:00,305.40674
10/07/2021 16:00,304.75067
10/07/2021 17:00,304.08014
10/07/2021 18:00,303.02472
10/07/2021 19:00,301.04453
10/07/2021 20:00,299.53842
10/07/2021 21:00,297.93115
10/07/2021 22:00,296.5019
10/07/2021 23:00,295.35852
11/07/2021 0:00,294.52414
11/07/2021 1:00,293.82965
11/07/2021 2:00,293.14685
11/07/2021 3:00,292.62112
11/07/2021 4:00,292.3681
11/07/2021 5:00,293.94095
11/07/2021 6:00,297.61203
11/07/2021 7:00,299.52057
11/07/2021 8:00,300.96707
11/07/2021 9:00,302.00067
11/07/2021 10:00,302.88086
11/07/2021 11:00,303.63037
11/07/2021 12:00,304.02112
11/07/2021 13:00,303.33002
11/07/2021 14:00,303.144
11/07/2021 15:00,302.8295
11/07/2021 16:00,302.40433
11/07/2021 17:00,301.953
11/07/2021 18:00,301.0719
11/07/2021 19:00,299.68445
11/07/2021 20:00,298.41595
11/07/2021 21:00,296.817
11/07/2021 22:00,295.51285
11/07/2021 23:00,294.49155
12/07/2021 0:00,293.71683
12/07/2021 1:00,293.06323
12/07/2021 2:00,292.63773
12/07/2021 3:00,292.24945
12/07/2021 4:00,292.3343
12/07/2021 5:00,293.94556
12/07/2021 6:00,296.77548
12/07/2021 7:00,298.79626
12/07/2021 8:00,300.70853
12/07/2021 9:00,302.44922
12/07/2021 10:00,303.74167
12/07/2021 11:00,304.70547
12/07/2021 12:00,305.22012
12/07/2021 13:00,305.123
12/07/2021 14:00,304.66367
12/07/2021 15:00,304.10782
12/07/2021 16:00,303.39395
12/07/2021 17:00,302.51407
12/07/2021 18:00,301.47833
12/07/2021 19:00,300.39215
12/07/2021 20:00,298.0907
12/07/2021 21:00,296.76718
12/07/2021 22:00,296.2387
12/07/2021 23:00,296.00998
13/07/2021 0:00,295.1516
13/07/2021 1:00,294.12878
13/07/2021 2:00,293.6738
13/07/2021 3:00,293.5419
13/07/2021 4:00,293.60522
13/07/2021 5:00,295.29642
13/07/2021 6:00,299.44434
13/07/2021 7:00,301.57455
13/07/2021 8:00,303.25375
13/07/2021 9:00,304.64706
13/07/2021 10:00,305.6822
13/07/2021 11:00,306.22882
13/07/2021 12:00,306.33334
13/07/2021 13:00,306.20422
13/07/2021 14:00,306.05203
13/07/2021 15:00,306.04773
13/07/2021 16:00,305.6619
13/07/2021 17:00,304.72238
13/07/2021 18:00,303.51047
13/07/2021 19:00,302.31946
13/07/2021 20:00,301.84634
13/07/2021 21:00,301.13647
13/07/2021 22:00,300.45795
13/07/2021 23:00,300.2234
14/07/2021 0:00,300.1087
14/07/2021 1:00,299.67184
14/07/2021 2:00,299.15997
14/07/2021 3:00,298.64316
14/07/2021 4:00,297.95206
14/07/2021 5:00,297.60587
14/07/2021 6:00,297.56467
14/07/2021 7:00,299.05267
14/07/2021 8:00,299.00226
14/07/2021 9:00,296.12527
14/07/2021 10:00,296.23718
14/07/2021 11:00,298.0074
14/07/2021 12:00,299.47876
14/07/2021 13:00,298.65054
14/07/2021 14:00,299.29553
14/07/2021 15:00,299.033
14/07/2021 16:00,299.0253
14/07/2021 17:00,298.8719
14/07/2021 18:00,298.24197
14/07/2021 19:00,297.169
14/07/2021 20:00,295.59216
14/07/2021 21:00,294.5509
14/07/2021 22:00,293.77277
14/07/2021 23:00,293.38632
15/07/2021 0:00,292.77484
15/07/2021 1:00,292.32968
15/07/2021 2:00,291.9088
15/07/2021 3:00,291.91678
15/07/2021 4:00,291.95428
15/07/2021 5:00,293.19296
15/07/2021 6:00,295.94113
15/07/2021 7:00,298.079
15/07/2021 8:00,299.42896
15/07/2021 9:00,300.5465
15/07/2021 10:00,301.1629
15/07/2021 11:00,301.29572
15/07/2021 12:00,301.6631
15/07/2021 13:00,301.71783
15/07/2021 14:00,301.36642
15/07/2021 15:00,300.8327
15/07/2021 16:00,300.25443
15/07/2021 17:00,299.4305
15/07/2021 18:00,298.4126
15/07/2021 19:00,296.72507
15/07/2021 20:00,295.83752
15/07/2021 21:00,295.56882
15/07/2021 22:00,295.1387
15/07/2021 23:00,294.2087
16/07/2021 0:00,292.37888
16/07/2021 1:00,291.45593
16/07/2021 2:00,291.01538
16/07/2021 3:00,290.48047
16/07/2021 4:00,290.3618
16/07/2021 5:00,292.05423
16/07/2021 6:00,296.0979
16/07/2021 7:00,297.96527
16/07/2021 8:00,299.67828
16/07/2021 9:00,300.85794
16/07/2021 10:00,301.58472
16/07/2021 11:00,302.04092
16/07/2021 12:00,301.91458
16/07/2021 13:00,300.76263
16/07/2021 14:00,299.1243
16/07/2021 15:00,298.9758
16/07/2021 16:00,299.1858
16/07/2021 17:00,298.8925
16/07/2021 18:00,297.83
16/07/2021 19:00,295.6718
16/07/2021 20:00,294.328
16/07/2021 21:00,293.60953
16/07/2021 22:00,293.1293
16/07/2021 23:00,292.3927
17/07/2021 0:00,292.12585
17/07/2021 1:00,291.97888
17/07/2021 2:00,291.75354
17/07/2021 3:00,291.653
17/07/2021 4:00,291.53833
17/07/2021 5:00,292.1818
17/07/2021 6:00,292.3973
17/07/2021 7:00,292.86676
17/07/2021 8:00,294.9561
17/07/2021 9:00,297.71503
17/07/2021 10:00,298.50452
17/07/2021 11:00,298.9586
17/07/2021 12:00,298.74554
17/07/2021 13:00,298.68192
17/07/2021 14:00,298.86914
17/07/2021 15:00,298.96014
17/07/2021 16:00,298.16418
17/07/2021 17:00,297.35532
17/07/2021 18:00,296.59995
17/07/2021 19:00,294.4977
17/07/2021 20:00,294.13586
17/07/2021 21:00,293.98584
17/07/2021 22:00,293.7033
17/07/2021 23:00,293.61044
18/07/2021 0:00,293.18466
18/07/2021 1:00,292.96637
18/07/2021 2:00,292.79422
18/07/2021 3:00,292.7278
18/07/2021 4:00,292.6276
18/07/2021 5:00,293.2775
18/07/2021 6:00,294.83188
18/07/2021 7:00,296.73584
18/07/2021 8:00,298.22937
18/07/2021 9:00,299.67767
18/07/2021 10:00,300.4146
18/07/2021 11:00,299.9562
18/07/2021 12:00,299.37854
18/07/2021 13:00,298.79596
18/07/2021 14:00,297.79248
18/07/2021 15:00,297.4374
18/07/2021 16:00,297.62985
18/07/2021 17:00,297.53824
18/07/2021 18:00,296.83514
18/07/2021 19:00,296.1763
18/07/2021 20:00,295.4065
18/07/2021 21:00,294.33508
18/07/2021 22:00,293.66733
18/07/2021 23:00,293.83582
19/07/2021 0:00,293.96094
19/07/2021 1:00,293.9308
19/07/2021 2:00,293.88254
19/07/2021 3:00,293.90466
19/07/2021 4:00,293.94803
19/07/2021 5:00,294.10788
19/07/2021 6:00,294.4599
19/07/2021 7:00,293.88776
19/07/2021 8:00,293.38358
19/07/2021 9:00,293.525
19/07/2021 10:00,293.20956
19/07/2021 11:00,294.0473
19/07/2021 12:00,293.80045
19/07/2021 13:00,294.3852
19/07/2021 14:00,295.34622
19/07/2021 15:00,295.51254
19/07/2021 16:00,295.69116
19/07/2021 17:00,295.80737
19/07/2021 18:00,295.2337
19/07/2021 19:00,294.2948
19/07/2021 20:00,293.82874
19/07/2021 21:00,293.58463
19/07/2021 22:00,293.42444
19/07/2021 23:00,293.23138
20/07/2021 0:00,293.00696
20/07/2021 1:00,293.133
20/07/2021 2:00,293.02325
20/07/2021 3:00,292.87628
20/07/2021 4:00,292.6989
20/07/2021 5:00,293.3061
20/07/2021 6:00,294.77777
20/07/2021 7:00,296.34323
20/07/2021 8:00,297.83154
20/07/2021 9:00,298.95184
20/07/2021 10:00,300.08167
20/07/2021 11:00,300.77798
20/07/2021 12:00,301.42145
20/07/2021 13:00,301.55304
20/07/2021 14:00,301.79898
20/07/2021 15:00,301.62067
20/07/2021 16:00,300.99902
20/07/2021 17:00,299.9728
20/07/2021 18:00,298.63763
20/07/2021 19:00,297.0239
20/07/2021 20:00,295.65613
20/07/2021 21:00,294.10574
20/07/2021 22:00,292.89566
20/07/2021 23:00,292.1283
21/07/2021 0:00,291.5399
21/07/2021 1:00,291.0941
21/07/2021 2:00,290.62402
21/07/2021 3:00,290.13644
21/07/2021 4:00,289.8579
21/07/2021 5:00,291.2355
21/07/2021 6:00,294.08545
21/07/2021 7:00,296.57626
21/07/2021 8:00,298.1906
21/07/2021 9:00,299.5046
21/07/2021 10:00,300.56433
21/07/2021 11:00,301.3231
21/07/2021 12:00,301.8082
21/07/2021 13:00,301.9825
21/07/2021 14:00,301.82388
21/07/2021 15:00,301.28833
21/07/2021 16:00,300.3273
21/07/2021 17:00,299.0742
21/07/2021 18:00,297.6317
21/07/2021 19:00,296.17108
21/07/2021 20:00,294.86572
21/07/2021 21:00,293.78262
21/07/2021 22:00,292.80682
21/07/2021 23:00,291.88727
22/07/2021 0:00,291.09317
22/07/2021 1:00,290.32675
22/07/2021 2:00,289.73245
22/07/2021 3:00,289.2218
22/07/2021 4:00,288.90115
22/07/2021 5:00,290.04666
22/07/2021 6:00,292.90335
22/07/2021 7:00,295.4443
22/07/2021 8:00,297.17856
22/07/2021 9:00,298.69943
22/07/2021 10:00,299.94177
22/07/2021 11:00,300.87915
22/07/2021 12:00,301.57425
22/07/2021 13:00,301.9779
22/07/2021 14:00,302.00897
22/07/2021 15:00,301.70093
22/07/2021 16:00,301.0384
22/07/2021 17:00,300.1284
22/07/2021 18:00,298.82208
22/07/2021 19:00,297.2477
22/07/2021 20:00,295.98108
22/07/2021 21:00,294.5546
22/07/2021 22:00,293.44934
22/07/2021 23:00,292.55194
23/07/2021 0:00,291.81042
23/07/2021 1:00,291.26657
23/07/2021 2:00,290.70364
23/07/2021 3:00,290.21637
23/07/2021 4:00,289.86282
23/07/2021 5:00,290.92377
23/07/2021 6:00,294.2708
23/07/2021 7:00,297.69995
23/07/2021 8:00,299.46432
23/07/2021 9:00,300.92435
23/07/2021 10:00,301.98438
23/07/2021 11:00,302.79507
23/07/2021 12:00,303.19504
23/07/2021 13:00,303.35062
23/07/2021 14:00,303.24115
23/07/2021 15:00,302.9777
23/07/2021 16:00,302.38156
23/07/2021 17:00,301.40115
23/07/2021 18:00,300.33435
23/07/2021 19:00,297.80017
23/07/2021 20:00,296.33432
23/07/2021 21:00,295.0689
23/07/2021 22:00,294.09067
23/07/2021 23:00,293.06168
24/07/2021 0:00,292.33798
24/07/2021 1:00,291.92264
24/07/2021 2:00,291.57678
24/07/2021 3:00,291.13037
24/07/2021 4:00,290.74146
24/07/2021 5:00,291.79044
24/07/2021 6:00,295.93588
24/07/2021 7:00,299.0333
24/07/2021 8:00,301.01532
24/07/2021 9:00,302.28195
24/07/2021 10:00,303.30756
24/07/2021 11:00,303.75797
24/07/2021 12:00,303.78317
24/07/2021 13:00,303.59995
24/07/2021 14:00,303.54553
24/07/2021 15:00,303.35645
24/07/2021 16:00,302.7548
24/07/2021 17:00,301.791
24/07/2021 18:00,300.37894
24/07/2021 19:00,299.1083
24/07/2021 20:00,299.25464
24/07/2021 21:00,298.94354
24/07/2021 22:00,295.90485
24/07/2021 23:00,294.74796
25/07/2021 0:00,294.12448
25/07/2021 1:00,293.74695
25/07/2021 2:00,293.62366
25/07/2021 3:00,293.4835
25/07/2021 4:00,293.3116
25/07/2021 5:00,294.72983
25/07/2021 6:00,298.74216
25/07/2021 7:00,301.0476
25/07/2021 8:00,302.61584
25/07/2021 9:00,302.54053
25/07/2021 10:00,304.2262
25/07/2021 11:00,305.26624
25/07/2021 12:00,305.554
25/07/2021 13:00,305.7984
25/07/2021 14:00,305.7114
25/07/2021 15:00,305.17462
25/07/2021 16:00,304.0946
25/07/2021 17:00,302.88422
25/07/2021 18:00,301.83896
25/07/2021 19:00,300.4718
25/07/2021 20:00,299.55164
25/07/2021 21:00,299.01517
25/07/2021 22:00,298.8227
25/07/2021 23:00,298.53864
26/07/2021 0:00,298.18417
26/07/2021 1:00,298.00186
26/07/2021 2:00,297.82785
26/07/2021 3:00,297.5573
26/07/2021 4:00,297.68057
26/07/2021 5:00,298.5202
26/07/2021 6:00,300.11887
26/07/2021 7:00,300.70175
26/07/2021 8:00,301.80484
26/07/2021 9:00,302.89838
26/07/2021 10:00,303.45175
26/07/2021 11:00,304.0783
26/07/2021 12:00,304.79187
26/07/2021 13:00,306.3063
26/07/2021 14:00,306.1901
26/07/2021 15:00,305.0858
26/07/2021 16:00,303.98148
26/07/2021 17:00,303.0481
26/07/2021 18:00,302.2331
26/07/2021 19:00,300.34543
26/07/2021 20:00,299.29214
26/07/2021 21:00,298.28748
26/07/2021 22:00,297.50195
26/07/2021 23:00,296.91046
27/07/2021 0:00,296.68112
27/07/2021 1:00,295.92453
27/07/2021 2:00,295.1679
27/07/2021 3:00,294.63483
27/07/2021 4:00,294.23578
27/07/2021 5:00,295.329
27/07/2021 6:00,298.83008
27/07/2021 7:00,303.05518
27/07/2021 8:00,304.34854
27/07/2021 9:00,305.15402
27/07/2021 10:00,305.6696
27/07/2021 11:00,306.1415
27/07/2021 12:00,306.97003
27/07/2021 13:00,307.52988
27/07/2021 14:00,307.48715
27/07/2021 15:00,306.95682
27/07/2021 16:00,306.02438
27/07/2021 17:00,304.727
27/07/2021 18:00,303.12433
27/07/2021 19:00,301.42236
27/07/2021 20:00,300.08102
27/07/2021 21:00,298.94537
27/07/2021 22:00,298.05997
27/07/2021 23:00,298.9918
28/07/2021 0:00,300.1496
28/07/2021 1:00,299.51013
28/07/2021 2:00,296.81516
28/07/2021 3:00,295.89993
28/07/2021 4:00,295.73605
28/07/2021 5:00,296.29068
28/07/2021 6:00,299.1409
28/07/2021 7:00,303.29404
28/07/2021 8:00,304.91638
28/07/2021 9:00,306.1323
28/07/2021 10:00,307.0226
28/07/2021 11:00,307.67377
28/07/2021 12:00,307.97903
28/07/2021 13:00,308.035
28/07/2021 14:00,307.79828
28/07/2021 15:00,307.19693
28/07/2021 16:00,306.38345
28/07/2021 17:00,305.38153
28/07/2021 18:00,303.8754
28/07/2021 19:00,302.09503
28/07/2021 20:00,300.39093
28/07/2021 21:00,298.79688
28/07/2021 22:00,298.28223
28/07/2021 23:00,299.34195
29/07/2021 0:00,298.89435
29/07/2021 1:00,297.0408
29/07/2021 2:00,295.71637
29/07/2021 3:00,294.81683
29/07/2021 4:00,294.09036
29/07/2021 5:00,294.6499
29/07/2021 6:00,299.22513
29/07/2021 7:00,303.8059
29/07/2021 8:00,305.5995
29/07/2021 9:00,307.09363
29/07/2021 10:00,308.10385
29/07/2021 11:00,308.7384
29/07/2021 12:00,308.91888
29/07/2021 13:00,308.751
29/07/2021 14:00,308.31137
29/07/2021 15:00,307.6842
29/07/2021 16:00,306.80527
29/07/2021 17:00,305.60657
29/07/2021 18:00,303.94028
29/07/2021 19:00,302.81937
29/07/2021 20:00,301.62958
29/07/2021 21:00,300.9763
29/07/2021 22:00,299.5541
29/07/2021 23:00,298.38583
30/07/2021 0:00,297.4374
30/07/2021 1:00,296.5732
30/07/2021 2:00,295.92358
30/07/2021 3:00,295.34683
30/07/2021 4:00,294.82852
30/07/2021 5:00,295.79108
30/07/2021 6:00,300.12808
30/07/2021 7:00,302.78616
30/07/2021 8:00,304.19482
30/07/2021 9:00,305.35507
30/07/2021 10:00,306.14673
30/07/2021 11:00,306.547
30/07/2021 12:00,306.67337
30/07/2021 13:00,306.6543
30/07/2021 14:00,306.40683
30/07/2021 15:00,305.94073
30/07/2021 16:00,305.1442
30/07/2021 17:00,304.07492
30/07/2021 18:00,302.64688
30/07/2021 19:00,301.9481
30/07/2021 20:00,300.96677
30/07/2021 21:00,299.77698
30/07/2021 22:00,297.8097
30/07/2021 23:00,297.0817
31/07/2021 0:00,296.58182
31/07/2021 1:00,296.5111
31/07/2021 2:00,296.65036
31/07/2021 3:00,296.10376
31/07/2021 4:00,295.33548
31/07/2021 5:00,295.89008
31/07/2021 6:00,300.28333
31/07/2021 7:00,303.0942
31/07/2021 8:00,304.70117
31/07/2021 9:00,305.9592
31/07/2021 10:00,306.8231
31/07/2021 11:00,307.2366
31/07/2021 12:00,306.05234
31/07/2021 13:00,305.1617
31/07/2021 14:00,306.42743
31/07/2021 15:00,306.47324
31/07/2021 16:00,306.02713
31/07/2021 17:00,305.24103
31/07/2021 18:00,303.87357
31/07/2021 19:00,302.59586
31/07/2021 20:00,301.48264
31/07/2021 21:00,300.60797
31/07/2021 22:00,299.6494
31/07/2021 23:00,299.21683
01/08/2021 0:00,299.11566
01/08/2021 1:00,298.93445
01/08/2021 2:00,298.71188
01/08/2021 3:00,298.58105
01/08/2021 4:00,298.49515
01/08/2021 5:00,299.17697
01/08/2021 6:00,301.02985
01/08/2021 7:00,302.68356
01/08/2021 8:00,304.39703
01/08/2021 9:00,305.4338
01/08/2021 10:00,306.51587
01/08/2021 11:00,307.55652
01/08/2021 12:00,307.1016
01/08/2021 13:00,306.72867
01/08/2021 14:00,305.75635
01/08/2021 15:00,305.90356
01/08/2021 16:00,305.49588
01/08/2021 17:00,304.14127
01/08/2021 18:00,302.84406
01/08/2021 19:00,301.39417
01/08/2021 20:00,300.42615
01/08/2021 21:00,298.92938
01/08/2021 22:00,299.1063
01/08/2021 23:00,298.62167
02/08/2021 0:00,298.1074
02/08/2021 1:00,296.41812
02/08/2021 2:00,295.37863
02/08/2021 3:00,294.68826
02/08/2021 4:00,294.17554
02/08/2021 5:00,295.06937
02/08/2021 6:00,298.08865
02/08/2021 7:00,299.61743
02/08/2021 8:00,300.7776
02/08/2021 9:00,301.6562
02/08/2021 10:00,302.28253
02/08/2021 11:00,302.6047
02/08/2021 12:00,302.70856
02/08/2021 13:00,302.5969
02/08/2021 14:00,302.1572
02/08/2021 15:00,301.58746
02/08/2021 16:00,301.0927
02/08/2021 17:00,300.3332
02/08/2021 18:00,299.37143
02/08/2021 19:00,298.75836
02/08/2021 20:00,298.18317
02/08/2021 21:00,297.8774
02/08/2021 22:00,297.5439
02/08/2021 23:00,297.2331
03/08/2021 0:00,296.10458
03/08/2021 1:00,295.09515
03/08/2021 2:00,294.75894
03/08/2021 3:00,293.80887
03/08/2021 4:00,292.98923
03/08/2021 5:00,293.56168
03/08/2021 6:00,296.45248
03/08/2021 7:00,298.86612
03/08/2021 8:00,300.17114
03/08/2021 9:00,301.15442
03/08/2021 10:00,302.5883
03/08/2021 11:00,303.27908
03/08/2021 12:00,303.30328
03/08/2021 13:00,303.51337
03/08/2021 14:00,303.01666
03/08/2021 15:00,302.28683
03/08/2021 16:00,301.51328
03/08/2021 17:00,300.5558
03/08/2021 18:00,299.5444
03/08/2021 19:00,298.03244
03/08/2021 20:00,297.27448
03/08/2021 21:00,295.5618
03/08/2021 22:00,294.54846
03/08/2021 23:00,294.03925
04/08/2021 0:00,293.65384
04/08/2021 1:00,293.23132
04/08/2021 2:00,292.79868
04/08/2021 3:00,292.30588
04/08/2021 4:00,291.78613
04/08/2021 5:00,292.4812
04/08/2021 6:00,296.78793
04/08/2021 7:00,299.03366
04/08/2021 8:00,300.40387
04/08/2021 9:00,302.0912
04/08/2021 10:00,303.25058
04/08/2021 11:00,304.1362
04/08/2021 12:00,304.44275
04/08/2021 13:00,304.7477
04/08/2021 14:00,304.75162
04/08/2021 15:00,304.53333
04/08/2021 16:00,304.0585
04/08/2021 17:00,303.32748
04/08/2021 18:00,302.20053
04/08/2021 19:00,300.93457
04/08/2021 20:00,299.8119
04/08/2021 21:00,299.19296
04/08/2021 22:00,298.89542
04/08/2021 23:00,298.91376
05/08/2021 0:00,298.6451
05/08/2021 1:00,298.32452
05/08/2021 2:00,298.00275
05/08/2021 3:00,297.51306
05/08/2021 4:00,296.8465
05/08/2021 5:00,294.8757
05/08/2021 6:00,293.91
05/08/2021 7:00,294.40475
05/08/2021 8:00,294.76947
05/08/2021 9:00,295.64456
05/08/2021 10:00,296.63956
05/08/2021 11:00,297.1046
05/08/2021 12:00,296.00146
05/08/2021 13:00,296.6368
05/08/2021 14:00,297.24948
05/08/2021 15:00,297.70285
05/08/2021 16:00,297.44278
05/08/2021 17:00,296.9832
05/08/2021 18:00,296.29395
05/08/2021 19:00,295.32944
05/08/2021 20:00,294.80853
05/08/2021 21:00,294.8503
05/08/2021 22:00,294.49185
05/08/2021 23:00,293.79675
06/08/2021 0:00,293.04156
06/08/2021 1:00,293.5324
06/08/2021 2:00,293.2856
06/08/2021 3:00,291.65024
06/08/2021 4:00,290.91962
06/08/2021 5:00,292.0497
06/08/2021 6:00,294.5379
06/08/2021 7:00,295.17676
06/08/2021 8:00,296.88516
06/08/2021 9:00,298.1187
06/08/2021 10:00,298.90753
06/08/2021 11:00,299.83453
06/08/2021 12:00,299.98956
06/08/2021 13:00,300.29376
06/08/2021 14:00,300.03995
06/08/2021 15:00,299.76932
06/08/2021 16:00,299.53152
06/08/2021 17:00,299.05472
06/08/2021 18:00,297.8149
06/08/2021 19:00,296.60324
06/08/2021 20:00,297.03317
06/08/2021 21:00,294.6863
06/08/2021 22:00,293.0068
06/08/2021 23:00,291.96848
07/08/2021 0:00,291.39056
07/08/2021 1:00,291.364
07/08/2021 2:00,291.15314
07/08/2021 3:00,290.46664
07/08/2021 4:00,289.90045
07/08/2021 5:00,290.58887
07/08/2021 6:00,295.1174
07/08/2021 7:00,298.46588
07/08/2021 8:00,300.1239
07/08/2021 9:00,301.3352
07/08/2021 10:00,302.1244
07/08/2021 11:00,302.63162
07/08/2021 12:00,302.79837
07/08/2021 13:00,302.8761
07/08/2021 14:00,302.64764
07/08/2021 15:00,302.25598
07/08/2021 16:00,301.6839
07/08/2021 17:00,300.84903
07/08/2021 18:00,299.6237
07/08/2021 19:00,298.3655
07/08/2021 20:00,297.33813
07/08/2021 21:00,296.4037
07/08/2021 22:00,295.79062
07/08/2021 23:00,295.56686
08/08/2021 0:00,295.60123
08/08/2021 1:00,295.3892
08/08/2021 2:00,295.14044
08/08/2021 3:00,295.00183
08/08/2021 4:00,294.8878
08/08/2021 5:00,295.6438
08/08/2021 6:00,298.37762
08/08/2021 7:00,301.2122
08/08/2021 8:00,302.66833
08/08/2021 9:00,303.82965
08/08/2021 10:00,304.63135
08/08/2021 11:00,305.0972
08/08/2021 12:00,305.22333
08/08/2021 13:00,305.09094
08/08/2021 14:00,304.8301
08/08/2021 15:00,304.399
08/08/2021 16:00,303.38177
08/08/2021 17:00,302.33722
08/08/2021 18:00,301.22626
08/08/2021 19:00,300.32892
08/08/2021 20:00,299.027
08/08/2021 21:00,298.09686
08/08/2021 22:00,297.50644
08/08/2021 23:00,297.22723
09/08/2021 0:00,296.75787
09/08/2021 1:00,295.8406
09/08/2021 2:00,295.14124
09/08/2021 3:00,294.42233
09/08/2021 4:00,293.6355
09/08/2021 5:00,294.0705
09/08/2021 6:00,298.3917
09/08/2021 7:00,302.75464
09/08/2021 8:00,304.16003
09/08/2021 9:00,305.06635
09/08/2021 10:00,305.79617
09/08/2021 11:00,306.29797
09/08/2021 12:00,306.5346
09/08/2021 13:00,306.76578
09/08/2021 14:00,306.4159
09/08/2021 15:00,305.7048
09/08/2021 16:00,304.70633
09/08/2021 17:00,303.60904
09/08/2021 18:00,302.24466
09/08/2021 19:00,302.44888
09/08/2021 20:00,301.25787
09/08/2021 21:00,301.31528
09/08/2021 22:00,300.71393
09/08/2021 23:00,298.89267
10/08/2021 0:00,299.4015
10/08/2021 1:00,299.37143
10/08/2021 2:00,298.12732
10/08/2021 3:00,296.73325
10/08/2021 4:00,295.2533
10/08/2021 5:00,295.10062
10/08/2021 6:00,299.28043
10/08/2021 7:00,302.7613
10/08/2021 8:00,304.2963
10/08/2021 9:00,305.15695
10/08/2021 10:00,306.13434
10/08/2021 11:00,306.90714
10/08/2021 12:00,307.16446
10/08/2021 13:00,307.12854
10/08/2021 14:00,306.74234
10/08/2021 15:00,306.0828
10/08/2021 16:00,305.05426
10/08/2021 17:00,304.02686
10/08/2021 18:00,302.5594
10/08/2021 19:00,301.9346
10/08/2021 20:00,299.92474
10/08/2021 21:00,299.4956
10/08/2021 22:00,299.02036
10/08/2021 23:00,297.64935
11/08/2021 0:00,296.67
11/08/2021 1:00,295.96008
11/08/2021 2:00,295.4185
11/08/2021 3:00,295.10452
11/08/2021 4:00,294.93152
11/08/2021 5:00,295.782
11/08/2021 6:00,299.62796
11/08/2021 7:00,302.27512
11/08/2021 8:00,304.22446
11/08/2021 9:00,305.5943
11/08/2021 10:00,306.3374
11/08/2021 11:00,307.04144
11/08/2021 12:00,307.37378
11/08/2021 13:00,307.6436
11/08/2021 14:00,306.9657
11/08/2021 15:00,305.8192
11/08/2021 16:00,305.14835
11/08/2021 17:00,304.25763
11/08/2021 18:00,303.0194
11/08/2021 19:00,301.94827
11/08/2021 20:00,300.7803
11/08/2021 21:00,299.56668
11/08/2021 22:00,298.33505
11/08/2021 23:00,297.16827
12/08/2021 0:00,296.2467
12/08/2021 1:00,295.46103
12/08/2021 2:00,294.75348
12/08/2021 3:00,294.1533
12/08/2021 4:00,293.65775
12/08/2021 5:00,294.10605
12/08/2021 6:00,297.2569
12/08/2021 7:00,301.4379
12/08/2021 8:00,303.5005
12/08/2021 9:00,305.07767
12/08/2021 10:00,306.35223
12/08/2021 11:00,307.26443
12/08/2021 12:00,307.824
12/08/2021 13:00,307.93567
12/08/2021 14:00,307.74435
12/08/2021 15:00,307.4054
12/08/2021 16:00,306.75992
12/08/2021 17:00,305.57242
12/08/2021 18:00,304.1042
12/08/2021 19:00,302.01074
12/08/2021 20:00,300.34296
12/08/2021 21:00,298.84543
12/08/2021 22:00,297.615
12/08/2021 23:00,296.80005
13/08/2021 0:00,296.06082
13/08/2021 1:00,295.51843
13/08/2021 2:00,295.00183
13/08/2021 3:00,294.54065
13/08/2021 4:00,294.11267
13/08/2021 5:00,294.47467
13/08/2021 6:00,297.9473
13/08/2021 7:00,302.2888
13/08/2021 8:00,304.58643
13/08/2021 9:00,306.26007
13/08/2021 10:00,307.4308
13/08/2021 11:00,308.29337
13/08/2021 12:00,308.91348
13/08/2021 13:00,308.82758
13/08/2021 14:00,308.4734
13/08/2021 15:00,308.2223
13/08/2021 16:00,307.74005
13/08/2021 17:00,306.71735
13/08/2021 18:00,305.01636
13/08/2021 19:00,303.46573
13/08/2021 20:00,302.03183
13/08/2021 21:00,300.60693
13/08/2021 22:00,299.13675
13/08/2021 23:00,297.66965
14/08/2021 0:00,296.55325
14/08/2021 1:00,295.66293
14/08/2021 2:00,294.95224
14/08/2021 3:00,294.32196
14/08/2021 4:00,293.80847
14/08/2021 5:00,294.42584
14/08/2021 6:00,298.01172
14/08/2021 7:00,303.15137
14/08/2021 8:00,305.5439
14/08/2021 9:00,306.91727
14/08/2021 10:00,308.0712
14/08/2021 11:00,308.90372
14/08/2021 12:00,309.3102
14/08/2021 13:00,309.42386
14/08/2021 14:00,309.04077
14/08/2021 15:00,308.58078
14/08/2021 16:00,307.7053
14/08/2021 17:00,306.5221
14/08/2021 18:00,304.89297
14/08/2021 19:00,303.86285
14/08/2021 20:00,302.00412
14/08/2021 21:00,300.4855
14/08/2021 22:00,298.90714
14/08/2021 23:00,297.74542
15/08/2021 0:00,296.97653
15/08/2021 1:00,296.4369
15/08/2021 2:00,295.81638
15/08/2021 3:00,295.2853
15/08/2021 4:00,294.855
15/08/2021 5:00,295.16623
15/08/2021 6:00,298.9649
15/08/2021 7:00,303.8488
15/08/2021 8:00,305.62943
15/08/2021 9:00,306.98834
15/08/2021 10:00,307.9521
15/08/2021 11:00,308.5843
15/08/2021 12:00,308.85568
15/08/2021 13:00,308.79047
15/08/2021 14:00,308.19223
15/08/2021 15:00,307.64322
15/08/2021 16:00,306.80325
15/08/2021 17:00,305.5775
15/08/2021 18:00,303.79138
15/08/2021 19:00,303.83435
15/08/2021 20:00,303.18457
15/08/2021 21:00,302.53284
15/08/2021 22:00,301.7999
15/08/2021 23:00,301.0845
16/08/2021 0:00,298.0945
16/08/2021 1:00,296.45093
16/08/2021 2:00,295.81366
16/08/2021 3:00,295.3884
16/08/2021 4:00,295.10492
16/08/2021 5:00,295.4829
16/08/2021 6:00,298.70212
16/08/2021 7:00,303.365
16/08/2021 8:00,305.2612
16/08/2021 9:00,306.42566
16/08/2021 10:00,306.84232
16/08/2021 11:00,306.6115
16/08/2021 12:00,306.63846
16/08/2021 13:00,306.32803
16/08/2021 14:00,306.33624
16/08/2021 15:00,306.01367
16/08/2021 16:00,305.28424
16/08/2021 17:00,304.09753
16/08/2021 18:00,302.64685
16/08/2021 19:00,301.89517
16/08/2021 20:00,300.99353
16/08/2021 21:00,300.4238
16/08/2021 22:00,299.87164
16/08/2021 23:00,299.44287
17/08/2021 0:00,298.9946
17/08/2021 1:00,298.6205
17/08/2021 2:00,298.48343
17/08/2021 3:00,298.75406
17/08/2021 4:00,298.7513
17/08/2021 5:00,297.61343
17/08/2021 6:00,299.21133
17/08/2021 7:00,299.881
17/08/2021 8:00,299.83844
17/08/2021 9:00,300.37225
17/08/2021 10:00,301.63235
17/08/2021 11:00,301.92288
17/08/2021 12:00,301.0892
17/08/2021 13:00,299.8806
17/08/2021 14:00,299.60767
17/08/2021 15:00,299.56628
17/08/2021 16:00,298.88135
17/08/2021 17:00,297.95316
17/08/2021 18:00,296.6259
17/08/2021 19:00,295.88474
17/08/2021 20:00,295.00143
17/08/2021 21:00,294.19897
17/08/2021 22:00,293.50818
17/08/2021 23:00,292.93298
18/08/2021 0:00,292.42886
18/08/2021 1:00,292.0044
18/08/2021 2:00,291.64047
18/08/2021 3:00,291.30347
18/08/2021 4:00,290.98367
18/08/2021 5:00,291.10355
18/08/2021 6:00,292.3711
18/08/2021 7:00,294.47543
18/08/2021 8:00,296.5505
18/08/2021 9:00,298.39246
18/08/2021 10:00,299.28162
18/08/2021 11:00,300.11884
18/08/2021 12:00,301.17746
18/08/2021 13:00,301.68314
18/08/2021 14:00,301.78894
18/08/2021 15:00,301.37347
18/08/2021 16:00,300.37692
18/08/2021 17:00,298.9442
18/08/2021 18:00,297.36508
18/08/2021 19:00,295.95737
18/08/2021 20:00,294.92178
18/08/2021 21:00,294.0959
18/08/2021 22:00,293.35043
18/08/2021 23:00,292.60928
19/08/2021 0:00,291.92163
19/08/2021 1:00,291.3527
19/08/2021 2:00,290.78256
19/08/2021 3:00,290.26202
19/08/2021 4:00,289.76416
19/08/2021 5:00,289.94965
19/08/2021 6:00,292.28674
19/08/2021 7:00,295.0358
19/08/2021 8:00,297.4377
19/08/2021 9:00,299.33356
19/08/2021 10:00,300.68463
19/08/2021 11:00,301.6839
19/08/2021 12:00,302.38016
19/08/2021 13:00,302.70035
19/08/2021 14:00,302.7039
19/08/2021 15:00,302.39148
19/08/2021 16:00,301.70227
19/08/2021 17:00,300.66434
19/08/2021 18:00,299.28043
19/08/2021 19:00,297.95004
19/08/2021 20:00,296.73874
19/08/2021 21:00,295.73672
19/08/2021 22:00,294.7394
19/08/2021 23:00,293.75812
20/08/2021 0:00,292.8951
20/08/2021 1:00,292.11688
20/08/2021 2:00,291.39523
20/08/2021 3:00,290.7525
20/08/2021 4:00,290.20776
20/08/2021 5:00,290.36044
20/08/2021 6:00,293.17355
20/08/2021 7:00,296.49115
20/08/2021 8:00,298.879
20/08/2021 9:00,300.77484
20/08/2021 10:00,302.0912
20/08/2021 11:00,302.90927
20/08/2021 12:00,303.2537
20/08/2021 13:00,303.21777
20/08/2021 14:00,302.99557
20/08/2021 15:00,302.48053
20/08/2021 16:00,301.5457
20/08/2021 17:00,300.16684
20/08/2021 18:00,299.0266
20/08/2021 19:00,298.39362
20/08/2021 20:00,297.27603
20/08/2021 21:00,296.39157
20/08/2021 22:00,295.52975
20/08/2021 23:00,294.6527
21/08/2021 0:00,293.77216
21/08/2021 1:00,292.9787
21/08/2021 2:00,292.32697
21/08/2021 3:00,291.79315
21/08/2021 4:00,291.36047
21/08/2021 5:00,291.70804
21/08/2021 6:00,294.58087
21/08/2021 7:00,298.23157
21/08/2021 8:00,300.5027
21/08/2021 9:00,301.97952
21/08/2021 10:00,303.15607
21/08/2021 11:00,304.01514
21/08/2021 12:00,304.6052
21/08/2021 13:00,304.88712
21/08/2021 14:00,304.82074
21/08/2021 15:00,304.39
21/08/2021 16:00,303.8047
21/08/2021 17:00,302.72263
21/08/2021 18:00,301.2368
21/08/2021 19:00,299.76074
21/08/2021 20:00,298.27725
21/08/2021 21:00,296.75278
21/08/2021 22:00,295.28766
21/08/2021 23:00,294.17282
22/08/2021 0:00,293.33832
22/08/2021 1:00,292.61163
22/08/2021 2:00,292.00558
22/08/2021 3:00,291.48428
22/08/2021 4:00,291.25116
22/08/2021 5:00,291.47763
22/08/2021 6:00,294.5992
22/08/2021 7:00,299.1098
22/08/2021 8:00,301.4715
22/08/2021 9:00,303.10648
22/08/2021 10:00,304.36777
22/08/2021 11:00,305.1878
22/08/2021 12:00,305.51346
22/08/2021 13:00,305.41663
22/08/2021 14:00,304.99255
22/08/2021 15:00,304.14636
22/08/2021 16:00,303.28882
22/08/2021 17:00,302.11774
22/08/2021 18:00,300.57452
22/08/2021 19:00,299.3308
22/08/2021 20:00,297.54626
22/08/2021 21:00,295.98978
22/08/2021 22:00,294.99478
22/08/2021 23:00,294.44614
23/08/2021 0:00,294.03534
23/08/2021 1:00,293.57925
23/08/2021 2:00,293.0595
23/08/2021 3:00,292.66473
23/08/2021 4:00,292.38513
23/08/2021 5:00,292.678
23/08/2021 6:00,296.69226
23/08/2021 7:00,300.21606
23/08/2021 8:00,301.96936
23/08/2021 9:00,303.02914
23/08/2021 10:00,303.88354
23/08/2021 11:00,304.50522
23/08/2021 12:00,304.20804
23/08/2021 13:00,303.91284
23/08/2021 14:00,303.4794
23/08/2021 15:00,303.3189
23/08/2021 16:00,302.56995
23/08/2021 17:00,301.6972
23/08/2021 18:00,300.62567
23/08/2021 19:00,298.13474
23/08/2021 20:00,297.4256
23/08/2021 21:00,296.57315
23/08/2021 22:00,294.99402
23/08/2021 23:00,293.55
24/08/2021 0:00,292.5023
24/08/2021 1:00,292.03134
24/08/2021 2:00,291.99503
24/08/2021 3:00,291.85406
24/08/2021 4:00,291.4991
24/08/2021 5:00,291.69943
24/08/2021 6:00,292.68036
24/08/2021 7:00,295.34
24/08/2021 8:00,297.36273
24/08/2021 9:00,298.8626
24/08/2021 10:00,300.2559
24/08/2021 11:00,301.106
24/08/2021 12:00,301.4164
24/08/2021 13:00,301.4504
24/08/2021 14:00,300.5913
24/08/2021 15:00,299.8818
24/08/2021 16:00,298.30344
24/08/2021 17:00,297.53494
24/08/2021 18:00,296.4767
24/08/2021 19:00,295.1955
24/08/2021 20:00,294.49927
24/08/2021 21:00,293.92407
24/08/2021 22:00,293.01227
24/08/2021 23:00,292.04852
25/08/2021 0:00,291.28082
25/08/2021 1:00,290.95087
25/08/2021 2:00,291.0184
25/08/2021 3:00,290.526
25/08/2021 4:00,290.05234
25/08/2021 5:00,290.12225
25/08/2021 6:00,290.6705
25/08/2021 7:00,291.5612
25/08/2021 8:00,292.59445
25/08/2021 9:00,293.7827
25/08/2021 10:00,294.8214
25/08/2021 11:00,295.36926
25/08/2021 12:00,295.62543
25/08/2021 13:00,296.11276
25/08/2021 14:00,296.08075
25/08/2021 15:00,295.85037
25/08/2021 16:00,295.14355
25/08/2021 17:00,294.25128
25/08/2021 18:00,293.2532
25/08/2021 19:00,292.91425
25/08/2021 20:00,292.20865
25/08/2021 21:00,291.60962
25/08/2021 22:00,291.0309
25/08/2021 23:00,290.61465
26/08/2021 0:00,290.1609
26/08/2021 1:00,289.78174
26/08/2021 2:00,289.29907
26/08/2021 3:00,288.87384
26/08/2021 4:00,288.46735
26/08/2021 5:00,288.40564
26/08/2021 6:00,290.96765
26/08/2021 7:00,293.41837
26/08/2021 8:00,294.9456
26/08/2021 9:00,296.33963
26/08/2021 10:00,297.51892
26/08/2021 11:00,298.3917
26/08/2021 12:00,298.8021
26/08/2021 13:00,298.78568
26/08/2021 14:00,298.39716
26/08/2021 15:00,297.75714
26/08/2021 16:00,297.0519
26/08/2021 17:00,296.16003
26/08/2021 18:00,294.8468
26/08/2021 19:00,293.70187
26/08/2021 20:00,292.63193
26/08/2021 21:00,292.18677
26/08/2021 22:00,291.512
26/08/2021 23:00,290.93213
27/08/2021 0:00,290.62012
27/08/2021 1:00,290.41705
27/08/2021 2:00,289.76532
27/08/2021 3:00,289.90787
27/08/2021 4:00,290.07812
27/08/2021 5:00,289.99805
27/08/2021 6:00,290.7982
27/08/2021 7:00,290.75717
27/08/2021 8:00,291.58813
27/08/2021 9:00,292.77914
27/08/2021 10:00,293.74835
27/08/2021 11:00,294.86594
27/08/2021 12:00,295.37708
27/08/2021 13:00,296.19867
27/08/2021 14:00,296.13776
27/08/2021 15:00,295.13107
27/08/2021 16:00,295.01276
27/08/2021 17:00,294.6168
27/08/2021 18:00,293.81552
27/08/2021 19:00,291.27185
27/08/2021 20:00,290.63846
27/08/2021 21:00,290.0867
27/08/2021 22:00,289.68762
27/08/2021 23:00,288.77075
28/08/2021 0:00,288.60165
28/08/2021 1:00,288.36542
28/08/2021 2:00,288.0796
28/08/2021 3:00,288.00305
28/08/2021 4:00,287.9105
28/08/2021 5:00,287.9636
28/08/2021 6:00,288.76178
28/08/2021 7:00,290.71033
28/08/2021 8:00,292.24728
28/08/2021 9:00,294.08572
28/08/2021 10:00,294.80658
28/08/2021 11:00,295.34467
28/08/2021 12:00,294.31534
28/08/2021 13:00,293.72803
28/08/2021 14:00,292.92676
28/08/2021 15:00,292.24652
28/08/2021 16:00,291.87946
28/08/2021 17:00,291.34253
28/08/2021 18:00,290.7603
28/08/2021 19:00,289.74228
28/08/2021 20:00,289.1214
28/08/2021 21:00,288.6778
28/08/2021 22:00,288.185
28/08/2021 23:00,287.82693
29/08/2021 0:00,287.7535
29/08/2021 1:00,287.4169
29/08/2021 2:00,287.23572
29/08/2021 3:00,286.96588
29/08/2021 4:00,286.9866
29/08/2021 5:00,287.1471
29/08/2021 6:00,287.8082
29/08/2021 7:00,289.269
29/08/2021 8:00,290.22025
29/08/2021 9:00,290.42642
29/08/2021 10:00,291.3593
29/08/2021 11:00,292.04462
29/08/2021 12:00,292.19888
29/08/2021 13:00,292.0169
29/08/2021 14:00,291.97513
29/08/2021 15:00,291.58463
29/08/2021 16:00,291.13126
29/08/2021 17:00,290.34952
29/08/2021 18:00,289.3467
29/08/2021 19:00,288.92694
29/08/2021 20:00,288.14832
29/08/2021 21:00,287.32047
29/08/2021 22:00,286.60977
29/08/2021 23:00,285.99396
30/08/2021 0:00,285.49295
30/08/2021 1:00,285.25476
30/08/2021 2:00,284.9576
30/08/2021 3:00,284.55734
30/08/2021 4:00,284.08835
30/08/2021 5:00,284.07117
30/08/2021 6:00,286.18646
30/08/2021 7:00,289.8321
30/08/2021 8:00,292.32773
30/08/2021 9:00,293.92914
30/08/2021 10:00,295.183
30/08/2021 11:00,296.05225
30/08/2021 12:00,296.54816
30/08/2021 13:00,296.6653
30/08/2021 14:00,296.61417
30/08/2021 15:00,296.2553
30/08/2021 16:00,295.34195
30/08/2021 17:00,294.19077
30/08/2021 18:00,292.32892
30/08/2021 19:00,293.01617
30/08/2021 20:00,292.47064
30/08/2021 21:00,289.8114
30/08/2021 22:00,288.6087
30/08/2021 23:00,288.23813
31/08/2021 0:00,288.18774
31/08/2021 1:00,287.9718
31/08/2021 2:00,287.5294
31/08/2021 3:00,287.12833
31/08/2021 4:00,286.8788
31/08/2021 5:00,286.78784
31/08/2021 6:00,289.02496
31/08/2021 7:00,293.14972
31/08/2021 8:00,294.7683
31/08/2021 9:00,296.02374
31/08/2021 10:00,296.9625
31/08/2021 11:00,297.65952
31/08/2021 12:00,297.9965
31/08/2021 13:00,298.025
31/08/2021 14:00,297.9016
31/08/2021 15:00,297.07962
31/08/2021 16:00,296.5224
31/08/2021 17:00,295.64847
31/08/2021 18:00,294.03925
31/08/2021 19:00,292.4277
31/08/2021 20:00,291.04965
31/08/2021 21:00,289.85474
31/08/2021 22:00,288.83246
31/08/2021 23:00,288.01437
01/09/2021 0:00,287.5781
01/09/2021 1:00,287.58173
01/09/2021 2:00,287.44705
01/09/2021 3:00,287.5969
01/09/2021 4:00,287.2593
01/09/2021 5:00,287.28723
01/09/2021 6:00,289.59528
01/09/2021 7:00,292.88663
01/09/2021 8:00,294.90384
01/09/2021 9:00,296.31262
01/09/2021 10:00,297.3696
01/09/2021 11:00,298.00986
01/09/2021 12:00,298.4478
01/09/2021 13:00,298.19424
01/09/2021 14:00,297.857
01/09/2021 15:00,297.19794
01/09/2021 16:00,296.13733
01/09/2021 17:00,294.83194
01/09/2021 18:00,293.27664
01/09/2021 19:00,292.2573
01/09/2021 20:00,291.35165
01/09/2021 21:00,290.66562
01/09/2021 22:00,290.18823
01/09/2021 23:00,289.8652
02/09/2021 0:00,289.4494
02/09/2021 1:00,288.49738
02/09/2021 2:00,287.44373
02/09/2021 3:00,286.7953
02/09/2021 4:00,286.28696
02/09/2021 5:00,286.0328
02/09/2021 6:00,288.49765
02/09/2021 7:00,291.19516
02/09/2021 8:00,293.0331
02/09/2021 9:00,294.65482
02/09/2021 10:00,295.90378
02/09/2021 11:00,296.8813
02/09/2021 12:00,297.62256
02/09/2021 13:00,298.05777
02/09/2021 14:00,297.9944
02/09/2021 15:00,297.41055
02/09/2021 16:00,296.28683
02/09/2021 17:00,294.91656
02/09/2021 18:00,293.35886
02/09/2021 19:00,292.4593
02/09/2021 20:00,291.47873
02/09/2021 21:00,290.64377
02/09/2021 22:00,289.97348
02/09/2021 23:00,289.38116
03/09/2021 0:00,288.63202
03/09/2021 1:00,287.98328
03/09/2021 2:00,287.3133
03/09/2021 3:00,286.70337
03/09/2021 4:00,286.19507
03/09/2021 5:00,286.051
03/09/2021 6:00,288.30658
03/09/2021 7:00,292.31522
03/09/2021 8:00,294.59872
03/09/2021 9:00,296.37753
03/09/2021 10:00,297.6077
03/09/2021 11:00,298.57214
03/09/2021 12:00,299.10867
03/09/2021 13:00,299.27338
03/09/2021 14:00,298.9725
03/09/2021 15:00,298.10083
03/09/2021 16:00,296.7891
03/09/2021 17:00,295.49313
03/09/2021 18:00,294.08646
03/09/2021 19:00,293.74857
03/09/2021 20:00,293.68094
03/09/2021 21:00,291.3659
03/09/2021 22:00,289.6256
03/09/2021 23:00,288.54074
04/09/2021 0:00,287.79068
04/09/2021 1:00,287.2851
04/09/2021 2:00,286.9363
04/09/2021 3:00,286.63605
04/09/2021 4:00,286.3834
04/09/2021 5:00,286.37915
04/09/2021 6:00,288.8859
04/09/2021 7:00,293.28607
04/09/2021 8:00,295.62354
04/09/2021 9:00,297.18277
04/09/2021 10:00,298.2631
04/09/2021 11:00,299.07715
04/09/2021 12:00,299.3477
04/09/2021 13:00,299.25546
04/09/2021 14:00,299.10867
04/09/2021 15:00,298.55093
04/09/2021 16:00,297.7839
04/09/2021 17:00,296.65778
04/09/2021 18:00,295.4006
04/09/2021 19:00,295.04333
04/09/2021 20:00,294.40793
04/09/2021 21:00,292.00314
04/09/2021 22:00,291.0235
04/09/2021 23:00,290.12878
05/09/2021 0:00,289.5607
05/09/2021 1:00,289.12213
05/09/2021 2:00,288.73514
05/09/2021 3:00,288.7773
05/09/2021 4:00,288.41
05/09/2021 5:00,288.31598
05/09/2021 6:00,290.4175
05/09/2021 7:00,293.8887
05/09/2021 8:00,296.02966
05/09/2021 9:00,297.83243
05/09/2021 10:00,298.78415
05/09/2021 11:00,299.17752
05/09/2021 12:00,299.31128
05/09/2021 13:00,299.21878
05/09/2021 14:00,299.44626
05/09/2021 15:00,299.2115
05/09/2021 16:00,298.51575
05/09/2021 17:00,297.36475
05/09/2021 18:00,295.75516
05/09/2021 19:00,295.33026
05/09/2021 20:00,294.48044
05/09/2021 21:00,293.6303
05/09/2021 22:00,292.67673
05/09/2021 23:00,291.90244
06/09/2021 0:00,291.42474
06/09/2021 1:00,290.7657
06/09/2021 2:00,290.19247
06/09/2021 3:00,289.47183
06/09/2021 4:00,288.84674
06/09/2021 5:00,288.5474
06/09/2021 6:00,290.28284
06/09/2021 7:00,294.0907
06/09/2021 8:00,296.63382
06/09/2021 9:00,298.26794
06/09/2021 10:00,299.32828
06/09/2021 11:00,300.1141
06/09/2021 12:00,300.6367
06/09/2021 13:00,300.56177
06/09/2021 14:00,300.35068
06/09/2021 15:00,299.87024
06/09/2021 16:00,298.74625
06/09/2021 17:00,297.39233
06/09/2021 18:00,295.78702
06/09/2021 19:00,294.73035
06/09/2021 20:00,293.74432
06/09/2021 21:00,292.78046
06/09/2021 22:00,291.82025
06/09/2021 23:00,291.00925
07/09/2021 0:00,290.32166
07/09/2021 1:00,289.75452
07/09/2021 2:00,289.19888
07/09/2021 3:00,288.6766
07/09/2021 4:00,288.2914
07/09/2021 5:00,288.28113
07/09/2021 6:00,290.43936
07/09/2021 7:00,294.0931
07/09/2021 8:00,296.88068
07/09/2021 9:00,298.6689
07/09/2021 10:00,299.85114
07/09/2021 11:00,300.55417
07/09/2021 12:00,300.7313
07/09/2021 13:00,300.5275
07/09/2021 14:00,300.47653
07/09/2021 15:00,300.20236
07/09/2021 16:00,299.21332
07/09/2021 17:00,298.02652
07/09/2021 18:00,296.13367
07/09/2021 19:00,294.673
07/09/2021 20:00,293.49078
07/09/2021 21:00,292.51447
07/09/2021 22:00,291.49268
07/09/2021 23:00,290.64075
08/09/2021 0:00,289.87915
08/09/2021 1:00,289.28836
08/09/2021 2:00,288.69965
08/09/2021 3:00,288.19257
08/09/2021 4:00,287.7658
08/09/2021 5:00,287.609
08/09/2021 6:00,289.80002
08/09/2021 7:00,294.10223
08/09/2021 8:00,296.6972
08/09/2021 9:00,298.4566
08/09/2021 10:00,299.58698
08/09/2021 11:00,300.34338
08/09/2021 12:00,300.8135
08/09/2021 13:00,300.96454
08/09/2021 14:00,300.6758
08/09/2021 15:00,300.0692
08/09/2021 16:00,299.20755
08/09/2021 17:00,297.97528
08/09/2021 18:00,296.2565
08/09/2021 19:00,295.77094
08/09/2021 20:00,294.33636
08/09/2021 21:00,292.2312
08/09/2021 22:00,290.94128
08/09/2021 23:00,290.37778
09/09/2021 0:00,289.72147
09/09/2021 1:00,289.17462
09/09/2021 2:00,288.60776
09/09/2021 3:00,288.38058
09/09/2021 4:00,288.02332
09/09/2021 5:00,287.97357
09/09/2021 6:00,289.837
09/09/2021 7:00,293.63605
09/09/2021 8:00,295.8598
09/09/2021 9:00,297.51154
09/09/2021 10:00,298.7138
09/09/2021 11:00,299.53906
09/09/2021 12:00,299.92728
09/09/2021 13:00,299.4338
09/09/2021 14:00,299.51996
09/09/2021 15:00,299.03134
09/09/2021 16:00,298.0244
09/09/2021 17:00,296.53342
09/09/2021 18:00,295.2326
09/09/2021 19:00,294.5329
09/09/2021 20:00,293.47775
09/09/2021 21:00,292.3504
09/09/2021 22:00,291.6125
09/09/2021 23:00,290.978
10/09/2021 0:00,290.01627
10/09/2021 1:00,289.18008
10/09/2021 2:00,288.58652
10/09/2021 3:00,288.03394
10/09/2021 4:00,287.56778
10/09/2021 5:00,287.2757
10/09/2021 6:00,290.01535
10/09/2021 7:00,293.7886
10/09/2021 8:00,295.97415
10/09/2021 9:00,297.59464
10/09/2021 10:00,298.68317
10/09/2021 11:00,299.38437
10/09/2021 12:00,299.72983
10/09/2021 13:00,299.66855
10/09/2021 14:00,299.29642
10/09/2021 15:00,298.47784
10/09/2021 16:00,297.28226
10/09/2021 17:00,295.95505
10/09/2021 18:00,294.61722
10/09/2021 19:00,293.9145
10/09/2021 20:00,293.69125
10/09/2021 21:00,293.12744
10/09/2021 22:00,291.3177
10/09/2021 23:00,289.911
11/09/2021 0:00,289.02206
11/09/2021 1:00,288.41516
11/09/2021 2:00,287.8089
11/09/2021 3:00,287.23444
11/09/2021 4:00,286.80438
11/09/2021 5:00,286.5769
11/09/2021 6:00,289.24408
11/09/2021 7:00,294.1001
11/09/2021 8:00,296.5416
11/09/2021 9:00,298.09903
11/09/2021 10:00,299.26215
11/09/2021 11:00,300.00552
11/09/2021 12:00,300.4107
11/09/2021 13:00,300.5484
11/09/2021 14:00,300.30942
11/09/2021 15:00,299.67767
11/09/2021 16:00,298.7417
11/09/2021 17:00,297.46
11/09/2021 18:00,295.9044
11/09/2021 19:00,294.76038
11/09/2021 20:00,293.33185
11/09/2021 21:00,292.22998
11/09/2021 22:00,291.39594
11/09/2021 23:00,290.78207
12/09/2021 0:00,290.1394
12/09/2021 1:00,289.75058
12/09/2021 2:00,289.29654
12/09/2021 3:00,288.94077
12/09/2021 4:00,288.6857
12/09/2021 5:00,288.612
12/09/2021 6:00,290.67075
12/09/2021 7:00,294.68878
12/09/2021 8:00,297.6286
12/09/2021 9:00,299.53967
12/09/2021 10:00,300.8505
12/09/2021 11:00,301.62177
12/09/2021 12:00,301.75098
12/09/2021 13:00,301.80768
12/09/2021 14:00,301.02548
12/09/2021 15:00,300.76346
12/09/2021 16:00,299.85205
12/09/2021 17:00,298.5752
12/09/2021 18:00,297.2504
12/09/2021 19:00,295.66995
12/09/2021 20:00,294.11374
12/09/2021 21:00,292.95334
12/09/2021 22:00,291.92822
12/09/2021 23:00,290.9962
13/09/2021 0:00,290.3793
13/09/2021 1:00,289.86642
13/09/2021 2:00,289.38843
13/09/2021 3:00,289.11942
13/09/2021 4:00,288.63626
13/09/2021 5:00,288.33936
13/09/2021 6:00,290.23312
13/09/2021 7:00,295.0949
13/09/2021 8:00,298.3368
13/09/2021 9:00,300.07648
13/09/2021 10:00,301.1917
13/09/2021 11:00,302.03305
13/09/2021 12:00,302.56985
13/09/2021 13:00,302.68967
13/09/2021 14:00,302.41852
13/09/2021 15:00,301.8735
13/09/2021 16:00,300.85867
13/09/2021 17:00,299.39044
13/09/2021 18:00,297.73447
13/09/2021 19:00,296.39905
13/09/2021 20:00,294.76764
13/09/2021 21:00,293.2921
13/09/2021 22:00,291.84573
13/09/2021 23:00,290.84
14/09/2021 0:00,290.07175
14/09/2021 1:00,289.4494
14/09/2021 2:00,289.03723
14/09/2021 3:00,288.72726
14/09/2021 4:00,288.4294
14/09/2021 5:00,288.28625
14/09/2021 6:00,290.2962
14/09/2021 7:00,295.20892
14/09/2021 8:00,298.77264
14/09/2021 9:00,300.61182
14/09/2021 10:00,301.73035
14/09/2021 11:00,302.54742
14/09/2021 12:00,302.97174
14/09/2021 13:00,302.9972
14/09/2021 14:00,302.81976
14/09/2021 15:00,301.28268
14/09/2021 16:00,300.13928
14/09/2021 17:00,298.73016
14/09/2021 18:00,297.30136
14/09/2021 19:00,296.92224
14/09/2021 20:00,295.76608
14/09/2021 21:00,293.49927
14/09/2021 22:00,292.21393
14/09/2021 23:00,291.15936
15/09/2021 0:00,290.4336
15/09/2021 1:00,289.93588
15/09/2021 2:00,289.43817
15/09/2021 3:00,289.00235
15/09/2021 4:00,288.7051
15/09/2021 5:00,288.62048
15/09/2021 6:00,290.68713
15/09/2021 7:00,295.8789
15/09/2021 8:00,299.05014
15/09/2021 9:00,300.6682
15/09/2021 10:00,301.82437
15/09/2021 11:00,302.6296
15/09/2021 12:00,302.71332
15/09/2021 13:00,302.23593
15/09/2021 14:00,301.56567
15/09/2021 15:00,300.5845
15/09/2021 16:00,299.4623
15/09/2021 17:00,298.264
15/09/2021 18:00,297.10544
15/09/2021 19:00,297.12695
15/09/2021 20:00,296.39633
15/09/2021 21:00,295.28262
15/09/2021 22:00,295.58078
15/09/2021 23:00,294.46042
16/09/2021 0:00,293.6767
16/09/2021 1:00,292.0265
16/09/2021 2:00,292.03043
16/09/2021 3:00,292.04227
16/09/2021 4:00,292.04953
16/09/2021 5:00,291.98767
16/09/2021 6:00,292.6995
16/09/2021 7:00,297.49545
16/09/2021 8:00,298.75293
16/09/2021 9:00,299.87692
16/09/2021 10:00,300.3704
16/09/2021 11:00,299.21664
16/09/2021 12:00,298.4733
16/09/2021 13:00,298.1991
16/09/2021 14:00,298.24915
16/09/2021 15:00,298.41473
16/09/2021 16:00,298.2452
16/09/2021 17:00,297.16214
16/09/2021 18:00,296.19678
16/09/2021 19:00,294.94113
16/09/2021 20:00,294.40247
16/09/2021 21:00,294.12134
16/09/2021 22:00,293.81863
16/09/2021 23:00,293.6303
17/09/2021 0:00,293.29547
17/09/2021 1:00,293.0495
17/09/2021 2:00,293.0137
17/09/2021 3:00,292.7568
17/09/2021 4:00,292.63336
17/09/2021 5:00,291.9919
17/09/2021 6:00,292.11475
17/09/2021 7:00,294.6427
17/09/2021 8:00,296.0809
17/09/2021 9:00,296.02298
17/09/2021 10:00,295.76123
17/09/2021 11:00,296.41727
17/09/2021 12:00,297.1294
17/09/2021 13:00,296.27136
17/09/2021 14:00,296.51703
17/09/2021 15:00,294.92596
17/09/2021 16:00,293.8884
17/09/2021 17:00,292.6916
17/09/2021 18:00,292.36526
17/09/2021 19:00,293.9242
17/09/2021 20:00,292.96487
17/09/2021 21:00,293.4365
17/09/2021 22:00,291.33316
17/09/2021 23:00,291.25278
18/09/2021 0:00,290.65833
18/09/2021 1:00,290.46725
18/09/2021 2:00,290.22675
18/09/2021 3:00,289.99805
18/09/2021 4:00,290.25433
18/09/2021 5:00,289.1728
18/09/2021 6:00,290.46848
18/09/2021 7:00,291.4211
18/09/2021 8:00,293.09042
18/09/2021 9:00,294.9202
18/09/2021 10:00,296.41788
18/09/2021 11:00,297.38293
18/09/2021 12:00,297.8315
18/09/2021 13:00,298.10297
18/09/2021 14:00,297.81757
18/09/2021 15:00,297.19217
18/09/2021 16:00,296.34448
18/09/2021 17:00,294.95993
18/09/2021 18:00,293.1611
18/09/2021 19:00,292.97882
18/09/2021 20:00,293.70218
18/09/2021 21:00,293.15927
18/09/2021 22:00,291.5776
18/09/2021 23:00,290.82907
19/09/2021 0:00,291.9534
19/09/2021 1:00,292.00253
19/09/2021 2:00,291.70773
19/09/2021 3:00,291.5227
19/09/2021 4:00,291.38562
19/09/2021 5:00,291.07596
19/09/2021 6:00,291.06354
19/09/2021 7:00,292.6079
19/09/2021 8:00,294.3285
19/09/2021 9:00,295.35815
19/09/2021 10:00,296.17706
19/09/2021 11:00,296.70386
19/09/2021 12:00,296.6611
19/09/2021 13:00,296.3836
19/09/2021 14:00,296.18646
19/09/2021 15:00,295.98325
19/09/2021 16:00,295.2229
19/09/2021 17:00,294.50986
19/09/2021 18:00,293.62
19/09/2021 19:00,293.06012
19/09/2021 20:00,292.67554
19/09/2021 21:00,291.9082
19/09/2021 22:00,291.5394
19/09/2021 23:00,291.39926
20/09/2021 0:00,291.45084
20/09/2021 1:00,291.3568
20/09/2021 2:00,291.66132
20/09/2021 3:00,290.55096
20/09/2021 4:00,290.14575
20/09/2021 5:00,289.58466
20/09/2021 6:00,290.02686
20/09/2021 7:00,291.91638
20/09/2021 8:00,292.56635
20/09/2021 9:00,293.13107
20/09/2021 10:00,293.80045
20/09/2021 11:00,293.85837
20/09/2021 12:00,293.68854
20/09/2021 13:00,293.61603
20/09/2021 14:00,293.0143
20/09/2021 15:00,292.56027
20/09/2021 16:00,291.83966
20/09/2021 17:00,290.83453
20/09/2021 18:00,290.0035
20/09/2021 19:00,289.62863
20/09/2021 20:00,289.22223
20/09/2021 21:00,288.70724
20/09/2021 22:00,288.02878
20/09/2021 23:00,287.71396
21/09/2021 0:00,287.4325
21/09/2021 1:00,286.95724
21/09/2021 2:00,286.57327
21/09/2021 3:00,286.2891
21/09/2021 4:00,286.08374
21/09/2021 5:00,286.01672
21/09/2021 6:00,286.58298
21/09/2021 7:00,287.9008
21/09/2021 8:00,289.67322
21/09/2021 9:00,290.53247
21/09/2021 10:00,291.9458
21/09/2021 11:00,293.04404
21/09/2021 12:00,293.7031
21/09/2021 13:00,294.09586
21/09/2021 14:00,294.07645
21/09/2021 15:00,293.3916
21/09/2021 16:00,292.29095
21/09/2021 17:00,290.7114
21/09/2021 18:00,289.32202
21/09/2021 19:00,288.0033
21/09/2021 20:00,287.14832
21/09/2021 21:00,286.49017
21/09/2021 22:00,285.9515
21/09/2021 23:00,285.55328
22/09/2021 0:00,285.2306
22/09/2021 1:00,284.84662
22/09/2021 2:00,284.4396
22/09/2021 3:00,284.08746
22/09/2021 4:00,283.73172
22/09/2021 5:00,283.2528
22/09/2021 6:00,284.14752
22/09/2021 7:00,286.5648
22/09/2021 8:00,288.5074
22/09/2021 9:00,289.73602
22/09/2021 10:00,290.90186
22/09/2021 11:00,291.67557
22/09/2021 12:00,292.31824
22/09/2021 13:00,292.5521
22/09/2021 14:00,292.4326
22/09/2021 15:00,291.76868
22/09/2021 16:00,290.62042
22/09/2021 17:00,289.3023
22/09/2021 18:00,288.26382
22/09/2021 19:00,287.6733
22/09/2021 20:00,286.96756
22/09/2021 21:00,286.48532
22/09/2021 22:00,286.11984
22/09/2021 23:00,285.93634
23/09/2021 0:00,285.9036
23/09/2021 1:00,285.72495
23/09/2021 2:00,285.46896
23/09/2021 3:00,285.18478
23/09/2021 4:00,284.81964
23/09/2021 5:00,284.41412
23/09/2021 6:00,284.99857
23/09/2021 7:00,286.69763
23/09/2021 8:00,288.28748
23/09/2021 9:00,289.87036
23/09/2021 10:00,291.28067
23/09/2021 11:00,292.378
23/09/2021 12:00,293.199
23/09/2021 13:00,293.69855
23/09/2021 14:00,293.87323
23/09/2021 15:00,293.6224
23/09/2021 16:00,292.85022
23/09/2021 17:00,291.1451
23/09/2021 18:00,289.47153
23/09/2021 19:00,288.1877
23/09/2021 20:00,288.2523
23/09/2021 21:00,288.0497
23/09/2021 22:00,285.8229
23/09/2021 23:00,284.95276
24/09/2021 0:00,284.66525
24/09/2021 1:00,284.2734
24/09/2021 2:00,284.27066
24/09/2021 3:00,284.24973
24/09/2021 4:00,284.23093
24/09/2021 5:00,284.05774
24/09/2021 6:00,285.1117
24/09/2021 7:00,288.40366
24/09/2021 8:00,290.17853
24/09/2021 9:00,291.5121
24/09/2021 10:00,292.61185
24/09/2021 11:00,293.55447
24/09/2021 12:00,294.1808
24/09/2021 13:00,294.4419
24/09/2021 14:00,294.26538
24/09/2021 15:00,293.57236
24/09/2021 16:00,292.4529
24/09/2021 17:00,291.15784
24/09/2021 18:00,290.1582
24/09/2021 19:00,289.9371
24/09/2021 20:00,289.44302
24/09/2021 21:00,287.68817
24/09/2021 22:00,286.46408
24/09/2021 23:00,285.65067
25/09/2021 0:00,285.11017
25/09/2021 1:00,284.7602
25/09/2021 2:00,284.39594
25/09/2021 3:00,284.08292
25/09/2021 4:00,283.82755
25/09/2021 5:00,283.60098
25/09/2021 6:00,284.89304
25/09/2021 7:00,289.349
25/09/2021 8:00,292.52875
25/09/2021 9:00,294.3188
25/09/2021 10:00,295.56894
25/09/2021 11:00,296.43878
25/09/2021 12:00,297.00626
25/09/2021 13:00,297.17093
25/09/2021 14:00,296.844
25/09/2021 15:00,296.05997
25/09/2021 16:00,294.88715
25/09/2021 17:00,293.1353
25/09/2021 18:00,292.81534
25/09/2021 19:00,290.72354
25/09/2021 20:00,289.31412
25/09/2021 21:00,288.4
25/09/2021 22:00,287.79523
25/09/2021 23:00,287.42493
26/09/2021 0:00,287.10675
26/09/2021 1:00,286.94724
26/09/2021 2:00,286.88748
26/09/2021 3:00,286.73917
26/09/2021 4:00,286.53293
26/09/2021 5:00,286.5102
26/09/2021 6:00,287.7655
26/09/2021 7:00,292.56906
26/09/2021 8:00,295.30295
26/09/2021 9:00,296.70328
26/09/2021 10:00,297.6717
26/09/2021 11:00,298.4372
26/09/2021 12:00,298.71136
26/09/2021 13:00,298.715
26/09/2021 14:00,298.41748
26/09/2021 15:00,297.57614
26/09/2021 16:00,296.47488
26/09/2021 17:00,295.03818
26/09/2021 18:00,293.67154
26/09/2021 19:00,292.22543
26/09/2021 20:00,291.4375
26/09/2021 21:00,290.95312
26/09/2021 22:00,291.14755
26/09/2021 23:00,291.44537
27/09/2021 0:00,290.26373
27/09/2021 1:00,289.6156
27/09/2021 2:00,289.28137
27/09/2021 3:00,288.76306
27/09/2021 4:00,288.66327
27/09/2021 5:00,288.47946
27/09/2021 6:00,289.6899
27/09/2021 7:00,293.14987
27/09/2021 8:00,295.64114
27/09/2021 9:00,296.699
27/09/2021 10:00,297.27618
27/09/2021 11:00,297.77997
27/09/2021 12:00,298.19424
27/09/2021 13:00,298.19122
27/09/2021 14:00,297.74054
27/09/2021 15:00,297.31955
27/09/2021 16:00,296.38086
27/09/2021 17:00,294.96356
27/09/2021 18:00,294.40308
27/09/2021 19:00,293.46985
27/09/2021 20:00,291.9716
27/09/2021 21:00,290.9431
27/09/2021 22:00,290.04385
27/09/2021 23:00,289.35205
28/09/2021 0:00,288.9905
28/09/2021 1:00,288.84433
28/09/2021 2:00,288.79367
28/09/2021 3:00,288.56165
28/09/2021 4:00,288.56802
28/09/2021 5:00,288.7858
28/09/2021 6:00,289.46002
28/09/2021 7:00,291.95642
28/09/2021 8:00,294.84924
28/09/2021 9:00,296.53555
28/09/2021 10:00,297.73325
28/09/2021 11:00,298.54123
28/09/2021 12:00,298.89124
28/09/2021 13:00,298.779
28/09/2021 14:00,298.3192
28/09/2021 15:00,297.26892
28/09/2021 16:00,296.04025
28/09/2021 17:00,294.57263
28/09/2021 18:00,293.43378
28/09/2021 19:00,292.60245
28/09/2021 20:00,291.82025
28/09/2021 21:00,291.06564
28/09/2021 22:00,290.23676
28/09/2021 23:00,289.48276
29/09/2021 0:00,288.81613
29/09/2021 1:00,288.2893
29/09/2021 2:00,287.86682
29/09/2021 3:00,287.4692
29/09/2021 4:00,287.2111
29/09/2021 5:00,287.07068
29/09/2021 6:00,287.99176
29/09/2021 7:00,290.4333
29/09/2021 8:00,293.57874
29/09/2021 9:00,295.70453
29/09/2021 10:00,296.69446
29/09/2021 11:00,297.22736
29/09/2021 12:00,297.51547
29/09/2021 13:00,297.34686
29/09/2021 14:00,297.08722
29/09/2021 15:00,296.61957
29/09/2021 16:00,295.65628
29/09/2021 17:00,294.15225
29/09/2021 18:00,293.97574
29/09/2021 19:00,292.74863
29/09/2021 20:00,291.02744
29/09/2021 21:00,289.66232
29/09/2021 22:00,288.79337
29/09/2021 23:00,288.43033
30/09/2021 0:00,288.27322
30/09/2021 1:00,287.94354
30/09/2021 2:00,287.9675
30/09/2021 3:00,288.10187
30/09/2021 4:00,288.19043
30/09/2021 5:00,288.1152
30/09/2021 6:00,289.03357
30/09/2021 7:00,291.09204
30/09/2021 8:00,292.2594
30/09/2021 9:00,293.2154
30/09/2021 10:00,293.64
30/09/2021 11:00,294.1165
30/09/2021 12:00,294.2766
30/09/2021 13:00,293.9697
30/09/2021 14:00,293.37918
30/09/2021 15:00,292.4596
30/09/2021 16:00,291.30676
30/09/2021 17:00,290.2155
30/09/2021 18:00,289.5034
30/09/2021 19:00,288.93106
30/09/2021 20:00,288.5389
30/09/2021 21:00,288.07428
30/09/2021 22:00,287.62994
30/09/2021 23:00,287.26782
01/10/2021 0:00,286.99207
01/10/2021 1:00,286.83826
01/10/2021 2:00,286.74017
01/10/2021 3:00,286.37558
01/10/2021 4:00,286.13428
01/10/2021 5:00,285.91226
01/10/2021 6:00,286.48734
01/10/2021 7:00,288.90878
01/10/2021 8:00,290.7355
01/10/2021 9:00,292.3829
01/10/2021 10:00,293.71024
01/10/2021 11:00,294.73087
01/10/2021 12:00,295.41833
01/10/2021 13:00,295.74963
01/10/2021 14:00,295.64468
01/10/2021 15:00,295.05655
01/10/2021 16:00,293.89798
01/10/2021 17:00,292.31442
01/10/2021 18:00,290.81024
01/10/2021 19:00,289.9649
01/10/2021 20:00,288.47754
01/10/2021 21:00,287.14804
01/10/2021 22:00,286.36996
01/10/2021 23:00,285.87552
02/10/2021 0:00,285.48477
02/10/2021 1:00,285.13513
02/10/2021 2:00,284.8247
02/10/2021 3:00,284.5834
02/10/2021 4:00,284.33524
02/10/2021 5:00,284.1014
02/10/2021 6:00,284.96948
02/10/2021 7:00,289.17282
02/10/2021 8:00,291.4996
02/10/2021 9:00,293.00284
02/10/2021 10:00,293.97705
02/10/2021 11:00,294.56647
02/10/2021 12:00,294.71497
02/10/2021 13:00,294.94196
02/10/2021 14:00,294.82614
02/10/2021 15:00,294.2277
02/10/2021 16:00,293.03894
02/10/2021 17:00,291.5983
02/10/2021 18:00,291.08423
02/10/2021 19:00,290.74237
02/10/2021 20:00,288.37854
02/10/2021 21:00,287.66833
02/10/2021 22:00,286.91266
02/10/2021 23:00,286.31982
03/10/2021 0:00,285.9901
03/10/2021 1:00,285.9098
03/10/2021 2:00,285.70056
03/10/2021 3:00,285.4172
03/10/2021 4:00,285.13544
03/10/2021 5:00,284.9103
03/10/2021 6:00,286.0122
03/10/2021 7:00,289.61557
03/10/2021 8:00,292.35645
03/10/2021 9:00,293.95184
03/10/2021 10:00,295.04877
03/10/2021 11:00,295.74683
03/10/2021 12:00,295.96353
03/10/2021 13:00,295.8063
03/10/2021 14:00,295.26514
03/10/2021 15:00,294.43817
03/10/2021 16:00,293.34158
03/10/2021 17:00,292.06876
03/10/2021 18:00,291.04938
03/10/2021 19:00,290.22488
03/10/2021 20:00,289.47733
03/10/2021 21:00,288.9748
03/10/2021 22:00,288.58435
03/10/2021 23:00,288.27298
04/10/2021 0:00,288.10486
04/10/2021 1:00,288.19702
04/10/2021 2:00,288.23157
04/10/2021 3:00,287.96008
04/10/2021 4:00,287.86447
04/10/2021 5:00,287.7577
04/10/2021 6:00,288.46634
04/10/2021 7:00,291.63815
04/10/2021 8:00,294.2816
04/10/2021 9:00,295.65
04/10/2021 10:00,296.50778
04/10/2021 11:00,297.02338
04/10/2021 12:00,297.14078
04/10/2021 13:00,296.96143
04/10/2021 14:00,296.4975
04/10/2021 15:00,295.66617
04/10/2021 16:00,294.5263
04/10/2021 17:00,293.12302
04/10/2021 18:00,292.03763
04/10/2021 19:00,291.14215
04/10/2021 20:00,290.4229
04/10/2021 21:00,289.98795
04/10/2021 22:00,289.81516
04/10/2021 23:00,289.789
05/10/2021 0:00,290.0804
05/10/2021 1:00,290.02655
05/10/2021 2:00,290.02188
05/10/2021 3:00,290.0381
05/10/2021 4:00,290.15826
05/10/2021 5:00,290.33542
05/10/2021 6:00,290.9021
05/10/2021 7:00,292.2923
05/10/2021 8:00,293.35248
05/10/2021 9:00,294.46994
05/10/2021 10:00,295.1462
05/10/2021 11:00,295.36853
05/10/2021 12:00,295.79166
05/10/2021 13:00,295.52948
05/10/2021 14:00,294.99863
05/10/2021 15:00,294.17197
05/10/2021 16:00,293.2055
05/10/2021 17:00,292.32718
05/10/2021 18:00,291.41895
05/10/2021 19:00,290.52036
05/10/2021 20:00,290.17633
05/10/2021 21:00,290.05365
05/10/2021 22:00,289.59344
05/10/2021 23:00,289.4275
06/10/2021 0:00,289.09933
06/10/2021 1:00,289.13608
06/10/2021 2:00,288.36734
06/10/2021 3:00,288.1005
06/10/2021 4:00,288.12915
06/10/2021 5:00,288.43768
06/10/2021 6:00,288.95734
06/10/2021 7:00,289.8874
06/10/2021 8:00,290.75388
06/10/2021 9:00,291.92148
06/10/2021 10:00,293.1305
06/10/2021 11:00,293.80862
06/10/2021 12:00,292.90787
06/10/2021 13:00,291.2032
06/10/2021 14:00,290.00693
06/10/2021 15:00,289.89017
06/10/2021 16:00,289.71426
06/10/2021 17:00,289.4188
06/10/2021 18:00,289.07504
06/10/2021 19:00,288.28607
06/10/2021 20:00,288.027
06/10/2021 21:00,287.79724
06/10/2021 22:00,287.75583
06/10/2021 23:00,288.0401
07/10/2021 0:00,288.1905
07/10/2021 1:00,288.0765
07/10/2021 2:00,287.85016
07/10/2021 3:00,287.31027
07/10/2021 4:00,286.86255
07/10/2021 5:00,286.57578
07/10/2021 6:00,286.46463
07/10/2021 7:00,286.32608
07/10/2021 8:00,286.56738
07/10/2021 9:00,286.6035
07/10/2021 10:00,287.00732
07/10/2021 11:00,286.5191
07/10/2021 12:00,286.33167
07/10/2021 13:00,286.3544
07/10/2021 14:00,286.7349
07/10/2021 15:00,286.74142
07/10/2021 16:00,286.4699
07/10/2021 17:00,286.34662
07/10/2021 18:00,286.13956
07/10/2021 19:00,286.16168
07/10/2021 20:00,285.91104
07/10/2021 21:00,285.51935
07/10/2021 22:00,284.924
07/10/2021 23:00,284.3038
08/10/2021 0:00,284.14624
08/10/2021 1:00,283.98373
08/10/2021 2:00,284.1089
08/10/2021 3:00,284.18484
08/10/2021 4:00,284.16214
08/10/2021 5:00,284.0242
08/10/2021 6:00,284.249
08/10/2021 7:00,285.23444
08/10/2021 8:00,286.17163
08/10/2021 9:00,287.21936
08/10/2021 10:00,288.25992
08/10/2021 11:00,288.8378
08/10/2021 12:00,288.80945
08/10/2021 13:00,288.3088
08/10/2021 14:00,287.61417
08/10/2021 15:00,286.7601
08/10/2021 16:00,285.89297
08/10/2021 17:00,285.2307
08/10/2021 18:00,284.64722
08/10/2021 19:00,284.7319
08/10/2021 20:00,284.60083
08/10/2021 21:00,284.3642
08/10/2021 22:00,284.20633
08/10/2021 23:00,283.90463
09/10/2021 0:00,283.57553
09/10/2021 1:00,283.432
09/10/2021 2:00,283.0948
09/10/2021 3:00,282.9771
09/10/2021 4:00,282.7987
09/10/2021 5:00,282.46585
09/10/2021 6:00,282.4917
09/10/2021 7:00,283.2508
09/10/2021 8:00,284.21692
09/10/2021 9:00,285.20767
09/10/2021 10:00,285.74164
09/10/2021 11:00,285.6588
09/10/2021 12:00,285.47482
09/10/2021 13:00,284.69174
09/10/2021 14:00,284.2462
09/10/2021 15:00,283.4921
09/10/2021 16:00,282.7819
09/10/2021 17:00,282.17007
09/10/2021 18:00,281.84094
09/10/2021 19:00,281.3135
09/10/2021 20:00,281.2254
09/10/2021 21:00,281.17404
09/10/2021 22:00,281.12982
09/10/2021 23:00,281.07004
10/10/2021 0:00,280.87573
10/10/2021 1:00,280.872
10/10/2021 2:00,280.92245
10/10/2021 3:00,280.98782
10/10/2021 4:00,280.96698
10/10/2021 5:00,280.85083
10/10/2021 6:00,280.83652
10/10/2021 7:00,282.0312
10/10/2021 8:00,282.6561
10/10/2021 9:00,283.02286
10/10/2021 10:00,283.48026
10/10/2021 11:00,283.4896
10/10/2021 12:00,283.16516
10/10/2021 13:00,282.17474
10/10/2021 14:00,281.4278
10/10/2021 15:00,280.70978
10/10/2021 16:00,280.2104
10/10/2021 17:00,279.90213
10/10/2021 18:00,279.90524
10/10/2021 19:00,279.98807
10/10/2021 20:00,279.97125
10/10/2021 21:00,280.05283
10/10/2021 22:00,279.8707
10/10/2021 23:00,280.0768
11/10/2021 0:00,280.25583
11/10/2021 1:00,280.28885
11/10/2021 2:00,280.16086
11/10/2021 3:00,280.08896
11/10/2021 4:00,280.04132
11/10/2021 5:00,279.9834
11/10/2021 6:00,280.0323
11/10/2021 7:00,280.85083
11/10/2021 8:00,281.63516
11/10/2021 9:00,283.45004
11/10/2021 10:00,284.60114
11/10/2021 11:00,285.29828
11/10/2021 12:00,285.96738
11/10/2021 13:00,286.06018
11/10/2021 14:00,285.59436
11/10/2021 15:00,284.62292
11/10/2021 16:00,283.6845
11/10/2021 17:00,283.10226
11/10/2021 18:00,282.7361
11/10/2021 19:00,282.62653
11/10/2021 20:00,282.46957
11/10/2021 21:00,282.20306
11/10/2021 22:00,282.17847
11/10/2021 23:00,282.05673
12/10/2021 0:00,282.13208
12/10/2021 1:00,282.40918
12/10/2021 2:00,282.37308
12/10/2021 3:00,282.41727
12/10/2021 4:00,282.35034
12/10/2021 5:00,282.03058
12/10/2021 6:00,282.1436
12/10/2021 7:00,283.58548
12/10/2021 8:00,285.10587
12/10/2021 9:00,286.26566
12/10/2021 10:00,287.25546
12/10/2021 11:00,287.62567
12/10/2021 12:00,287.71472
12/10/2021 13:00,287.57462
12/10/2021 14:00,287.23584
12/10/2021 15:00,286.61282
12/10/2021 16:00,285.6607
12/10/2021 17:00,284.81226
12/10/2021 18:00,284.19263
12/10/2021 19:00,283.46686
12/10/2021 20:00,283.1854
12/10/2021 21:00,282.80927
12/10/2021 22:00,281.9879
12/10/2021 23:00,281.22385
13/10/2021 0:00,280.63818
13/10/2021 1:00,280.12912
13/10/2021 2:00,279.70163
13/10/2021 3:00,279.28223
13/10/2021 4:00,278.8924
13/10/2021 5:00,278.61716
13/10/2021 6:00,278.87994
13/10/2021 7:00,281.3409
13/10/2021 8:00,283.7449
13/10/2021 9:00,285.80112
13/10/2021 10:00,287.00296
13/10/2021 11:00,287.25204
13/10/2021 12:00,286.738
13/10/2021 13:00,285.92285
13/10/2021 14:00,285.1644
13/10/2021 15:00,284.1506
13/10/2021 16:00,282.87497
13/10/2021 17:00,281.83316
13/10/2021 18:00,281.26306
13/10/2021 19:00,281.00122
13/10/2021 20:00,280.70822
13/10/2021 21:00,280.47192
13/10/2021 22:00,280.3019
13/10/2021 23:00,280.14127
14/10/2021 0:00,279.98712
14/10/2021 1:00,279.7318
14/10/2021 2:00,279.5637
14/10/2021 3:00,279.40646
14/10/2021 4:00,279.2075
14/10/2021 5:00,278.97894
14/10/2021 6:00,279.09415
14/10/2021 7:00,280.32745
14/10/2021 8:00,281.68713
14/10/2021 9:00,282.87872
14/10/2021 10:00,283.83926
14/10/2021 11:00,284.4442
14/10/2021 12:00,284.79013
14/10/2021 13:00,284.82346
14/10/2021 14:00,284.60736
14/10/2021 15:00,283.96753
14/10/2021 16:00,282.86316
14/10/2021 17:00,281.77496
14/10/2021 18:00,281.12265
14/10/2021 19:00,280.8608
14/10/2021 20:00,280.53482
14/10/2021 21:00,280.28665
14/10/2021 22:00,280.03665
14/10/2021 23:00,279.76077
15/10/2021 0:00,279.4874
15/10/2021 1:00,278.8896
15/10/2021 2:00,278.63583
15/10/2021 3:00,278.5088
15/10/2021 4:00,278.39236
15/10/2021 5:00,278.3108
15/10/2021 6:00,278.6268
15/10/2021 7:00,279.84048
15/10/2021 8:00,281.39105
15/10/2021 9:00,282.95407
15/10/2021 10:00,284.14343
15/10/2021 11:00,284.87857
15/10/2021 12:00,285.52368
15/10/2021 13:00,285.68872
15/10/2021 14:00,285.35556
15/10/2021 15:00,284.58496
15/10/2021 16:00,283.4541
15/10/2021 17:00,282.44376
15/10/2021 18:00,281.7961
15/10/2021 19:00,281.56137
15/10/2021 20:00,281.21857
15/10/2021 21:00,281.11237
15/10/2021 22:00,281.0093
15/10/2021 23:00,280.8583
16/10/2021 0:00,280.86237
16/10/2021 1:00,281.01617
16/10/2021 2:00,281.0417
16/10/2021 3:00,281.08716
16/10/2021 4:00,281.15628
16/10/2021 5:00,281.26837
16/10/2021 6:00,281.64948
16/10/2021 7:00,283.00482
16/10/2021 8:00,284.52518
16/10/2021 9:00,285.79645
16/10/2021 10:00,286.77628
16/10/2021 11:00,287.74243
16/10/2021 12:00,288.254
16/10/2021 13:00,288.40063
16/10/2021 14:00,288.372
16/10/2021 15:00,287.88348
16/10/2021 16:00,286.82703
16/10/2021 17:00,285.61896
16/10/2021 18:00,284.5591
16/10/2021 19:00,284.11728
16/10/2021 20:00,283.28876
16/10/2021 21:00,282.6729
16/10/2021 22:00,282.3659
16/10/2021 23:00,281.7189
17/10/2021 0:00,281.28644
17/10/2021 1:00,281.0193
17/10/2021 2:00,280.59958
17/10/2021 3:00,280.22345
17/10/2021 4:00,279.8137
17/10/2021 5:00,279.45657
17/10/2021 6:00,279.5291
17/10/2021 7:00,283.41956
17/10/2021 8:00,286.10562
17/10/2021 9:00,288.13037
17/10/2021 10:00,289.61557
17/10/2021 11:00,290.62
17/10/2021 12:00,291.07925
17/10/2021 13:00,291.319
17/10/2021 14:00,291.23773
17/10/2021 15:00,290.65643
17/10/2021 16:00,289.06104
17/10/2021 17:00,287.59982
17/10/2021 18:00,286.21335
17/10/2021 19:00,284.13443
17/10/2021 20:00,282.70435
17/10/2021 21:00,281.73572
17/10/2021 22:00,281.1239
17/10/2021 23:00,280.69702
18/10/2021 0:00,280.40216
18/10/2021 1:00,280.19138
18/10/2021 2:00,280.0323
18/10/2021 3:00,279.91925
18/10/2021 4:00,279.85233
18/10/2021 5:00,279.7343
18/10/2021 6:00,279.95724
18/10/2021 7:00,282.90298
18/10/2021 8:00,286.57578
18/10/2021 9:00,289.0872
18/10/2021 10:00,290.45
18/10/2021 11:00,291.21967
18/10/2021 12:00,291.57837
18/10/2021 13:00,291.67767
18/10/2021 14:00,291.50986
18/10/2021 15:00,290.71902
18/10/2021 16:00,289.02118
18/10/2021 17:00,287.10165
18/10/2021 18:00,285.74164
18/10/2021 19:00,284.8353
18/10/2021 20:00,283.94388
18/10/2021 21:00,283.10382
18/10/2021 22:00,282.42816
18/10/2021 23:00,281.779
19/10/2021 0:00,281.25592
19/10/2021 1:00,280.8552
19/10/2021 2:00,280.2845
19/10/2021 3:00,279.76825
19/10/2021 4:00,279.39618
19/10/2021 5:00,279.2483
19/10/2021 6:00,279.36752
19/10/2021 7:00,281.6834
19/10/2021 8:00,285.04855
19/10/2021 9:00,288.169
19/10/2021 10:00,290.05768
19/10/2021 11:00,291.0179
19/10/2021 12:00,291.45352
19/10/2021 13:00,291.54846
19/10/2021 14:00,291.18512
19/10/2021 15:00,290.09256
19/10/2021 16:00,288.34552
19/10/2021 17:00,287.9249
19/10/2021 18:00,287.6481
19/10/2021 19:00,285.95618
19/10/2021 20:00,284.3424
19/10/2021 21:00,283.14056
19/10/2021 22:00,282.29086
19/10/2021 23:00,281.9325
20/10/2021 0:00,281.97607
20/10/2021 1:00,282.1607
20/10/2021 2:00,282.01468
20/10/2021 3:00,281.4259
20/10/2021 4:00,281.02957
20/10/2021 5:00,280.70947
20/10/2021 6:00,280.71353
20/10/2021 7:00,283.09293
20/10/2021 8:00,287.82495
20/10/2021 9:00,289.63144
20/10/2021 10:00,290.46744
20/10/2021 11:00,290.81897
20/10/2021 12:00,290.83484
20/10/2021 13:00,290.59882
20/10/2021 14:00,290.09537
20/10/2021 15:00,289.2572
20/10/2021 16:00,287.93423
20/10/2021 17:00,286.65298
20/10/2021 18:00,285.59872
20/10/2021 19:00,285.00497
20/10/2021 20:00,284.4193
20/10/2021 21:00,284.0494
20/10/2021 22:00,283.8629
20/10/2021 23:00,283.7446
21/10/2021 0:00,283.11536
21/10/2021 1:00,283.52945
21/10/2021 2:00,284.05066
21/10/2021 3:00,284.23312
21/10/2021 4:00,284.6681
21/10/2021 5:00,285.30667
21/10/2021 6:00,285.74072
21/10/2021 7:00,286.72742
21/10/2021 8:00,287.80347
21/10/2021 9:00,288.90567
21/10/2021 10:00,289.30826
21/10/2021 11:00,289.51498
21/10/2021 12:00,289.95868
21/10/2021 13:00,289.94653
21/10/2021 14:00,289.4717
21/10/2021 15:00,288.78394
21/10/2021 16:00,288.01767
21/10/2021 17:00,287.54596
21/10/2021 18:00,287.26544
21/10/2021 19:00,287.51016
21/10/2021 20:00,287.04874
21/10/2021 21:00,286.8065
21/10/2021 22:00,286.9192
21/10/2021 23:00,286.87592
22/10/2021 0:00,286.94534
22/10/2021 1:00,287.03192
22/10/2021 2:00,286.90488
22/10/2021 3:00,286.98178
22/10/2021 4:00,286.903
22/10/2021 5:00,286.89304
22/10/2021 6:00,287.1132
22/10/2021 7:00,288.1139
22/10/2021 8:00,289.66913
22/10/2021 9:00,290.39304
22/10/2021 10:00,290.24326
22/10/2021 11:00,289.6109
22/10/2021 12:00,289.8083
22/10/2021 13:00,290.05084
22/10/2021 14:00,290.15295
22/10/2021 15:00,289.5975
22/10/2021 16:00,289.00903
22/10/2021 17:00,288.54666
22/10/2021 18:00,287.8785
22/10/2021 19:00,286.9734
22/10/2021 20:00,287.1602
22/10/2021 21:00,286.56924
22/10/2021 22:00,286.04337
22/10/2021 23:00,285.3428
23/10/2021 0:00,284.9838
23/10/2021 1:00,284.41837
23/10/2021 2:00,284.01828
23/10/2021 3:00,283.85233
23/10/2021 4:00,284.1145
23/10/2021 5:00,284.4402
23/10/2021 6:00,284.40903
23/10/2021 7:00,286.5437
23/10/2021 8:00,288.74033
23/10/2021 9:00,290.0169
23/10/2021 10:00,290.4724
23/10/2021 11:00,290.59103
23/10/2021 12:00,290.52286
23/10/2021 13:00,290.19937
23/10/2021 14:00,289.51437
23/10/2021 15:00,288.84775
23/10/2021 16:00,287.7356
23/10/2021 17:00,286.88058
23/10/2021 18:00,285.8142
23/10/2021 19:00,284.9841
23/10/2021 20:00,284.2132
23/10/2021 21:00,283.5559
23/10/2021 22:00,282.92044
23/10/2021 23:00,282.3986
24/10/2021 0:00,282.001
24/10/2021 1:00,281.37143
24/10/2021 2:00,280.9069
24/10/2021 3:00,280.67117
24/10/2021 4:00,280.5127
24/10/2021 5:00,280.1889
24/10/2021 6:00,280.06714
24/10/2021 7:00,281.90042
24/10/2021 8:00,284.16772
24/10/2021 9:00,285.92596
24/10/2021 10:00,287.38126
24/10/2021 11:00,288.33868
24/10/2021 12:00,288.8633
24/10/2021 13:00,288.92715
24/10/2021 14:00,288.52612
24/10/2021 15:00,287.5111
24/10/2021 16:00,285.86652
24/10/2021 17:00,284.26144
24/10/2021 18:00,282.974
24/10/2021 19:00,282.05798
24/10/2021 20:00,281.1018
24/10/2021 21:00,280.24554
24/10/2021 22:00,279.53473
24/10/2021 23:00,278.98206
25/10/2021 0:00,278.5278
25/10/2021 1:00,278.12802
25/10/2021 2:00,277.71265
25/10/2021 3:00,277.3347
25/10/2021 4:00,276.995
25/10/2021 5:00,276.73654
25/10/2021 6:00,276.79913
25/10/2021 7:00,279.0652
25/10/2021 8:00,282.57452
25/10/2021 9:00,285.7737
25/10/2021 10:00,288.26987
25/10/2021 11:00,289.8083
25/10/2021 12:00,290.32016
25/10/2021 13:00,290.1928
25/10/2021 14:00,289.73264
25/10/2021 15:00,288.83997
25/10/2021 16:00,287.61633
25/10/2021 17:00,285.04266
25/10/2021 18:00,282.94473
25/10/2021 19:00,280.93335
25/10/2021 20:00,279.942
25/10/2021 21:00,279.0213
25/10/2021 22:00,278.5633
25/10/2021 23:00,278.30112
26/10/2021 0:00,278.14328
26/10/2021 1:00,278.04208
26/10/2021 2:00,277.93155
26/10/2021 3:00,277.87427
26/10/2021 4:00,278.46832
26/10/2021 5:00,279.05182
26/10/2021 6:00,279.5643
26/10/2021 7:00,281.36957
26/10/2021 8:00,286.14487
26/10/2021 9:00,288.90848
26/10/2021 10:00,289.80954
26/10/2021 11:00,290.5294
26/10/2021 12:00,290.93384
26/10/2021 13:00,291.12283
26/10/2021 14:00,290.8112
26/10/2021 15:00,289.62738
26/10/2021 16:00,288.02545
26/10/2021 17:00,286.53842
26/10/2021 18:00,285.36365
26/10/2021 19:00,284.2023
26/10/2021 20:00,283.44913
26/10/2021 21:00,282.71277
26/10/2021 22:00,282.07913
26/10/2021 23:00,281.54266
27/10/2021 0:00,281.06226
27/10/2021 1:00,280.44577
27/10/2021 2:00,280.11322
27/10/2021 3:00,279.7063
27/10/2021 4:00,279.38745
27/10/2021 5:00,279.26727
27/10/2021 6:00,279.1614
27/10/2021 7:00,281.4533
27/10/2021 8:00,283.5394
27/10/2021 9:00,285.23788
27/10/2021 10:00,286.686
27/10/2021 11:00,287.7228
27/10/2021 12:00,288.29602
27/10/2021 13:00,288.3935
27/10/2021 14:00,288.05255
27/10/2021 15:00,287.12967
27/10/2021 16:00,285.55298
27/10/2021 17:00,284.15652
27/10/2021 18:00,283.1798
27/10/2021 19:00,282.93536
27/10/2021 20:00,282.27872
27/10/2021 21:00,281.66162
27/10/2021 22:00,281.0448
27/10/2021 23:00,280.53418
28/10/2021 0:00,280.0818
28/10/2021 1:00,279.7919
28/10/2021 2:00,279.44785
28/10/2021 3:00,279.15643
28/10/2021 4:00,278.91885
28/10/2021 5:00,278.71927
28/10/2021 6:00,278.7062
28/10/2021 7:00,281.2637
28/10/2021 8:00,284.7478
28/10/2021 9:00,287.89032
28/10/2021 10:00,290.05646
28/10/2021 11:00,291.56528
28/10/2021 12:00,292.37854
28/10/2021 13:00,292.58344
28/10/2021 14:00,292.17743
28/10/2021 15:00,290.9351
28/10/2021 16:00,288.38974
28/10/2021 17:00,285.699
28/10/2021 18:00,283.86322
28/10/2021 19:00,282.7554
28/10/2021 20:00,281.69492
28/10/2021 21:00,280.94705
28/10/2021 22:00,280.56128
28/10/2021 23:00,280.30316
29/10/2021 0:00,280.1481
29/10/2021 1:00,280.01547
29/10/2021 2:00,279.79657
29/10/2021 3:00,279.49924
29/10/2021 4:00,279.28815
29/10/2021 5:00,279.13028
29/10/2021 6:00,279.1393
29/10/2021 7:00,281.64294
29/10/2021 8:00,285.80704
29/10/2021 9:00,289.36212
29/10/2021 10:00,291.0145
29/10/2021 11:00,291.81842
29/10/2021 12:00,292.26926
29/10/2021 13:00,292.29044
29/10/2021 14:00,291.73187
29/10/2021 15:00,290.3681
29/10/2021 16:00,288.3197
29/10/2021 17:00,288.3038
29/10/2021 18:00,287.68762
29/10/2021 19:00,286.5135
29/10/2021 20:00,283.1365
29/10/2021 21:00,281.50717
29/10/2021 22:00,280.39783
29/10/2021 23:00,279.15176
30/10/2021 0:00,278.58728
30/10/2021 1:00,278.23108
30/10/2021 2:00,277.92252
30/10/2021 3:00,277.72168
30/10/2021 4:00,277.66223
30/10/2021 5:00,277.63733
30/10/2021 6:00,277.996
30/10/2021 7:00,280.2225
30/10/2021 8:00,286.10748
30/10/2021 9:00,289.0626
30/10/2021 10:00,290.32236
30/10/2021 11:00,291.01108
30/10/2021 12:00,291.29068
30/10/2021 13:00,291.32397
30/10/2021 14:00,290.9105
30/10/2021 15:00,289.80704
30/10/2021 16:00,288.00085
30/10/2021 17:00,285.97766
30/10/2021 18:00,285.94217
30/10/2021 19:00,283.83023
30/10/2021 20:00,282.68286
30/10/2021 21:00,282.2476
30/10/2021 22:00,281.99445
30/10/2021 23:00,281.49878
31/10/2021 0:00,281.11984
31/10/2021 1:00,281.18274
31/10/2021 2:00,281.05945
31/10/2021 3:00,280.77423
31/10/2021 4:00,280.428
31/10/2021 5:00,280.0108
31/10/2021 6:00,279.80966
31/10/2021 7:00,281.6588
31/10/2021 8:00,287.03223
31/10/2021 9:00,289.1912
31/10/2021 10:00,290.20715
31/10/2021 11:00,290.73303
31/10/2021 12:00,290.80774
31/10/2021 13:00,290.6477
31/10/2021 14:00,290.22397
31/10/2021 15:00,289.21173
31/10/2021 16:00,287.63657
31/10/2021 17:00,286.75137
31/10/2021 18:00,284.92868
31/10/2021 19:00,283.8987
31/10/2021 20:00,282.9385
31/10/2021 21:00,282.38147
31/10/2021 22:00,281.95584
31/10/2021 23:00,281.8425
01/11/2021 0:00,281.79218
01/11/2021 1:00,281.6803
01/11/2021 2:00,281.83838
01/11/2021 3:00,281.93936
01/11/2021 4:00,282.69415
01/11/2021 5:00,282.7819
01/11/2021 6:00,282.85754
01/11/2021 7:00,284.2376
01/11/2021 8:00,285.3789
01/11/2021 9:00,286.10632
01/11/2021 10:00,287.27707
01/11/2021 11:00,288.61093
01/11/2021 12:00,289.04718
01/11/2021 13:00,288.83258
01/11/2021 14:00,288.35156
01/11/2021 15:00,287.84024
01/11/2021 16:00,286.9989
01/11/2021 17:00,286.49225
01/11/2021 18:00,286.26294
01/11/2021 19:00,285.87375
01/11/2021 20:00,286.05716
01/11/2021 21:00,286.2385
01/11/2021 22:00,285.89526
01/11/2021 23:00,285.84198
02/11/2021 0:00,285.89084
02/11/2021 1:00,285.95944
02/11/2021 2:00,285.85434
02/11/2021 3:00,285.74042
02/11/2021 4:00,285.5735
02/11/2021 5:00,285.58792
02/11/2021 6:00,285.6309
02/11/2021 7:00,286.79224
02/11/2021 8:00,286.4902
02/11/2021 9:00,287.00714
02/11/2021 10:00,287.99683
02/11/2021 11:00,288.5865
02/11/2021 12:00,288.50787
02/11/2021 13:00,288.298
02/11/2021 14:00,288.22733
02/11/2021 15:00,287.36804
02/11/2021 16:00,286.57233
02/11/2021 17:00,285.40894
02/11/2021 18:00,283.86227
02/11/2021 19:00,283.76923
02/11/2021 20:00,283.0992
02/11/2021 21:00,282.8116
02/11/2021 22:00,283.23523
02/11/2021 23:00,283.11365
03/11/2021 0:00,282.65796
03/11/2021 1:00,282.7554
03/11/2021 2:00,283.03445
03/11/2021 3:00,283.49753
03/11/2021 4:00,283.68356
03/11/2021 5:00,284.14752
03/11/2021 6:00,284.688
03/11/2021 7:00,285.94647
03/11/2021 8:00,287.17612
03/11/2021 9:00,287.97418
03/11/2021 10:00,288.47757
03/11/2021 11:00,288.19583
03/11/2021 12:00,287.21497
03/11/2021 13:00,286.94412
03/11/2021 14:00,286.79193
03/11/2021 15:00,286.77927
03/11/2021 16:00,286.96915
03/11/2021 17:00,287.51993
03/11/2021 18:00,288.4087
03/11/2021 19:00,288.30386
03/11/2021 20:00,288.50406
03/11/2021 21:00,289.00186
03/11/2021 22:00,289.76782
03/11/2021 23:00,289.66714
04/11/2021 0:00,289.1414
04/11/2021 1:00,289.1576
04/11/2021 2:00,289.56235
04/11/2021 3:00,289.54733
04/11/2021 4:00,289.3922
04/11/2021 5:00,289.2035
04/11/2021 6:00,289.29947
04/11/2021 7:00,289.5394
04/11/2021 8:00,289.56766
04/11/2021 9:00,289.4175
04/11/2021 10:00,289.3925
04/11/2021 11:00,289.15787
04/11/2021 12:00,288.7734
04/11/2021 13:00,288.2306
04/11/2021 14:00,287.92148
04/11/2021 15:00,287.6418
04/11/2021 16:00,286.98093
04/11/2021 17:00,286.52963
04/11/2021 18:00,286.1084
04/11/2021 19:00,285.67416
04/11/2021 20:00,284.45956
04/11/2021 21:00,283.0639
04/11/2021 22:00,282.5355
04/11/2021 23:00,282.97205
05/11/2021 0:00,282.87695
05/11/2021 1:00,282.12805
05/11/2021 2:00,281.5605
05/11/2021 3:00,281.49014
05/11/2021 4:00,281.859
05/11/2021 5:00,282.1987
05/11/2021 6:00,282.41745
05/11/2021 7:00,283.809
05/11/2021 8:00,286.05923
05/11/2021 9:00,287.57294
05/11/2021 10:00,288.5747
05/11/2021 11:00,288.3124
05/11/2021 12:00,287.96652
05/11/2021 13:00,287.65213
05/11/2021 14:00,287.17023
05/11/2021 15:00,286.41013
05/11/2021 16:00,285.46957
05/11/2021 17:00,284.56467
05/11/2021 18:00,284.07538
05/11/2021 19:00,284.41718
05/11/2021 20:00,283.62646
05/11/2021 21:00,283.17047
05/11/2021 22:00,282.8961
05/11/2021 23:00,282.6391
06/11/2021 0:00,282.63293
06/11/2021 1:00,282.1675
06/11/2021 2:00,281.9114
06/11/2021 3:00,281.68854
06/11/2021 4:00,281.4239
06/11/2021 5:00,281.5964
06/11/2021 6:00,281.61496
06/11/2021 7:00,282.35504
06/11/2021 8:00,282.88434
06/11/2021 9:00,283.26056
06/11/2021 10:00,283.78073
06/11/2021 11:00,284.23935
06/11/2021 12:00,284.52344
06/11/2021 13:00,284.30826
06/11/2021 14:00,283.66003
06/11/2021 15:00,283.08716
06/11/2021 16:00,282.58258
06/11/2021 17:00,282.18576
06/11/2021 18:00,282.13513
06/11/2021 19:00,282.85754
06/11/2021 20:00,283.1063
06/11/2021 21:00,283.23993
06/11/2021 22:00,283.29822
06/11/2021 23:00,283.2891
07/11/2021 0:00,283.17606
07/11/2021 1:00,283.05978
07/11/2021 2:00,282.48398
07/11/2021 3:00,282.1004
07/11/2021 4:00,281.78598
07/11/2021 5:00,281.88254
07/11/2021 6:00,281.99588
07/11/2021 7:00,283.844
07/11/2021 8:00,287.97388
07/11/2021 9:00,291.15643
07/11/2021 10:00,292.45996
07/11/2021 11:00,293.02692
07/11/2021 12:00,293.2318
07/11/2021 13:00,293.15762
07/11/2021 14:00,292.5718
07/11/2021 15:00,291.11493
07/11/2021 16:00,290.16553
07/11/2021 17:00,288.81198
07/11/2021 18:00,286.4337
07/11/2021 19:00,287.9889
07/11/2021 20:00,286.19846
07/11/2021 21:00,284.66858
07/11/2021 22:00,283.88876
07/11/2021 23:00,283.4348
08/11/2021 0:00,283.30823
08/11/2021 1:00,283.46426
08/11/2021 2:00,283.89847
08/11/2021 3:00,284.26614
08/11/2021 4:00,284.464
08/11/2021 5:00,284.4575
08/11/2021 6:00,284.62057
08/11/2021 7:00,285.23642
08/11/2021 8:00,286.73364
08/11/2021 9:00,288.13254
08/11/2021 10:00,287.6948
08/11/2021 11:00,286.29886
08/11/2021 12:00,284.92526
08/11/2021 13:00,284.0969
08/11/2021 14:00,283.6709
08/11/2021 15:00,283.13425
08/11/2021 16:00,282.718
08/11/2021 17:00,282.40182
08/11/2021 18:00,282.20135
08/11/2021 19:00,281.2561
08/11/2021 20:00,281.07065
08/11/2021 21:00,281.08212
08/11/2021 22:00,280.94495
08/11/2021 23:00,281.0683
09/11/2021 0:00,281.18958
09/11/2021 1:00,281.199
09/11/2021 2:00,281.05945
09/11/2021 3:00,281.33734
09/11/2021 4:00,281.67502
09/11/2021 5:00,281.9282
09/11/2021 6:00,281.96646
09/11/2021 7:00,282.59644
09/11/2021 8:00,282.975
09/11/2021 9:00,283.0739
09/11/2021 10:00,284.1013
09/11/2021 11:00,285.1443
09/11/2021 12:00,285.72717
09/11/2021 13:00,286.09427
09/11/2021 14:00,285.9921
09/11/2021 15:00,285.38333
09/11/2021 16:00,284.56317
09/11/2021 17:00,283.89142
09/11/2021 18:00,283.41125
09/11/2021 19:00,283.54315
09/11/2021 20:00,283.1637
09/11/2021 21:00,282.8022
09/11/2021 22:00,282.4769
09/11/2021 23:00,282.05948
10/11/2021 0:00,281.72858
10/11/2021 1:00,281.52545
10/11/2021 2:00,281.355
10/11/2021 3:00,281.22638
10/11/2021 4:00,281.12775
10/11/2021 5:00,281.04828
10/11/2021 6:00,281.28967
10/11/2021 7:00,282.58493
10/11/2021 8:00,284.30618
10/11/2021 9:00,286.2288
10/11/2021 10:00,288.177
10/11/2021 11:00,289.73132
10/11/2021 12:00,290.59357
10/11/2021 13:00,290.8856
10/11/2021 14:00,290.47876
10/11/2021 15:00,289.64832
10/11/2021 16:00,287.8046
10/11/2021 17:00,286.76456
10/11/2021 18:00,285.8096
10/11/2021 19:00,283.89877
10/11/2021 20:00,284.17282
10/11/2021 21:00,284.70035
10/11/2021 22:00,285.2903
10/11/2021 23:00,285.47812
11/11/2021 0:00,285.3801
11/11/2021 1:00,285.01328
11/11/2021 2:00,284.94913
11/11/2021 3:00,284.6262
11/11/2021 4:00,284.34033
11/11/2021 5:00,284.18344
11/11/2021 6:00,284.0801
11/11/2021 7:00,284.03152
11/11/2021 8:00,287.54437
11/11/2021 9:00,290.01865
11/11/2021 10:00,291.02777
11/11/2021 11:00,291.42285
11/11/2021 12:00,291.72754
11/11/2021 13:00,291.80997
11/11/2021 14:00,291.60095
11/11/2021 15:00,290.58267
11/11/2021 16:00,288.9574
11/11/2021 17:00,287.97064
11/11/2021 18:00,287.85583
11/11/2021 19:00,288.07898
11/11/2021 20:00,287.6009
11/11/2021 21:00,286.0919
11/11/2021 22:00,285.59616
11/11/2021 23:00,285.0963
12/11/2021 0:00,285.10867
12/11/2021 1:00,285.47253
12/11/2021 2:00,285.53787
12/11/2021 3:00,285.45074
12/11/2021 4:00,285.391
12/11/2021 5:00,285.436
12/11/2021 6:00,285.36066
12/11/2021 7:00,284.9815
12/11/2021 8:00,285.83725
12/11/2021 9:00,286.59354
12/11/2021 10:00,287.80197
12/11/2021 11:00,288.61768
12/11/2021 12:00,289.0148
12/11/2021 13:00,289.44138
12/11/2021 14:00,289.31714
12/11/2021 15:00,288.73398
12/11/2021 16:00,287.8679
12/11/2021 17:00,287.36392
12/11/2021 18:00,287.37097
12/11/2021 19:00,286.76486
12/11/2021 20:00,286.12753
12/11/2021 21:00,285.5938
12/11/2021 22:00,285.26706
12/11/2021 23:00,285.39835
13/11/2021 0:00,284.57437
13/11/2021 1:00,284.32678
13/11/2021 2:00,284.45926
13/11/2021 3:00,285.0966
13/11/2021 4:00,285.36035
13/11/2021 5:00,285.60382
13/11/2021 6:00,285.751
13/11/2021 7:00,285.7348
13/11/2021 8:00,286.4316
13/11/2021 9:00,287.14285
13/11/2021 10:00,288.10782
13/11/2021 11:00,288.25208
13/11/2021 12:00,287.91736
13/11/2021 13:00,287.69568
13/11/2021 14:00,287.36127
13/11/2021 15:00,286.36185
13/11/2021 16:00,285.83344
13/11/2021 17:00,285.80017
13/11/2021 18:00,285.52844
13/11/2021 19:00,285.1799
13/11/2021 20:00,284.94824
13/11/2021 21:00,284.70273
13/11/2021 22:00,284.50076
13/11/2021 23:00,284.47986
14/11/2021 0:00,284.2217
14/11/2021 1:00,284.15222
14/11/2021 2:00,284.0395
14/11/2021 3:00,284.0745
14/11/2021 4:00,283.95383
14/11/2021 5:00,283.89346
14/11/2021 6:00,284.00473
14/11/2021 7:00,284.59998
14/11/2021 8:00,285.48224
14/11/2021 9:00,286.84167
14/11/2021 10:00,287.72217
14/11/2021 11:00,288.4652
14/11/2021 12:00,288.68127
14/11/2021 13:00,288.56677
14/11/2021 14:00,288.099
14/11/2021 15:00,287.63562
14/11/2021 16:00,286.89322
14/11/2021 17:00,285.9229
14/11/2021 18:00,285.06744
14/11/2021 19:00,284.19904
14/11/2021 20:00,284.29883
14/11/2021 21:00,284.16635
14/11/2021 22:00,283.63736
14/11/2021 23:00,283.51932
15/11/2021 0:00,283.10187
15/11/2021 1:00,282.8708
15/11/2021 2:00,282.46396
15/11/2021 3:00,282.44336
15/11/2021 4:00,282.41156
15/11/2021 5:00,282.23404
15/11/2021 6:00,282.0736
15/11/2021 7:00,283.01532
15/11/2021 8:00,284.2064
15/11/2021 9:00,285.20435
15/11/2021 10:00,286.23645
15/11/2021 11:00,287.00537
15/11/2021 12:00,287.51935
15/11/2021 13:00,287.58353
15/11/2021 14:00,286.94736
15/11/2021 15:00,285.9238
15/11/2021 16:00,284.88052
15/11/2021 17:00,284.12396
15/11/2021 18:00,283.51047
15/11/2021 19:00,283.1322
15/11/2021 20:00,282.9276
15/11/2021 21:00,282.6282
15/11/2021 22:00,282.4036
15/11/2021 23:00,282.2111
16/11/2021 0:00,282.00677
16/11/2021 1:00,282.01736
16/11/2021 2:00,281.74832
16/11/2021 3:00,281.57022
16/11/2021 4:00,281.4925
16/11/2021 5:00,281.24493
16/11/2021 6:00,281.06122
16/11/2021 7:00,282.41006
16/11/2021 8:00,283.3421
16/11/2021 9:00,284.71625
16/11/2021 10:00,286.14725
16/11/2021 11:00,287.0398
16/11/2021 12:00,287.527
16/11/2021 13:00,288.08603
16/11/2021 14:00,287.93237
16/11/2021 15:00,287.04953
16/11/2021 16:00,286.31326
16/11/2021 17:00,285.53052
16/11/2021 18:00,284.95914
16/11/2021 19:00,284.6762
16/11/2021 20:00,284.28882
16/11/2021 21:00,283.9553
16/11/2021 22:00,283.58673
16/11/2021 23:00,283.28763
17/11/2021 0:00,283.21933
17/11/2021 1:00,283.18106
17/11/2021 2:00,283.1675
17/11/2021 3:00,283.2844
17/11/2021 4:00,283.09747
17/11/2021 5:00,283.07245
17/11/2021 6:00,282.69327
17/11/2021 7:00,282.81955
17/11/2021 8:00,285.09012
17/11/2021 9:00,287.4749
17/11/2021 10:00,288.7213
17/11/2021 11:00,289.177
17/11/2021 12:00,289.08722
17/11/2021 13:00,288.70923
17/11/2021 14:00,287.89087
17/11/2021 15:00,287.10516
17/11/2021 16:00,286.2032
17/11/2021 17:00,286.028
17/11/2021 18:00,284.71243
17/11/2021 19:00,282.8955
17/11/2021 20:00,282.3415
17/11/2021 21:00,282.11777
17/11/2021 22:00,282.51694
17/11/2021 23:00,282.29498
18/11/2021 0:00,282.2511
18/11/2021 1:00,282.0889
18/11/2021 2:00,281.91464
18/11/2021 3:00,282.15103
18/11/2021 4:00,282.11157
18/11/2021 5:00,281.70767
18/11/2021 6:00,281.30792
18/11/2021 7:00,282.1528
18/11/2021 8:00,283.42953
18/11/2021 9:00,284.5664
18/11/2021 10:00,285.3218
18/11/2021 11:00,285.76483
18/11/2021 12:00,285.67978
18/11/2021 13:00,285.3362
18/11/2021 14:00,284.82693
18/11/2021 15:00,284.02975
18/11/2021 16:00,283.03006
18/11/2021 17:00,282.2988
18/11/2021 18:00,281.61084
18/11/2021 19:00,281.8902
18/11/2021 20:00,281.25494
18/11/2021 21:00,280.62524
18/11/2021 22:00,280.0559
18/11/2021 23:00,279.42328
19/11/2021 0:00,278.91223
19/11/2021 1:00,278.36322
19/11/2021 2:00,277.9811
19/11/2021 3:00,277.76947
19/11/2021 4:00,277.52365
19/11/2021 5:00,277.3641
19/11/2021 6:00,277.21896
19/11/2021 7:00,277.86395
19/11/2021 8:00,279.71945
19/11/2021 9:00,282.39447
19/11/2021 10:00,284.6883
19/11/2021 11:00,286.36154
19/11/2021 12:00,287.3342
19/11/2021 13:00,287.71042
19/11/2021 14:00,287.30005
19/11/2021 15:00,286.01477
19/11/2021 16:00,284.40805
19/11/2021 17:00,283.0798
19/11/2021 18:00,281.9794
19/11/2021 19:00,281.16867
19/11/2021 20:00,280.40918
19/11/2021 21:00,279.72473
19/11/2021 22:00,279.31378
19/11/2021 23:00,279.0359
20/11/2021 0:00,278.84866
20/11/2021 1:00,278.80008
20/11/2021 2:00,278.69058
20/11/2021 3:00,278.6935
20/11/2021 4:00,278.63287
20/11/2021 5:00,278.5852
20/11/2021 6:00,278.58636
20/11/2021 7:00,279.6164
20/11/2021 8:00,282.9953
20/11/2021 9:00,286.81342
20/11/2021 10:00,289.15698
20/11/2021 11:00,290.3666
20/11/2021 12:00,290.8759
20/11/2021 13:00,290.92035
20/11/2021 14:00,290.23032
20/11/2021 15:00,288.47726
20/11/2021 16:00,285.8976
20/11/2021 17:00,283.6653
20/11/2021 18:00,281.9279
20/11/2021 19:00,280.9635
20/11/2021 20:00,280.0474
20/11/2021 21:00,279.28494
20/11/2021 22:00,278.76535
20/11/2021 23:00,278.3738
21/11/2021 0:00,278.1018
21/11/2021 1:00,278.17688
21/11/2021 2:00,278.24283
21/11/2021 3:00,278.27756
21/11/2021 4:00,278.4421
21/11/2021 5:00,278.6058
21/11/2021 6:00,278.6264
21/11/2021 7:00,279.1819
21/11/2021 8:00,282.91907
21/11/2021 9:00,286.7831
21/11/2021 10:00,288.01422
21/11/2021 11:00,288.5073
21/11/2021 12:00,288.5753
21/11/2021 13:00,288.42044
21/11/2021 14:00,287.97595
21/11/2021 15:00,286.85522
21/11/2021 16:00,285.69095
21/11/2021 17:00,284.49576
21/11/2021 18:00,283.84314
21/11/2021 19:00,283.7566
21/11/2021 20:00,283.8814
21/11/2021 21:00,283.86578
21/11/2021 22:00,283.59763
21/11/2021 23:00,283.5882
22/11/2021 0:00,283.42804
22/11/2021 1:00,283.52725
22/11/2021 2:00,283.37418
22/11/2021 3:00,283.45602
22/11/2021 4:00,283.6347
22/11/2021 5:00,283.5099
22/11/2021 6:00,283.5502
22/11/2021 7:00,283.35358
22/11/2021 8:00,284.8493
22/11/2021 9:00,286.0486
22/11/2021 10:00,286.56497
22/11/2021 11:00,287.17258
22/11/2021 12:00,287.31506
22/11/2021 13:00,287.10104
22/11/2021 14:00,286.2544
22/11/2021 15:00,285.00653
22/11/2021 16:00,284.0168
22/11/2021 17:00,283.29175
22/11/2021 18:00,282.42715
22/11/2021 19:00,282.1269
22/11/2021 20:00,281.31293
22/11/2021 21:00,280.85986
22/11/2021 22:00,280.41122
22/11/2021 23:00,279.94345
23/11/2021 0:00,279.73682
23/11/2021 1:00,279.28464
23/11/2021 2:00,279.1519
23/11/2021 3:00,279.16953
23/11/2021 4:00,279.18015
23/11/2021 5:00,279.2019
23/11/2021 6:00,279.20367
23/11/2021 7:00,279.9788
23/11/2021 8:00,280.7889
23/11/2021 9:00,281.85605
23/11/2021 10:00,282.75626
23/11/2021 11:00,283.03445
23/11/2021 12:00,283.31558
23/11/2021 13:00,283.22052
23/11/2021 14:00,282.77277
23/11/2021 15:00,281.98383
23/11/2021 16:00,281.1363
23/11/2021 17:00,280.60757
23/11/2021 18:00,280.24225
23/11/2021 19:00,280.5228
23/11/2021 20:00,280.2411
23/11/2021 21:00,280.01175
23/11/2021 22:00,279.67676
23/11/2021 23:00,279.29642
24/11/2021 0:00,278.93845
24/11/2021 1:00,278.76093
24/11/2021 2:00,278.47186
24/11/2021 3:00,278.249
24/11/2021 4:00,277.97083
24/11/2021 5:00,277.74268
24/11/2021 6:00,277.53925
24/11/2021 7:00,278.56104
24/11/2021 8:00,279.97083
24/11/2021 9:00,281.35944
24/11/2021 10:00,282.6088
24/11/2021 11:00,283.57907
24/11/2021 12:00,284.22964
24/11/2021 13:00,284.52286
24/11/2021 14:00,284.37595
24/11/2021 15:00,283.54315
24/11/2021 16:00,281.9108
24/11/2021 17:00,280.43332
24/11/2021 18:00,279.4327
24/11/2021 19:00,278.65643
24/11/2021 20:00,278.92902
24/11/2021 21:00,279.2617
24/11/2021 22:00,278.78214
24/11/2021 23:00,278.42416
25/11/2021 0:00,278.36145
25/11/2021 1:00,279.07886
25/11/2021 2:00,280.282
25/11/2021 3:00,280.69824
25/11/2021 4:00,280.74564
25/11/2021 5:00,281.20166
25/11/2021 6:00,282.05447
25/11/2021 7:00,282.07565
25/11/2021 8:00,284.04596
25/11/2021 9:00,285.3536
25/11/2021 10:00,286.19434
25/11/2021 11:00,286.48254
25/11/2021 12:00,286.30887
25/11/2021 13:00,285.97092
25/11/2021 14:00,285.5164
25/11/2021 15:00,284.96677
25/11/2021 16:00,284.48663
25/11/2021 17:00,284.47162
25/11/2021 18:00,284.36713
25/11/2021 19:00,284.39685
25/11/2021 20:00,284.37714
25/11/2021 21:00,284.00238
25/11/2021 22:00,284.04977
25/11/2021 23:00,283.9859
26/11/2021 0:00,283.82193
26/11/2021 1:00,283.52255
26/11/2021 2:00,283.2732
26/11/2021 3:00,282.9529
26/11/2021 4:00,282.93143
26/11/2021 5:00,283.1419
26/11/2021 6:00,282.85754
26/11/2021 7:00,283.0421
26/11/2021 8:00,283.29556
26/11/2021 9:00,283.79367
26/11/2021 10:00,284.29913
26/11/2021 11:00,283.9382
26/11/2021 12:00,284.23996
26/11/2021 13:00,283.96088
26/11/2021 14:00,283.5511
26/11/2021 15:00,282.77835
26/11/2021 16:00,281.57492
26/11/2021 17:00,281.12982
26/11/2021 18:00,281.38092
26/11/2021 19:00,281.1928
26/11/2021 20:00,281.06033
26/11/2021 21:00,281.02237
26/11/2021 22:00,281.01825
26/11/2021 23:00,281.07596
27/11/2021 0:00,281.078
27/11/2021 1:00,281.22018
27/11/2021 2:00,281.0624
27/11/2021 3:00,281.14984
27/11/2021 4:00,280.738
27/11/2021 5:00,280.61612
27/11/2021 6:00,280.6158
27/11/2021 7:00,281.05682
27/11/2021 8:00,282.00824
27/11/2021 9:00,282.9585
27/11/2021 10:00,283.68002
27/11/2021 11:00,284.6727
27/11/2021 12:00,284.60587
27/11/2021 13:00,283.99622
27/11/2021 14:00,283.76718
27/11/2021 15:00,283.3774
27/11/2021 16:00,282.9223
27/11/2021 17:00,282.85165
27/11/2021 18:00,282.74478
27/11/2021 19:00,281.80188
27/11/2021 20:00,281.12598
27/11/2021 21:00,280.6691
27/11/2021 22:00,280.97556
27/11/2021 23:00,280.29938
28/11/2021 0:00,280.37003
28/11/2021 1:00,280.1192
28/11/2021 2:00,280.62143
28/11/2021 3:00,280.7745
28/11/2021 4:00,281.84988
28/11/2021 5:00,282.69034
28/11/2021 6:00,283.23257
28/11/2021 7:00,283.70447
28/11/2021 8:00,284.17105
28/11/2021 9:00,284.0533
28/11/2021 10:00,284.0966
28/11/2021 11:00,284.11365
28/11/2021 12:00,283.69064
28/11/2021 13:00,283.28528
28/11/2021 14:00,282.88168
28/11/2021 15:00,282.64087
28/11/2021 16:00,282.16162
28/11/2021 17:00,281.72565
28/11/2021 18:00,281.30115
28/11/2021 19:00,280.70386
28/11/2021 20:00,280.38828
28/11/2021 21:00,279.38
28/11/2021 22:00,279.25372
28/11/2021 23:00,278.65848
29/11/2021 0:00,277.8772
29/11/2021 1:00,276.76593
29/11/2021 2:00,275.2487
29/11/2021 3:00,274.6876
29/11/2021 4:00,274.5622
29/11/2021 5:00,274.36407
29/11/2021 6:00,273.95486
29/11/2021 7:00,274.8074
29/11/2021 8:00,277.43356
29/11/2021 9:00,279.60904
29/11/2021 10:00,280.8634
29/11/2021 11:00,281.4513
29/11/2021 12:00,281.5917
29/11/2021 13:00,281.05505
29/11/2021 14:00,280.32822
29/11/2021 15:00,279.29788
29/11/2021 16:00,278.2864
29/11/2021 17:00,277.57812
29/11/2021 18:00,277.0453
29/11/2021 19:00,276.49628
29/11/2021 20:00,276.20187
29/11/2021 21:00,276.03232
29/11/2021 22:00,275.9037
29/11/2021 23:00,275.7927
30/11/2021 0:00,275.72736
30/11/2021 1:00,275.66965
30/11/2021 2:00,275.40323
30/11/2021 3:00,275.1842
30/11/2021 4:00,274.9599
30/11/2021 5:00,274.68347
30/11/2021 6:00,274.2793
30/11/2021 7:00,274.27545
30/11/2021 8:00,275.5772
30/11/2021 9:00,277.1392
30/11/2021 10:00,278.2764
30/11/2021 11:00,279.0995
30/11/2021 12:00,279.627
30/11/2021 13:00,279.78625
30/11/2021 14:00,279.5537
30/11/2021 15:00,278.8407
30/11/2021 16:00,277.63168
30/11/2021 17:00,277.82303
30/11/2021 18:00,277.47803
30/11/2021 19:00,278.05206
30/11/2021 20:00,277.89987
30/11/2021 21:00,278.26874
30/11/2021 22:00,278.50864
30/11/2021 23:00,278.63318
01/12/2021 0:00,278.81308
01/12/2021 1:00,278.10013
01/12/2021 2:00,277.45438
01/12/2021 3:00,276.1462
01/12/2021 4:00,275.16812
01/12/2021 5:00,274.7295
01/12/2021 6:00,274.662
01/12/2021 7:00,276.55356
01/12/2021 8:00,278.8352
01/12/2021 9:00,281.6158
01/12/2021 10:00,282.8941
01/12/2021 11:00,282.96765
01/12/2021 12:00,282.85562
01/12/2021 13:00,282.73553
01/12/2021 14:00,282.3305
01/12/2021 15:00,281.62302
01/12/2021 16:00,281.23032
01/12/2021 17:00,281.36218
01/12/2021 18:00,281.91486
01/12/2021 19:00,282.38824
01/12/2021 20:00,282.77747
01/12/2021 21:00,282.9527
01/12/2021 22:00,282.77576
01/12/2021 23:00,282.5649
02/12/2021 0:00,282.88318
02/12/2021 1:00,283.1584
02/12/2021 2:00,283.3106
02/12/2021 3:00,283.53094
02/12/2021 4:00,283.54962
02/12/2021 5:00,283.29367
02/12/2021 6:00,283.1739
02/12/2021 7:00,283.3382
02/12/2021 8:00,283.72168
02/12/2021 9:00,283.99
02/12/2021 10:00,284.59006
02/12/2021 11:00,285.09476
02/12/2021 12:00,284.91522
02/12/2021 13:00,284.86295
02/12/2021 14:00,285.07495
02/12/2021 15:00,284.25912
02/12/2021 16:00,283.65247
02/12/2021 17:00,283.5795
02/12/2021 18:00,283.94287
02/12/2021 19:00,283.91702
02/12/2021 20:00,283.79608
02/12/2021 21:00,283.53354
02/12/2021 22:00,283.42035
02/12/2021 23:00,283.00586
03/12/2021 0:00,282.17023
03/12/2021 1:00,280.58603
03/12/2021 2:00,279.34653
03/12/2021 3:00,278.5715
03/12/2021 4:00,278.14523
03/12/2021 5:00,277.94815
03/12/2021 6:00,277.85422
03/12/2021 7:00,278.08087
03/12/2021 8:00,278.76425
03/12/2021 9:00,279.66507
03/12/2021 10:00,280.32202
03/12/2021 11:00,280.38522
03/12/2021 12:00,280.1922
03/12/2021 13:00,279.85437
03/12/2021 14:00,279.34134
03/12/2021 15:00,278.58557
03/12/2021 16:00,277.683
03/12/2021 17:00,277.10077
03/12/2021 18:00,276.58228
03/12/2021 19:00,276.33926
03/12/2021 20:00,275.91296
03/12/2021 21:00,275.45105
03/12/2021 22:00,275.00812
03/12/2021 23:00,274.52582
04/12/2021 0:00,274.07196
04/12/2021 1:00,273.6353
04/12/2021 2:00,273.1987
04/12/2021 3:00,272.79425
04/12/2021 4:00,272.4501
04/12/2021 5:00,272.0468
04/12/2021 6:00,271.7725
04/12/2021 7:00,272.0836
04/12/2021 8:00,274.25293
04/12/2021 9:00,277.01602
04/12/2021 10:00,278.7433
04/12/2021 11:00,279.48843
04/12/2021 12:00,279.84174
04/12/2021 13:00,279.75555
04/12/2021 14:00,279.57346
04/12/2021 15:00,278.87082
04/12/2021 16:00,277.38715
04/12/2021 17:00,276.54147
04/12/2021 18:00,276.56934
04/12/2021 19:00,278.30408
04/12/2021 20:00,278.60397
04/12/2021 21:00,278.83032
04/12/2021 22:00,278.79785
04/12/2021 23:00,278.7338
05/12/2021 0:00,278.47556
05/12/2021 1:00,278.93976
05/12/2021 2:00,279.37753
05/12/2021 3:00,279.8205
05/12/2021 4:00,280.1939
05/12/2021 5:00,280.395
05/12/2021 6:00,280.4059
05/12/2021 7:00,280.6989
05/12/2021 8:00,281.13812
05/12/2021 9:00,281.50177
05/12/2021 10:00,282.19348
05/12/2021 11:00,283.08255
05/12/2021 12:00,283.52377
05/12/2021 13:00,283.2822
05/12/2021 14:00,283.00327
05/12/2021 15:00,282.01395
05/12/2021 16:00,280.09308
05/12/2021 17:00,279.39993
05/12/2021 18:00,278.61374
05/12/2021 19:00,278.45575
05/12/2021 20:00,276.96146
05/12/2021 21:00,276.0744
05/12/2021 22:00,275.69696
05/12/2021 23:00,275.7972
06/12/2021 0:00,275.83224
06/12/2021 1:00,275.87506
06/12/2021 2:00,276.13876
06/12/2021 3:00,275.88882
06/12/2021 4:00,275.80927
06/12/2021 5:00,275.88596
06/12/2021 6:00,275.7139
06/12/2021 7:00,276.49408
06/12/2021 8:00,277.52246
06/12/2021 9:00,278.62753
06/12/2021 10:00,279.27356
06/12/2021 11:00,279.5476
06/12/2021 12:00,279.6849
06/12/2021 13:00,279.45023
06/12/2021 14:00,279.063
06/12/2021 15:00,278.28024
06/12/2021 16:00,277.5644
06/12/2021 17:00,277.14816
06/12/2021 18:00,276.96088
06/12/2021 19:00,276.9106
06/12/2021 20:00,276.62936
06/12/2021 21:00,276.26343
06/12/2021 22:00,275.94168
06/12/2021 23:00,275.7159
07/12/2021 0:00,275.4821
07/12/2021 1:00,275.09802
07/12/2021 2:00,274.78033
07/12/2021 3:00,274.51834
07/12/2021 4:00,274.29343
07/12/2021 5:00,274.109
07/12/2021 6:00,273.95532
07/12/2021 7:00,274.38678
07/12/2021 8:00,275.07733
07/12/2021 9:00,275.97272
07/12/2021 10:00,276.89307
07/12/2021 11:00,277.33228
07/12/2021 12:00,277.49
07/12/2021 13:00,277.49832
07/12/2021 14:00,277.16223
07/12/2021 15:00,276.39154
07/12/2021 16:00,275.59958
07/12/2021 17:00,275.0147
07/12/2021 18:00,274.5712
07/12/2021 19:00,274.67978
07/12/2021 20:00,274.35977
07/12/2021 21:00,273.9651
07/12/2021 22:00,273.5012
07/12/2021 23:00,272.94708
08/12/2021 0:00,272.35532
08/12/2021 1:00,271.8532
08/12/2021 2:00,271.40652
08/12/2021 3:00,270.9745
08/12/2021 4:00,270.59732
08/12/2021 5:00,270.5367
08/12/2021 6:00,270.39395
08/12/2021 7:00,270.91705
08/12/2021 8:00,273.6385
08/12/2021 9:00,276.71008
08/12/2021 10:00,278.59363
08/12/2021 11:00,279.56598
08/12/2021 12:00,280.129
08/12/2021 13:00,280.15283
08/12/2021 14:00,279.70673
08/12/2021 15:00,279.06903
08/12/2021 16:00,278.87112
08/12/2021 17:00,278.75735
08/12/2021 18:00,278.77975
08/12/2021 19:00,279.1733
08/12/2021 20:00,279.61624
08/12/2021 21:00,279.89575
08/12/2021 22:00,279.76764
08/12/2021 23:00,279.45135
09/12/2021 0:00,279.61884
09/12/2021 1:00,280.30594
09/12/2021 2:00,280.99536
09/12/2021 3:00,281.78128
09/12/2021 4:00,282.31903
09/12/2021 5:00,282.25095
09/12/2021 6:00,281.812
09/12/2021 7:00,281.09503
09/12/2021 8:00,280.29993
09/12/2021 9:00,280.02243
09/12/2021 10:00,279.95148
09/12/2021 11:00,279.86157
09/12/2021 12:00,279.84634
09/12/2021 13:00,279.6711
09/12/2021 14:00,279.1506
09/12/2021 15:00,278.57266
09/12/2021 16:00,277.95248
09/12/2021 17:00,277.2731
09/12/2021 18:00,276.66757
09/12/2021 19:00,276.05258
09/12/2021 20:00,276.01782
09/12/2021 21:00,275.76016
09/12/2021 22:00,275.67053
09/12/2021 23:00,275.37265
10/12/2021 0:00,275.68402
10/12/2021 1:00,275.7797
10/12/2021 2:00,276.2798
10/12/2021 3:00,276.11288
10/12/2021 4:00,275.96582
10/12/2021 5:00,275.68317
10/12/2021 6:00,275.17905
10/12/2021 7:00,274.32303
10/12/2021 8:00,275.9299
10/12/2021 9:00,277.87177
10/12/2021 10:00,278.9725
10/12/2021 11:00,279.62946
10/12/2021 12:00,279.89948
10/12/2021 13:00,279.84146
10/12/2021 14:00,279.6243
10/12/2021 15:00,278.96677
10/12/2021 16:00,278.2834
10/12/2021 17:00,277.7264
10/12/2021 18:00,277.8097
10/12/2021 19:00,277.9292
10/12/2021 20:00,277.93323
10/12/2021 21:00,277.42133
10/12/2021 22:00,277.89014
10/12/2021 23:00,278.01767
11/12/2021 0:00,277.57443
11/12/2021 1:00,277.2599
11/12/2021 2:00,277.19095
11/12/2021 3:00,277.13266
11/12/2021 4:00,277.11023
11/12/2021 5:00,277.307
11/12/2021 6:00,277.32855
11/12/2021 7:00,277.82004
11/12/2021 8:00,277.92633
11/12/2021 9:00,278.1277
11/12/2021 10:00,278.23828
11/12/2021 11:00,278.47098
11/12/2021 12:00,278.3822
11/12/2021 13:00,278.18973
11/12/2021 14:00,277.89185
11/12/2021 15:00,277.39145
11/12/2021 16:00,277.04044
11/12/2021 17:00,276.85745
11/12/2021 18:00,276.67993
11/12/2021 19:00,276.35965
11/12/2021 20:00,276.32288
11/12/2021 21:00,276.2792
11/12/2021 22:00,276.14822
11/12/2021 23:00,276.10916
12/12/2021 0:00,276.0537
12/12/2021 1:00,275.71878
12/12/2021 2:00,275.48294
12/12/2021 3:00,275.17847
12/12/2021 4:00,274.8731
12/12/2021 5:00,274.38306
12/12/2021 6:00,273.95792
12/12/2021 7:00,274.71683
12/12/2021 8:00,274.98196
12/12/2021 9:00,275.32495
12/12/2021 10:00,275.892
12/12/2021 11:00,276.3473
12/12/2021 12:00,276.4553
12/12/2021 13:00,276.37488
12/12/2021 14:00,276.44986
12/12/2021 15:00,276.2723
12/12/2021 16:00,275.78198
12/12/2021 17:00,275.4729
12/12/2021 18:00,275.26147
12/12/2021 19:00,275.79202
12/12/2021 20:00,275.4789
12/12/2021 21:00,275.21378
12/12/2021 22:00,274.93515
12/12/2021 23:00,274.5962
13/12/2021 0:00,274.37155
13/12/2021 1:00,274.2871
13/12/2021 2:00,274.1116
13/12/2021 3:00,273.8904
13/12/2021 4:00,273.656
13/12/2021 5:00,273.33456
13/12/2021 6:00,272.9689
13/12/2021 7:00,273.5842
13/12/2021 8:00,275.33444
13/12/2021 9:00,277.54083
13/12/2021 10:00,279.17676
13/12/2021 11:00,280.26746
13/12/2021 12:00,280.84915
13/12/2021 13:00,280.86005
13/12/2021 14:00,280.26227
13/12/2021 15:00,279.28418
13/12/2021 16:00,278.27448
13/12/2021 17:00,277.55865
13/12/2021 18:00,276.9916
13/12/2021 19:00,277.17343
13/12/2021 20:00,276.60297
13/12/2021 21:00,276.43347
13/12/2021 22:00,276.8115
13/12/2021 23:00,276.90717
14/12/2021 0:00,276.78018
14/12/2021 1:00,276.24762
14/12/2021 2:00,276.32462
14/12/2021 3:00,275.83282
14/12/2021 4:00,275.4746
14/12/2021 5:00,275.28015
14/12/2021 6:00,275.08597
14/12/2021 7:00,275.87534
14/12/2021 8:00,277.2803
14/12/2021 9:00,278.98572
14/12/2021 10:00,279.92447
14/12/2021 11:00,280.8523
14/12/2021 12:00,281.19644
14/12/2021 13:00,281.12317
14/12/2021 14:00,280.60526
14/12/2021 15:00,279.6674
14/12/2021 16:00,278.66373
14/12/2021 17:00,278.08603
14/12/2021 18:00,277.8232
14/12/2021 19:00,277.76605
14/12/2021 20:00,277.48914
14/12/2021 21:00,277.413
14/12/2021 22:00,277.38342
14/12/2021 23:00,277.38858
15/12/2021 0:00,277.19873
15/12/2021 1:00,276.94363
15/12/2021 2:00,276.82816
15/12/2021 3:00,276.8405
15/12/2021 4:00,276.56964
15/12/2021 5:00,276.46564
15/12/2021 6:00,276.3769
15/12/2021 7:00,276.94537
15/12/2021 8:00,277.98895
15/12/2021 9:00,279.48154
15/12/2021 10:00,280.54407
15/12/2021 11:00,281.26852
15/12/2021 12:00,281.52103
15/12/2021 13:00,281.33374
15/12/2021 14:00,280.8655
15/12/2021 15:00,279.87277
15/12/2021 16:00,278.88547
15/12/2021 17:00,278.184
15/12/2021 18:00,277.69193
15/12/2021 19:00,278.2317
15/12/2021 20:00,278.10413
15/12/2021 21:00,277.9312
15/12/2021 22:00,277.76862
15/12/2021 23:00,277.6836
16/12/2021 0:00,277.5825
16/12/2021 1:00,277.40613
16/12/2021 2:00,277.00195
16/12/2021 3:00,276.62936
16/12/2021 4:00,276.24246
16/12/2021 5:00,275.6639
16/12/2021 6:00,275.08566
16/12/2021 7:00,275.4192
16/12/2021 8:00,276.7908
16/12/2021 9:00,278.3595
16/12/2021 10:00,279.5769
16/12/2021 11:00,280.45905
16/12/2021 12:00,280.4559
16/12/2021 13:00,280.34818
16/12/2021 14:00,279.79922
16/12/2021 15:00,278.80533
16/12/2021 16:00,278.46207
16/12/2021 17:00,278.0461
16/12/2021 18:00,278.0987
16/12/2021 19:00,278.46866
16/12/2021 20:00,278.4833
16/12/2021 21:00,278.31586
16/12/2021 22:00,278.1228
16/12/2021 23:00,278.15814
17/12/2021 0:00,277.98953
17/12/2021 1:00,278.00534
17/12/2021 2:00,277.85767
17/12/2021 3:00,277.98666
17/12/2021 4:00,278.28424
17/12/2021 5:00,277.90018
17/12/2021 6:00,277.4495
17/12/2021 7:00,277.6526
17/12/2021 8:00,278.37302
17/12/2021 9:00,279.56226
17/12/2021 10:00,280.4134
17/12/2021 11:00,281.22458
17/12/2021 12:00,281.67297
17/12/2021 13:00,281.63507
17/12/2021 14:00,280.9491
17/12/2021 15:00,279.8627
17/12/2021 16:00,278.96332
17/12/2021 17:00,278.49106
17/12/2021 18:00,278.01108
17/12/2021 19:00,278.2785
17/12/2021 20:00,277.87894
17/12/2021 21:00,277.73044
17/12/2021 22:00,277.40353
17/12/2021 23:00,276.86752
18/12/2021 0:00,276.26974
18/12/2021 1:00,276.1692
18/12/2021 2:00,275.96582
18/12/2021 3:00,275.80438
18/12/2021 4:00,275.60675
18/12/2021 5:00,275.51886
18/12/2021 6:00,275.41373
18/12/2021 7:00,275.809
18/12/2021 8:00,276.2841
18/12/2021 9:00,277.13123
18/12/2021 10:00,277.92548
18/12/2021 11:00,278.43967
18/12/2021 12:00,278.69186
18/12/2021 13:00,278.61948
18/12/2021 14:00,278.25436
18/12/2021 15:00,277.4334
18/12/2021 16:00,276.30652
18/12/2021 17:00,275.30283
18/12/2021 18:00,274.36008
18/12/2021 19:00,274.04092
18/12/2021 20:00,273.58047
18/12/2021 21:00,273.045
18/12/2021 22:00,272.5541
18/12/2021 23:00,272.44754
19/12/2021 0:00,272.04623
19/12/2021 1:00,272.02872
19/12/2021 2:00,272.16602
19/12/2021 3:00,272.2134
19/12/2021 4:00,272.22635
19/12/2021 5:00,272.29126
19/12/2021 6:00,272.42886
19/12/2021 7:00,272.77155
19/12/2021 8:00,274.44537
19/12/2021 9:00,277.76547
19/12/2021 10:00,280.40677
19/12/2021 11:00,282.1748
19/12/2021 12:00,282.96506
19/12/2021 13:00,283.0857
19/12/2021 14:00,282.52066
19/12/2021 15:00,281.1111
19/12/2021 16:00,279.65762
19/12/2021 17:00,279.08627
19/12/2021 18:00,277.70227
19/12/2021 19:00,277.841
19/12/2021 20:00,275.43008
19/12/2021 21:00,273.7781
19/12/2021 22:00,272.81894
19/12/2021 23:00,272.28638
20/12/2021 0:00,271.95117
20/12/2021 1:00,271.75784
20/12/2021 2:00,271.65674
20/12/2021 3:00,271.7544
20/12/2021 4:00,272.0629
20/12/2021 5:00,272.48172
20/12/2021 6:00,273.41214
20/12/2021 7:00,274.34973
20/12/2021 8:00,276.81982
20/12/2021 9:00,278.9656
20/12/2021 10:00,279.971
20/12/2021 11:00,280.48462
20/12/2021 12:00,280.56534
20/12/2021 13:00,280.2353
20/12/2021 14:00,279.52405
20/12/2021 15:00,278.2923
20/12/2021 16:00,276.83188
20/12/2021 17:00,275.1931
20/12/2021 18:00,273.62183
20/12/2021 19:00,272.67676
20/12/2021 20:00,271.68344
20/12/2021 21:00,271.06094
20/12/2021 22:00,270.69214
20/12/2021 23:00,270.59158
21/12/2021 0:00,270.5505
21/12/2021 1:00,270.59042
21/12/2021 2:00,270.5149
21/12/2021 3:00,270.41492
21/12/2021 4:00,270.49075
21/12/2021 5:00,270.4718
21/12/2021 6:00,270.4675
21/12/2021 7:00,270.99258
21/12/2021 8:00,272.95367
21/12/2021 9:00,275.8222
21/12/2021 10:00,276.7885
21/12/2021 11:00,277.47363
21/12/2021 12:00,277.91052
21/12/2021 13:00,278.1524
21/12/2021 14:00,277.9611
21/12/2021 15:00,277.0617
21/12/2021 16:00,275.83255
21/12/2021 17:00,274.00848
21/12/2021 18:00,272.7029
21/12/2021 19:00,273.83554
21/12/2021 20:00,273.30988
21/12/2021 21:00,273.1338
21/12/2021 22:00,273.20187
21/12/2021 23:00,273.4225
22/12/2021 0:00,273.59625
22/12/2021 1:00,273.78497
22/12/2021 2:00,274.25262
22/12/2021 3:00,274.29688
22/12/2021 4:00,274.42584
22/12/2021 5:00,274.41608
22/12/2021 6:00,273.84732
22/12/2021 7:00,274.54132
22/12/2021 8:00,275.21924
22/12/2021 9:00,276.2614
22/12/2021 10:00,277.5621
22/12/2021 11:00,278.0579
22/12/2021 12:00,278.62897
22/12/2021 13:00,278.86105
22/12/2021 14:00,278.57782
22/12/2021 15:00,277.91772
22/12/2021 16:00,276.76813
22/12/2021 17:00,275.6122
22/12/2021 18:00,275.17673
22/12/2021 19:00,274.92856
22/12/2021 20:00,274.92136
22/12/2021 21:00,274.40546
22/12/2021 22:00,273.55634
22/12/2021 23:00,273.59512
23/12/2021 0:00,273.6405
23/12/2021 1:00,273.81918
23/12/2021 2:00,273.68216
23/12/2021 3:00,273.5974
23/12/2021 4:00,274.0148
23/12/2021 5:00,274.5695
23/12/2021 6:00,275.03598
23/12/2021 7:00,275.70587
23/12/2021 8:00,277.05594
23/12/2021 9:00,279.41287
23/12/2021 10:00,279.8584
23/12/2021 11:00,280.28152
23/12/2021 12:00,280.40475
23/12/2021 13:00,280.4056
23/12/2021 14:00,280.4984
23/12/2021 15:00,280.14594
23/12/2021 16:00,279.57202
23/12/2021 17:00,278.855
23/12/2021 18:00,277.9295
23/12/2021 19:00,278.20038
23/12/2021 20:00,277.8482
23/12/2021 21:00,277.77667
23/12/2021 22:00,278.15125
23/12/2021 23:00,278.3305
24/12/2021 0:00,278.5876
24/12/2021 1:00,278.6235
24/12/2021 2:00,278.82486
24/12/2021 3:00,279.04633
24/12/2021 4:00,278.91852
24/12/2021 5:00,279.13394
24/12/2021 6:00,279.36862
24/12/2021 7:00,279.92935
24/12/2021 8:00,280.5352
24/12/2021 9:00,281.31277
24/12/2021 10:00,282.28598
24/12/2021 11:00,282.78983
24/12/2021 12:00,282.8068
24/12/2021 13:00,282.69388
24/12/2021 14:00,282.61633
24/12/2021 15:00,282.27307
24/12/2021 16:00,282.07657
24/12/2021 17:00,282.0045
24/12/2021 18:00,282.0789
24/12/2021 19:00,282.79156
24/12/2021 20:00,282.78323
24/12/2021 21:00,282.76398
24/12/2021 22:00,282.82114
24/12/2021 23:00,282.87228
25/12/2021 0:00,282.79385
25/12/2021 1:00,282.83377
25/12/2021 2:00,282.92886
25/12/2021 3:00,282.9659
25/12/2021 4:00,283.00385
25/12/2021 5:00,283.16296
25/12/2021 6:00,283.28592
25/12/2021 7:00,283.79608
25/12/2021 8:00,283.99573
25/12/2021 9:00,284.0641
25/12/2021 10:00,284.17352
25/12/2021 11:00,284.28787
25/12/2021 12:00,284.3295
25/12/2021 13:00,283.95322
25/12/2021 14:00,283.8067
25/12/2021 15:00,283.66797
25/12/2021 16:00,283.6289
25/12/2021 17:00,283.64987
25/12/2021 18:00,283.60907
25/12/2021 19:00,283.53152
25/12/2021 20:00,283.5476
25/12/2021 21:00,283.68665
25/12/2021 22:00,283.79752
25/12/2021 23:00,283.84433
26/12/2021 0:00,283.8679
26/12/2021 1:00,283.8932
26/12/2021 2:00,283.89087
26/12/2021 3:00,283.84177
26/12/2021 4:00,283.678
26/12/2021 5:00,283.3988
26/12/2021 6:00,283.05237
26/12/2021 7:00,283.0515
26/12/2021 8:00,283.65103
26/12/2021 9:00,284.37003
26/12/2021 10:00,284.92615
26/12/2021 11:00,285.0445
26/12/2021 12:00,284.8098
26/12/2021 13:00,284.79343
26/12/2021 14:00,284.50647
26/12/2021 15:00,283.87708
26/12/2021 16:00,283.35114
26/12/2021 17:00,283.2345
26/12/2021 18:00,283.19055
26/12/2021 19:00,282.82602
26/12/2021 20:00,282.59506
26/12/2021 21:00,282.94092
26/12/2021 22:00,282.90216
26/12/2021 23:00,282.76514
27/12/2021 0:00,282.60083
27/12/2021 1:00,282.06192
27/12/2021 2:00,281.52045
27/12/2021 3:00,281.11026
27/12/2021 4:00,280.66586
27/12/2021 5:00,280.03937
27/12/2021 6:00,279.48987
27/12/2021 7:00,279.71362
27/12/2021 8:00,279.93365
27/12/2021 9:00,280.5165
27/12/2021 10:00,281.41446
27/12/2021 11:00,282.38077
27/12/2021 12:00,283.1621
27/12/2021 13:00,283.36636
27/12/2021 14:00,283.27213
27/12/2021 15:00,282.6054
27/12/2021 16:00,280.99106
27/12/2021 17:00,280.32806
27/12/2021 18:00,279.51428
27/12/2021 19:00,279.43124
27/12/2021 20:00,279.117
27/12/2021 21:00,279.12762
27/12/2021 22:00,278.99033
27/12/2021 23:00,279.24826
28/12/2021 0:00,279.16037
28/12/2021 1:00,279.4953
28/12/2021 2:00,279.4956
28/12/2021 3:00,279.0765
28/12/2021 4:00,279.01846
28/12/2021 5:00,278.93372
28/12/2021 6:00,278.90903
28/12/2021 7:00,278.7071
28/12/2021 8:00,280.27377
28/12/2021 9:00,282.7479
28/12/2021 10:00,283.56055
28/12/2021 11:00,284.36282
28/12/2021 12:00,284.71356
28/12/2021 13:00,284.71643
28/12/2021 14:00,284.0661
28/12/2021 15:00,283.5792
28/12/2021 16:00,282.63614
28/12/2021 17:00,281.6003
28/12/2021 18:00,280.69775
28/12/2021 19:00,281.11685
28/12/2021 20:00,281.35757
28/12/2021 21:00,281.55176
28/12/2021 22:00,281.6296
28/12/2021 23:00,281.39377
29/12/2021 0:00,281.45123
29/12/2021 1:00,281.05167
29/12/2021 2:00,281.18637
29/12/2021 3:00,281.222
29/12/2021 4:00,281.19357
29/12/2021 5:00,281.12262
29/12/2021 6:00,281.1275
29/12/2021 7:00,280.9632
29/12/2021 8:00,281.16858
29/12/2021 9:00,282.50287
29/12/2021 10:00,283.6045
29/12/2021 11:00,284.56564
29/12/2021 12:00,285.05597
29/12/2021 13:00,285.57074
29/12/2021 14:00,285.64774
29/12/2021 15:00,284.39902
29/12/2021 16:00,282.7298
29/12/2021 17:00,281.39923
29/12/2021 18:00,279.79608
29/12/2021 19:00,278.86853
29/12/2021 20:00,277.60718
29/12/2021 21:00,276.8342
29/12/2021 22:00,276.44785
29/12/2021 23:00,276.16718
30/12/2021 0:00,276.14966
30/12/2021 1:00,276.24503
30/12/2021 2:00,276.79715
30/12/2021 3:00,277.27887
30/12/2021 4:00,277.7129
30/12/2021 5:00,277.5911
30/12/2021 6:00,277.6408
30/12/2021 7:00,278.2242
30/12/2021 8:00,279.6487
30/12/2021 9:00,281.27084
30/12/2021 10:00,282.70453
30/12/2021 11:00,283.56396
30/12/2021 12:00,284.7515
30/12/2021 13:00,285.3593
30/12/2021 14:00,285.1275
30/12/2021 15:00,283.91788
30/12/2021 16:00,282.52786
30/12/2021 17:00,281.40756
30/12/2021 18:00,280.53833
30/12/2021 19:00,279.79865
30/12/2021 20:00,279.358
30/12/2021 21:00,278.94235
30/12/2021 22:00,278.65338
30/12/2021 23:00,278.34973
31/12/2021 0:00,278.01395
31/12/2021 1:00,277.4202
31/12/2021 2:00,277.05652
31/12/2021 3:00,276.8115
31/12/2021 4:00,276.6509
31/12/2021 5:00,276.5205
31/12/2021 6:00,276.40445
31/12/2021 7:00,276.86578
31/12/2021 8:00,278.49854
31/12/2021 9:00,282.91135
31/12/2021 10:00,286.8674
31/12/2021 11:00,288.63055
31/12/2021 12:00,289.21857
31/12/2021 13:00,289.08243
31/12/2021 14:00,288.26605
31/12/2021 15:00,286.6353
31/12/2021 16:00,286.07974
31/12/2021 17:00,284.73685
31/12/2021 18:00,282.6439
31/12/2021 19:00,281.17145
31/12/2021 20:00,281.19012
31/12/2021 21:00,281.98953
31/12/2021 22:00,281.34293
31/12/2021 23:00,280.6018
