datetime,t2m,predicted_t2m
01/01/2021 0:00,280.99164,273.3508676
01/01/2021 1:00,279.99658,271.8047209
01/01/2021 2:00,279.10983,272.9290672
01/01/2021 3:00,278.4434,274.305978
01/01/2021 4:00,278.09152,270.8981278
01/01/2021 5:00,278.70807,270.8052069
01/01/2021 6:00,279.211,274.0333027
01/01/2021 7:00,279.89447,273.2507466
01/01/2021 8:00,281.0981,273.436733
01/01/2021 9:00,282.44476,278.0815441
01/01/2021 10:00,283.26138,278.2735936
01/01/2021 11:00,283.79053,279.8809097
01/01/2021 12:00,283.99496,281.891283
01/01/2021 13:00,284.29507,278.3403276
01/01/2021 14:00,284.26196,278.1782308
01/01/2021 15:00,284.22333,278.7888396
01/01/2021 16:00,283.94806,276.5435248
01/01/2021 17:00,283.8041,277.921439
01/01/2021 18:00,283.60678,274.8817573
01/01/2021 19:00,283.4941,273.7849109
01/01/2021 20:00,283.5072,278.2057766
01/01/2021 21:00,283.52975,274.9878271
01/01/2021 22:00,283.43732,275.5161926
01/01/2021 23:00,283.20114,272.809112
02/01/2021 0:00,283.11743,274.3533207
02/01/2021 1:00,283.10593,275.3960176
02/01/2021 2:00,283.19678,272.9038564
02/01/2021 3:00,283.0889,274.831324
02/01/2021 4:00,283.26138,272.7171963
02/01/2021 5:00,283.30276,273.0702836
02/01/2021 6:00,283.53894,272.2159408
02/01/2021 7:00,283.52652,277.0830938
02/01/2021 8:00,284.02072,275.6156024
02/01/2021 9:00,284.71176,277.0840231
02/01/2021 10:00,285.19125,282.6371372
02/01/2021 11:00,285.51505,280.6354625
02/01/2021 12:00,285.53873,284.0109629
02/01/2021 13:00,285.5523,280.1997155
02/01/2021 14:00,285.21378,280.7211698
02/01/2021 15:00,285.05188,282.4213287
02/01/2021 16:00,285.10733,282.4675182
02/01/2021 17:00,285.03995,281.0029987
02/01/2021 18:00,284.9638,280.1923943
02/01/2021 19:00,284.6782,279.1844409
02/01/2021 20:00,284.2109,276.9361735
02/01/2021 21:00,284.08948,278.0814065
02/01/2021 22:00,284.2031,278.2824362
02/01/2021 23:00,284.20102,280.548022
03/01/2021 0:00,284.07016,278.9930225
03/01/2021 1:00,284.40524,275.0992037
03/01/2021 2:00,284.33508,278.096609
03/01/2021 3:00,283.9161,276.191779
03/01/2021 4:00,282.96863,275.1193634
03/01/2021 5:00,282.40936,277.0720854
03/01/2021 6:00,282.10007,277.3283742
03/01/2021 7:00,282.79156,277.0976222
03/01/2021 8:00,283.26828,275.3215889
03/01/2021 9:00,283.96875,279.029518
03/01/2021 10:00,284.5708,282.2417926
03/01/2021 11:00,284.715,284.8947926
03/01/2021 12:00,284.66187,283.0157357
03/01/2021 13:00,285.01923,283.8171553
03/01/2021 14:00,285.28003,281.8792154
03/01/2021 15:00,285.0797,280.2947932
03/01/2021 16:00,284.7665,281.6808833
03/01/2021 17:00,283.50516,280.9312861
03/01/2021 18:00,283.1547,277.197282
03/01/2021 19:00,283.6698,280.8699709
03/01/2021 20:00,283.7781,279.4249239
03/01/2021 21:00,283.7487,277.1172124
03/01/2021 22:00,283.59485,278.2719772
03/01/2021 23:00,283.20688,279.7973349
04/01/2021 0:00,282.39972,276.5060088
04/01/2021 1:00,282.06052,278.3416625
04/01/2021 2:00,281.95242,270.2038524
04/01/2021 3:00,281.54517,276.2415569
04/01/2021 4:00,281.41293,275.0168485
04/01/2021 5:00,280.91483,274.390522
04/01/2021 6:00,280.78326,274.9610954
04/01/2021 7:00,280.77844,270.8849052
04/01/2021 8:00,281.8041,274.7593424
04/01/2021 9:00,282.6745,277.3106748
04/01/2021 10:00,283.2837,280.5260919
04/01/2021 11:00,283.51917,277.9602304
04/01/2021 12:00,283.817,278.2310239
04/01/2021 13:00,284.0237,278.9914812
04/01/2021 14:00,283.99704,281.2951588
04/01/2021 15:00,283.74753,279.6706332
04/01/2021 16:00,283.1963,277.4126456
04/01/2021 17:00,283.4327,278.8381697
04/01/2021 18:00,282.33463,277.7516127
04/01/2021 19:00,281.91907,279.0894649
04/01/2021 20:00,282.21664,276.0371858
04/01/2021 21:00,281.87054,276.6903997
04/01/2021 22:00,280.90656,276.773208
04/01/2021 23:00,279.11673,275.010411
05/01/2021 0:00,278.57928,278.1868635
05/01/2021 1:00,278.96725,277.9316031
05/01/2021 2:00,279.3591,277.3319264
05/01/2021 3:00,279.67554,276.8118778
05/01/2021 4:00,277.5647,274.6010169
05/01/2021 5:00,277.2326,276.2743846
05/01/2021 6:00,277.76382,276.2608217
05/01/2021 7:00,278.41946,275.6122078
05/01/2021 8:00,279.6592,276.9125379
05/01/2021 9:00,281.29312,278.0581603
05/01/2021 10:00,282.51376,280.76732
05/01/2021 11:00,283.26712,278.0180956
05/01/2021 12:00,283.56403,278.7971519
05/01/2021 13:00,283.78342,278.7493285
05/01/2021 14:00,283.57574,275.6440511
05/01/2021 15:00,283.0572,278.7906779
05/01/2021 16:00,282.95483,278.2911386
05/01/2021 17:00,282.89413,281.7812547
05/01/2021 18:00,282.88425,276.8777593
05/01/2021 19:00,283.14963,277.7570465
05/01/2021 20:00,283.6045,277.1216466
05/01/2021 21:00,284.05844,274.9174765
05/01/2021 22:00,284.44272,279.0200605
05/01/2021 23:00,284.35303,278.2724811
06/01/2021 0:00,284.51883,278.3185817
06/01/2021 1:00,284.59265,275.4418373
06/01/2021 2:00,284.22723,279.6738899
06/01/2021 3:00,284.1026,274.5094144
06/01/2021 4:00,284.12973,277.5818013
06/01/2021 5:00,284.42386,279.5454087
06/01/2021 6:00,284.5239,273.192878
06/01/2021 7:00,284.3466,273.3701215
06/01/2021 8:00,284.30243,275.9174512
06/01/2021 9:00,284.5248,277.5344307
06/01/2021 10:00,284.78973,277.5681724
06/01/2021 11:00,285.03256,281.6605493
06/01/2021 12:00,285.18457,280.4670709
06/01/2021 13:00,285.21518,283.5168066
06/01/2021 14:00,284.9024,280.701882
06/01/2021 15:00,284.46042,283.7210136
06/01/2021 16:00,284.13895,278.0430254
06/01/2021 17:00,284.07614,277.2320808
06/01/2021 18:00,284.02142,277.6955931
06/01/2021 19:00,282.4457,272.9152558
06/01/2021 20:00,281.96323,274.8596714
06/01/2021 21:00,281.79007,276.0704484
06/01/2021 22:00,281.91608,270.2266773
06/01/2021 23:00,281.59323,273.1061651
07/01/2021 0:00,280.9139,273.195692
07/01/2021 1:00,280.57883,273.9259156
07/01/2021 2:00,280.24286,270.0864125
07/01/2021 3:00,279.76245,269.6862495
07/01/2021 4:00,279.3421,272.6637863
07/01/2021 5:00,278.87158,271.9778878
07/01/2021 6:00,278.41327,271.6903548
07/01/2021 7:00,278.4804,273.0595256
07/01/2021 8:00,279.31128,273.5901961
07/01/2021 9:00,280.86905,276.9452703
07/01/2021 10:00,282.01544,278.6276836
07/01/2021 11:00,282.84952,277.8832262
07/01/2021 12:00,283.30392,283.0177098
07/01/2021 13:00,283.57,280.8591834
07/01/2021 14:00,283.61346,277.7792063
07/01/2021 15:00,283.34854,280.2489127
07/01/2021 16:00,283.05142,275.78157
07/01/2021 17:00,282.752,277.5881152
07/01/2021 18:00,282.3406,276.9385872
07/01/2021 19:00,281.53986,272.8955889
07/01/2021 20:00,281.303,276.2760326
07/01/2021 21:00,281.14548,275.3816161
07/01/2021 22:00,280.95255,276.1096968
07/01/2021 23:00,280.63358,277.7582875
08/01/2021 0:00,280.39877,273.8338361
08/01/2021 1:00,280.2102,273.1219183
08/01/2021 2:00,279.9186,273.1176419
08/01/2021 3:00,279.713,273.3096867
08/01/2021 4:00,279.61783,274.6445145
08/01/2021 5:00,279.64932,275.3166648
08/01/2021 6:00,279.76776,274.9771762
08/01/2021 7:00,279.96875,276.0339503
08/01/2021 8:00,280.138,275.1694084
08/01/2021 9:00,280.3868,278.393123
08/01/2021 10:00,280.78214,275.8333041
08/01/2021 11:00,281.08524,281.7256003
08/01/2021 12:00,281.4251,278.2028595
08/01/2021 13:00,281.69373,275.5653053
08/01/2021 14:00,281.87698,274.9074258
08/01/2021 15:00,281.7841,276.9981885
08/01/2021 16:00,281.5725,275.0175036
08/01/2021 17:00,281.26114,276.0645909
08/01/2021 18:00,280.78625,275.2149668
08/01/2021 19:00,280.3829,273.8881887
08/01/2021 20:00,279.831,272.4237412
08/01/2021 21:00,279.5571,271.0870262
08/01/2021 22:00,279.452,272.988506
08/01/2021 23:00,279.1956,275.1615879
09/01/2021 0:00,278.76373,273.8579564
09/01/2021 1:00,278.30792,271.1673537
09/01/2021 2:00,277.9538,273.6253561
09/01/2021 3:00,277.59158,273.7211383
09/01/2021 4:00,277.25607,271.1286531
09/01/2021 5:00,277.06314,272.7695921
09/01/2021 6:00,277.12155,272.1492505
09/01/2021 7:00,278.11133,269.6589977
09/01/2021 8:00,278.90768,273.5767526
09/01/2021 9:00,280.27435,274.7842125
09/01/2021 10:00,281.2646,276.663966
09/01/2021 11:00,281.9492,277.3144386
09/01/2021 12:00,282.10168,273.6527169
09/01/2021 13:00,282.07245,274.9739406
09/01/2021 14:00,281.8096,277.5692876
09/01/2021 15:00,281.11374,277.0813101
09/01/2021 16:00,280.0214,276.3419696
09/01/2021 17:00,279.47018,281.9078684
09/01/2021 18:00,279.1188,275.5181507
09/01/2021 19:00,279.2846,275.989049
09/01/2021 20:00,279.2915,275.3824531
09/01/2021 21:00,279.28873,274.7698395
09/01/2021 22:00,279.31012,272.9452171
09/01/2021 23:00,279.22964,274.6942704
10/01/2021 0:00,278.973,271.7253352
10/01/2021 1:00,278.75177,272.315367
10/01/2021 2:00,278.52295,271.8159097
10/01/2021 3:00,278.54272,272.6549966
10/01/2021 4:00,278.41464,276.714389
10/01/2021 5:00,278.51813,269.2111443
10/01/2021 6:00,278.61816,273.7653518
10/01/2021 7:00,279.37842,269.7202893
10/01/2021 8:00,279.58517,272.3488209
10/01/2021 9:00,279.97885,276.1239273
10/01/2021 10:00,280.20422,274.945997
10/01/2021 11:00,280.00598,273.064003
10/01/2021 12:00,280.18262,273.8524059
10/01/2021 13:00,280.41327,276.188436
10/01/2021 14:00,280.3116,273.4302492
10/01/2021 15:00,280.13086,274.718044
10/01/2021 16:00,279.81558,273.90697
10/01/2021 17:00,279.5647,272.3650794
10/01/2021 18:00,279.35635,277.0350508
10/01/2021 19:00,279.45154,273.3748363
10/01/2021 20:00,279.0613,268.5280519
10/01/2021 21:00,278.72256,272.4500964
10/01/2021 22:00,278.1559,270.886489
10/01/2021 23:00,277.90137,273.5314692
11/01/2021 0:00,277.74106,270.5261957
11/01/2021 1:00,277.82178,271.6107428
11/01/2021 2:00,277.76382,272.6592524
11/01/2021 3:00,277.5718,273.0855755
11/01/2021 4:00,277.57343,269.4005139
11/01/2021 5:00,277.6093,270.9463603
11/01/2021 6:00,277.62357,270.6773321
11/01/2021 7:00,278.15338,268.7347206
11/01/2021 8:00,278.41187,273.3914013
11/01/2021 9:00,279.07303,272.0776025
11/01/2021 10:00,279.785,270.394351
11/01/2021 11:00,280.49054,274.859405
11/01/2021 12:00,281.27036,277.3448272
11/01/2021 13:00,281.55734,275.3659558
11/01/2021 14:00,281.55298,270.7852683
11/01/2021 15:00,281.25357,272.2042345
11/01/2021 16:00,280.6384,274.6888273
11/01/2021 17:00,280.02945,270.5712467
11/01/2021 18:00,279.4451,271.9642295
11/01/2021 19:00,279.2156,272.3558054
11/01/2021 20:00,278.80603,268.5074984
11/01/2021 21:00,278.39117,269.1173925
11/01/2021 22:00,278.20514,262.7622205
11/01/2021 23:00,277.79926,267.7914119
12/01/2021 0:00,277.5104,270.1008515
12/01/2021 1:00,277.3253,267.8816249
12/01/2021 2:00,277.2218,272.7119301
12/01/2021 3:00,277.02426,266.7425391
12/01/2021 4:00,276.88123,268.262901
12/01/2021 5:00,276.80972,269.7103045
12/01/2021 6:00,276.6154,271.6964601
12/01/2021 7:00,278.01312,265.9402647
12/01/2021 8:00,278.5163,271.6908657
12/01/2021 9:00,279.32852,271.3034137
12/01/2021 10:00,280.3367,270.6667921
12/01/2021 11:00,281.29587,273.9746537
12/01/2021 12:00,281.9575,273.960811
12/01/2021 13:00,282.18768,272.697855
12/01/2021 14:00,281.99887,273.8855287
12/01/2021 15:00,281.55597,272.6142884
12/01/2021 16:00,280.96497,272.2445233
12/01/2021 17:00,280.55032,272.7079319
12/01/2021 18:00,280.1987,274.0959098
12/01/2021 19:00,279.9545,269.1959775
12/01/2021 20:00,279.51984,274.9719542
12/01/2021 21:00,279.25723,267.7328442
12/01/2021 22:00,279.0919,270.8798115
12/01/2021 23:00,278.85065,271.901413
13/01/2021 0:00,278.5563,271.4151606
13/01/2021 1:00,278.29712,270.0368284
13/01/2021 2:00,278.11017,270.372433
13/01/2021 3:00,277.9639,269.2900233
13/01/2021 4:00,277.9177,269.0700776
13/01/2021 5:00,277.87766,270.9315637
13/01/2021 6:00,277.73578,269.5018325
13/01/2021 7:00,277.60126,268.2557855
13/01/2021 8:00,278.66943,272.9636398
13/01/2021 9:00,279.9301,273.0952966
13/01/2021 10:00,281.05533,275.7847803
13/01/2021 11:00,281.99222,277.1914112
13/01/2021 12:00,282.63266,274.7545339
13/01/2021 13:00,282.80743,275.2621187
13/01/2021 14:00,282.408,277.1146261
13/01/2021 15:00,281.4359,275.9163072
13/01/2021 16:00,280.29276,273.6610497
13/01/2021 17:00,279.4198,273.0145561
13/01/2021 18:00,278.7642,274.4627752
13/01/2021 19:00,278.21066,270.6905308
13/01/2021 20:00,277.71072,272.0134979
13/01/2021 21:00,277.27423,269.626158
13/01/2021 22:00,276.85086,268.3315159
13/01/2021 23:00,276.36932,269.6695089
14/01/2021 0:00,275.86133,268.575464
14/01/2021 1:00,275.59387,268.3338096
14/01/2021 2:00,275.2678,269.6196249
14/01/2021 3:00,274.9601,271.9922418
14/01/2021 4:00,274.51672,273.7052465
14/01/2021 5:00,274.80762,272.3967765
14/01/2021 6:00,275.0346,273.1673153
14/01/2021 7:00,275.60953,271.5069761
14/01/2021 8:00,276.60114,272.3926678
14/01/2021 9:00,278.08163,274.1302037
14/01/2021 10:00,279.32968,273.3400583
14/01/2021 11:00,280.1021,279.6433674
14/01/2021 12:00,280.6469,274.0828191
14/01/2021 13:00,280.63104,273.9620352
14/01/2021 14:00,280.02438,277.6990768
14/01/2021 15:00,278.41003,275.9615013
14/01/2021 16:00,277.8871,274.6638127
14/01/2021 17:00,277.70197,273.9083433
14/01/2021 18:00,277.51157,272.083462
14/01/2021 19:00,278.23895,270.4947735
14/01/2021 20:00,277.80246,271.6147531
14/01/2021 21:00,277.2317,269.600438
14/01/2021 22:00,276.73636,271.6099875
14/01/2021 23:00,276.2962,268.3091931
15/01/2021 0:00,275.8089,265.8251425
15/01/2021 1:00,275.254,267.3012401
15/01/2021 2:00,274.835,268.8841333
15/01/2021 3:00,274.51834,266.4743889
15/01/2021 4:00,274.22397,265.7299588
15/01/2021 5:00,273.9754,268.0727148
15/01/2021 6:00,273.78543,268.1041157
15/01/2021 7:00,274.42566,265.6162759
15/01/2021 8:00,275.06955,266.930687
15/01/2021 9:00,276.16418,271.1951886
15/01/2021 10:00,277.14844,271.2952203
15/01/2021 11:00,278.05588,272.1322118
15/01/2021 12:00,278.71198,273.6094315
15/01/2021 13:00,279.0822,274.4957613
15/01/2021 14:00,279.01807,275.1110909
15/01/2021 15:00,278.57538,276.1384573
15/01/2021 16:00,277.72473,273.3620058
15/01/2021 17:00,277.00656,269.5411791
15/01/2021 18:00,276.3684,269.1206662
15/01/2021 19:00,276.0975,266.7988104
15/01/2021 20:00,275.68564,268.1377392
15/01/2021 21:00,275.4497,267.5231809
15/01/2021 22:00,275.3623,268.8978954
15/01/2021 23:00,275.1788,267.4095351
16/01/2021 0:00,275.0413,270.1293601
16/01/2021 1:00,274.84006,270.7516516
16/01/2021 2:00,274.57675,266.7780507
16/01/2021 3:00,274.399,267.3382783
16/01/2021 4:00,274.25272,268.3994756
16/01/2021 5:00,274.22098,266.5355137
16/01/2021 6:00,274.23248,267.3086642
16/01/2021 7:00,274.49167,267.5336115
16/01/2021 8:00,275.19305,268.8695751
16/01/2021 9:00,275.92896,269.8564876
16/01/2021 10:00,276.54733,272.5729256
16/01/2021 11:00,277.01416,273.803597
16/01/2021 12:00,277.29953,275.7169199
16/01/2021 13:00,277.28503,274.7609657
16/01/2021 14:00,276.99207,276.5427289
16/01/2021 15:00,276.49603,270.7405581
16/01/2021 16:00,275.74197,272.5965891
16/01/2021 17:00,275.23538,269.3554921
16/01/2021 18:00,274.91364,273.5102202
16/01/2021 19:00,274.85776,269.8848505
16/01/2021 20:00,274.56894,269.5641937
16/01/2021 21:00,274.3424,269.5525981
16/01/2021 22:00,274.17984,266.9065351
16/01/2021 23:00,274.02368,270.5962048
17/01/2021 0:00,273.84476,270.2596895
17/01/2021 1:00,273.68332,271.774669
17/01/2021 2:00,273.48395,271.9093469
17/01/2021 3:00,273.2057,274.5500532
17/01/2021 4:00,272.9785,272.8142323
17/01/2021 5:00,272.7559,269.887866
17/01/2021 6:00,272.70093,269.263434
17/01/2021 7:00,273.2487,271.7617065
17/01/2021 8:00,274.0538,268.7714861
17/01/2021 9:00,274.91043,273.4272893
17/01/2021 10:00,275.693,274.8010562
17/01/2021 11:00,276.21664,272.3261832
17/01/2021 12:00,276.61032,270.3862862
17/01/2021 13:00,276.38266,275.7023235
17/01/2021 14:00,276.22745,272.8083218
17/01/2021 15:00,275.81833,274.387494
17/01/2021 16:00,275.16867,267.9771709
17/01/2021 17:00,275.24918,267.9399093
17/01/2021 18:00,274.9518,269.7161876
17/01/2021 19:00,275.27652,269.9580206
17/01/2021 20:00,275.12314,268.7603338
17/01/2021 21:00,275.00034,270.3354186
17/01/2021 22:00,274.81912,267.0220237
17/01/2021 23:00,274.61652,268.3968464
18/01/2021 0:00,274.28537,268.7364447
18/01/2021 1:00,273.8526,269.3366489
18/01/2021 2:00,273.43912,269.6231664
18/01/2021 3:00,273.0599,266.2167603
18/01/2021 4:00,272.6662,265.3238473
18/01/2021 5:00,272.37,270.2885364
18/01/2021 6:00,272.11475,268.5399274
18/01/2021 7:00,272.29803,265.5175364
18/01/2021 8:00,272.74463,269.8950748
18/01/2021 9:00,273.51248,269.5274625
18/01/2021 10:00,274.42014,274.0164725
18/01/2021 11:00,275.369,272.9776453
18/01/2021 12:00,276.09244,277.1043576
18/01/2021 13:00,276.6393,276.78248
18/01/2021 14:00,276.9118,273.1529386
18/01/2021 15:00,276.88766,274.5988384
18/01/2021 16:00,276.52524,272.5807223
18/01/2021 17:00,276.31943,272.704191
18/01/2021 18:00,276.1757,267.5407609
18/01/2021 19:00,275.88846,270.1448413
18/01/2021 20:00,275.65805,270.3844735
18/01/2021 21:00,275.39288,265.5802674
18/01/2021 22:00,275.15833,266.4887161
18/01/2021 23:00,274.87915,264.4625429
19/01/2021 0:00,274.81476,267.3692029
19/01/2021 1:00,275.00516,269.3231375
19/01/2021 2:00,274.98907,271.1138238
19/01/2021 3:00,274.81247,268.6677382
19/01/2021 4:00,274.70416,271.9312326
19/01/2021 5:00,274.7591,266.4838799
19/01/2021 6:00,274.72806,266.0110962
19/01/2021 7:00,275.20294,267.6406628
19/01/2021 8:00,276.59308,270.7380162
19/01/2021 9:00,278.32013,271.9205468
19/01/2021 10:00,279.63254,271.7068903
19/01/2021 11:00,280.5416,277.0568119
19/01/2021 12:00,281.01416,275.2253366
19/01/2021 13:00,281.18365,278.6015388
19/01/2021 14:00,281.04913,277.6578119
19/01/2021 15:00,280.83066,274.4366134
19/01/2021 16:00,280.1203,274.0308462
19/01/2021 17:00,280.73428,272.599796
19/01/2021 18:00,280.6168,274.6338646
19/01/2021 19:00,280.71683,277.0114176
19/01/2021 20:00,279.69302,274.2800863
19/01/2021 21:00,279.07394,277.5222426
19/01/2021 22:00,278.62918,275.9276327
19/01/2021 23:00,278.13477,275.5479507
20/01/2021 0:00,277.17352,277.0091511
20/01/2021 1:00,276.14832,275.4664949
20/01/2021 2:00,275.92664,276.2429525
20/01/2021 3:00,275.99448,275.1402667
20/01/2021 4:00,275.80682,280.8377571
20/01/2021 5:00,275.8742,277.4767428
20/01/2021 6:00,275.88962,276.1025272
20/01/2021 7:00,279.29886,277.9565343
20/01/2021 8:00,280.7467,278.4945877
20/01/2021 9:00,282.15524,279.782979
20/01/2021 10:00,283.37982,282.9191459
20/01/2021 11:00,284.03152,284.1295462
20/01/2021 12:00,283.99243,282.4304605
20/01/2021 13:00,284.12558,282.5248926
20/01/2021 14:00,283.983,282.8375632
20/01/2021 15:00,283.6889,278.4419499
20/01/2021 16:00,283.4824,278.9484759
20/01/2021 17:00,283.34048,283.3342218
20/01/2021 18:00,283.13837,283.3100477
20/01/2021 19:00,283.29977,279.930031
20/01/2021 20:00,283.20044,281.1172886
20/01/2021 21:00,282.8886,280.455969
20/01/2021 22:00,282.84424,285.2052734
20/01/2021 23:00,283.01025,281.5458455
21/01/2021 0:00,283.1142,279.1343463
21/01/2021 1:00,283.07672,277.6228857
21/01/2021 2:00,282.97922,276.4150578
21/01/2021 3:00,283.06015,279.482578
21/01/2021 4:00,282.8847,277.7866774
21/01/2021 5:00,283.0174,276.6079497
21/01/2021 6:00,283.05075,277.9689131
21/01/2021 7:00,283.23492,278.1197523
21/01/2021 8:00,283.78247,284.4460964
21/01/2021 9:00,284.71475,284.6951106
21/01/2021 10:00,285.62817,284.5149886
21/01/2021 11:00,285.90967,288.1729008
21/01/2021 12:00,286.06674,286.5246587
21/01/2021 13:00,286.01797,285.2779205
21/01/2021 14:00,285.80664,289.3078452
21/01/2021 15:00,285.52332,286.6592953
21/01/2021 16:00,284.9698,282.4545881
21/01/2021 17:00,284.73407,282.8888288
21/01/2021 18:00,284.755,280.9869176
21/01/2021 19:00,284.54483,280.1044605
21/01/2021 20:00,284.5522,283.7544051
21/01/2021 21:00,284.53287,284.9468645
21/01/2021 22:00,284.61127,278.4990826
21/01/2021 23:00,284.77066,281.6754204
22/01/2021 0:00,284.90726,279.4280094
22/01/2021 1:00,284.95117,279.5893524
22/01/2021 2:00,284.9921,279.5349608
22/01/2021 3:00,285.02774,278.8666864
22/01/2021 4:00,285.04315,280.6774259
22/01/2021 5:00,285.134,279.2468935
22/01/2021 6:00,285.4102,281.0814109
22/01/2021 7:00,286.12582,281.2560274
22/01/2021 8:00,286.5715,282.3547072
22/01/2021 9:00,286.6589,282.5124545
22/01/2021 10:00,286.80606,284.1582309
22/01/2021 11:00,287.15494,287.3813194
22/01/2021 12:00,287.18506,287.885588
22/01/2021 13:00,286.93323,286.0028794
22/01/2021 14:00,286.85596,287.8036148
22/01/2021 15:00,286.59702,288.2084121
22/01/2021 16:00,286.14606,282.8088356
22/01/2021 17:00,286.2261,285.8252443
22/01/2021 18:00,286.26886,283.2082428
22/01/2021 19:00,286.39465,284.7832326
22/01/2021 20:00,286.4917,282.152995
22/01/2021 21:00,286.29462,279.8057343
22/01/2021 22:00,286.02396,279.8828122
22/01/2021 23:00,285.98117,282.6423508
23/01/2021 0:00,285.94647,282.9503274
23/01/2021 1:00,286.03363,280.810978
23/01/2021 2:00,285.80273,283.3404416
23/01/2021 3:00,285.54562,279.0504619
23/01/2021 4:00,285.46445,281.6187884
23/01/2021 5:00,285.31842,279.1794462
23/01/2021 6:00,285.51135,279.8543109
23/01/2021 7:00,285.45456,281.2797326
23/01/2021 8:00,285.6054,280.4491163
23/01/2021 9:00,285.9375,283.0628939
23/01/2021 10:00,286.5179,287.3146697
23/01/2021 11:00,286.0534,285.5994169
23/01/2021 12:00,286.1999,288.5543035
23/01/2021 13:00,286.3698,284.8474703
23/01/2021 14:00,286.32727,286.4563024
23/01/2021 15:00,285.94806,286.6905843
23/01/2021 16:00,285.36786,277.922731
23/01/2021 17:00,284.78214,279.5586109
23/01/2021 18:00,284.32382,280.744183
23/01/2021 19:00,283.85583,279.3458644
23/01/2021 20:00,282.9753,279.6872539
23/01/2021 21:00,281.74844,277.3168463
23/01/2021 22:00,282.72144,278.7287969
23/01/2021 23:00,282.30862,278.8114129
24/01/2021 0:00,279.8777,281.4257832
24/01/2021 1:00,281.42673,279.576257
24/01/2021 2:00,280.0451,279.2494847
24/01/2021 3:00,281.38925,277.6869784
24/01/2021 4:00,282.49536,277.247499
24/01/2021 5:00,282.9344,277.2872292
24/01/2021 6:00,283.29794,278.2535526
24/01/2021 7:00,283.37247,276.5791725
24/01/2021 8:00,284.23758,279.5839504
24/01/2021 9:00,284.78055,284.6941864
24/01/2021 10:00,285.15332,283.6489063
24/01/2021 11:00,284.97003,282.2422282
24/01/2021 12:00,284.38892,284.9643947
24/01/2021 13:00,284.09824,281.3663362
24/01/2021 14:00,284.1525,277.518989
24/01/2021 15:00,284.43604,278.5377068
24/01/2021 16:00,284.45398,276.0446043
24/01/2021 17:00,284.4694,277.0771436
24/01/2021 18:00,284.7104,275.9371426
24/01/2021 19:00,284.24564,278.8069462
24/01/2021 20:00,283.67508,275.8131161
24/01/2021 21:00,283.39615,274.6664566
24/01/2021 22:00,282.99417,276.3915349
24/01/2021 23:00,282.5853,270.8371948
25/01/2021 0:00,282.2928,275.0318658
25/01/2021 1:00,281.93103,275.8251857
25/01/2021 2:00,280.63013,271.6594794
25/01/2021 3:00,279.51065,276.1421634
25/01/2021 4:00,278.8762,274.3067611
25/01/2021 5:00,278.45834,272.635884
25/01/2021 6:00,277.96368,274.3417278
25/01/2021 7:00,277.69644,277.4167798
25/01/2021 8:00,279.31058,274.4293126
25/01/2021 9:00,280.614,276.1468615
25/01/2021 10:00,281.10294,276.5434344
25/01/2021 11:00,281.32553,277.0724562
25/01/2021 12:00,281.53503,280.6441661
25/01/2021 13:00,282.06625,277.9435212
25/01/2021 14:00,281.854,279.5269601
25/01/2021 15:00,281.86572,277.857788
25/01/2021 16:00,281.92758,278.2980392
25/01/2021 17:00,281.63828,277.1521302
25/01/2021 18:00,281.07602,277.8296334
25/01/2021 19:00,281.27518,273.8625209
25/01/2021 20:00,281.2952,273.843142
25/01/2021 21:00,280.99667,272.5097344
25/01/2021 22:00,280.61655,273.2816295
25/01/2021 23:00,280.72534,274.6431284
26/01/2021 0:00,280.66116,275.0356548
26/01/2021 1:00,280.5041,271.9891065
26/01/2021 2:00,280.15985,274.9887705
26/01/2021 3:00,279.46075,275.6607572
26/01/2021 4:00,278.79385,273.761007
26/01/2021 5:00,278.06577,276.3464826
26/01/2021 6:00,277.83673,271.4095242
26/01/2021 7:00,277.59644,270.2722379
26/01/2021 8:00,278.3668,270.3848216
26/01/2021 9:00,278.7934,277.7279787
26/01/2021 10:00,279.54767,277.307529
26/01/2021 11:00,280.1909,276.6289672
26/01/2021 12:00,280.6138,277.7692843
26/01/2021 13:00,280.69498,275.5449769
26/01/2021 14:00,280.40845,281.7569798
26/01/2021 15:00,279.9041,277.1959676
26/01/2021 16:00,279.05002,275.8171958
26/01/2021 17:00,278.37946,274.7295858
26/01/2021 18:00,277.8142,273.1986414
26/01/2021 19:00,277.43246,272.2616541
26/01/2021 20:00,277.06818,270.5959078
26/01/2021 21:00,276.7575,273.0932963
26/01/2021 22:00,276.59286,275.9869235
26/01/2021 23:00,276.45947,275.1717506
27/01/2021 0:00,276.482,275.7624463
27/01/2021 1:00,276.4473,271.9743622
27/01/2021 2:00,276.24054,271.1213214
27/01/2021 3:00,275.89813,272.3748082
27/01/2021 4:00,275.64978,272.4498917
27/01/2021 5:00,275.41956,273.7552899
27/01/2021 6:00,275.31378,268.0631953
27/01/2021 7:00,276.11063,273.7097318
27/01/2021 8:00,277.01807,272.928036
27/01/2021 9:00,278.38498,274.3818461
27/01/2021 10:00,279.4389,274.3482147
27/01/2021 11:00,280.0115,274.1396894
27/01/2021 12:00,280.36475,279.1016578
27/01/2021 13:00,280.55652,277.5928794
27/01/2021 14:00,280.5379,274.9023394
27/01/2021 15:00,280.27667,274.3139052
27/01/2021 16:00,279.71118,274.7391222
27/01/2021 17:00,279.34393,276.9731632
27/01/2021 18:00,279.02725,273.7580954
27/01/2021 19:00,278.0152,268.9866713
27/01/2021 20:00,277.61966,271.3403261
27/01/2021 21:00,277.1459,272.1347157
27/01/2021 22:00,276.588,267.8515762
27/01/2021 23:00,276.2086,272.3456266
28/01/2021 0:00,275.94138,271.8099412
28/01/2021 1:00,275.79095,273.2373663
28/01/2021 2:00,275.74036,275.2426971
28/01/2021 3:00,275.50626,274.0245529
28/01/2021 4:00,275.03735,271.0275426
28/01/2021 5:00,274.45303,269.1935665
28/01/2021 6:00,273.7951,275.3302837
28/01/2021 7:00,274.1513,271.0428827
28/01/2021 8:00,276.94562,273.5952845
28/01/2021 9:00,278.51053,276.361928
28/01/2021 10:00,279.61343,278.3781505
28/01/2021 11:00,280.47858,278.9914603
28/01/2021 12:00,281.09787,279.0235299
28/01/2021 13:00,281.44443,279.3534854
28/01/2021 14:00,281.55872,279.9127229
28/01/2021 15:00,281.34003,277.863451
28/01/2021 16:00,280.91943,276.5481487
28/01/2021 17:00,280.56183,277.9217337
28/01/2021 18:00,280.52594,277.4130154
28/01/2021 19:00,279.95746,279.6077276
28/01/2021 20:00,279.91837,272.0781886
28/01/2021 21:00,280.00162,278.3408947
28/01/2021 22:00,280.04025,278.8980012
28/01/2021 23:00,279.97174,273.2986723
29/01/2021 0:00,279.8926,276.5928095
29/01/2021 1:00,279.71417,276.6706525
29/01/2021 2:00,279.66083,275.2263967
29/01/2021 3:00,279.72797,276.5432754
29/01/2021 4:00,279.5187,275.9166679
29/01/2021 5:00,279.45868,281.0277
29/01/2021 6:00,279.52124,279.5024291
29/01/2021 7:00,280.69037,280.6906103
29/01/2021 8:00,281.42282,280.4665179
29/01/2021 9:00,282.448,278.2770031
29/01/2021 10:00,283.13812,280.2244065
29/01/2021 11:00,283.46167,282.3514898
29/01/2021 12:00,283.6038,279.3964531
29/01/2021 13:00,283.85654,282.4718422
29/01/2021 14:00,283.8248,280.1874024
29/01/2021 15:00,283.82205,279.8544331
29/01/2021 16:00,283.6314,281.5151839
29/01/2021 17:00,283.71695,280.8277474
29/01/2021 18:00,283.41568,279.3158851
29/01/2021 19:00,283.27243,282.5529604
29/01/2021 20:00,283.17975,278.2290926
29/01/2021 21:00,282.78467,280.8847257
29/01/2021 22:00,282.7651,280.3526247
29/01/2021 23:00,282.62186,278.3248851
30/01/2021 0:00,282.30313,278.9548361
30/01/2021 1:00,281.90506,275.7446034
30/01/2021 2:00,281.74637,279.103218
30/01/2021 3:00,281.309,276.6821487
30/01/2021 4:00,280.64874,275.6809666
30/01/2021 5:00,279.86182,277.7230414
30/01/2021 6:00,279.2586,273.5897899
30/01/2021 7:00,279.7197,272.4578812
30/01/2021 8:00,280.6851,275.0834832
30/01/2021 9:00,281.97336,280.7579677
30/01/2021 10:00,283.45477,278.6398079
30/01/2021 11:00,284.5777,285.4551197
30/01/2021 12:00,285.07858,279.3868553
30/01/2021 13:00,285.2653,286.5160601
30/01/2021 14:00,285.22736,283.886886
30/01/2021 15:00,284.92404,282.6142842
30/01/2021 16:00,284.24564,280.2853686
30/01/2021 17:00,283.1655,280.2589666
30/01/2021 18:00,282.84906,279.6838384
30/01/2021 19:00,283.21402,280.2387908
30/01/2021 20:00,283.36258,279.0984741
30/01/2021 21:00,283.42926,278.7784456
30/01/2021 22:00,283.68912,277.5317083
30/01/2021 23:00,283.85516,278.1443715
31/01/2021 0:00,284.2914,279.2033881
31/01/2021 1:00,284.56552,274.5547811
31/01/2021 2:00,284.60117,275.1189309
31/01/2021 3:00,284.72372,278.3506938
31/01/2021 4:00,284.77203,276.7323362
31/01/2021 5:00,284.93277,275.3528096
31/01/2021 6:00,284.8801,275.2338002
31/01/2021 7:00,284.89206,274.7396575
31/01/2021 8:00,284.86377,273.1400066
31/01/2021 9:00,285.09927,272.6586391
31/01/2021 10:00,285.44006,274.3521253
31/01/2021 11:00,285.73306,272.1710683
31/01/2021 12:00,285.79837,274.7718886
31/01/2021 13:00,285.7303,271.0857141
31/01/2021 14:00,285.67624,275.9983513
31/01/2021 15:00,285.5815,274.7951005
31/01/2021 16:00,284.9937,274.0350528
31/01/2021 17:00,284.0927,275.1862765
31/01/2021 18:00,282.7727,276.1896771
31/01/2021 19:00,282.94287,274.3441769
31/01/2021 20:00,283.38788,269.1161482
31/01/2021 21:00,283.4824,269.8854309
31/01/2021 22:00,283.25723,270.858847
31/01/2021 23:00,283.1588,271.8186116
01/02/2021 0:00,282.89804,272.3090748
01/02/2021 1:00,282.651,269.8300647
01/02/2021 2:00,282.40863,271.475491
01/02/2021 3:00,282.37775,269.4548453
01/02/2021 4:00,282.0137,269.4658859
01/02/2021 5:00,282.10168,267.5569466
01/02/2021 6:00,281.94852,268.792601
01/02/2021 7:00,283.19315,267.8411798
01/02/2021 8:00,283.6264,269.154225
01/02/2021 9:00,283.92273,273.8686542
01/02/2021 10:00,284.3897,271.425657
01/02/2021 11:00,284.6923,278.4811282
01/02/2021 12:00,285.0042,275.0988793
01/02/2021 13:00,285.15674,274.6939241
01/02/2021 14:00,284.77588,272.8009349
01/02/2021 15:00,284.1127,275.31977
01/02/2021 16:00,283.65353,271.6546429
01/02/2021 17:00,283.43115,271.8378474
01/02/2021 18:00,281.7071,275.1336901
01/02/2021 19:00,281.69275,271.0548937
01/02/2021 20:00,281.68152,272.8453602
01/02/2021 21:00,281.82623,270.3684618
01/02/2021 22:00,281.73483,271.1703154
01/02/2021 23:00,281.50464,274.4130111
02/02/2021 0:00,281.15372,269.9749935
02/02/2021 1:00,280.9828,274.0131162
02/02/2021 2:00,280.77597,271.7444797
02/02/2021 3:00,280.53015,269.3008815
02/02/2021 4:00,280.066,271.3111237
02/02/2021 5:00,279.53043,271.7235641
02/02/2021 6:00,279.13364,270.9790527
02/02/2021 7:00,280.25037,268.2676011
02/02/2021 8:00,281.67776,271.5949515
02/02/2021 9:00,283.64917,274.6718544
02/02/2021 10:00,285.10654,275.9219807
02/02/2021 11:00,285.94315,279.914773
02/02/2021 12:00,286.45627,280.6125993
02/02/2021 13:00,286.679,278.6431038
02/02/2021 14:00,286.664,280.9599512
02/02/2021 15:00,286.31308,278.5888897
02/02/2021 16:00,285.51236,277.576058
02/02/2021 17:00,284.83826,277.0151558
02/02/2021 18:00,284.1667,275.5475918
02/02/2021 19:00,284.83484,273.9441946
02/02/2021 20:00,284.4577,272.8074359
02/02/2021 21:00,283.97888,270.0020943
02/02/2021 22:00,283.3937,273.9400323
02/02/2021 23:00,281.93076,273.3703856
03/02/2021 0:00,280.51425,273.5979524
03/02/2021 1:00,280.06445,271.2038313
03/02/2021 2:00,279.78308,272.2794246
03/02/2021 3:00,280.28467,276.8967863
03/02/2021 4:00,280.57632,276.1077896
03/02/2021 5:00,280.40695,277.6541837
03/02/2021 6:00,280.03824,276.3303651
03/02/2021 7:00,280.96594,276.6411171
03/02/2021 8:00,281.65125,278.7820938
03/02/2021 9:00,283.01285,277.0543206
03/02/2021 10:00,284.66638,279.9238844
03/02/2021 11:00,285.71356,280.6439614
03/02/2021 12:00,286.52084,281.9420692
03/02/2021 13:00,286.95535,285.1408895
03/02/2021 14:00,286.79285,286.2538474
03/02/2021 15:00,286.32742,284.6310512
03/02/2021 16:00,285.7488,286.7365071
03/02/2021 17:00,285.30554,282.102172
03/02/2021 18:00,285.02573,283.3342228
03/02/2021 19:00,285.1421,283.4078974
03/02/2021 20:00,285.22287,286.9855257
03/02/2021 21:00,285.1527,284.9359247
03/02/2021 22:00,285.08658,286.3967441
03/02/2021 23:00,285.0775,281.9365303
04/02/2021 0:00,285.0934,284.9885742
04/02/2021 1:00,284.95367,286.0456947
04/02/2021 2:00,284.81674,284.6886541
04/02/2021 3:00,284.74063,286.4431677
04/02/2021 4:00,284.72473,283.547263
04/02/2021 5:00,284.73376,286.7652317
04/02/2021 6:00,284.8208,288.1766442
04/02/2021 7:00,285.5638,283.6079116
04/02/2021 8:00,285.97745,283.954433
04/02/2021 9:00,286.2454,288.3399574
04/02/2021 10:00,286.90887,289.9592006
04/02/2021 11:00,287.41232,287.1149835
04/02/2021 12:00,287.3696,287.9253084
04/02/2021 13:00,287.4192,288.4456623
04/02/2021 14:00,287.14346,286.3081203
04/02/2021 15:00,286.9148,285.8739728
04/02/2021 16:00,286.5205,285.5749501
04/02/2021 17:00,286.2538,284.9946593
04/02/2021 18:00,286.08163,284.8550943
04/02/2021 19:00,285.84238,281.4652912
04/02/2021 20:00,285.63025,283.5406384
04/02/2021 21:00,285.44778,278.9879916
04/02/2021 22:00,285.2104,282.2111323
04/02/2021 23:00,284.85355,279.7233198
05/02/2021 0:00,284.58966,280.0247019
05/02/2021 1:00,284.327,280.6845646
05/02/2021 2:00,284.1358,277.5656084
05/02/2021 3:00,283.9171,280.2415173
05/02/2021 4:00,283.84415,279.5075227
05/02/2021 5:00,283.66104,279.544571
05/02/2021 6:00,283.60645,278.9258143
05/02/2021 7:00,284.32138,284.0981777
05/02/2021 8:00,285.01233,280.7163115
05/02/2021 9:00,286.09628,284.1631004
05/02/2021 10:00,286.8649,285.0870056
05/02/2021 11:00,287.24014,286.1995281
05/02/2021 12:00,287.36182,286.9767578
05/02/2021 13:00,287.53616,290.4863043
05/02/2021 14:00,287.43542,290.701995
05/02/2021 15:00,287.13876,286.4392853
05/02/2021 16:00,286.7242,284.4904289
05/02/2021 17:00,286.2064,285.4304226
05/02/2021 18:00,285.91037,283.0570641
05/02/2021 19:00,285.53107,284.754314
05/02/2021 20:00,285.49646,283.4985584
05/02/2021 21:00,285.44403,280.0470142
05/02/2021 22:00,285.4528,284.9769517
05/02/2021 23:00,285.44653,285.1754829
06/02/2021 0:00,285.328,280.5833201
06/02/2021 1:00,285.3386,280.5554297
06/02/2021 2:00,285.37573,281.3220111
06/02/2021 3:00,285.48242,280.6562808
06/02/2021 4:00,285.51984,280.5477161
06/02/2021 5:00,285.61996,282.3453331
06/02/2021 6:00,285.57318,278.3217187
06/02/2021 7:00,285.77594,277.9766424
06/02/2021 8:00,286.1593,279.6867784
06/02/2021 9:00,286.84494,283.8323992
06/02/2021 10:00,287.39175,286.2468996
06/02/2021 11:00,287.90955,290.4394002
06/02/2021 12:00,288.03528,287.0058399
06/02/2021 13:00,287.99222,288.3600236
06/02/2021 14:00,287.88086,288.0224894
06/02/2021 15:00,287.6753,289.5543781
06/02/2021 16:00,287.18494,290.5053851
06/02/2021 17:00,286.7267,283.6186079
06/02/2021 18:00,286.5854,282.862265
06/02/2021 19:00,286.42227,285.0903256
06/02/2021 20:00,286.28656,283.4782974
06/02/2021 21:00,286.38858,284.3855055
06/02/2021 22:00,286.31433,281.0211725
06/02/2021 23:00,286.23135,278.4515765
07/02/2021 0:00,286.2429,279.7878523
07/02/2021 1:00,286.13715,280.1817889
07/02/2021 2:00,286.19736,279.4141759
07/02/2021 3:00,286.25693,278.4818614
07/02/2021 4:00,286.2716,279.9707976
07/02/2021 5:00,286.32025,280.4334997
07/02/2021 6:00,286.36893,280.9328822
07/02/2021 7:00,286.59756,280.0514201
07/02/2021 8:00,286.7894,280.5545954
07/02/2021 9:00,287.09885,283.7704868
07/02/2021 10:00,287.41794,288.0887934
07/02/2021 11:00,287.6388,286.4877792
07/02/2021 12:00,287.74548,289.6789351
07/02/2021 13:00,287.8796,288.8429936
07/02/2021 14:00,287.74985,289.4161021
07/02/2021 15:00,287.47598,290.6723321
07/02/2021 16:00,287.23328,287.7861008
07/02/2021 17:00,287.0633,286.5158949
07/02/2021 18:00,286.87738,283.0663253
07/02/2021 19:00,286.67462,286.7216601
07/02/2021 20:00,286.58447,286.4415144
07/02/2021 21:00,286.36142,288.6332971
07/02/2021 22:00,286.32556,283.6771936
07/02/2021 23:00,286.32245,284.2536418
08/02/2021 0:00,286.34335,283.962096
08/02/2021 1:00,286.35394,286.0435396
08/02/2021 2:00,285.88107,282.9610504
08/02/2021 3:00,285.76596,283.2903632
08/02/2021 4:00,285.56976,283.4809963
08/02/2021 5:00,285.3246,282.4437312
08/02/2021 6:00,285.3255,280.8022503
08/02/2021 7:00,285.69357,281.8304697
08/02/2021 8:00,286.22168,285.1882264
08/02/2021 9:00,287.0639,283.2399153
08/02/2021 10:00,287.32,285.7869812
08/02/2021 11:00,286.36703,284.2014856
08/02/2021 12:00,286.60193,286.1085778
08/02/2021 13:00,286.73575,279.9566432
08/02/2021 14:00,286.34833,280.8616737
08/02/2021 15:00,285.89667,281.8024811
08/02/2021 16:00,285.44498,282.3742652
08/02/2021 17:00,285.0036,278.2541433
08/02/2021 18:00,285.31927,276.8562608
08/02/2021 19:00,283.46515,280.3111338
08/02/2021 20:00,284.01288,274.2163953
08/02/2021 21:00,284.3161,273.1058194
08/02/2021 22:00,284.56876,277.0587656
08/02/2021 23:00,284.59653,275.5342538
09/02/2021 0:00,284.68198,274.7206717
09/02/2021 1:00,284.7528,278.0840827
09/02/2021 2:00,285.09592,277.4881963
09/02/2021 3:00,285.328,276.1738404
09/02/2021 4:00,285.34735,274.9570597
09/02/2021 5:00,285.25125,278.8670618
09/02/2021 6:00,284.95837,278.4842471
09/02/2021 7:00,284.96054,277.5826928
09/02/2021 8:00,285.10184,281.8726607
09/02/2021 9:00,285.3932,278.4819495
09/02/2021 10:00,285.3882,278.9982928
09/02/2021 11:00,285.5966,281.5634632
09/02/2021 12:00,285.95123,282.7940548
09/02/2021 13:00,286.30655,283.3528875
09/02/2021 14:00,286.74573,282.484986
09/02/2021 15:00,286.71518,283.4651983
09/02/2021 16:00,286.03546,280.1968475
09/02/2021 17:00,285.5214,283.5530122
09/02/2021 18:00,284.84296,280.0905817
09/02/2021 19:00,284.0787,279.3928401
09/02/2021 20:00,283.0618,277.2963575
09/02/2021 21:00,283.4087,277.248237
09/02/2021 22:00,283.23743,277.4741669
09/02/2021 23:00,283.09738,277.3572427
10/02/2021 0:00,283.18036,277.7306729
10/02/2021 1:00,283.63422,279.0854757
10/02/2021 2:00,283.754,277.2293451
10/02/2021 3:00,283.8535,278.1853617
10/02/2021 4:00,284.44617,276.9479891
10/02/2021 5:00,285.21478,279.7601281
10/02/2021 6:00,285.68765,276.2818837
10/02/2021 7:00,285.9244,280.8961893
10/02/2021 8:00,286.05637,278.2208596
10/02/2021 9:00,286.32336,276.7008742
10/02/2021 10:00,285.91226,280.6613453
10/02/2021 11:00,286.09537,280.3741133
10/02/2021 12:00,286.27286,284.7926223
10/02/2021 13:00,286.03296,282.7261124
10/02/2021 14:00,285.93594,283.4190544
10/02/2021 15:00,286.12997,280.5999252
10/02/2021 16:00,286.21545,282.4080063
10/02/2021 17:00,286.3212,278.0715442
10/02/2021 18:00,286.58292,278.7481725
10/02/2021 19:00,286.6272,282.703236
10/02/2021 20:00,286.33087,281.9752353
10/02/2021 21:00,286.38297,280.8014472
10/02/2021 22:00,285.9631,275.9211873
10/02/2021 23:00,285.08313,275.5494123
11/02/2021 0:00,284.81143,274.3196855
11/02/2021 1:00,284.5675,270.8657427
11/02/2021 2:00,284.2771,274.594892
11/02/2021 3:00,284.1205,272.9062181
11/02/2021 4:00,283.87064,270.5390286
11/02/2021 5:00,283.4804,270.6621924
11/02/2021 6:00,283.4957,270.6878395
11/02/2021 7:00,283.2833,266.7620606
11/02/2021 8:00,284.17883,269.8983001
11/02/2021 9:00,284.7843,269.192378
11/02/2021 10:00,284.9824,268.8782845
11/02/2021 11:00,284.68793,270.763467
11/02/2021 12:00,284.3507,275.2687936
11/02/2021 13:00,283.7362,273.0338561
11/02/2021 14:00,282.91644,270.2836573
11/02/2021 15:00,282.06644,271.8267944
11/02/2021 16:00,281.17868,272.9143959
11/02/2021 17:00,280.24475,272.1239848
11/02/2021 18:00,279.26932,270.6875739
11/02/2021 19:00,278.3376,268.8742872
11/02/2021 20:00,277.64633,271.0371464
11/02/2021 21:00,276.9919,270.3353066
11/02/2021 22:00,276.4763,271.009228
11/02/2021 23:00,275.94006,270.2418099
12/02/2021 0:00,275.46124,270.5218561
12/02/2021 1:00,274.9603,267.4509275
12/02/2021 2:00,274.53824,270.3995945
12/02/2021 3:00,274.25595,268.1415393
12/02/2021 4:00,274.00485,271.285428
12/02/2021 5:00,273.80646,266.2082716
12/02/2021 6:00,273.6745,270.3741858
12/02/2021 7:00,273.94153,267.7060916
12/02/2021 8:00,274.53888,266.979353
12/02/2021 9:00,275.4962,268.2247226
12/02/2021 10:00,276.60855,269.2997035
12/02/2021 11:00,277.559,271.4055446
12/02/2021 12:00,278.37845,272.076683
12/02/2021 13:00,278.82544,270.3372125
12/02/2021 14:00,279.143,271.3902406
12/02/2021 15:00,279.23938,274.8868799
12/02/2021 16:00,278.9552,273.7505891
12/02/2021 17:00,278.41275,270.6778545
12/02/2021 18:00,278.0169,268.7248062
12/02/2021 19:00,277.26578,268.0167056
12/02/2021 20:00,276.76108,268.5567944
12/02/2021 21:00,276.38022,265.3909032
12/02/2021 22:00,276.05518,266.3789766
12/02/2021 23:00,275.78378,263.7439633
13/02/2021 0:00,275.54297,267.164161
13/02/2021 1:00,275.28625,267.5135228
13/02/2021 2:00,275.00427,265.588544
13/02/2021 3:00,274.64273,269.5205265
13/02/2021 4:00,274.28433,264.8112659
13/02/2021 5:00,273.90347,264.2918746
13/02/2021 6:00,273.52103,267.097072
13/02/2021 7:00,273.19196,268.6371295
13/02/2021 8:00,272.9867,270.5837917
13/02/2021 9:00,273.08588,267.6975004
13/02/2021 10:00,273.24966,271.2593285
13/02/2021 11:00,273.5959,269.6452675
13/02/2021 12:00,273.68604,269.8175165
13/02/2021 13:00,274.0588,272.1256964
13/02/2021 14:00,274.09998,272.1424931
13/02/2021 15:00,273.77493,268.1358639
13/02/2021 16:00,273.1277,272.7989291
13/02/2021 17:00,272.62048,271.8812122
13/02/2021 18:00,272.25146,267.3755262
13/02/2021 19:00,271.4027,269.5944513
13/02/2021 20:00,271.23456,269.1606036
13/02/2021 21:00,270.9579,268.4241559
13/02/2021 22:00,270.7074,266.3515084
13/02/2021 23:00,270.56174,265.9491685
14/02/2021 0:00,270.4878,267.2089115
14/02/2021 1:00,270.6394,269.752394
14/02/2021 2:00,270.82437,269.3405303
14/02/2021 3:00,270.97192,268.0548396
14/02/2021 4:00,271.11697,270.3384252
14/02/2021 5:00,271.1622,264.0445768
14/02/2021 6:00,271.1725,271.2072091
14/02/2021 7:00,271.69623,266.458488
14/02/2021 8:00,272.64825,269.7350273
14/02/2021 9:00,273.8991,269.3997059
14/02/2021 10:00,275.0283,270.4227404
14/02/2021 11:00,275.96002,276.0463975
14/02/2021 12:00,276.5652,273.7612604
14/02/2021 13:00,276.9813,275.4636144
14/02/2021 14:00,277.01624,274.764516
14/02/2021 15:00,276.75732,275.2862275
14/02/2021 16:00,276.14468,273.0726389
14/02/2021 17:00,275.43442,269.1436888
14/02/2021 18:00,274.90695,272.4798736
14/02/2021 19:00,274.24878,269.4220421
14/02/2021 20:00,274.03946,267.0079671
14/02/2021 21:00,273.91873,268.3805956
14/02/2021 22:00,273.86353,271.1135286
14/02/2021 23:00,273.81674,269.5543736
15/02/2021 0:00,273.8214,267.3165025
15/02/2021 1:00,273.86945,267.3150376
15/02/2021 2:00,273.88257,267.2997678
15/02/2021 3:00,273.85916,271.3819677
15/02/2021 4:00,273.86353,268.1675554
15/02/2021 5:00,273.90564,268.0222939
15/02/2021 6:00,273.91687,268.9084931
15/02/2021 7:00,274.3302,269.0772908
15/02/2021 8:00,275.22638,271.0991302
15/02/2021 9:00,276.32532,272.904139
15/02/2021 10:00,277.4233,274.4631778
15/02/2021 11:00,278.45425,275.6451705
15/02/2021 12:00,279.27307,277.7516224
15/02/2021 13:00,279.8202,276.8936239
15/02/2021 14:00,280.11343,277.9997761
15/02/2021 15:00,280.06506,275.7838281
15/02/2021 16:00,279.58688,274.3460575
15/02/2021 17:00,279.08154,268.9760938
15/02/2021 18:00,278.74,272.1053616
15/02/2021 19:00,278.43927,271.469877
15/02/2021 20:00,278.006,273.2470279
15/02/2021 21:00,277.55963,266.5073067
15/02/2021 22:00,276.98038,275.2135651
15/02/2021 23:00,276.30814,271.3092084
16/02/2021 0:00,275.83713,273.0244845
16/02/2021 1:00,275.54703,268.302237
16/02/2021 2:00,275.09412,271.3436737
16/02/2021 3:00,274.30334,268.3752874
16/02/2021 4:00,274.24222,269.3120601
16/02/2021 5:00,273.8239,274.3485057
16/02/2021 6:00,273.51822,271.0314987
16/02/2021 7:00,275.06573,272.0637033
16/02/2021 8:00,277.55963,274.5948202
16/02/2021 9:00,278.66418,275.3890554
16/02/2021 10:00,279.83298,275.5133936
16/02/2021 11:00,280.52362,277.3607858
16/02/2021 12:00,280.8945,282.1058427
16/02/2021 13:00,281.34338,278.2140266
16/02/2021 14:00,281.51587,278.6518108
16/02/2021 15:00,281.39233,279.8449516
16/02/2021 16:00,280.95035,278.5802085
16/02/2021 17:00,280.49524,277.0116788
16/02/2021 18:00,280.2644,275.1590461
16/02/2021 19:00,280.12466,271.6247663
16/02/2021 20:00,279.39285,276.616441
16/02/2021 21:00,278.13983,271.2116669
16/02/2021 22:00,277.3684,273.467598
16/02/2021 23:00,276.77417,271.7809404
17/02/2021 0:00,276.99597,273.1161944
17/02/2021 1:00,277.37527,273.3530533
17/02/2021 2:00,276.50186,272.5014391
17/02/2021 3:00,275.79376,272.3760093
17/02/2021 4:00,275.91574,274.2584375
17/02/2021 5:00,276.4663,272.2599234
17/02/2021 6:00,276.9186,271.322322
17/02/2021 7:00,278.23495,275.5156347
17/02/2021 8:00,279.4908,279.2018101
17/02/2021 9:00,280.3087,276.6336761
17/02/2021 10:00,281.01147,280.2603651
17/02/2021 11:00,281.53116,280.2556016
17/02/2021 12:00,281.96475,278.4314248
17/02/2021 13:00,281.9738,281.1170196
17/02/2021 14:00,282.15408,278.9616813
17/02/2021 15:00,282.18716,279.3172982
17/02/2021 16:00,282.0337,278.2565175
17/02/2021 17:00,281.80597,277.5810528
17/02/2021 18:00,281.4326,275.1567117
17/02/2021 19:00,280.86642,273.4614097
17/02/2021 20:00,280.58786,278.6392665
17/02/2021 21:00,279.89258,273.8314836
17/02/2021 22:00,279.1249,273.1024786
17/02/2021 23:00,277.6713,270.6296625
18/02/2021 0:00,276.44635,272.9686829
18/02/2021 1:00,275.67554,271.1239156
18/02/2021 2:00,275.70425,275.8395769
18/02/2021 3:00,275.89984,274.6196053
18/02/2021 4:00,275.67743,271.6945531
18/02/2021 5:00,275.35583,277.1283736
18/02/2021 6:00,274.9637,274.8293037
18/02/2021 7:00,275.98373,273.4767643
18/02/2021 8:00,278.13202,272.2484549
18/02/2021 9:00,280.4893,282.3055931
18/02/2021 10:00,282.35342,276.9859589
18/02/2021 11:00,283.66446,278.9203172
18/02/2021 12:00,284.42712,285.3418825
18/02/2021 13:00,284.65298,288.7975605
18/02/2021 14:00,284.57657,287.1302143
18/02/2021 15:00,284.30112,285.3284387
18/02/2021 16:00,283.70438,284.025749
18/02/2021 17:00,283.015,281.7204426
18/02/2021 18:00,282.65692,279.1790982
18/02/2021 19:00,282.65662,277.4306648
18/02/2021 20:00,282.26855,275.478907
18/02/2021 21:00,281.23044,273.8966472
18/02/2021 22:00,279.88196,272.2338529
18/02/2021 23:00,278.95178,272.9504417
19/02/2021 0:00,277.9486,270.5511817
19/02/2021 1:00,277.81885,273.5273472
19/02/2021 2:00,277.32098,272.2557508
19/02/2021 3:00,276.8715,271.914849
19/02/2021 4:00,276.71646,274.6789121
19/02/2021 5:00,277.15662,277.5882341
19/02/2021 6:00,276.50967,277.396952
19/02/2021 7:00,278.81702,274.1404014
19/02/2021 8:00,281.27225,277.5400101
19/02/2021 9:00,282.9074,283.1951689
19/02/2021 10:00,284.04034,281.2385849
19/02/2021 11:00,284.78024,283.9432262
19/02/2021 12:00,285.32956,286.4053625
19/02/2021 13:00,285.3835,284.1115086
19/02/2021 14:00,285.36295,286.1261015
19/02/2021 15:00,285.21353,283.0747647
19/02/2021 16:00,284.8049,283.3446524
19/02/2021 17:00,284.31702,283.3759629
19/02/2021 18:00,283.8669,279.0312661
19/02/2021 19:00,282.99942,283.0427727
19/02/2021 20:00,282.60764,282.0094229
19/02/2021 21:00,282.10916,282.2834997
19/02/2021 22:00,281.7102,281.2183076
19/02/2021 23:00,281.35022,282.6258193
20/02/2021 0:00,280.9622,280.5058135
20/02/2021 1:00,280.79813,279.0257352
20/02/2021 2:00,280.65775,279.7240981
20/02/2021 3:00,280.48587,280.029154
20/02/2021 4:00,280.53546,278.7022666
20/02/2021 5:00,280.59753,277.9995103
20/02/2021 6:00,280.70203,275.7295648
20/02/2021 7:00,281.52087,277.1595309
20/02/2021 8:00,282.66348,279.5332356
20/02/2021 9:00,284.29395,286.4869987
20/02/2021 10:00,285.03976,282.4161628
20/02/2021 11:00,285.45837,284.3833933
20/02/2021 12:00,285.80493,284.8758271
20/02/2021 13:00,286.0336,287.9841908
20/02/2021 14:00,286.02142,285.6200643
20/02/2021 15:00,285.70264,287.6499822
20/02/2021 16:00,285.33142,283.0272741
20/02/2021 17:00,284.50293,283.0920146
20/02/2021 18:00,283.38342,280.273999
20/02/2021 19:00,283.75024,284.1239197
20/02/2021 20:00,283.4305,277.7625528
20/02/2021 21:00,283.10422,279.9233118
20/02/2021 22:00,282.55585,280.146854
20/02/2021 23:00,280.84677,279.3371934
21/02/2021 0:00,279.97742,278.0193544
21/02/2021 1:00,279.61993,277.7016983
21/02/2021 2:00,278.6988,277.6452054
21/02/2021 3:00,277.96732,276.8116714
21/02/2021 4:00,277.85223,278.5454154
21/02/2021 5:00,277.6186,280.5692483
21/02/2021 6:00,277.5041,275.5890021
21/02/2021 7:00,279.08435,275.4625497
21/02/2021 8:00,280.86984,278.7658794
21/02/2021 9:00,282.93298,285.1909841
21/02/2021 10:00,284.8417,280.9025776
21/02/2021 11:00,285.833,287.0651323
21/02/2021 12:00,286.39636,288.5966889
21/02/2021 13:00,286.63406,285.4072109
21/02/2021 14:00,286.5907,287.762945
21/02/2021 15:00,286.28345,289.319204
21/02/2021 16:00,285.814,284.2959183
21/02/2021 17:00,284.64706,282.7918149
21/02/2021 18:00,283.86346,280.5851664
21/02/2021 19:00,282.56833,278.4897568
21/02/2021 20:00,281.5954,278.5111724
21/02/2021 21:00,280.70828,276.739156
21/02/2021 22:00,279.9562,278.1780782
21/02/2021 23:00,279.29367,275.9868175
22/02/2021 0:00,278.79736,276.96935
22/02/2021 1:00,278.3279,273.0383352
22/02/2021 2:00,277.909,275.8980124
22/02/2021 3:00,277.68378,276.4816139
22/02/2021 4:00,278.48795,271.2613792
22/02/2021 5:00,278.49792,275.3415004
22/02/2021 6:00,278.0581,276.8854725
22/02/2021 7:00,279.44058,274.7065272
22/02/2021 8:00,282.07922,282.038276
22/02/2021 9:00,284.55096,283.0822287
22/02/2021 10:00,285.9787,283.919684
22/02/2021 11:00,286.7944,287.0147799
22/02/2021 12:00,287.17184,289.3126503
22/02/2021 13:00,287.2938,289.1578896
22/02/2021 14:00,287.16684,290.1725119
22/02/2021 15:00,286.81592,287.0299244
22/02/2021 16:00,286.11032,287.2215155
22/02/2021 17:00,284.9284,282.5027768
22/02/2021 18:00,284.9384,283.4155237
22/02/2021 19:00,283.589,281.6913439
22/02/2021 20:00,282.8294,281.2168044
22/02/2021 21:00,281.87585,283.9433954
22/02/2021 22:00,280.9525,283.1195055
22/02/2021 23:00,280.43347,281.7540202
23/02/2021 0:00,279.43216,278.2694848
23/02/2021 1:00,278.44177,279.200215
23/02/2021 2:00,278.35007,281.5141484
23/02/2021 3:00,278.1105,279.1737275
23/02/2021 4:00,277.99103,282.5725899
23/02/2021 5:00,278.36722,278.6988392
23/02/2021 6:00,278.91653,277.9048172
23/02/2021 7:00,280.8212,278.1708883
23/02/2021 8:00,283.4305,281.3913951
23/02/2021 9:00,285.10684,282.930466
23/02/2021 10:00,286.14307,286.4587629
23/02/2021 11:00,286.7919,288.5773466
23/02/2021 12:00,287.18744,286.6097187
23/02/2021 13:00,287.38675,286.1585615
23/02/2021 14:00,287.30502,285.2143355
23/02/2021 15:00,286.85803,288.7705846
23/02/2021 16:00,286.07507,284.4866843
23/02/2021 17:00,285.33237,280.5053692
23/02/2021 18:00,285.02728,282.908167
23/02/2021 19:00,284.55847,286.0150441
23/02/2021 20:00,284.16885,281.5982941
23/02/2021 21:00,283.45828,282.3645211
23/02/2021 22:00,282.54492,279.3238071
23/02/2021 23:00,281.80066,277.9685409
24/02/2021 0:00,281.37146,279.6453108
24/02/2021 1:00,279.09714,278.3056227
24/02/2021 2:00,278.5606,278.7429914
24/02/2021 3:00,278.3956,278.3605336
24/02/2021 4:00,278.51257,276.2681794
24/02/2021 5:00,278.6046,278.9137352
24/02/2021 6:00,278.65045,275.4111864
24/02/2021 7:00,279.7731,276.4282023
24/02/2021 8:00,282.63416,282.181885
24/02/2021 9:00,285.53638,282.5948193
24/02/2021 10:00,287.87057,286.3966216
24/02/2021 11:00,289.346,287.9555538
24/02/2021 12:00,290.09558,291.0567946
24/02/2021 13:00,290.1592,290.6191094
24/02/2021 14:00,289.8529,289.8509371
24/02/2021 15:00,289.19534,290.7714352
24/02/2021 16:00,288.3631,290.3002584
24/02/2021 17:00,287.67123,286.6201833
24/02/2021 18:00,287.1132,283.3585759
24/02/2021 19:00,286.22324,279.2365207
24/02/2021 20:00,284.6168,278.1638632
24/02/2021 21:00,283.43082,278.6546961
24/02/2021 22:00,282.91272,277.3645558
24/02/2021 23:00,282.30194,277.3769859
25/02/2021 0:00,281.90515,276.8567836
25/02/2021 1:00,281.5795,277.3188646
25/02/2021 2:00,281.18802,276.1311847
25/02/2021 3:00,280.88513,276.8732104
25/02/2021 4:00,280.54263,275.5973421
25/02/2021 5:00,280.27594,271.6557768
25/02/2021 6:00,280.11996,273.5225797
25/02/2021 7:00,281.72144,277.9198746
25/02/2021 8:00,284.434,280.6295918
25/02/2021 9:00,287.14813,287.1956135
25/02/2021 10:00,289.1679,291.1992627
25/02/2021 11:00,290.36758,292.3719223
25/02/2021 12:00,290.85202,290.9713889
25/02/2021 13:00,290.9297,294.5444789
25/02/2021 14:00,290.6455,292.0941447
25/02/2021 15:00,289.97083,290.3400724
25/02/2021 16:00,288.90463,287.9248103
25/02/2021 17:00,287.27634,286.2679163
25/02/2021 18:00,286.59756,284.2502261
25/02/2021 19:00,284.63333,283.5254188
25/02/2021 20:00,283.87845,281.6618788
25/02/2021 21:00,283.2942,280.0099867
25/02/2021 22:00,282.82132,280.0004653
25/02/2021 23:00,282.6067,280.6872471
26/02/2021 0:00,282.77856,279.7675786
26/02/2021 1:00,281.69055,275.3030561
26/02/2021 2:00,280.39478,273.73245
26/02/2021 3:00,279.7157,280.6990378
26/02/2021 4:00,279.41345,276.3743903
26/02/2021 5:00,279.26184,278.2216414
26/02/2021 6:00,279.24625,276.5841794
26/02/2021 7:00,281.3546,276.9537347
26/02/2021 8:00,285.29898,284.8553563
26/02/2021 9:00,287.43323,288.3556804
26/02/2021 10:00,288.65976,287.821194
26/02/2021 11:00,289.34195,285.6702999
26/02/2021 12:00,289.5756,290.2403761
26/02/2021 13:00,289.5603,292.3854521
26/02/2021 14:00,289.22217,289.010372
26/02/2021 15:00,288.59143,291.3016639
26/02/2021 16:00,287.5892,289.364395
26/02/2021 17:00,286.61877,287.5630424
26/02/2021 18:00,285.94812,286.4326252
26/02/2021 19:00,285.10217,285.3842526
26/02/2021 20:00,283.87097,288.0259544
26/02/2021 21:00,283.92868,284.32045
26/02/2021 22:00,284.15295,283.2481044
26/02/2021 23:00,283.5715,280.2950194
27/02/2021 0:00,282.0471,278.939954
27/02/2021 1:00,281.04578,276.5953752
27/02/2021 2:00,280.32803,278.2688207
27/02/2021 3:00,279.84827,282.4630826
27/02/2021 4:00,279.45587,276.9312355
27/02/2021 5:00,279.036,276.2342285
27/02/2021 6:00,278.68976,281.3332273
27/02/2021 7:00,281.5277,279.0127305
27/02/2021 8:00,284.69415,279.0203459
27/02/2021 9:00,286.8939,282.9889008
27/02/2021 10:00,288.61734,280.6587924
27/02/2021 11:00,289.80112,285.9606672
27/02/2021 12:00,290.40408,284.2096184
27/02/2021 13:00,290.736,282.4998573
27/02/2021 14:00,290.7213,287.1499221
27/02/2021 15:00,290.4047,281.738656
27/02/2021 16:00,289.33292,283.3895793
27/02/2021 17:00,287.81192,281.7062643
27/02/2021 18:00,286.44348,283.0566208
27/02/2021 19:00,285.9291,282.3986824
27/02/2021 20:00,285.20197,279.1099074
27/02/2021 21:00,284.4727,277.1219833
27/02/2021 22:00,283.74213,279.1385906
27/02/2021 23:00,283.12888,276.7362052
28/02/2021 0:00,282.4838,281.0574324
28/02/2021 1:00,281.9245,277.7240702
28/02/2021 2:00,281.47095,276.7405342
28/02/2021 3:00,281.1266,277.5274275
28/02/2021 4:00,280.73947,274.7987308
28/02/2021 5:00,280.3692,274.9649851
28/02/2021 6:00,280.08472,278.4466847
28/02/2021 7:00,281.67993,275.6740127
28/02/2021 8:00,282.98883,276.170483
28/02/2021 9:00,284.22375,280.3874986
28/02/2021 10:00,285.3517,282.9122249
28/02/2021 11:00,286.31122,283.4751121
28/02/2021 12:00,286.98718,284.8860846
28/02/2021 13:00,287.37366,281.9587187
28/02/2021 14:00,287.40018,280.5936261
28/02/2021 15:00,287.10226,285.6041372
28/02/2021 16:00,286.3786,281.8081633
28/02/2021 17:00,285.4038,281.0150114
28/02/2021 18:00,284.52353,282.2331446
28/02/2021 19:00,284.4758,279.6823083
28/02/2021 20:00,283.7412,278.7608008
28/02/2021 21:00,282.82755,280.5570192
28/02/2021 22:00,281.89737,274.7084551
28/02/2021 23:00,281.0779,277.3819162
01/03/2021 0:00,280.37354,275.1248483
01/03/2021 1:00,279.77588,274.4398213
01/03/2021 2:00,279.24734,276.0555015
01/03/2021 3:00,278.79416,273.8471085
01/03/2021 4:00,278.4457,273.5873455
01/03/2021 5:00,278.12427,274.1223005
01/03/2021 6:00,277.92993,271.5131889
01/03/2021 7:00,279.36557,273.4897728
01/03/2021 8:00,281.51947,276.5269637
01/03/2021 9:00,283.56598,276.1616371
01/03/2021 10:00,285.13406,284.4030377
01/03/2021 11:00,286.27518,279.9839052
01/03/2021 12:00,287.04764,282.5021148
01/03/2021 13:00,287.42908,283.1456764
01/03/2021 14:00,287.438,284.6507769
01/03/2021 15:00,287.02115,285.2227136
01/03/2021 16:00,286.32983,284.2584204
01/03/2021 17:00,285.69583,280.5750575
01/03/2021 18:00,285.15573,280.584189
01/03/2021 19:00,284.93588,279.8558294
01/03/2021 20:00,284.46945,277.8550533
01/03/2021 21:00,283.467,280.0379384
01/03/2021 22:00,282.3738,277.0959805
01/03/2021 23:00,281.49588,277.4642281
02/03/2021 0:00,280.76553,277.4769943
02/03/2021 1:00,280.17535,278.3745161
02/03/2021 2:00,279.60684,276.0306133
02/03/2021 3:00,279.08624,272.5685733
02/03/2021 4:00,278.6138,275.5257461
02/03/2021 5:00,278.2042,273.7511915
02/03/2021 6:00,277.9514,273.7483554
02/03/2021 7:00,279.74796,276.9992361
02/03/2021 8:00,282.04248,281.4671525
02/03/2021 9:00,283.9414,281.553957
02/03/2021 10:00,285.3416,283.5927086
02/03/2021 11:00,286.36813,287.0481915
02/03/2021 12:00,286.99106,285.0571369
02/03/2021 13:00,287.09412,289.5275375
02/03/2021 14:00,286.76303,285.9691996
02/03/2021 15:00,286.12372,281.4542061
02/03/2021 16:00,285.2973,284.9390814
02/03/2021 17:00,284.3623,282.2809561
02/03/2021 18:00,283.87302,281.7022411
02/03/2021 19:00,284.3257,278.8879769
02/03/2021 20:00,284.0678,276.4264206
02/03/2021 21:00,283.63968,273.8229306
02/03/2021 22:00,282.75644,275.4152337
02/03/2021 23:00,281.74606,274.1029662
03/03/2021 0:00,280.8556,274.4592209
03/03/2021 1:00,280.2488,275.9432867
03/03/2021 2:00,279.89987,277.6985205
03/03/2021 3:00,279.54422,275.305312
03/03/2021 4:00,279.25912,272.5439376
03/03/2021 5:00,279.0092,275.4803897
03/03/2021 6:00,278.90805,276.8936209
03/03/2021 7:00,280.3215,274.4902053
03/03/2021 8:00,282.90356,279.4597195
03/03/2021 9:00,285.06253,282.4693115
03/03/2021 10:00,286.5817,282.7119355
03/03/2021 11:00,287.49118,286.3817778
03/03/2021 12:00,287.74307,285.724857
03/03/2021 13:00,287.66193,287.1136701
03/03/2021 14:00,287.40762,284.8320014
03/03/2021 15:00,286.90366,285.1029715
03/03/2021 16:00,286.08783,285.9724769
03/03/2021 17:00,285.188,280.6049212
03/03/2021 18:00,284.45837,282.3517608
03/03/2021 19:00,283.88672,278.2182458
03/03/2021 20:00,282.94858,278.8249654
03/03/2021 21:00,281.63336,278.9948887
03/03/2021 22:00,280.93457,273.0894308
03/03/2021 23:00,280.5245,271.2361344
04/03/2021 0:00,280.04437,270.94226
04/03/2021 1:00,279.80453,275.7455468
04/03/2021 2:00,279.42288,272.3172318
04/03/2021 3:00,278.95547,277.6112737
04/03/2021 4:00,278.439,271.7438605
04/03/2021 5:00,278.36722,272.6273486
04/03/2021 6:00,278.2259,275.0538952
04/03/2021 7:00,280.03424,279.6777549
04/03/2021 8:00,282.36465,285.1841688
04/03/2021 9:00,284.32907,286.1586101
04/03/2021 10:00,285.52533,287.648671
04/03/2021 11:00,286.31998,288.1692553
04/03/2021 12:00,286.61807,289.2729509
04/03/2021 13:00,286.60242,287.2447454
04/03/2021 14:00,286.43506,286.804897
04/03/2021 15:00,286.03198,287.7627103
04/03/2021 16:00,285.397,285.7847223
04/03/2021 17:00,284.60455,283.1558802
04/03/2021 18:00,283.7743,284.0254877
04/03/2021 19:00,282.18863,284.3592667
04/03/2021 20:00,281.29675,282.2339822
04/03/2021 21:00,280.597,284.0910159
04/03/2021 22:00,280.00992,278.7643618
04/03/2021 23:00,279.71567,280.0429745
05/03/2021 0:00,279.99017,279.0911704
05/03/2021 1:00,279.98682,276.9720575
05/03/2021 2:00,280.03232,279.8976718
05/03/2021 3:00,279.91507,279.8342982
05/03/2021 4:00,279.8563,282.7192133
05/03/2021 5:00,279.76624,280.9869907
05/03/2021 6:00,280.06436,278.2904684
05/03/2021 7:00,281.82623,284.7312943
05/03/2021 8:00,283.8287,285.0744748
05/03/2021 9:00,285.09216,285.0143034
05/03/2021 10:00,285.73508,284.4186107
05/03/2021 11:00,286.0563,284.0896554
05/03/2021 12:00,286.19717,285.553693
05/03/2021 13:00,286.12973,287.6570288
05/03/2021 14:00,285.95877,287.2868407
05/03/2021 15:00,285.4945,284.8173773
05/03/2021 16:00,285.15356,280.1694923
05/03/2021 17:00,284.48343,277.8965291
05/03/2021 18:00,283.33652,279.0459131
05/03/2021 19:00,283.54553,274.5843201
05/03/2021 20:00,283.5838,277.3438527
05/03/2021 21:00,282.89874,275.3555554
05/03/2021 22:00,282.43378,274.5197852
05/03/2021 23:00,281.85635,272.5069021
06/03/2021 0:00,280.67477,276.1261202
06/03/2021 1:00,280.65887,274.000456
06/03/2021 2:00,280.69305,272.4142976
06/03/2021 3:00,280.56616,268.9688146
06/03/2021 4:00,280.44986,273.746601
06/03/2021 5:00,280.1963,276.2713866
06/03/2021 6:00,279.7299,275.7647751
06/03/2021 7:00,280.7003,272.6801141
06/03/2021 8:00,281.3827,273.8011736
06/03/2021 9:00,282.3524,277.1545743
06/03/2021 10:00,283.4846,275.9304158
06/03/2021 11:00,284.5111,279.0633806
06/03/2021 12:00,285.26913,280.3302925
06/03/2021 13:00,285.60745,281.4280065
06/03/2021 14:00,285.62454,279.1732965
06/03/2021 15:00,285.29443,278.8468791
06/03/2021 16:00,284.63007,277.1168809
06/03/2021 17:00,283.46463,275.7758874
06/03/2021 18:00,282.27823,275.40815
06/03/2021 19:00,281.26544,277.2972138
06/03/2021 20:00,280.42868,277.6391127
06/03/2021 21:00,279.7624,273.9402974
06/03/2021 22:00,279.184,277.3604222
06/03/2021 23:00,278.6752,273.6185156
07/03/2021 0:00,278.1989,272.9190131
07/03/2021 1:00,277.7999,270.8016293
07/03/2021 2:00,277.4209,268.3018035
07/03/2021 3:00,277.08618,274.1258506
07/03/2021 4:00,276.7929,273.7454279
07/03/2021 5:00,276.5114,271.7926936
07/03/2021 6:00,276.48685,272.0468885
07/03/2021 7:00,278.34964,274.0417721
07/03/2021 8:00,280.1173,273.3058311
07/03/2021 9:00,281.73572,276.5972815
07/03/2021 10:00,283.03384,279.9638698
07/03/2021 11:00,283.81015,277.2375363
07/03/2021 12:00,284.30283,280.6635653
07/03/2021 13:00,284.45502,278.0835273
07/03/2021 14:00,284.33847,281.3365832
07/03/2021 15:00,283.93802,279.9653664
07/03/2021 16:00,283.311,275.979941
07/03/2021 17:00,282.51468,278.8854324
07/03/2021 18:00,281.70248,273.50363
07/03/2021 19:00,280.87463,272.1527019
07/03/2021 20:00,279.83102,273.1421703
07/03/2021 21:00,279.22687,273.8272813
07/03/2021 22:00,279.72147,269.1092963
07/03/2021 23:00,279.01062,270.9294317
08/03/2021 0:00,278.45004,272.2298093
08/03/2021 1:00,277.72623,273.4509625
08/03/2021 2:00,277.10016,272.4896338
08/03/2021 3:00,277.18204,271.6728956
08/03/2021 4:00,277.32,270.6877974
08/03/2021 5:00,277.39056,271.7797054
08/03/2021 6:00,277.641,270.0316133
08/03/2021 7:00,279.91794,269.1913029
08/03/2021 8:00,281.56595,278.1745237
08/03/2021 9:00,282.62473,280.7489243
08/03/2021 10:00,283.47256,276.1780949
08/03/2021 11:00,283.95367,278.989468
08/03/2021 12:00,284.23853,282.9915788
08/03/2021 13:00,284.2951,285.9617745
08/03/2021 14:00,284.2012,282.2464688
08/03/2021 15:00,284.00735,280.1906148
08/03/2021 16:00,283.62595,279.4298788
08/03/2021 17:00,283.12653,280.3323756
08/03/2021 18:00,282.20187,275.3537536
08/03/2021 19:00,283.2602,274.4035142
08/03/2021 20:00,282.69095,273.9285302
08/03/2021 21:00,282.637,272.0108417
08/03/2021 22:00,281.80844,272.8172898
08/03/2021 23:00,280.79974,275.0254343
09/03/2021 0:00,280.38797,272.2083657
09/03/2021 1:00,280.22086,271.1412725
09/03/2021 2:00,280.07855,270.732465
09/03/2021 3:00,280.23242,268.0884963
09/03/2021 4:00,280.22617,272.3941499
09/03/2021 5:00,280.26614,270.894039
09/03/2021 6:00,280.17535,271.0432482
09/03/2021 7:00,281.23315,279.6143259
09/03/2021 8:00,281.9156,275.7848364
09/03/2021 9:00,282.21658,275.4758709
09/03/2021 10:00,282.316,277.4574453
09/03/2021 11:00,282.03214,281.1790911
09/03/2021 12:00,281.80722,279.948185
09/03/2021 13:00,281.23172,277.4872766
09/03/2021 14:00,281.10843,281.4929914
09/03/2021 15:00,280.77615,278.3049842
09/03/2021 16:00,280.39304,281.8935536
09/03/2021 17:00,279.96323,279.0390853
09/03/2021 18:00,279.61575,275.2210036
09/03/2021 19:00,280.11685,277.496734
09/03/2021 20:00,279.94107,274.5122435
09/03/2021 21:00,279.68558,275.0813933
09/03/2021 22:00,279.41925,273.5907008
09/03/2021 23:00,279.23648,270.4091869
10/03/2021 0:00,278.98196,270.255739
10/03/2021 1:00,278.84064,273.1633205
10/03/2021 2:00,278.82715,270.7356338
10/03/2021 3:00,278.8493,270.556824
10/03/2021 4:00,278.99063,269.4050274
10/03/2021 5:00,278.9692,271.7668683
10/03/2021 6:00,278.87457,275.6617117
10/03/2021 7:00,279.75516,272.7959891
10/03/2021 8:00,280.00705,276.4871095
10/03/2021 9:00,280.43372,280.7068515
10/03/2021 10:00,281.5327,279.2076065
10/03/2021 11:00,282.9717,281.0814299
10/03/2021 12:00,283.9515,279.2308915
10/03/2021 13:00,284.44803,281.8139851
10/03/2021 14:00,284.42032,280.4924189
10/03/2021 15:00,284.05722,282.2165307
10/03/2021 16:00,283.32663,281.9626102
10/03/2021 17:00,282.26883,283.2756455
10/03/2021 18:00,281.4424,278.4583489
10/03/2021 19:00,280.84164,277.1411885
10/03/2021 20:00,280.20883,276.0873321
10/03/2021 21:00,279.7029,274.0010898
10/03/2021 22:00,279.27094,274.2676088
10/03/2021 23:00,278.8404,272.9088025
11/03/2021 0:00,278.452,273.6165182
11/03/2021 1:00,278.12305,276.3942156
11/03/2021 2:00,277.81195,271.8506869
11/03/2021 3:00,277.45557,275.3973644
11/03/2021 4:00,277.08017,274.6352092
11/03/2021 5:00,276.72644,271.6948784
11/03/2021 6:00,276.66312,267.7466476
11/03/2021 7:00,278.16617,273.071516
11/03/2021 8:00,279.78262,279.5700153
11/03/2021 9:00,281.09927,279.3867492
11/03/2021 10:00,282.11594,279.3066785
11/03/2021 11:00,282.95798,281.4116445
11/03/2021 12:00,283.50845,284.7454005
11/03/2021 13:00,283.63245,284.4331921
11/03/2021 14:00,283.51688,282.7117955
11/03/2021 15:00,283.23416,281.7482067
11/03/2021 16:00,282.82336,279.8108293
11/03/2021 17:00,282.2416,276.9835419
11/03/2021 18:00,281.6276,280.2078918
11/03/2021 19:00,281.944,277.8687812
11/03/2021 20:00,280.26782,280.9626064
11/03/2021 21:00,280.85464,281.938616
11/03/2021 22:00,281.0333,281.4745018
11/03/2021 23:00,280.82623,279.2083939
12/03/2021 0:00,280.6502,281.0450209
12/03/2021 1:00,280.58206,280.2538028
12/03/2021 2:00,280.7841,278.9130292
12/03/2021 3:00,281.1455,281.3117877
12/03/2021 4:00,281.43784,278.7683544
12/03/2021 5:00,281.6377,282.4488309
12/03/2021 6:00,281.9252,279.1547343
12/03/2021 7:00,282.43304,280.6408084
12/03/2021 8:00,283.16168,281.617706
12/03/2021 9:00,284.0204,282.3442437
12/03/2021 10:00,284.69003,285.3186815
12/03/2021 11:00,285.2075,283.939366
12/03/2021 12:00,285.39966,286.4877127
12/03/2021 13:00,285.44107,282.2955161
12/03/2021 14:00,285.3221,284.3301538
12/03/2021 15:00,285.07312,287.321819
12/03/2021 16:00,284.85352,281.3322119
12/03/2021 17:00,284.50485,281.1137427
12/03/2021 18:00,284.1988,282.5605364
12/03/2021 19:00,284.22095,281.5668377
12/03/2021 20:00,284.23758,281.4954684
12/03/2021 21:00,284.57132,281.3843572
12/03/2021 22:00,284.83978,281.4086306
12/03/2021 23:00,284.7661,282.1782772
13/03/2021 0:00,284.92288,280.7975281
13/03/2021 1:00,284.6852,279.2503877
13/03/2021 2:00,284.48776,280.4925183
13/03/2021 3:00,283.77164,282.3775704
13/03/2021 4:00,283.30185,278.2560951
13/03/2021 5:00,283.78607,275.6768605
13/03/2021 6:00,282.79086,279.0013182
13/03/2021 7:00,284.21902,278.8769934
13/03/2021 8:00,285.23038,277.5714916
13/03/2021 9:00,286.09625,284.9046735
13/03/2021 10:00,286.71246,284.1694925
13/03/2021 11:00,287.26123,286.2986234
13/03/2021 12:00,287.65543,287.8610651
13/03/2021 13:00,287.76932,288.2136869
13/03/2021 14:00,287.69827,289.171017
13/03/2021 15:00,287.54922,287.0895617
13/03/2021 16:00,286.97638,287.7640028
13/03/2021 17:00,286.1767,284.3845046
13/03/2021 18:00,285.67175,283.7040286
13/03/2021 19:00,285.27057,282.7047773
13/03/2021 20:00,285.21713,279.3613563
13/03/2021 21:00,285.0204,282.4492883
13/03/2021 22:00,285.09045,279.3299649
13/03/2021 23:00,285.23254,281.5789026
14/03/2021 0:00,285.181,280.593405
14/03/2021 1:00,285.2831,282.643026
14/03/2021 2:00,285.29056,278.5924479
14/03/2021 3:00,285.22363,278.0777427
14/03/2021 4:00,285.16293,278.0125002
14/03/2021 5:00,284.99103,277.2431359
14/03/2021 6:00,284.8044,279.8780269
14/03/2021 7:00,285.1721,279.5440687
14/03/2021 8:00,285.7141,283.4504137
14/03/2021 9:00,286.09048,284.6855498
14/03/2021 10:00,286.40112,288.942776
14/03/2021 11:00,286.56317,289.4134187
14/03/2021 12:00,286.65274,283.9408226
14/03/2021 13:00,286.63226,280.9297714
14/03/2021 14:00,286.92606,280.2380226
14/03/2021 15:00,286.79288,281.410604
14/03/2021 16:00,286.57834,277.2095482
14/03/2021 17:00,286.07147,279.0305849
14/03/2021 18:00,285.60553,280.3106758
14/03/2021 19:00,284.48392,279.3739122
14/03/2021 20:00,283.8128,278.7246874
14/03/2021 21:00,283.48242,279.9478768
14/03/2021 22:00,283.18625,273.1819627
14/03/2021 23:00,282.97195,279.1700587
15/03/2021 0:00,282.6878,276.6765157
15/03/2021 1:00,282.15662,274.4408766
15/03/2021 2:00,281.6307,278.4753446
15/03/2021 3:00,281.06366,279.8354439
15/03/2021 4:00,280.7386,276.9089489
15/03/2021 5:00,280.45325,278.6186523
15/03/2021 6:00,280.3473,279.7922739
15/03/2021 7:00,280.77686,279.5860132
15/03/2021 8:00,281.06268,281.010937
15/03/2021 9:00,281.2664,281.1958463
15/03/2021 10:00,281.75015,281.3703747
15/03/2021 11:00,282.19034,278.9359307
15/03/2021 12:00,282.72104,281.6873891
15/03/2021 13:00,283.07645,280.3933373
15/03/2021 14:00,283.40756,286.3237233
15/03/2021 15:00,283.71335,282.2375427
15/03/2021 16:00,283.6163,282.2444485
15/03/2021 17:00,283.1634,281.6151165
15/03/2021 18:00,282.69745,279.3279743
15/03/2021 19:00,281.7145,281.4555856
15/03/2021 20:00,281.39136,276.0030974
15/03/2021 21:00,281.21222,276.3052682
15/03/2021 22:00,281.07278,274.1236147
15/03/2021 23:00,281.02994,273.08336
16/03/2021 0:00,280.819,274.6820799
16/03/2021 1:00,280.50644,275.9893397
16/03/2021 2:00,280.1024,275.1714886
16/03/2021 3:00,279.69763,274.5684528
16/03/2021 4:00,279.29092,273.0904265
16/03/2021 5:00,278.96176,275.2117676
16/03/2021 6:00,279.03326,273.1034213
16/03/2021 7:00,280.70343,278.9219793
16/03/2021 8:00,281.94736,279.5898306
16/03/2021 9:00,282.7904,278.0669861
16/03/2021 10:00,283.80798,280.8236239
16/03/2021 11:00,284.51184,280.6818924
16/03/2021 12:00,285.1165,283.1215348
16/03/2021 13:00,285.48514,285.3405395
16/03/2021 14:00,285.49863,279.3818989
16/03/2021 15:00,285.24338,282.0109913
16/03/2021 16:00,284.62717,280.9859643
16/03/2021 17:00,283.684,281.4019586
16/03/2021 18:00,282.84625,279.766764
16/03/2021 19:00,282.09186,277.2572544
16/03/2021 20:00,281.54114,277.4222993
16/03/2021 21:00,281.10434,276.0608541
16/03/2021 22:00,280.63815,278.8853727
16/03/2021 23:00,280.29214,276.6116282
17/03/2021 0:00,279.87628,279.5414535
17/03/2021 1:00,279.465,275.6926271
17/03/2021 2:00,279.03543,274.177378
17/03/2021 3:00,278.67688,272.451357
17/03/2021 4:00,278.41055,271.5043571
17/03/2021 5:00,278.1835,271.5258387
17/03/2021 6:00,278.2779,275.2040498
17/03/2021 7:00,279.24878,277.3931269
17/03/2021 8:00,279.9189,275.2203065
17/03/2021 9:00,281.08942,281.030093
17/03/2021 10:00,282.08945,279.6568466
17/03/2021 11:00,282.7521,281.4502876
17/03/2021 12:00,283.37503,284.5107416
17/03/2021 13:00,283.75357,283.5406898
17/03/2021 14:00,283.95657,281.3386081
17/03/2021 15:00,283.80823,279.8025638
17/03/2021 16:00,283.34445,276.6937677
17/03/2021 17:00,282.53323,278.1209629
17/03/2021 18:00,281.81036,277.8911438
17/03/2021 19:00,281.231,275.8884763
17/03/2021 20:00,280.6868,276.7048889
17/03/2021 21:00,280.23434,276.5232521
17/03/2021 22:00,279.74072,275.4293106
17/03/2021 23:00,279.26514,274.2304654
18/03/2021 0:00,278.71228,275.242542
18/03/2021 1:00,278.1387,275.3140147
18/03/2021 2:00,277.693,272.2106916
18/03/2021 3:00,277.40405,276.283335
18/03/2021 4:00,277.17096,273.4068061
18/03/2021 5:00,276.97833,273.4750181
18/03/2021 6:00,277.26392,275.0880106
18/03/2021 7:00,278.97934,276.1091786
18/03/2021 8:00,280.1602,278.5133475
18/03/2021 9:00,281.20813,278.5520454
18/03/2021 10:00,282.0933,277.4483537
18/03/2021 11:00,282.7172,279.9070188
18/03/2021 12:00,283.167,277.713886
18/03/2021 13:00,283.3081,280.3555635
18/03/2021 14:00,283.25415,280.0054968
18/03/2021 15:00,282.8301,279.2529726
18/03/2021 16:00,282.46484,278.4323659
18/03/2021 17:00,281.87054,274.4736779
18/03/2021 18:00,281.3651,275.6307133
18/03/2021 19:00,280.0528,275.9288997
18/03/2021 20:00,279.47803,275.1088451
18/03/2021 21:00,278.84375,272.2433166
18/03/2021 22:00,278.2685,275.7461714
18/03/2021 23:00,278.1033,271.3713396
19/03/2021 0:00,277.58008,274.0191565
19/03/2021 1:00,277.13748,272.30847
19/03/2021 2:00,276.76135,269.7248965
19/03/2021 3:00,276.43484,273.8087768
19/03/2021 4:00,276.03897,268.2605646
19/03/2021 5:00,275.66382,271.6944987
19/03/2021 6:00,275.9547,273.0349136
19/03/2021 7:00,277.82037,272.8254291
19/03/2021 8:00,279.35327,278.2648959
19/03/2021 9:00,280.62878,276.8893874
19/03/2021 10:00,281.55414,279.0422512
19/03/2021 11:00,282.06656,279.6054713
19/03/2021 12:00,282.559,279.515402
19/03/2021 13:00,282.90765,281.4281047
19/03/2021 14:00,282.85806,281.4918825
19/03/2021 15:00,282.61942,276.6564857
19/03/2021 16:00,282.27243,281.3939439
19/03/2021 17:00,281.61362,275.0520967
19/03/2021 18:00,280.48645,279.5490495
19/03/2021 19:00,280.85464,278.4612316
19/03/2021 20:00,280.19125,273.0471346
19/03/2021 21:00,278.6533,274.5292246
19/03/2021 22:00,277.23743,272.8368442
19/03/2021 23:00,276.66528,273.8539152
20/03/2021 0:00,277.1919,273.0230591
20/03/2021 1:00,277.1353,274.4852774
20/03/2021 2:00,276.99567,275.285198
20/03/2021 3:00,276.8194,275.4212788
20/03/2021 4:00,276.69513,270.4395518
20/03/2021 5:00,276.67926,270.4004312
20/03/2021 6:00,276.8613,269.0600572
20/03/2021 7:00,277.92728,272.6335106
20/03/2021 8:00,279.35303,276.8775616
20/03/2021 9:00,280.9423,279.3897895
20/03/2021 10:00,282.06705,275.2958308
20/03/2021 11:00,282.73428,276.9840759
20/03/2021 12:00,283.13834,278.8487598
20/03/2021 13:00,283.36612,279.8216561
20/03/2021 14:00,283.3069,277.7456938
20/03/2021 15:00,283.10895,279.0133284
20/03/2021 16:00,282.6948,276.2728552
20/03/2021 17:00,281.9606,275.2320672
20/03/2021 18:00,281.26785,275.3034845
20/03/2021 19:00,280.6709,274.0194595
20/03/2021 20:00,279.73373,272.805435
20/03/2021 21:00,279.11826,273.0055726
20/03/2021 22:00,278.63788,272.6019157
20/03/2021 23:00,278.12714,271.8728304
21/03/2021 0:00,277.8512,271.675237
21/03/2021 1:00,277.50998,274.7015987
21/03/2021 2:00,277.3301,272.491362
21/03/2021 3:00,277.15964,270.7122424
21/03/2021 4:00,276.98434,272.4119941
21/03/2021 5:00,276.90848,270.3293104
21/03/2021 6:00,277.2615,273.4353562
21/03/2021 7:00,278.7171,273.3561549
21/03/2021 8:00,280.08603,274.0850187
21/03/2021 9:00,281.39716,276.6716175
21/03/2021 10:00,282.52768,274.4605648
21/03/2021 11:00,283.4764,276.2736077
21/03/2021 12:00,284.1458,276.8322831
21/03/2021 13:00,284.58286,279.755554
21/03/2021 14:00,284.64645,282.5763441
21/03/2021 15:00,284.1817,283.1566578
21/03/2021 16:00,283.26428,279.5084407
21/03/2021 17:00,281.93027,277.7941789
21/03/2021 18:00,280.616,272.1740025
21/03/2021 19:00,279.61453,274.059354
21/03/2021 20:00,279.10333,272.7432838
21/03/2021 21:00,278.7537,272.5011955
21/03/2021 22:00,278.46185,273.0707147
21/03/2021 23:00,278.3092,272.2124392
22/03/2021 0:00,278.29813,269.3614728
22/03/2021 1:00,278.56348,274.5817807
22/03/2021 2:00,278.68484,271.4931611
22/03/2021 3:00,278.75827,274.2141232
22/03/2021 4:00,278.68845,277.7770467
22/03/2021 5:00,278.56107,272.8396923
22/03/2021 6:00,278.6528,270.6476596
22/03/2021 7:00,279.39685,275.8257425
22/03/2021 8:00,279.94586,279.3141234
22/03/2021 9:00,281.15732,281.9327967
22/03/2021 10:00,282.24957,276.9447795
22/03/2021 11:00,283.27344,280.7538911
22/03/2021 12:00,284.11478,279.5172139
22/03/2021 13:00,284.47955,280.2921417
22/03/2021 14:00,284.03915,285.3605094
22/03/2021 15:00,283.402,277.8134877
22/03/2021 16:00,282.6105,280.2200079
22/03/2021 17:00,281.6064,279.3666554
22/03/2021 18:00,280.66995,279.4231707
22/03/2021 19:00,279.91818,276.5667401
22/03/2021 20:00,279.38965,276.3579897
22/03/2021 21:00,279.05084,274.6173538
22/03/2021 22:00,278.7183,275.2954203
22/03/2021 23:00,278.42792,273.6722937
23/03/2021 0:00,278.20853,274.7999901
23/03/2021 1:00,277.948,272.4843217
23/03/2021 2:00,277.67975,273.1821132
23/03/2021 3:00,277.3412,271.7702585
23/03/2021 4:00,276.97543,273.0144392
23/03/2021 5:00,276.68552,270.3161561
23/03/2021 6:00,276.85165,268.7133674
23/03/2021 7:00,277.52997,277.3876107
23/03/2021 8:00,278.72675,275.2402252
23/03/2021 9:00,279.92853,277.4294647
23/03/2021 10:00,281.1583,279.0577812
23/03/2021 11:00,282.25076,283.7773076
23/03/2021 12:00,282.94186,278.4675783
23/03/2021 13:00,283.29678,288.7524836
23/03/2021 14:00,283.3861,284.8565008
23/03/2021 15:00,283.193,283.0819791
23/03/2021 16:00,282.72635,281.8461031
23/03/2021 17:00,281.99915,281.1880585
23/03/2021 18:00,281.40292,280.7929923
23/03/2021 19:00,280.9577,280.6052777
23/03/2021 20:00,280.6259,279.8498479
23/03/2021 21:00,280.34103,278.3581357
23/03/2021 22:00,280.04004,277.3716243
23/03/2021 23:00,279.8994,277.0819199
24/03/2021 0:00,279.89676,276.5550078
24/03/2021 1:00,279.94708,278.5616419
24/03/2021 2:00,279.84402,277.3876632
24/03/2021 3:00,279.62778,270.6964102
24/03/2021 4:00,279.40552,276.7536739
24/03/2021 5:00,279.2967,275.6634567
24/03/2021 6:00,279.73132,276.115722
24/03/2021 7:00,281.77496,277.6363797
24/03/2021 8:00,282.81543,282.0190001
24/03/2021 9:00,283.8198,283.2518395
24/03/2021 10:00,285.19522,281.5767421
24/03/2021 11:00,286.38522,284.1824478
24/03/2021 12:00,286.90268,281.5029393
24/03/2021 13:00,287.05487,280.6877778
24/03/2021 14:00,286.8148,281.9120769
24/03/2021 15:00,286.62988,284.3363184
24/03/2021 16:00,286.05606,283.979727
24/03/2021 17:00,285.08588,282.1732066
24/03/2021 18:00,284.13885,281.441125
24/03/2021 19:00,283.4863,280.6123865
24/03/2021 20:00,282.8954,277.6192402
24/03/2021 21:00,282.50143,278.2752425
24/03/2021 22:00,282.17178,277.8075669
24/03/2021 23:00,281.92593,276.6239971
25/03/2021 0:00,281.6926,276.7474212
25/03/2021 1:00,281.45422,275.4905393
25/03/2021 2:00,281.1684,274.7362506
25/03/2021 3:00,280.64346,275.6035867
25/03/2021 4:00,280.00534,273.5863448
25/03/2021 5:00,279.3711,271.7518425
25/03/2021 6:00,279.6899,274.0194261
25/03/2021 7:00,281.8282,276.1786478
25/03/2021 8:00,283.03503,278.1048386
25/03/2021 9:00,283.8193,280.9247794
25/03/2021 10:00,284.82367,281.0725546
25/03/2021 11:00,285.6397,283.1202683
25/03/2021 12:00,286.32022,281.264784
25/03/2021 13:00,286.72137,285.2645963
25/03/2021 14:00,286.1909,284.9067397
25/03/2021 15:00,285.32596,283.3414677
25/03/2021 16:00,284.95706,285.6829611
25/03/2021 17:00,284.38422,284.768087
25/03/2021 18:00,283.79715,277.8935312
25/03/2021 19:00,283.52097,277.3611635
25/03/2021 20:00,283.2922,276.0175223
25/03/2021 21:00,282.8814,274.808112
25/03/2021 22:00,282.09857,277.3692578
25/03/2021 23:00,280.6384,275.2151886
26/03/2021 0:00,279.67184,274.8057562
26/03/2021 1:00,278.70505,271.5782143
26/03/2021 2:00,278.2839,275.991967
26/03/2021 3:00,278.30896,272.2582163
26/03/2021 4:00,278.2119,274.0922804
26/03/2021 5:00,278.1522,274.1785041
26/03/2021 6:00,279.2023,278.521219
26/03/2021 7:00,281.71426,277.9314238
26/03/2021 8:00,283.50412,278.3877459
26/03/2021 9:00,284.66257,286.1931529
26/03/2021 10:00,285.4613,290.4919573
26/03/2021 11:00,285.9997,290.5252098
26/03/2021 12:00,286.3679,289.4172155
26/03/2021 13:00,286.55545,288.5930758
26/03/2021 14:00,286.3686,291.0277026
26/03/2021 15:00,286.00333,287.6909555
26/03/2021 16:00,285.48776,289.259815
26/03/2021 17:00,284.88965,287.1077095
26/03/2021 18:00,284.1386,285.9318326
26/03/2021 19:00,283.7136,288.3424966
26/03/2021 20:00,283.56094,282.7869583
26/03/2021 21:00,283.20554,279.9011596
26/03/2021 22:00,282.86697,279.5724356
26/03/2021 23:00,282.54694,275.3735303
27/03/2021 0:00,282.13422,276.2244842
27/03/2021 1:00,281.57318,275.9495837
27/03/2021 2:00,281.02054,275.1965131
27/03/2021 3:00,280.49924,276.0369999
27/03/2021 4:00,279.96683,274.0555046
27/03/2021 5:00,279.62418,277.4190294
27/03/2021 6:00,280.05182,277.5799275
27/03/2021 7:00,282.58884,283.1928419
27/03/2021 8:00,284.42538,285.3477069
27/03/2021 9:00,285.79962,287.9225935
27/03/2021 10:00,286.62747,290.1518694
27/03/2021 11:00,287.00095,288.0766239
27/03/2021 12:00,287.6099,289.2348232
27/03/2021 13:00,287.72357,289.9379863
27/03/2021 14:00,287.59906,287.3533791
27/03/2021 15:00,287.14276,287.8122973
27/03/2021 16:00,286.5191,287.8431079
27/03/2021 17:00,285.77576,288.7953908
27/03/2021 18:00,285.11142,286.6055764
27/03/2021 19:00,284.72253,286.1612521
27/03/2021 20:00,284.39145,286.5372639
27/03/2021 21:00,284.15906,284.2106051
27/03/2021 22:00,283.78198,284.7008551
27/03/2021 23:00,283.28403,283.4924814
28/03/2021 0:00,282.9132,283.9723882
28/03/2021 1:00,282.58813,282.0734034
28/03/2021 2:00,282.3926,278.4306195
28/03/2021 3:00,282.2515,281.8805545
28/03/2021 4:00,282.14868,284.0795179
28/03/2021 5:00,282.29675,282.9848823
28/03/2021 6:00,282.92114,283.3664805
28/03/2021 7:00,285.6048,285.047832
28/03/2021 8:00,286.73535,283.5600172
28/03/2021 9:00,287.85938,283.8185854
28/03/2021 10:00,288.48328,282.5617679
28/03/2021 11:00,288.71564,283.5342507
28/03/2021 12:00,288.7183,285.3745538
28/03/2021 13:00,288.66266,286.8657949
28/03/2021 14:00,288.41656,284.9997329
28/03/2021 15:00,287.9781,284.7022541
28/03/2021 16:00,287.5574,285.1476971
28/03/2021 17:00,286.89377,285.088622
28/03/2021 18:00,286.15814,280.3337377
28/03/2021 19:00,286.57568,276.8082788
28/03/2021 20:00,286.2446,278.8788771
28/03/2021 21:00,285.88315,277.2282554
28/03/2021 22:00,284.64716,278.2966311
28/03/2021 23:00,283.32953,278.8947899
29/03/2021 0:00,282.68372,277.2592841
29/03/2021 1:00,282.25366,280.3049299
29/03/2021 2:00,281.47925,278.367232
29/03/2021 3:00,281.00345,277.599142
29/03/2021 4:00,280.74026,277.6585177
29/03/2021 5:00,280.54907,274.6925912
29/03/2021 6:00,282.51782,280.3513834
29/03/2021 7:00,285.364,281.4281184
29/03/2021 8:00,287.20972,285.4091031
29/03/2021 9:00,288.55093,284.3177934
29/03/2021 10:00,289.4804,284.8586282
29/03/2021 11:00,289.94345,290.2297341
29/03/2021 12:00,290.04315,290.2199469
29/03/2021 13:00,289.91263,288.3572985
29/03/2021 14:00,289.49026,288.474508
29/03/2021 15:00,289.2148,291.8446667
29/03/2021 16:00,288.6925,287.0649439
29/03/2021 17:00,288.033,290.5561845
29/03/2021 18:00,287.5969,283.7554982
29/03/2021 19:00,287.65326,285.9797657
29/03/2021 20:00,287.40137,283.2835522
29/03/2021 21:00,287.4305,283.9394977
29/03/2021 22:00,287.03827,281.6197676
29/03/2021 23:00,285.9448,283.0915426
30/03/2021 0:00,284.82318,283.1927315
30/03/2021 1:00,283.9821,281.2421173
30/03/2021 2:00,283.42874,283.4724932
30/03/2021 3:00,282.92474,280.6498659
30/03/2021 4:00,282.57248,281.1350352
30/03/2021 5:00,282.33722,279.8274999
30/03/2021 6:00,282.95773,277.9422178
30/03/2021 7:00,285.96625,284.0292757
30/03/2021 8:00,288.15387,290.2275924
30/03/2021 9:00,289.26007,288.4564226
30/03/2021 10:00,290.05182,287.8209728
30/03/2021 11:00,290.65765,287.8836688
30/03/2021 12:00,291.02414,288.910997
30/03/2021 13:00,291.3976,290.3472664
30/03/2021 14:00,291.44385,287.5894173
30/03/2021 15:00,290.88736,291.365651
30/03/2021 16:00,290.1219,289.8949218
30/03/2021 17:00,289.2189,288.4386797
30/03/2021 18:00,288.40814,286.1896744
30/03/2021 19:00,287.98602,285.4802896
30/03/2021 20:00,287.5728,285.1824287
30/03/2021 21:00,287.1105,284.6660701
30/03/2021 22:00,286.5244,283.2900977
30/03/2021 23:00,285.74182,283.9497169
31/03/2021 0:00,284.92575,284.7880949
31/03/2021 1:00,284.22144,286.9456508
31/03/2021 2:00,283.67868,281.3494149
31/03/2021 3:00,283.3175,280.4477427
31/03/2021 4:00,282.94836,282.7873505
31/03/2021 5:00,282.70346,282.1884657
31/03/2021 6:00,283.47354,283.7162815
31/03/2021 7:00,286.53308,286.7984969
31/03/2021 8:00,288.66122,287.854666
31/03/2021 9:00,289.88953,292.4159876
31/03/2021 10:00,290.6651,288.4725954
31/03/2021 11:00,291.04822,290.7717178
31/03/2021 12:00,290.99765,292.6789628
31/03/2021 13:00,290.727,290.1761099
31/03/2021 14:00,290.48547,292.3107784
31/03/2021 15:00,290.125,295.0554295
31/03/2021 16:00,289.62103,291.4563535
31/03/2021 17:00,288.8305,290.2301741
31/03/2021 18:00,288.1192,285.6907575
31/03/2021 19:00,287.9523,285.6028285
31/03/2021 20:00,287.65805,284.4010264
31/03/2021 21:00,287.30215,283.1525157
31/03/2021 22:00,286.62506,285.1697577
31/03/2021 23:00,285.6985,283.2057816
01/04/2021 0:00,284.81573,279.6545421
01/04/2021 1:00,284.13696,281.708146
01/04/2021 2:00,283.6948,281.9438436
01/04/2021 3:00,283.3578,282.8888645
01/04/2021 4:00,283.03833,283.2818397
01/04/2021 5:00,282.81818,278.5989078
01/04/2021 6:00,283.9848,281.9195279
01/04/2021 7:00,286.8168,285.5240293
01/04/2021 8:00,289.09454,290.2540448
01/04/2021 9:00,290.40564,293.1963161
01/04/2021 10:00,291.14578,295.2435188
01/04/2021 11:00,291.37125,294.2412869
01/04/2021 12:00,291.29263,294.4584206
01/04/2021 13:00,291.05334,295.7572704
01/04/2021 14:00,290.84198,294.1436013
01/04/2021 15:00,290.55356,299.1511912
01/04/2021 16:00,289.88434,291.7260017
01/04/2021 17:00,288.9068,293.0631145
01/04/2021 18:00,287.96085,293.763041
01/04/2021 19:00,286.75598,288.2155897
01/04/2021 20:00,287.1562,286.4227207
01/04/2021 21:00,285.99142,284.8981344
01/04/2021 22:00,285.71442,285.0922048
01/04/2021 23:00,286.16245,287.102176
02/04/2021 0:00,285.89157,279.9253251
02/04/2021 1:00,285.58243,285.9874648
02/04/2021 2:00,284.2031,280.3923361
02/04/2021 3:00,282.7786,282.6534621
02/04/2021 4:00,282.61288,282.5059712
02/04/2021 5:00,282.892,283.4362221
02/04/2021 6:00,284.7645,280.6389293
02/04/2021 7:00,287.36942,288.4548565
02/04/2021 8:00,288.95142,293.5269496
02/04/2021 9:00,289.8222,288.7176661
02/04/2021 10:00,290.31058,292.2024284
02/04/2021 11:00,290.56445,290.0109516
02/04/2021 12:00,290.7039,292.6764198
02/04/2021 13:00,290.51135,292.0392673
02/04/2021 14:00,290.13928,290.2002307
02/04/2021 15:00,289.8344,291.4696133
02/04/2021 16:00,289.30273,293.0235479
02/04/2021 17:00,288.53528,288.2941158
02/04/2021 18:00,287.77203,288.4738903
02/04/2021 19:00,287.4661,284.0571005
02/04/2021 20:00,287.20053,283.2674254
02/04/2021 21:00,286.9461,284.8694211
02/04/2021 22:00,286.66782,286.012146
02/04/2021 23:00,286.3826,283.7017137
03/04/2021 0:00,286.18127,282.226882
03/04/2021 1:00,286.0801,282.5104622
03/04/2021 2:00,285.97495,279.9468763
03/04/2021 3:00,285.81427,282.8441647
03/04/2021 4:00,285.6908,282.9850912
03/04/2021 5:00,285.68018,280.3125597
03/04/2021 6:00,286.1332,279.9444552
03/04/2021 7:00,287.04092,281.5614739
03/04/2021 8:00,287.46875,280.6190525
03/04/2021 9:00,287.95898,282.2828846
03/04/2021 10:00,288.7294,287.8838062
03/04/2021 11:00,289.18564,284.5383994
03/04/2021 12:00,289.20422,284.7424862
03/04/2021 13:00,288.4439,284.1458733
03/04/2021 14:00,287.90854,286.3708707
03/04/2021 15:00,287.03296,284.2790271
03/04/2021 16:00,285.79303,282.7493429
03/04/2021 17:00,284.3648,285.1362347
03/04/2021 18:00,283.28662,284.1551753
03/04/2021 19:00,283.67966,279.6072782
03/04/2021 20:00,283.40985,276.8395916
03/04/2021 21:00,283.20325,281.3640168
03/04/2021 22:00,283.27972,277.7119321
03/04/2021 23:00,283.22687,279.7972604
04/04/2021 0:00,283.06223,274.4108457
04/04/2021 1:00,282.87262,279.0368403
04/04/2021 2:00,282.51355,274.8926198
04/04/2021 3:00,282.12823,277.9622363
04/04/2021 4:00,281.6733,276.3302647
04/04/2021 5:00,281.26752,274.4755175
04/04/2021 6:00,281.51608,276.4287605
04/04/2021 7:00,282.35742,279.3937853
04/04/2021 8:00,283.41196,279.3224227
04/04/2021 9:00,284.58044,281.075533
04/04/2021 10:00,285.6576,285.142032
04/04/2021 11:00,286.52386,279.8542711
04/04/2021 12:00,287.08023,286.1141123
04/04/2021 13:00,287.28073,283.7326818
04/04/2021 14:00,287.10095,281.8661783
04/04/2021 15:00,286.8088,280.7030933
04/04/2021 16:00,286.1964,282.3259113
04/04/2021 17:00,285.0545,283.3005689
04/04/2021 18:00,283.77527,280.0792003
04/04/2021 19:00,282.2533,281.40444
04/04/2021 20:00,281.72086,274.7370632
04/04/2021 21:00,281.31613,277.6630421
04/04/2021 22:00,280.87555,275.4158516
04/04/2021 23:00,280.45834,276.2832066
05/04/2021 0:00,279.98883,276.0575651
05/04/2021 1:00,279.5355,273.2747278
05/04/2021 2:00,279.13742,269.1560504
05/04/2021 3:00,278.7672,273.973433
05/04/2021 4:00,278.4573,274.0653409
05/04/2021 5:00,278.26477,273.6148432
05/04/2021 6:00,279.29385,277.9035334
05/04/2021 7:00,280.86707,277.4105797
05/04/2021 8:00,282.23364,282.4399536
05/04/2021 9:00,283.38275,284.9342408
05/04/2021 10:00,284.2562,280.765527
05/04/2021 11:00,284.83752,285.357882
05/04/2021 12:00,285.12512,284.5699808
05/04/2021 13:00,285.2088,285.8747673
05/04/2021 14:00,285.09726,286.9713258
05/04/2021 15:00,284.76663,285.5163693
05/04/2021 16:00,284.2445,284.6956982
05/04/2021 17:00,283.61804,284.3904805
05/04/2021 18:00,282.60703,280.4415085
05/04/2021 19:00,283.43854,280.1423904
05/04/2021 20:00,282.8131,283.0512276
05/04/2021 21:00,281.24283,279.4509706
05/04/2021 22:00,279.66827,282.1376047
05/04/2021 23:00,279.0065,281.4960595
06/04/2021 0:00,278.75287,277.5271931
06/04/2021 1:00,279.48584,279.0565427
06/04/2021 2:00,279.7113,282.1801842
06/04/2021 3:00,279.87543,277.0193912
06/04/2021 4:00,279.8778,275.7590224
06/04/2021 5:00,280.0077,276.1072081
06/04/2021 6:00,281.0495,276.7296882
06/04/2021 7:00,282.85162,274.4145685
06/04/2021 8:00,284.33774,273.8495494
06/04/2021 9:00,285.47968,277.7919765
06/04/2021 10:00,286.10907,279.4131469
06/04/2021 11:00,286.50635,278.895173
06/04/2021 12:00,286.37994,277.5978397
06/04/2021 13:00,286.56796,276.0588883
06/04/2021 14:00,286.4968,275.9343212
06/04/2021 15:00,285.93988,278.2357825
06/04/2021 16:00,285.2088,277.7763568
06/04/2021 17:00,284.51328,279.1750375
06/04/2021 18:00,284.14706,277.2460689
06/04/2021 19:00,282.54013,272.5278025
06/04/2021 20:00,281.18256,276.751087
06/04/2021 21:00,278.57098,272.7749224
06/04/2021 22:00,276.80203,273.457181
06/04/2021 23:00,276.40634,273.8042454
07/04/2021 0:00,276.26694,276.3642098
07/04/2021 1:00,276.45468,277.8958354
07/04/2021 2:00,276.413,272.8992334
07/04/2021 3:00,276.36438,270.901876
07/04/2021 4:00,276.19098,271.6482075
07/04/2021 5:00,276.00986,272.3195484
07/04/2021 6:00,276.7006,272.879945
07/04/2021 7:00,278.03958,277.4903002
07/04/2021 8:00,279.3459,276.5706756
07/04/2021 9:00,280.6193,278.641394
07/04/2021 10:00,281.72723,279.9490455
07/04/2021 11:00,282.55923,280.7081862
07/04/2021 12:00,282.9706,282.2987194
07/04/2021 13:00,283.148,279.9589056
07/04/2021 14:00,283.11426,280.0289444
07/04/2021 15:00,282.986,278.0295262
07/04/2021 16:00,282.67316,278.7304947
07/04/2021 17:00,281.97235,278.2736623
07/04/2021 18:00,281.1188,276.9037068
07/04/2021 19:00,280.80145,277.8930041
07/04/2021 20:00,280.12213,274.5015671
07/04/2021 21:00,279.5116,275.0225864
07/04/2021 22:00,278.8748,271.3364009
07/04/2021 23:00,278.2876,272.171328
08/04/2021 0:00,277.71185,273.7168195
08/04/2021 1:00,277.23492,273.6786362
08/04/2021 2:00,276.82755,271.4127087
08/04/2021 3:00,276.47113,271.6746713
08/04/2021 4:00,276.15564,269.3254741
08/04/2021 5:00,275.96045,272.4110732
08/04/2021 6:00,276.84534,276.4487301
08/04/2021 7:00,278.69446,276.3126189
08/04/2021 8:00,280.17526,279.2190617
08/04/2021 9:00,281.4104,280.6719983
08/04/2021 10:00,282.50613,281.8715371
08/04/2021 11:00,283.44092,281.47051
08/04/2021 12:00,284.11996,284.3428704
08/04/2021 13:00,284.56,284.054687
08/04/2021 14:00,284.69836,284.0370035
08/04/2021 15:00,284.39484,281.8260282
08/04/2021 16:00,283.84537,277.9135963
08/04/2021 17:00,283.28424,282.9977961
08/04/2021 18:00,282.71008,278.6162235
08/04/2021 19:00,282.50027,275.515203
08/04/2021 20:00,282.2281,278.2665251
08/04/2021 21:00,281.98642,277.3344476
08/04/2021 22:00,281.61224,279.4061371
08/04/2021 23:00,280.87424,277.2608856
09/04/2021 0:00,280.1301,275.9800555
09/04/2021 1:00,279.79285,270.5814286
09/04/2021 2:00,279.32782,274.1249006
09/04/2021 3:00,278.9279,271.9619497
09/04/2021 4:00,278.63736,270.5358131
09/04/2021 5:00,278.43262,271.9920145
09/04/2021 6:00,279.86746,272.6492425
09/04/2021 7:00,281.8276,280.1093287
09/04/2021 8:00,283.01547,279.6108256
09/04/2021 9:00,283.95984,280.6767402
09/04/2021 10:00,284.83115,281.7752624
09/04/2021 11:00,285.41275,287.6031019
09/04/2021 12:00,285.6868,285.4255375
09/04/2021 13:00,285.70673,289.8890267
09/04/2021 14:00,285.5705,286.7165524
09/04/2021 15:00,285.31607,284.5103596
09/04/2021 16:00,284.9087,284.8580691
09/04/2021 17:00,284.33853,287.3229656
09/04/2021 18:00,283.44437,282.3050107
09/04/2021 19:00,282.22833,280.35672
09/04/2021 20:00,281.46432,281.2016324
09/04/2021 21:00,280.85828,281.4454144
09/04/2021 22:00,280.54413,282.2855829
09/04/2021 23:00,279.87463,282.6283061
10/04/2021 0:00,279.1831,279.1824107
10/04/2021 1:00,278.82858,277.0656054
10/04/2021 2:00,279.0479,278.2636293
10/04/2021 3:00,279.0596,279.1472379
10/04/2021 4:00,278.8599,276.7634779
10/04/2021 5:00,279.0883,277.0330871
10/04/2021 6:00,280.8097,281.4240035
10/04/2021 7:00,283.45898,283.2340121
10/04/2021 8:00,284.56506,285.3237747
10/04/2021 9:00,285.62946,285.3798708
10/04/2021 10:00,286.59662,287.4598387
10/04/2021 11:00,287.10413,286.9517362
10/04/2021 12:00,287.3171,290.5067022
10/04/2021 13:00,287.2927,291.0155676
10/04/2021 14:00,287.05103,286.0334165
10/04/2021 15:00,286.69888,287.6217182
10/04/2021 16:00,286.20837,285.8628906
10/04/2021 17:00,285.5041,285.8097375
10/04/2021 18:00,284.6721,284.9250176
10/04/2021 19:00,284.33374,281.7849097
10/04/2021 20:00,283.93884,281.8286388
10/04/2021 21:00,283.5344,280.8183157
10/04/2021 22:00,283.18704,282.0024995
10/04/2021 23:00,283.0577,281.0007862
11/04/2021 0:00,282.65988,278.9051158
11/04/2021 1:00,282.36884,279.859117
11/04/2021 2:00,282.1954,277.9609828
11/04/2021 3:00,282.33112,278.4457322
11/04/2021 4:00,282.38184,281.6156975
11/04/2021 5:00,282.62668,281.0622984
11/04/2021 6:00,283.29962,277.9003433
11/04/2021 7:00,285.09564,284.553525
11/04/2021 8:00,286.02567,285.8324989
11/04/2021 9:00,286.52573,283.4377527
11/04/2021 10:00,286.89352,288.6545903
11/04/2021 11:00,287.2295,290.4289892
11/04/2021 12:00,287.37103,285.840923
11/04/2021 13:00,287.16257,286.6327825
11/04/2021 14:00,286.83856,290.4830491
11/04/2021 15:00,286.58203,289.1764842
11/04/2021 16:00,286.44394,289.3022004
11/04/2021 17:00,286.19617,287.4163159
11/04/2021 18:00,285.9014,286.0431253
11/04/2021 19:00,285.7532,281.528442
11/04/2021 20:00,285.55377,284.4985189
11/04/2021 21:00,285.281,283.6478622
11/04/2021 22:00,285.15805,280.1407314
11/04/2021 23:00,284.96207,279.6365784
12/04/2021 0:00,284.6912,276.4977642
12/04/2021 1:00,284.38873,279.7916522
12/04/2021 2:00,284.16086,279.749702
12/04/2021 3:00,284.0472,278.5646109
12/04/2021 4:00,284.0565,280.5402572
12/04/2021 5:00,284.14175,278.5121729
12/04/2021 6:00,285.14743,283.6797555
12/04/2021 7:00,286.42084,283.3046558
12/04/2021 8:00,287.09616,287.3115949
12/04/2021 9:00,287.43182,288.7578412
12/04/2021 10:00,287.56674,290.4451816
12/04/2021 11:00,287.9773,290.4680497
12/04/2021 12:00,287.9452,291.2477761
12/04/2021 13:00,287.94464,292.6457337
12/04/2021 14:00,287.62012,289.8352135
12/04/2021 15:00,287.25842,287.0889656
12/04/2021 16:00,286.91,292.1979514
12/04/2021 17:00,286.6001,290.285881
12/04/2021 18:00,286.31433,284.3940037
12/04/2021 19:00,286.37012,287.5860314
12/04/2021 20:00,286.27292,283.9855798
12/04/2021 21:00,286.0995,281.6374898
12/04/2021 22:00,286.04373,279.0443078
12/04/2021 23:00,285.9088,277.3243462
13/04/2021 0:00,285.8241,276.3865159
13/04/2021 1:00,285.43478,276.2720296
13/04/2021 2:00,285.39096,275.5276594
13/04/2021 3:00,285.2436,275.5142356
13/04/2021 4:00,285.3304,276.6660585
13/04/2021 5:00,285.32245,275.429656
13/04/2021 6:00,285.2667,277.9849424
13/04/2021 7:00,285.92264,279.0931419
13/04/2021 8:00,286.15738,275.5202755
13/04/2021 9:00,286.47845,277.366593
13/04/2021 10:00,287.18246,277.5330611
13/04/2021 11:00,287.73566,277.097844
13/04/2021 12:00,288.0113,275.9638906
13/04/2021 13:00,287.58932,276.8110913
13/04/2021 14:00,286.9748,276.3994219
13/04/2021 15:00,286.22937,273.0449492
13/04/2021 16:00,285.6852,276.763652
13/04/2021 17:00,284.6742,276.7011012
13/04/2021 18:00,284.2052,273.6865172
13/04/2021 19:00,284.12927,275.1623097
13/04/2021 20:00,283.33972,276.354309
13/04/2021 21:00,282.45193,274.816238
13/04/2021 22:00,281.57452,277.075586
13/04/2021 23:00,280.8689,279.3243237
14/04/2021 0:00,280.1872,273.6549748
14/04/2021 1:00,279.91846,272.6668458
14/04/2021 2:00,279.7575,275.598508
14/04/2021 3:00,279.63297,276.3613134
14/04/2021 4:00,279.55807,274.7350122
14/04/2021 5:00,279.70706,277.8627977
14/04/2021 6:00,280.40363,273.2647747
14/04/2021 7:00,281.21786,277.2298106
14/04/2021 8:00,282.3136,275.715247
14/04/2021 9:00,283.72614,280.3320758
14/04/2021 10:00,284.72812,281.9994548
14/04/2021 11:00,285.23535,278.6697846
14/04/2021 12:00,285.66318,280.0912361
14/04/2021 13:00,285.84058,283.2630685
14/04/2021 14:00,285.9598,281.4297431
14/04/2021 15:00,285.79437,282.0503751
14/04/2021 16:00,285.41565,281.5138444
14/04/2021 17:00,284.78812,277.3420601
14/04/2021 18:00,283.7851,279.709738
14/04/2021 19:00,282.71432,276.8668632
14/04/2021 20:00,282.01324,276.525067
14/04/2021 21:00,281.3655,279.2058768
14/04/2021 22:00,280.76773,273.7524603
14/04/2021 23:00,280.2273,276.8210392
15/04/2021 0:00,279.78354,274.3738908
15/04/2021 1:00,279.3966,273.9787957
15/04/2021 2:00,279.05164,275.5211101
15/04/2021 3:00,278.72897,274.392011
15/04/2021 4:00,278.41614,274.3931181
15/04/2021 5:00,278.38162,275.2437278
15/04/2021 6:00,279.58383,275.7001076
15/04/2021 7:00,281.09808,277.2508798
15/04/2021 8:00,282.2549,277.7727578
15/04/2021 9:00,283.48553,279.0953563
15/04/2021 10:00,284.5138,286.7091426
15/04/2021 11:00,285.2526,284.2626863
15/04/2021 12:00,285.78745,280.347873
15/04/2021 13:00,285.9022,280.6192771
15/04/2021 14:00,285.60315,283.8204323
15/04/2021 15:00,284.96634,283.849815
15/04/2021 16:00,284.41235,283.3738088
15/04/2021 17:00,283.8451,280.9713535
15/04/2021 18:00,283.19846,279.5112387
15/04/2021 19:00,282.83676,278.2680262
15/04/2021 20:00,282.6506,276.4182101
15/04/2021 21:00,282.38608,271.7000218
15/04/2021 22:00,281.8268,274.8913257
15/04/2021 23:00,281.17963,273.3517036
16/04/2021 0:00,280.56775,274.8951403
16/04/2021 1:00,280.00076,280.2329147
16/04/2021 2:00,279.446,276.384
16/04/2021 3:00,278.938,275.3140248
16/04/2021 4:00,278.49796,277.2902977
16/04/2021 5:00,278.47565,276.421131
16/04/2021 6:00,279.94553,277.3617277
16/04/2021 7:00,281.9009,280.0130598
16/04/2021 8:00,283.59387,284.0465148
16/04/2021 9:00,285.0715,279.421113
16/04/2021 10:00,286.2931,282.7445969
16/04/2021 11:00,287.10095,280.3250035
16/04/2021 12:00,287.6148,283.2992049
16/04/2021 13:00,287.85568,280.9597814
16/04/2021 14:00,287.9104,281.9622339
16/04/2021 15:00,287.50778,281.9168154
16/04/2021 16:00,286.88,284.1513747
16/04/2021 17:00,286.00494,283.2850066
16/04/2021 18:00,285.25897,279.1701517
16/04/2021 19:00,285.1886,278.839808
16/04/2021 20:00,284.79877,276.6520958
16/04/2021 21:00,284.2036,275.3863938
16/04/2021 22:00,283.1958,277.8321947
16/04/2021 23:00,282.36725,277.4032231
17/04/2021 0:00,281.72058,281.4871718
17/04/2021 1:00,281.15466,277.5466037
17/04/2021 2:00,280.68008,274.3735289
17/04/2021 3:00,280.29874,275.6424861
17/04/2021 4:00,279.98962,278.4586753
17/04/2021 5:00,279.90118,280.8768459
17/04/2021 6:00,280.86972,275.3551096
17/04/2021 7:00,282.9342,275.5146042
17/04/2021 8:00,284.06607,282.9799632
17/04/2021 9:00,285.3434,281.3098252
17/04/2021 10:00,286.56662,279.1732804
17/04/2021 11:00,287.42017,282.3686666
17/04/2021 12:00,287.8716,277.0481978
17/04/2021 13:00,288.00095,282.0346515
17/04/2021 14:00,287.66953,282.8566326
17/04/2021 15:00,286.82422,284.0355395
17/04/2021 16:00,286.1768,280.3058347
17/04/2021 17:00,285.61884,281.6897247
17/04/2021 18:00,284.8221,279.1844713
17/04/2021 19:00,284.56213,280.6341562
17/04/2021 20:00,283.6361,277.8879303
17/04/2021 21:00,282.76187,278.310441
17/04/2021 22:00,282.02917,276.7712477
17/04/2021 23:00,281.56335,279.3374068
18/04/2021 0:00,281.26807,279.6981507
18/04/2021 1:00,281.0086,277.4635485
18/04/2021 2:00,280.90982,277.7113024
18/04/2021 3:00,280.68353,274.7781502
18/04/2021 4:00,280.38318,276.9125739
18/04/2021 5:00,280.4387,277.5676268
18/04/2021 6:00,281.6287,283.5779377
18/04/2021 7:00,283.1339,277.1980085
18/04/2021 8:00,284.33453,282.5279646
18/04/2021 9:00,285.3883,281.8989243
18/04/2021 10:00,286.18314,280.8592796
18/04/2021 11:00,286.7326,284.0323214
18/04/2021 12:00,286.82104,281.8272372
18/04/2021 13:00,286.93018,282.2888376
18/04/2021 14:00,286.82822,281.8016108
18/04/2021 15:00,286.46545,284.5496748
18/04/2021 16:00,286.26068,284.2514329
18/04/2021 17:00,285.93616,280.6358528
18/04/2021 18:00,285.26855,278.3191962
18/04/2021 19:00,284.63675,279.4946094
18/04/2021 20:00,284.25674,278.2324615
18/04/2021 21:00,283.3676,279.3845839
18/04/2021 22:00,283.49243,281.6165527
18/04/2021 23:00,282.8742,278.5757096
19/04/2021 0:00,282.05307,279.2745085
19/04/2021 1:00,281.4391,279.3956904
19/04/2021 2:00,281.9439,280.7997848
19/04/2021 3:00,280.99692,275.3151114
19/04/2021 4:00,280.94406,278.233687
19/04/2021 5:00,281.30923,279.8773286
19/04/2021 6:00,282.8102,281.9629601
19/04/2021 7:00,284.74722,279.6089732
19/04/2021 8:00,285.74072,278.1492789
19/04/2021 9:00,286.3324,283.2191878
19/04/2021 10:00,286.92966,281.7825718
19/04/2021 11:00,287.25018,281.0459417
19/04/2021 12:00,287.36252,282.1866869
19/04/2021 13:00,287.14502,283.4762975
19/04/2021 14:00,286.79288,283.5455382
19/04/2021 15:00,286.32257,280.7656902
19/04/2021 16:00,286.13376,285.6684625
19/04/2021 17:00,285.78293,285.7400032
19/04/2021 18:00,285.16443,283.2794515
19/04/2021 19:00,284.4891,278.4520479
19/04/2021 20:00,283.8496,279.5839525
19/04/2021 21:00,283.425,279.4614247
19/04/2021 22:00,282.4169,279.97442
19/04/2021 23:00,282.21375,279.8662344
20/04/2021 0:00,282.63837,277.3969115
20/04/2021 1:00,282.6822,279.0308421
20/04/2021 2:00,282.44052,279.3805227
20/04/2021 3:00,280.7635,280.5983646
20/04/2021 4:00,280.128,278.9247191
20/04/2021 5:00,280.09134,279.4152556
20/04/2021 6:00,283.00192,280.2448323
20/04/2021 7:00,283.98215,283.802305
20/04/2021 8:00,284.74484,283.559699
20/04/2021 9:00,285.592,281.971469
20/04/2021 10:00,286.2344,286.6497017
20/04/2021 11:00,286.49173,285.2913583
20/04/2021 12:00,286.6046,283.3224969
20/04/2021 13:00,286.54938,283.9474
20/04/2021 14:00,286.6378,286.2537816
20/04/2021 15:00,286.4344,286.832503
20/04/2021 16:00,286.17703,286.0710938
20/04/2021 17:00,285.63766,285.4560429
20/04/2021 18:00,285.02502,286.5934243
20/04/2021 19:00,283.681,284.4114491
20/04/2021 20:00,282.39487,281.1525282
20/04/2021 21:00,281.07126,281.7885263
20/04/2021 22:00,280.70746,277.5246301
20/04/2021 23:00,280.64636,279.6319505
21/04/2021 0:00,280.67612,281.8826888
21/04/2021 1:00,280.0924,278.2415385
21/04/2021 2:00,279.42212,276.7995898
21/04/2021 3:00,279.61755,276.7952122
21/04/2021 4:00,280.17075,275.5028014
21/04/2021 5:00,280.63974,277.1215176
21/04/2021 6:00,282.37918,281.6764481
21/04/2021 7:00,283.99356,281.2005485
21/04/2021 8:00,285.0861,285.9623525
21/04/2021 9:00,286.0007,289.401142
21/04/2021 10:00,286.68506,287.3815328
21/04/2021 11:00,287.06723,292.579929
21/04/2021 12:00,287.35455,291.234906
21/04/2021 13:00,287.16043,292.2510805
21/04/2021 14:00,287.10757,289.0769137
21/04/2021 15:00,287.00003,291.5027123
21/04/2021 16:00,286.87363,287.5079873
21/04/2021 17:00,286.39667,289.5147893
21/04/2021 18:00,285.75558,286.4515148
21/04/2021 19:00,285.1015,286.0661609
21/04/2021 20:00,284.679,282.0031896
21/04/2021 21:00,284.31436,281.783751
21/04/2021 22:00,283.97284,283.9172001
21/04/2021 23:00,283.53094,280.7283623
22/04/2021 0:00,283.23325,282.7793412
22/04/2021 1:00,283.0123,279.0687304
22/04/2021 2:00,282.90207,282.5676692
22/04/2021 3:00,282.99503,278.4305311
22/04/2021 4:00,283.0192,281.1969324
22/04/2021 5:00,283.1164,281.8462949
22/04/2021 6:00,284.04614,281.7953
22/04/2021 7:00,285.55005,286.5090172
22/04/2021 8:00,286.454,287.550585
22/04/2021 9:00,286.82767,287.4098857
22/04/2021 10:00,286.8715,287.6731154
22/04/2021 11:00,286.73843,286.8069394
22/04/2021 12:00,286.53555,291.3528288
22/04/2021 13:00,286.4301,287.9851051
22/04/2021 14:00,286.33557,291.148666
22/04/2021 15:00,286.12128,290.4749194
22/04/2021 16:00,285.93723,291.6706584
22/04/2021 17:00,285.74283,288.2189392
22/04/2021 18:00,285.52057,285.9280302
22/04/2021 19:00,284.5741,285.7213705
22/04/2021 20:00,284.5584,283.931088
22/04/2021 21:00,284.4947,282.5476268
22/04/2021 22:00,284.42697,281.91185
22/04/2021 23:00,284.25912,278.2707295
23/04/2021 0:00,284.15344,281.9676599
23/04/2021 1:00,284.18265,281.3410121
23/04/2021 2:00,284.08173,277.6908074
23/04/2021 3:00,283.94125,278.2124572
23/04/2021 4:00,283.8159,277.7805696
23/04/2021 5:00,283.85757,278.2076482
23/04/2021 6:00,284.90497,281.9655214
23/04/2021 7:00,286.72357,285.288596
23/04/2021 8:00,287.93668,286.1766059
23/04/2021 9:00,289.03134,283.2026409
23/04/2021 10:00,289.87424,287.6496742
23/04/2021 11:00,289.99667,289.6555766
23/04/2021 12:00,290.5602,288.6025351
23/04/2021 13:00,290.5963,289.9536403
23/04/2021 14:00,290.14645,291.35614
23/04/2021 15:00,289.11792,289.3504144
23/04/2021 16:00,288.46594,287.4745228
23/04/2021 17:00,287.82434,287.838372
23/04/2021 18:00,287.03482,284.3367759
23/04/2021 19:00,286.074,282.3088279
23/04/2021 20:00,286.07214,280.5525097
23/04/2021 21:00,284.0387,283.5443587
23/04/2021 22:00,284.51886,279.7197391
23/04/2021 23:00,284.31836,284.9387927
24/04/2021 0:00,284.2039,282.5150088
24/04/2021 1:00,283.94736,278.5205615
24/04/2021 2:00,283.40268,280.7060175
24/04/2021 3:00,282.73398,275.9976129
24/04/2021 4:00,282.10645,279.3124567
24/04/2021 5:00,282.1306,280.1625859
24/04/2021 6:00,283.7588,280.5367682
24/04/2021 7:00,286.13297,284.1581672
24/04/2021 8:00,287.85782,289.1465294
24/04/2021 9:00,289.3091,286.0365296
24/04/2021 10:00,290.50787,286.053909
24/04/2021 11:00,291.33487,291.2941025
24/04/2021 12:00,291.67453,292.7821723
24/04/2021 13:00,291.5861,289.6197198
24/04/2021 14:00,291.3848,291.4602469
24/04/2021 15:00,290.84515,291.8592398
24/04/2021 16:00,290.02112,287.7273905
24/04/2021 17:00,289.13544,287.0435221
24/04/2021 18:00,288.28696,288.0806423
24/04/2021 19:00,288.2365,287.3702303
24/04/2021 20:00,287.6342,283.8375835
24/04/2021 21:00,286.78333,279.8603295
24/04/2021 22:00,285.8225,283.7813035
24/04/2021 23:00,285.03537,278.3532767
25/04/2021 0:00,284.28568,277.9610704
25/04/2021 1:00,283.65018,278.5770497
25/04/2021 2:00,283.11588,280.1240347
25/04/2021 3:00,282.6344,278.3475374
25/04/2021 4:00,282.16727,277.1112863
25/04/2021 5:00,282.42166,278.6840971
25/04/2021 6:00,284.56213,282.6867385
25/04/2021 7:00,287.08237,287.0462976
25/04/2021 8:00,288.92245,283.8919609
25/04/2021 9:00,290.04898,289.0326618
25/04/2021 10:00,290.7522,290.9924464
25/04/2021 11:00,291.0916,289.08285
25/04/2021 12:00,291.1925,292.5205939
25/04/2021 13:00,291.12292,291.8850236
25/04/2021 14:00,290.9445,295.5913694
25/04/2021 15:00,290.47336,295.15341
25/04/2021 16:00,289.79483,290.8783651
25/04/2021 17:00,288.91635,289.4553431
25/04/2021 18:00,288.02698,287.5199931
25/04/2021 19:00,287.29163,285.9366444
25/04/2021 20:00,286.20093,285.8209693
25/04/2021 21:00,286.09763,283.2246993
25/04/2021 22:00,286.45508,281.6281078
25/04/2021 23:00,286.14383,283.8612324
26/04/2021 0:00,285.7131,283.439715
26/04/2021 1:00,285.03406,280.2160795
26/04/2021 2:00,283.31,282.8899159
26/04/2021 3:00,281.98297,279.8197795
26/04/2021 4:00,281.4866,280.6804183
26/04/2021 5:00,282.1383,281.6365906
26/04/2021 6:00,285.69238,281.2474377
26/04/2021 7:00,287.76062,281.8107351
26/04/2021 8:00,289.13516,280.6859974
26/04/2021 9:00,290.29303,282.9222118
26/04/2021 10:00,290.9758,284.2254195
26/04/2021 11:00,290.98352,284.1138534
26/04/2021 12:00,290.40802,286.0031559
26/04/2021 13:00,289.92896,284.0850325
26/04/2021 14:00,290.09732,285.4732621
26/04/2021 15:00,289.76138,284.713526
26/04/2021 16:00,289.5099,283.3974209
26/04/2021 17:00,288.8911,282.255762
26/04/2021 18:00,288.15366,281.5626385
26/04/2021 19:00,287.742,281.6788587
26/04/2021 20:00,287.2364,282.0955978
26/04/2021 21:00,287.01755,279.1214667
26/04/2021 22:00,286.9424,278.0360385
26/04/2021 23:00,286.66885,278.3141012
27/04/2021 0:00,286.6176,279.1985348
27/04/2021 1:00,286.4575,279.2743397
27/04/2021 2:00,286.34354,278.446677
27/04/2021 3:00,286.1473,277.3945229
27/04/2021 4:00,286.25327,278.8661055
27/04/2021 5:00,286.6755,280.0818323
27/04/2021 6:00,287.36597,280.9966373
27/04/2021 7:00,288.33954,279.7467541
27/04/2021 8:00,289.15298,280.3134989
27/04/2021 9:00,289.03372,279.9832505
27/04/2021 10:00,289.23502,282.1520155
27/04/2021 11:00,289.40366,281.2412392
27/04/2021 12:00,289.5327,284.0132419
27/04/2021 13:00,289.7388,279.797887
27/04/2021 14:00,289.82007,282.4028573
27/04/2021 15:00,289.65967,283.6437455
27/04/2021 16:00,289.15775,283.4260663
27/04/2021 17:00,288.6845,287.4790148
27/04/2021 18:00,288.09045,282.934825
27/04/2021 19:00,288.28058,279.3514731
27/04/2021 20:00,287.99722,280.972581
27/04/2021 21:00,287.7768,277.8518928
27/04/2021 22:00,287.81265,280.6901354
27/04/2021 23:00,287.65732,279.2982255
28/04/2021 0:00,287.52692,282.3438777
28/04/2021 1:00,287.38483,279.623806
28/04/2021 2:00,287.32056,280.2950005
28/04/2021 3:00,287.247,279.3068248
28/04/2021 4:00,287.17715,283.5004611
28/04/2021 5:00,287.2008,280.0803941
28/04/2021 6:00,287.43103,284.4571888
28/04/2021 7:00,287.56223,283.8625194
28/04/2021 8:00,287.97864,284.3658684
28/04/2021 9:00,288.49197,285.3807313
28/04/2021 10:00,289.13702,286.9017902
28/04/2021 11:00,289.00955,283.6263512
28/04/2021 12:00,289.19095,286.969462
28/04/2021 13:00,290.05032,289.0015254
28/04/2021 14:00,289.99854,287.7534775
28/04/2021 15:00,289.49368,284.806328
28/04/2021 16:00,289.44696,286.8564421
28/04/2021 17:00,288.89963,289.5562173
28/04/2021 18:00,288.32654,287.8378628
28/04/2021 19:00,288.09363,284.1121729
28/04/2021 20:00,287.35483,285.1959625
28/04/2021 21:00,286.63116,282.10232
28/04/2021 22:00,285.57605,278.5786579
28/04/2021 23:00,284.90417,278.8077129
29/04/2021 0:00,284.6795,282.4893976
29/04/2021 1:00,284.9411,278.6245323
29/04/2021 2:00,285.31104,278.4521934
29/04/2021 3:00,285.2218,278.4603672
29/04/2021 4:00,285.2202,282.6284124
29/04/2021 5:00,285.91388,283.7618371
29/04/2021 6:00,287.6305,287.2807749
29/04/2021 7:00,289.79855,286.1342548
29/04/2021 8:00,291.01645,289.3744935
29/04/2021 9:00,291.59723,288.2409995
29/04/2021 10:00,291.91272,295.0056786
29/04/2021 11:00,291.79562,290.6821613
29/04/2021 12:00,291.85324,294.0670766
29/04/2021 13:00,291.4902,292.341658
29/04/2021 14:00,290.89536,293.4811014
29/04/2021 15:00,290.3225,292.6750592
29/04/2021 16:00,289.6456,291.2435214
29/04/2021 17:00,289.15192,290.2971172
29/04/2021 18:00,288.71613,288.8062229
29/04/2021 19:00,288.8906,290.8005677
29/04/2021 20:00,288.6574,286.3781885
29/04/2021 21:00,288.38202,287.829301
29/04/2021 22:00,288.3483,288.9025075
29/04/2021 23:00,288.2827,285.3565365
30/04/2021 0:00,288.17993,284.858494
30/04/2021 1:00,288.00943,285.2295488
30/04/2021 2:00,287.7099,287.1758622
30/04/2021 3:00,287.50726,284.977201
30/04/2021 4:00,287.50354,283.7235946
30/04/2021 5:00,288.0275,286.3252811
30/04/2021 6:00,289.3192,286.2963914
30/04/2021 7:00,291.38052,291.2105431
30/04/2021 8:00,292.15598,292.067958
30/04/2021 9:00,292.2059,291.97812
30/04/2021 10:00,292.48636,292.1097802
30/04/2021 11:00,292.81433,292.4009614
30/04/2021 12:00,293.15903,295.2915508
30/04/2021 13:00,293.36377,296.6545204
30/04/2021 14:00,293.31226,293.5932987
30/04/2021 15:00,293.15054,295.5130364
30/04/2021 16:00,292.82095,290.552947
30/04/2021 17:00,292.20856,292.1098235
30/04/2021 18:00,291.67902,291.7401904
30/04/2021 19:00,291.63467,289.1045819
30/04/2021 20:00,291.35425,287.7024812
30/04/2021 21:00,291.0446,287.4586713
30/04/2021 22:00,290.65475,288.3821021
30/04/2021 23:00,290.32306,287.783521
01/05/2021 0:00,290.1739,285.1888196
01/05/2021 1:00,290.03427,285.1040172
01/05/2021 2:00,289.86942,287.4219643
01/05/2021 3:00,289.84576,288.7659137
01/05/2021 4:00,289.8704,282.1292489
01/05/2021 5:00,290.06146,286.6592089
01/05/2021 6:00,290.95554,288.4947701
01/05/2021 7:00,291.83554,293.8074996
01/05/2021 8:00,292.45468,292.4817463
01/05/2021 9:00,292.40033,295.2003754
01/05/2021 10:00,292.99246,295.7967814
01/05/2021 11:00,293.41428,292.5594045
01/05/2021 12:00,293.53317,298.1835678
01/05/2021 13:00,293.28305,297.4896288
01/05/2021 14:00,292.4089,298.0047168
01/05/2021 15:00,291.41763,303.8026919
01/05/2021 16:00,290.4913,292.2471995
01/05/2021 17:00,290.1395,297.8439866
01/05/2021 18:00,290.00082,292.3758307
01/05/2021 19:00,289.78668,292.1800488
01/05/2021 20:00,289.66818,291.8445158
01/05/2021 21:00,289.6148,288.3653805
01/05/2021 22:00,289.4554,287.9648466
01/05/2021 23:00,289.4656,289.467778
02/05/2021 0:00,289.3893,286.0907367
02/05/2021 1:00,289.3686,290.004218
02/05/2021 2:00,289.2722,287.9284349
02/05/2021 3:00,289.13528,286.8882569
02/05/2021 4:00,288.9675,288.3652872
02/05/2021 5:00,289.2415,292.0430399
02/05/2021 6:00,290.08493,289.8920002
02/05/2021 7:00,291.332,292.4569352
02/05/2021 8:00,291.4245,291.2454026
02/05/2021 9:00,291.6783,294.8581113
02/05/2021 10:00,291.8156,295.4541162
02/05/2021 11:00,291.9959,297.6835807
02/05/2021 12:00,292.08585,294.320024
02/05/2021 13:00,292.10834,295.2977623
02/05/2021 14:00,292.16055,291.9919999
02/05/2021 15:00,291.95972,292.2855724
02/05/2021 16:00,291.40924,287.4873525
02/05/2021 17:00,290.78403,289.1170844
02/05/2021 18:00,290.0601,286.7327123
02/05/2021 19:00,289.36038,285.979446
02/05/2021 20:00,288.5459,285.5814407
02/05/2021 21:00,288.10745,285.3745267
02/05/2021 22:00,287.5286,284.1547434
02/05/2021 23:00,286.9433,284.5455159
03/05/2021 0:00,286.46713,286.7634596
03/05/2021 1:00,286.7321,285.5253732
03/05/2021 2:00,286.9554,285.1349494
03/05/2021 3:00,286.93353,282.5658373
03/05/2021 4:00,286.64096,281.5973175
03/05/2021 5:00,286.85178,284.8580585
03/05/2021 6:00,288.59067,284.9031631
03/05/2021 7:00,290.1207,286.4590504
03/05/2021 8:00,291.05783,283.0442644
03/05/2021 9:00,291.649,284.1301511
03/05/2021 10:00,292.0049,281.8173356
03/05/2021 11:00,291.97928,284.2189238
03/05/2021 12:00,291.79193,286.9189327
03/05/2021 13:00,291.61807,285.0199707
03/05/2021 14:00,291.37872,287.6269316
03/05/2021 15:00,290.98233,286.656337
03/05/2021 16:00,290.5339,287.3321312
03/05/2021 17:00,289.83716,284.2910478
03/05/2021 18:00,288.938,285.1755068
03/05/2021 19:00,288.1841,278.2812137
03/05/2021 20:00,287.71027,282.8633893
03/05/2021 21:00,287.37234,279.65489
03/05/2021 22:00,287.1191,283.1556203
03/05/2021 23:00,286.8729,281.5155981
04/05/2021 0:00,286.57977,280.387741
04/05/2021 1:00,286.22833,281.2960361
04/05/2021 2:00,285.7991,275.9310932
04/05/2021 3:00,285.32193,280.4245697
04/05/2021 4:00,284.94922,278.81577
04/05/2021 5:00,285.21555,278.9946644
04/05/2021 6:00,287.19302,285.6982258
04/05/2021 7:00,288.75925,283.393229
04/05/2021 8:00,289.9052,285.6515874
04/05/2021 9:00,290.85443,287.6339532
04/05/2021 10:00,291.4245,289.1705346
04/05/2021 11:00,291.4904,289.2919402
04/05/2021 12:00,291.3848,294.1378724
04/05/2021 13:00,291.075,292.0796334
04/05/2021 14:00,290.71167,293.5836463
04/05/2021 15:00,290.3327,291.8488063
04/05/2021 16:00,289.86298,289.2996791
04/05/2021 17:00,289.45074,291.6797518
04/05/2021 18:00,289.11575,285.4985474
04/05/2021 19:00,288.35797,287.3504746
04/05/2021 20:00,287.9997,284.4212208
04/05/2021 21:00,288.2866,289.8750449
04/05/2021 22:00,287.31427,287.4786288
04/05/2021 23:00,287.28436,285.478153
05/05/2021 0:00,287.5407,287.1480494
05/05/2021 1:00,287.4279,283.2940491
05/05/2021 2:00,287.334,285.6535759
05/05/2021 3:00,287.28104,284.9110035
05/05/2021 4:00,287.30762,284.9885056
05/05/2021 5:00,287.5333,287.5870275
05/05/2021 6:00,288.23456,288.4694735
05/05/2021 7:00,288.74164,289.4478845
05/05/2021 8:00,289.16367,287.2344148
05/05/2021 9:00,289.71924,289.6241378
05/05/2021 10:00,289.96445,292.2278916
05/05/2021 11:00,290.42773,293.765776
05/05/2021 12:00,290.5965,291.9412184
05/05/2021 13:00,290.5926,297.6858261
05/05/2021 14:00,290.57126,296.1818994
05/05/2021 15:00,290.5359,294.17396
05/05/2021 16:00,290.21283,292.3908954
05/05/2021 17:00,289.6461,290.7824791
05/05/2021 18:00,289.0461,288.4061747
05/05/2021 19:00,288.4573,287.6919279
05/05/2021 20:00,288.2862,284.4477408
05/05/2021 21:00,288.08398,279.378635
05/05/2021 22:00,287.84677,281.5055631
05/05/2021 23:00,287.43668,281.0856552
06/05/2021 0:00,287.04324,277.6616716
06/05/2021 1:00,286.58466,279.5873166
06/05/2021 2:00,286.23245,280.6243702
06/05/2021 3:00,285.96924,284.8621856
06/05/2021 4:00,285.79422,282.5583818
06/05/2021 5:00,286.5166,279.6543202
06/05/2021 6:00,288.33194,283.6328544
06/05/2021 7:00,290.19247,278.5319754
06/05/2021 8:00,291.08694,284.4850766
06/05/2021 9:00,291.63452,282.6151737
06/05/2021 10:00,291.68497,284.1822458
06/05/2021 11:00,291.8375,287.372789
06/05/2021 12:00,291.96988,283.6580347
06/05/2021 13:00,291.9044,284.5466352
06/05/2021 14:00,291.78687,287.1064412
06/05/2021 15:00,291.42194,290.2795525
06/05/2021 16:00,290.8654,285.8902307
06/05/2021 17:00,290.23883,282.9710938
06/05/2021 18:00,289.52094,285.941793
06/05/2021 19:00,289.27805,285.7486899
06/05/2021 20:00,288.9241,286.5719346
06/05/2021 21:00,288.61884,283.4431886
06/05/2021 22:00,288.27466,283.4334478
06/05/2021 23:00,288.01926,285.6778438
07/05/2021 0:00,287.83994,279.6333585
07/05/2021 1:00,287.69208,281.9356756
07/05/2021 2:00,287.68857,283.3061724
07/05/2021 3:00,287.56497,284.0555432
07/05/2021 4:00,287.40384,282.6651331
07/05/2021 5:00,287.97604,284.6985828
07/05/2021 6:00,289.27335,282.2222189
07/05/2021 7:00,290.47427,287.0223091
07/05/2021 8:00,291.27585,290.179678
07/05/2021 9:00,291.84042,288.8133781
07/05/2021 10:00,292.22293,289.660357
07/05/2021 11:00,292.42163,289.7347287
07/05/2021 12:00,292.519,287.7469552
07/05/2021 13:00,292.49164,287.9650532
07/05/2021 14:00,292.3962,284.9700497
07/05/2021 15:00,292.20633,285.234185
07/05/2021 16:00,291.83984,285.6336737
07/05/2021 17:00,291.26608,284.283527
07/05/2021 18:00,290.68234,282.528607
07/05/2021 19:00,290.30472,283.4970141
07/05/2021 20:00,290.20792,283.8974924
07/05/2021 21:00,289.99457,278.5943842
07/05/2021 22:00,289.8084,284.2570065
07/05/2021 23:00,289.51584,281.4787478
08/05/2021 0:00,289.04495,282.7282446
08/05/2021 1:00,288.91412,283.2770933
08/05/2021 2:00,288.57346,277.8478792
08/05/2021 3:00,288.24472,278.1205422
08/05/2021 4:00,287.57672,278.0745561
08/05/2021 5:00,287.37372,278.0656575
08/05/2021 6:00,287.74487,284.7832824
08/05/2021 7:00,288.53397,281.4497795
08/05/2021 8:00,289.90265,283.2038745
08/05/2021 9:00,291.29208,285.7220705
08/05/2021 10:00,292.5018,284.1160046
08/05/2021 11:00,293.37204,286.4867667
08/05/2021 12:00,293.7958,288.3162595
08/05/2021 13:00,293.77118,287.6281728
08/05/2021 14:00,293.51126,288.2791883
08/05/2021 15:00,293.12875,287.4501755
08/05/2021 16:00,292.5241,285.3985752
08/05/2021 17:00,291.737,287.966798
08/05/2021 18:00,290.86166,288.8679062
08/05/2021 19:00,290.35693,284.1905929
08/05/2021 20:00,289.6408,283.1853438
08/05/2021 21:00,289.0375,283.0440829
08/05/2021 22:00,288.39746,278.5911784
08/05/2021 23:00,287.6526,283.1085635
09/05/2021 0:00,286.91122,279.8803336
09/05/2021 1:00,286.2604,281.875886
09/05/2021 2:00,285.71854,277.2590164
09/05/2021 3:00,285.3051,281.5622599
09/05/2021 4:00,284.9588,279.833801
09/05/2021 5:00,285.50693,281.8303062
09/05/2021 6:00,287.49243,284.6649934
09/05/2021 7:00,289.76224,286.0077117
09/05/2021 8:00,291.63138,290.4494437
09/05/2021 9:00,293.039,290.1329888
09/05/2021 10:00,293.87717,287.6867013
09/05/2021 11:00,294.0211,290.258894
09/05/2021 12:00,293.94598,292.6897738
09/05/2021 13:00,293.80853,294.0991682
09/05/2021 14:00,293.5975,293.6468054
09/05/2021 15:00,293.30692,295.7354232
09/05/2021 16:00,292.88217,289.3458142
09/05/2021 17:00,292.28082,291.5029686
09/05/2021 18:00,291.47983,286.1675569
09/05/2021 19:00,291.0672,289.7191593
09/05/2021 20:00,289.9105,287.1642158
09/05/2021 21:00,288.67084,287.2151077
09/05/2021 22:00,287.70343,284.1735077
09/05/2021 23:00,286.76828,287.2380503
10/05/2021 0:00,286.23755,285.9824613
10/05/2021 1:00,285.72342,284.1671911
10/05/2021 2:00,284.7693,281.7080069
10/05/2021 3:00,285.0851,282.0779867
10/05/2021 4:00,285.6274,279.4525057
10/05/2021 5:00,287.07236,284.4077113
10/05/2021 6:00,289.48984,290.7811286
10/05/2021 7:00,292.10873,292.8430837
10/05/2021 8:00,293.61884,292.2340956
10/05/2021 9:00,294.47125,296.0730657
10/05/2021 10:00,294.85416,294.4912738
10/05/2021 11:00,294.9443,298.7578728
10/05/2021 12:00,294.86063,299.2032011
10/05/2021 13:00,294.81857,295.446056
10/05/2021 14:00,294.85083,296.8292837
10/05/2021 15:00,294.81094,298.2201785
10/05/2021 16:00,294.57333,297.4218739
10/05/2021 17:00,294.04965,294.5211784
10/05/2021 18:00,293.27444,294.6299172
10/05/2021 19:00,292.73785,292.1164057
10/05/2021 20:00,292.0047,289.3907723
10/05/2021 21:00,291.13486,287.3222301
10/05/2021 22:00,290.0718,290.0865851
10/05/2021 23:00,288.92917,290.9255876
11/05/2021 0:00,288.13834,287.0263484
11/05/2021 1:00,288.31943,286.3407037
11/05/2021 2:00,288.08008,287.1711136
11/05/2021 3:00,287.96783,284.7193579
11/05/2021 4:00,287.91367,284.69709
11/05/2021 5:00,288.6566,287.8254543
11/05/2021 6:00,290.79987,287.1882929
11/05/2021 7:00,293.04095,295.8554866
11/05/2021 8:00,294.53033,295.6658779
11/05/2021 9:00,295.56403,296.2668197
11/05/2021 10:00,296.02554,297.8077394
11/05/2021 11:00,296.16342,298.5701521
11/05/2021 12:00,296.06973,296.1000577
11/05/2021 13:00,295.70386,302.1018154
11/05/2021 14:00,295.1686,299.568713
11/05/2021 15:00,294.87762,300.1027688
11/05/2021 16:00,294.6318,300.3643508
11/05/2021 17:00,294.0162,295.4487866
11/05/2021 18:00,293.1,295.8203926
11/05/2021 19:00,292.27908,293.0803371
11/05/2021 20:00,291.99786,293.5469181
11/05/2021 21:00,291.76553,286.8510013
11/05/2021 22:00,291.40747,289.3913376
11/05/2021 23:00,291.1104,287.6182933
12/05/2021 0:00,290.62582,289.5036267
12/05/2021 1:00,290.22708,290.1415484
12/05/2021 2:00,289.84595,287.755344
12/05/2021 3:00,289.5186,287.2333314
12/05/2021 4:00,289.44604,287.885239
12/05/2021 5:00,289.61264,286.60872
12/05/2021 6:00,289.99594,290.6013211
12/05/2021 7:00,290.4543,288.5077172
12/05/2021 8:00,290.7418,284.1595959
12/05/2021 9:00,291.63922,289.9141308
12/05/2021 10:00,292.5288,289.2145347
12/05/2021 11:00,292.92245,288.5369854
12/05/2021 12:00,292.9422,290.0080077
12/05/2021 13:00,292.75507,292.827
12/05/2021 14:00,292.53937,295.4692975
12/05/2021 15:00,292.3962,293.8277524
12/05/2021 16:00,292.10013,291.0045065
12/05/2021 17:00,291.5115,292.1384499
12/05/2021 18:00,290.69427,289.6749147
12/05/2021 19:00,289.8172,286.9319143
12/05/2021 20:00,290.64774,285.1561063
12/05/2021 21:00,290.1336,283.3079839
12/05/2021 22:00,288.65305,284.9807054
12/05/2021 23:00,287.93478,285.4417949
13/05/2021 0:00,287.93674,284.701093
13/05/2021 1:00,287.98288,284.0732387
13/05/2021 2:00,288.05972,283.1608407
13/05/2021 3:00,287.44998,285.748767
13/05/2021 4:00,286.8643,282.2231908
13/05/2021 5:00,286.57135,287.0645795
13/05/2021 6:00,286.6218,285.1340848
13/05/2021 7:00,287.08783,286.8578775
13/05/2021 8:00,287.42047,286.5928963
13/05/2021 9:00,287.97858,289.4856512
13/05/2021 10:00,289.49533,292.7976496
13/05/2021 11:00,290.59277,292.5730199
13/05/2021 12:00,290.9837,290.9961992
13/05/2021 13:00,291.15952,290.785783
13/05/2021 14:00,290.9612,287.2899161
13/05/2021 15:00,290.74023,288.4743491
13/05/2021 16:00,290.4956,286.6416065
13/05/2021 17:00,290.0069,290.0351405
13/05/2021 18:00,289.34747,285.0327402
13/05/2021 19:00,288.64133,287.6718534
13/05/2021 20:00,287.96274,287.7703931
13/05/2021 21:00,287.78732,289.4264959
13/05/2021 22:00,287.50708,285.3757463
13/05/2021 23:00,286.88736,286.8366718
14/05/2021 0:00,286.4857,289.177132
14/05/2021 1:00,286.10065,283.622586
14/05/2021 2:00,286.11298,281.4519736
14/05/2021 3:00,286.01166,280.3829822
14/05/2021 4:00,285.67413,284.7123939
14/05/2021 5:00,286.22797,281.2917784
14/05/2021 6:00,286.9263,285.8895337
14/05/2021 7:00,289.60992,288.4468809
14/05/2021 8:00,290.00748,288.7392366
14/05/2021 9:00,290.52414,289.9297846
14/05/2021 10:00,291.26297,290.4713145
14/05/2021 11:00,291.9038,293.4908468
14/05/2021 12:00,292.18774,290.4963384
14/05/2021 13:00,292.23956,291.4420736
14/05/2021 14:00,291.88815,291.2306695
14/05/2021 15:00,291.49704,293.0846705
14/05/2021 16:00,290.9301,292.4762075
14/05/2021 17:00,290.4594,290.6104949
14/05/2021 18:00,289.84692,290.6622213
14/05/2021 19:00,289.57764,285.2609775
14/05/2021 20:00,289.35745,289.3226228
14/05/2021 21:00,289.209,288.3288686
14/05/2021 22:00,288.8535,286.211399
14/05/2021 23:00,288.27838,287.2834931
15/05/2021 0:00,287.52078,280.4543638
15/05/2021 1:00,286.93723,282.1010046
15/05/2021 2:00,286.3502,281.8040864
15/05/2021 3:00,286.17828,284.5384658
15/05/2021 4:00,286.01654,281.3475002
15/05/2021 5:00,286.16284,285.6463139
15/05/2021 6:00,286.31772,288.8014417
15/05/2021 7:00,287.475,288.6650451
15/05/2021 8:00,287.88647,289.7290581
15/05/2021 9:00,288.40314,288.9254848
15/05/2021 10:00,288.31592,290.0472395
15/05/2021 11:00,288.84256,294.3270736
15/05/2021 12:00,289.28354,293.2554745
15/05/2021 13:00,290.07455,291.2589604
15/05/2021 14:00,290.4209,290.4470106
15/05/2021 15:00,290.3362,287.123691
15/05/2021 16:00,290.16235,288.182137
15/05/2021 17:00,289.85416,293.2169889
15/05/2021 18:00,289.3641,286.6448514
15/05/2021 19:00,288.31982,288.0812567
15/05/2021 20:00,288.21188,287.8676131
15/05/2021 21:00,287.89352,282.9518323
15/05/2021 22:00,287.1772,285.0160911
15/05/2021 23:00,287.11597,286.0002801
16/05/2021 0:00,286.75165,284.4200463
16/05/2021 1:00,287.1248,289.8144154
16/05/2021 2:00,287.07803,282.0754363
16/05/2021 3:00,287.66373,287.0885631
16/05/2021 4:00,288.37497,284.8889569
16/05/2021 5:00,288.2502,287.6492583
16/05/2021 6:00,289.15485,288.6864002
16/05/2021 7:00,289.10773,285.9350978
16/05/2021 8:00,289.9852,288.7277286
16/05/2021 9:00,290.9487,286.2929849
16/05/2021 10:00,291.48315,291.6382643
16/05/2021 11:00,291.69318,292.0288613
16/05/2021 12:00,291.73404,293.2071718
16/05/2021 13:00,291.87036,294.42066
16/05/2021 14:00,291.72485,293.4976752
16/05/2021 15:00,291.56998,292.9314587
16/05/2021 16:00,291.25415,290.9452037
16/05/2021 17:00,290.85052,290.6174881
16/05/2021 18:00,290.3851,292.775524
16/05/2021 19:00,289.73273,291.3281253
16/05/2021 20:00,289.52347,287.711514
16/05/2021 21:00,289.28607,287.2458549
16/05/2021 22:00,289.20258,284.7562495
16/05/2021 23:00,289.16483,288.1174434
17/05/2021 0:00,289.13608,287.2434949
17/05/2021 1:00,289.13922,289.4545109
17/05/2021 2:00,289.14056,284.5237965
17/05/2021 3:00,288.9853,285.703236
17/05/2021 4:00,288.9411,286.7434565
17/05/2021 5:00,289.04083,287.3352889
17/05/2021 6:00,289.4398,285.7967899
17/05/2021 7:00,290.79987,285.7803241
17/05/2021 8:00,291.24203,290.1866984
17/05/2021 9:00,291.8029,290.3251553
17/05/2021 10:00,292.27084,287.5912135
17/05/2021 11:00,292.56714,290.898251
17/05/2021 12:00,292.7746,289.1015827
17/05/2021 13:00,292.99423,287.2853463
17/05/2021 14:00,293.0173,287.1487062
17/05/2021 15:00,292.81647,288.3405525
17/05/2021 16:00,292.35358,286.2225771
17/05/2021 17:00,291.67303,287.6547759
17/05/2021 18:00,290.9002,282.7694592
17/05/2021 19:00,290.83487,286.7176688
17/05/2021 20:00,290.46216,281.8133095
17/05/2021 21:00,289.93805,286.7791402
17/05/2021 22:00,289.52936,283.1227768
17/05/2021 23:00,289.13824,283.0330911
18/05/2021 0:00,288.6509,282.0134323
18/05/2021 1:00,288.03784,282.396571
18/05/2021 2:00,287.25287,285.1193331
18/05/2021 3:00,286.2524,277.7759396
18/05/2021 4:00,286.00873,284.1131736
18/05/2021 5:00,287.24484,284.1488917
18/05/2021 6:00,288.74417,284.3847566
18/05/2021 7:00,289.98618,286.5645605
18/05/2021 8:00,291.07953,293.2820576
18/05/2021 9:00,292.08957,289.9675653
18/05/2021 10:00,292.7177,290.3184328
18/05/2021 11:00,292.7187,294.8785333
18/05/2021 12:00,292.6115,294.0476314
18/05/2021 13:00,292.68582,291.9986021
18/05/2021 14:00,292.81528,293.9572893
18/05/2021 15:00,292.704,291.575189
18/05/2021 16:00,292.34985,294.802498
18/05/2021 17:00,291.61514,293.3324535
18/05/2021 18:00,290.70248,292.588441
18/05/2021 19:00,290.50653,288.6779284
18/05/2021 20:00,288.39258,289.7753389
18/05/2021 21:00,287.82135,285.6821432
18/05/2021 22:00,287.60938,282.8354334
18/05/2021 23:00,287.75272,285.3575662
19/05/2021 0:00,287.86456,287.9731335
19/05/2021 1:00,287.9602,282.3816019
19/05/2021 2:00,288.20346,284.1710236
19/05/2021 3:00,288.4319,285.1070517
19/05/2021 4:00,288.60202,283.9916889
19/05/2021 5:00,289.08054,282.9643911
19/05/2021 6:00,289.88818,287.0533977
19/05/2021 7:00,290.6544,288.8918423
19/05/2021 8:00,291.4415,285.5761933
19/05/2021 9:00,291.75458,284.1471788
19/05/2021 10:00,291.9705,283.1064251
19/05/2021 11:00,292.21707,286.6279774
19/05/2021 12:00,292.29395,288.6457823
19/05/2021 13:00,292.11127,287.4575628
19/05/2021 14:00,291.92764,286.9036632
19/05/2021 15:00,292.0059,285.3176928
19/05/2021 16:00,290.66064,284.0914096
19/05/2021 17:00,290.00592,286.9019836
19/05/2021 18:00,289.25848,286.6376946
19/05/2021 19:00,288.97104,281.4548296
19/05/2021 20:00,288.36987,286.7713042
19/05/2021 21:00,287.80902,284.8626764
19/05/2021 22:00,287.4101,286.1749505
19/05/2021 23:00,287.133,280.9604232
20/05/2021 0:00,286.95776,280.8965621
20/05/2021 1:00,286.64154,283.1624595
20/05/2021 2:00,286.33786,284.1918824
20/05/2021 3:00,285.96786,286.3305105
20/05/2021 4:00,285.77368,284.3492701
20/05/2021 5:00,286.30246,282.8035807
20/05/2021 6:00,287.16116,281.4697947
20/05/2021 7:00,288.41937,285.799651
20/05/2021 8:00,289.68756,282.0829679
20/05/2021 9:00,290.60785,287.0058617
20/05/2021 10:00,291.1589,284.5211872
20/05/2021 11:00,291.37872,288.9596032
20/05/2021 12:00,291.2643,288.672963
20/05/2021 13:00,290.94263,288.323833
20/05/2021 14:00,290.60138,288.2107914
20/05/2021 15:00,290.25604,288.8060485
20/05/2021 16:00,289.80978,290.0681621
20/05/2021 17:00,289.36273,288.6211128
20/05/2021 18:00,288.82416,286.2615048
20/05/2021 19:00,288.4479,286.1852042
20/05/2021 20:00,288.15692,286.1183542
20/05/2021 21:00,287.82977,281.551457
20/05/2021 22:00,287.5816,285.5123784
20/05/2021 23:00,287.3,281.8279548
21/05/2021 0:00,287.0272,280.255755
21/05/2021 1:00,286.68927,278.2448938
21/05/2021 2:00,286.36484,277.3390408
21/05/2021 3:00,286.01498,277.5876807
21/05/2021 4:00,285.65457,278.8945678
21/05/2021 5:00,286.138,286.261035
21/05/2021 6:00,287.5595,285.4567936
21/05/2021 7:00,289.07623,288.3385464
21/05/2021 8:00,290.44318,290.1670045
21/05/2021 9:00,291.6484,291.0414407
21/05/2021 10:00,292.494,291.8495379
21/05/2021 11:00,293.03293,290.8431336
21/05/2021 12:00,293.14383,296.2469964
21/05/2021 13:00,292.80884,297.276404
21/05/2021 14:00,292.47168,291.3205008
21/05/2021 15:00,292.2429,292.4657093
21/05/2021 16:00,291.8987,293.2642366
21/05/2021 17:00,291.3404,290.9684854
21/05/2021 18:00,290.5656,291.7283889
21/05/2021 19:00,289.02792,287.4429768
21/05/2021 20:00,288.66068,291.5865745
21/05/2021 21:00,288.04938,288.8817438
21/05/2021 22:00,287.7312,286.5633889
21/05/2021 23:00,287.69638,287.7581406
22/05/2021 0:00,287.68564,287.6286533
22/05/2021 1:00,287.4009,284.1991232
22/05/2021 2:00,287.25522,283.2506744
22/05/2021 3:00,287.16153,284.4108039
22/05/2021 4:00,287.15723,285.8529541
22/05/2021 5:00,287.99716,285.7097322
22/05/2021 6:00,289.5925,284.5869112
22/05/2021 7:00,291.00464,288.4867866
22/05/2021 8:00,291.89578,291.3253982
22/05/2021 9:00,292.38232,292.4671636
22/05/2021 10:00,292.86163,296.5945224
22/05/2021 11:00,293.1755,290.5424714
22/05/2021 12:00,293.3857,293.9058209
22/05/2021 13:00,293.48077,295.8267358
22/05/2021 14:00,293.51303,297.8182933
22/05/2021 15:00,293.41644,293.2918646
22/05/2021 16:00,293.0871,294.5128873
22/05/2021 17:00,292.55618,293.5463246
22/05/2021 18:00,291.76318,291.8786601
22/05/2021 19:00,291.0412,288.8778498
22/05/2021 20:00,290.81766,288.8728863
22/05/2021 21:00,290.42264,283.2525632
22/05/2021 22:00,290.10898,288.8564233
22/05/2021 23:00,289.86453,286.8200358
23/05/2021 0:00,289.6107,285.6432871
23/05/2021 1:00,289.4048,289.2218304
23/05/2021 2:00,289.21686,284.1432121
23/05/2021 3:00,289.11612,284.4383201
23/05/2021 4:00,289.07623,288.9931071
23/05/2021 5:00,289.58176,285.4691712
23/05/2021 6:00,290.5789,287.8986054
23/05/2021 7:00,291.33804,290.5689899
23/05/2021 8:00,292.11734,294.1738537
23/05/2021 9:00,292.8843,294.4480695
23/05/2021 10:00,293.2723,292.92446
23/05/2021 11:00,293.66498,295.1031308
23/05/2021 12:00,294.03928,295.3132159
23/05/2021 13:00,294.17538,295.5967626
23/05/2021 14:00,294.3068,294.4029325
23/05/2021 15:00,294.26807,291.2096352
23/05/2021 16:00,294.00485,284.2898791
23/05/2021 17:00,293.44028,288.6372453
23/05/2021 18:00,292.74802,286.7843397
23/05/2021 19:00,291.79175,288.2925944
23/05/2021 20:00,291.54044,286.255432
23/05/2021 21:00,291.20663,287.1021482
23/05/2021 22:00,290.77856,284.6322879
23/05/2021 23:00,290.23825,285.4657507
24/05/2021 0:00,289.71707,283.5260549
24/05/2021 1:00,289.70612,283.0302004
24/05/2021 2:00,289.6019,286.7123716
24/05/2021 3:00,289.633,282.9590409
24/05/2021 4:00,289.7126,282.1703763
24/05/2021 5:00,290.00082,281.3134597
24/05/2021 6:00,291.7354,283.224184
24/05/2021 7:00,293.60495,287.6197
24/05/2021 8:00,295.302,287.9275801
24/05/2021 9:00,295.91898,286.9823824
24/05/2021 10:00,296.38968,289.0653443
24/05/2021 11:00,297.00098,291.8567728
24/05/2021 12:00,297.4586,290.4727094
24/05/2021 13:00,297.58472,288.4308099
24/05/2021 14:00,297.44843,291.1694718
24/05/2021 15:00,297.31232,290.3032445
24/05/2021 16:00,296.96872,290.8888326
24/05/2021 17:00,296.20566,290.2290322
24/05/2021 18:00,295.459,289.0776291
24/05/2021 19:00,295.20773,286.1789347
24/05/2021 20:00,294.71396,287.3816929
24/05/2021 21:00,294.12357,286.0191714
24/05/2021 22:00,293.59674,281.7647086
24/05/2021 23:00,293.0607,290.1310253
25/05/2021 0:00,292.4629,287.2151661
25/05/2021 1:00,292.07452,283.8389962
25/05/2021 2:00,291.7141,283.9231038
25/05/2021 3:00,291.41354,281.2326935
25/05/2021 4:00,291.19705,286.5046281
25/05/2021 5:00,291.54083,289.4753874
25/05/2021 6:00,292.38995,288.4777314
25/05/2021 7:00,293.37674,291.0438669
25/05/2021 8:00,294.4157,291.407604
25/05/2021 9:00,295.01724,289.1766923
25/05/2021 10:00,295.42188,290.4094135
25/05/2021 11:00,295.6393,290.4806721
25/05/2021 12:00,295.79126,288.3132978
25/05/2021 13:00,295.7361,288.3475504
25/05/2021 14:00,295.425,288.3543058
25/05/2021 15:00,294.9848,288.0972407
25/05/2021 16:00,294.6975,288.0234588
25/05/2021 17:00,294.4114,285.595176
25/05/2021 18:00,293.90552,285.7704963
25/05/2021 19:00,293.374,283.3286229
25/05/2021 20:00,293.00693,287.0233426
25/05/2021 21:00,292.6469,280.8228967
25/05/2021 22:00,292.0843,285.9318729
25/05/2021 23:00,291.52148,285.8910702
26/05/2021 0:00,291.05548,282.4781595
26/05/2021 1:00,291.0105,277.6666617
26/05/2021 2:00,290.99973,281.9144738
26/05/2021 3:00,290.9665,282.7891531
26/05/2021 4:00,291.00443,280.6614182
26/05/2021 5:00,291.34195,281.4868874
26/05/2021 6:00,292.02737,288.0586965
26/05/2021 7:00,292.81488,287.8557257
26/05/2021 8:00,294.08737,286.4739487
26/05/2021 9:00,295.22592,286.5120415
26/05/2021 10:00,296.0545,289.8146243
26/05/2021 11:00,296.56488,290.8838742
26/05/2021 12:00,296.68652,292.8619536
26/05/2021 13:00,296.56784,291.5503928
26/05/2021 14:00,296.31635,293.6900117
26/05/2021 15:00,296.10965,296.2326584
26/05/2021 16:00,295.69604,293.9927443
26/05/2021 17:00,295.0364,291.7837229
26/05/2021 18:00,294.15485,289.9275279
26/05/2021 19:00,293.2287,287.7532552
26/05/2021 20:00,292.63126,288.4970976
26/05/2021 21:00,292.17404,283.9649786
26/05/2021 22:00,291.75223,284.3135203
26/05/2021 23:00,291.33942,284.1281763
27/05/2021 0:00,290.99094,284.2903631
27/05/2021 1:00,290.69214,282.8049037
27/05/2021 2:00,290.30414,285.9298197
27/05/2021 3:00,289.75385,284.7442179
27/05/2021 4:00,289.23856,285.3972268
27/05/2021 5:00,289.8915,284.6173095
27/05/2021 6:00,291.85178,290.8637578
27/05/2021 7:00,293.52145,288.9205965
27/05/2021 8:00,294.3676,295.1942015
27/05/2021 9:00,294.8698,290.2055652
27/05/2021 10:00,295.2351,294.9119469
27/05/2021 11:00,295.28928,295.6462895
27/05/2021 12:00,295.33054,293.9505862
27/05/2021 13:00,295.4639,296.3654792
27/05/2021 14:00,295.3816,297.9525156
27/05/2021 15:00,295.1778,291.5420166
27/05/2021 16:00,294.78473,295.850532
27/05/2021 17:00,294.34982,289.4999443
27/05/2021 18:00,293.71466,290.735745
27/05/2021 19:00,292.5423,293.7810203
27/05/2021 20:00,292.03265,288.8014369
27/05/2021 21:00,291.59326,286.3326831
27/05/2021 22:00,291.19293,286.3503805
27/05/2021 23:00,290.803,288.9988138
28/05/2021 0:00,290.46332,281.552864
28/05/2021 1:00,290.1997,282.5764249
28/05/2021 2:00,289.93356,286.9058412
28/05/2021 3:00,289.52386,287.4539817
28/05/2021 4:00,289.28647,283.7173796
28/05/2021 5:00,290.04562,282.2844115
28/05/2021 6:00,291.56784,289.4106722
28/05/2021 7:00,293.24942,289.9394752
28/05/2021 8:00,294.38794,289.7905309
28/05/2021 9:00,295.2441,288.5174858
28/05/2021 10:00,295.93207,290.6679429
28/05/2021 11:00,296.3277,291.1229809
28/05/2021 12:00,296.4546,292.3036611
28/05/2021 13:00,296.45383,294.2987276
28/05/2021 14:00,296.2039,292.9443852
28/05/2021 15:00,295.88846,289.3610075
28/05/2021 16:00,295.36807,293.8001212
28/05/2021 17:00,294.668,291.3240595
28/05/2021 18:00,293.80832,290.4684718
28/05/2021 19:00,293.0359,290.30781
28/05/2021 20:00,292.26303,284.6577751
28/05/2021 21:00,291.4808,285.9299396
28/05/2021 22:00,290.7244,284.6265682
28/05/2021 23:00,290.0368,282.1997495
29/05/2021 0:00,289.44702,285.2491102
29/05/2021 1:00,288.86972,289.7859129
29/05/2021 2:00,288.3118,281.758122
29/05/2021 3:00,287.80942,284.7379319
29/05/2021 4:00,287.4926,285.8616637
29/05/2021 5:00,288.38397,285.2004638
29/05/2021 6:00,290.41562,287.5935377
29/05/2021 7:00,292.61603,286.668131
29/05/2021 8:00,293.97006,290.1232465
29/05/2021 9:00,295.02762,288.8507439
29/05/2021 10:00,295.76605,287.022919
29/05/2021 11:00,296.05096,293.2952412
29/05/2021 12:00,295.9534,293.6332648
29/05/2021 13:00,295.83664,292.5769582
29/05/2021 14:00,295.55737,292.6560276
29/05/2021 15:00,295.0376,293.6444345
29/05/2021 16:00,294.63065,291.0209429
29/05/2021 17:00,294.08835,291.1006312
29/05/2021 18:00,293.54706,287.9717891
29/05/2021 19:00,292.93164,290.3167211
29/05/2021 20:00,292.6209,288.0024947
29/05/2021 21:00,292.2947,287.2152022
29/05/2021 22:00,291.76904,284.1229416
29/05/2021 23:00,291.54398,286.3825766
30/05/2021 0:00,291.2868,283.87814
30/05/2021 1:00,291.25494,283.4901882
30/05/2021 2:00,291.13153,282.2996283
30/05/2021 3:00,291.13446,280.921213
30/05/2021 4:00,290.92133,286.0341692
30/05/2021 5:00,290.83624,286.5292268
30/05/2021 6:00,290.66473,289.1571223
30/05/2021 7:00,291.03494,285.1483013
30/05/2021 8:00,292.13593,288.6436754
30/05/2021 9:00,292.99167,287.054854
30/05/2021 10:00,293.9857,288.6987616
30/05/2021 11:00,294.55634,289.0148546
30/05/2021 12:00,294.94315,293.1402916
30/05/2021 13:00,295.3016,290.2902223
30/05/2021 14:00,295.19482,291.4663533
30/05/2021 15:00,294.8964,290.9735646
30/05/2021 16:00,294.42706,293.6101988
30/05/2021 17:00,293.6734,285.8298565
30/05/2021 18:00,293.04645,289.999509
30/05/2021 19:00,292.15704,288.6221525
30/05/2021 20:00,291.54105,284.3837026
30/05/2021 21:00,291.01538,287.2103317
30/05/2021 22:00,290.35928,285.3441873
30/05/2021 23:00,289.6625,283.6873596
31/05/2021 0:00,288.938,281.8696645
31/05/2021 1:00,288.2936,281.5987007
31/05/2021 2:00,287.75644,286.1226365
31/05/2021 3:00,287.29453,282.024312
31/05/2021 4:00,287.00293,283.3040208
31/05/2021 5:00,287.67682,282.4732536
31/05/2021 6:00,288.89673,283.816561
31/05/2021 7:00,290.23413,288.431383
31/05/2021 8:00,291.52637,285.4728222
31/05/2021 9:00,292.72845,288.2682456
31/05/2021 10:00,293.64777,290.0822787
31/05/2021 11:00,294.17987,290.7355564
31/05/2021 12:00,294.3723,290.7083594
31/05/2021 13:00,294.0428,292.1691601
31/05/2021 14:00,293.57993,292.788079
31/05/2021 15:00,293.54453,292.7361416
31/05/2021 16:00,293.30438,289.3633582
31/05/2021 17:00,292.95804,289.1109247
31/05/2021 18:00,292.47678,290.6893641
31/05/2021 19:00,291.83203,288.8302488
31/05/2021 20:00,291.37717,283.2175945
31/05/2021 21:00,290.75275,285.2289468
31/05/2021 22:00,290.02606,280.2031902
31/05/2021 23:00,289.1961,283.2948095
01/06/2021 0:00,288.3773,286.0188365
01/06/2021 1:00,287.96906,280.4567104
01/06/2021 2:00,287.62003,280.3192766
01/06/2021 3:00,287.1234,282.5932129
01/06/2021 4:00,286.85086,278.6224873
01/06/2021 5:00,287.6155,282.7545798
01/06/2021 6:00,289.1952,286.812103
01/06/2021 7:00,290.84006,286.6925926
01/06/2021 8:00,291.86786,288.9711533
01/06/2021 9:00,293.06198,291.5318096
01/06/2021 10:00,294.13712,291.1204443
01/06/2021 11:00,294.86182,291.5578027
01/06/2021 12:00,294.91565,291.099598
01/06/2021 13:00,294.89185,292.7309885
01/06/2021 14:00,294.6057,291.3967345
01/06/2021 15:00,294.4122,292.314955
01/06/2021 16:00,294.06998,290.2520457
01/06/2021 17:00,293.47617,290.1311701
01/06/2021 18:00,292.7679,287.7946249
01/06/2021 19:00,291.73895,288.9243415
01/06/2021 20:00,291.40268,287.1877335
01/06/2021 21:00,290.92078,285.8005676
01/06/2021 22:00,290.24878,286.8380935
01/06/2021 23:00,289.75302,286.2472131
02/06/2021 0:00,289.15353,287.1473209
02/06/2021 1:00,288.50677,284.8703121
02/06/2021 2:00,287.82996,286.0875138
02/06/2021 3:00,287.24323,286.0548157
02/06/2021 4:00,286.9285,285.6811935
02/06/2021 5:00,288.02374,284.2074347
02/06/2021 6:00,290.24484,288.5503702
02/06/2021 7:00,291.72253,291.102009
02/06/2021 8:00,293.15207,291.9517718
02/06/2021 9:00,294.16006,289.2624422
02/06/2021 10:00,294.772,294.0807091
02/06/2021 11:00,295.01535,298.4574426
02/06/2021 12:00,294.89438,294.2383103
02/06/2021 13:00,294.65613,293.9296632
02/06/2021 14:00,294.31476,296.0197537
02/06/2021 15:00,294.09973,295.8207713
02/06/2021 16:00,293.66995,296.9256349
02/06/2021 17:00,293.1971,291.284344
02/06/2021 18:00,292.67218,292.9360799
02/06/2021 19:00,291.9506,291.7793992
02/06/2021 20:00,291.83075,289.1011399
02/06/2021 21:00,291.46814,288.74787
02/06/2021 22:00,291.04742,288.923417
02/06/2021 23:00,290.63806,287.4871998
03/06/2021 0:00,289.84537,282.8641407
03/06/2021 1:00,288.79092,285.7899508
03/06/2021 2:00,287.94128,284.1268477
03/06/2021 3:00,286.9112,283.9605915
03/06/2021 4:00,286.78345,283.8424247
03/06/2021 5:00,289.44733,286.1350787
03/06/2021 6:00,291.66077,292.4603808
03/06/2021 7:00,293.177,292.5970706
03/06/2021 8:00,294.66122,292.1089056
03/06/2021 9:00,295.81174,294.0110845
03/06/2021 10:00,296.24347,295.8024431
03/06/2021 11:00,295.9732,298.4462262
03/06/2021 12:00,295.70804,297.8201531
03/06/2021 13:00,295.80435,295.2382599
03/06/2021 14:00,296.06982,300.6730121
03/06/2021 15:00,296.05566,296.1002262
03/06/2021 16:00,295.74203,297.6466886
03/06/2021 17:00,295.22614,294.0664569
03/06/2021 18:00,294.52158,293.6089127
03/06/2021 19:00,293.83655,292.8710966
03/06/2021 20:00,293.41895,292.0436156
03/06/2021 21:00,293.03818,290.3715787
03/06/2021 22:00,292.28064,288.8469197
03/06/2021 23:00,291.14716,286.2610911
04/06/2021 0:00,289.9604,285.7530308
04/06/2021 1:00,288.968,287.0760383
04/06/2021 2:00,288.4399,287.6966723
04/06/2021 3:00,287.858,285.4566308
04/06/2021 4:00,287.84808,288.0601102
04/06/2021 5:00,290.08163,290.7870447
04/06/2021 6:00,292.61438,290.5995104
04/06/2021 7:00,295.125,292.6622058
04/06/2021 8:00,296.72424,295.1384343
04/06/2021 9:00,297.794,296.6877925
04/06/2021 10:00,298.25635,295.8559736
04/06/2021 11:00,298.09827,299.7818098
04/06/2021 12:00,297.677,298.5086387
04/06/2021 13:00,297.37442,298.1438685
04/06/2021 14:00,296.86194,295.5845006
04/06/2021 15:00,296.77722,295.6548269
04/06/2021 16:00,296.39758,298.0064914
04/06/2021 17:00,295.92307,292.5323628
04/06/2021 18:00,295.33832,296.3900314
04/06/2021 19:00,294.74338,292.4877369
04/06/2021 20:00,293.781,297.27519
04/06/2021 21:00,293.12488,294.3977513
04/06/2021 22:00,292.11404,288.5998679
04/06/2021 23:00,291.4163,287.5699218
05/06/2021 0:00,292.54526,288.7058172
05/06/2021 1:00,291.59647,289.5139314
05/06/2021 2:00,290.94714,283.2283984
05/06/2021 3:00,291.36926,282.5163835
05/06/2021 4:00,291.10098,284.7207482
05/06/2021 5:00,291.04486,289.7747592
05/06/2021 6:00,293.1807,293.7218506
05/06/2021 7:00,294.77768,296.1068243
05/06/2021 8:00,295.9919,294.1792369
05/06/2021 9:00,296.91916,293.6292946
05/06/2021 10:00,297.3968,300.2774352
05/06/2021 11:00,297.23788,298.1517216
05/06/2021 12:00,297.2359,296.698464
05/06/2021 13:00,296.84607,300.9943681
05/06/2021 14:00,296.81772,302.3542668
05/06/2021 15:00,296.62338,300.6002486
05/06/2021 16:00,296.41147,299.3765191
05/06/2021 17:00,295.98056,298.668182
05/06/2021 18:00,295.1284,296.6653656
05/06/2021 19:00,294.2428,292.5650364
05/06/2021 20:00,293.71613,292.1332018
05/06/2021 21:00,293.33112,293.1667318
05/06/2021 22:00,292.9359,291.8535094
05/06/2021 23:00,292.656,290.8292462
06/06/2021 0:00,291.80582,288.1846314
06/06/2021 1:00,290.627,289.2124119
06/06/2021 2:00,290.15106,285.5373495
06/06/2021 3:00,290.28818,289.6293961
06/06/2021 4:00,290.28534,291.8414924
06/06/2021 5:00,291.83386,289.0600155
06/06/2021 6:00,293.4926,291.7465384
06/06/2021 7:00,294.8584,294.2573845
06/06/2021 8:00,295.86752,297.5068757
06/06/2021 9:00,296.9132,295.4348013
06/06/2021 10:00,297.44354,295.1659957
06/06/2021 11:00,297.43335,293.2384614
06/06/2021 12:00,296.8605,297.5463327
06/06/2021 13:00,296.67383,300.828235
06/06/2021 14:00,296.71716,297.9423513
06/06/2021 15:00,296.61603,297.0091348
06/06/2021 16:00,296.3106,297.1170161
06/06/2021 17:00,295.8157,295.0297817
06/06/2021 18:00,295.3723,292.6263295
06/06/2021 19:00,294.68985,294.7017419
06/06/2021 20:00,294.15866,292.5871267
06/06/2021 21:00,293.698,291.4221935
06/06/2021 22:00,293.52774,289.0732953
06/06/2021 23:00,292.95038,292.2875466
07/06/2021 0:00,292.18347,290.9394274
07/06/2021 1:00,292.06335,288.5901255
07/06/2021 2:00,292.037,291.1949391
07/06/2021 3:00,291.81998,287.9867118
07/06/2021 4:00,291.50043,287.9580738
07/06/2021 5:00,291.5599,288.888187
07/06/2021 6:00,291.78967,289.5495333
07/06/2021 7:00,292.87134,295.2092877
07/06/2021 8:00,293.44446,292.5215178
07/06/2021 9:00,293.67505,294.9099122
07/06/2021 10:00,294.1394,293.9814313
07/06/2021 11:00,294.79752,297.7877263
07/06/2021 12:00,294.72015,298.0927112
07/06/2021 13:00,294.64706,297.8394142
07/06/2021 14:00,294.5278,296.5579946
07/06/2021 15:00,294.27652,296.2534251
07/06/2021 16:00,294.05554,298.3814165
07/06/2021 17:00,293.85837,295.7165003
07/06/2021 18:00,293.64645,295.805036
07/06/2021 19:00,292.22427,291.8730236
07/06/2021 20:00,291.98657,292.1933064
07/06/2021 21:00,291.83813,293.3656885
07/06/2021 22:00,291.70978,291.7383243
07/06/2021 23:00,291.53754,289.6887655
08/06/2021 0:00,291.47775,290.4441082
08/06/2021 1:00,290.64172,289.0454493
08/06/2021 2:00,289.97684,288.8649373
08/06/2021 3:00,289.2952,287.6720104
08/06/2021 4:00,289.3323,288.042165
08/06/2021 5:00,290.5406,290.6651957
08/06/2021 6:00,291.9078,291.6647683
08/06/2021 7:00,293.61386,293.2243451
08/06/2021 8:00,295.45248,293.964937
08/06/2021 9:00,296.74606,294.6960488
08/06/2021 10:00,297.3512,296.3016632
08/06/2021 11:00,297.44327,299.0680459
08/06/2021 12:00,297.36508,297.3306422
08/06/2021 13:00,297.28036,299.7676657
08/06/2021 14:00,297.2387,299.1512169
08/06/2021 15:00,297.53818,295.119245
08/06/2021 16:00,297.35886,299.3697817
08/06/2021 17:00,296.82425,298.5231176
08/06/2021 18:00,296.3027,293.8954138
08/06/2021 19:00,296.1599,295.84864
08/06/2021 20:00,295.62616,292.9806656
08/06/2021 21:00,295.2321,292.2156349
08/06/2021 22:00,294.7734,288.7244153
08/06/2021 23:00,294.07877,287.349036
09/06/2021 0:00,293.37192,289.3644495
09/06/2021 1:00,292.7784,289.5614511
09/06/2021 2:00,292.21378,289.3608585
09/06/2021 3:00,291.70612,287.8876658
09/06/2021 4:00,291.48032,289.0153392
09/06/2021 5:00,292.46194,291.5243282
09/06/2021 6:00,294.7587,293.7772149
09/06/2021 7:00,297.38632,295.5261193
09/06/2021 8:00,298.7626,294.8232455
09/06/2021 9:00,299.78024,298.9546493
09/06/2021 10:00,300.65848,295.9719523
09/06/2021 11:00,300.9953,300.1524695
09/06/2021 12:00,300.54315,301.8310567
09/06/2021 13:00,300.39612,300.7808319
09/06/2021 14:00,300.22104,299.6331195
09/06/2021 15:00,299.87994,298.8595727
09/06/2021 16:00,299.36237,301.1768856
09/06/2021 17:00,298.61954,295.7382195
09/06/2021 18:00,297.70276,295.3051894
09/06/2021 19:00,297.20926,295.306175
09/06/2021 20:00,297.13644,298.1514554
09/06/2021 21:00,296.56134,293.3814876
09/06/2021 22:00,295.53665,289.6941688
09/06/2021 23:00,294.68958,290.2408638
10/06/2021 0:00,293.88214,289.2284264
10/06/2021 1:00,293.19174,288.5427045
10/06/2021 2:00,292.5835,291.086679
10/06/2021 3:00,292.02792,286.6763959
10/06/2021 4:00,291.74408,292.304106
10/06/2021 5:00,292.70276,292.8520077
10/06/2021 6:00,294.98108,294.7907995
10/06/2021 7:00,297.6393,292.4793824
10/06/2021 8:00,298.99377,293.7925552
10/06/2021 9:00,300.13803,292.3756855
10/06/2021 10:00,300.8409,294.9906642
10/06/2021 11:00,300.89276,297.8650974
10/06/2021 12:00,300.7174,300.0555819
10/06/2021 13:00,300.40152,296.3258967
10/06/2021 14:00,299.03033,297.767547
10/06/2021 15:00,298.66486,298.2522839
10/06/2021 16:00,298.66995,295.8716542
10/06/2021 17:00,298.56287,298.1955449
10/06/2021 18:00,297.9498,295.4151172
10/06/2021 19:00,297.64667,292.8398321
10/06/2021 20:00,296.6659,291.0043099
10/06/2021 21:00,295.7355,289.3011042
10/06/2021 22:00,294.99213,289.9243252
10/06/2021 23:00,294.253,289.097673
11/06/2021 0:00,293.53653,288.3612823
11/06/2021 1:00,292.7974,286.9917806
11/06/2021 2:00,292.17923,288.0401563
11/06/2021 3:00,291.5554,289.9056707
11/06/2021 4:00,291.22845,287.5831998
11/06/2021 5:00,291.9047,291.9166098
11/06/2021 6:00,293.63342,290.0289361
11/06/2021 7:00,296.92255,292.9568766
11/06/2021 8:00,298.69687,291.8432712
11/06/2021 9:00,299.8794,293.1498183
11/06/2021 10:00,300.16806,295.8063858
11/06/2021 11:00,300.01083,300.1331213
11/06/2021 12:00,299.81226,300.2639181
11/06/2021 13:00,299.13147,298.8549334
11/06/2021 14:00,297.8246,295.3369565
11/06/2021 15:00,298.24048,296.9846418
11/06/2021 16:00,298.298,297.2946375
11/06/2021 17:00,298.07816,296.2868568
11/06/2021 18:00,297.54102,291.6317464
11/06/2021 19:00,296.47067,292.4943058
11/06/2021 20:00,295.7545,292.784242
11/06/2021 21:00,295.42615,293.0127164
11/06/2021 22:00,295.05957,287.4738731
11/06/2021 23:00,294.33826,290.4901299
12/06/2021 0:00,293.50308,290.4918916
12/06/2021 1:00,292.76706,291.3472313
12/06/2021 2:00,292.1234,290.6456522
12/06/2021 3:00,291.53073,290.0433441
12/06/2021 4:00,291.15677,287.7468556
12/06/2021 5:00,292.06503,287.7073962
12/06/2021 6:00,294.24988,292.1912814
12/06/2021 7:00,295.9766,296.0757765
12/06/2021 8:00,297.50446,298.3647818
12/06/2021 9:00,298.6323,298.3137447
12/06/2021 10:00,299.00198,298.78045
12/06/2021 11:00,298.9751,299.6554604
12/06/2021 12:00,299.13458,298.6234592
12/06/2021 13:00,299.13742,299.767773
12/06/2021 14:00,299.0241,302.8536784
12/06/2021 15:00,298.85242,298.3741995
12/06/2021 16:00,298.4739,302.3911924
12/06/2021 17:00,297.88495,297.63735
12/06/2021 18:00,297.07413,299.420662
12/06/2021 19:00,296.8197,293.0350734
12/06/2021 20:00,296.2772,295.59256
12/06/2021 21:00,295.79245,292.584413
12/06/2021 22:00,295.2995,290.8922307
12/06/2021 23:00,294.71704,293.5108979
13/06/2021 0:00,293.7544,294.4084124
13/06/2021 1:00,292.48038,290.6276989
13/06/2021 2:00,291.73895,289.3213067
13/06/2021 3:00,291.49673,291.9820755
13/06/2021 4:00,291.59024,291.9068723
13/06/2021 5:00,293.38977,293.0335973
13/06/2021 6:00,295.7372,294.0836004
13/06/2021 7:00,297.59937,291.9970381
13/06/2021 8:00,298.60565,296.3915384
13/06/2021 9:00,299.09012,294.6399567
13/06/2021 10:00,299.03967,294.564893
13/06/2021 11:00,299.3088,292.5197679
13/06/2021 12:00,299.61194,295.6897594
13/06/2021 13:00,299.806,295.9426432
13/06/2021 14:00,299.83774,298.204691
13/06/2021 15:00,299.73376,297.0027084
13/06/2021 16:00,299.31448,293.4490998
13/06/2021 17:00,298.69604,294.9929815
13/06/2021 18:00,297.80618,294.6767378
13/06/2021 19:00,296.8792,294.7734757
13/06/2021 20:00,296.02335,292.4400995
13/06/2021 21:00,295.33154,291.2434428
13/06/2021 22:00,294.66434,289.1654026
13/06/2021 23:00,293.73596,288.9938538
14/06/2021 0:00,292.6512,289.8362712
14/06/2021 1:00,292.31888,284.6702201
14/06/2021 2:00,292.1268,285.9712452
14/06/2021 3:00,292.0489,284.6226205
14/06/2021 4:00,291.85992,286.5266668
14/06/2021 5:00,292.37216,288.8409644
14/06/2021 6:00,292.8634,286.7566706
14/06/2021 7:00,293.9609,284.6034297
14/06/2021 8:00,294.85983,289.5338082
14/06/2021 9:00,295.73325,292.6230159
14/06/2021 10:00,296.4098,293.4801431
14/06/2021 11:00,296.87466,293.7956706
14/06/2021 12:00,297.2682,293.0346919
14/06/2021 13:00,297.5118,291.3926204
14/06/2021 14:00,297.4016,294.4579474
14/06/2021 15:00,297.073,292.0805198
14/06/2021 16:00,296.54434,297.4471717
14/06/2021 17:00,295.92023,294.1455203
14/06/2021 18:00,295.07684,292.0260793
14/06/2021 19:00,294.01447,290.7806912
14/06/2021 20:00,293.26965,289.647954
14/06/2021 21:00,292.70447,287.2961041
14/06/2021 22:00,292.22766,288.73046
14/06/2021 23:00,291.7523,286.5618487
15/06/2021 0:00,291.23666,285.0605137
15/06/2021 1:00,290.74628,289.4354922
15/06/2021 2:00,290.32642,286.1670523
15/06/2021 3:00,289.8839,286.6315704
15/06/2021 4:00,289.6244,284.7895679
15/06/2021 5:00,290.50235,288.7834802
15/06/2021 6:00,292.25827,291.2096202
15/06/2021 7:00,294.24847,289.1162125
15/06/2021 8:00,295.495,297.7295833
15/06/2021 9:00,296.55765,297.9267239
15/06/2021 10:00,297.48462,295.9598983
15/06/2021 11:00,298.1688,295.6342012
15/06/2021 12:00,298.36682,299.0422719
15/06/2021 13:00,298.20563,299.0201884
15/06/2021 14:00,298.00363,299.2575624
15/06/2021 15:00,297.54016,298.8836899
15/06/2021 16:00,296.98035,299.1045078
15/06/2021 17:00,296.43442,299.6602176
15/06/2021 18:00,295.83438,296.4312632
15/06/2021 19:00,294.92697,293.1798615
15/06/2021 20:00,294.60486,296.2634291
15/06/2021 21:00,294.3241,294.8765109
15/06/2021 22:00,293.94873,296.0243007
15/06/2021 23:00,293.43423,287.4792781
16/06/2021 0:00,292.4866,289.1465656
16/06/2021 1:00,291.30524,284.6862948
16/06/2021 2:00,290.5913,289.3242798
16/06/2021 3:00,290.4757,287.4924245
16/06/2021 4:00,290.84714,292.2547563
16/06/2021 5:00,292.15826,289.1654584
16/06/2021 6:00,294.25357,290.4426001
16/06/2021 7:00,296.4874,293.9238869
16/06/2021 8:00,297.88098,293.2380092
16/06/2021 9:00,298.74646,299.5012615
16/06/2021 10:00,299.15018,295.5548476
16/06/2021 11:00,299.06772,300.1738922
16/06/2021 12:00,298.82748,297.097804
16/06/2021 13:00,298.6538,300.5744714
16/06/2021 14:00,298.29715,303.9476962
16/06/2021 15:00,298.12177,301.74528
16/06/2021 16:00,297.7617,299.3207489
16/06/2021 17:00,297.21323,299.7126538
16/06/2021 18:00,296.55652,298.1548799
16/06/2021 19:00,295.91287,296.3271989
16/06/2021 20:00,295.57007,293.4643564
16/06/2021 21:00,295.25815,297.1737869
16/06/2021 22:00,294.94736,290.6664749
16/06/2021 23:00,294.46265,293.2400749
17/06/2021 0:00,293.74448,292.5273139
17/06/2021 1:00,292.95206,293.6732251
17/06/2021 2:00,291.87015,291.9757498
17/06/2021 3:00,291.26642,289.2453856
17/06/2021 4:00,291.701,289.9979372
17/06/2021 5:00,293.2127,293.256217
17/06/2021 6:00,295.33804,295.5380955
17/06/2021 7:00,297.73932,296.1756047
17/06/2021 8:00,298.95468,297.9668
17/06/2021 9:00,299.54935,301.3608182
17/06/2021 10:00,299.53943,299.6523257
17/06/2021 11:00,299.16177,301.211618
17/06/2021 12:00,298.76062,305.6881374
17/06/2021 13:00,298.83655,299.8665833
17/06/2021 14:00,298.58694,299.2399592
17/06/2021 15:00,298.4606,303.7715717
17/06/2021 16:00,298.0858,300.3677686
17/06/2021 17:00,297.46735,299.4694584
17/06/2021 18:00,296.63528,297.6699074
17/06/2021 19:00,296.28937,296.8249848
17/06/2021 20:00,295.31848,298.4810051
17/06/2021 21:00,294.2462,295.639048
17/06/2021 22:00,293.85608,294.9124067
17/06/2021 23:00,293.86743,290.637567
18/06/2021 0:00,293.0787,291.2664021
18/06/2021 1:00,293.86713,287.6667354
18/06/2021 2:00,293.47617,290.266629
18/06/2021 3:00,293.1147,292.8709682
18/06/2021 4:00,291.1735,291.8047301
18/06/2021 5:00,293.26343,292.691914
18/06/2021 6:00,295.28195,296.438617
18/06/2021 7:00,296.98544,297.1044682
18/06/2021 8:00,298.2147,300.389597
18/06/2021 9:00,299.04846,302.6151339
18/06/2021 10:00,299.3887,299.078851
18/06/2021 11:00,299.4094,302.8407446
18/06/2021 12:00,299.3938,304.2242219
18/06/2021 13:00,299.1748,302.333117
18/06/2021 14:00,298.89178,304.3282736
18/06/2021 15:00,298.97592,308.0560416
18/06/2021 16:00,298.87167,302.7048715
18/06/2021 17:00,298.32236,302.39694
18/06/2021 18:00,297.53705,298.8598087
18/06/2021 19:00,297.29453,299.4866208
18/06/2021 20:00,296.68542,298.5578621
18/06/2021 21:00,296.27435,297.0752752
18/06/2021 22:00,295.8933,295.4843408
18/06/2021 23:00,295.48083,297.0802521
19/06/2021 0:00,294.99554,298.7595478
19/06/2021 1:00,294.3717,296.3319285
19/06/2021 2:00,293.7626,296.5096273
19/06/2021 3:00,293.2637,293.8612538
19/06/2021 4:00,293.07474,295.0954729
19/06/2021 5:00,294.42044,295.5830004
19/06/2021 6:00,296.81235,296.4156835
19/06/2021 7:00,298.36655,300.3235248
19/06/2021 8:00,299.56406,299.4485384
19/06/2021 9:00,300.66272,301.3825575
19/06/2021 10:00,301.35,303.3827577
19/06/2021 11:00,301.76675,304.1267086
19/06/2021 12:00,301.8132,302.0573524
19/06/2021 13:00,301.47552,306.4365947
19/06/2021 14:00,301.25424,305.4911711
19/06/2021 15:00,300.55222,303.058467
19/06/2021 16:00,299.9012,300.998507
19/06/2021 17:00,299.24677,302.5713444
19/06/2021 18:00,298.49658,300.5377299
19/06/2021 19:00,298.10278,299.1931943
19/06/2021 20:00,297.72403,297.3265079
19/06/2021 21:00,297.45007,293.1726641
19/06/2021 22:00,297.23135,294.8996442
19/06/2021 23:00,296.77637,294.9862461
20/06/2021 0:00,295.58536,296.5235483
20/06/2021 1:00,295.2672,294.9136456
20/06/2021 2:00,294.08246,297.5881475
20/06/2021 3:00,293.51132,289.212708
20/06/2021 4:00,293.42404,295.1280723
20/06/2021 5:00,295.45844,294.9558938
20/06/2021 6:00,297.33362,300.1959031
20/06/2021 7:00,298.22037,300.6582476
20/06/2021 8:00,299.36746,303.8058511
20/06/2021 9:00,300.57715,301.3679125
20/06/2021 10:00,301.24094,301.1891487
20/06/2021 11:00,301.31772,306.1983351
20/06/2021 12:00,300.45108,304.4086519
20/06/2021 13:00,300.08505,305.5260463
20/06/2021 14:00,300.28818,306.9936246
20/06/2021 15:00,300.43637,303.1005794
20/06/2021 16:00,299.85928,305.2725763
20/06/2021 17:00,299.25497,302.2951868
20/06/2021 18:00,298.9241,302.1439694
20/06/2021 19:00,297.93054,300.1914652
20/06/2021 20:00,297.7784,296.4692762
20/06/2021 21:00,297.33844,296.8755642
20/06/2021 22:00,297.11096,300.0844044
20/06/2021 23:00,295.4355,298.5231194
21/06/2021 0:00,294.7451,296.1841648
21/06/2021 1:00,294.32608,295.8720641
21/06/2021 2:00,293.71643,293.7949496
21/06/2021 3:00,293.80652,295.7748355
21/06/2021 4:00,294.01416,292.9166242
21/06/2021 5:00,295.0349,296.5416797
21/06/2021 6:00,296.92398,301.1547735
21/06/2021 7:00,298.63004,299.3837156
21/06/2021 8:00,299.87854,305.4452908
21/06/2021 9:00,300.81458,301.472331
21/06/2021 10:00,301.4143,308.4982148
21/06/2021 11:00,301.7693,306.2463408
21/06/2021 12:00,301.79224,307.4089097
21/06/2021 13:00,301.81943,304.9473819
21/06/2021 14:00,301.86252,305.6944394
21/06/2021 15:00,301.73163,303.4880234
21/06/2021 16:00,301.21942,304.3815977
21/06/2021 17:00,300.3131,304.043673
21/06/2021 18:00,299.50995,304.6753601
21/06/2021 19:00,299.3326,301.6573459
21/06/2021 20:00,298.60226,300.4384861
21/06/2021 21:00,298.147,297.1299731
21/06/2021 22:00,297.8818,296.7355215
21/06/2021 23:00,297.6495,300.4620869
22/06/2021 0:00,297.4002,294.9133682
22/06/2021 1:00,297.19226,298.6298296
22/06/2021 2:00,296.92596,295.0697664
22/06/2021 3:00,296.60922,295.3409111
22/06/2021 4:00,296.4106,297.1769382
22/06/2021 5:00,297.54355,299.293809
22/06/2021 6:00,299.29407,300.3719677
22/06/2021 7:00,301.02817,300.7932886
22/06/2021 8:00,301.6526,302.8549412
22/06/2021 9:00,302.04553,304.9883946
22/06/2021 10:00,302.34836,307.182494
22/06/2021 11:00,302.67078,306.602608
22/06/2021 12:00,302.94952,308.4555232
22/06/2021 13:00,303.05664,310.7886385
22/06/2021 14:00,302.9586,308.8396046
22/06/2021 15:00,302.5413,308.8015638
22/06/2021 16:00,301.93106,304.9513033
22/06/2021 17:00,301.3092,300.998854
22/06/2021 18:00,300.68198,305.3489169
22/06/2021 19:00,299.97656,301.484057
22/06/2021 20:00,299.52045,298.5406608
22/06/2021 21:00,298.82608,298.3267361
22/06/2021 22:00,297.98694,296.9186334
22/06/2021 23:00,297.694,298.0394699
23/06/2021 0:00,297.25687,295.1678968
23/06/2021 1:00,296.92682,292.8752912
23/06/2021 2:00,296.5891,295.3821451
23/06/2021 3:00,296.0123,292.8485723
23/06/2021 4:00,295.6273,294.3049326
23/06/2021 5:00,296.8843,294.852116
23/06/2021 6:00,299.5655,298.9079873
23/06/2021 7:00,301.91037,301.8899686
23/06/2021 8:00,303.27646,303.1374208
23/06/2021 9:00,303.95584,305.126623
23/06/2021 10:00,304.16632,304.9945238
23/06/2021 11:00,303.8598,303.2082014
23/06/2021 12:00,303.47592,306.4748064
23/06/2021 13:00,303.6969,309.2056878
23/06/2021 14:00,304.50967,307.6710575
23/06/2021 15:00,304.9247,307.8157695
23/06/2021 16:00,304.22156,309.4984383
23/06/2021 17:00,302.54102,305.3420775
23/06/2021 18:00,301.37805,302.2682643
23/06/2021 19:00,300.0267,302.6484098
23/06/2021 20:00,299.183,300.8140212
23/06/2021 21:00,299.30032,298.9667128
23/06/2021 22:00,299.55783,299.7466832
23/06/2021 23:00,299.34113,300.5200025
24/06/2021 0:00,298.82776,299.0580328
24/06/2021 1:00,298.56967,298.7305914
24/06/2021 2:00,298.27817,300.1160187
24/06/2021 3:00,298.02094,295.32065
24/06/2021 4:00,297.8478,296.4719388
24/06/2021 5:00,298.87875,297.2259463
24/06/2021 6:00,301.43613,299.7964515
24/06/2021 7:00,304.10315,301.5640489
24/06/2021 8:00,305.05307,303.4389035
24/06/2021 9:00,305.34912,306.7280695
24/06/2021 10:00,305.32162,311.7524695
24/06/2021 11:00,304.3125,307.4338529
24/06/2021 12:00,304.02695,308.6906701
24/06/2021 13:00,304.47568,307.8184067
24/06/2021 14:00,304.41818,308.526303
24/06/2021 15:00,304.09436,309.2935427
24/06/2021 16:00,303.24133,310.39774
24/06/2021 17:00,302.5926,302.6814341
24/06/2021 18:00,302.13477,300.7307995
24/06/2021 19:00,301.36133,302.0761462
24/06/2021 20:00,300.67688,303.2632278
24/06/2021 21:00,300.36328,297.5500147
24/06/2021 22:00,300.19357,294.6772926
24/06/2021 23:00,299.88788,300.8167434
25/06/2021 0:00,299.44565,299.6524316
25/06/2021 1:00,299.1527,296.6205801
25/06/2021 2:00,298.79718,296.1541672
25/06/2021 3:00,298.3184,295.6001049
25/06/2021 4:00,297.91525,297.2220502
25/06/2021 5:00,298.85977,297.1445504
25/06/2021 6:00,300.5698,301.2520235
25/06/2021 7:00,301.51205,295.1863677
25/06/2021 8:00,303.05124,299.9034379
25/06/2021 9:00,303.86942,300.7515242
25/06/2021 10:00,303.85922,303.4598553
25/06/2021 11:00,303.0804,303.7445152
25/06/2021 12:00,302.6637,306.8974327
25/06/2021 13:00,302.39597,302.7720372
25/06/2021 14:00,302.36536,306.4013474
25/06/2021 15:00,302.12314,304.1125972
25/06/2021 16:00,301.82114,303.6013492
25/06/2021 17:00,301.85144,299.0991654
25/06/2021 18:00,301.72397,299.364794
25/06/2021 19:00,300.56015,297.1641735
25/06/2021 20:00,299.73038,294.9492777
25/06/2021 21:00,299.48105,298.6617045
25/06/2021 22:00,299.0663,296.4291905
25/06/2021 23:00,298.68158,297.9596
26/06/2021 0:00,296.68005,292.4563799
26/06/2021 1:00,296.27237,294.8455563
26/06/2021 2:00,295.7239,296.6556517
26/06/2021 3:00,295.37772,293.5745375
26/06/2021 4:00,295.26523,293.0757122
26/06/2021 5:00,297.34808,293.118787
26/06/2021 6:00,299.63773,291.3654354
26/06/2021 7:00,301.5016,298.048442
26/06/2021 8:00,302.16223,295.9557977
26/06/2021 9:00,303.00565,299.1912978
26/06/2021 10:00,303.40424,296.3427441
26/06/2021 11:00,303.88217,297.8655091
26/06/2021 12:00,303.88754,302.9331101
26/06/2021 13:00,303.7989,300.1565384
26/06/2021 14:00,303.24927,303.598664
26/06/2021 15:00,302.59314,300.8290406
26/06/2021 16:00,301.88885,297.5935315
26/06/2021 17:00,301.04773,301.85482
26/06/2021 18:00,300.09952,297.8016011
26/06/2021 19:00,299.12778,299.3252226
26/06/2021 20:00,298.6507,297.6785093
26/06/2021 21:00,298.2637,293.5240651
26/06/2021 22:00,297.94528,294.9547732
26/06/2021 23:00,297.4407,297.6145461
27/06/2021 0:00,296.7523,293.964891
27/06/2021 1:00,296.07462,292.596706
27/06/2021 2:00,295.2219,294.3214345
27/06/2021 3:00,294.27765,292.7349865
27/06/2021 4:00,294.1547,293.1481233
27/06/2021 5:00,295.90182,291.8091653
27/06/2021 6:00,298.16937,296.8907002
27/06/2021 7:00,299.97995,299.0707121
27/06/2021 8:00,301.22223,297.3577897
27/06/2021 9:00,301.99026,302.7723201
27/06/2021 10:00,302.38348,301.2762218
27/06/2021 11:00,302.79144,300.4530091
27/06/2021 12:00,302.72998,304.0719169
27/06/2021 13:00,302.5107,302.2338902
27/06/2021 14:00,302.2937,304.2911389
27/06/2021 15:00,301.69962,302.4866484
27/06/2021 16:00,301.43445,302.5128586
27/06/2021 17:00,300.95737,302.6699694
27/06/2021 18:00,300.33267,300.5687423
27/06/2021 19:00,299.64877,295.0639511
27/06/2021 20:00,298.8578,295.1634224
27/06/2021 21:00,297.89682,297.4774327
27/06/2021 22:00,297.55432,294.8269776
27/06/2021 23:00,297.8787,293.2977069
28/06/2021 0:00,297.43817,291.1219311
28/06/2021 1:00,296.87015,290.966798
28/06/2021 2:00,296.34433,288.7422674
28/06/2021 3:00,295.31537,291.7325767
28/06/2021 4:00,294.75443,290.9323133
28/06/2021 5:00,295.63098,293.2339565
28/06/2021 6:00,298.1535,297.9301409
28/06/2021 7:00,300.18848,300.4071879
28/06/2021 8:00,301.8098,305.3393863
28/06/2021 9:00,302.9042,300.3097569
28/06/2021 10:00,303.28186,306.0527714
28/06/2021 11:00,303.29007,306.6130853
28/06/2021 12:00,302.98154,304.1913104
28/06/2021 13:00,302.68976,306.4253838
28/06/2021 14:00,302.5294,305.494951
28/06/2021 15:00,302.48547,306.5899772
28/06/2021 16:00,302.16733,308.5062875
28/06/2021 17:00,301.4486,305.8631311
28/06/2021 18:00,300.82108,303.9567799
28/06/2021 19:00,300.3783,300.089231
28/06/2021 20:00,300.21793,296.6683494
28/06/2021 21:00,299.8913,297.4560189
28/06/2021 22:00,299.53403,298.7158595
28/06/2021 23:00,298.9442,292.9380171
29/06/2021 0:00,298.3623,292.9744764
29/06/2021 1:00,297.88324,294.2539752
29/06/2021 2:00,297.6036,291.5335178
29/06/2021 3:00,297.3475,291.2980709
29/06/2021 4:00,297.18347,292.2351425
29/06/2021 5:00,298.23566,293.2746991
29/06/2021 6:00,300.54572,297.5097937
29/06/2021 7:00,302.12372,302.6303546
29/06/2021 8:00,302.95605,300.9304586
29/06/2021 9:00,303.3218,302.071557
29/06/2021 10:00,303.55212,304.9063357
29/06/2021 11:00,303.71814,308.237621
29/06/2021 12:00,303.836,307.2440638
29/06/2021 13:00,303.93854,307.2800686
29/06/2021 14:00,303.9329,308.4802869
29/06/2021 15:00,303.49716,305.4470193
29/06/2021 16:00,302.74103,309.2232825
29/06/2021 17:00,302.06366,307.4116172
29/06/2021 18:00,301.49902,303.8762275
29/06/2021 19:00,300.37515,304.229916
29/06/2021 20:00,299.9933,298.8684944
29/06/2021 21:00,299.7315,301.6607885
29/06/2021 22:00,299.53235,298.9800663
29/06/2021 23:00,299.353,296.8819192
30/06/2021 0:00,299.10712,296.5909243
30/06/2021 1:00,298.8949,295.685945
30/06/2021 2:00,298.79944,297.7433321
30/06/2021 3:00,298.69348,293.3784145
30/06/2021 4:00,298.6405,294.2178484
30/06/2021 5:00,299.24677,299.6586176
30/06/2021 6:00,300.17657,299.1493455
30/06/2021 7:00,301.3806,301.8349862
30/06/2021 8:00,302.29425,304.6748989
30/06/2021 9:00,302.89853,302.1863838
30/06/2021 10:00,303.317,305.3053981
30/06/2021 11:00,303.6493,303.0441162
30/06/2021 12:00,303.5748,307.0140516
30/06/2021 13:00,303.0875,306.6861776
30/06/2021 14:00,303.06995,307.627023
30/06/2021 15:00,302.78693,305.7546096
30/06/2021 16:00,302.19623,303.0697369
30/06/2021 17:00,302.39767,305.9714324
30/06/2021 18:00,301.99084,299.5596594
30/06/2021 19:00,300.025,301.1622029
30/06/2021 20:00,298.96884,302.1282678
30/06/2021 21:00,298.49744,299.5498185
30/06/2021 22:00,298.247,301.1793782
30/06/2021 23:00,297.98834,297.8791687
01/07/2021 0:00,297.73163,293.2736604
01/07/2021 1:00,297.47015,293.1308212
01/07/2021 2:00,297.182,292.074057
01/07/2021 3:00,296.79425,288.7848962
01/07/2021 4:00,296.12427,289.6119519
01/07/2021 5:00,297.50742,290.8558194
01/07/2021 6:00,298.88263,289.3558286
01/07/2021 7:00,299.8968,294.7959709
01/07/2021 8:00,300.90726,295.4245675
01/07/2021 9:00,301.80228,294.1657433
01/07/2021 10:00,302.37595,299.0110778
01/07/2021 11:00,302.5346,300.5063341
01/07/2021 12:00,301.98456,300.3300862
01/07/2021 13:00,301.73407,299.673859
01/07/2021 14:00,301.4897,301.3460698
01/07/2021 15:00,301.12027,301.2126111
01/07/2021 16:00,300.7073,300.1208013
01/07/2021 17:00,300.24725,297.5287133
01/07/2021 18:00,299.7125,298.3299864
01/07/2021 19:00,298.70016,296.3047782
01/07/2021 20:00,298.02975,292.3293534
01/07/2021 21:00,297.6229,296.4475423
01/07/2021 22:00,297.36182,291.1234651
01/07/2021 23:00,297.07346,291.7961424
02/07/2021 0:00,296.52972,289.9465981
02/07/2021 1:00,296.06134,291.0143757
02/07/2021 2:00,295.81573,286.8912265
02/07/2021 3:00,295.384,288.5133158
02/07/2021 4:00,295.07306,287.4404249
02/07/2021 5:00,295.84506,291.5535756
02/07/2021 6:00,297.0315,294.2847941
02/07/2021 7:00,298.46823,294.394431
02/07/2021 8:00,299.80414,290.5832746
02/07/2021 9:00,300.91583,299.4011036
02/07/2021 10:00,301.70392,296.9024519
02/07/2021 11:00,301.987,295.612114
02/07/2021 12:00,301.8636,297.7519521
02/07/2021 13:00,301.5842,298.2808769
02/07/2021 14:00,300.51688,296.8389835
02/07/2021 15:00,300.5008,297.8578321
02/07/2021 16:00,300.6798,296.0555867
02/07/2021 17:00,300.0811,296.0938075
02/07/2021 18:00,299.40375,294.7747545
02/07/2021 19:00,299.57074,291.6694685
02/07/2021 20:00,299.16083,293.7211997
02/07/2021 21:00,298.6464,293.8898065
02/07/2021 22:00,298.1208,293.1316884
02/07/2021 23:00,297.73773,293.2000673
03/07/2021 0:00,297.01785,291.8775839
03/07/2021 1:00,296.31305,289.8787522
03/07/2021 2:00,295.6801,291.9513034
03/07/2021 3:00,295.159,287.7369864
03/07/2021 4:00,294.73315,288.4793383
03/07/2021 5:00,295.31418,289.2566449
03/07/2021 6:00,296.86084,294.3041495
03/07/2021 7:00,298.62747,295.4587296
03/07/2021 8:00,299.71167,296.2591668
03/07/2021 9:00,300.69528,298.4238255
03/07/2021 10:00,301.42188,295.4972531
03/07/2021 11:00,301.7874,298.0417563
03/07/2021 12:00,301.83487,298.2113754
03/07/2021 13:00,301.79556,300.3317657
03/07/2021 14:00,301.21417,299.068077
03/07/2021 15:00,300.76025,298.6311264
03/07/2021 16:00,300.35968,300.0491126
03/07/2021 17:00,299.79312,300.4519603
03/07/2021 18:00,299.0753,295.8110873
03/07/2021 19:00,298.66208,296.2243207
03/07/2021 20:00,298.28616,292.9728879
03/07/2021 21:00,297.91043,288.6976817
03/07/2021 22:00,296.94904,292.5802758
03/07/2021 23:00,296.10574,292.528077
04/07/2021 0:00,296.1491,291.4555886
04/07/2021 1:00,296.05664,287.381078
04/07/2021 2:00,295.44165,291.1477423
04/07/2021 3:00,295.2938,288.6184327
04/07/2021 4:00,295.0602,294.6595195
04/07/2021 5:00,295.95767,290.0152131
04/07/2021 6:00,297.34308,296.7006014
04/07/2021 7:00,298.7295,297.7546986
04/07/2021 8:00,299.19888,295.4492521
04/07/2021 9:00,299.14188,296.1174767
04/07/2021 10:00,299.44266,299.5304771
04/07/2021 11:00,300.56577,297.9853048
04/07/2021 12:00,301.2378,300.2543902
04/07/2021 13:00,301.46484,299.259781
04/07/2021 14:00,301.4278,297.2842138
04/07/2021 15:00,301.27097,296.3419793
04/07/2021 16:00,300.8091,300.6469945
04/07/2021 17:00,300.23566,299.056575
04/07/2021 18:00,299.5689,297.6915656
04/07/2021 19:00,298.79895,297.9644583
04/07/2021 20:00,298.52972,297.88224
04/07/2021 21:00,298.42523,294.3369331
04/07/2021 22:00,298.1377,293.4628373
04/07/2021 23:00,297.9923,294.4218139
05/07/2021 0:00,297.5347,290.7021594
05/07/2021 1:00,296.86942,293.0123667
05/07/2021 2:00,296.21103,293.1788776
05/07/2021 3:00,295.3596,293.0078886
05/07/2021 4:00,294.5061,288.343604
05/07/2021 5:00,294.5723,290.8918944
05/07/2021 6:00,295.628,291.0838127
05/07/2021 7:00,297.84467,292.8958993
05/07/2021 8:00,297.89435,293.4714816
05/07/2021 9:00,298.91196,295.468341
05/07/2021 10:00,299.8361,292.8171163
05/07/2021 11:00,300.1275,294.0663088
05/07/2021 12:00,300.11346,298.8369278
05/07/2021 13:00,299.72897,298.5092241
05/07/2021 14:00,299.63593,300.9533614
05/07/2021 15:00,299.4736,299.2861922
05/07/2021 16:00,299.1054,296.606668
05/07/2021 17:00,298.59897,296.0965972
05/07/2021 18:00,298.05807,294.9422658
05/07/2021 19:00,298.29715,297.376222
05/07/2021 20:00,298.08087,297.3187394
05/07/2021 21:00,297.9153,297.6863378
05/07/2021 22:00,297.71576,295.170212
05/07/2021 23:00,297.32333,294.8757185
06/07/2021 0:00,296.82767,291.018971
06/07/2021 1:00,296.38065,289.6047119
06/07/2021 2:00,296.0039,292.8088508
06/07/2021 3:00,295.62106,291.8140433
06/07/2021 4:00,295.3728,291.3319138
06/07/2021 5:00,296.25156,294.1164444
06/07/2021 6:00,298.12466,296.4973542
06/07/2021 7:00,300.1255,299.7454449
06/07/2021 8:00,301.43063,301.1449994
06/07/2021 9:00,302.15012,301.1171911
06/07/2021 10:00,302.53378,302.7883801
06/07/2021 11:00,302.9028,302.982161
06/07/2021 12:00,302.46497,301.8412237
06/07/2021 13:00,302.13748,304.5746023
06/07/2021 14:00,301.98578,301.0959713
06/07/2021 15:00,301.86703,305.4125275
06/07/2021 16:00,301.52716,301.1350018
06/07/2021 17:00,301.10257,302.9959008
06/07/2021 18:00,300.47495,299.4585517
06/07/2021 19:00,299.79495,300.4818654
06/07/2021 20:00,299.30643,298.2027827
06/07/2021 21:00,298.7759,294.3681882
06/07/2021 22:00,297.73917,297.0322918
06/07/2021 23:00,297.35815,294.4337506
07/07/2021 0:00,296.9415,296.0238754
07/07/2021 1:00,296.71524,293.4901731
07/07/2021 2:00,295.7518,293.5719022
07/07/2021 3:00,295.06552,290.8480451
07/07/2021 4:00,295.08997,291.5517153
07/07/2021 5:00,297.02744,294.2352164
07/07/2021 6:00,299.25204,300.4241169
07/07/2021 7:00,301.03555,303.2312243
07/07/2021 8:00,302.38776,300.7970501
07/07/2021 9:00,303.2989,305.7609255
07/07/2021 10:00,303.82245,301.3745626
07/07/2021 11:00,304.20428,304.1293638
07/07/2021 12:00,304.2507,305.3744882
07/07/2021 13:00,304.17517,305.2312571
07/07/2021 14:00,304.05072,305.1300306
07/07/2021 15:00,303.78354,308.7418731
07/07/2021 16:00,303.47604,307.3106698
07/07/2021 17:00,303.00888,306.9846646
07/07/2021 18:00,302.39346,305.769439
07/07/2021 19:00,301.78397,303.1242402
07/07/2021 20:00,300.9368,302.5511996
07/07/2021 21:00,300.1206,300.2656202
07/07/2021 22:00,300.46902,297.3244867
07/07/2021 23:00,298.51364,300.1227702
08/07/2021 0:00,297.774,296.020926
08/07/2021 1:00,299.04352,294.5171166
08/07/2021 2:00,298.53867,295.3232358
08/07/2021 3:00,297.0826,293.7048006
08/07/2021 4:00,295.70557,294.4852611
08/07/2021 5:00,297.81107,297.7030957
08/07/2021 6:00,300.6853,301.2611066
08/07/2021 7:00,302.79892,300.2318516
08/07/2021 8:00,304.6189,303.047593
08/07/2021 9:00,305.7628,307.6892911
08/07/2021 10:00,305.92813,308.0843102
08/07/2021 11:00,305.7862,311.8842604
08/07/2021 12:00,305.76035,311.0541275
08/07/2021 13:00,305.77887,311.4362202
08/07/2021 14:00,305.51413,307.1446833
08/07/2021 15:00,305.4563,309.9543921
08/07/2021 16:00,305.22272,307.5721354
08/07/2021 17:00,304.71603,304.9318573
08/07/2021 18:00,304.13992,305.3543772
08/07/2021 19:00,303.12454,305.1935005
08/07/2021 20:00,301.7414,303.5165761
08/07/2021 21:00,300.3729,300.576729
08/07/2021 22:00,299.62534,302.9524146
08/07/2021 23:00,299.09543,299.9162521
09/07/2021 0:00,298.53522,300.8896825
09/07/2021 1:00,298.1819,299.0092836
09/07/2021 2:00,297.84528,297.7371124
09/07/2021 3:00,297.238,298.1225313
09/07/2021 4:00,296.91583,294.1251861
09/07/2021 5:00,298.89322,301.5113713
09/07/2021 6:00,301.3376,297.2547722
09/07/2021 7:00,303.79556,298.8815399
09/07/2021 8:00,304.40854,300.2871261
09/07/2021 9:00,304.53928,300.9738376
09/07/2021 10:00,304.89157,299.8456756
09/07/2021 11:00,304.7798,300.4640815
09/07/2021 12:00,304.5743,301.4764064
09/07/2021 13:00,304.30347,301.5039717
09/07/2021 14:00,304.60526,305.1779467
09/07/2021 15:00,303.3219,304.5688247
09/07/2021 16:00,303.6978,304.7726832
09/07/2021 17:00,303.12558,301.0513418
09/07/2021 18:00,302.38553,301.0811355
09/07/2021 19:00,302.066,298.5805329
09/07/2021 20:00,301.719,296.2172876
09/07/2021 21:00,301.40112,297.9022614
09/07/2021 22:00,300.8922,295.6353788
09/07/2021 23:00,300.28006,297.1785718
10/07/2021 0:00,299.60986,293.61641
10/07/2021 1:00,298.99994,297.9631671
10/07/2021 2:00,298.3939,292.8902095
10/07/2021 3:00,297.86664,294.2414616
10/07/2021 4:00,297.5003,294.9080503
10/07/2021 5:00,298.15256,292.7363532
10/07/2021 6:00,299.81125,295.8310918
10/07/2021 7:00,301.86664,293.0673491
10/07/2021 8:00,303.0254,298.4792389
10/07/2021 9:00,303.69415,296.8695149
10/07/2021 10:00,304.07742,296.8543698
10/07/2021 11:00,304.1884,298.4498824
10/07/2021 12:00,304.26212,301.7872317
10/07/2021 13:00,303.93872,300.0835619
10/07/2021 14:00,303.4333,300.3076201
10/07/2021 15:00,303.0539,301.3991325
10/07/2021 16:00,302.68997,299.5610722
10/07/2021 17:00,302.24808,304.4640054
10/07/2021 18:00,301.53735,298.9800896
10/07/2021 19:00,300.64743,299.4079198
10/07/2021 20:00,300.48166,297.7001094
10/07/2021 21:00,300.2605,295.0174521
10/07/2021 22:00,299.886,295.8768304
10/07/2021 23:00,299.33798,296.2502449
11/07/2021 0:00,298.72867,293.6886061
11/07/2021 1:00,298.2041,295.6457755
11/07/2021 2:00,297.876,295.1728698
11/07/2021 3:00,297.57034,294.8112739
11/07/2021 4:00,297.2329,292.7210392
11/07/2021 5:00,297.91818,293.5855797
11/07/2021 6:00,299.50925,295.584082
11/07/2021 7:00,300.20367,296.2662977
11/07/2021 8:00,300.82928,296.4704214
11/07/2021 9:00,301.41476,292.4874408
11/07/2021 10:00,301.88947,298.0748591
11/07/2021 11:00,302.07578,300.3964084
11/07/2021 12:00,301.97415,300.7297089
11/07/2021 13:00,301.92935,303.9865111
11/07/2021 14:00,301.58115,302.7045596
11/07/2021 15:00,301.31497,304.3589506
11/07/2021 16:00,300.91684,301.3433501
11/07/2021 17:00,300.43115,302.4148725
11/07/2021 18:00,299.77176,302.0432029
11/07/2021 19:00,299.19257,299.0326959
11/07/2021 20:00,298.71707,293.4531087
11/07/2021 21:00,298.24338,294.198285
11/07/2021 22:00,297.71655,293.5000026
11/07/2021 23:00,296.94904,294.3693468
12/07/2021 0:00,296.31183,294.3678776
12/07/2021 1:00,295.98068,291.2091455
12/07/2021 2:00,296.08374,292.5715534
12/07/2021 3:00,295.35223,288.487349
12/07/2021 4:00,294.6747,294.6452524
12/07/2021 5:00,296.31488,291.6666157
12/07/2021 6:00,298.20267,293.5978585
12/07/2021 7:00,299.8188,293.2318018
12/07/2021 8:00,301.05307,297.6164989
12/07/2021 9:00,301.8308,292.2123561
12/07/2021 10:00,302.24664,298.3119466
12/07/2021 11:00,302.51688,299.1358117
12/07/2021 12:00,302.53766,300.1043954
12/07/2021 13:00,302.4006,304.7190221
12/07/2021 14:00,302.2436,300.5947902
12/07/2021 15:00,301.9935,303.7227182
12/07/2021 16:00,301.64282,302.8553987
12/07/2021 17:00,301.14105,303.9690567
12/07/2021 18:00,300.49286,299.7556394
12/07/2021 19:00,300.7969,296.6183202
12/07/2021 20:00,299.8481,298.8291241
12/07/2021 21:00,298.72235,296.9604853
12/07/2021 22:00,298.35458,292.9206962
12/07/2021 23:00,297.29175,294.0521636
13/07/2021 0:00,296.30917,294.9269792
13/07/2021 1:00,295.92877,295.1043115
13/07/2021 2:00,295.77643,292.0475656
13/07/2021 3:00,295.8078,287.8728956
13/07/2021 4:00,295.70557,293.9989412
13/07/2021 5:00,296.8248,293.1184808
13/07/2021 6:00,299.1048,295.0093236
13/07/2021 7:00,301.10052,295.8653515
13/07/2021 8:00,302.36578,304.369836
13/07/2021 9:00,303.35446,305.034816
13/07/2021 10:00,304.05765,306.0040899
13/07/2021 11:00,304.43683,309.9964182
13/07/2021 12:00,304.63113,309.5270313
13/07/2021 13:00,304.51526,311.8828826
13/07/2021 14:00,304.54233,306.8143945
13/07/2021 15:00,304.80585,309.3020126
13/07/2021 16:00,304.8207,305.9300338
13/07/2021 17:00,304.4189,305.7918464
13/07/2021 18:00,303.71432,304.0336869
13/07/2021 19:00,302.81522,304.2160892
13/07/2021 20:00,302.41302,301.6510359
13/07/2021 21:00,302.05176,301.5740177
13/07/2021 22:00,301.58237,301.0494762
13/07/2021 23:00,300.97388,303.1517984
14/07/2021 0:00,300.46658,298.2905684
14/07/2021 1:00,299.93854,296.3131147
14/07/2021 2:00,299.53348,297.0296584
14/07/2021 3:00,299.24756,293.973353
14/07/2021 4:00,299.08505,297.2784004
14/07/2021 5:00,299.4166,296.137028
14/07/2021 6:00,300.2224,299.0794019
14/07/2021 7:00,301.8027,298.9489646
14/07/2021 8:00,301.9589,302.1302909
14/07/2021 9:00,302.0872,300.7230191
14/07/2021 10:00,302.10938,300.3243914
14/07/2021 11:00,301.97354,303.8655997
14/07/2021 12:00,302.1709,300.2050585
14/07/2021 13:00,302.20346,302.4901898
14/07/2021 14:00,302.3222,303.0582634
14/07/2021 15:00,302.2208,297.9368402
14/07/2021 16:00,301.6917,298.8444924
14/07/2021 17:00,300.8358,295.4248839
14/07/2021 18:00,299.81757,298.1349094
14/07/2021 19:00,299.66788,296.1892945
14/07/2021 20:00,299.0439,297.943345
14/07/2021 21:00,298.39795,297.2630237
14/07/2021 22:00,298.10187,295.4392998
14/07/2021 23:00,297.80148,293.3055871
15/07/2021 0:00,297.60498,291.6178408
15/07/2021 1:00,297.37262,290.2573753
15/07/2021 2:00,297.05594,293.5740866
15/07/2021 3:00,296.72055,289.606326
15/07/2021 4:00,296.48166,288.8149077
15/07/2021 5:00,297.15778,293.3538499
15/07/2021 6:00,298.87936,294.0684272
15/07/2021 7:00,299.99677,295.3174173
15/07/2021 8:00,301.24268,295.7069824
15/07/2021 9:00,302.31284,298.691535
15/07/2021 10:00,302.5792,300.4347508
15/07/2021 11:00,302.63437,301.8489378
15/07/2021 12:00,302.57858,303.5405286
15/07/2021 13:00,302.41138,303.0425738
15/07/2021 14:00,301.9263,301.8858418
15/07/2021 15:00,301.33838,301.8333027
15/07/2021 16:00,300.75516,302.6618495
15/07/2021 17:00,300.1941,303.261832
15/07/2021 18:00,299.49112,299.8981877
15/07/2021 19:00,298.4214,296.8328927
15/07/2021 20:00,298.0532,294.3156628
15/07/2021 21:00,297.63797,292.4148607
15/07/2021 22:00,297.19827,295.4282287
15/07/2021 23:00,296.70892,295.0276519
16/07/2021 0:00,296.3277,294.3714403
16/07/2021 1:00,296.03812,292.6747995
16/07/2021 2:00,295.71738,295.3032492
16/07/2021 3:00,295.20358,291.4247897
16/07/2021 4:00,294.77228,293.6589829
16/07/2021 5:00,295.5508,293.5851614
16/07/2021 6:00,297.0423,294.8292374
16/07/2021 7:00,298.36356,297.7718013
16/07/2021 8:00,299.40436,299.6264241
16/07/2021 9:00,300.25824,300.8791966
16/07/2021 10:00,300.7297,301.6863692
16/07/2021 11:00,300.7352,302.2934898
16/07/2021 12:00,300.57675,306.4789803
16/07/2021 13:00,300.64578,303.5966555
16/07/2021 14:00,300.72256,301.1992777
16/07/2021 15:00,300.5517,299.1589835
16/07/2021 16:00,300.08884,300.791274
16/07/2021 17:00,299.37912,299.7575407
16/07/2021 18:00,298.64255,297.7873534
16/07/2021 19:00,298.27985,293.1632333
16/07/2021 20:00,297.61618,293.1523017
16/07/2021 21:00,297.127,287.5514143
16/07/2021 22:00,296.77655,293.4940865
16/07/2021 23:00,296.49042,292.247795
17/07/2021 0:00,296.24054,295.9144192
17/07/2021 1:00,294.77533,292.9556957
17/07/2021 2:00,294.6116,290.6142299
17/07/2021 3:00,294.14505,292.4534627
17/07/2021 4:00,293.54245,290.5866151
17/07/2021 5:00,293.1543,293.9165582
17/07/2021 6:00,293.17896,294.6083816
17/07/2021 7:00,298.11325,295.5208153
17/07/2021 8:00,297.1321,293.7156048
17/07/2021 9:00,296.7242,296.2394444
17/07/2021 10:00,297.3553,295.0157163
17/07/2021 11:00,297.77563,299.0207232
17/07/2021 12:00,298.59692,298.7067663
17/07/2021 13:00,299.05002,299.3977839
17/07/2021 14:00,299.21762,298.7931538
17/07/2021 15:00,299.081,299.6313919
17/07/2021 16:00,298.8814,301.3482219
17/07/2021 17:00,297.82593,297.1962277
17/07/2021 18:00,297.4113,294.9644752
17/07/2021 19:00,297.239,292.2007258
17/07/2021 20:00,297.08932,292.1185068
17/07/2021 21:00,296.87265,293.6305186
17/07/2021 22:00,296.05136,294.964982
17/07/2021 23:00,295.39746,292.6197815
18/07/2021 0:00,294.92337,292.7483882
18/07/2021 1:00,294.81198,292.4589287
18/07/2021 2:00,295.08832,292.1608869
18/07/2021 3:00,294.76675,293.6741143
18/07/2021 4:00,294.68918,290.6175677
18/07/2021 5:00,295.37973,295.8912477
18/07/2021 6:00,296.7678,293.0462954
18/07/2021 7:00,298.065,294.9509387
18/07/2021 8:00,299.50397,291.9801925
18/07/2021 9:00,300.8531,296.5772712
18/07/2021 10:00,301.54346,298.1569617
18/07/2021 11:00,301.2056,298.5040587
18/07/2021 12:00,301.11377,296.7111894
18/07/2021 13:00,300.4672,299.681478
18/07/2021 14:00,300.40915,298.3589353
18/07/2021 15:00,300.14868,300.4367252
18/07/2021 16:00,300.15866,300.9917583
18/07/2021 17:00,299.89822,299.2971759
18/07/2021 18:00,299.36038,297.4853197
18/07/2021 19:00,298.176,295.6238483
18/07/2021 20:00,297.5007,298.0250682
18/07/2021 21:00,297.06815,296.3193017
18/07/2021 22:00,296.49612,291.6014398
18/07/2021 23:00,295.89496,296.5063679
19/07/2021 0:00,295.4272,294.6071367
19/07/2021 1:00,295.3062,296.176891
19/07/2021 2:00,295.35837,291.4190948
19/07/2021 3:00,295.49948,287.6040307
19/07/2021 4:00,295.54837,293.4769738
19/07/2021 5:00,296.01654,293.2976455
19/07/2021 6:00,296.723,289.6612279
19/07/2021 7:00,297.40317,291.3627133
19/07/2021 8:00,298.2833,297.9052515
19/07/2021 9:00,298.76797,292.4844012
19/07/2021 10:00,298.914,294.5312122
19/07/2021 11:00,299.7145,292.1295288
19/07/2021 12:00,300.23383,289.3825724
19/07/2021 13:00,299.92,292.7450616
19/07/2021 14:00,299.64813,292.8764519
19/07/2021 15:00,299.55588,292.9004761
19/07/2021 16:00,298.9924,293.8983525
19/07/2021 17:00,298.50833,294.7404962
19/07/2021 18:00,298.02957,293.6198624
19/07/2021 19:00,298.87653,291.0124591
19/07/2021 20:00,298.21143,293.900678
19/07/2021 21:00,297.85077,289.0496651
19/07/2021 22:00,297.72186,288.5761655
19/07/2021 23:00,297.12213,293.2562854
20/07/2021 0:00,296.71097,292.601621
20/07/2021 1:00,296.2982,291.5494032
20/07/2021 2:00,295.8679,289.0334589
20/07/2021 3:00,295.46893,289.9592781
20/07/2021 4:00,295.11133,290.6337245
20/07/2021 5:00,295.61313,288.6448282
20/07/2021 6:00,297.08444,291.1332941
20/07/2021 7:00,298.9759,294.7748264
20/07/2021 8:00,300.26517,297.563927
20/07/2021 9:00,301.13412,295.7128733
20/07/2021 10:00,301.53653,298.8696868
20/07/2021 11:00,301.76318,294.9025434
20/07/2021 12:00,301.52106,300.139676
20/07/2021 13:00,300.9083,297.6568916
20/07/2021 14:00,301.26324,299.7346385
20/07/2021 15:00,301.20682,298.3310795
20/07/2021 16:00,301.0193,300.4400149
20/07/2021 17:00,300.74924,295.6824767
20/07/2021 18:00,300.2104,297.0262312
20/07/2021 19:00,299.6025,294.2324543
20/07/2021 20:00,299.20685,293.4076678
20/07/2021 21:00,298.8747,292.4684293
20/07/2021 22:00,298.79834,290.3545502
20/07/2021 23:00,298.3206,290.8971743
21/07/2021 0:00,297.6577,290.0608994
21/07/2021 1:00,296.91605,290.0481314
21/07/2021 2:00,296.22018,289.2592166
21/07/2021 3:00,295.54816,290.3972103
21/07/2021 4:00,295.00787,290.3560278
21/07/2021 5:00,295.4341,288.6129436
21/07/2021 6:00,297.2166,293.3218212
21/07/2021 7:00,298.7759,290.8309028
21/07/2021 8:00,300.399,295.1781142
21/07/2021 9:00,301.81064,296.3794863
21/07/2021 10:00,302.76697,292.8355925
21/07/2021 11:00,303.00644,297.1037882
21/07/2021 12:00,302.86572,296.5818394
21/07/2021 13:00,302.72174,296.1845617
21/07/2021 14:00,302.63458,300.1067129
21/07/2021 15:00,302.45068,296.4112795
21/07/2021 16:00,302.076,295.747481
21/07/2021 17:00,301.50864,296.4852585
21/07/2021 18:00,300.75778,296.0969218
21/07/2021 19:00,300.15622,294.1057538
21/07/2021 20:00,299.48663,294.8380077
21/07/2021 21:00,298.66473,292.5280818
21/07/2021 22:00,297.78806,286.6369749
21/07/2021 23:00,296.9863,288.8621661
22/07/2021 0:00,296.17743,288.2917603
22/07/2021 1:00,295.43066,289.9569157
22/07/2021 2:00,294.7686,284.4721797
22/07/2021 3:00,294.16458,293.7038722
22/07/2021 4:00,293.63797,290.0145013
22/07/2021 5:00,294.04648,290.0713263
22/07/2021 6:00,295.7339,294.5901827
22/07/2021 7:00,297.47626,298.0794859
22/07/2021 8:00,299.18402,296.9024753
22/07/2021 9:00,300.73172,298.1925432
22/07/2021 10:00,301.80658,297.7901448
22/07/2021 11:00,302.05908,298.1966918
22/07/2021 12:00,301.88132,297.9167631
22/07/2021 13:00,301.81146,297.5716512
22/07/2021 14:00,301.697,298.01047
22/07/2021 15:00,301.37912,296.7714632
22/07/2021 16:00,300.97528,298.6973882
22/07/2021 17:00,300.4684,294.9131151
22/07/2021 18:00,299.84995,296.5609768
22/07/2021 19:00,299.42575,294.7061732
22/07/2021 20:00,298.92294,295.0244502
22/07/2021 21:00,298.5279,293.6487765
22/07/2021 22:00,298.17313,299.2333072
22/07/2021 23:00,297.57504,295.3613757
23/07/2021 0:00,296.9085,289.8923371
23/07/2021 1:00,296.30756,292.0365709
23/07/2021 2:00,295.66626,290.3581691
23/07/2021 3:00,295.01724,289.3666585
23/07/2021 4:00,294.4949,288.4820721
23/07/2021 5:00,294.95126,291.7965146
23/07/2021 6:00,296.87448,292.2978501
23/07/2021 7:00,298.36884,297.0247412
23/07/2021 8:00,300.05908,298.5241834
23/07/2021 9:00,301.3789,300.427868
23/07/2021 10:00,301.9141,297.3815435
23/07/2021 11:00,302.16724,300.368894
23/07/2021 12:00,302.12915,301.1071062
23/07/2021 13:00,301.7695,299.1606837
23/07/2021 14:00,301.41983,298.5470048
23/07/2021 15:00,300.97815,302.7517992
23/07/2021 16:00,300.54276,299.8705752
23/07/2021 17:00,299.9866,299.5152228
23/07/2021 18:00,299.2669,295.4971151
23/07/2021 19:00,298.17722,294.5271501
23/07/2021 20:00,297.68478,294.8982867
23/07/2021 21:00,297.27548,294.033132
23/07/2021 22:00,296.46823,291.6680095
23/07/2021 23:00,296.51364,292.9775255
24/07/2021 0:00,296.65414,290.4033833
24/07/2021 1:00,295.26855,291.2010358
24/07/2021 2:00,294.14157,294.0487675
24/07/2021 3:00,293.69296,293.4960782
24/07/2021 4:00,293.27222,290.4612487
24/07/2021 5:00,294.83133,289.9633384
24/07/2021 6:00,297.44205,293.1507287
24/07/2021 7:00,299.43207,295.2299489
24/07/2021 8:00,300.915,298.5201503
24/07/2021 9:00,301.72308,300.2734361
24/07/2021 10:00,302.18454,298.8382262
24/07/2021 11:00,302.49713,298.4719509
24/07/2021 12:00,302.3118,301.5925825
24/07/2021 13:00,302.00085,300.0669454
24/07/2021 14:00,301.7363,300.8017016
24/07/2021 15:00,301.54712,303.9206051
24/07/2021 16:00,301.26242,302.4207999
24/07/2021 17:00,300.62338,299.9945444
24/07/2021 18:00,299.79904,296.0770938
24/07/2021 19:00,299.42575,298.1743889
24/07/2021 20:00,298.56168,298.6961867
24/07/2021 21:00,298.04422,295.4951202
24/07/2021 22:00,297.4445,298.1638275
24/07/2021 23:00,296.90097,297.4602729
25/07/2021 0:00,296.38168,297.4964958
25/07/2021 1:00,295.44287,294.3175065
25/07/2021 2:00,294.8193,294.0934003
25/07/2021 3:00,295.25125,294.9182624
25/07/2021 4:00,295.0806,292.7453842
25/07/2021 5:00,296.041,292.0249495
25/07/2021 6:00,298.44318,294.9391565
25/07/2021 7:00,300.7535,298.373735
25/07/2021 8:00,302.28983,297.6181935
25/07/2021 9:00,303.17404,301.4162754
25/07/2021 10:00,303.6192,304.9032711
25/07/2021 11:00,304.05255,299.9523844
25/07/2021 12:00,303.83893,307.3450057
25/07/2021 13:00,303.6575,307.2813942
25/07/2021 14:00,304.12567,304.7992178
25/07/2021 15:00,304.29816,306.4966187
25/07/2021 16:00,304.07416,304.5551872
25/07/2021 17:00,303.61005,304.9670129
25/07/2021 18:00,302.81195,303.1770326
25/07/2021 19:00,301.93057,296.8624045
25/07/2021 20:00,301.52838,299.3344108
25/07/2021 21:00,301.04657,297.1606406
25/07/2021 22:00,300.54193,296.7736778
25/07/2021 23:00,300.23322,293.9818449
26/07/2021 0:00,299.91818,299.2479033
26/07/2021 1:00,299.62247,295.7031097
26/07/2021 2:00,299.34003,291.9331062
26/07/2021 3:00,299.08994,290.6075662
26/07/2021 4:00,298.93253,292.0936311
26/07/2021 5:00,299.42087,295.5600622
26/07/2021 6:00,301.2327,298.2717654
26/07/2021 7:00,302.79443,301.6244608
26/07/2021 8:00,303.37302,302.6735575
26/07/2021 9:00,304.22525,304.667025
26/07/2021 10:00,304.39795,304.1449883
26/07/2021 11:00,304.36984,300.1198148
26/07/2021 12:00,304.51788,301.7519651
26/07/2021 13:00,304.5063,304.8369593
26/07/2021 14:00,304.22525,303.9362468
26/07/2021 15:00,304.00287,305.1017854
26/07/2021 16:00,303.72226,303.3223217
26/07/2021 17:00,303.3726,300.849724
26/07/2021 18:00,302.83395,300.8717643
26/07/2021 19:00,302.24155,300.2059592
26/07/2021 20:00,301.91043,297.7686143
26/07/2021 21:00,301.35568,297.8057325
26/07/2021 22:00,300.7478,295.8042227
26/07/2021 23:00,300.22934,298.6273597
27/07/2021 0:00,299.68988,295.391491
27/07/2021 1:00,299.14087,297.9769911
27/07/2021 2:00,298.64865,297.8689574
27/07/2021 3:00,298.19614,294.9691834
27/07/2021 4:00,297.7966,293.3941035
27/07/2021 5:00,298.25296,291.8744013
27/07/2021 6:00,300.60324,295.9150542
27/07/2021 7:00,303.1382,297.6986232
27/07/2021 8:00,304.85736,304.3819636
27/07/2021 9:00,305.63467,303.6084886
27/07/2021 10:00,305.6746,305.130818
27/07/2021 11:00,305.39948,301.4626827
27/07/2021 12:00,305.17282,303.3272796
27/07/2021 13:00,305.2215,307.2976166
27/07/2021 14:00,305.22495,306.411244
27/07/2021 15:00,304.86673,305.7901106
27/07/2021 16:00,304.0762,306.6328752
27/07/2021 17:00,303.02884,306.9720411
27/07/2021 18:00,302.03586,303.0985296
27/07/2021 19:00,300.9543,300.4815614
27/07/2021 20:00,300.90298,299.8959595
27/07/2021 21:00,300.75128,304.4979446
27/07/2021 22:00,299.70535,295.2395826
27/07/2021 23:00,298.44827,299.1693909
28/07/2021 0:00,297.77072,297.824306
28/07/2021 1:00,298.4896,298.4506898
28/07/2021 2:00,298.0984,295.7919937
28/07/2021 3:00,297.53714,294.8450371
28/07/2021 4:00,297.18097,295.1414138
28/07/2021 5:00,297.89047,300.8230156
28/07/2021 6:00,300.43338,300.5596042
28/07/2021 7:00,302.96957,298.8326836
28/07/2021 8:00,304.93332,301.4539766
28/07/2021 9:00,305.93994,303.15819
28/07/2021 10:00,306.0664,302.2447334
28/07/2021 11:00,305.89108,305.8569599
28/07/2021 12:00,305.88434,308.3720016
28/07/2021 13:00,305.78842,305.152488
28/07/2021 14:00,305.74222,309.3001767
28/07/2021 15:00,305.61127,308.0925803
28/07/2021 16:00,305.28482,305.1137859
28/07/2021 17:00,304.86673,304.5160849
28/07/2021 18:00,304.0049,305.7113512
28/07/2021 19:00,302.614,302.5320474
28/07/2021 20:00,302.043,300.209531
28/07/2021 21:00,300.96042,298.6798621
28/07/2021 22:00,299.80026,298.2896411
28/07/2021 23:00,299.30316,296.6124897
29/07/2021 0:00,299.51517,292.9270696
29/07/2021 1:00,298.9598,299.3158658
29/07/2021 2:00,298.38086,295.1978019
29/07/2021 3:00,297.93427,294.9768514
29/07/2021 4:00,297.61353,293.6767537
29/07/2021 5:00,298.43646,292.7035877
29/07/2021 6:00,301.0046,295.144184
29/07/2021 7:00,303.4954,293.8731743
29/07/2021 8:00,305.20804,302.1728685
29/07/2021 9:00,306.23584,297.3367212
29/07/2021 10:00,306.49976,298.8741598
29/07/2021 11:00,306.16254,300.9761399
29/07/2021 12:00,305.63998,304.8291344
29/07/2021 13:00,305.26956,303.1203535
29/07/2021 14:00,304.87344,301.195359
29/07/2021 15:00,304.4234,305.6331506
29/07/2021 16:00,303.68356,304.3541961
29/07/2021 17:00,302.9368,302.893122
29/07/2021 18:00,302.3456,301.6387483
29/07/2021 19:00,301.9019,302.9691924
29/07/2021 20:00,301.2317,301.1819834
29/07/2021 21:00,300.12772,295.1071303
29/07/2021 22:00,299.57993,298.4831959
29/07/2021 23:00,298.24564,295.6557735
30/07/2021 0:00,299.02805,295.3750651
30/07/2021 1:00,296.62747,291.0486493
30/07/2021 2:00,296.27048,293.3839953
30/07/2021 3:00,295.75302,291.9532681
30/07/2021 4:00,295.63266,294.8550044
30/07/2021 5:00,296.33423,296.8273679
30/07/2021 6:00,299.85403,294.5017467
30/07/2021 7:00,301.5573,299.1413681
30/07/2021 8:00,302.80585,302.4405842
30/07/2021 9:00,303.6284,301.6627848
30/07/2021 10:00,304.2289,304.237588
30/07/2021 11:00,304.40262,304.2755187
30/07/2021 12:00,304.34622,304.5509669
30/07/2021 13:00,304.35336,303.9092159
30/07/2021 14:00,304.38266,302.2690091
30/07/2021 15:00,304.2849,302.683204
30/07/2021 16:00,303.84872,305.4567307
30/07/2021 17:00,303.11765,303.4504884
30/07/2021 18:00,302.1269,302.1190408
30/07/2021 19:00,301.52655,299.3618252
30/07/2021 20:00,300.90585,298.5641898
30/07/2021 21:00,300.19452,300.2360484
30/07/2021 22:00,299.03598,296.9771418
30/07/2021 23:00,299.73956,294.2794301
31/07/2021 0:00,299.23453,297.0756819
31/07/2021 1:00,298.6904,295.0997239
31/07/2021 2:00,298.2605,295.2140277
31/07/2021 3:00,297.93262,297.1506915
31/07/2021 4:00,296.00983,294.212605
31/07/2021 5:00,296.86554,296.169901
31/07/2021 6:00,299.5064,297.0789808
31/07/2021 7:00,301.65384,298.0927567
31/07/2021 8:00,303.3443,300.5324087
31/07/2021 9:00,304.4448,298.0837816
31/07/2021 10:00,305.13007,302.19955
31/07/2021 11:00,305.4844,302.8734242
31/07/2021 12:00,305.78885,303.4637252
31/07/2021 13:00,305.52368,305.574417
31/07/2021 14:00,305.28094,304.4628884
31/07/2021 15:00,305.05573,306.5636376
31/07/2021 16:00,304.94595,302.0294786
31/07/2021 17:00,304.43115,303.4366061
31/07/2021 18:00,303.50394,301.7560985
31/07/2021 19:00,303.30316,298.6508133
31/07/2021 20:00,302.49957,301.1626036
31/07/2021 21:00,302.12915,302.8209351
31/07/2021 22:00,301.6121,298.2162442
31/07/2021 23:00,300.96347,298.8352124
01/08/2021 0:00,300.52682,297.6935203
01/08/2021 1:00,300.21204,295.8043672
01/08/2021 2:00,300.02866,293.3818305
01/08/2021 3:00,299.86215,294.8317821
01/08/2021 4:00,299.83936,293.2764739
01/08/2021 5:00,300.30212,299.3222312
01/08/2021 6:00,301.81595,297.8583303
01/08/2021 7:00,302.786,297.5216132
01/08/2021 8:00,304.13116,301.882688
01/08/2021 9:00,304.68323,299.8637918
01/08/2021 10:00,305.15378,302.3607663
01/08/2021 11:00,305.7954,305.0999583
01/08/2021 12:00,305.96082,307.702045
01/08/2021 13:00,305.88226,307.203791
01/08/2021 14:00,305.71738,306.1860471
01/08/2021 15:00,305.2664,305.333659
01/08/2021 16:00,304.83286,304.5034786
01/08/2021 17:00,304.151,302.7616339
01/08/2021 18:00,303.24207,299.2949992
01/08/2021 19:00,302.49615,298.7880306
01/08/2021 20:00,302.09988,295.5651226
01/08/2021 21:00,301.69153,296.4750715
01/08/2021 22:00,300.58902,294.3074499
01/08/2021 23:00,299.79214,298.6263624
02/08/2021 0:00,300.28336,293.2475875
02/08/2021 1:00,299.6664,290.2041348
02/08/2021 2:00,298.2593,291.9567301
02/08/2021 3:00,297.09753,292.7472118
02/08/2021 4:00,296.8624,294.608921
02/08/2021 5:00,298.11774,290.690922
02/08/2021 6:00,300.1903,289.4523603
02/08/2021 7:00,301.65237,293.9939857
02/08/2021 8:00,302.73184,290.8748373
02/08/2021 9:00,303.3303,293.5718041
02/08/2021 10:00,303.7665,294.8870236
02/08/2021 11:00,303.86493,296.2260406
02/08/2021 12:00,303.67242,298.4638669
02/08/2021 13:00,303.4228,296.4937291
02/08/2021 14:00,303.14822,297.5612506
02/08/2021 15:00,302.71603,298.2513701
02/08/2021 16:00,302.4074,298.4289364
02/08/2021 17:00,302.10284,297.6582632
02/08/2021 18:00,301.63898,296.9128603
02/08/2021 19:00,301.4304,296.5192151
02/08/2021 20:00,300.71155,294.5996256
02/08/2021 21:00,300.07986,293.9761143
02/08/2021 22:00,299.4983,289.6475139
02/08/2021 23:00,299.0929,292.2592242
03/08/2021 0:00,298.6856,292.5938959
03/08/2021 1:00,298.2062,292.6526306
03/08/2021 2:00,297.5724,289.7154774
03/08/2021 3:00,296.74283,289.4413053
03/08/2021 4:00,295.588,289.5980013
03/08/2021 5:00,296.06152,292.8570747
03/08/2021 6:00,299.0122,295.4245889
03/08/2021 7:00,301.4588,292.9839383
03/08/2021 8:00,301.87573,296.7937331
03/08/2021 9:00,301.80896,296.7247267
03/08/2021 10:00,302.79163,297.3347527
03/08/2021 11:00,303.1193,297.759653
03/08/2021 12:00,303.68744,300.4088352
03/08/2021 13:00,303.25897,300.1158306
03/08/2021 14:00,302.59055,303.9330201
03/08/2021 15:00,302.28006,298.4051513
03/08/2021 16:00,301.66446,300.8030505
03/08/2021 17:00,301.0617,298.2834682
03/08/2021 18:00,300.44717,296.5482156
03/08/2021 19:00,299.83264,295.4883108
03/08/2021 20:00,299.41302,296.3635007
03/08/2021 21:00,298.51456,300.8143581
03/08/2021 22:00,297.1061,293.0741112
03/08/2021 23:00,296.35297,290.9771828
04/08/2021 0:00,296.30847,293.463044
04/08/2021 1:00,296.24142,289.2307839
04/08/2021 2:00,295.82288,291.9724267
04/08/2021 3:00,295.5215,291.3572149
04/08/2021 4:00,295.29388,292.0526157
04/08/2021 5:00,295.83496,293.5316795
04/08/2021 6:00,298.1955,294.1849639
04/08/2021 7:00,300.8845,295.6627601
04/08/2021 8:00,302.60233,296.3832355
04/08/2021 9:00,303.68985,296.890939
04/08/2021 10:00,304.27435,300.2064932
04/08/2021 11:00,303.80594,298.7751857
04/08/2021 12:00,304.13947,301.1763373
04/08/2021 13:00,304.71515,300.3235962
04/08/2021 14:00,304.6918,303.4730677
04/08/2021 15:00,304.41913,305.7848784
04/08/2021 16:00,304.17862,299.9567113
04/08/2021 17:00,303.83167,297.7329922
04/08/2021 18:00,303.12598,299.3973458
04/08/2021 19:00,302.19775,298.3697236
04/08/2021 20:00,301.9154,297.8161003
04/08/2021 21:00,301.55237,295.9762411
04/08/2021 22:00,301.28586,295.9620452
04/08/2021 23:00,301.01907,296.836471
05/08/2021 0:00,300.68607,297.7931648
05/08/2021 1:00,300.41232,291.9810884
05/08/2021 2:00,300.17746,294.3635625
05/08/2021 3:00,299.9769,294.5681106
05/08/2021 4:00,299.68546,291.6563924
05/08/2021 5:00,299.4723,296.3763861
05/08/2021 6:00,299.8458,292.5793275
05/08/2021 7:00,295.2861,293.4565255
05/08/2021 8:00,295.0094,294.9581592
05/08/2021 9:00,295.5033,293.0305495
05/08/2021 10:00,297.7177,290.6709728
05/08/2021 11:00,299.01193,292.4901182
05/08/2021 12:00,299.95947,294.730557
05/08/2021 13:00,300.1536,292.5633911
05/08/2021 14:00,299.9997,291.9178091
05/08/2021 15:00,299.7892,294.7774082
05/08/2021 16:00,299.538,292.6427746
05/08/2021 17:00,299.08218,292.2573046
05/08/2021 18:00,298.42526,293.0993346
05/08/2021 19:00,298.48587,292.5683416
05/08/2021 20:00,297.8802,294.7720015
05/08/2021 21:00,297.49783,291.5566041
05/08/2021 22:00,297.2265,291.7907459
05/08/2021 23:00,296.9517,288.51326
06/08/2021 0:00,296.6664,287.2504841
06/08/2021 1:00,296.45163,288.7114081
06/08/2021 2:00,296.27307,288.1618466
06/08/2021 3:00,295.99368,285.8343599
06/08/2021 4:00,295.73413,287.5116022
06/08/2021 5:00,295.89447,290.3763887
06/08/2021 6:00,296.95786,292.5520483
06/08/2021 7:00,297.93167,293.6535909
06/08/2021 8:00,298.8977,294.8750124
06/08/2021 9:00,299.45352,295.4463596
06/08/2021 10:00,299.21704,296.7972064
06/08/2021 11:00,299.24652,296.3563013
06/08/2021 12:00,299.31732,302.3385757
06/08/2021 13:00,299.2492,299.4296044
06/08/2021 14:00,299.24573,299.2562158
06/08/2021 15:00,299.14706,297.6826941
06/08/2021 16:00,299.0028,304.2891928
06/08/2021 17:00,298.6918,296.0734427
06/08/2021 18:00,298.2451,295.8932149
06/08/2021 19:00,298.00003,295.8917104
06/08/2021 20:00,297.47855,294.931438
06/08/2021 21:00,297.00906,294.3073594
06/08/2021 22:00,296.4519,294.8979251
06/08/2021 23:00,295.45877,291.9727998
07/08/2021 0:00,294.58148,288.6803853
07/08/2021 1:00,294.31577,289.5640224
07/08/2021 2:00,293.657,290.1121725
07/08/2021 3:00,293.7739,292.7806612
07/08/2021 4:00,293.46075,286.1863153
07/08/2021 5:00,294.05945,292.1554433
07/08/2021 6:00,296.69,294.459788
07/08/2021 7:00,298.47702,297.0610292
07/08/2021 8:00,299.87903,297.1906294
07/08/2021 9:00,301.01773,297.5753021
07/08/2021 10:00,301.6993,301.8009392
07/08/2021 11:00,301.89288,302.6843551
07/08/2021 12:00,301.78217,303.9646611
07/08/2021 13:00,301.7076,302.7425843
07/08/2021 14:00,301.56094,301.9029659
07/08/2021 15:00,301.31027,300.1434031
07/08/2021 16:00,300.91748,303.8650876
07/08/2021 17:00,300.3981,302.0166838
07/08/2021 18:00,299.72406,297.9406758
07/08/2021 19:00,299.03015,297.5036617
07/08/2021 20:00,298.62424,296.8598031
07/08/2021 21:00,298.13998,294.3409426
07/08/2021 22:00,297.57266,294.6246137
07/08/2021 23:00,296.9643,293.0677111
08/08/2021 0:00,296.66776,293.4457098
08/08/2021 1:00,296.39615,292.0212719
08/08/2021 2:00,296.15616,289.7091163
08/08/2021 3:00,296.05963,295.6090977
08/08/2021 4:00,296.01675,293.8119598
08/08/2021 5:00,296.4551,291.2294405
08/08/2021 6:00,298.37808,296.847288
08/08/2021 7:00,300.41742,298.9958505
08/08/2021 8:00,301.83792,302.5360174
08/08/2021 9:00,302.7718,300.2841261
08/08/2021 10:00,303.23376,304.8542895
08/08/2021 11:00,303.4759,302.8941981
08/08/2021 12:00,303.59064,302.3013642
08/08/2021 13:00,303.59064,306.4929224
08/08/2021 14:00,303.6349,307.7949462
08/08/2021 15:00,303.61237,310.0236884
08/08/2021 16:00,303.29034,302.5196577
08/08/2021 17:00,302.6911,304.5392824
08/08/2021 18:00,301.93365,300.9494028
08/08/2021 19:00,301.4454,300.4477417
08/08/2021 20:00,301.00354,295.615101
08/08/2021 21:00,300.64426,295.2920836
08/08/2021 22:00,300.31714,296.6155022
08/08/2021 23:00,299.97394,297.5677412
09/08/2021 0:00,299.67795,294.0912108
09/08/2021 1:00,299.3468,296.1164215
09/08/2021 2:00,298.91592,296.0776179
09/08/2021 3:00,298.4805,294.6799701
09/08/2021 4:00,298.0821,295.9691781
09/08/2021 5:00,298.092,293.9383523
09/08/2021 6:00,299.79404,292.0352583
09/08/2021 7:00,301.70334,296.9059233
09/08/2021 8:00,302.69296,294.8729877
09/08/2021 9:00,303.31635,299.0602628
09/08/2021 10:00,303.5885,301.6662382
09/08/2021 11:00,303.79977,300.9199212
09/08/2021 12:00,304.0207,298.4104781
09/08/2021 13:00,304.21964,300.0599334
09/08/2021 14:00,304.0609,304.3953214
09/08/2021 15:00,303.57535,301.7261472
09/08/2021 16:00,302.94714,301.921703
09/08/2021 17:00,302.0527,302.4486133
09/08/2021 18:00,301.13678,301.4082431
09/08/2021 19:00,300.04553,297.7828697
09/08/2021 20:00,299.04572,295.9307636
09/08/2021 21:00,298.46548,294.9170635
09/08/2021 22:00,298.25635,296.6930304
09/08/2021 23:00,298.93445,295.2822659
10/08/2021 0:00,298.7953,293.3630525
10/08/2021 1:00,298.54083,296.2655994
10/08/2021 2:00,297.7204,294.5305444
10/08/2021 3:00,296.33392,292.1636496
10/08/2021 4:00,296.9935,291.230987
10/08/2021 5:00,297.219,291.353375
10/08/2021 6:00,299.42886,295.6720722
10/08/2021 7:00,301.88806,299.9329606
10/08/2021 8:00,303.07022,297.9670761
10/08/2021 9:00,303.67883,301.0792945
10/08/2021 10:00,303.84268,300.4615464
10/08/2021 11:00,303.84802,301.3806315
10/08/2021 12:00,303.86224,299.9359168
10/08/2021 13:00,303.87805,302.7302446
10/08/2021 14:00,303.8845,302.980423
10/08/2021 15:00,303.6499,304.1995811
10/08/2021 16:00,303.31982,303.1654936
10/08/2021 17:00,302.99863,299.658134
10/08/2021 18:00,302.70102,302.3636919
10/08/2021 19:00,301.4057,299.5072279
10/08/2021 20:00,300.7869,298.3951785
10/08/2021 21:00,299.56693,297.2620813
10/08/2021 22:00,300.108,295.6968805
10/08/2021 23:00,298.7159,296.0826792
11/08/2021 0:00,299.59268,295.7940895
11/08/2021 1:00,299.20013,291.6525601
11/08/2021 2:00,297.9593,293.6155395
11/08/2021 3:00,296.8522,293.6431091
11/08/2021 4:00,296.91574,293.5683228
11/08/2021 5:00,297.14554,296.075277
11/08/2021 6:00,299.7069,295.5000901
11/08/2021 7:00,302.08298,298.4785477
11/08/2021 8:00,303.4,300.440812
11/08/2021 9:00,304.25558,301.1638885
11/08/2021 10:00,304.54703,302.659104
11/08/2021 11:00,304.76367,305.2797039
11/08/2021 12:00,304.8449,302.546802
11/08/2021 13:00,305.01517,305.3230006
11/08/2021 14:00,304.8342,301.0202635
11/08/2021 15:00,304.4221,301.8661251
11/08/2021 16:00,303.9207,301.4226365
11/08/2021 17:00,303.50912,304.0660759
11/08/2021 18:00,302.95975,299.1794059
11/08/2021 19:00,302.90692,294.1395428
11/08/2021 20:00,302.37363,293.2093222
11/08/2021 21:00,302.21277,295.8035025
11/08/2021 22:00,301.56552,296.1452633
11/08/2021 23:00,300.7357,294.5258141
12/08/2021 0:00,299.90744,293.4628769
12/08/2021 1:00,299.27307,295.3265908
12/08/2021 2:00,298.7111,292.1580256
12/08/2021 3:00,298.2137,294.0851362
12/08/2021 4:00,297.8102,289.1758736
12/08/2021 5:00,297.9432,291.2207176
12/08/2021 6:00,299.62592,292.7429715
12/08/2021 7:00,302.46185,297.1112096
12/08/2021 8:00,304.05957,299.4036063
12/08/2021 9:00,305.4994,300.7373301
12/08/2021 10:00,306.56168,301.638503
12/08/2021 11:00,306.83063,300.3962228
12/08/2021 12:00,306.481,302.1700725
12/08/2021 13:00,306.3826,299.9397522
12/08/2021 14:00,306.18552,304.9526614
12/08/2021 15:00,305.6962,301.9243637
12/08/2021 16:00,304.91302,301.1459871
12/08/2021 17:00,304.1757,303.8217391
12/08/2021 18:00,303.40857,297.1689124
12/08/2021 19:00,302.9938,296.5753829
12/08/2021 20:00,302.70987,295.6380689
12/08/2021 21:00,302.36237,296.5943083
12/08/2021 22:00,301.94168,296.7195761
12/08/2021 23:00,301.22043,296.653894
13/08/2021 0:00,300.3949,299.2204417
13/08/2021 1:00,299.69162,290.0992074
13/08/2021 2:00,298.97546,294.4744257
13/08/2021 3:00,298.33118,291.6388732
13/08/2021 4:00,297.81558,290.9603331
13/08/2021 5:00,297.83167,291.7150645
13/08/2021 6:00,299.5031,294.9546838
13/08/2021 7:00,302.37686,301.7847716
13/08/2021 8:00,304.162,302.4583078
13/08/2021 9:00,305.4455,302.7674029
13/08/2021 10:00,306.17856,306.305153
13/08/2021 11:00,306.2764,302.0803411
13/08/2021 12:00,306.20563,302.6941484
13/08/2021 13:00,306.2638,301.5135373
13/08/2021 14:00,305.9032,304.2134992
13/08/2021 15:00,305.2479,305.5423849
13/08/2021 16:00,304.6347,304.589574
13/08/2021 17:00,303.8818,303.3330819
13/08/2021 18:00,303.02115,299.0073741
13/08/2021 19:00,303.3555,301.3108797
13/08/2021 20:00,303.1434,299.0101188
13/08/2021 21:00,303.25494,298.6791713
13/08/2021 22:00,302.5254,292.9211471
13/08/2021 23:00,301.52316,296.0482563
14/08/2021 0:00,300.58527,292.9068167
14/08/2021 1:00,299.7884,293.9384312
14/08/2021 2:00,299.05133,295.7602977
14/08/2021 3:00,298.3754,294.9386712
14/08/2021 4:00,297.83112,293.0840665
14/08/2021 5:00,297.86035,295.1917649
14/08/2021 6:00,299.66534,295.2512548
14/08/2021 7:00,302.3098,301.2426846
14/08/2021 8:00,304.6154,300.8862009
14/08/2021 9:00,306.34772,304.7631062
14/08/2021 10:00,307.32153,303.3320663
14/08/2021 11:00,307.16522,304.4667526
14/08/2021 12:00,306.5834,304.7443385
14/08/2021 13:00,306.0496,307.8837087
14/08/2021 14:00,305.22723,305.0325997
14/08/2021 15:00,304.7114,307.3223169
14/08/2021 16:00,304.39957,304.902387
14/08/2021 17:00,303.81317,300.3657151
14/08/2021 18:00,303.11472,301.1328925
14/08/2021 19:00,302.19104,298.6211029
14/08/2021 20:00,301.7347,299.8047473
14/08/2021 21:00,300.6177,296.5388263
14/08/2021 22:00,299.85812,299.4478058
14/08/2021 23:00,298.97278,296.7641803
15/08/2021 0:00,298.3175,295.5482271
15/08/2021 1:00,297.7748,296.1889285
15/08/2021 2:00,297.1997,296.1435548
15/08/2021 3:00,296.2827,293.7718847
15/08/2021 4:00,295.7465,291.9169195
15/08/2021 5:00,296.71545,291.0223739
15/08/2021 6:00,299.62244,296.8741817
15/08/2021 7:00,302.38544,298.7578683
15/08/2021 8:00,304.41565,302.556297
15/08/2021 9:00,305.69244,303.9976643
15/08/2021 10:00,306.1225,307.545121
15/08/2021 11:00,306.0584,306.4298347
15/08/2021 12:00,305.62247,308.1565019
15/08/2021 13:00,304.9307,310.5752077
15/08/2021 14:00,304.1454,308.9904098
15/08/2021 15:00,303.92392,307.9401334
15/08/2021 16:00,303.40106,305.9887986
15/08/2021 17:00,302.54684,304.6960843
15/08/2021 18:00,301.56845,302.3898615
15/08/2021 19:00,301.05286,300.6202128
15/08/2021 20:00,299.97583,301.3576669
15/08/2021 21:00,299.07468,298.2564783
15/08/2021 22:00,298.35986,295.3587328
15/08/2021 23:00,298.08154,299.9214005
16/08/2021 0:00,298.18878,296.3695382
16/08/2021 1:00,297.68686,292.4222355
16/08/2021 2:00,296.78223,293.8860682
16/08/2021 3:00,296.4597,294.3939233
16/08/2021 4:00,297.23026,297.014631
16/08/2021 5:00,297.40695,292.8415704
16/08/2021 6:00,299.55032,299.8395723
16/08/2021 7:00,301.97736,301.6035884
16/08/2021 8:00,303.44183,299.8695786
16/08/2021 9:00,304.62317,302.4669133
16/08/2021 10:00,305.15326,302.9593211
16/08/2021 11:00,305.06638,305.8284965
16/08/2021 12:00,304.66876,307.1056128
16/08/2021 13:00,304.46283,308.9794387
16/08/2021 14:00,304.38348,310.0232457
16/08/2021 15:00,304.46713,306.4396295
16/08/2021 16:00,304.19016,302.923898
16/08/2021 17:00,303.52228,304.4655905
16/08/2021 18:00,302.62164,304.5392291
16/08/2021 19:00,302.072,301.2593164
16/08/2021 20:00,301.66498,298.480035
16/08/2021 21:00,301.2486,298.013395
16/08/2021 22:00,300.8976,302.1223145
16/08/2021 23:00,300.63943,297.1309181
17/08/2021 0:00,300.42303,295.601401
17/08/2021 1:00,300.2241,293.6924989
17/08/2021 2:00,300.05652,293.4349621
17/08/2021 3:00,299.9037,296.1965634
17/08/2021 4:00,299.7045,292.0457912
17/08/2021 5:00,299.78412,291.865745
17/08/2021 6:00,300.63327,291.2158534
17/08/2021 7:00,301.54968,295.2687155
17/08/2021 8:00,302.42752,296.6871111
17/08/2021 9:00,303.0793,293.9152882
17/08/2021 10:00,303.68127,292.6980419
17/08/2021 11:00,303.94427,292.6200895
17/08/2021 12:00,303.733,288.2037954
17/08/2021 13:00,303.4531,294.0715128
17/08/2021 14:00,302.91846,294.0686454
17/08/2021 15:00,302.56964,294.9933371
17/08/2021 16:00,300.15762,292.9894546
17/08/2021 17:00,299.54898,293.396189
17/08/2021 18:00,299.37173,292.7387807
17/08/2021 19:00,301.14697,294.3774808
17/08/2021 20:00,300.40857,291.6936713
17/08/2021 21:00,299.764,295.3339221
17/08/2021 22:00,299.18863,292.0194808
17/08/2021 23:00,298.67383,288.2782633
18/08/2021 0:00,298.18048,289.7216003
18/08/2021 1:00,297.80994,288.3560967
18/08/2021 2:00,297.36942,285.0179011
18/08/2021 3:00,296.71146,291.5198209
18/08/2021 4:00,295.99368,289.889958
18/08/2021 5:00,295.56363,290.066013
18/08/2021 6:00,295.90762,290.6984715
18/08/2021 7:00,298.09387,289.2600488
18/08/2021 8:00,299.33502,291.7752796
18/08/2021 9:00,300.78314,294.9310609
18/08/2021 10:00,301.71085,292.7025844
18/08/2021 11:00,302.24466,291.0007395
18/08/2021 12:00,302.7863,295.8754468
18/08/2021 13:00,302.74255,296.5338803
18/08/2021 14:00,302.4506,297.1264551
18/08/2021 15:00,301.99344,297.9201206
18/08/2021 16:00,301.49203,297.3133003
18/08/2021 17:00,300.89468,295.9483864
18/08/2021 18:00,300.25842,296.4261682
18/08/2021 19:00,299.6927,289.9023286
18/08/2021 20:00,298.87653,292.0784927
18/08/2021 21:00,297.93945,291.2851756
18/08/2021 22:00,297.05087,287.1648269
18/08/2021 23:00,296.3398,286.1194247
19/08/2021 0:00,295.7773,287.0652527
19/08/2021 1:00,295.25232,287.0688039
19/08/2021 2:00,294.78232,289.5166695
19/08/2021 3:00,294.33884,286.9574737
19/08/2021 4:00,293.93826,285.9653814
19/08/2021 5:00,293.93265,286.8737501
19/08/2021 6:00,295.09253,293.2828424
19/08/2021 7:00,296.8289,292.600212
19/08/2021 8:00,298.63333,293.7089594
19/08/2021 9:00,300.25815,295.2990002
19/08/2021 10:00,301.4108,299.0074271
19/08/2021 11:00,302.1307,296.0382002
19/08/2021 12:00,302.12643,299.4978672
19/08/2021 13:00,301.6363,297.8826909
19/08/2021 14:00,301.0644,297.3298556
19/08/2021 15:00,300.5445,301.9851784
19/08/2021 16:00,300.06134,295.2512999
19/08/2021 17:00,299.37497,295.6826078
19/08/2021 18:00,298.61673,292.9826946
19/08/2021 19:00,298.2266,295.6674
19/08/2021 20:00,298.01453,295.5379504
19/08/2021 21:00,297.79144,294.6431929
19/08/2021 22:00,297.41312,293.641259
19/08/2021 23:00,296.81332,291.9703937
20/08/2021 0:00,296.19962,290.6697173
20/08/2021 1:00,295.65826,286.8101337
20/08/2021 2:00,295.1904,292.6921355
20/08/2021 3:00,294.6992,289.6035361
20/08/2021 4:00,294.25705,287.8441765
20/08/2021 5:00,294.2863,291.688301
20/08/2021 6:00,295.86337,290.553043
20/08/2021 7:00,298.49017,295.2717541
20/08/2021 8:00,300.32224,296.1939533
20/08/2021 9:00,301.68082,298.9859819
20/08/2021 10:00,302.4707,298.519697
20/08/2021 11:00,302.84552,296.872543
20/08/2021 12:00,302.8426,299.6668981
20/08/2021 13:00,302.04303,301.2115539
20/08/2021 14:00,301.5406,299.2609409
20/08/2021 15:00,301.3159,300.6297293
20/08/2021 16:00,300.9105,296.9526252
20/08/2021 17:00,300.2032,297.6094571
20/08/2021 18:00,299.43234,295.0767339
20/08/2021 19:00,298.99344,296.537991
20/08/2021 20:00,298.57944,293.6738475
20/08/2021 21:00,298.18317,293.8693208
20/08/2021 22:00,297.78635,294.274806
20/08/2021 23:00,297.41043,295.052943
21/08/2021 0:00,296.9833,293.6265352
21/08/2021 1:00,296.5267,290.8285432
21/08/2021 2:00,296.1468,292.0681147
21/08/2021 3:00,295.9009,290.4665645
21/08/2021 4:00,295.59125,290.6643365
21/08/2021 5:00,295.588,290.7887519
21/08/2021 6:00,297.0262,290.8084321
21/08/2021 7:00,299.4377,291.919274
21/08/2021 8:00,301.07028,296.4608661
21/08/2021 9:00,302.4833,299.7978685
21/08/2021 10:00,303.10883,297.9788457
21/08/2021 11:00,303.3949,300.501896
21/08/2021 12:00,303.0839,304.2225265
21/08/2021 13:00,302.61334,302.5454754
21/08/2021 14:00,302.2428,304.0345362
21/08/2021 15:00,301.83875,301.755952
21/08/2021 16:00,301.3328,302.5386099
21/08/2021 17:00,300.61368,297.8911126
21/08/2021 18:00,299.93185,296.472756
21/08/2021 19:00,300.234,292.0942261
21/08/2021 20:00,300.00104,297.5037582
21/08/2021 21:00,299.64014,296.9248751
21/08/2021 22:00,299.01917,292.2494604
21/08/2021 23:00,298.32285,292.1992357
22/08/2021 0:00,297.6756,290.5223947
22/08/2021 1:00,297.1112,291.7954101
22/08/2021 2:00,296.46613,292.4442053
22/08/2021 3:00,295.71136,286.7037797
22/08/2021 4:00,295.02496,289.9918334
22/08/2021 5:00,295.41614,289.5364376
22/08/2021 6:00,297.61905,294.321725
22/08/2021 7:00,299.8699,297.6638944
22/08/2021 8:00,301.7379,298.9257707
22/08/2021 9:00,302.9965,300.8182333
22/08/2021 10:00,303.71933,301.9107416
22/08/2021 11:00,303.76035,304.9306513
22/08/2021 12:00,303.51343,304.5974589
22/08/2021 13:00,303.06244,304.5904158
22/08/2021 14:00,302.55515,302.1210607
22/08/2021 15:00,301.98914,303.404721
22/08/2021 16:00,301.48563,304.6712778
22/08/2021 17:00,300.71664,301.4385514
22/08/2021 18:00,299.93613,300.7870884
22/08/2021 19:00,299.6557,301.4881584
22/08/2021 20:00,298.86365,299.1107658
22/08/2021 21:00,298.9961,296.660536
22/08/2021 22:00,297.6791,294.9145942
22/08/2021 23:00,296.49722,290.4558795
23/08/2021 0:00,295.87222,293.9234168
23/08/2021 1:00,297.41418,292.9196778
23/08/2021 2:00,297.00235,293.30844
23/08/2021 3:00,293.97528,291.1248182
23/08/2021 4:00,294.1903,292.0712965
23/08/2021 5:00,294.6335,287.6693269
23/08/2021 6:00,296.93585,291.7688171
23/08/2021 7:00,299.58972,294.9465156
23/08/2021 8:00,301.50894,297.140276
23/08/2021 9:00,302.871,293.6529424
23/08/2021 10:00,303.2917,294.7137947
23/08/2021 11:00,303.23376,296.3176487
23/08/2021 12:00,303.1772,294.3600433
23/08/2021 13:00,302.7793,297.1947949
23/08/2021 14:00,302.59027,295.3141101
23/08/2021 15:00,302.45273,298.1594834
23/08/2021 16:00,302.1251,296.5136104
23/08/2021 17:00,301.6658,296.077692
23/08/2021 18:00,300.9963,293.0908875
23/08/2021 19:00,300.11444,292.4308224
23/08/2021 20:00,299.17172,294.5473854
23/08/2021 21:00,298.29013,288.8739167
23/08/2021 22:00,298.57034,289.6103278
23/08/2021 23:00,296.9565,290.3112533
24/08/2021 0:00,296.91415,290.959771
24/08/2021 1:00,297.00638,288.2215253
24/08/2021 2:00,296.5326,283.7369012
24/08/2021 3:00,295.94058,290.6811814
24/08/2021 4:00,295.39685,289.1644984
24/08/2021 5:00,295.92102,284.9204881
24/08/2021 6:00,297.67642,288.4180854
24/08/2021 7:00,299.43314,294.0456438
24/08/2021 8:00,301.1274,295.5556786
24/08/2021 9:00,302.42242,296.147586
24/08/2021 10:00,302.9659,295.2468504
24/08/2021 11:00,303.44586,296.3151527
24/08/2021 12:00,303.12894,296.4068267
24/08/2021 13:00,302.25406,298.6311056
24/08/2021 14:00,301.8012,295.2071797
24/08/2021 15:00,301.7256,295.1974556
24/08/2021 16:00,301.29767,298.1873374
24/08/2021 17:00,300.71692,295.7006584
24/08/2021 18:00,300.03992,297.2537596
24/08/2021 19:00,299.39267,291.9590658
24/08/2021 20:00,299.15994,292.4346284
24/08/2021 21:00,298.34244,290.402817
24/08/2021 22:00,297.76517,291.6813988
24/08/2021 23:00,297.57104,288.4910592
25/08/2021 0:00,297.39087,289.7474307
25/08/2021 1:00,297.0163,287.6910994
25/08/2021 2:00,296.49506,291.2925637
25/08/2021 3:00,295.24536,291.2109761
25/08/2021 4:00,294.24902,286.6982237
25/08/2021 5:00,293.57443,292.0115472
25/08/2021 6:00,293.56317,294.0708818
25/08/2021 7:00,295.38263,289.6263113
25/08/2021 8:00,295.2837,288.3692822
25/08/2021 9:00,296.11407,294.7552168
25/08/2021 10:00,297.14795,287.6523009
25/08/2021 11:00,297.89734,290.359089
25/08/2021 12:00,298.45905,291.0128895
25/08/2021 13:00,298.6178,293.169837
25/08/2021 14:00,298.6768,291.6606967
25/08/2021 15:00,298.4344,290.2137448
25/08/2021 16:00,297.92844,289.3338077
25/08/2021 17:00,297.00986,290.2617363
25/08/2021 18:00,296.78384,288.7260739
25/08/2021 19:00,297.12595,289.9420699
25/08/2021 20:00,296.6313,288.7176118
25/08/2021 21:00,296.04892,286.8223829
25/08/2021 22:00,295.60812,291.0334238
25/08/2021 23:00,295.12686,287.5785313
26/08/2021 0:00,294.9944,285.6055372
26/08/2021 1:00,294.7834,286.76204
26/08/2021 2:00,294.81824,286.4662595
26/08/2021 3:00,294.19272,282.5254216
26/08/2021 4:00,293.97205,286.0178146
26/08/2021 5:00,293.61142,284.1743953
26/08/2021 6:00,295.48587,291.3305061
26/08/2021 7:00,296.29236,289.7659299
26/08/2021 8:00,297.06912,289.9716775
26/08/2021 9:00,297.9727,290.8748072
26/08/2021 10:00,298.32742,293.4449823
26/08/2021 11:00,298.45663,295.8791436
26/08/2021 12:00,298.62503,295.5649179
26/08/2021 13:00,298.66632,295.8053431
26/08/2021 14:00,298.68295,296.5125073
26/08/2021 15:00,298.3341,295.2952204
26/08/2021 16:00,297.8236,295.2446295
26/08/2021 17:00,297.2324,291.2561584
26/08/2021 18:00,296.68518,295.3559641
26/08/2021 19:00,296.07867,293.4776961
26/08/2021 20:00,295.8505,290.7372159
26/08/2021 21:00,295.57114,294.2968546
26/08/2021 22:00,295.41507,289.7702043
26/08/2021 23:00,295.17163,286.8889952
27/08/2021 0:00,294.8464,289.7430289
27/08/2021 1:00,294.59302,288.4774756
27/08/2021 2:00,294.297,288.3420795
27/08/2021 3:00,294.0758,286.7356138
27/08/2021 4:00,293.91977,288.1417299
27/08/2021 5:00,293.96616,286.887129
27/08/2021 6:00,294.65335,288.6299561
27/08/2021 7:00,295.954,284.0749036
27/08/2021 8:00,297.36807,287.7717746
27/08/2021 9:00,297.93195,292.6203653
27/08/2021 10:00,297.9515,289.0433353
27/08/2021 11:00,297.8542,289.830387
27/08/2021 12:00,298.1845,290.8035886
27/08/2021 13:00,298.706,290.1374791
27/08/2021 14:00,298.7245,288.5436516
27/08/2021 15:00,298.5588,292.2514491
27/08/2021 16:00,298.05286,292.7241205
27/08/2021 17:00,297.89706,291.8302635
27/08/2021 18:00,297.4091,290.6579706
27/08/2021 19:00,296.33768,288.9248975
27/08/2021 20:00,295.35718,289.2757836
27/08/2021 21:00,295.16895,286.372708
27/08/2021 22:00,295.51724,285.3151734
27/08/2021 23:00,295.60062,285.9325523
28/08/2021 0:00,295.30246,287.5350405
28/08/2021 1:00,294.95767,288.8116177
28/08/2021 2:00,294.08813,285.1362649
28/08/2021 3:00,293.3532,286.4083075
28/08/2021 4:00,292.6934,285.3583645
28/08/2021 5:00,292.54324,283.643274
28/08/2021 6:00,292.5612,287.7453205
28/08/2021 7:00,293.96133,285.5448289
28/08/2021 8:00,295.0161,286.9174657
28/08/2021 9:00,296.07172,292.0734249
28/08/2021 10:00,296.875,291.4420223
28/08/2021 11:00,297.41742,292.3439677
28/08/2021 12:00,297.4311,291.6225064
28/08/2021 13:00,297.5949,289.0453899
28/08/2021 14:00,296.36368,289.9457336
28/08/2021 15:00,295.9701,287.1800152
28/08/2021 16:00,294.8775,291.4507759
28/08/2021 17:00,294.02756,286.2472326
28/08/2021 18:00,293.70688,288.2451011
28/08/2021 19:00,293.47202,284.7470479
28/08/2021 20:00,292.85962,287.9143176
28/08/2021 21:00,292.4735,286.0087893
28/08/2021 22:00,292.29013,284.8492066
28/08/2021 23:00,292.07535,286.9543127
29/08/2021 0:00,292.06732,285.2610693
29/08/2021 1:00,292.10593,285.8881439
29/08/2021 2:00,291.77963,282.7152665
29/08/2021 3:00,291.53,281.7350899
29/08/2021 4:00,291.2482,284.7784941
29/08/2021 5:00,291.2152,284.4962477
29/08/2021 6:00,291.91153,287.9882015
29/08/2021 7:00,293.19156,287.4369025
29/08/2021 8:00,293.53555,288.5507787
29/08/2021 9:00,293.88464,285.588556
29/08/2021 10:00,294.52225,292.3004756
29/08/2021 11:00,294.86032,289.1620205
29/08/2021 12:00,295.02658,291.1975969
29/08/2021 13:00,295.38962,288.3438773
29/08/2021 14:00,295.42474,290.1469176
29/08/2021 15:00,295.28235,287.0584505
29/08/2021 16:00,295.12952,289.7197804
29/08/2021 17:00,294.76273,287.698586
29/08/2021 18:00,294.34232,287.7894131
29/08/2021 19:00,294.3785,288.2410739
29/08/2021 20:00,293.84924,284.6111409
29/08/2021 21:00,293.22614,285.4428272
29/08/2021 22:00,292.6915,287.2051506
29/08/2021 23:00,292.148,289.8896431
30/08/2021 0:00,291.60052,285.5143639
30/08/2021 1:00,291.12326,286.5450666
30/08/2021 2:00,290.65216,284.8597256
30/08/2021 3:00,290.24625,287.9593859
30/08/2021 4:00,289.8773,281.1054815
30/08/2021 5:00,289.75073,284.4702924
30/08/2021 6:00,290.66666,283.4221593
30/08/2021 7:00,292.07428,283.5839155
30/08/2021 8:00,293.58353,290.5040351
30/08/2021 9:00,294.85657,292.1181086
30/08/2021 10:00,295.72745,292.4358144
30/08/2021 11:00,296.30603,293.4076055
30/08/2021 12:00,296.505,299.8528415
30/08/2021 13:00,296.4342,294.4220391
30/08/2021 14:00,296.29263,295.8579707
30/08/2021 15:00,296.0366,293.7102774
30/08/2021 16:00,295.647,294.5967378
30/08/2021 17:00,295.17215,292.6633352
30/08/2021 18:00,294.18628,290.6311897
30/08/2021 19:00,293.68274,294.0848049
30/08/2021 20:00,293.81708,292.7172833
30/08/2021 21:00,293.38434,288.2447053
30/08/2021 22:00,293.43073,283.7646238
30/08/2021 23:00,293.6302,286.8920086
31/08/2021 0:00,293.25912,292.2495939
31/08/2021 1:00,293.00037,287.0067455
31/08/2021 2:00,292.684,289.3892112
31/08/2021 3:00,290.37064,289.6027178
31/08/2021 4:00,289.84943,287.154961
31/08/2021 5:00,290.9562,284.7817966
31/08/2021 6:00,292.25232,284.0640406
31/08/2021 7:00,294.54288,291.2926397
31/08/2021 8:00,295.75665,290.1647381
31/08/2021 9:00,296.8825,293.5966071
31/08/2021 10:00,297.77026,291.9201689
31/08/2021 11:00,298.34512,294.7550034
31/08/2021 12:00,298.37515,296.0362313
31/08/2021 13:00,298.19925,296.7901036
31/08/2021 14:00,298.03705,294.6171106
31/08/2021 15:00,297.6158,298.5719369
31/08/2021 16:00,297.15198,294.5884618
31/08/2021 17:00,296.5034,291.3237767
31/08/2021 18:00,295.78937,292.7797534
31/08/2021 19:00,295.5191,292.0385562
31/08/2021 20:00,294.99332,290.9865262
31/08/2021 21:00,294.59167,292.132415
31/08/2021 22:00,294.26163,288.8150033
31/08/2021 23:00,293.75354,288.5746952
01/09/2021 0:00,293.03247,286.5386777
01/09/2021 1:00,292.2616,289.4359125
01/09/2021 2:00,292.07318,287.9858086
01/09/2021 3:00,291.81424,286.6952208
01/09/2021 4:00,291.61374,283.8849224
01/09/2021 5:00,291.56256,290.1253516
01/09/2021 6:00,292.718,287.1828081
01/09/2021 7:00,294.34888,289.9823115
01/09/2021 8:00,296.17786,292.1852815
01/09/2021 9:00,297.5573,289.9451097
01/09/2021 10:00,298.33276,290.1070801
01/09/2021 11:00,298.69778,289.395823
01/09/2021 12:00,299.0147,294.3015896
01/09/2021 13:00,299.09332,292.2240944
01/09/2021 14:00,299.07376,298.5233044
01/09/2021 15:00,298.64398,291.4976498
01/09/2021 16:00,297.96756,291.3049744
01/09/2021 17:00,297.34207,290.9966075
01/09/2021 18:00,296.8207,291.489024
01/09/2021 19:00,296.36432,288.9539891
01/09/2021 20:00,295.50473,289.5283897
01/09/2021 21:00,294.51096,285.8646556
01/09/2021 22:00,293.68518,284.7186347
01/09/2021 23:00,293.09418,283.9045688
02/09/2021 0:00,292.56534,282.6972559
02/09/2021 1:00,292.10568,285.3700275
02/09/2021 2:00,291.66513,285.1236599
02/09/2021 3:00,291.2237,284.1498993
02/09/2021 4:00,290.89426,287.3950953
02/09/2021 5:00,290.83145,287.5903936
02/09/2021 6:00,291.76923,287.6684547
02/09/2021 7:00,293.21213,286.76696
02/09/2021 8:00,294.49054,290.5854984
02/09/2021 9:00,295.83066,292.109267
02/09/2021 10:00,296.94104,292.8952654
02/09/2021 11:00,297.75058,293.5021789
02/09/2021 12:00,298.19684,293.5797234
02/09/2021 13:00,298.5425,294.5813486
02/09/2021 14:00,298.5368,294.1161145
02/09/2021 15:00,297.9333,295.4311425
02/09/2021 16:00,297.10907,295.1499045
02/09/2021 17:00,296.5464,291.745425
02/09/2021 18:00,296.00043,294.564611
02/09/2021 19:00,296.01712,289.3495594
02/09/2021 20:00,295.51242,287.7477539
02/09/2021 21:00,295.01718,290.2816811
02/09/2021 22:00,294.23117,289.2069006
02/09/2021 23:00,293.3751,290.5767924
03/09/2021 0:00,292.77377,284.9740282
03/09/2021 1:00,292.27655,290.7562793
03/09/2021 2:00,291.72992,288.4705208
03/09/2021 3:00,291.27222,284.2182141
03/09/2021 4:00,290.82397,284.6459506
03/09/2021 5:00,290.60568,290.104132
03/09/2021 6:00,291.65942,286.8840807
03/09/2021 7:00,293.7592,288.9029019
03/09/2021 8:00,295.5803,288.4268875
03/09/2021 9:00,297.14352,293.2623187
03/09/2021 10:00,298.30334,294.5512677
03/09/2021 11:00,299.04303,297.0420302
03/09/2021 12:00,299.3494,293.3375858
03/09/2021 13:00,299.17084,292.9747109
03/09/2021 14:00,298.7092,296.3711387
03/09/2021 15:00,298.0176,297.1664059
03/09/2021 16:00,297.29068,292.0429046
03/09/2021 17:00,296.54816,295.7547075
03/09/2021 18:00,295.81616,292.5747868
03/09/2021 19:00,295.04706,292.9360545
03/09/2021 20:00,294.01724,289.5877589
03/09/2021 21:00,293.21783,284.6150867
03/09/2021 22:00,294.54126,288.8375579
03/09/2021 23:00,294.12662,290.7394553
04/09/2021 0:00,293.8029,287.0200508
04/09/2021 1:00,291.53116,287.5093322
04/09/2021 2:00,290.63312,287.601703
04/09/2021 3:00,290.17456,282.8219929
04/09/2021 4:00,289.9903,290.9099719
04/09/2021 5:00,290.08057,286.4843782
04/09/2021 6:00,292.67624,290.9331804
04/09/2021 7:00,294.7365,291.6375055
04/09/2021 8:00,296.475,295.9718338
04/09/2021 9:00,297.6871,295.9554896
04/09/2021 10:00,298.4562,295.8468094
04/09/2021 11:00,298.75577,295.1027907
04/09/2021 12:00,298.62598,298.225385
04/09/2021 13:00,298.4573,293.6426917
04/09/2021 14:00,298.34793,297.9650855
04/09/2021 15:00,298.13754,294.5109956
04/09/2021 16:00,297.65393,298.0646635
04/09/2021 17:00,296.88394,294.7574367
04/09/2021 18:00,296.10977,293.9128497
04/09/2021 19:00,295.6745,291.0697901
04/09/2021 20:00,295.17596,287.8296307
04/09/2021 21:00,294.8549,290.5810057
04/09/2021 22:00,294.3438,292.8078411
04/09/2021 23:00,293.4691,291.2463741
05/09/2021 0:00,293.1917,291.8858571
05/09/2021 1:00,293.4157,289.6588623
05/09/2021 2:00,292.95145,286.9441641
05/09/2021 3:00,292.248,287.4568262
05/09/2021 4:00,291.9067,289.0414084
05/09/2021 5:00,292.55215,284.8794518
05/09/2021 6:00,293.6004,292.1006093
05/09/2021 7:00,295.7797,292.6736605
05/09/2021 8:00,297.35678,295.9364364
05/09/2021 9:00,298.5739,292.152248
05/09/2021 10:00,299.40738,297.8985232
05/09/2021 11:00,299.73065,300.8372106
05/09/2021 12:00,299.82224,294.5105109
05/09/2021 13:00,299.8899,298.3302082
05/09/2021 14:00,299.80927,296.7545002
05/09/2021 15:00,299.61053,293.6846599
05/09/2021 16:00,299.06323,296.4897391
05/09/2021 17:00,298.29633,296.0212757
05/09/2021 18:00,297.46066,292.1582204
05/09/2021 19:00,297.93637,294.5884218
05/09/2021 20:00,297.56146,288.537435
05/09/2021 21:00,297.14728,288.0370078
05/09/2021 22:00,296.1669,290.4685304
05/09/2021 23:00,295.32904,289.7844389
06/09/2021 0:00,294.6816,287.9412821
06/09/2021 1:00,294.0952,289.9004301
06/09/2021 2:00,293.56747,288.7227674
06/09/2021 3:00,293.11746,288.5713969
06/09/2021 4:00,292.65582,285.9567328
06/09/2021 5:00,292.41974,287.01416
06/09/2021 6:00,293.50092,286.9027007
06/09/2021 7:00,295.89127,293.1919782
06/09/2021 8:00,298.22186,289.8327513
06/09/2021 9:00,299.9235,296.7823429
06/09/2021 10:00,300.96667,294.5907261
06/09/2021 11:00,301.6308,293.4542682
06/09/2021 12:00,301.89502,299.2058408
06/09/2021 13:00,301.528,297.388845
06/09/2021 14:00,301.0778,298.4508053
06/09/2021 15:00,300.64404,298.8007643
06/09/2021 16:00,299.80246,296.2322911
06/09/2021 17:00,298.5961,293.1730125
06/09/2021 18:00,297.7822,294.5381912
06/09/2021 19:00,296.87363,291.912811
06/09/2021 20:00,296.2339,292.0778976
06/09/2021 21:00,294.91617,286.0392782
06/09/2021 22:00,294.686,289.6760525
06/09/2021 23:00,294.06183,286.7268602
07/09/2021 0:00,293.67618,289.9139946
07/09/2021 1:00,293.23825,287.36526
07/09/2021 2:00,292.95804,286.1244475
07/09/2021 3:00,292.5884,286.1258002
07/09/2021 4:00,292.28467,283.0542475
07/09/2021 5:00,292.20538,287.5839806
07/09/2021 6:00,293.42407,291.5026425
07/09/2021 7:00,296.07837,291.9289215
07/09/2021 8:00,298.26797,296.5264663
07/09/2021 9:00,299.8464,294.6289219
07/09/2021 10:00,300.79602,295.4833434
07/09/2021 11:00,301.16476,297.5793214
07/09/2021 12:00,300.59332,298.5792403
07/09/2021 13:00,300.26807,297.2522436
07/09/2021 14:00,299.4109,298.7786385
07/09/2021 15:00,299.06476,297.9146013
07/09/2021 16:00,298.34375,294.4685455
07/09/2021 17:00,297.62933,295.5333176
07/09/2021 18:00,297.0344,294.7050026
07/09/2021 19:00,297.02054,292.648228
07/09/2021 20:00,296.70868,293.5179704
07/09/2021 21:00,296.27274,288.6554083
07/09/2021 22:00,295.93277,290.925492
07/09/2021 23:00,295.24185,287.2799917
08/09/2021 0:00,294.44748,286.5412456
08/09/2021 1:00,293.73285,286.5630478
08/09/2021 2:00,293.12164,285.2832432
08/09/2021 3:00,292.60004,285.3402074
08/09/2021 4:00,292.1338,285.3270032
08/09/2021 5:00,291.9008,286.8848092
08/09/2021 6:00,293.06564,287.1280627
08/09/2021 7:00,295.5926,287.5667444
08/09/2021 8:00,297.7574,294.2551904
08/09/2021 9:00,299.2238,292.419345
08/09/2021 10:00,300.31287,295.2421412
08/09/2021 11:00,300.54193,297.1164523
08/09/2021 12:00,300.38797,297.2906485
08/09/2021 13:00,299.97552,299.1773387
08/09/2021 14:00,299.40802,298.0483306
08/09/2021 15:00,298.6824,295.2459555
08/09/2021 16:00,297.80414,299.5337479
08/09/2021 17:00,296.91183,294.2879019
08/09/2021 18:00,296.2901,292.1616311
08/09/2021 19:00,296.1188,293.3883676
08/09/2021 20:00,295.50604,291.2182754
08/09/2021 21:00,294.74463,290.6136
08/09/2021 22:00,295.34354,293.4887466
08/09/2021 23:00,294.9423,287.8367895
09/09/2021 0:00,294.33966,287.0760744
09/09/2021 1:00,293.5308,287.1522269
09/09/2021 2:00,293.67554,288.1591708
09/09/2021 3:00,293.44208,282.9507521
09/09/2021 4:00,291.4031,281.5851783
09/09/2021 5:00,291.3625,283.9003704
09/09/2021 6:00,291.9135,284.2025867
09/09/2021 7:00,295.05606,289.2989644
09/09/2021 8:00,295.62463,292.868867
09/09/2021 9:00,295.84338,292.1821008
09/09/2021 10:00,296.52597,292.6835828
09/09/2021 11:00,297.0994,296.3632735
09/09/2021 12:00,297.62735,298.4744347
09/09/2021 13:00,297.60364,294.2434621
09/09/2021 14:00,297.1275,298.7305725
09/09/2021 15:00,296.71924,298.3620985
09/09/2021 16:00,296.37552,297.5610011
09/09/2021 17:00,295.8616,296.5044024
09/09/2021 18:00,295.5311,296.7050747
09/09/2021 19:00,295.69952,291.3451966
09/09/2021 20:00,294.8002,291.0674896
09/09/2021 21:00,295.40436,289.1415218
09/09/2021 22:00,294.8955,288.8861689
09/09/2021 23:00,294.47537,290.5282502
10/09/2021 0:00,294.36447,284.3170693
10/09/2021 1:00,294.06448,284.2388168
10/09/2021 2:00,293.77853,287.5097762
10/09/2021 3:00,293.251,286.3746648
10/09/2021 4:00,291.40445,283.5420913
10/09/2021 5:00,291.227,285.6017036
10/09/2021 6:00,293.09088,287.6865581
10/09/2021 7:00,294.8215,293.0098174
10/09/2021 8:00,296.2051,292.7145945
10/09/2021 9:00,297.43716,296.260257
10/09/2021 10:00,298.39865,300.6191411
10/09/2021 11:00,298.92575,298.110626
10/09/2021 12:00,299.05774,297.8799575
10/09/2021 13:00,299.05246,299.4663034
10/09/2021 14:00,298.84406,297.6212465
10/09/2021 15:00,298.29654,302.2769127
10/09/2021 16:00,297.60583,297.4364261
10/09/2021 17:00,296.79016,295.1374934
10/09/2021 18:00,296.09244,292.395192
10/09/2021 19:00,295.6275,294.7187658
10/09/2021 20:00,295.24603,292.6854377
10/09/2021 21:00,295.36813,289.091996
10/09/2021 22:00,294.99808,290.8958011
10/09/2021 23:00,294.5887,287.0697832
11/09/2021 0:00,294.16,289.5904428
11/09/2021 1:00,293.76028,289.4363925
11/09/2021 2:00,292.03912,291.4220804
11/09/2021 3:00,290.88327,287.7188666
11/09/2021 4:00,290.30853,286.3913241
11/09/2021 5:00,290.345,286.6278154
11/09/2021 6:00,292.5603,286.8515909
11/09/2021 7:00,295.57632,294.5343068
11/09/2021 8:00,296.9865,297.5295947
11/09/2021 9:00,298.17355,297.0568144
11/09/2021 10:00,299.09882,299.9156585
11/09/2021 11:00,299.6147,298.9162161
11/09/2021 12:00,299.6707,299.0391268
11/09/2021 13:00,299.40958,298.9288182
11/09/2021 14:00,298.96442,298.954486
11/09/2021 15:00,298.31323,296.4147322
11/09/2021 16:00,297.67984,298.7532022
11/09/2021 17:00,297.0201,296.4775373
11/09/2021 18:00,296.44406,295.9317453
11/09/2021 19:00,296.84464,295.2874342
11/09/2021 20:00,296.4359,294.1631009
11/09/2021 21:00,296.1893,292.1405824
11/09/2021 22:00,295.72876,292.832512
11/09/2021 23:00,295.1171,293.0194711
12/09/2021 0:00,294.51007,289.0152233
12/09/2021 1:00,294.10684,290.6973659
12/09/2021 2:00,293.81717,290.4673512
12/09/2021 3:00,293.51147,288.355535
12/09/2021 4:00,293.23343,288.1276051
12/09/2021 5:00,293.01865,289.1641543
12/09/2021 6:00,293.8633,287.4870777
12/09/2021 7:00,295.6455,292.8034146
12/09/2021 8:00,297.76352,293.390176
12/09/2021 9:00,299.42166,298.9793953
12/09/2021 10:00,300.44815,303.0260442
12/09/2021 11:00,300.73914,298.4089867
12/09/2021 12:00,300.83752,301.291149
12/09/2021 13:00,300.54413,299.2425031
12/09/2021 14:00,299.76315,302.2840337
12/09/2021 15:00,299.21588,297.8498663
12/09/2021 16:00,298.47684,299.9389215
12/09/2021 17:00,297.60782,295.4093946
12/09/2021 18:00,296.88373,294.6967024
12/09/2021 19:00,297.1912,293.1814001
12/09/2021 20:00,296.98584,296.0707721
12/09/2021 21:00,296.6114,292.0667299
12/09/2021 22:00,295.82407,293.4450366
12/09/2021 23:00,294.87903,290.936426
13/09/2021 0:00,294.0926,290.7959115
13/09/2021 1:00,293.5354,290.8431667
13/09/2021 2:00,293.17084,288.9541012
13/09/2021 3:00,292.8311,290.3779016
13/09/2021 4:00,292.41315,292.3288939
13/09/2021 5:00,292.1151,287.9298818
13/09/2021 6:00,293.3742,292.428463
13/09/2021 7:00,295.79068,295.5285233
13/09/2021 8:00,298.2647,293.9638249
13/09/2021 9:00,300.02692,295.1597381
13/09/2021 10:00,300.95065,299.7965806
13/09/2021 11:00,301.12985,299.0120516
13/09/2021 12:00,301.02905,303.6789207
13/09/2021 13:00,300.53796,300.3605234
13/09/2021 14:00,299.87582,298.8215461
13/09/2021 15:00,299.3404,297.6931919
13/09/2021 16:00,298.7371,300.6295313
13/09/2021 17:00,297.9572,296.7485084
13/09/2021 18:00,297.29794,297.0883561
13/09/2021 19:00,297.2988,297.9310199
13/09/2021 20:00,297.0168,294.6021714
13/09/2021 21:00,296.61557,294.8722763
13/09/2021 22:00,295.95517,294.2450911
13/09/2021 23:00,295.22778,294.836771
14/09/2021 0:00,294.60672,294.1527012
14/09/2021 1:00,294.084,291.9379981
14/09/2021 2:00,293.73593,291.7411471
14/09/2021 3:00,293.34872,290.8211923
14/09/2021 4:00,292.99405,288.840468
14/09/2021 5:00,292.70413,291.6658415
14/09/2021 6:00,293.82993,295.0465104
14/09/2021 7:00,296.08914,292.5514285
14/09/2021 8:00,298.29434,295.3692723
14/09/2021 9:00,299.68036,296.9598582
14/09/2021 10:00,300.42093,301.0192704
14/09/2021 11:00,300.64404,301.2988617
14/09/2021 12:00,300.53467,300.7252956
14/09/2021 13:00,300.25116,299.6261162
14/09/2021 14:00,299.9707,301.4125088
14/09/2021 15:00,299.3729,298.1384157
14/09/2021 16:00,298.62598,300.0713522
14/09/2021 17:00,297.91156,299.7194558
14/09/2021 18:00,297.4532,294.2581215
14/09/2021 19:00,296.9639,292.2892101
14/09/2021 20:00,295.77487,296.7292523
14/09/2021 21:00,295.17398,292.1322266
14/09/2021 22:00,295.62573,294.5433474
14/09/2021 23:00,295.80188,291.6964741
15/09/2021 0:00,294.55707,291.1254902
15/09/2021 1:00,292.8199,291.5121825
15/09/2021 2:00,292.42017,288.392202
15/09/2021 3:00,291.85904,289.4908824
15/09/2021 4:00,291.63242,288.0958963
15/09/2021 5:00,292.0266,286.0972841
15/09/2021 6:00,293.18774,291.1124607
15/09/2021 7:00,296.26065,294.0314086
15/09/2021 8:00,298.18036,297.1784009
15/09/2021 9:00,299.50247,297.5236843
15/09/2021 10:00,300.39304,303.9616357
15/09/2021 11:00,300.8562,303.6657877
15/09/2021 12:00,300.93747,304.4358767
15/09/2021 13:00,300.43497,302.5516357
15/09/2021 14:00,299.69244,300.1108804
15/09/2021 15:00,298.95035,306.3113284
15/09/2021 16:00,298.16367,301.4922019
15/09/2021 17:00,297.39236,298.1749804
15/09/2021 18:00,296.93182,298.3497228
15/09/2021 19:00,296.14075,298.3725394
15/09/2021 20:00,296.11835,295.3382053
15/09/2021 21:00,295.55524,297.1193709
15/09/2021 22:00,295.86887,296.5108249
15/09/2021 23:00,295.47375,292.6374534
16/09/2021 0:00,295.44083,293.2434426
16/09/2021 1:00,293.72076,296.2284285
16/09/2021 2:00,293.89337,289.7253927
16/09/2021 3:00,293.69244,293.8776561
16/09/2021 4:00,294.086,291.4915746
16/09/2021 5:00,294.23688,293.064337
16/09/2021 6:00,294.59857,294.1279243
16/09/2021 7:00,296.89185,296.3631962
16/09/2021 8:00,298.6363,297.7993363
16/09/2021 9:00,299.65994,298.16109
16/09/2021 10:00,300.27225,305.2431625
16/09/2021 11:00,300.2764,304.9804851
16/09/2021 12:00,299.40936,299.3400132
16/09/2021 13:00,298.53262,303.9299572
16/09/2021 14:00,298.66837,299.9785688
16/09/2021 15:00,298.77225,299.9695078
16/09/2021 16:00,298.64178,298.5978287
16/09/2021 17:00,298.0923,296.0675062
16/09/2021 18:00,297.52567,297.4482079
16/09/2021 19:00,297.28476,295.1748686
16/09/2021 20:00,297.06732,293.5116012
16/09/2021 21:00,296.82706,291.6725137
16/09/2021 22:00,296.57034,291.9635489
16/09/2021 23:00,296.36893,290.5070503
17/09/2021 0:00,296.17984,293.1352568
17/09/2021 1:00,296.07993,290.6147486
17/09/2021 2:00,296.01028,292.1207601
17/09/2021 3:00,295.8223,295.0982508
17/09/2021 4:00,295.6319,294.8045367
17/09/2021 5:00,295.5761,292.5641685
17/09/2021 6:00,296.168,292.6510546
17/09/2021 7:00,296.79062,296.5700773
17/09/2021 8:00,297.9247,294.0126021
17/09/2021 9:00,298.83768,291.8915435
17/09/2021 10:00,298.87964,289.4457478
17/09/2021 11:00,298.96243,292.324245
17/09/2021 12:00,298.5794,293.2938297
17/09/2021 13:00,298.5144,290.4445885
17/09/2021 14:00,298.33914,291.7838249
17/09/2021 15:00,297.8011,290.6364274
17/09/2021 16:00,296.98233,290.7264425
17/09/2021 17:00,296.17963,286.0557358
17/09/2021 18:00,295.54428,289.528858
17/09/2021 19:00,296.66916,291.1881605
17/09/2021 20:00,296.13834,288.3538605
17/09/2021 21:00,295.2133,289.1604043
17/09/2021 22:00,294.7376,287.1034075
17/09/2021 23:00,294.77844,288.726784
18/09/2021 0:00,294.39896,287.3043713
18/09/2021 1:00,294.1699,285.7621663
18/09/2021 2:00,293.84396,289.2967789
18/09/2021 3:00,293.06104,287.4946143
18/09/2021 4:00,292.30267,284.4893905
18/09/2021 5:00,292.1575,286.7107742
18/09/2021 6:00,292.51044,287.7879063
18/09/2021 7:00,294.15253,289.4921847
18/09/2021 8:00,294.93042,286.8814958
18/09/2021 9:00,295.8034,293.7248666
18/09/2021 10:00,296.45392,292.0804243
18/09/2021 11:00,296.9439,293.2028954
18/09/2021 12:00,297.3302,299.1850801
18/09/2021 13:00,297.44046,295.2447453
18/09/2021 14:00,297.2261,293.9375376
18/09/2021 15:00,296.5453,290.5166025
18/09/2021 16:00,296.092,296.3106113
18/09/2021 17:00,295.66153,290.1524528
18/09/2021 18:00,295.17334,289.0068959
18/09/2021 19:00,295.06836,289.5485497
18/09/2021 20:00,294.4007,291.3718309
18/09/2021 21:00,293.9024,289.236901
18/09/2021 22:00,295.01212,287.2722684
18/09/2021 23:00,294.76,287.6864684
19/09/2021 0:00,294.46924,285.3409654
19/09/2021 1:00,294.1499,286.3165853
19/09/2021 2:00,292.70743,287.5800727
19/09/2021 3:00,292.20978,288.9073666
19/09/2021 4:00,292.55832,288.5983012
19/09/2021 5:00,292.55545,287.5731899
19/09/2021 6:00,293.01425,286.7817631
19/09/2021 7:00,293.79938,290.4719146
19/09/2021 8:00,294.85333,290.874656
19/09/2021 9:00,295.67407,290.643052
19/09/2021 10:00,296.5084,293.0294642
19/09/2021 11:00,297.07172,294.4410554
19/09/2021 12:00,297.1029,296.474303
19/09/2021 13:00,297.03503,294.9123675
19/09/2021 14:00,296.99945,293.1211323
19/09/2021 15:00,296.85342,295.1931165
19/09/2021 16:00,296.39178,294.4742145
19/09/2021 17:00,295.84735,293.5604618
19/09/2021 18:00,295.40326,293.7496519
19/09/2021 19:00,295.93518,294.1949688
19/09/2021 20:00,295.58884,290.5484757
19/09/2021 21:00,295.34485,289.1604054
19/09/2021 22:00,295.18784,287.1246873
19/09/2021 23:00,295.12524,289.3658578
20/09/2021 0:00,294.89923,289.9240757
20/09/2021 1:00,294.49426,285.9310296
20/09/2021 2:00,294.50854,285.4094607
20/09/2021 3:00,294.54962,287.922109
20/09/2021 4:00,293.87866,285.8442652
20/09/2021 5:00,293.5622,285.4915184
20/09/2021 6:00,293.46512,282.4808832
20/09/2021 7:00,293.9786,285.2851423
20/09/2021 8:00,295.10394,282.308083
20/09/2021 9:00,296.40408,281.9889442
20/09/2021 10:00,296.91162,284.0757005
20/09/2021 11:00,296.85123,284.3283779
20/09/2021 12:00,296.64587,285.4912105
20/09/2021 13:00,296.4278,284.0148576
20/09/2021 14:00,296.20093,288.8377589
20/09/2021 15:00,295.93518,289.2929932
20/09/2021 16:00,295.56448,283.7120471
20/09/2021 17:00,295.089,288.7734626
20/09/2021 18:00,294.7163,285.4486117
20/09/2021 19:00,294.27902,286.7506516
20/09/2021 20:00,293.82837,284.6884775
20/09/2021 21:00,294.36557,284.5884766
20/09/2021 22:00,294.74792,283.4685517
20/09/2021 23:00,293.87033,285.1006893
21/09/2021 0:00,292.1048,280.1448313
21/09/2021 1:00,292.0005,283.5841966
21/09/2021 2:00,291.9065,284.311731
21/09/2021 3:00,291.8002,283.6159036
21/09/2021 4:00,291.44067,286.7203406
21/09/2021 5:00,291.31747,281.6982995
21/09/2021 6:00,291.69235,285.2969661
21/09/2021 7:00,292.72852,284.3315891
21/09/2021 8:00,293.93555,288.2724958
21/09/2021 9:00,294.80875,287.846372
21/09/2021 10:00,295.7698,288.5783705
21/09/2021 11:00,296.65094,292.0866482
21/09/2021 12:00,297.07852,289.0432476
21/09/2021 13:00,297.2318,287.2233418
21/09/2021 14:00,297.0871,288.9862268
21/09/2021 15:00,296.65817,290.7481035
21/09/2021 16:00,296.04523,291.6486688
21/09/2021 17:00,295.25546,287.9156046
21/09/2021 18:00,294.6111,289.0567498
21/09/2021 19:00,293.72583,282.3179095
21/09/2021 20:00,292.79376,282.7057273
21/09/2021 21:00,291.9124,282.8575292
21/09/2021 22:00,291.10464,282.984277
21/09/2021 23:00,290.40823,283.5328475
22/09/2021 0:00,289.8682,284.4568069
22/09/2021 1:00,289.38745,282.1292679
22/09/2021 2:00,288.9291,282.8535759
22/09/2021 3:00,288.47165,282.4437369
22/09/2021 4:00,288.04074,281.1191754
22/09/2021 5:00,287.66168,282.9275116
22/09/2021 6:00,288.01483,283.9404343
22/09/2021 7:00,289.18826,285.440742
22/09/2021 8:00,290.39462,287.481973
22/09/2021 9:00,291.69476,288.2024205
22/09/2021 10:00,292.7228,286.8434561
22/09/2021 11:00,293.60965,289.5177087
22/09/2021 12:00,294.12003,285.4330719
22/09/2021 13:00,294.41675,286.5182481
22/09/2021 14:00,294.40775,293.0025354
22/09/2021 15:00,294.13693,286.5990653
22/09/2021 16:00,293.6092,285.7852855
22/09/2021 17:00,292.7404,288.8685962
22/09/2021 18:00,291.8729,283.5056523
22/09/2021 19:00,291.1956,285.8379388
22/09/2021 20:00,290.67596,289.9466892
22/09/2021 21:00,290.27536,283.3203587
22/09/2021 22:00,289.8155,282.134513
22/09/2021 23:00,289.41797,282.3698334
23/09/2021 0:00,289.11227,286.1313282
23/09/2021 1:00,288.87222,285.8181987
23/09/2021 2:00,288.65128,281.9664549
23/09/2021 3:00,288.4589,283.251522
23/09/2021 4:00,288.3289,284.1496832
23/09/2021 5:00,288.19403,284.2494399
23/09/2021 6:00,288.53424,282.0359949
23/09/2021 7:00,289.8449,280.9120477
23/09/2021 8:00,290.6452,285.1286899
23/09/2021 9:00,291.50217,287.0559026
23/09/2021 10:00,292.37735,288.8257536
23/09/2021 11:00,293.15436,289.1856796
23/09/2021 12:00,293.80356,291.8120879
23/09/2021 13:00,294.1721,292.4288305
23/09/2021 14:00,294.14352,289.9995993
23/09/2021 15:00,293.6136,292.2652707
23/09/2021 16:00,292.92157,290.1647489
23/09/2021 17:00,292.21616,288.2031781
23/09/2021 18:00,291.78064,288.4670559
23/09/2021 19:00,291.53336,286.2080774
23/09/2021 20:00,291.34076,288.8059348
23/09/2021 21:00,291.18744,281.8510202
23/09/2021 22:00,290.87625,282.9447317
23/09/2021 23:00,290.32874,283.204529
24/09/2021 0:00,289.38876,283.9703285
24/09/2021 1:00,288.3315,285.1839299
24/09/2021 2:00,288.23203,282.8366925
24/09/2021 3:00,287.77567,280.6500124
24/09/2021 4:00,287.51562,285.2770622
24/09/2021 5:00,287.5027,285.4106718
24/09/2021 6:00,288.42377,281.9628409
24/09/2021 7:00,290.96344,287.7264677
24/09/2021 8:00,292.1428,287.2193983
24/09/2021 9:00,293.12473,290.7566743
24/09/2021 10:00,293.91205,291.9164942
24/09/2021 11:00,294.404,296.2340848
24/09/2021 12:00,294.6783,295.8826036
24/09/2021 13:00,294.7172,293.895876
24/09/2021 14:00,294.51797,297.7834171
24/09/2021 15:00,294.1499,293.2347947
24/09/2021 16:00,293.59888,295.079692
24/09/2021 17:00,292.94684,291.3931311
24/09/2021 18:00,292.1125,290.8384432
24/09/2021 19:00,292.40656,291.2702306
24/09/2021 20:00,292.21088,290.6173727
24/09/2021 21:00,291.96643,292.5617501
24/09/2021 22:00,291.5362,289.5454697
24/09/2021 23:00,290.00217,289.7524503
25/09/2021 0:00,289.19968,287.9093863
25/09/2021 1:00,288.53467,287.278782
25/09/2021 2:00,287.90326,286.9955077
25/09/2021 3:00,287.94388,285.8517
25/09/2021 4:00,288.4165,282.5186229
25/09/2021 5:00,288.3122,285.8472408
25/09/2021 6:00,289.25436,287.2776966
25/09/2021 7:00,291.52896,288.4298721
25/09/2021 8:00,293.15283,289.665113
25/09/2021 9:00,294.386,296.1329255
25/09/2021 10:00,295.37802,295.6260958
25/09/2021 11:00,296.16006,295.3681312
25/09/2021 12:00,296.53168,294.4772666
25/09/2021 13:00,296.57956,295.4546987
25/09/2021 14:00,296.3239,299.260248
25/09/2021 15:00,295.82736,296.7863999
25/09/2021 16:00,295.0701,294.394378
25/09/2021 17:00,294.301,294.4864284
25/09/2021 18:00,293.74097,290.1256132
25/09/2021 19:00,293.47522,292.4515964
25/09/2021 20:00,292.77682,291.3034409
25/09/2021 21:00,291.62888,286.698631
25/09/2021 22:00,291.09674,285.6955103
25/09/2021 23:00,290.71286,281.6390636
26/09/2021 0:00,290.0039,283.4601641
26/09/2021 1:00,289.42654,283.5821911
26/09/2021 2:00,289.2704,286.0213029
26/09/2021 3:00,288.96338,285.2683752
26/09/2021 4:00,288.9043,283.4162895
26/09/2021 5:00,288.8327,285.2772138
26/09/2021 6:00,290.2466,288.7967734
26/09/2021 7:00,293.23386,292.2993148
26/09/2021 8:00,295.17178,290.8945053
26/09/2021 9:00,296.4939,296.0270323
26/09/2021 10:00,297.32715,295.2823001
26/09/2021 11:00,297.68973,300.3086684
26/09/2021 12:00,297.677,300.7431799
26/09/2021 13:00,297.46857,298.0052017
26/09/2021 14:00,297.26587,298.1257998
26/09/2021 15:00,296.8442,298.115001
26/09/2021 16:00,296.16995,293.7869317
26/09/2021 17:00,295.41733,296.5319835
26/09/2021 18:00,294.9067,293.6880009
26/09/2021 19:00,294.58365,294.5172308
26/09/2021 20:00,294.28915,289.7557236
26/09/2021 21:00,294.15408,290.0620568
26/09/2021 22:00,293.33798,287.8447477
26/09/2021 23:00,293.06366,288.3237042
27/09/2021 0:00,292.78342,287.936132
27/09/2021 1:00,292.43225,291.7153333
27/09/2021 2:00,292.21725,288.9907152
27/09/2021 3:00,291.91394,290.3534118
27/09/2021 4:00,291.70532,289.527945
27/09/2021 5:00,291.35852,287.9353292
27/09/2021 6:00,292.1474,290.3334367
27/09/2021 7:00,293.83365,293.7196284
27/09/2021 8:00,295.64594,292.1017071
27/09/2021 9:00,297.1969,297.3080752
27/09/2021 10:00,298.15643,295.0543954
27/09/2021 11:00,298.4527,296.1374035
27/09/2021 12:00,298.11798,298.4216625
27/09/2021 13:00,297.8448,296.0373408
27/09/2021 14:00,297.56763,296.9962954
27/09/2021 15:00,297.0792,295.1659238
27/09/2021 16:00,296.06302,294.3756282
27/09/2021 17:00,295.1428,288.5228181
27/09/2021 18:00,294.53708,288.4192748
27/09/2021 19:00,295.36417,291.8766014
27/09/2021 20:00,294.44528,291.943297
27/09/2021 21:00,294.65436,287.6409361
27/09/2021 22:00,294.3972,288.0380497
27/09/2021 23:00,294.53357,288.5386267
28/09/2021 0:00,293.60986,288.6837112
28/09/2021 1:00,292.49725,283.3626928
28/09/2021 2:00,292.52582,285.0585786
28/09/2021 3:00,292.5704,286.1698016
28/09/2021 4:00,292.41425,288.1869739
28/09/2021 5:00,292.26996,291.6093641
28/09/2021 6:00,292.725,287.8192298
28/09/2021 7:00,294.47144,286.955955
28/09/2021 8:00,296.3784,291.3128258
28/09/2021 9:00,297.82413,293.7412175
28/09/2021 10:00,299.01053,292.3646051
28/09/2021 11:00,299.8688,291.5828388
28/09/2021 12:00,300.10138,295.8177392
28/09/2021 13:00,299.9942,295.5750735
28/09/2021 14:00,299.76556,292.8620065
28/09/2021 15:00,299.253,295.3475005
28/09/2021 16:00,298.25064,295.6102464
28/09/2021 17:00,297.2382,294.8856048
28/09/2021 18:00,296.65775,291.5392231
28/09/2021 19:00,296.38477,289.252209
28/09/2021 20:00,295.7494,291.562961
28/09/2021 21:00,295.14984,286.7515051
28/09/2021 22:00,294.57486,289.2897982
28/09/2021 23:00,294.01724,286.0488227
29/09/2021 0:00,293.4781,290.9804629
29/09/2021 1:00,292.98438,288.7066092
29/09/2021 2:00,292.4955,291.0922352
29/09/2021 3:00,292.03827,289.3525576
29/09/2021 4:00,291.62033,286.0210441
29/09/2021 5:00,291.2395,289.6220942
29/09/2021 6:00,291.66382,290.5561303
29/09/2021 7:00,293.57297,291.4612585
29/09/2021 8:00,295.4865,290.0321515
29/09/2021 9:00,297.066,292.2098452
29/09/2021 10:00,298.14743,294.1663333
29/09/2021 11:00,298.7382,293.137714
29/09/2021 12:00,298.783,297.7610552
29/09/2021 13:00,298.36374,295.1320795
29/09/2021 14:00,297.71368,289.5263272
29/09/2021 15:00,296.99133,293.8548866
29/09/2021 16:00,296.38693,291.9407706
29/09/2021 17:00,295.7553,291.4321054
29/09/2021 18:00,294.82742,290.3377306
29/09/2021 19:00,293.89667,291.0949874
29/09/2021 20:00,293.88593,291.1891958
29/09/2021 21:00,293.64346,289.3938694
29/09/2021 22:00,293.4289,287.8726026
29/09/2021 23:00,293.92545,288.1094265
30/09/2021 0:00,293.50443,288.3140593
30/09/2021 1:00,292.97363,286.8185167
30/09/2021 2:00,291.57858,289.2272784
30/09/2021 3:00,290.3975,288.8691751
30/09/2021 4:00,289.6668,290.7460832
30/09/2021 5:00,289.49176,290.1314459
30/09/2021 6:00,290.82288,286.790347
30/09/2021 7:00,293.76425,289.1497596
30/09/2021 8:00,295.4204,286.0341377
30/09/2021 9:00,296.9292,288.9286795
30/09/2021 10:00,297.7319,286.8698398
30/09/2021 11:00,298.29544,286.0012655
30/09/2021 12:00,298.3765,288.7338405
30/09/2021 13:00,298.24976,283.6799833
30/09/2021 14:00,297.7205,285.7166684
30/09/2021 15:00,296.8934,288.5662719
30/09/2021 16:00,296.53345,288.5605141
30/09/2021 17:00,295.64,286.9258792
30/09/2021 18:00,294.82654,284.1094306
30/09/2021 19:00,293.82617,283.961602
30/09/2021 20:00,292.799,286.8399966
30/09/2021 21:00,292.0064,286.6858326
30/09/2021 22:00,291.34647,284.616564
30/09/2021 23:00,290.81805,286.91462
01/10/2021 0:00,290.37454,286.0226997
01/10/2021 1:00,290.01395,283.7245362
01/10/2021 2:00,289.73096,284.1965089
01/10/2021 3:00,289.47845,281.8340126
01/10/2021 4:00,289.27826,283.1486333
01/10/2021 5:00,289.09967,285.1060286
01/10/2021 6:00,289.6084,285.4713599
01/10/2021 7:00,291.80762,287.6119466
01/10/2021 8:00,293.41437,286.4967787
01/10/2021 9:00,294.92285,291.4378471
01/10/2021 10:00,296.18253,289.965055
01/10/2021 11:00,296.98477,293.3167135
01/10/2021 12:00,297.35815,290.8078543
01/10/2021 13:00,297.34857,292.2391357
01/10/2021 14:00,296.80792,293.5595244
01/10/2021 15:00,295.89438,290.439766
01/10/2021 16:00,295.02628,290.6580905
01/10/2021 17:00,294.16357,291.7861326
01/10/2021 18:00,293.69342,288.6835194
01/10/2021 19:00,293.7875,285.1221562
01/10/2021 20:00,293.37753,290.3935375
01/10/2021 21:00,292.61874,285.2637281
01/10/2021 22:00,291.46103,285.970542
01/10/2021 23:00,291.71304,287.2268718
02/10/2021 0:00,292.24414,283.7507233
02/10/2021 1:00,291.7138,282.7055145
02/10/2021 2:00,291.2682,284.6253837
02/10/2021 3:00,289.91446,280.3872894
02/10/2021 4:00,288.85797,282.5784167
02/10/2021 5:00,288.31412,283.1040136
02/10/2021 6:00,289.2161,282.6162654
02/10/2021 7:00,292.20065,282.3105146
02/10/2021 8:00,293.46054,289.6566659
02/10/2021 9:00,294.3731,288.6643102
02/10/2021 10:00,294.97812,292.364945
02/10/2021 11:00,295.16925,290.5237357
02/10/2021 12:00,295.33603,290.1082087
02/10/2021 13:00,295.3682,292.5620961
02/10/2021 14:00,295.42273,291.8129779
02/10/2021 15:00,295.13632,289.7923434
02/10/2021 16:00,294.53818,293.5496971
02/10/2021 17:00,293.84818,288.3382204
02/10/2021 18:00,293.2461,284.9472272
02/10/2021 19:00,292.57724,289.4538947
02/10/2021 20:00,293.1142,284.935621
02/10/2021 21:00,292.70914,283.6031826
02/10/2021 22:00,291.27017,280.587777
02/10/2021 23:00,290.0395,286.1744011
03/10/2021 0:00,289.56564,280.312972
03/10/2021 1:00,289.4927,282.4480778
03/10/2021 2:00,289.51062,283.8091711
03/10/2021 3:00,289.51825,282.7584476
03/10/2021 4:00,289.588,281.7339836
03/10/2021 5:00,289.56198,278.7458131
03/10/2021 6:00,290.1616,281.7755084
03/10/2021 7:00,291.5681,286.1727056
03/10/2021 8:00,293.53253,287.155766
03/10/2021 9:00,294.9037,291.593263
03/10/2021 10:00,295.86295,294.7345346
03/10/2021 11:00,296.52124,296.8426926
03/10/2021 12:00,296.73325,293.9674516
03/10/2021 13:00,296.63644,300.5451967
03/10/2021 14:00,296.21274,297.9931058
03/10/2021 15:00,295.62244,295.8901574
03/10/2021 16:00,294.88626,296.1231274
03/10/2021 17:00,294.1125,296.5724688
03/10/2021 18:00,293.5323,288.6609918
03/10/2021 19:00,293.21024,290.0032588
03/10/2021 20:00,292.57233,284.8062338
03/10/2021 21:00,291.9393,288.2840065
03/10/2021 22:00,291.40897,287.4056748
03/10/2021 23:00,290.99405,285.6947372
04/10/2021 0:00,290.688,283.8640529
04/10/2021 1:00,290.3942,280.9365717
04/10/2021 2:00,290.12842,284.9471423
04/10/2021 3:00,289.92355,286.7748362
04/10/2021 4:00,289.7526,282.9667422
04/10/2021 5:00,289.64548,284.3115064
04/10/2021 6:00,290.23578,282.0342638
04/10/2021 7:00,292.39224,290.0887532
04/10/2021 8:00,294.50037,291.7234464
04/10/2021 9:00,295.82462,293.5130081
04/10/2021 10:00,296.64136,295.1843845
04/10/2021 11:00,297.10046,296.8854194
04/10/2021 12:00,297.1619,298.8600191
04/10/2021 13:00,296.8649,296.1118303
04/10/2021 14:00,296.44977,297.6743903
04/10/2021 15:00,295.93637,297.6404876
04/10/2021 16:00,295.24982,294.3571554
04/10/2021 17:00,294.42545,297.3233607
04/10/2021 18:00,293.8477,290.9489755
04/10/2021 19:00,293.32275,290.0092895
04/10/2021 20:00,292.76907,288.3878334
04/10/2021 21:00,292.2331,292.4534422
04/10/2021 22:00,291.76315,289.4903068
04/10/2021 23:00,291.50082,286.1346092
05/10/2021 0:00,291.21613,288.864531
05/10/2021 1:00,290.98398,286.4302802
05/10/2021 2:00,290.9292,285.8535248
05/10/2021 3:00,290.8781,284.280653
05/10/2021 4:00,290.73663,283.2558166
05/10/2021 5:00,290.6799,285.2162048
05/10/2021 6:00,291.433,285.2911102
05/10/2021 7:00,292.71848,292.8887112
05/10/2021 8:00,293.957,290.0439083
05/10/2021 9:00,295.00418,297.2974183
05/10/2021 10:00,295.67648,295.970259
05/10/2021 11:00,296.043,297.2058072
05/10/2021 12:00,296.32892,298.346225
05/10/2021 13:00,296.05624,295.8189275
05/10/2021 14:00,295.71628,298.4156009
05/10/2021 15:00,295.02774,291.1022497
05/10/2021 16:00,294.26773,293.4631386
05/10/2021 17:00,293.689,291.8408685
05/10/2021 18:00,293.29965,290.5139768
05/10/2021 19:00,293.51434,292.4785052
05/10/2021 20:00,292.60547,292.7215062
05/10/2021 21:00,292.06433,292.7635215
05/10/2021 22:00,291.74548,291.3534262
05/10/2021 23:00,291.34903,289.2476541
06/10/2021 0:00,291.21982,290.5857642
06/10/2021 1:00,291.01346,289.5639571
06/10/2021 2:00,290.5826,290.4151597
06/10/2021 3:00,290.54282,289.4578926
06/10/2021 4:00,290.61652,287.7300956
06/10/2021 5:00,290.5453,285.6570059
06/10/2021 6:00,290.71918,286.1223835
06/10/2021 7:00,292.29425,286.7363739
06/10/2021 8:00,292.60254,287.9302723
06/10/2021 9:00,293.19034,290.0306295
06/10/2021 10:00,293.0329,292.3186345
06/10/2021 11:00,293.0044,291.7267343
06/10/2021 12:00,292.36966,292.2018415
06/10/2021 13:00,292.7794,292.1604087
06/10/2021 14:00,292.56003,290.6113981
06/10/2021 15:00,292.2473,289.0090087
06/10/2021 16:00,291.8177,286.6037377
06/10/2021 17:00,291.40134,287.5392099
06/10/2021 18:00,291.01224,288.5486932
06/10/2021 19:00,290.86044,284.7957322
06/10/2021 20:00,290.66956,285.2973125
06/10/2021 21:00,290.73984,286.3040555
06/10/2021 22:00,290.46985,286.0808739
06/10/2021 23:00,290.25443,282.9093892
07/10/2021 0:00,290.24167,286.3229404
07/10/2021 1:00,290.14243,286.3688464
07/10/2021 2:00,290.10706,282.2913165
07/10/2021 3:00,290.0911,282.7777096
07/10/2021 4:00,290.00095,286.279836
07/10/2021 5:00,289.8695,283.847435
07/10/2021 6:00,289.82358,280.2135941
07/10/2021 7:00,290.25345,281.7148453
07/10/2021 8:00,290.82654,283.8407289
07/10/2021 9:00,290.6708,282.5007193
07/10/2021 10:00,290.84717,284.1018328
07/10/2021 11:00,290.88647,285.5530733
07/10/2021 12:00,291.0422,288.5578019
07/10/2021 13:00,291.03485,285.6776843
07/10/2021 14:00,291.06628,288.0151617
07/10/2021 15:00,290.67252,288.5764493
07/10/2021 16:00,290.55878,288.5257597
07/10/2021 17:00,290.04834,286.2958394
07/10/2021 18:00,290.10287,281.9681318
07/10/2021 19:00,290.05472,285.4895641
07/10/2021 20:00,289.85257,286.4402098
07/10/2021 21:00,289.57376,284.3577059
07/10/2021 22:00,289.4539,287.5163764
07/10/2021 23:00,289.462,285.7363046
08/10/2021 0:00,289.16525,285.0917552
08/10/2021 1:00,288.96014,285.9646758
08/10/2021 2:00,288.8393,284.5081315
08/10/2021 3:00,288.63983,279.3429314
08/10/2021 4:00,288.51456,282.7430884
08/10/2021 5:00,288.36078,285.2275132
08/10/2021 6:00,288.22714,281.4799754
08/10/2021 7:00,289.68503,283.0279863
08/10/2021 8:00,290.35883,281.8910555
08/10/2021 9:00,291.12277,287.1867626
08/10/2021 10:00,291.99258,287.2489491
08/10/2021 11:00,292.94003,283.1595527
08/10/2021 12:00,293.34927,285.566454
08/10/2021 13:00,293.2004,284.0227431
08/10/2021 14:00,292.6907,286.2986267
08/10/2021 15:00,292.2063,285.8647675
08/10/2021 16:00,291.39862,286.0742574
08/10/2021 17:00,290.4355,284.8542052
08/10/2021 18:00,289.55313,289.293786
08/10/2021 19:00,289.03238,282.3317353
08/10/2021 20:00,288.54623,281.074029
08/10/2021 21:00,288.21756,283.3049849
08/10/2021 22:00,288.0665,281.0536408
08/10/2021 23:00,287.88474,281.0774795
09/10/2021 0:00,287.63736,281.6712165
09/10/2021 1:00,287.4735,281.6296847
09/10/2021 2:00,287.21634,281.2373129
09/10/2021 3:00,286.98593,283.6897986
09/10/2021 4:00,286.83682,281.7380844
09/10/2021 5:00,286.57938,282.0757616
09/10/2021 6:00,286.4703,283.9159032
09/10/2021 7:00,287.01956,281.1272375
09/10/2021 8:00,287.54843,282.839971
09/10/2021 9:00,287.92133,284.483784
09/10/2021 10:00,288.36447,280.6584572
09/10/2021 11:00,287.98373,280.1032227
09/10/2021 12:00,287.36273,285.4843883
09/10/2021 13:00,286.756,286.1114253
09/10/2021 14:00,286.4052,288.5713907
09/10/2021 15:00,286.02817,284.7026184
09/10/2021 16:00,285.70245,285.294458
09/10/2021 17:00,285.34726,282.9113961
09/10/2021 18:00,285.036,283.3704083
09/10/2021 19:00,285.1156,284.8743609
09/10/2021 20:00,284.93628,277.9124727
09/10/2021 21:00,284.79626,282.2156689
09/10/2021 22:00,284.57864,285.1204664
09/10/2021 23:00,284.39194,281.7620107
10/10/2021 0:00,284.15393,284.092547
10/10/2021 1:00,284.2647,279.9640784
10/10/2021 2:00,283.94266,280.9354857
10/10/2021 3:00,283.5376,281.0107663
10/10/2021 4:00,283.3104,276.9694458
10/10/2021 5:00,283.33273,278.8078644
10/10/2021 6:00,283.5558,279.0794167
10/10/2021 7:00,283.91934,282.6682673
10/10/2021 8:00,284.13696,282.9178518
10/10/2021 9:00,284.38998,282.3829047
10/10/2021 10:00,284.7997,283.0758226
10/10/2021 11:00,284.99918,281.2196848
10/10/2021 12:00,285.2075,283.5106887
10/10/2021 13:00,285.07877,281.4313395
10/10/2021 14:00,284.9692,281.2774087
10/10/2021 15:00,284.71375,280.5807231
10/10/2021 16:00,284.4799,282.1710196
10/10/2021 17:00,284.32266,280.1120721
10/10/2021 18:00,284.1463,282.6033457
10/10/2021 19:00,284.76752,279.0074653
10/10/2021 20:00,285.01144,279.0866236
10/10/2021 21:00,285.2814,282.2461825
10/10/2021 22:00,285.7513,280.854634
10/10/2021 23:00,285.82233,280.2416427
11/10/2021 0:00,285.47327,282.7213325
11/10/2021 1:00,285.38287,280.172311
11/10/2021 2:00,285.18292,280.9725828
11/10/2021 3:00,285.01834,283.8440696
11/10/2021 4:00,284.99106,284.0819577
11/10/2021 5:00,284.95544,284.1466068
11/10/2021 6:00,285.04044,280.9224467
11/10/2021 7:00,285.8611,283.9664477
11/10/2021 8:00,287.24408,280.3042087
11/10/2021 9:00,288.39813,280.6206274
11/10/2021 10:00,289.42343,278.2421409
11/10/2021 11:00,289.98914,285.8095411
11/10/2021 12:00,290.47772,281.7700358
11/10/2021 13:00,290.67914,283.6137247
11/10/2021 14:00,290.68015,282.3603743
11/10/2021 15:00,290.2338,284.8827783
11/10/2021 16:00,289.38266,282.5213503
11/10/2021 17:00,288.24582,280.34182
11/10/2021 18:00,287.2517,283.2015211
11/10/2021 19:00,286.15198,279.9941592
11/10/2021 20:00,285.59927,280.9184848
11/10/2021 21:00,285.18732,278.6464718
11/10/2021 22:00,284.94366,279.6176444
11/10/2021 23:00,284.66953,282.0233693
12/10/2021 0:00,284.4359,277.7769885
12/10/2021 1:00,284.3438,278.2411463
12/10/2021 2:00,284.26962,280.4754752
12/10/2021 3:00,284.12222,279.2322678
12/10/2021 4:00,284.08023,283.839165
12/10/2021 5:00,283.99008,283.2983664
12/10/2021 6:00,284.30893,278.9701376
12/10/2021 7:00,285.6833,283.4390193
12/10/2021 8:00,286.8481,285.4503965
12/10/2021 9:00,287.83536,284.417475
12/10/2021 10:00,288.7258,283.6208638
12/10/2021 11:00,289.66858,286.9318403
12/10/2021 12:00,290.3544,286.7623189
12/10/2021 13:00,290.6897,286.200718
12/10/2021 14:00,290.69904,287.4663524
12/10/2021 15:00,290.38046,284.9156249
12/10/2021 16:00,289.74326,283.2889744
12/10/2021 17:00,289.01297,284.2445523
12/10/2021 18:00,288.43176,283.7592269
12/10/2021 19:00,287.62704,279.5951552
12/10/2021 20:00,286.8464,282.6031108
12/10/2021 21:00,286.21634,277.294096
12/10/2021 22:00,285.6887,279.3074486
12/10/2021 23:00,285.2905,279.3883348
13/10/2021 0:00,284.91345,278.5245729
13/10/2021 1:00,284.58698,278.5167177
13/10/2021 2:00,284.25708,282.7137972
13/10/2021 3:00,283.99768,277.8576607
13/10/2021 4:00,283.67517,284.0154186
13/10/2021 5:00,283.3659,280.73842
13/10/2021 6:00,283.4654,280.8369979
13/10/2021 7:00,284.9272,281.8993466
13/10/2021 8:00,286.3394,286.0625818
13/10/2021 9:00,287.73416,279.5904724
13/10/2021 10:00,288.8108,279.1041582
13/10/2021 11:00,289.7042,280.8277125
13/10/2021 12:00,290.26108,283.3583841
13/10/2021 13:00,290.65802,281.0190563
13/10/2021 14:00,290.8047,284.2935021
13/10/2021 15:00,290.49664,287.1261062
13/10/2021 16:00,289.54968,283.2315181
13/10/2021 17:00,288.25073,281.3453833
13/10/2021 18:00,287.08737,279.8166652
13/10/2021 19:00,286.08884,281.9489883
13/10/2021 20:00,285.0957,278.4249268
13/10/2021 21:00,284.3659,282.7324028
13/10/2021 22:00,283.83557,282.4469436
13/10/2021 23:00,283.3821,279.0655327
14/10/2021 0:00,283.07138,278.1895207
14/10/2021 1:00,282.72723,279.6683212
14/10/2021 2:00,282.51254,279.3714873
14/10/2021 3:00,282.37277,275.4553847
14/10/2021 4:00,282.3094,275.3579646
14/10/2021 5:00,282.22144,273.5560633
14/10/2021 6:00,282.47324,276.9996503
14/10/2021 7:00,283.23718,280.3913345
14/10/2021 8:00,284.3954,278.567842
14/10/2021 9:00,285.65775,281.6649219
14/10/2021 10:00,286.79532,281.0702643
14/10/2021 11:00,287.59167,282.5803803
14/10/2021 12:00,288.00165,285.6302553
14/10/2021 13:00,288.10507,283.4130393
14/10/2021 14:00,287.9093,283.8966339
14/10/2021 15:00,287.34308,281.3511417
14/10/2021 16:00,286.36127,283.7565576
14/10/2021 17:00,285.4072,282.5194949
14/10/2021 18:00,284.68967,280.2862673
14/10/2021 19:00,284.1377,279.5840596
14/10/2021 20:00,283.76334,278.9275634
14/10/2021 21:00,283.42584,276.393639
14/10/2021 22:00,283.15588,274.932304
14/10/2021 23:00,282.95715,281.4593246
15/10/2021 0:00,282.77045,276.8601909
15/10/2021 1:00,282.5737,276.8988708
15/10/2021 2:00,282.3116,278.7953405
15/10/2021 3:00,282.1092,283.267793
15/10/2021 4:00,281.9898,274.3553066
15/10/2021 5:00,281.9849,276.7981033
15/10/2021 6:00,282.32043,274.6577947
15/10/2021 7:00,284.12003,276.3366172
15/10/2021 8:00,284.53662,277.0025637
15/10/2021 9:00,284.6833,277.4891424
15/10/2021 10:00,285.11954,280.7909078
15/10/2021 11:00,285.93286,279.8119277
15/10/2021 12:00,286.33252,285.1455834
15/10/2021 13:00,286.83658,284.2969102
15/10/2021 14:00,287.17532,284.9845921
15/10/2021 15:00,286.99084,282.8875152
15/10/2021 16:00,286.48654,282.113313
15/10/2021 17:00,285.9078,282.3174259
15/10/2021 18:00,285.47055,278.8933101
15/10/2021 19:00,285.30597,280.952567
15/10/2021 20:00,284.9326,280.141426
15/10/2021 21:00,284.76852,280.1130004
15/10/2021 22:00,284.7017,277.3845571
15/10/2021 23:00,284.46957,283.2336547
16/10/2021 0:00,284.21826,279.3122737
16/10/2021 1:00,283.95248,282.1410925
16/10/2021 2:00,283.69727,281.4283864
16/10/2021 3:00,283.516,276.8409505
16/10/2021 4:00,283.40863,277.3736401
16/10/2021 5:00,283.374,283.8411228
16/10/2021 6:00,283.6582,282.8282635
16/10/2021 7:00,284.91122,280.7006546
16/10/2021 8:00,286.21118,283.2525873
16/10/2021 9:00,287.5858,283.3097176
16/10/2021 10:00,288.5993,286.6680561
16/10/2021 11:00,289.54846,285.8140721
16/10/2021 12:00,290.21414,284.1384521
16/10/2021 13:00,290.5158,285.7053885
16/10/2021 14:00,290.53152,288.0179696
16/10/2021 15:00,290.00043,285.4415157
16/10/2021 16:00,289.21585,286.5181225
16/10/2021 17:00,288.40845,283.4647267
16/10/2021 18:00,287.78403,282.1955218
16/10/2021 19:00,288.66217,284.5130284
16/10/2021 20:00,287.8228,283.142738
16/10/2021 21:00,287.081,281.5275257
16/10/2021 22:00,286.51233,282.1100911
16/10/2021 23:00,285.9174,280.6616403
17/10/2021 0:00,285.34872,281.8399898
17/10/2021 1:00,284.88348,278.4710098
17/10/2021 2:00,284.44745,278.6588179
17/10/2021 3:00,284.05936,277.4699511
17/10/2021 4:00,283.72504,278.7642592
17/10/2021 5:00,283.41403,280.8495166
17/10/2021 6:00,283.47498,281.4292076
17/10/2021 7:00,285.6833,281.8359417
17/10/2021 8:00,287.63245,279.4769094
17/10/2021 9:00,289.22372,286.7103828
17/10/2021 10:00,290.44186,283.1839594
17/10/2021 11:00,291.3038,289.1464583
17/10/2021 12:00,291.80664,287.4413325
17/10/2021 13:00,292.09036,289.4969666
17/10/2021 14:00,292.06015,285.7010042
17/10/2021 15:00,291.534,289.5470525
17/10/2021 16:00,290.7096,283.2749098
17/10/2021 17:00,290.04538,284.0228125
17/10/2021 18:00,289.6617,283.247152
17/10/2021 19:00,289.54846,281.0088244
17/10/2021 20:00,288.95523,283.4635064
17/10/2021 21:00,287.8975,285.5445582
17/10/2021 22:00,286.8803,286.3012268
17/10/2021 23:00,286.10504,281.3187815
18/10/2021 0:00,285.54352,282.8037093
18/10/2021 1:00,285.10208,280.975718
18/10/2021 2:00,284.78177,281.2310377
18/10/2021 3:00,284.58182,279.5364261
18/10/2021 4:00,284.48578,279.8057915
18/10/2021 5:00,284.23718,280.1968247
18/10/2021 6:00,284.64865,278.747034
18/10/2021 7:00,287.3205,279.6377476
18/10/2021 8:00,289.23477,283.1213865
18/10/2021 9:00,290.63568,286.9269459
18/10/2021 10:00,291.74326,285.2146629
18/10/2021 11:00,292.48242,287.8453426
18/10/2021 12:00,292.87125,291.6314497
18/10/2021 13:00,292.84818,290.3539068
18/10/2021 14:00,292.37064,290.6073928
18/10/2021 15:00,291.7047,287.4417165
18/10/2021 16:00,290.86313,286.5466407
18/10/2021 17:00,290.36496,286.5596992
18/10/2021 18:00,290.15863,286.0640736
18/10/2021 19:00,290.47528,279.1795548
18/10/2021 20:00,289.7214,281.0075317
18/10/2021 21:00,288.80588,285.1080433
18/10/2021 22:00,288.02277,281.6648914
18/10/2021 23:00,287.3782,280.3848756
19/10/2021 0:00,286.79605,278.8641342
19/10/2021 1:00,286.1839,279.6787454
19/10/2021 2:00,285.64545,277.9986945
19/10/2021 3:00,285.17285,284.0250923
19/10/2021 4:00,284.70587,280.225376
19/10/2021 5:00,284.22073,278.7490678
19/10/2021 6:00,284.0198,280.0329061
19/10/2021 7:00,285.8793,281.7237227
19/10/2021 8:00,287.9928,284.9746715
19/10/2021 9:00,289.77274,287.441999
19/10/2021 10:00,290.94568,285.8204691
19/10/2021 11:00,291.75336,287.2653564
19/10/2021 12:00,292.1417,289.6785112
19/10/2021 13:00,292.31143,287.6501544
19/10/2021 14:00,292.0039,288.4793057
19/10/2021 15:00,291.36057,288.4757057
19/10/2021 16:00,290.49295,287.6052535
19/10/2021 17:00,289.85208,281.6926163
19/10/2021 18:00,289.18097,284.9754735
19/10/2021 19:00,288.23746,282.3252198
19/10/2021 20:00,288.22864,283.0171374
19/10/2021 21:00,287.48557,282.2604338
19/10/2021 22:00,286.7781,283.1252292
19/10/2021 23:00,286.56097,282.3286502
20/10/2021 0:00,286.88104,281.8852247
20/10/2021 1:00,286.17703,281.9835648
20/10/2021 2:00,285.06573,280.0843677
20/10/2021 3:00,284.33472,278.9624885
20/10/2021 4:00,283.7749,279.8313203
20/10/2021 5:00,283.46637,279.7276437
20/10/2021 6:00,283.8434,278.3302574
20/10/2021 7:00,286.98053,282.1563616
20/10/2021 8:00,289.053,284.6182738
20/10/2021 9:00,290.26843,286.1333491
20/10/2021 10:00,291.09946,292.1178378
20/10/2021 11:00,291.62857,291.3582787
20/10/2021 12:00,291.85455,295.7401572
20/10/2021 13:00,291.85626,289.5768212
20/10/2021 14:00,291.63297,291.1763177
20/10/2021 15:00,291.1702,290.9528039
20/10/2021 16:00,290.48093,290.7687914
20/10/2021 17:00,289.857,288.1148781
20/10/2021 18:00,289.40894,287.2409391
20/10/2021 19:00,289.3721,284.7199668
20/10/2021 20:00,288.90192,284.295489
20/10/2021 21:00,288.33276,286.7148758
20/10/2021 22:00,287.91272,283.7648419
20/10/2021 23:00,287.53543,285.256997
21/10/2021 0:00,287.292,286.9964283
21/10/2021 1:00,287.263,284.3928144
21/10/2021 2:00,287.34506,289.1040268
21/10/2021 3:00,287.41016,288.581687
21/10/2021 4:00,287.48407,283.6633095
21/10/2021 5:00,287.49292,284.812171
21/10/2021 6:00,287.81006,282.6826754
21/10/2021 7:00,288.69928,286.3676003
21/10/2021 8:00,289.90637,290.1790395
21/10/2021 9:00,290.9486,289.0653365
21/10/2021 10:00,291.30457,291.5416351
21/10/2021 11:00,291.4313,288.5850866
21/10/2021 12:00,291.62906,293.1654861
21/10/2021 13:00,291.72803,291.0014411
21/10/2021 14:00,291.53915,291.6626812
21/10/2021 15:00,291.28833,290.7561678
21/10/2021 16:00,290.81573,287.9962314
21/10/2021 17:00,290.3969,287.4240353
21/10/2021 18:00,290.0692,290.6206052
21/10/2021 19:00,290.26303,289.7559711
21/10/2021 20:00,290.29028,290.863017
21/10/2021 21:00,290.43253,289.3785184
21/10/2021 22:00,290.49908,288.1099084
21/10/2021 23:00,290.4028,283.6799812
22/10/2021 0:00,290.1562,286.9804991
22/10/2021 1:00,290.11246,286.0848428
22/10/2021 2:00,290.32544,289.3274253
22/10/2021 3:00,290.42343,286.801988
22/10/2021 4:00,290.38315,288.2239486
22/10/2021 5:00,290.3888,286.4347294
22/10/2021 6:00,290.49908,283.9748068
22/10/2021 7:00,290.70862,285.2326455
22/10/2021 8:00,291.19327,286.034437
22/10/2021 9:00,291.7951,284.9286689
22/10/2021 10:00,292.0265,286.4709124
22/10/2021 11:00,292.16724,287.7969036
22/10/2021 12:00,292.21393,291.2064252
22/10/2021 13:00,292.32816,284.7035056
22/10/2021 14:00,292.1147,290.3002277
22/10/2021 15:00,291.59958,286.1592685
22/10/2021 16:00,291.53964,284.8661294
22/10/2021 17:00,291.40305,288.9101673
22/10/2021 18:00,291.1751,287.9358991
22/10/2021 19:00,291.09503,286.9383707
22/10/2021 20:00,290.772,285.064496
22/10/2021 21:00,290.41507,287.1944649
22/10/2021 22:00,290.05374,284.4858748
22/10/2021 23:00,289.9211,282.1899027
23/10/2021 0:00,289.59857,282.6593243
23/10/2021 1:00,289.53888,284.7417077
23/10/2021 2:00,289.36594,281.1672088
23/10/2021 3:00,289.45142,281.6950678
23/10/2021 4:00,289.27408,282.264526
23/10/2021 5:00,289.35907,278.9577255
23/10/2021 6:00,289.18246,282.9384492
23/10/2021 7:00,289.58063,279.9336416
23/10/2021 8:00,289.84692,283.5774803
23/10/2021 9:00,290.23453,285.6832293
23/10/2021 10:00,290.85773,283.8199243
23/10/2021 11:00,291.5706,288.3110207
23/10/2021 12:00,292.03262,282.9173809
23/10/2021 13:00,291.85208,287.9859877
23/10/2021 14:00,291.4028,287.0866683
23/10/2021 15:00,290.8931,282.418211
23/10/2021 16:00,290.03632,289.4858799
23/10/2021 17:00,289.1736,284.6941021
23/10/2021 18:00,288.5433,282.8756659
23/10/2021 19:00,287.96112,280.0123202
23/10/2021 20:00,287.3706,282.535618
23/10/2021 21:00,286.85425,282.4373028
23/10/2021 22:00,286.34308,282.2955958
23/10/2021 23:00,285.8987,281.0018718
24/10/2021 0:00,285.47818,281.3166749
24/10/2021 1:00,285.23523,278.536077
24/10/2021 2:00,285.05566,275.5683387
24/10/2021 3:00,284.85522,278.3558833
24/10/2021 4:00,284.56342,273.7517072
24/10/2021 5:00,284.27945,278.4029429
24/10/2021 6:00,284.2534,275.5689021
24/10/2021 7:00,285.44305,279.5454846
24/10/2021 8:00,286.76755,284.2605531
24/10/2021 9:00,287.93436,281.6442211
24/10/2021 10:00,289.03677,286.3856799
24/10/2021 11:00,289.94934,284.5334935
24/10/2021 12:00,290.51947,288.7543508
24/10/2021 13:00,290.76685,285.0428541
24/10/2021 14:00,290.65973,283.884865
24/10/2021 15:00,290.1004,285.7375182
24/10/2021 16:00,289.05005,282.2075532
24/10/2021 17:00,288.01443,280.1945971
24/10/2021 18:00,287.06378,279.9050343
24/10/2021 19:00,286.67297,279.7469234
24/10/2021 20:00,285.92648,281.5833297
24/10/2021 21:00,285.206,275.1353243
24/10/2021 22:00,284.52878,277.9624482
24/10/2021 23:00,283.8648,278.1962739
25/10/2021 0:00,283.2873,276.6434512
25/10/2021 1:00,282.73584,277.9364107
25/10/2021 2:00,282.2551,274.986567
25/10/2021 3:00,281.84808,274.3768912
25/10/2021 4:00,281.5376,275.3990149
25/10/2021 5:00,281.2627,274.128922
25/10/2021 6:00,281.2605,273.3605545
25/10/2021 7:00,282.53268,277.9882557
25/10/2021 8:00,284.65625,278.4657223
25/10/2021 9:00,286.89554,280.5637206
25/10/2021 10:00,288.8496,282.3525406
25/10/2021 11:00,290.2908,286.8487178
25/10/2021 12:00,291.1719,279.474466
25/10/2021 13:00,291.60547,286.2706379
25/10/2021 14:00,291.67816,285.5821925
25/10/2021 15:00,291.3505,281.6633949
25/10/2021 16:00,291.12866,283.772235
25/10/2021 17:00,290.7273,282.7411298
25/10/2021 18:00,290.40378,281.4642696
25/10/2021 19:00,288.03824,274.4024052
25/10/2021 20:00,287.04462,280.6016712
25/10/2021 21:00,284.6167,276.1112673
25/10/2021 22:00,283.3138,277.9290578
25/10/2021 23:00,282.75253,277.600926
26/10/2021 0:00,282.18658,274.1520627
26/10/2021 1:00,281.81,276.3977164
26/10/2021 2:00,281.46414,274.2732095
26/10/2021 3:00,281.48624,271.5651255
26/10/2021 4:00,281.85962,277.5100019
26/10/2021 5:00,281.9645,273.9528152
26/10/2021 6:00,282.27942,273.4145741
26/10/2021 7:00,284.63367,275.5031881
26/10/2021 8:00,287.30722,278.7754002
26/10/2021 9:00,289.06503,280.112345
26/10/2021 10:00,290.27997,282.9939388
26/10/2021 11:00,291.0287,281.3467364
26/10/2021 12:00,291.41412,282.9585142
26/10/2021 13:00,291.46323,284.1951652
26/10/2021 14:00,291.20236,287.5556999
26/10/2021 15:00,290.57083,283.6093827
26/10/2021 16:00,289.8189,284.9499495
26/10/2021 17:00,289.28293,282.3417854
26/10/2021 18:00,288.96628,280.3506059
26/10/2021 19:00,288.9459,279.4767341
26/10/2021 20:00,288.40427,278.933415
26/10/2021 21:00,287.3001,280.1084012
26/10/2021 22:00,286.07803,281.535515
26/10/2021 23:00,285.55875,279.4870035
27/10/2021 0:00,285.0709,280.5602829
27/10/2021 1:00,284.515,276.4929682
27/10/2021 2:00,284.00137,277.2516308
27/10/2021 3:00,283.53564,276.728893
27/10/2021 4:00,283.10477,278.9037391
27/10/2021 5:00,282.82892,276.9592189
27/10/2021 6:00,282.76553,278.363347
27/10/2021 7:00,284.24847,276.764832
27/10/2021 8:00,285.74445,281.10986
27/10/2021 9:00,287.18515,284.1767228
27/10/2021 10:00,288.58777,280.9290876
27/10/2021 11:00,289.73587,289.3399356
27/10/2021 12:00,290.5959,285.6308554
27/10/2021 13:00,291.0761,282.6877242
27/10/2021 14:00,291.15396,286.3587367
27/10/2021 15:00,290.64157,285.3483022
27/10/2021 16:00,289.72064,283.6469975
27/10/2021 17:00,288.6838,283.7644042
27/10/2021 18:00,287.78867,281.7959148
27/10/2021 19:00,287.43396,279.5051102
27/10/2021 20:00,286.5789,279.1263263
27/10/2021 21:00,285.7619,277.5004638
27/10/2021 22:00,285.03134,280.5841963
27/10/2021 23:00,284.40448,274.6057271
28/10/2021 0:00,283.85324,276.7348217
28/10/2021 1:00,283.38898,276.0863187
28/10/2021 2:00,283.03452,277.5706527
28/10/2021 3:00,282.75424,274.3164594
28/10/2021 4:00,282.53094,272.2936511
28/10/2021 5:00,282.25558,275.4174309
28/10/2021 6:00,282.2168,275.5175541
28/10/2021 7:00,283.61447,279.942589
28/10/2021 8:00,285.7712,278.2487074
28/10/2021 9:00,288.05472,284.5314214
28/10/2021 10:00,289.9432,288.3636905
28/10/2021 11:00,291.21588,284.5530073
28/10/2021 12:00,291.9179,283.5150776
28/10/2021 13:00,292.1859,285.3434205
28/10/2021 14:00,291.86832,285.8758088
28/10/2021 15:00,291.07806,285.7325035
28/10/2021 16:00,290.17584,282.0602944
28/10/2021 17:00,289.38977,284.4411774
28/10/2021 18:00,288.7639,278.4808451
28/10/2021 19:00,287.26547,276.0189609
28/10/2021 20:00,285.9223,279.806661
28/10/2021 21:00,284.8675,273.0391477
28/10/2021 22:00,284.24725,276.4433297
28/10/2021 23:00,284.21582,281.955424
29/10/2021 0:00,283.99475,276.0149227
29/10/2021 1:00,283.80707,273.9579674
29/10/2021 2:00,283.5796,275.6944795
29/10/2021 3:00,283.37573,275.3523286
29/10/2021 4:00,283.1878,275.2822236
29/10/2021 5:00,283.04657,275.7435968
29/10/2021 6:00,283.10626,272.6123077
29/10/2021 7:00,285.09988,279.6754978
29/10/2021 8:00,287.6956,279.6920979
29/10/2021 9:00,289.94885,282.3728594
29/10/2021 10:00,291.43793,281.3183348
29/10/2021 11:00,292.04172,285.9912283
29/10/2021 12:00,292.3468,284.151832
29/10/2021 13:00,292.39618,285.6709557
29/10/2021 14:00,292.1574,283.5340167
29/10/2021 15:00,291.5092,282.7536964
29/10/2021 16:00,290.11465,284.4063144
29/10/2021 17:00,288.63394,281.0502479
29/10/2021 18:00,288.89874,279.228724
29/10/2021 19:00,289.32272,276.8650296
29/10/2021 20:00,287.9562,278.4906117
29/10/2021 21:00,285.70636,275.6394378
29/10/2021 22:00,284.2615,276.6327125
29/10/2021 23:00,283.20425,277.3637143
30/10/2021 0:00,282.83115,273.4584257
30/10/2021 1:00,282.52014,273.9201506
30/10/2021 2:00,282.2104,275.9014933
30/10/2021 3:00,282.035,273.3850429
30/10/2021 4:00,282.04163,276.9639467
30/10/2021 5:00,282.17404,277.0494526
30/10/2021 6:00,282.5521,276.8875444
30/10/2021 7:00,284.8309,279.9916949
30/10/2021 8:00,287.7921,277.6346164
30/10/2021 9:00,289.92477,280.4326654
30/10/2021 10:00,291.20334,279.7951183
30/10/2021 11:00,291.8585,286.7268266
30/10/2021 12:00,292.13336,287.1705497
30/10/2021 13:00,292.15152,284.4613878
30/10/2021 14:00,291.92627,285.5188606
30/10/2021 15:00,291.33673,286.4629232
30/10/2021 16:00,289.53644,282.4445274
30/10/2021 17:00,289.1628,280.3675723
30/10/2021 18:00,288.6106,281.8886318
30/10/2021 19:00,286.75403,281.3173297
30/10/2021 20:00,286.11487,278.9379751
30/10/2021 21:00,285.40842,276.3289184
30/10/2021 22:00,283.95987,275.3423319
30/10/2021 23:00,283.2777,277.8907128
31/10/2021 0:00,282.95175,277.4493876
31/10/2021 1:00,282.4408,275.003593
31/10/2021 2:00,282.34573,278.0627824
31/10/2021 3:00,282.68228,274.7569285
31/10/2021 4:00,282.88223,274.3618496
31/10/2021 5:00,282.99646,276.4669962
31/10/2021 6:00,283.22662,276.5652782
31/10/2021 7:00,284.96823,278.6136745
31/10/2021 8:00,287.5745,277.375111
31/10/2021 9:00,289.221,283.1389973
31/10/2021 10:00,290.2279,286.5545776
31/10/2021 11:00,290.8683,285.5299794
31/10/2021 12:00,291.22668,289.055306
31/10/2021 13:00,291.41608,285.7252177
31/10/2021 14:00,291.23895,289.4036382
31/10/2021 15:00,290.7145,288.0528856
31/10/2021 16:00,289.91568,285.8843512
31/10/2021 17:00,288.87466,283.1055555
31/10/2021 18:00,287.84198,276.9070081
31/10/2021 19:00,287.20602,280.0756543
31/10/2021 20:00,287.46246,279.3533591
31/10/2021 21:00,286.92917,278.0900975
31/10/2021 22:00,286.2183,279.5584413
31/10/2021 23:00,285.6887,278.2685799
01/11/2021 0:00,285.37744,277.2023137
01/11/2021 1:00,285.15704,276.5509897
01/11/2021 2:00,284.951,276.8484645
01/11/2021 3:00,284.9852,279.7509411
01/11/2021 4:00,285.0592,276.3287605
01/11/2021 5:00,285.00165,276.5072838
01/11/2021 6:00,285.0364,276.8045317
01/11/2021 7:00,285.95767,279.5097635
01/11/2021 8:00,287.86655,282.1786428
01/11/2021 9:00,289.2007,278.5923346
01/11/2021 10:00,290.15222,288.1884625
01/11/2021 11:00,290.66272,289.8745333
01/11/2021 12:00,290.7672,285.8547589
01/11/2021 13:00,290.6781,285.9905706
01/11/2021 14:00,290.39066,286.3245802
01/11/2021 15:00,289.9897,284.9111929
01/11/2021 16:00,289.5696,285.9808402
01/11/2021 17:00,289.15988,281.5780176
01/11/2021 18:00,288.97134,282.7177085
01/11/2021 19:00,288.7369,287.308525
01/11/2021 20:00,288.63535,282.2395896
01/11/2021 21:00,288.71753,285.7250852
01/11/2021 22:00,288.39877,283.7856653
01/11/2021 23:00,288.16196,279.5953498
02/11/2021 0:00,287.90604,284.0119293
02/11/2021 1:00,287.6674,282.6332705
02/11/2021 2:00,287.6414,281.728846
02/11/2021 3:00,287.83258,282.5382988
02/11/2021 4:00,288.1373,282.7557444
02/11/2021 5:00,288.31497,283.0113155
02/11/2021 6:00,288.41415,283.9162588
02/11/2021 7:00,289.0806,283.2233112
02/11/2021 8:00,289.27393,281.6069895
02/11/2021 9:00,289.9279,283.9786793
02/11/2021 10:00,290.71603,290.0908808
02/11/2021 11:00,291.01782,285.9227716
02/11/2021 12:00,290.98575,288.139285
02/11/2021 13:00,290.95233,285.8790555
02/11/2021 14:00,290.70807,283.9322487
02/11/2021 15:00,290.2148,283.6176675
02/11/2021 16:00,289.66562,282.0766704
02/11/2021 17:00,289.7298,277.7900268
02/11/2021 18:00,287.6671,280.1747339
02/11/2021 19:00,288.01556,280.9295473
02/11/2021 20:00,286.6676,276.959939
02/11/2021 21:00,287.09482,278.4683366
02/11/2021 22:00,287.60294,278.7776741
02/11/2021 23:00,287.65518,275.8812872
03/11/2021 0:00,287.44116,276.8686774
03/11/2021 1:00,287.2834,276.4656371
03/11/2021 2:00,287.4091,276.813696
03/11/2021 3:00,287.6496,275.9479006
03/11/2021 4:00,287.56183,276.916204
03/11/2021 5:00,287.62708,281.0663338
03/11/2021 6:00,287.91428,277.0898083
03/11/2021 7:00,288.6836,280.3686951
03/11/2021 8:00,289.49695,281.159688
03/11/2021 9:00,290.1854,286.326287
03/11/2021 10:00,291.0104,288.8535931
03/11/2021 11:00,290.9115,289.5696242
03/11/2021 12:00,290.02628,289.2856088
03/11/2021 13:00,289.48077,288.2778293
03/11/2021 14:00,289.67834,285.9886224
03/11/2021 15:00,290.1114,290.7558638
03/11/2021 16:00,290.46225,285.2738604
03/11/2021 17:00,290.7192,287.0628323
03/11/2021 18:00,290.65796,287.5387789
03/11/2021 19:00,290.87753,284.8824771
03/11/2021 20:00,291.09103,287.8316122
03/11/2021 21:00,291.39548,287.3187584
03/11/2021 22:00,291.46307,288.6995858
03/11/2021 23:00,291.25967,284.34757
04/11/2021 0:00,291.23636,282.7424614
04/11/2021 1:00,291.32385,284.0258257
04/11/2021 2:00,291.15863,285.293785
04/11/2021 3:00,291.2902,285.3242276
04/11/2021 4:00,291.27692,285.0688277
04/11/2021 5:00,291.07724,282.8685745
04/11/2021 6:00,290.87833,287.1543773
04/11/2021 7:00,291.2003,290.9581915
04/11/2021 8:00,291.41562,289.8741859
04/11/2021 9:00,291.48456,291.2928155
04/11/2021 10:00,291.23474,290.9807904
04/11/2021 11:00,291.22336,291.2614578
04/11/2021 12:00,291.24988,292.7237771
04/11/2021 13:00,291.10614,291.6898583
04/11/2021 14:00,290.80408,290.119998
04/11/2021 15:00,290.5837,287.8302197
04/11/2021 16:00,290.39383,287.1888118
04/11/2021 17:00,290.3673,287.0490999
04/11/2021 18:00,290.28378,285.0723127
04/11/2021 19:00,290.49036,285.3886512
04/11/2021 20:00,290.3241,284.5154515
04/11/2021 21:00,290.353,284.7490635
04/11/2021 22:00,290.1806,285.0203411
04/11/2021 23:00,289.8987,282.8833632
05/11/2021 0:00,289.78625,280.5564966
05/11/2021 1:00,289.59558,281.4144202
05/11/2021 2:00,289.44708,280.3888811
05/11/2021 3:00,289.23468,277.3716705
05/11/2021 4:00,289.088,283.2883095
05/11/2021 5:00,288.94138,281.3474808
05/11/2021 6:00,289.0379,281.9115813
05/11/2021 7:00,289.92896,283.9578395
05/11/2021 8:00,290.75714,281.2462465
05/11/2021 9:00,291.24243,284.2265944
05/11/2021 10:00,291.67868,283.7640912
05/11/2021 11:00,291.81473,284.3475458
05/11/2021 12:00,291.8813,283.5146085
05/11/2021 13:00,291.501,287.3990757
05/11/2021 14:00,291.01572,283.2603074
05/11/2021 15:00,290.5617,284.690049
05/11/2021 16:00,290.05624,279.2536819
05/11/2021 17:00,289.91278,284.3150296
05/11/2021 18:00,289.59216,283.9321548
05/11/2021 19:00,288.84644,281.9118455
05/11/2021 20:00,288.70984,281.2604771
05/11/2021 21:00,288.49716,282.03034
05/11/2021 22:00,288.21234,285.2347834
05/11/2021 23:00,287.96997,278.0402949
06/11/2021 0:00,287.66684,282.5035786
06/11/2021 1:00,287.38123,279.3470593
06/11/2021 2:00,286.88904,280.7188448
06/11/2021 3:00,286.41302,280.1679128
06/11/2021 4:00,286.2417,279.5909351
06/11/2021 5:00,285.95157,280.0704744
06/11/2021 6:00,285.59702,277.3707462
06/11/2021 7:00,287.82278,281.9661353
06/11/2021 8:00,288.01797,277.6397353
06/11/2021 9:00,288.16354,282.784782
06/11/2021 10:00,288.53748,282.0598289
06/11/2021 11:00,288.62314,280.9759283
06/11/2021 12:00,288.68677,283.5300105
06/11/2021 13:00,288.81433,280.6946618
06/11/2021 14:00,288.80133,283.589112
06/11/2021 15:00,289.04718,280.8058135
06/11/2021 16:00,289.08377,283.5511579
06/11/2021 17:00,289.29724,280.3390057
06/11/2021 18:00,289.2511,280.5835156
06/11/2021 19:00,287.54538,282.0634202
06/11/2021 20:00,287.27435,279.2177378
06/11/2021 21:00,287.34198,280.0925439
06/11/2021 22:00,287.4844,277.2166509
06/11/2021 23:00,287.5629,280.9289742
07/11/2021 0:00,287.52893,283.291262
07/11/2021 1:00,287.38495,284.8879007
07/11/2021 2:00,286.99484,279.3012535
07/11/2021 3:00,286.57294,280.0534823
07/11/2021 4:00,286.11996,275.5508194
07/11/2021 5:00,285.86725,281.5028334
07/11/2021 6:00,286.14624,280.0273456
07/11/2021 7:00,287.58728,278.8940981
07/11/2021 8:00,290.23737,283.2126959
07/11/2021 9:00,292.4178,281.852685
07/11/2021 10:00,294.04236,282.4489353
07/11/2021 11:00,294.84164,285.2723195
07/11/2021 12:00,295.04718,283.5456158
07/11/2021 13:00,295.17578,287.644284
07/11/2021 14:00,294.7621,283.9046981
07/11/2021 15:00,293.9827,283.2942527
07/11/2021 16:00,292.81982,282.2167006
07/11/2021 17:00,291.59277,284.0265526
07/11/2021 18:00,290.2506,280.6843637
07/11/2021 19:00,289.95972,278.6417075
07/11/2021 20:00,289.21423,279.702618
07/11/2021 21:00,290.68103,280.3671948
07/11/2021 22:00,288.03174,278.1991738
07/11/2021 23:00,287.63583,278.417646
08/11/2021 0:00,287.29294,284.096031
08/11/2021 1:00,286.9434,278.9474764
08/11/2021 2:00,287.99622,280.1719998
08/11/2021 3:00,287.16165,280.3264543
08/11/2021 4:00,287.58966,280.4416317
08/11/2021 5:00,287.7313,282.4921105
08/11/2021 6:00,287.77902,283.0523737
08/11/2021 7:00,287.6414,281.0364009
08/11/2021 8:00,287.9188,279.467021
08/11/2021 9:00,288.6966,284.2979614
08/11/2021 10:00,289.50836,282.0577296
08/11/2021 11:00,289.46194,285.4232812
08/11/2021 12:00,289.40625,278.530045
08/11/2021 13:00,289.51868,283.0850407
08/11/2021 14:00,289.54892,286.0946462
08/11/2021 15:00,289.5134,281.7940962
08/11/2021 16:00,289.14133,281.6715292
08/11/2021 17:00,288.9989,282.3213333
08/11/2021 18:00,288.8671,280.4970574
08/11/2021 19:00,288.51758,279.9061223
08/11/2021 20:00,287.54114,279.4891282
08/11/2021 21:00,287.43878,278.0214882
08/11/2021 22:00,287.50586,281.1447504
08/11/2021 23:00,287.6276,279.6728135
09/11/2021 0:00,287.52655,279.2001651
09/11/2021 1:00,287.64908,279.3491535
09/11/2021 2:00,287.44513,277.1800884
09/11/2021 3:00,287.5239,276.5949082
09/11/2021 4:00,287.59048,276.6247719
09/11/2021 5:00,287.43878,277.6143649
09/11/2021 6:00,287.0805,275.3552192
09/11/2021 7:00,288.62366,276.9601167
09/11/2021 8:00,288.89734,278.771153
09/11/2021 9:00,289.04956,284.7896073
09/11/2021 10:00,289.5362,277.3662385
09/11/2021 11:00,289.50436,283.144005
09/11/2021 12:00,289.28348,287.0283065
09/11/2021 13:00,289.31662,284.2948739
09/11/2021 14:00,289.1095,285.343386
09/11/2021 15:00,288.55923,283.5695917
09/11/2021 16:00,287.76523,281.1643832
09/11/2021 17:00,287.17783,277.2006992
09/11/2021 18:00,286.71268,280.3040438
09/11/2021 19:00,286.87576,278.0245983
09/11/2021 20:00,286.4597,277.4069847
09/11/2021 21:00,286.02582,277.5037976
09/11/2021 22:00,285.60657,280.882709
09/11/2021 23:00,285.27322,281.4715866
10/11/2021 0:00,285.04858,276.8849641
10/11/2021 1:00,284.816,275.1531582
10/11/2021 2:00,284.6097,273.5541231
10/11/2021 3:00,284.50043,276.3015988
10/11/2021 4:00,284.38507,278.4992574
10/11/2021 5:00,284.2896,274.5617308
10/11/2021 6:00,284.35062,270.350642
10/11/2021 7:00,285.17694,276.9802882
10/11/2021 8:00,286.391,280.6604845
10/11/2021 9:00,287.72467,277.482364
10/11/2021 10:00,289.18454,281.6463894
10/11/2021 11:00,290.3559,283.0809262
10/11/2021 12:00,290.6423,282.7209145
10/11/2021 13:00,291.32916,281.7860516
10/11/2021 14:00,291.4249,284.9612486
10/11/2021 15:00,291.21753,281.824341
10/11/2021 16:00,290.82635,278.8450946
10/11/2021 17:00,290.48425,276.9789128
10/11/2021 18:00,290.21826,282.0792079
10/11/2021 19:00,290.04193,280.7357786
10/11/2021 20:00,289.8104,279.507753
10/11/2021 21:00,289.6118,278.1747125
10/11/2021 22:00,289.39883,277.4880278
10/11/2021 23:00,289.2238,275.8523674
11/11/2021 0:00,289.06442,276.5423662
11/11/2021 1:00,288.8414,273.0834952
11/11/2021 2:00,288.7735,275.307527
11/11/2021 3:00,288.34998,275.7719059
11/11/2021 4:00,287.569,276.6588571
11/11/2021 5:00,287.70105,275.3807905
11/11/2021 6:00,287.4173,277.1583285
11/11/2021 7:00,287.80157,279.3443948
11/11/2021 8:00,289.74356,279.7455319
11/11/2021 9:00,290.82318,279.823055
11/11/2021 10:00,291.54477,280.0201563
11/11/2021 11:00,292.10513,279.2346613
11/11/2021 12:00,292.39154,282.9797507
11/11/2021 13:00,292.31143,285.0655316
11/11/2021 14:00,292.07092,282.8009682
11/11/2021 15:00,291.4469,285.029835
11/11/2021 16:00,290.72266,277.7872102
11/11/2021 17:00,290.1241,277.72092
11/11/2021 18:00,289.4691,280.5574127
11/11/2021 19:00,289.2779,279.6600651
11/11/2021 20:00,289.14584,281.4482334
11/11/2021 21:00,289.10153,279.0412378
11/11/2021 22:00,289.1506,277.3884236
11/11/2021 23:00,289.07608,278.040552
12/11/2021 0:00,288.96735,275.444926
12/11/2021 1:00,288.91882,276.2673516
12/11/2021 2:00,288.90582,279.8262881
12/11/2021 3:00,288.65097,279.4012477
12/11/2021 4:00,288.35794,278.9545726
12/11/2021 5:00,288.21368,275.2187374
12/11/2021 6:00,288.03494,277.7825937
12/11/2021 7:00,287.8485,276.7413052
12/11/2021 8:00,288.67007,281.6179765
12/11/2021 9:00,289.1978,279.2416332
12/11/2021 10:00,289.91754,278.9147978
12/11/2021 11:00,290.1944,281.2268882
12/11/2021 12:00,290.32858,280.3315858
12/11/2021 13:00,290.48798,284.2734454
12/11/2021 14:00,290.37924,280.3074707
12/11/2021 15:00,290.0793,278.9193198
12/11/2021 16:00,289.65103,277.2653985
12/11/2021 17:00,288.74857,280.604154
12/11/2021 18:00,288.5213,279.023934
12/11/2021 19:00,287.86655,276.3958243
12/11/2021 20:00,288.0527,280.648537
12/11/2021 21:00,287.3913,279.4610601
12/11/2021 22:00,287.3828,278.2769133
12/11/2021 23:00,287.338,280.0783291
13/11/2021 0:00,286.9076,278.7884315
13/11/2021 1:00,286.34167,275.9582808
13/11/2021 2:00,286.01285,275.2242642
13/11/2021 3:00,286.36475,278.4384872
13/11/2021 4:00,286.31754,277.4395513
13/11/2021 5:00,286.58856,276.9751023
13/11/2021 6:00,286.53873,275.1666864
13/11/2021 7:00,287.67163,279.0153069
13/11/2021 8:00,288.3057,278.1410895
13/11/2021 9:00,289.0111,281.1563737
13/11/2021 10:00,289.46936,285.6202059
13/11/2021 11:00,289.88385,283.1927992
13/11/2021 12:00,290.02228,282.4663441
13/11/2021 13:00,290.12387,283.8592987
13/11/2021 14:00,290.00214,287.4802404
13/11/2021 15:00,289.64413,285.1974778
13/11/2021 16:00,289.32617,283.0252427
13/11/2021 17:00,288.95276,281.3074785
13/11/2021 18:00,288.6051,282.3903538
13/11/2021 19:00,288.1808,278.8574589
13/11/2021 20:00,287.88828,280.2941164
13/11/2021 21:00,287.6825,278.1621631
13/11/2021 22:00,287.57483,277.6021846
13/11/2021 23:00,286.95718,278.1721998
14/11/2021 0:00,286.53183,278.4956518
14/11/2021 1:00,286.74982,278.944847
14/11/2021 2:00,286.71692,279.288474
14/11/2021 3:00,286.74,272.3993216
14/11/2021 4:00,286.77155,277.2531603
14/11/2021 5:00,286.9219,277.7597033
14/11/2021 6:00,286.9259,280.9302151
14/11/2021 7:00,287.1574,276.8511254
14/11/2021 8:00,287.33774,279.688444
14/11/2021 9:00,287.3603,282.6353988
14/11/2021 10:00,287.75967,278.3795009
14/11/2021 11:00,288.49026,282.237306
14/11/2021 12:00,288.86923,281.0626675
14/11/2021 13:00,288.82864,282.3552251
14/11/2021 14:00,288.6226,281.8412783
14/11/2021 15:00,288.39612,281.5004233
14/11/2021 16:00,288.16833,286.7860941
14/11/2021 17:00,287.927,282.6948592
14/11/2021 18:00,287.68726,282.5924547
14/11/2021 19:00,287.18127,279.9511384
14/11/2021 20:00,287.18948,275.3554642
14/11/2021 21:00,287.22556,278.0805704
14/11/2021 22:00,286.9471,278.6398301
14/11/2021 23:00,286.44934,274.5858959
15/11/2021 0:00,286.03723,277.4489248
15/11/2021 1:00,286.11786,276.5414968
15/11/2021 2:00,285.67868,278.5280711
15/11/2021 3:00,285.43073,274.5299152
15/11/2021 4:00,285.3443,273.6204705
15/11/2021 5:00,285.16953,275.2347301
15/11/2021 6:00,285.05203,277.5784685
15/11/2021 7:00,285.65033,273.8966396
15/11/2021 8:00,286.68616,274.8519531
15/11/2021 9:00,287.81668,280.0163466
15/11/2021 10:00,289.15936,279.962844
15/11/2021 11:00,289.94247,281.538587
15/11/2021 12:00,290.37552,283.7457684
15/11/2021 13:00,290.5137,281.4244894
15/11/2021 14:00,290.3132,278.9575547
15/11/2021 15:00,289.7685,285.5797348
15/11/2021 16:00,289.16385,279.5889598
15/11/2021 17:00,288.55603,279.1362891
15/11/2021 18:00,288.08398,282.676753
15/11/2021 19:00,287.98215,279.1007918
15/11/2021 20:00,287.6915,279.615583
15/11/2021 21:00,287.28098,280.5902325
15/11/2021 22:00,286.9434,281.53806
15/11/2021 23:00,286.61508,278.8374573
16/11/2021 0:00,286.2987,281.8919148
16/11/2021 1:00,286.186,275.3739953
16/11/2021 2:00,285.85532,280.5398723
16/11/2021 3:00,285.52383,277.5407386
16/11/2021 4:00,285.17218,281.6413816
16/11/2021 5:00,284.98627,279.5144289
16/11/2021 6:00,284.8566,278.082513
16/11/2021 7:00,285.55273,280.4046929
16/11/2021 8:00,286.48938,281.3269293
16/11/2021 9:00,287.70822,281.7332321
16/11/2021 10:00,288.9358,279.2929592
16/11/2021 11:00,289.8499,280.9894996
16/11/2021 12:00,290.5479,282.2718507
16/11/2021 13:00,291.19736,282.2320641
16/11/2021 14:00,291.18253,283.4772782
16/11/2021 15:00,290.58,278.0944503
16/11/2021 16:00,290.15887,281.8143805
16/11/2021 17:00,289.83957,280.4931531
16/11/2021 18:00,289.63007,279.2146614
16/11/2021 19:00,288.93393,279.222916
16/11/2021 20:00,288.50433,279.8152356
16/11/2021 21:00,288.0885,273.4072039
16/11/2021 22:00,287.55627,278.151941
16/11/2021 23:00,287.31308,277.3647687
17/11/2021 0:00,287.23538,279.4022602
17/11/2021 1:00,287.0118,276.5246601
17/11/2021 2:00,286.77844,277.397343
17/11/2021 3:00,286.4183,280.049091
17/11/2021 4:00,286.18362,278.5762539
17/11/2021 5:00,286.0033,278.1564317
17/11/2021 6:00,285.841,275.3740464
17/11/2021 7:00,286.1083,278.2351823
17/11/2021 8:00,287.13116,278.2987014
17/11/2021 9:00,288.12723,279.3531946
17/11/2021 10:00,288.82123,281.5795915
17/11/2021 11:00,289.14688,280.3576064
17/11/2021 12:00,288.7096,284.6648505
17/11/2021 13:00,288.51892,281.866529
17/11/2021 14:00,288.28342,283.05566
17/11/2021 15:00,288.0352,284.0299209
17/11/2021 16:00,287.748,282.8094854
17/11/2021 17:00,287.44806,278.0345086
17/11/2021 18:00,287.14203,280.9250702
17/11/2021 19:00,287.46637,281.2783669
17/11/2021 20:00,287.264,281.3053569
17/11/2021 21:00,286.81848,277.4532517
17/11/2021 22:00,286.42496,278.0652625
17/11/2021 23:00,286.16055,280.9203109
18/11/2021 0:00,286.1929,277.7531753
18/11/2021 1:00,286.06003,278.1053695
18/11/2021 2:00,286.03006,280.9805796
18/11/2021 3:00,285.71024,277.5422363
18/11/2021 4:00,285.62274,276.2361259
18/11/2021 5:00,285.46124,275.7028492
18/11/2021 6:00,285.4668,277.9896268
18/11/2021 7:00,286.05447,276.5767623
18/11/2021 8:00,287.0243,280.1572787
18/11/2021 9:00,287.96466,282.1556842
18/11/2021 10:00,288.73053,284.3363209
18/11/2021 11:00,289.37735,283.9172978
18/11/2021 12:00,289.70645,281.6642944
18/11/2021 13:00,289.7998,285.1850443
18/11/2021 14:00,289.45453,282.3970608
18/11/2021 15:00,288.5661,280.0351271
18/11/2021 16:00,287.47034,280.9539966
18/11/2021 17:00,286.48914,283.2048503
18/11/2021 18:00,285.69247,280.4250011
18/11/2021 19:00,285.93726,279.9058063
18/11/2021 20:00,285.25888,282.3722707
18/11/2021 21:00,284.71445,276.4374951
18/11/2021 22:00,284.21536,276.0365416
18/11/2021 23:00,283.76904,275.3909025
19/11/2021 0:00,283.38025,278.8543205
19/11/2021 1:00,282.96417,277.8058253
19/11/2021 2:00,282.5404,279.9535571
19/11/2021 3:00,282.10443,277.1343183
19/11/2021 4:00,281.70822,276.219201
19/11/2021 5:00,281.45444,276.4300659
19/11/2021 6:00,281.2762,276.5672107
19/11/2021 7:00,281.92807,274.6807237
19/11/2021 8:00,282.69553,284.8529187
19/11/2021 9:00,283.55396,282.3427711
19/11/2021 10:00,284.77625,282.8899447
19/11/2021 11:00,286.15417,283.9612161
19/11/2021 12:00,287.1033,284.4705345
19/11/2021 13:00,287.7114,283.2929176
19/11/2021 14:00,287.86758,282.154877
19/11/2021 15:00,287.7016,283.731505
19/11/2021 16:00,287.25552,282.5567367
19/11/2021 17:00,286.9328,279.9373451
19/11/2021 18:00,286.52625,283.3577482
19/11/2021 19:00,286.55276,280.9462999
19/11/2021 20:00,285.84045,281.4125294
19/11/2021 21:00,285.1706,281.8984896
19/11/2021 22:00,284.62323,278.5234727
19/11/2021 23:00,284.1663,278.5963098
20/11/2021 0:00,283.7884,279.8144783
20/11/2021 1:00,283.47784,278.1564216
20/11/2021 2:00,283.18747,279.4975417
20/11/2021 3:00,282.93872,279.5518887
20/11/2021 4:00,282.7817,277.5661961
20/11/2021 5:00,282.6526,282.5222053
20/11/2021 6:00,282.53217,275.5116941
20/11/2021 7:00,283.50623,277.4571856
20/11/2021 8:00,285.17084,282.6964522
20/11/2021 9:00,287.1574,284.6072476
20/11/2021 10:00,288.84933,282.6998824
20/11/2021 11:00,289.99948,286.360108
20/11/2021 12:00,290.66937,288.3951645
20/11/2021 13:00,290.9775,285.7061831
20/11/2021 14:00,290.8534,289.7890106
20/11/2021 15:00,290.23947,280.9129303
20/11/2021 16:00,289.1095,282.9566966
20/11/2021 17:00,288.1076,283.0247878
20/11/2021 18:00,287.23483,282.8152854
20/11/2021 19:00,286.9914,280.6430086
20/11/2021 20:00,286.1587,279.6442264
20/11/2021 21:00,285.29257,280.3195177
20/11/2021 22:00,284.71524,280.5032642
20/11/2021 23:00,284.21457,278.7891203
21/11/2021 0:00,283.7465,277.0865028
21/11/2021 1:00,283.30045,272.6130758
21/11/2021 2:00,282.9647,273.8282465
21/11/2021 3:00,282.70667,272.3832717
21/11/2021 4:00,282.56027,273.5761498
21/11/2021 5:00,282.4322,276.4119671
21/11/2021 6:00,281.84558,275.1464115
21/11/2021 7:00,283.6375,280.595555
21/11/2021 8:00,285.6633,277.6841163
21/11/2021 9:00,287.844,279.1353531
21/11/2021 10:00,289.34286,280.6668047
21/11/2021 11:00,290.11404,280.9031096
21/11/2021 12:00,290.3318,283.02724
21/11/2021 13:00,290.1602,285.8752637
21/11/2021 14:00,289.7547,283.9428379
21/11/2021 15:00,289.09915,281.529479
21/11/2021 16:00,288.5502,279.5816748
21/11/2021 17:00,288.20572,280.2563116
21/11/2021 18:00,287.7244,280.3533676
21/11/2021 19:00,287.63715,282.1253561
21/11/2021 20:00,287.38495,277.0091327
21/11/2021 21:00,287.21628,278.0818484
21/11/2021 22:00,286.95825,277.9200903
21/11/2021 23:00,286.6379,274.4292523
22/11/2021 0:00,286.4528,276.123063
22/11/2021 1:00,286.25046,276.0733478
22/11/2021 2:00,286.09665,275.5124526
22/11/2021 3:00,286.09293,276.8369739
22/11/2021 4:00,286.18018,276.4851467
22/11/2021 5:00,286.11917,275.8424272
22/11/2021 6:00,286.04095,277.7102337
22/11/2021 7:00,286.47507,280.1578276
22/11/2021 8:00,287.1219,280.4044303
22/11/2021 9:00,287.44754,274.6973401
22/11/2021 10:00,287.32977,279.9076631
22/11/2021 11:00,287.51224,278.9173487
22/11/2021 12:00,287.61963,279.9708707
22/11/2021 13:00,287.7334,279.0165476
22/11/2021 14:00,287.3327,279.7673198
22/11/2021 15:00,286.91953,279.5374281
22/11/2021 16:00,286.7331,277.8176106
22/11/2021 17:00,286.70312,277.1462876
22/11/2021 18:00,286.64984,277.8646952
22/11/2021 19:00,286.5716,278.9964402
22/11/2021 20:00,286.50372,279.7005485
22/11/2021 21:00,286.1523,280.2300944
22/11/2021 22:00,286.06058,277.9257127
22/11/2021 23:00,285.83966,279.3338441
23/11/2021 0:00,285.6681,280.5731921
23/11/2021 1:00,285.61105,280.9989309
23/11/2021 2:00,285.47025,278.7636717
23/11/2021 3:00,285.36816,278.2741462
23/11/2021 4:00,285.2284,278.5138455
23/11/2021 5:00,284.78976,275.6235192
23/11/2021 6:00,284.28882,276.7932131
23/11/2021 7:00,284.63278,278.9413909
23/11/2021 8:00,284.77942,278.8488362
23/11/2021 9:00,285.29813,277.400675
23/11/2021 10:00,285.98923,279.1216498
23/11/2021 11:00,286.46182,277.9372456
23/11/2021 12:00,286.59998,281.0191786
23/11/2021 13:00,286.59308,279.654587
23/11/2021 14:00,286.28015,279.1181562
23/11/2021 15:00,285.83118,278.4241902
23/11/2021 16:00,285.22546,278.2608034
23/11/2021 17:00,284.702,276.7622672
23/11/2021 18:00,284.1952,277.8398639
23/11/2021 19:00,284.58264,274.6000417
23/11/2021 20:00,284.1435,276.9115913
23/11/2021 21:00,283.712,276.0644486
23/11/2021 22:00,283.3381,272.4592303
23/11/2021 23:00,282.9785,274.6013851
24/11/2021 0:00,282.6669,272.9300845
24/11/2021 1:00,282.36935,273.0863406
24/11/2021 2:00,282.08905,276.9799088
24/11/2021 3:00,281.83392,272.7242007
24/11/2021 4:00,281.5902,273.7845412
24/11/2021 5:00,281.39053,273.9898453
24/11/2021 6:00,281.15662,271.1391629
24/11/2021 7:00,282.04315,270.8960255
24/11/2021 8:00,283.09705,271.6928103
24/11/2021 9:00,284.074,274.2902819
24/11/2021 10:00,285.07062,272.2274466
24/11/2021 11:00,285.90622,279.1549338
24/11/2021 12:00,286.59863,282.2411641
24/11/2021 13:00,287.01102,278.7796218
24/11/2021 14:00,287.0829,275.3180628
24/11/2021 15:00,286.7461,275.2127719
24/11/2021 16:00,285.52753,273.7969736
24/11/2021 17:00,284.4055,271.946807
24/11/2021 18:00,283.88678,274.7701442
24/11/2021 19:00,284.34158,275.1967116
24/11/2021 20:00,283.21478,271.9182231
24/11/2021 21:00,283.4837,274.8796989
24/11/2021 22:00,283.48633,276.1341925
24/11/2021 23:00,283.5916,276.5322408
25/11/2021 0:00,283.35428,278.1449213
25/11/2021 1:00,283.19702,271.397763
25/11/2021 2:00,283.4495,277.8215913
25/11/2021 3:00,283.87857,271.8039837
25/11/2021 4:00,284.03635,271.2304738
25/11/2021 5:00,284.35245,272.5474535
25/11/2021 6:00,284.43387,270.7648411
25/11/2021 7:00,285.35727,273.0468033
25/11/2021 8:00,286.23718,272.670443
25/11/2021 9:00,287.18765,276.5655341
25/11/2021 10:00,287.5409,281.0930085
25/11/2021 11:00,287.61435,280.1648562
25/11/2021 12:00,287.60452,281.6359725
25/11/2021 13:00,287.46,282.844654
25/11/2021 14:00,287.37512,283.8189544
25/11/2021 15:00,286.92615,277.4143961
25/11/2021 16:00,286.85773,279.9623302
25/11/2021 17:00,286.79965,277.686133
25/11/2021 18:00,286.88507,277.8887123
25/11/2021 19:00,286.37695,279.0621716
25/11/2021 20:00,286.15366,274.8638387
25/11/2021 21:00,286.5358,275.0391361
25/11/2021 22:00,286.6114,272.9106818
25/11/2021 23:00,286.60156,274.7860129
26/11/2021 0:00,286.54242,277.8695774
26/11/2021 1:00,286.2499,275.0287877
26/11/2021 2:00,286.05234,272.6625983
26/11/2021 3:00,286.23508,274.6023702
26/11/2021 4:00,286.01205,273.5789255
26/11/2021 5:00,286.21387,274.9262547
26/11/2021 6:00,287.09006,278.3394736
26/11/2021 7:00,286.40347,276.4256748
26/11/2021 8:00,286.62836,280.9762659
26/11/2021 9:00,287.08,279.3466915
26/11/2021 10:00,287.2611,279.9669006
26/11/2021 11:00,287.0439,279.369658
26/11/2021 12:00,287.1033,281.6498549
26/11/2021 13:00,286.88852,281.4605388
26/11/2021 14:00,286.41275,280.2142915
26/11/2021 15:00,285.58005,279.9840007
26/11/2021 16:00,285.70416,278.0447408
26/11/2021 17:00,285.50128,278.7720703
26/11/2021 18:00,285.8906,276.6520669
26/11/2021 19:00,287.00864,276.8414611
26/11/2021 20:00,286.21545,275.9912073
26/11/2021 21:00,286.06772,275.3933671
26/11/2021 22:00,285.8638,274.7628766
26/11/2021 23:00,285.7328,276.7530899
27/11/2021 0:00,285.047,278.3651255
27/11/2021 1:00,284.62164,278.174506
27/11/2021 2:00,284.52325,273.9168965
27/11/2021 3:00,284.17664,278.4960054
27/11/2021 4:00,283.53833,275.7469187
27/11/2021 5:00,283.3755,277.4642211
27/11/2021 6:00,283.4301,274.8991278
27/11/2021 7:00,285.24167,275.7609843
27/11/2021 8:00,285.6824,276.7983786
27/11/2021 9:00,286.8588,274.8958665
27/11/2021 10:00,287.4865,280.1090742
27/11/2021 11:00,288.1532,283.2228346
27/11/2021 12:00,287.9148,281.4913999
27/11/2021 13:00,286.99033,284.8735584
27/11/2021 14:00,286.91846,282.039024
27/11/2021 15:00,286.6403,282.8484625
27/11/2021 16:00,285.8569,276.4482983
27/11/2021 17:00,285.50473,283.8092606
27/11/2021 18:00,285.99533,281.2268584
27/11/2021 19:00,286.6472,277.2398497
27/11/2021 20:00,286.89407,272.989502
27/11/2021 21:00,286.85483,276.2296304
27/11/2021 22:00,286.69305,272.2040022
27/11/2021 23:00,286.4077,275.535215
28/11/2021 0:00,286.02582,275.7136292
28/11/2021 1:00,286.1433,273.2410894
28/11/2021 2:00,286.20325,276.3798865
28/11/2021 3:00,286.53528,276.5081151
28/11/2021 4:00,286.60208,277.4035364
28/11/2021 5:00,286.5923,276.3712524
28/11/2021 6:00,286.76865,274.5618148
28/11/2021 7:00,286.9763,280.6657233
28/11/2021 8:00,287.3998,280.0194508
28/11/2021 9:00,287.35312,279.4988402
28/11/2021 10:00,286.9906,285.7032499
28/11/2021 11:00,287.7098,287.5751983
28/11/2021 12:00,287.90445,283.6152046
28/11/2021 13:00,287.5417,287.22789
28/11/2021 14:00,286.92456,282.9517836
28/11/2021 15:00,286.47055,281.3367108
28/11/2021 16:00,286.46738,280.1954762
28/11/2021 17:00,286.6469,284.1883513
28/11/2021 18:00,286.97815,278.8579246
28/11/2021 19:00,286.01947,279.524503
28/11/2021 20:00,286.38065,277.2070842
28/11/2021 21:00,286.57028,277.3931955
28/11/2021 22:00,286.0749,279.7420232
28/11/2021 23:00,285.36206,276.5869746
29/11/2021 0:00,284.47073,275.9202182
29/11/2021 1:00,283.57782,277.9351983
29/11/2021 2:00,283.28452,278.2382402
29/11/2021 3:00,282.7682,276.1039544
29/11/2021 4:00,282.19113,273.5641836
29/11/2021 5:00,281.64484,273.5679699
29/11/2021 6:00,281.2338,274.6435896
29/11/2021 7:00,281.78302,274.8726309
29/11/2021 8:00,283.56882,273.405238
29/11/2021 9:00,284.59033,277.1779923
29/11/2021 10:00,285.11252,276.8624862
29/11/2021 11:00,284.07587,274.5328977
29/11/2021 12:00,282.9199,276.4574555
29/11/2021 13:00,282.23517,277.4044316
29/11/2021 14:00,281.8729,277.8214776
29/11/2021 15:00,281.56104,280.3443099
29/11/2021 16:00,281.25845,276.4929541
29/11/2021 17:00,280.9519,273.9095799
29/11/2021 18:00,280.52493,275.2942397
29/11/2021 19:00,279.79752,274.2645442
29/11/2021 20:00,279.0006,275.3238859
29/11/2021 21:00,278.096,275.5956676
29/11/2021 22:00,277.79688,276.5152244
29/11/2021 23:00,278.00507,274.0174915
30/11/2021 0:00,277.9833,276.6432849
30/11/2021 1:00,278.0353,275.0797402
30/11/2021 2:00,278.15515,271.5897948
30/11/2021 3:00,278.32568,276.1113338
30/11/2021 4:00,278.36334,272.3421653
30/11/2021 5:00,278.31506,269.851094
30/11/2021 6:00,278.20978,274.0262207
30/11/2021 7:00,278.62137,275.8461052
30/11/2021 8:00,279.2178,274.1303402
30/11/2021 9:00,279.8203,275.2731608
30/11/2021 10:00,280.42175,277.3168345
30/11/2021 11:00,280.90814,279.9623788
30/11/2021 12:00,281.26987,281.4926956
30/11/2021 13:00,281.52393,280.118815
30/11/2021 14:00,281.56793,278.7810187
30/11/2021 15:00,281.34357,280.4436409
30/11/2021 16:00,281.1171,277.3812153
30/11/2021 17:00,281.23352,280.2516818
30/11/2021 18:00,281.4385,278.3619885
30/11/2021 19:00,282.0946,279.2246958
30/11/2021 20:00,282.34918,278.4251064
30/11/2021 21:00,282.1739,278.7049624
30/11/2021 22:00,282.11105,278.3396889
30/11/2021 23:00,282.01984,281.7247159
01/12/2021 0:00,281.82736,278.2718563
01/12/2021 1:00,281.60858,278.1009178
01/12/2021 2:00,280.81143,282.8861036
01/12/2021 3:00,282.0904,280.3407494
01/12/2021 4:00,280.60577,274.2051232
01/12/2021 5:00,279.09598,277.2722057
01/12/2021 6:00,279.39905,274.8560189
01/12/2021 7:00,280.59625,277.787774
01/12/2021 8:00,281.48703,274.8414865
01/12/2021 9:00,282.4248,281.3231235
01/12/2021 10:00,283.5801,280.7777733
01/12/2021 11:00,284.43527,283.8825818
01/12/2021 12:00,284.9476,281.6184898
01/12/2021 13:00,285.18924,284.9667685
01/12/2021 14:00,285.1399,283.6601036
01/12/2021 15:00,285.03867,286.0405965
01/12/2021 16:00,284.70383,285.0274984
01/12/2021 17:00,284.92368,283.3233884
01/12/2021 18:00,285.27734,281.1556405
01/12/2021 19:00,285.4258,285.1624202
01/12/2021 20:00,285.60117,278.6662624
01/12/2021 21:00,285.7259,279.0708834
01/12/2021 22:00,285.92667,281.608885
01/12/2021 23:00,286.1158,286.4146176
02/12/2021 0:00,286.32397,282.3060084
02/12/2021 1:00,286.25494,282.3103597
02/12/2021 2:00,286.32504,279.7510291
02/12/2021 3:00,286.38965,283.662365
02/12/2021 4:00,286.16196,283.3039479
02/12/2021 5:00,286.08594,283.0338085
02/12/2021 6:00,286.28226,280.6057633
02/12/2021 7:00,286.38837,279.6015955
02/12/2021 8:00,286.27505,279.887508
02/12/2021 9:00,286.61963,284.7909737
02/12/2021 10:00,286.99683,284.152807
02/12/2021 11:00,287.23593,284.7987557
02/12/2021 12:00,287.46933,286.250149
02/12/2021 13:00,287.56378,285.5786778
02/12/2021 14:00,287.28253,284.3356881
02/12/2021 15:00,286.57178,284.6581392
02/12/2021 16:00,286.48578,282.5881098
02/12/2021 17:00,286.99365,280.844783
02/12/2021 18:00,287.50128,280.6634979
02/12/2021 19:00,287.52628,277.8892695
02/12/2021 20:00,287.3791,279.1442396
02/12/2021 21:00,287.3272,277.6165894
02/12/2021 22:00,286.54425,273.6857318
02/12/2021 23:00,286.26913,277.8884764
03/12/2021 0:00,285.99106,274.6419352
03/12/2021 1:00,286.21216,276.5667999
03/12/2021 2:00,286.0474,278.8971508
03/12/2021 3:00,285.35974,278.9750162
03/12/2021 4:00,285.09225,277.6562818
03/12/2021 5:00,284.97427,276.9142443
03/12/2021 6:00,284.93405,278.7964336
03/12/2021 7:00,284.88788,277.9479536
03/12/2021 8:00,285.2223,276.0365021
03/12/2021 9:00,285.12973,276.1567838
03/12/2021 10:00,284.5954,274.5580696
03/12/2021 11:00,283.78848,278.9874265
03/12/2021 12:00,283.04175,278.8002915
03/12/2021 13:00,282.4356,280.8473097
03/12/2021 14:00,281.78967,279.0209928
03/12/2021 15:00,281.27036,279.6793268
03/12/2021 16:00,281.0143,274.8323385
03/12/2021 17:00,280.95142,276.6470468
03/12/2021 18:00,280.7087,272.2211134
03/12/2021 19:00,280.69263,275.813853
03/12/2021 20:00,280.50052,270.1186239
03/12/2021 21:00,280.1983,272.9043952
03/12/2021 22:00,279.87787,270.3419789
03/12/2021 23:00,279.54285,273.151351
04/12/2021 0:00,279.30692,272.4757283
04/12/2021 1:00,279.07797,271.3642208
04/12/2021 2:00,278.90408,270.7317232
04/12/2021 3:00,278.69147,273.9349603
04/12/2021 4:00,278.48264,271.1508535
04/12/2021 5:00,278.32678,270.9530321
04/12/2021 6:00,278.14062,270.7595453
04/12/2021 7:00,278.68216,274.9183877
04/12/2021 8:00,279.57248,274.4843876
04/12/2021 9:00,280.926,276.4535483
04/12/2021 10:00,282.07092,276.0660347
04/12/2021 11:00,282.97546,276.5285414
04/12/2021 12:00,283.31665,272.5612839
04/12/2021 13:00,283.406,275.7774499
04/12/2021 14:00,283.22705,275.3028004
04/12/2021 15:00,282.8185,270.9853666
04/12/2021 16:00,281.82016,271.072187
04/12/2021 17:00,282.7249,269.1371853
04/12/2021 18:00,282.58875,272.3374752
04/12/2021 19:00,280.35208,274.3116096
04/12/2021 20:00,281.24008,275.0648248
04/12/2021 21:00,281.64523,274.2224424
04/12/2021 22:00,281.99127,272.1881015
04/12/2021 23:00,282.41104,270.8974243
05/12/2021 0:00,282.6995,271.2804881
05/12/2021 1:00,282.9371,272.5066559
05/12/2021 2:00,283.0697,273.259124
05/12/2021 3:00,283.3372,274.5576464
05/12/2021 4:00,283.09045,273.0166585
05/12/2021 5:00,283.65085,275.5575222
05/12/2021 6:00,284.00366,274.6178145
05/12/2021 7:00,284.8275,275.3428486
05/12/2021 8:00,285.37286,277.7299047
05/12/2021 9:00,285.8142,274.2096887
05/12/2021 10:00,286.05078,277.7968206
05/12/2021 11:00,286.36548,277.2610575
05/12/2021 12:00,286.50888,276.7248319
05/12/2021 13:00,286.5091,278.97209
05/12/2021 14:00,286.0059,278.7680701
05/12/2021 15:00,285.54715,275.0727788
05/12/2021 16:00,284.78473,275.925965
05/12/2021 17:00,284.4554,276.5102507
05/12/2021 18:00,283.74783,275.262013
05/12/2021 19:00,283.66162,276.3465529
05/12/2021 20:00,283.8355,275.5975158
05/12/2021 21:00,283.7959,278.0609362
05/12/2021 22:00,282.97482,271.8886545
05/12/2021 23:00,282.82465,274.1902761
06/12/2021 0:00,282.64188,272.684438
06/12/2021 1:00,282.05716,275.3658107
06/12/2021 2:00,282.11517,271.3105799
06/12/2021 3:00,281.69986,274.5960251
06/12/2021 4:00,281.69077,272.749434
06/12/2021 5:00,281.7094,272.5283127
06/12/2021 6:00,281.4078,271.3847957
06/12/2021 7:00,281.09628,273.9346502
06/12/2021 8:00,281.6033,277.1897584
06/12/2021 9:00,282.2444,275.7620501
06/12/2021 10:00,282.63956,277.5623327
06/12/2021 11:00,282.51398,279.9424992
06/12/2021 12:00,282.4034,277.7806062
06/12/2021 13:00,281.97922,276.6227308
06/12/2021 14:00,281.8926,278.2940927
06/12/2021 15:00,281.7414,276.0436143
06/12/2021 16:00,281.4006,275.5872897
06/12/2021 17:00,281.0607,273.4802303
06/12/2021 18:00,280.73752,277.316467
06/12/2021 19:00,281.02512,275.1462654
06/12/2021 20:00,280.6458,275.5256744
06/12/2021 21:00,280.24152,272.8254176
06/12/2021 22:00,280.19873,274.804447
06/12/2021 23:00,279.97296,272.1887843
07/12/2021 0:00,279.86963,272.749317
07/12/2021 1:00,279.67773,274.1324412
07/12/2021 2:00,279.44604,273.6396978
07/12/2021 3:00,279.24826,271.7820966
07/12/2021 4:00,279.00534,268.4806174
07/12/2021 5:00,278.8452,276.9299188
07/12/2021 6:00,278.622,274.7341797
07/12/2021 7:00,278.54132,272.8765878
07/12/2021 8:00,279.00278,271.6330333
07/12/2021 9:00,279.52484,274.2501539
07/12/2021 10:00,280.21356,274.5695787
07/12/2021 11:00,280.8254,278.5143443
07/12/2021 12:00,281.0463,277.1878626
07/12/2021 13:00,281.03635,275.4229892
07/12/2021 14:00,280.75574,275.6175097
07/12/2021 15:00,280.20807,277.432109
07/12/2021 16:00,279.50577,277.3336737
07/12/2021 17:00,278.98224,276.4027885
07/12/2021 18:00,278.5894,274.4763019
07/12/2021 19:00,278.47226,272.6253509
07/12/2021 20:00,278.1639,266.846113
07/12/2021 21:00,278.004,273.048639
07/12/2021 22:00,277.91782,272.461294
07/12/2021 23:00,277.72296,272.1769982
08/12/2021 0:00,277.31424,271.5027678
08/12/2021 1:00,276.84088,268.7887647
08/12/2021 2:00,276.44803,272.6480002
08/12/2021 3:00,276.10727,273.040944
08/12/2021 4:00,275.79764,272.2781713
08/12/2021 5:00,275.58203,272.4550442
08/12/2021 6:00,275.41577,271.4497917
08/12/2021 7:00,276.10492,270.0782578
08/12/2021 8:00,277.10794,273.2412346
08/12/2021 9:00,278.35577,275.6051066
08/12/2021 10:00,279.50577,277.2865365
08/12/2021 11:00,280.38107,279.7761063
08/12/2021 12:00,281.14435,279.508572
08/12/2021 13:00,281.7022,281.8677046
08/12/2021 14:00,281.92776,280.9085824
08/12/2021 15:00,281.93896,275.306138
08/12/2021 16:00,282.1946,267.4097364
08/12/2021 17:00,282.50507,276.0758976
08/12/2021 18:00,282.76813,272.658202
08/12/2021 19:00,282.9782,272.695526
08/12/2021 20:00,282.88693,273.8358596
08/12/2021 21:00,283.04385,273.6530086
08/12/2021 22:00,283.36218,275.4179589
08/12/2021 23:00,283.7186,271.2894615
09/12/2021 0:00,283.9649,272.0396457
09/12/2021 1:00,284.35037,274.6316264
09/12/2021 2:00,284.65448,275.0033057
09/12/2021 3:00,284.91266,275.0243864
09/12/2021 4:00,284.7678,272.4634806
09/12/2021 5:00,284.96622,272.2118485
09/12/2021 6:00,285.0033,273.2164732
09/12/2021 7:00,285.22906,274.8658941
09/12/2021 8:00,284.90628,277.5402523
09/12/2021 9:00,284.59073,272.103469
09/12/2021 10:00,284.49692,275.7496565
09/12/2021 11:00,284.17563,273.8667358
09/12/2021 12:00,283.87616,273.4054692
09/12/2021 13:00,283.693,277.884618
09/12/2021 14:00,283.29144,276.5781086
09/12/2021 15:00,282.66266,275.6901745
09/12/2021 16:00,281.81467,275.9315709
09/12/2021 17:00,281.43112,273.096219
09/12/2021 18:00,281.7022,272.9326284
09/12/2021 19:00,281.62213,277.9276718
09/12/2021 20:00,281.67847,273.4390364
09/12/2021 21:00,281.9214,274.9487795
09/12/2021 22:00,282.03958,272.9235572
09/12/2021 23:00,281.88412,269.0107211
10/12/2021 0:00,281.92627,268.1594835
10/12/2021 1:00,281.83667,270.475353
10/12/2021 2:00,281.67276,273.0830497
10/12/2021 3:00,281.03296,272.2150177
10/12/2021 4:00,280.95905,271.925827
10/12/2021 5:00,280.60007,268.254863
10/12/2021 6:00,280.56512,273.1912937
10/12/2021 7:00,280.66064,269.5085344
10/12/2021 8:00,281.433,272.4520633
10/12/2021 9:00,281.80005,273.1212447
10/12/2021 10:00,282.43137,274.004674
10/12/2021 11:00,282.68085,277.689541
10/12/2021 12:00,282.35535,274.9354088
10/12/2021 13:00,282.3384,274.4407207
10/12/2021 14:00,282.26874,276.980442
10/12/2021 15:00,281.78098,275.6293075
10/12/2021 16:00,281.42877,281.7279147
10/12/2021 17:00,281.50247,276.3113708
10/12/2021 18:00,281.7903,274.0010805
10/12/2021 19:00,281.3894,272.038702
10/12/2021 20:00,281.72275,270.4798681
10/12/2021 21:00,282.12534,271.9439361
10/12/2021 22:00,282.27295,274.0826216
10/12/2021 23:00,282.17764,276.4836684
11/12/2021 0:00,281.81085,276.0311282
11/12/2021 1:00,281.63083,274.4313433
11/12/2021 2:00,281.5783,273.3437374
11/12/2021 3:00,280.87943,274.3476219
11/12/2021 4:00,280.45923,272.8095176
11/12/2021 5:00,280.5323,276.7433661
11/12/2021 6:00,280.3309,273.3216574
11/12/2021 7:00,280.64075,274.0475903
11/12/2021 8:00,280.87646,270.7338752
11/12/2021 9:00,281.43558,274.8441731
11/12/2021 10:00,282.1607,277.2500593
11/12/2021 11:00,282.79416,274.0429924
11/12/2021 12:00,282.9172,274.9723414
11/12/2021 13:00,282.8594,277.8026921
11/12/2021 14:00,282.47372,273.3054734
11/12/2021 15:00,281.7312,277.3168968
11/12/2021 16:00,280.94443,273.9459746
11/12/2021 17:00,280.5283,273.9612614
11/12/2021 18:00,280.42047,272.3129758
11/12/2021 19:00,279.8241,274.8379921
11/12/2021 20:00,280.13754,278.6340328
11/12/2021 21:00,280.3148,275.6169876
11/12/2021 22:00,280.41623,272.5477737
11/12/2021 23:00,280.26312,275.7553265
12/12/2021 0:00,280.1981,272.8059338
12/12/2021 1:00,280.2485,275.6961108
12/12/2021 2:00,280.15573,274.5432706
12/12/2021 3:00,279.85077,267.7982037
12/12/2021 4:00,279.5873,271.2554787
12/12/2021 5:00,279.44098,274.7443338
12/12/2021 6:00,279.31454,273.4228917
12/12/2021 7:00,279.48502,271.9801332
12/12/2021 8:00,279.222,273.3198386
12/12/2021 9:00,278.9401,271.70803
12/12/2021 10:00,278.7154,275.6089774
12/12/2021 11:00,278.5915,280.2881743
12/12/2021 12:00,278.59552,278.1216868
12/12/2021 13:00,278.67685,280.5800902
12/12/2021 14:00,278.7607,277.8670348
12/12/2021 15:00,278.79376,277.5462458
12/12/2021 16:00,278.81854,278.8454497
12/12/2021 17:00,278.79883,275.6878023
12/12/2021 18:00,278.7891,274.4511515
12/12/2021 19:00,279.44604,276.9638671
12/12/2021 20:00,279.36728,277.6334264
12/12/2021 21:00,279.1915,274.2063228
12/12/2021 22:00,279.0081,273.4449849
12/12/2021 23:00,278.82022,274.5554295
13/12/2021 0:00,278.73953,275.4220105
13/12/2021 1:00,278.7349,274.9635116
13/12/2021 2:00,278.67072,270.2954625
13/12/2021 3:00,278.5824,275.3373408
13/12/2021 4:00,278.37378,270.4552323
13/12/2021 5:00,278.18616,271.4883696
13/12/2021 6:00,278.06226,270.5691185
13/12/2021 7:00,278.978,277.7370137
13/12/2021 8:00,279.80078,274.8052754
13/12/2021 9:00,280.67484,274.1930392
13/12/2021 10:00,281.43875,278.0288243
13/12/2021 11:00,282.0434,278.193916
13/12/2021 12:00,282.48495,276.7421045
13/12/2021 13:00,282.78464,278.7104569
13/12/2021 14:00,282.75497,275.5055368
13/12/2021 15:00,282.35873,275.7844001
13/12/2021 16:00,281.80597,272.8448654
13/12/2021 17:00,281.3608,273.9429268
13/12/2021 18:00,280.85907,279.5895447
13/12/2021 19:00,280.27054,279.1522758
13/12/2021 20:00,279.90985,276.5021249
13/12/2021 21:00,279.50812,279.5148033
13/12/2021 22:00,279.13748,276.3226178
13/12/2021 23:00,278.74927,276.1744267
14/12/2021 0:00,278.44727,276.7030064
14/12/2021 1:00,278.17026,276.2736242
14/12/2021 2:00,278.0218,275.8922565
14/12/2021 3:00,277.96524,278.1633816
14/12/2021 4:00,278.05377,276.0740908
14/12/2021 5:00,278.21664,276.8334751
14/12/2021 6:00,278.36044,276.9822004
14/12/2021 7:00,279.3946,275.7307798
14/12/2021 8:00,279.91855,274.2430684
14/12/2021 9:00,280.8809,274.652283
14/12/2021 10:00,281.84326,277.8450856
14/12/2021 11:00,282.64972,277.6677901
14/12/2021 12:00,283.1906,278.2927198
14/12/2021 13:00,283.4954,278.3606041
14/12/2021 14:00,283.39096,282.9692432
14/12/2021 15:00,282.87738,275.7317484
14/12/2021 16:00,282.16727,274.2669754
14/12/2021 17:00,281.45886,278.0842289
14/12/2021 18:00,280.70087,276.36298
14/12/2021 19:00,280.466,277.6365805
14/12/2021 20:00,279.9988,277.6561424
14/12/2021 21:00,279.52335,278.4494558
14/12/2021 22:00,279.19128,273.3192442
14/12/2021 23:00,278.9687,275.1340257
15/12/2021 0:00,278.80582,276.6954712
15/12/2021 1:00,278.54407,277.0391129
15/12/2021 2:00,278.26303,279.182523
15/12/2021 3:00,277.96185,276.5337745
15/12/2021 4:00,277.68338,274.6436502
15/12/2021 5:00,277.47433,273.1980765
15/12/2021 6:00,277.3314,273.7921455
15/12/2021 7:00,278.1516,274.2885925
15/12/2021 8:00,279.12964,277.7364697
15/12/2021 9:00,280.5541,278.6528705
15/12/2021 10:00,281.78522,276.556122
15/12/2021 11:00,282.75055,278.3148049
15/12/2021 12:00,283.29312,280.7366969
15/12/2021 13:00,283.57205,279.7447007
15/12/2021 14:00,283.48712,280.0702442
15/12/2021 15:00,283.0496,279.454956
15/12/2021 16:00,282.34073,281.0340146
15/12/2021 17:00,281.85236,278.2734064
15/12/2021 18:00,281.46796,276.7182795
15/12/2021 19:00,281.5796,274.6354948
15/12/2021 20:00,281.15707,276.4641768
15/12/2021 21:00,280.81693,271.6414504
15/12/2021 22:00,280.75955,275.294287
15/12/2021 23:00,280.3652,275.2386942
16/12/2021 0:00,279.86792,272.1637242
16/12/2021 1:00,279.36707,272.1268981
16/12/2021 2:00,278.95578,275.1070921
16/12/2021 3:00,278.70947,274.7390734
16/12/2021 4:00,278.46295,275.0779743
16/12/2021 5:00,278.44113,275.8480869
16/12/2021 6:00,278.169,275.938644
16/12/2021 7:00,278.75204,278.154051
16/12/2021 8:00,279.74487,277.0285368
16/12/2021 9:00,280.91562,275.6769317
16/12/2021 10:00,281.9339,281.9649507
16/12/2021 11:00,282.73804,280.186524
16/12/2021 12:00,283.33063,278.4710746
16/12/2021 13:00,283.63327,277.244232
16/12/2021 14:00,283.59006,279.9167677
16/12/2021 15:00,283.2137,278.8716197
16/12/2021 16:00,282.56693,281.8151705
16/12/2021 17:00,281.97073,278.3423146
16/12/2021 18:00,281.51096,277.4558491
16/12/2021 19:00,280.8828,280.4590883
16/12/2021 20:00,280.31714,280.6011154
16/12/2021 21:00,279.73154,279.3033562
16/12/2021 22:00,280.21674,280.3459838
16/12/2021 23:00,280.68033,279.2509054
17/12/2021 0:00,280.44208,279.9302106
17/12/2021 1:00,280.24405,281.6450088
17/12/2021 2:00,279.96683,280.52531
17/12/2021 3:00,279.77728,278.6151879
17/12/2021 4:00,279.67648,280.7047435
17/12/2021 5:00,279.68433,273.6611417
17/12/2021 6:00,279.75864,281.0838301
17/12/2021 7:00,280.09583,274.4835226
17/12/2021 8:00,281.13525,276.8332102
17/12/2021 9:00,282.39938,278.9213314
17/12/2021 10:00,283.39267,279.4325968
17/12/2021 11:00,283.99033,281.8326096
17/12/2021 12:00,284.20996,278.34637
17/12/2021 13:00,284.23154,280.7063911
17/12/2021 14:00,283.98145,279.0061135
17/12/2021 15:00,283.29843,279.6831452
17/12/2021 16:00,282.5523,278.1069292
17/12/2021 17:00,281.95062,277.7801008
17/12/2021 18:00,281.42413,276.3631434
17/12/2021 19:00,281.6518,276.3114065
17/12/2021 20:00,281.1717,277.5486387
17/12/2021 21:00,280.6204,278.517345
17/12/2021 22:00,280.1168,275.6935742
17/12/2021 23:00,279.64725,275.3337876
18/12/2021 0:00,279.2995,278.1002418
18/12/2021 1:00,279.11884,276.8756056
18/12/2021 2:00,278.9924,278.0264142
18/12/2021 3:00,278.95874,274.7686099
18/12/2021 4:00,278.83527,273.1013559
18/12/2021 5:00,278.7027,275.1785478
18/12/2021 6:00,278.59067,274.3036641
18/12/2021 7:00,279.25143,275.4807206
18/12/2021 8:00,279.79083,275.0744597
18/12/2021 9:00,280.35864,278.5483351
18/12/2021 10:00,280.84637,277.4925333
18/12/2021 11:00,281.21637,278.7055122
18/12/2021 12:00,281.47263,278.6372013
18/12/2021 13:00,281.4883,278.5237753
18/12/2021 14:00,281.21783,277.8503308
18/12/2021 15:00,280.63882,278.3591162
18/12/2021 16:00,280.03885,275.2223821
18/12/2021 17:00,279.6443,278.2183668
18/12/2021 18:00,279.30203,274.8703961
18/12/2021 19:00,279.2101,272.0606403
18/12/2021 20:00,279.0212,275.2181102
18/12/2021 21:00,278.8088,273.9156946
18/12/2021 22:00,278.4746,276.8142988
18/12/2021 23:00,277.95615,279.5222999
19/12/2021 0:00,277.26172,274.4024845
19/12/2021 1:00,276.65686,276.7105309
19/12/2021 2:00,276.3358,273.2652776
19/12/2021 3:00,276.28494,277.0010518
19/12/2021 4:00,276.3252,274.447088
19/12/2021 5:00,276.34235,274.4919886
19/12/2021 6:00,276.3574,273.1414365
19/12/2021 7:00,276.86377,275.6215284
19/12/2021 8:00,277.69098,277.0977152
19/12/2021 9:00,279.06717,277.7474088
19/12/2021 10:00,280.42386,277.7560826
19/12/2021 11:00,281.68378,283.3004334
19/12/2021 12:00,282.7141,279.783072
19/12/2021 13:00,283.43503,277.4736427
19/12/2021 14:00,283.78638,281.5745005
19/12/2021 15:00,283.74295,277.457355
19/12/2021 16:00,283.4831,279.4124606
19/12/2021 17:00,283.22855,275.3741406
19/12/2021 18:00,282.81937,277.934441
19/12/2021 19:00,282.55908,280.1892331
19/12/2021 20:00,281.89767,272.3214955
19/12/2021 21:00,281.29196,272.7624316
19/12/2021 22:00,280.66785,273.8787138
19/12/2021 23:00,280.08417,277.0532836
20/12/2021 0:00,279.66693,273.7349007
20/12/2021 1:00,279.524,274.3130559
20/12/2021 2:00,279.50156,275.9746995
20/12/2021 3:00,279.21902,273.853469
20/12/2021 4:00,278.79037,274.5574734
20/12/2021 5:00,278.493,271.2769211
20/12/2021 6:00,278.20773,277.8610656
20/12/2021 7:00,278.62115,271.7067561
20/12/2021 8:00,279.2603,275.114249
20/12/2021 9:00,281.20325,277.1829462
20/12/2021 10:00,282.90555,281.5594514
20/12/2021 11:00,283.3145,275.9789687
20/12/2021 12:00,283.41235,281.8982448
20/12/2021 13:00,283.40134,279.5157389
20/12/2021 14:00,283.08154,278.2674142
20/12/2021 15:00,282.34116,275.0075252
20/12/2021 16:00,281.5673,277.0517057
20/12/2021 17:00,280.8218,273.8624112
20/12/2021 18:00,280.01596,276.6407537
20/12/2021 19:00,279.36072,273.2186649
20/12/2021 20:00,278.75775,274.7192137
20/12/2021 21:00,278.1459,273.4485603
20/12/2021 22:00,277.6643,272.1704867
20/12/2021 23:00,277.3013,274.8600627
21/12/2021 0:00,276.99295,274.1564393
21/12/2021 1:00,276.7689,275.0051231
21/12/2021 2:00,276.60834,269.3914417
21/12/2021 3:00,276.41394,274.010103
21/12/2021 4:00,276.23624,275.8678218
21/12/2021 5:00,276.03842,269.6577771
21/12/2021 6:00,275.80548,273.7029888
21/12/2021 7:00,276.47195,270.2305487
21/12/2021 8:00,277.38263,269.9255427
21/12/2021 9:00,278.53708,273.7797424
21/12/2021 10:00,279.00153,276.972222
21/12/2021 11:00,279.32578,274.1241367
21/12/2021 12:00,279.59918,274.8739389
21/12/2021 13:00,279.783,277.0299325
21/12/2021 14:00,279.72476,275.6376617
21/12/2021 15:00,279.46512,276.1431057
21/12/2021 16:00,278.6904,274.8974874
21/12/2021 17:00,278.0739,274.8741349
21/12/2021 18:00,277.58743,272.9657654
21/12/2021 19:00,277.13803,273.0059624
21/12/2021 20:00,277.1914,270.5073529
21/12/2021 21:00,276.8608,274.6187297
21/12/2021 22:00,276.67358,271.3021424
21/12/2021 23:00,276.55414,274.5349243
22/12/2021 0:00,276.50204,272.0092476
22/12/2021 1:00,276.48996,272.8729482
22/12/2021 2:00,276.49463,271.4567379
22/12/2021 3:00,276.48785,270.3966781
22/12/2021 4:00,276.61914,268.9600303
22/12/2021 5:00,276.8303,269.9965196
22/12/2021 6:00,276.84915,271.3031618
22/12/2021 7:00,277.94556,271.5501555
22/12/2021 8:00,278.43307,274.0189433
22/12/2021 9:00,279.23618,273.5892805
22/12/2021 10:00,280.50964,273.7564796
22/12/2021 11:00,281.40866,273.3974313
22/12/2021 12:00,281.76974,277.0615829
22/12/2021 13:00,281.74817,278.5857703
22/12/2021 14:00,281.63953,278.0200762
22/12/2021 15:00,281.2009,276.2931806
22/12/2021 16:00,280.74387,274.9225944
22/12/2021 17:00,280.33768,275.5599422
22/12/2021 18:00,279.93866,272.1838446
22/12/2021 19:00,279.61273,271.9567202
22/12/2021 20:00,279.1055,269.7361086
22/12/2021 21:00,278.79926,267.508773
22/12/2021 22:00,278.45108,268.5919682
22/12/2021 23:00,278.29352,269.5543027
23/12/2021 0:00,278.0936,269.575754
23/12/2021 1:00,277.97372,272.6620774
23/12/2021 2:00,277.89493,269.493167
23/12/2021 3:00,277.87778,271.6722171
23/12/2021 4:00,277.8947,269.0083179
23/12/2021 5:00,277.91846,269.4127153
23/12/2021 6:00,277.88943,268.0535814
23/12/2021 7:00,278.99326,270.0523678
23/12/2021 8:00,279.53925,273.189662
23/12/2021 9:00,280.764,273.4725193
23/12/2021 10:00,281.44678,275.9886161
23/12/2021 11:00,282.06985,275.3136058
23/12/2021 12:00,281.94913,275.1548946
23/12/2021 13:00,282.15607,279.4471069
23/12/2021 14:00,282.17892,275.2956212
23/12/2021 15:00,282.11414,276.5678667
23/12/2021 16:00,281.60965,273.3911237
23/12/2021 17:00,282.04022,275.1991191
23/12/2021 18:00,281.7541,276.0155478
23/12/2021 19:00,280.2339,274.6259332
23/12/2021 20:00,280.14282,270.9402928
23/12/2021 21:00,279.9859,276.0437481
23/12/2021 22:00,279.58563,279.0604666
23/12/2021 23:00,279.7862,278.6148085
24/12/2021 0:00,281.42667,278.743864
24/12/2021 1:00,280.65704,275.1841139
24/12/2021 2:00,280.55728,277.3333122
24/12/2021 3:00,281.60648,279.4184598
24/12/2021 4:00,282.4392,279.4142803
24/12/2021 5:00,282.33713,280.9486335
24/12/2021 6:00,282.2109,278.5325015
24/12/2021 7:00,280.23346,280.0058878
24/12/2021 8:00,282.48453,280.4403643
24/12/2021 9:00,283.7095,280.2840966
24/12/2021 10:00,284.4482,279.3646504
24/12/2021 11:00,284.76526,285.0705422
24/12/2021 12:00,284.9404,285.0977263
24/12/2021 13:00,284.98148,283.7104193
24/12/2021 14:00,285.0247,281.4802678
24/12/2021 15:00,284.94547,284.8460876
24/12/2021 16:00,284.97873,282.8880119
24/12/2021 17:00,285.0935,284.2422326
24/12/2021 18:00,285.25488,286.4388861
24/12/2021 19:00,285.37646,279.9969002
24/12/2021 20:00,285.48193,282.4195586
24/12/2021 21:00,285.47748,283.1775183
24/12/2021 22:00,285.57385,286.1696865
24/12/2021 23:00,285.58105,280.4646146
25/12/2021 0:00,285.57278,286.6858533
25/12/2021 1:00,285.4743,283.3342242
25/12/2021 2:00,285.34256,283.0145388
25/12/2021 3:00,285.58548,282.7829639
25/12/2021 4:00,285.69626,282.2601831
25/12/2021 5:00,285.74158,284.8480472
25/12/2021 6:00,285.7297,280.8376557
25/12/2021 7:00,285.8765,283.3666102
25/12/2021 8:00,286.14694,282.6572175
25/12/2021 9:00,286.33054,283.0034131
25/12/2021 10:00,286.44702,290.2435459
25/12/2021 11:00,286.4197,286.9200151
25/12/2021 12:00,286.55038,287.2612463
25/12/2021 13:00,286.32016,287.8469738
25/12/2021 14:00,286.24033,282.9335538
25/12/2021 15:00,286.12808,287.9261181
25/12/2021 16:00,285.9574,279.584621
25/12/2021 17:00,286.0279,282.3894696
25/12/2021 18:00,286.19946,282.8151188
25/12/2021 19:00,286.0889,284.705289
25/12/2021 20:00,285.90167,283.3425249
25/12/2021 21:00,285.90085,282.0457638
25/12/2021 22:00,285.84576,280.9799547
25/12/2021 23:00,285.74835,277.9579491
26/12/2021 0:00,285.65622,276.0626625
26/12/2021 1:00,285.65643,279.0624181
26/12/2021 2:00,285.82184,278.0451083
26/12/2021 3:00,286.02853,278.4975775
26/12/2021 4:00,286.25156,273.3237197
26/12/2021 5:00,286.41864,275.381787
26/12/2021 6:00,286.4032,273.2216406
26/12/2021 7:00,286.62918,275.4933431
26/12/2021 8:00,286.78525,275.2145539
26/12/2021 9:00,287.1724,273.8635467
26/12/2021 10:00,287.46402,273.031534
26/12/2021 11:00,287.70587,275.4997246
26/12/2021 12:00,287.54324,274.9851355
26/12/2021 13:00,287.47928,272.7653783
26/12/2021 14:00,287.18277,271.6361374
26/12/2021 15:00,286.96103,273.4754041
26/12/2021 16:00,286.72046,276.6370295
26/12/2021 17:00,286.67172,275.9344947
26/12/2021 18:00,286.62302,271.8749487
26/12/2021 19:00,286.7681,271.6581606
26/12/2021 20:00,286.64612,275.9219638
26/12/2021 21:00,286.06793,271.5268163
26/12/2021 22:00,285.857,274.3359992
26/12/2021 23:00,285.74115,272.2197936
27/12/2021 0:00,285.51602,276.0263847
27/12/2021 1:00,285.5298,271.655566
27/12/2021 2:00,285.44296,274.9463067
27/12/2021 3:00,285.26782,273.1026941
27/12/2021 4:00,285.296,273.0121859
27/12/2021 5:00,285.11682,268.8406823
27/12/2021 6:00,284.83746,268.2657588
27/12/2021 7:00,284.79257,271.3096355
27/12/2021 8:00,285.10645,272.3561983
27/12/2021 9:00,285.50076,270.3180239
27/12/2021 10:00,286.08954,270.8619092
27/12/2021 11:00,286.47137,274.7218339
27/12/2021 12:00,286.50653,275.1793067
27/12/2021 13:00,286.33032,274.1701496
27/12/2021 14:00,286.0654,275.7141381
27/12/2021 15:00,285.67233,271.9678509
27/12/2021 16:00,284.82477,273.3126755
27/12/2021 17:00,285.14328,276.7187828
27/12/2021 18:00,285.034,273.6120718
27/12/2021 19:00,283.58328,273.5291047
27/12/2021 20:00,282.57602,277.1510952
27/12/2021 21:00,282.98224,270.3899177
27/12/2021 22:00,283.03708,274.2505639
27/12/2021 23:00,283.08282,275.5725956
28/12/2021 0:00,282.9744,272.1106972
28/12/2021 1:00,282.65988,273.9966446
28/12/2021 2:00,282.38266,270.6404154
28/12/2021 3:00,282.1677,271.06215
28/12/2021 4:00,282.14948,272.9308154
28/12/2021 5:00,282.08426,273.4302558
28/12/2021 6:00,282.11688,274.2680423
28/12/2021 7:00,282.50275,275.3660907
28/12/2021 8:00,283.13937,273.0117524
28/12/2021 9:00,284.10068,275.8579809
28/12/2021 10:00,284.92767,273.9325389
28/12/2021 11:00,285.68353,276.9974121
28/12/2021 12:00,286.18674,276.7682526
28/12/2021 13:00,286.27655,277.8349283
28/12/2021 14:00,286.08234,277.8305565
28/12/2021 15:00,285.87183,273.3808986
28/12/2021 16:00,285.3845,273.4827437
28/12/2021 17:00,284.43762,275.3411111
28/12/2021 18:00,284.39694,271.9907096
28/12/2021 19:00,284.22095,275.5775997
28/12/2021 20:00,283.76837,275.3676318
28/12/2021 21:00,283.90073,274.6135277
28/12/2021 22:00,283.1233,272.4200171
28/12/2021 23:00,283.2785,277.1776866
29/12/2021 0:00,283.66205,278.4282489
29/12/2021 1:00,283.37933,275.0794814
29/12/2021 2:00,283.30328,276.1422503
29/12/2021 3:00,283.02057,275.8266561
29/12/2021 4:00,283.14764,276.9208053
29/12/2021 5:00,282.62262,276.3471132
29/12/2021 6:00,282.608,276.6833485
29/12/2021 7:00,283.11163,277.1420687
29/12/2021 8:00,283.43524,280.7529029
29/12/2021 9:00,284.20465,275.8324436
29/12/2021 10:00,284.84402,279.7319028
29/12/2021 11:00,285.03845,278.8701626
29/12/2021 12:00,285.34766,284.6148742
29/12/2021 13:00,285.87372,280.8655651
29/12/2021 14:00,286.0103,278.8330586
29/12/2021 15:00,285.82883,281.6990619
29/12/2021 16:00,285.24326,282.8703222
29/12/2021 17:00,284.94525,280.6596362
29/12/2021 18:00,284.6782,279.3420362
29/12/2021 19:00,284.19385,278.4402751
29/12/2021 20:00,283.58667,280.4961122
29/12/2021 21:00,282.92462,276.2479763
29/12/2021 22:00,282.22552,276.9729714
29/12/2021 23:00,281.7094,276.182895
30/12/2021 0:00,281.25046,275.1245391
30/12/2021 1:00,280.79935,276.2146539
30/12/2021 2:00,280.47638,278.4629349
30/12/2021 3:00,280.2428,277.5997388
30/12/2021 4:00,280.0702,277.6352311
30/12/2021 5:00,280.10767,276.6466942
30/12/2021 6:00,280.14706,277.4353697
30/12/2021 7:00,281.36017,275.2591321
30/12/2021 8:00,282.48135,276.88147
30/12/2021 9:00,284.12164,278.2933075
30/12/2021 10:00,285.5357,279.0212506
30/12/2021 11:00,286.32397,279.8273334
30/12/2021 12:00,286.69037,279.3882549
30/12/2021 13:00,286.93753,279.6836235
30/12/2021 14:00,286.93985,286.376224
30/12/2021 15:00,286.54254,281.8178474
30/12/2021 16:00,286.01923,280.4570868
30/12/2021 17:00,285.60052,278.8840849
30/12/2021 18:00,284.95755,278.4025166
30/12/2021 19:00,284.62546,278.4953989
30/12/2021 20:00,283.9077,279.4671312
30/12/2021 21:00,283.20758,275.7773269
30/12/2021 22:00,282.48856,276.6622135
30/12/2021 23:00,281.91357,278.2055038
31/12/2021 0:00,281.59164,279.0272225
31/12/2021 1:00,281.37604,277.0050702
31/12/2021 2:00,281.22464,279.4905652
31/12/2021 3:00,281.12338,273.9920457
31/12/2021 4:00,280.90335,275.0422118
31/12/2021 5:00,280.73456,278.5791628
31/12/2021 6:00,280.67822,275.5544368
31/12/2021 7:00,281.24368,277.7136656
31/12/2021 8:00,282.30368,281.6522833
31/12/2021 9:00,284.22626,279.4849272
31/12/2021 10:00,286.25558,282.4718171
31/12/2021 11:00,287.77536,283.6902423
31/12/2021 12:00,288.83173,281.7065574
31/12/2021 13:00,289.29468,285.0922057
31/12/2021 14:00,289.10196,286.9170654
31/12/2021 15:00,288.4537,284.7902664
31/12/2021 16:00,287.6491,282.5537726
31/12/2021 17:00,287.02753,279.1081916
31/12/2021 18:00,286.43878,277.5982474
31/12/2021 19:00,286.09653,279.4344488
31/12/2021 20:00,285.52386,275.8605821
31/12/2021 21:00,284.86435,277.2094956
31/12/2021 22:00,283.71902,276.8110391
31/12/2021 23:00,283.10443,278.6064477
