datetime,t2m,predicted_t2m
01/01/2021 0:00,275.14166,273.3508676
01/01/2021 1:00,274.80682,271.8047209
01/01/2021 2:00,275.283,272.9290672
01/01/2021 3:00,274.7194,274.305978
01/01/2021 4:00,275.32883,270.8981278
01/01/2021 5:00,275.49966,270.8052069
01/01/2021 6:00,275.39383,274.0333027
01/01/2021 7:00,275.48856,273.2507466
01/01/2021 8:00,276.96365,273.436733
01/01/2021 9:00,279.2485,278.0815441
01/01/2021 10:00,280.54346,278.2735936
01/01/2021 11:00,281.42072,279.8809097
01/01/2021 12:00,281.91348,281.891283
01/01/2021 13:00,282.08533,278.3403276
01/01/2021 14:00,281.96237,278.1782308
01/01/2021 15:00,281.6482,278.7888396
01/01/2021 16:00,281.09518,276.5435248
01/01/2021 17:00,280.81,277.921439
01/01/2021 18:00,280.52228,274.8817573
01/01/2021 19:00,280.46057,273.7849109
01/01/2021 20:00,280.3565,278.2057766
01/01/2021 21:00,280.35602,274.9878271
01/01/2021 22:00,280.47568,275.5161926
01/01/2021 23:00,280.2905,272.809112
02/01/2021 0:00,280.2414,274.3533207
02/01/2021 1:00,280.16907,275.3960176
02/01/2021 2:00,279.72617,272.9038564
02/01/2021 3:00,279.77127,274.831324
02/01/2021 4:00,279.72137,272.7171963
02/01/2021 5:00,279.77002,273.0702836
02/01/2021 6:00,280.0557,272.2159408
02/01/2021 7:00,280.8473,277.0830938
02/01/2021 8:00,281.45547,275.6156024
02/01/2021 9:00,282.16116,277.0840231
02/01/2021 10:00,282.64462,282.6371372
02/01/2021 11:00,283.41202,280.6354625
02/01/2021 12:00,283.21298,284.0109629
02/01/2021 13:00,282.72876,280.1997155
02/01/2021 14:00,282.56097,280.7211698
02/01/2021 15:00,282.43777,282.4213287
02/01/2021 16:00,282.24606,282.4675182
02/01/2021 17:00,282.22287,281.0029987
02/01/2021 18:00,282.12766,280.1923943
02/01/2021 19:00,281.76736,279.1844409
02/01/2021 20:00,281.64392,276.9361735
02/01/2021 21:00,281.64517,278.0814065
02/01/2021 22:00,281.42548,278.2824362
02/01/2021 23:00,281.09268,280.548022
03/01/2021 0:00,280.91608,278.9930225
03/01/2021 1:00,281.0143,275.0992037
03/01/2021 2:00,280.8206,278.096609
03/01/2021 3:00,280.3749,276.191779
03/01/2021 4:00,279.68234,275.1193634
03/01/2021 5:00,280.04285,277.0720854
03/01/2021 6:00,280.05344,277.3283742
03/01/2021 7:00,280.23257,277.0976222
03/01/2021 8:00,280.6072,275.3215889
03/01/2021 9:00,281.2552,279.029518
03/01/2021 10:00,281.69556,282.2417926
03/01/2021 11:00,282.0072,284.8947926
03/01/2021 12:00,282.1964,283.0157357
03/01/2021 13:00,281.9601,283.8171553
03/01/2021 14:00,281.84573,281.8792154
03/01/2021 15:00,280.88406,280.2947932
03/01/2021 16:00,280.57117,281.6808833
03/01/2021 17:00,280.11212,280.9312861
03/01/2021 18:00,280.08795,277.197282
03/01/2021 19:00,279.71786,280.8699709
03/01/2021 20:00,279.17014,279.4249239
03/01/2021 21:00,279.37445,277.1172124
03/01/2021 22:00,279.4047,278.2719772
03/01/2021 23:00,279.4279,279.7973349
04/01/2021 0:00,279.18552,276.5060088
04/01/2021 1:00,279.186,278.3416625
04/01/2021 2:00,279.18423,270.2038524
04/01/2021 3:00,279.01846,276.2415569
04/01/2021 4:00,279.252,275.0168485
04/01/2021 5:00,279.0666,274.390522
04/01/2021 6:00,279.153,274.9610954
04/01/2021 7:00,277.97192,270.8849052
04/01/2021 8:00,278.89453,274.7593424
04/01/2021 9:00,280.745,277.3106748
04/01/2021 10:00,281.46732,280.5260919
04/01/2021 11:00,282.2163,277.9602304
04/01/2021 12:00,282.3748,278.2310239
04/01/2021 13:00,282.2856,278.9914812
04/01/2021 14:00,281.7835,281.2951588
04/01/2021 15:00,281.2713,279.6706332
04/01/2021 16:00,279.64175,277.4126456
04/01/2021 17:00,278.55542,278.8381697
04/01/2021 18:00,277.90063,277.7516127
04/01/2021 19:00,275.36966,279.0894649
04/01/2021 20:00,274.6665,276.0371858
04/01/2021 21:00,273.9447,276.6903997
04/01/2021 22:00,273.37027,276.773208
04/01/2021 23:00,273.0997,275.010411
05/01/2021 0:00,272.9581,278.1868635
05/01/2021 1:00,272.88,277.9316031
05/01/2021 2:00,272.88126,277.3319264
05/01/2021 3:00,273.16116,276.8118778
05/01/2021 4:00,273.01605,274.6010169
05/01/2021 5:00,272.98404,276.2743846
05/01/2021 6:00,273.05536,276.2608217
05/01/2021 7:00,273.26218,275.6122078
05/01/2021 8:00,275.56717,276.9125379
05/01/2021 9:00,278.21027,278.0581603
05/01/2021 10:00,279.99625,280.76732
05/01/2021 11:00,280.61426,278.0180956
05/01/2021 12:00,280.8042,278.7971519
05/01/2021 13:00,280.47845,278.7493285
05/01/2021 14:00,280.1532,275.6440511
05/01/2021 15:00,280.00406,278.7906779
05/01/2021 16:00,279.4231,278.2911386
05/01/2021 17:00,279.56265,281.7812547
05/01/2021 18:00,279.6967,276.8777593
05/01/2021 19:00,279.84735,277.7570465
05/01/2021 20:00,280.2996,277.1216466
05/01/2021 21:00,280.3691,274.9174765
05/01/2021 22:00,280.29352,279.0200605
05/01/2021 23:00,280.01212,278.2724811
06/01/2021 0:00,279.49515,278.3185817
06/01/2021 1:00,278.8905,275.4418373
06/01/2021 2:00,278.66577,279.6738899
06/01/2021 3:00,278.3944,274.5094144
06/01/2021 4:00,278.31656,277.5818013
06/01/2021 5:00,278.17877,279.5454087
06/01/2021 6:00,278.02734,273.192878
06/01/2021 7:00,277.94522,273.3701215
06/01/2021 8:00,278.42844,275.9174512
06/01/2021 9:00,279.314,277.5344307
06/01/2021 10:00,280.419,277.5681724
06/01/2021 11:00,280.95035,281.6605493
06/01/2021 12:00,281.27332,280.4670709
06/01/2021 13:00,281.37335,283.5168066
06/01/2021 14:00,281.05817,280.701882
06/01/2021 15:00,280.10938,283.7210136
06/01/2021 16:00,278.78015,278.0430254
06/01/2021 17:00,277.07855,277.2320808
06/01/2021 18:00,275.52863,277.6955931
06/01/2021 19:00,276.3953,272.9152558
06/01/2021 20:00,276.9813,274.8596714
06/01/2021 21:00,275.70547,276.0704484
06/01/2021 22:00,274.82898,270.2266773
06/01/2021 23:00,273.7124,273.1061651
07/01/2021 0:00,272.61597,273.195692
07/01/2021 1:00,271.70547,273.9259156
07/01/2021 2:00,271.03076,270.0864125
07/01/2021 3:00,270.52112,269.6862495
07/01/2021 4:00,270.03763,272.6637863
07/01/2021 5:00,270.02353,271.9778878
07/01/2021 6:00,270.22784,271.6903548
07/01/2021 7:00,270.6564,273.0595256
07/01/2021 8:00,273.2627,273.5901961
07/01/2021 9:00,276.9206,276.9452703
07/01/2021 10:00,279.39462,278.6276836
07/01/2021 11:00,280.7561,277.8832262
07/01/2021 12:00,281.1199,283.0177098
07/01/2021 13:00,281.199,280.8591834
07/01/2021 14:00,281.03574,277.7792063
07/01/2021 15:00,280.28497,280.2489127
07/01/2021 16:00,278.6917,275.78157
07/01/2021 17:00,277.45065,277.5881152
07/01/2021 18:00,276.29956,276.9385872
07/01/2021 19:00,276.6127,272.8955889
07/01/2021 20:00,276.21213,276.2760326
07/01/2021 21:00,276.0116,275.3816161
07/01/2021 22:00,275.9171,276.1096968
07/01/2021 23:00,275.94333,277.7582875
08/01/2021 0:00,275.99545,273.8338361
08/01/2021 1:00,275.85614,273.1219183
08/01/2021 2:00,275.96674,273.1176419
08/01/2021 3:00,275.98438,273.3096867
08/01/2021 4:00,275.78964,274.6445145
08/01/2021 5:00,275.70172,275.3166648
08/01/2021 6:00,275.67197,274.9771762
08/01/2021 7:00,275.71985,276.0339503
08/01/2021 8:00,276.389,275.1694084
08/01/2021 9:00,276.8669,278.393123
08/01/2021 10:00,276.98935,275.8333041
08/01/2021 11:00,277.6051,281.7256003
08/01/2021 12:00,278.09436,278.2028595
08/01/2021 13:00,278.2692,275.5653053
08/01/2021 14:00,278.41885,274.9074258
08/01/2021 15:00,278.05026,276.9981885
08/01/2021 16:00,277.02817,275.0175036
08/01/2021 17:00,276.13303,276.0645909
08/01/2021 18:00,275.6178,275.2149668
08/01/2021 19:00,275.74252,273.8881887
08/01/2021 20:00,275.41046,272.4237412
08/01/2021 21:00,274.94992,271.0870262
08/01/2021 22:00,274.6287,272.988506
08/01/2021 23:00,274.0868,275.1615879
09/01/2021 0:00,273.7124,273.8579564
09/01/2021 1:00,273.4708,271.1673537
09/01/2021 2:00,273.31662,273.6253561
09/01/2021 3:00,273.1871,273.7211383
09/01/2021 4:00,273.16116,271.1286531
09/01/2021 5:00,273.35037,272.7695921
09/01/2021 6:00,273.38666,272.1492505
09/01/2021 7:00,274.28757,269.6589977
09/01/2021 8:00,275.2666,273.5767526
09/01/2021 9:00,276.87045,274.7842125
09/01/2021 10:00,278.1843,276.663966
09/01/2021 11:00,278.84717,277.3144386
09/01/2021 12:00,279.04166,273.6527169
09/01/2021 13:00,278.8663,274.9739406
09/01/2021 14:00,278.61865,277.5692876
09/01/2021 15:00,278.08478,277.0813101
09/01/2021 16:00,277.51013,276.3419696
09/01/2021 17:00,276.9309,281.9078684
09/01/2021 18:00,276.3648,275.5181507
09/01/2021 19:00,275.92694,275.989049
09/01/2021 20:00,275.85968,275.3824531
09/01/2021 21:00,275.86798,274.7698395
09/01/2021 22:00,275.87704,272.9452171
09/01/2021 23:00,275.88864,274.6942704
10/01/2021 0:00,275.76898,271.7253352
10/01/2021 1:00,275.6526,272.315367
10/01/2021 2:00,275.4291,271.8159097
10/01/2021 3:00,274.7839,272.6549966
10/01/2021 4:00,274.44254,276.714389
10/01/2021 5:00,274.46948,269.2111443
10/01/2021 6:00,274.22763,273.7653518
10/01/2021 7:00,275.4654,269.7202893
10/01/2021 8:00,275.91534,272.3488209
10/01/2021 9:00,276.5709,276.1239273
10/01/2021 10:00,277.2937,274.945997
10/01/2021 11:00,277.17505,273.064003
10/01/2021 12:00,277.24283,273.8524059
10/01/2021 13:00,276.66412,276.188436
10/01/2021 14:00,276.13605,273.4302492
10/01/2021 15:00,275.52686,274.718044
10/01/2021 16:00,274.98746,273.90697
10/01/2021 17:00,274.60654,272.3650794
10/01/2021 18:00,274.23367,277.0350508
10/01/2021 19:00,273.56125,273.3748363
10/01/2021 20:00,273.2151,268.5280519
10/01/2021 21:00,273.06693,272.4500964
10/01/2021 22:00,272.93945,270.886489
10/01/2021 23:00,272.91098,273.5314692
11/01/2021 0:00,272.9178,270.5261957
11/01/2021 1:00,273.05435,271.6107428
11/01/2021 2:00,273.19745,272.6592524
11/01/2021 3:00,273.2836,273.0855755
11/01/2021 4:00,273.21155,269.4005139
11/01/2021 5:00,273.1526,270.9463603
11/01/2021 6:00,273.03647,270.6773321
11/01/2021 7:00,273.66327,268.7347206
11/01/2021 8:00,273.9369,273.3914013
11/01/2021 9:00,274.33392,272.0776025
11/01/2021 10:00,274.89752,270.394351
11/01/2021 11:00,275.4785,274.859405
11/01/2021 12:00,276.03375,277.3448272
11/01/2021 13:00,275.96194,275.3659558
11/01/2021 14:00,275.8151,270.7852683
11/01/2021 15:00,275.51804,272.2042345
11/01/2021 16:00,275.0192,274.6888273
11/01/2021 17:00,274.53726,270.5712467
11/01/2021 18:00,274.11023,271.9642295
11/01/2021 19:00,273.7983,272.3558054
11/01/2021 20:00,273.24985,268.5074984
11/01/2021 21:00,272.79813,269.1173925
11/01/2021 22:00,272.55423,262.7622205
11/01/2021 23:00,272.38797,267.7914119
12/01/2021 0:00,272.12167,270.1008515
12/01/2021 1:00,272.18314,267.8816249
12/01/2021 2:00,272.0957,272.7119301
12/01/2021 3:00,271.88586,266.7425391
12/01/2021 4:00,271.6236,268.262901
12/01/2021 5:00,271.39432,269.7103045
12/01/2021 6:00,271.1993,271.6964601
12/01/2021 7:00,271.45303,265.9402647
12/01/2021 8:00,272.44818,271.6908657
12/01/2021 9:00,274.0437,271.3034137
12/01/2021 10:00,275.49536,270.6667921
12/01/2021 11:00,276.6205,273.9746537
12/01/2021 12:00,277.3829,273.960811
12/01/2021 13:00,277.74115,272.697855
12/01/2021 14:00,277.5159,273.8855287
12/01/2021 15:00,276.8062,272.6142884
12/01/2021 16:00,275.35706,272.2445233
12/01/2021 17:00,274.29413,272.7079319
12/01/2021 18:00,273.72726,274.0959098
12/01/2021 19:00,273.3791,269.1959775
12/01/2021 20:00,272.68753,274.9719542
12/01/2021 21:00,272.1524,267.7328442
12/01/2021 22:00,271.55807,270.8798115
12/01/2021 23:00,271.4868,271.901413
13/01/2021 0:00,271.79944,271.4151606
13/01/2021 1:00,272.17484,270.0368284
13/01/2021 2:00,272.14886,270.372433
13/01/2021 3:00,271.92667,269.2900233
13/01/2021 4:00,272.071,269.0700776
13/01/2021 5:00,271.9617,270.9315637
13/01/2021 6:00,271.7342,269.5018325
13/01/2021 7:00,272.2199,268.2557855
13/01/2021 8:00,274.41986,272.9636398
13/01/2021 9:00,277.204,273.0952966
13/01/2021 10:00,278.79828,275.7847803
13/01/2021 11:00,279.16736,277.1914112
13/01/2021 12:00,279.0346,274.7545339
13/01/2021 13:00,278.86884,275.2621187
13/01/2021 14:00,278.61462,277.1146261
13/01/2021 15:00,277.81848,275.9163072
13/01/2021 16:00,276.2658,273.6610497
13/01/2021 17:00,274.45538,273.0145561
13/01/2021 18:00,272.8805,274.4627752
13/01/2021 19:00,271.8934,270.6905308
13/01/2021 20:00,271.1066,272.0134979
13/01/2021 21:00,270.50473,269.626158
13/01/2021 22:00,270.16916,268.3315159
13/01/2021 23:00,270.04797,269.6695089
14/01/2021 0:00,270.07315,268.575464
14/01/2021 1:00,270.2626,268.3338096
14/01/2021 2:00,270.45685,269.6196249
14/01/2021 3:00,270.77682,271.9922418
14/01/2021 4:00,271.29303,273.7052465
14/01/2021 5:00,272.02365,272.3967765
14/01/2021 6:00,272.92108,273.1673153
14/01/2021 7:00,273.89658,271.5069761
14/01/2021 8:00,274.92725,272.3926678
14/01/2021 9:00,277.33124,274.1302037
14/01/2021 10:00,277.9714,273.3400583
14/01/2021 11:00,278.36166,279.6433674
14/01/2021 12:00,278.43524,274.0828191
14/01/2021 13:00,278.01123,273.9620352
14/01/2021 14:00,277.30405,277.6990768
14/01/2021 15:00,276.8319,275.9615013
14/01/2021 16:00,275.77753,274.6638127
14/01/2021 17:00,275.52206,273.9083433
14/01/2021 18:00,275.10788,272.083462
14/01/2021 19:00,274.98016,270.4947735
14/01/2021 20:00,274.26086,271.6147531
14/01/2021 21:00,273.7031,269.600438
14/01/2021 22:00,273.19794,271.6099875
14/01/2021 23:00,272.7558,268.3091931
15/01/2021 0:00,272.33557,265.8251425
15/01/2021 1:00,271.68808,267.3012401
15/01/2021 2:00,271.1008,268.8841333
15/01/2021 3:00,270.7418,266.4743889
15/01/2021 4:00,270.34274,265.7299588
15/01/2021 5:00,270.20718,268.0727148
15/01/2021 6:00,270.08978,268.1041157
15/01/2021 7:00,270.6365,265.6162759
15/01/2021 8:00,272.32297,266.930687
15/01/2021 9:00,273.48944,271.1951886
15/01/2021 10:00,275.22604,271.2952203
15/01/2021 11:00,276.19174,272.1322118
15/01/2021 12:00,276.76263,273.6094315
15/01/2021 13:00,276.93143,274.4957613
15/01/2021 14:00,276.587,275.1110909
15/01/2021 15:00,275.7264,276.1384573
15/01/2021 16:00,274.36368,273.3620058
15/01/2021 17:00,273.41788,269.5411791
15/01/2021 18:00,272.84927,269.1206662
15/01/2021 19:00,272.86893,266.7988104
15/01/2021 20:00,272.55954,268.1377392
15/01/2021 21:00,272.28995,267.5231809
15/01/2021 22:00,272.09042,268.8978954
15/01/2021 23:00,271.91962,267.4095351
16/01/2021 0:00,271.82767,270.1293601
16/01/2021 1:00,271.94052,270.7516516
16/01/2021 2:00,271.95462,266.7780507
16/01/2021 3:00,272.035,267.3382783
16/01/2021 4:00,272.08563,268.3994756
16/01/2021 5:00,272.035,266.5355137
16/01/2021 6:00,271.92566,267.3086642
16/01/2021 7:00,272.1733,267.5336115
16/01/2021 8:00,272.74573,268.8695751
16/01/2021 9:00,273.54034,269.8564876
16/01/2021 10:00,274.18378,272.5729256
16/01/2021 11:00,274.57755,273.803597
16/01/2021 12:00,274.69647,275.7169199
16/01/2021 13:00,274.5438,274.7609657
16/01/2021 14:00,274.183,276.5427289
16/01/2021 15:00,273.53253,270.7405581
16/01/2021 16:00,272.54645,272.5965891
16/01/2021 17:00,271.70346,269.3554921
16/01/2021 18:00,270.9799,273.5102202
16/01/2021 19:00,270.55563,269.8848505
16/01/2021 20:00,270.1243,269.5641937
16/01/2021 21:00,270.07745,269.5525981
16/01/2021 22:00,270.17142,266.9065351
16/01/2021 23:00,270.65918,270.5962048
17/01/2021 0:00,270.769,270.2596895
17/01/2021 1:00,270.07693,271.774669
17/01/2021 2:00,269.90613,271.9093469
17/01/2021 3:00,269.80157,274.5500532
17/01/2021 4:00,270.00235,272.8142323
17/01/2021 5:00,270.19458,269.887866
17/01/2021 6:00,270.9799,269.263434
17/01/2021 7:00,271.2565,271.7617065
17/01/2021 8:00,272.75983,268.7714861
17/01/2021 9:00,274.17548,273.4272893
17/01/2021 10:00,275.1419,274.8010562
17/01/2021 11:00,275.29733,272.3261832
17/01/2021 12:00,275.75714,270.3862862
17/01/2021 13:00,275.8083,275.7023235
17/01/2021 14:00,275.8884,272.8083218
17/01/2021 15:00,275.71155,274.387494
17/01/2021 16:00,275.479,267.9771709
17/01/2021 17:00,274.65213,267.9399093
17/01/2021 18:00,271.9224,269.7161876
17/01/2021 19:00,271.66187,269.9580206
17/01/2021 20:00,271.61856,268.7603338
17/01/2021 21:00,271.39786,270.3354186
17/01/2021 22:00,271.0751,267.0220237
17/01/2021 23:00,270.66623,268.3968464
18/01/2021 0:00,270.3624,268.7364447
18/01/2021 1:00,269.8754,269.3366489
18/01/2021 2:00,269.6237,269.6231664
18/01/2021 3:00,269.38788,266.2167603
18/01/2021 4:00,268.99966,265.3238473
18/01/2021 5:00,268.65448,270.2885364
18/01/2021 6:00,268.34738,268.5399274
18/01/2021 7:00,268.5774,265.5175364
18/01/2021 8:00,270.1873,269.8950748
18/01/2021 9:00,271.67648,269.5274625
18/01/2021 10:00,273.4383,274.0164725
18/01/2021 11:00,274.94742,272.9776453
18/01/2021 12:00,276.11514,277.1043576
18/01/2021 13:00,276.66312,276.78248
18/01/2021 14:00,276.87927,273.1529386
18/01/2021 15:00,276.32147,274.5988384
18/01/2021 16:00,274.4541,272.5807223
18/01/2021 17:00,274.07266,272.704191
18/01/2021 18:00,273.45267,267.5407609
18/01/2021 19:00,272.36606,270.1448413
18/01/2021 20:00,271.63794,270.3844735
18/01/2021 21:00,271.11163,265.5802674
18/01/2021 22:00,270.75464,266.4887161
18/01/2021 23:00,270.51505,264.4625429
19/01/2021 0:00,270.34827,267.3692029
19/01/2021 1:00,270.3984,269.3231375
19/01/2021 2:00,270.30392,271.1138238
19/01/2021 3:00,270.2591,268.6677382
19/01/2021 4:00,270.2475,271.9312326
19/01/2021 5:00,270.32837,266.4838799
19/01/2021 6:00,270.4251,266.0110962
19/01/2021 7:00,270.92798,267.6406628
19/01/2021 8:00,274.06763,270.7380162
19/01/2021 9:00,277.01883,271.9205468
19/01/2021 10:00,278.49344,271.7068903
19/01/2021 11:00,278.80307,277.0568119
19/01/2021 12:00,279.17746,275.2253366
19/01/2021 13:00,279.3019,278.6015388
19/01/2021 14:00,278.98798,277.6578119
19/01/2021 15:00,278.03616,274.4366134
19/01/2021 16:00,276.4011,274.0308462
19/01/2021 17:00,275.0041,272.599796
19/01/2021 18:00,274.1213,274.6338646
19/01/2021 19:00,274.86655,277.0114176
19/01/2021 20:00,274.97537,274.2800863
19/01/2021 21:00,274.71765,277.5222426
19/01/2021 22:00,274.9887,275.9276327
19/01/2021 23:00,274.85443,275.5479507
20/01/2021 0:00,274.5244,277.0091511
20/01/2021 1:00,274.58688,275.4664949
20/01/2021 2:00,275.3538,276.2429525
20/01/2021 3:00,275.57953,275.1402667
20/01/2021 4:00,274.8809,280.8377571
20/01/2021 5:00,274.3619,277.4767428
20/01/2021 6:00,274.43243,276.1025272
20/01/2021 7:00,274.96957,277.9565343
20/01/2021 8:00,276.6112,278.4945877
20/01/2021 9:00,279.23288,279.782979
20/01/2021 10:00,280.7712,282.9191459
20/01/2021 11:00,281.55447,284.1295462
20/01/2021 12:00,281.7306,282.4304605
20/01/2021 13:00,282.02182,282.5248926
20/01/2021 14:00,281.9664,282.8375632
20/01/2021 15:00,281.34967,278.4419499
20/01/2021 16:00,279.94913,278.9484759
20/01/2021 17:00,278.53122,283.3342218
20/01/2021 18:00,277.98755,283.3100477
20/01/2021 19:00,278.25082,279.930031
20/01/2021 20:00,278.06717,281.1172886
20/01/2021 21:00,278.32513,280.455969
20/01/2021 22:00,278.90082,285.2052734
20/01/2021 23:00,278.90762,281.5458455
21/01/2021 0:00,278.76276,279.1343463
21/01/2021 1:00,278.79727,277.6228857
21/01/2021 2:00,278.9812,276.4150578
21/01/2021 3:00,279.12277,279.482578
21/01/2021 4:00,279.07867,277.7866774
21/01/2021 5:00,279.35532,276.6079497
21/01/2021 6:00,279.11246,277.9689131
21/01/2021 7:00,280.02094,278.1197523
21/01/2021 8:00,281.18765,284.4460964
21/01/2021 9:00,282.11276,284.6951106
21/01/2021 10:00,282.9623,284.5149886
21/01/2021 11:00,283.55463,288.1729008
21/01/2021 12:00,283.76474,286.5246587
21/01/2021 13:00,283.87357,285.2779205
21/01/2021 14:00,283.52893,289.3078452
21/01/2021 15:00,283.28857,286.6592953
21/01/2021 16:00,282.6814,282.4545881
21/01/2021 17:00,282.4078,282.8888288
21/01/2021 18:00,282.20575,280.9869176
21/01/2021 19:00,282.43628,280.1044605
21/01/2021 20:00,282.14627,283.7544051
21/01/2021 21:00,281.656,284.9468645
21/01/2021 22:00,281.58347,278.4990826
21/01/2021 23:00,281.60663,281.6754204
22/01/2021 0:00,281.7331,279.4280094
22/01/2021 1:00,281.7588,279.5893524
22/01/2021 2:00,282.16116,279.5349608
22/01/2021 3:00,282.47305,278.8666864
22/01/2021 4:00,282.45316,280.6774259
22/01/2021 5:00,282.53882,279.2468935
22/01/2021 6:00,282.56577,281.0814109
22/01/2021 7:00,282.63907,281.2560274
22/01/2021 8:00,283.14395,282.3547072
22/01/2021 9:00,283.70325,282.5124545
22/01/2021 10:00,283.93253,284.1582309
22/01/2021 11:00,284.44724,287.3813194
22/01/2021 12:00,284.45,287.885588
22/01/2021 13:00,284.41574,286.0028794
22/01/2021 14:00,284.32178,287.8036148
22/01/2021 15:00,284.0595,288.2084121
22/01/2021 16:00,283.59845,282.8088356
22/01/2021 17:00,283.79092,285.8252443
22/01/2021 18:00,283.85318,283.2082428
22/01/2021 19:00,283.98215,284.7832326
22/01/2021 20:00,283.8217,282.152995
22/01/2021 21:00,283.5017,279.8057343
22/01/2021 22:00,283.24347,279.8828122
22/01/2021 23:00,283.1019,282.6423508
23/01/2021 0:00,282.8535,282.9503274
23/01/2021 1:00,282.8502,280.810978
23/01/2021 2:00,282.76178,283.3404416
23/01/2021 3:00,282.61563,279.0504619
23/01/2021 4:00,282.59903,281.6187884
23/01/2021 5:00,282.45364,279.1794462
23/01/2021 6:00,282.2884,279.8543109
23/01/2021 7:00,282.78268,281.2797326
23/01/2021 8:00,282.7615,280.4491163
23/01/2021 9:00,282.99658,283.0628939
23/01/2021 10:00,283.375,287.3146697
23/01/2021 11:00,283.79874,285.5994169
23/01/2021 12:00,284.00784,288.5543035
23/01/2021 13:00,284.48856,284.8474703
23/01/2021 14:00,283.96805,286.4563024
23/01/2021 15:00,283.0301,286.6905843
23/01/2021 16:00,281.8097,277.922731
23/01/2021 17:00,280.63742,279.5586109
23/01/2021 18:00,278.89856,280.744183
23/01/2021 19:00,278.88443,279.3458644
23/01/2021 20:00,278.39267,279.6872539
23/01/2021 21:00,278.36496,277.3168463
23/01/2021 22:00,278.22586,278.7287969
23/01/2021 23:00,278.63074,278.8114129
24/01/2021 0:00,278.6378,281.4257832
24/01/2021 1:00,279.51303,279.576257
24/01/2021 2:00,280.18695,279.2494847
24/01/2021 3:00,280.50266,277.6869784
24/01/2021 4:00,280.62256,277.247499
24/01/2021 5:00,280.61877,277.2872292
24/01/2021 6:00,280.5077,278.2535526
24/01/2021 7:00,279.91763,276.5791725
24/01/2021 8:00,280.29178,279.5839504
24/01/2021 9:00,280.82108,284.6941864
24/01/2021 10:00,281.5429,283.6489063
24/01/2021 11:00,281.91223,282.2422282
24/01/2021 12:00,282.0964,284.9643947
24/01/2021 13:00,281.75528,281.3663362
24/01/2021 14:00,281.47714,277.518989
24/01/2021 15:00,281.34033,278.5377068
24/01/2021 16:00,281.03348,276.0446043
24/01/2021 17:00,280.86038,277.0771436
24/01/2021 18:00,280.39456,275.9371426
24/01/2021 19:00,279.4256,278.8069462
24/01/2021 20:00,278.57532,275.8131161
24/01/2021 21:00,277.67288,274.6664566
24/01/2021 22:00,276.4477,276.3915349
24/01/2021 23:00,275.80777,270.8371948
25/01/2021 0:00,275.66315,275.0318658
25/01/2021 1:00,275.40292,275.8251857
25/01/2021 2:00,275.0318,271.6594794
25/01/2021 3:00,274.08075,276.1421634
25/01/2021 4:00,273.04553,274.3067611
25/01/2021 5:00,272.12393,272.635884
25/01/2021 6:00,271.50568,274.3417278
25/01/2021 7:00,272.29703,277.4167798
25/01/2021 8:00,273.6028,274.4293126
25/01/2021 9:00,276.63565,276.1468615
25/01/2021 10:00,276.85785,276.5434344
25/01/2021 11:00,276.62405,277.0724562
25/01/2021 12:00,276.5215,280.6441661
25/01/2021 13:00,275.808,277.9435212
25/01/2021 14:00,275.74832,279.5269601
25/01/2021 15:00,275.6551,277.857788
25/01/2021 16:00,275.53442,278.2980392
25/01/2021 17:00,275.85287,277.1521302
25/01/2021 18:00,276.16025,277.8296334
25/01/2021 19:00,275.643,273.8625209
25/01/2021 20:00,274.98065,273.843142
25/01/2021 21:00,274.8489,272.5097344
25/01/2021 22:00,274.40903,273.2816295
25/01/2021 23:00,274.05478,274.6431284
26/01/2021 0:00,273.50052,275.0356548
26/01/2021 1:00,273.39648,271.9891065
26/01/2021 2:00,273.5043,274.9887705
26/01/2021 3:00,273.71768,275.6607572
26/01/2021 4:00,274.06033,273.761007
26/01/2021 5:00,274.01675,276.3464826
26/01/2021 6:00,273.77994,271.4095242
26/01/2021 7:00,273.36346,270.2722379
26/01/2021 8:00,274.2785,270.3848216
26/01/2021 9:00,275.48303,277.7279787
26/01/2021 10:00,276.46835,277.307529
26/01/2021 11:00,277.36877,276.6289672
26/01/2021 12:00,277.80338,277.7692843
26/01/2021 13:00,277.79633,275.5449769
26/01/2021 14:00,277.40356,281.7569798
26/01/2021 15:00,276.72205,277.1959676
26/01/2021 16:00,275.4815,275.8171958
26/01/2021 17:00,274.22787,274.7295858
26/01/2021 18:00,273.18283,273.1986414
26/01/2021 19:00,272.47916,272.2616541
26/01/2021 20:00,271.3797,270.5959078
26/01/2021 21:00,270.46265,273.0932963
26/01/2021 22:00,269.8328,275.9869235
26/01/2021 23:00,269.5383,275.1717506
27/01/2021 0:00,269.41788,275.7624463
27/01/2021 1:00,269.4778,271.9743622
27/01/2021 2:00,269.59296,271.1213214
27/01/2021 3:00,269.6955,272.3748082
27/01/2021 4:00,269.76932,272.4498917
27/01/2021 5:00,269.73,273.7552899
27/01/2021 6:00,269.564,268.0631953
27/01/2021 7:00,270.1112,273.7097318
27/01/2021 8:00,272.7291,272.928036
27/01/2021 9:00,275.9219,274.3818461
27/01/2021 10:00,277.80084,274.3482147
27/01/2021 11:00,278.58893,274.1396894
27/01/2021 12:00,279.01974,279.1016578
27/01/2021 13:00,279.19458,277.5928794
27/01/2021 14:00,279.056,274.9023394
27/01/2021 15:00,278.33875,274.3139052
27/01/2021 16:00,276.7906,274.7391222
27/01/2021 17:00,276.82056,276.9731632
27/01/2021 18:00,274.3982,273.7580954
27/01/2021 19:00,271.93295,268.9866713
27/01/2021 20:00,270.9363,271.3403261
27/01/2021 21:00,270.41504,272.1347157
27/01/2021 22:00,270.1044,267.8515762
27/01/2021 23:00,269.97943,272.3456266
28/01/2021 0:00,269.94315,271.8099412
28/01/2021 1:00,269.82373,273.2373663
28/01/2021 2:00,269.88925,275.2426971
28/01/2021 3:00,269.79123,274.0245529
28/01/2021 4:00,269.73907,271.0275426
28/01/2021 5:00,270.02127,269.1935665
28/01/2021 6:00,269.81644,275.3302837
28/01/2021 7:00,269.93887,271.0428827
28/01/2021 8:00,273.25742,273.5952845
28/01/2021 9:00,276.80872,276.361928
28/01/2021 10:00,278.63477,278.3781505
28/01/2021 11:00,279.47046,278.9914603
28/01/2021 12:00,279.88235,279.0235299
28/01/2021 13:00,280.0522,279.3534854
28/01/2021 14:00,279.69217,279.9127229
28/01/2021 15:00,278.90762,277.863451
28/01/2021 16:00,277.1982,276.5481487
28/01/2021 17:00,276.12622,277.9217337
28/01/2021 18:00,275.48553,277.4130154
28/01/2021 19:00,275.49637,279.6077276
28/01/2021 20:00,275.46588,272.0781886
28/01/2021 21:00,275.58505,278.3408947
28/01/2021 22:00,275.59512,278.8980012
28/01/2021 23:00,275.6851,273.2986723
29/01/2021 0:00,275.68433,276.5928095
29/01/2021 1:00,275.75082,276.6706525
29/01/2021 2:00,275.3175,275.2263967
29/01/2021 3:00,275.17465,276.5432754
29/01/2021 4:00,274.97662,275.9166679
29/01/2021 5:00,275.2137,281.0277
29/01/2021 6:00,275.50494,279.5024291
29/01/2021 7:00,276.47363,280.6906103
29/01/2021 8:00,277.74216,280.4665179
29/01/2021 9:00,279.20618,278.2770031
29/01/2021 10:00,279.83398,280.2244065
29/01/2021 11:00,280.53513,282.3514898
29/01/2021 12:00,280.89944,279.3964531
29/01/2021 13:00,281.47134,282.4718422
29/01/2021 14:00,280.97174,280.1874024
29/01/2021 15:00,280.74777,279.8544331
29/01/2021 16:00,280.31418,281.5151839
29/01/2021 17:00,280.2066,280.8277474
29/01/2021 18:00,280.08014,279.3158851
29/01/2021 19:00,280.05344,282.5529604
29/01/2021 20:00,279.72113,278.2290926
29/01/2021 21:00,279.33868,280.8847257
29/01/2021 22:00,279.0162,280.3526247
29/01/2021 23:00,278.60202,278.3248851
30/01/2021 0:00,277.98425,278.9548361
30/01/2021 1:00,277.0919,275.7446034
30/01/2021 2:00,276.5996,279.103218
30/01/2021 3:00,276.60516,276.6821487
30/01/2021 4:00,276.15268,275.6809666
30/01/2021 5:00,274.9275,277.7230414
30/01/2021 6:00,274.40826,273.5897899
30/01/2021 7:00,275.0293,272.4578812
30/01/2021 8:00,277.30252,275.0834832
30/01/2021 9:00,279.72592,280.7579677
30/01/2021 10:00,281.86713,278.6398079
30/01/2021 11:00,283.12683,285.4551197
30/01/2021 12:00,283.66168,279.3868553
30/01/2021 13:00,283.97736,286.5160601
30/01/2021 14:00,283.36316,283.886886
30/01/2021 15:00,282.6708,282.6142842
30/01/2021 16:00,281.4119,280.2853686
30/01/2021 17:00,280.3172,280.2589666
30/01/2021 18:00,279.7592,279.6838384
30/01/2021 19:00,280.10028,280.2387908
30/01/2021 20:00,280.10736,279.0984741
30/01/2021 21:00,280.10535,278.7784456
30/01/2021 22:00,280.42984,277.5317083
30/01/2021 23:00,280.61603,278.1443715
31/01/2021 0:00,281.068,279.2033881
31/01/2021 1:00,281.49023,274.5547811
31/01/2021 2:00,281.70135,275.1189309
31/01/2021 3:00,281.8369,278.3506938
31/01/2021 4:00,281.77393,276.7323362
31/01/2021 5:00,281.5948,275.3528096
31/01/2021 6:00,281.46405,275.2338002
31/01/2021 7:00,282.06213,274.7396575
31/01/2021 8:00,282.10043,273.1400066
31/01/2021 9:00,282.02737,272.6586391
31/01/2021 10:00,281.8296,274.3521253
31/01/2021 11:00,281.19522,272.1710683
31/01/2021 12:00,280.70975,274.7718886
31/01/2021 13:00,280.14438,271.0857141
31/01/2021 14:00,279.46844,275.9983513
31/01/2021 15:00,278.85245,274.7951005
31/01/2021 16:00,278.26645,274.0350528
31/01/2021 17:00,277.80084,275.1862765
31/01/2021 18:00,277.34232,276.1896771
31/01/2021 19:00,277.24155,274.3441769
31/01/2021 20:00,276.60416,269.1161482
31/01/2021 21:00,276.3545,269.8854309
31/01/2021 22:00,276.25873,270.858847
31/01/2021 23:00,275.99295,271.8186116
01/02/2021 0:00,276.00763,272.3090748
01/02/2021 1:00,275.87787,269.8300647
01/02/2021 2:00,275.9807,271.475491
01/02/2021 3:00,276.20593,269.4548453
01/02/2021 4:00,276.3606,269.4658859
01/02/2021 5:00,276.67273,267.5569466
01/02/2021 6:00,276.95917,268.792601
01/02/2021 7:00,276.91306,267.8411798
01/02/2021 8:00,278.13513,269.154225
01/02/2021 9:00,279.83014,273.8686542
01/02/2021 10:00,280.6605,271.425657
01/02/2021 11:00,281.76178,278.4811282
01/02/2021 12:00,282.54236,275.0988793
01/02/2021 13:00,282.63376,274.6939241
01/02/2021 14:00,282.05923,272.8009349
01/02/2021 15:00,281.61734,275.31977
01/02/2021 16:00,281.06525,271.6546429
01/02/2021 17:00,279.94724,271.8378474
01/02/2021 18:00,279.00998,275.1336901
01/02/2021 19:00,278.12576,271.0548937
01/02/2021 20:00,277.3505,272.8453602
01/02/2021 21:00,276.74414,270.3684618
01/02/2021 22:00,276.2504,271.1703154
01/02/2021 23:00,276.3822,274.4130111
02/02/2021 0:00,276.34305,269.9749935
02/02/2021 1:00,276.11414,274.0131162
02/02/2021 2:00,276.0864,271.7444797
02/02/2021 3:00,276.0362,269.3008815
02/02/2021 4:00,275.6359,271.3111237
02/02/2021 5:00,274.97488,271.7235641
02/02/2021 6:00,274.49136,270.9790527
02/02/2021 7:00,274.879,268.2676011
02/02/2021 8:00,277.3521,271.5949515
02/02/2021 9:00,281.4676,274.6718544
02/02/2021 10:00,283.3976,275.9219807
02/02/2021 11:00,284.5242,279.914773
02/02/2021 12:00,285.1685,280.6125993
02/02/2021 13:00,285.35007,278.6431038
02/02/2021 14:00,284.85632,280.9599512
02/02/2021 15:00,284.2251,278.5888897
02/02/2021 16:00,282.992,277.576058
02/02/2021 17:00,282.48114,277.0151558
02/02/2021 18:00,281.92868,275.5475918
02/02/2021 19:00,281.73444,273.9441946
02/02/2021 20:00,279.27316,272.8074359
02/02/2021 21:00,278.07312,270.0020943
02/02/2021 22:00,277.17175,273.9400323
02/02/2021 23:00,276.4373,273.3703856
03/02/2021 0:00,276.81146,273.5979524
03/02/2021 1:00,276.83105,271.2038313
03/02/2021 2:00,276.88736,272.2794246
03/02/2021 3:00,277.1269,276.8967863
03/02/2021 4:00,277.17545,276.1077896
03/02/2021 5:00,276.32346,277.6541837
03/02/2021 6:00,276.74698,276.3303651
03/02/2021 7:00,277.7022,276.6411171
03/02/2021 8:00,279.6808,278.7820938
03/02/2021 9:00,282.43176,277.0543206
03/02/2021 10:00,283.28946,279.9238844
03/02/2021 11:00,283.8048,280.6439614
03/02/2021 12:00,284.3708,281.9420692
03/02/2021 13:00,284.5397,285.1408895
03/02/2021 14:00,284.48746,286.2538474
03/02/2021 15:00,283.94763,284.6310512
03/02/2021 16:00,283.43146,286.7365071
03/02/2021 17:00,282.8908,282.102172
03/02/2021 18:00,282.3759,283.3342228
03/02/2021 19:00,282.76636,283.4078974
03/02/2021 20:00,282.7986,286.9855257
03/02/2021 21:00,282.7178,284.9359247
03/02/2021 22:00,282.75534,286.3967441
03/02/2021 23:00,282.75494,281.9365303
04/02/2021 0:00,282.85532,284.9885742
04/02/2021 1:00,282.79004,286.0456947
04/02/2021 2:00,282.8292,284.6886541
04/02/2021 3:00,282.8537,286.4431677
04/02/2021 4:00,282.89328,283.547263
04/02/2021 5:00,282.8851,286.7652317
04/02/2021 6:00,282.86472,288.1766442
04/02/2021 7:00,283.915,283.6079116
04/02/2021 8:00,284.54663,283.954433
04/02/2021 9:00,284.70905,288.3399574
04/02/2021 10:00,284.96365,289.9592006
04/02/2021 11:00,285.3929,287.1149835
04/02/2021 12:00,285.4847,287.9253084
04/02/2021 13:00,285.6867,288.4456623
04/02/2021 14:00,285.56836,286.3081203
04/02/2021 15:00,285.3668,285.8739728
04/02/2021 16:00,284.7017,285.5749501
04/02/2021 17:00,283.87296,284.9946593
04/02/2021 18:00,283.19278,284.8550943
04/02/2021 19:00,282.65088,281.4652912
04/02/2021 20:00,281.9205,283.5406384
04/02/2021 21:00,281.681,278.9879916
04/02/2021 22:00,281.82217,282.2111323
04/02/2021 23:00,281.34192,279.7233198
05/02/2021 0:00,281.0979,280.0247019
05/02/2021 1:00,280.59644,280.6845646
05/02/2021 2:00,280.16718,277.5656084
05/02/2021 3:00,279.5947,280.2415173
05/02/2021 4:00,279.42822,279.5075227
05/02/2021 5:00,279.5302,279.544571
05/02/2021 6:00,279.5347,278.9258143
05/02/2021 7:00,280.4483,284.0981777
05/02/2021 8:00,282.52725,280.7163115
05/02/2021 9:00,284.39362,284.1631004
05/02/2021 10:00,285.05505,285.0870056
05/02/2021 11:00,285.62997,286.1995281
05/02/2021 12:00,285.93845,286.9767578
05/02/2021 13:00,286.2665,290.4863043
05/02/2021 14:00,286.20938,290.701995
05/02/2021 15:00,285.79034,286.4392853
05/02/2021 16:00,285.0163,284.4904289
05/02/2021 17:00,284.02924,285.4304226
05/02/2021 18:00,283.37924,283.0570641
05/02/2021 19:00,282.90387,284.754314
05/02/2021 20:00,282.63947,283.4985584
05/02/2021 21:00,282.17676,280.0470142
05/02/2021 22:00,281.77402,284.9769517
05/02/2021 23:00,281.5488,285.1754829
06/02/2021 0:00,281.30682,280.5833201
06/02/2021 1:00,281.69568,280.5554297
06/02/2021 2:00,281.70792,281.3220111
06/02/2021 3:00,281.72913,280.6562808
06/02/2021 4:00,281.7426,280.5477161
06/02/2021 5:00,281.8736,282.3453331
06/02/2021 6:00,282.19022,278.3217187
06/02/2021 7:00,283.02383,277.9766424
06/02/2021 8:00,284.09006,279.6867784
06/02/2021 9:00,285.04813,283.8323992
06/02/2021 10:00,285.8797,286.2468996
06/02/2021 11:00,286.3816,290.4394002
06/02/2021 12:00,286.6929,287.0058399
06/02/2021 13:00,286.77698,288.3600236
06/02/2021 14:00,286.66354,288.0224894
06/02/2021 15:00,286.21265,289.5543781
06/02/2021 16:00,285.3317,290.5053851
06/02/2021 17:00,284.3369,283.6186079
06/02/2021 18:00,283.90073,282.862265
06/02/2021 19:00,283.8958,285.0903256
06/02/2021 20:00,283.6918,283.4782974
06/02/2021 21:00,283.7383,284.3855055
06/02/2021 22:00,283.5135,281.0211725
06/02/2021 23:00,283.2899,278.4515765
07/02/2021 0:00,283.2756,279.7878523
07/02/2021 1:00,283.387,280.1817889
07/02/2021 2:00,283.52042,279.4141759
07/02/2021 3:00,283.74646,278.4818614
07/02/2021 4:00,283.7224,279.9707976
07/02/2021 5:00,283.84808,280.4334997
07/02/2021 6:00,283.8705,280.9328822
07/02/2021 7:00,284.26468,280.0514201
07/02/2021 8:00,284.7943,280.5545954
07/02/2021 9:00,285.39984,283.7704868
07/02/2021 10:00,286.26978,288.0887934
07/02/2021 11:00,286.71005,286.4877792
07/02/2021 12:00,287.00342,289.6789351
07/02/2021 13:00,287.09647,288.8429936
07/02/2021 14:00,286.4493,289.4161021
07/02/2021 15:00,285.65405,290.6723321
07/02/2021 16:00,285.01752,287.7861008
07/02/2021 17:00,284.82858,286.5158949
07/02/2021 18:00,284.77472,283.0663253
07/02/2021 19:00,284.54907,286.7216601
07/02/2021 20:00,284.29202,286.4415144
07/02/2021 21:00,283.90726,288.6332971
07/02/2021 22:00,283.63672,283.6771936
07/02/2021 23:00,283.44003,284.2536418
08/02/2021 0:00,283.4641,283.962096
08/02/2021 1:00,283.41678,286.0435396
08/02/2021 2:00,283.12585,282.9610504
08/02/2021 3:00,283.0165,283.2903632
08/02/2021 4:00,282.75168,283.4809963
08/02/2021 5:00,282.40485,282.4437312
08/02/2021 6:00,282.3914,280.8022503
08/02/2021 7:00,283.1744,281.8304697
08/02/2021 8:00,283.904,285.1882264
08/02/2021 9:00,283.2042,283.2399153
08/02/2021 10:00,283.7881,285.7869812
08/02/2021 11:00,284.13535,284.2014856
08/02/2021 12:00,284.36505,286.1085778
08/02/2021 13:00,284.3569,279.9566432
08/02/2021 14:00,284.00967,280.8616737
08/02/2021 15:00,283.61264,281.8024811
08/02/2021 16:00,283.05484,282.3742652
08/02/2021 17:00,282.19388,278.2541433
08/02/2021 18:00,281.27582,276.8562608
08/02/2021 19:00,280.6703,280.3111338
08/02/2021 20:00,280.91022,274.2163953
08/02/2021 21:00,281.3513,273.1058194
08/02/2021 22:00,281.84378,277.0587656
08/02/2021 23:00,282.17554,275.5342538
09/02/2021 0:00,282.23306,274.7206717
09/02/2021 1:00,282.0727,278.0840827
09/02/2021 2:00,282.3216,277.4881963
09/02/2021 3:00,282.23837,276.1738404
09/02/2021 4:00,282.11227,274.9570597
09/02/2021 5:00,282.22614,278.8670618
09/02/2021 6:00,282.32446,278.4842471
09/02/2021 7:00,282.2857,277.5826928
09/02/2021 8:00,282.60355,281.8726607
09/02/2021 9:00,283.123,278.4819495
09/02/2021 10:00,283.56653,278.9982928
09/02/2021 11:00,283.81012,281.5634632
09/02/2021 12:00,284.08105,282.7940548
09/02/2021 13:00,284.84042,283.3528875
09/02/2021 14:00,284.36465,282.484986
09/02/2021 15:00,283.4429,283.4651983
09/02/2021 16:00,282.7974,280.1968475
09/02/2021 17:00,281.63367,283.5530122
09/02/2021 18:00,281.1742,280.0905817
09/02/2021 19:00,280.11127,279.3928401
09/02/2021 20:00,280.4536,277.2963575
09/02/2021 21:00,280.96326,277.248237
09/02/2021 22:00,280.49277,277.4741669
09/02/2021 23:00,280.04965,277.3572427
10/02/2021 0:00,280.31854,277.7306729
10/02/2021 1:00,280.63885,279.0854757
10/02/2021 2:00,280.90695,277.2293451
10/02/2021 3:00,281.5239,278.1853617
10/02/2021 4:00,281.9552,276.9479891
10/02/2021 5:00,282.25223,279.7601281
10/02/2021 6:00,282.41342,276.2818837
10/02/2021 7:00,282.94263,280.8961893
10/02/2021 8:00,283.09402,278.2208596
10/02/2021 9:00,283.6314,276.7008742
10/02/2021 10:00,284.09454,280.6613453
10/02/2021 11:00,284.43524,280.3741133
10/02/2021 12:00,284.36588,284.7926223
10/02/2021 13:00,284.05945,282.7261124
10/02/2021 14:00,284.0533,283.4190544
10/02/2021 15:00,284.1647,280.5999252
10/02/2021 16:00,283.94397,282.4080063
10/02/2021 17:00,283.7677,278.0715442
10/02/2021 18:00,283.6959,278.7481725
10/02/2021 19:00,283.29028,282.703236
10/02/2021 20:00,283.3058,281.9752353
10/02/2021 21:00,282.899,280.8014472
10/02/2021 22:00,282.34732,275.9211873
10/02/2021 23:00,281.98578,275.5494123
11/02/2021 0:00,280.16147,274.3196855
11/02/2021 1:00,279.42374,270.8657427
11/02/2021 2:00,278.80798,274.594892
11/02/2021 3:00,279.25357,272.9062181
11/02/2021 4:00,278.39627,270.5390286
11/02/2021 5:00,277.09668,270.6621924
11/02/2021 6:00,276.36017,270.6878395
11/02/2021 7:00,277.58307,266.7620606
11/02/2021 8:00,277.5953,269.8983001
11/02/2021 9:00,277.86462,269.192378
11/02/2021 10:00,278.0168,268.8782845
11/02/2021 11:00,277.75607,270.763467
11/02/2021 12:00,277.3513,275.2687936
11/02/2021 13:00,276.93387,273.0338561
11/02/2021 14:00,276.55276,270.2836573
11/02/2021 15:00,275.58328,271.8267944
11/02/2021 16:00,274.50198,272.9143959
11/02/2021 17:00,273.86093,272.1239848
11/02/2021 18:00,273.42108,270.6875739
11/02/2021 19:00,272.55807,268.8742872
11/02/2021 20:00,271.8142,271.0371464
11/02/2021 21:00,271.13608,270.3353066
11/02/2021 22:00,270.59094,271.009228
11/02/2021 23:00,270.25757,270.2418099
12/02/2021 0:00,270.06537,270.5218561
12/02/2021 1:00,269.73282,267.4509275
12/02/2021 2:00,269.6671,270.3995945
12/02/2021 3:00,269.58023,268.1415393
12/02/2021 4:00,269.477,271.285428
12/02/2021 5:00,269.33456,266.2082716
12/02/2021 6:00,269.2705,270.3741858
12/02/2021 7:00,269.99112,267.7060916
12/02/2021 8:00,270.67255,266.979353
12/02/2021 9:00,271.66977,268.2247226
12/02/2021 10:00,272.67844,269.2997035
12/02/2021 11:00,273.60837,271.4055446
12/02/2021 12:00,274.34732,272.076683
12/02/2021 13:00,274.7427,270.3372125
12/02/2021 14:00,274.70966,271.3902406
12/02/2021 15:00,274.3755,274.8868799
12/02/2021 16:00,273.57736,273.7505891
12/02/2021 17:00,272.63437,270.6778545
12/02/2021 18:00,272.09903,268.7248062
12/02/2021 19:00,271.69385,268.0167056
12/02/2021 20:00,271.3303,268.5567944
12/02/2021 21:00,271.14218,265.3909032
12/02/2021 22:00,270.86963,266.3789766
12/02/2021 23:00,270.60358,263.7439633
13/02/2021 0:00,270.29672,267.164161
13/02/2021 1:00,270.02948,267.5135228
13/02/2021 2:00,269.7573,265.588544
13/02/2021 3:00,269.47534,269.5205265
13/02/2021 4:00,269.30927,264.8112659
13/02/2021 5:00,269.0118,264.2918746
13/02/2021 6:00,268.83105,267.097072
13/02/2021 7:00,268.58542,268.6371295
13/02/2021 8:00,268.7458,270.5837917
13/02/2021 9:00,269.22113,267.6975004
13/02/2021 10:00,269.9846,271.2593285
13/02/2021 11:00,270.3457,269.6452675
13/02/2021 12:00,270.43668,269.8175165
13/02/2021 13:00,270.41098,272.1256964
13/02/2021 14:00,270.30856,272.1424931
13/02/2021 15:00,269.7271,268.1358639
13/02/2021 16:00,268.93225,272.7989291
13/02/2021 17:00,268.12637,271.8812122
13/02/2021 18:00,267.6237,267.3755262
13/02/2021 19:00,266.74557,269.5944513
13/02/2021 20:00,266.6803,269.1606036
13/02/2021 21:00,266.66885,268.4241559
13/02/2021 22:00,266.7256,266.3515084
13/02/2021 23:00,266.84595,265.9491685
14/02/2021 0:00,266.9696,267.2089115
14/02/2021 1:00,267.4074,269.752394
14/02/2021 2:00,267.56696,269.3405303
14/02/2021 3:00,267.69754,268.0548396
14/02/2021 4:00,267.85544,270.3384252
14/02/2021 5:00,268.07822,264.0445768
14/02/2021 6:00,268.50217,271.2072091
14/02/2021 7:00,269.33987,266.458488
14/02/2021 8:00,270.61255,269.7350273
14/02/2021 9:00,271.8591,269.3997059
14/02/2021 10:00,272.87512,270.4227404
14/02/2021 11:00,273.65204,276.0463975
14/02/2021 12:00,274.3208,273.7612604
14/02/2021 13:00,274.5387,275.4636144
14/02/2021 14:00,274.40323,274.764516
14/02/2021 15:00,273.65857,275.2862275
14/02/2021 16:00,272.7315,273.0726389
14/02/2021 17:00,271.87582,269.1436888
14/02/2021 18:00,271.4584,272.4798736
14/02/2021 19:00,270.93082,269.4220421
14/02/2021 20:00,270.76965,267.0079671
14/02/2021 21:00,270.67007,268.3805956
14/02/2021 22:00,270.59378,271.1135286
14/02/2021 23:00,270.53625,269.5543736
15/02/2021 0:00,270.4224,267.3165025
15/02/2021 1:00,270.36813,267.3150376
15/02/2021 2:00,270.22247,267.2997678
15/02/2021 3:00,270.1029,271.3819677
15/02/2021 4:00,269.92297,268.1675554
15/02/2021 5:00,269.67365,268.0222939
15/02/2021 6:00,269.30643,268.9084931
15/02/2021 7:00,269.99805,269.0772908
15/02/2021 8:00,271.64407,271.0991302
15/02/2021 9:00,273.5941,272.904139
15/02/2021 10:00,275.32864,274.4631778
15/02/2021 11:00,276.65396,275.6451705
15/02/2021 12:00,277.4941,277.7516224
15/02/2021 13:00,277.95724,276.8936239
15/02/2021 14:00,278.0111,277.9997761
15/02/2021 15:00,277.4378,275.7838281
15/02/2021 16:00,275.96765,274.3460575
15/02/2021 17:00,274.06946,268.9760938
15/02/2021 18:00,273.315,272.1053616
15/02/2021 19:00,273.59613,271.469877
15/02/2021 20:00,273.40762,273.2470279
15/02/2021 21:00,272.69763,266.5073067
15/02/2021 22:00,271.6661,275.2135651
15/02/2021 23:00,270.9039,271.3092084
16/02/2021 0:00,270.58072,273.0244845
16/02/2021 1:00,270.5595,268.302237
16/02/2021 2:00,271.1022,271.3436737
16/02/2021 3:00,270.9092,268.3752874
16/02/2021 4:00,270.73944,269.3120601
16/02/2021 5:00,271.29602,274.3485057
16/02/2021 6:00,271.17157,271.0314987
16/02/2021 7:00,273.03018,272.0637033
16/02/2021 8:00,275.36578,274.5948202
16/02/2021 9:00,276.67313,275.3890554
16/02/2021 10:00,277.68182,275.5133936
16/02/2021 11:00,278.30978,277.3607858
16/02/2021 12:00,279.27805,282.1058427
16/02/2021 13:00,279.631,278.2140266
16/02/2021 14:00,279.42944,278.6518108
16/02/2021 15:00,279.21194,279.8449516
16/02/2021 16:00,278.15186,278.5802085
16/02/2021 17:00,276.16962,277.0116788
16/02/2021 18:00,276.90164,275.1590461
16/02/2021 19:00,276.45444,271.6247663
16/02/2021 20:00,276.0464,276.616441
16/02/2021 21:00,276.3104,271.2116669
16/02/2021 22:00,275.30334,273.467598
16/02/2021 23:00,273.32846,271.7809404
17/02/2021 0:00,272.82248,273.1161944
17/02/2021 1:00,272.52136,273.3530533
17/02/2021 2:00,272.39282,272.5014391
17/02/2021 3:00,273.57288,272.3760093
17/02/2021 4:00,274.3012,274.2584375
17/02/2021 5:00,274.6921,272.2599234
17/02/2021 6:00,274.92062,271.322322
17/02/2021 7:00,275.48453,275.5156347
17/02/2021 8:00,276.53317,279.2018101
17/02/2021 9:00,277.66916,276.6336761
17/02/2021 10:00,278.85532,280.2603651
17/02/2021 11:00,279.4074,280.2556016
17/02/2021 12:00,280.04883,278.4314248
17/02/2021 13:00,280.13492,281.1170196
17/02/2021 14:00,280.56213,278.9616813
17/02/2021 15:00,280.45645,279.3172982
17/02/2021 16:00,279.71222,278.2565175
17/02/2021 17:00,279.23315,277.5810528
17/02/2021 18:00,278.4326,275.1567117
17/02/2021 19:00,277.62836,273.4614097
17/02/2021 20:00,276.5687,278.6392665
17/02/2021 21:00,274.7472,273.8314836
17/02/2021 22:00,273.77118,273.1024786
17/02/2021 23:00,273.2244,270.6296625
18/02/2021 0:00,273.0861,272.9686829
18/02/2021 1:00,273.0612,271.1239156
18/02/2021 2:00,272.9343,275.8395769
18/02/2021 3:00,272.31857,274.6196053
18/02/2021 4:00,271.9293,271.6945531
18/02/2021 5:00,271.7073,277.1283736
18/02/2021 6:00,271.39966,274.8293037
18/02/2021 7:00,273.0004,273.4767643
18/02/2021 8:00,277.28928,272.2484549
18/02/2021 9:00,281.07953,282.3055931
18/02/2021 10:00,282.92917,276.9859589
18/02/2021 11:00,283.90073,278.9203172
18/02/2021 12:00,284.36383,285.3418825
18/02/2021 13:00,284.49725,288.7975605
18/02/2021 14:00,284.15573,287.1302143
18/02/2021 15:00,283.5543,285.3284387
18/02/2021 16:00,282.37506,284.025749
18/02/2021 17:00,280.60825,281.7204426
18/02/2021 18:00,280.51605,279.1790982
18/02/2021 19:00,280.19778,277.4306648
18/02/2021 20:00,279.722,275.478907
18/02/2021 21:00,279.22134,273.8966472
18/02/2021 22:00,277.68018,272.2338529
18/02/2021 23:00,275.5698,272.9504417
19/02/2021 0:00,274.27878,270.5511817
19/02/2021 1:00,273.8589,273.5273472
19/02/2021 2:00,273.4419,272.2557508
19/02/2021 3:00,273.30273,271.914849
19/02/2021 4:00,273.50595,274.6789121
19/02/2021 5:00,274.3673,277.5882341
19/02/2021 6:00,274.5595,277.396952
19/02/2021 7:00,276.35934,274.1404014
19/02/2021 8:00,279.21317,277.5400101
19/02/2021 9:00,281.15747,283.1951689
19/02/2021 10:00,282.03598,281.2385849
19/02/2021 11:00,282.96753,283.9432262
19/02/2021 12:00,283.28214,286.4053625
19/02/2021 13:00,282.96426,284.1115086
19/02/2021 14:00,282.7276,286.1261015
19/02/2021 15:00,282.6317,283.0747647
19/02/2021 16:00,282.12778,283.3446524
19/02/2021 17:00,281.27133,283.3759629
19/02/2021 18:00,280.5846,279.0312661
19/02/2021 19:00,280.05414,283.0427727
19/02/2021 20:00,279.41068,282.0094229
19/02/2021 21:00,278.7325,282.2834997
19/02/2021 22:00,278.0825,281.2183076
19/02/2021 23:00,278.24734,282.6258193
20/02/2021 0:00,278.37833,280.5058135
20/02/2021 1:00,278.21878,279.0257352
20/02/2021 2:00,278.3873,279.7240981
20/02/2021 3:00,278.24042,280.029154
20/02/2021 4:00,277.94745,278.7022666
20/02/2021 5:00,277.7418,277.9995103
20/02/2021 6:00,278.26123,275.7295648
20/02/2021 7:00,279.24582,277.1595309
20/02/2021 8:00,281.18726,279.5332356
20/02/2021 9:00,282.5648,286.4869987
20/02/2021 10:00,283.1079,282.4161628
20/02/2021 11:00,283.62,284.3833933
20/02/2021 12:00,283.60367,284.8758271
20/02/2021 13:00,283.74933,287.9841908
20/02/2021 14:00,283.96518,285.6200643
20/02/2021 15:00,283.56244,287.6499822
20/02/2021 16:00,283.19644,283.0272741
20/02/2021 17:00,282.362,283.0920146
20/02/2021 18:00,282.30243,280.273999
20/02/2021 19:00,281.19257,284.1239197
20/02/2021 20:00,279.7987,277.7625528
20/02/2021 21:00,278.7468,279.9233118
20/02/2021 22:00,277.47696,280.146854
20/02/2021 23:00,276.70416,279.3371934
21/02/2021 0:00,275.98315,278.0193544
21/02/2021 1:00,275.39108,277.7016983
21/02/2021 2:00,274.87125,277.6452054
21/02/2021 3:00,274.96426,276.8116714
21/02/2021 4:00,275.0659,278.5454154
21/02/2021 5:00,274.61295,280.5692483
21/02/2021 6:00,274.53543,275.5890021
21/02/2021 7:00,276.57153,275.4625497
21/02/2021 8:00,279.2507,278.7658794
21/02/2021 9:00,282.3008,285.1909841
21/02/2021 10:00,284.2304,280.9025776
21/02/2021 11:00,285.24316,287.0651323
21/02/2021 12:00,285.8234,288.5966889
21/02/2021 13:00,286.00415,285.4072109
21/02/2021 14:00,285.90704,287.762945
21/02/2021 15:00,285.1587,289.319204
21/02/2021 16:00,284.0635,284.2959183
21/02/2021 17:00,282.50113,282.7918149
21/02/2021 18:00,281.21094,280.5851664
21/02/2021 19:00,279.58694,278.4897568
21/02/2021 20:00,278.70435,278.5111724
21/02/2021 21:00,278.20328,276.739156
21/02/2021 22:00,277.68588,278.1780782
21/02/2021 23:00,277.02527,275.9868175
22/02/2021 0:00,276.35324,276.96935
22/02/2021 1:00,275.41843,273.0383352
22/02/2021 2:00,274.9398,275.8980124
22/02/2021 3:00,274.8949,276.4816139
22/02/2021 4:00,274.96387,271.2613792
22/02/2021 5:00,274.52972,275.3415004
22/02/2021 6:00,274.2645,276.8854725
22/02/2021 7:00,275.9305,274.7065272
22/02/2021 8:00,280.63315,282.038276
22/02/2021 9:00,283.86847,283.0822287
22/02/2021 10:00,284.97794,283.919684
22/02/2021 11:00,285.58102,287.0147799
22/02/2021 12:00,285.9111,289.3126503
22/02/2021 13:00,286.06372,289.1578896
22/02/2021 14:00,285.9246,290.1725119
22/02/2021 15:00,285.37903,287.0299244
22/02/2021 16:00,284.3516,287.2215155
22/02/2021 17:00,282.92264,282.5027768
22/02/2021 18:00,282.73578,283.4155237
22/02/2021 19:00,281.8405,281.6913439
22/02/2021 20:00,279.9154,281.2168044
22/02/2021 21:00,278.67294,283.9433954
22/02/2021 22:00,277.77524,283.1195055
22/02/2021 23:00,277.14767,281.7540202
23/02/2021 0:00,276.35324,278.2694848
23/02/2021 1:00,275.39026,279.200215
23/02/2021 2:00,274.7986,281.5141484
23/02/2021 3:00,274.51257,279.1737275
23/02/2021 4:00,274.37875,282.5725899
23/02/2021 5:00,274.21024,278.6988392
23/02/2021 6:00,274.13107,277.9048172
23/02/2021 7:00,276.90286,278.1708883
23/02/2021 8:00,281.58713,281.3913951
23/02/2021 9:00,284.92896,282.930466
23/02/2021 10:00,286.79288,286.4587629
23/02/2021 11:00,288.08514,288.5773466
23/02/2021 12:00,289.2011,286.6097187
23/02/2021 13:00,289.95517,286.1585615
23/02/2021 14:00,290.10043,285.2143355
23/02/2021 15:00,289.28723,288.7705846
23/02/2021 16:00,287.6718,284.4866843
23/02/2021 17:00,285.3819,280.5053692
23/02/2021 18:00,283.023,282.908167
23/02/2021 19:00,281.18033,286.0150441
23/02/2021 20:00,279.42984,281.5982941
23/02/2021 21:00,278.49136,282.3645211
23/02/2021 22:00,277.96213,279.3238071
23/02/2021 23:00,277.46555,277.9685409
24/02/2021 0:00,277.2599,279.6453108
24/02/2021 1:00,277.13013,278.3056227
24/02/2021 2:00,276.96692,278.7429914
24/02/2021 3:00,276.8531,278.3605336
24/02/2021 4:00,276.6605,276.2681794
24/02/2021 5:00,276.46097,278.9137352
24/02/2021 6:00,276.30508,275.4111864
24/02/2021 7:00,278.2298,276.4282023
24/02/2021 8:00,282.53217,282.181885
24/02/2021 9:00,286.59253,282.5948193
24/02/2021 10:00,289.33945,286.3966216
24/02/2021 11:00,291.2046,287.9555538
24/02/2021 12:00,292.41605,291.0567946
24/02/2021 13:00,293.06525,290.6191094
24/02/2021 14:00,293.23172,289.8509371
24/02/2021 15:00,292.50665,290.7714352
24/02/2021 16:00,290.44687,290.3002584
24/02/2021 17:00,287.09442,286.6201833
24/02/2021 18:00,284.35324,283.3585759
24/02/2021 19:00,282.39423,279.2365207
24/02/2021 20:00,281.09995,278.1638632
24/02/2021 21:00,280.44586,278.6546961
24/02/2021 22:00,280.01822,277.3645558
24/02/2021 23:00,279.69995,277.3769859
25/02/2021 0:00,279.5384,276.8567836
25/02/2021 1:00,279.29642,277.3188646
25/02/2021 2:00,278.95978,276.1311847
25/02/2021 3:00,278.58725,276.8732104
25/02/2021 4:00,278.17593,275.5973421
25/02/2021 5:00,277.7667,271.6557768
25/02/2021 6:00,277.51166,273.5225797
25/02/2021 7:00,279.30704,277.9198746
25/02/2021 8:00,284.87918,280.6295918
25/02/2021 9:00,289.64752,287.1956135
25/02/2021 10:00,291.78278,291.1992627
25/02/2021 11:00,292.61926,292.3719223
25/02/2021 12:00,292.9465,290.9713889
25/02/2021 13:00,292.7682,294.5444789
25/02/2021 14:00,292.10757,292.0941447
25/02/2021 15:00,291.03363,290.3400724
25/02/2021 16:00,289.37903,287.9248103
25/02/2021 17:00,288.2349,286.2679163
25/02/2021 18:00,287.45065,284.2502261
25/02/2021 19:00,285.1779,283.5254188
25/02/2021 20:00,282.94754,281.6618788
25/02/2021 21:00,281.54428,280.0099867
25/02/2021 22:00,280.40506,280.0004653
25/02/2021 23:00,279.3711,280.6872471
26/02/2021 0:00,278.6407,279.7675786
26/02/2021 1:00,278.1425,275.3030561
26/02/2021 2:00,277.78015,273.73245
26/02/2021 3:00,277.45453,280.6990378
26/02/2021 4:00,277.184,276.3743903
26/02/2021 5:00,276.94284,278.2216414
26/02/2021 6:00,276.8025,276.5841794
26/02/2021 7:00,278.75046,276.9537347
26/02/2021 8:00,284.8702,284.8553563
26/02/2021 9:00,289.39044,288.3556804
26/02/2021 10:00,291.0565,287.821194
26/02/2021 11:00,291.62732,285.6702999
26/02/2021 12:00,291.81747,290.2403761
26/02/2021 13:00,291.76566,292.3854521
26/02/2021 14:00,291.31354,289.010372
26/02/2021 15:00,290.43463,291.3016639
26/02/2021 16:00,288.9351,289.364395
26/02/2021 17:00,287.05606,287.5630424
26/02/2021 18:00,285.99396,286.4326252
26/02/2021 19:00,285.11423,285.3842526
26/02/2021 20:00,282.66394,288.0259544
26/02/2021 21:00,280.96774,284.32045
26/02/2021 22:00,279.67712,283.2481044
26/02/2021 23:00,278.6978,280.2950194
27/02/2021 0:00,277.86584,278.939954
27/02/2021 1:00,277.26562,276.5953752
27/02/2021 2:00,276.99875,278.2688207
27/02/2021 3:00,276.66702,282.4630826
27/02/2021 4:00,276.78534,276.9312355
27/02/2021 5:00,277.082,276.2342285
27/02/2021 6:00,277.4174,281.3332273
27/02/2021 7:00,280.11697,279.0127305
27/02/2021 8:00,284.7074,279.0203459
27/02/2021 9:00,286.7627,282.9889008
27/02/2021 10:00,286.93082,280.6587924
27/02/2021 11:00,286.85123,285.9606672
27/02/2021 12:00,286.63458,284.2096184
27/02/2021 13:00,286.38974,282.4998573
27/02/2021 14:00,285.7789,287.1499221
27/02/2021 15:00,284.8298,281.738656
27/02/2021 16:00,283.51715,283.3895793
27/02/2021 17:00,282.07025,281.7062643
27/02/2021 18:00,281.11136,283.0566208
27/02/2021 19:00,281.1036,282.3986824
27/02/2021 20:00,280.47278,279.1099074
27/02/2021 21:00,279.84442,277.1219833
27/02/2021 22:00,279.25845,279.1385906
27/02/2021 23:00,278.90918,276.7362052
28/02/2021 0:00,278.8088,281.0574324
28/02/2021 1:00,278.33752,277.7240702
28/02/2021 2:00,278.0062,276.7405342
28/02/2021 3:00,277.6459,277.5274275
28/02/2021 4:00,277.22318,274.7987308
28/02/2021 5:00,276.94406,274.9649851
28/02/2021 6:00,276.79922,278.4466847
28/02/2021 7:00,278.3306,275.6740127
28/02/2021 8:00,279.6257,276.170483
28/02/2021 9:00,280.8955,280.3874986
28/02/2021 10:00,282.0821,282.9122249
28/02/2021 11:00,283.12137,283.4751121
28/02/2021 12:00,283.7624,284.8860846
28/02/2021 13:00,284.18063,281.9587187
28/02/2021 14:00,284.22388,280.5936261
28/02/2021 15:00,283.87094,285.6041372
28/02/2021 16:00,282.88266,281.8081633
28/02/2021 17:00,281.2513,281.0150114
28/02/2021 18:00,279.84317,282.2331446
28/02/2021 19:00,279.45227,279.6823083
28/02/2021 20:00,278.24,278.7608008
28/02/2021 21:00,277.2048,280.5570192
28/02/2021 22:00,276.35406,274.7084551
28/02/2021 23:00,275.64896,277.3819162
01/03/2021 0:00,275.05942,275.1248483
01/03/2021 1:00,274.66254,274.4398213
01/03/2021 2:00,274.2778,276.0555015
01/03/2021 3:00,273.9643,273.8471085
01/03/2021 4:00,273.76447,273.5873455
01/03/2021 5:00,273.62405,274.1223005
01/03/2021 6:00,273.67096,271.5131889
01/03/2021 7:00,275.9575,273.4897728
01/03/2021 8:00,279.45517,276.5269637
01/03/2021 9:00,282.16882,276.1616371
01/03/2021 10:00,284.21655,284.4030377
01/03/2021 11:00,285.67487,279.9839052
01/03/2021 12:00,286.58856,282.5021148
01/03/2021 13:00,286.94653,283.1456764
01/03/2021 14:00,286.85754,284.6507769
01/03/2021 15:00,286.1892,285.2227136
01/03/2021 16:00,284.7243,284.2584204
01/03/2021 17:00,282.80518,280.5750575
01/03/2021 18:00,281.43027,280.584189
01/03/2021 19:00,280.99203,279.8558294
01/03/2021 20:00,279.97443,277.8550533
01/03/2021 21:00,278.98877,280.0379384
01/03/2021 22:00,277.94406,277.0959805
01/03/2021 23:00,277.00708,277.4642281
02/03/2021 0:00,276.26123,277.4769943
02/03/2021 1:00,275.766,278.3745161
02/03/2021 2:00,275.2596,276.0306133
02/03/2021 3:00,274.862,272.5685733
02/03/2021 4:00,274.59302,275.5257461
02/03/2021 5:00,274.24615,273.7511915
02/03/2021 6:00,274.05954,273.7483554
02/03/2021 7:00,276.35403,276.9992361
02/03/2021 8:00,280.26462,281.4671525
02/03/2021 9:00,282.72488,281.553957
02/03/2021 10:00,284.51996,283.5927086
02/03/2021 11:00,285.77634,287.0481915
02/03/2021 12:00,286.61496,285.0571369
02/03/2021 13:00,287.0487,289.5275375
02/03/2021 14:00,287.1933,285.9691996
02/03/2021 15:00,286.83185,281.4542061
02/03/2021 16:00,285.46982,284.9390814
02/03/2021 17:00,283.43042,282.2809561
02/03/2021 18:00,282.3662,281.7022411
02/03/2021 19:00,280.4756,278.8879769
02/03/2021 20:00,278.3027,276.4264206
02/03/2021 21:00,276.6762,273.8229306
02/03/2021 22:00,275.6325,275.4152337
02/03/2021 23:00,274.86966,274.1029662
03/03/2021 0:00,274.3438,274.4592209
03/03/2021 1:00,273.941,275.9432867
03/03/2021 2:00,273.63586,277.6985205
03/03/2021 3:00,273.40753,275.305312
03/03/2021 4:00,273.24802,272.5439376
03/03/2021 5:00,273.0228,275.4803897
03/03/2021 6:00,272.98874,276.8936209
03/03/2021 7:00,275.6819,274.4902053
03/03/2021 8:00,281.78653,279.4597195
03/03/2021 9:00,285.05066,282.4693115
03/03/2021 10:00,286.45892,282.7119355
03/03/2021 11:00,287.3285,286.3817778
03/03/2021 12:00,287.80566,285.724857
03/03/2021 13:00,287.93668,287.1136701
03/03/2021 14:00,287.66177,284.8320014
03/03/2021 15:00,286.8513,285.1029715
03/03/2021 16:00,285.507,285.9724769
03/03/2021 17:00,283.43076,280.6049212
03/03/2021 18:00,283.08633,282.3517608
03/03/2021 19:00,282.6248,278.2182458
03/03/2021 20:00,280.5131,278.8249654
03/03/2021 21:00,278.59744,278.9948887
03/03/2021 22:00,277.66254,273.0894308
03/03/2021 23:00,277.3063,271.2361344
04/03/2021 0:00,277.22742,270.94226
04/03/2021 1:00,277.103,275.7455468
04/03/2021 2:00,276.63345,272.3172318
04/03/2021 3:00,275.98737,277.6112737
04/03/2021 4:00,275.43094,271.7438605
04/03/2021 5:00,275.08548,272.6273486
04/03/2021 6:00,274.82483,275.0538952
04/03/2021 7:00,276.42422,279.6777549
04/03/2021 8:00,281.22037,285.1841688
04/03/2021 9:00,283.67474,286.1586101
04/03/2021 10:00,284.80286,287.648671
04/03/2021 11:00,285.5362,288.1692553
04/03/2021 12:00,285.83472,289.2729509
04/03/2021 13:00,285.77182,287.2447454
04/03/2021 14:00,285.46216,286.804897
04/03/2021 15:00,284.8046,287.7627103
04/03/2021 16:00,283.66953,285.7847223
04/03/2021 17:00,282.0882,283.1558802
04/03/2021 18:00,280.3699,284.0254877
04/03/2021 19:00,279.0197,284.3592667
04/03/2021 20:00,277.91452,282.2339822
04/03/2021 21:00,276.9782,284.0910159
04/03/2021 22:00,276.46594,278.7643618
04/03/2021 23:00,276.11908,280.0429745
05/03/2021 0:00,275.71732,279.0911704
05/03/2021 1:00,275.66312,276.9720575
05/03/2021 2:00,275.42505,279.8976718
05/03/2021 3:00,275.17377,279.8342982
05/03/2021 4:00,275.45596,282.7192133
05/03/2021 5:00,276.1448,280.9869907
05/03/2021 6:00,276.85345,278.2904684
05/03/2021 7:00,278.54495,284.7312943
05/03/2021 8:00,282.1629,285.0744748
05/03/2021 9:00,283.17877,285.0143034
05/03/2021 10:00,283.96875,284.4186107
05/03/2021 11:00,284.58252,284.0896554
05/03/2021 12:00,284.82233,285.553693
05/03/2021 13:00,284.64612,287.6570288
05/03/2021 14:00,284.06815,287.2868407
05/03/2021 15:00,283.8676,284.8173773
05/03/2021 16:00,283.62085,280.1694923
05/03/2021 17:00,282.72314,277.8965291
05/03/2021 18:00,281.72986,279.0459131
05/03/2021 19:00,278.75244,274.5843201
05/03/2021 20:00,278.0358,277.3438527
05/03/2021 21:00,277.28406,275.3555554
05/03/2021 22:00,277.21246,274.5197852
05/03/2021 23:00,278.25787,272.5069021
06/03/2021 0:00,277.60345,276.1261202
06/03/2021 1:00,276.43536,274.000456
06/03/2021 2:00,275.96512,272.4142976
06/03/2021 3:00,275.56787,268.9688146
06/03/2021 4:00,275.3889,273.746601
06/03/2021 5:00,274.9795,276.2713866
06/03/2021 6:00,274.7289,275.7647751
06/03/2021 7:00,275.8216,272.6801141
06/03/2021 8:00,276.83154,273.8011736
06/03/2021 9:00,278.06223,277.1545743
06/03/2021 10:00,279.22754,275.9304158
06/03/2021 11:00,279.95947,279.0633806
06/03/2021 12:00,280.7171,280.3302925
06/03/2021 13:00,281.29752,281.4280065
06/03/2021 14:00,281.2527,279.1732965
06/03/2021 15:00,280.6052,278.8468791
06/03/2021 16:00,279.60846,277.1168809
06/03/2021 17:00,278.10706,275.7758874
06/03/2021 18:00,276.82495,275.40815
06/03/2021 19:00,276.01483,277.2972138
06/03/2021 20:00,275.05072,277.6391127
06/03/2021 21:00,274.24582,273.9402974
06/03/2021 22:00,273.57053,277.3604222
06/03/2021 23:00,272.98944,273.6185156
07/03/2021 0:00,272.4848,272.9190131
07/03/2021 1:00,272.1004,270.8016293
07/03/2021 2:00,271.70422,268.3018035
07/03/2021 3:00,271.41226,274.1258506
07/03/2021 4:00,271.16342,273.7454279
07/03/2021 5:00,270.8986,271.7926936
07/03/2021 6:00,270.93372,272.0468885
07/03/2021 7:00,273.8013,274.0417721
07/03/2021 8:00,277.28998,273.3058311
07/03/2021 9:00,279.39124,276.5972815
07/03/2021 10:00,280.53467,279.9638698
07/03/2021 11:00,281.31177,277.2375363
07/03/2021 12:00,281.78235,280.6635653
07/03/2021 13:00,281.95438,278.0835273
07/03/2021 14:00,281.7966,281.3365832
07/03/2021 15:00,281.2499,279.9653664
07/03/2021 16:00,280.31604,275.979941
07/03/2021 17:00,278.85532,278.8854324
07/03/2021 18:00,278.60648,273.50363
07/03/2021 19:00,277.72195,272.1527019
07/03/2021 20:00,276.97684,273.1421703
07/03/2021 21:00,274.77686,273.8272813
07/03/2021 22:00,273.54517,269.1092963
07/03/2021 23:00,272.9804,270.9294317
08/03/2021 0:00,272.46463,272.2298093
08/03/2021 1:00,272.19635,273.4509625
08/03/2021 2:00,271.95828,272.4896338
08/03/2021 3:00,271.88458,271.6728956
08/03/2021 4:00,271.8429,270.6877974
08/03/2021 5:00,271.77408,271.7797054
08/03/2021 6:00,271.95062,270.0316133
08/03/2021 7:00,274.99548,269.1913029
08/03/2021 8:00,279.44128,278.1745237
08/03/2021 9:00,281.1651,280.7489243
08/03/2021 10:00,282.16464,276.1780949
08/03/2021 11:00,283.09744,278.989468
08/03/2021 12:00,283.7599,282.9915788
08/03/2021 13:00,284.0282,285.9617745
08/03/2021 14:00,284.04626,282.2464688
08/03/2021 15:00,283.6803,280.1906148
08/03/2021 16:00,282.73184,279.4298788
08/03/2021 17:00,281.21445,280.3323756
08/03/2021 18:00,280.494,275.3537536
08/03/2021 19:00,280.58298,274.4035142
08/03/2021 20:00,279.48715,273.9285302
08/03/2021 21:00,276.62268,272.0108417
08/03/2021 22:00,274.98853,272.8172898
08/03/2021 23:00,274.38412,275.0254343
09/03/2021 0:00,274.3195,272.2083657
09/03/2021 1:00,274.27048,271.1412725
09/03/2021 2:00,274.44427,270.732465
09/03/2021 3:00,274.6038,268.0884963
09/03/2021 4:00,274.80154,272.3941499
09/03/2021 5:00,274.91553,270.894039
09/03/2021 6:00,275.1067,271.0432482
09/03/2021 7:00,277.07346,279.6143259
09/03/2021 8:00,278.97174,275.7848364
09/03/2021 9:00,280.3376,275.4758709
09/03/2021 10:00,281.2082,277.4574453
09/03/2021 11:00,281.43237,281.1790911
09/03/2021 12:00,281.5613,279.948185
09/03/2021 13:00,281.5005,277.4872766
09/03/2021 14:00,281.34964,281.4929914
09/03/2021 15:00,281.0386,278.3049842
09/03/2021 16:00,280.34036,281.8935536
09/03/2021 17:00,279.41174,279.0390853
09/03/2021 18:00,278.50778,275.2210036
09/03/2021 19:00,278.39307,277.496734
09/03/2021 20:00,278.2704,274.5122435
09/03/2021 21:00,277.92493,275.0813933
09/03/2021 22:00,277.63544,273.5907008
09/03/2021 23:00,277.37234,270.4091869
10/03/2021 0:00,277.13043,270.255739
10/03/2021 1:00,276.88855,273.1633205
10/03/2021 2:00,276.57993,270.7356338
10/03/2021 3:00,276.39783,270.556824
10/03/2021 4:00,276.2077,269.4050274
10/03/2021 5:00,276.10416,271.7668683
10/03/2021 6:00,276.07077,275.6617117
10/03/2021 7:00,277.5374,272.7959891
10/03/2021 8:00,278.97174,276.4871095
10/03/2021 9:00,280.4231,280.7068515
10/03/2021 10:00,281.40317,279.2076065
10/03/2021 11:00,282.28073,281.0814299
10/03/2021 12:00,282.6547,279.2308915
10/03/2021 13:00,282.61438,281.8139851
10/03/2021 14:00,282.23102,280.4924189
10/03/2021 15:00,281.60858,282.2165307
10/03/2021 16:00,280.77863,281.9626102
10/03/2021 17:00,279.47882,283.2756455
10/03/2021 18:00,278.3267,278.4583489
10/03/2021 19:00,277.83145,277.1411885
10/03/2021 20:00,276.9737,276.0873321
10/03/2021 21:00,276.16217,274.0010898
10/03/2021 22:00,275.32043,274.2676088
10/03/2021 23:00,274.53323,272.9088025
11/03/2021 0:00,274.006,273.6165182
11/03/2021 1:00,273.54028,276.3942156
11/03/2021 2:00,272.97275,271.8506869
11/03/2021 3:00,272.3656,275.3973644
11/03/2021 4:00,271.80325,274.6352092
11/03/2021 5:00,271.28717,271.6948784
11/03/2021 6:00,271.4703,267.7466476
11/03/2021 7:00,275.3225,273.071516
11/03/2021 8:00,278.71317,279.5700153
11/03/2021 9:00,280.62155,279.3867492
11/03/2021 10:00,282.11807,279.3066785
11/03/2021 11:00,282.88858,281.4116445
11/03/2021 12:00,283.24725,284.7454005
11/03/2021 13:00,283.20242,284.4331921
11/03/2021 14:00,283.0196,282.7117955
11/03/2021 15:00,282.43295,281.7482067
11/03/2021 16:00,281.55402,279.8108293
11/03/2021 17:00,280.34525,276.9835419
11/03/2021 18:00,279.39783,280.2078918
11/03/2021 19:00,279.0583,277.8687812
11/03/2021 20:00,278.57727,280.9626064
11/03/2021 21:00,278.2697,281.938616
11/03/2021 22:00,277.87698,281.4745018
11/03/2021 23:00,278.00278,279.2083939
12/03/2021 0:00,278.1477,281.0450209
12/03/2021 1:00,278.81708,280.2538028
12/03/2021 2:00,279.369,278.9130292
12/03/2021 3:00,279.55075,281.3117877
12/03/2021 4:00,279.6411,278.7683544
12/03/2021 5:00,279.7558,282.4488309
12/03/2021 6:00,279.90317,279.1547343
12/03/2021 7:00,280.28928,280.6408084
12/03/2021 8:00,280.779,281.617706
12/03/2021 9:00,281.2586,282.3442437
12/03/2021 10:00,281.76495,285.3186815
12/03/2021 11:00,282.21365,283.939366
12/03/2021 12:00,282.44894,286.4877127
12/03/2021 13:00,282.65817,282.2955161
12/03/2021 14:00,282.9699,284.3301538
12/03/2021 15:00,283.10928,287.321819
12/03/2021 16:00,282.8493,281.3322119
12/03/2021 17:00,282.0875,281.1137427
12/03/2021 18:00,281.5759,282.5605364
12/03/2021 19:00,281.4838,281.5668377
12/03/2021 20:00,281.07648,281.4954684
12/03/2021 21:00,280.88602,281.3843572
12/03/2021 22:00,280.89053,281.4086306
12/03/2021 23:00,280.8655,282.1782772
13/03/2021 0:00,280.7748,280.7975281
13/03/2021 1:00,280.8829,279.2503877
13/03/2021 2:00,280.36298,280.4925183
13/03/2021 3:00,279.15594,282.3775704
13/03/2021 4:00,279.696,278.2560951
13/03/2021 5:00,279.8472,275.6768605
13/03/2021 6:00,279.83575,279.0013182
13/03/2021 7:00,281.79312,278.8769934
13/03/2021 8:00,283.79742,277.5714916
13/03/2021 9:00,284.97144,284.9046735
13/03/2021 10:00,285.93726,284.1694925
13/03/2021 11:00,286.5121,286.2986234
13/03/2021 12:00,286.6848,287.8610651
13/03/2021 13:00,286.6042,288.2136869
13/03/2021 14:00,286.33624,289.171017
13/03/2021 15:00,285.8062,287.0895617
13/03/2021 16:00,284.96518,287.7640028
13/03/2021 17:00,283.63406,284.3845046
13/03/2021 18:00,282.47186,283.7040286
13/03/2021 19:00,282.24564,282.7047773
13/03/2021 20:00,281.8244,279.3613563
13/03/2021 21:00,281.73438,282.4492883
13/03/2021 22:00,282.0263,279.3299649
13/03/2021 23:00,282.26926,281.5789026
14/03/2021 0:00,282.76382,280.593405
14/03/2021 1:00,283.03107,282.643026
14/03/2021 2:00,282.97372,278.5924479
14/03/2021 3:00,282.61298,278.0777427
14/03/2021 4:00,282.46005,278.0125002
14/03/2021 5:00,281.94638,277.2431359
14/03/2021 6:00,282.06802,279.8780269
14/03/2021 7:00,283.01614,279.5440687
14/03/2021 8:00,284.4515,283.4504137
14/03/2021 9:00,285.40237,284.6855498
14/03/2021 10:00,286.1892,288.942776
14/03/2021 11:00,286.3213,289.4134187
14/03/2021 12:00,286.32617,283.9408226
14/03/2021 13:00,286.03247,280.9297714
14/03/2021 14:00,285.70508,280.2380226
14/03/2021 15:00,284.98602,281.410604
14/03/2021 16:00,283.9347,277.2095482
14/03/2021 17:00,283.0648,279.0305849
14/03/2021 18:00,281.62735,280.3106758
14/03/2021 19:00,279.99387,279.3739122
14/03/2021 20:00,278.94568,278.7246874
14/03/2021 21:00,277.57877,279.9478768
14/03/2021 22:00,277.54297,273.1819627
14/03/2021 23:00,277.18988,279.1700587
15/03/2021 0:00,276.9379,276.6765157
15/03/2021 1:00,276.80652,274.4408766
15/03/2021 2:00,276.6623,278.4753446
15/03/2021 3:00,276.55075,279.8354439
15/03/2021 4:00,276.37036,276.9089489
15/03/2021 5:00,276.2713,278.6186523
15/03/2021 6:00,276.2786,279.7922739
15/03/2021 7:00,277.29413,279.5860132
15/03/2021 8:00,278.16473,281.010937
15/03/2021 9:00,278.98807,281.1958463
15/03/2021 10:00,279.9685,281.3703747
15/03/2021 11:00,280.8457,278.9359307
15/03/2021 12:00,281.6058,281.6873891
15/03/2021 13:00,281.82962,280.3933373
15/03/2021 14:00,282.28732,286.3237233
15/03/2021 15:00,282.25882,282.2375427
15/03/2021 16:00,281.90085,282.2444485
15/03/2021 17:00,280.6139,281.6151165
15/03/2021 18:00,278.8077,279.3279743
15/03/2021 19:00,277.7171,281.4555856
15/03/2021 20:00,276.58307,276.0030974
15/03/2021 21:00,275.155,276.3052682
15/03/2021 22:00,274.2757,274.1236147
15/03/2021 23:00,273.54794,273.08336
16/03/2021 0:00,273.0395,274.6820799
16/03/2021 1:00,272.7552,275.9893397
16/03/2021 2:00,272.45145,275.1714886
16/03/2021 3:00,272.26202,274.5684528
16/03/2021 4:00,272.1765,273.0904265
16/03/2021 5:00,272.09415,275.2117676
16/03/2021 6:00,272.91888,273.1034213
16/03/2021 7:00,276.97717,278.9219793
16/03/2021 8:00,279.83746,279.5898306
16/03/2021 9:00,281.09628,278.0669861
16/03/2021 10:00,282.0906,280.8236239
16/03/2021 11:00,282.7294,280.6818924
16/03/2021 12:00,283.14612,283.1215348
16/03/2021 13:00,283.2212,285.3405395
16/03/2021 14:00,282.7454,279.3818989
16/03/2021 15:00,282.12988,282.0109913
16/03/2021 16:00,281.49527,280.9859643
16/03/2021 17:00,280.23297,281.4019586
16/03/2021 18:00,279.07635,279.766764
16/03/2021 19:00,278.6388,277.2572544
16/03/2021 20:00,277.85196,277.4222993
16/03/2021 21:00,277.42413,276.0608541
16/03/2021 22:00,277.15616,278.8853727
16/03/2021 23:00,276.82635,276.6116282
17/03/2021 0:00,276.3283,279.5414535
17/03/2021 1:00,275.74338,275.6926271
17/03/2021 2:00,275.082,274.177378
17/03/2021 3:00,274.41333,272.451357
17/03/2021 4:00,273.87045,271.5043571
17/03/2021 5:00,273.40372,271.5258387
17/03/2021 6:00,273.74536,275.2040498
17/03/2021 7:00,276.51703,277.3931269
17/03/2021 8:00,278.48553,275.2203065
17/03/2021 9:00,279.7937,281.030093
17/03/2021 10:00,280.7689,279.6568466
17/03/2021 11:00,281.4098,281.4502876
17/03/2021 12:00,281.70068,284.5107416
17/03/2021 13:00,282.0277,283.5406898
17/03/2021 14:00,282.05273,281.3386081
17/03/2021 15:00,281.63672,279.8025638
17/03/2021 16:00,280.9069,276.6937677
17/03/2021 17:00,279.67413,278.1209629
17/03/2021 18:00,278.22974,277.8911438
17/03/2021 19:00,277.1819,275.8884763
17/03/2021 20:00,276.06348,276.7048889
17/03/2021 21:00,275.318,276.5232521
17/03/2021 22:00,274.70285,275.4293106
17/03/2021 23:00,274.32645,274.2304654
18/03/2021 0:00,273.94937,275.242542
18/03/2021 1:00,273.60562,275.3140147
18/03/2021 2:00,273.37766,272.2106916
18/03/2021 3:00,273.20386,276.283335
18/03/2021 4:00,273.05652,273.4068061
18/03/2021 5:00,273.07703,273.4750181
18/03/2021 6:00,273.9584,275.0880106
18/03/2021 7:00,275.962,276.1091786
18/03/2021 8:00,277.4898,278.5133475
18/03/2021 9:00,278.84454,278.5520454
18/03/2021 10:00,279.7916,277.4483537
18/03/2021 11:00,280.4349,279.9070188
18/03/2021 12:00,280.80746,277.713886
18/03/2021 13:00,281.0504,280.3555635
18/03/2021 14:00,281.00314,280.0054968
18/03/2021 15:00,280.47,279.2529726
18/03/2021 16:00,279.77283,278.4323659
18/03/2021 17:00,278.64923,274.4736779
18/03/2021 18:00,277.23264,275.6307133
18/03/2021 19:00,276.15384,275.9288997
18/03/2021 20:00,274.9103,275.1088451
18/03/2021 21:00,274.0981,272.2433166
18/03/2021 22:00,273.50034,275.7461714
18/03/2021 23:00,272.96545,271.3713396
19/03/2021 0:00,272.5352,274.0191565
19/03/2021 1:00,272.35376,272.30847
19/03/2021 2:00,272.23734,269.7248965
19/03/2021 3:00,272.12543,273.8087768
19/03/2021 4:00,271.90683,268.2605646
19/03/2021 5:00,271.83524,271.6944987
19/03/2021 6:00,272.70203,273.0349136
19/03/2021 7:00,275.22937,272.8254291
19/03/2021 8:00,277.17215,278.2648959
19/03/2021 9:00,278.69128,276.8893874
19/03/2021 10:00,279.8604,279.0422512
19/03/2021 11:00,280.6424,279.6054713
19/03/2021 12:00,280.92773,279.515402
19/03/2021 13:00,281.23077,281.4281047
19/03/2021 14:00,281.3639,281.4918825
19/03/2021 15:00,281.34686,276.6564857
19/03/2021 16:00,280.81512,281.3939439
19/03/2021 17:00,279.6286,275.0520967
19/03/2021 18:00,277.86377,279.5490495
19/03/2021 19:00,275.4855,278.4612316
19/03/2021 20:00,274.31393,273.0471346
19/03/2021 21:00,273.3269,274.5292246
19/03/2021 22:00,272.50565,272.8368442
19/03/2021 23:00,271.927,273.8539152
20/03/2021 0:00,271.67606,273.0230591
20/03/2021 1:00,271.65695,274.4852774
20/03/2021 2:00,271.69308,275.285198
20/03/2021 3:00,271.5996,275.4212788
20/03/2021 4:00,271.84845,270.4395518
20/03/2021 5:00,272.07538,270.4004312
20/03/2021 6:00,273.04816,269.0600572
20/03/2021 7:00,275.58734,272.6335106
20/03/2021 8:00,277.80573,276.8775616
20/03/2021 9:00,279.39957,279.3897895
20/03/2021 10:00,280.3727,275.2958308
20/03/2021 11:00,281.07474,276.9840759
20/03/2021 12:00,281.43585,278.8487598
20/03/2021 13:00,281.6447,279.8216561
20/03/2021 14:00,281.43307,277.7456938
20/03/2021 15:00,280.7463,279.0133284
20/03/2021 16:00,279.85693,276.2728552
20/03/2021 17:00,278.63287,275.2320672
20/03/2021 18:00,277.61075,275.3034845
20/03/2021 19:00,276.94626,274.0194595
20/03/2021 20:00,276.0249,272.805435
20/03/2021 21:00,275.506,273.0055726
20/03/2021 22:00,275.2617,272.6019157
20/03/2021 23:00,275.02222,271.8728304
21/03/2021 0:00,274.80258,271.675237
21/03/2021 1:00,274.11618,274.7015987
21/03/2021 2:00,273.83362,272.491362
21/03/2021 3:00,273.56357,270.7122424
21/03/2021 4:00,273.3102,272.4119941
21/03/2021 5:00,273.11316,270.3293104
21/03/2021 6:00,273.38947,273.4353562
21/03/2021 7:00,274.731,273.3561549
21/03/2021 8:00,275.9342,274.0850187
21/03/2021 9:00,276.95703,276.6716175
21/03/2021 10:00,278.27353,274.4605648
21/03/2021 11:00,279.2828,276.2736077
21/03/2021 12:00,279.87918,276.8322831
21/03/2021 13:00,279.97302,279.755554
21/03/2021 14:00,279.72452,282.5763441
21/03/2021 15:00,278.8925,283.1566578
21/03/2021 16:00,277.75986,279.5084407
21/03/2021 17:00,276.58096,277.7941789
21/03/2021 18:00,275.72913,272.1740025
21/03/2021 19:00,275.2311,274.059354
21/03/2021 20:00,274.97287,272.7432838
21/03/2021 21:00,274.7713,272.5011955
21/03/2021 22:00,274.6163,273.0707147
21/03/2021 23:00,274.53845,272.2124392
22/03/2021 0:00,274.4731,269.3614728
22/03/2021 1:00,274.6302,274.5817807
22/03/2021 2:00,274.59335,271.4931611
22/03/2021 3:00,274.536,274.2141232
22/03/2021 4:00,274.49918,277.7770467
22/03/2021 5:00,274.35458,272.8396923
22/03/2021 6:00,274.74106,270.6476596
22/03/2021 7:00,276.37314,275.8257425
22/03/2021 8:00,277.756,279.3141234
22/03/2021 9:00,279.214,281.9327967
22/03/2021 10:00,280.0248,276.9447795
22/03/2021 11:00,280.73935,280.7538911
22/03/2021 12:00,281.29648,279.5172139
22/03/2021 13:00,281.11887,280.2921417
22/03/2021 14:00,280.81546,285.3605094
22/03/2021 15:00,280.2872,277.8134877
22/03/2021 16:00,279.3377,280.2200079
22/03/2021 17:00,278.26346,279.3666554
22/03/2021 18:00,277.2983,279.4231707
22/03/2021 19:00,276.74814,276.5667401
22/03/2021 20:00,276.17435,276.3579897
22/03/2021 21:00,275.7347,274.6173538
22/03/2021 22:00,275.31277,275.2954203
22/03/2021 23:00,274.94995,273.6722937
23/03/2021 0:00,274.59335,274.7999901
23/03/2021 1:00,274.49222,272.4843217
23/03/2021 2:00,274.2573,273.1821132
23/03/2021 3:00,274.07272,271.7702585
23/03/2021 4:00,273.84753,273.0144392
23/03/2021 5:00,273.67896,270.3161561
23/03/2021 6:00,274.12488,268.7133674
23/03/2021 7:00,275.6054,277.3876107
23/03/2021 8:00,277.06232,275.2402252
23/03/2021 9:00,278.4664,277.4294647
23/03/2021 10:00,279.76102,279.0577812
23/03/2021 11:00,280.91418,283.7773076
23/03/2021 12:00,281.7455,278.4675783
23/03/2021 13:00,282.21295,288.7524836
23/03/2021 14:00,282.30957,284.8565008
23/03/2021 15:00,282.04855,283.0819791
23/03/2021 16:00,281.31836,281.8461031
23/03/2021 17:00,280.22083,281.1880585
23/03/2021 18:00,279.109,280.7929923
23/03/2021 19:00,278.49872,280.6052777
23/03/2021 20:00,277.87003,279.8498479
23/03/2021 21:00,277.39526,278.3581357
23/03/2021 22:00,276.98517,277.3716243
23/03/2021 23:00,276.6317,277.0819199
24/03/2021 0:00,276.4159,276.5550078
24/03/2021 1:00,275.9415,278.5616419
24/03/2021 2:00,275.59464,277.3876632
24/03/2021 3:00,275.27838,270.6964102
24/03/2021 4:00,275.0535,276.7536739
24/03/2021 5:00,274.80573,275.6634567
24/03/2021 6:00,275.6325,276.115722
24/03/2021 7:00,278.807,277.6363797
24/03/2021 8:00,280.43387,282.0190001
24/03/2021 9:00,281.97348,283.2518395
24/03/2021 10:00,282.79022,281.5767421
24/03/2021 11:00,283.85547,284.1824478
24/03/2021 12:00,284.11057,281.5029393
24/03/2021 13:00,284.2673,280.6877778
24/03/2021 14:00,284.2579,281.9120769
24/03/2021 15:00,283.82382,284.3363184
24/03/2021 16:00,282.83124,283.979727
24/03/2021 17:00,281.6044,282.1732066
24/03/2021 18:00,280.3105,281.441125
24/03/2021 19:00,279.07184,280.6123865
24/03/2021 20:00,277.70355,277.6192402
24/03/2021 21:00,276.86874,278.2752425
24/03/2021 22:00,276.24454,277.8075669
24/03/2021 23:00,275.77014,276.6239971
25/03/2021 0:00,275.86816,276.7474212
25/03/2021 1:00,275.4664,275.4905393
25/03/2021 2:00,275.30548,274.7362506
25/03/2021 3:00,275.26483,275.6035867
25/03/2021 4:00,275.07507,273.5863448
25/03/2021 5:00,274.34488,271.7518425
25/03/2021 6:00,275.18628,274.0194261
25/03/2021 7:00,279.27966,276.1786478
25/03/2021 8:00,281.1825,278.1048386
25/03/2021 9:00,282.91742,280.9247794
25/03/2021 10:00,284.4654,281.0725546
25/03/2021 11:00,285.67276,283.1202683
25/03/2021 12:00,286.77866,281.264784
25/03/2021 13:00,286.96146,285.2645963
25/03/2021 14:00,287.3118,284.9067397
25/03/2021 15:00,286.7102,283.3414677
25/03/2021 16:00,285.9032,285.6829611
25/03/2021 17:00,284.40494,284.768087
25/03/2021 18:00,282.51184,277.8935312
25/03/2021 19:00,281.15085,277.3611635
25/03/2021 20:00,279.2887,276.0175223
25/03/2021 21:00,277.4297,274.808112
25/03/2021 22:00,276.0447,277.3692578
25/03/2021 23:00,275.147,275.2151886
26/03/2021 0:00,274.625,274.8057562
26/03/2021 1:00,274.20688,271.5782143
26/03/2021 2:00,273.98343,275.991967
26/03/2021 3:00,273.86142,272.2582163
26/03/2021 4:00,273.76932,274.0922804
26/03/2021 5:00,273.66263,274.1785041
26/03/2021 6:00,275.0417,278.521219
26/03/2021 7:00,280.8134,277.9314238
26/03/2021 8:00,284.04312,278.3877459
26/03/2021 9:00,285.5348,286.1931529
26/03/2021 10:00,286.55,290.4919573
26/03/2021 11:00,287.1926,290.5252098
26/03/2021 12:00,287.5742,289.4172155
26/03/2021 13:00,287.53387,288.5930758
26/03/2021 14:00,287.01047,291.0277026
26/03/2021 15:00,286.30807,287.6909555
26/03/2021 16:00,285.4392,289.259815
26/03/2021 17:00,284.2548,287.1077095
26/03/2021 18:00,282.59525,285.9318326
26/03/2021 19:00,282.40237,288.3424966
26/03/2021 20:00,281.36493,282.7869583
26/03/2021 21:00,280.0005,279.9011596
26/03/2021 22:00,279.0298,279.5724356
26/03/2021 23:00,278.1126,275.3735303
27/03/2021 0:00,277.65317,276.2244842
27/03/2021 1:00,277.69522,275.9495837
27/03/2021 2:00,277.66357,275.1965131
27/03/2021 3:00,277.97394,276.0369999
27/03/2021 4:00,278.16266,274.0555046
27/03/2021 5:00,277.7894,277.4190294
27/03/2021 6:00,278.7354,277.5799275
27/03/2021 7:00,281.28778,283.1928419
27/03/2021 8:00,283.59827,285.3477069
27/03/2021 9:00,284.47583,287.9225935
27/03/2021 10:00,285.61334,290.1518694
27/03/2021 11:00,286.11935,288.0766239
27/03/2021 12:00,286.3943,289.2348232
27/03/2021 13:00,286.16455,289.9379863
27/03/2021 14:00,286.1517,287.3533791
27/03/2021 15:00,285.97028,287.8122973
27/03/2021 16:00,285.4903,287.8431079
27/03/2021 17:00,284.43167,288.7953908
27/03/2021 18:00,283.0283,286.6055764
27/03/2021 19:00,282.2901,286.1612521
27/03/2021 20:00,281.45322,286.5372639
27/03/2021 21:00,281.0313,284.2106051
27/03/2021 22:00,280.68756,284.7008551
27/03/2021 23:00,280.51727,283.4924814
28/03/2021 0:00,280.33655,283.9723882
28/03/2021 1:00,279.21155,282.0734034
28/03/2021 2:00,278.68362,278.4306195
28/03/2021 3:00,278.12372,281.8805545
28/03/2021 4:00,277.9232,284.0795179
28/03/2021 5:00,277.95065,282.9848823
28/03/2021 6:00,279.16983,283.3664805
28/03/2021 7:00,283.76126,285.047832
28/03/2021 8:00,285.84897,283.5600172
28/03/2021 9:00,287.17242,283.8185854
28/03/2021 10:00,288.09448,282.5617679
28/03/2021 11:00,288.52438,283.5342507
28/03/2021 12:00,288.46045,285.3745538
28/03/2021 13:00,288.68982,286.8657949
28/03/2021 14:00,288.35236,284.9997329
28/03/2021 15:00,287.69305,284.7022541
28/03/2021 16:00,287.0713,285.1476971
28/03/2021 17:00,286.08322,285.088622
28/03/2021 18:00,284.4428,280.3337377
28/03/2021 19:00,284.92868,276.8082788
28/03/2021 20:00,284.50015,278.8788771
28/03/2021 21:00,284.08762,277.2282554
28/03/2021 22:00,282.22302,278.2966311
28/03/2021 23:00,280.61285,278.8947899
29/03/2021 0:00,279.37003,277.2592841
29/03/2021 1:00,278.56754,280.3049299
29/03/2021 2:00,277.7654,278.367232
29/03/2021 3:00,277.24478,277.599142
29/03/2021 4:00,276.98065,277.6585177
29/03/2021 5:00,276.9452,274.6925912
29/03/2021 6:00,278.66904,280.3513834
29/03/2021 7:00,283.43353,281.4281184
29/03/2021 8:00,286.60974,285.4091031
29/03/2021 9:00,288.6078,284.3177934
29/03/2021 10:00,289.93506,284.8586282
29/03/2021 11:00,290.86407,290.2297341
29/03/2021 12:00,291.49728,290.2199469
29/03/2021 13:00,291.95743,288.3572985
29/03/2021 14:00,291.97934,288.474508
29/03/2021 15:00,291.52023,291.8446667
29/03/2021 16:00,290.43762,287.0649439
29/03/2021 17:00,288.621,290.5561845
29/03/2021 18:00,286.3585,283.7554982
29/03/2021 19:00,284.8741,285.9797657
29/03/2021 20:00,283.4436,283.2835522
29/03/2021 21:00,282.0423,283.9394977
29/03/2021 22:00,280.94058,281.6197676
29/03/2021 23:00,280.2347,283.0915426
30/03/2021 0:00,279.79022,283.1927315
30/03/2021 1:00,279.31894,281.2421173
30/03/2021 2:00,279.21747,283.4724932
30/03/2021 3:00,278.90988,280.6498659
30/03/2021 4:00,278.69788,281.1350352
30/03/2021 5:00,278.64957,279.8274999
30/03/2021 6:00,279.97998,277.9422178
30/03/2021 7:00,285.57684,284.0292757
30/03/2021 8:00,288.79825,290.2275924
30/03/2021 9:00,289.91803,288.4564226
30/03/2021 10:00,290.98987,287.8209728
30/03/2021 11:00,291.91782,287.8836688
30/03/2021 12:00,292.85654,288.910997
30/03/2021 13:00,293.14883,290.3472664
30/03/2021 14:00,293.1144,287.5894173
30/03/2021 15:00,292.43045,291.365651
30/03/2021 16:00,291.37982,289.8949218
30/03/2021 17:00,289.70395,288.4386797
30/03/2021 18:00,287.74033,286.1896744
30/03/2021 19:00,286.10373,285.4802896
30/03/2021 20:00,284.7264,285.1824287
30/03/2021 21:00,283.64346,284.6660701
30/03/2021 22:00,282.59735,283.2900977
30/03/2021 23:00,281.90018,283.9497169
31/03/2021 0:00,281.10394,284.7880949
31/03/2021 1:00,280.32266,286.9456508
31/03/2021 2:00,279.92645,281.3494149
31/03/2021 3:00,279.64633,280.4477427
31/03/2021 4:00,279.67517,282.7873505
31/03/2021 5:00,279.5445,282.1884657
31/03/2021 6:00,281.19568,283.7162815
31/03/2021 7:00,286.68552,286.7984969
31/03/2021 8:00,289.71924,287.854666
31/03/2021 9:00,291.20117,292.4159876
31/03/2021 10:00,292.5924,288.4725954
31/03/2021 11:00,293.04596,290.7717178
31/03/2021 12:00,293.38516,292.6789628
31/03/2021 13:00,292.9271,290.1761099
31/03/2021 14:00,292.4367,292.3107784
31/03/2021 15:00,291.8688,295.0554295
31/03/2021 16:00,290.82654,291.4563535
31/03/2021 17:00,289.40054,290.2301741
31/03/2021 18:00,288.38675,285.6907575
31/03/2021 19:00,288.37424,285.6028285
31/03/2021 20:00,286.44745,284.4010264
31/03/2021 21:00,283.75885,283.1525157
31/03/2021 22:00,282.23068,285.1697577
31/03/2021 23:00,281.24573,283.2057816
01/04/2021 0:00,280.53253,279.6545421
01/04/2021 1:00,280.0479,281.708146
01/04/2021 2:00,279.77258,281.9438436
01/04/2021 3:00,279.34888,282.8888645
01/04/2021 4:00,279.03754,283.2818397
01/04/2021 5:00,278.86386,278.5989078
01/04/2021 6:00,280.98154,281.9195279
01/04/2021 7:00,286.81638,285.5240293
01/04/2021 8:00,290.0714,290.2540448
01/04/2021 9:00,291.59134,293.1963161
01/04/2021 10:00,292.56454,295.2435188
01/04/2021 11:00,293.18564,294.2412869
01/04/2021 12:00,293.42697,294.4584206
01/04/2021 13:00,293.38898,295.7572704
01/04/2021 14:00,293.0357,294.1436013
01/04/2021 15:00,292.15033,299.1511912
01/04/2021 16:00,291.19852,291.7260017
01/04/2021 17:00,289.81506,293.0631145
01/04/2021 18:00,288.65396,293.763041
01/04/2021 19:00,287.83426,288.2155897
01/04/2021 20:00,285.8384,286.4227207
01/04/2021 21:00,284.9471,284.8981344
01/04/2021 22:00,284.5345,285.0922048
01/04/2021 23:00,284.65912,287.102176
02/04/2021 0:00,284.47556,279.9253251
02/04/2021 1:00,283.4537,285.9874648
02/04/2021 2:00,282.37885,280.3923361
02/04/2021 3:00,281.78503,282.6534621
02/04/2021 4:00,281.31702,282.5059712
02/04/2021 5:00,281.02863,283.4362221
02/04/2021 6:00,282.9137,280.6389293
02/04/2021 7:00,287.37338,288.4548565
02/04/2021 8:00,289.8562,293.5269496
02/04/2021 9:00,291.04895,288.7176661
02/04/2021 10:00,291.68393,292.2024284
02/04/2021 11:00,292.04947,290.0109516
02/04/2021 12:00,292.0368,292.6764198
02/04/2021 13:00,291.7033,292.0392673
02/04/2021 14:00,291.227,290.2002307
02/04/2021 15:00,290.38632,291.4696133
02/04/2021 16:00,289.57336,293.0235479
02/04/2021 17:00,288.42252,288.2941158
02/04/2021 18:00,287.0003,288.4738903
02/04/2021 19:00,285.87363,284.0571005
02/04/2021 20:00,285.08636,283.2674254
02/04/2021 21:00,284.6698,284.8694211
02/04/2021 22:00,284.30545,286.012146
02/04/2021 23:00,283.8877,283.7017137
03/04/2021 0:00,282.22534,282.226882
03/04/2021 1:00,281.89185,282.5104622
03/04/2021 2:00,282.08173,279.9468763
03/04/2021 3:00,282.05405,282.8441647
03/04/2021 4:00,281.67267,282.9850912
03/04/2021 5:00,281.28183,280.3125597
03/04/2021 6:00,282.80768,279.9444552
03/04/2021 7:00,285.43808,281.5614739
03/04/2021 8:00,284.00558,280.6190525
03/04/2021 9:00,282.33414,282.2828846
03/04/2021 10:00,281.74982,287.8838062
03/04/2021 11:00,281.16037,284.5383994
03/04/2021 12:00,280.79483,284.7424862
03/04/2021 13:00,281.11566,284.1458733
03/04/2021 14:00,281.35065,286.3708707
03/04/2021 15:00,282.2938,284.2790271
03/04/2021 16:00,282.49792,282.7493429
03/04/2021 17:00,282.0137,285.1362347
03/04/2021 18:00,281.14453,284.1551753
03/04/2021 19:00,280.95187,279.6072782
03/04/2021 20:00,280.54993,276.8395916
03/04/2021 21:00,280.12903,281.3640168
03/04/2021 22:00,279.733,277.7119321
03/04/2021 23:00,279.27173,279.7972604
04/04/2021 0:00,278.82272,274.4108457
04/04/2021 1:00,278.54855,279.0368403
04/04/2021 2:00,278.15454,274.8926198
04/04/2021 3:00,277.6968,277.9622363
04/04/2021 4:00,277.29608,276.3302647
04/04/2021 5:00,276.98788,274.4755175
04/04/2021 6:00,277.73953,276.4287605
04/04/2021 7:00,279.16293,279.3937853
04/04/2021 8:00,280.41702,279.3224227
04/04/2021 9:00,281.46262,281.075533
04/04/2021 10:00,282.3175,285.142032
04/04/2021 11:00,283.09647,279.8542711
04/04/2021 12:00,283.6871,286.1141123
04/04/2021 13:00,284.13535,283.7326818
04/04/2021 14:00,284.1191,281.8661783
04/04/2021 15:00,283.59808,280.7030933
04/04/2021 16:00,282.73685,282.3259113
04/04/2021 17:00,281.67386,283.3005689
04/04/2021 18:00,280.438,280.0792003
04/04/2021 19:00,279.21436,281.40444
04/04/2021 20:00,278.32147,274.7370632
04/04/2021 21:00,277.23474,277.6630421
04/04/2021 22:00,276.1401,275.4158516
04/04/2021 23:00,275.2666,276.2832066
05/04/2021 0:00,274.49792,276.0575651
05/04/2021 1:00,273.73877,273.2747278
05/04/2021 2:00,273.1327,269.1560504
05/04/2021 3:00,272.6718,273.973433
05/04/2021 4:00,272.2956,274.0653409
05/04/2021 5:00,272.14685,273.6148432
05/04/2021 6:00,274.50348,277.9035334
05/04/2021 7:00,278.8243,277.4105797
05/04/2021 8:00,280.92972,282.4399536
05/04/2021 9:00,282.32584,284.9342408
05/04/2021 10:00,283.22385,280.765527
05/04/2021 11:00,283.82556,285.357882
05/04/2021 12:00,284.14325,284.5699808
05/04/2021 13:00,284.15512,285.8747673
05/04/2021 14:00,283.8675,286.9713258
05/04/2021 15:00,283.354,285.5163693
05/04/2021 16:00,282.5794,284.6956982
05/04/2021 17:00,281.51086,284.3904805
05/04/2021 18:00,280.08667,280.4415085
05/04/2021 19:00,279.03238,280.1423904
05/04/2021 20:00,277.71384,283.0512276
05/04/2021 21:00,277.069,279.4509706
05/04/2021 22:00,276.65875,282.1376047
05/04/2021 23:00,276.33395,281.4960595
06/04/2021 0:00,276.51395,277.5271931
06/04/2021 1:00,276.57172,279.0565427
06/04/2021 2:00,276.84192,282.1801842
06/04/2021 3:00,277.5817,277.0193912
06/04/2021 4:00,277.88474,275.7590224
06/04/2021 5:00,278.02518,276.1072081
06/04/2021 6:00,279.19855,276.7296882
06/04/2021 7:00,280.73944,274.4145685
06/04/2021 8:00,282.24472,273.8495494
06/04/2021 9:00,282.17984,277.7919765
06/04/2021 10:00,280.46884,279.4131469
06/04/2021 11:00,278.0782,278.895173
06/04/2021 12:00,277.77158,277.5978397
06/04/2021 13:00,277.60147,276.0588883
06/04/2021 14:00,277.36688,275.9343212
06/04/2021 15:00,276.8249,278.2357825
06/04/2021 16:00,275.86398,277.7763568
06/04/2021 17:00,274.90424,279.1750375
06/04/2021 18:00,273.92352,277.2460689
06/04/2021 19:00,272.92697,272.5278025
06/04/2021 20:00,272.7988,276.751087
06/04/2021 21:00,273.04645,272.7749224
06/04/2021 22:00,273.07376,273.457181
06/04/2021 23:00,272.99185,273.8042454
07/04/2021 0:00,272.08197,276.3642098
07/04/2021 1:00,271.35364,277.8958354
07/04/2021 2:00,270.7183,272.8992334
07/04/2021 3:00,270.19928,270.901876
07/04/2021 4:00,269.23044,271.6482075
07/04/2021 5:00,268.47562,272.3195484
07/04/2021 6:00,269.64383,272.879945
07/04/2021 7:00,272.22595,277.4903002
07/04/2021 8:00,274.78555,276.5706756
07/04/2021 9:00,276.16818,278.641394
07/04/2021 10:00,277.21338,279.9490455
07/04/2021 11:00,277.81076,280.7081862
07/04/2021 12:00,278.11578,282.2987194
07/04/2021 13:00,278.36578,279.9589056
07/04/2021 14:00,278.37646,280.0289444
07/04/2021 15:00,278.0054,278.0295262
07/04/2021 16:00,277.37518,278.7304947
07/04/2021 17:00,276.28094,278.2736623
07/04/2021 18:00,273.93024,276.9037068
07/04/2021 19:00,272.43723,277.8930041
07/04/2021 20:00,271.46957,274.5015671
07/04/2021 21:00,271.20175,275.0225864
07/04/2021 22:00,271.37146,271.3364009
07/04/2021 23:00,270.86627,272.171328
08/04/2021 0:00,270.2677,273.7168195
08/04/2021 1:00,269.85983,273.6786362
08/04/2021 2:00,269.26288,271.4127087
08/04/2021 3:00,269.0429,271.6746713
08/04/2021 4:00,269.4235,269.3254741
08/04/2021 5:00,269.93936,272.4110732
08/04/2021 6:00,273.3301,276.4487301
08/04/2021 7:00,276.55194,276.3126189
08/04/2021 8:00,276.6176,279.2190617
08/04/2021 9:00,278.4639,280.6719983
08/04/2021 10:00,279.0142,281.8715371
08/04/2021 11:00,281.92902,281.47051
08/04/2021 12:00,282.41324,284.3428704
08/04/2021 13:00,282.61935,284.054687
08/04/2021 14:00,283.06006,284.0370035
08/04/2021 15:00,282.4089,281.8260282
08/04/2021 16:00,281.63153,277.9135963
08/04/2021 17:00,280.49457,282.9977961
08/04/2021 18:00,279.2373,278.6162235
08/04/2021 19:00,279.98105,275.515203
08/04/2021 20:00,279.37933,278.2665251
08/04/2021 21:00,277.33286,277.3344476
08/04/2021 22:00,275.83627,279.4061371
08/04/2021 23:00,274.3757,277.2608856
09/04/2021 0:00,272.97287,275.9800555
09/04/2021 1:00,272.08435,270.5814286
09/04/2021 2:00,271.64404,274.1249006
09/04/2021 3:00,271.4031,271.9619497
09/04/2021 4:00,271.27887,270.5358131
09/04/2021 5:00,271.59378,271.9920145
09/04/2021 6:00,275.05734,272.6492425
09/04/2021 7:00,279.87662,280.1093287
09/04/2021 8:00,281.88986,279.6108256
09/04/2021 9:00,283.35242,280.6767402
09/04/2021 10:00,284.39484,281.7752624
09/04/2021 11:00,285.00092,287.6031019
09/04/2021 12:00,285.24423,285.4255375
09/04/2021 13:00,285.20743,289.8890267
09/04/2021 14:00,284.93683,286.7165524
09/04/2021 15:00,284.43164,284.5103596
09/04/2021 16:00,283.63528,284.8580691
09/04/2021 17:00,282.5802,287.3229656
09/04/2021 18:00,281.18332,282.3050107
09/04/2021 19:00,280.004,280.35672
09/04/2021 20:00,278.65973,281.2016324
09/04/2021 21:00,277.54727,281.4454144
09/04/2021 22:00,276.817,282.2855829
09/04/2021 23:00,276.24493,282.6283061
10/04/2021 0:00,275.79593,279.1824107
10/04/2021 1:00,275.52612,277.0656054
10/04/2021 2:00,275.43277,278.2636293
10/04/2021 3:00,275.29626,279.1472379
10/04/2021 4:00,275.1673,276.7634779
10/04/2021 5:00,275.45096,277.0330871
10/04/2021 6:00,277.88434,281.4240035
10/04/2021 7:00,281.806,283.2340121
10/04/2021 8:00,283.31207,285.3237747
10/04/2021 9:00,284.9578,285.3798708
10/04/2021 10:00,285.91122,287.4598387
10/04/2021 11:00,286.45795,286.9517362
10/04/2021 12:00,286.69016,290.5067022
10/04/2021 13:00,286.62253,291.0155676
10/04/2021 14:00,286.39346,286.0334165
10/04/2021 15:00,285.946,287.6217182
10/04/2021 16:00,285.15204,285.8628906
10/04/2021 17:00,284.18637,285.8097375
10/04/2021 18:00,282.83853,284.9250176
10/04/2021 19:00,281.75458,281.7849097
10/04/2021 20:00,280.81262,281.8286388
10/04/2021 21:00,280.3727,280.8183157
10/04/2021 22:00,279.79276,282.0024995
10/04/2021 23:00,279.52255,281.0007862
11/04/2021 0:00,279.61392,278.9051158
11/04/2021 1:00,279.43115,279.859117
11/04/2021 2:00,279.0229,277.9609828
11/04/2021 3:00,279.5162,278.4457322
11/04/2021 4:00,280.1492,281.6156975
11/04/2021 5:00,280.74103,281.0622984
11/04/2021 6:00,281.77475,277.9003433
11/04/2021 7:00,283.9482,284.553525
11/04/2021 8:00,284.9483,285.8324989
11/04/2021 9:00,285.4511,283.4377527
11/04/2021 10:00,286.40097,288.6545903
11/04/2021 11:00,286.70084,290.4289892
11/04/2021 12:00,287.02444,285.840923
11/04/2021 13:00,287.13086,286.6327825
11/04/2021 14:00,286.68265,290.4830491
11/04/2021 15:00,286.51926,289.1764842
11/04/2021 16:00,285.8483,289.3022004
11/04/2021 17:00,285.18686,287.4163159
11/04/2021 18:00,284.19864,286.0431253
11/04/2021 19:00,284.21127,281.528442
11/04/2021 20:00,283.625,284.4985189
11/04/2021 21:00,283.12454,283.6478622
11/04/2021 22:00,283.09686,280.1407314
11/04/2021 23:00,283.14987,279.6365784
12/04/2021 0:00,282.69138,276.4977642
12/04/2021 1:00,282.66525,279.7916522
12/04/2021 2:00,282.7974,279.749702
12/04/2021 3:00,282.8057,278.5646109
12/04/2021 4:00,282.79858,280.5402572
12/04/2021 5:00,282.68265,278.5121729
12/04/2021 6:00,283.87106,283.6797555
12/04/2021 7:00,285.36566,283.3046558
12/04/2021 8:00,286.22018,287.3115949
12/04/2021 9:00,286.98727,288.7578412
12/04/2021 10:00,287.79114,290.4451816
12/04/2021 11:00,288.01227,290.4680497
12/04/2021 12:00,287.60638,291.2477761
12/04/2021 13:00,287.16766,292.6457337
12/04/2021 14:00,286.33096,289.8352135
12/04/2021 15:00,286.07895,287.0889656
12/04/2021 16:00,285.37872,292.1979514
12/04/2021 17:00,284.8332,290.285881
12/04/2021 18:00,284.4067,284.3940037
12/04/2021 19:00,284.73627,287.5860314
12/04/2021 20:00,284.54913,283.9855798
12/04/2021 21:00,284.43875,281.6374898
12/04/2021 22:00,284.35016,279.0443078
12/04/2021 23:00,283.98422,277.3243462
13/04/2021 0:00,283.70016,276.3865159
13/04/2021 1:00,283.42087,276.2720296
13/04/2021 2:00,283.32196,275.5276594
13/04/2021 3:00,283.05017,275.5142356
13/04/2021 4:00,282.11853,276.6660585
13/04/2021 5:00,280.9483,275.429656
13/04/2021 6:00,279.9862,277.9849424
13/04/2021 7:00,280.92853,279.0931419
13/04/2021 8:00,280.57208,275.5202755
13/04/2021 9:00,280.29004,277.366593
13/04/2021 10:00,281.0385,277.5330611
13/04/2021 11:00,281.3277,277.097844
13/04/2021 12:00,281.7134,275.9638906
13/04/2021 13:00,281.79016,276.8110913
13/04/2021 14:00,281.5793,276.3994219
13/04/2021 15:00,280.60532,273.0449492
13/04/2021 16:00,279.6246,276.763652
13/04/2021 17:00,278.53906,276.7011012
13/04/2021 18:00,277.6359,273.6865172
13/04/2021 19:00,276.7905,275.1623097
13/04/2021 20:00,276.66348,276.354309
13/04/2021 21:00,276.43365,274.816238
13/04/2021 22:00,276.4202,277.075586
13/04/2021 23:00,276.28134,279.3243237
14/04/2021 0:00,276.16544,273.6549748
14/04/2021 1:00,276.2952,272.6668458
14/04/2021 2:00,276.1306,275.598508
14/04/2021 3:00,275.97,276.3613134
14/04/2021 4:00,275.8062,274.7350122
14/04/2021 5:00,275.9324,277.8627977
14/04/2021 6:00,276.83795,273.2647747
14/04/2021 7:00,278.6882,277.2298106
14/04/2021 8:00,280.2481,275.715247
14/04/2021 9:00,281.1924,280.3320758
14/04/2021 10:00,282.28705,281.9994548
14/04/2021 11:00,282.74597,278.6697846
14/04/2021 12:00,282.99597,280.0912361
14/04/2021 13:00,283.49008,283.2630685
14/04/2021 14:00,282.96472,281.4297431
14/04/2021 15:00,282.86267,282.0503751
14/04/2021 16:00,282.293,281.5138444
14/04/2021 17:00,281.46854,277.3420601
14/04/2021 18:00,280.20023,279.709738
14/04/2021 19:00,278.47974,276.8668632
14/04/2021 20:00,277.1414,276.525067
14/04/2021 21:00,276.364,279.2058768
14/04/2021 22:00,275.81848,273.7524603
14/04/2021 23:00,275.45966,276.8210392
15/04/2021 0:00,275.05417,274.3738908
15/04/2021 1:00,274.84766,273.9787957
15/04/2021 2:00,274.54977,275.5211101
15/04/2021 3:00,274.14703,274.392011
15/04/2021 4:00,273.82977,274.3931181
15/04/2021 5:00,273.99,275.2437278
15/04/2021 6:00,276.50327,275.7001076
15/04/2021 7:00,278.70682,277.2508798
15/04/2021 8:00,280.3272,277.7727578
15/04/2021 9:00,281.77277,279.0953563
15/04/2021 10:00,282.95523,286.7091426
15/04/2021 11:00,283.81845,284.2626863
15/04/2021 12:00,284.77463,280.347873
15/04/2021 13:00,285.1726,280.6192771
15/04/2021 14:00,285.30396,283.8204323
15/04/2021 15:00,285.118,283.849815
15/04/2021 16:00,284.36636,283.3738088
15/04/2021 17:00,283.23334,280.9713535
15/04/2021 18:00,280.93726,279.5112387
15/04/2021 19:00,279.54074,278.2680262
15/04/2021 20:00,277.81235,276.4182101
15/04/2021 21:00,276.35016,271.7000218
15/04/2021 22:00,275.33978,274.8913257
15/04/2021 23:00,274.75983,273.3517036
16/04/2021 0:00,274.38242,274.8951403
16/04/2021 1:00,273.86337,280.2329147
16/04/2021 2:00,273.4931,276.384
16/04/2021 3:00,273.19916,275.3140248
16/04/2021 4:00,272.82886,277.2902977
16/04/2021 5:00,273.26086,276.421131
16/04/2021 6:00,276.75568,277.3617277
16/04/2021 7:00,280.37744,280.0130598
16/04/2021 8:00,282.42078,284.0465148
16/04/2021 9:00,283.9114,279.421113
16/04/2021 10:00,285.02783,282.7445969
16/04/2021 11:00,285.84357,280.3250035
16/04/2021 12:00,286.41483,283.2992049
16/04/2021 13:00,286.6237,280.9597814
16/04/2021 14:00,286.70163,281.9622339
16/04/2021 15:00,286.2811,281.9168154
16/04/2021 16:00,285.7213,284.1513747
16/04/2021 17:00,284.61124,283.2850066
16/04/2021 18:00,282.5339,279.1701517
16/04/2021 19:00,281.5718,278.839808
16/04/2021 20:00,280.61285,276.6520958
16/04/2021 21:00,279.8232,275.3863938
16/04/2021 22:00,278.98532,277.8321947
16/04/2021 23:00,278.3452,277.4032231
17/04/2021 0:00,277.7277,281.4871718
17/04/2021 1:00,277.08243,277.5466037
17/04/2021 2:00,276.63184,274.3735289
17/04/2021 3:00,276.33118,275.6424861
17/04/2021 4:00,276.0511,278.4586753
17/04/2021 5:00,276.41388,280.8768459
17/04/2021 6:00,278.33215,275.3551096
17/04/2021 7:00,280.58673,275.5146042
17/04/2021 8:00,282.2942,282.9799632
17/04/2021 9:00,283.84378,281.3098252
17/04/2021 10:00,285.02347,279.1732804
17/04/2021 11:00,285.89896,282.3686666
17/04/2021 12:00,286.43976,277.0481978
17/04/2021 13:00,286.74515,282.0346515
17/04/2021 14:00,286.48248,282.8566326
17/04/2021 15:00,285.29605,284.0355395
17/04/2021 16:00,283.97668,280.3058347
17/04/2021 17:00,282.74478,281.6897247
17/04/2021 18:00,281.72845,279.1844713
17/04/2021 19:00,280.76712,280.6341562
17/04/2021 20:00,280.15472,277.8879303
17/04/2021 21:00,279.77298,278.310441
17/04/2021 22:00,279.31525,276.7712477
17/04/2021 23:00,278.95328,279.3374068
18/04/2021 0:00,278.56757,279.6981507
18/04/2021 1:00,278.4026,277.4635485
18/04/2021 2:00,278.14703,277.7113024
18/04/2021 3:00,277.736,274.7781502
18/04/2021 4:00,277.42978,276.9125739
18/04/2021 5:00,277.4737,277.5676268
18/04/2021 6:00,279.25394,283.5779377
18/04/2021 7:00,281.19083,277.1980085
18/04/2021 8:00,282.83377,282.5279646
18/04/2021 9:00,284.01706,281.8989243
18/04/2021 10:00,284.5681,280.8592796
18/04/2021 11:00,284.71292,284.0323214
18/04/2021 12:00,284.75247,281.8272372
18/04/2021 13:00,284.85654,282.2888376
18/04/2021 14:00,284.90005,281.8016108
18/04/2021 15:00,284.33432,284.5496748
18/04/2021 16:00,284.01862,284.2514329
18/04/2021 17:00,283.61353,280.6358528
18/04/2021 18:00,282.7341,278.3191962
18/04/2021 19:00,282.92636,279.4946094
18/04/2021 20:00,282.19528,278.2324615
18/04/2021 21:00,280.7173,279.3845839
18/04/2021 22:00,278.57666,281.6165527
18/04/2021 23:00,277.80838,278.5757096
19/04/2021 0:00,277.43808,279.2745085
19/04/2021 1:00,277.2316,279.3956904
19/04/2021 2:00,277.12003,280.7997848
19/04/2021 3:00,277.02826,275.3151114
19/04/2021 4:00,276.95862,278.233687
19/04/2021 5:00,277.48874,279.8773286
19/04/2021 6:00,278.99045,281.9629601
19/04/2021 7:00,281.67346,279.6089732
19/04/2021 8:00,283.20883,278.1492789
19/04/2021 9:00,284.631,283.2191878
19/04/2021 10:00,285.80716,281.7825718
19/04/2021 11:00,286.11258,281.0459417
19/04/2021 12:00,286.3353,282.1866869
19/04/2021 13:00,286.51532,283.4762975
19/04/2021 14:00,286.58096,283.5455382
19/04/2021 15:00,285.99786,280.7656902
19/04/2021 16:00,285.71817,285.6684625
19/04/2021 17:00,284.9032,285.7400032
19/04/2021 18:00,283.4161,283.2794515
19/04/2021 19:00,281.91638,278.4520479
19/04/2021 20:00,280.97403,279.5839525
19/04/2021 21:00,279.96484,279.4614247
19/04/2021 22:00,279.3109,279.97442
19/04/2021 23:00,278.5458,279.8662344
20/04/2021 0:00,277.94644,277.3969115
20/04/2021 1:00,277.59317,279.0308421
20/04/2021 2:00,277.27115,279.3805227
20/04/2021 3:00,276.9064,280.5983646
20/04/2021 4:00,276.66113,278.9247191
20/04/2021 5:00,276.9519,279.4152556
20/04/2021 6:00,280.07877,280.2448323
20/04/2021 7:00,282.4109,283.802305
20/04/2021 8:00,283.87186,283.559699
20/04/2021 9:00,285.1291,281.971469
20/04/2021 10:00,286.00418,286.6497017
20/04/2021 11:00,286.60156,285.2913583
20/04/2021 12:00,286.9829,283.3224969
20/04/2021 13:00,287.16885,283.9474
20/04/2021 14:00,286.8219,286.2537816
20/04/2021 15:00,285.30832,286.832503
20/04/2021 16:00,284.34738,286.0710938
20/04/2021 17:00,284.0202,285.4560429
20/04/2021 18:00,283.16293,286.5934243
20/04/2021 19:00,282.5343,284.4114491
20/04/2021 20:00,281.9219,281.1525282
20/04/2021 21:00,279.8244,281.7885263
20/04/2021 22:00,278.80136,277.5246301
20/04/2021 23:00,278.09637,279.6319505
21/04/2021 0:00,277.40762,281.8826888
21/04/2021 1:00,276.71057,278.2415385
21/04/2021 2:00,276.43604,276.7995898
21/04/2021 3:00,276.3826,276.7952122
21/04/2021 4:00,275.8869,275.5028014
21/04/2021 5:00,276.52582,277.1215176
21/04/2021 6:00,280.90363,281.6764481
21/04/2021 7:00,283.10953,281.2005485
21/04/2021 8:00,284.66583,285.9623525
21/04/2021 9:00,286.02515,289.401142
21/04/2021 10:00,286.76138,287.3815328
21/04/2021 11:00,286.9208,292.579929
21/04/2021 12:00,286.9212,291.234906
21/04/2021 13:00,286.33176,292.2510805
21/04/2021 14:00,286.399,289.0769137
21/04/2021 15:00,286.25183,291.5027123
21/04/2021 16:00,285.85583,287.5079873
21/04/2021 17:00,285.05908,289.5147893
21/04/2021 18:00,284.04514,286.4515148
21/04/2021 19:00,282.8769,286.0661609
21/04/2021 20:00,281.71027,282.0031896
21/04/2021 21:00,280.87,281.783751
21/04/2021 22:00,279.7781,283.9172001
21/04/2021 23:00,279.0656,280.7283623
22/04/2021 0:00,278.70917,282.7793412
22/04/2021 1:00,278.5264,279.0687304
22/04/2021 2:00,278.63678,282.5676692
22/04/2021 3:00,278.8496,278.4305311
22/04/2021 4:00,279.2749,281.1969324
22/04/2021 5:00,280.0428,281.8462949
22/04/2021 6:00,282.0845,281.7953
22/04/2021 7:00,284.01508,286.5090172
22/04/2021 8:00,285.26913,287.550585
22/04/2021 9:00,286.16916,287.4098857
22/04/2021 10:00,286.6692,287.6731154
22/04/2021 11:00,286.74673,286.8069394
22/04/2021 12:00,286.73447,291.3528288
22/04/2021 13:00,286.36023,287.9851051
22/04/2021 14:00,286.73447,291.148666
22/04/2021 15:00,286.8389,290.4749194
22/04/2021 16:00,286.24786,291.6706584
22/04/2021 17:00,285.4891,288.2189392
22/04/2021 18:00,284.54202,285.9280302
22/04/2021 19:00,283.5237,285.7213705
22/04/2021 20:00,282.95444,283.931088
22/04/2021 21:00,282.98294,282.5476268
22/04/2021 22:00,282.97937,281.91185
22/04/2021 23:00,280.93802,278.2707295
23/04/2021 0:00,279.88412,281.9676599
23/04/2021 1:00,278.98215,281.3410121
23/04/2021 2:00,278.26846,277.6908074
23/04/2021 3:00,278.05206,278.2124572
23/04/2021 4:00,278.17233,277.7805696
23/04/2021 5:00,279.2282,278.2076482
23/04/2021 6:00,282.9584,281.9655214
23/04/2021 7:00,285.53973,285.288596
23/04/2021 8:00,287.06598,286.1766059
23/04/2021 9:00,288.40314,283.2026409
23/04/2021 10:00,289.37158,287.6496742
23/04/2021 11:00,289.7668,289.6555766
23/04/2021 12:00,290.3531,288.6025351
23/04/2021 13:00,290.53864,289.9536403
23/04/2021 14:00,290.50143,291.35614
23/04/2021 15:00,290.39264,289.3504144
23/04/2021 16:00,289.71103,287.4745228
23/04/2021 17:00,288.3996,287.838372
23/04/2021 18:00,286.73923,284.3367759
23/04/2021 19:00,285.7059,282.3088279
23/04/2021 20:00,284.6785,280.5525097
23/04/2021 21:00,283.27686,283.5443587
23/04/2021 22:00,282.1949,279.7197391
23/04/2021 23:00,281.1944,284.9387927
24/04/2021 0:00,280.3747,282.5150088
24/04/2021 1:00,279.60284,278.5205615
24/04/2021 2:00,278.85596,280.7060175
24/04/2021 3:00,278.26492,275.9976129
24/04/2021 4:00,277.7961,279.3124567
24/04/2021 5:00,278.38004,280.1625859
24/04/2021 6:00,281.8859,280.5367682
24/04/2021 7:00,285.67188,284.1581672
24/04/2021 8:00,287.41055,289.1465294
24/04/2021 9:00,288.8304,286.0365296
24/04/2021 10:00,289.99783,286.053909
24/04/2021 11:00,290.9026,291.2941025
24/04/2021 12:00,291.58344,292.7821723
24/04/2021 13:00,292.01425,289.6197198
24/04/2021 14:00,292.053,291.4602469
24/04/2021 15:00,291.7223,291.8592398
24/04/2021 16:00,291.13007,287.7273905
24/04/2021 17:00,289.8467,287.0435221
24/04/2021 18:00,288.45773,288.0806423
24/04/2021 19:00,285.04404,287.3702303
24/04/2021 20:00,283.38406,283.8375835
24/04/2021 21:00,282.01447,279.8603295
24/04/2021 22:00,280.9954,283.7813035
24/04/2021 23:00,280.29913,278.3532767
25/04/2021 0:00,279.77612,277.9610704
25/04/2021 1:00,279.3453,278.5770497
25/04/2021 2:00,278.96948,280.1240347
25/04/2021 3:00,278.52246,278.3475374
25/04/2021 4:00,278.09955,277.1112863
25/04/2021 5:00,278.61224,278.6840971
25/04/2021 6:00,283.05334,282.6867385
25/04/2021 7:00,287.06363,287.0462976
25/04/2021 8:00,289.48236,283.8919609
25/04/2021 9:00,290.7143,289.0326618
25/04/2021 10:00,291.5961,290.9924464
25/04/2021 11:00,292.2627,289.08285
25/04/2021 12:00,292.69785,292.5205939
25/04/2021 13:00,292.72675,291.8850236
25/04/2021 14:00,292.3232,295.5913694
25/04/2021 15:00,291.53793,295.15341
25/04/2021 16:00,290.51767,290.8783651
25/04/2021 17:00,289.26398,289.4553431
25/04/2021 18:00,287.72665,287.5199931
25/04/2021 19:00,287.40543,285.9366444
25/04/2021 20:00,287.00348,285.8209693
25/04/2021 21:00,286.35785,283.2246993
25/04/2021 22:00,284.5084,281.6281078
25/04/2021 23:00,281.83368,283.8612324
26/04/2021 0:00,280.30585,283.439715
26/04/2021 1:00,279.65112,280.2160795
26/04/2021 2:00,279.42285,282.8899159
26/04/2021 3:00,279.4189,279.8197795
26/04/2021 4:00,279.28043,280.6804183
26/04/2021 5:00,280.2022,281.6365906
26/04/2021 6:00,283.1926,281.2474377
26/04/2021 7:00,286.46863,281.8107351
26/04/2021 8:00,288.44824,280.6859974
26/04/2021 9:00,290.3068,282.9222118
26/04/2021 10:00,291.498,284.2254195
26/04/2021 11:00,291.5328,284.1138534
26/04/2021 12:00,290.65613,286.0031559
26/04/2021 13:00,289.93494,284.0850325
26/04/2021 14:00,289.49896,285.4732621
26/04/2021 15:00,288.6963,284.713526
26/04/2021 16:00,287.9925,283.3974209
26/04/2021 17:00,287.2468,282.255762
26/04/2021 18:00,286.15094,281.5626385
26/04/2021 19:00,285.25726,281.6788587
26/04/2021 20:00,284.4166,282.0955978
26/04/2021 21:00,283.98462,279.1214667
26/04/2021 22:00,283.7943,278.0360385
26/04/2021 23:00,283.3991,278.3141012
27/04/2021 0:00,283.03555,279.1985348
27/04/2021 1:00,282.67157,279.2743397
27/04/2021 2:00,282.70758,278.446677
27/04/2021 3:00,282.44687,277.3945229
27/04/2021 4:00,282.69373,278.8661055
27/04/2021 5:00,283.25037,280.0818323
27/04/2021 6:00,283.96286,280.9966373
27/04/2021 7:00,286.17035,279.7467541
27/04/2021 8:00,287.95016,280.3134989
27/04/2021 9:00,288.5863,279.9832505
27/04/2021 10:00,288.86996,282.1520155
27/04/2021 11:00,288.30978,281.2412392
27/04/2021 12:00,288.81934,284.0132419
27/04/2021 13:00,289.04404,279.797887
27/04/2021 14:00,289.47604,282.4028573
27/04/2021 15:00,289.10812,283.6437455
27/04/2021 16:00,288.3248,283.4260663
27/04/2021 17:00,287.73456,287.4790148
27/04/2021 18:00,286.88837,282.934825
27/04/2021 19:00,286.3187,279.3514731
27/04/2021 20:00,285.77353,280.972581
27/04/2021 21:00,285.353,277.8518928
27/04/2021 22:00,285.28537,280.6901354
27/04/2021 23:00,285.21573,279.2982255
28/04/2021 0:00,285.25412,282.3438777
28/04/2021 1:00,285.14334,279.623806
28/04/2021 2:00,284.97403,280.2950005
28/04/2021 3:00,284.80905,279.3068248
28/04/2021 4:00,284.7315,283.5004611
28/04/2021 5:00,284.90836,280.0803941
28/04/2021 6:00,285.06738,284.4571888
28/04/2021 7:00,284.96768,283.8625194
28/04/2021 8:00,286.0406,284.3658684
28/04/2021 9:00,287.3548,285.3807313
28/04/2021 10:00,288.2532,286.9017902
28/04/2021 11:00,288.98944,283.6263512
28/04/2021 12:00,289.32452,286.969462
28/04/2021 13:00,289.3154,289.0015254
28/04/2021 14:00,289.25055,287.7534775
28/04/2021 15:00,288.8027,284.806328
28/04/2021 16:00,288.0301,286.8564421
28/04/2021 17:00,287.01694,289.5562173
28/04/2021 18:00,286.24707,287.8378628
28/04/2021 19:00,285.94522,284.1121729
28/04/2021 20:00,284.36517,285.1959625
28/04/2021 21:00,283.55734,282.10232
28/04/2021 22:00,282.97818,278.5786579
28/04/2021 23:00,282.562,278.8077129
29/04/2021 0:00,282.50504,282.4893976
29/04/2021 1:00,282.65933,278.6245323
29/04/2021 2:00,282.5818,278.4521934
29/04/2021 3:00,282.6273,278.4603672
29/04/2021 4:00,282.5252,282.6284124
29/04/2021 5:00,283.32117,283.7618371
29/04/2021 6:00,286.1019,287.2807749
29/04/2021 7:00,287.4711,286.1342548
29/04/2021 8:00,288.31848,289.3744935
29/04/2021 9:00,289.1916,288.2409995
29/04/2021 10:00,289.32608,295.0056786
29/04/2021 11:00,290.13867,290.6821613
29/04/2021 12:00,291.15933,294.0670766
29/04/2021 13:00,290.9006,292.341658
29/04/2021 14:00,290.28503,293.4811014
29/04/2021 15:00,289.55713,292.6750592
29/04/2021 16:00,289.15518,291.2435214
29/04/2021 17:00,288.5958,290.2971172
29/04/2021 18:00,287.6436,288.8062229
29/04/2021 19:00,287.22858,290.8005677
29/04/2021 20:00,286.49316,286.3781885
29/04/2021 21:00,285.90094,287.829301
29/04/2021 22:00,285.8392,288.9025075
29/04/2021 23:00,285.56744,285.3565365
30/04/2021 0:00,285.56546,284.858494
30/04/2021 1:00,285.55792,285.2295488
30/04/2021 2:00,284.57407,287.1758622
30/04/2021 3:00,284.2002,284.977201
30/04/2021 4:00,283.81805,283.7235946
30/04/2021 5:00,284.1132,286.3252811
30/04/2021 6:00,287.18466,286.2963914
30/04/2021 7:00,290.9481,291.2105431
30/04/2021 8:00,292.07596,292.067958
30/04/2021 9:00,292.71368,291.97812
30/04/2021 10:00,293.43924,292.1097802
30/04/2021 11:00,293.81387,292.4009614
30/04/2021 12:00,294.11176,295.2915508
30/04/2021 13:00,294.40094,296.6545204
30/04/2021 14:00,294.18732,293.5932987
30/04/2021 15:00,293.7581,295.5130364
30/04/2021 16:00,293.12234,290.552947
30/04/2021 17:00,292.14044,292.1098235
30/04/2021 18:00,290.88992,291.7401904
30/04/2021 19:00,290.1272,289.1045819
30/04/2021 20:00,289.30276,287.7024812
30/04/2021 21:00,288.93564,287.4586713
30/04/2021 22:00,288.75446,288.3821021
30/04/2021 23:00,288.36832,287.783521
01/05/2021 0:00,288.05008,285.1888196
01/05/2021 1:00,287.63156,285.1040172
01/05/2021 2:00,287.5576,287.4219643
01/05/2021 3:00,287.80966,288.7659137
01/05/2021 4:00,287.8905,282.1292489
01/05/2021 5:00,288.1894,286.6592089
01/05/2021 6:00,290.38815,288.4947701
01/05/2021 7:00,292.47952,293.8074996
01/05/2021 8:00,293.4842,292.4817463
01/05/2021 9:00,293.4344,295.2003754
01/05/2021 10:00,293.6217,295.7967814
01/05/2021 11:00,293.97757,292.5594045
01/05/2021 12:00,294.5894,298.1835678
01/05/2021 13:00,293.92566,297.4896288
01/05/2021 14:00,293.51044,298.0047168
01/05/2021 15:00,292.71637,303.8026919
01/05/2021 16:00,291.56702,292.2471995
01/05/2021 17:00,290.47018,297.8439866
01/05/2021 18:00,289.45657,292.3758307
01/05/2021 19:00,288.51602,292.1800488
01/05/2021 20:00,288.49277,291.8445158
01/05/2021 21:00,288.4155,288.3653805
01/05/2021 22:00,288.30096,287.9648466
01/05/2021 23:00,288.19177,289.467778
02/05/2021 0:00,288.31766,286.0907367
02/05/2021 1:00,288.46442,290.004218
02/05/2021 2:00,288.23474,287.9284349
02/05/2021 3:00,287.9803,286.8882569
02/05/2021 4:00,287.6641,288.3652872
02/05/2021 5:00,287.78668,292.0430399
02/05/2021 6:00,288.57748,289.8920002
02/05/2021 7:00,290.1325,292.4569352
02/05/2021 8:00,289.6257,291.2454026
02/05/2021 9:00,290.34073,294.8581113
02/05/2021 10:00,291.36926,295.4541162
02/05/2021 11:00,291.99747,297.6835807
02/05/2021 12:00,292.44016,294.320024
02/05/2021 13:00,292.47864,295.2977623
02/05/2021 14:00,292.5344,291.9919999
02/05/2021 15:00,292.2904,292.2855724
02/05/2021 16:00,291.71378,287.4873525
02/05/2021 17:00,290.9194,289.1170844
02/05/2021 18:00,289.3402,286.7327123
02/05/2021 19:00,289.91922,285.979446
02/05/2021 20:00,289.2925,285.5814407
02/05/2021 21:00,288.63684,285.3745267
02/05/2021 22:00,287.99997,284.1547434
02/05/2021 23:00,287.51373,284.5455159
03/05/2021 0:00,286.98636,286.7634596
03/05/2021 1:00,286.78082,285.5253732
03/05/2021 2:00,286.3993,285.1349494
03/05/2021 3:00,286.02524,282.5658373
03/05/2021 4:00,285.70932,281.5973175
03/05/2021 5:00,285.79227,284.8580585
03/05/2021 6:00,286.61377,284.9031631
03/05/2021 7:00,288.20847,286.4590504
03/05/2021 8:00,289.00314,283.0442644
03/05/2021 9:00,289.7704,284.1301511
03/05/2021 10:00,290.37772,281.8173356
03/05/2021 11:00,290.82156,284.2189238
03/05/2021 12:00,290.95282,286.9189327
03/05/2021 13:00,290.89822,285.0199707
03/05/2021 14:00,290.75952,287.6269316
03/05/2021 15:00,290.20886,286.656337
03/05/2021 16:00,289.24536,287.3321312
03/05/2021 17:00,288.30035,284.2910478
03/05/2021 18:00,287.00604,285.1755068
03/05/2021 19:00,286.5031,278.2812137
03/05/2021 20:00,286.4545,282.8633893
03/05/2021 21:00,286.09833,279.65489
03/05/2021 22:00,285.1029,283.1556203
03/05/2021 23:00,283.473,281.5155981
04/05/2021 0:00,281.9454,280.387741
04/05/2021 1:00,280.56696,281.2960361
04/05/2021 2:00,279.77258,275.9310932
04/05/2021 3:00,279.2822,280.4245697
04/05/2021 4:00,278.8586,278.81577
04/05/2021 5:00,280.2105,278.9946644
04/05/2021 6:00,285.15152,285.6982258
04/05/2021 7:00,287.16324,283.393229
04/05/2021 8:00,288.80716,285.6515874
04/05/2021 9:00,290.05167,287.6339532
04/05/2021 10:00,290.89734,289.1705346
04/05/2021 11:00,291.3591,289.2919402
04/05/2021 12:00,291.52734,294.1378724
04/05/2021 13:00,291.43726,292.0796334
04/05/2021 14:00,290.9895,293.5836463
04/05/2021 15:00,290.31863,291.8488063
04/05/2021 16:00,289.4825,289.2996791
04/05/2021 17:00,288.71768,291.6797518
04/05/2021 18:00,287.57727,285.4985474
04/05/2021 19:00,286.8345,287.3504746
04/05/2021 20:00,285.96826,284.4212208
04/05/2021 21:00,285.25385,289.8750449
04/05/2021 22:00,284.8249,287.4786288
04/05/2021 23:00,284.3452,285.478153
05/05/2021 0:00,284.1916,287.1480494
05/05/2021 1:00,284.37982,283.2940491
05/05/2021 2:00,284.63455,285.6535759
05/05/2021 3:00,285.0277,284.9110035
05/05/2021 4:00,284.8747,284.9885056
05/05/2021 5:00,285.11334,287.5870275
05/05/2021 6:00,287.01736,288.4694735
05/05/2021 7:00,288.2401,289.4478845
05/05/2021 8:00,288.78867,287.2344148
05/05/2021 9:00,289.22537,289.6241378
05/05/2021 10:00,289.31607,292.2278916
05/05/2021 11:00,289.8011,293.765776
05/05/2021 12:00,289.91953,291.9412184
05/05/2021 13:00,290.3771,297.6858261
05/05/2021 14:00,289.714,296.1818994
05/05/2021 15:00,289.62808,294.17396
05/05/2021 16:00,289.1013,292.3908954
05/05/2021 17:00,288.47308,290.7824791
05/05/2021 18:00,287.70078,288.4061747
05/05/2021 19:00,287.1853,287.6919279
05/05/2021 20:00,286.5395,284.4477408
05/05/2021 21:00,285.92767,279.378635
05/05/2021 22:00,285.46802,281.5055631
05/05/2021 23:00,285.1867,281.0856552
06/05/2021 0:00,284.7148,277.6616716
06/05/2021 1:00,284.2217,279.5873166
06/05/2021 2:00,284.2202,280.6243702
06/05/2021 3:00,283.8071,284.8621856
06/05/2021 4:00,283.24985,282.5583818
06/05/2021 5:00,283.72534,279.6543202
06/05/2021 6:00,286.46643,283.6328544
06/05/2021 7:00,289.35245,278.5319754
06/05/2021 8:00,290.2211,284.4850766
06/05/2021 9:00,290.8162,282.6151737
06/05/2021 10:00,290.62857,284.1822458
06/05/2021 11:00,290.85736,287.372789
06/05/2021 12:00,290.9922,283.6580347
06/05/2021 13:00,291.275,284.5466352
06/05/2021 14:00,291.8,287.1064412
06/05/2021 15:00,291.5894,290.2795525
06/05/2021 16:00,291.0414,285.8902307
06/05/2021 17:00,289.9049,282.9710938
06/05/2021 18:00,288.5041,285.941793
06/05/2021 19:00,287.95404,285.7486899
06/05/2021 20:00,287.23334,286.5719346
06/05/2021 21:00,286.82825,283.4431886
06/05/2021 22:00,286.5571,283.4334478
06/05/2021 23:00,286.1347,285.6778438
07/05/2021 0:00,285.7481,279.6333585
07/05/2021 1:00,285.31946,281.9356756
07/05/2021 2:00,285.06143,283.3061724
07/05/2021 3:00,285.05905,284.0555432
07/05/2021 4:00,284.929,282.6651331
07/05/2021 5:00,285.84656,284.6985828
07/05/2021 6:00,288.12048,282.2222189
07/05/2021 7:00,289.35455,287.0223091
07/05/2021 8:00,289.94846,290.179678
07/05/2021 9:00,290.30643,288.8133781
07/05/2021 10:00,290.4833,289.660357
07/05/2021 11:00,290.5549,289.7347287
07/05/2021 12:00,290.76044,287.7469552
07/05/2021 13:00,291.3406,287.9650532
07/05/2021 14:00,290.9755,284.9700497
07/05/2021 15:00,290.37054,285.234185
07/05/2021 16:00,289.83392,285.6336737
07/05/2021 17:00,289.05444,284.283527
07/05/2021 18:00,288.23026,282.528607
07/05/2021 19:00,288.08408,283.4970141
07/05/2021 20:00,286.7334,283.8974924
07/05/2021 21:00,286.26535,278.5943842
07/05/2021 22:00,285.60373,284.2570065
07/05/2021 23:00,284.3652,281.4787478
08/05/2021 0:00,283.53622,282.7282446
08/05/2021 1:00,283.10608,283.2770933
08/05/2021 2:00,282.90115,277.8478792
08/05/2021 3:00,282.85938,278.1205422
08/05/2021 4:00,282.8406,278.0745561
08/05/2021 5:00,283.37335,278.0656575
08/05/2021 6:00,284.76672,284.7832824
08/05/2021 7:00,286.1007,281.4497795
08/05/2021 8:00,287.65247,283.2038745
08/05/2021 9:00,289.1326,285.7220705
08/05/2021 10:00,290.4138,284.1160046
08/05/2021 11:00,291.54077,286.4867667
08/05/2021 12:00,292.399,288.3162595
08/05/2021 13:00,292.8858,287.6281728
08/05/2021 14:00,293.03613,288.2791883
08/05/2021 15:00,292.9073,287.4501755
08/05/2021 16:00,292.4503,285.3985752
08/05/2021 17:00,291.47424,287.966798
08/05/2021 18:00,289.37274,288.8679062
08/05/2021 19:00,286.99054,284.1905929
08/05/2021 20:00,285.2043,283.1853438
08/05/2021 21:00,283.73938,283.0440829
08/05/2021 22:00,282.6252,278.5911784
08/05/2021 23:00,281.83026,283.1085635
09/05/2021 0:00,281.26678,279.8803336
09/05/2021 1:00,280.9643,281.875886
09/05/2021 2:00,280.72357,277.2590164
09/05/2021 3:00,280.46017,281.5622599
09/05/2021 4:00,280.2627,279.833801
09/05/2021 5:00,281.6301,281.8303062
09/05/2021 6:00,286.58035,284.6649934
09/05/2021 7:00,290.05435,286.0077117
09/05/2021 8:00,292.53558,290.4494437
09/05/2021 9:00,294.20816,290.1329888
09/05/2021 10:00,295.4279,287.6867013
09/05/2021 11:00,296.19333,290.258894
09/05/2021 12:00,296.35413,292.6897738
09/05/2021 13:00,296.01196,294.0991682
09/05/2021 14:00,295.38406,293.6468054
09/05/2021 15:00,294.584,295.7354232
09/05/2021 16:00,293.61603,289.3458142
09/05/2021 17:00,292.48788,291.5029686
09/05/2021 18:00,291.275,286.1675569
09/05/2021 19:00,289.1359,289.7191593
09/05/2021 20:00,287.42963,287.1642158
09/05/2021 21:00,286.1365,287.2151077
09/05/2021 22:00,285.1721,284.1735077
09/05/2021 23:00,284.67422,287.2380503
10/05/2021 0:00,284.2966,285.9824613
10/05/2021 1:00,283.79636,284.1671911
10/05/2021 2:00,283.39154,281.7080069
10/05/2021 3:00,283.37186,282.0779867
10/05/2021 4:00,283.51205,279.4525057
10/05/2021 5:00,284.90842,284.4077113
10/05/2021 6:00,289.50458,290.7811286
10/05/2021 7:00,292.09918,292.8430837
10/05/2021 8:00,293.61215,292.2340956
10/05/2021 9:00,294.70633,296.0730657
10/05/2021 10:00,295.4109,294.4912738
10/05/2021 11:00,295.72232,298.7578728
10/05/2021 12:00,295.85208,299.2032011
10/05/2021 13:00,295.9022,295.446056
10/05/2021 14:00,295.76855,296.8292837
10/05/2021 15:00,295.29156,298.2201785
10/05/2021 16:00,294.5864,297.4218739
10/05/2021 17:00,293.47314,294.5211784
10/05/2021 18:00,291.85907,294.6299172
10/05/2021 19:00,289.9416,292.1164057
10/05/2021 20:00,288.2708,289.3907723
10/05/2021 21:00,286.9246,287.3222301
10/05/2021 22:00,285.9626,290.0865851
10/05/2021 23:00,285.51483,290.9255876
11/05/2021 0:00,285.37314,287.0263484
11/05/2021 1:00,285.22818,286.3407037
11/05/2021 2:00,285.0647,287.1711136
11/05/2021 3:00,284.69452,284.7193579
11/05/2021 4:00,284.63605,284.69709
11/05/2021 5:00,286.2904,287.8254543
11/05/2021 6:00,290.51193,287.1882929
11/05/2021 7:00,293.75534,295.8554866
11/05/2021 8:00,294.9879,295.6658779
11/05/2021 9:00,295.89206,296.2668197
11/05/2021 10:00,296.57455,297.8077394
11/05/2021 11:00,297.01993,298.5701521
11/05/2021 12:00,297.2001,296.1000577
11/05/2021 13:00,297.0721,302.1018154
11/05/2021 14:00,296.63004,299.568713
11/05/2021 15:00,296.1501,300.1027688
11/05/2021 16:00,295.407,300.3643508
11/05/2021 17:00,294.45813,295.4487866
11/05/2021 18:00,293.15756,295.8203926
11/05/2021 19:00,291.95392,293.0803371
11/05/2021 20:00,291.08975,293.5469181
11/05/2021 21:00,290.165,286.8510013
11/05/2021 22:00,289.30322,289.3913376
11/05/2021 23:00,289.23193,287.6182933
12/05/2021 0:00,288.59805,289.5036267
12/05/2021 1:00,287.68436,290.1415484
12/05/2021 2:00,286.73996,287.755344
12/05/2021 3:00,286.3095,287.2333314
12/05/2021 4:00,286.2749,287.885239
12/05/2021 5:00,286.2925,286.60872
12/05/2021 6:00,286.77606,290.6013211
12/05/2021 7:00,287.415,288.5077172
12/05/2021 8:00,288.70605,284.1595959
12/05/2021 9:00,290.0308,289.9141308
12/05/2021 10:00,290.51462,289.2145347
12/05/2021 11:00,291.33105,288.5369854
12/05/2021 12:00,291.19205,290.0080077
12/05/2021 13:00,291.3958,292.827
12/05/2021 14:00,291.27737,295.4692975
12/05/2021 15:00,290.8022,293.8277524
12/05/2021 16:00,290.33713,291.0045065
12/05/2021 17:00,289.71368,292.1384499
12/05/2021 18:00,288.84625,289.6749147
12/05/2021 19:00,287.6432,286.9319143
12/05/2021 20:00,287.8171,285.1561063
12/05/2021 21:00,287.60413,283.3079839
12/05/2021 22:00,286.6785,284.9807054
12/05/2021 23:00,285.79526,285.4417949
13/05/2021 0:00,284.7849,284.701093
13/05/2021 1:00,284.54446,284.0732387
13/05/2021 2:00,284.23334,283.1608407
13/05/2021 3:00,284.10837,285.748767
13/05/2021 4:00,283.6818,282.2231908
13/05/2021 5:00,284.91437,287.0645795
13/05/2021 6:00,285.9071,285.1340848
13/05/2021 7:00,286.3468,286.8578775
13/05/2021 8:00,287.15848,286.5928963
13/05/2021 9:00,288.42117,289.4856512
13/05/2021 10:00,288.68576,292.7976496
13/05/2021 11:00,288.72275,292.5730199
13/05/2021 12:00,289.25342,290.9961992
13/05/2021 13:00,289.5335,290.785783
13/05/2021 14:00,289.26447,287.2899161
13/05/2021 15:00,289.11917,288.4743491
13/05/2021 16:00,288.63684,286.6416065
13/05/2021 17:00,288.27737,290.0351405
13/05/2021 18:00,287.22083,285.0327402
13/05/2021 19:00,286.63794,287.6718534
13/05/2021 20:00,285.79764,287.7703931
13/05/2021 21:00,285.02057,289.4264959
13/05/2021 22:00,284.47855,285.3757463
13/05/2021 23:00,283.76144,286.8366718
14/05/2021 0:00,283.74863,289.177132
14/05/2021 1:00,283.44046,283.622586
14/05/2021 2:00,283.1365,281.4519736
14/05/2021 3:00,282.6625,280.3829822
14/05/2021 4:00,282.58228,284.7123939
14/05/2021 5:00,283.82828,281.2917784
14/05/2021 6:00,286.0103,285.8895337
14/05/2021 7:00,286.8002,288.4468809
14/05/2021 8:00,287.82278,288.7392366
14/05/2021 9:00,288.81372,289.9297846
14/05/2021 10:00,289.62213,290.4713145
14/05/2021 11:00,290.52356,293.4908468
14/05/2021 12:00,290.77057,290.4963384
14/05/2021 13:00,290.83798,291.4420736
14/05/2021 14:00,290.42813,291.2306695
14/05/2021 15:00,290.1665,293.0846705
14/05/2021 16:00,289.45328,292.4762075
14/05/2021 17:00,288.90112,290.6104949
14/05/2021 18:00,288.07724,290.6622213
14/05/2021 19:00,287.5552,285.2609775
14/05/2021 20:00,286.6958,289.3226228
14/05/2021 21:00,286.21735,288.3288686
14/05/2021 22:00,285.9098,286.211399
14/05/2021 23:00,285.41312,287.2834931
15/05/2021 0:00,285.2953,280.4543638
15/05/2021 1:00,285.24518,282.1010046
15/05/2021 2:00,284.57343,281.8040864
15/05/2021 3:00,284.23425,284.5384658
15/05/2021 4:00,284.08868,281.3475002
15/05/2021 5:00,284.7858,285.6463139
15/05/2021 6:00,285.82776,288.8014417
15/05/2021 7:00,286.48462,288.6650451
15/05/2021 8:00,287.40515,289.7290581
15/05/2021 9:00,288.4656,288.9254848
15/05/2021 10:00,288.43518,290.0472395
15/05/2021 11:00,290.3583,294.3270736
15/05/2021 12:00,290.7467,293.2554745
15/05/2021 13:00,290.59158,291.2589604
15/05/2021 14:00,290.2566,290.4470106
15/05/2021 15:00,289.8357,287.123691
15/05/2021 16:00,289.5902,288.182137
15/05/2021 17:00,288.99332,293.2169889
15/05/2021 18:00,288.10406,286.6448514
15/05/2021 19:00,287.58206,288.0812567
15/05/2021 20:00,287.40784,287.8676131
15/05/2021 21:00,284.56387,282.9518323
15/05/2021 22:00,284.4896,285.0160911
15/05/2021 23:00,285.09305,286.0002801
16/05/2021 0:00,285.00507,284.4200463
16/05/2021 1:00,284.33328,289.8144154
16/05/2021 2:00,284.15997,282.0754363
16/05/2021 3:00,284.07318,287.0885631
16/05/2021 4:00,284.4478,284.8889569
16/05/2021 5:00,284.85144,287.6492583
16/05/2021 6:00,285.4313,288.6864002
16/05/2021 7:00,286.88702,285.9350978
16/05/2021 8:00,287.75745,288.7277286
16/05/2021 9:00,288.39014,286.2929849
16/05/2021 10:00,289.40524,291.6382643
16/05/2021 11:00,290.01917,292.0288613
16/05/2021 12:00,289.94727,293.2071718
16/05/2021 13:00,290.6244,294.42066
16/05/2021 14:00,290.35355,293.4976752
16/05/2021 15:00,289.79752,292.9314587
16/05/2021 16:00,289.26355,290.9452037
16/05/2021 17:00,288.6106,290.6174881
16/05/2021 18:00,287.83054,292.775524
16/05/2021 19:00,287.9928,291.3281253
16/05/2021 20:00,287.57727,287.711514
16/05/2021 21:00,287.2957,287.2458549
16/05/2021 22:00,286.9938,284.7562495
16/05/2021 23:00,287.00635,288.1174434
17/05/2021 0:00,286.816,287.2434949
17/05/2021 1:00,286.25998,289.4545109
17/05/2021 2:00,286.12607,284.5237965
17/05/2021 3:00,286.07028,285.703236
17/05/2021 4:00,286.2221,286.7434565
17/05/2021 5:00,286.2919,287.3352889
17/05/2021 6:00,287.15787,285.7967899
17/05/2021 7:00,288.49246,285.7803241
17/05/2021 8:00,289.26834,290.1866984
17/05/2021 9:00,290.6223,290.3251553
17/05/2021 10:00,291.3418,287.5912135
17/05/2021 11:00,291.95062,290.898251
17/05/2021 12:00,292.12842,289.1015827
17/05/2021 13:00,292.19345,287.2853463
17/05/2021 14:00,292.19376,287.1487062
17/05/2021 15:00,291.9366,288.3405525
17/05/2021 16:00,291.6103,286.2225771
17/05/2021 17:00,290.75415,287.6547759
17/05/2021 18:00,289.41748,282.7694592
17/05/2021 19:00,288.2037,286.7176688
17/05/2021 20:00,287.90094,281.8133095
17/05/2021 21:00,288.07483,286.7791402
17/05/2021 22:00,287.53046,283.1227768
17/05/2021 23:00,285.46323,283.0330911
18/05/2021 0:00,283.40347,282.0134323
18/05/2021 1:00,282.23953,282.396571
18/05/2021 2:00,281.3109,285.1193331
18/05/2021 3:00,280.70895,277.7759396
18/05/2021 4:00,280.62125,284.1131736
18/05/2021 5:00,282.66132,284.1488917
18/05/2021 6:00,286.1523,284.3847566
18/05/2021 7:00,288.99152,286.5645605
18/05/2021 8:00,290.68735,293.2820576
18/05/2021 9:00,291.8116,289.9675653
18/05/2021 10:00,292.51114,290.3184328
18/05/2021 11:00,292.5517,294.8785333
18/05/2021 12:00,292.61942,294.0476314
18/05/2021 13:00,292.57794,291.9986021
18/05/2021 14:00,292.71725,293.9572893
18/05/2021 15:00,292.66925,291.575189
18/05/2021 16:00,292.274,294.802498
18/05/2021 17:00,291.31555,293.3324535
18/05/2021 18:00,289.82108,292.588441
18/05/2021 19:00,288.03247,288.6779284
18/05/2021 20:00,287.0815,289.7753389
18/05/2021 21:00,286.6263,285.6821432
18/05/2021 22:00,286.79602,282.8354334
18/05/2021 23:00,286.38736,285.3575662
19/05/2021 0:00,286.14575,287.9731335
19/05/2021 1:00,285.8731,282.3816019
19/05/2021 2:00,285.56555,284.1710236
19/05/2021 3:00,285.5247,285.1070517
19/05/2021 4:00,285.51782,283.9916889
19/05/2021 5:00,285.57986,282.9643911
19/05/2021 6:00,286.51205,287.0533977
19/05/2021 7:00,286.93237,288.8918423
19/05/2021 8:00,288.77853,285.5761933
19/05/2021 9:00,289.92102,284.1471788
19/05/2021 10:00,288.45935,283.1064251
19/05/2021 11:00,289.0157,286.6279774
19/05/2021 12:00,289.53055,288.6457823
19/05/2021 13:00,288.868,287.4575628
19/05/2021 14:00,288.67294,286.9036632
19/05/2021 15:00,287.28076,285.3176928
19/05/2021 16:00,287.05765,284.0914096
19/05/2021 17:00,286.51385,286.9019836
19/05/2021 18:00,285.80927,286.6376946
19/05/2021 19:00,285.60342,281.4548296
19/05/2021 20:00,284.86337,286.7713042
19/05/2021 21:00,284.21426,284.8626764
19/05/2021 22:00,283.7209,286.1749505
19/05/2021 23:00,283.3438,280.9604232
20/05/2021 0:00,282.91098,280.8965621
20/05/2021 1:00,282.53067,283.1624595
20/05/2021 2:00,282.2306,284.1918824
20/05/2021 3:00,282.10648,286.3305105
20/05/2021 4:00,282.21985,284.3492701
20/05/2021 5:00,283.27313,282.8035807
20/05/2021 6:00,284.63278,281.4697947
20/05/2021 7:00,285.86832,285.799651
20/05/2021 8:00,286.74442,282.0829679
20/05/2021 9:00,287.63217,287.0058617
20/05/2021 10:00,287.87738,284.5211872
20/05/2021 11:00,287.8759,288.9596032
20/05/2021 12:00,287.94775,288.672963
20/05/2021 13:00,287.86902,288.323833
20/05/2021 14:00,288.21533,288.2107914
20/05/2021 15:00,288.4483,288.8060485
20/05/2021 16:00,288.4841,290.0681621
20/05/2021 17:00,288.17896,288.6211128
20/05/2021 18:00,287.17636,286.2615048
20/05/2021 19:00,286.03806,286.1852042
20/05/2021 20:00,284.70856,286.1183542
20/05/2021 21:00,283.42734,281.551457
20/05/2021 22:00,282.37347,285.5123784
20/05/2021 23:00,281.4717,281.8279548
21/05/2021 0:00,280.6499,280.255755
21/05/2021 1:00,280.02646,278.2448938
21/05/2021 2:00,279.65656,277.3390408
21/05/2021 3:00,279.315,277.5876807
21/05/2021 4:00,279.22015,278.8945678
21/05/2021 5:00,281.23486,286.261035
21/05/2021 6:00,285.65115,285.4567936
21/05/2021 7:00,288.17358,288.3385464
21/05/2021 8:00,289.81808,290.1670045
21/05/2021 9:00,291.22128,291.0414407
21/05/2021 10:00,292.18777,291.8495379
21/05/2021 11:00,292.7644,290.8431336
21/05/2021 12:00,292.70087,296.2469964
21/05/2021 13:00,292.7623,297.276404
21/05/2021 14:00,292.56213,291.3205008
21/05/2021 15:00,292.20358,292.4657093
21/05/2021 16:00,291.57358,293.2642366
21/05/2021 17:00,290.68884,290.9684854
21/05/2021 18:00,289.135,291.7283889
21/05/2021 19:00,287.5197,287.4429768
21/05/2021 20:00,286.6785,291.5865745
21/05/2021 21:00,286.1204,288.8817438
21/05/2021 22:00,285.74097,286.5633889
21/05/2021 23:00,285.63834,287.7581406
22/05/2021 0:00,285.48978,287.6286533
22/05/2021 1:00,285.11603,284.1991232
22/05/2021 2:00,284.75092,283.2506744
22/05/2021 3:00,284.54657,284.4108039
22/05/2021 4:00,284.4338,285.8529541
22/05/2021 5:00,285.76752,285.7097322
22/05/2021 6:00,288.19714,284.5869112
22/05/2021 7:00,289.7972,288.4867866
22/05/2021 8:00,290.86185,291.3253982
22/05/2021 9:00,291.5703,292.4671636
22/05/2021 10:00,291.92587,296.5945224
22/05/2021 11:00,292.5192,290.5424714
22/05/2021 12:00,292.84283,293.9058209
22/05/2021 13:00,292.91055,295.8267358
22/05/2021 14:00,292.7441,297.8182933
22/05/2021 15:00,292.14035,293.2918646
22/05/2021 16:00,291.34747,294.5128873
22/05/2021 17:00,290.77057,293.5463246
22/05/2021 18:00,290.17487,291.8786601
22/05/2021 19:00,289.1642,288.8778498
22/05/2021 20:00,289.05685,288.8728863
22/05/2021 21:00,288.6604,283.2525632
22/05/2021 22:00,288.3108,288.8564233
22/05/2021 23:00,288.16373,286.8200358
23/05/2021 0:00,287.84128,285.6432871
23/05/2021 1:00,287.398,289.2218304
23/05/2021 2:00,287.0141,284.1432121
23/05/2021 3:00,286.72922,284.4383201
23/05/2021 4:00,286.59738,288.9931071
23/05/2021 5:00,287.49435,285.4691712
23/05/2021 6:00,288.98315,287.8986054
23/05/2021 7:00,290.42633,290.5689899
23/05/2021 8:00,291.68216,294.1738537
23/05/2021 9:00,292.6943,294.4480695
23/05/2021 10:00,293.4299,292.92446
23/05/2021 11:00,293.957,295.1031308
23/05/2021 12:00,294.309,295.3132159
23/05/2021 13:00,294.46558,295.5967626
23/05/2021 14:00,294.53122,294.4029325
23/05/2021 15:00,294.12643,291.2096352
23/05/2021 16:00,293.6924,284.2898791
23/05/2021 17:00,293.01407,288.6372453
23/05/2021 18:00,292.05713,286.7843397
23/05/2021 19:00,290.9737,288.2925944
23/05/2021 20:00,290.39233,286.255432
23/05/2021 21:00,289.7835,287.1021482
23/05/2021 22:00,288.93365,284.6322879
23/05/2021 23:00,288.0128,285.4657507
24/05/2021 0:00,287.30405,283.5260549
24/05/2021 1:00,286.86884,283.0302004
24/05/2021 2:00,286.3653,286.7123716
24/05/2021 3:00,286.342,282.9590409
24/05/2021 4:00,286.49176,282.1703763
24/05/2021 5:00,286.9735,281.3134597
24/05/2021 6:00,288.00446,283.224184
24/05/2021 7:00,292.44998,287.6197
24/05/2021 8:00,294.77283,287.9275801
24/05/2021 9:00,295.96454,286.9823824
24/05/2021 10:00,296.21838,289.0653443
24/05/2021 11:00,297.69705,291.8567728
24/05/2021 12:00,298.2722,290.4727094
24/05/2021 13:00,298.38852,288.4308099
24/05/2021 14:00,298.24057,291.1694718
24/05/2021 15:00,297.9384,290.3032445
24/05/2021 16:00,297.2884,290.8888326
24/05/2021 17:00,296.5492,290.2290322
24/05/2021 18:00,295.4968,289.0776291
24/05/2021 19:00,294.90765,286.1789347
24/05/2021 20:00,294.8304,287.3816929
24/05/2021 21:00,294.40384,286.0191714
24/05/2021 22:00,293.39648,281.7647086
24/05/2021 23:00,292.28235,290.1310253
25/05/2021 0:00,291.24158,287.2151661
25/05/2021 1:00,290.14087,283.8389962
25/05/2021 2:00,288.8322,283.9231038
25/05/2021 3:00,287.6954,281.2326935
25/05/2021 4:00,287.239,286.5046281
25/05/2021 5:00,288.7863,289.4753874
25/05/2021 6:00,290.92746,288.4777314
25/05/2021 7:00,291.8689,291.0438669
25/05/2021 8:00,292.78735,291.407604
25/05/2021 9:00,293.36874,289.1766923
25/05/2021 10:00,293.9883,290.4094135
25/05/2021 11:00,294.57776,290.4806721
25/05/2021 12:00,294.8683,288.3132978
25/05/2021 13:00,294.74628,288.3475504
25/05/2021 14:00,294.65887,288.3543058
25/05/2021 15:00,294.43695,288.0972407
25/05/2021 16:00,293.86005,288.0234588
25/05/2021 17:00,293.02005,285.595176
25/05/2021 18:00,291.624,285.7704963
25/05/2021 19:00,290.5713,283.3286229
25/05/2021 20:00,289.68536,287.0233426
25/05/2021 21:00,288.3812,280.8228967
25/05/2021 22:00,287.86246,285.9318729
25/05/2021 23:00,287.2274,285.8910702
26/05/2021 0:00,286.3611,282.4781595
26/05/2021 1:00,285.76123,277.6666617
26/05/2021 2:00,285.04233,281.9144738
26/05/2021 3:00,284.64053,282.7891531
26/05/2021 4:00,284.53732,280.6614182
26/05/2021 5:00,285.78958,281.4868874
26/05/2021 6:00,287.58383,288.0586965
26/05/2021 7:00,289.94965,287.8557257
26/05/2021 8:00,291.75705,286.4739487
26/05/2021 9:00,293.52057,286.5120415
26/05/2021 10:00,294.37283,289.8146243
26/05/2021 11:00,295.08994,290.8838742
26/05/2021 12:00,295.3038,292.8619536
26/05/2021 13:00,295.57736,291.5503928
26/05/2021 14:00,295.50995,293.6900117
26/05/2021 15:00,295.3238,296.2326584
26/05/2021 16:00,294.68365,293.9927443
26/05/2021 17:00,293.66913,291.7837229
26/05/2021 18:00,292.09024,289.9275279
26/05/2021 19:00,290.24496,287.7532552
26/05/2021 20:00,289.58392,288.4970976
26/05/2021 21:00,288.87726,283.9649786
26/05/2021 22:00,288.2395,284.3135203
26/05/2021 23:00,287.02066,284.1281763
27/05/2021 0:00,285.70605,284.2903631
27/05/2021 1:00,284.68857,282.8049037
27/05/2021 2:00,283.5258,285.9298197
27/05/2021 3:00,282.56735,284.7442179
27/05/2021 4:00,282.18942,285.3972268
27/05/2021 5:00,284.6131,284.6173095
27/05/2021 6:00,289.30295,290.8637578
27/05/2021 7:00,292.01984,288.9205965
27/05/2021 8:00,293.52325,295.1942015
27/05/2021 9:00,294.78357,290.2055652
27/05/2021 10:00,295.80466,294.9119469
27/05/2021 11:00,296.43228,295.6462895
27/05/2021 12:00,296.69687,293.9505862
27/05/2021 13:00,296.64676,296.3654792
27/05/2021 14:00,296.27478,297.9525156
27/05/2021 15:00,295.8121,291.5420166
27/05/2021 16:00,295.0234,295.850532
27/05/2021 17:00,294.0772,289.4999443
27/05/2021 18:00,292.58063,290.735745
27/05/2021 19:00,290.76282,293.7810203
27/05/2021 20:00,290.7813,288.8014369
27/05/2021 21:00,288.28006,286.3326831
27/05/2021 22:00,287.19336,286.3503805
27/05/2021 23:00,287.37354,288.9988138
28/05/2021 0:00,287.84396,281.552864
28/05/2021 1:00,286.9598,282.5764249
28/05/2021 2:00,286.2797,286.9058412
28/05/2021 3:00,285.72067,287.4539817
28/05/2021 4:00,285.4844,283.7173796
28/05/2021 5:00,286.027,282.2844115
28/05/2021 6:00,287.09583,289.4106722
28/05/2021 7:00,288.64935,289.9394752
28/05/2021 8:00,289.9046,289.7905309
28/05/2021 9:00,291.21533,288.5174858
28/05/2021 10:00,292.3119,290.6679429
28/05/2021 11:00,293.25302,291.1229809
28/05/2021 12:00,293.9543,292.3036611
28/05/2021 13:00,294.36148,294.2987276
28/05/2021 14:00,294.36685,292.9443852
28/05/2021 15:00,294.02054,289.3610075
28/05/2021 16:00,293.395,293.8001212
28/05/2021 17:00,292.4822,291.3240595
28/05/2021 18:00,291.2383,290.4684718
28/05/2021 19:00,289.84555,290.30781
28/05/2021 20:00,288.52258,284.6577751
28/05/2021 21:00,287.18173,285.9299396
28/05/2021 22:00,285.996,284.6265682
28/05/2021 23:00,285.07425,282.1997495
29/05/2021 0:00,284.381,285.2491102
29/05/2021 1:00,283.72357,289.7859129
29/05/2021 2:00,283.20123,281.758122
29/05/2021 3:00,282.81882,284.7379319
29/05/2021 4:00,282.7544,285.8616637
29/05/2021 5:00,284.65396,285.2004638
29/05/2021 6:00,288.12317,287.5935377
29/05/2021 7:00,290.954,286.668131
29/05/2021 8:00,292.7593,290.1232465
29/05/2021 9:00,294.02768,288.8507439
29/05/2021 10:00,295.14362,287.022919
29/05/2021 11:00,295.8667,293.2952412
29/05/2021 12:00,296.24704,293.6332648
29/05/2021 13:00,296.4618,292.5769582
29/05/2021 14:00,296.19275,292.6560276
29/05/2021 15:00,295.60898,293.6444345
29/05/2021 16:00,294.9393,291.0209429
29/05/2021 17:00,294.07928,291.1006312
29/05/2021 18:00,292.72382,287.9717891
29/05/2021 19:00,291.33704,290.3167211
29/05/2021 20:00,290.52356,288.0024947
29/05/2021 21:00,289.8709,287.2152022
29/05/2021 22:00,289.10278,284.1229416
29/05/2021 23:00,288.7845,286.3825766
30/05/2021 0:00,288.29916,283.87814
30/05/2021 1:00,287.63962,283.4901882
30/05/2021 2:00,286.94577,282.2996283
30/05/2021 3:00,286.37842,280.921213
30/05/2021 4:00,285.88712,286.0341692
30/05/2021 5:00,286.3608,286.5292268
30/05/2021 6:00,287.40875,289.1571223
30/05/2021 7:00,288.39462,285.1483013
30/05/2021 8:00,289.4521,288.6436754
30/05/2021 9:00,290.64468,287.054854
30/05/2021 10:00,291.77972,288.6987616
30/05/2021 11:00,292.66803,289.0148546
30/05/2021 12:00,293.1862,293.1402916
30/05/2021 13:00,293.0952,290.2902223
30/05/2021 14:00,292.54962,291.4663533
30/05/2021 15:00,292.01776,290.9735646
30/05/2021 16:00,291.7257,293.6101988
30/05/2021 17:00,290.9397,285.8298565
30/05/2021 18:00,289.87,289.999509
30/05/2021 19:00,288.42804,288.6221525
30/05/2021 20:00,287.4693,284.3837026
30/05/2021 21:00,286.64957,287.2103317
30/05/2021 22:00,285.9444,285.3441873
30/05/2021 23:00,285.4486,283.6873596
31/05/2021 0:00,285.10168,281.8696645
31/05/2021 1:00,284.8714,281.5987007
31/05/2021 2:00,284.56088,286.1226365
31/05/2021 3:00,284.25693,282.024312
31/05/2021 4:00,284.2107,283.3040208
31/05/2021 5:00,284.86664,282.4732536
31/05/2021 6:00,286.20004,283.816561
31/05/2021 7:00,287.628,288.431383
31/05/2021 8:00,289.0968,285.4728222
31/05/2021 9:00,290.36072,288.2682456
31/05/2021 10:00,291.63593,290.0822787
31/05/2021 11:00,292.731,290.7355564
31/05/2021 12:00,293.19095,290.7083594
31/05/2021 13:00,293.47076,292.1691601
31/05/2021 14:00,293.03018,292.788079
31/05/2021 15:00,292.64148,292.7361416
31/05/2021 16:00,292.18063,289.3633582
31/05/2021 17:00,291.1485,289.1109247
31/05/2021 18:00,289.95053,290.6893641
31/05/2021 19:00,289.28296,288.8302488
31/05/2021 20:00,288.03607,283.2175945
31/05/2021 21:00,286.79364,285.2289468
31/05/2021 22:00,285.59897,280.2031902
31/05/2021 23:00,284.71362,283.2948095
01/06/2021 0:00,283.97397,286.0188365
01/06/2021 1:00,283.33163,280.4567104
01/06/2021 2:00,282.7888,280.3192766
01/06/2021 3:00,282.40594,282.5932129
01/06/2021 4:00,282.38763,278.6224873
01/06/2021 5:00,284.4062,282.7545798
01/06/2021 6:00,287.33493,286.812103
01/06/2021 7:00,289.21378,286.6925926
01/06/2021 8:00,290.5558,288.9711533
01/06/2021 9:00,291.653,291.5318096
01/06/2021 10:00,292.48877,291.1204443
01/06/2021 11:00,293.4861,291.5578027
01/06/2021 12:00,293.89682,291.099598
01/06/2021 13:00,294.5539,292.7309885
01/06/2021 14:00,294.54672,291.3967345
01/06/2021 15:00,294.2168,292.314955
01/06/2021 16:00,293.4236,290.2520457
01/06/2021 17:00,292.56638,290.1311701
01/06/2021 18:00,291.25623,287.7946249
01/06/2021 19:00,289.486,288.9243415
01/06/2021 20:00,287.54266,287.1877335
01/06/2021 21:00,286.08368,285.8005676
01/06/2021 22:00,285.06525,286.8380935
01/06/2021 23:00,284.21158,286.2472131
02/06/2021 0:00,283.46655,287.1473209
02/06/2021 1:00,282.75537,284.8703121
02/06/2021 2:00,282.27103,286.0875138
02/06/2021 3:00,281.9232,286.0548157
02/06/2021 4:00,281.79742,285.6811935
02/06/2021 5:00,283.6918,284.2074347
02/06/2021 6:00,288.21527,288.5503702
02/06/2021 7:00,290.46066,291.102009
02/06/2021 8:00,291.99606,291.9517718
02/06/2021 9:00,293.22424,289.2624422
02/06/2021 10:00,294.3187,294.0807091
02/06/2021 11:00,295.244,298.4574426
02/06/2021 12:00,295.8883,294.2383103
02/06/2021 13:00,296.25604,293.9296632
02/06/2021 14:00,296.22897,296.0197537
02/06/2021 15:00,295.92493,295.8207713
02/06/2021 16:00,295.17673,296.9256349
02/06/2021 17:00,293.93542,291.284344
02/06/2021 18:00,292.50986,292.9360799
02/06/2021 19:00,290.4539,291.7793992
02/06/2021 20:00,290.8889,289.1011399
02/06/2021 21:00,290.42444,288.74787
02/06/2021 22:00,290.0396,288.923417
02/06/2021 23:00,289.59506,287.4871998
03/06/2021 0:00,287.88095,282.8641407
03/06/2021 1:00,286.46097,285.7899508
03/06/2021 2:00,285.4477,284.1268477
03/06/2021 3:00,284.53513,283.9605915
03/06/2021 4:00,284.16223,283.8424247
03/06/2021 5:00,286.79565,286.1350787
03/06/2021 6:00,291.4604,292.4603808
03/06/2021 7:00,293.902,292.5970706
03/06/2021 8:00,295.49353,292.1089056
03/06/2021 9:00,296.62695,294.0110845
03/06/2021 10:00,297.43246,295.8024431
03/06/2021 11:00,297.89056,298.4462262
03/06/2021 12:00,297.9554,297.8201531
03/06/2021 13:00,298.30286,295.2382599
03/06/2021 14:00,298.26425,300.6730121
03/06/2021 15:00,298.08994,296.1002262
03/06/2021 16:00,297.48462,297.6466886
03/06/2021 17:00,296.63412,294.0664569
03/06/2021 18:00,295.1982,293.6089127
03/06/2021 19:00,293.6055,292.8710966
03/06/2021 20:00,292.32678,292.0436156
03/06/2021 21:00,290.21033,290.3715787
03/06/2021 22:00,288.6045,288.8469197
03/06/2021 23:00,287.2788,286.2610911
04/06/2021 0:00,286.41718,285.7530308
04/06/2021 1:00,285.82776,287.0760383
04/06/2021 2:00,285.44968,287.6966723
04/06/2021 3:00,285.15082,285.4566308
04/06/2021 4:00,285.12296,288.0601102
04/06/2021 5:00,287.323,290.7870447
04/06/2021 6:00,292.37097,290.5995104
04/06/2021 7:00,295.13654,292.6622058
04/06/2021 8:00,296.88565,295.1384343
04/06/2021 9:00,298.2535,296.6877925
04/06/2021 10:00,299.27353,295.8559736
04/06/2021 11:00,299.9099,299.7818098
04/06/2021 12:00,300.16025,298.5086387
04/06/2021 13:00,299.29663,298.1438685
04/06/2021 14:00,298.9424,295.5845006
04/06/2021 15:00,298.32675,295.6548269
04/06/2021 16:00,297.61356,298.0064914
04/06/2021 17:00,296.77142,292.5323628
04/06/2021 18:00,295.52457,296.3900314
04/06/2021 19:00,293.25925,292.4877369
04/06/2021 20:00,293.47256,297.27519
04/06/2021 21:00,292.84894,294.3977513
04/06/2021 22:00,289.7825,288.5998679
04/06/2021 23:00,289.2926,287.5699218
05/06/2021 0:00,290.26007,288.7058172
05/06/2021 1:00,289.40482,289.5139314
05/06/2021 2:00,287.97607,283.2283984
05/06/2021 3:00,287.17294,282.5163835
05/06/2021 4:00,286.8681,284.7207482
05/06/2021 5:00,289.53894,289.7747592
05/06/2021 6:00,294.03372,293.7218506
05/06/2021 7:00,296.28192,296.1068243
05/06/2021 8:00,297.72937,294.1792369
05/06/2021 9:00,298.7661,293.6292946
05/06/2021 10:00,299.1844,300.2774352
05/06/2021 11:00,299.4359,298.1517216
05/06/2021 12:00,299.69818,296.698464
05/06/2021 13:00,299.5784,300.9943681
05/06/2021 14:00,299.4375,302.3542668
05/06/2021 15:00,299.0065,300.6002486
05/06/2021 16:00,298.30725,299.3765191
05/06/2021 17:00,297.36044,298.668182
05/06/2021 18:00,295.99817,296.6653656
05/06/2021 19:00,293.9577,292.5650364
05/06/2021 20:00,293.18524,292.1332018
05/06/2021 21:00,293.18045,293.1667318
05/06/2021 22:00,291.52963,291.8535094
05/06/2021 23:00,290.4336,290.8292462
06/06/2021 0:00,290.3723,288.1846314
06/06/2021 1:00,291.17462,289.2124119
06/06/2021 2:00,291.6888,285.5373495
06/06/2021 3:00,291.68088,289.6293961
06/06/2021 4:00,291.2777,291.8414924
06/06/2021 5:00,291.30875,289.0600155
06/06/2021 6:00,292.3192,291.7465384
06/06/2021 7:00,293.77902,294.2573845
06/06/2021 8:00,294.14197,297.5068757
06/06/2021 9:00,295.72556,295.4348013
06/06/2021 10:00,295.9273,295.1659957
06/06/2021 11:00,296.33563,293.2384614
06/06/2021 12:00,297.10333,297.5463327
06/06/2021 13:00,297.8002,300.828235
06/06/2021 14:00,297.42212,297.9423513
06/06/2021 15:00,296.98395,297.0091348
06/06/2021 16:00,296.30737,297.1170161
06/06/2021 17:00,295.62286,295.0297817
06/06/2021 18:00,294.81418,292.6263295
06/06/2021 19:00,293.74918,294.7017419
06/06/2021 20:00,293.4487,292.5871267
06/06/2021 21:00,292.78485,291.4221935
06/06/2021 22:00,292.19345,289.0732953
06/06/2021 23:00,291.54517,292.2875466
07/06/2021 0:00,290.08258,290.9394274
07/06/2021 1:00,288.81143,288.5901255
07/06/2021 2:00,288.44528,291.1949391
07/06/2021 3:00,288.49503,287.9867118
07/06/2021 4:00,288.68088,287.9580738
07/06/2021 5:00,289.77017,288.888187
07/06/2021 6:00,292.04065,289.5495333
07/06/2021 7:00,292.9106,295.2092877
07/06/2021 8:00,294.3358,292.5215178
07/06/2021 9:00,295.6583,294.9099122
07/06/2021 10:00,296.78018,293.9814313
07/06/2021 11:00,297.08185,297.7877263
07/06/2021 12:00,295.2583,298.0927112
07/06/2021 13:00,293.47296,297.8394142
07/06/2021 14:00,292.9158,296.5579946
07/06/2021 15:00,293.22742,296.2534251
07/06/2021 16:00,293.55695,298.3814165
07/06/2021 17:00,293.9565,295.7165003
07/06/2021 18:00,293.625,295.805036
07/06/2021 19:00,292.17715,291.8730236
07/06/2021 20:00,291.53003,292.1933064
07/06/2021 21:00,291.40906,293.3656885
07/06/2021 22:00,290.12994,291.7383243
07/06/2021 23:00,288.98813,289.6887655
08/06/2021 0:00,288.57144,290.4441082
08/06/2021 1:00,288.59375,289.0454493
08/06/2021 2:00,288.30798,288.8649373
08/06/2021 3:00,287.78186,287.6720104
08/06/2021 4:00,287.71143,288.042165
08/06/2021 5:00,288.8568,290.6651957
08/06/2021 6:00,291.1038,291.6647683
08/06/2021 7:00,294.38593,293.2243451
08/06/2021 8:00,296.6031,293.964937
08/06/2021 9:00,297.90488,294.6960488
08/06/2021 10:00,298.35458,296.3016632
08/06/2021 11:00,298.72192,299.0680459
08/06/2021 12:00,299.03912,297.3306422
08/06/2021 13:00,299.32687,299.7676657
08/06/2021 14:00,298.79636,299.1512169
08/06/2021 15:00,298.81268,295.119245
08/06/2021 16:00,298.2973,299.3697817
08/06/2021 17:00,297.3509,298.5231176
08/06/2021 18:00,296.26202,293.8954138
08/06/2021 19:00,294.78433,295.84864
08/06/2021 20:00,293.352,292.9806656
08/06/2021 21:00,292.2464,292.2156349
08/06/2021 22:00,291.13803,288.7244153
08/06/2021 23:00,290.13712,287.349036
09/06/2021 0:00,289.29736,289.3644495
09/06/2021 1:00,288.68924,289.5614511
09/06/2021 2:00,288.28888,289.3608585
09/06/2021 3:00,288.10144,287.8876658
09/06/2021 4:00,288.24112,289.0153392
09/06/2021 5:00,289.87683,291.5243282
09/06/2021 6:00,292.7164,293.7772149
09/06/2021 7:00,295.98502,295.5261193
09/06/2021 8:00,297.7636,294.8232455
09/06/2021 9:00,298.80032,298.9546493
09/06/2021 10:00,299.70892,295.9719523
09/06/2021 11:00,300.11087,300.1524695
09/06/2021 12:00,300.327,301.8310567
09/06/2021 13:00,300.76834,300.7808319
09/06/2021 14:00,300.38748,299.6331195
09/06/2021 15:00,299.1203,298.8595727
09/06/2021 16:00,298.5277,301.1768856
09/06/2021 17:00,297.88498,295.7382195
09/06/2021 18:00,296.72208,295.3051894
09/06/2021 19:00,295.1819,295.306175
09/06/2021 20:00,293.84747,298.1514554
09/06/2021 21:00,292.52698,293.3814876
09/06/2021 22:00,291.47073,289.6941688
09/06/2021 23:00,290.9211,290.2408638
10/06/2021 0:00,290.16336,289.2284264
10/06/2021 1:00,289.48203,288.5427045
10/06/2021 2:00,288.84964,291.086679
10/06/2021 3:00,288.39236,286.6763959
10/06/2021 4:00,288.39713,292.304106
10/06/2021 5:00,290.3357,292.8520077
10/06/2021 6:00,293.80408,294.7907995
10/06/2021 7:00,296.01486,292.4793824
10/06/2021 8:00,297.55984,293.7925552
10/06/2021 9:00,298.708,292.3756855
10/06/2021 10:00,299.0427,294.9906642
10/06/2021 11:00,299.55093,297.8650974
10/06/2021 12:00,299.7149,300.0555819
10/06/2021 13:00,298.22525,296.3258967
10/06/2021 14:00,297.02695,297.767547
10/06/2021 15:00,296.99112,298.2522839
10/06/2021 16:00,296.6803,295.8716542
10/06/2021 17:00,296.1665,298.1955449
10/06/2021 18:00,295.26666,295.4151172
10/06/2021 19:00,294.26376,292.8398321
10/06/2021 20:00,293.1156,291.0043099
10/06/2021 21:00,292.01437,289.3011042
10/06/2021 22:00,291.22238,289.9243252
10/06/2021 23:00,290.3365,289.097673
11/06/2021 0:00,289.50272,288.3612823
11/06/2021 1:00,288.84366,286.9917806
11/06/2021 2:00,288.25626,288.0401563
11/06/2021 3:00,287.77707,289.9056707
11/06/2021 4:00,287.74524,287.5831998
11/06/2021 5:00,289.488,291.9166098
11/06/2021 6:00,292.7562,290.0289361
11/06/2021 7:00,296.04352,292.9568766
11/06/2021 8:00,297.52243,291.8432712
11/06/2021 9:00,298.42105,293.1498183
11/06/2021 10:00,299.06818,295.8063858
11/06/2021 11:00,299.6166,300.1331213
11/06/2021 12:00,299.7531,300.2639181
11/06/2021 13:00,299.41122,298.8549334
11/06/2021 14:00,298.28934,295.3369565
11/06/2021 15:00,298.20218,296.9846418
11/06/2021 16:00,296.67352,297.2946375
11/06/2021 17:00,296.55334,296.2868568
11/06/2021 18:00,295.64197,291.6317464
11/06/2021 19:00,294.9069,292.4943058
11/06/2021 20:00,293.70938,292.784242
11/06/2021 21:00,292.33673,293.0127164
11/06/2021 22:00,291.28766,287.4738731
11/06/2021 23:00,290.46423,290.4901299
12/06/2021 0:00,289.81354,290.4918916
12/06/2021 1:00,289.04703,291.3472313
12/06/2021 2:00,288.3462,290.6456522
12/06/2021 3:00,287.86542,290.0433441
12/06/2021 4:00,287.74088,287.7468556
12/06/2021 5:00,289.66788,287.7073962
12/06/2021 6:00,293.18283,292.1912814
12/06/2021 7:00,295.07483,296.0757765
12/06/2021 8:00,296.6747,298.3647818
12/06/2021 9:00,297.99603,298.3137447
12/06/2021 10:00,298.985,298.78045
12/06/2021 11:00,299.68344,299.6554604
12/06/2021 12:00,299.8096,298.6234592
12/06/2021 13:00,299.769,299.767773
12/06/2021 14:00,299.72006,302.8536784
12/06/2021 15:00,300.05478,298.3741995
12/06/2021 16:00,299.60623,302.3911924
12/06/2021 17:00,298.9281,297.63735
12/06/2021 18:00,297.69156,299.420662
12/06/2021 19:00,296.03357,293.0350734
12/06/2021 20:00,294.58295,295.59256
12/06/2021 21:00,293.80927,292.584413
12/06/2021 22:00,292.8378,290.8922307
12/06/2021 23:00,291.68405,293.5108979
13/06/2021 0:00,290.61667,294.4084124
13/06/2021 1:00,289.73514,290.6276989
13/06/2021 2:00,289.11508,289.3213067
13/06/2021 3:00,288.64148,291.9820755
13/06/2021 4:00,288.5603,291.9068723
13/06/2021 5:00,291.08508,293.0335973
13/06/2021 6:00,296.1331,294.0836004
13/06/2021 7:00,297.73972,291.9970381
13/06/2021 8:00,297.9948,296.3915384
13/06/2021 9:00,298.23083,294.6399567
13/06/2021 10:00,298.08994,294.564893
13/06/2021 11:00,298.62442,292.5197679
13/06/2021 12:00,299.00488,295.6897594
13/06/2021 13:00,299.36227,295.9426432
13/06/2021 14:00,299.0053,298.204691
13/06/2021 15:00,298.67776,297.0027084
13/06/2021 16:00,297.8579,293.4490998
13/06/2021 17:00,297.0178,294.9929815
13/06/2021 18:00,296.01407,294.6767378
13/06/2021 19:00,294.9467,294.7734757
13/06/2021 20:00,293.34085,292.4400995
13/06/2021 21:00,291.68405,291.2434428
13/06/2021 22:00,290.55618,289.1654026
13/06/2021 23:00,289.6667,288.9938538
14/06/2021 0:00,289.57993,289.8362712
14/06/2021 1:00,289.08762,284.6702201
14/06/2021 2:00,288.53165,285.9712452
14/06/2021 3:00,288.01627,284.6226205
14/06/2021 4:00,287.63818,286.5266668
14/06/2021 5:00,288.33307,288.8409644
14/06/2021 6:00,289.42352,286.7566706
14/06/2021 7:00,291.09662,284.6034297
14/06/2021 8:00,292.4227,289.5338082
14/06/2021 9:00,293.61783,292.6230159
14/06/2021 10:00,294.62512,293.4801431
14/06/2021 11:00,295.2822,293.7956706
14/06/2021 12:00,295.6547,293.0346919
14/06/2021 13:00,295.74506,291.3926204
14/06/2021 14:00,295.65707,294.4579474
14/06/2021 15:00,295.4,292.0805198
14/06/2021 16:00,294.85992,297.4471717
14/06/2021 17:00,294.07153,294.1455203
14/06/2021 18:00,293.02484,292.0260793
14/06/2021 19:00,291.31235,290.7806912
14/06/2021 20:00,290.18765,289.647954
14/06/2021 21:00,288.9364,287.2961041
14/06/2021 22:00,287.6123,288.73046
14/06/2021 23:00,286.72443,286.5618487
15/06/2021 0:00,286.00568,285.0605137
15/06/2021 1:00,285.4505,289.4354922
15/06/2021 2:00,284.91162,286.1670523
15/06/2021 3:00,284.43484,286.6315704
15/06/2021 4:00,284.41415,284.7895679
15/06/2021 5:00,286.7857,288.7834802
15/06/2021 6:00,290.57648,291.2096202
15/06/2021 7:00,292.80597,289.1162125
15/06/2021 8:00,294.5905,297.7295833
15/06/2021 9:00,296.13705,297.9267239
15/06/2021 10:00,297.44202,295.9598983
15/06/2021 11:00,298.5138,295.6342012
15/06/2021 12:00,299.42117,299.0422719
15/06/2021 13:00,299.931,299.0201884
15/06/2021 14:00,300.1316,299.2575624
15/06/2021 15:00,299.72763,298.8836899
15/06/2021 16:00,298.98938,299.1045078
15/06/2021 17:00,298.0203,299.6602176
15/06/2021 18:00,296.64926,296.4312632
15/06/2021 19:00,295.16876,293.1798615
15/06/2021 20:00,294.27173,296.2634291
15/06/2021 21:00,292.42868,294.8765109
15/06/2021 22:00,290.28198,296.0243007
15/06/2021 23:00,289.12503,287.4792781
16/06/2021 0:00,288.23355,289.1465656
16/06/2021 1:00,287.62784,284.6862948
16/06/2021 2:00,287.37195,289.3242798
16/06/2021 3:00,287.161,287.4924245
16/06/2021 4:00,287.14948,292.2547563
16/06/2021 5:00,289.0558,289.1654584
16/06/2021 6:00,293.1359,290.4426001
16/06/2021 7:00,294.91525,293.9238869
16/06/2021 8:00,296.6791,293.2380092
16/06/2021 9:00,298.03183,299.5012615
16/06/2021 10:00,299.15054,295.5548476
16/06/2021 11:00,300.00064,300.1738922
16/06/2021 12:00,300.64258,297.097804
16/06/2021 13:00,301.04056,300.5744714
16/06/2021 14:00,300.94345,303.9476962
16/06/2021 15:00,300.71542,301.74528
16/06/2021 16:00,299.8148,299.3207489
16/06/2021 17:00,298.54443,299.7126538
16/06/2021 18:00,297.16144,298.1548799
16/06/2021 19:00,295.08997,296.3271989
16/06/2021 20:00,295.15125,293.4643564
16/06/2021 21:00,294.64264,297.1737869
16/06/2021 22:00,292.74347,290.6664749
16/06/2021 23:00,290.68036,293.2400749
17/06/2021 0:00,289.43744,292.5273139
17/06/2021 1:00,288.6232,293.6732251
17/06/2021 2:00,287.9498,291.9757498
17/06/2021 3:00,287.49213,289.2453856
17/06/2021 4:00,287.4969,289.9979372
17/06/2021 5:00,290.04318,293.256217
17/06/2021 6:00,295.32,295.5380955
17/06/2021 7:00,297.96536,296.1756047
17/06/2021 8:00,299.48447,297.9668
17/06/2021 9:00,300.6394,301.3608182
17/06/2021 10:00,301.56113,299.6523257
17/06/2021 11:00,302.2325,301.211618
17/06/2021 12:00,302.5692,305.6881374
17/06/2021 13:00,302.56204,299.8665833
17/06/2021 14:00,300.79977,299.2399592
17/06/2021 15:00,300.09018,303.7715717
17/06/2021 16:00,299.70654,300.3677686
17/06/2021 17:00,298.69528,299.4694584
17/06/2021 18:00,297.52917,297.6699074
17/06/2021 19:00,296.06342,296.8249848
17/06/2021 20:00,295.38525,298.4810051
17/06/2021 21:00,295.03067,295.639048
17/06/2021 22:00,295.3192,294.9124067
17/06/2021 23:00,295.05295,290.637567
18/06/2021 0:00,294.81018,291.2664021
18/06/2021 1:00,294.52203,287.6667354
18/06/2021 2:00,292.21774,290.266629
18/06/2021 3:00,290.18964,292.8709682
18/06/2021 4:00,289.49,291.8047301
18/06/2021 5:00,291.48785,292.691914
18/06/2021 6:00,296.31058,296.438617
18/06/2021 7:00,298.2348,297.1044682
18/06/2021 8:00,299.70175,300.389597
18/06/2021 9:00,300.73013,302.6151339
18/06/2021 10:00,301.48312,299.078851
18/06/2021 11:00,301.65186,302.8407446
18/06/2021 12:00,301.6431,304.2242219
18/06/2021 13:00,301.98578,302.333117
18/06/2021 14:00,301.96906,304.3282736
18/06/2021 15:00,301.61884,308.0560416
18/06/2021 16:00,300.9574,302.7048715
18/06/2021 17:00,299.89478,302.39694
18/06/2021 18:00,298.5285,298.8598087
18/06/2021 19:00,296.98672,299.4866208
18/06/2021 20:00,296.0698,298.5578621
18/06/2021 21:00,295.48196,297.0752752
18/06/2021 22:00,294.6506,295.4843408
18/06/2021 23:00,293.2915,297.0802521
19/06/2021 0:00,292.17355,298.7595478
19/06/2021 1:00,291.23074,296.3319285
19/06/2021 2:00,290.37708,296.5096273
19/06/2021 3:00,289.77933,293.8612538
19/06/2021 4:00,289.63446,295.0954729
19/06/2021 5:00,292.95242,295.5830004
19/06/2021 6:00,297.1097,296.4156835
19/06/2021 7:00,299.44507,300.3235248
19/06/2021 8:00,300.88895,299.4485384
19/06/2021 9:00,301.97183,301.3825575
19/06/2021 10:00,303.46228,303.3827577
19/06/2021 11:00,304.48468,304.1267086
19/06/2021 12:00,304.98932,302.0573524
19/06/2021 13:00,304.5074,306.4365947
19/06/2021 14:00,304.05923,305.4911711
19/06/2021 15:00,302.52026,303.058467
19/06/2021 16:00,302.30414,300.998507
19/06/2021 17:00,301.57983,302.5713444
19/06/2021 18:00,300.51404,300.5377299
19/06/2021 19:00,298.8119,299.1931943
19/06/2021 20:00,297.75406,297.3265079
19/06/2021 21:00,296.6031,293.1726641
19/06/2021 22:00,295.32956,294.8996442
19/06/2021 23:00,294.0787,294.9862461
20/06/2021 0:00,292.9994,296.5235483
20/06/2021 1:00,292.17715,294.9136456
20/06/2021 2:00,291.614,297.5881475
20/06/2021 3:00,291.1277,289.212708
20/06/2021 4:00,291.22797,295.1280723
20/06/2021 5:00,293.66043,294.9558938
20/06/2021 6:00,298.68134,300.1959031
20/06/2021 7:00,300.6016,300.6582476
20/06/2021 8:00,302.1943,303.8058511
20/06/2021 9:00,303.58246,301.3679125
20/06/2021 10:00,304.48788,301.1891487
20/06/2021 11:00,305.04108,306.1983351
20/06/2021 12:00,305.289,304.4086519
20/06/2021 13:00,305.8426,305.5260463
20/06/2021 14:00,304.3645,306.9936246
20/06/2021 15:00,303.0452,303.1005794
20/06/2021 16:00,302.42355,305.2725763
20/06/2021 17:00,301.65265,302.2951868
20/06/2021 18:00,300.52557,302.1439694
20/06/2021 19:00,298.9062,300.1914652
20/06/2021 20:00,298.77087,296.4692762
20/06/2021 21:00,296.39334,296.8755642
20/06/2021 22:00,295.85846,300.0844044
20/06/2021 23:00,295.03186,298.5231194
21/06/2021 0:00,294.14117,296.1841648
21/06/2021 1:00,293.6071,295.8720641
21/06/2021 2:00,292.98624,293.7949496
21/06/2021 3:00,292.35147,295.7748355
21/06/2021 4:00,292.21616,292.9166242
21/06/2021 5:00,294.9467,296.5416797
21/06/2021 6:00,299.60785,301.1547735
21/06/2021 7:00,301.55157,299.3837156
21/06/2021 8:00,302.85815,305.4452908
21/06/2021 9:00,303.5152,301.472331
21/06/2021 10:00,303.90045,308.4982148
21/06/2021 11:00,304.36887,306.2463408
21/06/2021 12:00,304.7593,307.4089097
21/06/2021 13:00,304.94235,304.9473819
21/06/2021 14:00,304.6992,305.6944394
21/06/2021 15:00,304.2272,303.4880234
21/06/2021 16:00,303.45154,304.3815977
21/06/2021 17:00,302.44226,304.043673
21/06/2021 18:00,301.388,304.6753601
21/06/2021 19:00,299.7316,301.6573459
21/06/2021 20:00,298.75616,300.4384861
21/06/2021 21:00,297.83405,297.1299731
21/06/2021 22:00,296.9143,296.7355215
21/06/2021 23:00,296.1673,300.4620869
22/06/2021 0:00,295.76852,294.9133682
22/06/2021 1:00,295.92215,298.6298296
22/06/2021 2:00,295.68216,295.0697664
22/06/2021 3:00,295.123,295.3409111
22/06/2021 4:00,295.09393,297.1769382
22/06/2021 5:00,297.3879,299.293809
22/06/2021 6:00,300.03287,300.3719677
22/06/2021 7:00,301.87753,300.7932886
22/06/2021 8:00,303.0221,302.8549412
22/06/2021 9:00,304.03775,304.9883946
22/06/2021 10:00,304.7979,307.182494
22/06/2021 11:00,305.27866,306.602608
22/06/2021 12:00,305.5672,308.4555232
22/06/2021 13:00,305.65237,310.7886385
22/06/2021 14:00,305.57315,308.8396046
22/06/2021 15:00,305.1537,308.8015638
22/06/2021 16:00,304.36768,304.9513033
22/06/2021 17:00,303.2792,300.998854
22/06/2021 18:00,301.8413,305.3489169
22/06/2021 19:00,300.75204,301.484057
22/06/2021 20:00,300.35526,298.5406608
22/06/2021 21:00,298.94638,298.3267361
22/06/2021 22:00,297.73254,296.9186334
22/06/2021 23:00,297.01938,298.0394699
23/06/2021 0:00,296.1526,295.1678968
23/06/2021 1:00,295.2042,292.8752912
23/06/2021 2:00,294.18298,295.3821451
23/06/2021 3:00,293.47177,292.8485723
23/06/2021 4:00,293.22025,294.3049326
23/06/2021 5:00,295.56436,294.852116
23/06/2021 6:00,300.63742,298.9079873
23/06/2021 7:00,303.05435,301.8899686
23/06/2021 8:00,304.6184,303.1374208
23/06/2021 9:00,305.45615,305.126623
23/06/2021 10:00,305.49554,304.9945238
23/06/2021 11:00,305.64,303.2082014
23/06/2021 12:00,306.2712,306.4748064
23/06/2021 13:00,307.18896,309.2056878
23/06/2021 14:00,307.72583,307.6710575
23/06/2021 15:00,307.48544,307.8157695
23/06/2021 16:00,306.10287,309.4984383
23/06/2021 17:00,304.51892,305.3420775
23/06/2021 18:00,303.2219,302.2682643
23/06/2021 19:00,301.59415,302.6484098
23/06/2021 20:00,300.43604,300.8140212
23/06/2021 21:00,299.49442,298.9667128
23/06/2021 22:00,300.63065,299.7466832
23/06/2021 23:00,300.90643,300.5200025
24/06/2021 0:00,300.22113,299.0580328
24/06/2021 1:00,297.6621,298.7305914
24/06/2021 2:00,296.12512,300.1160187
24/06/2021 3:00,295.71838,295.32065
24/06/2021 4:00,296.09964,296.4719388
24/06/2021 5:00,297.83563,297.2259463
24/06/2021 6:00,301.53366,299.7964515
24/06/2021 7:00,304.4875,301.5640489
24/06/2021 8:00,305.87323,303.4389035
24/06/2021 9:00,306.59955,306.7280695
24/06/2021 10:00,306.51437,311.7524695
24/06/2021 11:00,306.2362,307.4338529
24/06/2021 12:00,307.0688,308.6906701
24/06/2021 13:00,307.75888,307.8184067
24/06/2021 14:00,307.69122,308.526303
24/06/2021 15:00,306.54184,309.2935427
24/06/2021 16:00,305.07886,310.39774
24/06/2021 17:00,304.068,302.6814341
24/06/2021 18:00,302.8108,300.7307995
24/06/2021 19:00,301.31955,302.0761462
24/06/2021 20:00,300.35486,303.2632278
24/06/2021 21:00,299.6564,297.5500147
24/06/2021 22:00,299.57718,294.6772926
24/06/2021 23:00,297.7075,300.8167434
25/06/2021 0:00,298.3948,299.6524316
25/06/2021 1:00,298.34186,296.6205801
25/06/2021 2:00,298.03342,296.1541672
25/06/2021 3:00,297.72897,295.6001049
25/06/2021 4:00,296.55014,297.2220502
25/06/2021 5:00,296.96683,297.1445504
25/06/2021 6:00,299.1446,301.2520235
25/06/2021 7:00,300.67603,295.1863677
25/06/2021 8:00,302.3722,299.9034379
25/06/2021 9:00,303.5331,300.7515242
25/06/2021 10:00,304.52808,303.4598553
25/06/2021 11:00,304.43933,303.7445152
25/06/2021 12:00,304.07953,306.8974327
25/06/2021 13:00,304.0517,302.7720372
25/06/2021 14:00,303.98483,306.4013474
25/06/2021 15:00,303.48495,304.1125972
25/06/2021 16:00,302.44543,303.6013492
25/06/2021 17:00,301.57227,299.0991654
25/06/2021 18:00,300.63303,299.364794
25/06/2021 19:00,299.56924,297.1641735
25/06/2021 20:00,298.99136,294.9492777
25/06/2021 21:00,298.743,298.6617045
25/06/2021 22:00,297.5889,296.4291905
25/06/2021 23:00,295.62964,297.9596
26/06/2021 0:00,294.69318,292.4563799
26/06/2021 1:00,294.05762,294.8455563
26/06/2021 2:00,293.2907,296.6556517
26/06/2021 3:00,292.58148,293.5745375
26/06/2021 4:00,292.34827,293.0757122
26/06/2021 5:00,294.44684,293.118787
26/06/2021 6:00,298.54285,291.3654354
26/06/2021 7:00,299.94733,298.048442
26/06/2021 8:00,301.271,295.9557977
26/06/2021 9:00,302.49478,299.1912978
26/06/2021 10:00,303.43283,296.3427441
26/06/2021 11:00,304.1058,297.8655091
26/06/2021 12:00,304.53085,302.9331101
26/06/2021 13:00,304.54718,300.1565384
26/06/2021 14:00,304.53204,303.598664
26/06/2021 15:00,304.23795,300.8290406
26/06/2021 16:00,303.50806,297.5935315
26/06/2021 17:00,302.51746,301.85482
26/06/2021 18:00,301.1926,297.8016011
26/06/2021 19:00,299.3842,299.3252226
26/06/2021 20:00,297.8965,297.6785093
26/06/2021 21:00,296.78815,293.5240651
26/06/2021 22:00,295.76175,294.9547732
26/06/2021 23:00,294.71906,297.6145461
27/06/2021 0:00,293.8216,293.964891
27/06/2021 1:00,293.0129,292.596706
27/06/2021 2:00,292.33,294.3214345
27/06/2021 3:00,291.72067,292.7349865
27/06/2021 4:00,291.50815,293.1481233
27/06/2021 5:00,293.37228,291.8091653
27/06/2021 6:00,296.96722,296.8907002
27/06/2021 7:00,299.7336,299.0707121
27/06/2021 8:00,301.63992,297.3577897
27/06/2021 9:00,302.886,302.7723201
27/06/2021 10:00,303.93387,301.2762218
27/06/2021 11:00,304.73898,300.4530091
27/06/2021 12:00,305.15768,304.0719169
27/06/2021 13:00,305.17596,302.2338902
27/06/2021 14:00,304.819,304.2911389
27/06/2021 15:00,304.06125,302.4866484
27/06/2021 16:00,302.97833,302.5128586
27/06/2021 17:00,301.91293,302.6699694
27/06/2021 18:00,300.8567,300.5687423
27/06/2021 19:00,299.6317,295.0639511
27/06/2021 20:00,298.61847,295.1634224
27/06/2021 21:00,296.78177,297.4774327
27/06/2021 22:00,295.28897,294.8269776
27/06/2021 23:00,294.05762,293.2977069
28/06/2021 0:00,293.00058,291.1219311
28/06/2021 1:00,292.26987,290.966798
28/06/2021 2:00,291.76245,288.7422674
28/06/2021 3:00,291.28925,291.7325767
28/06/2021 4:00,291.15512,290.9323133
28/06/2021 5:00,293.22025,293.2339565
28/06/2021 6:00,298.3347,297.9301409
28/06/2021 7:00,300.74448,300.4071879
28/06/2021 8:00,302.4482,305.3393863
28/06/2021 9:00,303.8718,300.3097569
28/06/2021 10:00,304.85123,306.0527714
28/06/2021 11:00,305.41437,306.6130853
28/06/2021 12:00,305.61694,304.1913104
28/06/2021 13:00,305.48242,306.4253838
28/06/2021 14:00,305.28104,305.494951
28/06/2021 15:00,305.11707,306.5899772
28/06/2021 16:00,304.66855,308.5062875
28/06/2021 17:00,303.6346,305.8631311
28/06/2021 18:00,302.15094,303.9567799
28/06/2021 19:00,300.82446,300.089231
28/06/2021 20:00,299.4367,296.6683494
28/06/2021 21:00,297.55426,297.4560189
28/06/2021 22:00,296.2509,298.7158595
28/06/2021 23:00,295.50586,292.9380171
29/06/2021 0:00,295.15366,292.9744764
29/06/2021 1:00,294.84042,294.2539752
29/06/2021 2:00,294.61557,291.5335178
29/06/2021 3:00,294.3135,291.2980709
29/06/2021 4:00,294.42575,292.2351425
29/06/2021 5:00,296.72406,293.2746991
29/06/2021 6:00,300.53394,297.5097937
29/06/2021 7:00,302.0781,302.6303546
29/06/2021 8:00,303.07782,300.9304586
29/06/2021 9:00,303.9737,302.071557
29/06/2021 10:00,304.76965,304.9063357
29/06/2021 11:00,305.29697,308.237621
29/06/2021 12:00,305.58432,307.2440638
29/06/2021 13:00,305.91342,307.2800686
29/06/2021 14:00,305.9803,308.4802869
29/06/2021 15:00,304.99332,305.4470193
29/06/2021 16:00,303.66803,309.2232825
29/06/2021 17:00,302.81,307.4116172
29/06/2021 18:00,301.8564,303.8762275
29/06/2021 19:00,300.3867,304.229916
29/06/2021 20:00,299.27512,298.8684944
29/06/2021 21:00,298.8907,301.6607885
29/06/2021 22:00,299.08887,298.9800663
29/06/2021 23:00,298.40555,296.8819192
30/06/2021 0:00,296.6353,296.5909243
30/06/2021 1:00,295.9281,295.685945
30/06/2021 2:00,295.59064,297.7433321
30/06/2021 3:00,296.04352,293.3784145
30/06/2021 4:00,297.00784,294.2178484
30/06/2021 5:00,297.27725,299.6586176
30/06/2021 6:00,298.94003,299.1493455
30/06/2021 7:00,300.23944,301.8349862
30/06/2021 8:00,301.65903,304.6748989
30/06/2021 9:00,302.8701,302.1863838
30/06/2021 10:00,303.635,305.3053981
30/06/2021 11:00,304.2447,303.0441162
30/06/2021 12:00,304.50616,307.0140516
30/06/2021 13:00,304.47632,306.6861776
30/06/2021 14:00,304.23636,307.627023
30/06/2021 15:00,303.81647,305.7546096
30/06/2021 16:00,303.20358,303.0697369
30/06/2021 17:00,302.57556,305.9714324
30/06/2021 18:00,301.6849,299.5596594
30/06/2021 19:00,300.02493,301.1622029
30/06/2021 20:00,299.13544,302.1282678
30/06/2021 21:00,299.19553,299.5498185
30/06/2021 22:00,298.21332,301.1793782
30/06/2021 23:00,297.43805,297.8791687
01/07/2021 0:00,297.67783,293.2736604
01/07/2021 1:00,297.09708,293.1308212
01/07/2021 2:00,296.08408,292.074057
01/07/2021 3:00,295.57126,288.7848962
01/07/2021 4:00,295.34283,289.6119519
01/07/2021 5:00,295.67056,290.8558194
01/07/2021 6:00,297.21698,289.3558286
01/07/2021 7:00,299.02716,294.7959709
01/07/2021 8:00,300.1825,295.4245675
01/07/2021 9:00,301.1537,294.1657433
01/07/2021 10:00,302.0142,299.0110778
01/07/2021 11:00,302.45752,300.5063341
01/07/2021 12:00,301.9315,300.3300862
01/07/2021 13:00,300.0143,299.673859
01/07/2021 14:00,300.8401,301.3460698
01/07/2021 15:00,299.4419,301.2126111
01/07/2021 16:00,299.2356,300.1208013
01/07/2021 17:00,299.15198,297.5287133
01/07/2021 18:00,298.384,298.3299864
01/07/2021 19:00,297.69595,296.3047782
01/07/2021 20:00,296.39334,292.3293534
01/07/2021 21:00,295.20697,296.4475423
01/07/2021 22:00,294.35168,291.1234651
01/07/2021 23:00,293.624,291.7961424
02/07/2021 0:00,293.05307,289.9465981
02/07/2021 1:00,292.4911,291.0143757
02/07/2021 2:00,291.88297,286.8912265
02/07/2021 3:00,291.3517,288.5133158
02/07/2021 4:00,291.09747,287.4404249
02/07/2021 5:00,292.09848,291.5535756
02/07/2021 6:00,293.782,294.2847941
02/07/2021 7:00,295.64383,294.394431
02/07/2021 8:00,297.66983,290.5832746
02/07/2021 9:00,299.48462,299.4011036
02/07/2021 10:00,300.75278,296.9024519
02/07/2021 11:00,301.64096,295.612114
02/07/2021 12:00,302.07968,297.7519521
02/07/2021 13:00,302.24692,298.2808769
02/07/2021 14:00,302.2211,296.8389835
02/07/2021 15:00,301.9284,297.8578321
02/07/2021 16:00,301.28525,296.0555867
02/07/2021 17:00,300.40723,296.0938075
02/07/2021 18:00,299.35364,294.7747545
02/07/2021 19:00,298.22382,291.6694685
02/07/2021 20:00,296.96548,293.7211997
02/07/2021 21:00,295.92328,293.8898065
02/07/2021 22:00,295.00558,293.1316884
02/07/2021 23:00,294.2118,293.2000673
03/07/2021 0:00,293.41217,291.8775839
03/07/2021 1:00,292.83295,289.8787522
03/07/2021 2:00,292.23776,291.9513034
03/07/2021 3:00,291.5199,287.7369864
03/07/2021 4:00,291.11438,288.4793383
03/07/2021 5:00,292.37302,289.2566449
03/07/2021 6:00,294.54535,294.3041495
03/07/2021 7:00,296.3946,295.4587296
03/07/2021 8:00,297.74792,296.2591668
03/07/2021 9:00,299.11447,298.4238255
03/07/2021 10:00,300.37494,295.4972531
03/07/2021 11:00,301.4061,298.0417563
03/07/2021 12:00,302.07382,298.2113754
03/07/2021 13:00,302.53067,300.3317657
03/07/2021 14:00,302.6392,299.068077
03/07/2021 15:00,302.3453,298.6311264
03/07/2021 16:00,301.52014,300.0491126
03/07/2021 17:00,300.3971,300.4519603
03/07/2021 18:00,299.16763,295.8110873
03/07/2021 19:00,298.12637,296.2243207
03/07/2021 20:00,297.89734,292.9728879
03/07/2021 21:00,297.38544,288.6976817
03/07/2021 22:00,296.88586,292.5802758
03/07/2021 23:00,296.52155,292.528077
04/07/2021 0:00,296.10928,291.4555886
04/07/2021 1:00,294.18997,287.381078
04/07/2021 2:00,293.7276,291.1477423
04/07/2021 3:00,293.3599,288.6184327
04/07/2021 4:00,293.2483,294.6595195
04/07/2021 5:00,293.30057,290.0152131
04/07/2021 6:00,293.5877,296.7006014
04/07/2021 7:00,294.3895,297.7546986
04/07/2021 8:00,296.0278,295.4492521
04/07/2021 9:00,298.06396,296.1174767
04/07/2021 10:00,299.18118,299.5304771
04/07/2021 11:00,300.2615,297.9853048
04/07/2021 12:00,301.3077,300.2543902
04/07/2021 13:00,301.52783,299.259781
04/07/2021 14:00,301.47464,297.2842138
04/07/2021 15:00,301.0633,296.3419793
04/07/2021 16:00,300.38416,300.6469945
04/07/2021 17:00,299.3014,299.056575
04/07/2021 18:00,298.3219,297.6915656
04/07/2021 19:00,297.3335,297.9644583
04/07/2021 20:00,296.67465,297.88224
04/07/2021 21:00,295.8827,294.3369331
04/07/2021 22:00,294.7206,293.4628373
04/07/2021 23:00,293.7073,294.4218139
05/07/2021 0:00,292.78223,290.7021594
05/07/2021 1:00,292.16705,293.0123667
05/07/2021 2:00,291.51437,293.1788776
05/07/2021 3:00,291.29977,293.0078886
05/07/2021 4:00,291.7391,288.343604
05/07/2021 5:00,292.51108,290.8918944
05/07/2021 6:00,293.8564,291.0838127
05/07/2021 7:00,294.96686,292.8958993
05/07/2021 8:00,296.6098,293.4714816
05/07/2021 9:00,298.0252,295.468341
05/07/2021 10:00,299.1292,292.8171163
05/07/2021 11:00,299.8025,294.0663088
05/07/2021 12:00,299.90918,298.8369278
05/07/2021 13:00,300.15112,298.5092241
05/07/2021 14:00,300.86655,300.9533614
05/07/2021 15:00,300.89975,299.2861922
05/07/2021 16:00,300.3319,296.606668
05/07/2021 17:00,299.66324,296.0965972
05/07/2021 18:00,298.68314,294.9422658
05/07/2021 19:00,297.78387,297.376222
05/07/2021 20:00,296.647,297.3187394
05/07/2021 21:00,295.67273,297.6863378
05/07/2021 22:00,294.65326,295.170212
05/07/2021 23:00,293.73434,294.8757185
06/07/2021 0:00,292.95746,291.018971
06/07/2021 1:00,292.3306,289.6047119
06/07/2021 2:00,291.80212,292.8088508
06/07/2021 3:00,291.3265,291.8140433
06/07/2021 4:00,291.16296,291.3319138
06/07/2021 5:00,292.769,294.1164444
06/07/2021 6:00,295.52393,296.4973542
06/07/2021 7:00,297.9708,299.7454449
06/07/2021 8:00,299.90857,301.1449994
06/07/2021 9:00,301.50137,301.1171911
06/07/2021 10:00,302.71484,302.7883801
06/07/2021 11:00,303.68726,302.982161
06/07/2021 12:00,304.31256,301.8412237
06/07/2021 13:00,304.63724,304.5746023
06/07/2021 14:00,304.43832,301.0959713
06/07/2021 15:00,303.9409,305.4125275
06/07/2021 16:00,302.98752,301.1350018
06/07/2021 17:00,301.8697,302.9959008
06/07/2021 18:00,300.7248,299.4585517
06/07/2021 19:00,299.06372,300.4818654
06/07/2021 20:00,299.35733,298.2027827
06/07/2021 21:00,296.72202,294.3681882
06/07/2021 22:00,295.4111,297.0322918
06/07/2021 23:00,294.44208,294.4337506
07/07/2021 0:00,293.65164,296.0238754
07/07/2021 1:00,293.04263,293.4901731
07/07/2021 2:00,292.64755,293.5719022
07/07/2021 3:00,292.3801,290.8480451
07/07/2021 4:00,292.2814,291.5517153
07/07/2021 5:00,294.20627,294.2352164
07/07/2021 6:00,299.23282,300.4241169
07/07/2021 7:00,301.94778,303.2312243
07/07/2021 8:00,303.63898,300.7970501
07/07/2021 9:00,304.91208,305.7609255
07/07/2021 10:00,305.85742,301.3745626
07/07/2021 11:00,306.45047,304.1293638
07/07/2021 12:00,306.80466,305.3744882
07/07/2021 13:00,306.919,305.2312571
07/07/2021 14:00,306.79327,305.1300306
07/07/2021 15:00,306.33582,308.7418731
07/07/2021 16:00,305.51157,307.3106698
07/07/2021 17:00,304.48413,306.9846646
07/07/2021 18:00,303.11234,305.769439
07/07/2021 19:00,302.5937,303.1242402
07/07/2021 20:00,301.60037,302.5511996
07/07/2021 21:00,298.90387,300.2656202
07/07/2021 22:00,297.52103,297.3244867
07/07/2021 23:00,296.2707,300.1227702
08/07/2021 0:00,295.2257,296.020926
08/07/2021 1:00,294.52383,294.5171166
08/07/2021 2:00,294.03165,295.3232358
08/07/2021 3:00,293.59354,293.7048006
08/07/2021 4:00,293.39987,294.4852611
08/07/2021 5:00,295.14795,297.7030957
08/07/2021 6:00,300.70053,301.2611066
08/07/2021 7:00,303.39764,300.2318516
08/07/2021 8:00,305.11774,303.047593
08/07/2021 9:00,306.40036,307.6892911
08/07/2021 10:00,307.23843,308.0843102
08/07/2021 11:00,307.79672,311.8842604
08/07/2021 12:00,308.13306,311.0541275
08/07/2021 13:00,308.28677,311.4362202
08/07/2021 14:00,308.15704,307.1446833
08/07/2021 15:00,307.99503,309.9543921
08/07/2021 16:00,307.2618,307.5721354
08/07/2021 17:00,305.83682,304.9318573
08/07/2021 18:00,304.27722,305.3543772
08/07/2021 19:00,302.98477,305.1935005
08/07/2021 20:00,301.257,303.5165761
08/07/2021 21:00,300.00296,300.576729
08/07/2021 22:00,300.76047,302.9524146
08/07/2021 23:00,300.52744,299.9162521
09/07/2021 0:00,300.11148,300.8896825
09/07/2021 1:00,299.56393,299.0092836
09/07/2021 2:00,299.03976,297.7371124
09/07/2021 3:00,297.25662,298.1225313
09/07/2021 4:00,296.40842,294.1251861
09/07/2021 5:00,296.77673,301.5113713
09/07/2021 6:00,299.49722,297.2547722
09/07/2021 7:00,301.48724,298.8815399
09/07/2021 8:00,302.66995,300.2871261
09/07/2021 9:00,303.07578,300.9738376
09/07/2021 10:00,303.54797,299.8456756
09/07/2021 11:00,304.44202,300.4640815
09/07/2021 12:00,305.15402,301.4764064
09/07/2021 13:00,305.1731,301.5039717
09/07/2021 14:00,304.84198,305.1779467
09/07/2021 15:00,304.41833,304.5688247
09/07/2021 16:00,303.7481,304.7726832
09/07/2021 17:00,302.82275,301.0513418
09/07/2021 18:00,301.46695,301.0811355
09/07/2021 19:00,300.3393,298.5805329
09/07/2021 20:00,298.77875,296.2172876
09/07/2021 21:00,297.98004,297.9022614
09/07/2021 22:00,296.76535,295.6353788
09/07/2021 23:00,295.4446,297.1785718
10/07/2021 0:00,293.43152,293.61641
10/07/2021 1:00,292.11295,297.9631671
10/07/2021 2:00,291.48978,292.8902095
10/07/2021 3:00,291.79935,294.2414616
10/07/2021 4:00,292.36566,294.9080503
10/07/2021 5:00,294.3695,292.7363532
10/07/2021 6:00,296.8462,295.8310918
10/07/2021 7:00,298.8679,293.0673491
10/07/2021 8:00,300.4638,298.4792389
10/07/2021 9:00,301.78424,296.8695149
10/07/2021 10:00,303.2184,296.8543698
10/07/2021 11:00,304.44846,298.4498824
10/07/2021 12:00,305.03842,301.7872317
10/07/2021 13:00,305.16632,300.0835619
10/07/2021 14:00,305.41226,300.3076201
10/07/2021 15:00,305.40674,301.3991325
10/07/2021 16:00,304.75067,299.5610722
10/07/2021 17:00,304.08014,304.4640054
10/07/2021 18:00,303.02472,298.9800896
10/07/2021 19:00,301.04453,299.4079198
10/07/2021 20:00,299.53842,297.7001094
10/07/2021 21:00,297.93115,295.0174521
10/07/2021 22:00,296.5019,295.8768304
10/07/2021 23:00,295.35852,296.2502449
11/07/2021 0:00,294.52414,293.6886061
11/07/2021 1:00,293.82965,295.6457755
11/07/2021 2:00,293.14685,295.1728698
11/07/2021 3:00,292.62112,294.8112739
11/07/2021 4:00,292.3681,292.7210392
11/07/2021 5:00,293.94095,293.5855797
11/07/2021 6:00,297.61203,295.584082
11/07/2021 7:00,299.52057,296.2662977
11/07/2021 8:00,300.96707,296.4704214
11/07/2021 9:00,302.00067,292.4874408
11/07/2021 10:00,302.88086,298.0748591
11/07/2021 11:00,303.63037,300.3964084
11/07/2021 12:00,304.02112,300.7297089
11/07/2021 13:00,303.33002,303.9865111
11/07/2021 14:00,303.144,302.7045596
11/07/2021 15:00,302.8295,304.3589506
11/07/2021 16:00,302.40433,301.3433501
11/07/2021 17:00,301.953,302.4148725
11/07/2021 18:00,301.0719,302.0432029
11/07/2021 19:00,299.68445,299.0326959
11/07/2021 20:00,298.41595,293.4531087
11/07/2021 21:00,296.817,294.198285
11/07/2021 22:00,295.51285,293.5000026
11/07/2021 23:00,294.49155,294.3693468
12/07/2021 0:00,293.71683,294.3678776
12/07/2021 1:00,293.06323,291.2091455
12/07/2021 2:00,292.63773,292.5715534
12/07/2021 3:00,292.24945,288.487349
12/07/2021 4:00,292.3343,294.6452524
12/07/2021 5:00,293.94556,291.6666157
12/07/2021 6:00,296.77548,293.5978585
12/07/2021 7:00,298.79626,293.2318018
12/07/2021 8:00,300.70853,297.6164989
12/07/2021 9:00,302.44922,292.2123561
12/07/2021 10:00,303.74167,298.3119466
12/07/2021 11:00,304.70547,299.1358117
12/07/2021 12:00,305.22012,300.1043954
12/07/2021 13:00,305.123,304.7190221
12/07/2021 14:00,304.66367,300.5947902
12/07/2021 15:00,304.10782,303.7227182
12/07/2021 16:00,303.39395,302.8553987
12/07/2021 17:00,302.51407,303.9690567
12/07/2021 18:00,301.47833,299.7556394
12/07/2021 19:00,300.39215,296.6183202
12/07/2021 20:00,298.0907,298.8291241
12/07/2021 21:00,296.76718,296.9604853
12/07/2021 22:00,296.2387,292.9206962
12/07/2021 23:00,296.00998,294.0521636
13/07/2021 0:00,295.1516,294.9269792
13/07/2021 1:00,294.12878,295.1043115
13/07/2021 2:00,293.6738,292.0475656
13/07/2021 3:00,293.5419,287.8728956
13/07/2021 4:00,293.60522,293.9989412
13/07/2021 5:00,295.29642,293.1184808
13/07/2021 6:00,299.44434,295.0093236
13/07/2021 7:00,301.57455,295.8653515
13/07/2021 8:00,303.25375,304.369836
13/07/2021 9:00,304.64706,305.034816
13/07/2021 10:00,305.6822,306.0040899
13/07/2021 11:00,306.22882,309.9964182
13/07/2021 12:00,306.33334,309.5270313
13/07/2021 13:00,306.20422,311.8828826
13/07/2021 14:00,306.05203,306.8143945
13/07/2021 15:00,306.04773,309.3020126
13/07/2021 16:00,305.6619,305.9300338
13/07/2021 17:00,304.72238,305.7918464
13/07/2021 18:00,303.51047,304.0336869
13/07/2021 19:00,302.31946,304.2160892
13/07/2021 20:00,301.84634,301.6510359
13/07/2021 21:00,301.13647,301.5740177
13/07/2021 22:00,300.45795,301.0494762
13/07/2021 23:00,300.2234,303.1517984
14/07/2021 0:00,300.1087,298.2905684
14/07/2021 1:00,299.67184,296.3131147
14/07/2021 2:00,299.15997,297.0296584
14/07/2021 3:00,298.64316,293.973353
14/07/2021 4:00,297.95206,297.2784004
14/07/2021 5:00,297.60587,296.137028
14/07/2021 6:00,297.56467,299.0794019
14/07/2021 7:00,299.05267,298.9489646
14/07/2021 8:00,299.00226,302.1302909
14/07/2021 9:00,296.12527,300.7230191
14/07/2021 10:00,296.23718,300.3243914
14/07/2021 11:00,298.0074,303.8655997
14/07/2021 12:00,299.47876,300.2050585
14/07/2021 13:00,298.65054,302.4901898
14/07/2021 14:00,299.29553,303.0582634
14/07/2021 15:00,299.033,297.9368402
14/07/2021 16:00,299.0253,298.8444924
14/07/2021 17:00,298.8719,295.4248839
14/07/2021 18:00,298.24197,298.1349094
14/07/2021 19:00,297.169,296.1892945
14/07/2021 20:00,295.59216,297.943345
14/07/2021 21:00,294.5509,297.2630237
14/07/2021 22:00,293.77277,295.4392998
14/07/2021 23:00,293.38632,293.3055871
15/07/2021 0:00,292.77484,291.6178408
15/07/2021 1:00,292.32968,290.2573753
15/07/2021 2:00,291.9088,293.5740866
15/07/2021 3:00,291.91678,289.606326
15/07/2021 4:00,291.95428,288.8149077
15/07/2021 5:00,293.19296,293.3538499
15/07/2021 6:00,295.94113,294.0684272
15/07/2021 7:00,298.079,295.3174173
15/07/2021 8:00,299.42896,295.7069824
15/07/2021 9:00,300.5465,298.691535
15/07/2021 10:00,301.1629,300.4347508
15/07/2021 11:00,301.29572,301.8489378
15/07/2021 12:00,301.6631,303.5405286
15/07/2021 13:00,301.71783,303.0425738
15/07/2021 14:00,301.36642,301.8858418
15/07/2021 15:00,300.8327,301.8333027
15/07/2021 16:00,300.25443,302.6618495
15/07/2021 17:00,299.4305,303.261832
15/07/2021 18:00,298.4126,299.8981877
15/07/2021 19:00,296.72507,296.8328927
15/07/2021 20:00,295.83752,294.3156628
15/07/2021 21:00,295.56882,292.4148607
15/07/2021 22:00,295.1387,295.4282287
15/07/2021 23:00,294.2087,295.0276519
16/07/2021 0:00,292.37888,294.3714403
16/07/2021 1:00,291.45593,292.6747995
16/07/2021 2:00,291.01538,295.3032492
16/07/2021 3:00,290.48047,291.4247897
16/07/2021 4:00,290.3618,293.6589829
16/07/2021 5:00,292.05423,293.5851614
16/07/2021 6:00,296.0979,294.8292374
16/07/2021 7:00,297.96527,297.7718013
16/07/2021 8:00,299.67828,299.6264241
16/07/2021 9:00,300.85794,300.8791966
16/07/2021 10:00,301.58472,301.6863692
16/07/2021 11:00,302.04092,302.2934898
16/07/2021 12:00,301.91458,306.4789803
16/07/2021 13:00,300.76263,303.5966555
16/07/2021 14:00,299.1243,301.1992777
16/07/2021 15:00,298.9758,299.1589835
16/07/2021 16:00,299.1858,300.791274
16/07/2021 17:00,298.8925,299.7575407
16/07/2021 18:00,297.83,297.7873534
16/07/2021 19:00,295.6718,293.1632333
16/07/2021 20:00,294.328,293.1523017
16/07/2021 21:00,293.60953,287.5514143
16/07/2021 22:00,293.1293,293.4940865
16/07/2021 23:00,292.3927,292.247795
17/07/2021 0:00,292.12585,295.9144192
17/07/2021 1:00,291.97888,292.9556957
17/07/2021 2:00,291.75354,290.6142299
17/07/2021 3:00,291.653,292.4534627
17/07/2021 4:00,291.53833,290.5866151
17/07/2021 5:00,292.1818,293.9165582
17/07/2021 6:00,292.3973,294.6083816
17/07/2021 7:00,292.86676,295.5208153
17/07/2021 8:00,294.9561,293.7156048
17/07/2021 9:00,297.71503,296.2394444
17/07/2021 10:00,298.50452,295.0157163
17/07/2021 11:00,298.9586,299.0207232
17/07/2021 12:00,298.74554,298.7067663
17/07/2021 13:00,298.68192,299.3977839
17/07/2021 14:00,298.86914,298.7931538
17/07/2021 15:00,298.96014,299.6313919
17/07/2021 16:00,298.16418,301.3482219
17/07/2021 17:00,297.35532,297.1962277
17/07/2021 18:00,296.59995,294.9644752
17/07/2021 19:00,294.4977,292.2007258
17/07/2021 20:00,294.13586,292.1185068
17/07/2021 21:00,293.98584,293.6305186
17/07/2021 22:00,293.7033,294.964982
17/07/2021 23:00,293.61044,292.6197815
18/07/2021 0:00,293.18466,292.7483882
18/07/2021 1:00,292.96637,292.4589287
18/07/2021 2:00,292.79422,292.1608869
18/07/2021 3:00,292.7278,293.6741143
18/07/2021 4:00,292.6276,290.6175677
18/07/2021 5:00,293.2775,295.8912477
18/07/2021 6:00,294.83188,293.0462954
18/07/2021 7:00,296.73584,294.9509387
18/07/2021 8:00,298.22937,291.9801925
18/07/2021 9:00,299.67767,296.5772712
18/07/2021 10:00,300.4146,298.1569617
18/07/2021 11:00,299.9562,298.5040587
18/07/2021 12:00,299.37854,296.7111894
18/07/2021 13:00,298.79596,299.681478
18/07/2021 14:00,297.79248,298.3589353
18/07/2021 15:00,297.4374,300.4367252
18/07/2021 16:00,297.62985,300.9917583
18/07/2021 17:00,297.53824,299.2971759
18/07/2021 18:00,296.83514,297.4853197
18/07/2021 19:00,296.1763,295.6238483
18/07/2021 20:00,295.4065,298.0250682
18/07/2021 21:00,294.33508,296.3193017
18/07/2021 22:00,293.66733,291.6014398
18/07/2021 23:00,293.83582,296.5063679
19/07/2021 0:00,293.96094,294.6071367
19/07/2021 1:00,293.9308,296.176891
19/07/2021 2:00,293.88254,291.4190948
19/07/2021 3:00,293.90466,287.6040307
19/07/2021 4:00,293.94803,293.4769738
19/07/2021 5:00,294.10788,293.2976455
19/07/2021 6:00,294.4599,289.6612279
19/07/2021 7:00,293.88776,291.3627133
19/07/2021 8:00,293.38358,297.9052515
19/07/2021 9:00,293.525,292.4844012
19/07/2021 10:00,293.20956,294.5312122
19/07/2021 11:00,294.0473,292.1295288
19/07/2021 12:00,293.80045,289.3825724
19/07/2021 13:00,294.3852,292.7450616
19/07/2021 14:00,295.34622,292.8764519
19/07/2021 15:00,295.51254,292.9004761
19/07/2021 16:00,295.69116,293.8983525
19/07/2021 17:00,295.80737,294.7404962
19/07/2021 18:00,295.2337,293.6198624
19/07/2021 19:00,294.2948,291.0124591
19/07/2021 20:00,293.82874,293.900678
19/07/2021 21:00,293.58463,289.0496651
19/07/2021 22:00,293.42444,288.5761655
19/07/2021 23:00,293.23138,293.2562854
20/07/2021 0:00,293.00696,292.601621
20/07/2021 1:00,293.133,291.5494032
20/07/2021 2:00,293.02325,289.0334589
20/07/2021 3:00,292.87628,289.9592781
20/07/2021 4:00,292.6989,290.6337245
20/07/2021 5:00,293.3061,288.6448282
20/07/2021 6:00,294.77777,291.1332941
20/07/2021 7:00,296.34323,294.7748264
20/07/2021 8:00,297.83154,297.563927
20/07/2021 9:00,298.95184,295.7128733
20/07/2021 10:00,300.08167,298.8696868
20/07/2021 11:00,300.77798,294.9025434
20/07/2021 12:00,301.42145,300.139676
20/07/2021 13:00,301.55304,297.6568916
20/07/2021 14:00,301.79898,299.7346385
20/07/2021 15:00,301.62067,298.3310795
20/07/2021 16:00,300.99902,300.4400149
20/07/2021 17:00,299.9728,295.6824767
20/07/2021 18:00,298.63763,297.0262312
20/07/2021 19:00,297.0239,294.2324543
20/07/2021 20:00,295.65613,293.4076678
20/07/2021 21:00,294.10574,292.4684293
20/07/2021 22:00,292.89566,290.3545502
20/07/2021 23:00,292.1283,290.8971743
21/07/2021 0:00,291.5399,290.0608994
21/07/2021 1:00,291.0941,290.0481314
21/07/2021 2:00,290.62402,289.2592166
21/07/2021 3:00,290.13644,290.3972103
21/07/2021 4:00,289.8579,290.3560278
21/07/2021 5:00,291.2355,288.6129436
21/07/2021 6:00,294.08545,293.3218212
21/07/2021 7:00,296.57626,290.8309028
21/07/2021 8:00,298.1906,295.1781142
21/07/2021 9:00,299.5046,296.3794863
21/07/2021 10:00,300.56433,292.8355925
21/07/2021 11:00,301.3231,297.1037882
21/07/2021 12:00,301.8082,296.5818394
21/07/2021 13:00,301.9825,296.1845617
21/07/2021 14:00,301.82388,300.1067129
21/07/2021 15:00,301.28833,296.4112795
21/07/2021 16:00,300.3273,295.747481
21/07/2021 17:00,299.0742,296.4852585
21/07/2021 18:00,297.6317,296.0969218
21/07/2021 19:00,296.17108,294.1057538
21/07/2021 20:00,294.86572,294.8380077
21/07/2021 21:00,293.78262,292.5280818
21/07/2021 22:00,292.80682,286.6369749
21/07/2021 23:00,291.88727,288.8621661
22/07/2021 0:00,291.09317,288.2917603
22/07/2021 1:00,290.32675,289.9569157
22/07/2021 2:00,289.73245,284.4721797
22/07/2021 3:00,289.2218,293.7038722
22/07/2021 4:00,288.90115,290.0145013
22/07/2021 5:00,290.04666,290.0713263
22/07/2021 6:00,292.90335,294.5901827
22/07/2021 7:00,295.4443,298.0794859
22/07/2021 8:00,297.17856,296.9024753
22/07/2021 9:00,298.69943,298.1925432
22/07/2021 10:00,299.94177,297.7901448
22/07/2021 11:00,300.87915,298.1966918
22/07/2021 12:00,301.57425,297.9167631
22/07/2021 13:00,301.9779,297.5716512
22/07/2021 14:00,302.00897,298.01047
22/07/2021 15:00,301.70093,296.7714632
22/07/2021 16:00,301.0384,298.6973882
22/07/2021 17:00,300.1284,294.9131151
22/07/2021 18:00,298.82208,296.5609768
22/07/2021 19:00,297.2477,294.7061732
22/07/2021 20:00,295.98108,295.0244502
22/07/2021 21:00,294.5546,293.6487765
22/07/2021 22:00,293.44934,299.2333072
22/07/2021 23:00,292.55194,295.3613757
23/07/2021 0:00,291.81042,289.8923371
23/07/2021 1:00,291.26657,292.0365709
23/07/2021 2:00,290.70364,290.3581691
23/07/2021 3:00,290.21637,289.3666585
23/07/2021 4:00,289.86282,288.4820721
23/07/2021 5:00,290.92377,291.7965146
23/07/2021 6:00,294.2708,292.2978501
23/07/2021 7:00,297.69995,297.0247412
23/07/2021 8:00,299.46432,298.5241834
23/07/2021 9:00,300.92435,300.427868
23/07/2021 10:00,301.98438,297.3815435
23/07/2021 11:00,302.79507,300.368894
23/07/2021 12:00,303.19504,301.1071062
23/07/2021 13:00,303.35062,299.1606837
23/07/2021 14:00,303.24115,298.5470048
23/07/2021 15:00,302.9777,302.7517992
23/07/2021 16:00,302.38156,299.8705752
23/07/2021 17:00,301.40115,299.5152228
23/07/2021 18:00,300.33435,295.4971151
23/07/2021 19:00,297.80017,294.5271501
23/07/2021 20:00,296.33432,294.8982867
23/07/2021 21:00,295.0689,294.033132
23/07/2021 22:00,294.09067,291.6680095
23/07/2021 23:00,293.06168,292.9775255
24/07/2021 0:00,292.33798,290.4033833
24/07/2021 1:00,291.92264,291.2010358
24/07/2021 2:00,291.57678,294.0487675
24/07/2021 3:00,291.13037,293.4960782
24/07/2021 4:00,290.74146,290.4612487
24/07/2021 5:00,291.79044,289.9633384
24/07/2021 6:00,295.93588,293.1507287
24/07/2021 7:00,299.0333,295.2299489
24/07/2021 8:00,301.01532,298.5201503
24/07/2021 9:00,302.28195,300.2734361
24/07/2021 10:00,303.30756,298.8382262
24/07/2021 11:00,303.75797,298.4719509
24/07/2021 12:00,303.78317,301.5925825
24/07/2021 13:00,303.59995,300.0669454
24/07/2021 14:00,303.54553,300.8017016
24/07/2021 15:00,303.35645,303.9206051
24/07/2021 16:00,302.7548,302.4207999
24/07/2021 17:00,301.791,299.9945444
24/07/2021 18:00,300.37894,296.0770938
24/07/2021 19:00,299.1083,298.1743889
24/07/2021 20:00,299.25464,298.6961867
24/07/2021 21:00,298.94354,295.4951202
24/07/2021 22:00,295.90485,298.1638275
24/07/2021 23:00,294.74796,297.4602729
25/07/2021 0:00,294.12448,297.4964958
25/07/2021 1:00,293.74695,294.3175065
25/07/2021 2:00,293.62366,294.0934003
25/07/2021 3:00,293.4835,294.9182624
25/07/2021 4:00,293.3116,292.7453842
25/07/2021 5:00,294.72983,292.0249495
25/07/2021 6:00,298.74216,294.9391565
25/07/2021 7:00,301.0476,298.373735
25/07/2021 8:00,302.61584,297.6181935
25/07/2021 9:00,302.54053,301.4162754
25/07/2021 10:00,304.2262,304.9032711
25/07/2021 11:00,305.26624,299.9523844
25/07/2021 12:00,305.554,307.3450057
25/07/2021 13:00,305.7984,307.2813942
25/07/2021 14:00,305.7114,304.7992178
25/07/2021 15:00,305.17462,306.4966187
25/07/2021 16:00,304.0946,304.5551872
25/07/2021 17:00,302.88422,304.9670129
25/07/2021 18:00,301.83896,303.1770326
25/07/2021 19:00,300.4718,296.8624045
25/07/2021 20:00,299.55164,299.3344108
25/07/2021 21:00,299.01517,297.1606406
25/07/2021 22:00,298.8227,296.7736778
25/07/2021 23:00,298.53864,293.9818449
26/07/2021 0:00,298.18417,299.2479033
26/07/2021 1:00,298.00186,295.7031097
26/07/2021 2:00,297.82785,291.9331062
26/07/2021 3:00,297.5573,290.6075662
26/07/2021 4:00,297.68057,292.0936311
26/07/2021 5:00,298.5202,295.5600622
26/07/2021 6:00,300.11887,298.2717654
26/07/2021 7:00,300.70175,301.6244608
26/07/2021 8:00,301.80484,302.6735575
26/07/2021 9:00,302.89838,304.667025
26/07/2021 10:00,303.45175,304.1449883
26/07/2021 11:00,304.0783,300.1198148
26/07/2021 12:00,304.79187,301.7519651
26/07/2021 13:00,306.3063,304.8369593
26/07/2021 14:00,306.1901,303.9362468
26/07/2021 15:00,305.0858,305.1017854
26/07/2021 16:00,303.98148,303.3223217
26/07/2021 17:00,303.0481,300.849724
26/07/2021 18:00,302.2331,300.8717643
26/07/2021 19:00,300.34543,300.2059592
26/07/2021 20:00,299.29214,297.7686143
26/07/2021 21:00,298.28748,297.8057325
26/07/2021 22:00,297.50195,295.8042227
26/07/2021 23:00,296.91046,298.6273597
27/07/2021 0:00,296.68112,295.391491
27/07/2021 1:00,295.92453,297.9769911
27/07/2021 2:00,295.1679,297.8689574
27/07/2021 3:00,294.63483,294.9691834
27/07/2021 4:00,294.23578,293.3941035
27/07/2021 5:00,295.329,291.8744013
27/07/2021 6:00,298.83008,295.9150542
27/07/2021 7:00,303.05518,297.6986232
27/07/2021 8:00,304.34854,304.3819636
27/07/2021 9:00,305.15402,303.6084886
27/07/2021 10:00,305.6696,305.130818
27/07/2021 11:00,306.1415,301.4626827
27/07/2021 12:00,306.97003,303.3272796
27/07/2021 13:00,307.52988,307.2976166
27/07/2021 14:00,307.48715,306.411244
27/07/2021 15:00,306.95682,305.7901106
27/07/2021 16:00,306.02438,306.6328752
27/07/2021 17:00,304.727,306.9720411
27/07/2021 18:00,303.12433,303.0985296
27/07/2021 19:00,301.42236,300.4815614
27/07/2021 20:00,300.08102,299.8959595
27/07/2021 21:00,298.94537,304.4979446
27/07/2021 22:00,298.05997,295.2395826
27/07/2021 23:00,298.9918,299.1693909
28/07/2021 0:00,300.1496,297.824306
28/07/2021 1:00,299.51013,298.4506898
28/07/2021 2:00,296.81516,295.7919937
28/07/2021 3:00,295.89993,294.8450371
28/07/2021 4:00,295.73605,295.1414138
28/07/2021 5:00,296.29068,300.8230156
28/07/2021 6:00,299.1409,300.5596042
28/07/2021 7:00,303.29404,298.8326836
28/07/2021 8:00,304.91638,301.4539766
28/07/2021 9:00,306.1323,303.15819
28/07/2021 10:00,307.0226,302.2447334
28/07/2021 11:00,307.67377,305.8569599
28/07/2021 12:00,307.97903,308.3720016
28/07/2021 13:00,308.035,305.152488
28/07/2021 14:00,307.79828,309.3001767
28/07/2021 15:00,307.19693,308.0925803
28/07/2021 16:00,306.38345,305.1137859
28/07/2021 17:00,305.38153,304.5160849
28/07/2021 18:00,303.8754,305.7113512
28/07/2021 19:00,302.09503,302.5320474
28/07/2021 20:00,300.39093,300.209531
28/07/2021 21:00,298.79688,298.6798621
28/07/2021 22:00,298.28223,298.2896411
28/07/2021 23:00,299.34195,296.6124897
29/07/2021 0:00,298.89435,292.9270696
29/07/2021 1:00,297.0408,299.3158658
29/07/2021 2:00,295.71637,295.1978019
29/07/2021 3:00,294.81683,294.9768514
29/07/2021 4:00,294.09036,293.6767537
29/07/2021 5:00,294.6499,292.7035877
29/07/2021 6:00,299.22513,295.144184
29/07/2021 7:00,303.8059,293.8731743
29/07/2021 8:00,305.5995,302.1728685
29/07/2021 9:00,307.09363,297.3367212
29/07/2021 10:00,308.10385,298.8741598
29/07/2021 11:00,308.7384,300.9761399
29/07/2021 12:00,308.91888,304.8291344
29/07/2021 13:00,308.751,303.1203535
29/07/2021 14:00,308.31137,301.195359
29/07/2021 15:00,307.6842,305.6331506
29/07/2021 16:00,306.80527,304.3541961
29/07/2021 17:00,305.60657,302.893122
29/07/2021 18:00,303.94028,301.6387483
29/07/2021 19:00,302.81937,302.9691924
29/07/2021 20:00,301.62958,301.1819834
29/07/2021 21:00,300.9763,295.1071303
29/07/2021 22:00,299.5541,298.4831959
29/07/2021 23:00,298.38583,295.6557735
30/07/2021 0:00,297.4374,295.3750651
30/07/2021 1:00,296.5732,291.0486493
30/07/2021 2:00,295.92358,293.3839953
30/07/2021 3:00,295.34683,291.9532681
30/07/2021 4:00,294.82852,294.8550044
30/07/2021 5:00,295.79108,296.8273679
30/07/2021 6:00,300.12808,294.5017467
30/07/2021 7:00,302.78616,299.1413681
30/07/2021 8:00,304.19482,302.4405842
30/07/2021 9:00,305.35507,301.6627848
30/07/2021 10:00,306.14673,304.237588
30/07/2021 11:00,306.547,304.2755187
30/07/2021 12:00,306.67337,304.5509669
30/07/2021 13:00,306.6543,303.9092159
30/07/2021 14:00,306.40683,302.2690091
30/07/2021 15:00,305.94073,302.683204
30/07/2021 16:00,305.1442,305.4567307
30/07/2021 17:00,304.07492,303.4504884
30/07/2021 18:00,302.64688,302.1190408
30/07/2021 19:00,301.9481,299.3618252
30/07/2021 20:00,300.96677,298.5641898
30/07/2021 21:00,299.77698,300.2360484
30/07/2021 22:00,297.8097,296.9771418
30/07/2021 23:00,297.0817,294.2794301
31/07/2021 0:00,296.58182,297.0756819
31/07/2021 1:00,296.5111,295.0997239
31/07/2021 2:00,296.65036,295.2140277
31/07/2021 3:00,296.10376,297.1506915
31/07/2021 4:00,295.33548,294.212605
31/07/2021 5:00,295.89008,296.169901
31/07/2021 6:00,300.28333,297.0789808
31/07/2021 7:00,303.0942,298.0927567
31/07/2021 8:00,304.70117,300.5324087
31/07/2021 9:00,305.9592,298.0837816
31/07/2021 10:00,306.8231,302.19955
31/07/2021 11:00,307.2366,302.8734242
31/07/2021 12:00,306.05234,303.4637252
31/07/2021 13:00,305.1617,305.574417
31/07/2021 14:00,306.42743,304.4628884
31/07/2021 15:00,306.47324,306.5636376
31/07/2021 16:00,306.02713,302.0294786
31/07/2021 17:00,305.24103,303.4366061
31/07/2021 18:00,303.87357,301.7560985
31/07/2021 19:00,302.59586,298.6508133
31/07/2021 20:00,301.48264,301.1626036
31/07/2021 21:00,300.60797,302.8209351
31/07/2021 22:00,299.6494,298.2162442
31/07/2021 23:00,299.21683,298.8352124
01/08/2021 0:00,299.11566,297.6935203
01/08/2021 1:00,298.93445,295.8043672
01/08/2021 2:00,298.71188,293.3818305
01/08/2021 3:00,298.58105,294.8317821
01/08/2021 4:00,298.49515,293.2764739
01/08/2021 5:00,299.17697,299.3222312
01/08/2021 6:00,301.02985,297.8583303
01/08/2021 7:00,302.68356,297.5216132
01/08/2021 8:00,304.39703,301.882688
01/08/2021 9:00,305.4338,299.8637918
01/08/2021 10:00,306.51587,302.3607663
01/08/2021 11:00,307.55652,305.0999583
01/08/2021 12:00,307.1016,307.702045
01/08/2021 13:00,306.72867,307.203791
01/08/2021 14:00,305.75635,306.1860471
01/08/2021 15:00,305.90356,305.333659
01/08/2021 16:00,305.49588,304.5034786
01/08/2021 17:00,304.14127,302.7616339
01/08/2021 18:00,302.84406,299.2949992
01/08/2021 19:00,301.39417,298.7880306
01/08/2021 20:00,300.42615,295.5651226
01/08/2021 21:00,298.92938,296.4750715
01/08/2021 22:00,299.1063,294.3074499
01/08/2021 23:00,298.62167,298.6263624
02/08/2021 0:00,298.1074,293.2475875
02/08/2021 1:00,296.41812,290.2041348
02/08/2021 2:00,295.37863,291.9567301
02/08/2021 3:00,294.68826,292.7472118
02/08/2021 4:00,294.17554,294.608921
02/08/2021 5:00,295.06937,290.690922
02/08/2021 6:00,298.08865,289.4523603
02/08/2021 7:00,299.61743,293.9939857
02/08/2021 8:00,300.7776,290.8748373
02/08/2021 9:00,301.6562,293.5718041
02/08/2021 10:00,302.28253,294.8870236
02/08/2021 11:00,302.6047,296.2260406
02/08/2021 12:00,302.70856,298.4638669
02/08/2021 13:00,302.5969,296.4937291
02/08/2021 14:00,302.1572,297.5612506
02/08/2021 15:00,301.58746,298.2513701
02/08/2021 16:00,301.0927,298.4289364
02/08/2021 17:00,300.3332,297.6582632
02/08/2021 18:00,299.37143,296.9128603
02/08/2021 19:00,298.75836,296.5192151
02/08/2021 20:00,298.18317,294.5996256
02/08/2021 21:00,297.8774,293.9761143
02/08/2021 22:00,297.5439,289.6475139
02/08/2021 23:00,297.2331,292.2592242
03/08/2021 0:00,296.10458,292.5938959
03/08/2021 1:00,295.09515,292.6526306
03/08/2021 2:00,294.75894,289.7154774
03/08/2021 3:00,293.80887,289.4413053
03/08/2021 4:00,292.98923,289.5980013
03/08/2021 5:00,293.56168,292.8570747
03/08/2021 6:00,296.45248,295.4245889
03/08/2021 7:00,298.86612,292.9839383
03/08/2021 8:00,300.17114,296.7937331
03/08/2021 9:00,301.15442,296.7247267
03/08/2021 10:00,302.5883,297.3347527
03/08/2021 11:00,303.27908,297.759653
03/08/2021 12:00,303.30328,300.4088352
03/08/2021 13:00,303.51337,300.1158306
03/08/2021 14:00,303.01666,303.9330201
03/08/2021 15:00,302.28683,298.4051513
03/08/2021 16:00,301.51328,300.8030505
03/08/2021 17:00,300.5558,298.2834682
03/08/2021 18:00,299.5444,296.5482156
03/08/2021 19:00,298.03244,295.4883108
03/08/2021 20:00,297.27448,296.3635007
03/08/2021 21:00,295.5618,300.8143581
03/08/2021 22:00,294.54846,293.0741112
03/08/2021 23:00,294.03925,290.9771828
04/08/2021 0:00,293.65384,293.463044
04/08/2021 1:00,293.23132,289.2307839
04/08/2021 2:00,292.79868,291.9724267
04/08/2021 3:00,292.30588,291.3572149
04/08/2021 4:00,291.78613,292.0526157
04/08/2021 5:00,292.4812,293.5316795
04/08/2021 6:00,296.78793,294.1849639
04/08/2021 7:00,299.03366,295.6627601
04/08/2021 8:00,300.40387,296.3832355
04/08/2021 9:00,302.0912,296.890939
04/08/2021 10:00,303.25058,300.2064932
04/08/2021 11:00,304.1362,298.7751857
04/08/2021 12:00,304.44275,301.1763373
04/08/2021 13:00,304.7477,300.3235962
04/08/2021 14:00,304.75162,303.4730677
04/08/2021 15:00,304.53333,305.7848784
04/08/2021 16:00,304.0585,299.9567113
04/08/2021 17:00,303.32748,297.7329922
04/08/2021 18:00,302.20053,299.3973458
04/08/2021 19:00,300.93457,298.3697236
04/08/2021 20:00,299.8119,297.8161003
04/08/2021 21:00,299.19296,295.9762411
04/08/2021 22:00,298.89542,295.9620452
04/08/2021 23:00,298.91376,296.836471
05/08/2021 0:00,298.6451,297.7931648
05/08/2021 1:00,298.32452,291.9810884
05/08/2021 2:00,298.00275,294.3635625
05/08/2021 3:00,297.51306,294.5681106
05/08/2021 4:00,296.8465,291.6563924
05/08/2021 5:00,294.8757,296.3763861
05/08/2021 6:00,293.91,292.5793275
05/08/2021 7:00,294.40475,293.4565255
05/08/2021 8:00,294.76947,294.9581592
05/08/2021 9:00,295.64456,293.0305495
05/08/2021 10:00,296.63956,290.6709728
05/08/2021 11:00,297.1046,292.4901182
05/08/2021 12:00,296.00146,294.730557
05/08/2021 13:00,296.6368,292.5633911
05/08/2021 14:00,297.24948,291.9178091
05/08/2021 15:00,297.70285,294.7774082
05/08/2021 16:00,297.44278,292.6427746
05/08/2021 17:00,296.9832,292.2573046
05/08/2021 18:00,296.29395,293.0993346
05/08/2021 19:00,295.32944,292.5683416
05/08/2021 20:00,294.80853,294.7720015
05/08/2021 21:00,294.8503,291.5566041
05/08/2021 22:00,294.49185,291.7907459
05/08/2021 23:00,293.79675,288.51326
06/08/2021 0:00,293.04156,287.2504841
06/08/2021 1:00,293.5324,288.7114081
06/08/2021 2:00,293.2856,288.1618466
06/08/2021 3:00,291.65024,285.8343599
06/08/2021 4:00,290.91962,287.5116022
06/08/2021 5:00,292.0497,290.3763887
06/08/2021 6:00,294.5379,292.5520483
06/08/2021 7:00,295.17676,293.6535909
06/08/2021 8:00,296.88516,294.8750124
06/08/2021 9:00,298.1187,295.4463596
06/08/2021 10:00,298.90753,296.7972064
06/08/2021 11:00,299.83453,296.3563013
06/08/2021 12:00,299.98956,302.3385757
06/08/2021 13:00,300.29376,299.4296044
06/08/2021 14:00,300.03995,299.2562158
06/08/2021 15:00,299.76932,297.6826941
06/08/2021 16:00,299.53152,304.2891928
06/08/2021 17:00,299.05472,296.0734427
06/08/2021 18:00,297.8149,295.8932149
06/08/2021 19:00,296.60324,295.8917104
06/08/2021 20:00,297.03317,294.931438
06/08/2021 21:00,294.6863,294.3073594
06/08/2021 22:00,293.0068,294.8979251
06/08/2021 23:00,291.96848,291.9727998
07/08/2021 0:00,291.39056,288.6803853
07/08/2021 1:00,291.364,289.5640224
07/08/2021 2:00,291.15314,290.1121725
07/08/2021 3:00,290.46664,292.7806612
07/08/2021 4:00,289.90045,286.1863153
07/08/2021 5:00,290.58887,292.1554433
07/08/2021 6:00,295.1174,294.459788
07/08/2021 7:00,298.46588,297.0610292
07/08/2021 8:00,300.1239,297.1906294
07/08/2021 9:00,301.3352,297.5753021
07/08/2021 10:00,302.1244,301.8009392
07/08/2021 11:00,302.63162,302.6843551
07/08/2021 12:00,302.79837,303.9646611
07/08/2021 13:00,302.8761,302.7425843
07/08/2021 14:00,302.64764,301.9029659
07/08/2021 15:00,302.25598,300.1434031
07/08/2021 16:00,301.6839,303.8650876
07/08/2021 17:00,300.84903,302.0166838
07/08/2021 18:00,299.6237,297.9406758
07/08/2021 19:00,298.3655,297.5036617
07/08/2021 20:00,297.33813,296.8598031
07/08/2021 21:00,296.4037,294.3409426
07/08/2021 22:00,295.79062,294.6246137
07/08/2021 23:00,295.56686,293.0677111
08/08/2021 0:00,295.60123,293.4457098
08/08/2021 1:00,295.3892,292.0212719
08/08/2021 2:00,295.14044,289.7091163
08/08/2021 3:00,295.00183,295.6090977
08/08/2021 4:00,294.8878,293.8119598
08/08/2021 5:00,295.6438,291.2294405
08/08/2021 6:00,298.37762,296.847288
08/08/2021 7:00,301.2122,298.9958505
08/08/2021 8:00,302.66833,302.5360174
08/08/2021 9:00,303.82965,300.2841261
08/08/2021 10:00,304.63135,304.8542895
08/08/2021 11:00,305.0972,302.8941981
08/08/2021 12:00,305.22333,302.3013642
08/08/2021 13:00,305.09094,306.4929224
08/08/2021 14:00,304.8301,307.7949462
08/08/2021 15:00,304.399,310.0236884
08/08/2021 16:00,303.38177,302.5196577
08/08/2021 17:00,302.33722,304.5392824
08/08/2021 18:00,301.22626,300.9494028
08/08/2021 19:00,300.32892,300.4477417
08/08/2021 20:00,299.027,295.615101
08/08/2021 21:00,298.09686,295.2920836
08/08/2021 22:00,297.50644,296.6155022
08/08/2021 23:00,297.22723,297.5677412
09/08/2021 0:00,296.75787,294.0912108
09/08/2021 1:00,295.8406,296.1164215
09/08/2021 2:00,295.14124,296.0776179
09/08/2021 3:00,294.42233,294.6799701
09/08/2021 4:00,293.6355,295.9691781
09/08/2021 5:00,294.0705,293.9383523
09/08/2021 6:00,298.3917,292.0352583
09/08/2021 7:00,302.75464,296.9059233
09/08/2021 8:00,304.16003,294.8729877
09/08/2021 9:00,305.06635,299.0602628
09/08/2021 10:00,305.79617,301.6662382
09/08/2021 11:00,306.29797,300.9199212
09/08/2021 12:00,306.5346,298.4104781
09/08/2021 13:00,306.76578,300.0599334
09/08/2021 14:00,306.4159,304.3953214
09/08/2021 15:00,305.7048,301.7261472
09/08/2021 16:00,304.70633,301.921703
09/08/2021 17:00,303.60904,302.4486133
09/08/2021 18:00,302.24466,301.4082431
09/08/2021 19:00,302.44888,297.7828697
09/08/2021 20:00,301.25787,295.9307636
09/08/2021 21:00,301.31528,294.9170635
09/08/2021 22:00,300.71393,296.6930304
09/08/2021 23:00,298.89267,295.2822659
10/08/2021 0:00,299.4015,293.3630525
10/08/2021 1:00,299.37143,296.2655994
10/08/2021 2:00,298.12732,294.5305444
10/08/2021 3:00,296.73325,292.1636496
10/08/2021 4:00,295.2533,291.230987
10/08/2021 5:00,295.10062,291.353375
10/08/2021 6:00,299.28043,295.6720722
10/08/2021 7:00,302.7613,299.9329606
10/08/2021 8:00,304.2963,297.9670761
10/08/2021 9:00,305.15695,301.0792945
10/08/2021 10:00,306.13434,300.4615464
10/08/2021 11:00,306.90714,301.3806315
10/08/2021 12:00,307.16446,299.9359168
10/08/2021 13:00,307.12854,302.7302446
10/08/2021 14:00,306.74234,302.980423
10/08/2021 15:00,306.0828,304.1995811
10/08/2021 16:00,305.05426,303.1654936
10/08/2021 17:00,304.02686,299.658134
10/08/2021 18:00,302.5594,302.3636919
10/08/2021 19:00,301.9346,299.5072279
10/08/2021 20:00,299.92474,298.3951785
10/08/2021 21:00,299.4956,297.2620813
10/08/2021 22:00,299.02036,295.6968805
10/08/2021 23:00,297.64935,296.0826792
11/08/2021 0:00,296.67,295.7940895
11/08/2021 1:00,295.96008,291.6525601
11/08/2021 2:00,295.4185,293.6155395
11/08/2021 3:00,295.10452,293.6431091
11/08/2021 4:00,294.93152,293.5683228
11/08/2021 5:00,295.782,296.075277
11/08/2021 6:00,299.62796,295.5000901
11/08/2021 7:00,302.27512,298.4785477
11/08/2021 8:00,304.22446,300.440812
11/08/2021 9:00,305.5943,301.1638885
11/08/2021 10:00,306.3374,302.659104
11/08/2021 11:00,307.04144,305.2797039
11/08/2021 12:00,307.37378,302.546802
11/08/2021 13:00,307.6436,305.3230006
11/08/2021 14:00,306.9657,301.0202635
11/08/2021 15:00,305.8192,301.8661251
11/08/2021 16:00,305.14835,301.4226365
11/08/2021 17:00,304.25763,304.0660759
11/08/2021 18:00,303.0194,299.1794059
11/08/2021 19:00,301.94827,294.1395428
11/08/2021 20:00,300.7803,293.2093222
11/08/2021 21:00,299.56668,295.8035025
11/08/2021 22:00,298.33505,296.1452633
11/08/2021 23:00,297.16827,294.5258141
12/08/2021 0:00,296.2467,293.4628769
12/08/2021 1:00,295.46103,295.3265908
12/08/2021 2:00,294.75348,292.1580256
12/08/2021 3:00,294.1533,294.0851362
12/08/2021 4:00,293.65775,289.1758736
12/08/2021 5:00,294.10605,291.2207176
12/08/2021 6:00,297.2569,292.7429715
12/08/2021 7:00,301.4379,297.1112096
12/08/2021 8:00,303.5005,299.4036063
12/08/2021 9:00,305.07767,300.7373301
12/08/2021 10:00,306.35223,301.638503
12/08/2021 11:00,307.26443,300.3962228
12/08/2021 12:00,307.824,302.1700725
12/08/2021 13:00,307.93567,299.9397522
12/08/2021 14:00,307.74435,304.9526614
12/08/2021 15:00,307.4054,301.9243637
12/08/2021 16:00,306.75992,301.1459871
12/08/2021 17:00,305.57242,303.8217391
12/08/2021 18:00,304.1042,297.1689124
12/08/2021 19:00,302.01074,296.5753829
12/08/2021 20:00,300.34296,295.6380689
12/08/2021 21:00,298.84543,296.5943083
12/08/2021 22:00,297.615,296.7195761
12/08/2021 23:00,296.80005,296.653894
13/08/2021 0:00,296.06082,299.2204417
13/08/2021 1:00,295.51843,290.0992074
13/08/2021 2:00,295.00183,294.4744257
13/08/2021 3:00,294.54065,291.6388732
13/08/2021 4:00,294.11267,290.9603331
13/08/2021 5:00,294.47467,291.7150645
13/08/2021 6:00,297.9473,294.9546838
13/08/2021 7:00,302.2888,301.7847716
13/08/2021 8:00,304.58643,302.4583078
13/08/2021 9:00,306.26007,302.7674029
13/08/2021 10:00,307.4308,306.305153
13/08/2021 11:00,308.29337,302.0803411
13/08/2021 12:00,308.91348,302.6941484
13/08/2021 13:00,308.82758,301.5135373
13/08/2021 14:00,308.4734,304.2134992
13/08/2021 15:00,308.2223,305.5423849
13/08/2021 16:00,307.74005,304.589574
13/08/2021 17:00,306.71735,303.3330819
13/08/2021 18:00,305.01636,299.0073741
13/08/2021 19:00,303.46573,301.3108797
13/08/2021 20:00,302.03183,299.0101188
13/08/2021 21:00,300.60693,298.6791713
13/08/2021 22:00,299.13675,292.9211471
13/08/2021 23:00,297.66965,296.0482563
14/08/2021 0:00,296.55325,292.9068167
14/08/2021 1:00,295.66293,293.9384312
14/08/2021 2:00,294.95224,295.7602977
14/08/2021 3:00,294.32196,294.9386712
14/08/2021 4:00,293.80847,293.0840665
14/08/2021 5:00,294.42584,295.1917649
14/08/2021 6:00,298.01172,295.2512548
14/08/2021 7:00,303.15137,301.2426846
14/08/2021 8:00,305.5439,300.8862009
14/08/2021 9:00,306.91727,304.7631062
14/08/2021 10:00,308.0712,303.3320663
14/08/2021 11:00,308.90372,304.4667526
14/08/2021 12:00,309.3102,304.7443385
14/08/2021 13:00,309.42386,307.8837087
14/08/2021 14:00,309.04077,305.0325997
14/08/2021 15:00,308.58078,307.3223169
14/08/2021 16:00,307.7053,304.902387
14/08/2021 17:00,306.5221,300.3657151
14/08/2021 18:00,304.89297,301.1328925
14/08/2021 19:00,303.86285,298.6211029
14/08/2021 20:00,302.00412,299.8047473
14/08/2021 21:00,300.4855,296.5388263
14/08/2021 22:00,298.90714,299.4478058
14/08/2021 23:00,297.74542,296.7641803
15/08/2021 0:00,296.97653,295.5482271
15/08/2021 1:00,296.4369,296.1889285
15/08/2021 2:00,295.81638,296.1435548
15/08/2021 3:00,295.2853,293.7718847
15/08/2021 4:00,294.855,291.9169195
15/08/2021 5:00,295.16623,291.0223739
15/08/2021 6:00,298.9649,296.8741817
15/08/2021 7:00,303.8488,298.7578683
15/08/2021 8:00,305.62943,302.556297
15/08/2021 9:00,306.98834,303.9976643
15/08/2021 10:00,307.9521,307.545121
15/08/2021 11:00,308.5843,306.4298347
15/08/2021 12:00,308.85568,308.1565019
15/08/2021 13:00,308.79047,310.5752077
15/08/2021 14:00,308.19223,308.9904098
15/08/2021 15:00,307.64322,307.9401334
15/08/2021 16:00,306.80325,305.9887986
15/08/2021 17:00,305.5775,304.6960843
15/08/2021 18:00,303.79138,302.3898615
15/08/2021 19:00,303.83435,300.6202128
15/08/2021 20:00,303.18457,301.3576669
15/08/2021 21:00,302.53284,298.2564783
15/08/2021 22:00,301.7999,295.3587328
15/08/2021 23:00,301.0845,299.9214005
16/08/2021 0:00,298.0945,296.3695382
16/08/2021 1:00,296.45093,292.4222355
16/08/2021 2:00,295.81366,293.8860682
16/08/2021 3:00,295.3884,294.3939233
16/08/2021 4:00,295.10492,297.014631
16/08/2021 5:00,295.4829,292.8415704
16/08/2021 6:00,298.70212,299.8395723
16/08/2021 7:00,303.365,301.6035884
16/08/2021 8:00,305.2612,299.8695786
16/08/2021 9:00,306.42566,302.4669133
16/08/2021 10:00,306.84232,302.9593211
16/08/2021 11:00,306.6115,305.8284965
16/08/2021 12:00,306.63846,307.1056128
16/08/2021 13:00,306.32803,308.9794387
16/08/2021 14:00,306.33624,310.0232457
16/08/2021 15:00,306.01367,306.4396295
16/08/2021 16:00,305.28424,302.923898
16/08/2021 17:00,304.09753,304.4655905
16/08/2021 18:00,302.64685,304.5392291
16/08/2021 19:00,301.89517,301.2593164
16/08/2021 20:00,300.99353,298.480035
16/08/2021 21:00,300.4238,298.013395
16/08/2021 22:00,299.87164,302.1223145
16/08/2021 23:00,299.44287,297.1309181
17/08/2021 0:00,298.9946,295.601401
17/08/2021 1:00,298.6205,293.6924989
17/08/2021 2:00,298.48343,293.4349621
17/08/2021 3:00,298.75406,296.1965634
17/08/2021 4:00,298.7513,292.0457912
17/08/2021 5:00,297.61343,291.865745
17/08/2021 6:00,299.21133,291.2158534
17/08/2021 7:00,299.881,295.2687155
17/08/2021 8:00,299.83844,296.6871111
17/08/2021 9:00,300.37225,293.9152882
17/08/2021 10:00,301.63235,292.6980419
17/08/2021 11:00,301.92288,292.6200895
17/08/2021 12:00,301.0892,288.2037954
17/08/2021 13:00,299.8806,294.0715128
17/08/2021 14:00,299.60767,294.0686454
17/08/2021 15:00,299.56628,294.9933371
17/08/2021 16:00,298.88135,292.9894546
17/08/2021 17:00,297.95316,293.396189
17/08/2021 18:00,296.6259,292.7387807
17/08/2021 19:00,295.88474,294.3774808
17/08/2021 20:00,295.00143,291.6936713
17/08/2021 21:00,294.19897,295.3339221
17/08/2021 22:00,293.50818,292.0194808
17/08/2021 23:00,292.93298,288.2782633
18/08/2021 0:00,292.42886,289.7216003
18/08/2021 1:00,292.0044,288.3560967
18/08/2021 2:00,291.64047,285.0179011
18/08/2021 3:00,291.30347,291.5198209
18/08/2021 4:00,290.98367,289.889958
18/08/2021 5:00,291.10355,290.066013
18/08/2021 6:00,292.3711,290.6984715
18/08/2021 7:00,294.47543,289.2600488
18/08/2021 8:00,296.5505,291.7752796
18/08/2021 9:00,298.39246,294.9310609
18/08/2021 10:00,299.28162,292.7025844
18/08/2021 11:00,300.11884,291.0007395
18/08/2021 12:00,301.17746,295.8754468
18/08/2021 13:00,301.68314,296.5338803
18/08/2021 14:00,301.78894,297.1264551
18/08/2021 15:00,301.37347,297.9201206
18/08/2021 16:00,300.37692,297.3133003
18/08/2021 17:00,298.9442,295.9483864
18/08/2021 18:00,297.36508,296.4261682
18/08/2021 19:00,295.95737,289.9023286
18/08/2021 20:00,294.92178,292.0784927
18/08/2021 21:00,294.0959,291.2851756
18/08/2021 22:00,293.35043,287.1648269
18/08/2021 23:00,292.60928,286.1194247
19/08/2021 0:00,291.92163,287.0652527
19/08/2021 1:00,291.3527,287.0688039
19/08/2021 2:00,290.78256,289.5166695
19/08/2021 3:00,290.26202,286.9574737
19/08/2021 4:00,289.76416,285.9653814
19/08/2021 5:00,289.94965,286.8737501
19/08/2021 6:00,292.28674,293.2828424
19/08/2021 7:00,295.0358,292.600212
19/08/2021 8:00,297.4377,293.7089594
19/08/2021 9:00,299.33356,295.2990002
19/08/2021 10:00,300.68463,299.0074271
19/08/2021 11:00,301.6839,296.0382002
19/08/2021 12:00,302.38016,299.4978672
19/08/2021 13:00,302.70035,297.8826909
19/08/2021 14:00,302.7039,297.3298556
19/08/2021 15:00,302.39148,301.9851784
19/08/2021 16:00,301.70227,295.2512999
19/08/2021 17:00,300.66434,295.6826078
19/08/2021 18:00,299.28043,292.9826946
19/08/2021 19:00,297.95004,295.6674
19/08/2021 20:00,296.73874,295.5379504
19/08/2021 21:00,295.73672,294.6431929
19/08/2021 22:00,294.7394,293.641259
19/08/2021 23:00,293.75812,291.9703937
20/08/2021 0:00,292.8951,290.6697173
20/08/2021 1:00,292.11688,286.8101337
20/08/2021 2:00,291.39523,292.6921355
20/08/2021 3:00,290.7525,289.6035361
20/08/2021 4:00,290.20776,287.8441765
20/08/2021 5:00,290.36044,291.688301
20/08/2021 6:00,293.17355,290.553043
20/08/2021 7:00,296.49115,295.2717541
20/08/2021 8:00,298.879,296.1939533
20/08/2021 9:00,300.77484,298.9859819
20/08/2021 10:00,302.0912,298.519697
20/08/2021 11:00,302.90927,296.872543
20/08/2021 12:00,303.2537,299.6668981
20/08/2021 13:00,303.21777,301.2115539
20/08/2021 14:00,302.99557,299.2609409
20/08/2021 15:00,302.48053,300.6297293
20/08/2021 16:00,301.5457,296.9526252
20/08/2021 17:00,300.16684,297.6094571
20/08/2021 18:00,299.0266,295.0767339
20/08/2021 19:00,298.39362,296.537991
20/08/2021 20:00,297.27603,293.6738475
20/08/2021 21:00,296.39157,293.8693208
20/08/2021 22:00,295.52975,294.274806
20/08/2021 23:00,294.6527,295.052943
21/08/2021 0:00,293.77216,293.6265352
21/08/2021 1:00,292.9787,290.8285432
21/08/2021 2:00,292.32697,292.0681147
21/08/2021 3:00,291.79315,290.4665645
21/08/2021 4:00,291.36047,290.6643365
21/08/2021 5:00,291.70804,290.7887519
21/08/2021 6:00,294.58087,290.8084321
21/08/2021 7:00,298.23157,291.919274
21/08/2021 8:00,300.5027,296.4608661
21/08/2021 9:00,301.97952,299.7978685
21/08/2021 10:00,303.15607,297.9788457
21/08/2021 11:00,304.01514,300.501896
21/08/2021 12:00,304.6052,304.2225265
21/08/2021 13:00,304.88712,302.5454754
21/08/2021 14:00,304.82074,304.0345362
21/08/2021 15:00,304.39,301.755952
21/08/2021 16:00,303.8047,302.5386099
21/08/2021 17:00,302.72263,297.8911126
21/08/2021 18:00,301.2368,296.472756
21/08/2021 19:00,299.76074,292.0942261
21/08/2021 20:00,298.27725,297.5037582
21/08/2021 21:00,296.75278,296.9248751
21/08/2021 22:00,295.28766,292.2494604
21/08/2021 23:00,294.17282,292.1992357
22/08/2021 0:00,293.33832,290.5223947
22/08/2021 1:00,292.61163,291.7954101
22/08/2021 2:00,292.00558,292.4442053
22/08/2021 3:00,291.48428,286.7037797
22/08/2021 4:00,291.25116,289.9918334
22/08/2021 5:00,291.47763,289.5364376
22/08/2021 6:00,294.5992,294.321725
22/08/2021 7:00,299.1098,297.6638944
22/08/2021 8:00,301.4715,298.9257707
22/08/2021 9:00,303.10648,300.8182333
22/08/2021 10:00,304.36777,301.9107416
22/08/2021 11:00,305.1878,304.9306513
22/08/2021 12:00,305.51346,304.5974589
22/08/2021 13:00,305.41663,304.5904158
22/08/2021 14:00,304.99255,302.1210607
22/08/2021 15:00,304.14636,303.404721
22/08/2021 16:00,303.28882,304.6712778
22/08/2021 17:00,302.11774,301.4385514
22/08/2021 18:00,300.57452,300.7870884
22/08/2021 19:00,299.3308,301.4881584
22/08/2021 20:00,297.54626,299.1107658
22/08/2021 21:00,295.98978,296.660536
22/08/2021 22:00,294.99478,294.9145942
22/08/2021 23:00,294.44614,290.4558795
23/08/2021 0:00,294.03534,293.9234168
23/08/2021 1:00,293.57925,292.9196778
23/08/2021 2:00,293.0595,293.30844
23/08/2021 3:00,292.66473,291.1248182
23/08/2021 4:00,292.38513,292.0712965
23/08/2021 5:00,292.678,287.6693269
23/08/2021 6:00,296.69226,291.7688171
23/08/2021 7:00,300.21606,294.9465156
23/08/2021 8:00,301.96936,297.140276
23/08/2021 9:00,303.02914,293.6529424
23/08/2021 10:00,303.88354,294.7137947
23/08/2021 11:00,304.50522,296.3176487
23/08/2021 12:00,304.20804,294.3600433
23/08/2021 13:00,303.91284,297.1947949
23/08/2021 14:00,303.4794,295.3141101
23/08/2021 15:00,303.3189,298.1594834
23/08/2021 16:00,302.56995,296.5136104
23/08/2021 17:00,301.6972,296.077692
23/08/2021 18:00,300.62567,293.0908875
23/08/2021 19:00,298.13474,292.4308224
23/08/2021 20:00,297.4256,294.5473854
23/08/2021 21:00,296.57315,288.8739167
23/08/2021 22:00,294.99402,289.6103278
23/08/2021 23:00,293.55,290.3112533
24/08/2021 0:00,292.5023,290.959771
24/08/2021 1:00,292.03134,288.2215253
24/08/2021 2:00,291.99503,283.7369012
24/08/2021 3:00,291.85406,290.6811814
24/08/2021 4:00,291.4991,289.1644984
24/08/2021 5:00,291.69943,284.9204881
24/08/2021 6:00,292.68036,288.4180854
24/08/2021 7:00,295.34,294.0456438
24/08/2021 8:00,297.36273,295.5556786
24/08/2021 9:00,298.8626,296.147586
24/08/2021 10:00,300.2559,295.2468504
24/08/2021 11:00,301.106,296.3151527
24/08/2021 12:00,301.4164,296.4068267
24/08/2021 13:00,301.4504,298.6311056
24/08/2021 14:00,300.5913,295.2071797
24/08/2021 15:00,299.8818,295.1974556
24/08/2021 16:00,298.30344,298.1873374
24/08/2021 17:00,297.53494,295.7006584
24/08/2021 18:00,296.4767,297.2537596
24/08/2021 19:00,295.1955,291.9590658
24/08/2021 20:00,294.49927,292.4346284
24/08/2021 21:00,293.92407,290.402817
24/08/2021 22:00,293.01227,291.6813988
24/08/2021 23:00,292.04852,288.4910592
25/08/2021 0:00,291.28082,289.7474307
25/08/2021 1:00,290.95087,287.6910994
25/08/2021 2:00,291.0184,291.2925637
25/08/2021 3:00,290.526,291.2109761
25/08/2021 4:00,290.05234,286.6982237
25/08/2021 5:00,290.12225,292.0115472
25/08/2021 6:00,290.6705,294.0708818
25/08/2021 7:00,291.5612,289.6263113
25/08/2021 8:00,292.59445,288.3692822
25/08/2021 9:00,293.7827,294.7552168
25/08/2021 10:00,294.8214,287.6523009
25/08/2021 11:00,295.36926,290.359089
25/08/2021 12:00,295.62543,291.0128895
25/08/2021 13:00,296.11276,293.169837
25/08/2021 14:00,296.08075,291.6606967
25/08/2021 15:00,295.85037,290.2137448
25/08/2021 16:00,295.14355,289.3338077
25/08/2021 17:00,294.25128,290.2617363
25/08/2021 18:00,293.2532,288.7260739
25/08/2021 19:00,292.91425,289.9420699
25/08/2021 20:00,292.20865,288.7176118
25/08/2021 21:00,291.60962,286.8223829
25/08/2021 22:00,291.0309,291.0334238
25/08/2021 23:00,290.61465,287.5785313
26/08/2021 0:00,290.1609,285.6055372
26/08/2021 1:00,289.78174,286.76204
26/08/2021 2:00,289.29907,286.4662595
26/08/2021 3:00,288.87384,282.5254216
26/08/2021 4:00,288.46735,286.0178146
26/08/2021 5:00,288.40564,284.1743953
26/08/2021 6:00,290.96765,291.3305061
26/08/2021 7:00,293.41837,289.7659299
26/08/2021 8:00,294.9456,289.9716775
26/08/2021 9:00,296.33963,290.8748072
26/08/2021 10:00,297.51892,293.4449823
26/08/2021 11:00,298.3917,295.8791436
26/08/2021 12:00,298.8021,295.5649179
26/08/2021 13:00,298.78568,295.8053431
26/08/2021 14:00,298.39716,296.5125073
26/08/2021 15:00,297.75714,295.2952204
26/08/2021 16:00,297.0519,295.2446295
26/08/2021 17:00,296.16003,291.2561584
26/08/2021 18:00,294.8468,295.3559641
26/08/2021 19:00,293.70187,293.4776961
26/08/2021 20:00,292.63193,290.7372159
26/08/2021 21:00,292.18677,294.2968546
26/08/2021 22:00,291.512,289.7702043
26/08/2021 23:00,290.93213,286.8889952
27/08/2021 0:00,290.62012,289.7430289
27/08/2021 1:00,290.41705,288.4774756
27/08/2021 2:00,289.76532,288.3420795
27/08/2021 3:00,289.90787,286.7356138
27/08/2021 4:00,290.07812,288.1417299
27/08/2021 5:00,289.99805,286.887129
27/08/2021 6:00,290.7982,288.6299561
27/08/2021 7:00,290.75717,284.0749036
27/08/2021 8:00,291.58813,287.7717746
27/08/2021 9:00,292.77914,292.6203653
27/08/2021 10:00,293.74835,289.0433353
27/08/2021 11:00,294.86594,289.830387
27/08/2021 12:00,295.37708,290.8035886
27/08/2021 13:00,296.19867,290.1374791
27/08/2021 14:00,296.13776,288.5436516
27/08/2021 15:00,295.13107,292.2514491
27/08/2021 16:00,295.01276,292.7241205
27/08/2021 17:00,294.6168,291.8302635
27/08/2021 18:00,293.81552,290.6579706
27/08/2021 19:00,291.27185,288.9248975
27/08/2021 20:00,290.63846,289.2757836
27/08/2021 21:00,290.0867,286.372708
27/08/2021 22:00,289.68762,285.3151734
27/08/2021 23:00,288.77075,285.9325523
28/08/2021 0:00,288.60165,287.5350405
28/08/2021 1:00,288.36542,288.8116177
28/08/2021 2:00,288.0796,285.1362649
28/08/2021 3:00,288.00305,286.4083075
28/08/2021 4:00,287.9105,285.3583645
28/08/2021 5:00,287.9636,283.643274
28/08/2021 6:00,288.76178,287.7453205
28/08/2021 7:00,290.71033,285.5448289
28/08/2021 8:00,292.24728,286.9174657
28/08/2021 9:00,294.08572,292.0734249
28/08/2021 10:00,294.80658,291.4420223
28/08/2021 11:00,295.34467,292.3439677
28/08/2021 12:00,294.31534,291.6225064
28/08/2021 13:00,293.72803,289.0453899
28/08/2021 14:00,292.92676,289.9457336
28/08/2021 15:00,292.24652,287.1800152
28/08/2021 16:00,291.87946,291.4507759
28/08/2021 17:00,291.34253,286.2472326
28/08/2021 18:00,290.7603,288.2451011
28/08/2021 19:00,289.74228,284.7470479
28/08/2021 20:00,289.1214,287.9143176
28/08/2021 21:00,288.6778,286.0087893
28/08/2021 22:00,288.185,284.8492066
28/08/2021 23:00,287.82693,286.9543127
29/08/2021 0:00,287.7535,285.2610693
29/08/2021 1:00,287.4169,285.8881439
29/08/2021 2:00,287.23572,282.7152665
29/08/2021 3:00,286.96588,281.7350899
29/08/2021 4:00,286.9866,284.7784941
29/08/2021 5:00,287.1471,284.4962477
29/08/2021 6:00,287.8082,287.9882015
29/08/2021 7:00,289.269,287.4369025
29/08/2021 8:00,290.22025,288.5507787
29/08/2021 9:00,290.42642,285.588556
29/08/2021 10:00,291.3593,292.3004756
29/08/2021 11:00,292.04462,289.1620205
29/08/2021 12:00,292.19888,291.1975969
29/08/2021 13:00,292.0169,288.3438773
29/08/2021 14:00,291.97513,290.1469176
29/08/2021 15:00,291.58463,287.0584505
29/08/2021 16:00,291.13126,289.7197804
29/08/2021 17:00,290.34952,287.698586
29/08/2021 18:00,289.3467,287.7894131
29/08/2021 19:00,288.92694,288.2410739
29/08/2021 20:00,288.14832,284.6111409
29/08/2021 21:00,287.32047,285.4428272
29/08/2021 22:00,286.60977,287.2051506
29/08/2021 23:00,285.99396,289.8896431
30/08/2021 0:00,285.49295,285.5143639
30/08/2021 1:00,285.25476,286.5450666
30/08/2021 2:00,284.9576,284.8597256
30/08/2021 3:00,284.55734,287.9593859
30/08/2021 4:00,284.08835,281.1054815
30/08/2021 5:00,284.07117,284.4702924
30/08/2021 6:00,286.18646,283.4221593
30/08/2021 7:00,289.8321,283.5839155
30/08/2021 8:00,292.32773,290.5040351
30/08/2021 9:00,293.92914,292.1181086
30/08/2021 10:00,295.183,292.4358144
30/08/2021 11:00,296.05225,293.4076055
30/08/2021 12:00,296.54816,299.8528415
30/08/2021 13:00,296.6653,294.4220391
30/08/2021 14:00,296.61417,295.8579707
30/08/2021 15:00,296.2553,293.7102774
30/08/2021 16:00,295.34195,294.5967378
30/08/2021 17:00,294.19077,292.6633352
30/08/2021 18:00,292.32892,290.6311897
30/08/2021 19:00,293.01617,294.0848049
30/08/2021 20:00,292.47064,292.7172833
30/08/2021 21:00,289.8114,288.2447053
30/08/2021 22:00,288.6087,283.7646238
30/08/2021 23:00,288.23813,286.8920086
31/08/2021 0:00,288.18774,292.2495939
31/08/2021 1:00,287.9718,287.0067455
31/08/2021 2:00,287.5294,289.3892112
31/08/2021 3:00,287.12833,289.6027178
31/08/2021 4:00,286.8788,287.154961
31/08/2021 5:00,286.78784,284.7817966
31/08/2021 6:00,289.02496,284.0640406
31/08/2021 7:00,293.14972,291.2926397
31/08/2021 8:00,294.7683,290.1647381
31/08/2021 9:00,296.02374,293.5966071
31/08/2021 10:00,296.9625,291.9201689
31/08/2021 11:00,297.65952,294.7550034
31/08/2021 12:00,297.9965,296.0362313
31/08/2021 13:00,298.025,296.7901036
31/08/2021 14:00,297.9016,294.6171106
31/08/2021 15:00,297.07962,298.5719369
31/08/2021 16:00,296.5224,294.5884618
31/08/2021 17:00,295.64847,291.3237767
31/08/2021 18:00,294.03925,292.7797534
31/08/2021 19:00,292.4277,292.0385562
31/08/2021 20:00,291.04965,290.9865262
31/08/2021 21:00,289.85474,292.132415
31/08/2021 22:00,288.83246,288.8150033
31/08/2021 23:00,288.01437,288.5746952
01/09/2021 0:00,287.5781,286.5386777
01/09/2021 1:00,287.58173,289.4359125
01/09/2021 2:00,287.44705,287.9858086
01/09/2021 3:00,287.5969,286.6952208
01/09/2021 4:00,287.2593,283.8849224
01/09/2021 5:00,287.28723,290.1253516
01/09/2021 6:00,289.59528,287.1828081
01/09/2021 7:00,292.88663,289.9823115
01/09/2021 8:00,294.90384,292.1852815
01/09/2021 9:00,296.31262,289.9451097
01/09/2021 10:00,297.3696,290.1070801
01/09/2021 11:00,298.00986,289.395823
01/09/2021 12:00,298.4478,294.3015896
01/09/2021 13:00,298.19424,292.2240944
01/09/2021 14:00,297.857,298.5233044
01/09/2021 15:00,297.19794,291.4976498
01/09/2021 16:00,296.13733,291.3049744
01/09/2021 17:00,294.83194,290.9966075
01/09/2021 18:00,293.27664,291.489024
01/09/2021 19:00,292.2573,288.9539891
01/09/2021 20:00,291.35165,289.5283897
01/09/2021 21:00,290.66562,285.8646556
01/09/2021 22:00,290.18823,284.7186347
01/09/2021 23:00,289.8652,283.9045688
02/09/2021 0:00,289.4494,282.6972559
02/09/2021 1:00,288.49738,285.3700275
02/09/2021 2:00,287.44373,285.1236599
02/09/2021 3:00,286.7953,284.1498993
02/09/2021 4:00,286.28696,287.3950953
02/09/2021 5:00,286.0328,287.5903936
02/09/2021 6:00,288.49765,287.6684547
02/09/2021 7:00,291.19516,286.76696
02/09/2021 8:00,293.0331,290.5854984
02/09/2021 9:00,294.65482,292.109267
02/09/2021 10:00,295.90378,292.8952654
02/09/2021 11:00,296.8813,293.5021789
02/09/2021 12:00,297.62256,293.5797234
02/09/2021 13:00,298.05777,294.5813486
02/09/2021 14:00,297.9944,294.1161145
02/09/2021 15:00,297.41055,295.4311425
02/09/2021 16:00,296.28683,295.1499045
02/09/2021 17:00,294.91656,291.745425
02/09/2021 18:00,293.35886,294.564611
02/09/2021 19:00,292.4593,289.3495594
02/09/2021 20:00,291.47873,287.7477539
02/09/2021 21:00,290.64377,290.2816811
02/09/2021 22:00,289.97348,289.2069006
02/09/2021 23:00,289.38116,290.5767924
03/09/2021 0:00,288.63202,284.9740282
03/09/2021 1:00,287.98328,290.7562793
03/09/2021 2:00,287.3133,288.4705208
03/09/2021 3:00,286.70337,284.2182141
03/09/2021 4:00,286.19507,284.6459506
03/09/2021 5:00,286.051,290.104132
03/09/2021 6:00,288.30658,286.8840807
03/09/2021 7:00,292.31522,288.9029019
03/09/2021 8:00,294.59872,288.4268875
03/09/2021 9:00,296.37753,293.2623187
03/09/2021 10:00,297.6077,294.5512677
03/09/2021 11:00,298.57214,297.0420302
03/09/2021 12:00,299.10867,293.3375858
03/09/2021 13:00,299.27338,292.9747109
03/09/2021 14:00,298.9725,296.3711387
03/09/2021 15:00,298.10083,297.1664059
03/09/2021 16:00,296.7891,292.0429046
03/09/2021 17:00,295.49313,295.7547075
03/09/2021 18:00,294.08646,292.5747868
03/09/2021 19:00,293.74857,292.9360545
03/09/2021 20:00,293.68094,289.5877589
03/09/2021 21:00,291.3659,284.6150867
03/09/2021 22:00,289.6256,288.8375579
03/09/2021 23:00,288.54074,290.7394553
04/09/2021 0:00,287.79068,287.0200508
04/09/2021 1:00,287.2851,287.5093322
04/09/2021 2:00,286.9363,287.601703
04/09/2021 3:00,286.63605,282.8219929
04/09/2021 4:00,286.3834,290.9099719
04/09/2021 5:00,286.37915,286.4843782
04/09/2021 6:00,288.8859,290.9331804
04/09/2021 7:00,293.28607,291.6375055
04/09/2021 8:00,295.62354,295.9718338
04/09/2021 9:00,297.18277,295.9554896
04/09/2021 10:00,298.2631,295.8468094
04/09/2021 11:00,299.07715,295.1027907
04/09/2021 12:00,299.3477,298.225385
04/09/2021 13:00,299.25546,293.6426917
04/09/2021 14:00,299.10867,297.9650855
04/09/2021 15:00,298.55093,294.5109956
04/09/2021 16:00,297.7839,298.0646635
04/09/2021 17:00,296.65778,294.7574367
04/09/2021 18:00,295.4006,293.9128497
04/09/2021 19:00,295.04333,291.0697901
04/09/2021 20:00,294.40793,287.8296307
04/09/2021 21:00,292.00314,290.5810057
04/09/2021 22:00,291.0235,292.8078411
04/09/2021 23:00,290.12878,291.2463741
05/09/2021 0:00,289.5607,291.8858571
05/09/2021 1:00,289.12213,289.6588623
05/09/2021 2:00,288.73514,286.9441641
05/09/2021 3:00,288.7773,287.4568262
05/09/2021 4:00,288.41,289.0414084
05/09/2021 5:00,288.31598,284.8794518
05/09/2021 6:00,290.4175,292.1006093
05/09/2021 7:00,293.8887,292.6736605
05/09/2021 8:00,296.02966,295.9364364
05/09/2021 9:00,297.83243,292.152248
05/09/2021 10:00,298.78415,297.8985232
05/09/2021 11:00,299.17752,300.8372106
05/09/2021 12:00,299.31128,294.5105109
05/09/2021 13:00,299.21878,298.3302082
05/09/2021 14:00,299.44626,296.7545002
05/09/2021 15:00,299.2115,293.6846599
05/09/2021 16:00,298.51575,296.4897391
05/09/2021 17:00,297.36475,296.0212757
05/09/2021 18:00,295.75516,292.1582204
05/09/2021 19:00,295.33026,294.5884218
05/09/2021 20:00,294.48044,288.537435
05/09/2021 21:00,293.6303,288.0370078
05/09/2021 22:00,292.67673,290.4685304
05/09/2021 23:00,291.90244,289.7844389
06/09/2021 0:00,291.42474,287.9412821
06/09/2021 1:00,290.7657,289.9004301
06/09/2021 2:00,290.19247,288.7227674
06/09/2021 3:00,289.47183,288.5713969
06/09/2021 4:00,288.84674,285.9567328
06/09/2021 5:00,288.5474,287.01416
06/09/2021 6:00,290.28284,286.9027007
06/09/2021 7:00,294.0907,293.1919782
06/09/2021 8:00,296.63382,289.8327513
06/09/2021 9:00,298.26794,296.7823429
06/09/2021 10:00,299.32828,294.5907261
06/09/2021 11:00,300.1141,293.4542682
06/09/2021 12:00,300.6367,299.2058408
06/09/2021 13:00,300.56177,297.388845
06/09/2021 14:00,300.35068,298.4508053
06/09/2021 15:00,299.87024,298.8007643
06/09/2021 16:00,298.74625,296.2322911
06/09/2021 17:00,297.39233,293.1730125
06/09/2021 18:00,295.78702,294.5381912
06/09/2021 19:00,294.73035,291.912811
06/09/2021 20:00,293.74432,292.0778976
06/09/2021 21:00,292.78046,286.0392782
06/09/2021 22:00,291.82025,289.6760525
06/09/2021 23:00,291.00925,286.7268602
07/09/2021 0:00,290.32166,289.9139946
07/09/2021 1:00,289.75452,287.36526
07/09/2021 2:00,289.19888,286.1244475
07/09/2021 3:00,288.6766,286.1258002
07/09/2021 4:00,288.2914,283.0542475
07/09/2021 5:00,288.28113,287.5839806
07/09/2021 6:00,290.43936,291.5026425
07/09/2021 7:00,294.0931,291.9289215
07/09/2021 8:00,296.88068,296.5264663
07/09/2021 9:00,298.6689,294.6289219
07/09/2021 10:00,299.85114,295.4833434
07/09/2021 11:00,300.55417,297.5793214
07/09/2021 12:00,300.7313,298.5792403
07/09/2021 13:00,300.5275,297.2522436
07/09/2021 14:00,300.47653,298.7786385
07/09/2021 15:00,300.20236,297.9146013
07/09/2021 16:00,299.21332,294.4685455
07/09/2021 17:00,298.02652,295.5333176
07/09/2021 18:00,296.13367,294.7050026
07/09/2021 19:00,294.673,292.648228
07/09/2021 20:00,293.49078,293.5179704
07/09/2021 21:00,292.51447,288.6554083
07/09/2021 22:00,291.49268,290.925492
07/09/2021 23:00,290.64075,287.2799917
08/09/2021 0:00,289.87915,286.5412456
08/09/2021 1:00,289.28836,286.5630478
08/09/2021 2:00,288.69965,285.2832432
08/09/2021 3:00,288.19257,285.3402074
08/09/2021 4:00,287.7658,285.3270032
08/09/2021 5:00,287.609,286.8848092
08/09/2021 6:00,289.80002,287.1280627
08/09/2021 7:00,294.10223,287.5667444
08/09/2021 8:00,296.6972,294.2551904
08/09/2021 9:00,298.4566,292.419345
08/09/2021 10:00,299.58698,295.2421412
08/09/2021 11:00,300.34338,297.1164523
08/09/2021 12:00,300.8135,297.2906485
08/09/2021 13:00,300.96454,299.1773387
08/09/2021 14:00,300.6758,298.0483306
08/09/2021 15:00,300.0692,295.2459555
08/09/2021 16:00,299.20755,299.5337479
08/09/2021 17:00,297.97528,294.2879019
08/09/2021 18:00,296.2565,292.1616311
08/09/2021 19:00,295.77094,293.3883676
08/09/2021 20:00,294.33636,291.2182754
08/09/2021 21:00,292.2312,290.6136
08/09/2021 22:00,290.94128,293.4887466
08/09/2021 23:00,290.37778,287.8367895
09/09/2021 0:00,289.72147,287.0760744
09/09/2021 1:00,289.17462,287.1522269
09/09/2021 2:00,288.60776,288.1591708
09/09/2021 3:00,288.38058,282.9507521
09/09/2021 4:00,288.02332,281.5851783
09/09/2021 5:00,287.97357,283.9003704
09/09/2021 6:00,289.837,284.2025867
09/09/2021 7:00,293.63605,289.2989644
09/09/2021 8:00,295.8598,292.868867
09/09/2021 9:00,297.51154,292.1821008
09/09/2021 10:00,298.7138,292.6835828
09/09/2021 11:00,299.53906,296.3632735
09/09/2021 12:00,299.92728,298.4744347
09/09/2021 13:00,299.4338,294.2434621
09/09/2021 14:00,299.51996,298.7305725
09/09/2021 15:00,299.03134,298.3620985
09/09/2021 16:00,298.0244,297.5610011
09/09/2021 17:00,296.53342,296.5044024
09/09/2021 18:00,295.2326,296.7050747
09/09/2021 19:00,294.5329,291.3451966
09/09/2021 20:00,293.47775,291.0674896
09/09/2021 21:00,292.3504,289.1415218
09/09/2021 22:00,291.6125,288.8861689
09/09/2021 23:00,290.978,290.5282502
10/09/2021 0:00,290.01627,284.3170693
10/09/2021 1:00,289.18008,284.2388168
10/09/2021 2:00,288.58652,287.5097762
10/09/2021 3:00,288.03394,286.3746648
10/09/2021 4:00,287.56778,283.5420913
10/09/2021 5:00,287.2757,285.6017036
10/09/2021 6:00,290.01535,287.6865581
10/09/2021 7:00,293.7886,293.0098174
10/09/2021 8:00,295.97415,292.7145945
10/09/2021 9:00,297.59464,296.260257
10/09/2021 10:00,298.68317,300.6191411
10/09/2021 11:00,299.38437,298.110626
10/09/2021 12:00,299.72983,297.8799575
10/09/2021 13:00,299.66855,299.4663034
10/09/2021 14:00,299.29642,297.6212465
10/09/2021 15:00,298.47784,302.2769127
10/09/2021 16:00,297.28226,297.4364261
10/09/2021 17:00,295.95505,295.1374934
10/09/2021 18:00,294.61722,292.395192
10/09/2021 19:00,293.9145,294.7187658
10/09/2021 20:00,293.69125,292.6854377
10/09/2021 21:00,293.12744,289.091996
10/09/2021 22:00,291.3177,290.8958011
10/09/2021 23:00,289.911,287.0697832
11/09/2021 0:00,289.02206,289.5904428
11/09/2021 1:00,288.41516,289.4363925
11/09/2021 2:00,287.8089,291.4220804
11/09/2021 3:00,287.23444,287.7188666
11/09/2021 4:00,286.80438,286.3913241
11/09/2021 5:00,286.5769,286.6278154
11/09/2021 6:00,289.24408,286.8515909
11/09/2021 7:00,294.1001,294.5343068
11/09/2021 8:00,296.5416,297.5295947
11/09/2021 9:00,298.09903,297.0568144
11/09/2021 10:00,299.26215,299.9156585
11/09/2021 11:00,300.00552,298.9162161
11/09/2021 12:00,300.4107,299.0391268
11/09/2021 13:00,300.5484,298.9288182
11/09/2021 14:00,300.30942,298.954486
11/09/2021 15:00,299.67767,296.4147322
11/09/2021 16:00,298.7417,298.7532022
11/09/2021 17:00,297.46,296.4775373
11/09/2021 18:00,295.9044,295.9317453
11/09/2021 19:00,294.76038,295.2874342
11/09/2021 20:00,293.33185,294.1631009
11/09/2021 21:00,292.22998,292.1405824
11/09/2021 22:00,291.39594,292.832512
11/09/2021 23:00,290.78207,293.0194711
12/09/2021 0:00,290.1394,289.0152233
12/09/2021 1:00,289.75058,290.6973659
12/09/2021 2:00,289.29654,290.4673512
12/09/2021 3:00,288.94077,288.355535
12/09/2021 4:00,288.6857,288.1276051
12/09/2021 5:00,288.612,289.1641543
12/09/2021 6:00,290.67075,287.4870777
12/09/2021 7:00,294.68878,292.8034146
12/09/2021 8:00,297.6286,293.390176
12/09/2021 9:00,299.53967,298.9793953
12/09/2021 10:00,300.8505,303.0260442
12/09/2021 11:00,301.62177,298.4089867
12/09/2021 12:00,301.75098,301.291149
12/09/2021 13:00,301.80768,299.2425031
12/09/2021 14:00,301.02548,302.2840337
12/09/2021 15:00,300.76346,297.8498663
12/09/2021 16:00,299.85205,299.9389215
12/09/2021 17:00,298.5752,295.4093946
12/09/2021 18:00,297.2504,294.6967024
12/09/2021 19:00,295.66995,293.1814001
12/09/2021 20:00,294.11374,296.0707721
12/09/2021 21:00,292.95334,292.0667299
12/09/2021 22:00,291.92822,293.4450366
12/09/2021 23:00,290.9962,290.936426
13/09/2021 0:00,290.3793,290.7959115
13/09/2021 1:00,289.86642,290.8431667
13/09/2021 2:00,289.38843,288.9541012
13/09/2021 3:00,289.11942,290.3779016
13/09/2021 4:00,288.63626,292.3288939
13/09/2021 5:00,288.33936,287.9298818
13/09/2021 6:00,290.23312,292.428463
13/09/2021 7:00,295.0949,295.5285233
13/09/2021 8:00,298.3368,293.9638249
13/09/2021 9:00,300.07648,295.1597381
13/09/2021 10:00,301.1917,299.7965806
13/09/2021 11:00,302.03305,299.0120516
13/09/2021 12:00,302.56985,303.6789207
13/09/2021 13:00,302.68967,300.3605234
13/09/2021 14:00,302.41852,298.8215461
13/09/2021 15:00,301.8735,297.6931919
13/09/2021 16:00,300.85867,300.6295313
13/09/2021 17:00,299.39044,296.7485084
13/09/2021 18:00,297.73447,297.0883561
13/09/2021 19:00,296.39905,297.9310199
13/09/2021 20:00,294.76764,294.6021714
13/09/2021 21:00,293.2921,294.8722763
13/09/2021 22:00,291.84573,294.2450911
13/09/2021 23:00,290.84,294.836771
14/09/2021 0:00,290.07175,294.1527012
14/09/2021 1:00,289.4494,291.9379981
14/09/2021 2:00,289.03723,291.7411471
14/09/2021 3:00,288.72726,290.8211923
14/09/2021 4:00,288.4294,288.840468
14/09/2021 5:00,288.28625,291.6658415
14/09/2021 6:00,290.2962,295.0465104
14/09/2021 7:00,295.20892,292.5514285
14/09/2021 8:00,298.77264,295.3692723
14/09/2021 9:00,300.61182,296.9598582
14/09/2021 10:00,301.73035,301.0192704
14/09/2021 11:00,302.54742,301.2988617
14/09/2021 12:00,302.97174,300.7252956
14/09/2021 13:00,302.9972,299.6261162
14/09/2021 14:00,302.81976,301.4125088
14/09/2021 15:00,301.28268,298.1384157
14/09/2021 16:00,300.13928,300.0713522
14/09/2021 17:00,298.73016,299.7194558
14/09/2021 18:00,297.30136,294.2581215
14/09/2021 19:00,296.92224,292.2892101
14/09/2021 20:00,295.76608,296.7292523
14/09/2021 21:00,293.49927,292.1322266
14/09/2021 22:00,292.21393,294.5433474
14/09/2021 23:00,291.15936,291.6964741
15/09/2021 0:00,290.4336,291.1254902
15/09/2021 1:00,289.93588,291.5121825
15/09/2021 2:00,289.43817,288.392202
15/09/2021 3:00,289.00235,289.4908824
15/09/2021 4:00,288.7051,288.0958963
15/09/2021 5:00,288.62048,286.0972841
15/09/2021 6:00,290.68713,291.1124607
15/09/2021 7:00,295.8789,294.0314086
15/09/2021 8:00,299.05014,297.1784009
15/09/2021 9:00,300.6682,297.5236843
15/09/2021 10:00,301.82437,303.9616357
15/09/2021 11:00,302.6296,303.6657877
15/09/2021 12:00,302.71332,304.4358767
15/09/2021 13:00,302.23593,302.5516357
15/09/2021 14:00,301.56567,300.1108804
15/09/2021 15:00,300.5845,306.3113284
15/09/2021 16:00,299.4623,301.4922019
15/09/2021 17:00,298.264,298.1749804
15/09/2021 18:00,297.10544,298.3497228
15/09/2021 19:00,297.12695,298.3725394
15/09/2021 20:00,296.39633,295.3382053
15/09/2021 21:00,295.28262,297.1193709
15/09/2021 22:00,295.58078,296.5108249
15/09/2021 23:00,294.46042,292.6374534
16/09/2021 0:00,293.6767,293.2434426
16/09/2021 1:00,292.0265,296.2284285
16/09/2021 2:00,292.03043,289.7253927
16/09/2021 3:00,292.04227,293.8776561
16/09/2021 4:00,292.04953,291.4915746
16/09/2021 5:00,291.98767,293.064337
16/09/2021 6:00,292.6995,294.1279243
16/09/2021 7:00,297.49545,296.3631962
16/09/2021 8:00,298.75293,297.7993363
16/09/2021 9:00,299.87692,298.16109
16/09/2021 10:00,300.3704,305.2431625
16/09/2021 11:00,299.21664,304.9804851
16/09/2021 12:00,298.4733,299.3400132
16/09/2021 13:00,298.1991,303.9299572
16/09/2021 14:00,298.24915,299.9785688
16/09/2021 15:00,298.41473,299.9695078
16/09/2021 16:00,298.2452,298.5978287
16/09/2021 17:00,297.16214,296.0675062
16/09/2021 18:00,296.19678,297.4482079
16/09/2021 19:00,294.94113,295.1748686
16/09/2021 20:00,294.40247,293.5116012
16/09/2021 21:00,294.12134,291.6725137
16/09/2021 22:00,293.81863,291.9635489
16/09/2021 23:00,293.6303,290.5070503
17/09/2021 0:00,293.29547,293.1352568
17/09/2021 1:00,293.0495,290.6147486
17/09/2021 2:00,293.0137,292.1207601
17/09/2021 3:00,292.7568,295.0982508
17/09/2021 4:00,292.63336,294.8045367
17/09/2021 5:00,291.9919,292.5641685
17/09/2021 6:00,292.11475,292.6510546
17/09/2021 7:00,294.6427,296.5700773
17/09/2021 8:00,296.0809,294.0126021
17/09/2021 9:00,296.02298,291.8915435
17/09/2021 10:00,295.76123,289.4457478
17/09/2021 11:00,296.41727,292.324245
17/09/2021 12:00,297.1294,293.2938297
17/09/2021 13:00,296.27136,290.4445885
17/09/2021 14:00,296.51703,291.7838249
17/09/2021 15:00,294.92596,290.6364274
17/09/2021 16:00,293.8884,290.7264425
17/09/2021 17:00,292.6916,286.0557358
17/09/2021 18:00,292.36526,289.528858
17/09/2021 19:00,293.9242,291.1881605
17/09/2021 20:00,292.96487,288.3538605
17/09/2021 21:00,293.4365,289.1604043
17/09/2021 22:00,291.33316,287.1034075
17/09/2021 23:00,291.25278,288.726784
18/09/2021 0:00,290.65833,287.3043713
18/09/2021 1:00,290.46725,285.7621663
18/09/2021 2:00,290.22675,289.2967789
18/09/2021 3:00,289.99805,287.4946143
18/09/2021 4:00,290.25433,284.4893905
18/09/2021 5:00,289.1728,286.7107742
18/09/2021 6:00,290.46848,287.7879063
18/09/2021 7:00,291.4211,289.4921847
18/09/2021 8:00,293.09042,286.8814958
18/09/2021 9:00,294.9202,293.7248666
18/09/2021 10:00,296.41788,292.0804243
18/09/2021 11:00,297.38293,293.2028954
18/09/2021 12:00,297.8315,299.1850801
18/09/2021 13:00,298.10297,295.2447453
18/09/2021 14:00,297.81757,293.9375376
18/09/2021 15:00,297.19217,290.5166025
18/09/2021 16:00,296.34448,296.3106113
18/09/2021 17:00,294.95993,290.1524528
18/09/2021 18:00,293.1611,289.0068959
18/09/2021 19:00,292.97882,289.5485497
18/09/2021 20:00,293.70218,291.3718309
18/09/2021 21:00,293.15927,289.236901
18/09/2021 22:00,291.5776,287.2722684
18/09/2021 23:00,290.82907,287.6864684
19/09/2021 0:00,291.9534,285.3409654
19/09/2021 1:00,292.00253,286.3165853
19/09/2021 2:00,291.70773,287.5800727
19/09/2021 3:00,291.5227,288.9073666
19/09/2021 4:00,291.38562,288.5983012
19/09/2021 5:00,291.07596,287.5731899
19/09/2021 6:00,291.06354,286.7817631
19/09/2021 7:00,292.6079,290.4719146
19/09/2021 8:00,294.3285,290.874656
19/09/2021 9:00,295.35815,290.643052
19/09/2021 10:00,296.17706,293.0294642
19/09/2021 11:00,296.70386,294.4410554
19/09/2021 12:00,296.6611,296.474303
19/09/2021 13:00,296.3836,294.9123675
19/09/2021 14:00,296.18646,293.1211323
19/09/2021 15:00,295.98325,295.1931165
19/09/2021 16:00,295.2229,294.4742145
19/09/2021 17:00,294.50986,293.5604618
19/09/2021 18:00,293.62,293.7496519
19/09/2021 19:00,293.06012,294.1949688
19/09/2021 20:00,292.67554,290.5484757
19/09/2021 21:00,291.9082,289.1604054
19/09/2021 22:00,291.5394,287.1246873
19/09/2021 23:00,291.39926,289.3658578
20/09/2021 0:00,291.45084,289.9240757
20/09/2021 1:00,291.3568,285.9310296
20/09/2021 2:00,291.66132,285.4094607
20/09/2021 3:00,290.55096,287.922109
20/09/2021 4:00,290.14575,285.8442652
20/09/2021 5:00,289.58466,285.4915184
20/09/2021 6:00,290.02686,282.4808832
20/09/2021 7:00,291.91638,285.2851423
20/09/2021 8:00,292.56635,282.308083
20/09/2021 9:00,293.13107,281.9889442
20/09/2021 10:00,293.80045,284.0757005
20/09/2021 11:00,293.85837,284.3283779
20/09/2021 12:00,293.68854,285.4912105
20/09/2021 13:00,293.61603,284.0148576
20/09/2021 14:00,293.0143,288.8377589
20/09/2021 15:00,292.56027,289.2929932
20/09/2021 16:00,291.83966,283.7120471
20/09/2021 17:00,290.83453,288.7734626
20/09/2021 18:00,290.0035,285.4486117
20/09/2021 19:00,289.62863,286.7506516
20/09/2021 20:00,289.22223,284.6884775
20/09/2021 21:00,288.70724,284.5884766
20/09/2021 22:00,288.02878,283.4685517
20/09/2021 23:00,287.71396,285.1006893
21/09/2021 0:00,287.4325,280.1448313
21/09/2021 1:00,286.95724,283.5841966
21/09/2021 2:00,286.57327,284.311731
21/09/2021 3:00,286.2891,283.6159036
21/09/2021 4:00,286.08374,286.7203406
21/09/2021 5:00,286.01672,281.6982995
21/09/2021 6:00,286.58298,285.2969661
21/09/2021 7:00,287.9008,284.3315891
21/09/2021 8:00,289.67322,288.2724958
21/09/2021 9:00,290.53247,287.846372
21/09/2021 10:00,291.9458,288.5783705
21/09/2021 11:00,293.04404,292.0866482
21/09/2021 12:00,293.7031,289.0432476
21/09/2021 13:00,294.09586,287.2233418
21/09/2021 14:00,294.07645,288.9862268
21/09/2021 15:00,293.3916,290.7481035
21/09/2021 16:00,292.29095,291.6486688
21/09/2021 17:00,290.7114,287.9156046
21/09/2021 18:00,289.32202,289.0567498
21/09/2021 19:00,288.0033,282.3179095
21/09/2021 20:00,287.14832,282.7057273
21/09/2021 21:00,286.49017,282.8575292
21/09/2021 22:00,285.9515,282.984277
21/09/2021 23:00,285.55328,283.5328475
22/09/2021 0:00,285.2306,284.4568069
22/09/2021 1:00,284.84662,282.1292679
22/09/2021 2:00,284.4396,282.8535759
22/09/2021 3:00,284.08746,282.4437369
22/09/2021 4:00,283.73172,281.1191754
22/09/2021 5:00,283.2528,282.9275116
22/09/2021 6:00,284.14752,283.9404343
22/09/2021 7:00,286.5648,285.440742
22/09/2021 8:00,288.5074,287.481973
22/09/2021 9:00,289.73602,288.2024205
22/09/2021 10:00,290.90186,286.8434561
22/09/2021 11:00,291.67557,289.5177087
22/09/2021 12:00,292.31824,285.4330719
22/09/2021 13:00,292.5521,286.5182481
22/09/2021 14:00,292.4326,293.0025354
22/09/2021 15:00,291.76868,286.5990653
22/09/2021 16:00,290.62042,285.7852855
22/09/2021 17:00,289.3023,288.8685962
22/09/2021 18:00,288.26382,283.5056523
22/09/2021 19:00,287.6733,285.8379388
22/09/2021 20:00,286.96756,289.9466892
22/09/2021 21:00,286.48532,283.3203587
22/09/2021 22:00,286.11984,282.134513
22/09/2021 23:00,285.93634,282.3698334
23/09/2021 0:00,285.9036,286.1313282
23/09/2021 1:00,285.72495,285.8181987
23/09/2021 2:00,285.46896,281.9664549
23/09/2021 3:00,285.18478,283.251522
23/09/2021 4:00,284.81964,284.1496832
23/09/2021 5:00,284.41412,284.2494399
23/09/2021 6:00,284.99857,282.0359949
23/09/2021 7:00,286.69763,280.9120477
23/09/2021 8:00,288.28748,285.1286899
23/09/2021 9:00,289.87036,287.0559026
23/09/2021 10:00,291.28067,288.8257536
23/09/2021 11:00,292.378,289.1856796
23/09/2021 12:00,293.199,291.8120879
23/09/2021 13:00,293.69855,292.4288305
23/09/2021 14:00,293.87323,289.9995993
23/09/2021 15:00,293.6224,292.2652707
23/09/2021 16:00,292.85022,290.1647489
23/09/2021 17:00,291.1451,288.2031781
23/09/2021 18:00,289.47153,288.4670559
23/09/2021 19:00,288.1877,286.2080774
23/09/2021 20:00,288.2523,288.8059348
23/09/2021 21:00,288.0497,281.8510202
23/09/2021 22:00,285.8229,282.9447317
23/09/2021 23:00,284.95276,283.204529
24/09/2021 0:00,284.66525,283.9703285
24/09/2021 1:00,284.2734,285.1839299
24/09/2021 2:00,284.27066,282.8366925
24/09/2021 3:00,284.24973,280.6500124
24/09/2021 4:00,284.23093,285.2770622
24/09/2021 5:00,284.05774,285.4106718
24/09/2021 6:00,285.1117,281.9628409
24/09/2021 7:00,288.40366,287.7264677
24/09/2021 8:00,290.17853,287.2193983
24/09/2021 9:00,291.5121,290.7566743
24/09/2021 10:00,292.61185,291.9164942
24/09/2021 11:00,293.55447,296.2340848
24/09/2021 12:00,294.1808,295.8826036
24/09/2021 13:00,294.4419,293.895876
24/09/2021 14:00,294.26538,297.7834171
24/09/2021 15:00,293.57236,293.2347947
24/09/2021 16:00,292.4529,295.079692
24/09/2021 17:00,291.15784,291.3931311
24/09/2021 18:00,290.1582,290.8384432
24/09/2021 19:00,289.9371,291.2702306
24/09/2021 20:00,289.44302,290.6173727
24/09/2021 21:00,287.68817,292.5617501
24/09/2021 22:00,286.46408,289.5454697
24/09/2021 23:00,285.65067,289.7524503
25/09/2021 0:00,285.11017,287.9093863
25/09/2021 1:00,284.7602,287.278782
25/09/2021 2:00,284.39594,286.9955077
25/09/2021 3:00,284.08292,285.8517
25/09/2021 4:00,283.82755,282.5186229
25/09/2021 5:00,283.60098,285.8472408
25/09/2021 6:00,284.89304,287.2776966
25/09/2021 7:00,289.349,288.4298721
25/09/2021 8:00,292.52875,289.665113
25/09/2021 9:00,294.3188,296.1329255
25/09/2021 10:00,295.56894,295.6260958
25/09/2021 11:00,296.43878,295.3681312
25/09/2021 12:00,297.00626,294.4772666
25/09/2021 13:00,297.17093,295.4546987
25/09/2021 14:00,296.844,299.260248
25/09/2021 15:00,296.05997,296.7863999
25/09/2021 16:00,294.88715,294.394378
25/09/2021 17:00,293.1353,294.4864284
25/09/2021 18:00,292.81534,290.1256132
25/09/2021 19:00,290.72354,292.4515964
25/09/2021 20:00,289.31412,291.3034409
25/09/2021 21:00,288.4,286.698631
25/09/2021 22:00,287.79523,285.6955103
25/09/2021 23:00,287.42493,281.6390636
26/09/2021 0:00,287.10675,283.4601641
26/09/2021 1:00,286.94724,283.5821911
26/09/2021 2:00,286.88748,286.0213029
26/09/2021 3:00,286.73917,285.2683752
26/09/2021 4:00,286.53293,283.4162895
26/09/2021 5:00,286.5102,285.2772138
26/09/2021 6:00,287.7655,288.7967734
26/09/2021 7:00,292.56906,292.2993148
26/09/2021 8:00,295.30295,290.8945053
26/09/2021 9:00,296.70328,296.0270323
26/09/2021 10:00,297.6717,295.2823001
26/09/2021 11:00,298.4372,300.3086684
26/09/2021 12:00,298.71136,300.7431799
26/09/2021 13:00,298.715,298.0052017
26/09/2021 14:00,298.41748,298.1257998
26/09/2021 15:00,297.57614,298.115001
26/09/2021 16:00,296.47488,293.7869317
26/09/2021 17:00,295.03818,296.5319835
26/09/2021 18:00,293.67154,293.6880009
26/09/2021 19:00,292.22543,294.5172308
26/09/2021 20:00,291.4375,289.7557236
26/09/2021 21:00,290.95312,290.0620568
26/09/2021 22:00,291.14755,287.8447477
26/09/2021 23:00,291.44537,288.3237042
27/09/2021 0:00,290.26373,287.936132
27/09/2021 1:00,289.6156,291.7153333
27/09/2021 2:00,289.28137,288.9907152
27/09/2021 3:00,288.76306,290.3534118
27/09/2021 4:00,288.66327,289.527945
27/09/2021 5:00,288.47946,287.9353292
27/09/2021 6:00,289.6899,290.3334367
27/09/2021 7:00,293.14987,293.7196284
27/09/2021 8:00,295.64114,292.1017071
27/09/2021 9:00,296.699,297.3080752
27/09/2021 10:00,297.27618,295.0543954
27/09/2021 11:00,297.77997,296.1374035
27/09/2021 12:00,298.19424,298.4216625
27/09/2021 13:00,298.19122,296.0373408
27/09/2021 14:00,297.74054,296.9962954
27/09/2021 15:00,297.31955,295.1659238
27/09/2021 16:00,296.38086,294.3756282
27/09/2021 17:00,294.96356,288.5228181
27/09/2021 18:00,294.40308,288.4192748
27/09/2021 19:00,293.46985,291.8766014
27/09/2021 20:00,291.9716,291.943297
27/09/2021 21:00,290.9431,287.6409361
27/09/2021 22:00,290.04385,288.0380497
27/09/2021 23:00,289.35205,288.5386267
28/09/2021 0:00,288.9905,288.6837112
28/09/2021 1:00,288.84433,283.3626928
28/09/2021 2:00,288.79367,285.0585786
28/09/2021 3:00,288.56165,286.1698016
28/09/2021 4:00,288.56802,288.1869739
28/09/2021 5:00,288.7858,291.6093641
28/09/2021 6:00,289.46002,287.8192298
28/09/2021 7:00,291.95642,286.955955
28/09/2021 8:00,294.84924,291.3128258
28/09/2021 9:00,296.53555,293.7412175
28/09/2021 10:00,297.73325,292.3646051
28/09/2021 11:00,298.54123,291.5828388
28/09/2021 12:00,298.89124,295.8177392
28/09/2021 13:00,298.779,295.5750735
28/09/2021 14:00,298.3192,292.8620065
28/09/2021 15:00,297.26892,295.3475005
28/09/2021 16:00,296.04025,295.6102464
28/09/2021 17:00,294.57263,294.8856048
28/09/2021 18:00,293.43378,291.5392231
28/09/2021 19:00,292.60245,289.252209
28/09/2021 20:00,291.82025,291.562961
28/09/2021 21:00,291.06564,286.7515051
28/09/2021 22:00,290.23676,289.2897982
28/09/2021 23:00,289.48276,286.0488227
29/09/2021 0:00,288.81613,290.9804629
29/09/2021 1:00,288.2893,288.7066092
29/09/2021 2:00,287.86682,291.0922352
29/09/2021 3:00,287.4692,289.3525576
29/09/2021 4:00,287.2111,286.0210441
29/09/2021 5:00,287.07068,289.6220942
29/09/2021 6:00,287.99176,290.5561303
29/09/2021 7:00,290.4333,291.4612585
29/09/2021 8:00,293.57874,290.0321515
29/09/2021 9:00,295.70453,292.2098452
29/09/2021 10:00,296.69446,294.1663333
29/09/2021 11:00,297.22736,293.137714
29/09/2021 12:00,297.51547,297.7610552
29/09/2021 13:00,297.34686,295.1320795
29/09/2021 14:00,297.08722,289.5263272
29/09/2021 15:00,296.61957,293.8548866
29/09/2021 16:00,295.65628,291.9407706
29/09/2021 17:00,294.15225,291.4321054
29/09/2021 18:00,293.97574,290.3377306
29/09/2021 19:00,292.74863,291.0949874
29/09/2021 20:00,291.02744,291.1891958
29/09/2021 21:00,289.66232,289.3938694
29/09/2021 22:00,288.79337,287.8726026
29/09/2021 23:00,288.43033,288.1094265
30/09/2021 0:00,288.27322,288.3140593
30/09/2021 1:00,287.94354,286.8185167
30/09/2021 2:00,287.9675,289.2272784
30/09/2021 3:00,288.10187,288.8691751
30/09/2021 4:00,288.19043,290.7460832
30/09/2021 5:00,288.1152,290.1314459
30/09/2021 6:00,289.03357,286.790347
30/09/2021 7:00,291.09204,289.1497596
30/09/2021 8:00,292.2594,286.0341377
30/09/2021 9:00,293.2154,288.9286795
30/09/2021 10:00,293.64,286.8698398
30/09/2021 11:00,294.1165,286.0012655
30/09/2021 12:00,294.2766,288.7338405
30/09/2021 13:00,293.9697,283.6799833
30/09/2021 14:00,293.37918,285.7166684
30/09/2021 15:00,292.4596,288.5662719
30/09/2021 16:00,291.30676,288.5605141
30/09/2021 17:00,290.2155,286.9258792
30/09/2021 18:00,289.5034,284.1094306
30/09/2021 19:00,288.93106,283.961602
30/09/2021 20:00,288.5389,286.8399966
30/09/2021 21:00,288.07428,286.6858326
30/09/2021 22:00,287.62994,284.616564
30/09/2021 23:00,287.26782,286.91462
01/10/2021 0:00,286.99207,286.0226997
01/10/2021 1:00,286.83826,283.7245362
01/10/2021 2:00,286.74017,284.1965089
01/10/2021 3:00,286.37558,281.8340126
01/10/2021 4:00,286.13428,283.1486333
01/10/2021 5:00,285.91226,285.1060286
01/10/2021 6:00,286.48734,285.4713599
01/10/2021 7:00,288.90878,287.6119466
01/10/2021 8:00,290.7355,286.4967787
01/10/2021 9:00,292.3829,291.4378471
01/10/2021 10:00,293.71024,289.965055
01/10/2021 11:00,294.73087,293.3167135
01/10/2021 12:00,295.41833,290.8078543
01/10/2021 13:00,295.74963,292.2391357
01/10/2021 14:00,295.64468,293.5595244
01/10/2021 15:00,295.05655,290.439766
01/10/2021 16:00,293.89798,290.6580905
01/10/2021 17:00,292.31442,291.7861326
01/10/2021 18:00,290.81024,288.6835194
01/10/2021 19:00,289.9649,285.1221562
01/10/2021 20:00,288.47754,290.3935375
01/10/2021 21:00,287.14804,285.2637281
01/10/2021 22:00,286.36996,285.970542
01/10/2021 23:00,285.87552,287.2268718
02/10/2021 0:00,285.48477,283.7507233
02/10/2021 1:00,285.13513,282.7055145
02/10/2021 2:00,284.8247,284.6253837
02/10/2021 3:00,284.5834,280.3872894
02/10/2021 4:00,284.33524,282.5784167
02/10/2021 5:00,284.1014,283.1040136
02/10/2021 6:00,284.96948,282.6162654
02/10/2021 7:00,289.17282,282.3105146
02/10/2021 8:00,291.4996,289.6566659
02/10/2021 9:00,293.00284,288.6643102
02/10/2021 10:00,293.97705,292.364945
02/10/2021 11:00,294.56647,290.5237357
02/10/2021 12:00,294.71497,290.1082087
02/10/2021 13:00,294.94196,292.5620961
02/10/2021 14:00,294.82614,291.8129779
02/10/2021 15:00,294.2277,289.7923434
02/10/2021 16:00,293.03894,293.5496971
02/10/2021 17:00,291.5983,288.3382204
02/10/2021 18:00,291.08423,284.9472272
02/10/2021 19:00,290.74237,289.4538947
02/10/2021 20:00,288.37854,284.935621
02/10/2021 21:00,287.66833,283.6031826
02/10/2021 22:00,286.91266,280.587777
02/10/2021 23:00,286.31982,286.1744011
03/10/2021 0:00,285.9901,280.312972
03/10/2021 1:00,285.9098,282.4480778
03/10/2021 2:00,285.70056,283.8091711
03/10/2021 3:00,285.4172,282.7584476
03/10/2021 4:00,285.13544,281.7339836
03/10/2021 5:00,284.9103,278.7458131
03/10/2021 6:00,286.0122,281.7755084
03/10/2021 7:00,289.61557,286.1727056
03/10/2021 8:00,292.35645,287.155766
03/10/2021 9:00,293.95184,291.593263
03/10/2021 10:00,295.04877,294.7345346
03/10/2021 11:00,295.74683,296.8426926
03/10/2021 12:00,295.96353,293.9674516
03/10/2021 13:00,295.8063,300.5451967
03/10/2021 14:00,295.26514,297.9931058
03/10/2021 15:00,294.43817,295.8901574
03/10/2021 16:00,293.34158,296.1231274
03/10/2021 17:00,292.06876,296.5724688
03/10/2021 18:00,291.04938,288.6609918
03/10/2021 19:00,290.22488,290.0032588
03/10/2021 20:00,289.47733,284.8062338
03/10/2021 21:00,288.9748,288.2840065
03/10/2021 22:00,288.58435,287.4056748
03/10/2021 23:00,288.27298,285.6947372
04/10/2021 0:00,288.10486,283.8640529
04/10/2021 1:00,288.19702,280.9365717
04/10/2021 2:00,288.23157,284.9471423
04/10/2021 3:00,287.96008,286.7748362
04/10/2021 4:00,287.86447,282.9667422
04/10/2021 5:00,287.7577,284.3115064
04/10/2021 6:00,288.46634,282.0342638
04/10/2021 7:00,291.63815,290.0887532
04/10/2021 8:00,294.2816,291.7234464
04/10/2021 9:00,295.65,293.5130081
04/10/2021 10:00,296.50778,295.1843845
04/10/2021 11:00,297.02338,296.8854194
04/10/2021 12:00,297.14078,298.8600191
04/10/2021 13:00,296.96143,296.1118303
04/10/2021 14:00,296.4975,297.6743903
04/10/2021 15:00,295.66617,297.6404876
04/10/2021 16:00,294.5263,294.3571554
04/10/2021 17:00,293.12302,297.3233607
04/10/2021 18:00,292.03763,290.9489755
04/10/2021 19:00,291.14215,290.0092895
04/10/2021 20:00,290.4229,288.3878334
04/10/2021 21:00,289.98795,292.4534422
04/10/2021 22:00,289.81516,289.4903068
04/10/2021 23:00,289.789,286.1346092
05/10/2021 0:00,290.0804,288.864531
05/10/2021 1:00,290.02655,286.4302802
05/10/2021 2:00,290.02188,285.8535248
05/10/2021 3:00,290.0381,284.280653
05/10/2021 4:00,290.15826,283.2558166
05/10/2021 5:00,290.33542,285.2162048
05/10/2021 6:00,290.9021,285.2911102
05/10/2021 7:00,292.2923,292.8887112
05/10/2021 8:00,293.35248,290.0439083
05/10/2021 9:00,294.46994,297.2974183
05/10/2021 10:00,295.1462,295.970259
05/10/2021 11:00,295.36853,297.2058072
05/10/2021 12:00,295.79166,298.346225
05/10/2021 13:00,295.52948,295.8189275
05/10/2021 14:00,294.99863,298.4156009
05/10/2021 15:00,294.17197,291.1022497
05/10/2021 16:00,293.2055,293.4631386
05/10/2021 17:00,292.32718,291.8408685
05/10/2021 18:00,291.41895,290.5139768
05/10/2021 19:00,290.52036,292.4785052
05/10/2021 20:00,290.17633,292.7215062
05/10/2021 21:00,290.05365,292.7635215
05/10/2021 22:00,289.59344,291.3534262
05/10/2021 23:00,289.4275,289.2476541
06/10/2021 0:00,289.09933,290.5857642
06/10/2021 1:00,289.13608,289.5639571
06/10/2021 2:00,288.36734,290.4151597
06/10/2021 3:00,288.1005,289.4578926
06/10/2021 4:00,288.12915,287.7300956
06/10/2021 5:00,288.43768,285.6570059
06/10/2021 6:00,288.95734,286.1223835
06/10/2021 7:00,289.8874,286.7363739
06/10/2021 8:00,290.75388,287.9302723
06/10/2021 9:00,291.92148,290.0306295
06/10/2021 10:00,293.1305,292.3186345
06/10/2021 11:00,293.80862,291.7267343
06/10/2021 12:00,292.90787,292.2018415
06/10/2021 13:00,291.2032,292.1604087
06/10/2021 14:00,290.00693,290.6113981
06/10/2021 15:00,289.89017,289.0090087
06/10/2021 16:00,289.71426,286.6037377
06/10/2021 17:00,289.4188,287.5392099
06/10/2021 18:00,289.07504,288.5486932
06/10/2021 19:00,288.28607,284.7957322
06/10/2021 20:00,288.027,285.2973125
06/10/2021 21:00,287.79724,286.3040555
06/10/2021 22:00,287.75583,286.0808739
06/10/2021 23:00,288.0401,282.9093892
07/10/2021 0:00,288.1905,286.3229404
07/10/2021 1:00,288.0765,286.3688464
07/10/2021 2:00,287.85016,282.2913165
07/10/2021 3:00,287.31027,282.7777096
07/10/2021 4:00,286.86255,286.279836
07/10/2021 5:00,286.57578,283.847435
07/10/2021 6:00,286.46463,280.2135941
07/10/2021 7:00,286.32608,281.7148453
07/10/2021 8:00,286.56738,283.8407289
07/10/2021 9:00,286.6035,282.5007193
07/10/2021 10:00,287.00732,284.1018328
07/10/2021 11:00,286.5191,285.5530733
07/10/2021 12:00,286.33167,288.5578019
07/10/2021 13:00,286.3544,285.6776843
07/10/2021 14:00,286.7349,288.0151617
07/10/2021 15:00,286.74142,288.5764493
07/10/2021 16:00,286.4699,288.5257597
07/10/2021 17:00,286.34662,286.2958394
07/10/2021 18:00,286.13956,281.9681318
07/10/2021 19:00,286.16168,285.4895641
07/10/2021 20:00,285.91104,286.4402098
07/10/2021 21:00,285.51935,284.3577059
07/10/2021 22:00,284.924,287.5163764
07/10/2021 23:00,284.3038,285.7363046
08/10/2021 0:00,284.14624,285.0917552
08/10/2021 1:00,283.98373,285.9646758
08/10/2021 2:00,284.1089,284.5081315
08/10/2021 3:00,284.18484,279.3429314
08/10/2021 4:00,284.16214,282.7430884
08/10/2021 5:00,284.0242,285.2275132
08/10/2021 6:00,284.249,281.4799754
08/10/2021 7:00,285.23444,283.0279863
08/10/2021 8:00,286.17163,281.8910555
08/10/2021 9:00,287.21936,287.1867626
08/10/2021 10:00,288.25992,287.2489491
08/10/2021 11:00,288.8378,283.1595527
08/10/2021 12:00,288.80945,285.566454
08/10/2021 13:00,288.3088,284.0227431
08/10/2021 14:00,287.61417,286.2986267
08/10/2021 15:00,286.7601,285.8647675
08/10/2021 16:00,285.89297,286.0742574
08/10/2021 17:00,285.2307,284.8542052
08/10/2021 18:00,284.64722,289.293786
08/10/2021 19:00,284.7319,282.3317353
08/10/2021 20:00,284.60083,281.074029
08/10/2021 21:00,284.3642,283.3049849
08/10/2021 22:00,284.20633,281.0536408
08/10/2021 23:00,283.90463,281.0774795
09/10/2021 0:00,283.57553,281.6712165
09/10/2021 1:00,283.432,281.6296847
09/10/2021 2:00,283.0948,281.2373129
09/10/2021 3:00,282.9771,283.6897986
09/10/2021 4:00,282.7987,281.7380844
09/10/2021 5:00,282.46585,282.0757616
09/10/2021 6:00,282.4917,283.9159032
09/10/2021 7:00,283.2508,281.1272375
09/10/2021 8:00,284.21692,282.839971
09/10/2021 9:00,285.20767,284.483784
09/10/2021 10:00,285.74164,280.6584572
09/10/2021 11:00,285.6588,280.1032227
09/10/2021 12:00,285.47482,285.4843883
09/10/2021 13:00,284.69174,286.1114253
09/10/2021 14:00,284.2462,288.5713907
09/10/2021 15:00,283.4921,284.7026184
09/10/2021 16:00,282.7819,285.294458
09/10/2021 17:00,282.17007,282.9113961
09/10/2021 18:00,281.84094,283.3704083
09/10/2021 19:00,281.3135,284.8743609
09/10/2021 20:00,281.2254,277.9124727
09/10/2021 21:00,281.17404,282.2156689
09/10/2021 22:00,281.12982,285.1204664
09/10/2021 23:00,281.07004,281.7620107
10/10/2021 0:00,280.87573,284.092547
10/10/2021 1:00,280.872,279.9640784
10/10/2021 2:00,280.92245,280.9354857
10/10/2021 3:00,280.98782,281.0107663
10/10/2021 4:00,280.96698,276.9694458
10/10/2021 5:00,280.85083,278.8078644
10/10/2021 6:00,280.83652,279.0794167
10/10/2021 7:00,282.0312,282.6682673
10/10/2021 8:00,282.6561,282.9178518
10/10/2021 9:00,283.02286,282.3829047
10/10/2021 10:00,283.48026,283.0758226
10/10/2021 11:00,283.4896,281.2196848
10/10/2021 12:00,283.16516,283.5106887
10/10/2021 13:00,282.17474,281.4313395
10/10/2021 14:00,281.4278,281.2774087
10/10/2021 15:00,280.70978,280.5807231
10/10/2021 16:00,280.2104,282.1710196
10/10/2021 17:00,279.90213,280.1120721
10/10/2021 18:00,279.90524,282.6033457
10/10/2021 19:00,279.98807,279.0074653
10/10/2021 20:00,279.97125,279.0866236
10/10/2021 21:00,280.05283,282.2461825
10/10/2021 22:00,279.8707,280.854634
10/10/2021 23:00,280.0768,280.2416427
11/10/2021 0:00,280.25583,282.7213325
11/10/2021 1:00,280.28885,280.172311
11/10/2021 2:00,280.16086,280.9725828
11/10/2021 3:00,280.08896,283.8440696
11/10/2021 4:00,280.04132,284.0819577
11/10/2021 5:00,279.9834,284.1466068
11/10/2021 6:00,280.0323,280.9224467
11/10/2021 7:00,280.85083,283.9664477
11/10/2021 8:00,281.63516,280.3042087
11/10/2021 9:00,283.45004,280.6206274
11/10/2021 10:00,284.60114,278.2421409
11/10/2021 11:00,285.29828,285.8095411
11/10/2021 12:00,285.96738,281.7700358
11/10/2021 13:00,286.06018,283.6137247
11/10/2021 14:00,285.59436,282.3603743
11/10/2021 15:00,284.62292,284.8827783
11/10/2021 16:00,283.6845,282.5213503
11/10/2021 17:00,283.10226,280.34182
11/10/2021 18:00,282.7361,283.2015211
11/10/2021 19:00,282.62653,279.9941592
11/10/2021 20:00,282.46957,280.9184848
11/10/2021 21:00,282.20306,278.6464718
11/10/2021 22:00,282.17847,279.6176444
11/10/2021 23:00,282.05673,282.0233693
12/10/2021 0:00,282.13208,277.7769885
12/10/2021 1:00,282.40918,278.2411463
12/10/2021 2:00,282.37308,280.4754752
12/10/2021 3:00,282.41727,279.2322678
12/10/2021 4:00,282.35034,283.839165
12/10/2021 5:00,282.03058,283.2983664
12/10/2021 6:00,282.1436,278.9701376
12/10/2021 7:00,283.58548,283.4390193
12/10/2021 8:00,285.10587,285.4503965
12/10/2021 9:00,286.26566,284.417475
12/10/2021 10:00,287.25546,283.6208638
12/10/2021 11:00,287.62567,286.9318403
12/10/2021 12:00,287.71472,286.7623189
12/10/2021 13:00,287.57462,286.200718
12/10/2021 14:00,287.23584,287.4663524
12/10/2021 15:00,286.61282,284.9156249
12/10/2021 16:00,285.6607,283.2889744
12/10/2021 17:00,284.81226,284.2445523
12/10/2021 18:00,284.19263,283.7592269
12/10/2021 19:00,283.46686,279.5951552
12/10/2021 20:00,283.1854,282.6031108
12/10/2021 21:00,282.80927,277.294096
12/10/2021 22:00,281.9879,279.3074486
12/10/2021 23:00,281.22385,279.3883348
13/10/2021 0:00,280.63818,278.5245729
13/10/2021 1:00,280.12912,278.5167177
13/10/2021 2:00,279.70163,282.7137972
13/10/2021 3:00,279.28223,277.8576607
13/10/2021 4:00,278.8924,284.0154186
13/10/2021 5:00,278.61716,280.73842
13/10/2021 6:00,278.87994,280.8369979
13/10/2021 7:00,281.3409,281.8993466
13/10/2021 8:00,283.7449,286.0625818
13/10/2021 9:00,285.80112,279.5904724
13/10/2021 10:00,287.00296,279.1041582
13/10/2021 11:00,287.25204,280.8277125
13/10/2021 12:00,286.738,283.3583841
13/10/2021 13:00,285.92285,281.0190563
13/10/2021 14:00,285.1644,284.2935021
13/10/2021 15:00,284.1506,287.1261062
13/10/2021 16:00,282.87497,283.2315181
13/10/2021 17:00,281.83316,281.3453833
13/10/2021 18:00,281.26306,279.8166652
13/10/2021 19:00,281.00122,281.9489883
13/10/2021 20:00,280.70822,278.4249268
13/10/2021 21:00,280.47192,282.7324028
13/10/2021 22:00,280.3019,282.4469436
13/10/2021 23:00,280.14127,279.0655327
14/10/2021 0:00,279.98712,278.1895207
14/10/2021 1:00,279.7318,279.6683212
14/10/2021 2:00,279.5637,279.3714873
14/10/2021 3:00,279.40646,275.4553847
14/10/2021 4:00,279.2075,275.3579646
14/10/2021 5:00,278.97894,273.5560633
14/10/2021 6:00,279.09415,276.9996503
14/10/2021 7:00,280.32745,280.3913345
14/10/2021 8:00,281.68713,278.567842
14/10/2021 9:00,282.87872,281.6649219
14/10/2021 10:00,283.83926,281.0702643
14/10/2021 11:00,284.4442,282.5803803
14/10/2021 12:00,284.79013,285.6302553
14/10/2021 13:00,284.82346,283.4130393
14/10/2021 14:00,284.60736,283.8966339
14/10/2021 15:00,283.96753,281.3511417
14/10/2021 16:00,282.86316,283.7565576
14/10/2021 17:00,281.77496,282.5194949
14/10/2021 18:00,281.12265,280.2862673
14/10/2021 19:00,280.8608,279.5840596
14/10/2021 20:00,280.53482,278.9275634
14/10/2021 21:00,280.28665,276.393639
14/10/2021 22:00,280.03665,274.932304
14/10/2021 23:00,279.76077,281.4593246
15/10/2021 0:00,279.4874,276.8601909
15/10/2021 1:00,278.8896,276.8988708
15/10/2021 2:00,278.63583,278.7953405
15/10/2021 3:00,278.5088,283.267793
15/10/2021 4:00,278.39236,274.3553066
15/10/2021 5:00,278.3108,276.7981033
15/10/2021 6:00,278.6268,274.6577947
15/10/2021 7:00,279.84048,276.3366172
15/10/2021 8:00,281.39105,277.0025637
15/10/2021 9:00,282.95407,277.4891424
15/10/2021 10:00,284.14343,280.7909078
15/10/2021 11:00,284.87857,279.8119277
15/10/2021 12:00,285.52368,285.1455834
15/10/2021 13:00,285.68872,284.2969102
15/10/2021 14:00,285.35556,284.9845921
15/10/2021 15:00,284.58496,282.8875152
15/10/2021 16:00,283.4541,282.113313
15/10/2021 17:00,282.44376,282.3174259
15/10/2021 18:00,281.7961,278.8933101
15/10/2021 19:00,281.56137,280.952567
15/10/2021 20:00,281.21857,280.141426
15/10/2021 21:00,281.11237,280.1130004
15/10/2021 22:00,281.0093,277.3845571
15/10/2021 23:00,280.8583,283.2336547
16/10/2021 0:00,280.86237,279.3122737
16/10/2021 1:00,281.01617,282.1410925
16/10/2021 2:00,281.0417,281.4283864
16/10/2021 3:00,281.08716,276.8409505
16/10/2021 4:00,281.15628,277.3736401
16/10/2021 5:00,281.26837,283.8411228
16/10/2021 6:00,281.64948,282.8282635
16/10/2021 7:00,283.00482,280.7006546
16/10/2021 8:00,284.52518,283.2525873
16/10/2021 9:00,285.79645,283.3097176
16/10/2021 10:00,286.77628,286.6680561
16/10/2021 11:00,287.74243,285.8140721
16/10/2021 12:00,288.254,284.1384521
16/10/2021 13:00,288.40063,285.7053885
16/10/2021 14:00,288.372,288.0179696
16/10/2021 15:00,287.88348,285.4415157
16/10/2021 16:00,286.82703,286.5181225
16/10/2021 17:00,285.61896,283.4647267
16/10/2021 18:00,284.5591,282.1955218
16/10/2021 19:00,284.11728,284.5130284
16/10/2021 20:00,283.28876,283.142738
16/10/2021 21:00,282.6729,281.5275257
16/10/2021 22:00,282.3659,282.1100911
16/10/2021 23:00,281.7189,280.6616403
17/10/2021 0:00,281.28644,281.8399898
17/10/2021 1:00,281.0193,278.4710098
17/10/2021 2:00,280.59958,278.6588179
17/10/2021 3:00,280.22345,277.4699511
17/10/2021 4:00,279.8137,278.7642592
17/10/2021 5:00,279.45657,280.8495166
17/10/2021 6:00,279.5291,281.4292076
17/10/2021 7:00,283.41956,281.8359417
17/10/2021 8:00,286.10562,279.4769094
17/10/2021 9:00,288.13037,286.7103828
17/10/2021 10:00,289.61557,283.1839594
17/10/2021 11:00,290.62,289.1464583
17/10/2021 12:00,291.07925,287.4413325
17/10/2021 13:00,291.319,289.4969666
17/10/2021 14:00,291.23773,285.7010042
17/10/2021 15:00,290.65643,289.5470525
17/10/2021 16:00,289.06104,283.2749098
17/10/2021 17:00,287.59982,284.0228125
17/10/2021 18:00,286.21335,283.247152
17/10/2021 19:00,284.13443,281.0088244
17/10/2021 20:00,282.70435,283.4635064
17/10/2021 21:00,281.73572,285.5445582
17/10/2021 22:00,281.1239,286.3012268
17/10/2021 23:00,280.69702,281.3187815
18/10/2021 0:00,280.40216,282.8037093
18/10/2021 1:00,280.19138,280.975718
18/10/2021 2:00,280.0323,281.2310377
18/10/2021 3:00,279.91925,279.5364261
18/10/2021 4:00,279.85233,279.8057915
18/10/2021 5:00,279.7343,280.1968247
18/10/2021 6:00,279.95724,278.747034
18/10/2021 7:00,282.90298,279.6377476
18/10/2021 8:00,286.57578,283.1213865
18/10/2021 9:00,289.0872,286.9269459
18/10/2021 10:00,290.45,285.2146629
18/10/2021 11:00,291.21967,287.8453426
18/10/2021 12:00,291.57837,291.6314497
18/10/2021 13:00,291.67767,290.3539068
18/10/2021 14:00,291.50986,290.6073928
18/10/2021 15:00,290.71902,287.4417165
18/10/2021 16:00,289.02118,286.5466407
18/10/2021 17:00,287.10165,286.5596992
18/10/2021 18:00,285.74164,286.0640736
18/10/2021 19:00,284.8353,279.1795548
18/10/2021 20:00,283.94388,281.0075317
18/10/2021 21:00,283.10382,285.1080433
18/10/2021 22:00,282.42816,281.6648914
18/10/2021 23:00,281.779,280.3848756
19/10/2021 0:00,281.25592,278.8641342
19/10/2021 1:00,280.8552,279.6787454
19/10/2021 2:00,280.2845,277.9986945
19/10/2021 3:00,279.76825,284.0250923
19/10/2021 4:00,279.39618,280.225376
19/10/2021 5:00,279.2483,278.7490678
19/10/2021 6:00,279.36752,280.0329061
19/10/2021 7:00,281.6834,281.7237227
19/10/2021 8:00,285.04855,284.9746715
19/10/2021 9:00,288.169,287.441999
19/10/2021 10:00,290.05768,285.8204691
19/10/2021 11:00,291.0179,287.2653564
19/10/2021 12:00,291.45352,289.6785112
19/10/2021 13:00,291.54846,287.6501544
19/10/2021 14:00,291.18512,288.4793057
19/10/2021 15:00,290.09256,288.4757057
19/10/2021 16:00,288.34552,287.6052535
19/10/2021 17:00,287.9249,281.6926163
19/10/2021 18:00,287.6481,284.9754735
19/10/2021 19:00,285.95618,282.3252198
19/10/2021 20:00,284.3424,283.0171374
19/10/2021 21:00,283.14056,282.2604338
19/10/2021 22:00,282.29086,283.1252292
19/10/2021 23:00,281.9325,282.3286502
20/10/2021 0:00,281.97607,281.8852247
20/10/2021 1:00,282.1607,281.9835648
20/10/2021 2:00,282.01468,280.0843677
20/10/2021 3:00,281.4259,278.9624885
20/10/2021 4:00,281.02957,279.8313203
20/10/2021 5:00,280.70947,279.7276437
20/10/2021 6:00,280.71353,278.3302574
20/10/2021 7:00,283.09293,282.1563616
20/10/2021 8:00,287.82495,284.6182738
20/10/2021 9:00,289.63144,286.1333491
20/10/2021 10:00,290.46744,292.1178378
20/10/2021 11:00,290.81897,291.3582787
20/10/2021 12:00,290.83484,295.7401572
20/10/2021 13:00,290.59882,289.5768212
20/10/2021 14:00,290.09537,291.1763177
20/10/2021 15:00,289.2572,290.9528039
20/10/2021 16:00,287.93423,290.7687914
20/10/2021 17:00,286.65298,288.1148781
20/10/2021 18:00,285.59872,287.2409391
20/10/2021 19:00,285.00497,284.7199668
20/10/2021 20:00,284.4193,284.295489
20/10/2021 21:00,284.0494,286.7148758
20/10/2021 22:00,283.8629,283.7648419
20/10/2021 23:00,283.7446,285.256997
21/10/2021 0:00,283.11536,286.9964283
21/10/2021 1:00,283.52945,284.3928144
21/10/2021 2:00,284.05066,289.1040268
21/10/2021 3:00,284.23312,288.581687
21/10/2021 4:00,284.6681,283.6633095
21/10/2021 5:00,285.30667,284.812171
21/10/2021 6:00,285.74072,282.6826754
21/10/2021 7:00,286.72742,286.3676003
21/10/2021 8:00,287.80347,290.1790395
21/10/2021 9:00,288.90567,289.0653365
21/10/2021 10:00,289.30826,291.5416351
21/10/2021 11:00,289.51498,288.5850866
21/10/2021 12:00,289.95868,293.1654861
21/10/2021 13:00,289.94653,291.0014411
21/10/2021 14:00,289.4717,291.6626812
21/10/2021 15:00,288.78394,290.7561678
21/10/2021 16:00,288.01767,287.9962314
21/10/2021 17:00,287.54596,287.4240353
21/10/2021 18:00,287.26544,290.6206052
21/10/2021 19:00,287.51016,289.7559711
21/10/2021 20:00,287.04874,290.863017
21/10/2021 21:00,286.8065,289.3785184
21/10/2021 22:00,286.9192,288.1099084
21/10/2021 23:00,286.87592,283.6799812
22/10/2021 0:00,286.94534,286.9804991
22/10/2021 1:00,287.03192,286.0848428
22/10/2021 2:00,286.90488,289.3274253
22/10/2021 3:00,286.98178,286.801988
22/10/2021 4:00,286.903,288.2239486
22/10/2021 5:00,286.89304,286.4347294
22/10/2021 6:00,287.1132,283.9748068
22/10/2021 7:00,288.1139,285.2326455
22/10/2021 8:00,289.66913,286.034437
22/10/2021 9:00,290.39304,284.9286689
22/10/2021 10:00,290.24326,286.4709124
22/10/2021 11:00,289.6109,287.7969036
22/10/2021 12:00,289.8083,291.2064252
22/10/2021 13:00,290.05084,284.7035056
22/10/2021 14:00,290.15295,290.3002277
22/10/2021 15:00,289.5975,286.1592685
22/10/2021 16:00,289.00903,284.8661294
22/10/2021 17:00,288.54666,288.9101673
22/10/2021 18:00,287.8785,287.9358991
22/10/2021 19:00,286.9734,286.9383707
22/10/2021 20:00,287.1602,285.064496
22/10/2021 21:00,286.56924,287.1944649
22/10/2021 22:00,286.04337,284.4858748
22/10/2021 23:00,285.3428,282.1899027
23/10/2021 0:00,284.9838,282.6593243
23/10/2021 1:00,284.41837,284.7417077
23/10/2021 2:00,284.01828,281.1672088
23/10/2021 3:00,283.85233,281.6950678
23/10/2021 4:00,284.1145,282.264526
23/10/2021 5:00,284.4402,278.9577255
23/10/2021 6:00,284.40903,282.9384492
23/10/2021 7:00,286.5437,279.9336416
23/10/2021 8:00,288.74033,283.5774803
23/10/2021 9:00,290.0169,285.6832293
23/10/2021 10:00,290.4724,283.8199243
23/10/2021 11:00,290.59103,288.3110207
23/10/2021 12:00,290.52286,282.9173809
23/10/2021 13:00,290.19937,287.9859877
23/10/2021 14:00,289.51437,287.0866683
23/10/2021 15:00,288.84775,282.418211
23/10/2021 16:00,287.7356,289.4858799
23/10/2021 17:00,286.88058,284.6941021
23/10/2021 18:00,285.8142,282.8756659
23/10/2021 19:00,284.9841,280.0123202
23/10/2021 20:00,284.2132,282.535618
23/10/2021 21:00,283.5559,282.4373028
23/10/2021 22:00,282.92044,282.2955958
23/10/2021 23:00,282.3986,281.0018718
24/10/2021 0:00,282.001,281.3166749
24/10/2021 1:00,281.37143,278.536077
24/10/2021 2:00,280.9069,275.5683387
24/10/2021 3:00,280.67117,278.3558833
24/10/2021 4:00,280.5127,273.7517072
24/10/2021 5:00,280.1889,278.4029429
24/10/2021 6:00,280.06714,275.5689021
24/10/2021 7:00,281.90042,279.5454846
24/10/2021 8:00,284.16772,284.2605531
24/10/2021 9:00,285.92596,281.6442211
24/10/2021 10:00,287.38126,286.3856799
24/10/2021 11:00,288.33868,284.5334935
24/10/2021 12:00,288.8633,288.7543508
24/10/2021 13:00,288.92715,285.0428541
24/10/2021 14:00,288.52612,283.884865
24/10/2021 15:00,287.5111,285.7375182
24/10/2021 16:00,285.86652,282.2075532
24/10/2021 17:00,284.26144,280.1945971
24/10/2021 18:00,282.974,279.9050343
24/10/2021 19:00,282.05798,279.7469234
24/10/2021 20:00,281.1018,281.5833297
24/10/2021 21:00,280.24554,275.1353243
24/10/2021 22:00,279.53473,277.9624482
24/10/2021 23:00,278.98206,278.1962739
25/10/2021 0:00,278.5278,276.6434512
25/10/2021 1:00,278.12802,277.9364107
25/10/2021 2:00,277.71265,274.986567
25/10/2021 3:00,277.3347,274.3768912
25/10/2021 4:00,276.995,275.3990149
25/10/2021 5:00,276.73654,274.128922
25/10/2021 6:00,276.79913,273.3605545
25/10/2021 7:00,279.0652,277.9882557
25/10/2021 8:00,282.57452,278.4657223
25/10/2021 9:00,285.7737,280.5637206
25/10/2021 10:00,288.26987,282.3525406
25/10/2021 11:00,289.8083,286.8487178
25/10/2021 12:00,290.32016,279.474466
25/10/2021 13:00,290.1928,286.2706379
25/10/2021 14:00,289.73264,285.5821925
25/10/2021 15:00,288.83997,281.6633949
25/10/2021 16:00,287.61633,283.772235
25/10/2021 17:00,285.04266,282.7411298
25/10/2021 18:00,282.94473,281.4642696
25/10/2021 19:00,280.93335,274.4024052
25/10/2021 20:00,279.942,280.6016712
25/10/2021 21:00,279.0213,276.1112673
25/10/2021 22:00,278.5633,277.9290578
25/10/2021 23:00,278.30112,277.600926
26/10/2021 0:00,278.14328,274.1520627
26/10/2021 1:00,278.04208,276.3977164
26/10/2021 2:00,277.93155,274.2732095
26/10/2021 3:00,277.87427,271.5651255
26/10/2021 4:00,278.46832,277.5100019
26/10/2021 5:00,279.05182,273.9528152
26/10/2021 6:00,279.5643,273.4145741
26/10/2021 7:00,281.36957,275.5031881
26/10/2021 8:00,286.14487,278.7754002
26/10/2021 9:00,288.90848,280.112345
26/10/2021 10:00,289.80954,282.9939388
26/10/2021 11:00,290.5294,281.3467364
26/10/2021 12:00,290.93384,282.9585142
26/10/2021 13:00,291.12283,284.1951652
26/10/2021 14:00,290.8112,287.5556999
26/10/2021 15:00,289.62738,283.6093827
26/10/2021 16:00,288.02545,284.9499495
26/10/2021 17:00,286.53842,282.3417854
26/10/2021 18:00,285.36365,280.3506059
26/10/2021 19:00,284.2023,279.4767341
26/10/2021 20:00,283.44913,278.933415
26/10/2021 21:00,282.71277,280.1084012
26/10/2021 22:00,282.07913,281.535515
26/10/2021 23:00,281.54266,279.4870035
27/10/2021 0:00,281.06226,280.5602829
27/10/2021 1:00,280.44577,276.4929682
27/10/2021 2:00,280.11322,277.2516308
27/10/2021 3:00,279.7063,276.728893
27/10/2021 4:00,279.38745,278.9037391
27/10/2021 5:00,279.26727,276.9592189
27/10/2021 6:00,279.1614,278.363347
27/10/2021 7:00,281.4533,276.764832
27/10/2021 8:00,283.5394,281.10986
27/10/2021 9:00,285.23788,284.1767228
27/10/2021 10:00,286.686,280.9290876
27/10/2021 11:00,287.7228,289.3399356
27/10/2021 12:00,288.29602,285.6308554
27/10/2021 13:00,288.3935,282.6877242
27/10/2021 14:00,288.05255,286.3587367
27/10/2021 15:00,287.12967,285.3483022
27/10/2021 16:00,285.55298,283.6469975
27/10/2021 17:00,284.15652,283.7644042
27/10/2021 18:00,283.1798,281.7959148
27/10/2021 19:00,282.93536,279.5051102
27/10/2021 20:00,282.27872,279.1263263
27/10/2021 21:00,281.66162,277.5004638
27/10/2021 22:00,281.0448,280.5841963
27/10/2021 23:00,280.53418,274.6057271
28/10/2021 0:00,280.0818,276.7348217
28/10/2021 1:00,279.7919,276.0863187
28/10/2021 2:00,279.44785,277.5706527
28/10/2021 3:00,279.15643,274.3164594
28/10/2021 4:00,278.91885,272.2936511
28/10/2021 5:00,278.71927,275.4174309
28/10/2021 6:00,278.7062,275.5175541
28/10/2021 7:00,281.2637,279.942589
28/10/2021 8:00,284.7478,278.2487074
28/10/2021 9:00,287.89032,284.5314214
28/10/2021 10:00,290.05646,288.3636905
28/10/2021 11:00,291.56528,284.5530073
28/10/2021 12:00,292.37854,283.5150776
28/10/2021 13:00,292.58344,285.3434205
28/10/2021 14:00,292.17743,285.8758088
28/10/2021 15:00,290.9351,285.7325035
28/10/2021 16:00,288.38974,282.0602944
28/10/2021 17:00,285.699,284.4411774
28/10/2021 18:00,283.86322,278.4808451
28/10/2021 19:00,282.7554,276.0189609
28/10/2021 20:00,281.69492,279.806661
28/10/2021 21:00,280.94705,273.0391477
28/10/2021 22:00,280.56128,276.4433297
28/10/2021 23:00,280.30316,281.955424
29/10/2021 0:00,280.1481,276.0149227
29/10/2021 1:00,280.01547,273.9579674
29/10/2021 2:00,279.79657,275.6944795
29/10/2021 3:00,279.49924,275.3523286
29/10/2021 4:00,279.28815,275.2822236
29/10/2021 5:00,279.13028,275.7435968
29/10/2021 6:00,279.1393,272.6123077
29/10/2021 7:00,281.64294,279.6754978
29/10/2021 8:00,285.80704,279.6920979
29/10/2021 9:00,289.36212,282.3728594
29/10/2021 10:00,291.0145,281.3183348
29/10/2021 11:00,291.81842,285.9912283
29/10/2021 12:00,292.26926,284.151832
29/10/2021 13:00,292.29044,285.6709557
29/10/2021 14:00,291.73187,283.5340167
29/10/2021 15:00,290.3681,282.7536964
29/10/2021 16:00,288.3197,284.4063144
29/10/2021 17:00,288.3038,281.0502479
29/10/2021 18:00,287.68762,279.228724
29/10/2021 19:00,286.5135,276.8650296
29/10/2021 20:00,283.1365,278.4906117
29/10/2021 21:00,281.50717,275.6394378
29/10/2021 22:00,280.39783,276.6327125
29/10/2021 23:00,279.15176,277.3637143
30/10/2021 0:00,278.58728,273.4584257
30/10/2021 1:00,278.23108,273.9201506
30/10/2021 2:00,277.92252,275.9014933
30/10/2021 3:00,277.72168,273.3850429
30/10/2021 4:00,277.66223,276.9639467
30/10/2021 5:00,277.63733,277.0494526
30/10/2021 6:00,277.996,276.8875444
30/10/2021 7:00,280.2225,279.9916949
30/10/2021 8:00,286.10748,277.6346164
30/10/2021 9:00,289.0626,280.4326654
30/10/2021 10:00,290.32236,279.7951183
30/10/2021 11:00,291.01108,286.7268266
30/10/2021 12:00,291.29068,287.1705497
30/10/2021 13:00,291.32397,284.4613878
30/10/2021 14:00,290.9105,285.5188606
30/10/2021 15:00,289.80704,286.4629232
30/10/2021 16:00,288.00085,282.4445274
30/10/2021 17:00,285.97766,280.3675723
30/10/2021 18:00,285.94217,281.8886318
30/10/2021 19:00,283.83023,281.3173297
30/10/2021 20:00,282.68286,278.9379751
30/10/2021 21:00,282.2476,276.3289184
30/10/2021 22:00,281.99445,275.3423319
30/10/2021 23:00,281.49878,277.8907128
31/10/2021 0:00,281.11984,277.4493876
31/10/2021 1:00,281.18274,275.003593
31/10/2021 2:00,281.05945,278.0627824
31/10/2021 3:00,280.77423,274.7569285
31/10/2021 4:00,280.428,274.3618496
31/10/2021 5:00,280.0108,276.4669962
31/10/2021 6:00,279.80966,276.5652782
31/10/2021 7:00,281.6588,278.6136745
31/10/2021 8:00,287.03223,277.375111
31/10/2021 9:00,289.1912,283.1389973
31/10/2021 10:00,290.20715,286.5545776
31/10/2021 11:00,290.73303,285.5299794
31/10/2021 12:00,290.80774,289.055306
31/10/2021 13:00,290.6477,285.7252177
31/10/2021 14:00,290.22397,289.4036382
31/10/2021 15:00,289.21173,288.0528856
31/10/2021 16:00,287.63657,285.8843512
31/10/2021 17:00,286.75137,283.1055555
31/10/2021 18:00,284.92868,276.9070081
31/10/2021 19:00,283.8987,280.0756543
31/10/2021 20:00,282.9385,279.3533591
31/10/2021 21:00,282.38147,278.0900975
31/10/2021 22:00,281.95584,279.5584413
31/10/2021 23:00,281.8425,278.2685799
01/11/2021 0:00,281.79218,277.2023137
01/11/2021 1:00,281.6803,276.5509897
01/11/2021 2:00,281.83838,276.8484645
01/11/2021 3:00,281.93936,279.7509411
01/11/2021 4:00,282.69415,276.3287605
01/11/2021 5:00,282.7819,276.5072838
01/11/2021 6:00,282.85754,276.8045317
01/11/2021 7:00,284.2376,279.5097635
01/11/2021 8:00,285.3789,282.1786428
01/11/2021 9:00,286.10632,278.5923346
01/11/2021 10:00,287.27707,288.1884625
01/11/2021 11:00,288.61093,289.8745333
01/11/2021 12:00,289.04718,285.8547589
01/11/2021 13:00,288.83258,285.9905706
01/11/2021 14:00,288.35156,286.3245802
01/11/2021 15:00,287.84024,284.9111929
01/11/2021 16:00,286.9989,285.9808402
01/11/2021 17:00,286.49225,281.5780176
01/11/2021 18:00,286.26294,282.7177085
01/11/2021 19:00,285.87375,287.308525
01/11/2021 20:00,286.05716,282.2395896
01/11/2021 21:00,286.2385,285.7250852
01/11/2021 22:00,285.89526,283.7856653
01/11/2021 23:00,285.84198,279.5953498
02/11/2021 0:00,285.89084,284.0119293
02/11/2021 1:00,285.95944,282.6332705
02/11/2021 2:00,285.85434,281.728846
02/11/2021 3:00,285.74042,282.5382988
02/11/2021 4:00,285.5735,282.7557444
02/11/2021 5:00,285.58792,283.0113155
02/11/2021 6:00,285.6309,283.9162588
02/11/2021 7:00,286.79224,283.2233112
02/11/2021 8:00,286.4902,281.6069895
02/11/2021 9:00,287.00714,283.9786793
02/11/2021 10:00,287.99683,290.0908808
02/11/2021 11:00,288.5865,285.9227716
02/11/2021 12:00,288.50787,288.139285
02/11/2021 13:00,288.298,285.8790555
02/11/2021 14:00,288.22733,283.9322487
02/11/2021 15:00,287.36804,283.6176675
02/11/2021 16:00,286.57233,282.0766704
02/11/2021 17:00,285.40894,277.7900268
02/11/2021 18:00,283.86227,280.1747339
02/11/2021 19:00,283.76923,280.9295473
02/11/2021 20:00,283.0992,276.959939
02/11/2021 21:00,282.8116,278.4683366
02/11/2021 22:00,283.23523,278.7776741
02/11/2021 23:00,283.11365,275.8812872
03/11/2021 0:00,282.65796,276.8686774
03/11/2021 1:00,282.7554,276.4656371
03/11/2021 2:00,283.03445,276.813696
03/11/2021 3:00,283.49753,275.9479006
03/11/2021 4:00,283.68356,276.916204
03/11/2021 5:00,284.14752,281.0663338
03/11/2021 6:00,284.688,277.0898083
03/11/2021 7:00,285.94647,280.3686951
03/11/2021 8:00,287.17612,281.159688
03/11/2021 9:00,287.97418,286.326287
03/11/2021 10:00,288.47757,288.8535931
03/11/2021 11:00,288.19583,289.5696242
03/11/2021 12:00,287.21497,289.2856088
03/11/2021 13:00,286.94412,288.2778293
03/11/2021 14:00,286.79193,285.9886224
03/11/2021 15:00,286.77927,290.7558638
03/11/2021 16:00,286.96915,285.2738604
03/11/2021 17:00,287.51993,287.0628323
03/11/2021 18:00,288.4087,287.5387789
03/11/2021 19:00,288.30386,284.8824771
03/11/2021 20:00,288.50406,287.8316122
03/11/2021 21:00,289.00186,287.3187584
03/11/2021 22:00,289.76782,288.6995858
03/11/2021 23:00,289.66714,284.34757
04/11/2021 0:00,289.1414,282.7424614
04/11/2021 1:00,289.1576,284.0258257
04/11/2021 2:00,289.56235,285.293785
04/11/2021 3:00,289.54733,285.3242276
04/11/2021 4:00,289.3922,285.0688277
04/11/2021 5:00,289.2035,282.8685745
04/11/2021 6:00,289.29947,287.1543773
04/11/2021 7:00,289.5394,290.9581915
04/11/2021 8:00,289.56766,289.8741859
04/11/2021 9:00,289.4175,291.2928155
04/11/2021 10:00,289.3925,290.9807904
04/11/2021 11:00,289.15787,291.2614578
04/11/2021 12:00,288.7734,292.7237771
04/11/2021 13:00,288.2306,291.6898583
04/11/2021 14:00,287.92148,290.119998
04/11/2021 15:00,287.6418,287.8302197
04/11/2021 16:00,286.98093,287.1888118
04/11/2021 17:00,286.52963,287.0490999
04/11/2021 18:00,286.1084,285.0723127
04/11/2021 19:00,285.67416,285.3886512
04/11/2021 20:00,284.45956,284.5154515
04/11/2021 21:00,283.0639,284.7490635
04/11/2021 22:00,282.5355,285.0203411
04/11/2021 23:00,282.97205,282.8833632
05/11/2021 0:00,282.87695,280.5564966
05/11/2021 1:00,282.12805,281.4144202
05/11/2021 2:00,281.5605,280.3888811
05/11/2021 3:00,281.49014,277.3716705
05/11/2021 4:00,281.859,283.2883095
05/11/2021 5:00,282.1987,281.3474808
05/11/2021 6:00,282.41745,281.9115813
05/11/2021 7:00,283.809,283.9578395
05/11/2021 8:00,286.05923,281.2462465
05/11/2021 9:00,287.57294,284.2265944
05/11/2021 10:00,288.5747,283.7640912
05/11/2021 11:00,288.3124,284.3475458
05/11/2021 12:00,287.96652,283.5146085
05/11/2021 13:00,287.65213,287.3990757
05/11/2021 14:00,287.17023,283.2603074
05/11/2021 15:00,286.41013,284.690049
05/11/2021 16:00,285.46957,279.2536819
05/11/2021 17:00,284.56467,284.3150296
05/11/2021 18:00,284.07538,283.9321548
05/11/2021 19:00,284.41718,281.9118455
05/11/2021 20:00,283.62646,281.2604771
05/11/2021 21:00,283.17047,282.03034
05/11/2021 22:00,282.8961,285.2347834
05/11/2021 23:00,282.6391,278.0402949
06/11/2021 0:00,282.63293,282.5035786
06/11/2021 1:00,282.1675,279.3470593
06/11/2021 2:00,281.9114,280.7188448
06/11/2021 3:00,281.68854,280.1679128
06/11/2021 4:00,281.4239,279.5909351
06/11/2021 5:00,281.5964,280.0704744
06/11/2021 6:00,281.61496,277.3707462
06/11/2021 7:00,282.35504,281.9661353
06/11/2021 8:00,282.88434,277.6397353
06/11/2021 9:00,283.26056,282.784782
06/11/2021 10:00,283.78073,282.0598289
06/11/2021 11:00,284.23935,280.9759283
06/11/2021 12:00,284.52344,283.5300105
06/11/2021 13:00,284.30826,280.6946618
06/11/2021 14:00,283.66003,283.589112
06/11/2021 15:00,283.08716,280.8058135
06/11/2021 16:00,282.58258,283.5511579
06/11/2021 17:00,282.18576,280.3390057
06/11/2021 18:00,282.13513,280.5835156
06/11/2021 19:00,282.85754,282.0634202
06/11/2021 20:00,283.1063,279.2177378
06/11/2021 21:00,283.23993,280.0925439
06/11/2021 22:00,283.29822,277.2166509
06/11/2021 23:00,283.2891,280.9289742
07/11/2021 0:00,283.17606,283.291262
07/11/2021 1:00,283.05978,284.8879007
07/11/2021 2:00,282.48398,279.3012535
07/11/2021 3:00,282.1004,280.0534823
07/11/2021 4:00,281.78598,275.5508194
07/11/2021 5:00,281.88254,281.5028334
07/11/2021 6:00,281.99588,280.0273456
07/11/2021 7:00,283.844,278.8940981
07/11/2021 8:00,287.97388,283.2126959
07/11/2021 9:00,291.15643,281.852685
07/11/2021 10:00,292.45996,282.4489353
07/11/2021 11:00,293.02692,285.2723195
07/11/2021 12:00,293.2318,283.5456158
07/11/2021 13:00,293.15762,287.644284
07/11/2021 14:00,292.5718,283.9046981
07/11/2021 15:00,291.11493,283.2942527
07/11/2021 16:00,290.16553,282.2167006
07/11/2021 17:00,288.81198,284.0265526
07/11/2021 18:00,286.4337,280.6843637
07/11/2021 19:00,287.9889,278.6417075
07/11/2021 20:00,286.19846,279.702618
07/11/2021 21:00,284.66858,280.3671948
07/11/2021 22:00,283.88876,278.1991738
07/11/2021 23:00,283.4348,278.417646
08/11/2021 0:00,283.30823,284.096031
08/11/2021 1:00,283.46426,278.9474764
08/11/2021 2:00,283.89847,280.1719998
08/11/2021 3:00,284.26614,280.3264543
08/11/2021 4:00,284.464,280.4416317
08/11/2021 5:00,284.4575,282.4921105
08/11/2021 6:00,284.62057,283.0523737
08/11/2021 7:00,285.23642,281.0364009
08/11/2021 8:00,286.73364,279.467021
08/11/2021 9:00,288.13254,284.2979614
08/11/2021 10:00,287.6948,282.0577296
08/11/2021 11:00,286.29886,285.4232812
08/11/2021 12:00,284.92526,278.530045
08/11/2021 13:00,284.0969,283.0850407
08/11/2021 14:00,283.6709,286.0946462
08/11/2021 15:00,283.13425,281.7940962
08/11/2021 16:00,282.718,281.6715292
08/11/2021 17:00,282.40182,282.3213333
08/11/2021 18:00,282.20135,280.4970574
08/11/2021 19:00,281.2561,279.9061223
08/11/2021 20:00,281.07065,279.4891282
08/11/2021 21:00,281.08212,278.0214882
08/11/2021 22:00,280.94495,281.1447504
08/11/2021 23:00,281.0683,279.6728135
09/11/2021 0:00,281.18958,279.2001651
09/11/2021 1:00,281.199,279.3491535
09/11/2021 2:00,281.05945,277.1800884
09/11/2021 3:00,281.33734,276.5949082
09/11/2021 4:00,281.67502,276.6247719
09/11/2021 5:00,281.9282,277.6143649
09/11/2021 6:00,281.96646,275.3552192
09/11/2021 7:00,282.59644,276.9601167
09/11/2021 8:00,282.975,278.771153
09/11/2021 9:00,283.0739,284.7896073
09/11/2021 10:00,284.1013,277.3662385
09/11/2021 11:00,285.1443,283.144005
09/11/2021 12:00,285.72717,287.0283065
09/11/2021 13:00,286.09427,284.2948739
09/11/2021 14:00,285.9921,285.343386
09/11/2021 15:00,285.38333,283.5695917
09/11/2021 16:00,284.56317,281.1643832
09/11/2021 17:00,283.89142,277.2006992
09/11/2021 18:00,283.41125,280.3040438
09/11/2021 19:00,283.54315,278.0245983
09/11/2021 20:00,283.1637,277.4069847
09/11/2021 21:00,282.8022,277.5037976
09/11/2021 22:00,282.4769,280.882709
09/11/2021 23:00,282.05948,281.4715866
10/11/2021 0:00,281.72858,276.8849641
10/11/2021 1:00,281.52545,275.1531582
10/11/2021 2:00,281.355,273.5541231
10/11/2021 3:00,281.22638,276.3015988
10/11/2021 4:00,281.12775,278.4992574
10/11/2021 5:00,281.04828,274.5617308
10/11/2021 6:00,281.28967,270.350642
10/11/2021 7:00,282.58493,276.9802882
10/11/2021 8:00,284.30618,280.6604845
10/11/2021 9:00,286.2288,277.482364
10/11/2021 10:00,288.177,281.6463894
10/11/2021 11:00,289.73132,283.0809262
10/11/2021 12:00,290.59357,282.7209145
10/11/2021 13:00,290.8856,281.7860516
10/11/2021 14:00,290.47876,284.9612486
10/11/2021 15:00,289.64832,281.824341
10/11/2021 16:00,287.8046,278.8450946
10/11/2021 17:00,286.76456,276.9789128
10/11/2021 18:00,285.8096,282.0792079
10/11/2021 19:00,283.89877,280.7357786
10/11/2021 20:00,284.17282,279.507753
10/11/2021 21:00,284.70035,278.1747125
10/11/2021 22:00,285.2903,277.4880278
10/11/2021 23:00,285.47812,275.8523674
11/11/2021 0:00,285.3801,276.5423662
11/11/2021 1:00,285.01328,273.0834952
11/11/2021 2:00,284.94913,275.307527
11/11/2021 3:00,284.6262,275.7719059
11/11/2021 4:00,284.34033,276.6588571
11/11/2021 5:00,284.18344,275.3807905
11/11/2021 6:00,284.0801,277.1583285
11/11/2021 7:00,284.03152,279.3443948
11/11/2021 8:00,287.54437,279.7455319
11/11/2021 9:00,290.01865,279.823055
11/11/2021 10:00,291.02777,280.0201563
11/11/2021 11:00,291.42285,279.2346613
11/11/2021 12:00,291.72754,282.9797507
11/11/2021 13:00,291.80997,285.0655316
11/11/2021 14:00,291.60095,282.8009682
11/11/2021 15:00,290.58267,285.029835
11/11/2021 16:00,288.9574,277.7872102
11/11/2021 17:00,287.97064,277.72092
11/11/2021 18:00,287.85583,280.5574127
11/11/2021 19:00,288.07898,279.6600651
11/11/2021 20:00,287.6009,281.4482334
11/11/2021 21:00,286.0919,279.0412378
11/11/2021 22:00,285.59616,277.3884236
11/11/2021 23:00,285.0963,278.040552
12/11/2021 0:00,285.10867,275.444926
12/11/2021 1:00,285.47253,276.2673516
12/11/2021 2:00,285.53787,279.8262881
12/11/2021 3:00,285.45074,279.4012477
12/11/2021 4:00,285.391,278.9545726
12/11/2021 5:00,285.436,275.2187374
12/11/2021 6:00,285.36066,277.7825937
12/11/2021 7:00,284.9815,276.7413052
12/11/2021 8:00,285.83725,281.6179765
12/11/2021 9:00,286.59354,279.2416332
12/11/2021 10:00,287.80197,278.9147978
12/11/2021 11:00,288.61768,281.2268882
12/11/2021 12:00,289.0148,280.3315858
12/11/2021 13:00,289.44138,284.2734454
12/11/2021 14:00,289.31714,280.3074707
12/11/2021 15:00,288.73398,278.9193198
12/11/2021 16:00,287.8679,277.2653985
12/11/2021 17:00,287.36392,280.604154
12/11/2021 18:00,287.37097,279.023934
12/11/2021 19:00,286.76486,276.3958243
12/11/2021 20:00,286.12753,280.648537
12/11/2021 21:00,285.5938,279.4610601
12/11/2021 22:00,285.26706,278.2769133
12/11/2021 23:00,285.39835,280.0783291
13/11/2021 0:00,284.57437,278.7884315
13/11/2021 1:00,284.32678,275.9582808
13/11/2021 2:00,284.45926,275.2242642
13/11/2021 3:00,285.0966,278.4384872
13/11/2021 4:00,285.36035,277.4395513
13/11/2021 5:00,285.60382,276.9751023
13/11/2021 6:00,285.751,275.1666864
13/11/2021 7:00,285.7348,279.0153069
13/11/2021 8:00,286.4316,278.1410895
13/11/2021 9:00,287.14285,281.1563737
13/11/2021 10:00,288.10782,285.6202059
13/11/2021 11:00,288.25208,283.1927992
13/11/2021 12:00,287.91736,282.4663441
13/11/2021 13:00,287.69568,283.8592987
13/11/2021 14:00,287.36127,287.4802404
13/11/2021 15:00,286.36185,285.1974778
13/11/2021 16:00,285.83344,283.0252427
13/11/2021 17:00,285.80017,281.3074785
13/11/2021 18:00,285.52844,282.3903538
13/11/2021 19:00,285.1799,278.8574589
13/11/2021 20:00,284.94824,280.2941164
13/11/2021 21:00,284.70273,278.1621631
13/11/2021 22:00,284.50076,277.6021846
13/11/2021 23:00,284.47986,278.1721998
14/11/2021 0:00,284.2217,278.4956518
14/11/2021 1:00,284.15222,278.944847
14/11/2021 2:00,284.0395,279.288474
14/11/2021 3:00,284.0745,272.3993216
14/11/2021 4:00,283.95383,277.2531603
14/11/2021 5:00,283.89346,277.7597033
14/11/2021 6:00,284.00473,280.9302151
14/11/2021 7:00,284.59998,276.8511254
14/11/2021 8:00,285.48224,279.688444
14/11/2021 9:00,286.84167,282.6353988
14/11/2021 10:00,287.72217,278.3795009
14/11/2021 11:00,288.4652,282.237306
14/11/2021 12:00,288.68127,281.0626675
14/11/2021 13:00,288.56677,282.3552251
14/11/2021 14:00,288.099,281.8412783
14/11/2021 15:00,287.63562,281.5004233
14/11/2021 16:00,286.89322,286.7860941
14/11/2021 17:00,285.9229,282.6948592
14/11/2021 18:00,285.06744,282.5924547
14/11/2021 19:00,284.19904,279.9511384
14/11/2021 20:00,284.29883,275.3554642
14/11/2021 21:00,284.16635,278.0805704
14/11/2021 22:00,283.63736,278.6398301
14/11/2021 23:00,283.51932,274.5858959
15/11/2021 0:00,283.10187,277.4489248
15/11/2021 1:00,282.8708,276.5414968
15/11/2021 2:00,282.46396,278.5280711
15/11/2021 3:00,282.44336,274.5299152
15/11/2021 4:00,282.41156,273.6204705
15/11/2021 5:00,282.23404,275.2347301
15/11/2021 6:00,282.0736,277.5784685
15/11/2021 7:00,283.01532,273.8966396
15/11/2021 8:00,284.2064,274.8519531
15/11/2021 9:00,285.20435,280.0163466
15/11/2021 10:00,286.23645,279.962844
15/11/2021 11:00,287.00537,281.538587
15/11/2021 12:00,287.51935,283.7457684
15/11/2021 13:00,287.58353,281.4244894
15/11/2021 14:00,286.94736,278.9575547
15/11/2021 15:00,285.9238,285.5797348
15/11/2021 16:00,284.88052,279.5889598
15/11/2021 17:00,284.12396,279.1362891
15/11/2021 18:00,283.51047,282.676753
15/11/2021 19:00,283.1322,279.1007918
15/11/2021 20:00,282.9276,279.615583
15/11/2021 21:00,282.6282,280.5902325
15/11/2021 22:00,282.4036,281.53806
15/11/2021 23:00,282.2111,278.8374573
16/11/2021 0:00,282.00677,281.8919148
16/11/2021 1:00,282.01736,275.3739953
16/11/2021 2:00,281.74832,280.5398723
16/11/2021 3:00,281.57022,277.5407386
16/11/2021 4:00,281.4925,281.6413816
16/11/2021 5:00,281.24493,279.5144289
16/11/2021 6:00,281.06122,278.082513
16/11/2021 7:00,282.41006,280.4046929
16/11/2021 8:00,283.3421,281.3269293
16/11/2021 9:00,284.71625,281.7332321
16/11/2021 10:00,286.14725,279.2929592
16/11/2021 11:00,287.0398,280.9894996
16/11/2021 12:00,287.527,282.2718507
16/11/2021 13:00,288.08603,282.2320641
16/11/2021 14:00,287.93237,283.4772782
16/11/2021 15:00,287.04953,278.0944503
16/11/2021 16:00,286.31326,281.8143805
16/11/2021 17:00,285.53052,280.4931531
16/11/2021 18:00,284.95914,279.2146614
16/11/2021 19:00,284.6762,279.222916
16/11/2021 20:00,284.28882,279.8152356
16/11/2021 21:00,283.9553,273.4072039
16/11/2021 22:00,283.58673,278.151941
16/11/2021 23:00,283.28763,277.3647687
17/11/2021 0:00,283.21933,279.4022602
17/11/2021 1:00,283.18106,276.5246601
17/11/2021 2:00,283.1675,277.397343
17/11/2021 3:00,283.2844,280.049091
17/11/2021 4:00,283.09747,278.5762539
17/11/2021 5:00,283.07245,278.1564317
17/11/2021 6:00,282.69327,275.3740464
17/11/2021 7:00,282.81955,278.2351823
17/11/2021 8:00,285.09012,278.2987014
17/11/2021 9:00,287.4749,279.3531946
17/11/2021 10:00,288.7213,281.5795915
17/11/2021 11:00,289.177,280.3576064
17/11/2021 12:00,289.08722,284.6648505
17/11/2021 13:00,288.70923,281.866529
17/11/2021 14:00,287.89087,283.05566
17/11/2021 15:00,287.10516,284.0299209
17/11/2021 16:00,286.2032,282.8094854
17/11/2021 17:00,286.028,278.0345086
17/11/2021 18:00,284.71243,280.9250702
17/11/2021 19:00,282.8955,281.2783669
17/11/2021 20:00,282.3415,281.3053569
17/11/2021 21:00,282.11777,277.4532517
17/11/2021 22:00,282.51694,278.0652625
17/11/2021 23:00,282.29498,280.9203109
18/11/2021 0:00,282.2511,277.7531753
18/11/2021 1:00,282.0889,278.1053695
18/11/2021 2:00,281.91464,280.9805796
18/11/2021 3:00,282.15103,277.5422363
18/11/2021 4:00,282.11157,276.2361259
18/11/2021 5:00,281.70767,275.7028492
18/11/2021 6:00,281.30792,277.9896268
18/11/2021 7:00,282.1528,276.5767623
18/11/2021 8:00,283.42953,280.1572787
18/11/2021 9:00,284.5664,282.1556842
18/11/2021 10:00,285.3218,284.3363209
18/11/2021 11:00,285.76483,283.9172978
18/11/2021 12:00,285.67978,281.6642944
18/11/2021 13:00,285.3362,285.1850443
18/11/2021 14:00,284.82693,282.3970608
18/11/2021 15:00,284.02975,280.0351271
18/11/2021 16:00,283.03006,280.9539966
18/11/2021 17:00,282.2988,283.2048503
18/11/2021 18:00,281.61084,280.4250011
18/11/2021 19:00,281.8902,279.9058063
18/11/2021 20:00,281.25494,282.3722707
18/11/2021 21:00,280.62524,276.4374951
18/11/2021 22:00,280.0559,276.0365416
18/11/2021 23:00,279.42328,275.3909025
19/11/2021 0:00,278.91223,278.8543205
19/11/2021 1:00,278.36322,277.8058253
19/11/2021 2:00,277.9811,279.9535571
19/11/2021 3:00,277.76947,277.1343183
19/11/2021 4:00,277.52365,276.219201
19/11/2021 5:00,277.3641,276.4300659
19/11/2021 6:00,277.21896,276.5672107
19/11/2021 7:00,277.86395,274.6807237
19/11/2021 8:00,279.71945,284.8529187
19/11/2021 9:00,282.39447,282.3427711
19/11/2021 10:00,284.6883,282.8899447
19/11/2021 11:00,286.36154,283.9612161
19/11/2021 12:00,287.3342,284.4705345
19/11/2021 13:00,287.71042,283.2929176
19/11/2021 14:00,287.30005,282.154877
19/11/2021 15:00,286.01477,283.731505
19/11/2021 16:00,284.40805,282.5567367
19/11/2021 17:00,283.0798,279.9373451
19/11/2021 18:00,281.9794,283.3577482
19/11/2021 19:00,281.16867,280.9462999
19/11/2021 20:00,280.40918,281.4125294
19/11/2021 21:00,279.72473,281.8984896
19/11/2021 22:00,279.31378,278.5234727
19/11/2021 23:00,279.0359,278.5963098
20/11/2021 0:00,278.84866,279.8144783
20/11/2021 1:00,278.80008,278.1564216
20/11/2021 2:00,278.69058,279.4975417
20/11/2021 3:00,278.6935,279.5518887
20/11/2021 4:00,278.63287,277.5661961
20/11/2021 5:00,278.5852,282.5222053
20/11/2021 6:00,278.58636,275.5116941
20/11/2021 7:00,279.6164,277.4571856
20/11/2021 8:00,282.9953,282.6964522
20/11/2021 9:00,286.81342,284.6072476
20/11/2021 10:00,289.15698,282.6998824
20/11/2021 11:00,290.3666,286.360108
20/11/2021 12:00,290.8759,288.3951645
20/11/2021 13:00,290.92035,285.7061831
20/11/2021 14:00,290.23032,289.7890106
20/11/2021 15:00,288.47726,280.9129303
20/11/2021 16:00,285.8976,282.9566966
20/11/2021 17:00,283.6653,283.0247878
20/11/2021 18:00,281.9279,282.8152854
20/11/2021 19:00,280.9635,280.6430086
20/11/2021 20:00,280.0474,279.6442264
20/11/2021 21:00,279.28494,280.3195177
20/11/2021 22:00,278.76535,280.5032642
20/11/2021 23:00,278.3738,278.7891203
21/11/2021 0:00,278.1018,277.0865028
21/11/2021 1:00,278.17688,272.6130758
21/11/2021 2:00,278.24283,273.8282465
21/11/2021 3:00,278.27756,272.3832717
21/11/2021 4:00,278.4421,273.5761498
21/11/2021 5:00,278.6058,276.4119671
21/11/2021 6:00,278.6264,275.1464115
21/11/2021 7:00,279.1819,280.595555
21/11/2021 8:00,282.91907,277.6841163
21/11/2021 9:00,286.7831,279.1353531
21/11/2021 10:00,288.01422,280.6668047
21/11/2021 11:00,288.5073,280.9031096
21/11/2021 12:00,288.5753,283.02724
21/11/2021 13:00,288.42044,285.8752637
21/11/2021 14:00,287.97595,283.9428379
21/11/2021 15:00,286.85522,281.529479
21/11/2021 16:00,285.69095,279.5816748
21/11/2021 17:00,284.49576,280.2563116
21/11/2021 18:00,283.84314,280.3533676
21/11/2021 19:00,283.7566,282.1253561
21/11/2021 20:00,283.8814,277.0091327
21/11/2021 21:00,283.86578,278.0818484
21/11/2021 22:00,283.59763,277.9200903
21/11/2021 23:00,283.5882,274.4292523
22/11/2021 0:00,283.42804,276.123063
22/11/2021 1:00,283.52725,276.0733478
22/11/2021 2:00,283.37418,275.5124526
22/11/2021 3:00,283.45602,276.8369739
22/11/2021 4:00,283.6347,276.4851467
22/11/2021 5:00,283.5099,275.8424272
22/11/2021 6:00,283.5502,277.7102337
22/11/2021 7:00,283.35358,280.1578276
22/11/2021 8:00,284.8493,280.4044303
22/11/2021 9:00,286.0486,274.6973401
22/11/2021 10:00,286.56497,279.9076631
22/11/2021 11:00,287.17258,278.9173487
22/11/2021 12:00,287.31506,279.9708707
22/11/2021 13:00,287.10104,279.0165476
22/11/2021 14:00,286.2544,279.7673198
22/11/2021 15:00,285.00653,279.5374281
22/11/2021 16:00,284.0168,277.8176106
22/11/2021 17:00,283.29175,277.1462876
22/11/2021 18:00,282.42715,277.8646952
22/11/2021 19:00,282.1269,278.9964402
22/11/2021 20:00,281.31293,279.7005485
22/11/2021 21:00,280.85986,280.2300944
22/11/2021 22:00,280.41122,277.9257127
22/11/2021 23:00,279.94345,279.3338441
23/11/2021 0:00,279.73682,280.5731921
23/11/2021 1:00,279.28464,280.9989309
23/11/2021 2:00,279.1519,278.7636717
23/11/2021 3:00,279.16953,278.2741462
23/11/2021 4:00,279.18015,278.5138455
23/11/2021 5:00,279.2019,275.6235192
23/11/2021 6:00,279.20367,276.7932131
23/11/2021 7:00,279.9788,278.9413909
23/11/2021 8:00,280.7889,278.8488362
23/11/2021 9:00,281.85605,277.400675
23/11/2021 10:00,282.75626,279.1216498
23/11/2021 11:00,283.03445,277.9372456
23/11/2021 12:00,283.31558,281.0191786
23/11/2021 13:00,283.22052,279.654587
23/11/2021 14:00,282.77277,279.1181562
23/11/2021 15:00,281.98383,278.4241902
23/11/2021 16:00,281.1363,278.2608034
23/11/2021 17:00,280.60757,276.7622672
23/11/2021 18:00,280.24225,277.8398639
23/11/2021 19:00,280.5228,274.6000417
23/11/2021 20:00,280.2411,276.9115913
23/11/2021 21:00,280.01175,276.0644486
23/11/2021 22:00,279.67676,272.4592303
23/11/2021 23:00,279.29642,274.6013851
24/11/2021 0:00,278.93845,272.9300845
24/11/2021 1:00,278.76093,273.0863406
24/11/2021 2:00,278.47186,276.9799088
24/11/2021 3:00,278.249,272.7242007
24/11/2021 4:00,277.97083,273.7845412
24/11/2021 5:00,277.74268,273.9898453
24/11/2021 6:00,277.53925,271.1391629
24/11/2021 7:00,278.56104,270.8960255
24/11/2021 8:00,279.97083,271.6928103
24/11/2021 9:00,281.35944,274.2902819
24/11/2021 10:00,282.6088,272.2274466
24/11/2021 11:00,283.57907,279.1549338
24/11/2021 12:00,284.22964,282.2411641
24/11/2021 13:00,284.52286,278.7796218
24/11/2021 14:00,284.37595,275.3180628
24/11/2021 15:00,283.54315,275.2127719
24/11/2021 16:00,281.9108,273.7969736
24/11/2021 17:00,280.43332,271.946807
24/11/2021 18:00,279.4327,274.7701442
24/11/2021 19:00,278.65643,275.1967116
24/11/2021 20:00,278.92902,271.9182231
24/11/2021 21:00,279.2617,274.8796989
24/11/2021 22:00,278.78214,276.1341925
24/11/2021 23:00,278.42416,276.5322408
25/11/2021 0:00,278.36145,278.1449213
25/11/2021 1:00,279.07886,271.397763
25/11/2021 2:00,280.282,277.8215913
25/11/2021 3:00,280.69824,271.8039837
25/11/2021 4:00,280.74564,271.2304738
25/11/2021 5:00,281.20166,272.5474535
25/11/2021 6:00,282.05447,270.7648411
25/11/2021 7:00,282.07565,273.0468033
25/11/2021 8:00,284.04596,272.670443
25/11/2021 9:00,285.3536,276.5655341
25/11/2021 10:00,286.19434,281.0930085
25/11/2021 11:00,286.48254,280.1648562
25/11/2021 12:00,286.30887,281.6359725
25/11/2021 13:00,285.97092,282.844654
25/11/2021 14:00,285.5164,283.8189544
25/11/2021 15:00,284.96677,277.4143961
25/11/2021 16:00,284.48663,279.9623302
25/11/2021 17:00,284.47162,277.686133
25/11/2021 18:00,284.36713,277.8887123
25/11/2021 19:00,284.39685,279.0621716
25/11/2021 20:00,284.37714,274.8638387
25/11/2021 21:00,284.00238,275.0391361
25/11/2021 22:00,284.04977,272.9106818
25/11/2021 23:00,283.9859,274.7860129
26/11/2021 0:00,283.82193,277.8695774
26/11/2021 1:00,283.52255,275.0287877
26/11/2021 2:00,283.2732,272.6625983
26/11/2021 3:00,282.9529,274.6023702
26/11/2021 4:00,282.93143,273.5789255
26/11/2021 5:00,283.1419,274.9262547
26/11/2021 6:00,282.85754,278.3394736
26/11/2021 7:00,283.0421,276.4256748
26/11/2021 8:00,283.29556,280.9762659
26/11/2021 9:00,283.79367,279.3466915
26/11/2021 10:00,284.29913,279.9669006
26/11/2021 11:00,283.9382,279.369658
26/11/2021 12:00,284.23996,281.6498549
26/11/2021 13:00,283.96088,281.4605388
26/11/2021 14:00,283.5511,280.2142915
26/11/2021 15:00,282.77835,279.9840007
26/11/2021 16:00,281.57492,278.0447408
26/11/2021 17:00,281.12982,278.7720703
26/11/2021 18:00,281.38092,276.6520669
26/11/2021 19:00,281.1928,276.8414611
26/11/2021 20:00,281.06033,275.9912073
26/11/2021 21:00,281.02237,275.3933671
26/11/2021 22:00,281.01825,274.7628766
26/11/2021 23:00,281.07596,276.7530899
27/11/2021 0:00,281.078,278.3651255
27/11/2021 1:00,281.22018,278.174506
27/11/2021 2:00,281.0624,273.9168965
27/11/2021 3:00,281.14984,278.4960054
27/11/2021 4:00,280.738,275.7469187
27/11/2021 5:00,280.61612,277.4642211
27/11/2021 6:00,280.6158,274.8991278
27/11/2021 7:00,281.05682,275.7609843
27/11/2021 8:00,282.00824,276.7983786
27/11/2021 9:00,282.9585,274.8958665
27/11/2021 10:00,283.68002,280.1090742
27/11/2021 11:00,284.6727,283.2228346
27/11/2021 12:00,284.60587,281.4913999
27/11/2021 13:00,283.99622,284.8735584
27/11/2021 14:00,283.76718,282.039024
27/11/2021 15:00,283.3774,282.8484625
27/11/2021 16:00,282.9223,276.4482983
27/11/2021 17:00,282.85165,283.8092606
27/11/2021 18:00,282.74478,281.2268584
27/11/2021 19:00,281.80188,277.2398497
27/11/2021 20:00,281.12598,272.989502
27/11/2021 21:00,280.6691,276.2296304
27/11/2021 22:00,280.97556,272.2040022
27/11/2021 23:00,280.29938,275.535215
28/11/2021 0:00,280.37003,275.7136292
28/11/2021 1:00,280.1192,273.2410894
28/11/2021 2:00,280.62143,276.3798865
28/11/2021 3:00,280.7745,276.5081151
28/11/2021 4:00,281.84988,277.4035364
28/11/2021 5:00,282.69034,276.3712524
28/11/2021 6:00,283.23257,274.5618148
28/11/2021 7:00,283.70447,280.6657233
28/11/2021 8:00,284.17105,280.0194508
28/11/2021 9:00,284.0533,279.4988402
28/11/2021 10:00,284.0966,285.7032499
28/11/2021 11:00,284.11365,287.5751983
28/11/2021 12:00,283.69064,283.6152046
28/11/2021 13:00,283.28528,287.22789
28/11/2021 14:00,282.88168,282.9517836
28/11/2021 15:00,282.64087,281.3367108
28/11/2021 16:00,282.16162,280.1954762
28/11/2021 17:00,281.72565,284.1883513
28/11/2021 18:00,281.30115,278.8579246
28/11/2021 19:00,280.70386,279.524503
28/11/2021 20:00,280.38828,277.2070842
28/11/2021 21:00,279.38,277.3931955
28/11/2021 22:00,279.25372,279.7420232
28/11/2021 23:00,278.65848,276.5869746
29/11/2021 0:00,277.8772,275.9202182
29/11/2021 1:00,276.76593,277.9351983
29/11/2021 2:00,275.2487,278.2382402
29/11/2021 3:00,274.6876,276.1039544
29/11/2021 4:00,274.5622,273.5641836
29/11/2021 5:00,274.36407,273.5679699
29/11/2021 6:00,273.95486,274.6435896
29/11/2021 7:00,274.8074,274.8726309
29/11/2021 8:00,277.43356,273.405238
29/11/2021 9:00,279.60904,277.1779923
29/11/2021 10:00,280.8634,276.8624862
29/11/2021 11:00,281.4513,274.5328977
29/11/2021 12:00,281.5917,276.4574555
29/11/2021 13:00,281.05505,277.4044316
29/11/2021 14:00,280.32822,277.8214776
29/11/2021 15:00,279.29788,280.3443099
29/11/2021 16:00,278.2864,276.4929541
29/11/2021 17:00,277.57812,273.9095799
29/11/2021 18:00,277.0453,275.2942397
29/11/2021 19:00,276.49628,274.2645442
29/11/2021 20:00,276.20187,275.3238859
29/11/2021 21:00,276.03232,275.5956676
29/11/2021 22:00,275.9037,276.5152244
29/11/2021 23:00,275.7927,274.0174915
30/11/2021 0:00,275.72736,276.6432849
30/11/2021 1:00,275.66965,275.0797402
30/11/2021 2:00,275.40323,271.5897948
30/11/2021 3:00,275.1842,276.1113338
30/11/2021 4:00,274.9599,272.3421653
30/11/2021 5:00,274.68347,269.851094
30/11/2021 6:00,274.2793,274.0262207
30/11/2021 7:00,274.27545,275.8461052
30/11/2021 8:00,275.5772,274.1303402
30/11/2021 9:00,277.1392,275.2731608
30/11/2021 10:00,278.2764,277.3168345
30/11/2021 11:00,279.0995,279.9623788
30/11/2021 12:00,279.627,281.4926956
30/11/2021 13:00,279.78625,280.118815
30/11/2021 14:00,279.5537,278.7810187
30/11/2021 15:00,278.8407,280.4436409
30/11/2021 16:00,277.63168,277.3812153
30/11/2021 17:00,277.82303,280.2516818
30/11/2021 18:00,277.47803,278.3619885
30/11/2021 19:00,278.05206,279.2246958
30/11/2021 20:00,277.89987,278.4251064
30/11/2021 21:00,278.26874,278.7049624
30/11/2021 22:00,278.50864,278.3396889
30/11/2021 23:00,278.63318,281.7247159
01/12/2021 0:00,278.81308,278.2718563
01/12/2021 1:00,278.10013,278.1009178
01/12/2021 2:00,277.45438,282.8861036
01/12/2021 3:00,276.1462,280.3407494
01/12/2021 4:00,275.16812,274.2051232
01/12/2021 5:00,274.7295,277.2722057
01/12/2021 6:00,274.662,274.8560189
01/12/2021 7:00,276.55356,277.787774
01/12/2021 8:00,278.8352,274.8414865
01/12/2021 9:00,281.6158,281.3231235
01/12/2021 10:00,282.8941,280.7777733
01/12/2021 11:00,282.96765,283.8825818
01/12/2021 12:00,282.85562,281.6184898
01/12/2021 13:00,282.73553,284.9667685
01/12/2021 14:00,282.3305,283.6601036
01/12/2021 15:00,281.62302,286.0405965
01/12/2021 16:00,281.23032,285.0274984
01/12/2021 17:00,281.36218,283.3233884
01/12/2021 18:00,281.91486,281.1556405
01/12/2021 19:00,282.38824,285.1624202
01/12/2021 20:00,282.77747,278.6662624
01/12/2021 21:00,282.9527,279.0708834
01/12/2021 22:00,282.77576,281.608885
01/12/2021 23:00,282.5649,286.4146176
02/12/2021 0:00,282.88318,282.3060084
02/12/2021 1:00,283.1584,282.3103597
02/12/2021 2:00,283.3106,279.7510291
02/12/2021 3:00,283.53094,283.662365
02/12/2021 4:00,283.54962,283.3039479
02/12/2021 5:00,283.29367,283.0338085
02/12/2021 6:00,283.1739,280.6057633
02/12/2021 7:00,283.3382,279.6015955
02/12/2021 8:00,283.72168,279.887508
02/12/2021 9:00,283.99,284.7909737
02/12/2021 10:00,284.59006,284.152807
02/12/2021 11:00,285.09476,284.7987557
02/12/2021 12:00,284.91522,286.250149
02/12/2021 13:00,284.86295,285.5786778
02/12/2021 14:00,285.07495,284.3356881
02/12/2021 15:00,284.25912,284.6581392
02/12/2021 16:00,283.65247,282.5881098
02/12/2021 17:00,283.5795,280.844783
02/12/2021 18:00,283.94287,280.6634979
02/12/2021 19:00,283.91702,277.8892695
02/12/2021 20:00,283.79608,279.1442396
02/12/2021 21:00,283.53354,277.6165894
02/12/2021 22:00,283.42035,273.6857318
02/12/2021 23:00,283.00586,277.8884764
03/12/2021 0:00,282.17023,274.6419352
03/12/2021 1:00,280.58603,276.5667999
03/12/2021 2:00,279.34653,278.8971508
03/12/2021 3:00,278.5715,278.9750162
03/12/2021 4:00,278.14523,277.6562818
03/12/2021 5:00,277.94815,276.9142443
03/12/2021 6:00,277.85422,278.7964336
03/12/2021 7:00,278.08087,277.9479536
03/12/2021 8:00,278.76425,276.0365021
03/12/2021 9:00,279.66507,276.1567838
03/12/2021 10:00,280.32202,274.5580696
03/12/2021 11:00,280.38522,278.9874265
03/12/2021 12:00,280.1922,278.8002915
03/12/2021 13:00,279.85437,280.8473097
03/12/2021 14:00,279.34134,279.0209928
03/12/2021 15:00,278.58557,279.6793268
03/12/2021 16:00,277.683,274.8323385
03/12/2021 17:00,277.10077,276.6470468
03/12/2021 18:00,276.58228,272.2211134
03/12/2021 19:00,276.33926,275.813853
03/12/2021 20:00,275.91296,270.1186239
03/12/2021 21:00,275.45105,272.9043952
03/12/2021 22:00,275.00812,270.3419789
03/12/2021 23:00,274.52582,273.151351
04/12/2021 0:00,274.07196,272.4757283
04/12/2021 1:00,273.6353,271.3642208
04/12/2021 2:00,273.1987,270.7317232
04/12/2021 3:00,272.79425,273.9349603
04/12/2021 4:00,272.4501,271.1508535
04/12/2021 5:00,272.0468,270.9530321
04/12/2021 6:00,271.7725,270.7595453
04/12/2021 7:00,272.0836,274.9183877
04/12/2021 8:00,274.25293,274.4843876
04/12/2021 9:00,277.01602,276.4535483
04/12/2021 10:00,278.7433,276.0660347
04/12/2021 11:00,279.48843,276.5285414
04/12/2021 12:00,279.84174,272.5612839
04/12/2021 13:00,279.75555,275.7774499
04/12/2021 14:00,279.57346,275.3028004
04/12/2021 15:00,278.87082,270.9853666
04/12/2021 16:00,277.38715,271.072187
04/12/2021 17:00,276.54147,269.1371853
04/12/2021 18:00,276.56934,272.3374752
04/12/2021 19:00,278.30408,274.3116096
04/12/2021 20:00,278.60397,275.0648248
04/12/2021 21:00,278.83032,274.2224424
04/12/2021 22:00,278.79785,272.1881015
04/12/2021 23:00,278.7338,270.8974243
05/12/2021 0:00,278.47556,271.2804881
05/12/2021 1:00,278.93976,272.5066559
05/12/2021 2:00,279.37753,273.259124
05/12/2021 3:00,279.8205,274.5576464
05/12/2021 4:00,280.1939,273.0166585
05/12/2021 5:00,280.395,275.5575222
05/12/2021 6:00,280.4059,274.6178145
05/12/2021 7:00,280.6989,275.3428486
05/12/2021 8:00,281.13812,277.7299047
05/12/2021 9:00,281.50177,274.2096887
05/12/2021 10:00,282.19348,277.7968206
05/12/2021 11:00,283.08255,277.2610575
05/12/2021 12:00,283.52377,276.7248319
05/12/2021 13:00,283.2822,278.97209
05/12/2021 14:00,283.00327,278.7680701
05/12/2021 15:00,282.01395,275.0727788
05/12/2021 16:00,280.09308,275.925965
05/12/2021 17:00,279.39993,276.5102507
05/12/2021 18:00,278.61374,275.262013
05/12/2021 19:00,278.45575,276.3465529
05/12/2021 20:00,276.96146,275.5975158
05/12/2021 21:00,276.0744,278.0609362
05/12/2021 22:00,275.69696,271.8886545
05/12/2021 23:00,275.7972,274.1902761
06/12/2021 0:00,275.83224,272.684438
06/12/2021 1:00,275.87506,275.3658107
06/12/2021 2:00,276.13876,271.3105799
06/12/2021 3:00,275.88882,274.5960251
06/12/2021 4:00,275.80927,272.749434
06/12/2021 5:00,275.88596,272.5283127
06/12/2021 6:00,275.7139,271.3847957
06/12/2021 7:00,276.49408,273.9346502
06/12/2021 8:00,277.52246,277.1897584
06/12/2021 9:00,278.62753,275.7620501
06/12/2021 10:00,279.27356,277.5623327
06/12/2021 11:00,279.5476,279.9424992
06/12/2021 12:00,279.6849,277.7806062
06/12/2021 13:00,279.45023,276.6227308
06/12/2021 14:00,279.063,278.2940927
06/12/2021 15:00,278.28024,276.0436143
06/12/2021 16:00,277.5644,275.5872897
06/12/2021 17:00,277.14816,273.4802303
06/12/2021 18:00,276.96088,277.316467
06/12/2021 19:00,276.9106,275.1462654
06/12/2021 20:00,276.62936,275.5256744
06/12/2021 21:00,276.26343,272.8254176
06/12/2021 22:00,275.94168,274.804447
06/12/2021 23:00,275.7159,272.1887843
07/12/2021 0:00,275.4821,272.749317
07/12/2021 1:00,275.09802,274.1324412
07/12/2021 2:00,274.78033,273.6396978
07/12/2021 3:00,274.51834,271.7820966
07/12/2021 4:00,274.29343,268.4806174
07/12/2021 5:00,274.109,276.9299188
07/12/2021 6:00,273.95532,274.7341797
07/12/2021 7:00,274.38678,272.8765878
07/12/2021 8:00,275.07733,271.6330333
07/12/2021 9:00,275.97272,274.2501539
07/12/2021 10:00,276.89307,274.5695787
07/12/2021 11:00,277.33228,278.5143443
07/12/2021 12:00,277.49,277.1878626
07/12/2021 13:00,277.49832,275.4229892
07/12/2021 14:00,277.16223,275.6175097
07/12/2021 15:00,276.39154,277.432109
07/12/2021 16:00,275.59958,277.3336737
07/12/2021 17:00,275.0147,276.4027885
07/12/2021 18:00,274.5712,274.4763019
07/12/2021 19:00,274.67978,272.6253509
07/12/2021 20:00,274.35977,266.846113
07/12/2021 21:00,273.9651,273.048639
07/12/2021 22:00,273.5012,272.461294
07/12/2021 23:00,272.94708,272.1769982
08/12/2021 0:00,272.35532,271.5027678
08/12/2021 1:00,271.8532,268.7887647
08/12/2021 2:00,271.40652,272.6480002
08/12/2021 3:00,270.9745,273.040944
08/12/2021 4:00,270.59732,272.2781713
08/12/2021 5:00,270.5367,272.4550442
08/12/2021 6:00,270.39395,271.4497917
08/12/2021 7:00,270.91705,270.0782578
08/12/2021 8:00,273.6385,273.2412346
08/12/2021 9:00,276.71008,275.6051066
08/12/2021 10:00,278.59363,277.2865365
08/12/2021 11:00,279.56598,279.7761063
08/12/2021 12:00,280.129,279.508572
08/12/2021 13:00,280.15283,281.8677046
08/12/2021 14:00,279.70673,280.9085824
08/12/2021 15:00,279.06903,275.306138
08/12/2021 16:00,278.87112,267.4097364
08/12/2021 17:00,278.75735,276.0758976
08/12/2021 18:00,278.77975,272.658202
08/12/2021 19:00,279.1733,272.695526
08/12/2021 20:00,279.61624,273.8358596
08/12/2021 21:00,279.89575,273.6530086
08/12/2021 22:00,279.76764,275.4179589
08/12/2021 23:00,279.45135,271.2894615
09/12/2021 0:00,279.61884,272.0396457
09/12/2021 1:00,280.30594,274.6316264
09/12/2021 2:00,280.99536,275.0033057
09/12/2021 3:00,281.78128,275.0243864
09/12/2021 4:00,282.31903,272.4634806
09/12/2021 5:00,282.25095,272.2118485
09/12/2021 6:00,281.812,273.2164732
09/12/2021 7:00,281.09503,274.8658941
09/12/2021 8:00,280.29993,277.5402523
09/12/2021 9:00,280.02243,272.103469
09/12/2021 10:00,279.95148,275.7496565
09/12/2021 11:00,279.86157,273.8667358
09/12/2021 12:00,279.84634,273.4054692
09/12/2021 13:00,279.6711,277.884618
09/12/2021 14:00,279.1506,276.5781086
09/12/2021 15:00,278.57266,275.6901745
09/12/2021 16:00,277.95248,275.9315709
09/12/2021 17:00,277.2731,273.096219
09/12/2021 18:00,276.66757,272.9326284
09/12/2021 19:00,276.05258,277.9276718
09/12/2021 20:00,276.01782,273.4390364
09/12/2021 21:00,275.76016,274.9487795
09/12/2021 22:00,275.67053,272.9235572
09/12/2021 23:00,275.37265,269.0107211
10/12/2021 0:00,275.68402,268.1594835
10/12/2021 1:00,275.7797,270.475353
10/12/2021 2:00,276.2798,273.0830497
10/12/2021 3:00,276.11288,272.2150177
10/12/2021 4:00,275.96582,271.925827
10/12/2021 5:00,275.68317,268.254863
10/12/2021 6:00,275.17905,273.1912937
10/12/2021 7:00,274.32303,269.5085344
10/12/2021 8:00,275.9299,272.4520633
10/12/2021 9:00,277.87177,273.1212447
10/12/2021 10:00,278.9725,274.004674
10/12/2021 11:00,279.62946,277.689541
10/12/2021 12:00,279.89948,274.9354088
10/12/2021 13:00,279.84146,274.4407207
10/12/2021 14:00,279.6243,276.980442
10/12/2021 15:00,278.96677,275.6293075
10/12/2021 16:00,278.2834,281.7279147
10/12/2021 17:00,277.7264,276.3113708
10/12/2021 18:00,277.8097,274.0010805
10/12/2021 19:00,277.9292,272.038702
10/12/2021 20:00,277.93323,270.4798681
10/12/2021 21:00,277.42133,271.9439361
10/12/2021 22:00,277.89014,274.0826216
10/12/2021 23:00,278.01767,276.4836684
11/12/2021 0:00,277.57443,276.0311282
11/12/2021 1:00,277.2599,274.4313433
11/12/2021 2:00,277.19095,273.3437374
11/12/2021 3:00,277.13266,274.3476219
11/12/2021 4:00,277.11023,272.8095176
11/12/2021 5:00,277.307,276.7433661
11/12/2021 6:00,277.32855,273.3216574
11/12/2021 7:00,277.82004,274.0475903
11/12/2021 8:00,277.92633,270.7338752
11/12/2021 9:00,278.1277,274.8441731
11/12/2021 10:00,278.23828,277.2500593
11/12/2021 11:00,278.47098,274.0429924
11/12/2021 12:00,278.3822,274.9723414
11/12/2021 13:00,278.18973,277.8026921
11/12/2021 14:00,277.89185,273.3054734
11/12/2021 15:00,277.39145,277.3168968
11/12/2021 16:00,277.04044,273.9459746
11/12/2021 17:00,276.85745,273.9612614
11/12/2021 18:00,276.67993,272.3129758
11/12/2021 19:00,276.35965,274.8379921
11/12/2021 20:00,276.32288,278.6340328
11/12/2021 21:00,276.2792,275.6169876
11/12/2021 22:00,276.14822,272.5477737
11/12/2021 23:00,276.10916,275.7553265
12/12/2021 0:00,276.0537,272.8059338
12/12/2021 1:00,275.71878,275.6961108
12/12/2021 2:00,275.48294,274.5432706
12/12/2021 3:00,275.17847,267.7982037
12/12/2021 4:00,274.8731,271.2554787
12/12/2021 5:00,274.38306,274.7443338
12/12/2021 6:00,273.95792,273.4228917
12/12/2021 7:00,274.71683,271.9801332
12/12/2021 8:00,274.98196,273.3198386
12/12/2021 9:00,275.32495,271.70803
12/12/2021 10:00,275.892,275.6089774
12/12/2021 11:00,276.3473,280.2881743
12/12/2021 12:00,276.4553,278.1216868
12/12/2021 13:00,276.37488,280.5800902
12/12/2021 14:00,276.44986,277.8670348
12/12/2021 15:00,276.2723,277.5462458
12/12/2021 16:00,275.78198,278.8454497
12/12/2021 17:00,275.4729,275.6878023
12/12/2021 18:00,275.26147,274.4511515
12/12/2021 19:00,275.79202,276.9638671
12/12/2021 20:00,275.4789,277.6334264
12/12/2021 21:00,275.21378,274.2063228
12/12/2021 22:00,274.93515,273.4449849
12/12/2021 23:00,274.5962,274.5554295
13/12/2021 0:00,274.37155,275.4220105
13/12/2021 1:00,274.2871,274.9635116
13/12/2021 2:00,274.1116,270.2954625
13/12/2021 3:00,273.8904,275.3373408
13/12/2021 4:00,273.656,270.4552323
13/12/2021 5:00,273.33456,271.4883696
13/12/2021 6:00,272.9689,270.5691185
13/12/2021 7:00,273.5842,277.7370137
13/12/2021 8:00,275.33444,274.8052754
13/12/2021 9:00,277.54083,274.1930392
13/12/2021 10:00,279.17676,278.0288243
13/12/2021 11:00,280.26746,278.193916
13/12/2021 12:00,280.84915,276.7421045
13/12/2021 13:00,280.86005,278.7104569
13/12/2021 14:00,280.26227,275.5055368
13/12/2021 15:00,279.28418,275.7844001
13/12/2021 16:00,278.27448,272.8448654
13/12/2021 17:00,277.55865,273.9429268
13/12/2021 18:00,276.9916,279.5895447
13/12/2021 19:00,277.17343,279.1522758
13/12/2021 20:00,276.60297,276.5021249
13/12/2021 21:00,276.43347,279.5148033
13/12/2021 22:00,276.8115,276.3226178
13/12/2021 23:00,276.90717,276.1744267
14/12/2021 0:00,276.78018,276.7030064
14/12/2021 1:00,276.24762,276.2736242
14/12/2021 2:00,276.32462,275.8922565
14/12/2021 3:00,275.83282,278.1633816
14/12/2021 4:00,275.4746,276.0740908
14/12/2021 5:00,275.28015,276.8334751
14/12/2021 6:00,275.08597,276.9822004
14/12/2021 7:00,275.87534,275.7307798
14/12/2021 8:00,277.2803,274.2430684
14/12/2021 9:00,278.98572,274.652283
14/12/2021 10:00,279.92447,277.8450856
14/12/2021 11:00,280.8523,277.6677901
14/12/2021 12:00,281.19644,278.2927198
14/12/2021 13:00,281.12317,278.3606041
14/12/2021 14:00,280.60526,282.9692432
14/12/2021 15:00,279.6674,275.7317484
14/12/2021 16:00,278.66373,274.2669754
14/12/2021 17:00,278.08603,278.0842289
14/12/2021 18:00,277.8232,276.36298
14/12/2021 19:00,277.76605,277.6365805
14/12/2021 20:00,277.48914,277.6561424
14/12/2021 21:00,277.413,278.4494558
14/12/2021 22:00,277.38342,273.3192442
14/12/2021 23:00,277.38858,275.1340257
15/12/2021 0:00,277.19873,276.6954712
15/12/2021 1:00,276.94363,277.0391129
15/12/2021 2:00,276.82816,279.182523
15/12/2021 3:00,276.8405,276.5337745
15/12/2021 4:00,276.56964,274.6436502
15/12/2021 5:00,276.46564,273.1980765
15/12/2021 6:00,276.3769,273.7921455
15/12/2021 7:00,276.94537,274.2885925
15/12/2021 8:00,277.98895,277.7364697
15/12/2021 9:00,279.48154,278.6528705
15/12/2021 10:00,280.54407,276.556122
15/12/2021 11:00,281.26852,278.3148049
15/12/2021 12:00,281.52103,280.7366969
15/12/2021 13:00,281.33374,279.7447007
15/12/2021 14:00,280.8655,280.0702442
15/12/2021 15:00,279.87277,279.454956
15/12/2021 16:00,278.88547,281.0340146
15/12/2021 17:00,278.184,278.2734064
15/12/2021 18:00,277.69193,276.7182795
15/12/2021 19:00,278.2317,274.6354948
15/12/2021 20:00,278.10413,276.4641768
15/12/2021 21:00,277.9312,271.6414504
15/12/2021 22:00,277.76862,275.294287
15/12/2021 23:00,277.6836,275.2386942
16/12/2021 0:00,277.5825,272.1637242
16/12/2021 1:00,277.40613,272.1268981
16/12/2021 2:00,277.00195,275.1070921
16/12/2021 3:00,276.62936,274.7390734
16/12/2021 4:00,276.24246,275.0779743
16/12/2021 5:00,275.6639,275.8480869
16/12/2021 6:00,275.08566,275.938644
16/12/2021 7:00,275.4192,278.154051
16/12/2021 8:00,276.7908,277.0285368
16/12/2021 9:00,278.3595,275.6769317
16/12/2021 10:00,279.5769,281.9649507
16/12/2021 11:00,280.45905,280.186524
16/12/2021 12:00,280.4559,278.4710746
16/12/2021 13:00,280.34818,277.244232
16/12/2021 14:00,279.79922,279.9167677
16/12/2021 15:00,278.80533,278.8716197
16/12/2021 16:00,278.46207,281.8151705
16/12/2021 17:00,278.0461,278.3423146
16/12/2021 18:00,278.0987,277.4558491
16/12/2021 19:00,278.46866,280.4590883
16/12/2021 20:00,278.4833,280.6011154
16/12/2021 21:00,278.31586,279.3033562
16/12/2021 22:00,278.1228,280.3459838
16/12/2021 23:00,278.15814,279.2509054
17/12/2021 0:00,277.98953,279.9302106
17/12/2021 1:00,278.00534,281.6450088
17/12/2021 2:00,277.85767,280.52531
17/12/2021 3:00,277.98666,278.6151879
17/12/2021 4:00,278.28424,280.7047435
17/12/2021 5:00,277.90018,273.6611417
17/12/2021 6:00,277.4495,281.0838301
17/12/2021 7:00,277.6526,274.4835226
17/12/2021 8:00,278.37302,276.8332102
17/12/2021 9:00,279.56226,278.9213314
17/12/2021 10:00,280.4134,279.4325968
17/12/2021 11:00,281.22458,281.8326096
17/12/2021 12:00,281.67297,278.34637
17/12/2021 13:00,281.63507,280.7063911
17/12/2021 14:00,280.9491,279.0061135
17/12/2021 15:00,279.8627,279.6831452
17/12/2021 16:00,278.96332,278.1069292
17/12/2021 17:00,278.49106,277.7801008
17/12/2021 18:00,278.01108,276.3631434
17/12/2021 19:00,278.2785,276.3114065
17/12/2021 20:00,277.87894,277.5486387
17/12/2021 21:00,277.73044,278.517345
17/12/2021 22:00,277.40353,275.6935742
17/12/2021 23:00,276.86752,275.3337876
18/12/2021 0:00,276.26974,278.1002418
18/12/2021 1:00,276.1692,276.8756056
18/12/2021 2:00,275.96582,278.0264142
18/12/2021 3:00,275.80438,274.7686099
18/12/2021 4:00,275.60675,273.1013559
18/12/2021 5:00,275.51886,275.1785478
18/12/2021 6:00,275.41373,274.3036641
18/12/2021 7:00,275.809,275.4807206
18/12/2021 8:00,276.2841,275.0744597
18/12/2021 9:00,277.13123,278.5483351
18/12/2021 10:00,277.92548,277.4925333
18/12/2021 11:00,278.43967,278.7055122
18/12/2021 12:00,278.69186,278.6372013
18/12/2021 13:00,278.61948,278.5237753
18/12/2021 14:00,278.25436,277.8503308
18/12/2021 15:00,277.4334,278.3591162
18/12/2021 16:00,276.30652,275.2223821
18/12/2021 17:00,275.30283,278.2183668
18/12/2021 18:00,274.36008,274.8703961
18/12/2021 19:00,274.04092,272.0606403
18/12/2021 20:00,273.58047,275.2181102
18/12/2021 21:00,273.045,273.9156946
18/12/2021 22:00,272.5541,276.8142988
18/12/2021 23:00,272.44754,279.5222999
19/12/2021 0:00,272.04623,274.4024845
19/12/2021 1:00,272.02872,276.7105309
19/12/2021 2:00,272.16602,273.2652776
19/12/2021 3:00,272.2134,277.0010518
19/12/2021 4:00,272.22635,274.447088
19/12/2021 5:00,272.29126,274.4919886
19/12/2021 6:00,272.42886,273.1414365
19/12/2021 7:00,272.77155,275.6215284
19/12/2021 8:00,274.44537,277.0977152
19/12/2021 9:00,277.76547,277.7474088
19/12/2021 10:00,280.40677,277.7560826
19/12/2021 11:00,282.1748,283.3004334
19/12/2021 12:00,282.96506,279.783072
19/12/2021 13:00,283.0857,277.4736427
19/12/2021 14:00,282.52066,281.5745005
19/12/2021 15:00,281.1111,277.457355
19/12/2021 16:00,279.65762,279.4124606
19/12/2021 17:00,279.08627,275.3741406
19/12/2021 18:00,277.70227,277.934441
19/12/2021 19:00,277.841,280.1892331
19/12/2021 20:00,275.43008,272.3214955
19/12/2021 21:00,273.7781,272.7624316
19/12/2021 22:00,272.81894,273.8787138
19/12/2021 23:00,272.28638,277.0532836
20/12/2021 0:00,271.95117,273.7349007
20/12/2021 1:00,271.75784,274.3130559
20/12/2021 2:00,271.65674,275.9746995
20/12/2021 3:00,271.7544,273.853469
20/12/2021 4:00,272.0629,274.5574734
20/12/2021 5:00,272.48172,271.2769211
20/12/2021 6:00,273.41214,277.8610656
20/12/2021 7:00,274.34973,271.7067561
20/12/2021 8:00,276.81982,275.114249
20/12/2021 9:00,278.9656,277.1829462
20/12/2021 10:00,279.971,281.5594514
20/12/2021 11:00,280.48462,275.9789687
20/12/2021 12:00,280.56534,281.8982448
20/12/2021 13:00,280.2353,279.5157389
20/12/2021 14:00,279.52405,278.2674142
20/12/2021 15:00,278.2923,275.0075252
20/12/2021 16:00,276.83188,277.0517057
20/12/2021 17:00,275.1931,273.8624112
20/12/2021 18:00,273.62183,276.6407537
20/12/2021 19:00,272.67676,273.2186649
20/12/2021 20:00,271.68344,274.7192137
20/12/2021 21:00,271.06094,273.4485603
20/12/2021 22:00,270.69214,272.1704867
20/12/2021 23:00,270.59158,274.8600627
21/12/2021 0:00,270.5505,274.1564393
21/12/2021 1:00,270.59042,275.0051231
21/12/2021 2:00,270.5149,269.3914417
21/12/2021 3:00,270.41492,274.010103
21/12/2021 4:00,270.49075,275.8678218
21/12/2021 5:00,270.4718,269.6577771
21/12/2021 6:00,270.4675,273.7029888
21/12/2021 7:00,270.99258,270.2305487
21/12/2021 8:00,272.95367,269.9255427
21/12/2021 9:00,275.8222,273.7797424
21/12/2021 10:00,276.7885,276.972222
21/12/2021 11:00,277.47363,274.1241367
21/12/2021 12:00,277.91052,274.8739389
21/12/2021 13:00,278.1524,277.0299325
21/12/2021 14:00,277.9611,275.6376617
21/12/2021 15:00,277.0617,276.1431057
21/12/2021 16:00,275.83255,274.8974874
21/12/2021 17:00,274.00848,274.8741349
21/12/2021 18:00,272.7029,272.9657654
21/12/2021 19:00,273.83554,273.0059624
21/12/2021 20:00,273.30988,270.5073529
21/12/2021 21:00,273.1338,274.6187297
21/12/2021 22:00,273.20187,271.3021424
21/12/2021 23:00,273.4225,274.5349243
22/12/2021 0:00,273.59625,272.0092476
22/12/2021 1:00,273.78497,272.8729482
22/12/2021 2:00,274.25262,271.4567379
22/12/2021 3:00,274.29688,270.3966781
22/12/2021 4:00,274.42584,268.9600303
22/12/2021 5:00,274.41608,269.9965196
22/12/2021 6:00,273.84732,271.3031618
22/12/2021 7:00,274.54132,271.5501555
22/12/2021 8:00,275.21924,274.0189433
22/12/2021 9:00,276.2614,273.5892805
22/12/2021 10:00,277.5621,273.7564796
22/12/2021 11:00,278.0579,273.3974313
22/12/2021 12:00,278.62897,277.0615829
22/12/2021 13:00,278.86105,278.5857703
22/12/2021 14:00,278.57782,278.0200762
22/12/2021 15:00,277.91772,276.2931806
22/12/2021 16:00,276.76813,274.9225944
22/12/2021 17:00,275.6122,275.5599422
22/12/2021 18:00,275.17673,272.1838446
22/12/2021 19:00,274.92856,271.9567202
22/12/2021 20:00,274.92136,269.7361086
22/12/2021 21:00,274.40546,267.508773
22/12/2021 22:00,273.55634,268.5919682
22/12/2021 23:00,273.59512,269.5543027
23/12/2021 0:00,273.6405,269.575754
23/12/2021 1:00,273.81918,272.6620774
23/12/2021 2:00,273.68216,269.493167
23/12/2021 3:00,273.5974,271.6722171
23/12/2021 4:00,274.0148,269.0083179
23/12/2021 5:00,274.5695,269.4127153
23/12/2021 6:00,275.03598,268.0535814
23/12/2021 7:00,275.70587,270.0523678
23/12/2021 8:00,277.05594,273.189662
23/12/2021 9:00,279.41287,273.4725193
23/12/2021 10:00,279.8584,275.9886161
23/12/2021 11:00,280.28152,275.3136058
23/12/2021 12:00,280.40475,275.1548946
23/12/2021 13:00,280.4056,279.4471069
23/12/2021 14:00,280.4984,275.2956212
23/12/2021 15:00,280.14594,276.5678667
23/12/2021 16:00,279.57202,273.3911237
23/12/2021 17:00,278.855,275.1991191
23/12/2021 18:00,277.9295,276.0155478
23/12/2021 19:00,278.20038,274.6259332
23/12/2021 20:00,277.8482,270.9402928
23/12/2021 21:00,277.77667,276.0437481
23/12/2021 22:00,278.15125,279.0604666
23/12/2021 23:00,278.3305,278.6148085
24/12/2021 0:00,278.5876,278.743864
24/12/2021 1:00,278.6235,275.1841139
24/12/2021 2:00,278.82486,277.3333122
24/12/2021 3:00,279.04633,279.4184598
24/12/2021 4:00,278.91852,279.4142803
24/12/2021 5:00,279.13394,280.9486335
24/12/2021 6:00,279.36862,278.5325015
24/12/2021 7:00,279.92935,280.0058878
24/12/2021 8:00,280.5352,280.4403643
24/12/2021 9:00,281.31277,280.2840966
24/12/2021 10:00,282.28598,279.3646504
24/12/2021 11:00,282.78983,285.0705422
24/12/2021 12:00,282.8068,285.0977263
24/12/2021 13:00,282.69388,283.7104193
24/12/2021 14:00,282.61633,281.4802678
24/12/2021 15:00,282.27307,284.8460876
24/12/2021 16:00,282.07657,282.8880119
24/12/2021 17:00,282.0045,284.2422326
24/12/2021 18:00,282.0789,286.4388861
24/12/2021 19:00,282.79156,279.9969002
24/12/2021 20:00,282.78323,282.4195586
24/12/2021 21:00,282.76398,283.1775183
24/12/2021 22:00,282.82114,286.1696865
24/12/2021 23:00,282.87228,280.4646146
25/12/2021 0:00,282.79385,286.6858533
25/12/2021 1:00,282.83377,283.3342242
25/12/2021 2:00,282.92886,283.0145388
25/12/2021 3:00,282.9659,282.7829639
25/12/2021 4:00,283.00385,282.2601831
25/12/2021 5:00,283.16296,284.8480472
25/12/2021 6:00,283.28592,280.8376557
25/12/2021 7:00,283.79608,283.3666102
25/12/2021 8:00,283.99573,282.6572175
25/12/2021 9:00,284.0641,283.0034131
25/12/2021 10:00,284.17352,290.2435459
25/12/2021 11:00,284.28787,286.9200151
25/12/2021 12:00,284.3295,287.2612463
25/12/2021 13:00,283.95322,287.8469738
25/12/2021 14:00,283.8067,282.9335538
25/12/2021 15:00,283.66797,287.9261181
25/12/2021 16:00,283.6289,279.584621
25/12/2021 17:00,283.64987,282.3894696
25/12/2021 18:00,283.60907,282.8151188
25/12/2021 19:00,283.53152,284.705289
25/12/2021 20:00,283.5476,283.3425249
25/12/2021 21:00,283.68665,282.0457638
25/12/2021 22:00,283.79752,280.9799547
25/12/2021 23:00,283.84433,277.9579491
26/12/2021 0:00,283.8679,276.0626625
26/12/2021 1:00,283.8932,279.0624181
26/12/2021 2:00,283.89087,278.0451083
26/12/2021 3:00,283.84177,278.4975775
26/12/2021 4:00,283.678,273.3237197
26/12/2021 5:00,283.3988,275.381787
26/12/2021 6:00,283.05237,273.2216406
26/12/2021 7:00,283.0515,275.4933431
26/12/2021 8:00,283.65103,275.2145539
26/12/2021 9:00,284.37003,273.8635467
26/12/2021 10:00,284.92615,273.031534
26/12/2021 11:00,285.0445,275.4997246
26/12/2021 12:00,284.8098,274.9851355
26/12/2021 13:00,284.79343,272.7653783
26/12/2021 14:00,284.50647,271.6361374
26/12/2021 15:00,283.87708,273.4754041
26/12/2021 16:00,283.35114,276.6370295
26/12/2021 17:00,283.2345,275.9344947
26/12/2021 18:00,283.19055,271.8749487
26/12/2021 19:00,282.82602,271.6581606
26/12/2021 20:00,282.59506,275.9219638
26/12/2021 21:00,282.94092,271.5268163
26/12/2021 22:00,282.90216,274.3359992
26/12/2021 23:00,282.76514,272.2197936
27/12/2021 0:00,282.60083,276.0263847
27/12/2021 1:00,282.06192,271.655566
27/12/2021 2:00,281.52045,274.9463067
27/12/2021 3:00,281.11026,273.1026941
27/12/2021 4:00,280.66586,273.0121859
27/12/2021 5:00,280.03937,268.8406823
27/12/2021 6:00,279.48987,268.2657588
27/12/2021 7:00,279.71362,271.3096355
27/12/2021 8:00,279.93365,272.3561983
27/12/2021 9:00,280.5165,270.3180239
27/12/2021 10:00,281.41446,270.8619092
27/12/2021 11:00,282.38077,274.7218339
27/12/2021 12:00,283.1621,275.1793067
27/12/2021 13:00,283.36636,274.1701496
27/12/2021 14:00,283.27213,275.7141381
27/12/2021 15:00,282.6054,271.9678509
27/12/2021 16:00,280.99106,273.3126755
27/12/2021 17:00,280.32806,276.7187828
27/12/2021 18:00,279.51428,273.6120718
27/12/2021 19:00,279.43124,273.5291047
27/12/2021 20:00,279.117,277.1510952
27/12/2021 21:00,279.12762,270.3899177
27/12/2021 22:00,278.99033,274.2505639
27/12/2021 23:00,279.24826,275.5725956
28/12/2021 0:00,279.16037,272.1106972
28/12/2021 1:00,279.4953,273.9966446
28/12/2021 2:00,279.4956,270.6404154
28/12/2021 3:00,279.0765,271.06215
28/12/2021 4:00,279.01846,272.9308154
28/12/2021 5:00,278.93372,273.4302558
28/12/2021 6:00,278.90903,274.2680423
28/12/2021 7:00,278.7071,275.3660907
28/12/2021 8:00,280.27377,273.0117524
28/12/2021 9:00,282.7479,275.8579809
28/12/2021 10:00,283.56055,273.9325389
28/12/2021 11:00,284.36282,276.9974121
28/12/2021 12:00,284.71356,276.7682526
28/12/2021 13:00,284.71643,277.8349283
28/12/2021 14:00,284.0661,277.8305565
28/12/2021 15:00,283.5792,273.3808986
28/12/2021 16:00,282.63614,273.4827437
28/12/2021 17:00,281.6003,275.3411111
28/12/2021 18:00,280.69775,271.9907096
28/12/2021 19:00,281.11685,275.5775997
28/12/2021 20:00,281.35757,275.3676318
28/12/2021 21:00,281.55176,274.6135277
28/12/2021 22:00,281.6296,272.4200171
28/12/2021 23:00,281.39377,277.1776866
29/12/2021 0:00,281.45123,278.4282489
29/12/2021 1:00,281.05167,275.0794814
29/12/2021 2:00,281.18637,276.1422503
29/12/2021 3:00,281.222,275.8266561
29/12/2021 4:00,281.19357,276.9208053
29/12/2021 5:00,281.12262,276.3471132
29/12/2021 6:00,281.1275,276.6833485
29/12/2021 7:00,280.9632,277.1420687
29/12/2021 8:00,281.16858,280.7529029
29/12/2021 9:00,282.50287,275.8324436
29/12/2021 10:00,283.6045,279.7319028
29/12/2021 11:00,284.56564,278.8701626
29/12/2021 12:00,285.05597,284.6148742
29/12/2021 13:00,285.57074,280.8655651
29/12/2021 14:00,285.64774,278.8330586
29/12/2021 15:00,284.39902,281.6990619
29/12/2021 16:00,282.7298,282.8703222
29/12/2021 17:00,281.39923,280.6596362
29/12/2021 18:00,279.79608,279.3420362
29/12/2021 19:00,278.86853,278.4402751
29/12/2021 20:00,277.60718,280.4961122
29/12/2021 21:00,276.8342,276.2479763
29/12/2021 22:00,276.44785,276.9729714
29/12/2021 23:00,276.16718,276.182895
30/12/2021 0:00,276.14966,275.1245391
30/12/2021 1:00,276.24503,276.2146539
30/12/2021 2:00,276.79715,278.4629349
30/12/2021 3:00,277.27887,277.5997388
30/12/2021 4:00,277.7129,277.6352311
30/12/2021 5:00,277.5911,276.6466942
30/12/2021 6:00,277.6408,277.4353697
30/12/2021 7:00,278.2242,275.2591321
30/12/2021 8:00,279.6487,276.88147
30/12/2021 9:00,281.27084,278.2933075
30/12/2021 10:00,282.70453,279.0212506
30/12/2021 11:00,283.56396,279.8273334
30/12/2021 12:00,284.7515,279.3882549
30/12/2021 13:00,285.3593,279.6836235
30/12/2021 14:00,285.1275,286.376224
30/12/2021 15:00,283.91788,281.8178474
30/12/2021 16:00,282.52786,280.4570868
30/12/2021 17:00,281.40756,278.8840849
30/12/2021 18:00,280.53833,278.4025166
30/12/2021 19:00,279.79865,278.4953989
30/12/2021 20:00,279.358,279.4671312
30/12/2021 21:00,278.94235,275.7773269
30/12/2021 22:00,278.65338,276.6622135
30/12/2021 23:00,278.34973,278.2055038
31/12/2021 0:00,278.01395,279.0272225
31/12/2021 1:00,277.4202,277.0050702
31/12/2021 2:00,277.05652,279.4905652
31/12/2021 3:00,276.8115,273.9920457
31/12/2021 4:00,276.6509,275.0422118
31/12/2021 5:00,276.5205,278.5791628
31/12/2021 6:00,276.40445,275.5544368
31/12/2021 7:00,276.86578,277.7136656
31/12/2021 8:00,278.49854,281.6522833
31/12/2021 9:00,282.91135,279.4849272
31/12/2021 10:00,286.8674,282.4718171
31/12/2021 11:00,288.63055,283.6902423
31/12/2021 12:00,289.21857,281.7065574
31/12/2021 13:00,289.08243,285.0922057
31/12/2021 14:00,288.26605,286.9170654
31/12/2021 15:00,286.6353,284.7902664
31/12/2021 16:00,286.07974,282.5537726
31/12/2021 17:00,284.73685,279.1081916
31/12/2021 18:00,282.6439,277.5982474
31/12/2021 19:00,281.17145,279.4344488
31/12/2021 20:00,281.19012,275.8605821
31/12/2021 21:00,281.98953,277.2094956
31/12/2021 22:00,281.34293,276.8110391
31/12/2021 23:00,280.6018,278.6064477
