datetime,t2m,predicted_t2m
01/01/2021 0:00,272.88535,273.3508676
01/01/2021 1:00,272.34344,271.8047209
01/01/2021 2:00,271.9295,272.9290672
01/01/2021 3:00,271.57498,274.305978
01/01/2021 4:00,271.3095,270.8981278
01/01/2021 5:00,271.46823,270.8052069
01/01/2021 6:00,271.27203,274.0333027
01/01/2021 7:00,271.47742,273.2507466
01/01/2021 8:00,272.88464,273.436733
01/01/2021 9:00,275.25543,278.0815441
01/01/2021 10:00,277.61707,278.2735936
01/01/2021 11:00,279.62415,279.8809097
01/01/2021 12:00,280.69907,281.891283
01/01/2021 13:00,281.2314,278.3403276
01/01/2021 14:00,280.8744,278.1782308
01/01/2021 15:00,279.72418,278.7888396
01/01/2021 16:00,278.5651,276.5435248
01/01/2021 17:00,277.6987,277.921439
01/01/2021 18:00,276.78708,274.8817573
01/01/2021 19:00,276.423,273.7849109
01/01/2021 20:00,275.61246,278.2057766
01/01/2021 21:00,275.22397,274.9878271
01/01/2021 22:00,275.037,275.5161926
01/01/2021 23:00,274.80264,272.809112
02/01/2021 0:00,274.56085,274.3533207
02/01/2021 1:00,274.24307,275.3960176
02/01/2021 2:00,273.856,272.9038564
02/01/2021 3:00,273.50394,274.831324
02/01/2021 4:00,273.34875,272.7171963
02/01/2021 5:00,273.17307,273.0702836
02/01/2021 6:00,272.9115,272.2159408
02/01/2021 7:00,273.18686,277.0830938
02/01/2021 8:00,275.29504,275.6156024
02/01/2021 9:00,278.87686,277.0840231
02/01/2021 10:00,281.11902,282.6371372
02/01/2021 11:00,282.89563,280.6354625
02/01/2021 12:00,283.80795,284.0109629
02/01/2021 13:00,283.8995,280.1997155
02/01/2021 14:00,283.28656,280.7211698
02/01/2021 15:00,282.3046,282.4213287
02/01/2021 16:00,281.47815,282.4675182
02/01/2021 17:00,281.07446,281.0029987
02/01/2021 18:00,280.74997,280.1923943
02/01/2021 19:00,280.4824,279.1844409
02/01/2021 20:00,280.14694,276.9361735
02/01/2021 21:00,279.74396,278.0814065
02/01/2021 22:00,279.25156,278.2824362
02/01/2021 23:00,278.5863,280.548022
03/01/2021 0:00,278.22824,278.9930225
03/01/2021 1:00,278.2784,275.0992037
03/01/2021 2:00,277.85388,278.096609
03/01/2021 3:00,277.30954,276.191779
03/01/2021 4:00,276.52728,275.1193634
03/01/2021 5:00,275.74997,277.0720854
03/01/2021 6:00,275.05432,277.3283742
03/01/2021 7:00,275.21548,277.0976222
03/01/2021 8:00,276.63757,275.3215889
03/01/2021 9:00,279.10416,279.029518
03/01/2021 10:00,280.82138,282.2417926
03/01/2021 11:00,282.42053,284.8947926
03/01/2021 12:00,283.53012,283.0157357
03/01/2021 13:00,284.00238,283.8171553
03/01/2021 14:00,283.68317,281.8792154
03/01/2021 15:00,282.29575,280.2947932
03/01/2021 16:00,280.61496,281.6808833
03/01/2021 17:00,279.21692,280.9312861
03/01/2021 18:00,278.0363,277.197282
03/01/2021 19:00,277.45126,280.8699709
03/01/2021 20:00,276.6259,279.4249239
03/01/2021 21:00,276.06915,277.1172124
03/01/2021 22:00,275.61035,278.2719772
03/01/2021 23:00,275.4495,279.7973349
04/01/2021 0:00,274.8256,276.5060088
04/01/2021 1:00,273.95108,278.3416625
04/01/2021 2:00,273.43747,270.2038524
04/01/2021 3:00,273.39542,276.2415569
04/01/2021 4:00,272.90656,275.0168485
04/01/2021 5:00,272.5969,274.390522
04/01/2021 6:00,272.4343,274.9610954
04/01/2021 7:00,273.35123,270.8849052
04/01/2021 8:00,276.03806,274.7593424
04/01/2021 9:00,277.76587,277.3106748
04/01/2021 10:00,279.96915,280.5260919
04/01/2021 11:00,280.74997,277.9602304
04/01/2021 12:00,280.99847,278.2310239
04/01/2021 13:00,281.0066,278.9914812
04/01/2021 14:00,280.54355,281.2951588
04/01/2021 15:00,279.64993,279.6706332
04/01/2021 16:00,278.68988,277.4126456
04/01/2021 17:00,278.17557,278.8381697
04/01/2021 18:00,277.94473,277.7516127
04/01/2021 19:00,277.57675,279.0894649
04/01/2021 20:00,277.1685,276.0371858
04/01/2021 21:00,277.0741,276.6903997
04/01/2021 22:00,277.34982,276.773208
04/01/2021 23:00,277.4442,275.010411
05/01/2021 0:00,277.56155,278.1868635
05/01/2021 1:00,277.47745,277.9316031
05/01/2021 2:00,277.40884,277.3319264
05/01/2021 3:00,277.37173,276.8118778
05/01/2021 4:00,277.1038,274.6010169
05/01/2021 5:00,277.00943,276.2743846
05/01/2021 6:00,276.95886,276.2608217
05/01/2021 7:00,276.82315,275.6122078
05/01/2021 8:00,277.17697,276.9125379
05/01/2021 9:00,277.54706,278.0581603
05/01/2021 10:00,277.85318,280.76732
05/01/2021 11:00,278.3417,278.0180956
05/01/2021 12:00,278.83093,278.7971519
05/01/2021 13:00,279.3198,278.7493285
05/01/2021 14:00,279.4877,275.6440511
05/01/2021 15:00,279.10733,278.7906779
05/01/2021 16:00,278.00943,278.2911386
05/01/2021 17:00,277.22964,281.7812547
05/01/2021 18:00,277.0575,276.8777593
05/01/2021 19:00,277.15152,277.7570465
05/01/2021 20:00,276.996,277.1216466
05/01/2021 21:00,276.76163,274.9174765
05/01/2021 22:00,276.8666,279.0200605
05/01/2021 23:00,277.0377,278.2724811
06/01/2021 0:00,277.23282,278.3185817
06/01/2021 1:00,277.51065,275.4418373
06/01/2021 2:00,277.75067,279.6738899
06/01/2021 3:00,277.58313,274.5094144
06/01/2021 4:00,276.89243,277.5818013
06/01/2021 5:00,276.09567,279.5454087
06/01/2021 6:00,275.5301,273.192878
06/01/2021 7:00,275.56296,273.3701215
06/01/2021 8:00,276.51526,275.9174512
06/01/2021 9:00,279.01013,277.5344307
06/01/2021 10:00,280.75916,277.5681724
06/01/2021 11:00,281.97195,281.6605493
06/01/2021 12:00,282.86417,280.4670709
06/01/2021 13:00,283.21518,283.5168066
06/01/2021 14:00,282.8203,280.701882
06/01/2021 15:00,281.34808,283.7210136
06/01/2021 16:00,279.95605,278.0430254
06/01/2021 17:00,278.59796,277.2320808
06/01/2021 18:00,277.38092,277.6955931
06/01/2021 19:00,276.54425,272.9152558
06/01/2021 20:00,275.33994,274.8596714
06/01/2021 21:00,274.34097,276.0704484
06/01/2021 22:00,273.82382,270.2266773
06/01/2021 23:00,273.39224,273.1061651
07/01/2021 0:00,273.15082,273.195692
07/01/2021 1:00,273.03662,273.9259156
07/01/2021 2:00,272.90265,270.0864125
07/01/2021 3:00,272.70047,269.6862495
07/01/2021 4:00,272.48978,272.6637863
07/01/2021 5:00,272.21548,271.9778878
07/01/2021 6:00,271.91785,271.6903548
07/01/2021 7:00,271.91785,273.0595256
07/01/2021 8:00,274.57745,273.5901961
07/01/2021 9:00,277.1957,276.9452703
07/01/2021 10:00,278.61246,278.6276836
07/01/2021 11:00,279.5043,277.8832262
07/01/2021 12:00,279.9914,283.0177098
07/01/2021 13:00,280.23355,280.8591834
07/01/2021 14:00,280.07623,277.7792063
07/01/2021 15:00,279.0946,280.2489127
07/01/2021 16:00,277.59796,275.78157
07/01/2021 17:00,276.58453,277.5881152
07/01/2021 18:00,275.5941,276.9385872
07/01/2021 19:00,275.31235,272.8955889
07/01/2021 20:00,275.19888,276.2760326
07/01/2021 21:00,275.02496,275.3816161
07/01/2021 22:00,274.9493,276.1096968
07/01/2021 23:00,274.82773,277.7582875
08/01/2021 0:00,274.76093,273.8338361
08/01/2021 1:00,274.8454,273.1219183
08/01/2021 2:00,274.90372,273.1176419
08/01/2021 3:00,274.99316,273.3096867
08/01/2021 4:00,274.96594,274.6445145
08/01/2021 5:00,274.9564,275.3166648
08/01/2021 6:00,274.86343,274.9771762
08/01/2021 7:00,275.05643,276.0339503
08/01/2021 8:00,275.6973,275.1694084
08/01/2021 9:00,276.56403,278.393123
08/01/2021 10:00,277.24377,275.8333041
08/01/2021 11:00,277.5665,281.7256003
08/01/2021 12:00,277.6517,278.2028595
08/01/2021 13:00,277.7574,275.5653053
08/01/2021 14:00,277.43466,274.9074258
08/01/2021 15:00,276.93695,276.9981885
08/01/2021 16:00,276.26004,275.0175036
08/01/2021 17:00,275.83337,276.0645909
08/01/2021 18:00,275.54565,275.2149668
08/01/2021 19:00,274.5718,273.8881887
08/01/2021 20:00,274.22397,272.4237412
08/01/2021 21:00,273.59903,271.0870262
08/01/2021 22:00,273.29715,272.988506
08/01/2021 23:00,272.77576,275.1615879
09/01/2021 0:00,272.21902,273.8579564
09/01/2021 1:00,271.827,271.1673537
09/01/2021 2:00,271.56366,273.6253561
09/01/2021 3:00,271.2215,273.7211383
09/01/2021 4:00,270.94223,271.1286531
09/01/2021 5:00,271.131,272.7695921
09/01/2021 6:00,271.13452,272.1492505
09/01/2021 7:00,271.692,269.6589977
09/01/2021 8:00,273.02426,273.5767526
09/01/2021 9:00,274.0363,274.7842125
09/01/2021 10:00,275.18652,276.663966
09/01/2021 11:00,276.17236,277.3144386
09/01/2021 12:00,277.0066,273.6527169
09/01/2021 13:00,277.3212,274.9739406
09/01/2021 14:00,277.08755,277.5692876
09/01/2021 15:00,276.5043,277.0813101
09/01/2021 16:00,275.71002,276.3419696
09/01/2021 17:00,275.3095,281.9078684
09/01/2021 18:00,274.81287,275.5181507
09/01/2021 19:00,274.29184,275.989049
09/01/2021 20:00,273.85458,275.3824531
09/01/2021 21:00,273.45163,274.7698395
09/01/2021 22:00,273.29822,272.9452171
09/01/2021 23:00,273.16104,274.6942704
10/01/2021 0:00,272.8019,271.7253352
10/01/2021 1:00,272.55695,272.315367
10/01/2021 2:00,272.3318,271.8159097
10/01/2021 3:00,271.92105,272.6549966
10/01/2021 4:00,272.02673,276.714389
10/01/2021 5:00,271.93942,269.2111443
10/01/2021 6:00,272.16635,273.7653518
10/01/2021 7:00,272.61703,269.7202893
10/01/2021 8:00,273.2473,272.3488209
10/01/2021 9:00,273.88358,276.1239273
10/01/2021 10:00,274.45093,274.945997
10/01/2021 11:00,274.64957,273.064003
10/01/2021 12:00,274.90268,273.8524059
10/01/2021 13:00,274.79343,276.188436
10/01/2021 14:00,274.60184,273.4302492
10/01/2021 15:00,274.30527,274.718044
10/01/2021 16:00,273.85672,273.90697
10/01/2021 17:00,273.5361,272.3650794
10/01/2021 18:00,273.2056,277.0350508
10/01/2021 19:00,272.45303,273.3748363
10/01/2021 20:00,272.3604,268.5280519
10/01/2021 21:00,272.31836,272.4500964
10/01/2021 22:00,272.25296,270.886489
10/01/2021 23:00,272.172,273.5314692
11/01/2021 0:00,272.0543,270.5261957
11/01/2021 1:00,271.81677,271.6107428
11/01/2021 2:00,271.7556,272.6592524
11/01/2021 3:00,271.7125,273.0855755
11/01/2021 4:00,271.71674,269.4005139
11/01/2021 5:00,271.72202,270.9463603
11/01/2021 6:00,271.7206,270.6773321
11/01/2021 7:00,271.18933,268.7347206
11/01/2021 8:00,271.43463,273.3914013
11/01/2021 9:00,272.0893,272.0776025
11/01/2021 10:00,272.5955,270.394351
11/01/2021 11:00,273.14975,274.859405
11/01/2021 12:00,273.4474,277.3448272
11/01/2021 13:00,273.38657,275.3659558
11/01/2021 14:00,273.41238,270.7852683
11/01/2021 15:00,273.1105,272.2042345
11/01/2021 16:00,272.73618,274.6888273
11/01/2021 17:00,272.36078,270.5712467
11/01/2021 18:00,272.01224,271.9642295
11/01/2021 19:00,271.82877,272.3558054
11/01/2021 20:00,271.31058,268.5074984
11/01/2021 21:00,270.86307,269.1173925
11/01/2021 22:00,270.06525,262.7622205
11/01/2021 23:00,269.8277,267.7914119
12/01/2021 0:00,269.9751,270.1008515
12/01/2021 1:00,269.8058,267.8816249
12/01/2021 2:00,270.0232,272.7119301
12/01/2021 3:00,270.47247,266.7425391
12/01/2021 4:00,270.87296,268.262901
12/01/2021 5:00,270.92386,269.7103045
12/01/2021 6:00,270.77963,271.6964601
12/01/2021 7:00,270.35617,265.9402647
12/01/2021 8:00,270.93906,271.6908657
12/01/2021 9:00,272.5665,271.3034137
12/01/2021 10:00,273.56967,270.6667921
12/01/2021 11:00,273.8896,273.9746537
12/01/2021 12:00,274.10416,273.960811
12/01/2021 13:00,274.20596,272.697855
12/01/2021 14:00,274.06454,273.8855287
12/01/2021 15:00,273.63684,272.6142884
12/01/2021 16:00,273.0338,272.2445233
12/01/2021 17:00,272.0879,272.7079319
12/01/2021 18:00,271.92456,274.0959098
12/01/2021 19:00,271.90582,269.1959775
12/01/2021 20:00,271.8097,274.9719542
12/01/2021 21:00,271.70047,267.7328442
12/01/2021 22:00,271.24057,270.8798115
12/01/2021 23:00,270.7312,271.901413
13/01/2021 0:00,270.70966,271.4151606
13/01/2021 1:00,271.01154,270.0368284
13/01/2021 2:00,271.36606,270.372433
13/01/2021 3:00,271.86978,269.2900233
13/01/2021 4:00,271.65982,269.0700776
13/01/2021 5:00,270.8178,270.9315637
13/01/2021 6:00,270.17838,269.5018325
13/01/2021 7:00,270.5764,268.2557855
13/01/2021 8:00,271.36182,272.9636398
13/01/2021 9:00,273.54846,273.0952966
13/01/2021 10:00,275.3986,275.7847803
13/01/2021 11:00,276.15045,277.1914112
13/01/2021 12:00,276.4343,274.7545339
13/01/2021 13:00,276.47815,275.2621187
13/01/2021 14:00,276.1957,277.1146261
13/01/2021 15:00,275.26746,275.9163072
13/01/2021 16:00,274.36008,273.6610497
13/01/2021 17:00,273.08118,273.0145561
13/01/2021 18:00,272.31342,274.4627752
13/01/2021 19:00,271.57428,270.6905308
13/01/2021 20:00,270.6188,272.0134979
13/01/2021 21:00,269.511,269.626158
13/01/2021 22:00,268.30066,268.3315159
13/01/2021 23:00,267.28406,269.6695089
14/01/2021 0:00,266.57956,268.575464
14/01/2021 1:00,266.34415,268.3338096
14/01/2021 2:00,266.94293,269.6196249
14/01/2021 3:00,267.2816,271.9922418
14/01/2021 4:00,268.59583,273.7052465
14/01/2021 5:00,271.5421,272.3967765
14/01/2021 6:00,272.049,273.1673153
14/01/2021 7:00,271.7846,271.5069761
14/01/2021 8:00,272.20737,272.3926678
14/01/2021 9:00,273.0027,274.1302037
14/01/2021 10:00,274.014,273.3400583
14/01/2021 11:00,275.17908,279.6433674
14/01/2021 12:00,275.8369,274.0828191
14/01/2021 13:00,275.9783,273.9620352
14/01/2021 14:00,275.55167,277.6990768
14/01/2021 15:00,274.7574,275.9615013
14/01/2021 16:00,273.73688,274.6638127
14/01/2021 17:00,273.31128,273.9083433
14/01/2021 18:00,272.66052,272.083462
14/01/2021 19:00,272.4336,270.4947735
14/01/2021 20:00,272.04016,271.6147531
14/01/2021 21:00,271.55695,269.600438
14/01/2021 22:00,271.12888,271.6099875
14/01/2021 23:00,270.73865,268.3091931
15/01/2021 0:00,270.44418,265.8251425
15/01/2021 1:00,269.9486,267.3012401
15/01/2021 2:00,269.3915,268.8841333
15/01/2021 3:00,268.67676,266.4743889
15/01/2021 4:00,267.84113,265.7299588
15/01/2021 5:00,267.0094,268.0727148
15/01/2021 6:00,266.34485,268.1041157
15/01/2021 7:00,266.8945,265.6162759
15/01/2021 8:00,268.64108,266.930687
15/01/2021 9:00,272.3604,271.1951886
15/01/2021 10:00,274.21796,271.2952203
15/01/2021 11:00,274.9624,272.1322118
15/01/2021 12:00,275.0027,273.6094315
15/01/2021 13:00,275.049,274.4957613
15/01/2021 14:00,274.7535,275.1110909
15/01/2021 15:00,273.72592,276.1384573
15/01/2021 16:00,272.3219,273.3620058
15/01/2021 17:00,271.32294,269.5411791
15/01/2021 18:00,270.14584,269.1206662
15/01/2021 19:00,268.89874,266.7988104
15/01/2021 20:00,267.54138,268.1377392
15/01/2021 21:00,266.69513,267.5231809
15/01/2021 22:00,267.12817,268.8978954
15/01/2021 23:00,267.43393,267.4095351
16/01/2021 0:00,267.7828,270.1293601
16/01/2021 1:00,267.2996,270.7516516
16/01/2021 2:00,266.40353,266.7780507
16/01/2021 3:00,265.9539,267.3382783
16/01/2021 4:00,265.93268,268.3994756
16/01/2021 5:00,266.18295,266.5355137
16/01/2021 6:00,266.6004,267.3086642
16/01/2021 7:00,266.88177,267.5336115
16/01/2021 8:00,268.99597,268.8695751
16/01/2021 9:00,271.46185,269.8564876
16/01/2021 10:00,272.67856,272.5729256
16/01/2021 11:00,273.21655,273.803597
16/01/2021 12:00,273.4251,275.7169199
16/01/2021 13:00,273.28442,274.7609657
16/01/2021 14:00,272.84503,276.5427289
16/01/2021 15:00,272.3399,270.7405581
16/01/2021 16:00,271.4813,272.5965891
16/01/2021 17:00,270.71567,269.3554921
16/01/2021 18:00,269.9341,273.5102202
16/01/2021 19:00,268.98926,269.8848505
16/01/2021 20:00,268.4608,269.5641937
16/01/2021 21:00,268.60855,269.5525981
16/01/2021 22:00,269.17163,266.9065351
16/01/2021 23:00,269.7093,270.5962048
17/01/2021 0:00,270.15927,270.2596895
17/01/2021 1:00,270.66583,271.774669
17/01/2021 2:00,271.36606,271.9093469
17/01/2021 3:00,271.29468,274.5500532
17/01/2021 4:00,271.19604,272.8142323
17/01/2021 5:00,271.10095,269.887866
17/01/2021 6:00,271.04724,269.263434
17/01/2021 7:00,271.08115,271.7617065
17/01/2021 8:00,271.3325,268.7714861
17/01/2021 9:00,270.93518,273.4272893
17/01/2021 10:00,272.6736,274.8010562
17/01/2021 11:00,273.10803,272.3261832
17/01/2021 12:00,273.29785,270.3862862
17/01/2021 13:00,273.30103,275.7023235
17/01/2021 14:00,273.01685,272.8083218
17/01/2021 15:00,272.28867,274.387494
17/01/2021 16:00,271.09387,267.9771709
17/01/2021 17:00,269.786,267.9399093
17/01/2021 18:00,268.1918,269.7161876
17/01/2021 19:00,267.83655,269.9580206
17/01/2021 20:00,267.86624,268.7603338
17/01/2021 21:00,267.77716,270.3354186
17/01/2021 22:00,267.53503,267.0220237
17/01/2021 23:00,266.49048,268.3968464
18/01/2021 0:00,265.67004,268.7364447
18/01/2021 1:00,265.25082,269.3366489
18/01/2021 2:00,265.06876,269.6231664
18/01/2021 3:00,264.97263,266.2167603
18/01/2021 4:00,264.7188,265.3238473
18/01/2021 5:00,264.34625,270.2885364
18/01/2021 6:00,264.3413,268.5399274
18/01/2021 7:00,266.2441,265.5175364
18/01/2021 8:00,266.97794,269.8950748
18/01/2021 9:00,267.7404,269.5274625
18/01/2021 10:00,271.61563,274.0164725
18/01/2021 11:00,272.74854,272.9776453
18/01/2021 12:00,273.5672,277.1043576
18/01/2021 13:00,274.037,276.78248
18/01/2021 14:00,273.90585,273.1529386
18/01/2021 15:00,273.24307,274.5988384
18/01/2021 16:00,272.07303,272.5807223
18/01/2021 17:00,271.33636,272.704191
18/01/2021 18:00,270.9122,267.5407609
18/01/2021 19:00,270.54422,270.1448413
18/01/2021 20:00,269.78,270.3844735
18/01/2021 21:00,269.19885,265.5802674
18/01/2021 22:00,268.65274,266.4887161
18/01/2021 23:00,268.377,264.4625429
19/01/2021 0:00,268.599,267.3692029
19/01/2021 1:00,268.9818,269.3231375
19/01/2021 2:00,268.72803,271.1138238
19/01/2021 3:00,268.53183,268.6677382
19/01/2021 4:00,268.4145,271.9312326
19/01/2021 5:00,267.798,266.4838799
19/01/2021 6:00,267.60608,266.0110962
19/01/2021 7:00,267.9737,267.6406628
19/01/2021 8:00,270.0168,270.7380162
19/01/2021 9:00,272.18048,271.9205468
19/01/2021 10:00,275.87192,271.7068903
19/01/2021 11:00,277.21408,277.0568119
19/01/2021 12:00,277.7047,275.2253366
19/01/2021 13:00,277.6075,278.6015388
19/01/2021 14:00,276.97195,277.6578119
19/01/2021 15:00,276.13245,274.4366134
19/01/2021 16:00,274.92776,274.0308462
19/01/2021 17:00,273.90903,272.599796
19/01/2021 18:00,273.69022,274.6338646
19/01/2021 19:00,273.9571,277.0114176
19/01/2021 20:00,274.6464,274.2800863
19/01/2021 21:00,275.53363,277.5222426
19/01/2021 22:00,276.40143,275.9276327
19/01/2021 23:00,277.12643,275.5479507
20/01/2021 0:00,277.47708,277.0091511
20/01/2021 1:00,277.63934,275.4664949
20/01/2021 2:00,277.7316,276.2429525
20/01/2021 3:00,277.82242,275.1402667
20/01/2021 4:00,277.94687,280.8377571
20/01/2021 5:00,278.06458,277.4767428
20/01/2021 6:00,277.961,276.1025272
20/01/2021 7:00,278.50076,277.9565343
20/01/2021 8:00,279.17026,278.4945877
20/01/2021 9:00,280.53082,279.782979
20/01/2021 10:00,281.73267,282.9191459
20/01/2021 11:00,281.62344,284.1295462
20/01/2021 12:00,283.56122,282.4304605
20/01/2021 13:00,283.93945,282.5248926
20/01/2021 14:00,283.77472,282.8375632
20/01/2021 15:00,283.03595,278.4419499
20/01/2021 16:00,281.9518,278.9484759
20/01/2021 17:00,281.2332,283.3342218
20/01/2021 18:00,280.55487,283.3100477
20/01/2021 19:00,280.35196,279.930031
20/01/2021 20:00,280.00766,281.1172886
20/01/2021 21:00,279.65277,280.455969
20/01/2021 22:00,278.9458,285.2052734
20/01/2021 23:00,278.23035,281.5458455
21/01/2021 0:00,277.66125,279.1343463
21/01/2021 1:00,277.45303,277.6228857
21/01/2021 2:00,277.22964,276.4150578
21/01/2021 3:00,276.81818,279.482578
21/01/2021 4:00,276.59055,277.7866774
21/01/2021 5:00,276.30386,276.6079497
21/01/2021 6:00,276.00128,277.9689131
21/01/2021 7:00,276.8599,278.1197523
21/01/2021 8:00,278.82385,284.4460964
21/01/2021 9:00,282.12643,284.6951106
21/01/2021 10:00,284.1063,284.5149886
21/01/2021 11:00,285.2523,288.1729008
21/01/2021 12:00,286.1625,286.5246587
21/01/2021 13:00,286.66977,285.2779205
21/01/2021 14:00,286.45166,289.3078452
21/01/2021 15:00,285.43008,286.6592953
21/01/2021 16:00,283.6998,282.4545881
21/01/2021 17:00,282.43396,282.8888288
21/01/2021 18:00,281.48947,280.9869176
21/01/2021 19:00,281.46472,280.1044605
21/01/2021 20:00,281.02606,283.7544051
21/01/2021 21:00,280.41064,284.9468645
21/01/2021 22:00,279.8546,278.4990826
21/01/2021 23:00,279.36398,281.6754204
22/01/2021 0:00,279.14093,279.4280094
22/01/2021 1:00,278.90408,279.5893524
22/01/2021 2:00,278.74396,279.5349608
22/01/2021 3:00,278.64285,278.8666864
22/01/2021 4:00,278.79062,280.6774259
22/01/2021 5:00,279.00803,279.2468935
22/01/2021 6:00,278.955,281.0814109
22/01/2021 7:00,279.73407,281.2560274
22/01/2021 8:00,281.7026,282.3547072
22/01/2021 9:00,283.96808,282.5124545
22/01/2021 10:00,285.43503,284.1582309
22/01/2021 11:00,285.98755,287.3813194
22/01/2021 12:00,286.7274,287.885588
22/01/2021 13:00,287.48737,286.0028794
22/01/2021 14:00,287.47003,287.8036148
22/01/2021 15:00,286.49725,288.2084121
22/01/2021 16:00,285.29965,282.8088356
22/01/2021 17:00,284.3502,285.8252443
22/01/2021 18:00,283.60754,283.2082428
22/01/2021 19:00,283.19998,284.7832326
22/01/2021 20:00,282.80087,282.152995
22/01/2021 21:00,282.57962,279.8057343
22/01/2021 22:00,282.36185,279.8828122
22/01/2021 23:00,282.19925,282.6423508
23/01/2021 0:00,282.25546,282.9503274
23/01/2021 1:00,282.13846,280.810978
23/01/2021 2:00,281.90515,283.3404416
23/01/2021 3:00,281.493,279.0504619
23/01/2021 4:00,281.24307,281.6187884
23/01/2021 5:00,280.89172,279.1794462
23/01/2021 6:00,280.77188,279.8543109
23/01/2021 7:00,281.2689,281.2797326
23/01/2021 8:00,282.265,280.4491163
23/01/2021 9:00,284.17346,283.0628939
23/01/2021 10:00,285.9444,287.3146697
23/01/2021 11:00,287.10806,285.5994169
23/01/2021 12:00,287.5061,288.5543035
23/01/2021 13:00,286.92285,284.8474703
23/01/2021 14:00,285.9918,286.4563024
23/01/2021 15:00,285.40323,286.6905843
23/01/2021 16:00,283.46085,277.922731
23/01/2021 17:00,282.00308,279.5586109
23/01/2021 18:00,280.86133,280.744183
23/01/2021 19:00,280.20773,279.3458644
23/01/2021 20:00,279.2413,279.6872539
23/01/2021 21:00,278.65594,277.3168463
23/01/2021 22:00,278.2915,278.7287969
23/01/2021 23:00,278.3827,278.8114129
24/01/2021 0:00,278.43008,281.4257832
24/01/2021 1:00,278.7542,279.576257
24/01/2021 2:00,278.39368,279.2494847
24/01/2021 3:00,277.9953,277.6869784
24/01/2021 4:00,277.78003,277.247499
24/01/2021 5:00,277.72488,277.2872292
24/01/2021 6:00,277.43112,278.2535526
24/01/2021 7:00,277.1098,276.5791725
24/01/2021 8:00,279.41345,279.5839504
24/01/2021 9:00,281.54318,284.6941864
24/01/2021 10:00,282.64005,283.6489063
24/01/2021 11:00,283.27985,282.2422282
24/01/2021 12:00,283.3983,284.9643947
24/01/2021 13:00,282.96384,281.3663362
24/01/2021 14:00,282.19962,277.518989
24/01/2021 15:00,281.30106,278.5377068
24/01/2021 16:00,280.68457,276.0446043
24/01/2021 17:00,279.80264,277.0771436
24/01/2021 18:00,277.9684,275.9371426
24/01/2021 19:00,277.01154,278.8069462
24/01/2021 20:00,275.54105,275.8131161
24/01/2021 21:00,274.98926,274.6664566
24/01/2021 22:00,274.65982,276.3915349
24/01/2021 23:00,274.42618,270.8371948
25/01/2021 0:00,274.29184,275.0318658
25/01/2021 1:00,274.242,275.8251857
25/01/2021 2:00,274.2671,271.6594794
25/01/2021 3:00,274.15222,276.1421634
25/01/2021 4:00,274.07233,274.3067611
25/01/2021 5:00,273.698,272.635884
25/01/2021 6:00,273.24164,274.3417278
25/01/2021 7:00,273.3908,277.4167798
25/01/2021 8:00,274.6531,274.4293126
25/01/2021 9:00,276.34064,276.1468615
25/01/2021 10:00,277.62024,276.5434344
25/01/2021 11:00,276.47495,277.0724562
25/01/2021 12:00,276.88675,280.6441661
25/01/2021 13:00,279.1685,277.9435212
25/01/2021 14:00,279.0554,279.5269601
25/01/2021 15:00,278.26605,277.857788
25/01/2021 16:00,277.2392,278.2980392
25/01/2021 17:00,276.3226,277.1521302
25/01/2021 18:00,276.00766,277.8296334
25/01/2021 19:00,274.733,273.8625209
25/01/2021 20:00,274.72876,273.843142
25/01/2021 21:00,274.65097,272.5097344
25/01/2021 22:00,274.22397,273.2816295
25/01/2021 23:00,273.9638,274.6431284
26/01/2021 0:00,273.63614,275.0356548
26/01/2021 1:00,273.5202,271.9891065
26/01/2021 2:00,273.08295,274.9887705
26/01/2021 3:00,272.81924,275.6607572
26/01/2021 4:00,272.6464,273.761007
26/01/2021 5:00,272.66724,276.3464826
26/01/2021 6:00,272.52548,271.4095242
26/01/2021 7:00,272.68103,270.2722379
26/01/2021 8:00,273.66443,270.3848216
26/01/2021 9:00,274.90903,277.7279787
26/01/2021 10:00,276.0052,277.307529
26/01/2021 11:00,275.86627,276.6289672
26/01/2021 12:00,276.42194,277.7692843
26/01/2021 13:00,277.2332,275.5449769
26/01/2021 14:00,277.29044,281.7569798
26/01/2021 15:00,276.87015,277.1959676
26/01/2021 16:00,275.69836,275.8171958
26/01/2021 17:00,274.5499,274.7295858
26/01/2021 18:00,273.3972,273.1986414
26/01/2021 19:00,272.7496,272.2616541
26/01/2021 20:00,272.33887,270.5959078
26/01/2021 21:00,272.6821,273.0932963
26/01/2021 22:00,272.82843,275.9869235
26/01/2021 23:00,271.20947,275.1717506
27/01/2021 0:00,271.70364,275.7624463
27/01/2021 1:00,272.74713,271.9743622
27/01/2021 2:00,273.25507,271.1213214
27/01/2021 3:00,273.25543,272.3748082
27/01/2021 4:00,272.97937,272.4498917
27/01/2021 5:00,272.59937,273.7552899
27/01/2021 6:00,272.20416,268.0631953
27/01/2021 7:00,272.1119,273.7097318
27/01/2021 8:00,273.51135,272.928036
27/01/2021 9:00,274.9776,274.3818461
27/01/2021 10:00,275.39612,274.3482147
27/01/2021 11:00,276.23743,274.1396894
27/01/2021 12:00,277.05362,279.1016578
27/01/2021 13:00,277.23706,277.5928794
27/01/2021 14:00,276.926,274.9023394
27/01/2021 15:00,276.36185,274.3139052
27/01/2021 16:00,275.29962,274.7391222
27/01/2021 17:00,274.22293,276.9731632
27/01/2021 18:00,273.18826,273.7580954
27/01/2021 19:00,272.13312,268.9866713
27/01/2021 20:00,271.18048,271.3403261
27/01/2021 21:00,270.59265,272.1347157
27/01/2021 22:00,270.64426,267.8515762
27/01/2021 23:00,270.64212,272.3456266
28/01/2021 0:00,270.80475,271.8099412
28/01/2021 1:00,271.16388,273.2373663
28/01/2021 2:00,270.93198,275.2426971
28/01/2021 3:00,270.47034,274.0245529
28/01/2021 4:00,270.15045,271.0275426
28/01/2021 5:00,270.04474,269.1935665
28/01/2021 6:00,269.99384,275.3302837
28/01/2021 7:00,270.99173,271.0428827
28/01/2021 8:00,273.73795,273.5952845
28/01/2021 9:00,276.19324,276.361928
28/01/2021 10:00,278.21445,278.3781505
28/01/2021 11:00,279.28162,278.9914603
28/01/2021 12:00,280.15225,279.0235299
28/01/2021 13:00,280.82632,279.3534854
28/01/2021 14:00,280.79877,279.9127229
28/01/2021 15:00,279.4962,277.863451
28/01/2021 16:00,277.79523,276.5481487
28/01/2021 17:00,276.9822,277.9217337
28/01/2021 18:00,276.78992,277.4130154
28/01/2021 19:00,276.66974,279.6077276
28/01/2021 20:00,276.96664,272.0781886
28/01/2021 21:00,276.66513,278.3408947
28/01/2021 22:00,276.6008,278.8980012
28/01/2021 23:00,276.88712,273.2986723
29/01/2021 0:00,277.05115,276.5928095
29/01/2021 1:00,277.48203,276.6706525
29/01/2021 2:00,277.94757,275.2263967
29/01/2021 3:00,278.3661,276.5432754
29/01/2021 4:00,278.534,275.9166679
29/01/2021 5:00,278.6662,281.0277
29/01/2021 6:00,278.59198,279.5024291
29/01/2021 7:00,279.1936,280.6906103
29/01/2021 8:00,279.62732,280.4665179
29/01/2021 9:00,280.77472,278.2770031
29/01/2021 10:00,281.8387,280.2244065
29/01/2021 11:00,282.06775,282.3514898
29/01/2021 12:00,282.37848,279.3964531
29/01/2021 13:00,282.19113,282.4718422
29/01/2021 14:00,281.36044,280.1874024
29/01/2021 15:00,280.41345,279.8544331
29/01/2021 16:00,280.0158,281.5151839
29/01/2021 17:00,279.88785,280.8277474
29/01/2021 18:00,279.73547,279.3158851
29/01/2021 19:00,280.43042,282.5529604
29/01/2021 20:00,280.17273,278.2290926
29/01/2021 21:00,279.69873,280.8847257
29/01/2021 22:00,279.07907,280.3526247
29/01/2021 23:00,278.56403,278.3248851
30/01/2021 0:00,278.1222,278.9548361
30/01/2021 1:00,277.8433,275.7446034
30/01/2021 2:00,277.47778,279.103218
30/01/2021 3:00,277.15012,276.6821487
30/01/2021 4:00,276.6828,275.6809666
30/01/2021 5:00,276.10275,277.7230414
30/01/2021 6:00,275.0794,273.5897899
30/01/2021 7:00,274.8507,272.4578812
30/01/2021 8:00,277.54248,275.0834832
30/01/2021 9:00,280.17734,280.7579677
30/01/2021 10:00,281.85956,278.6398079
30/01/2021 11:00,283.4057,285.4551197
30/01/2021 12:00,284.15295,279.3868553
30/01/2021 13:00,284.79877,286.5160601
30/01/2021 14:00,284.83765,283.886886
30/01/2021 15:00,284.14023,282.6142842
30/01/2021 16:00,282.37457,280.2853686
30/01/2021 17:00,280.40073,280.2589666
30/01/2021 18:00,278.70895,279.6838384
30/01/2021 19:00,278.26675,280.2387908
30/01/2021 20:00,277.54248,279.0984741
30/01/2021 21:00,277.47568,278.7784456
30/01/2021 22:00,277.43854,277.5317083
30/01/2021 23:00,277.62732,278.1443715
31/01/2021 0:00,279.12466,279.2033881
31/01/2021 1:00,278.76163,274.5547811
31/01/2021 2:00,277.80548,275.1189309
31/01/2021 3:00,277.88077,278.3506938
31/01/2021 4:00,277.70615,276.7323362
31/01/2021 5:00,277.29504,275.3528096
31/01/2021 6:00,276.90125,275.2338002
31/01/2021 7:00,275.3604,274.7396575
31/01/2021 8:00,275.01718,273.1400066
31/01/2021 9:00,274.76303,272.6586391
31/01/2021 10:00,274.5764,274.3521253
31/01/2021 11:00,274.5004,272.1710683
31/01/2021 12:00,274.3972,274.7718886
31/01/2021 13:00,274.31094,271.0857141
31/01/2021 14:00,274.19324,275.9983513
31/01/2021 15:00,273.9942,274.7951005
31/01/2021 16:00,273.7945,274.0350528
31/01/2021 17:00,273.6729,275.1862765
31/01/2021 18:00,273.4951,276.1896771
31/01/2021 19:00,272.76126,274.3441769
31/01/2021 20:00,272.58487,269.1161482
31/01/2021 21:00,272.40707,269.8854309
31/01/2021 22:00,272.24835,270.858847
31/01/2021 23:00,272.11615,271.8186116
01/02/2021 0:00,271.82187,272.3090748
01/02/2021 1:00,271.6391,269.8300647
01/02/2021 2:00,271.59497,271.475491
01/02/2021 3:00,271.46176,269.4548453
01/02/2021 4:00,271.29602,269.4658859
01/02/2021 5:00,270.98276,267.5569466
01/02/2021 6:00,270.80966,268.792601
01/02/2021 7:00,270.0879,267.8411798
01/02/2021 8:00,270.59515,269.154225
01/02/2021 9:00,271.48227,273.8686542
01/02/2021 10:00,273.19186,271.425657
01/02/2021 11:00,273.6488,278.4811282
01/02/2021 12:00,274.4364,275.0988793
01/02/2021 13:00,274.22693,274.6939241
01/02/2021 14:00,274.39536,272.8009349
01/02/2021 15:00,274.11578,275.31977
01/02/2021 16:00,273.13184,271.6546429
01/02/2021 17:00,272.55722,271.8378474
01/02/2021 18:00,271.82227,275.1336901
01/02/2021 19:00,271.74985,271.0548937
01/02/2021 20:00,271.16125,272.8453602
01/02/2021 21:00,271.43427,270.3684618
01/02/2021 22:00,271.68362,271.1703154
01/02/2021 23:00,271.49158,274.4130111
02/02/2021 0:00,271.10318,269.9749935
02/02/2021 1:00,270.4271,274.0131162
02/02/2021 2:00,269.53842,271.7444797
02/02/2021 3:00,269.2112,269.3008815
02/02/2021 4:00,269.09775,271.3111237
02/02/2021 5:00,268.89212,271.7235641
02/02/2021 6:00,268.7508,270.9790527
02/02/2021 7:00,270.13397,268.2676011
02/02/2021 8:00,271.9911,271.5949515
02/02/2021 9:00,273.43854,274.6718544
02/02/2021 10:00,275.71307,275.9219807
02/02/2021 11:00,276.62576,279.914773
02/02/2021 12:00,279.10867,280.6125993
02/02/2021 13:00,280.79385,278.6431038
02/02/2021 14:00,281.23105,280.9599512
02/02/2021 15:00,278.9708,278.5888897
02/02/2021 16:00,276.25055,277.576058
02/02/2021 17:00,274.61493,277.0151558
02/02/2021 18:00,273.66544,275.5475918
02/02/2021 19:00,272.46698,273.9441946
02/02/2021 20:00,272.1297,272.8074359
02/02/2021 21:00,271.8513,270.0020943
02/02/2021 22:00,271.7843,273.9400323
02/02/2021 23:00,271.7994,273.3703856
03/02/2021 0:00,271.6449,273.5979524
03/02/2021 1:00,271.6302,271.2038313
03/02/2021 2:00,272.10648,272.2794246
03/02/2021 3:00,272.90182,276.8967863
03/02/2021 4:00,273.66467,276.1077896
03/02/2021 5:00,274.56458,277.6541837
03/02/2021 6:00,274.7694,276.3303651
03/02/2021 7:00,274.65518,276.6411171
03/02/2021 8:00,275.3491,278.7820938
03/02/2021 9:00,277.7162,277.0543206
03/02/2021 10:00,279.69608,279.9238844
03/02/2021 11:00,281.29608,280.6439614
03/02/2021 12:00,279.92377,281.9420692
03/02/2021 13:00,280.14178,285.1408895
03/02/2021 14:00,279.96753,286.2538474
03/02/2021 15:00,279.56055,284.6310512
03/02/2021 16:00,278.7865,286.7365071
03/02/2021 17:00,278.02908,282.102172
03/02/2021 18:00,278.01514,283.3342228
03/02/2021 19:00,278.83682,283.4078974
03/02/2021 20:00,279.92145,286.9855257
03/02/2021 21:00,281.6566,284.9359247
03/02/2021 22:00,281.88583,286.3967441
03/02/2021 23:00,282.01944,281.9365303
04/02/2021 0:00,282.54877,284.9885742
04/02/2021 1:00,282.52747,286.0456947
04/02/2021 2:00,282.80588,284.6886541
04/02/2021 3:00,283.06027,286.4431677
04/02/2021 4:00,282.8508,283.547263
04/02/2021 5:00,282.9259,286.7652317
04/02/2021 6:00,282.92474,288.1766442
04/02/2021 7:00,283.57025,283.6079116
04/02/2021 8:00,284.32727,283.954433
04/02/2021 9:00,285.68875,288.3399574
04/02/2021 10:00,286.84656,289.9592006
04/02/2021 11:00,287.99237,287.1149835
04/02/2021 12:00,288.6491,287.9253084
04/02/2021 13:00,289.03204,288.4456623
04/02/2021 14:00,288.76022,286.3081203
04/02/2021 15:00,287.8158,285.8739728
04/02/2021 16:00,286.59525,285.5749501
04/02/2021 17:00,286.17087,284.9946593
04/02/2021 18:00,285.26166,284.8550943
04/02/2021 19:00,281.4045,281.4652912
04/02/2021 20:00,281.49744,283.5406384
04/02/2021 21:00,283.03745,278.9879916
04/02/2021 22:00,282.11157,282.2111323
04/02/2021 23:00,281.36,279.7233198
05/02/2021 0:00,281.34875,280.0247019
05/02/2021 1:00,281.02386,280.6845646
05/02/2021 2:00,280.73502,277.5656084
05/02/2021 3:00,280.44186,280.2415173
05/02/2021 4:00,278.759,279.5075227
05/02/2021 5:00,277.61127,279.544571
05/02/2021 6:00,277.243,278.9258143
05/02/2021 7:00,278.35745,284.0981777
05/02/2021 8:00,281.1075,280.7163115
05/02/2021 9:00,284.14993,284.1631004
05/02/2021 10:00,285.96756,285.0870056
05/02/2021 11:00,287.3372,286.1995281
05/02/2021 12:00,288.46207,286.9767578
05/02/2021 13:00,288.93256,290.4863043
05/02/2021 14:00,288.75598,290.701995
05/02/2021 15:00,287.71704,286.4392853
05/02/2021 16:00,286.0485,284.4904289
05/02/2021 17:00,284.39117,285.4304226
05/02/2021 18:00,282.61343,283.0570641
05/02/2021 19:00,281.5226,284.754314
05/02/2021 20:00,280.56732,283.4985584
05/02/2021 21:00,279.96133,280.0470142
05/02/2021 22:00,279.2643,284.9769517
05/02/2021 23:00,278.68542,285.1754829
06/02/2021 0:00,278.16382,280.5833201
06/02/2021 1:00,277.69724,280.5554297
06/02/2021 2:00,277.30576,281.3220111
06/02/2021 3:00,276.81088,280.6562808
06/02/2021 4:00,276.27765,280.5477161
06/02/2021 5:00,276.01163,282.3453331
06/02/2021 6:00,275.87726,278.3217187
06/02/2021 7:00,277.64804,277.9766424
06/02/2021 8:00,281.01767,279.6867784
06/02/2021 9:00,284.44617,283.8323992
06/02/2021 10:00,286.15884,286.2468996
06/02/2021 11:00,287.21674,290.4394002
06/02/2021 12:00,287.95132,287.0058399
06/02/2021 13:00,288.20612,288.3600236
06/02/2021 14:00,288.03574,288.0224894
06/02/2021 15:00,287.3732,289.5543781
06/02/2021 16:00,285.8355,290.5053851
06/02/2021 17:00,284.26996,283.6186079
06/02/2021 18:00,283.10907,282.862265
06/02/2021 19:00,282.23203,285.0903256
06/02/2021 20:00,281.4928,283.4782974
06/02/2021 21:00,280.69318,284.3855055
06/02/2021 22:00,279.81534,281.0211725
06/02/2021 23:00,278.9441,278.4515765
07/02/2021 0:00,278.11118,279.7878523
07/02/2021 1:00,277.3731,280.1817889
07/02/2021 2:00,277.00604,279.4141759
07/02/2021 3:00,276.94022,278.4818614
07/02/2021 4:00,277.1036,279.9707976
07/02/2021 5:00,277.27206,280.4334997
07/02/2021 6:00,277.54776,280.9328822
07/02/2021 7:00,278.20102,280.0514201
07/02/2021 8:00,280.06277,280.5545954
07/02/2021 9:00,282.53018,283.7704868
07/02/2021 10:00,285.16757,288.0887934
07/02/2021 11:00,286.88452,286.4877792
07/02/2021 12:00,288.2309,289.6789351
07/02/2021 13:00,288.7513,288.8429936
07/02/2021 14:00,288.6189,289.4161021
07/02/2021 15:00,287.84094,290.6723321
07/02/2021 16:00,286.95615,287.7861008
07/02/2021 17:00,286.00977,286.5158949
07/02/2021 18:00,284.95807,283.0663253
07/02/2021 19:00,285.4057,286.7216601
07/02/2021 20:00,285.04984,286.4415144
07/02/2021 21:00,284.40125,288.6332971
07/02/2021 22:00,283.92224,283.6771936
07/02/2021 23:00,283.37973,284.2536418
08/02/2021 0:00,282.91663,283.962096
08/02/2021 1:00,282.71063,286.0435396
08/02/2021 2:00,282.6924,282.9610504
08/02/2021 3:00,282.5743,283.2903632
08/02/2021 4:00,282.41324,283.4809963
08/02/2021 5:00,282.01865,282.4437312
08/02/2021 6:00,281.55862,280.8022503
08/02/2021 7:00,281.90442,281.8304697
08/02/2021 8:00,282.80432,285.1882264
08/02/2021 9:00,284.69012,283.2399153
08/02/2021 10:00,285.68607,285.7869812
08/02/2021 11:00,286.54684,284.2014856
08/02/2021 12:00,287.20474,286.1085778
08/02/2021 13:00,286.4183,279.9566432
08/02/2021 14:00,284.72302,280.8616737
08/02/2021 15:00,283.46686,281.8024811
08/02/2021 16:00,282.22156,282.3742652
08/02/2021 17:00,280.70557,278.2541433
08/02/2021 18:00,279.16946,276.8562608
08/02/2021 19:00,277.15085,280.3111338
08/02/2021 20:00,276.82443,274.2163953
08/02/2021 21:00,276.45618,273.1058194
08/02/2021 22:00,276.65793,277.0587656
08/02/2021 23:00,275.55588,275.5342538
09/02/2021 0:00,276.2587,274.7206717
09/02/2021 1:00,276.54562,278.0840827
09/02/2021 2:00,276.5909,277.4881963
09/02/2021 3:00,276.45074,276.1738404
09/02/2021 4:00,276.44727,274.9570597
09/02/2021 5:00,276.63275,278.8670618
09/02/2021 6:00,276.66992,278.4842471
09/02/2021 7:00,277.5222,277.5826928
09/02/2021 8:00,279.02774,281.8726607
09/02/2021 9:00,281.202,278.4819495
09/02/2021 10:00,282.87054,278.9982928
09/02/2021 11:00,283.88315,281.5634632
09/02/2021 12:00,283.7383,282.7940548
09/02/2021 13:00,283.62485,283.3528875
09/02/2021 14:00,283.29144,282.484986
09/02/2021 15:00,283.27597,283.4651983
09/02/2021 16:00,282.64285,280.1968475
09/02/2021 17:00,281.46686,283.5530122
09/02/2021 18:00,280.2599,280.0905817
09/02/2021 19:00,279.42657,279.3928401
09/02/2021 20:00,278.62424,277.2963575
09/02/2021 21:00,277.81805,277.248237
09/02/2021 22:00,277.45132,277.4741669
09/02/2021 23:00,277.1249,277.3572427
10/02/2021 0:00,276.9228,277.7306729
10/02/2021 1:00,276.88135,279.0854757
10/02/2021 2:00,276.87903,277.2293451
10/02/2021 3:00,276.9429,278.1853617
10/02/2021 4:00,277.049,276.9479891
10/02/2021 5:00,277.12183,279.7601281
10/02/2021 6:00,277.38202,276.2818837
10/02/2021 7:00,277.8734,280.8961893
10/02/2021 8:00,278.4283,278.2208596
10/02/2021 9:00,279.27246,276.7008742
10/02/2021 10:00,280.69086,280.6613453
10/02/2021 11:00,282.05545,280.3741133
10/02/2021 12:00,284.04733,284.7926223
10/02/2021 13:00,284.94995,282.7261124
10/02/2021 14:00,285.2752,283.4190544
10/02/2021 15:00,284.80783,280.5999252
10/02/2021 16:00,284.1476,282.4080063
10/02/2021 17:00,283.2876,278.0715442
10/02/2021 18:00,282.61343,278.7481725
10/02/2021 19:00,281.8173,282.703236
10/02/2021 20:00,281.06415,281.9752353
10/02/2021 21:00,280.5507,280.8014472
10/02/2021 22:00,280.24014,275.9211873
10/02/2021 23:00,279.82617,275.5494123
11/02/2021 0:00,278.05618,274.3196855
11/02/2021 1:00,275.91754,270.8657427
11/02/2021 2:00,274.14056,274.594892
11/02/2021 3:00,272.82245,272.9062181
11/02/2021 4:00,272.03137,270.5390286
11/02/2021 5:00,271.48306,270.6621924
11/02/2021 6:00,271.1698,270.6878395
11/02/2021 7:00,271.24258,266.7620606
11/02/2021 8:00,271.3355,269.8983001
11/02/2021 9:00,271.47647,269.192378
11/02/2021 10:00,271.4362,268.8782845
11/02/2021 11:00,271.68982,270.763467
11/02/2021 12:00,272.26718,275.2687936
11/02/2021 13:00,272.3152,273.0338561
11/02/2021 14:00,271.88074,270.2836573
11/02/2021 15:00,271.1183,271.8267944
11/02/2021 16:00,270.48712,272.9143959
11/02/2021 17:00,270.2877,272.1239848
11/02/2021 18:00,270.40927,270.6875739
11/02/2021 19:00,270.13474,268.8742872
11/02/2021 20:00,270.01547,271.0371464
11/02/2021 21:00,269.91635,270.3353066
11/02/2021 22:00,269.77655,271.009228
11/02/2021 23:00,269.44818,270.2418099
12/02/2021 0:00,269.01837,270.5218561
12/02/2021 1:00,268.60443,267.4509275
12/02/2021 2:00,268.20752,270.3995945
12/02/2021 3:00,267.89813,268.1415393
12/02/2021 4:00,267.66037,271.285428
12/02/2021 5:00,267.46057,266.2082716
12/02/2021 6:00,267.33044,270.3741858
12/02/2021 7:00,267.4137,267.7060916
12/02/2021 8:00,268.07123,266.979353
12/02/2021 9:00,268.89096,268.2247226
12/02/2021 10:00,269.81567,269.2997035
12/02/2021 11:00,270.39883,271.4055446
12/02/2021 12:00,270.86697,272.076683
12/02/2021 13:00,271.10394,270.3372125
12/02/2021 14:00,271.20425,271.3902406
12/02/2021 15:00,270.9665,274.8868799
12/02/2021 16:00,270.67957,273.7505891
12/02/2021 17:00,270.1092,270.6778545
12/02/2021 18:00,269.0288,268.7248062
12/02/2021 19:00,268.25668,268.0167056
12/02/2021 20:00,268.07626,268.5567944
12/02/2021 21:00,267.97403,265.3909032
12/02/2021 22:00,267.9206,266.3789766
12/02/2021 23:00,267.79047,263.7439633
13/02/2021 0:00,267.71225,267.164161
13/02/2021 1:00,267.63367,267.5135228
13/02/2021 2:00,267.62396,265.588544
13/02/2021 3:00,267.59802,269.5205265
13/02/2021 4:00,267.52408,264.8112659
13/02/2021 5:00,267.3053,264.2918746
13/02/2021 6:00,267.05515,267.097072
13/02/2021 7:00,267.09155,268.6371295
13/02/2021 8:00,267.68555,270.5837917
13/02/2021 9:00,268.44257,267.6975004
13/02/2021 10:00,269.17404,271.2593285
13/02/2021 11:00,269.71228,269.6452675
13/02/2021 12:00,270.20987,269.8175165
13/02/2021 13:00,270.70667,272.1256964
13/02/2021 14:00,270.9328,272.1424931
13/02/2021 15:00,270.76202,268.1358639
13/02/2021 16:00,270.01703,272.7989291
13/02/2021 17:00,269.2143,271.8812122
13/02/2021 18:00,268.448,267.3755262
13/02/2021 19:00,268.80115,269.5944513
13/02/2021 20:00,268.61954,269.1606036
13/02/2021 21:00,267.46057,268.4241559
13/02/2021 22:00,266.89908,266.3515084
13/02/2021 23:00,266.78833,265.9491685
14/02/2021 0:00,266.98892,267.2089115
14/02/2021 1:00,267.2011,269.752394
14/02/2021 2:00,267.62863,269.3405303
14/02/2021 3:00,268.0724,268.0548396
14/02/2021 4:00,268.33142,270.3384252
14/02/2021 5:00,268.57693,264.0445768
14/02/2021 6:00,268.69232,271.2072091
14/02/2021 7:00,269.33087,266.458488
14/02/2021 8:00,270.60522,269.7350273
14/02/2021 9:00,271.76184,269.3997059
14/02/2021 10:00,272.8794,270.4227404
14/02/2021 11:00,274.09604,276.0463975
14/02/2021 12:00,274.58704,273.7612604
14/02/2021 13:00,274.7632,275.4636144
14/02/2021 14:00,274.70593,274.764516
14/02/2021 15:00,274.32797,275.2862275
14/02/2021 16:00,272.88403,273.0726389
14/02/2021 17:00,271.57947,269.1436888
14/02/2021 18:00,270.82285,272.4798736
14/02/2021 19:00,270.42593,269.4220421
14/02/2021 20:00,270.2842,267.0079671
14/02/2021 21:00,270.20212,268.3805956
14/02/2021 22:00,270.07703,271.1135286
14/02/2021 23:00,269.90085,269.5543736
15/02/2021 0:00,269.78778,267.3165025
15/02/2021 1:00,269.6933,267.3150376
15/02/2021 2:00,269.6178,267.2997678
15/02/2021 3:00,269.50006,271.3819677
15/02/2021 4:00,269.32892,268.1675554
15/02/2021 5:00,269.1593,268.0222939
15/02/2021 6:00,269.0083,268.9084931
15/02/2021 7:00,269.57364,269.0772908
15/02/2021 8:00,271.43735,271.0991302
15/02/2021 9:00,272.97772,272.904139
15/02/2021 10:00,274.36166,274.4631778
15/02/2021 11:00,275.57755,275.6451705
15/02/2021 12:00,276.41705,277.7516224
15/02/2021 13:00,276.81088,276.8936239
15/02/2021 14:00,276.72644,277.9997761
15/02/2021 15:00,275.95395,275.7838281
15/02/2021 16:00,273.95587,274.3460575
15/02/2021 17:00,272.34348,268.9760938
15/02/2021 18:00,271.085,272.1053616
15/02/2021 19:00,270.18857,271.469877
15/02/2021 20:00,269.83463,273.2470279
15/02/2021 21:00,270.16647,266.5073067
15/02/2021 22:00,270.83908,275.2135651
15/02/2021 23:00,270.74887,271.3092084
16/02/2021 0:00,271.0726,273.0244845
16/02/2021 1:00,270.0321,268.302237
16/02/2021 2:00,270.36047,271.3436737
16/02/2021 3:00,270.06967,268.3752874
16/02/2021 4:00,270.1115,269.3120601
16/02/2021 5:00,270.50687,274.3485057
16/02/2021 6:00,271.0641,271.0314987
16/02/2021 7:00,271.5508,272.0637033
16/02/2021 8:00,272.709,274.5948202
16/02/2021 9:00,274.26797,275.3890554
16/02/2021 10:00,275.17987,275.5133936
16/02/2021 11:00,276.6126,277.3607858
16/02/2021 12:00,277.77893,282.1058427
16/02/2021 13:00,278.1437,278.2140266
16/02/2021 14:00,278.19016,278.6518108
16/02/2021 15:00,277.63953,279.8449516
16/02/2021 16:00,276.0728,278.5802085
16/02/2021 17:00,274.2025,277.0116788
16/02/2021 18:00,273.20697,275.1590461
16/02/2021 19:00,272.76477,271.6247663
16/02/2021 20:00,272.58624,276.616441
16/02/2021 21:00,272.7876,271.2116669
16/02/2021 22:00,272.31635,273.467598
16/02/2021 23:00,272.39264,271.7809404
17/02/2021 0:00,273.21704,273.1161944
17/02/2021 1:00,273.14734,273.3530533
17/02/2021 2:00,272.43253,272.5014391
17/02/2021 3:00,271.68558,272.3760093
17/02/2021 4:00,271.07996,274.2584375
17/02/2021 5:00,270.91693,272.2599234
17/02/2021 6:00,270.96146,271.322322
17/02/2021 7:00,272.89023,275.5156347
17/02/2021 8:00,277.12335,279.2018101
17/02/2021 9:00,279.3321,276.6336761
17/02/2021 10:00,280.1503,280.2603651
17/02/2021 11:00,280.19055,280.2556016
17/02/2021 12:00,279.64108,278.4314248
17/02/2021 13:00,279.43082,281.1170196
17/02/2021 14:00,279.45328,278.9616813
17/02/2021 15:00,279.4436,279.3172982
17/02/2021 16:00,278.77332,278.2565175
17/02/2021 17:00,277.8707,277.5810528
17/02/2021 18:00,277.29337,275.1567117
17/02/2021 19:00,275.78745,273.4614097
17/02/2021 20:00,275.95627,278.6392665
17/02/2021 21:00,276.24667,273.8314836
17/02/2021 22:00,276.32724,273.1024786
17/02/2021 23:00,276.3129,270.6296625
18/02/2021 0:00,276.20718,272.9686829
18/02/2021 1:00,275.74136,271.1239156
18/02/2021 2:00,275.2039,275.8395769
18/02/2021 3:00,274.7756,274.6196053
18/02/2021 4:00,274.30087,271.6945531
18/02/2021 5:00,274.20602,277.1283736
18/02/2021 6:00,273.8331,274.8293037
18/02/2021 7:00,275.2794,273.4767643
18/02/2021 8:00,277.12955,272.2484549
18/02/2021 9:00,278.99597,282.3055931
18/02/2021 10:00,280.6653,276.9859589
18/02/2021 11:00,282.89377,278.9203172
18/02/2021 12:00,284.21732,285.3418825
18/02/2021 13:00,284.80588,288.7975605
18/02/2021 14:00,284.88293,287.1302143
18/02/2021 15:00,284.5201,285.3284387
18/02/2021 16:00,283.17685,284.025749
18/02/2021 17:00,280.52164,281.7204426
18/02/2021 18:00,278.38068,279.1790982
18/02/2021 19:00,278.35434,277.4306648
18/02/2021 20:00,275.89276,275.478907
18/02/2021 21:00,274.66837,273.8966472
18/02/2021 22:00,273.92294,272.2338529
18/02/2021 23:00,273.51248,272.9504417
19/02/2021 0:00,273.46487,270.5511817
19/02/2021 1:00,273.36923,273.5273472
19/02/2021 2:00,273.43893,272.2557508
19/02/2021 3:00,273.37927,271.914849
19/02/2021 4:00,273.27356,274.6789121
19/02/2021 5:00,273.28635,277.5882341
19/02/2021 6:00,273.58182,277.396952
19/02/2021 7:00,275.4281,274.1404014
19/02/2021 8:00,278.18628,277.5400101
19/02/2021 9:00,280.39774,283.1951689
19/02/2021 10:00,282.2204,281.2385849
19/02/2021 11:00,283.63068,283.9432262
19/02/2021 12:00,284.91315,286.4053625
19/02/2021 13:00,285.29727,284.1115086
19/02/2021 14:00,285.6938,286.1261015
19/02/2021 15:00,285.00726,283.0747647
19/02/2021 16:00,283.99234,283.3446524
19/02/2021 17:00,282.95612,283.3759629
19/02/2021 18:00,281.95322,279.0312661
19/02/2021 19:00,282.64984,283.0427727
19/02/2021 20:00,282.45233,282.0094229
19/02/2021 21:00,281.90015,282.2834997
19/02/2021 22:00,281.35455,281.2183076
19/02/2021 23:00,280.6142,282.6258193
20/02/2021 0:00,280.66763,280.5058135
20/02/2021 1:00,280.3567,279.0257352
20/02/2021 2:00,280.16617,279.7240981
20/02/2021 3:00,279.86026,280.029154
20/02/2021 4:00,279.65735,278.7022666
20/02/2021 5:00,279.25464,277.9995103
20/02/2021 6:00,278.2614,275.7295648
20/02/2021 7:00,279.34293,277.1595309
20/02/2021 8:00,282.4539,279.5332356
20/02/2021 9:00,283.79175,286.4869987
20/02/2021 10:00,284.9488,282.4161628
20/02/2021 11:00,285.61984,284.3833933
20/02/2021 12:00,285.80957,284.8758271
20/02/2021 13:00,285.35886,287.9841908
20/02/2021 14:00,284.54413,285.6200643
20/02/2021 15:00,283.73056,287.6499822
20/02/2021 16:00,282.8992,283.0272741
20/02/2021 17:00,281.6868,283.0920146
20/02/2021 18:00,280.838,280.273999
20/02/2021 19:00,279.5106,284.1239197
20/02/2021 20:00,278.96228,277.7625528
20/02/2021 21:00,278.6068,279.9233118
20/02/2021 22:00,278.25366,280.146854
20/02/2021 23:00,277.8676,279.3371934
21/02/2021 0:00,277.58685,278.0193544
21/02/2021 1:00,277.26624,277.7016983
21/02/2021 2:00,277.17407,277.6452054
21/02/2021 3:00,276.82016,276.8116714
21/02/2021 4:00,276.5917,278.5454154
21/02/2021 5:00,276.4585,280.5692483
21/02/2021 6:00,276.44727,275.5890021
21/02/2021 7:00,277.20892,275.4625497
21/02/2021 8:00,277.8525,278.7658794
21/02/2021 9:00,279.17566,285.1909841
21/02/2021 10:00,280.92783,280.9025776
21/02/2021 11:00,282.84616,287.0651323
21/02/2021 12:00,284.43378,288.5966889
21/02/2021 13:00,285.2969,285.4072109
21/02/2021 14:00,285.67172,287.762945
21/02/2021 15:00,285.39603,289.319204
21/02/2021 16:00,283.96832,284.2959183
21/02/2021 17:00,282.11313,282.7918149
21/02/2021 18:00,280.8628,280.5851664
21/02/2021 19:00,279.79987,278.4897568
21/02/2021 20:00,278.91852,278.5111724
21/02/2021 21:00,277.9319,276.739156
21/02/2021 22:00,277.30768,278.1780782
21/02/2021 23:00,276.8585,275.9868175
22/02/2021 0:00,276.65558,276.96935
22/02/2021 1:00,275.9334,273.0383352
22/02/2021 2:00,274.83527,275.8980124
22/02/2021 3:00,274.04532,276.4816139
22/02/2021 4:00,273.8335,271.2613792
22/02/2021 5:00,273.89856,275.3415004
22/02/2021 6:00,274.32257,276.8854725
22/02/2021 7:00,276.11542,274.7065272
22/02/2021 8:00,277.71814,282.038276
22/02/2021 9:00,280.35126,283.0822287
22/02/2021 10:00,283.58612,283.919684
22/02/2021 11:00,286.44385,287.0147799
22/02/2021 12:00,288.09537,289.3126503
22/02/2021 13:00,288.95654,289.1578896
22/02/2021 14:00,289.1943,290.1725119
22/02/2021 15:00,288.60843,287.0299244
22/02/2021 16:00,286.9639,287.2215155
22/02/2021 17:00,284.62854,282.5027768
22/02/2021 18:00,282.46085,283.4155237
22/02/2021 19:00,281.43317,281.6913439
22/02/2021 20:00,280.14874,281.2168044
22/02/2021 21:00,279.32745,283.9433954
22/02/2021 22:00,278.78842,283.1195055
22/02/2021 23:00,278.33807,281.7540202
23/02/2021 0:00,277.9071,278.2694848
23/02/2021 1:00,277.41803,279.200215
23/02/2021 2:00,276.96265,281.5141484
23/02/2021 3:00,276.52975,279.1737275
23/02/2021 4:00,276.17932,282.5725899
23/02/2021 5:00,275.9098,278.6988392
23/02/2021 6:00,275.76498,277.9048172
23/02/2021 7:00,278.2405,278.1708883
23/02/2021 8:00,281.94662,281.3913951
23/02/2021 9:00,284.0202,282.930466
23/02/2021 10:00,285.8065,286.4587629
23/02/2021 11:00,287.30853,288.5773466
23/02/2021 12:00,288.36758,286.6097187
23/02/2021 13:00,288.95538,286.1585615
23/02/2021 14:00,288.9918,285.2143355
23/02/2021 15:00,288.37686,288.7705846
23/02/2021 16:00,286.51355,284.4866843
23/02/2021 17:00,284.3629,280.5053692
23/02/2021 18:00,282.90152,282.908167
23/02/2021 19:00,282.17004,286.0150441
23/02/2021 20:00,280.62,281.5982941
23/02/2021 21:00,279.07343,282.3645211
23/02/2021 22:00,278.0593,279.3238071
23/02/2021 23:00,277.66663,277.9685409
24/02/2021 0:00,277.62637,279.6453108
24/02/2021 1:00,277.5133,278.3056227
24/02/2021 2:00,276.6676,278.7429914
24/02/2021 3:00,276.25095,278.3605336
24/02/2021 4:00,275.6976,276.2681794
24/02/2021 5:00,275.11096,278.9137352
24/02/2021 6:00,274.86005,275.4111864
24/02/2021 7:00,277.2674,276.4282023
24/02/2021 8:00,281.5683,282.181885
24/02/2021 9:00,284.2502,282.5948193
24/02/2021 10:00,286.09534,286.3966216
24/02/2021 11:00,287.44638,287.9555538
24/02/2021 12:00,288.36642,291.0567946
24/02/2021 13:00,288.9364,290.6191094
24/02/2021 14:00,289.089,289.8509371
24/02/2021 15:00,288.65607,290.7714352
24/02/2021 16:00,287.33368,290.3002584
24/02/2021 17:00,285.29843,286.6201833
24/02/2021 18:00,283.18845,283.3585759
24/02/2021 19:00,281.32822,279.2365207
24/02/2021 20:00,280.39346,278.1638632
24/02/2021 21:00,279.87613,278.6546961
24/02/2021 22:00,279.2988,277.3645558
24/02/2021 23:00,278.41397,277.3769859
25/02/2021 0:00,277.83197,276.8567836
25/02/2021 1:00,278.05502,277.3188646
25/02/2021 2:00,278.39886,276.1311847
25/02/2021 3:00,278.29666,276.8732104
25/02/2021 4:00,277.50827,275.5973421
25/02/2021 5:00,276.6467,271.6557768
25/02/2021 6:00,276.3276,273.5225797
25/02/2021 7:00,278.2223,277.9198746
25/02/2021 8:00,282.94452,280.6295918
25/02/2021 9:00,285.74182,287.1956135
25/02/2021 10:00,287.96487,291.1992627
25/02/2021 11:00,289.60825,292.3719223
25/02/2021 12:00,290.68512,290.9713889
25/02/2021 13:00,291.21872,294.5444789
25/02/2021 14:00,291.1827,292.0941447
25/02/2021 15:00,290.44156,290.3400724
25/02/2021 16:00,288.46866,287.9248103
25/02/2021 17:00,286.38538,286.2679163
25/02/2021 18:00,284.96194,284.2502261
25/02/2021 19:00,283.9385,283.5254188
25/02/2021 20:00,282.52283,281.6618788
25/02/2021 21:00,281.20935,280.0099867
25/02/2021 22:00,281.09784,280.0004653
25/02/2021 23:00,281.15784,280.6872471
26/02/2021 0:00,280.48718,279.7675786
26/02/2021 1:00,279.45987,275.3030561
26/02/2021 2:00,278.22888,273.73245
26/02/2021 3:00,276.90613,280.6990378
26/02/2021 4:00,276.15878,276.3743903
26/02/2021 5:00,275.81958,278.2216414
26/02/2021 6:00,275.7119,276.5841794
26/02/2021 7:00,278.8899,276.9537347
26/02/2021 8:00,283.51877,284.8553563
26/02/2021 9:00,287.08432,288.3556804
26/02/2021 10:00,289.3275,287.821194
26/02/2021 11:00,290.72733,285.6702999
26/02/2021 12:00,291.62143,290.2403761
26/02/2021 13:00,292.12366,292.3854521
26/02/2021 14:00,292.1643,289.010372
26/02/2021 15:00,291.6435,291.3016639
26/02/2021 16:00,289.8104,289.364395
26/02/2021 17:00,286.77338,287.5630424
26/02/2021 18:00,284.19058,286.4326252
26/02/2021 19:00,287.1006,285.3842526
26/02/2021 20:00,285.7267,288.0259544
26/02/2021 21:00,281.53036,284.32045
26/02/2021 22:00,279.80682,283.2481044
26/02/2021 23:00,279.0014,280.2950194
27/02/2021 0:00,278.4806,278.939954
27/02/2021 1:00,278.12317,276.5953752
27/02/2021 2:00,278.19327,278.2688207
27/02/2021 3:00,279.19193,282.4630826
27/02/2021 4:00,279.70926,276.9312355
27/02/2021 5:00,279.55048,276.2342285
27/02/2021 6:00,279.30536,281.3332273
27/02/2021 7:00,280.0589,279.0127305
27/02/2021 8:00,280.84692,279.0203459
27/02/2021 9:00,281.69028,282.9889008
27/02/2021 10:00,282.359,280.6587924
27/02/2021 11:00,283.57297,285.9606672
27/02/2021 12:00,283.91296,284.2096184
27/02/2021 13:00,283.82776,282.4998573
27/02/2021 14:00,283.67908,287.1499221
27/02/2021 15:00,283.24808,281.738656
27/02/2021 16:00,282.50037,283.3895793
27/02/2021 17:00,281.53076,281.7062643
27/02/2021 18:00,280.84653,283.0566208
27/02/2021 19:00,279.8165,282.3986824
27/02/2021 20:00,279.3685,279.1099074
27/02/2021 21:00,278.85117,277.1219833
27/02/2021 22:00,278.7079,279.1385906
27/02/2021 23:00,278.44107,276.7362052
28/02/2021 0:00,278.00818,281.0574324
28/02/2021 1:00,277.80875,277.7240702
28/02/2021 2:00,277.72006,276.7405342
28/02/2021 3:00,277.504,277.5274275
28/02/2021 4:00,277.3166,274.7987308
28/02/2021 5:00,277.0196,274.9649851
28/02/2021 6:00,276.48907,278.4466847
28/02/2021 7:00,277.38705,275.6740127
28/02/2021 8:00,278.20874,276.170483
28/02/2021 9:00,279.52298,280.3874986
28/02/2021 10:00,280.8419,282.9122249
28/02/2021 11:00,281.8324,283.4751121
28/02/2021 12:00,282.941,284.8860846
28/02/2021 13:00,283.15863,281.9587187
28/02/2021 14:00,283.10016,280.5936261
28/02/2021 15:00,282.88565,285.6041372
28/02/2021 16:00,282.45233,281.8081633
28/02/2021 17:00,281.5079,281.0150114
28/02/2021 18:00,280.7532,282.2331446
28/02/2021 19:00,278.30246,279.6823083
28/02/2021 20:00,276.8186,278.7608008
28/02/2021 21:00,275.4521,280.5570192
28/02/2021 22:00,274.5704,274.7084551
28/02/2021 23:00,273.99692,277.3819162
01/03/2021 0:00,273.36472,275.1248483
01/03/2021 1:00,272.98602,274.4398213
01/03/2021 2:00,272.80453,276.0555015
01/03/2021 3:00,272.7153,273.8471085
01/03/2021 4:00,272.70694,273.5873455
01/03/2021 5:00,272.83228,274.1223005
01/03/2021 6:00,273.2123,271.5131889
01/03/2021 7:00,275.86957,273.4897728
01/03/2021 8:00,278.57895,276.5269637
01/03/2021 9:00,279.945,276.1616371
01/03/2021 10:00,281.04065,284.4030377
01/03/2021 11:00,282.10123,279.9839052
01/03/2021 12:00,283.04645,282.5021148
01/03/2021 13:00,283.7156,283.1456764
01/03/2021 14:00,284.1154,284.6507769
01/03/2021 15:00,283.9516,285.2227136
01/03/2021 16:00,282.95187,284.2584204
01/03/2021 17:00,281.8044,280.5750575
01/03/2021 18:00,281.1864,280.584189
01/03/2021 19:00,279.86078,279.8558294
01/03/2021 20:00,278.63174,277.8550533
01/03/2021 21:00,277.27237,280.0379384
01/03/2021 22:00,277.0558,277.0959805
01/03/2021 23:00,277.3499,277.4642281
02/03/2021 0:00,278.08994,277.4769943
02/03/2021 1:00,277.58923,278.3745161
02/03/2021 2:00,276.47052,276.0306133
02/03/2021 3:00,276.2673,272.5685733
02/03/2021 4:00,275.90598,275.5257461
02/03/2021 5:00,275.45477,273.7511915
02/03/2021 6:00,275.1068,273.7483554
02/03/2021 7:00,275.59814,276.9992361
02/03/2021 8:00,278.34998,281.4671525
02/03/2021 9:00,280.62518,281.553957
02/03/2021 10:00,282.31747,283.5927086
02/03/2021 11:00,283.44955,287.0481915
02/03/2021 12:00,284.15448,285.0571369
02/03/2021 13:00,284.50244,289.5275375
02/03/2021 14:00,284.59268,285.9691996
02/03/2021 15:00,284.27948,281.4542061
02/03/2021 16:00,283.44955,284.9390814
02/03/2021 17:00,281.41434,282.2809561
02/03/2021 18:00,280.0553,281.7022411
02/03/2021 19:00,277.80115,278.8879769
02/03/2021 20:00,276.521,276.4264206
02/03/2021 21:00,275.45477,273.8229306
02/03/2021 22:00,274.64423,275.4152337
02/03/2021 23:00,273.8631,274.1029662
03/03/2021 0:00,273.21164,274.4592209
03/03/2021 1:00,272.6354,275.9432867
03/03/2021 2:00,272.34662,277.6985205
03/03/2021 3:00,272.17316,275.305312
03/03/2021 4:00,272.18283,272.5439376
03/03/2021 5:00,272.9603,275.4803897
03/03/2021 6:00,273.67224,276.8936209
03/03/2021 7:00,274.9437,274.4902053
03/03/2021 8:00,279.68796,279.4597195
03/03/2021 9:00,282.27402,282.4693115
03/03/2021 10:00,283.87872,282.7119355
03/03/2021 11:00,285.02383,286.3817778
03/03/2021 12:00,285.88284,285.724857
03/03/2021 13:00,286.47546,287.1136701
03/03/2021 14:00,286.64227,284.8320014
03/03/2021 15:00,286.3047,285.1029715
03/03/2021 16:00,285.1552,285.9724769
03/03/2021 17:00,282.3245,280.6049212
03/03/2021 18:00,280.6633,282.3517608
03/03/2021 19:00,280.51187,278.2182458
03/03/2021 20:00,278.4954,278.8249654
03/03/2021 21:00,276.47253,278.9948887
03/03/2021 22:00,274.71375,273.0894308
03/03/2021 23:00,273.50177,271.2361344
04/03/2021 0:00,272.72098,270.94226
04/03/2021 1:00,272.27777,275.7455468
04/03/2021 2:00,271.98596,272.3172318
04/03/2021 3:00,271.84293,277.6112737
04/03/2021 4:00,271.7577,271.7438605
04/03/2021 5:00,271.56213,272.6273486
04/03/2021 6:00,271.8927,275.0538952
04/03/2021 7:00,276.08817,279.6777549
04/03/2021 8:00,282.17273,285.1841688
04/03/2021 9:00,285.1706,286.1586101
04/03/2021 10:00,286.9755,287.648671
04/03/2021 11:00,288.13467,288.1692553
04/03/2021 12:00,288.75403,289.2729509
04/03/2021 13:00,288.985,287.2447454
04/03/2021 14:00,288.90442,286.804897
04/03/2021 15:00,288.29443,287.7627103
04/03/2021 16:00,286.56204,285.7847223
04/03/2021 17:00,284.39713,283.1558802
04/03/2021 18:00,282.45786,284.0254877
04/03/2021 19:00,281.39862,284.3592667
04/03/2021 20:00,280.72278,282.2339822
04/03/2021 21:00,280.58273,284.0910159
04/03/2021 22:00,280.03693,278.7643618
04/03/2021 23:00,279.25647,280.0429745
05/03/2021 0:00,278.71164,279.0911704
05/03/2021 1:00,278.8136,276.9720575
05/03/2021 2:00,279.02316,279.8976718
05/03/2021 3:00,279.15884,279.8342982
05/03/2021 4:00,279.2909,282.7192133
05/03/2021 5:00,279.1886,280.9869907
05/03/2021 6:00,279.51483,278.2904684
05/03/2021 7:00,281.26025,284.7312943
05/03/2021 8:00,282.8185,285.0744748
05/03/2021 9:00,284.09933,285.0143034
05/03/2021 10:00,285.35977,284.4186107
05/03/2021 11:00,285.91495,284.0896554
05/03/2021 12:00,285.8882,285.553693
05/03/2021 13:00,285.9671,287.6570288
05/03/2021 14:00,284.99243,287.2868407
05/03/2021 15:00,283.3837,284.8173773
05/03/2021 16:00,282.12128,280.1694923
05/03/2021 17:00,280.88522,277.8965291
05/03/2021 18:00,279.68863,279.0459131
05/03/2021 19:00,278.6381,274.5843201
05/03/2021 20:00,277.61365,277.3438527
05/03/2021 21:00,276.65536,275.3555554
05/03/2021 22:00,275.538,274.5197852
05/03/2021 23:00,275.13055,272.5069021
06/03/2021 0:00,275.01825,276.1261202
06/03/2021 1:00,274.90494,274.000456
06/03/2021 2:00,274.68433,272.4142976
06/03/2021 3:00,274.37048,268.9688146
06/03/2021 4:00,274.31433,273.746601
06/03/2021 5:00,273.94098,276.2713866
06/03/2021 6:00,273.88416,275.7647751
06/03/2021 7:00,273.86176,272.6801141
06/03/2021 8:00,274.91562,273.8011736
06/03/2021 9:00,276.22186,277.1545743
06/03/2021 10:00,277.5077,275.9304158
06/03/2021 11:00,278.2955,279.0633806
06/03/2021 12:00,278.59164,280.3302925
06/03/2021 13:00,278.84735,281.4280065
06/03/2021 14:00,278.86072,279.1732965
06/03/2021 15:00,278.81693,278.8468791
06/03/2021 16:00,278.62405,277.1168809
06/03/2021 17:00,278.1508,275.7758874
06/03/2021 18:00,277.58356,275.40815
06/03/2021 19:00,274.50784,277.2972138
06/03/2021 20:00,273.49744,277.6391127
06/03/2021 21:00,273.01578,273.9402974
06/03/2021 22:00,272.82358,277.3604222
06/03/2021 23:00,272.21393,273.6185156
07/03/2021 0:00,271.81317,272.9190131
07/03/2021 1:00,271.63,270.8016293
07/03/2021 2:00,271.72092,268.3018035
07/03/2021 3:00,271.33386,274.1258506
07/03/2021 4:00,270.88663,273.7454279
07/03/2021 5:00,270.80173,271.7926936
07/03/2021 6:00,271.21152,272.0468885
07/03/2021 7:00,273.40048,274.0417721
07/03/2021 8:00,275.85852,273.3058311
07/03/2021 9:00,277.4121,276.5972815
07/03/2021 10:00,278.3941,279.9638698
07/03/2021 11:00,279.22504,277.2375363
07/03/2021 12:00,279.8541,280.6635653
07/03/2021 13:00,280.16895,278.0835273
07/03/2021 14:00,280.1616,281.3365832
07/03/2021 15:00,279.69266,279.9653664
07/03/2021 16:00,278.47467,275.979941
07/03/2021 17:00,276.70383,278.8854324
07/03/2021 18:00,275.00153,273.50363
07/03/2021 19:00,274.0653,272.1527019
07/03/2021 20:00,272.8189,273.1421703
07/03/2021 21:00,271.8867,273.8272813
07/03/2021 22:00,271.1898,269.1092963
07/03/2021 23:00,270.75897,270.9294317
08/03/2021 0:00,270.82312,272.2298093
08/03/2021 1:00,270.80374,273.4509625
08/03/2021 2:00,270.49457,272.4896338
08/03/2021 3:00,270.3776,271.6728956
08/03/2021 4:00,270.33847,270.6877974
08/03/2021 5:00,270.19208,271.7797054
08/03/2021 6:00,270.8024,270.0316133
08/03/2021 7:00,274.3444,269.1913029
08/03/2021 8:00,277.78845,278.1745237
08/03/2021 9:00,279.813,280.7489243
08/03/2021 10:00,281.0781,276.1780949
08/03/2021 11:00,281.775,278.989468
08/03/2021 12:00,282.4204,282.9915788
08/03/2021 13:00,282.64203,285.9617745
08/03/2021 14:00,282.48694,282.2464688
08/03/2021 15:00,281.8024,280.1906148
08/03/2021 16:00,280.03357,279.4298788
08/03/2021 17:00,277.6103,280.3323756
08/03/2021 18:00,276.16635,275.3537536
08/03/2021 19:00,276.19446,274.4035142
08/03/2021 20:00,275.20642,273.9285302
08/03/2021 21:00,274.29828,272.0108417
08/03/2021 22:00,273.20294,272.8172898
08/03/2021 23:00,272.03845,275.0254343
09/03/2021 0:00,271.18878,272.2083657
09/03/2021 1:00,270.85153,271.1412725
09/03/2021 2:00,270.65033,270.732465
09/03/2021 3:00,270.5624,268.0884963
09/03/2021 4:00,270.7299,272.3941499
09/03/2021 5:00,271.30978,270.894039
09/03/2021 6:00,271.2543,271.0432482
09/03/2021 7:00,273.4737,279.6143259
09/03/2021 8:00,274.77792,275.7848364
09/03/2021 9:00,276.34485,275.4758709
09/03/2021 10:00,277.7958,277.4574453
09/03/2021 11:00,278.76044,281.1790911
09/03/2021 12:00,279.4132,279.948185
09/03/2021 13:00,279.64752,277.4872766
09/03/2021 14:00,279.574,281.4929914
09/03/2021 15:00,279.23206,278.3049842
09/03/2021 16:00,278.39078,281.8935536
09/03/2021 17:00,277.1711,279.0390853
09/03/2021 18:00,276.23355,275.2210036
09/03/2021 19:00,275.71548,277.496734
09/03/2021 20:00,274.9908,274.5122435
09/03/2021 21:00,274.30896,275.0813933
09/03/2021 22:00,273.8778,273.5907008
09/03/2021 23:00,273.224,270.4091869
10/03/2021 0:00,272.78113,270.255739
10/03/2021 1:00,272.6217,273.1633205
10/03/2021 2:00,272.51407,270.7356338
10/03/2021 3:00,272.08826,270.556824
10/03/2021 4:00,272.03442,269.4050274
10/03/2021 5:00,271.67947,271.7668683
10/03/2021 6:00,272.07956,275.6617117
10/03/2021 7:00,274.59576,272.7959891
10/03/2021 8:00,276.3445,276.4871095
10/03/2021 9:00,278.01974,280.7068515
10/03/2021 10:00,279.21802,279.2076065
10/03/2021 11:00,280.1021,281.0814299
10/03/2021 12:00,280.7609,279.2308915
10/03/2021 13:00,280.5931,281.8139851
10/03/2021 14:00,280.54465,280.4924189
10/03/2021 15:00,280.1352,282.2165307
10/03/2021 16:00,279.64886,281.9626102
10/03/2021 17:00,278.55923,283.2756455
10/03/2021 18:00,277.23328,278.4583489
10/03/2021 19:00,276.29172,277.1411885
10/03/2021 20:00,275.0687,276.0873321
10/03/2021 21:00,273.8778,274.0010898
10/03/2021 22:00,272.53214,274.2676088
10/03/2021 23:00,271.76437,272.9088025
11/03/2021 0:00,270.96753,273.6165182
11/03/2021 1:00,270.88464,276.3942156
11/03/2021 2:00,270.7222,271.8506869
11/03/2021 3:00,270.8248,275.3973644
11/03/2021 4:00,270.67572,274.6352092
11/03/2021 5:00,270.54102,271.6948784
11/03/2021 6:00,271.5605,267.7466476
11/03/2021 7:00,274.0456,273.071516
11/03/2021 8:00,276.83218,279.5700153
11/03/2021 9:00,278.93057,279.3867492
11/03/2021 10:00,280.60947,279.3066785
11/03/2021 11:00,281.8472,281.4116445
11/03/2021 12:00,282.71487,284.7454005
11/03/2021 13:00,283.2069,284.4331921
11/03/2021 14:00,283.12466,282.7117955
11/03/2021 15:00,282.20883,281.7482067
11/03/2021 16:00,280.19,279.8108293
11/03/2021 17:00,278.43588,276.9835419
11/03/2021 18:00,277.1925,280.2078918
11/03/2021 19:00,277.3499,277.8687812
11/03/2021 20:00,277.16876,280.9626064
11/03/2021 21:00,277.56418,281.938616
11/03/2021 22:00,277.97498,281.4745018
11/03/2021 23:00,278.20325,279.2083939
12/03/2021 0:00,278.37973,281.0450209
12/03/2021 1:00,278.14777,280.2538028
12/03/2021 2:00,277.88004,278.9130292
12/03/2021 3:00,278.0067,281.3117877
12/03/2021 4:00,278.93625,278.7683544
12/03/2021 5:00,279.3554,282.4488309
12/03/2021 6:00,279.34805,279.1547343
12/03/2021 7:00,279.85675,280.6408084
12/03/2021 8:00,280.52692,281.617706
12/03/2021 9:00,282.06177,282.3442437
12/03/2021 10:00,283.44153,285.3186815
12/03/2021 11:00,284.18054,283.939366
12/03/2021 12:00,283.9877,286.4877127
12/03/2021 13:00,283.94858,282.2955161
12/03/2021 14:00,283.7293,284.3301538
12/03/2021 15:00,283.25668,287.321819
12/03/2021 16:00,282.37964,281.3322119
12/03/2021 17:00,281.42737,281.1137427
12/03/2021 18:00,280.6322,282.5605364
12/03/2021 19:00,280.2699,281.5668377
12/03/2021 20:00,280.01886,281.4954684
12/03/2021 21:00,279.7715,281.3843572
12/03/2021 22:00,279.5526,281.4086306
12/03/2021 23:00,279.3858,282.1782772
13/03/2021 0:00,279.1662,280.7975281
13/03/2021 1:00,279.00644,279.2503877
13/03/2021 2:00,278.79553,280.4925183
13/03/2021 3:00,278.59232,282.3775704
13/03/2021 4:00,278.13608,278.2560951
13/03/2021 5:00,277.43515,275.6768605
13/03/2021 6:00,277.23428,279.0013182
13/03/2021 7:00,279.22235,278.8769934
13/03/2021 8:00,281.46982,277.5714916
13/03/2021 9:00,283.46393,284.9046735
13/03/2021 10:00,285.1288,284.1694925
13/03/2021 11:00,286.30234,286.2986234
13/03/2021 12:00,287.07443,287.8610651
13/03/2021 13:00,287.77133,288.2136869
13/03/2021 14:00,288.011,289.171017
13/03/2021 15:00,287.87195,287.0895617
13/03/2021 16:00,286.85516,287.7640028
13/03/2021 17:00,284.81195,284.3845046
13/03/2021 18:00,282.99832,283.7040286
13/03/2021 19:00,282.2857,282.7047773
13/03/2021 20:00,281.47818,279.3613563
13/03/2021 21:00,280.94974,282.4492883
13/03/2021 22:00,280.4611,279.3299649
13/03/2021 23:00,279.96237,281.5789026
14/03/2021 0:00,279.7819,280.593405
14/03/2021 1:00,279.31494,282.643026
14/03/2021 2:00,279.06326,278.5924479
14/03/2021 3:00,278.69424,278.0777427
14/03/2021 4:00,278.33093,278.0125002
14/03/2021 5:00,278.06052,277.2431359
14/03/2021 6:00,278.49506,279.8780269
14/03/2021 7:00,282.4271,279.5440687
14/03/2021 8:00,285.0399,283.4504137
14/03/2021 9:00,286.79434,284.6855498
14/03/2021 10:00,287.6985,288.942776
14/03/2021 11:00,288.31213,289.4134187
14/03/2021 12:00,288.54144,283.9408226
14/03/2021 13:00,286.30667,280.9297714
14/03/2021 14:00,283.26572,280.2380226
14/03/2021 15:00,281.1015,281.410604
14/03/2021 16:00,279.85242,277.2095482
14/03/2021 17:00,279.00043,279.0305849
14/03/2021 18:00,278.6859,280.3106758
14/03/2021 19:00,278.3413,279.3739122
14/03/2021 20:00,278.47598,278.7246874
14/03/2021 21:00,278.51678,279.9478768
14/03/2021 22:00,278.38074,273.1819627
14/03/2021 23:00,278.21262,279.1700587
15/03/2021 0:00,278.01306,276.6765157
15/03/2021 1:00,277.5565,274.4408766
15/03/2021 2:00,277.28943,278.4753446
15/03/2021 3:00,276.97525,279.8354439
15/03/2021 4:00,276.6811,276.9089489
15/03/2021 5:00,276.43277,278.6186523
15/03/2021 6:00,276.45148,279.7922739
15/03/2021 7:00,276.12292,279.5860132
15/03/2021 8:00,276.8265,281.010937
15/03/2021 9:00,278.1655,281.1958463
15/03/2021 10:00,280.00952,281.3703747
15/03/2021 11:00,281.2539,278.9359307
15/03/2021 12:00,281.54837,281.6873891
15/03/2021 13:00,281.76462,280.3933373
15/03/2021 14:00,281.8522,286.3237233
15/03/2021 15:00,281.86557,282.2375427
15/03/2021 16:00,281.37592,282.2444485
15/03/2021 17:00,280.46744,281.6151165
15/03/2021 18:00,279.47705,279.3279743
15/03/2021 19:00,279.18292,281.4555856
15/03/2021 20:00,278.21463,276.0030974
15/03/2021 21:00,277.65442,276.3052682
15/03/2021 22:00,277.3553,274.1236147
15/03/2021 23:00,277.05948,273.08336
16/03/2021 0:00,276.82147,274.6820799
16/03/2021 1:00,276.643,275.9893397
16/03/2021 2:00,276.4518,275.1714886
16/03/2021 3:00,276.22018,274.5684528
16/03/2021 4:00,275.94043,273.0904265
16/03/2021 5:00,275.7255,275.2117676
16/03/2021 6:00,276.18774,273.1034213
16/03/2021 7:00,277.7587,278.9219793
16/03/2021 8:00,279.34436,279.5898306
16/03/2021 9:00,280.58408,278.0669861
16/03/2021 10:00,281.2469,280.8236239
16/03/2021 11:00,281.86658,280.6818924
16/03/2021 12:00,282.45886,283.1215348
16/03/2021 13:00,282.68246,285.3405395
16/03/2021 14:00,282.72525,279.3818989
16/03/2021 15:00,281.79807,282.0109913
16/03/2021 16:00,281.25626,280.9859643
16/03/2021 17:00,280.31802,281.4019586
16/03/2021 18:00,279.48074,279.766764
16/03/2021 19:00,278.7277,277.2572544
16/03/2021 20:00,278.03046,277.4222993
16/03/2021 21:00,277.5127,276.0608541
16/03/2021 22:00,277.01968,278.8853727
16/03/2021 23:00,276.62363,276.6116282
17/03/2021 0:00,276.2262,279.5414535
17/03/2021 1:00,275.8749,275.6926271
17/03/2021 2:00,275.54065,274.177378
17/03/2021 3:00,275.25623,272.451357
17/03/2021 4:00,275.00955,271.5043571
17/03/2021 5:00,274.7221,271.5258387
17/03/2021 6:00,275.05533,275.2040498
17/03/2021 7:00,276.45416,277.3931269
17/03/2021 8:00,277.9509,275.2203065
17/03/2021 9:00,279.38412,281.030093
17/03/2021 10:00,280.30566,279.6568466
17/03/2021 11:00,280.99454,281.4502876
17/03/2021 12:00,281.3612,284.5107416
17/03/2021 13:00,281.59418,283.5406898
17/03/2021 14:00,281.56708,281.3386081
17/03/2021 15:00,281.34848,279.8025638
17/03/2021 16:00,280.4427,276.6937677
17/03/2021 17:00,279.4453,278.1209629
17/03/2021 18:00,278.51944,277.8911438
17/03/2021 19:00,277.77408,275.8884763
17/03/2021 20:00,277.10425,276.7048889
17/03/2021 21:00,276.59955,276.5232521
17/03/2021 22:00,276.20947,275.4293106
17/03/2021 23:00,275.8211,274.2304654
18/03/2021 0:00,275.40564,275.242542
18/03/2021 1:00,274.94836,275.3140147
18/03/2021 2:00,274.60812,272.2106916
18/03/2021 3:00,274.1863,276.283335
18/03/2021 4:00,274.02954,273.4068061
18/03/2021 5:00,273.86508,273.4750181
18/03/2021 6:00,274.1609,275.0880106
18/03/2021 7:00,275.60382,276.1091786
18/03/2021 8:00,276.72925,278.5133475
18/03/2021 9:00,277.89908,278.5520454
18/03/2021 10:00,278.24402,277.4483537
18/03/2021 11:00,278.69424,279.9070188
18/03/2021 12:00,279.0937,277.713886
18/03/2021 13:00,279.60608,280.3555635
18/03/2021 14:00,279.37445,280.0054968
18/03/2021 15:00,279.13547,279.2529726
18/03/2021 16:00,278.4603,278.4323659
18/03/2021 17:00,277.85397,274.4736779
18/03/2021 18:00,276.75397,275.6307133
18/03/2021 19:00,275.74655,275.9288997
18/03/2021 20:00,275.21677,275.1088451
18/03/2021 21:00,274.56833,272.2433166
18/03/2021 22:00,273.9142,275.7461714
18/03/2021 23:00,273.10068,271.3713396
19/03/2021 0:00,272.5094,274.0191565
19/03/2021 1:00,271.97595,272.30847
19/03/2021 2:00,271.63232,269.7248965
19/03/2021 3:00,271.35492,273.8087768
19/03/2021 4:00,270.9859,268.2605646
19/03/2021 5:00,270.73355,271.6944987
19/03/2021 6:00,271.87332,273.0349136
19/03/2021 7:00,274.02353,272.8254291
19/03/2021 8:00,275.70544,278.2648959
19/03/2021 9:00,277.0277,276.8893874
19/03/2021 10:00,278.36703,279.0422512
19/03/2021 11:00,278.9924,279.6054713
19/03/2021 12:00,279.39484,279.515402
19/03/2021 13:00,279.71872,281.4281047
19/03/2021 14:00,279.82034,281.4918825
19/03/2021 15:00,279.42426,276.6564857
19/03/2021 16:00,278.85837,281.3939439
19/03/2021 17:00,278.111,275.0520967
19/03/2021 18:00,276.61826,279.5490495
19/03/2021 19:00,274.25348,278.4612316
19/03/2021 20:00,273.29355,273.0471346
19/03/2021 21:00,273.0121,274.5292246
19/03/2021 22:00,272.42584,272.8368442
19/03/2021 23:00,271.8937,273.8539152
20/03/2021 0:00,271.6975,273.0230591
20/03/2021 1:00,271.5655,274.4852774
20/03/2021 2:00,271.54742,275.285198
20/03/2021 3:00,271.50064,275.4212788
20/03/2021 4:00,271.40906,270.4395518
20/03/2021 5:00,271.4318,270.4004312
20/03/2021 6:00,272.72867,269.0600572
20/03/2021 7:00,273.97104,272.6335106
20/03/2021 8:00,275.61786,276.8775616
20/03/2021 9:00,276.9953,279.3897895
20/03/2021 10:00,278.1421,275.2958308
20/03/2021 11:00,278.52747,276.9840759
20/03/2021 12:00,278.90884,278.8487598
20/03/2021 13:00,279.17157,279.8216561
20/03/2021 14:00,279.0111,277.7456938
20/03/2021 15:00,278.40146,279.0133284
20/03/2021 16:00,277.1992,276.2728552
20/03/2021 17:00,275.53265,275.2320672
20/03/2021 18:00,274.54794,275.3034845
20/03/2021 19:00,273.9346,274.0194595
20/03/2021 20:00,273.346,272.805435
20/03/2021 21:00,272.81958,273.0055726
20/03/2021 22:00,272.18686,272.6019157
20/03/2021 23:00,271.70187,271.8728304
21/03/2021 0:00,271.265,271.675237
21/03/2021 1:00,271.03973,274.7015987
21/03/2021 2:00,270.8686,272.491362
21/03/2021 3:00,270.54904,270.7122424
21/03/2021 4:00,270.2927,272.4119941
21/03/2021 5:00,270.16064,270.3293104
21/03/2021 6:00,270.9234,273.4353562
21/03/2021 7:00,272.46863,273.3561549
21/03/2021 8:00,274.29996,274.0850187
21/03/2021 9:00,276.0437,276.6716175
21/03/2021 10:00,277.58356,274.4605648
21/03/2021 11:00,278.64813,276.2736077
21/03/2021 12:00,279.45132,276.8322831
21/03/2021 13:00,279.82535,279.755554
21/03/2021 14:00,279.90424,282.5763441
21/03/2021 15:00,279.64685,283.1566578
21/03/2021 16:00,279.03217,279.5084407
21/03/2021 17:00,277.76138,277.7941789
21/03/2021 18:00,276.3151,272.1740025
21/03/2021 19:00,275.8729,274.059354
21/03/2021 20:00,274.81534,272.7432838
21/03/2021 21:00,273.8925,272.5011955
21/03/2021 22:00,273.27716,273.0707147
21/03/2021 23:00,272.8266,272.2124392
22/03/2021 0:00,272.3994,269.3614728
22/03/2021 1:00,272.27576,274.5817807
22/03/2021 2:00,272.27777,271.4931611
22/03/2021 3:00,272.81223,274.2141232
22/03/2021 4:00,273.46567,277.7770467
22/03/2021 5:00,273.9082,272.8396923
22/03/2021 6:00,274.39655,270.6476596
22/03/2021 7:00,275.34247,275.8257425
22/03/2021 8:00,276.66672,279.3141234
22/03/2021 9:00,278.01575,281.9327967
22/03/2021 10:00,278.71698,276.9447795
22/03/2021 11:00,278.99643,280.7538911
22/03/2021 12:00,278.599,279.5172139
22/03/2021 13:00,278.4887,280.2921417
22/03/2021 14:00,279.35306,285.3605094
22/03/2021 15:00,279.68762,277.8134877
22/03/2021 16:00,279.37512,280.2200079
22/03/2021 17:00,278.3941,279.3666554
22/03/2021 18:00,277.41144,279.4231707
22/03/2021 19:00,275.72684,276.5667401
22/03/2021 20:00,274.94836,276.3579897
22/03/2021 21:00,274.49448,274.6173538
22/03/2021 22:00,274.1552,275.2954203
22/03/2021 23:00,273.7237,273.6722937
23/03/2021 0:00,273.12274,274.7999901
23/03/2021 1:00,272.51007,272.4843217
23/03/2021 2:00,272.01404,273.1821132
23/03/2021 3:00,271.63635,271.7702585
23/03/2021 4:00,271.36594,273.0144392
23/03/2021 5:00,271.1898,270.3161561
23/03/2021 6:00,272.37268,268.7133674
23/03/2021 7:00,274.7435,277.3876107
23/03/2021 8:00,276.67276,275.2402252
23/03/2021 9:00,278.49673,277.4294647
23/03/2021 10:00,279.95,279.0577812
23/03/2021 11:00,281.05368,283.7773076
23/03/2021 12:00,281.8188,278.4675783
23/03/2021 13:00,282.68045,288.7524836
23/03/2021 14:00,282.74496,284.8565008
23/03/2021 15:00,282.5765,283.0819791
23/03/2021 16:00,281.9401,281.8461031
23/03/2021 17:00,280.70273,281.1880585
23/03/2021 18:00,280.02957,280.7929923
23/03/2021 19:00,279.26215,280.6052777
23/03/2021 20:00,278.91187,279.8498479
23/03/2021 21:00,278.3082,278.3581357
23/03/2021 22:00,277.84094,277.3716243
23/03/2021 23:00,277.36096,277.0819199
24/03/2021 0:00,276.92377,276.5550078
24/03/2021 1:00,276.5571,278.5616419
24/03/2021 2:00,276.15768,277.3876632
24/03/2021 3:00,275.75424,270.6964102
24/03/2021 4:00,275.50323,276.7536739
24/03/2021 5:00,275.43237,275.6634567
24/03/2021 6:00,276.28702,276.115722
24/03/2021 7:00,278.2213,277.6363797
24/03/2021 8:00,279.97375,282.0190001
24/03/2021 9:00,281.51428,283.2518395
24/03/2021 10:00,282.66443,281.5767421
24/03/2021 11:00,283.1845,284.1824478
24/03/2021 12:00,283.07053,281.5029393
24/03/2021 13:00,283.0077,280.6877778
24/03/2021 14:00,282.79944,281.9120769
24/03/2021 15:00,282.60593,284.3363184
24/03/2021 16:00,282.1918,283.979727
24/03/2021 17:00,281.26425,282.1732066
24/03/2021 18:00,280.437,281.441125
24/03/2021 19:00,279.62512,280.6123865
24/03/2021 20:00,278.2895,277.6192402
24/03/2021 21:00,277.03973,278.2752425
24/03/2021 22:00,276.34952,277.8075669
24/03/2021 23:00,274.85178,276.6239971
25/03/2021 0:00,274.75952,276.7474212
25/03/2021 1:00,274.56332,275.4905393
25/03/2021 2:00,274.31766,274.7362506
25/03/2021 3:00,273.83066,275.6035867
25/03/2021 4:00,273.58768,273.5863448
25/03/2021 5:00,273.02646,271.7518425
25/03/2021 6:00,274.3307,274.0194261
25/03/2021 7:00,277.62903,276.1786478
25/03/2021 8:00,279.4062,278.1048386
25/03/2021 9:00,281.06973,280.9247794
25/03/2021 10:00,282.41074,281.0725546
25/03/2021 11:00,283.2714,283.1202683
25/03/2021 12:00,283.50504,281.264784
25/03/2021 13:00,283.54916,285.2645963
25/03/2021 14:00,283.732,284.9067397
25/03/2021 15:00,283.6237,283.3414677
25/03/2021 16:00,283.5592,285.6829611
25/03/2021 17:00,282.3058,284.768087
25/03/2021 18:00,280.3625,277.8935312
25/03/2021 19:00,278.09128,277.3611635
25/03/2021 20:00,276.89603,276.0175223
25/03/2021 21:00,275.87424,274.808112
25/03/2021 22:00,275.1205,277.3692578
25/03/2021 23:00,274.6021,275.2151886
26/03/2021 0:00,274.1666,274.8057562
26/03/2021 1:00,273.74576,271.5782143
26/03/2021 2:00,273.48438,275.991967
26/03/2021 3:00,273.09433,272.2582163
26/03/2021 4:00,272.75873,274.0922804
26/03/2021 5:00,272.54248,274.1785041
26/03/2021 6:00,275.25522,278.521219
26/03/2021 7:00,279.79092,277.9314238
26/03/2021 8:00,283.2126,278.3877459
26/03/2021 9:00,285.3367,286.1931529
26/03/2021 10:00,286.53665,290.4919573
26/03/2021 11:00,287.42673,290.5252098
26/03/2021 12:00,288.0815,289.4172155
26/03/2021 13:00,288.46356,288.5930758
26/03/2021 14:00,288.57755,291.0277026
26/03/2021 15:00,288.4278,287.6909555
26/03/2021 16:00,287.6714,289.259815
26/03/2021 17:00,285.447,287.1077095
26/03/2021 18:00,283.51508,285.9318326
26/03/2021 19:00,282.99933,288.3424966
26/03/2021 20:00,281.68842,282.7869583
26/03/2021 21:00,280.43134,279.9011596
26/03/2021 22:00,279.19864,279.5724356
26/03/2021 23:00,278.07455,275.3735303
27/03/2021 0:00,277.15305,276.2244842
27/03/2021 1:00,276.5063,275.9495837
27/03/2021 2:00,275.88995,275.1965131
27/03/2021 3:00,275.2318,276.0369999
27/03/2021 4:00,274.66595,274.0555046
27/03/2021 5:00,274.324,277.4190294
27/03/2021 6:00,276.7369,277.5799275
27/03/2021 7:00,281.8348,283.1928419
27/03/2021 8:00,285.35342,285.3477069
27/03/2021 9:00,287.69614,287.9225935
27/03/2021 10:00,289.15945,290.1518694
27/03/2021 11:00,290.03217,288.0766239
27/03/2021 12:00,290.53754,289.2348232
27/03/2021 13:00,290.9831,289.9379863
27/03/2021 14:00,290.586,287.3533791
27/03/2021 15:00,289.9613,287.8122973
27/03/2021 16:00,289.00037,287.8431079
27/03/2021 17:00,287.403,288.7953908
27/03/2021 18:00,286.0707,286.6055764
27/03/2021 19:00,285.5339,286.1612521
27/03/2021 20:00,284.92892,286.5372639
27/03/2021 21:00,284.43057,284.2106051
27/03/2021 22:00,283.92218,284.7008551
27/03/2021 23:00,283.58026,283.4924814
28/03/2021 0:00,283.6237,283.9723882
28/03/2021 1:00,283.22293,282.0734034
28/03/2021 2:00,283,278.4306195
28/03/2021 3:00,282.63434,281.8805545
28/03/2021 4:00,282.3295,284.0795179
28/03/2021 5:00,282.03638,282.9848823
28/03/2021 6:00,282.0621,283.3664805
28/03/2021 7:00,282.3332,285.047832
28/03/2021 8:00,283.7009,283.5600172
28/03/2021 9:00,283.92117,283.8185854
28/03/2021 10:00,284.19324,282.5617679
28/03/2021 11:00,284.75745,283.5342507
28/03/2021 12:00,285.01416,285.3745538
28/03/2021 13:00,285.41025,286.8657949
28/03/2021 14:00,285.78894,284.9997329
28/03/2021 15:00,285.81802,284.7022541
28/03/2021 16:00,285.4353,285.1476971
28/03/2021 17:00,284.31726,285.088622
28/03/2021 18:00,282.87198,280.3337377
28/03/2021 19:00,281.21478,276.8082788
28/03/2021 20:00,280.38385,278.8788771
28/03/2021 21:00,280.8929,277.2282554
28/03/2021 22:00,281.50424,278.2966311
28/03/2021 23:00,281.14227,278.8947899
29/03/2021 0:00,280.7007,277.2592841
29/03/2021 1:00,279.30826,280.3049299
29/03/2021 2:00,278.35632,278.367232
29/03/2021 3:00,277.45856,277.599142
29/03/2021 4:00,276.78137,277.6585177
29/03/2021 5:00,276.3746,274.6925912
29/03/2021 6:00,278.21194,280.3513834
29/03/2021 7:00,282.0006,281.4281184
29/03/2021 8:00,284.68793,285.4091031
29/03/2021 9:00,286.34546,284.3177934
29/03/2021 10:00,287.45816,284.8586282
29/03/2021 11:00,288.41174,290.2297341
29/03/2021 12:00,289.11368,290.2199469
29/03/2021 13:00,289.5542,288.3572985
29/03/2021 14:00,289.67654,288.474508
29/03/2021 15:00,289.38507,291.8446667
29/03/2021 16:00,288.60596,287.0649439
29/03/2021 17:00,287.15533,290.5561845
29/03/2021 18:00,287.24524,283.7554982
29/03/2021 19:00,286.75458,285.9797657
29/03/2021 20:00,284.51044,283.2835522
29/03/2021 21:00,281.55774,283.9394977
29/03/2021 22:00,280.52893,281.6197676
29/03/2021 23:00,280.10178,283.0915426
30/03/2021 0:00,279.92596,283.1927315
30/03/2021 1:00,279.9791,281.2421173
30/03/2021 2:00,280.51724,283.4724932
30/03/2021 3:00,280.7599,280.6498659
30/03/2021 4:00,280.9882,281.1350352
30/03/2021 5:00,281.24255,279.8274999
30/03/2021 6:00,282.04004,277.9422178
30/03/2021 7:00,284.15515,284.0292757
30/03/2021 8:00,285.67328,290.2275924
30/03/2021 9:00,286.28128,288.4564226
30/03/2021 10:00,287.045,287.8209728
30/03/2021 11:00,287.20212,287.8836688
30/03/2021 12:00,287.30072,288.910997
30/03/2021 13:00,287.28635,290.3472664
30/03/2021 14:00,287.62027,287.5894173
30/03/2021 15:00,287.4518,291.365651
30/03/2021 16:00,287.08414,289.8949218
30/03/2021 17:00,285.99316,288.4386797
30/03/2021 18:00,284.4386,286.1896744
30/03/2021 19:00,287.0564,285.4802896
30/03/2021 20:00,286.88593,285.1824287
30/03/2021 21:00,286.3197,284.6660701
30/03/2021 22:00,285.58438,283.2900977
30/03/2021 23:00,284.69128,283.9497169
31/03/2021 0:00,283.69388,284.7880949
31/03/2021 1:00,282.9826,286.9456508
31/03/2021 2:00,283.10764,281.3494149
31/03/2021 3:00,283.19788,280.4477427
31/03/2021 4:00,283.0478,282.7873505
31/03/2021 5:00,282.99597,282.1884657
31/03/2021 6:00,283.5298,283.7162815
31/03/2021 7:00,285.60843,286.7984969
31/03/2021 8:00,287.37292,287.854666
31/03/2021 9:00,289.03946,292.4159876
31/03/2021 10:00,290.3186,288.4725954
31/03/2021 11:00,291.12616,290.7717178
31/03/2021 12:00,291.68668,292.6789628
31/03/2021 13:00,292.0647,290.1761099
31/03/2021 14:00,291.8264,292.3107784
31/03/2021 15:00,291.6596,295.0554295
31/03/2021 16:00,291.15958,291.4563535
31/03/2021 17:00,289.48868,290.2301741
31/03/2021 18:00,286.92703,285.6907575
31/03/2021 19:00,285.6342,285.6028285
31/03/2021 20:00,284.44427,284.4010264
31/03/2021 21:00,283.32355,283.1525157
31/03/2021 22:00,282.24594,285.1697577
31/03/2021 23:00,281.35684,283.2057816
01/04/2021 0:00,280.62433,279.6545421
01/04/2021 1:00,280.06094,281.708146
01/04/2021 2:00,279.60776,281.9438436
01/04/2021 3:00,279.20645,282.8888645
01/04/2021 4:00,278.8236,283.2818397
01/04/2021 5:00,278.7511,278.5989078
01/04/2021 6:00,282.1144,281.9195279
01/04/2021 7:00,286.99548,285.5240293
01/04/2021 8:00,290.13416,290.2540448
01/04/2021 9:00,291.80124,293.1963161
01/04/2021 10:00,292.794,295.2435188
01/04/2021 11:00,293.5888,294.2412869
01/04/2021 12:00,294.21155,294.4584206
01/04/2021 13:00,294.64096,295.7572704
01/04/2021 14:00,294.82968,294.1436013
01/04/2021 15:00,294.7067,299.1511912
01/04/2021 16:00,293.9112,291.7260017
01/04/2021 17:00,292.1432,293.0631145
01/04/2021 18:00,289.8512,293.763041
01/04/2021 19:00,288.09454,288.2155897
01/04/2021 20:00,286.5238,286.4227207
01/04/2021 21:00,285.2239,284.8981344
01/04/2021 22:00,284.13232,285.0922048
01/04/2021 23:00,283.61725,287.102176
02/04/2021 0:00,283.7445,279.9253251
02/04/2021 1:00,284.07687,285.9874648
02/04/2021 2:00,284.04773,280.3923361
02/04/2021 3:00,283.98444,282.6534621
02/04/2021 4:00,283.77402,282.5059712
02/04/2021 5:00,283.72958,283.4362221
02/04/2021 6:00,284.95697,280.6389293
02/04/2021 7:00,287.652,288.4548565
02/04/2021 8:00,290.16223,293.5269496
02/04/2021 9:00,291.5908,288.7176661
02/04/2021 10:00,292.24698,292.2024284
02/04/2021 11:00,292.65146,290.0109516
02/04/2021 12:00,290.97943,292.6764198
02/04/2021 13:00,291.15393,292.0392673
02/04/2021 14:00,291.21616,290.2002307
02/04/2021 15:00,290.95312,291.4696133
02/04/2021 16:00,290.23972,293.0235479
02/04/2021 17:00,289.0813,288.2941158
02/04/2021 18:00,287.70996,288.4738903
02/04/2021 19:00,287.24643,284.0571005
02/04/2021 20:00,285.95685,283.2674254
02/04/2021 21:00,284.94205,284.8694211
02/04/2021 22:00,284.20447,286.012146
02/04/2021 23:00,283.24084,283.7017137
03/04/2021 0:00,282.8719,282.226882
03/04/2021 1:00,282.55765,282.5104622
03/04/2021 2:00,282.18515,279.9468763
03/04/2021 3:00,281.8631,282.8441647
03/04/2021 4:00,281.52505,282.9850912
03/04/2021 5:00,281.33133,280.3125597
03/04/2021 6:00,281.34094,279.9444552
03/04/2021 7:00,281.42908,281.5614739
03/04/2021 8:00,281.54745,280.6190525
03/04/2021 9:00,282.01987,282.2828846
03/04/2021 10:00,283.21417,287.8838062
03/04/2021 11:00,284.28586,284.5383994
03/04/2021 12:00,285.07675,284.7424862
03/04/2021 13:00,285.43042,284.1458733
03/04/2021 14:00,285.30496,286.3708707
03/04/2021 15:00,284.8155,284.2790271
03/04/2021 16:00,284.18173,282.7493429
03/04/2021 17:00,283.06418,285.1362347
03/04/2021 18:00,281.91748,284.1551753
03/04/2021 19:00,280.8529,279.6072782
03/04/2021 20:00,280.1882,276.8395916
03/04/2021 21:00,279.64508,281.3640168
03/04/2021 22:00,279.05856,277.7119321
03/04/2021 23:00,278.52716,279.7972604
04/04/2021 0:00,277.99576,274.4108457
04/04/2021 1:00,277.4729,279.0368403
04/04/2021 2:00,277.01328,274.8926198
04/04/2021 3:00,276.5949,277.9622363
04/04/2021 4:00,276.23627,276.3302647
04/04/2021 5:00,276.21353,274.4755175
04/04/2021 6:00,277.2532,276.4287605
04/04/2021 7:00,278.10843,279.3937853
04/04/2021 8:00,279.13925,279.3224227
04/04/2021 9:00,280.3883,281.075533
04/04/2021 10:00,281.69818,285.142032
04/04/2021 11:00,282.56546,279.8542711
04/04/2021 12:00,283.17935,286.1141123
04/04/2021 13:00,283.44415,283.7326818
04/04/2021 14:00,283.43774,281.8661783
04/04/2021 15:00,283.0919,280.7030933
04/04/2021 16:00,282.37177,282.3259113
04/04/2021 17:00,281.51794,283.3005689
04/04/2021 18:00,280.42776,280.0792003
04/04/2021 19:00,279.09625,281.40444
04/04/2021 20:00,277.66058,274.7370632
04/04/2021 21:00,276.36353,277.6630421
04/04/2021 22:00,275.32416,275.4158516
04/04/2021 23:00,274.56564,276.2832066
05/04/2021 0:00,273.90555,276.0575651
05/04/2021 1:00,273.42355,273.2747278
05/04/2021 2:00,273.09512,269.1560504
05/04/2021 3:00,272.82,273.973433
05/04/2021 4:00,272.6302,274.0653409
05/04/2021 5:00,272.55875,273.6148432
05/04/2021 6:00,275.87762,277.9035334
05/04/2021 7:00,279.23773,277.4105797
05/04/2021 8:00,281.22827,282.4399536
05/04/2021 9:00,282.6522,284.9342408
05/04/2021 10:00,283.65457,280.765527
05/04/2021 11:00,284.5098,285.357882
05/04/2021 12:00,285.19476,284.5699808
05/04/2021 13:00,285.74927,285.8747673
05/04/2021 14:00,286.11078,286.9713258
05/04/2021 15:00,286.15555,285.5163693
05/04/2021 16:00,285.7578,284.6956982
05/04/2021 17:00,284.32852,284.3904805
05/04/2021 18:00,282.2683,280.4415085
05/04/2021 19:00,281.3747,280.1423904
05/04/2021 20:00,280.48712,283.0512276
05/04/2021 21:00,279.97314,279.4509706
05/04/2021 22:00,279.31024,282.1376047
05/04/2021 23:00,278.79376,281.4960595
06/04/2021 0:00,278.52502,277.5271931
06/04/2021 1:00,278.5446,279.0565427
06/04/2021 2:00,279.08344,282.1801842
06/04/2021 3:00,279.68488,277.0193912
06/04/2021 4:00,278.74185,275.7590224
06/04/2021 5:00,277.24576,276.1072081
06/04/2021 6:00,276.42145,276.7296882
06/04/2021 7:00,275.44644,274.4145685
06/04/2021 8:00,275.4333,273.8495494
06/04/2021 9:00,275.59503,277.7919765
06/04/2021 10:00,276.1467,279.4131469
06/04/2021 11:00,277.05133,278.895173
06/04/2021 12:00,277.77893,277.5978397
06/04/2021 13:00,277.97763,276.0588883
06/04/2021 14:00,277.7455,275.9343212
06/04/2021 15:00,277.20773,278.2357825
06/04/2021 16:00,276.81744,277.7763568
06/04/2021 17:00,276.2821,279.1750375
06/04/2021 18:00,275.7532,277.2460689
06/04/2021 19:00,275.1795,272.5278025
06/04/2021 20:00,274.9161,276.751087
06/04/2021 21:00,274.6936,272.7749224
06/04/2021 22:00,274.5077,273.457181
06/04/2021 23:00,273.9109,273.8042454
07/04/2021 0:00,273.4122,276.3642098
07/04/2021 1:00,272.9846,277.8958354
07/04/2021 2:00,272.5449,272.8992334
07/04/2021 3:00,272.17697,270.901876
07/04/2021 4:00,271.9104,271.6482075
07/04/2021 5:00,271.98468,272.3195484
07/04/2021 6:00,273.7257,272.879945
07/04/2021 7:00,274.89658,277.4903002
07/04/2021 8:00,276.72574,276.5706756
07/04/2021 9:00,278.09457,278.641394
07/04/2021 10:00,278.83926,279.9490455
07/04/2021 11:00,280.08405,280.7081862
07/04/2021 12:00,280.7843,282.2987194
07/04/2021 13:00,281.11166,279.9589056
07/04/2021 14:00,281.24036,280.0289444
07/04/2021 15:00,280.80383,278.0295262
07/04/2021 16:00,280.16296,278.7304947
07/04/2021 17:00,278.58475,278.2736623
07/04/2021 18:00,277.19672,276.9037068
07/04/2021 19:00,275.82465,277.8930041
07/04/2021 20:00,275.28223,274.5015671
07/04/2021 21:00,274.74762,275.0225864
07/04/2021 22:00,274.31967,271.3364009
07/04/2021 23:00,273.7648,272.171328
08/04/2021 0:00,273.31693,273.7168195
08/04/2021 1:00,272.90637,273.6786362
08/04/2021 2:00,272.59357,271.4127087
08/04/2021 3:00,272.38315,271.6746713
08/04/2021 4:00,272.25626,269.3254741
08/04/2021 5:00,272.71408,272.4110732
08/04/2021 6:00,275.21115,276.4487301
08/04/2021 7:00,276.3102,276.3126189
08/04/2021 8:00,278.74506,279.2190617
08/04/2021 9:00,280.8337,280.6719983
08/04/2021 10:00,281.86807,281.8715371
08/04/2021 11:00,282.6483,281.47051
08/04/2021 12:00,283.05173,284.3428704
08/04/2021 13:00,283.4264,284.054687
08/04/2021 14:00,283.40543,284.0370035
08/04/2021 15:00,283.00482,281.8260282
08/04/2021 16:00,281.57233,277.9135963
08/04/2021 17:00,280.70004,282.9977961
08/04/2021 18:00,279.22882,278.6162235
08/04/2021 19:00,278.7902,275.515203
08/04/2021 20:00,279.1947,278.2665251
08/04/2021 21:00,278.72623,277.3344476
08/04/2021 22:00,278.2538,279.4061371
08/04/2021 23:00,277.6737,277.2608856
09/04/2021 0:00,275.18802,275.9800555
09/04/2021 1:00,273.53552,270.5814286
09/04/2021 2:00,272.88327,274.1249006
09/04/2021 3:00,272.5136,271.9619497
09/04/2021 4:00,271.97934,270.5358131
09/04/2021 5:00,272.1336,271.9920145
09/04/2021 6:00,276.28568,272.6492425
09/04/2021 7:00,279.13,280.1093287
09/04/2021 8:00,281.1671,279.6108256
09/04/2021 9:00,282.8125,280.6767402
09/04/2021 10:00,284.28018,281.7752624
09/04/2021 11:00,285.50827,287.6031019
09/04/2021 12:00,286.4353,285.4255375
09/04/2021 13:00,287.04846,289.8890267
09/04/2021 14:00,287.3225,286.7165524
09/04/2021 15:00,287.4103,284.5103596
09/04/2021 16:00,286.85794,284.8580691
09/04/2021 17:00,284.77994,287.3229656
09/04/2021 18:00,282.8573,282.3050107
09/04/2021 19:00,282.1112,280.35672
09/04/2021 20:00,280.5568,281.2016324
09/04/2021 21:00,279.29388,281.4454144
09/04/2021 22:00,278.95905,282.2855829
09/04/2021 23:00,278.8133,282.6283061
10/04/2021 0:00,278.55914,279.1824107
10/04/2021 1:00,278.07858,277.0656054
10/04/2021 2:00,277.24292,278.2636293
10/04/2021 3:00,276.628,279.1472379
10/04/2021 4:00,276.26932,276.7634779
10/04/2021 5:00,276.53415,277.0330871
10/04/2021 6:00,279.81036,281.4240035
10/04/2021 7:00,283.73883,283.2340121
10/04/2021 8:00,285.71054,285.3237747
10/04/2021 9:00,287.18707,285.3798708
10/04/2021 10:00,288.36435,287.4598387
10/04/2021 11:00,289.14172,286.9517362
10/04/2021 12:00,289.50854,290.5067022
10/04/2021 13:00,289.6827,291.0155676
10/04/2021 14:00,289.78366,286.0334165
10/04/2021 15:00,289.6191,287.6217182
10/04/2021 16:00,288.75037,285.8628906
10/04/2021 17:00,287.25534,285.8097375
10/04/2021 18:00,284.42593,284.9250176
10/04/2021 19:00,283.01617,281.7849097
10/04/2021 20:00,280.97232,281.8286388
10/04/2021 21:00,280.06094,280.8183157
10/04/2021 22:00,279.2889,282.0024995
10/04/2021 23:00,278.87976,281.0007862
11/04/2021 0:00,278.83536,278.9051158
11/04/2021 1:00,278.3384,279.859117
11/04/2021 2:00,277.34244,277.9609828
11/04/2021 3:00,277.12598,278.4457322
11/04/2021 4:00,277.03354,281.6156975
11/04/2021 5:00,277.27313,281.0622984
11/04/2021 6:00,278.9114,277.9003433
11/04/2021 7:00,283.8771,284.553525
11/04/2021 8:00,284.8123,285.8324989
11/04/2021 9:00,285.85626,283.4377527
11/04/2021 10:00,286.73993,288.6545903
11/04/2021 11:00,287.80203,290.4289892
11/04/2021 12:00,287.4501,285.840923
11/04/2021 13:00,287.49207,286.6327825
11/04/2021 14:00,287.6776,290.4830491
11/04/2021 15:00,287.78284,289.1764842
11/04/2021 16:00,287.57703,289.3022004
11/04/2021 17:00,286.42145,287.4163159
11/04/2021 18:00,285.3085,286.0431253
11/04/2021 19:00,284.07794,281.528442
11/04/2021 20:00,282.63904,284.4985189
11/04/2021 21:00,281.20053,283.6478622
11/04/2021 22:00,279.99484,280.1407314
11/04/2021 23:00,279.114,279.6365784
12/04/2021 0:00,278.51224,276.4977642
12/04/2021 1:00,278.0665,279.7916522
12/04/2021 2:00,277.72812,279.749702
12/04/2021 3:00,277.62573,278.5646109
12/04/2021 4:00,277.54007,280.5402572
12/04/2021 5:00,278.33023,278.5121729
12/04/2021 6:00,282.1151,283.6797555
12/04/2021 7:00,284.674,283.3046558
12/04/2021 8:00,286.8032,287.3115949
12/04/2021 9:00,288.6761,288.7578412
12/04/2021 10:00,290.40714,290.4451816
12/04/2021 11:00,291.70987,290.4680497
12/04/2021 12:00,292.49008,291.2477761
12/04/2021 13:00,292.82812,292.6457337
12/04/2021 14:00,292.76025,289.8352135
12/04/2021 15:00,292.31308,287.0889656
12/04/2021 16:00,291.07468,292.1979514
12/04/2021 17:00,289.21176,290.285881
12/04/2021 18:00,287.84964,284.3940037
12/04/2021 19:00,287.01965,287.5860314
12/04/2021 20:00,286.59064,283.9855798
12/04/2021 21:00,285.08847,281.6374898
12/04/2021 22:00,282.2189,279.0443078
12/04/2021 23:00,279.65146,277.3243462
13/04/2021 0:00,278.56412,276.3865159
13/04/2021 1:00,278.17953,276.2720296
13/04/2021 2:00,278.1273,275.5276594
13/04/2021 3:00,277.95276,275.5142356
13/04/2021 4:00,277.73557,276.6660585
13/04/2021 5:00,277.67514,275.429656
13/04/2021 6:00,277.85925,277.9849424
13/04/2021 7:00,277.2127,279.0931419
13/04/2021 8:00,277.5422,275.5202755
13/04/2021 9:00,277.9325,277.366593
13/04/2021 10:00,277.7455,277.5330611
13/04/2021 11:00,277.71814,277.097844
13/04/2021 12:00,277.25748,275.9638906
13/04/2021 13:00,276.92834,276.8110913
13/04/2021 14:00,276.7467,276.3994219
13/04/2021 15:00,276.3166,273.0449492
13/04/2021 16:00,276.03116,276.763652
13/04/2021 17:00,275.79373,276.7011012
13/04/2021 18:00,275.5897,273.6865172
13/04/2021 19:00,275.73544,275.1623097
13/04/2021 20:00,275.68176,276.354309
13/04/2021 21:00,275.60675,274.816238
13/04/2021 22:00,275.4653,277.075586
13/04/2021 23:00,275.4173,279.3243237
14/04/2021 0:00,275.35724,273.6549748
14/04/2021 1:00,275.23816,272.6668458
14/04/2021 2:00,275.0526,275.598508
14/04/2021 3:00,275.00497,276.3613134
14/04/2021 4:00,274.97937,274.7350122
14/04/2021 5:00,275.05936,277.8627977
14/04/2021 6:00,275.40414,273.2647747
14/04/2021 7:00,275.4774,277.2298106
14/04/2021 8:00,276.09763,275.715247
14/04/2021 9:00,276.78403,280.3320758
14/04/2021 10:00,277.65808,281.9994548
14/04/2021 11:00,278.64694,278.6697846
14/04/2021 12:00,279.23486,280.0912361
14/04/2021 13:00,279.97137,283.2630685
14/04/2021 14:00,280.4253,281.4297431
14/04/2021 15:00,280.77896,282.0503751
14/04/2021 16:00,280.74698,281.5138444
14/04/2021 17:00,279.55264,277.3420601
14/04/2021 18:00,278.94626,279.709738
14/04/2021 19:00,277.4992,276.8668632
14/04/2021 20:00,276.84586,276.525067
14/04/2021 21:00,276.32797,279.2058768
14/04/2021 22:00,275.80936,273.7524603
14/04/2021 23:00,275.3551,276.8210392
15/04/2021 0:00,274.91788,274.3738908
15/04/2021 1:00,274.56778,273.9787957
15/04/2021 2:00,274.22403,275.5211101
15/04/2021 3:00,273.92758,274.392011
15/04/2021 4:00,273.63754,274.3931181
15/04/2021 5:00,274.04062,275.2437278
15/04/2021 6:00,276.09338,275.7001076
15/04/2021 7:00,278.1429,277.2508798
15/04/2021 8:00,279.31946,277.7727578
15/04/2021 9:00,280.3933,279.0953563
15/04/2021 10:00,281.40634,286.7091426
15/04/2021 11:00,282.0703,284.2626863
15/04/2021 12:00,282.62662,280.347873
15/04/2021 13:00,282.90778,280.6192771
15/04/2021 14:00,282.95078,283.8204323
15/04/2021 15:00,282.85944,283.849815
15/04/2021 16:00,282.2875,283.3738088
15/04/2021 17:00,281.3658,280.9713535
15/04/2021 18:00,279.79507,279.5112387
15/04/2021 19:00,278.44006,278.2680262
15/04/2021 20:00,276.96246,276.4182101
15/04/2021 21:00,275.7379,271.7000218
15/04/2021 22:00,275.05475,274.8913257
15/04/2021 23:00,274.34915,273.3517036
16/04/2021 0:00,273.86966,274.8951403
16/04/2021 1:00,273.74988,280.2329147
16/04/2021 2:00,273.291,276.384
16/04/2021 3:00,272.72617,275.3140248
16/04/2021 4:00,272.26407,277.2902977
16/04/2021 5:00,273.0731,276.421131
16/04/2021 6:00,276.85583,277.3617277
16/04/2021 7:00,278.8044,280.0130598
16/04/2021 8:00,280.1779,284.0465148
16/04/2021 9:00,281.31107,279.421113
16/04/2021 10:00,281.95444,282.7445969
16/04/2021 11:00,282.10977,280.3250035
16/04/2021 12:00,282.4752,283.2992049
16/04/2021 13:00,282.3067,280.9597814
16/04/2021 14:00,282.63443,281.9622339
16/04/2021 15:00,282.39343,281.9168154
16/04/2021 16:00,282.29605,284.1513747
16/04/2021 17:00,281.71487,283.2850066
16/04/2021 18:00,280.48892,279.1701517
16/04/2021 19:00,278.65976,278.839808
16/04/2021 20:00,278.38284,276.6520958
16/04/2021 21:00,279.11118,275.3863938
16/04/2021 22:00,278.43616,277.8321947
16/04/2021 23:00,275.9743,277.4032231
17/04/2021 0:00,275.56305,281.4871718
17/04/2021 1:00,275.73154,277.5466037
17/04/2021 2:00,275.92844,274.3735289
17/04/2021 3:00,276.1712,275.6424861
17/04/2021 4:00,276.28568,278.4586753
17/04/2021 5:00,276.6902,280.8768459
17/04/2021 6:00,278.50476,275.3551096
17/04/2021 7:00,279.4165,275.5146042
17/04/2021 8:00,280.35065,282.9799632
17/04/2021 9:00,281.1568,281.3098252
17/04/2021 10:00,281.34946,279.1732804
17/04/2021 11:00,282.18228,282.3686666
17/04/2021 12:00,282.2651,277.0481978
17/04/2021 13:00,282.46808,282.0346515
17/04/2021 14:00,282.724,282.8566326
17/04/2021 15:00,282.8072,284.0355395
17/04/2021 16:00,282.50967,280.3058347
17/04/2021 17:00,281.93845,281.6897247
17/04/2021 18:00,281.1671,279.1844713
17/04/2021 19:00,280.65244,280.6341562
17/04/2021 20:00,279.87753,277.8879303
17/04/2021 21:00,279.1787,278.310441
17/04/2021 22:00,278.69565,276.7712477
17/04/2021 23:00,278.50192,279.3374068
18/04/2021 0:00,278.19836,279.6981507
18/04/2021 1:00,277.76648,277.4635485
18/04/2021 2:00,277.6737,277.7113024
18/04/2021 3:00,277.60724,274.7781502
18/04/2021 4:00,277.67764,276.9125739
18/04/2021 5:00,277.9485,277.5676268
18/04/2021 6:00,278.71024,283.5779377
18/04/2021 7:00,279.2125,277.1980085
18/04/2021 8:00,279.78156,282.5279646
18/04/2021 9:00,279.9312,281.8989243
18/04/2021 10:00,280.2003,280.8592796
18/04/2021 11:00,280.80313,284.0323214
18/04/2021 12:00,281.17493,281.8272372
18/04/2021 13:00,281.69034,282.2888376
18/04/2021 14:00,281.8983,281.8016108
18/04/2021 15:00,282.1681,284.5496748
18/04/2021 16:00,282.001,284.2514329
18/04/2021 17:00,281.64697,280.6358528
18/04/2021 18:00,280.60336,278.3191962
18/04/2021 19:00,279.84412,279.4946094
18/04/2021 20:00,279.66605,278.2324615
18/04/2021 21:00,279.2619,279.3845839
18/04/2021 22:00,278.95728,281.6165527
18/04/2021 23:00,278.87125,278.5757096
19/04/2021 0:00,278.89825,279.2745085
19/04/2021 1:00,279.02408,279.3956904
19/04/2021 2:00,279.11972,280.7997848
19/04/2021 3:00,279.13074,275.3151114
19/04/2021 4:00,279.0934,278.233687
19/04/2021 5:00,279.31662,279.8773286
19/04/2021 6:00,279.72256,281.9629601
19/04/2021 7:00,280.76938,279.6089732
19/04/2021 8:00,281.73444,278.1492789
19/04/2021 9:00,282.365,283.2191878
19/04/2021 10:00,283.15765,281.7825718
19/04/2021 11:00,283.53763,281.0459417
19/04/2021 12:00,283.7694,282.1866869
19/04/2021 13:00,284.09924,283.4762975
19/04/2021 14:00,284.8649,283.5455382
19/04/2021 15:00,284.59653,280.7656902
19/04/2021 16:00,284.13693,285.6684625
19/04/2021 17:00,283.54724,285.7400032
19/04/2021 18:00,282.33337,283.2794515
19/04/2021 19:00,280.8735,278.4520479
19/04/2021 20:00,280.24792,279.5839525
19/04/2021 21:00,279.9895,279.4614247
19/04/2021 22:00,279.70798,279.97442
19/04/2021 23:00,279.34897,279.8662344
20/04/2021 0:00,279.31485,277.3969115
20/04/2021 1:00,279.35608,279.0308421
20/04/2021 2:00,278.96863,279.3805227
20/04/2021 3:00,278.80408,280.5983646
20/04/2021 4:00,278.1383,278.9247191
20/04/2021 5:00,278.34482,279.4152556
20/04/2021 6:00,279.96924,280.2448323
20/04/2021 7:00,281.15823,283.802305
20/04/2021 8:00,282.70908,283.559699
20/04/2021 9:00,284.0303,281.971469
20/04/2021 10:00,285.2662,286.6497017
20/04/2021 11:00,286.05353,285.2913583
20/04/2021 12:00,286.1442,283.3224969
20/04/2021 13:00,286.33398,283.9474
20/04/2021 14:00,286.4545,286.2537816
20/04/2021 15:00,286.28848,286.832503
20/04/2021 16:00,285.9199,286.0710938
20/04/2021 17:00,285.16418,285.4560429
20/04/2021 18:00,283.9702,286.5934243
20/04/2021 19:00,282.65683,284.4114491
20/04/2021 20:00,281.17566,281.1525282
20/04/2021 21:00,280.74127,281.7885263
20/04/2021 22:00,279.9703,277.5246301
20/04/2021 23:00,279.6671,279.6319505
21/04/2021 0:00,279.36746,281.8826888
21/04/2021 1:00,279.16556,278.2415385
21/04/2021 2:00,279.0081,276.7995898
21/04/2021 3:00,278.97858,276.7952122
21/04/2021 4:00,278.65442,275.5028014
21/04/2021 5:00,279.58963,277.1215176
21/04/2021 6:00,282.52814,281.6764481
21/04/2021 7:00,283.8707,281.2005485
21/04/2021 8:00,285.96112,285.9623525
21/04/2021 9:00,287.66125,289.401142
21/04/2021 10:00,288.71057,287.3815328
21/04/2021 11:00,289.55548,292.579929
21/04/2021 12:00,289.9749,291.234906
21/04/2021 13:00,290.21518,292.2510805
21/04/2021 14:00,290.1839,289.0769137
21/04/2021 15:00,289.85477,291.5027123
21/04/2021 16:00,289.5889,287.5079873
21/04/2021 17:00,288.4173,289.5147893
21/04/2021 18:00,286.49466,286.4515148
21/04/2021 19:00,285.3053,286.0661609
21/04/2021 20:00,284.01572,282.0031896
21/04/2021 21:00,282.7841,281.783751
21/04/2021 22:00,282.01736,283.9172001
21/04/2021 23:00,281.6477,280.7283623
22/04/2021 0:00,281.40314,282.7793412
22/04/2021 1:00,280.93857,279.0687304
22/04/2021 2:00,280.37198,282.5676692
22/04/2021 3:00,279.69235,278.4305311
22/04/2021 4:00,278.9658,281.1969324
22/04/2021 5:00,279.58997,281.8462949
22/04/2021 6:00,283.1292,281.7953
22/04/2021 7:00,286.06137,286.5090172
22/04/2021 8:00,287.6826,287.550585
22/04/2021 9:00,288.94977,287.4098857
22/04/2021 10:00,289.91733,287.6731154
22/04/2021 11:00,290.5973,286.8069394
22/04/2021 12:00,290.79068,291.3528288
22/04/2021 13:00,290.9119,287.9851051
22/04/2021 14:00,291.0427,291.148666
22/04/2021 15:00,290.94635,290.4749194
22/04/2021 16:00,290.453,291.6706584
22/04/2021 17:00,289.07135,288.2189392
22/04/2021 18:00,286.76337,285.9280302
22/04/2021 19:00,284.6154,285.7213705
22/04/2021 20:00,283.33893,283.931088
22/04/2021 21:00,282.2708,282.5476268
22/04/2021 22:00,281.3516,281.91185
22/04/2021 23:00,281.39462,278.2707295
23/04/2021 0:00,281.51617,281.9676599
23/04/2021 1:00,281.449,281.3410121
23/04/2021 2:00,280.865,277.6908074
23/04/2021 3:00,280.2767,278.2124572
23/04/2021 4:00,279.48868,277.7805696
23/04/2021 5:00,279.9856,278.2076482
23/04/2021 6:00,282.16666,281.9655214
23/04/2021 7:00,283.06454,285.288596
23/04/2021 8:00,284.36728,286.1766059
23/04/2021 9:00,285.55023,283.2026409
23/04/2021 10:00,286.51813,287.6496742
23/04/2021 11:00,287.2653,289.6555766
23/04/2021 12:00,287.81268,288.6025351
23/04/2021 13:00,288.05118,289.9536403
23/04/2021 14:00,287.99823,291.35614
23/04/2021 15:00,287.75546,289.3504144
23/04/2021 16:00,287.18176,287.4745228
23/04/2021 17:00,286.1865,287.838372
23/04/2021 18:00,284.561,284.3367759
23/04/2021 19:00,283.2252,282.3088279
23/04/2021 20:00,284.32922,280.5525097
23/04/2021 21:00,283.76514,283.5443587
23/04/2021 22:00,282.2566,279.7197391
23/04/2021 23:00,280.21094,284.9387927
24/04/2021 0:00,279.27112,282.5150088
24/04/2021 1:00,278.7934,278.5205615
24/04/2021 2:00,278.21826,280.7060175
24/04/2021 3:00,278.0974,275.9976129
24/04/2021 4:00,277.78497,279.3124567
24/04/2021 5:00,278.64517,280.1625859
24/04/2021 6:00,281.85138,280.5367682
24/04/2021 7:00,284.29938,284.1581672
24/04/2021 8:00,285.73718,289.1465294
24/04/2021 9:00,286.78186,286.0365296
24/04/2021 10:00,287.70035,286.053909
24/04/2021 11:00,288.34976,291.2941025
24/04/2021 12:00,289.0212,292.7821723
24/04/2021 13:00,289.29776,289.6197198
24/04/2021 14:00,289.33792,291.4602469
24/04/2021 15:00,289.15097,291.8592398
24/04/2021 16:00,288.71057,287.7273905
24/04/2021 17:00,287.6129,287.0435221
24/04/2021 18:00,285.62628,288.0806423
24/04/2021 19:00,283.86536,287.3702303
24/04/2021 20:00,282.18832,283.8375835
24/04/2021 21:00,280.79462,279.8603295
24/04/2021 22:00,279.703,283.7813035
24/04/2021 23:00,278.97647,278.3532767
25/04/2021 0:00,278.6132,277.9610704
25/04/2021 1:00,278.45926,278.5770497
25/04/2021 2:00,278.39316,280.1240347
25/04/2021 3:00,278.19943,278.3475374
25/04/2021 4:00,277.54968,277.1112863
25/04/2021 5:00,278.33557,278.6840971
25/04/2021 6:00,282.58716,282.6867385
25/04/2021 7:00,285.77414,287.0462976
25/04/2021 8:00,288.0455,283.8919609
25/04/2021 9:00,289.296,289.0326618
25/04/2021 10:00,290.19635,290.9924464
25/04/2021 11:00,290.88843,289.08285
25/04/2021 12:00,291.5389,292.5205939
25/04/2021 13:00,291.95087,291.8850236
25/04/2021 14:00,292.14566,295.5913694
25/04/2021 15:00,292.04648,295.15341
25/04/2021 16:00,291.71558,290.8783651
25/04/2021 17:00,290.2511,289.4553431
25/04/2021 18:00,288.01245,287.5199931
25/04/2021 19:00,286.67807,285.9366444
25/04/2021 20:00,285.69702,285.8209693
25/04/2021 21:00,284.71207,283.2246993
25/04/2021 22:00,283.80673,281.6281078
25/04/2021 23:00,283.06952,283.8612324
26/04/2021 0:00,282.51962,283.439715
26/04/2021 1:00,281.84,280.2160795
26/04/2021 2:00,281.19165,282.8899159
26/04/2021 3:00,280.43204,279.8197795
26/04/2021 4:00,279.60562,280.6804183
26/04/2021 5:00,279.944,281.6365906
26/04/2021 6:00,281.93063,281.2474377
26/04/2021 7:00,282.24948,281.8107351
26/04/2021 8:00,283.07306,280.6859974
26/04/2021 9:00,284.32675,282.9222118
26/04/2021 10:00,285.23813,284.2254195
26/04/2021 11:00,286.05353,284.1138534
26/04/2021 12:00,286.92297,286.0031559
26/04/2021 13:00,287.41705,284.0850325
26/04/2021 14:00,287.36978,285.4732621
26/04/2021 15:00,286.75235,284.713526
26/04/2021 16:00,285.56976,283.3974209
26/04/2021 17:00,284.22153,282.255762
26/04/2021 18:00,282.93195,281.5626385
26/04/2021 19:00,281.54675,281.6788587
26/04/2021 20:00,280.87494,282.0955978
26/04/2021 21:00,280.49957,279.1214667
26/04/2021 22:00,280.26248,278.0360385
26/04/2021 23:00,280.14413,278.3141012
27/04/2021 0:00,280.05383,279.1985348
27/04/2021 1:00,279.91272,279.2743397
27/04/2021 2:00,279.85406,278.446677
27/04/2021 3:00,279.7517,277.3945229
27/04/2021 4:00,279.7375,278.8661055
27/04/2021 5:00,279.86295,280.0818323
27/04/2021 6:00,280.04745,280.9966373
27/04/2021 7:00,280.86533,279.7467541
27/04/2021 8:00,281.01178,280.3134989
27/04/2021 9:00,281.74863,279.9832505
27/04/2021 10:00,282.74496,282.1520155
27/04/2021 11:00,283.45056,281.2412392
27/04/2021 12:00,283.47687,284.0132419
27/04/2021 13:00,283.2849,279.797887
27/04/2021 14:00,283.1964,282.4028573
27/04/2021 15:00,283.1175,283.6437455
27/04/2021 16:00,283.06985,283.4260663
27/04/2021 17:00,282.78622,287.4790148
27/04/2021 18:00,282.4439,282.934825
27/04/2021 19:00,281.14508,279.3514731
27/04/2021 20:00,281.1202,280.972581
27/04/2021 21:00,281.0868,277.8518928
27/04/2021 22:00,280.98477,280.6901354
27/04/2021 23:00,280.8966,279.2982255
28/04/2021 0:00,280.8952,282.3438777
28/04/2021 1:00,280.82874,279.623806
28/04/2021 2:00,280.79922,280.2950005
28/04/2021 3:00,280.73843,279.3068248
28/04/2021 4:00,280.75302,283.5004611
28/04/2021 5:00,281.04556,280.0803941
28/04/2021 6:00,281.59473,284.4571888
28/04/2021 7:00,282.70764,283.8625194
28/04/2021 8:00,283.46832,284.3658684
28/04/2021 9:00,284.25992,285.3807313
28/04/2021 10:00,285.06006,286.9017902
28/04/2021 11:00,286.1385,283.6263512
28/04/2021 12:00,286.39728,286.969462
28/04/2021 13:00,286.97736,289.0015254
28/04/2021 14:00,287.3307,287.7534775
28/04/2021 15:00,287.01895,284.806328
28/04/2021 16:00,286.94965,286.8564421
28/04/2021 17:00,286.6809,289.5562173
28/04/2021 18:00,285.80756,287.8378628
28/04/2021 19:00,284.04272,284.1121729
28/04/2021 20:00,283.1868,285.1959625
28/04/2021 21:00,282.08347,282.10232
28/04/2021 22:00,281.23535,278.5786579
28/04/2021 23:00,280.39935,278.8077129
29/04/2021 0:00,279.9088,282.4893976
29/04/2021 1:00,279.19223,278.6245323
29/04/2021 2:00,278.9601,278.4521934
29/04/2021 3:00,279.38522,278.4603672
29/04/2021 4:00,279.8523,282.6284124
29/04/2021 5:00,280.7452,283.7618371
29/04/2021 6:00,282.31915,287.2807749
29/04/2021 7:00,284.34702,286.1342548
29/04/2021 8:00,286.94714,289.3744935
29/04/2021 9:00,289.56683,288.2409995
29/04/2021 10:00,291.7337,295.0056786
29/04/2021 11:00,293.09402,290.6821613
29/04/2021 12:00,294.08218,294.0670766
29/04/2021 13:00,294.77673,292.341658
29/04/2021 14:00,295.02377,293.4811014
29/04/2021 15:00,294.49982,292.6750592
29/04/2021 16:00,293.0233,291.2435214
29/04/2021 17:00,291.75003,290.2971172
29/04/2021 18:00,290.48782,288.8062229
29/04/2021 19:00,289.7435,290.8005677
29/04/2021 20:00,288.091,286.3781885
29/04/2021 21:00,286.50604,287.829301
29/04/2021 22:00,285.45496,288.9025075
29/04/2021 23:00,284.8727,285.3565365
30/04/2021 0:00,284.89655,284.858494
30/04/2021 1:00,284.443,285.2295488
30/04/2021 2:00,283.86005,287.1758622
30/04/2021 3:00,283.20673,284.977201
30/04/2021 4:00,283.27426,283.7235946
30/04/2021 5:00,284.32462,286.3252811
30/04/2021 6:00,288.38177,286.2963914
30/04/2021 7:00,291.29932,291.2105431
30/04/2021 8:00,292.4272,292.067958
30/04/2021 9:00,293.57565,291.97812
30/04/2021 10:00,294.50552,292.1097802
30/04/2021 11:00,294.67755,292.4009614
30/04/2021 12:00,294.91855,295.2915508
30/04/2021 13:00,295.09238,296.6545204
30/04/2021 14:00,295.14108,293.5932987
30/04/2021 15:00,295.20435,295.5130364
30/04/2021 16:00,294.81192,290.552947
30/04/2021 17:00,293.82623,292.1098235
30/04/2021 18:00,292.1908,291.7401904
30/04/2021 19:00,291.21332,289.1045819
30/04/2021 20:00,290.13342,287.7024812
30/04/2021 21:00,289.04077,287.4586713
30/04/2021 22:00,289.2128,288.3821021
30/04/2021 23:00,290.02432,287.783521
01/05/2021 0:00,289.38263,285.1888196
01/05/2021 1:00,288.84055,285.1040172
01/05/2021 2:00,288.32242,287.4219643
01/05/2021 3:00,286.90347,288.7659137
01/05/2021 4:00,285.4835,282.1292489
01/05/2021 5:00,287.16818,286.6592089
01/05/2021 6:00,288.93323,288.4947701
01/05/2021 7:00,291.63077,293.8074996
01/05/2021 8:00,293.3458,292.4817463
01/05/2021 9:00,294.99615,295.2003754
01/05/2021 10:00,296.17004,295.7967814
01/05/2021 11:00,296.8812,292.5594045
01/05/2021 12:00,297.20493,298.1835678
01/05/2021 13:00,297.517,297.4896288
01/05/2021 14:00,297.7437,298.0047168
01/05/2021 15:00,297.6247,303.8026919
01/05/2021 16:00,296.7005,292.2471995
01/05/2021 17:00,295.35623,297.8439866
01/05/2021 18:00,293.47815,292.3758307
01/05/2021 19:00,291.91882,292.1800488
01/05/2021 20:00,291.79382,291.8445158
01/05/2021 21:00,291.07034,288.3653805
01/05/2021 22:00,290.75525,287.9648466
01/05/2021 23:00,290.2745,289.467778
02/05/2021 0:00,289.65836,286.0907367
02/05/2021 1:00,289.08826,290.004218
02/05/2021 2:00,288.6725,287.9284349
02/05/2021 3:00,288.3511,286.8882569
02/05/2021 4:00,288.3191,288.3652872
02/05/2021 5:00,289.28262,292.0430399
02/05/2021 6:00,291.36774,289.8920002
02/05/2021 7:00,293.2701,292.4569352
02/05/2021 8:00,293.91092,291.2454026
02/05/2021 9:00,294.49005,294.8581113
02/05/2021 10:00,295.2872,295.4541162
02/05/2021 11:00,295.50558,297.6835807
02/05/2021 12:00,295.6256,294.320024
02/05/2021 13:00,295.71863,295.2977623
02/05/2021 14:00,295.6713,291.9919999
02/05/2021 15:00,293.65854,292.2855724
02/05/2021 16:00,291.3854,287.4873525
02/05/2021 17:00,289.545,289.1170844
02/05/2021 18:00,288.1454,286.7327123
02/05/2021 19:00,286.98682,285.979446
02/05/2021 20:00,286.20297,285.5814407
02/05/2021 21:00,285.50183,285.3745267
02/05/2021 22:00,284.7877,284.1547434
02/05/2021 23:00,284.27524,284.5455159
03/05/2021 0:00,283.75848,286.7634596
03/05/2021 1:00,283.5611,285.5253732
03/05/2021 2:00,283.72647,285.1349494
03/05/2021 3:00,283.6818,282.5658373
03/05/2021 4:00,283.55508,281.5973175
03/05/2021 5:00,283.5881,284.8580585
03/05/2021 6:00,283.74448,284.9031631
03/05/2021 7:00,284.5963,286.4590504
03/05/2021 8:00,284.99072,283.0442644
03/05/2021 9:00,285.1581,284.1301511
03/05/2021 10:00,285.53952,281.8173356
03/05/2021 11:00,285.66953,284.2189238
03/05/2021 12:00,285.6762,286.9189327
03/05/2021 13:00,285.9716,285.0199707
03/05/2021 14:00,286.27167,287.6269316
03/05/2021 15:00,286.8418,286.656337
03/05/2021 16:00,286.78143,287.3321312
03/05/2021 17:00,286.49738,284.2910478
03/05/2021 18:00,285.9359,285.1755068
03/05/2021 19:00,284.50064,278.2812137
03/05/2021 20:00,283.8945,282.8633893
03/05/2021 21:00,283.29504,279.65489
03/05/2021 22:00,282.82028,283.1556203
03/05/2021 23:00,282.36752,281.5155981
04/05/2021 0:00,281.93408,280.387741
04/05/2021 1:00,281.53235,281.2960361
04/05/2021 2:00,280.1414,275.9310932
04/05/2021 3:00,278.78577,280.4245697
04/05/2021 4:00,277.83423,278.81577
04/05/2021 5:00,279.5726,278.9946644
04/05/2021 6:00,283.7268,285.6982258
04/05/2021 7:00,285.40015,283.393229
04/05/2021 8:00,287.10083,285.6515874
04/05/2021 9:00,288.63782,287.6339532
04/05/2021 10:00,289.99344,289.1705346
04/05/2021 11:00,291.08533,289.2919402
04/05/2021 12:00,291.9075,294.1378724
04/05/2021 13:00,292.4863,292.0796334
04/05/2021 14:00,292.82303,293.5836463
04/05/2021 15:00,292.85037,291.8488063
04/05/2021 16:00,292.47363,289.2996791
04/05/2021 17:00,291.121,291.6797518
04/05/2021 18:00,289.10992,285.4985474
04/05/2021 19:00,287.91202,287.3504746
04/05/2021 20:00,286.72076,284.4212208
04/05/2021 21:00,286.271,289.8750449
04/05/2021 22:00,285.84824,287.4786288
04/05/2021 23:00,285.0794,285.478153
05/05/2021 0:00,284.32993,287.1480494
05/05/2021 1:00,284.04553,283.2940491
05/05/2021 2:00,283.99118,285.6535759
05/05/2021 3:00,283.76114,284.9110035
05/05/2021 4:00,283.62045,284.9885056
05/05/2021 5:00,284.76334,287.5870275
05/05/2021 6:00,287.61194,288.4694735
05/05/2021 7:00,289.7404,289.4478845
05/05/2021 8:00,290.88095,287.2344148
05/05/2021 9:00,291.99286,289.6241378
05/05/2021 10:00,293.0674,292.2278916
05/05/2021 11:00,294.03995,293.765776
05/05/2021 12:00,294.77042,291.9412184
05/05/2021 13:00,294.62607,297.6858261
05/05/2021 14:00,294.27798,296.1818994
05/05/2021 15:00,293.8816,294.17396
05/05/2021 16:00,293.25546,292.3908954
05/05/2021 17:00,292.08054,290.7824791
05/05/2021 18:00,290.94064,288.4061747
05/05/2021 19:00,289.41766,287.6919279
05/05/2021 20:00,286.9318,284.4477408
05/05/2021 21:00,283.83316,279.378635
05/05/2021 22:00,282.5602,281.5055631
05/05/2021 23:00,282.18015,281.0856552
06/05/2021 0:00,282.14948,277.6616716
06/05/2021 1:00,281.91608,279.5873166
06/05/2021 2:00,281.9181,280.6243702
06/05/2021 3:00,282.01746,284.8621856
06/05/2021 4:00,282.1425,282.5583818
06/05/2021 5:00,282.46387,279.6543202
06/05/2021 6:00,283.37973,283.6328544
06/05/2021 7:00,281.89343,278.5319754
06/05/2021 8:00,283.25504,284.4850766
06/05/2021 9:00,284.31458,282.6151737
06/05/2021 10:00,285.54517,284.1822458
06/05/2021 11:00,286.46704,287.372789
06/05/2021 12:00,287.3639,283.6580347
06/05/2021 13:00,287.989,284.5466352
06/05/2021 14:00,288.84653,287.1064412
06/05/2021 15:00,289.1786,290.2795525
06/05/2021 16:00,289.16592,285.8902307
06/05/2021 17:00,288.5728,282.9710938
06/05/2021 18:00,287.26187,285.941793
06/05/2021 19:00,285.5585,285.7486899
06/05/2021 20:00,284.9147,286.5719346
06/05/2021 21:00,284.48996,283.4431886
06/05/2021 22:00,284.1869,283.4334478
06/05/2021 23:00,283.7328,285.6778438
07/05/2021 0:00,283.1457,279.6333585
07/05/2021 1:00,282.81927,281.9356756
07/05/2021 2:00,283.06332,283.3061724
07/05/2021 3:00,283.33438,284.0555432
07/05/2021 4:00,283.55142,282.6651331
07/05/2021 5:00,284.65698,284.6985828
07/05/2021 6:00,287.40756,282.2222189
07/05/2021 7:00,288.5995,287.0223091
07/05/2021 8:00,290.19083,290.179678
07/05/2021 9:00,292.25256,288.8133781
07/05/2021 10:00,291.9945,289.660357
07/05/2021 11:00,290.4492,289.7347287
07/05/2021 12:00,290.02243,287.7469552
07/05/2021 13:00,289.3613,287.9650532
07/05/2021 14:00,288.2631,284.9700497
07/05/2021 15:00,287.13284,285.234185
07/05/2021 16:00,285.73056,285.6336737
07/05/2021 17:00,284.34625,284.283527
07/05/2021 18:00,283.7528,282.528607
07/05/2021 19:00,283.3054,283.4970141
07/05/2021 20:00,282.9083,283.8974924
07/05/2021 21:00,282.6009,278.5943842
07/05/2021 22:00,282.51855,284.2570065
07/05/2021 23:00,282.56824,281.4787478
08/05/2021 0:00,282.46988,282.7282446
08/05/2021 1:00,282.0051,283.2770933
08/05/2021 2:00,281.39297,277.8478792
08/05/2021 3:00,280.61316,278.1205422
08/05/2021 4:00,280.0337,278.0745561
08/05/2021 5:00,280.51114,278.0656575
08/05/2021 6:00,281.66904,284.7832824
08/05/2021 7:00,283.07666,281.4497795
08/05/2021 8:00,284.25256,283.2038745
08/05/2021 9:00,285.40482,285.7220705
08/05/2021 10:00,286.3797,284.1160046
08/05/2021 11:00,287.22052,286.4867667
08/05/2021 12:00,287.83533,288.3162595
08/05/2021 13:00,288.18307,287.6281728
08/05/2021 14:00,288.39078,288.2791883
08/05/2021 15:00,288.3214,287.4501755
08/05/2021 16:00,288.05536,285.3985752
08/05/2021 17:00,287.33923,287.966798
08/05/2021 18:00,285.52917,288.8679062
08/05/2021 19:00,283.5131,284.1905929
08/05/2021 20:00,282.2245,283.1853438
08/05/2021 21:00,281.427,283.0440829
08/05/2021 22:00,280.62082,278.5911784
08/05/2021 23:00,280.0087,283.1085635
09/05/2021 0:00,279.53226,279.8803336
09/05/2021 1:00,279.1732,281.875886
09/05/2021 2:00,278.88446,277.2590164
09/05/2021 3:00,278.62875,281.5622599
09/05/2021 4:00,278.69843,279.833801
09/05/2021 5:00,281.20694,281.8303062
09/05/2021 6:00,284.39026,284.6649934
09/05/2021 7:00,286.24033,286.0077117
09/05/2021 8:00,288.11572,290.4494437
09/05/2021 9:00,289.69937,290.1329888
09/05/2021 10:00,290.986,287.6867013
09/05/2021 11:00,292.02686,290.258894
09/05/2021 12:00,292.84335,292.6897738
09/05/2021 13:00,293.41016,294.0991682
09/05/2021 14:00,293.63553,293.6468054
09/05/2021 15:00,293.48816,295.7354232
09/05/2021 16:00,292.83203,289.3458142
09/05/2021 17:00,291.30505,291.5029686
09/05/2021 18:00,289.46265,286.1675569
09/05/2021 19:00,288.5448,289.7191593
09/05/2021 20:00,287.6323,287.1642158
09/05/2021 21:00,286.80045,287.2151077
09/05/2021 22:00,285.90924,284.1735077
09/05/2021 23:00,284.9384,287.2380503
10/05/2021 0:00,283.89383,285.9824613
10/05/2021 1:00,282.9223,284.1671911
10/05/2021 2:00,282.66525,281.7080069
10/05/2021 3:00,282.2335,282.0779867
10/05/2021 4:00,281.72406,279.4525057
10/05/2021 5:00,283.1757,284.4077113
10/05/2021 6:00,286.96582,290.7811286
10/05/2021 7:00,289.88376,292.8430837
10/05/2021 8:00,292.64465,292.2340956
10/05/2021 9:00,294.9081,296.0730657
10/05/2021 10:00,296.5598,294.4912738
10/05/2021 11:00,297.65402,298.7578728
10/05/2021 12:00,298.36252,299.2032011
10/05/2021 13:00,298.73526,295.446056
10/05/2021 14:00,298.86328,296.8292837
10/05/2021 15:00,298.69257,298.2201785
10/05/2021 16:00,297.8064,297.4218739
10/05/2021 17:00,296.24774,294.5211784
10/05/2021 18:00,293.9526,294.6299172
10/05/2021 19:00,292.70633,292.1164057
10/05/2021 20:00,290.75827,289.3907723
10/05/2021 21:00,289.75006,287.3222301
10/05/2021 22:00,289.77505,290.0865851
10/05/2021 23:00,289.8324,290.9255876
11/05/2021 0:00,289.45065,287.0263484
11/05/2021 1:00,288.73184,286.3407037
11/05/2021 2:00,288.19373,287.1711136
11/05/2021 3:00,287.47757,284.7193579
11/05/2021 4:00,286.95148,284.69709
11/05/2021 5:00,287.46658,287.8254543
11/05/2021 6:00,290.17615,287.1882929
11/05/2021 7:00,293.11874,295.8554866
11/05/2021 8:00,295.31223,295.6658779
11/05/2021 9:00,297.0339,296.2668197
11/05/2021 10:00,298.21048,297.8077394
11/05/2021 11:00,298.96997,298.5701521
11/05/2021 12:00,299.42374,296.1000577
11/05/2021 13:00,299.6581,302.1018154
11/05/2021 14:00,299.6831,299.568713
11/05/2021 15:00,299.47208,300.1027688
11/05/2021 16:00,298.72357,300.3643508
11/05/2021 17:00,297.6157,295.4487866
11/05/2021 18:00,295.29822,295.8203926
11/05/2021 19:00,294.05127,293.0803371
11/05/2021 20:00,292.9137,293.5469181
11/05/2021 21:00,292.16656,286.8510013
11/05/2021 22:00,291.3484,289.3913376
11/05/2021 23:00,290.0021,287.6182933
12/05/2021 0:00,288.72452,289.5036267
12/05/2021 1:00,288.8182,290.1415484
12/05/2021 2:00,288.68784,287.755344
12/05/2021 3:00,288.09372,287.2333314
12/05/2021 4:00,287.65527,287.885239
12/05/2021 5:00,288.48544,286.60872
12/05/2021 6:00,290.11246,290.6013211
12/05/2021 7:00,290.5099,288.5077172
12/05/2021 8:00,290.61224,284.1595959
12/05/2021 9:00,291.47473,289.9141308
12/05/2021 10:00,291.81116,289.2145347
12/05/2021 11:00,292.3596,288.5369854
12/05/2021 12:00,293.18643,290.0080077
12/05/2021 13:00,293.72623,292.827
12/05/2021 14:00,293.71722,295.4692975
12/05/2021 15:00,293.90326,293.8277524
12/05/2021 16:00,293.5895,291.0045065
12/05/2021 17:00,292.58832,292.1384499
12/05/2021 18:00,291.43106,289.6749147
12/05/2021 19:00,288.64282,286.9319143
12/05/2021 20:00,286.9238,285.1561063
12/05/2021 21:00,285.4905,283.3079839
12/05/2021 22:00,284.4316,284.9807054
12/05/2021 23:00,283.8585,285.4417949
13/05/2021 0:00,283.70013,284.701093
13/05/2021 1:00,283.7415,284.0732387
13/05/2021 2:00,284.4176,283.1608407
13/05/2021 3:00,284.94507,285.748767
13/05/2021 4:00,284.66666,282.2231908
13/05/2021 5:00,286.1023,287.0645795
13/05/2021 6:00,288.5348,285.1340848
13/05/2021 7:00,289.49,286.8578775
13/05/2021 8:00,290.68225,286.5928963
13/05/2021 9:00,291.55542,289.4856512
13/05/2021 10:00,292.0992,292.7976496
13/05/2021 11:00,292.50995,292.5730199
13/05/2021 12:00,291.60876,290.9961992
13/05/2021 13:00,291.60178,290.785783
13/05/2021 14:00,290.4632,287.2899161
13/05/2021 15:00,289.81708,288.4743491
13/05/2021 16:00,289.0966,286.6416065
13/05/2021 17:00,288.71985,290.0351405
13/05/2021 18:00,288.12704,285.0327402
13/05/2021 19:00,287.15652,287.6718534
13/05/2021 20:00,286.86212,287.7703931
13/05/2021 21:00,286.8148,289.4264959
13/05/2021 22:00,286.77777,285.3757463
13/05/2021 23:00,286.34302,286.8366718
14/05/2021 0:00,285.93158,289.177132
14/05/2021 1:00,285.3808,283.622586
14/05/2021 2:00,284.90338,281.4519736
14/05/2021 3:00,284.4436,280.3829822
14/05/2021 4:00,284.28992,284.7123939
14/05/2021 5:00,285.38113,281.2917784
14/05/2021 6:00,287.35855,285.8895337
14/05/2021 7:00,288.15372,288.4468809
14/05/2021 8:00,288.8722,288.7392366
14/05/2021 9:00,289.71637,289.9297846
14/05/2021 10:00,290.5552,290.4713145
14/05/2021 11:00,291.59378,293.4908468
14/05/2021 12:00,292.5673,290.4963384
14/05/2021 13:00,292.85202,291.4420736
14/05/2021 14:00,292.98874,291.2306695
14/05/2021 15:00,292.3966,293.0846705
14/05/2021 16:00,290.89163,292.4762075
14/05/2021 17:00,290.07947,290.6104949
14/05/2021 18:00,289.13025,290.6622213
14/05/2021 19:00,287.70764,285.2609775
14/05/2021 20:00,286.4737,289.3226228
14/05/2021 21:00,285.67386,288.3288686
14/05/2021 22:00,285.38947,286.211399
14/05/2021 23:00,285.2028,287.2834931
15/05/2021 0:00,285.02475,280.4543638
15/05/2021 1:00,284.51297,282.1010046
15/05/2021 2:00,284.1779,281.8040864
15/05/2021 3:00,283.82584,284.5384658
15/05/2021 4:00,283.45108,281.3475002
15/05/2021 5:00,284.48495,285.6463139
15/05/2021 6:00,286.41037,288.8014417
15/05/2021 7:00,287.9,288.6650451
15/05/2021 8:00,289.8044,289.7290581
15/05/2021 9:00,290.95596,288.9254848
15/05/2021 10:00,291.87582,290.0472395
15/05/2021 11:00,292.4076,294.3270736
15/05/2021 12:00,292.24823,293.2554745
15/05/2021 13:00,290.96732,291.2589604
15/05/2021 14:00,289.80505,290.4470106
15/05/2021 15:00,289.81207,287.123691
15/05/2021 16:00,289.60303,288.182137
15/05/2021 17:00,289.45532,293.2169889
15/05/2021 18:00,288.7602,286.6448514
15/05/2021 19:00,287.26987,288.0812567
15/05/2021 20:00,285.91425,287.8676131
15/05/2021 21:00,284.88538,282.9518323
15/05/2021 22:00,284.1759,285.0160911
15/05/2021 23:00,283.74115,286.0002801
16/05/2021 0:00,283.66913,284.4200463
16/05/2021 1:00,283.93253,289.8144154
16/05/2021 2:00,284.17123,282.0754363
16/05/2021 3:00,284.42728,287.0885631
16/05/2021 4:00,284.62598,284.8889569
16/05/2021 5:00,285.88892,287.6492583
16/05/2021 6:00,288.38843,288.6864002
16/05/2021 7:00,287.83966,285.9350978
16/05/2021 8:00,288.92355,288.7277286
16/05/2021 9:00,290.21448,286.2929849
16/05/2021 10:00,291.04733,291.6382643
16/05/2021 11:00,292.09988,292.0288613
16/05/2021 12:00,292.4346,293.2071718
16/05/2021 13:00,292.95905,294.42066
16/05/2021 14:00,293.0834,293.4976752
16/05/2021 15:00,293.0794,292.9314587
16/05/2021 16:00,292.85635,290.9452037
16/05/2021 17:00,292.19522,290.6174881
16/05/2021 18:00,291.0483,292.775524
16/05/2021 19:00,288.91788,291.3281253
16/05/2021 20:00,288.06604,287.711514
16/05/2021 21:00,287.2192,287.2458549
16/05/2021 22:00,286.39368,284.7562495
16/05/2021 23:00,285.55652,288.1174434
17/05/2021 0:00,285.44815,287.2434949
17/05/2021 1:00,285.2181,289.4545109
17/05/2021 2:00,284.99207,284.5237965
17/05/2021 3:00,285.7129,285.703236
17/05/2021 4:00,286.18497,286.7434565
17/05/2021 5:00,286.58072,287.3352889
17/05/2021 6:00,286.50372,285.7967899
17/05/2021 7:00,288.16638,285.7803241
17/05/2021 8:00,289.61902,290.1866984
17/05/2021 9:00,290.05078,290.3251553
17/05/2021 10:00,290.84195,287.5912135
17/05/2021 11:00,292.61932,290.898251
17/05/2021 12:00,291.2607,289.1015827
17/05/2021 13:00,288.36343,287.2853463
17/05/2021 14:00,288.33777,287.1487062
17/05/2021 15:00,288.23108,288.3405525
17/05/2021 16:00,288.06705,286.2225771
17/05/2021 17:00,287.80664,287.6547759
17/05/2021 18:00,286.98615,282.7694592
17/05/2021 19:00,285.87726,286.7176688
17/05/2021 20:00,285.19644,281.8133095
17/05/2021 21:00,284.65634,286.7791402
17/05/2021 22:00,284.19223,283.1227768
17/05/2021 23:00,283.89017,283.0330911
18/05/2021 0:00,283.65445,282.0134323
18/05/2021 1:00,283.47943,282.396571
18/05/2021 2:00,283.28003,285.1193331
18/05/2021 3:00,283.05133,277.7759396
18/05/2021 4:00,282.95297,284.1131736
18/05/2021 5:00,284.26724,284.1488917
18/05/2021 6:00,286.95813,284.3847566
18/05/2021 7:00,289.00522,286.5645605
18/05/2021 8:00,290.68457,293.2820576
18/05/2021 9:00,291.6648,289.9675653
18/05/2021 10:00,292.27557,290.3184328
18/05/2021 11:00,292.72733,294.8785333
18/05/2021 12:00,293.37814,294.0476314
18/05/2021 13:00,293.73788,291.9986021
18/05/2021 14:00,293.73056,293.9572893
18/05/2021 15:00,293.65585,291.575189
18/05/2021 16:00,293.17642,294.802498
18/05/2021 17:00,291.9015,293.3324535
18/05/2021 18:00,291.10632,292.588441
18/05/2021 19:00,288.4301,288.6779284
18/05/2021 20:00,287.50925,289.7753389
18/05/2021 21:00,286.162,285.6821432
18/05/2021 22:00,285.1551,282.8354334
18/05/2021 23:00,284.89606,285.3575662
19/05/2021 0:00,284.677,287.9731335
19/05/2021 1:00,284.5333,282.3816019
19/05/2021 2:00,284.74667,284.1710236
19/05/2021 3:00,284.3046,285.1070517
19/05/2021 4:00,284.29358,283.9916889
19/05/2021 5:00,284.89938,282.9643911
19/05/2021 6:00,285.5105,287.0533977
19/05/2021 7:00,285.39514,288.8918423
19/05/2021 8:00,286.37402,285.5761933
19/05/2021 9:00,287.20718,284.1471788
19/05/2021 10:00,287.27853,283.1064251
19/05/2021 11:00,287.48425,286.6279774
19/05/2021 12:00,288.02637,288.6457823
19/05/2021 13:00,288.7145,287.4575628
19/05/2021 14:00,288.96954,286.9036632
19/05/2021 15:00,288.49545,285.3176928
19/05/2021 16:00,287.76932,284.0914096
19/05/2021 17:00,286.4677,286.9019836
19/05/2021 18:00,285.51318,286.6376946
19/05/2021 19:00,284.83536,281.4548296
19/05/2021 20:00,284.26093,286.7713042
19/05/2021 21:00,283.95352,284.8626764
19/05/2021 22:00,283.7638,286.1749505
19/05/2021 23:00,283.75882,280.9604232
20/05/2021 0:00,283.68045,280.8965621
20/05/2021 1:00,283.41974,283.1624595
20/05/2021 2:00,283.4054,284.1918824
20/05/2021 3:00,283.30505,286.3305105
20/05/2021 4:00,283.23135,284.3492701
20/05/2021 5:00,283.29138,282.8035807
20/05/2021 6:00,283.41174,281.4697947
20/05/2021 7:00,283.56943,285.799651
20/05/2021 8:00,283.6908,282.0829679
20/05/2021 9:00,283.91718,287.0058617
20/05/2021 10:00,284.3446,284.5211872
20/05/2021 11:00,284.98105,288.9596032
20/05/2021 12:00,285.9776,288.672963
20/05/2021 13:00,287.2025,288.323833
20/05/2021 14:00,287.7013,288.2107914
20/05/2021 15:00,288.0597,288.8060485
20/05/2021 16:00,288.27673,290.0681621
20/05/2021 17:00,287.94968,288.6211128
20/05/2021 18:00,287.10785,286.2615048
20/05/2021 19:00,285.48117,286.1852042
20/05/2021 20:00,285.0664,286.1183542
20/05/2021 21:00,284.71268,281.551457
20/05/2021 22:00,284.39594,285.5123784
20/05/2021 23:00,283.94052,281.8279548
21/05/2021 0:00,283.3207,280.255755
21/05/2021 1:00,282.7069,278.2448938
21/05/2021 2:00,282.27817,277.3390408
21/05/2021 3:00,281.8791,277.5876807
21/05/2021 4:00,281.8084,278.8945678
21/05/2021 5:00,283.3354,286.261035
21/05/2021 6:00,286.0453,285.4567936
21/05/2021 7:00,287.58994,288.3385464
21/05/2021 8:00,289.10458,290.1670045
21/05/2021 9:00,290.59555,291.0414407
21/05/2021 10:00,291.8168,291.8495379
21/05/2021 11:00,292.8337,290.8431336
21/05/2021 12:00,293.55817,296.2469964
21/05/2021 13:00,294.06595,297.276404
21/05/2021 14:00,294.292,291.3205008
21/05/2021 15:00,294.28833,292.4657093
21/05/2021 16:00,293.91626,293.2642366
21/05/2021 17:00,292.67368,290.9684854
21/05/2021 18:00,290.84695,291.7283889
21/05/2021 19:00,289.4543,287.4429768
21/05/2021 20:00,288.0917,291.5865745
21/05/2021 21:00,286.7611,288.8817438
21/05/2021 22:00,285.78925,286.5633889
21/05/2021 23:00,285.39148,287.7581406
22/05/2021 0:00,284.95038,287.6286533
22/05/2021 1:00,284.688,284.1991232
22/05/2021 2:00,284.47397,283.2506744
22/05/2021 3:00,283.95386,284.4108039
22/05/2021 4:00,283.70547,285.8529541
22/05/2021 5:00,285.85492,285.7097322
22/05/2021 6:00,288.65182,284.5869112
22/05/2021 7:00,289.90707,288.4867866
22/05/2021 8:00,291.4404,291.3253982
22/05/2021 9:00,292.21323,292.4671636
22/05/2021 10:00,292.63898,296.5945224
22/05/2021 11:00,293.08142,290.5424714
22/05/2021 12:00,292.35492,293.9058209
22/05/2021 13:00,292.79803,295.8267358
22/05/2021 14:00,293.47482,297.8182933
22/05/2021 15:00,293.89624,293.2918646
22/05/2021 16:00,293.6092,294.5128873
22/05/2021 17:00,292.58466,293.5463246
22/05/2021 18:00,291.23502,291.8786601
22/05/2021 19:00,289.4233,288.8778498
22/05/2021 20:00,288.18338,288.8728863
22/05/2021 21:00,288.43243,283.2525632
22/05/2021 22:00,288.69516,288.8564233
22/05/2021 23:00,288.59647,286.8200358
23/05/2021 0:00,288.19772,285.6432871
23/05/2021 1:00,286.31567,289.2218304
23/05/2021 2:00,285.4375,284.1432121
23/05/2021 3:00,285.18912,284.4383201
23/05/2021 4:00,285.30048,288.9931071
23/05/2021 5:00,287.35287,285.4691712
23/05/2021 6:00,289.47165,287.8986054
23/05/2021 7:00,291.42206,290.5689899
23/05/2021 8:00,293.1431,294.1738537
23/05/2021 9:00,294.53204,294.4480695
23/05/2021 10:00,295.82065,292.92446
23/05/2021 11:00,296.7355,295.1031308
23/05/2021 12:00,297.3793,295.3132159
23/05/2021 13:00,297.32263,295.5967626
23/05/2021 14:00,296.6125,294.4029325
23/05/2021 15:00,295.0485,291.2096352
23/05/2021 16:00,291.35873,284.2898791
23/05/2021 17:00,288.3581,288.6372453
23/05/2021 18:00,287.23254,286.7843397
23/05/2021 19:00,286.88513,288.2925944
23/05/2021 20:00,286.25732,286.255432
23/05/2021 21:00,286.0893,287.1021482
23/05/2021 22:00,285.49216,284.6322879
23/05/2021 23:00,284.44495,285.4657507
24/05/2021 0:00,283.39206,283.5260549
24/05/2021 1:00,283.83716,283.0302004
24/05/2021 2:00,284.09753,286.7123716
24/05/2021 3:00,283.4741,282.9590409
24/05/2021 4:00,282.8963,282.1703763
24/05/2021 5:00,284.34927,281.3134597
24/05/2021 6:00,286.3617,283.224184
24/05/2021 7:00,287.35623,287.6197
24/05/2021 8:00,287.889,287.9275801
24/05/2021 9:00,288.65216,286.9823824
24/05/2021 10:00,288.8979,289.0653443
24/05/2021 11:00,289.51868,291.8567728
24/05/2021 12:00,289.51666,290.4727094
24/05/2021 13:00,290.20682,288.4308099
24/05/2021 14:00,291.37674,291.1694718
24/05/2021 15:00,292.03754,290.3032445
24/05/2021 16:00,292.1252,290.8888326
24/05/2021 17:00,291.51743,290.2290322
24/05/2021 18:00,290.51587,289.0776291
24/05/2021 19:00,289.26996,286.1789347
24/05/2021 20:00,288.4031,287.3816929
24/05/2021 21:00,287.7343,286.0191714
24/05/2021 22:00,287.63495,281.7647086
24/05/2021 23:00,287.6963,290.1310253
25/05/2021 0:00,287.04282,287.2151661
25/05/2021 1:00,286.03494,283.8389962
25/05/2021 2:00,285.9266,283.9231038
25/05/2021 3:00,285.66153,281.2326935
25/05/2021 4:00,285.69354,286.5046281
25/05/2021 5:00,287.24588,289.4753874
25/05/2021 6:00,289.77307,288.4777314
25/05/2021 7:00,290.59958,291.0438669
25/05/2021 8:00,292.66934,291.407604
25/05/2021 9:00,293.76157,289.1766923
25/05/2021 10:00,294.1283,290.4094135
25/05/2021 11:00,293.76123,290.4806721
25/05/2021 12:00,292.51962,288.3132978
25/05/2021 13:00,291.6468,288.3475504
25/05/2021 14:00,290.6149,288.3543058
25/05/2021 15:00,290.09912,288.0972407
25/05/2021 16:00,289.56567,288.0234588
25/05/2021 17:00,288.9899,285.595176
25/05/2021 18:00,288.1654,285.7704963
25/05/2021 19:00,286.91812,283.3286229
25/05/2021 20:00,286.22964,287.0233426
25/05/2021 21:00,285.5375,280.8228967
25/05/2021 22:00,284.81537,285.9318729
25/05/2021 23:00,284.07086,285.8910702
26/05/2021 0:00,283.46674,282.4781595
26/05/2021 1:00,282.25882,277.6666617
26/05/2021 2:00,281.63937,281.9144738
26/05/2021 3:00,282.63156,282.7891531
26/05/2021 4:00,282.51556,280.6614182
26/05/2021 5:00,282.91696,281.4868874
26/05/2021 6:00,285.79556,288.0586965
26/05/2021 7:00,287.0545,287.8557257
26/05/2021 8:00,288.32242,286.4739487
26/05/2021 9:00,289.412,286.5120415
26/05/2021 10:00,290.37585,289.8146243
26/05/2021 11:00,291.34872,290.8838742
26/05/2021 12:00,292.16055,292.8619536
26/05/2021 13:00,292.74368,291.5503928
26/05/2021 14:00,293.05875,293.6900117
26/05/2021 15:00,293.10342,296.2326584
26/05/2021 16:00,292.89072,293.9927443
26/05/2021 17:00,292.1112,291.7837229
26/05/2021 18:00,290.50623,289.9275279
26/05/2021 19:00,288.2881,287.7532552
26/05/2021 20:00,287.13452,288.4970976
26/05/2021 21:00,286.97015,283.9649786
26/05/2021 22:00,286.84244,284.3135203
26/05/2021 23:00,286.22565,284.1281763
27/05/2021 0:00,287.30453,284.2903631
27/05/2021 1:00,286.98282,282.8049037
27/05/2021 2:00,286.40668,285.9298197
27/05/2021 3:00,285.39413,284.7442179
27/05/2021 4:00,283.85748,285.3972268
27/05/2021 5:00,285.19278,284.6173095
27/05/2021 6:00,288.71783,290.8637578
27/05/2021 7:00,290.5732,288.9205965
27/05/2021 8:00,292.1659,295.1942015
27/05/2021 9:00,293.40848,290.2055652
27/05/2021 10:00,294.246,294.9119469
27/05/2021 11:00,294.9041,295.6462895
27/05/2021 12:00,295.43756,293.9505862
27/05/2021 13:00,295.7003,296.3654792
27/05/2021 14:00,295.77798,297.9525156
27/05/2021 15:00,295.6906,291.5420166
27/05/2021 16:00,295.2462,295.850532
27/05/2021 17:00,294.1993,289.4999443
27/05/2021 18:00,292.87238,290.735745
27/05/2021 19:00,291.5001,293.7810203
27/05/2021 20:00,290.63223,288.8014369
27/05/2021 21:00,289.8374,286.3326831
27/05/2021 22:00,288.96057,286.3503805
27/05/2021 23:00,287.67596,288.9988138
28/05/2021 0:00,286.7731,281.552864
28/05/2021 1:00,286.08063,282.5764249
28/05/2021 2:00,285.3288,286.9058412
28/05/2021 3:00,284.58832,287.4539817
28/05/2021 4:00,284.40894,283.7173796
28/05/2021 5:00,284.62198,282.2844115
28/05/2021 6:00,285.2091,289.4106722
28/05/2021 7:00,286.5277,289.9394752
28/05/2021 8:00,288.0657,289.7905309
28/05/2021 9:00,289.6747,288.5174858
28/05/2021 10:00,291.06467,290.6679429
28/05/2021 11:00,291.90985,291.1229809
28/05/2021 12:00,292.34393,292.3036611
28/05/2021 13:00,292.33527,294.2987276
28/05/2021 14:00,292.17557,292.9443852
28/05/2021 15:00,291.82114,289.3610075
28/05/2021 16:00,291.54877,293.8001212
28/05/2021 17:00,290.82928,291.3240595
28/05/2021 18:00,289.6067,290.4684718
28/05/2021 19:00,288.52014,290.30781
28/05/2021 20:00,287.28787,284.6577751
28/05/2021 21:00,286.0063,285.9299396
28/05/2021 22:00,284.92438,284.6265682
28/05/2021 23:00,284.09286,282.1997495
29/05/2021 0:00,283.4481,285.2491102
29/05/2021 1:00,282.90662,289.7859129
29/05/2021 2:00,282.5082,281.758122
29/05/2021 3:00,282.1725,284.7379319
29/05/2021 4:00,282.41153,285.8616637
29/05/2021 5:00,285.41348,285.2004638
29/05/2021 6:00,288.18307,287.5935377
29/05/2021 7:00,289.34363,286.668131
29/05/2021 8:00,290.45352,290.1232465
29/05/2021 9:00,291.2017,288.8507439
29/05/2021 10:00,291.93716,287.022919
29/05/2021 11:00,292.11887,293.2952412
29/05/2021 12:00,292.4136,293.6332648
29/05/2021 13:00,292.778,292.5769582
29/05/2021 14:00,292.76767,292.6560276
29/05/2021 15:00,292.2629,293.6444345
29/05/2021 16:00,291.6261,291.0209429
29/05/2021 17:00,290.92697,291.1006312
29/05/2021 18:00,289.84607,287.9717891
29/05/2021 19:00,288.87054,290.3167211
29/05/2021 20:00,288.41745,288.0024947
29/05/2021 21:00,287.93134,287.2152022
29/05/2021 22:00,287.44357,284.1229416
29/05/2021 23:00,286.8668,286.3825766
30/05/2021 0:00,286.44836,283.87814
30/05/2021 1:00,285.98926,283.4901882
30/05/2021 2:00,285.43448,282.2996283
30/05/2021 3:00,284.75702,280.921213
30/05/2021 4:00,284.1739,286.0341692
30/05/2021 5:00,284.81903,286.5292268
30/05/2021 6:00,286.02762,289.1571223
30/05/2021 7:00,287.2792,285.1483013
30/05/2021 8:00,288.61316,288.6436754
30/05/2021 9:00,289.27463,287.054854
30/05/2021 10:00,290.05646,288.6987616
30/05/2021 11:00,290.62558,289.0148546
30/05/2021 12:00,291.09067,293.1402916
30/05/2021 13:00,291.39972,290.2902223
30/05/2021 14:00,289.89243,291.4663533
30/05/2021 15:00,289.92575,290.9735646
30/05/2021 16:00,289.20294,293.6101988
30/05/2021 17:00,288.3781,285.8298565
30/05/2021 18:00,287.16617,289.999509
30/05/2021 19:00,286.61273,288.6221525
30/05/2021 20:00,285.98926,284.3837026
30/05/2021 21:00,285.38248,287.2103317
30/05/2021 22:00,284.8187,285.3441873
30/05/2021 23:00,284.36926,283.6873596
31/05/2021 0:00,283.8515,281.8696645
31/05/2021 1:00,283.61743,281.5987007
31/05/2021 2:00,283.10535,286.1226365
31/05/2021 3:00,282.88263,282.024312
31/05/2021 4:00,282.85327,283.3040208
31/05/2021 5:00,283.96252,282.4732536
31/05/2021 6:00,285.0601,283.816561
31/05/2021 7:00,286.1293,288.431383
31/05/2021 8:00,287.06384,285.4728222
31/05/2021 9:00,288.29175,288.2682456
31/05/2021 10:00,289.59702,290.0822787
31/05/2021 11:00,290.22916,290.7355564
31/05/2021 12:00,290.87094,290.7083594
31/05/2021 13:00,291.18936,292.1691601
31/05/2021 14:00,291.40207,292.788079
31/05/2021 15:00,291.07565,292.7361416
31/05/2021 16:00,290.2875,289.3633582
31/05/2021 17:00,288.90854,289.1109247
31/05/2021 18:00,288.2124,290.6893641
31/05/2021 19:00,286.6371,288.8302488
31/05/2021 20:00,285.44815,283.2175945
31/05/2021 21:00,284.95105,285.2289468
31/05/2021 22:00,284.38126,280.2031902
31/05/2021 23:00,283.94717,283.2948095
01/06/2021 0:00,283.44714,286.0188365
01/06/2021 1:00,283.12976,280.4567104
01/06/2021 2:00,282.81915,280.3192766
01/06/2021 3:00,282.40457,282.5932129
01/06/2021 4:00,282.54276,278.6224873
01/06/2021 5:00,284.06882,282.7545798
01/06/2021 6:00,285.93884,286.812103
01/06/2021 7:00,287.84186,286.6925926
01/06/2021 8:00,289.2466,288.9711533
01/06/2021 9:00,289.97815,291.5318096
01/06/2021 10:00,290.1214,291.1204443
01/06/2021 11:00,290.8952,291.5578027
01/06/2021 12:00,291.52786,291.099598
01/06/2021 13:00,292.02737,292.7309885
01/06/2021 14:00,292.18375,291.3967345
01/06/2021 15:00,291.63434,292.314955
01/06/2021 16:00,291.11453,290.2520457
01/06/2021 17:00,290.6708,290.1311701
01/06/2021 18:00,289.53143,287.7946249
01/06/2021 19:00,288.16812,288.9243415
01/06/2021 20:00,286.72278,287.1877335
01/06/2021 21:00,285.19885,285.8005676
01/06/2021 22:00,284.3287,286.8380935
01/06/2021 23:00,283.3508,286.2472131
02/06/2021 0:00,282.7841,287.1473209
02/06/2021 1:00,282.47345,284.8703121
02/06/2021 2:00,282.28244,286.0875138
02/06/2021 3:00,282.22412,286.0548157
02/06/2021 4:00,282.5939,285.6811935
02/06/2021 5:00,285.18704,284.2074347
02/06/2021 6:00,287.9851,288.5503702
02/06/2021 7:00,290.53006,291.102009
02/06/2021 8:00,292.02823,291.9517718
02/06/2021 9:00,293.00867,289.2624422
02/06/2021 10:00,293.7233,294.0807091
02/06/2021 11:00,294.00055,298.4574426
02/06/2021 12:00,294.18564,294.2383103
02/06/2021 13:00,294.58713,293.9296632
02/06/2021 14:00,294.68262,296.0197537
02/06/2021 15:00,294.77942,295.8207713
02/06/2021 16:00,294.28116,296.9256349
02/06/2021 17:00,293.18152,291.284344
02/06/2021 18:00,291.4184,292.9360799
02/06/2021 19:00,290.46542,291.7793992
02/06/2021 20:00,289.19125,289.1011399
02/06/2021 21:00,288.0354,288.74787
02/06/2021 22:00,286.861,288.923417
02/06/2021 23:00,285.67303,287.4871998
03/06/2021 0:00,285.4165,282.8641407
03/06/2021 1:00,285.76938,285.7899508
03/06/2021 2:00,286.74475,284.1268477
03/06/2021 3:00,287.0072,283.9605915
03/06/2021 4:00,286.81998,283.8424247
03/06/2021 5:00,287.5118,286.1350787
03/06/2021 6:00,290.2579,292.4603808
03/06/2021 7:00,292.6089,292.5970706
03/06/2021 8:00,293.69965,292.1089056
03/06/2021 9:00,294.34412,294.0110845
03/06/2021 10:00,295.0896,295.8024431
03/06/2021 11:00,295.7607,298.4462262
03/06/2021 12:00,295.83804,297.8201531
03/06/2021 13:00,295.82114,295.2382599
03/06/2021 14:00,295.65588,300.6730121
03/06/2021 15:00,295.4763,296.1002262
03/06/2021 16:00,295.33725,297.6466886
03/06/2021 17:00,294.27988,294.0664569
03/06/2021 18:00,292.55988,293.6089127
03/06/2021 19:00,291.14285,292.8710966
03/06/2021 20:00,289.2242,292.0436156
03/06/2021 21:00,288.81598,290.3715787
03/06/2021 22:00,289.49976,288.8469197
03/06/2021 23:00,289.01926,286.2610911
04/06/2021 0:00,287.25443,285.7530308
04/06/2021 1:00,285.84122,287.0760383
04/06/2021 2:00,284.7657,287.6966723
04/06/2021 3:00,284.17825,285.4566308
04/06/2021 4:00,284.69427,288.0601102
04/06/2021 5:00,287.0148,290.7870447
04/06/2021 6:00,291.77887,290.5995104
04/06/2021 7:00,293.9663,292.6622058
04/06/2021 8:00,295.27936,295.1384343
04/06/2021 9:00,295.98932,296.6877925
04/06/2021 10:00,296.60675,295.8559736
04/06/2021 11:00,297.2022,299.7818098
04/06/2021 12:00,297.65356,298.5086387
04/06/2021 13:00,297.968,298.1438685
04/06/2021 14:00,298.06604,295.5845006
04/06/2021 15:00,297.9477,295.6548269
04/06/2021 16:00,297.4803,298.0064914
04/06/2021 17:00,296.06625,292.5323628
04/06/2021 18:00,294.62094,296.3900314
04/06/2021 19:00,291.8968,292.4877369
04/06/2021 20:00,290.12436,297.27519
04/06/2021 21:00,288.98416,294.3977513
04/06/2021 22:00,288.12585,288.5998679
04/06/2021 23:00,287.5325,287.5699218
05/06/2021 0:00,287.84314,288.7058172
05/06/2021 1:00,286.45444,289.5139314
05/06/2021 2:00,285.73303,283.2283984
05/06/2021 3:00,285.57077,282.5163835
05/06/2021 4:00,285.90335,284.7207482
05/06/2021 5:00,288.3811,289.7747592
05/06/2021 6:00,292.45462,293.7218506
05/06/2021 7:00,294.16873,296.1068243
05/06/2021 8:00,296.06076,294.1792369
05/06/2021 9:00,297.35733,293.6292946
05/06/2021 10:00,298.38425,300.2774352
05/06/2021 11:00,299.27554,298.1517216
05/06/2021 12:00,300.0096,296.698464
05/06/2021 13:00,300.46942,300.9943681
05/06/2021 14:00,300.65915,302.3542668
05/06/2021 15:00,300.52307,300.6002486
05/06/2021 16:00,300.13724,299.3765191
05/06/2021 17:00,299.13058,298.668182
05/06/2021 18:00,297.75458,296.6653656
05/06/2021 19:00,295.0338,292.5650364
05/06/2021 20:00,293.21405,292.1332018
05/06/2021 21:00,292.29404,293.1667318
05/06/2021 22:00,291.3474,291.8535094
05/06/2021 23:00,290.39355,290.8292462
06/06/2021 0:00,289.5306,288.1846314
06/06/2021 1:00,289.02008,289.2124119
06/06/2021 2:00,288.90262,285.5373495
06/06/2021 3:00,289.38776,289.6293961
06/06/2021 4:00,289.81586,291.8414924
06/06/2021 5:00,292.32617,289.0600155
06/06/2021 6:00,294.33948,291.7465384
06/06/2021 7:00,294.93494,294.2573845
06/06/2021 8:00,296.3756,297.5068757
06/06/2021 9:00,296.8468,295.4348013
06/06/2021 10:00,297.47397,295.1659957
06/06/2021 11:00,297.8522,293.2384614
06/06/2021 12:00,298.0804,297.5463327
06/06/2021 13:00,296.73227,300.828235
06/06/2021 14:00,297.35223,297.9423513
06/06/2021 15:00,297.3738,297.0091348
06/06/2021 16:00,297.15616,297.1170161
06/06/2021 17:00,296.16556,295.0297817
06/06/2021 18:00,295.37402,292.6263295
06/06/2021 19:00,293.8353,294.7017419
06/06/2021 20:00,292.48337,292.5871267
06/06/2021 21:00,291.35416,291.4221935
06/06/2021 22:00,290.69067,289.0732953
06/06/2021 23:00,290.0593,292.2875466
07/06/2021 0:00,289.5999,290.9394274
07/06/2021 1:00,289.23477,288.5901255
07/06/2021 2:00,288.84894,291.1949391
07/06/2021 3:00,288.22897,287.9867118
07/06/2021 4:00,288.7657,287.9580738
07/06/2021 5:00,290.54868,288.888187
07/06/2021 6:00,292.93134,289.5495333
07/06/2021 7:00,294.35046,295.2092877
07/06/2021 8:00,295.8976,292.5215178
07/06/2021 9:00,297.1346,294.9099122
07/06/2021 10:00,297.69794,293.9814313
07/06/2021 11:00,298.19324,297.7877263
07/06/2021 12:00,298.52457,298.0927112
07/06/2021 13:00,298.66107,297.8394142
07/06/2021 14:00,298.56387,296.5579946
07/06/2021 15:00,298.6391,296.2534251
07/06/2021 16:00,298.0859,298.3814165
07/06/2021 17:00,297.19547,295.7165003
07/06/2021 18:00,295.7645,295.805036
07/06/2021 19:00,294.2465,291.8730236
07/06/2021 20:00,292.88147,292.1933064
07/06/2021 21:00,291.63687,293.3656885
07/06/2021 22:00,290.5846,291.7383243
07/06/2021 23:00,289.94012,289.6887655
08/06/2021 0:00,289.07883,290.4441082
08/06/2021 1:00,288.58734,289.0454493
08/06/2021 2:00,288.01007,288.8649373
08/06/2021 3:00,287.77972,287.6720104
08/06/2021 4:00,288.08865,288.042165
08/06/2021 5:00,290.79166,290.6651957
08/06/2021 6:00,293.3996,291.6647683
08/06/2021 7:00,295.0896,293.2243451
08/06/2021 8:00,296.49393,293.964937
08/06/2021 9:00,297.58807,294.6960488
08/06/2021 10:00,298.69446,296.3016632
08/06/2021 11:00,298.7253,299.0680459
08/06/2021 12:00,298.96027,297.3306422
08/06/2021 13:00,298.90915,299.7676657
08/06/2021 14:00,298.9734,299.1512169
08/06/2021 15:00,298.6412,295.119245
08/06/2021 16:00,298.2376,299.3697817
08/06/2021 17:00,297.16418,298.5231176
08/06/2021 18:00,295.92975,293.8954138
08/06/2021 19:00,294.39017,295.84864
08/06/2021 20:00,292.98627,292.9806656
08/06/2021 21:00,291.3626,292.2156349
08/06/2021 22:00,290.31497,288.7244153
08/06/2021 23:00,289.6151,287.349036
09/06/2021 0:00,288.98248,289.3644495
09/06/2021 1:00,288.47745,289.5614511
09/06/2021 2:00,288.34604,289.3608585
09/06/2021 3:00,288.01385,287.8876658
09/06/2021 4:00,288.19473,289.0153392
09/06/2021 5:00,291.3926,291.5243282
09/06/2021 6:00,294.1345,293.7772149
09/06/2021 7:00,295.75818,295.5261193
09/06/2021 8:00,296.8654,294.8232455
09/06/2021 9:00,298.01532,298.9546493
09/06/2021 10:00,298.92267,295.9719523
09/06/2021 11:00,299.9437,300.1524695
09/06/2021 12:00,300.32193,301.8310567
09/06/2021 13:00,300.46393,300.7808319
09/06/2021 14:00,300.10132,299.6331195
09/06/2021 15:00,299.09042,298.8595727
09/06/2021 16:00,299.02704,301.1768856
09/06/2021 17:00,298.00433,295.7382195
09/06/2021 18:00,297.0818,295.3051894
09/06/2021 19:00,294.53513,295.306175
09/06/2021 20:00,293.0856,298.1514554
09/06/2021 21:00,292.01385,293.3814876
09/06/2021 22:00,291.0055,289.6941688
09/06/2021 23:00,290.37582,290.2408638
10/06/2021 0:00,290.09225,289.2284264
10/06/2021 1:00,289.69543,288.5427045
10/06/2021 2:00,289.1849,291.086679
10/06/2021 3:00,288.62537,286.6763959
10/06/2021 4:00,288.75977,292.304106
10/06/2021 5:00,291.50546,292.8520077
10/06/2021 6:00,293.62314,294.7907995
10/06/2021 7:00,293.8932,292.4793824
10/06/2021 8:00,294.45612,293.7925552
10/06/2021 9:00,295.0482,292.3756855
10/06/2021 10:00,295.8114,294.9906642
10/06/2021 11:00,296.23233,297.8650974
10/06/2021 12:00,296.63,300.0555819
10/06/2021 13:00,296.97824,296.3258967
10/06/2021 14:00,297.17685,297.767547
10/06/2021 15:00,297.40128,298.2522839
10/06/2021 16:00,297.36407,295.8716542
10/06/2021 17:00,296.64056,298.1955449
10/06/2021 18:00,294.71558,295.4151172
10/06/2021 19:00,294.29214,292.8398321
10/06/2021 20:00,292.57846,291.0043099
10/06/2021 21:00,291.4387,289.3011042
10/06/2021 22:00,290.71982,289.9243252
10/06/2021 23:00,290.18692,289.097673
11/06/2021 0:00,289.53525,288.3612823
11/06/2021 1:00,288.84808,286.9917806
11/06/2021 2:00,288.14655,288.0401563
11/06/2021 3:00,287.42642,289.9056707
11/06/2021 4:00,287.59296,287.5831998
11/06/2021 5:00,290.28622,291.9166098
11/06/2021 6:00,292.28897,290.0289361
11/06/2021 7:00,293.23096,292.9568766
11/06/2021 8:00,294.118,291.8432712
11/06/2021 9:00,295.8676,293.1498183
11/06/2021 10:00,297.08093,295.8063858
11/06/2021 11:00,297.86276,300.1331213
11/06/2021 12:00,298.36777,300.2639181
11/06/2021 13:00,298.33142,298.8549334
11/06/2021 14:00,298.15857,295.3369565
11/06/2021 15:00,297.77274,296.9846418
11/06/2021 16:00,296.5421,297.2946375
11/06/2021 17:00,295.87564,296.2868568
11/06/2021 18:00,294.91083,291.6317464
11/06/2021 19:00,295.32162,292.4943058
11/06/2021 20:00,294.44342,292.784242
11/06/2021 21:00,291.32965,293.0127164
11/06/2021 22:00,290.14972,287.4738731
11/06/2021 23:00,289.88138,290.4901299
12/06/2021 0:00,289.94266,290.4918916
12/06/2021 1:00,289.82684,291.3472313
12/06/2021 2:00,289.86023,290.6456522
12/06/2021 3:00,289.7347,290.0433441
12/06/2021 4:00,289.9811,287.7468556
12/06/2021 5:00,291.2282,287.7073962
12/06/2021 6:00,292.86584,292.1912814
12/06/2021 7:00,294.0504,296.0757765
12/06/2021 8:00,295.5997,298.3647818
12/06/2021 9:00,296.8316,298.3137447
12/06/2021 10:00,297.97476,298.78045
12/06/2021 11:00,298.7984,299.6554604
12/06/2021 12:00,299.2189,298.6234592
12/06/2021 13:00,299.5329,299.767773
12/06/2021 14:00,299.36472,302.8536784
12/06/2021 15:00,299.7442,298.3741995
12/06/2021 16:00,299.48007,302.3911924
12/06/2021 17:00,298.7984,297.63735
12/06/2021 18:00,297.29013,299.420662
12/06/2021 19:00,295.15594,293.0350734
12/06/2021 20:00,294.04364,295.59256
12/06/2021 21:00,293.20645,292.584413
12/06/2021 22:00,292.74878,290.8922307
12/06/2021 23:00,292.61902,293.5108979
13/06/2021 0:00,292.439,294.4084124
13/06/2021 1:00,292.2074,290.6276989
13/06/2021 2:00,292.22177,289.3213067
13/06/2021 3:00,292.1064,291.9820755
13/06/2021 4:00,292.24924,291.9068723
13/06/2021 5:00,292.5214,293.0335973
13/06/2021 6:00,292.9157,294.0836004
13/06/2021 7:00,292.12247,291.9970381
13/06/2021 8:00,293.11264,296.3915384
13/06/2021 9:00,294.59894,294.6399567
13/06/2021 10:00,295.4484,294.564893
13/06/2021 11:00,295.84946,292.5197679
13/06/2021 12:00,296.4838,295.6897594
13/06/2021 13:00,296.64523,295.9426432
13/06/2021 14:00,296.49603,298.204691
13/06/2021 15:00,296.23868,297.0027084
13/06/2021 16:00,295.587,293.4490998
13/06/2021 17:00,294.84448,294.9929815
13/06/2021 18:00,293.73642,294.6767378
13/06/2021 19:00,292.5083,294.7734757
13/06/2021 20:00,291.3254,292.4400995
13/06/2021 21:00,290.20847,291.2434428
13/06/2021 22:00,289.3506,289.1654026
13/06/2021 23:00,288.5421,288.9938538
14/06/2021 0:00,287.89932,289.8362712
14/06/2021 1:00,287.27515,284.6702201
14/06/2021 2:00,286.74518,285.9712452
14/06/2021 3:00,286.2537,284.6226205
14/06/2021 4:00,286.17804,286.5266668
14/06/2021 5:00,286.82336,288.8409644
14/06/2021 6:00,287.85834,286.7566706
14/06/2021 7:00,288.753,284.6034297
14/06/2021 8:00,290.09055,289.5338082
14/06/2021 9:00,291.37784,292.6230159
14/06/2021 10:00,292.42123,293.4801431
14/06/2021 11:00,292.85822,293.7956706
14/06/2021 12:00,293.2318,293.0346919
14/06/2021 13:00,293.52087,291.3926204
14/06/2021 14:00,293.76938,294.4579474
14/06/2021 15:00,293.83066,292.0805198
14/06/2021 16:00,293.74445,297.4471717
14/06/2021 17:00,293.23138,294.1455203
14/06/2021 18:00,292.49564,292.0260793
14/06/2021 19:00,291.07693,290.7806912
14/06/2021 20:00,289.9101,289.647954
14/06/2021 21:00,288.86078,287.2961041
14/06/2021 22:00,287.96527,288.73046
14/06/2021 23:00,287.57983,286.5618487
15/06/2021 0:00,287.8668,285.0605137
15/06/2021 1:00,287.8368,289.4354922
15/06/2021 2:00,287.92554,286.1670523
15/06/2021 3:00,287.45392,286.6315704
15/06/2021 4:00,287.62927,284.7895679
15/06/2021 5:00,288.6744,288.7834802
15/06/2021 6:00,290.87915,291.2096202
15/06/2021 7:00,292.44534,289.1162125
15/06/2021 8:00,294.07956,297.7295833
15/06/2021 9:00,295.60645,297.9267239
15/06/2021 10:00,296.5928,295.9598983
15/06/2021 11:00,297.57748,295.6342012
15/06/2021 12:00,298.04575,299.0422719
15/06/2021 13:00,298.16998,299.0201884
15/06/2021 14:00,298.08295,299.2575624
15/06/2021 15:00,298.2748,298.8836899
15/06/2021 16:00,298.03223,299.1045078
15/06/2021 17:00,297.06277,299.6602176
15/06/2021 18:00,295.617,296.4312632
15/06/2021 19:00,293.5868,293.1798615
15/06/2021 20:00,291.953,296.2634291
15/06/2021 21:00,290.82758,294.8765109
15/06/2021 22:00,289.8332,296.0243007
15/06/2021 23:00,289.03067,287.4792781
16/06/2021 0:00,288.41873,289.1465656
16/06/2021 1:00,288.08063,284.6862948
16/06/2021 2:00,287.8816,289.3242798
16/06/2021 3:00,287.75183,287.4924245
16/06/2021 4:00,288.05063,292.2547563
16/06/2021 5:00,290.4202,289.1654584
16/06/2021 6:00,293.73682,290.4426001
16/06/2021 7:00,294.82336,293.9238869
16/06/2021 8:00,296.5438,293.2380092
16/06/2021 9:00,297.86658,299.5012615
16/06/2021 10:00,298.91125,295.5548476
16/06/2021 11:00,299.8224,300.1738922
16/06/2021 12:00,300.43604,297.097804
16/06/2021 13:00,300.7817,300.5744714
16/06/2021 14:00,300.8713,303.9476962
16/06/2021 15:00,301.10883,301.74528
16/06/2021 16:00,300.74283,299.3207489
16/06/2021 17:00,299.51895,299.7126538
16/06/2021 18:00,297.94516,298.1548799
16/06/2021 19:00,296.8709,296.3271989
16/06/2021 20:00,296.27502,293.4643564
16/06/2021 21:00,293.78754,297.1737869
16/06/2021 22:00,292.0075,290.6664749
16/06/2021 23:00,291.06046,293.2400749
17/06/2021 0:00,290.2706,292.5273139
17/06/2021 1:00,289.654,293.6732251
17/06/2021 2:00,289.03278,291.9757498
17/06/2021 3:00,288.62198,289.2453856
17/06/2021 4:00,288.84894,289.9979372
17/06/2021 5:00,292.1047,293.256217
17/06/2021 6:00,295.74677,295.5380955
17/06/2021 7:00,296.9385,296.1756047
17/06/2021 8:00,298.5816,297.9668
17/06/2021 9:00,299.90778,301.3608182
17/06/2021 10:00,300.32233,299.6523257
17/06/2021 11:00,300.96344,301.211618
17/06/2021 12:00,301.40463,305.6881374
17/06/2021 13:00,302.05377,299.8665833
17/06/2021 14:00,302.2414,299.2399592
17/06/2021 15:00,302.24478,303.7715717
17/06/2021 16:00,301.968,300.3677686
17/06/2021 17:00,300.60593,299.4694584
17/06/2021 18:00,299.40106,297.6699074
17/06/2021 19:00,297.4503,296.8249848
17/06/2021 20:00,296.00455,298.4810051
17/06/2021 21:00,295.9268,295.639048
17/06/2021 22:00,295.71338,294.9124067
17/06/2021 23:00,295.67786,290.637567
18/06/2021 0:00,295.06677,291.2664021
18/06/2021 1:00,294.41046,287.6667354
18/06/2021 2:00,293.39368,290.266629
18/06/2021 3:00,292.43942,292.8709682
18/06/2021 4:00,292.67184,291.8047301
18/06/2021 5:00,293.0539,292.691914
18/06/2021 6:00,295.8228,296.438617
18/06/2021 7:00,298.0563,297.1044682
18/06/2021 8:00,299.57898,300.389597
18/06/2021 9:00,300.84805,302.6151339
18/06/2021 10:00,301.37125,299.078851
18/06/2021 11:00,301.90543,302.8407446
18/06/2021 12:00,302.10785,304.2242219
18/06/2021 13:00,302.8039,302.333117
18/06/2021 14:00,302.84955,304.3282736
18/06/2021 15:00,302.98267,308.0560416
18/06/2021 16:00,302.78278,302.7048715
18/06/2021 17:00,302.1835,302.39694
18/06/2021 18:00,300.88187,298.8598087
18/06/2021 19:00,298.19748,299.4866208
18/06/2021 20:00,296.35913,298.5578621
18/06/2021 21:00,294.96198,297.0752752
18/06/2021 22:00,293.95953,295.4843408
18/06/2021 23:00,293.10925,297.0802521
19/06/2021 0:00,292.5307,298.7595478
19/06/2021 1:00,292.2277,296.3319285
19/06/2021 2:00,291.53885,296.5096273
19/06/2021 3:00,291.22232,293.8612538
19/06/2021 4:00,291.3436,295.0954729
19/06/2021 5:00,294.45105,295.5830004
19/06/2021 6:00,298.18646,296.4156835
19/06/2021 7:00,299.74124,300.3235248
19/06/2021 8:00,301.05682,299.4485384
19/06/2021 9:00,302.19788,301.3825575
19/06/2021 10:00,302.63782,303.3827577
19/06/2021 11:00,302.97253,304.1267086
19/06/2021 12:00,303.24722,302.0573524
19/06/2021 13:00,303.51642,306.4365947
19/06/2021 14:00,303.4112,305.4911711
19/06/2021 15:00,303.2692,303.058467
19/06/2021 16:00,302.86096,300.998507
19/06/2021 17:00,301.98572,302.5713444
19/06/2021 18:00,300.7538,300.5377299
19/06/2021 19:00,298.67712,299.1931943
19/06/2021 20:00,297.57074,297.3265079
19/06/2021 21:00,296.36716,293.1726641
19/06/2021 22:00,296.1943,294.8996442
19/06/2021 23:00,297.87543,294.9862461
20/06/2021 0:00,297.46045,296.5235483
20/06/2021 1:00,296.85272,294.9136456
20/06/2021 2:00,295.27725,297.5881475
20/06/2021 3:00,295.64957,289.212708
20/06/2021 4:00,294.8986,295.1280723
20/06/2021 5:00,295.23285,294.9558938
20/06/2021 6:00,297.9815,300.1959031
20/06/2021 7:00,299.78012,300.6582476
20/06/2021 8:00,301.38394,303.8058511
20/06/2021 9:00,302.58752,301.3679125
20/06/2021 10:00,303.5236,301.1891487
20/06/2021 11:00,304.16046,306.1983351
20/06/2021 12:00,304.671,304.4086519
20/06/2021 13:00,305.12488,305.5260463
20/06/2021 14:00,304.7982,306.9936246
20/06/2021 15:00,304.81848,303.1005794
20/06/2021 16:00,304.32108,305.2725763
20/06/2021 17:00,303.29074,302.2951868
20/06/2021 18:00,302.29846,302.1439694
20/06/2021 19:00,300.00073,300.1914652
20/06/2021 20:00,298.97125,296.4692762
20/06/2021 21:00,297.95868,296.8755642
20/06/2021 22:00,297.27194,300.0844044
20/06/2021 23:00,296.53238,298.5231194
21/06/2021 0:00,295.6969,296.1841648
21/06/2021 1:00,294.96408,295.8720641
21/06/2021 2:00,294.49246,293.7949496
21/06/2021 3:00,293.5716,295.7748355
21/06/2021 4:00,293.3527,292.9166242
21/06/2021 5:00,296.03116,296.5416797
21/06/2021 6:00,298.39694,301.1547735
21/06/2021 7:00,300.11273,299.3837156
21/06/2021 8:00,302.492,305.4452908
21/06/2021 9:00,304.16385,301.472331
21/06/2021 10:00,305.46338,308.4982148
21/06/2021 11:00,306.64667,306.2463408
21/06/2021 12:00,307.55487,307.4089097
21/06/2021 13:00,308.23993,304.9473819
21/06/2021 14:00,307.90942,305.6944394
21/06/2021 15:00,304.95752,303.4880234
21/06/2021 16:00,304.81384,304.3815977
21/06/2021 17:00,304.21838,304.043673
21/06/2021 18:00,302.413,304.6753601
21/06/2021 19:00,300.81805,301.6573459
21/06/2021 20:00,299.49826,300.4384861
21/06/2021 21:00,298.07492,297.1299731
21/06/2021 22:00,296.6613,296.7355215
21/06/2021 23:00,295.85834,300.4620869
22/06/2021 0:00,295.19736,294.9133682
22/06/2021 1:00,294.68896,298.6298296
22/06/2021 2:00,294.35385,295.0697664
22/06/2021 3:00,294.10364,295.3409111
22/06/2021 4:00,294.1586,297.1769382
22/06/2021 5:00,296.9698,299.293809
22/06/2021 6:00,299.95804,300.3719677
22/06/2021 7:00,301.62946,300.7932886
22/06/2021 8:00,303.07565,302.8549412
22/06/2021 9:00,304.51337,304.9883946
22/06/2021 10:00,305.6582,307.182494
22/06/2021 11:00,306.58582,306.602608
22/06/2021 12:00,307.30045,308.4555232
22/06/2021 13:00,307.726,310.7886385
22/06/2021 14:00,307.8583,308.8396046
22/06/2021 15:00,307.91156,308.8015638
22/06/2021 16:00,307.52444,304.9513033
22/06/2021 17:00,306.20422,300.998854
22/06/2021 18:00,304.56027,305.3489169
22/06/2021 19:00,301.9908,301.484057
22/06/2021 20:00,300.05652,298.5406608
22/06/2021 21:00,298.3982,298.3267361
22/06/2021 22:00,297.1253,296.9186334
22/06/2021 23:00,296.6803,298.0394699
23/06/2021 0:00,296.24246,295.1678968
23/06/2021 1:00,295.51135,292.8752912
23/06/2021 2:00,294.6932,295.3821451
23/06/2021 3:00,293.99167,292.8485723
23/06/2021 4:00,293.73767,294.3049326
23/06/2021 5:00,295.94708,294.852116
23/06/2021 6:00,300.39462,298.9079873
23/06/2021 7:00,301.83698,301.8899686
23/06/2021 8:00,303.47037,303.1374208
23/06/2021 9:00,304.71326,305.126623
23/06/2021 10:00,305.826,304.9945238
23/06/2021 11:00,306.74896,303.2082014
23/06/2021 12:00,307.46738,306.4748064
23/06/2021 13:00,307.96353,309.2056878
23/06/2021 14:00,308.28473,307.6710575
23/06/2021 15:00,308.39755,307.8157695
23/06/2021 16:00,307.93478,309.4984383
23/06/2021 17:00,306.59216,305.3420775
23/06/2021 18:00,305.0936,302.2682643
23/06/2021 19:00,303.04266,302.6484098
23/06/2021 20:00,301.8429,300.8140212
23/06/2021 21:00,300.832,298.9667128
23/06/2021 22:00,300.0582,299.7466832
23/06/2021 23:00,299.5477,300.5200025
24/06/2021 0:00,299.06,299.0580328
24/06/2021 1:00,298.14758,298.7305914
24/06/2021 2:00,297.53607,300.1160187
24/06/2021 3:00,298.31622,295.32065
24/06/2021 4:00,297.7499,296.4719388
24/06/2021 5:00,298.18268,297.2259463
24/06/2021 6:00,300.985,299.7964515
24/06/2021 7:00,302.34833,301.5640489
24/06/2021 8:00,304.3329,303.4389035
24/06/2021 9:00,306.29846,306.7280695
24/06/2021 10:00,307.8862,311.7524695
24/06/2021 11:00,309.02133,307.4338529
24/06/2021 12:00,309.91895,308.6906701
24/06/2021 13:00,308.6879,307.8184067
24/06/2021 14:00,307.5274,308.526303
24/06/2021 15:00,308.72382,309.2935427
24/06/2021 16:00,307.82703,310.39774
24/06/2021 17:00,306.42566,302.6814341
24/06/2021 18:00,304.83453,300.7307995
24/06/2021 19:00,303.17664,302.0761462
24/06/2021 20:00,301.419,303.2632278
24/06/2021 21:00,300.2171,297.5500147
24/06/2021 22:00,299.50037,294.6772926
24/06/2021 23:00,299.53375,300.8167434
25/06/2021 0:00,299.59293,299.6524316
25/06/2021 1:00,299.09003,296.6205801
25/06/2021 2:00,298.45398,296.1541672
25/06/2021 3:00,297.83612,295.6001049
25/06/2021 4:00,297.3548,297.2220502
25/06/2021 5:00,298.342,297.1445504
25/06/2021 6:00,300.62323,301.2520235
25/06/2021 7:00,301.5965,295.1863677
25/06/2021 8:00,302.5609,299.9034379
25/06/2021 9:00,303.63263,300.7515242
25/06/2021 10:00,304.68704,303.4598553
25/06/2021 11:00,305.42154,303.7445152
25/06/2021 12:00,305.9388,306.8974327
25/06/2021 13:00,305.0391,302.7720372
25/06/2021 14:00,304.52814,306.4013474
25/06/2021 15:00,301.57114,304.1125972
25/06/2021 16:00,301.03317,303.6013492
25/06/2021 17:00,301.01288,299.0991654
25/06/2021 18:00,300.03793,299.364794
25/06/2021 19:00,301.53607,297.1641735
25/06/2021 20:00,298.48187,294.9492777
25/06/2021 21:00,296.52267,298.6617045
25/06/2021 22:00,296.02356,296.4291905
25/06/2021 23:00,295.2092,297.9596
26/06/2021 0:00,294.4096,292.4563799
26/06/2021 1:00,293.6578,294.8455563
26/06/2021 2:00,293.03317,296.6556517
26/06/2021 3:00,292.61945,293.5745375
26/06/2021 4:00,292.6617,293.0757122
26/06/2021 5:00,293.47736,293.118787
26/06/2021 6:00,294.44934,291.3654354
26/06/2021 7:00,295.57602,298.048442
26/06/2021 8:00,296.96683,295.9557977
26/06/2021 9:00,298.1852,299.1912978
26/06/2021 10:00,299.4826,296.3427441
26/06/2021 11:00,300.29065,297.8655091
26/06/2021 12:00,300.7475,302.9331101
26/06/2021 13:00,300.8992,300.1565384
26/06/2021 14:00,300.9182,303.598664
26/06/2021 15:00,300.82904,300.8290406
26/06/2021 16:00,300.5425,297.5935315
26/06/2021 17:00,300.04468,301.85482
26/06/2021 18:00,298.7984,297.8016011
26/06/2021 19:00,297.02515,299.3252226
26/06/2021 20:00,295.5401,297.6785093
26/06/2021 21:00,294.5622,293.5240651
26/06/2021 22:00,293.6823,294.9547732
26/06/2021 23:00,292.9922,297.6145461
27/06/2021 0:00,292.34433,293.964891
27/06/2021 1:00,291.8241,292.596706
27/06/2021 2:00,291.29965,294.3214345
27/06/2021 3:00,290.8952,292.7349865
27/06/2021 4:00,291.142,293.1481233
27/06/2021 5:00,293.9236,291.8091653
27/06/2021 6:00,296.387,296.8907002
27/06/2021 7:00,297.32266,299.0707121
27/06/2021 8:00,298.7739,297.3577897
27/06/2021 9:00,300.1047,302.7723201
27/06/2021 10:00,301.288,301.2762218
27/06/2021 11:00,302.15097,300.4530091
27/06/2021 12:00,302.28323,304.0719169
27/06/2021 13:00,302.64627,302.2338902
27/06/2021 14:00,302.9311,304.2911389
27/06/2021 15:00,302.89813,302.4866484
27/06/2021 16:00,302.53006,302.5128586
27/06/2021 17:00,301.7347,302.6699694
27/06/2021 18:00,300.39502,300.5687423
27/06/2021 19:00,298.78827,295.0639511
27/06/2021 20:00,297.2804,295.1634224
27/06/2021 21:00,296.0747,297.4774327
27/06/2021 22:00,295.2126,294.8269776
27/06/2021 23:00,294.60867,293.2977069
28/06/2021 0:00,293.82474,291.1219311
28/06/2021 1:00,293.217,290.966798
28/06/2021 2:00,292.75806,288.7422674
28/06/2021 3:00,292.26825,291.7325767
28/06/2021 4:00,292.4952,290.9323133
28/06/2021 5:00,295.19693,293.2339565
28/06/2021 6:00,297.76767,297.9301409
28/06/2021 7:00,299.45557,300.4071879
28/06/2021 8:00,301.28125,305.3393863
28/06/2021 9:00,302.6767,300.3097569
28/06/2021 10:00,303.658,306.0527714
28/06/2021 11:00,304.5087,306.6130853
28/06/2021 12:00,305.1832,304.1913104
28/06/2021 13:00,305.69708,306.4253838
28/06/2021 14:00,305.9574,305.494951
28/06/2021 15:00,305.97516,306.5899772
28/06/2021 16:00,305.56015,308.5062875
28/06/2021 17:00,304.5611,305.8631311
28/06/2021 18:00,302.90323,303.9567799
28/06/2021 19:00,301.09317,300.089231
28/06/2021 20:00,299.65335,296.6683494
28/06/2021 21:00,298.5085,297.4560189
28/06/2021 22:00,297.44058,298.7158595
28/06/2021 23:00,296.43097,292.9380171
29/06/2021 0:00,295.47037,292.9744764
29/06/2021 1:00,294.68137,294.2539752
29/06/2021 2:00,294.5622,291.5335178
29/06/2021 3:00,294.54654,291.2980709
29/06/2021 4:00,294.3348,292.2351425
29/06/2021 5:00,295.8448,293.2746991
29/06/2021 6:00,298.80136,297.5097937
29/06/2021 7:00,301.32773,302.6303546
29/06/2021 8:00,303.30765,300.9304586
29/06/2021 9:00,304.95624,302.071557
29/06/2021 10:00,306.08167,304.9063357
29/06/2021 11:00,306.98688,308.237621
29/06/2021 12:00,307.5756,307.2440638
29/06/2021 13:00,307.99228,307.2800686
29/06/2021 14:00,308.1575,308.4802869
29/06/2021 15:00,308.02396,305.4470193
29/06/2021 16:00,307.6119,309.2232825
29/06/2021 17:00,306.5068,307.4116172
29/06/2021 18:00,304.59534,303.8762275
29/06/2021 19:00,303.06085,304.229916
29/06/2021 20:00,301.61383,298.8684944
29/06/2021 21:00,299.96988,301.6607885
29/06/2021 22:00,298.95688,298.9800663
29/06/2021 23:00,298.22873,296.8819192
30/06/2021 0:00,297.14093,296.5909243
30/06/2021 1:00,296.06287,295.685945
30/06/2021 2:00,295.6225,297.7433321
30/06/2021 3:00,295.19315,293.3784145
30/06/2021 4:00,295.13483,294.2178484
30/06/2021 5:00,297.61636,299.6586176
30/06/2021 6:00,300.1647,299.1493455
30/06/2021 7:00,301.3273,301.8349862
30/06/2021 8:00,302.77008,304.6748989
30/06/2021 9:00,303.9589,302.1863838
30/06/2021 10:00,304.8286,305.3053981
30/06/2021 11:00,305.63327,303.0441162
30/06/2021 12:00,306.09433,307.0140516
30/06/2021 13:00,306.38678,306.6861776
30/06/2021 14:00,306.81192,307.627023
30/06/2021 15:00,307.3482,305.7546096
30/06/2021 16:00,307.10776,303.0697369
30/06/2021 17:00,305.67596,305.9714324
30/06/2021 18:00,303.8659,299.5596594
30/06/2021 19:00,302.8187,301.1622029
30/06/2021 20:00,301.65567,302.1282678
30/06/2021 21:00,300.69424,299.5498185
30/06/2021 22:00,299.6618,301.1793782
30/06/2021 23:00,298.41467,297.8791687
01/07/2021 0:00,297.0719,293.2736604
01/07/2021 1:00,295.53244,293.1308212
01/07/2021 2:00,294.19373,292.074057
01/07/2021 3:00,293.1732,288.7848962
01/07/2021 4:00,292.46753,289.6119519
01/07/2021 5:00,292.67935,290.8558194
01/07/2021 6:00,293.383,289.3558286
01/07/2021 7:00,294.90842,294.7959709
01/07/2021 8:00,296.22772,295.4245675
01/07/2021 9:00,297.40616,294.1657433
01/07/2021 10:00,298.49796,299.0110778
01/07/2021 11:00,299.4291,300.5063341
01/07/2021 12:00,300.09094,300.3300862
01/07/2021 13:00,300.46838,299.673859
01/07/2021 14:00,300.69156,301.3460698
01/07/2021 15:00,300.53763,301.2126111
01/07/2021 16:00,300.05014,300.1208013
01/07/2021 17:00,299.5131,297.5287133
01/07/2021 18:00,298.76962,298.3299864
01/07/2021 19:00,294.4664,296.3047782
01/07/2021 20:00,292.89417,292.3293534
01/07/2021 21:00,292.19452,296.4475423
01/07/2021 22:00,291.89236,291.1234651
01/07/2021 23:00,291.57852,291.7961424
02/07/2021 0:00,291.09805,289.9465981
02/07/2021 1:00,290.74506,291.0143757
02/07/2021 2:00,290.20703,286.8912265
02/07/2021 3:00,290.08356,288.5133158
02/07/2021 4:00,290.3405,287.4404249
02/07/2021 5:00,291.44336,291.5535756
02/07/2021 6:00,292.63986,294.2847941
02/07/2021 7:00,293.36594,294.394431
02/07/2021 8:00,294.69962,290.5832746
02/07/2021 9:00,295.4769,299.4011036
02/07/2021 10:00,296.3134,296.9024519
02/07/2021 11:00,296.97922,295.612114
02/07/2021 12:00,297.28873,297.7519521
02/07/2021 13:00,297.83945,298.2808769
02/07/2021 14:00,298.154,296.8389835
02/07/2021 15:00,297.87393,297.8578321
02/07/2021 16:00,297.38342,296.0555867
02/07/2021 17:00,296.9849,296.0938075
02/07/2021 18:00,296.1752,294.7747545
02/07/2021 19:00,294.77725,291.6694685
02/07/2021 20:00,293.82367,293.7211997
02/07/2021 21:00,293.07382,293.8898065
02/07/2021 22:00,292.50836,293.1316884
02/07/2021 23:00,292.00815,293.2000673
03/07/2021 0:00,291.67255,291.8775839
03/07/2021 1:00,291.07562,289.8787522
03/07/2021 2:00,290.6179,291.9513034
03/07/2021 3:00,290.3556,287.7369864
03/07/2021 4:00,290.35324,288.4793383
03/07/2021 5:00,291.03046,289.2566449
03/07/2021 6:00,292.0958,294.3041495
03/07/2021 7:00,293.76108,295.4587296
03/07/2021 8:00,294.75348,296.2591668
03/07/2021 9:00,295.64853,298.4238255
03/07/2021 10:00,296.62354,295.4972531
03/07/2021 11:00,297.26428,298.0417563
03/07/2021 12:00,298.33835,298.2113754
03/07/2021 13:00,298.62173,300.3317657
03/07/2021 14:00,299.06876,299.068077
03/07/2021 15:00,299.042,298.6311264
03/07/2021 16:00,298.866,300.0491126
03/07/2021 17:00,298.37045,300.4519603
03/07/2021 18:00,298.05695,295.8110873
03/07/2021 19:00,297.08328,296.2243207
03/07/2021 20:00,296.3241,292.9728879
03/07/2021 21:00,295.6512,288.6976817
03/07/2021 22:00,295.06265,292.5802758
03/07/2021 23:00,294.4604,292.528077
04/07/2021 0:00,294.07394,291.4555886
04/07/2021 1:00,293.31073,287.381078
04/07/2021 2:00,291.8954,291.1477423
04/07/2021 3:00,291.0455,288.6184327
04/07/2021 4:00,290.66373,294.6595195
04/07/2021 5:00,291.8482,290.0152131
04/07/2021 6:00,294.55038,296.7006014
04/07/2021 7:00,296.5553,297.7546986
04/07/2021 8:00,297.61194,295.4492521
04/07/2021 9:00,298.6823,296.1174767
04/07/2021 10:00,299.21097,299.5304771
04/07/2021 11:00,299.98822,297.9853048
04/07/2021 12:00,300.4697,300.2543902
04/07/2021 13:00,300.4463,299.259781
04/07/2021 14:00,300.71097,297.2842138
04/07/2021 15:00,300.5443,296.3419793
04/07/2021 16:00,300.2529,300.6469945
04/07/2021 17:00,299.82227,299.056575
04/07/2021 18:00,298.54144,297.6915656
04/07/2021 19:00,296.7942,297.9644583
04/07/2021 20:00,295.70374,297.88224
04/07/2021 21:00,294.65012,294.3369331
04/07/2021 22:00,294.3493,293.4628373
04/07/2021 23:00,293.65402,294.4218139
05/07/2021 0:00,293.1732,290.7021594
05/07/2021 1:00,292.7533,293.0123667
05/07/2021 2:00,292.31464,293.1788776
05/07/2021 3:00,291.96866,293.0078886
05/07/2021 4:00,292.0426,288.343604
05/07/2021 5:00,292.29288,290.8918944
05/07/2021 6:00,292.4207,291.0838127
05/07/2021 7:00,293.5282,292.8958993
05/07/2021 8:00,293.11432,293.4714816
05/07/2021 9:00,293.0116,295.468341
05/07/2021 10:00,294.49686,292.8171163
05/07/2021 11:00,295.73386,294.0663088
05/07/2021 12:00,297.4791,298.8369278
05/07/2021 13:00,298.4919,298.5092241
05/07/2021 14:00,299.26685,300.9533614
05/07/2021 15:00,299.3207,299.2861922
05/07/2021 16:00,299.16144,296.606668
05/07/2021 17:00,298.88138,296.0965972
05/07/2021 18:00,297.93082,294.9422658
05/07/2021 19:00,296.76138,297.376222
05/07/2021 20:00,296.05472,297.3187394
05/07/2021 21:00,295.40762,297.6863378
05/07/2021 22:00,294.84952,295.170212
05/07/2021 23:00,294.15924,294.8757185
06/07/2021 0:00,293.7333,291.018971
06/07/2021 1:00,293.25485,289.6047119
06/07/2021 2:00,292.82657,292.8088508
06/07/2021 3:00,292.49496,291.8140433
06/07/2021 4:00,292.4197,291.3319138
06/07/2021 5:00,293.95148,294.1164444
06/07/2021 6:00,296.17184,296.4973542
06/07/2021 7:00,297.73306,299.7454449
06/07/2021 8:00,298.9915,301.1449994
06/07/2021 9:00,300.0488,301.1171911
06/07/2021 10:00,301.13724,302.7883801
06/07/2021 11:00,301.98676,302.982161
06/07/2021 12:00,302.20694,301.8412237
06/07/2021 13:00,302.7433,304.5746023
06/07/2021 14:00,303.21472,301.0959713
06/07/2021 15:00,303.3044,305.4125275
06/07/2021 16:00,303.15616,301.1350018
06/07/2021 17:00,302.45654,302.9959008
06/07/2021 18:00,300.8361,299.4585517
06/07/2021 19:00,299.4067,300.4818654
06/07/2021 20:00,298.33868,298.2027827
06/07/2021 21:00,297.19672,294.3681882
06/07/2021 22:00,295.96204,297.0322918
06/07/2021 23:00,295.09277,294.4337506
07/07/2021 0:00,294.38174,296.0238754
07/07/2021 1:00,293.90863,293.4901731
07/07/2021 2:00,293.4392,293.5719022
07/07/2021 3:00,292.8396,290.8480451
07/07/2021 4:00,292.8898,291.5517153
07/07/2021 5:00,295.18344,294.2352164
07/07/2021 6:00,298.84058,300.4241169
07/07/2021 7:00,299.9959,303.2312243
07/07/2021 8:00,301.8817,300.7970501
07/07/2021 9:00,303.52457,305.7609255
07/07/2021 10:00,304.99075,301.3745626
07/07/2021 11:00,306.024,304.1293638
07/07/2021 12:00,306.81464,305.3744882
07/07/2021 13:00,307.3483,305.2312571
07/07/2021 14:00,307.70032,305.1300306
07/07/2021 15:00,307.72742,308.7418731
07/07/2021 16:00,307.34998,307.3106698
07/07/2021 17:00,306.287,306.9846646
07/07/2021 18:00,304.441,305.769439
07/07/2021 19:00,302.81555,303.1242402
07/07/2021 20:00,301.37814,302.5511996
07/07/2021 21:00,300.2084,300.2656202
07/07/2021 22:00,299.0661,297.3244867
07/07/2021 23:00,297.90204,300.1227702
08/07/2021 0:00,296.95212,296.020926
08/07/2021 1:00,296.16916,294.5171166
08/07/2021 2:00,295.51736,295.3232358
08/07/2021 3:00,294.9867,293.7048006
08/07/2021 4:00,294.78595,294.4852611
08/07/2021 5:00,296.86145,297.7030957
08/07/2021 6:00,300.47037,301.2611066
08/07/2021 7:00,302.16946,300.2318516
08/07/2021 8:00,304.3296,303.047593
08/07/2021 9:00,306.07385,307.6892911
08/07/2021 10:00,307.26733,308.0843102
08/07/2021 11:00,308.1808,311.8842604
08/07/2021 12:00,308.9092,311.0541275
08/07/2021 13:00,309.33847,311.4362202
08/07/2021 14:00,309.6316,307.1446833
08/07/2021 15:00,309.65332,309.9543921
08/07/2021 16:00,309.11932,307.5721354
08/07/2021 17:00,307.45303,304.9318573
08/07/2021 18:00,305.79044,305.3543772
08/07/2021 19:00,304.87097,305.1935005
08/07/2021 20:00,303.7956,303.5165761
08/07/2021 21:00,302.95642,300.576729
08/07/2021 22:00,302.29526,302.9524146
08/07/2021 23:00,301.91785,299.9162521
09/07/2021 0:00,301.22223,300.8896825
09/07/2021 1:00,300.25723,299.0092836
09/07/2021 2:00,299.37994,297.7371124
09/07/2021 3:00,298.5806,298.1225313
09/07/2021 4:00,297.81168,294.1251861
09/07/2021 5:00,297.76483,301.5113713
09/07/2021 6:00,300.60556,297.2547722
09/07/2021 7:00,301.21252,298.8815399
09/07/2021 8:00,300.9833,300.2871261
09/07/2021 9:00,301.88538,300.9738376
09/07/2021 10:00,302.2561,299.8456756
09/07/2021 11:00,302.65228,300.4640815
09/07/2021 12:00,302.81122,301.4764064
09/07/2021 13:00,302.8015,301.5039717
09/07/2021 14:00,303.14514,305.1779467
09/07/2021 15:00,303.29404,304.5688247
09/07/2021 16:00,303.36563,304.7726832
09/07/2021 17:00,302.93298,301.0513418
09/07/2021 18:00,301.72278,301.0811355
09/07/2021 19:00,300.1977,298.5805329
09/07/2021 20:00,299.01288,296.2172876
09/07/2021 21:00,297.98032,297.9022614
09/07/2021 22:00,297.24356,295.6353788
09/07/2021 23:00,296.5593,297.1785718
10/07/2021 0:00,296.16348,293.61641
10/07/2021 1:00,295.80847,297.9631671
10/07/2021 2:00,295.35678,292.8902095
10/07/2021 3:00,294.76553,294.2414616
10/07/2021 4:00,294.38242,294.9080503
10/07/2021 5:00,294.60193,292.7363532
10/07/2021 6:00,295.2216,295.8310918
10/07/2021 7:00,296.28726,293.0673491
10/07/2021 8:00,297.57312,298.4792389
10/07/2021 9:00,298.43906,296.8695149
10/07/2021 10:00,299.2337,296.8543698
10/07/2021 11:00,300.38373,298.4498824
10/07/2021 12:00,301.42566,301.7872317
10/07/2021 13:00,302.05066,300.0835619
10/07/2021 14:00,302.57867,300.3076201
10/07/2021 15:00,302.6469,301.3991325
10/07/2021 16:00,302.66666,299.5610722
10/07/2021 17:00,302.4796,304.4640054
10/07/2021 18:00,300.88828,298.9800896
10/07/2021 19:00,300.51822,299.4079198
10/07/2021 20:00,299.2237,297.7001094
10/07/2021 21:00,298.48657,295.0174521
10/07/2021 22:00,297.34024,295.8768304
10/07/2021 23:00,295.5873,296.2502449
11/07/2021 0:00,294.81506,293.6886061
11/07/2021 1:00,294.28775,295.6457755
11/07/2021 2:00,293.93307,295.1728698
11/07/2021 3:00,293.737,294.8112739
11/07/2021 4:00,293.9789,292.7210392
11/07/2021 5:00,296.04803,293.5855797
11/07/2021 6:00,297.38876,295.584082
11/07/2021 7:00,296.32474,296.2662977
11/07/2021 8:00,296.78012,296.4704214
11/07/2021 9:00,297.99573,292.4874408
11/07/2021 10:00,300.03506,298.0748591
11/07/2021 11:00,302.1835,300.3964084
11/07/2021 12:00,303.51352,300.7297089
11/07/2021 13:00,304.19476,303.9865111
11/07/2021 14:00,304.52167,302.7045596
11/07/2021 15:00,304.76993,304.3589506
11/07/2021 16:00,304.54474,301.3433501
11/07/2021 17:00,303.5791,302.4148725
11/07/2021 18:00,301.89307,302.0432029
11/07/2021 19:00,299.8303,299.0326959
11/07/2021 20:00,298.5294,293.4531087
11/07/2021 21:00,297.52594,294.198285
11/07/2021 22:00,296.66837,293.5000026
11/07/2021 23:00,295.76663,294.3693468
12/07/2021 0:00,295.0981,294.3678776
12/07/2021 1:00,294.48013,291.2091455
12/07/2021 2:00,294.0689,292.5715534
12/07/2021 3:00,293.69415,288.487349
12/07/2021 4:00,293.55463,294.6452524
12/07/2021 5:00,294.0853,291.6666157
12/07/2021 6:00,295.27612,293.5978585
12/07/2021 7:00,295.4364,293.2318018
12/07/2021 8:00,296.95078,297.6164989
12/07/2021 9:00,298.68732,292.2123561
12/07/2021 10:00,299.52917,298.3119466
12/07/2021 11:00,300.70126,299.1358117
12/07/2021 12:00,302.04968,300.1043954
12/07/2021 13:00,302.7513,304.7190221
12/07/2021 14:00,303.07553,300.5947902
12/07/2021 15:00,303.24918,303.7227182
12/07/2021 16:00,303.07385,302.8553987
12/07/2021 17:00,302.6924,303.9690567
12/07/2021 18:00,301.94928,299.7556394
12/07/2021 19:00,298.62576,296.6183202
12/07/2021 20:00,297.9964,298.8291241
12/07/2021 21:00,296.14374,296.9604853
12/07/2021 22:00,295.1453,292.9206962
12/07/2021 23:00,294.57114,294.0521636
13/07/2021 0:00,294.22852,294.9269792
13/07/2021 1:00,293.87317,295.1043115
13/07/2021 2:00,293.46967,292.0475656
13/07/2021 3:00,293.25952,287.8728956
13/07/2021 4:00,293.34418,293.9989412
13/07/2021 5:00,295.8088,293.1184808
13/07/2021 6:00,298.47086,295.0093236
13/07/2021 7:00,300.41986,295.8653515
13/07/2021 8:00,302.41806,304.369836
13/07/2021 9:00,304.2704,305.034816
13/07/2021 10:00,306.1013,306.0040899
13/07/2021 11:00,307.41757,309.9964182
13/07/2021 12:00,308.36783,309.5270313
13/07/2021 13:00,309.04504,311.8828826
13/07/2021 14:00,309.36725,306.8143945
13/07/2021 15:00,309.54895,309.3020126
13/07/2021 16:00,309.10394,305.9300338
13/07/2021 17:00,307.0602,305.7918464
13/07/2021 18:00,306.11734,304.0336869
13/07/2021 19:00,304.2175,304.2160892
13/07/2021 20:00,302.8671,301.6510359
13/07/2021 21:00,301.80676,301.5740177
13/07/2021 22:00,300.95654,301.0494762
13/07/2021 23:00,300.34827,303.1517984
14/07/2021 0:00,299.75336,298.2905684
14/07/2021 1:00,298.96002,296.3131147
14/07/2021 2:00,297.77756,297.0296584
14/07/2021 3:00,296.48972,293.973353
14/07/2021 4:00,295.5167,297.2784004
14/07/2021 5:00,297.33755,296.137028
14/07/2021 6:00,299.842,299.0794019
14/07/2021 7:00,301.12317,298.9489646
14/07/2021 8:00,302.491,302.1302909
14/07/2021 9:00,303.34488,300.7230191
14/07/2021 10:00,304.30283,300.3243914
14/07/2021 11:00,304.58456,303.8655997
14/07/2021 12:00,305.0413,300.2050585
14/07/2021 13:00,305.67935,302.4901898
14/07/2021 14:00,305.97916,303.0582634
14/07/2021 15:00,304.5695,297.9368402
14/07/2021 16:00,301.7405,298.8444924
14/07/2021 17:00,299.84503,295.4248839
14/07/2021 18:00,298.46182,298.1349094
14/07/2021 19:00,299.73126,296.1892945
14/07/2021 20:00,299.00888,297.943345
14/07/2021 21:00,298.20084,297.2630237
14/07/2021 22:00,297.22647,295.4392998
14/07/2021 23:00,296.1608,293.3055871
15/07/2021 0:00,295.3397,291.6178408
15/07/2021 1:00,294.61365,290.2573753
15/07/2021 2:00,293.93573,293.5740866
15/07/2021 3:00,292.9661,289.606326
15/07/2021 4:00,292.58633,288.8149077
15/07/2021 5:00,294.16696,293.3538499
15/07/2021 6:00,296.28024,294.0684272
15/07/2021 7:00,296.9598,295.3174173
15/07/2021 8:00,297.9191,295.7069824
15/07/2021 9:00,299.32205,298.691535
15/07/2021 10:00,300.3429,300.4347508
15/07/2021 11:00,301.21085,301.8489378
15/07/2021 12:00,301.84122,303.5405286
15/07/2021 13:00,302.20493,303.0425738
15/07/2021 14:00,302.5917,301.8858418
15/07/2021 15:00,302.56628,301.8333027
15/07/2021 16:00,302.3749,302.6618495
15/07/2021 17:00,301.92722,303.261832
15/07/2021 18:00,300.84882,299.8981877
15/07/2021 19:00,299.55927,296.8328927
15/07/2021 20:00,298.30087,294.3156628
15/07/2021 21:00,297.17126,292.4148607
15/07/2021 22:00,296.07312,295.4282287
15/07/2021 23:00,295.3387,295.0276519
16/07/2021 0:00,294.74246,294.3714403
16/07/2021 1:00,294.272,292.6747995
16/07/2021 2:00,293.8929,295.3032492
16/07/2021 3:00,293.46295,291.4247897
16/07/2021 4:00,293.11932,293.6589829
16/07/2021 5:00,295.18277,293.5851614
16/07/2021 6:00,296.70718,294.8292374
16/07/2021 7:00,297.63904,297.7718013
16/07/2021 8:00,299.225,299.6264241
16/07/2021 9:00,300.02972,300.8791966
16/07/2021 10:00,300.7471,301.6863692
16/07/2021 11:00,301.0673,302.2934898
16/07/2021 12:00,301.21017,306.4789803
16/07/2021 13:00,300.57678,303.5966555
16/07/2021 14:00,298.4086,301.1992777
16/07/2021 15:00,298.04388,299.1589835
16/07/2021 16:00,298.30453,300.791274
16/07/2021 17:00,297.7568,299.7575407
16/07/2021 18:00,295.93362,297.7873534
16/07/2021 19:00,292.9584,293.1632333
16/07/2021 20:00,293.0889,293.1523017
16/07/2021 21:00,293.24814,287.5514143
16/07/2021 22:00,293.1615,293.4940865
16/07/2021 23:00,293.0986,292.247795
17/07/2021 0:00,292.89514,295.9144192
17/07/2021 1:00,292.77603,292.9556957
17/07/2021 2:00,292.504,290.6142299
17/07/2021 3:00,292.3451,292.4534627
17/07/2021 4:00,292.2223,290.5866151
17/07/2021 5:00,292.98416,293.9165582
17/07/2021 6:00,293.9789,294.6083816
17/07/2021 7:00,294.0468,295.5208153
17/07/2021 8:00,295.19147,293.7156048
17/07/2021 9:00,296.02094,296.2394444
17/07/2021 10:00,297.55908,295.0157163
17/07/2021 11:00,298.331,299.0207232
17/07/2021 12:00,298.70206,298.7067663
17/07/2021 13:00,299.43683,299.3977839
17/07/2021 14:00,299.33676,298.7931538
17/07/2021 15:00,299.49435,299.6313919
17/07/2021 16:00,298.71408,301.3482219
17/07/2021 17:00,294.94287,297.1962277
17/07/2021 18:00,293.46262,294.9644752
17/07/2021 19:00,293.94278,292.2007258
17/07/2021 20:00,293.5824,292.1185068
17/07/2021 21:00,293.38733,293.6305186
17/07/2021 22:00,293.01126,294.964982
17/07/2021 23:00,292.7777,292.6197815
18/07/2021 0:00,292.51038,292.7483882
18/07/2021 1:00,292.49564,292.4589287
18/07/2021 2:00,292.48093,292.1608869
18/07/2021 3:00,292.5348,293.6741143
18/07/2021 4:00,292.72183,290.6175677
18/07/2021 5:00,293.19528,295.8912477
18/07/2021 6:00,294.13248,293.0462954
18/07/2021 7:00,293.58508,294.9509387
18/07/2021 8:00,294.88565,291.9801925
18/07/2021 9:00,296.24377,296.5772712
18/07/2021 10:00,297.34995,298.1569617
18/07/2021 11:00,298.24533,298.5040587
18/07/2021 12:00,299.2076,296.7111894
18/07/2021 13:00,300.29105,299.681478
18/07/2021 14:00,300.98465,298.3589353
18/07/2021 15:00,301.43604,300.4367252
18/07/2021 16:00,301.09073,300.9917583
18/07/2021 17:00,297.85486,299.2971759
18/07/2021 18:00,296.5553,297.4853197
18/07/2021 19:00,297.40683,295.6238483
18/07/2021 20:00,296.44287,298.0250682
18/07/2021 21:00,295.17575,296.3193017
18/07/2021 22:00,294.26297,291.6014398
18/07/2021 23:00,293.72897,296.5063679
19/07/2021 0:00,293.121,294.6071367
19/07/2021 1:00,292.70544,296.176891
19/07/2021 2:00,292.71716,291.4190948
19/07/2021 3:00,292.9982,287.6040307
19/07/2021 4:00,293.04773,293.4769738
19/07/2021 5:00,293.1742,293.2976455
19/07/2021 6:00,293.36694,289.6612279
19/07/2021 7:00,292.50235,291.3627133
19/07/2021 8:00,292.72818,297.9052515
19/07/2021 9:00,292.81653,292.4844012
19/07/2021 10:00,293.0059,294.5312122
19/07/2021 11:00,293.30872,292.1295288
19/07/2021 12:00,294.00232,289.3825724
19/07/2021 13:00,294.69327,292.7450616
19/07/2021 14:00,295.49863,292.8764519
19/07/2021 15:00,295.43372,292.9004761
19/07/2021 16:00,295.0108,293.8983525
19/07/2021 17:00,294.81036,294.7404962
19/07/2021 18:00,294.43262,293.6198624
19/07/2021 19:00,293.98795,291.0124591
19/07/2021 20:00,293.67175,293.900678
19/07/2021 21:00,293.19394,289.0496651
19/07/2021 22:00,292.8386,288.5761655
19/07/2021 23:00,292.7998,293.2562854
20/07/2021 0:00,292.70477,292.601621
20/07/2021 1:00,292.64154,291.5494032
20/07/2021 2:00,292.47357,289.0334589
20/07/2021 3:00,292.23065,289.9592781
20/07/2021 4:00,292.20187,290.6337245
20/07/2021 5:00,292.40933,288.6448282
20/07/2021 6:00,293.1086,291.1332941
20/07/2021 7:00,294.11575,294.7748264
20/07/2021 8:00,295.3698,297.563927
20/07/2021 9:00,296.63324,295.7128733
20/07/2021 10:00,297.52426,298.8696868
20/07/2021 11:00,298.30154,294.9025434
20/07/2021 12:00,298.9637,300.139676
20/07/2021 13:00,299.35184,297.6568916
20/07/2021 14:00,299.55426,299.7346385
20/07/2021 15:00,299.14807,298.3310795
20/07/2021 16:00,298.5595,300.4400149
20/07/2021 17:00,297.67886,295.6824767
20/07/2021 18:00,296.33246,297.0262312
20/07/2021 19:00,295.22058,294.2324543
20/07/2021 20:00,294.22217,293.4076678
20/07/2021 21:00,293.3867,292.4684293
20/07/2021 22:00,292.7235,290.3545502
20/07/2021 23:00,291.97034,290.8971743
21/07/2021 0:00,291.33093,290.0608994
21/07/2021 1:00,290.92206,290.0481314
21/07/2021 2:00,290.50113,289.2592166
21/07/2021 3:00,290.37866,290.3972103
21/07/2021 4:00,290.1769,290.3560278
21/07/2021 5:00,290.83005,288.6129436
21/07/2021 6:00,291.83615,293.3218212
21/07/2021 7:00,293.01193,290.8309028
21/07/2021 8:00,294.16962,295.1781142
21/07/2021 9:00,295.2176,296.3794863
21/07/2021 10:00,296.17285,292.8355925
21/07/2021 11:00,296.96417,297.1037882
21/07/2021 12:00,297.49918,296.5818394
21/07/2021 13:00,297.53165,296.1845617
21/07/2021 14:00,297.76184,300.1067129
21/07/2021 15:00,297.64706,296.4112795
21/07/2021 16:00,297.28806,295.747481
21/07/2021 17:00,296.47598,296.4852585
21/07/2021 18:00,295.21793,296.0969218
21/07/2021 19:00,294.01102,294.1057538
21/07/2021 20:00,292.37888,294.8380077
21/07/2021 21:00,291.23557,292.5280818
21/07/2021 22:00,290.35757,286.6369749
21/07/2021 23:00,289.72855,288.8621661
22/07/2021 0:00,289.22565,288.2917603
22/07/2021 1:00,288.77896,289.9569157
22/07/2021 2:00,288.34198,284.4721797
22/07/2021 3:00,287.90167,293.7038722
22/07/2021 4:00,287.72632,290.0145013
22/07/2021 5:00,289.99554,290.0713263
22/07/2021 6:00,292.72885,294.5901827
22/07/2021 7:00,294.14554,298.0794859
22/07/2021 8:00,295.4672,296.9024753
22/07/2021 9:00,296.52316,298.1925432
22/07/2021 10:00,297.52426,297.7901448
22/07/2021 11:00,298.26608,298.1966918
22/07/2021 12:00,298.62073,297.9167631
22/07/2021 13:00,298.92255,297.5716512
22/07/2021 14:00,298.9239,298.01047
22/07/2021 15:00,298.86566,296.7714632
22/07/2021 16:00,298.50363,298.6973882
22/07/2021 17:00,297.50354,294.9131151
22/07/2021 18:00,297.55606,296.5609768
22/07/2021 19:00,296.5014,294.7061732
22/07/2021 20:00,295.64554,295.0244502
22/07/2021 21:00,293.9304,293.6487765
22/07/2021 22:00,291.74448,299.2333072
22/07/2021 23:00,290.18762,295.3613757
23/07/2021 0:00,289.32736,289.8923371
23/07/2021 1:00,288.8372,292.0365709
23/07/2021 2:00,288.46378,290.3581691
23/07/2021 3:00,288.0877,289.3666585
23/07/2021 4:00,288.08502,288.4820721
23/07/2021 5:00,290.18628,291.7965146
23/07/2021 6:00,293.71423,292.2978501
23/07/2021 7:00,295.4799,297.0247412
23/07/2021 8:00,296.82663,298.5241834
23/07/2021 9:00,297.9435,300.427868
23/07/2021 10:00,298.78067,297.3815435
23/07/2021 11:00,299.39835,300.368894
23/07/2021 12:00,299.89688,301.1071062
23/07/2021 13:00,300.14682,299.1606837
23/07/2021 14:00,300.24622,298.5470048
23/07/2021 15:00,300.14783,302.7517992
23/07/2021 16:00,299.88318,299.8705752
23/07/2021 17:00,299.307,299.5152228
23/07/2021 18:00,297.59387,295.4971151
23/07/2021 19:00,295.1955,294.5271501
23/07/2021 20:00,293.71625,294.8982867
23/07/2021 21:00,292.81284,294.033132
23/07/2021 22:00,291.91446,291.6680095
23/07/2021 23:00,291.10742,292.9775255
24/07/2021 0:00,290.6848,290.4033833
24/07/2021 1:00,290.51083,291.2010358
24/07/2021 2:00,291.32324,294.0487675
24/07/2021 3:00,291.3617,293.4960782
24/07/2021 4:00,289.8771,290.4612487
24/07/2021 5:00,291.98172,289.9633384
24/07/2021 6:00,294.91644,293.1507287
24/07/2021 7:00,296.09622,295.2299489
24/07/2021 8:00,297.544,298.5201503
24/07/2021 9:00,298.78235,300.2734361
24/07/2021 10:00,299.8236,298.8382262
24/07/2021 11:00,300.4901,298.4719509
24/07/2021 12:00,301.00507,301.5925825
24/07/2021 13:00,301.3353,300.0669454
24/07/2021 14:00,301.56317,300.8017016
24/07/2021 15:00,301.45074,303.9206051
24/07/2021 16:00,300.98364,302.4207999
24/07/2021 17:00,299.8089,299.9945444
24/07/2021 18:00,298.3273,296.0770938
24/07/2021 19:00,297.5969,298.1743889
24/07/2021 20:00,296.68076,298.6961867
24/07/2021 21:00,296.07214,295.4951202
24/07/2021 22:00,295.59836,298.1638275
24/07/2021 23:00,295.09344,297.4602729
25/07/2021 0:00,294.71768,297.4964958
25/07/2021 1:00,294.10336,294.3175065
25/07/2021 2:00,293.46295,294.0934003
25/07/2021 3:00,292.60608,294.9182624
25/07/2021 4:00,291.96265,292.7453842
25/07/2021 5:00,293.09692,292.0249495
25/07/2021 6:00,295.4809,294.9391565
25/07/2021 7:00,297.7826,298.373735
25/07/2021 8:00,299.73727,297.6181935
25/07/2021 9:00,301.4688,301.4162754
25/07/2021 10:00,303.04074,304.9032711
25/07/2021 11:00,303.93845,299.9523844
25/07/2021 12:00,304.6796,307.3450057
25/07/2021 13:00,305.28485,307.2813942
25/07/2021 14:00,305.7031,304.7992178
25/07/2021 15:00,305.59906,306.4966187
25/07/2021 16:00,304.99945,304.5551872
25/07/2021 17:00,303.6062,304.9670129
25/07/2021 18:00,301.79572,303.1770326
25/07/2021 19:00,299.5583,296.8624045
25/07/2021 20:00,298.78735,299.3344108
25/07/2021 21:00,298.10648,297.1606406
25/07/2021 22:00,297.1937,296.7736778
25/07/2021 23:00,295.9691,293.9818449
26/07/2021 0:00,295.95468,299.2479033
26/07/2021 1:00,296.01727,295.7031097
26/07/2021 2:00,293.915,291.9331062
26/07/2021 3:00,293.4576,290.6075662
26/07/2021 4:00,293.2562,292.0936311
26/07/2021 5:00,294.5842,295.5600622
26/07/2021 6:00,297.812,298.2717654
26/07/2021 7:00,299.23404,301.6244608
26/07/2021 8:00,301.0616,302.6735575
26/07/2021 9:00,303.11603,304.667025
26/07/2021 10:00,304.30984,304.1449883
26/07/2021 11:00,304.40152,300.1198148
26/07/2021 12:00,303.6012,301.7519651
26/07/2021 13:00,303.6865,304.8369593
26/07/2021 14:00,304.5946,303.9362468
26/07/2021 15:00,304.9456,305.1017854
26/07/2021 16:00,304.62805,303.3223217
26/07/2021 17:00,303.4168,300.849724
26/07/2021 18:00,301.66724,300.8717643
26/07/2021 19:00,300.63434,300.2059592
26/07/2021 20:00,299.58606,297.7686143
26/07/2021 21:00,298.5478,297.8057325
26/07/2021 22:00,297.6521,295.8042227
26/07/2021 23:00,296.82297,298.6273597
27/07/2021 0:00,296.15613,295.391491
27/07/2021 1:00,295.49597,297.9769911
27/07/2021 2:00,294.98236,297.8689574
27/07/2021 3:00,294.55307,294.9691834
27/07/2021 4:00,294.42426,293.3941035
27/07/2021 5:00,295.55887,291.8744013
27/07/2021 6:00,299.1156,295.9150542
27/07/2021 7:00,301.0054,297.6986232
27/07/2021 8:00,302.81387,304.3819636
27/07/2021 9:00,304.4882,303.6084886
27/07/2021 10:00,305.69708,305.130818
27/07/2021 11:00,306.56268,301.4626827
27/07/2021 12:00,306.90564,303.3272796
27/07/2021 13:00,306.9013,307.2976166
27/07/2021 14:00,306.62894,306.411244
27/07/2021 15:00,306.57474,305.7901106
27/07/2021 16:00,305.88748,306.6328752
27/07/2021 17:00,304.48618,306.9720411
27/07/2021 18:00,302.66733,303.0985296
27/07/2021 19:00,300.71967,300.4815614
27/07/2021 20:00,300.33286,299.8959595
27/07/2021 21:00,300.40448,304.4979446
27/07/2021 22:00,299.64862,295.2395826
27/07/2021 23:00,299.26852,299.1693909
28/07/2021 0:00,298.4367,297.824306
28/07/2021 1:00,295.9935,298.4506898
28/07/2021 2:00,294.9325,295.7919937
28/07/2021 3:00,293.96518,294.8450371
28/07/2021 4:00,293.21805,295.1414138
28/07/2021 5:00,295.01547,300.8230156
28/07/2021 6:00,298.89108,300.5596042
28/07/2021 7:00,300.3121,298.8326836
28/07/2021 8:00,301.83954,301.4539766
28/07/2021 9:00,303.62427,303.15819
28/07/2021 10:00,305.3113,302.2447334
28/07/2021 11:00,306.5841,305.8569599
28/07/2021 12:00,307.41556,308.3720016
28/07/2021 13:00,307.90442,305.152488
28/07/2021 14:00,308.04428,309.3001767
28/07/2021 15:00,307.8365,308.0925803
28/07/2021 16:00,306.68915,305.1137859
28/07/2021 17:00,305.47025,304.5160849
28/07/2021 18:00,303.89597,305.7113512
28/07/2021 19:00,301.08102,302.5320474
28/07/2021 20:00,299.54623,300.209531
28/07/2021 21:00,298.55014,298.6798621
28/07/2021 22:00,298.39856,298.2896411
28/07/2021 23:00,297.8833,296.6124897
29/07/2021 0:00,297.25192,292.9270696
29/07/2021 1:00,296.76843,299.3158658
29/07/2021 2:00,295.95435,295.1978019
29/07/2021 3:00,295.155,294.9768514
29/07/2021 4:00,294.51025,293.6767537
29/07/2021 5:00,294.74747,292.7035877
29/07/2021 6:00,295.86536,295.144184
29/07/2021 7:00,296.63727,293.8731743
29/07/2021 8:00,298.01746,302.1728685
29/07/2021 9:00,299.43915,297.3367212
29/07/2021 10:00,300.67514,298.8741598
29/07/2021 11:00,301.7629,300.9761399
29/07/2021 12:00,302.60843,304.8291344
29/07/2021 13:00,303.21204,303.1203535
29/07/2021 14:00,303.53662,301.195359
29/07/2021 15:00,303.60822,305.6331506
29/07/2021 16:00,303.33853,304.3541961
29/07/2021 17:00,302.41205,302.893122
29/07/2021 18:00,300.8786,301.6387483
29/07/2021 19:00,299.2006,302.9691924
29/07/2021 20:00,297.87024,301.1819834
29/07/2021 21:00,296.8842,295.1071303
29/07/2021 22:00,296.1019,298.4831959
29/07/2021 23:00,295.6047,295.6557735
30/07/2021 0:00,295.1008,295.3750651
30/07/2021 1:00,294.6491,291.0486493
30/07/2021 2:00,294.33557,293.3839953
30/07/2021 3:00,293.98962,291.9532681
30/07/2021 4:00,293.74368,294.8550044
30/07/2021 5:00,295.3715,296.8273679
30/07/2021 6:00,298.01413,294.5017467
30/07/2021 7:00,299.0788,299.1413681
30/07/2021 8:00,300.45633,302.4405842
30/07/2021 9:00,302.05502,301.6627848
30/07/2021 10:00,303.15884,304.237588
30/07/2021 11:00,303.85782,304.2755187
30/07/2021 12:00,304.28107,304.5509669
30/07/2021 13:00,304.71036,303.9092159
30/07/2021 14:00,304.67825,302.2690091
30/07/2021 15:00,304.9854,302.683204
30/07/2021 16:00,304.57654,305.4567307
30/07/2021 17:00,303.4784,303.4504884
30/07/2021 18:00,302.3508,302.1190408
30/07/2021 19:00,300.18396,299.3618252
30/07/2021 20:00,298.82718,298.5641898
30/07/2021 21:00,297.7508,300.2360484
30/07/2021 22:00,296.8581,296.9771418
30/07/2021 23:00,296.19394,294.2794301
31/07/2021 0:00,295.6124,297.0756819
31/07/2021 1:00,295.2112,295.0997239
31/07/2021 2:00,294.53568,295.2140277
31/07/2021 3:00,294.13348,297.1506915
31/07/2021 4:00,294.03946,294.212605
31/07/2021 5:00,295.69202,296.169901
31/07/2021 6:00,299.32608,297.0789808
31/07/2021 7:00,300.22546,298.0927567
31/07/2021 8:00,301.3758,300.5324087
31/07/2021 9:00,302.4883,298.0837816
31/07/2021 10:00,303.31778,302.19955
31/07/2021 11:00,303.72565,302.8734242
31/07/2021 12:00,304.1389,303.4637252
31/07/2021 13:00,304.58423,305.574417
31/07/2021 14:00,304.57553,304.4628884
31/07/2021 15:00,304.55176,306.5636376
31/07/2021 16:00,304.3537,302.0294786
31/07/2021 17:00,303.54633,303.4366061
31/07/2021 18:00,302.02692,301.7560985
31/07/2021 19:00,300.52158,298.6508133
31/07/2021 20:00,299.65295,301.1626036
31/07/2021 21:00,298.95334,302.8209351
31/07/2021 22:00,298.4113,298.2162442
31/07/2021 23:00,298.00342,298.8352124
01/08/2021 0:00,297.6562,297.6935203
01/08/2021 1:00,297.29968,295.8043672
01/08/2021 2:00,296.90735,293.3818305
01/08/2021 3:00,296.38907,294.8317821
01/08/2021 4:00,295.9435,293.2764739
01/08/2021 5:00,296.48822,299.3222312
01/08/2021 6:00,298.31238,297.8583303
01/08/2021 7:00,299.23495,297.5216132
01/08/2021 8:00,301.34323,301.882688
01/08/2021 9:00,302.87314,299.8637918
01/08/2021 10:00,304.74255,302.3607663
01/08/2021 11:00,306.2909,305.0999583
01/08/2021 12:00,307.372,307.702045
01/08/2021 13:00,308.16644,307.203791
01/08/2021 14:00,307.85086,306.1860471
01/08/2021 15:00,306.82874,305.333659
01/08/2021 16:00,306.2359,304.5034786
01/08/2021 17:00,304.37408,302.7616339
01/08/2021 18:00,302.32083,299.2949992
01/08/2021 19:00,300.12314,298.7880306
01/08/2021 20:00,298.7467,295.5651226
01/08/2021 21:00,297.55377,296.4750715
01/08/2021 22:00,296.70648,294.3074499
01/08/2021 23:00,295.90225,298.6263624
02/08/2021 0:00,294.98404,293.2475875
02/08/2021 1:00,294.01404,290.2041348
02/08/2021 2:00,293.18448,291.9567301
02/08/2021 3:00,292.5446,292.7472118
02/08/2021 4:00,292.18082,294.608921
02/08/2021 5:00,292.21268,290.690922
02/08/2021 6:00,292.76245,289.4523603
02/08/2021 7:00,292.6937,293.9939857
02/08/2021 8:00,293.3195,290.8748373
02/08/2021 9:00,294.1635,293.5718041
02/08/2021 10:00,295.1024,294.8870236
02/08/2021 11:00,295.89032,296.2260406
02/08/2021 12:00,296.9707,298.4638669
02/08/2021 13:00,297.43723,296.4937291
02/08/2021 14:00,297.88348,297.5612506
02/08/2021 15:00,298.3102,298.2513701
02/08/2021 16:00,298.1459,298.4289364
02/08/2021 17:00,297.8151,297.6582632
02/08/2021 18:00,296.64313,296.9128603
02/08/2021 19:00,296.74847,296.5192151
02/08/2021 20:00,296.15234,294.5996256
02/08/2021 21:00,295.34848,293.9761143
02/08/2021 22:00,293.74548,289.6475139
02/08/2021 23:00,293.6825,292.2592242
03/08/2021 0:00,292.78888,292.5938959
03/08/2021 1:00,291.79538,292.6526306
03/08/2021 2:00,291.5565,289.7154774
03/08/2021 3:00,290.72333,289.4413053
03/08/2021 4:00,290.5409,289.5980013
03/08/2021 5:00,292.0719,292.8570747
03/08/2021 6:00,293.94745,295.4245889
03/08/2021 7:00,294.33942,292.9839383
03/08/2021 8:00,295.63623,296.7937331
03/08/2021 9:00,297.05646,296.7247267
03/08/2021 10:00,298.16147,297.3347527
03/08/2021 11:00,298.81583,297.759653
03/08/2021 12:00,299.59183,300.4088352
03/08/2021 13:00,300.1322,300.1158306
03/08/2021 14:00,300.45035,303.9330201
03/08/2021 15:00,300.4974,298.4051513
03/08/2021 16:00,300.34357,300.8030505
03/08/2021 17:00,299.79236,298.2834682
03/08/2021 18:00,298.5176,296.5482156
03/08/2021 19:00,297.17953,295.4883108
03/08/2021 20:00,295.7868,296.3635007
03/08/2021 21:00,295.40784,300.8143581
03/08/2021 22:00,296.5244,293.0741112
03/08/2021 23:00,293.88483,290.9771828
04/08/2021 0:00,293.70856,293.463044
04/08/2021 1:00,293.6883,289.2307839
04/08/2021 2:00,292.67017,291.9724267
04/08/2021 3:00,292.14102,291.3572149
04/08/2021 4:00,291.4327,292.0526157
04/08/2021 5:00,292.4979,293.5316795
04/08/2021 6:00,295.41037,294.1849639
04/08/2021 7:00,296.84656,295.6627601
04/08/2021 8:00,298.63416,296.3832355
04/08/2021 9:00,300.1568,296.890939
04/08/2021 10:00,301.09967,300.2064932
04/08/2021 11:00,301.94043,298.7751857
04/08/2021 12:00,302.78085,301.1763373
04/08/2021 13:00,303.0733,300.3235962
04/08/2021 14:00,303.3737,303.4730677
04/08/2021 15:00,303.4258,305.7848784
04/08/2021 16:00,303.2148,299.9567113
04/08/2021 17:00,301.97842,297.7329922
04/08/2021 18:00,300.37976,299.3973458
04/08/2021 19:00,299.25958,298.3697236
04/08/2021 20:00,298.47418,297.8161003
04/08/2021 21:00,297.87915,295.9762411
04/08/2021 22:00,297.29208,295.9620452
04/08/2021 23:00,296.8766,296.836471
05/08/2021 0:00,296.50922,297.7931648
05/08/2021 1:00,296.06006,291.9810884
05/08/2021 2:00,295.65396,294.3635625
05/08/2021 3:00,295.0861,294.5681106
05/08/2021 4:00,294.29706,291.6563924
05/08/2021 5:00,294.84866,296.3763861
05/08/2021 6:00,295.00684,292.5793275
05/08/2021 7:00,294.77844,293.4565255
05/08/2021 8:00,294.42447,294.9581592
05/08/2021 9:00,294.6478,293.0305495
05/08/2021 10:00,294.6362,290.6709728
05/08/2021 11:00,294.05603,292.4901182
05/08/2021 12:00,293.81207,294.730557
05/08/2021 13:00,294.00644,292.5633911
05/08/2021 14:00,294.73608,291.9178091
05/08/2021 15:00,294.72125,294.7774082
05/08/2021 16:00,294.11972,292.6427746
05/08/2021 17:00,293.5989,292.2573046
05/08/2021 18:00,293.24167,293.0993346
05/08/2021 19:00,291.38638,292.5683416
05/08/2021 20:00,290.73093,294.7720015
05/08/2021 21:00,290.3002,291.5566041
05/08/2021 22:00,289.9296,291.7907459
05/08/2021 23:00,289.64944,288.51326
06/08/2021 0:00,289.41708,287.2504841
06/08/2021 1:00,289.1804,288.7114081
06/08/2021 2:00,288.80722,288.1618466
06/08/2021 3:00,288.37833,285.8343599
06/08/2021 4:00,287.9469,287.5116022
06/08/2021 5:00,288.9795,290.3763887
06/08/2021 6:00,292.01398,292.5520483
06/08/2021 7:00,293.17688,293.6535909
06/08/2021 8:00,295.0441,294.8750124
06/08/2021 9:00,296.74088,295.4463596
06/08/2021 10:00,297.60336,296.7972064
06/08/2021 11:00,298.36777,296.3563013
06/08/2021 12:00,298.93527,302.3385757
06/08/2021 13:00,299.08728,299.4296044
06/08/2021 14:00,299.25742,299.2562158
06/08/2021 15:00,299.3334,297.6826941
06/08/2021 16:00,299.12384,304.2891928
06/08/2021 17:00,298.11584,296.0734427
06/08/2021 18:00,296.9685,295.8932149
06/08/2021 19:00,295.19177,295.8917104
06/08/2021 20:00,293.7983,294.931438
06/08/2021 21:00,292.7762,294.3073594
06/08/2021 22:00,291.9843,294.8979251
06/08/2021 23:00,291.3415,291.9727998
07/08/2021 0:00,290.8192,288.6803853
07/08/2021 1:00,290.47394,289.5640224
07/08/2021 2:00,290.091,290.1121725
07/08/2021 3:00,289.69,292.7806612
07/08/2021 4:00,289.3599,286.1863153
07/08/2021 5:00,290.54922,292.1554433
07/08/2021 6:00,294.20514,294.459788
07/08/2021 7:00,295.62466,297.0610292
07/08/2021 8:00,297.5393,297.1906294
07/08/2021 9:00,299.2943,297.5753021
07/08/2021 10:00,300.7522,301.8009392
07/08/2021 11:00,301.78336,302.6843551
07/08/2021 12:00,302.50323,303.9646611
07/08/2021 13:00,303.00452,302.7425843
07/08/2021 14:00,303.19055,301.9029659
07/08/2021 15:00,303.1562,300.1434031
07/08/2021 16:00,302.63318,303.8650876
07/08/2021 17:00,301.19376,302.0166838
07/08/2021 18:00,299.51257,297.9406758
07/08/2021 19:00,298.64502,297.5036617
07/08/2021 20:00,297.9298,296.8598031
07/08/2021 21:00,297.21536,294.3409426
07/08/2021 22:00,296.4459,294.6246137
07/08/2021 23:00,295.42487,293.0677111
08/08/2021 0:00,294.26016,293.4457098
08/08/2021 1:00,293.28183,292.0212719
08/08/2021 2:00,292.5587,289.7091163
08/08/2021 3:00,292.18408,295.6090977
08/08/2021 4:00,291.90613,293.8119598
08/08/2021 5:00,293.07663,291.2294405
08/08/2021 6:00,296.60803,296.847288
08/08/2021 7:00,298.82056,298.9958505
08/08/2021 8:00,301.2911,302.5360174
08/08/2021 9:00,303.08344,300.2841261
08/08/2021 10:00,304.44794,304.8542895
08/08/2021 11:00,305.47763,302.8941981
08/08/2021 12:00,306.24387,302.3013642
08/08/2021 13:00,306.69086,306.4929224
08/08/2021 14:00,306.88846,307.7949462
08/08/2021 15:00,306.72232,310.0236884
08/08/2021 16:00,305.42987,302.5196577
08/08/2021 17:00,304.0715,304.5392824
08/08/2021 18:00,303.00525,300.9494028
08/08/2021 19:00,299.66748,300.4477417
08/08/2021 20:00,298.66565,295.615101
08/08/2021 21:00,297.9548,295.2920836
08/08/2021 22:00,297.26712,296.6155022
08/08/2021 23:00,296.3543,297.5677412
09/08/2021 0:00,295.38614,294.0912108
09/08/2021 1:00,294.76688,296.1164215
09/08/2021 2:00,294.5468,296.0776179
09/08/2021 3:00,294.27136,294.6799701
09/08/2021 4:00,293.9355,295.9691781
09/08/2021 5:00,294.24243,293.9383523
09/08/2021 6:00,295.19357,292.0352583
09/08/2021 7:00,294.9641,296.9059233
09/08/2021 8:00,296.45782,294.8729877
09/08/2021 9:00,297.96277,299.0602628
09/08/2021 10:00,299.4145,301.6662382
09/08/2021 11:00,300.66388,300.9199212
09/08/2021 12:00,301.63678,298.4104781
09/08/2021 13:00,302.20248,300.0599334
09/08/2021 14:00,302.59302,304.3953214
09/08/2021 15:00,302.65344,301.7261472
09/08/2021 16:00,302.44894,301.921703
09/08/2021 17:00,301.6024,302.4486133
09/08/2021 18:00,300.08154,301.4082431
09/08/2021 19:00,298.0453,297.7828697
09/08/2021 20:00,297.1285,295.9307636
09/08/2021 21:00,296.4676,294.9170635
09/08/2021 22:00,295.41037,296.6930304
09/08/2021 23:00,294.63477,295.2822659
10/08/2021 0:00,294.4433,293.3630525
10/08/2021 1:00,294.91635,296.2655994
10/08/2021 2:00,295.28046,294.5305444
10/08/2021 3:00,295.07233,292.1636496
10/08/2021 4:00,294.76688,291.230987
10/08/2021 5:00,294.82333,291.353375
10/08/2021 6:00,296.55194,295.6720722
10/08/2021 7:00,297.9041,299.9329606
10/08/2021 8:00,299.31134,297.9670761
10/08/2021 9:00,300.66498,301.0792945
10/08/2021 10:00,301.69324,300.4615464
10/08/2021 11:00,302.18222,301.3806315
10/08/2021 12:00,302.79605,299.9359168
10/08/2021 13:00,303.41714,302.7302446
10/08/2021 14:00,303.57022,302.980423
10/08/2021 15:00,303.44897,304.1995811
10/08/2021 16:00,303.11853,303.1654936
10/08/2021 17:00,302.1254,299.658134
10/08/2021 18:00,300.64288,302.3636919
10/08/2021 19:00,299.13507,299.5072279
10/08/2021 20:00,298.0004,298.3951785
10/08/2021 21:00,297.08978,297.2620813
10/08/2021 22:00,296.22836,295.6968805
10/08/2021 23:00,296.20627,296.0826792
11/08/2021 0:00,295.58847,295.7940895
11/08/2021 1:00,296.67715,291.6525601
11/08/2021 2:00,296.19107,293.6155395
11/08/2021 3:00,295.39664,293.6431091
11/08/2021 4:00,293.29922,293.5683228
11/08/2021 5:00,294.0401,296.075277
11/08/2021 6:00,296.9935,295.5000901
11/08/2021 7:00,299.05145,298.4785477
11/08/2021 8:00,300.82712,300.440812
11/08/2021 9:00,302.46127,301.1638885
11/08/2021 10:00,303.30313,302.659104
11/08/2021 11:00,303.9738,305.2797039
11/08/2021 12:00,304.2503,302.546802
11/08/2021 13:00,304.2416,305.3230006
11/08/2021 14:00,303.4736,301.0202635
11/08/2021 15:00,302.22128,301.8661251
11/08/2021 16:00,301.568,301.4226365
11/08/2021 17:00,300.80432,304.0660759
11/08/2021 18:00,299.45718,299.1794059
11/08/2021 19:00,297.78433,294.1395428
11/08/2021 20:00,297.68372,293.2093222
11/08/2021 21:00,296.28445,295.8035025
11/08/2021 22:00,295.62357,296.1452633
11/08/2021 23:00,294.351,294.5258141
12/08/2021 0:00,293.30356,293.4628769
12/08/2021 1:00,293.61194,295.3265908
12/08/2021 2:00,293.57175,292.1580256
12/08/2021 3:00,293.13562,294.0851362
12/08/2021 4:00,293.4078,289.1758736
12/08/2021 5:00,294.3217,291.2207176
12/08/2021 6:00,296.0304,292.7429715
12/08/2021 7:00,297.6193,297.1112096
12/08/2021 8:00,299.25995,299.4036063
12/08/2021 9:00,300.61682,300.7373301
12/08/2021 10:00,301.49597,301.638503
12/08/2021 11:00,302.1652,300.3962228
12/08/2021 12:00,302.49963,302.1700725
12/08/2021 13:00,302.43738,299.9397522
12/08/2021 14:00,302.3889,304.9526614
12/08/2021 15:00,302.39935,301.9243637
12/08/2021 16:00,302.09534,301.1459871
12/08/2021 17:00,301.05658,303.8217391
12/08/2021 18:00,299.4999,297.1689124
12/08/2021 19:00,298.0565,296.5753829
12/08/2021 20:00,296.90118,295.6380689
12/08/2021 21:00,296.0626,296.5943083
12/08/2021 22:00,295.32785,296.7195761
12/08/2021 23:00,294.60434,296.653894
13/08/2021 0:00,293.85913,299.2204417
13/08/2021 1:00,293.2297,290.0992074
13/08/2021 2:00,292.7042,294.4744257
13/08/2021 3:00,292.22208,291.6388732
13/08/2021 4:00,291.8779,290.9603331
13/08/2021 5:00,292.75595,291.7150645
13/08/2021 6:00,296.48172,294.9546838
13/08/2021 7:00,298.56284,301.7847716
13/08/2021 8:00,300.6512,302.4583078
13/08/2021 9:00,302.39285,302.7674029
13/08/2021 10:00,303.58435,306.305153
13/08/2021 11:00,304.34332,302.0803411
13/08/2021 12:00,304.77548,302.6941484
13/08/2021 13:00,304.9959,301.5135373
13/08/2021 14:00,305.06287,304.2134992
13/08/2021 15:00,304.89563,305.5423849
13/08/2021 16:00,304.3086,304.589574
13/08/2021 17:00,303.01358,303.3330819
13/08/2021 18:00,301.48077,299.0073741
13/08/2021 19:00,299.82092,301.3108797
13/08/2021 20:00,298.71594,299.0101188
13/08/2021 21:00,297.39343,298.6791713
13/08/2021 22:00,296.4564,292.9211471
13/08/2021 23:00,295.90732,296.0482563
14/08/2021 0:00,295.60583,292.9068167
14/08/2021 1:00,294.98184,293.9384312
14/08/2021 2:00,294.50916,295.7602977
14/08/2021 3:00,294.34268,294.9386712
14/08/2021 4:00,294.40274,293.0840665
14/08/2021 5:00,295.11795,295.1917649
14/08/2021 6:00,298.09705,295.2512548
14/08/2021 7:00,299.16077,301.2426846
14/08/2021 8:00,301.29837,300.8862009
14/08/2021 9:00,302.88727,304.7631062
14/08/2021 10:00,304.28506,303.3320663
14/08/2021 11:00,305.32742,304.4667526
14/08/2021 12:00,305.9818,304.7443385
14/08/2021 13:00,306.23627,307.8837087
14/08/2021 14:00,306.1682,305.0325997
14/08/2021 15:00,306.08316,307.3223169
14/08/2021 16:00,305.59344,304.902387
14/08/2021 17:00,304.60068,300.3657151
14/08/2021 18:00,302.64948,301.1328925
14/08/2021 19:00,301.0052,298.6211029
14/08/2021 20:00,299.64432,299.8047473
14/08/2021 21:00,298.29428,296.5388263
14/08/2021 22:00,297.46365,299.4478058
14/08/2021 23:00,296.77307,296.7641803
15/08/2021 0:00,296.0275,295.5482271
15/08/2021 1:00,295.29892,296.1889285
15/08/2021 2:00,294.70135,296.1435548
15/08/2021 3:00,294.1979,293.7718847
15/08/2021 4:00,293.74332,291.9169195
15/08/2021 5:00,294.52292,291.0223739
15/08/2021 6:00,298.31854,296.8741817
15/08/2021 7:00,300.45395,298.7578683
15/08/2021 8:00,302.97992,302.556297
15/08/2021 9:00,304.93546,303.9976643
15/08/2021 10:00,306.36655,307.545121
15/08/2021 11:00,307.38324,306.4298347
15/08/2021 12:00,307.992,308.1565019
15/08/2021 13:00,308.37024,310.5752077
15/08/2021 14:00,308.37964,308.9904098
15/08/2021 15:00,308.0568,307.9401334
15/08/2021 16:00,307.25473,305.9887986
15/08/2021 17:00,305.71,304.6960843
15/08/2021 18:00,303.76532,302.3898615
15/08/2021 19:00,302.1044,300.6202128
15/08/2021 20:00,301.05115,301.3576669
15/08/2021 21:00,299.92374,298.2564783
15/08/2021 22:00,299.04422,295.3587328
15/08/2021 23:00,297.97217,299.9214005
16/08/2021 0:00,296.93668,296.3695382
16/08/2021 1:00,295.7973,292.4222355
16/08/2021 2:00,294.6945,293.8860682
16/08/2021 3:00,293.90402,294.3939233
16/08/2021 4:00,293.27206,297.014631
16/08/2021 5:00,294.3112,292.8415704
16/08/2021 6:00,298.1647,299.8395723
16/08/2021 7:00,299.01456,301.6035884
16/08/2021 8:00,300.817,299.8695786
16/08/2021 9:00,302.6632,302.4669133
16/08/2021 10:00,304.42838,302.9593211
16/08/2021 11:00,306.05563,305.8284965
16/08/2021 12:00,307.026,307.1056128
16/08/2021 13:00,307.7032,308.9794387
16/08/2021 14:00,308.245,310.0232457
16/08/2021 15:00,308.2566,306.4396295
16/08/2021 16:00,307.03214,302.923898
16/08/2021 17:00,305.46027,304.4655905
16/08/2021 18:00,303.4993,304.5392291
16/08/2021 19:00,301.35843,301.2593164
16/08/2021 20:00,300.2017,298.480035
16/08/2021 21:00,299.38046,298.013395
16/08/2021 22:00,298.67325,302.1223145
16/08/2021 23:00,297.75644,297.1309181
17/08/2021 0:00,296.69815,295.601401
17/08/2021 1:00,296.56207,293.6924989
17/08/2021 2:00,295.20047,293.4349621
17/08/2021 3:00,294.0314,296.1965634
17/08/2021 4:00,293.59238,292.0457912
17/08/2021 5:00,293.4248,291.865745
17/08/2021 6:00,293.41757,291.2158534
17/08/2021 7:00,294.33652,295.2687155
17/08/2021 8:00,294.73102,296.6871111
17/08/2021 9:00,295.07016,293.9152882
17/08/2021 10:00,294.44113,292.6980419
17/08/2021 11:00,294.31046,292.6200895
17/08/2021 12:00,293.84753,288.2037954
17/08/2021 13:00,293.61807,294.0715128
17/08/2021 14:00,293.90762,294.0686454
17/08/2021 15:00,294.36258,294.9933371
17/08/2021 16:00,294.29926,292.9894546
17/08/2021 17:00,294.2015,293.396189
17/08/2021 18:00,293.76105,292.7387807
17/08/2021 19:00,292.73892,294.3774808
17/08/2021 20:00,292.4349,291.6936713
17/08/2021 21:00,291.90866,295.3339221
17/08/2021 22:00,291.38928,292.0194808
17/08/2021 23:00,290.93613,288.2782633
18/08/2021 0:00,290.44644,289.7216003
18/08/2021 1:00,290.09897,288.3560967
18/08/2021 2:00,289.65634,285.0179011
18/08/2021 3:00,289.60855,291.5198209
18/08/2021 4:00,289.48114,289.889958
18/08/2021 5:00,289.90823,290.066013
18/08/2021 6:00,291.01865,290.6984715
18/08/2021 7:00,291.6372,289.2600488
18/08/2021 8:00,292.66293,291.7752796
18/08/2021 9:00,293.3224,294.9310609
18/08/2021 10:00,294.67456,292.7025844
18/08/2021 11:00,295.70935,291.0007395
18/08/2021 12:00,296.47086,295.8754468
18/08/2021 13:00,297.09448,296.5338803
18/08/2021 14:00,297.25952,297.1264551
18/08/2021 15:00,297.00977,297.9201206
18/08/2021 16:00,296.55484,297.3133003
18/08/2021 17:00,295.8078,295.9483864
18/08/2021 18:00,294.4947,296.4261682
18/08/2021 19:00,293.04877,289.9023286
18/08/2021 20:00,291.61295,292.0784927
18/08/2021 21:00,290.54596,291.2851756
18/08/2021 22:00,290.19742,287.1648269
18/08/2021 23:00,289.9676,286.1194247
19/08/2021 0:00,289.93103,287.0652527
19/08/2021 1:00,290.61655,287.0688039
19/08/2021 2:00,290.34583,289.5166695
19/08/2021 3:00,290.01645,286.9574737
19/08/2021 4:00,289.745,285.9653814
19/08/2021 5:00,289.6632,286.8737501
19/08/2021 6:00,291.2043,293.2828424
19/08/2021 7:00,292.35165,292.600212
19/08/2021 8:00,293.7708,293.7089594
19/08/2021 9:00,295.2247,295.2990002
19/08/2021 10:00,296.47375,299.0074271
19/08/2021 11:00,297.21246,296.0382002
19/08/2021 12:00,297.1426,299.4978672
19/08/2021 13:00,297.29898,297.8826909
19/08/2021 14:00,297.4043,297.3298556
19/08/2021 15:00,297.56644,301.9851784
19/08/2021 16:00,297.28122,295.2512999
19/08/2021 17:00,296.64713,295.6826078
19/08/2021 18:00,295.3749,292.9826946
19/08/2021 19:00,294.0535,295.6674
19/08/2021 20:00,293.13635,295.5379504
19/08/2021 21:00,292.8468,294.6431929
19/08/2021 22:00,293.21597,293.641259
19/08/2021 23:00,293.22104,291.9703937
20/08/2021 0:00,291.6115,290.6697173
20/08/2021 1:00,290.25208,286.8101337
20/08/2021 2:00,289.72943,292.6921355
20/08/2021 3:00,289.72583,289.6035361
20/08/2021 4:00,289.95383,287.8441765
20/08/2021 5:00,290.75986,291.688301
20/08/2021 6:00,292.61334,290.553043
20/08/2021 7:00,294.53378,295.2717541
20/08/2021 8:00,296.39014,296.1939533
20/08/2021 9:00,297.8408,298.9859819
20/08/2021 10:00,298.7134,298.519697
20/08/2021 11:00,299.25488,296.872543
20/08/2021 12:00,299.65192,299.6668981
20/08/2021 13:00,299.9896,301.2115539
20/08/2021 14:00,300.10144,299.2609409
20/08/2021 15:00,300.1521,300.6297293
20/08/2021 16:00,299.5473,296.9526252
20/08/2021 17:00,298.14697,297.6094571
20/08/2021 18:00,296.65472,295.0767339
20/08/2021 19:00,295.89322,296.537991
20/08/2021 20:00,294.85516,293.6738475
20/08/2021 21:00,293.6597,293.8693208
20/08/2021 22:00,293.9916,294.274806
20/08/2021 23:00,294.3065,295.052943
21/08/2021 0:00,293.77118,293.6265352
21/08/2021 1:00,292.57535,290.8285432
21/08/2021 2:00,291.0505,292.0681147
21/08/2021 3:00,290.18982,290.4665645
21/08/2021 4:00,289.4605,290.6643365
21/08/2021 5:00,289.80618,290.7887519
21/08/2021 6:00,293.2938,290.8084321
21/08/2021 7:00,295.6996,291.919274
21/08/2021 8:00,297.87952,296.4608661
21/08/2021 9:00,299.5951,299.7978685
21/08/2021 10:00,300.37036,297.9788457
21/08/2021 11:00,300.52887,300.501896
21/08/2021 12:00,300.8872,304.2225265
21/08/2021 13:00,300.7084,302.5454754
21/08/2021 14:00,300.74243,304.0345362
21/08/2021 15:00,300.62372,301.755952
21/08/2021 16:00,300.21002,302.5386099
21/08/2021 17:00,299.1984,297.8911126
21/08/2021 18:00,297.5773,296.472756
21/08/2021 19:00,296.4535,292.0942261
21/08/2021 20:00,295.17984,297.5037582
21/08/2021 21:00,293.98688,296.9248751
21/08/2021 22:00,292.99628,292.2494604
21/08/2021 23:00,292.23404,292.1992357
22/08/2021 0:00,291.64877,290.5223947
22/08/2021 1:00,291.4573,291.7954101
22/08/2021 2:00,291.30676,292.4442053
22/08/2021 3:00,291.65204,286.7037797
22/08/2021 4:00,291.85617,289.9918334
22/08/2021 5:00,291.92566,289.5364376
22/08/2021 6:00,294.39877,294.321725
22/08/2021 7:00,296.87296,297.6638944
22/08/2021 8:00,299.19406,298.9257707
22/08/2021 9:00,301.03415,300.8182333
22/08/2021 10:00,302.30707,301.9107416
22/08/2021 11:00,302.95746,304.9306513
22/08/2021 12:00,303.37695,304.5974589
22/08/2021 13:00,303.6484,304.5904158
22/08/2021 14:00,303.9032,302.1210607
22/08/2021 15:00,303.64587,303.404721
22/08/2021 16:00,302.90463,304.6712778
22/08/2021 17:00,301.21332,301.4385514
22/08/2021 18:00,299.59943,300.7870884
22/08/2021 19:00,298.44666,301.4881584
22/08/2021 20:00,297.2541,299.1107658
22/08/2021 21:00,296.24536,296.660536
22/08/2021 22:00,295.44006,294.9145942
22/08/2021 23:00,294.62244,290.4558795
23/08/2021 0:00,293.94022,293.9234168
23/08/2021 1:00,293.3336,292.9196778
23/08/2021 2:00,292.605,293.30844
23/08/2021 3:00,291.67667,291.1248182
23/08/2021 4:00,290.91513,292.0712965
23/08/2021 5:00,291.50546,287.6693269
23/08/2021 6:00,294.16605,291.7688171
23/08/2021 7:00,295.70465,294.9465156
23/08/2021 8:00,296.49982,297.140276
23/08/2021 9:00,297.20197,293.6529424
23/08/2021 10:00,297.35834,294.7137947
23/08/2021 11:00,296.9801,296.3176487
23/08/2021 12:00,297.28232,294.3600433
23/08/2021 13:00,297.49695,297.1947949
23/08/2021 14:00,297.3261,295.3141101
23/08/2021 15:00,297.29678,298.1594834
23/08/2021 16:00,296.8661,296.5136104
23/08/2021 17:00,296.07925,296.077692
23/08/2021 18:00,295.10635,293.0908875
23/08/2021 19:00,291.7324,292.4308224
23/08/2021 20:00,291.34296,294.5473854
23/08/2021 21:00,290.84204,288.8739167
23/08/2021 22:00,290.5257,289.6103278
23/08/2021 23:00,290.40735,290.3112533
24/08/2021 0:00,290.21915,290.959771
24/08/2021 1:00,289.94226,288.2215253
24/08/2021 2:00,289.71207,283.7369012
24/08/2021 3:00,289.45074,290.6811814
24/08/2021 4:00,289.0092,289.1644984
24/08/2021 5:00,289.21115,284.9204881
24/08/2021 6:00,290.1627,288.4180854
24/08/2021 7:00,291.47253,294.0456438
24/08/2021 8:00,293.1964,295.5556786
24/08/2021 9:00,294.38828,296.147586
24/08/2021 10:00,295.37997,295.2468504
24/08/2021 11:00,295.98187,296.3151527
24/08/2021 12:00,296.52008,296.4068267
24/08/2021 13:00,296.48785,298.6311056
24/08/2021 14:00,296.4933,295.2071797
24/08/2021 15:00,296.4278,295.1974556
24/08/2021 16:00,296.3554,298.1873374
24/08/2021 17:00,295.71948,295.7006584
24/08/2021 18:00,294.50156,297.2537596
24/08/2021 19:00,293.32492,291.9590658
24/08/2021 20:00,292.6785,292.4346284
24/08/2021 21:00,292.25574,290.402817
24/08/2021 22:00,291.99335,291.6813988
24/08/2021 23:00,291.64844,288.4910592
25/08/2021 0:00,291.25064,289.7474307
25/08/2021 1:00,290.90393,287.6910994
25/08/2021 2:00,290.67627,291.2925637
25/08/2021 3:00,290.4218,291.2109761
25/08/2021 4:00,289.99545,286.6982237
25/08/2021 5:00,289.61472,292.0115472
25/08/2021 6:00,289.40732,294.0708818
25/08/2021 7:00,289.5836,289.6263113
25/08/2021 8:00,289.44205,288.3692822
25/08/2021 9:00,289.69034,294.7552168
25/08/2021 10:00,290.24338,287.6523009
25/08/2021 11:00,291.2358,290.359089
25/08/2021 12:00,291.91226,291.0128895
25/08/2021 13:00,292.21194,293.169837
25/08/2021 14:00,292.18335,291.6606967
25/08/2021 15:00,292.1251,290.2137448
25/08/2021 16:00,291.80695,289.3338077
25/08/2021 17:00,291.3672,290.2617363
25/08/2021 18:00,291.0125,288.7260739
25/08/2021 19:00,289.80872,289.9420699
25/08/2021 20:00,289.65958,288.7176118
25/08/2021 21:00,289.34073,286.8223829
25/08/2021 22:00,289.08954,291.0334238
25/08/2021 23:00,288.92087,287.5785313
26/08/2021 0:00,288.63568,285.6055372
26/08/2021 1:00,288.09314,286.76204
26/08/2021 2:00,287.58643,286.4662595
26/08/2021 3:00,286.85822,282.5254216
26/08/2021 4:00,286.47708,286.0178146
26/08/2021 5:00,287.09598,284.1743953
26/08/2021 6:00,289.08737,291.3305061
26/08/2021 7:00,289.60638,289.7659299
26/08/2021 8:00,291.06534,289.9716775
26/08/2021 9:00,292.42587,290.8748072
26/08/2021 10:00,293.53195,293.4449823
26/08/2021 11:00,294.48746,295.8791436
26/08/2021 12:00,295.04773,295.5649179
26/08/2021 13:00,295.75204,295.8053431
26/08/2021 14:00,296.2193,296.5125073
26/08/2021 15:00,296.20087,295.2952204
26/08/2021 16:00,295.8458,295.2446295
26/08/2021 17:00,294.8588,291.2561584
26/08/2021 18:00,293.3072,295.3559641
26/08/2021 19:00,292.53372,293.4776961
26/08/2021 20:00,291.71176,290.7372159
26/08/2021 21:00,290.80402,294.2968546
26/08/2021 22:00,289.787,289.7702043
26/08/2021 23:00,289.6947,286.8889952
27/08/2021 0:00,289.0074,289.7430289
27/08/2021 1:00,288.50934,288.4774756
27/08/2021 2:00,288.05368,288.3420795
27/08/2021 3:00,287.5419,286.7356138
27/08/2021 4:00,287.5057,288.1417299
27/08/2021 5:00,287.57773,286.887129
27/08/2021 6:00,287.7587,288.6299561
27/08/2021 7:00,287.29034,284.0749036
27/08/2021 8:00,288.04498,287.7717746
27/08/2021 9:00,289.28824,292.6203653
27/08/2021 10:00,289.93573,289.0433353
27/08/2021 11:00,290.35486,289.830387
27/08/2021 12:00,291.0067,290.8035886
27/08/2021 13:00,291.4012,290.1374791
27/08/2021 14:00,291.49823,288.5436516
27/08/2021 15:00,291.51523,292.2514491
27/08/2021 16:00,291.34332,292.7241205
27/08/2021 17:00,290.8174,291.8302635
27/08/2021 18:00,289.97012,290.6579706
27/08/2021 19:00,288.3577,288.9248975
27/08/2021 20:00,287.3345,289.2757836
27/08/2021 21:00,286.3743,286.372708
27/08/2021 22:00,286.33884,285.3151734
27/08/2021 23:00,286.44125,285.9325523
28/08/2021 0:00,286.35004,287.5350405
28/08/2021 1:00,286.19296,288.8116177
28/08/2021 2:00,286.02393,285.1362649
28/08/2021 3:00,286.1506,286.4083075
28/08/2021 4:00,285.66418,285.3583645
28/08/2021 5:00,286.04892,283.643274
28/08/2021 6:00,287.14197,287.7453205
28/08/2021 7:00,287.2983,285.5448289
28/08/2021 8:00,288.85464,286.9174657
28/08/2021 9:00,290.01248,292.0734249
28/08/2021 10:00,290.52206,291.4420223
28/08/2021 11:00,290.26907,292.3439677
28/08/2021 12:00,290.33316,291.6225064
28/08/2021 13:00,290.3328,289.0453899
28/08/2021 14:00,290.2966,289.9457336
28/08/2021 15:00,289.7269,287.1800152
28/08/2021 16:00,289.4341,291.4507759
28/08/2021 17:00,288.96033,286.2472326
28/08/2021 18:00,288.4898,288.2451011
28/08/2021 19:00,286.62402,284.7470479
28/08/2021 20:00,286.35764,287.9143176
28/08/2021 21:00,286.07098,286.0087893
28/08/2021 22:00,285.97437,284.8492066
28/08/2021 23:00,285.71848,286.9543127
29/08/2021 0:00,285.45605,285.2610693
29/08/2021 1:00,285.29138,285.8881439
29/08/2021 2:00,285.06952,282.7152665
29/08/2021 3:00,285.046,281.7350899
29/08/2021 4:00,285.19257,284.7784941
29/08/2021 5:00,285.54547,284.4962477
29/08/2021 6:00,286.3895,287.9882015
29/08/2021 7:00,287.27408,287.4369025
29/08/2021 8:00,288.4196,288.5507787
29/08/2021 9:00,289.1087,285.588556
29/08/2021 10:00,289.5597,292.3004756
29/08/2021 11:00,289.87024,289.1620205
29/08/2021 12:00,289.4634,291.1975969
29/08/2021 13:00,289.58286,288.3438773
29/08/2021 14:00,289.54013,290.1469176
29/08/2021 15:00,289.78482,287.0584505
29/08/2021 16:00,289.433,289.7197804
29/08/2021 17:00,288.96466,287.698586
29/08/2021 18:00,288.117,287.7894131
29/08/2021 19:00,287.1749,288.2410739
29/08/2021 20:00,286.89404,284.6111409
29/08/2021 21:00,286.73984,285.4428272
29/08/2021 22:00,286.56503,287.2051506
29/08/2021 23:00,286.3446,289.8896431
30/08/2021 0:00,285.98773,285.5143639
30/08/2021 1:00,285.80136,286.5450666
30/08/2021 2:00,285.57224,284.8597256
30/08/2021 3:00,285.02933,287.9593859
30/08/2021 4:00,284.6609,281.1054815
30/08/2021 5:00,284.90158,284.4702924
30/08/2021 6:00,286.6812,283.4221593
30/08/2021 7:00,288.57666,283.5839155
30/08/2021 8:00,290.4475,290.5040351
30/08/2021 9:00,292.0918,292.1181086
30/08/2021 10:00,292.98578,292.4358144
30/08/2021 11:00,293.731,293.4076055
30/08/2021 12:00,294.40817,299.8528415
30/08/2021 13:00,294.77554,294.4220391
30/08/2021 14:00,294.92285,295.8579707
30/08/2021 15:00,294.99924,293.7102774
30/08/2021 16:00,294.51785,294.5967378
30/08/2021 17:00,293.91052,292.6633352
30/08/2021 18:00,293.1881,290.6311897
30/08/2021 19:00,289.56223,294.0848049
30/08/2021 20:00,288.45868,292.7172833
30/08/2021 21:00,288.46375,288.2447053
30/08/2021 22:00,287.47095,283.7646238
30/08/2021 23:00,287.14957,286.8920086
31/08/2021 0:00,287.1036,292.2495939
31/08/2021 1:00,286.8202,287.0067455
31/08/2021 2:00,286.69424,289.3892112
31/08/2021 3:00,286.39166,289.6027178
31/08/2021 4:00,286.0652,287.154961
31/08/2021 5:00,285.856,284.7817966
31/08/2021 6:00,288.58426,284.0640406
31/08/2021 7:00,290.4265,291.2926397
31/08/2021 8:00,291.56915,290.1647381
31/08/2021 9:00,292.96082,293.5966071
31/08/2021 10:00,293.75742,291.9201689
31/08/2021 11:00,294.8063,294.7550034
31/08/2021 12:00,295.63733,296.0362313
31/08/2021 13:00,296.03763,296.7901036
31/08/2021 14:00,296.24466,294.6171106
31/08/2021 15:00,296.18204,298.5719369
31/08/2021 16:00,295.6308,294.5884618
31/08/2021 17:00,294.33868,291.3237767
31/08/2021 18:00,292.60284,292.7797534
31/08/2021 19:00,291.52356,292.0385562
31/08/2021 20:00,290.69907,290.9865262
31/08/2021 21:00,290.12213,292.132415
31/08/2021 22:00,289.7287,288.8150033
31/08/2021 23:00,289.47464,288.5746952
01/09/2021 0:00,289.62967,286.5386777
01/09/2021 1:00,289.3613,289.4359125
01/09/2021 2:00,289.19028,287.9858086
01/09/2021 3:00,288.8318,286.6952208
01/09/2021 4:00,288.47562,283.8849224
01/09/2021 5:00,288.56146,290.1253516
01/09/2021 6:00,289.7336,287.1828081
01/09/2021 7:00,291.35205,289.9823115
01/09/2021 8:00,291.88156,292.1852815
01/09/2021 9:00,292.31177,289.9451097
01/09/2021 10:00,292.8324,290.1070801
01/09/2021 11:00,293.0057,289.395823
01/09/2021 12:00,293.14087,294.3015896
01/09/2021 13:00,293.09354,292.2240944
01/09/2021 14:00,292.88568,298.5233044
01/09/2021 15:00,292.713,291.4976498
01/09/2021 16:00,292.49036,291.3049744
01/09/2021 17:00,291.8092,290.9966075
01/09/2021 18:00,290.8561,291.489024
01/09/2021 19:00,289.9474,288.9539891
01/09/2021 20:00,289.27777,289.5283897
01/09/2021 21:00,288.80383,285.8646556
01/09/2021 22:00,288.53613,284.7186347
01/09/2021 23:00,288.36807,283.9045688
02/09/2021 0:00,287.95993,282.6972559
02/09/2021 1:00,287.5692,285.3700275
02/09/2021 2:00,287.0762,285.1236599
02/09/2021 3:00,286.65356,284.1498993
02/09/2021 4:00,286.52005,287.3950953
02/09/2021 5:00,286.697,287.5903936
02/09/2021 6:00,288.33585,287.6684547
02/09/2021 7:00,289.63297,286.76696
02/09/2021 8:00,291.2863,290.5854984
02/09/2021 9:00,292.7472,292.109267
02/09/2021 10:00,293.93646,292.8952654
02/09/2021 11:00,294.61035,293.5021789
02/09/2021 12:00,294.9228,293.5797234
02/09/2021 13:00,294.89877,294.5813486
02/09/2021 14:00,295.031,294.1161145
02/09/2021 15:00,294.7952,295.4311425
02/09/2021 16:00,294.33243,295.1499045
02/09/2021 17:00,293.3961,291.745425
02/09/2021 18:00,292.4726,294.564611
02/09/2021 19:00,291.55237,289.3495594
02/09/2021 20:00,290.51306,287.7477539
02/09/2021 21:00,289.78854,290.2816811
02/09/2021 22:00,290.01678,289.2069006
02/09/2021 23:00,290.23517,290.5767924
03/09/2021 0:00,289.14688,284.9740282
03/09/2021 1:00,287.64648,290.7562793
03/09/2021 2:00,286.92426,288.4705208
03/09/2021 3:00,286.39246,284.2182141
03/09/2021 4:00,286.3546,284.6459506
03/09/2021 5:00,286.64667,290.104132
03/09/2021 6:00,288.63742,286.8840807
03/09/2021 7:00,290.66797,288.9029019
03/09/2021 8:00,292.4282,288.4268875
03/09/2021 9:00,293.85324,293.2623187
03/09/2021 10:00,294.883,294.5512677
03/09/2021 11:00,295.7427,297.0420302
03/09/2021 12:00,295.92722,293.3375858
03/09/2021 13:00,295.96964,292.9747109
03/09/2021 14:00,296.05188,296.3711387
03/09/2021 15:00,295.83743,297.1664059
03/09/2021 16:00,295.43323,292.0429046
03/09/2021 17:00,294.35217,295.7547075
03/09/2021 18:00,293.058,292.5747868
03/09/2021 19:00,291.52704,292.9360545
03/09/2021 20:00,291.24057,289.5877589
03/09/2021 21:00,291.40698,284.6150867
03/09/2021 22:00,290.24832,288.8375579
03/09/2021 23:00,288.77917,290.7394553
04/09/2021 0:00,288.68906,287.0200508
04/09/2021 1:00,289.80927,287.5093322
04/09/2021 2:00,289.6254,287.601703
04/09/2021 3:00,289.34717,282.8219929
04/09/2021 4:00,288.96204,290.9099719
04/09/2021 5:00,288.71997,286.4843782
04/09/2021 6:00,289.63922,290.9331804
04/09/2021 7:00,291.47113,291.6375055
04/09/2021 8:00,293.42175,295.9718338
04/09/2021 9:00,295.06454,295.9554896
04/09/2021 10:00,296.19986,295.8468094
04/09/2021 11:00,296.8823,295.1027907
04/09/2021 12:00,297.08228,298.225385
04/09/2021 13:00,297.22763,293.6426917
04/09/2021 14:00,297.2319,297.9650855
04/09/2021 15:00,297.08752,294.5109956
04/09/2021 16:00,296.36758,298.0646635
04/09/2021 17:00,294.97278,294.7574367
04/09/2021 18:00,293.54608,293.9128497
04/09/2021 19:00,292.14993,291.0697901
04/09/2021 20:00,292.0697,287.8296307
04/09/2021 21:00,292.44595,290.5810057
04/09/2021 22:00,291.9033,292.8078411
04/09/2021 23:00,290.5443,291.2463741
05/09/2021 0:00,289.8849,291.8858571
05/09/2021 1:00,289.23108,289.6588623
05/09/2021 2:00,288.99426,286.9441641
05/09/2021 3:00,288.71274,287.4568262
05/09/2021 4:00,288.18192,289.0414084
05/09/2021 5:00,287.80237,284.8794518
05/09/2021 6:00,289.6698,292.1006093
05/09/2021 7:00,292.2256,292.6736605
05/09/2021 8:00,293.72202,295.9364364
05/09/2021 9:00,294.82346,292.152248
05/09/2021 10:00,295.68253,297.8985232
05/09/2021 11:00,296.71753,300.8372106
05/09/2021 12:00,297.04016,294.5105109
05/09/2021 13:00,297.12537,298.3302082
05/09/2021 14:00,297.12305,296.7545002
05/09/2021 15:00,296.78232,293.6846599
05/09/2021 16:00,295.8815,296.4897391
05/09/2021 17:00,294.61856,296.0212757
05/09/2021 18:00,293.35663,292.1582204
05/09/2021 19:00,292.72583,294.5884218
05/09/2021 20:00,291.6803,288.537435
05/09/2021 21:00,290.8038,288.0370078
05/09/2021 22:00,290.02304,290.4685304
05/09/2021 23:00,289.31824,289.7844389
06/09/2021 0:00,288.64203,287.9412821
06/09/2021 1:00,287.758,289.9004301
06/09/2021 2:00,286.8187,288.7227674
06/09/2021 3:00,285.94714,288.5713969
06/09/2021 4:00,285.29263,285.9567328
06/09/2021 5:00,285.26996,287.01416
06/09/2021 6:00,287.99478,286.9027007
06/09/2021 7:00,289.8063,293.1919782
06/09/2021 8:00,291.45764,289.8327513
06/09/2021 9:00,293.08466,296.7823429
06/09/2021 10:00,294.54163,294.5907261
06/09/2021 11:00,295.79236,293.4542682
06/09/2021 12:00,296.71097,299.2058408
06/09/2021 13:00,297.01352,297.388845
06/09/2021 14:00,296.66687,298.4508053
06/09/2021 15:00,296.40475,298.8007643
06/09/2021 16:00,295.74237,296.2322911
06/09/2021 17:00,294.46268,293.1730125
06/09/2021 18:00,293.1412,294.5381912
06/09/2021 19:00,292.318,291.912811
06/09/2021 20:00,291.3488,292.0778976
06/09/2021 21:00,290.3233,286.0392782
06/09/2021 22:00,289.2107,289.6760525
06/09/2021 23:00,288.18423,286.7268602
07/09/2021 0:00,287.2015,289.9139946
07/09/2021 1:00,286.93542,287.36526
07/09/2021 2:00,286.63516,286.1244475
07/09/2021 3:00,286.12836,286.1258002
07/09/2021 4:00,285.54095,283.0542475
07/09/2021 5:00,285.41235,287.5839806
07/09/2021 6:00,288.07437,291.5026425
07/09/2021 7:00,291.09256,291.9289215
07/09/2021 8:00,293.37143,296.5264663
07/09/2021 9:00,295.27866,294.6289219
07/09/2021 10:00,296.61392,295.4833434
07/09/2021 11:00,297.33945,297.5793214
07/09/2021 12:00,297.76505,298.5792403
07/09/2021 13:00,298.00183,297.2522436
07/09/2021 14:00,297.93442,298.7786385
07/09/2021 15:00,297.58777,297.9146013
07/09/2021 16:00,296.65536,294.4685455
07/09/2021 17:00,294.9501,295.5333176
07/09/2021 18:00,293.43884,294.7050026
07/09/2021 19:00,292.59097,292.648228
07/09/2021 20:00,291.71384,293.5179704
07/09/2021 21:00,291.03534,288.6554083
07/09/2021 22:00,290.32922,290.925492
07/09/2021 23:00,289.67178,287.2799917
08/09/2021 0:00,288.97684,286.5412456
08/09/2021 1:00,288.2296,286.5630478
08/09/2021 2:00,287.43008,285.2832432
08/09/2021 3:00,286.68155,285.3402074
08/09/2021 4:00,286.00897,285.3270032
08/09/2021 5:00,285.6314,286.8848092
08/09/2021 6:00,287.829,287.1280627
08/09/2021 7:00,290.33844,287.5667444
08/09/2021 8:00,292.20157,294.2551904
08/09/2021 9:00,293.9355,292.419345
08/09/2021 10:00,295.4043,295.2421412
08/09/2021 11:00,296.39786,297.1164523
08/09/2021 12:00,297.028,297.2906485
08/09/2021 13:00,297.3161,299.1773387
08/09/2021 14:00,297.26743,298.0483306
08/09/2021 15:00,296.88922,295.2459555
08/09/2021 16:00,295.91275,299.5337479
08/09/2021 17:00,294.26733,294.2879019
08/09/2021 18:00,292.77582,292.1616311
08/09/2021 19:00,292.0049,293.3883676
08/09/2021 20:00,291.17413,291.2182754
08/09/2021 21:00,290.3845,290.6136
08/09/2021 22:00,289.63956,293.4887466
08/09/2021 23:00,288.94986,287.8367895
09/09/2021 0:00,288.34473,287.0760744
09/09/2021 1:00,287.77014,287.1522269
09/09/2021 2:00,287.16696,288.1591708
09/09/2021 3:00,286.50296,282.9507521
09/09/2021 4:00,285.809,281.5851783
09/09/2021 5:00,285.62613,283.9003704
09/09/2021 6:00,287.56854,284.2025867
09/09/2021 7:00,290.53806,289.2989644
09/09/2021 8:00,292.38904,292.868867
09/09/2021 9:00,294.01968,292.1821008
09/09/2021 10:00,295.35068,292.6835828
09/09/2021 11:00,296.31827,296.3632735
09/09/2021 12:00,297.0303,298.4744347
09/09/2021 13:00,297.40588,294.2434621
09/09/2021 14:00,297.46542,298.7305725
09/09/2021 15:00,297.21875,298.3620985
09/09/2021 16:00,296.24625,297.5610011
09/09/2021 17:00,294.5926,296.5044024
09/09/2021 18:00,293.01852,296.7050747
09/09/2021 19:00,292.17923,291.3451966
09/09/2021 20:00,291.20868,291.0674896
09/09/2021 21:00,290.3315,289.1415218
09/09/2021 22:00,289.36853,288.8861689
09/09/2021 23:00,288.17435,290.5282502
10/09/2021 0:00,286.98642,284.3170693
10/09/2021 1:00,286.62726,284.2388168
10/09/2021 2:00,286.5092,287.5097762
10/09/2021 3:00,286.0494,286.3746648
10/09/2021 4:00,285.93692,283.5420913
10/09/2021 5:00,285.80603,285.6017036
10/09/2021 6:00,287.27716,287.6865581
10/09/2021 7:00,290.1947,293.0098174
10/09/2021 8:00,292.16934,292.7145945
10/09/2021 9:00,294.0233,296.260257
10/09/2021 10:00,295.58945,300.6191411
10/09/2021 11:00,296.81686,298.110626
10/09/2021 12:00,297.66406,297.8799575
10/09/2021 13:00,298.11728,299.4663034
10/09/2021 14:00,298.24292,297.6212465
10/09/2021 15:00,298.09293,302.2769127
10/09/2021 16:00,297.43976,297.4364261
10/09/2021 17:00,295.82788,295.1374934
10/09/2021 18:00,293.60364,292.395192
10/09/2021 19:00,293.28394,294.7187658
10/09/2021 20:00,291.924,292.6854377
10/09/2021 21:00,293.0524,289.091996
10/09/2021 22:00,292.47717,290.8958011
10/09/2021 23:00,291.875,287.0697832
11/09/2021 0:00,291.23596,289.5904428
11/09/2021 1:00,290.66074,289.4363925
11/09/2021 2:00,290.08783,291.4220804
11/09/2021 3:00,289.36658,287.7188666
11/09/2021 4:00,288.1145,286.3913241
11/09/2021 5:00,287.82837,286.6278154
11/09/2021 6:00,288.42792,286.8515909
11/09/2021 7:00,292.243,294.5343068
11/09/2021 8:00,294.7294,297.5295947
11/09/2021 9:00,296.55637,297.0568144
11/09/2021 10:00,297.8443,299.9156585
11/09/2021 11:00,298.77307,298.9162161
11/09/2021 12:00,299.3401,299.0391268
11/09/2021 13:00,299.6252,298.9288182
11/09/2021 14:00,299.63773,298.954486
11/09/2021 15:00,299.371,296.4147322
11/09/2021 16:00,298.63528,298.7532022
11/09/2021 17:00,296.78693,296.4775373
11/09/2021 18:00,294.48276,295.9317453
11/09/2021 19:00,292.3657,295.2874342
11/09/2021 20:00,291.5175,294.1631009
11/09/2021 21:00,290.84195,292.1405824
11/09/2021 22:00,290.26147,292.832512
11/09/2021 23:00,289.68494,293.0194711
12/09/2021 0:00,289.384,289.0152233
12/09/2021 1:00,288.73477,290.6973659
12/09/2021 2:00,288.83804,290.4673512
12/09/2021 3:00,289.29028,288.355535
12/09/2021 4:00,288.58316,288.1276051
12/09/2021 5:00,287.76523,289.1641543
12/09/2021 6:00,289.54285,287.4870777
12/09/2021 7:00,292.45383,292.8034146
12/09/2021 8:00,295.0902,293.390176
12/09/2021 9:00,297.19803,298.9793953
12/09/2021 10:00,298.87537,303.0260442
12/09/2021 11:00,299.9311,298.4089867
12/09/2021 12:00,300.30963,301.291149
12/09/2021 13:00,300.44153,299.2425031
12/09/2021 14:00,300.3583,302.2840337
12/09/2021 15:00,300.05508,297.8498663
12/09/2021 16:00,299.07828,299.9389215
12/09/2021 17:00,298.24356,295.4093946
12/09/2021 18:00,297.2783,294.6967024
12/09/2021 19:00,295.77594,293.1814001
12/09/2021 20:00,295.10303,296.0707721
12/09/2021 21:00,294.45743,292.0667299
12/09/2021 22:00,293.57535,293.4450366
12/09/2021 23:00,291.43823,290.936426
13/09/2021 0:00,289.434,290.7959115
13/09/2021 1:00,288.06287,290.8431667
13/09/2021 2:00,287.39883,288.9541012
13/09/2021 3:00,286.90222,290.3779016
13/09/2021 4:00,286.46478,292.3288939
13/09/2021 5:00,286.28918,287.9298818
13/09/2021 6:00,289.1518,292.428463
13/09/2021 7:00,293.33557,295.5285233
13/09/2021 8:00,296.07095,293.9638249
13/09/2021 9:00,298.1745,295.1597381
13/09/2021 10:00,299.53674,299.7965806
13/09/2021 11:00,300.2284,299.0120516
13/09/2021 12:00,300.59116,303.6789207
13/09/2021 13:00,300.66516,300.3605234
13/09/2021 14:00,300.48987,298.8215461
13/09/2021 15:00,300.09094,297.6931919
13/09/2021 16:00,299.05725,300.6295313
13/09/2021 17:00,297.60388,296.7485084
13/09/2021 18:00,295.79468,297.0883561
13/09/2021 19:00,293.996,297.9310199
13/09/2021 20:00,293.132,294.6021714
13/09/2021 21:00,292.63208,294.8722763
13/09/2021 22:00,291.68686,294.2450911
13/09/2021 23:00,290.78506,294.836771
14/09/2021 0:00,290.3039,294.1527012
14/09/2021 1:00,289.62442,291.9379981
14/09/2021 2:00,289.12057,291.7411471
14/09/2021 3:00,288.6973,290.8211923
14/09/2021 4:00,288.53842,288.840468
14/09/2021 5:00,288.92224,291.6658415
14/09/2021 6:00,290.81467,295.0465104
14/09/2021 7:00,294.47714,292.5514285
14/09/2021 8:00,296.82608,295.3692723
14/09/2021 9:00,298.44846,296.9598582
14/09/2021 10:00,299.60153,301.0192704
14/09/2021 11:00,300.34515,301.2988617
14/09/2021 12:00,300.77042,300.7252956
14/09/2021 13:00,301.0651,299.6261162
14/09/2021 14:00,301.04898,301.4125088
14/09/2021 15:00,300.82996,298.1384157
14/09/2021 16:00,299.82684,300.0713522
14/09/2021 17:00,298.28534,299.7194558
14/09/2021 18:00,296.41397,294.2581215
14/09/2021 19:00,294.67548,292.2892101
14/09/2021 20:00,293.51318,296.7292523
14/09/2021 21:00,292.4762,292.1322266
14/09/2021 22:00,291.5826,294.5433474
14/09/2021 23:00,290.86694,291.6964741
15/09/2021 0:00,290.33844,291.1254902
15/09/2021 1:00,289.85892,291.5121825
15/09/2021 2:00,289.731,288.392202
15/09/2021 3:00,289.3988,289.4908824
15/09/2021 4:00,288.81995,288.0958963
15/09/2021 5:00,288.3842,286.0972841
15/09/2021 6:00,290.50253,291.1124607
15/09/2021 7:00,294.5505,294.0314086
15/09/2021 8:00,297.29834,297.1784009
15/09/2021 9:00,299.4029,297.5236843
15/09/2021 10:00,300.8783,303.9616357
15/09/2021 11:00,301.92184,303.6657877
15/09/2021 12:00,302.60364,304.4358767
15/09/2021 13:00,302.93152,302.5516357
15/09/2021 14:00,303.04663,300.1108804
15/09/2021 15:00,302.8026,306.3113284
15/09/2021 16:00,301.58936,301.4922019
15/09/2021 17:00,299.45554,298.1749804
15/09/2021 18:00,297.49435,298.3497228
15/09/2021 19:00,296.2732,298.3725394
15/09/2021 20:00,295.24673,295.3382053
15/09/2021 21:00,294.27487,297.1193709
15/09/2021 22:00,293.41913,296.5108249
15/09/2021 23:00,293.03992,292.6374534
16/09/2021 0:00,293.71118,293.2434426
16/09/2021 1:00,294.21536,296.2284285
16/09/2021 2:00,294.2137,289.7253927
16/09/2021 3:00,293.69473,293.8776561
16/09/2021 4:00,293.37967,291.4915746
16/09/2021 5:00,293.16556,293.064337
16/09/2021 6:00,294.1611,294.1279243
16/09/2021 7:00,296.46823,296.3631962
16/09/2021 8:00,299.06152,297.7993363
16/09/2021 9:00,300.71252,298.16109
16/09/2021 10:00,301.75873,305.2431625
16/09/2021 11:00,302.38098,304.9804851
16/09/2021 12:00,302.3971,299.3400132
16/09/2021 13:00,302.09088,303.9299572
16/09/2021 14:00,301.54068,299.9785688
16/09/2021 15:00,300.72964,299.9695078
16/09/2021 16:00,299.55188,298.5978287
16/09/2021 17:00,298.15805,296.0675062
16/09/2021 18:00,296.67905,297.4482079
16/09/2021 19:00,295.7894,295.1748686
16/09/2021 20:00,294.95206,293.5116012
16/09/2021 21:00,294.31995,291.6725137
16/09/2021 22:00,293.77728,291.9635489
16/09/2021 23:00,293.53455,290.5070503
17/09/2021 0:00,293.2685,293.1352568
17/09/2021 1:00,292.7745,290.6147486
17/09/2021 2:00,292.41174,292.1207601
17/09/2021 3:00,291.94275,295.0982508
17/09/2021 4:00,291.82697,294.8045367
17/09/2021 5:00,291.85626,292.5641685
17/09/2021 6:00,292.70905,292.6510546
17/09/2021 7:00,294.2522,296.5700773
17/09/2021 8:00,294.94186,294.0126021
17/09/2021 9:00,294.37125,291.8915435
17/09/2021 10:00,294.24924,289.4457478
17/09/2021 11:00,294.2022,292.324245
17/09/2021 12:00,294.14005,293.2938297
17/09/2021 13:00,293.87265,290.4445885
17/09/2021 14:00,293.30237,291.7838249
17/09/2021 15:00,292.74524,290.6364274
17/09/2021 16:00,292.06345,290.7264425
17/09/2021 17:00,291.41028,286.0557358
17/09/2021 18:00,290.70908,289.528858
17/09/2021 19:00,289.88162,291.1881605
17/09/2021 20:00,289.77768,288.3538605
17/09/2021 21:00,289.47247,289.1604043
17/09/2021 22:00,288.9752,287.1034075
17/09/2021 23:00,288.6963,288.726784
18/09/2021 0:00,288.26578,287.3043713
18/09/2021 1:00,288.26776,285.7621663
18/09/2021 2:00,288.1033,289.2967789
18/09/2021 3:00,287.65964,287.4946143
18/09/2021 4:00,287.21597,284.4893905
18/09/2021 5:00,286.74042,286.7107742
18/09/2021 6:00,287.6284,287.7879063
18/09/2021 7:00,289.31592,289.4921847
18/09/2021 8:00,291.16986,286.8814958
18/09/2021 9:00,292.55612,293.7248666
18/09/2021 10:00,293.39972,292.0804243
18/09/2021 11:00,294.03348,293.2028954
18/09/2021 12:00,294.64816,299.1850801
18/09/2021 13:00,294.88333,295.2447453
18/09/2021 14:00,294.80734,293.9375376
18/09/2021 15:00,294.5778,290.5166025
18/09/2021 16:00,294.15286,296.3106113
18/09/2021 17:00,293.32867,290.1524528
18/09/2021 18:00,292.1986,289.0068959
18/09/2021 19:00,291.28662,289.5485497
18/09/2021 20:00,288.8213,291.3718309
18/09/2021 21:00,287.69617,289.236901
18/09/2021 22:00,286.98346,287.2722684
18/09/2021 23:00,286.27042,287.6864684
19/09/2021 0:00,285.8797,285.3409654
19/09/2021 1:00,285.54456,286.3165853
19/09/2021 2:00,286.13297,287.5800727
19/09/2021 3:00,286.0856,288.9073666
19/09/2021 4:00,286.32602,288.5983012
19/09/2021 5:00,286.28162,287.5731899
19/09/2021 6:00,287.19986,286.7817631
19/09/2021 7:00,289.30737,290.4719146
19/09/2021 8:00,291.27676,290.874656
19/09/2021 9:00,292.80014,290.643052
19/09/2021 10:00,293.93613,293.0294642
19/09/2021 11:00,294.58633,294.4410554
19/09/2021 12:00,295.45132,296.474303
19/09/2021 13:00,295.79993,294.9123675
19/09/2021 14:00,295.90125,293.1211323
19/09/2021 15:00,295.70883,295.1931165
19/09/2021 16:00,294.96884,294.4742145
19/09/2021 17:00,293.7901,293.5604618
19/09/2021 18:00,292.71628,293.7496519
19/09/2021 19:00,292.46667,294.1949688
19/09/2021 20:00,291.80362,290.5484757
19/09/2021 21:00,290.78705,289.1604054
19/09/2021 22:00,289.40735,287.1246873
19/09/2021 23:00,288.82324,289.3658578
20/09/2021 0:00,288.3888,289.9240757
20/09/2021 1:00,287.74286,285.9310296
20/09/2021 2:00,287.01074,285.4094607
20/09/2021 3:00,286.24377,287.922109
20/09/2021 4:00,285.61462,285.8442652
20/09/2021 5:00,285.32486,285.4915184
20/09/2021 6:00,285.3594,282.4808832
20/09/2021 7:00,284.90424,285.2851423
20/09/2021 8:00,284.7559,282.308083
20/09/2021 9:00,285.01834,281.9889442
20/09/2021 10:00,285.59982,284.0757005
20/09/2021 11:00,286.3806,284.3283779
20/09/2021 12:00,286.37173,285.4912105
20/09/2021 13:00,286.82758,284.0148576
20/09/2021 14:00,287.16827,288.8377589
20/09/2021 15:00,287.1594,289.2929932
20/09/2021 16:00,287.0351,283.7120471
20/09/2021 17:00,286.80225,288.7734626
20/09/2021 18:00,286.7118,285.4486117
20/09/2021 19:00,286.01257,286.7506516
20/09/2021 20:00,285.48242,284.6884775
20/09/2021 21:00,284.93646,284.5884766
20/09/2021 22:00,284.10077,283.4685517
20/09/2021 23:00,283.5683,285.1006893
21/09/2021 0:00,283.24368,280.1448313
21/09/2021 1:00,283.11475,283.5841966
21/09/2021 2:00,283.20355,284.311731
21/09/2021 3:00,282.79605,283.6159036
21/09/2021 4:00,282.41324,286.7203406
21/09/2021 5:00,282.09125,281.6982995
21/09/2021 6:00,283.93796,285.2969661
21/09/2021 7:00,284.75394,284.3315891
21/09/2021 8:00,286.2599,288.2724958
21/09/2021 9:00,287.84778,287.846372
21/09/2021 10:00,289.17746,288.5783705
21/09/2021 11:00,289.55798,292.0866482
21/09/2021 12:00,289.86682,289.0432476
21/09/2021 13:00,289.63232,287.2233418
21/09/2021 14:00,289.65762,288.9862268
21/09/2021 15:00,289.4728,290.7481035
21/09/2021 16:00,289.04852,291.6486688
21/09/2021 17:00,288.06516,287.9156046
21/09/2021 18:00,286.72034,289.0567498
21/09/2021 19:00,285.38702,282.3179095
21/09/2021 20:00,284.63586,282.7057273
21/09/2021 21:00,284.1889,282.8575292
21/09/2021 22:00,283.94058,282.984277
21/09/2021 23:00,284.09055,283.5328475
22/09/2021 0:00,284.01065,284.4568069
22/09/2021 1:00,283.5765,282.1292679
22/09/2021 2:00,283.441,282.8535759
22/09/2021 3:00,283.47717,282.4437369
22/09/2021 4:00,283.60776,281.1191754
22/09/2021 5:00,283.8531,282.9275116
22/09/2021 6:00,284.60986,283.9404343
22/09/2021 7:00,285.74652,285.440742
22/09/2021 8:00,287.58072,287.481973
22/09/2021 9:00,287.78363,288.2024205
22/09/2021 10:00,286.9384,286.8434561
22/09/2021 11:00,286.54834,289.5177087
22/09/2021 12:00,286.68185,285.4330719
22/09/2021 13:00,287.215,286.5182481
22/09/2021 14:00,287.44818,293.0025354
22/09/2021 15:00,287.61655,286.5990653
22/09/2021 16:00,287.53763,285.7852855
22/09/2021 17:00,286.9795,288.8685962
22/09/2021 18:00,286.7348,283.5056523
22/09/2021 19:00,285.6314,285.8379388
22/09/2021 20:00,285.4222,289.9466892
22/09/2021 21:00,285.241,283.3203587
22/09/2021 22:00,284.71085,282.134513
22/09/2021 23:00,284.2731,282.3698334
23/09/2021 0:00,283.82877,286.1313282
23/09/2021 1:00,283.2779,285.8181987
23/09/2021 2:00,282.88815,281.9664549
23/09/2021 3:00,282.45764,283.251522
23/09/2021 4:00,281.91202,284.1496832
23/09/2021 5:00,281.49365,284.2494399
23/09/2021 6:00,282.92465,282.0359949
23/09/2021 7:00,284.61282,280.9120477
23/09/2021 8:00,286.1017,285.1286899
23/09/2021 9:00,287.4475,287.0559026
23/09/2021 10:00,288.8627,288.8257536
23/09/2021 11:00,289.33334,289.1856796
23/09/2021 12:00,289.8612,291.8120879
23/09/2021 13:00,290.25458,292.4288305
23/09/2021 14:00,290.3766,289.9995993
23/09/2021 15:00,290.36343,292.2652707
23/09/2021 16:00,290.07565,290.1647489
23/09/2021 17:00,288.33026,288.2031781
23/09/2021 18:00,286.37305,288.4670559
23/09/2021 19:00,285.14957,286.2080774
23/09/2021 20:00,283.97018,288.8059348
23/09/2021 21:00,283.29367,281.8510202
23/09/2021 22:00,282.94077,282.9447317
23/09/2021 23:00,282.64246,283.204529
24/09/2021 0:00,282.46027,283.9703285
24/09/2021 1:00,282.1386,285.1839299
24/09/2021 2:00,281.7854,282.8366925
24/09/2021 3:00,281.69888,280.6500124
24/09/2021 4:00,281.99554,285.2770622
24/09/2021 5:00,282.36325,285.4106718
24/09/2021 6:00,284.19647,281.9628409
24/09/2021 7:00,287.80862,287.7264677
24/09/2021 8:00,290.4496,287.2193983
24/09/2021 9:00,292.45844,290.7566743
24/09/2021 10:00,294.05783,291.9164942
24/09/2021 11:00,295.32272,296.2340848
24/09/2021 12:00,296.1617,295.8826036
24/09/2021 13:00,296.6225,293.895876
24/09/2021 14:00,296.7001,297.7834171
24/09/2021 15:00,296.27945,293.2347947
24/09/2021 16:00,294.94714,295.079692
24/09/2021 17:00,293.10437,291.3931311
24/09/2021 18:00,291.20276,290.8384432
24/09/2021 19:00,289.67178,291.2702306
24/09/2021 20:00,288.49863,290.6173727
24/09/2021 21:00,288.83047,292.5617501
24/09/2021 22:00,288.6266,289.5454697
24/09/2021 23:00,288.8249,289.7524503
25/09/2021 0:00,288.496,287.9093863
25/09/2021 1:00,287.96353,287.278782
25/09/2021 2:00,286.96472,286.9955077
25/09/2021 3:00,285.94714,285.8517
25/09/2021 4:00,285.25943,282.5186229
25/09/2021 5:00,284.8378,285.8472408
25/09/2021 6:00,286.68155,287.2776966
25/09/2021 7:00,289.93292,288.4298721
25/09/2021 8:00,292.30386,289.665113
25/09/2021 9:00,293.9585,296.1329255
25/09/2021 10:00,295.20203,295.6260958
25/09/2021 11:00,296.22354,295.3681312
25/09/2021 12:00,296.9415,294.4772666
25/09/2021 13:00,297.39404,295.4546987
25/09/2021 14:00,297.5016,299.260248
25/09/2021 15:00,297.25427,296.7863999
25/09/2021 16:00,296.17288,294.394378
25/09/2021 17:00,293.99368,294.4864284
25/09/2021 18:00,291.73062,290.1256132
25/09/2021 19:00,290.7433,292.4515964
25/09/2021 20:00,289.7267,291.3034409
25/09/2021 21:00,289.65237,286.698631
25/09/2021 22:00,288.84396,285.6955103
25/09/2021 23:00,287.928,281.6390636
26/09/2021 0:00,287.23737,283.4601641
26/09/2021 1:00,286.6835,283.5821911
26/09/2021 2:00,286.2497,286.0213029
26/09/2021 3:00,285.73203,285.2683752
26/09/2021 4:00,285.38342,283.4162895
26/09/2021 5:00,285.16733,285.2772138
26/09/2021 6:00,287.30872,288.7967734
26/09/2021 7:00,291.01593,292.2993148
26/09/2021 8:00,293.93613,290.8945053
26/09/2021 9:00,296.068,296.0270323
26/09/2021 10:00,297.6177,295.2823001
26/09/2021 11:00,298.7721,300.3086684
26/09/2021 12:00,299.5759,300.7431799
26/09/2021 13:00,299.96463,298.0052017
26/09/2021 14:00,300.0814,298.1257998
26/09/2021 15:00,299.79822,298.115001
26/09/2021 16:00,298.89114,293.7869317
26/09/2021 17:00,296.65472,296.5319835
26/09/2021 18:00,294.92938,293.6880009
26/09/2021 19:00,292.65085,294.5172308
26/09/2021 20:00,291.38593,289.7557236
26/09/2021 21:00,290.865,290.0620568
26/09/2021 22:00,290.32068,287.8447477
26/09/2021 23:00,290.5611,288.3237042
27/09/2021 0:00,291.4425,287.936132
27/09/2021 1:00,290.83505,291.7153333
27/09/2021 2:00,289.87866,288.9907152
27/09/2021 3:00,290.04538,290.3534118
27/09/2021 4:00,289.6389,289.527945
27/09/2021 5:00,289.45404,287.9353292
27/09/2021 6:00,290.26215,290.3334367
27/09/2021 7:00,292.72516,293.7196284
27/09/2021 8:00,294.76196,292.1017071
27/09/2021 9:00,297.12537,297.3080752
27/09/2021 10:00,298.12057,295.0543954
27/09/2021 11:00,298.63956,296.1374035
27/09/2021 12:00,299.07565,298.4216625
27/09/2021 13:00,298.8724,296.0373408
27/09/2021 14:00,298.58496,296.9962954
27/09/2021 15:00,298.0061,295.1659238
27/09/2021 16:00,296.67148,294.3756282
27/09/2021 17:00,294.80966,288.5228181
27/09/2021 18:00,293.44675,288.4192748
27/09/2021 19:00,291.9069,291.8766014
27/09/2021 20:00,291.11362,291.943297
27/09/2021 21:00,290.56503,287.6409361
27/09/2021 22:00,290.00854,288.0380497
27/09/2021 23:00,289.6172,288.5386267
28/09/2021 0:00,289.22943,288.6837112
28/09/2021 1:00,288.88705,283.3626928
28/09/2021 2:00,288.56967,285.0585786
28/09/2021 3:00,288.41214,286.1698016
28/09/2021 4:00,288.34143,288.1869739
28/09/2021 5:00,288.32892,291.6093641
28/09/2021 6:00,289.20377,287.8192298
28/09/2021 7:00,290.2299,286.955955
28/09/2021 8:00,291.09915,291.3128258
28/09/2021 9:00,291.79047,293.7412175
28/09/2021 10:00,292.39923,292.3646051
28/09/2021 11:00,293.45102,291.5828388
28/09/2021 12:00,294.2328,295.8177392
28/09/2021 13:00,294.49786,295.5750735
28/09/2021 14:00,294.56168,292.8620065
28/09/2021 15:00,294.61166,295.3475005
28/09/2021 16:00,293.87857,295.6102464
28/09/2021 17:00,292.69128,294.8856048
28/09/2021 18:00,291.9184,291.5392231
28/09/2021 19:00,290.7775,289.252209
28/09/2021 20:00,290.22235,291.562961
28/09/2021 21:00,289.6527,286.7515051
28/09/2021 22:00,289.12878,289.2897982
28/09/2021 23:00,288.97916,286.0488227
29/09/2021 0:00,288.58545,290.9804629
29/09/2021 1:00,288.2431,288.7066092
29/09/2021 2:00,288.12173,291.0922352
29/09/2021 3:00,287.61755,289.3525576
29/09/2021 4:00,287.23767,286.0210441
29/09/2021 5:00,287.08145,289.6220942
29/09/2021 6:00,288.3046,290.5561303
29/09/2021 7:00,290.01086,291.4612585
29/09/2021 8:00,291.5244,290.0321515
29/09/2021 9:00,292.88107,292.2098452
29/09/2021 10:00,293.97232,294.1663333
29/09/2021 11:00,294.62286,293.137714
29/09/2021 12:00,295.07867,297.7610552
29/09/2021 13:00,295.18393,295.1320795
29/09/2021 14:00,294.89056,289.5263272
29/09/2021 15:00,294.4357,293.8548866
29/09/2021 16:00,293.6944,291.9407706
29/09/2021 17:00,292.58932,291.4321054
29/09/2021 18:00,291.92566,290.3377306
29/09/2021 19:00,290.70645,291.0949874
29/09/2021 20:00,290.00626,291.1891958
29/09/2021 21:00,289.2452,289.3938694
29/09/2021 22:00,288.5483,287.8726026
29/09/2021 23:00,287.84677,288.1094265
30/09/2021 0:00,287.3837,288.3140593
30/09/2021 1:00,287.04034,286.8185167
30/09/2021 2:00,286.8177,289.2272784
30/09/2021 3:00,286.70883,288.8691751
30/09/2021 4:00,286.79172,290.7460832
30/09/2021 5:00,286.60226,290.1314459
30/09/2021 6:00,286.91833,286.790347
30/09/2021 7:00,286.97128,289.1497596
30/09/2021 8:00,287.2982,286.0341377
30/09/2021 9:00,287.7287,288.9286795
30/09/2021 10:00,288.0221,286.8698398
30/09/2021 11:00,287.97473,286.0012655
30/09/2021 12:00,288.10596,288.7338405
30/09/2021 13:00,288.1941,283.6799833
30/09/2021 14:00,288.225,285.7166684
30/09/2021 15:00,288.15002,288.5662719
30/09/2021 16:00,287.85764,288.5605141
30/09/2021 17:00,287.5054,286.9258792
30/09/2021 18:00,286.8486,284.1094306
30/09/2021 19:00,286.2668,283.961602
30/09/2021 20:00,285.4847,286.8399966
30/09/2021 21:00,285.39294,286.6858326
30/09/2021 22:00,285.4472,284.616564
30/09/2021 23:00,285.60574,286.91462
01/10/2021 0:00,285.55023,286.0226997
01/10/2021 1:00,285.58746,283.7245362
01/10/2021 2:00,285.32538,284.1965089
01/10/2021 3:00,285.40887,281.8340126
01/10/2021 4:00,285.04263,283.1486333
01/10/2021 5:00,284.80383,285.1060286
01/10/2021 6:00,285.48367,285.4713599
01/10/2021 7:00,286.43878,287.6119466
01/10/2021 8:00,287.65744,286.4967787
01/10/2021 9:00,289.1243,291.4378471
01/10/2021 10:00,290.18204,289.965055
01/10/2021 11:00,290.97958,293.3167135
01/10/2021 12:00,291.48532,290.8078543
01/10/2021 13:00,291.84705,292.2391357
01/10/2021 14:00,291.8681,293.5595244
01/10/2021 15:00,291.83765,290.439766
01/10/2021 16:00,291.27136,290.6580905
01/10/2021 17:00,290.46216,291.7861326
01/10/2021 18:00,289.88046,288.6835194
01/10/2021 19:00,288.0985,285.1221562
01/10/2021 20:00,287.30136,290.3935375
01/10/2021 21:00,286.75577,285.2637281
01/10/2021 22:00,286.20865,285.970542
01/10/2021 23:00,285.64838,287.2268718
02/10/2021 0:00,285.13925,283.7507233
02/10/2021 1:00,284.64178,282.7055145
02/10/2021 2:00,284.19543,284.6253837
02/10/2021 3:00,283.74835,280.3872894
02/10/2021 4:00,283.3163,282.5784167
02/10/2021 5:00,282.85345,283.1040136
02/10/2021 6:00,283.38437,282.6162654
02/10/2021 7:00,285.41827,282.3105146
02/10/2021 8:00,287.07162,289.6566659
02/10/2021 9:00,288.6445,288.6643102
02/10/2021 10:00,290.0399,292.364945
02/10/2021 11:00,291.17096,290.5237357
02/10/2021 12:00,291.98505,290.1082087
02/10/2021 13:00,292.41708,292.5620961
02/10/2021 14:00,292.60922,291.8129779
02/10/2021 15:00,292.37122,289.7923434
02/10/2021 16:00,291.40408,293.5496971
02/10/2021 17:00,289.85715,288.3382204
02/10/2021 18:00,288.33014,284.9472272
02/10/2021 19:00,287.67813,289.4538947
02/10/2021 20:00,285.9176,284.935621
02/10/2021 21:00,285.046,283.6031826
02/10/2021 22:00,284.37067,280.587777
02/10/2021 23:00,283.83334,286.1744011
03/10/2021 0:00,283.38138,280.312972
03/10/2021 1:00,282.94443,282.4480778
03/10/2021 2:00,282.4823,283.8091711
03/10/2021 3:00,282.16608,282.7584476
03/10/2021 4:00,281.85663,281.7339836
03/10/2021 5:00,281.59793,278.7458131
03/10/2021 6:00,282.89444,281.7755084
03/10/2021 7:00,285.28815,286.1727056
03/10/2021 8:00,287.81085,287.155766
03/10/2021 9:00,290.68365,291.593263
03/10/2021 10:00,293.04504,294.7345346
03/10/2021 11:00,294.79166,296.8426926
03/10/2021 12:00,295.9701,293.9674516
03/10/2021 13:00,296.6488,300.5451967
03/10/2021 14:00,296.76874,297.9931058
03/10/2021 15:00,296.16223,295.8901574
03/10/2021 16:00,294.24002,296.1231274
03/10/2021 17:00,292.48138,296.5724688
03/10/2021 18:00,291.43304,288.6609918
03/10/2021 19:00,290.77087,290.0032588
03/10/2021 20:00,289.6511,284.8062338
03/10/2021 21:00,288.52115,288.2840065
03/10/2021 22:00,287.35364,287.4056748
03/10/2021 23:00,286.14398,285.6947372
04/10/2021 0:00,285.23627,283.8640529
04/10/2021 1:00,284.45642,280.9365717
04/10/2021 2:00,283.95105,284.9471423
04/10/2021 3:00,283.60208,286.7748362
04/10/2021 4:00,283.34338,282.9667422
04/10/2021 5:00,283.12494,284.3115064
04/10/2021 6:00,284.49475,282.0342638
04/10/2021 7:00,288.43317,290.0887532
04/10/2021 8:00,291.4789,291.7234464
04/10/2021 9:00,294.27386,293.5130081
04/10/2021 10:00,296.3728,295.1843845
04/10/2021 11:00,297.81143,296.8854194
04/10/2021 12:00,298.6368,298.8600191
04/10/2021 13:00,298.99176,296.1118303
04/10/2021 14:00,299.00342,297.6743903
04/10/2021 15:00,298.336,297.6404876
04/10/2021 16:00,296.61496,294.3571554
04/10/2021 17:00,294.49008,297.3233607
04/10/2021 18:00,293.01758,290.9489755
04/10/2021 19:00,291.92264,290.0092895
04/10/2021 20:00,291.03784,288.3878334
04/10/2021 21:00,290.30725,292.4534422
04/10/2021 22:00,289.6417,289.4903068
04/10/2021 23:00,288.8938,286.1346092
05/10/2021 0:00,287.88608,288.864531
05/10/2021 1:00,286.94714,286.4302802
05/10/2021 2:00,286.23834,285.8535248
05/10/2021 3:00,285.5717,284.280653
05/10/2021 4:00,284.9377,283.2558166
05/10/2021 5:00,284.4703,285.2162048
05/10/2021 6:00,285.64877,285.2911102
05/10/2021 7:00,288.7445,292.8887112
05/10/2021 8:00,291.10593,290.0439083
05/10/2021 9:00,293.64554,297.2974183
05/10/2021 10:00,295.70123,295.970259
05/10/2021 11:00,296.9579,297.2058072
05/10/2021 12:00,297.5516,298.346225
05/10/2021 13:00,297.67383,295.8189275
05/10/2021 14:00,297.7682,298.4156009
05/10/2021 15:00,296.82852,291.1022497
05/10/2021 16:00,295.52338,293.4631386
05/10/2021 17:00,294.2182,291.8408685
05/10/2021 18:00,293.4455,290.5139768
05/10/2021 19:00,292.7164,292.4785052
05/10/2021 20:00,291.9967,292.7215062
05/10/2021 21:00,291.2973,292.7635215
05/10/2021 22:00,290.6468,291.3534262
05/10/2021 23:00,290.27417,289.2476541
06/10/2021 0:00,289.94327,290.5857642
06/10/2021 1:00,289.51837,289.5639571
06/10/2021 2:00,288.869,290.4151597
06/10/2021 3:00,288.15002,289.4578926
06/10/2021 4:00,287.6052,287.7300956
06/10/2021 5:00,287.10056,285.6570059
06/10/2021 6:00,286.8776,286.1223835
06/10/2021 7:00,287.60782,286.7363739
06/10/2021 8:00,287.78644,287.9302723
06/10/2021 9:00,288.52643,290.0306295
06/10/2021 10:00,289.6759,292.3186345
06/10/2021 11:00,290.22903,291.7267343
06/10/2021 12:00,290.55392,292.2018415
06/10/2021 13:00,290.89758,292.1604087
06/10/2021 14:00,291.11493,290.6113981
06/10/2021 15:00,290.7735,289.0090087
06/10/2021 16:00,290.07938,286.6037377
06/10/2021 17:00,289.1243,287.5392099
06/10/2021 18:00,287.96014,288.5486932
06/10/2021 19:00,286.39554,284.7957322
06/10/2021 20:00,285.9428,285.2973125
06/10/2021 21:00,285.53482,286.3040555
06/10/2021 22:00,285.06894,286.0808739
06/10/2021 23:00,284.767,282.9093892
07/10/2021 0:00,284.6305,286.3229404
07/10/2021 1:00,284.576,286.3688464
07/10/2021 2:00,284.47748,282.2913165
07/10/2021 3:00,284.447,282.7777096
07/10/2021 4:00,284.54138,286.279836
07/10/2021 5:00,284.67374,283.847435
07/10/2021 6:00,284.7655,280.2135941
07/10/2021 7:00,284.54175,281.7148453
07/10/2021 8:00,284.74142,283.8407289
07/10/2021 9:00,285.06668,282.5007193
07/10/2021 10:00,285.74652,284.1018328
07/10/2021 11:00,286.58804,285.5530733
07/10/2021 12:00,287.50967,288.5578019
07/10/2021 13:00,287.93945,285.6776843
07/10/2021 14:00,287.718,288.0151617
07/10/2021 15:00,287.51306,288.5764493
07/10/2021 16:00,287.4386,288.5257597
07/10/2021 17:00,287.1378,286.2958394
07/10/2021 18:00,286.66513,281.9681318
07/10/2021 19:00,285.35245,285.4895641
07/10/2021 20:00,285.11295,286.4402098
07/10/2021 21:00,284.92795,284.3577059
07/10/2021 22:00,284.84372,287.5163764
07/10/2021 23:00,284.6324,285.7363046
08/10/2021 0:00,284.50455,285.0917552
08/10/2021 1:00,284.41052,285.9646758
08/10/2021 2:00,284.30713,284.5081315
08/10/2021 3:00,284.15295,279.3429314
08/10/2021 4:00,283.90854,282.7430884
08/10/2021 5:00,283.6205,285.2275132
08/10/2021 6:00,283.1817,281.4799754
08/10/2021 7:00,283.2994,283.0279863
08/10/2021 8:00,283.5066,281.8910555
08/10/2021 9:00,283.76755,287.1867626
08/10/2021 10:00,284.1007,287.2489491
08/10/2021 11:00,284.6384,283.1595527
08/10/2021 12:00,285.09036,285.566454
08/10/2021 13:00,285.15317,284.0227431
08/10/2021 14:00,285.0821,286.2986267
08/10/2021 15:00,284.74594,285.8647675
08/10/2021 16:00,284.36542,286.0742574
08/10/2021 17:00,284.03564,284.8542052
08/10/2021 18:00,283.8371,289.293786
08/10/2021 19:00,283.9266,282.3317353
08/10/2021 20:00,283.6769,281.074029
08/10/2021 21:00,283.3761,283.3049849
08/10/2021 22:00,283.1046,281.0536408
08/10/2021 23:00,282.98843,281.0774795
09/10/2021 0:00,282.7444,281.6712165
09/10/2021 1:00,282.4605,281.6296847
09/10/2021 2:00,282.0514,281.2373129
09/10/2021 3:00,281.77353,283.6897986
09/10/2021 4:00,281.5795,281.7380844
09/10/2021 5:00,281.37946,282.0757616
09/10/2021 6:00,281.487,283.9159032
09/10/2021 7:00,281.84497,281.1272375
09/10/2021 8:00,282.2518,282.839971
09/10/2021 9:00,282.70154,284.483784
09/10/2021 10:00,283.1238,280.6584572
09/10/2021 11:00,283.51184,280.1032227
09/10/2021 12:00,283.80814,285.4843883
09/10/2021 13:00,283.6491,286.1114253
09/10/2021 14:00,283.34378,288.5713907
09/10/2021 15:00,282.61166,284.7026184
09/10/2021 16:00,282.277,285.294458
09/10/2021 17:00,282.10706,282.9113961
09/10/2021 18:00,282.0123,283.3704083
09/10/2021 19:00,281.7137,284.8743609
09/10/2021 20:00,281.55356,277.9124727
09/10/2021 21:00,281.3817,282.2156689
09/10/2021 22:00,281.24182,285.1204664
09/10/2021 23:00,281.18393,281.7620107
10/10/2021 0:00,281.10043,284.092547
10/10/2021 1:00,281.07336,279.9640784
10/10/2021 2:00,281.0527,280.9354857
10/10/2021 3:00,281.0617,281.0107663
10/10/2021 4:00,281.02148,276.9694458
10/10/2021 5:00,281.0241,278.8078644
10/10/2021 6:00,281.15347,279.0794167
10/10/2021 7:00,281.0617,282.6682673
10/10/2021 8:00,281.11096,282.9178518
10/10/2021 9:00,281.19293,282.3829047
10/10/2021 10:00,281.12714,283.0758226
10/10/2021 11:00,281.17603,281.2196848
10/10/2021 12:00,281.38208,283.5106887
10/10/2021 13:00,281.5137,281.4313395
10/10/2021 14:00,281.4904,281.2774087
10/10/2021 15:00,281.42984,280.5807231
10/10/2021 16:00,281.34485,282.1710196
10/10/2021 17:00,281.30124,280.1120721
10/10/2021 18:00,281.35312,282.6033457
10/10/2021 19:00,281.2813,279.0074653
10/10/2021 20:00,281.3129,279.0866236
10/10/2021 21:00,281.31665,282.2461825
10/10/2021 22:00,281.3283,280.854634
10/10/2021 23:00,281.3926,280.2416427
11/10/2021 0:00,281.42645,282.7213325
11/10/2021 1:00,281.48773,280.172311
11/10/2021 2:00,281.53775,280.9725828
11/10/2021 3:00,281.5761,283.8440696
11/10/2021 4:00,281.58212,284.0819577
11/10/2021 5:00,281.60806,284.1466068
11/10/2021 6:00,281.6893,280.9224467
11/10/2021 7:00,281.9916,283.9664477
11/10/2021 8:00,282.23715,280.3042087
11/10/2021 9:00,282.5184,280.6206274
11/10/2021 10:00,282.7177,278.2421409
11/10/2021 11:00,283.0644,285.8095411
11/10/2021 12:00,283.2633,281.7700358
11/10/2021 13:00,283.4825,283.6137247
11/10/2021 14:00,283.58517,282.3603743
11/10/2021 15:00,283.27307,284.8827783
11/10/2021 16:00,282.9591,282.5213503
11/10/2021 17:00,282.72598,280.34182
11/10/2021 18:00,282.56653,283.2015211
11/10/2021 19:00,282.46503,279.9941592
11/10/2021 20:00,282.44208,280.9184848
11/10/2021 21:00,282.42892,278.6464718
11/10/2021 22:00,282.38718,279.6176444
11/10/2021 23:00,282.30823,282.0233693
12/10/2021 0:00,282.18524,277.7769885
12/10/2021 1:00,281.93332,278.2411463
12/10/2021 2:00,281.38583,280.4754752
12/10/2021 3:00,280.92636,279.2322678
12/10/2021 4:00,280.85904,283.839165
12/10/2021 5:00,280.74774,283.2983664
12/10/2021 6:00,281.04742,278.9701376
12/10/2021 7:00,282.54434,283.4390193
12/10/2021 8:00,284.121,285.4503965
12/10/2021 9:00,285.6168,284.417475
12/10/2021 10:00,286.37073,283.6208638
12/10/2021 11:00,286.97913,286.9318403
12/10/2021 12:00,287.31827,286.7623189
12/10/2021 13:00,287.3886,286.200718
12/10/2021 14:00,287.12048,287.4663524
12/10/2021 15:00,286.51813,284.9156249
12/10/2021 16:00,285.72885,283.2889744
12/10/2021 17:00,284.73352,284.2445523
12/10/2021 18:00,284.0736,283.7592269
12/10/2021 19:00,283.44003,279.5951552
12/10/2021 20:00,282.7944,282.6031108
12/10/2021 21:00,281.9668,277.294096
12/10/2021 22:00,281.0023,279.3074486
12/10/2021 23:00,280.14838,279.3883348
13/10/2021 0:00,279.5362,278.5245729
13/10/2021 1:00,279.28653,278.5167177
13/10/2021 2:00,279.0128,282.7137972
13/10/2021 3:00,279.07785,277.8576607
13/10/2021 4:00,279.50424,284.0154186
13/10/2021 5:00,279.9205,280.73842
13/10/2021 6:00,280.77405,280.8369979
13/10/2021 7:00,281.83932,281.8993466
13/10/2021 8:00,282.67407,286.0625818
13/10/2021 9:00,282.57068,279.5904724
13/10/2021 10:00,281.83066,279.1041582
13/10/2021 11:00,281.96567,280.8277125
13/10/2021 12:00,282.17584,283.3583841
13/10/2021 13:00,283.18698,281.0190563
13/10/2021 14:00,283.67578,284.2935021
13/10/2021 15:00,283.654,287.1261062
13/10/2021 16:00,282.779,283.2315181
13/10/2021 17:00,281.68402,281.3453833
13/10/2021 18:00,280.8538,279.8166652
13/10/2021 19:00,280.39502,281.9489883
13/10/2021 20:00,280.04535,278.4249268
13/10/2021 21:00,279.6366,282.7324028
13/10/2021 22:00,279.19254,282.4469436
13/10/2021 23:00,278.80975,279.0655327
14/10/2021 0:00,278.45102,278.1895207
14/10/2021 1:00,278.10507,279.6683212
14/10/2021 2:00,277.81253,279.3714873
14/10/2021 3:00,277.56287,275.4553847
14/10/2021 4:00,277.26657,275.3579646
14/10/2021 5:00,277.02893,273.5560633
14/10/2021 6:00,277.4087,276.9996503
14/10/2021 7:00,279.25006,280.3913345
14/10/2021 8:00,280.79062,278.567842
14/10/2021 9:00,282.04727,281.6649219
14/10/2021 10:00,282.74515,281.0702643
14/10/2021 11:00,283.43362,282.5803803
14/10/2021 12:00,283.70663,285.6302553
14/10/2021 13:00,283.87997,283.4130393
14/10/2021 14:00,283.57013,283.8966339
14/10/2021 15:00,283.27948,281.3511417
14/10/2021 16:00,282.58197,283.7565576
14/10/2021 17:00,281.86,282.5194949
14/10/2021 18:00,281.40765,280.2862673
14/10/2021 19:00,279.8122,279.5840596
14/10/2021 20:00,278.63263,278.9275634
14/10/2021 21:00,278.25436,276.393639
14/10/2021 22:00,278.87518,274.932304
14/10/2021 23:00,278.2743,281.4593246
15/10/2021 0:00,276.31073,276.8601909
15/10/2021 1:00,275.485,276.8988708
15/10/2021 2:00,275.65195,278.7953405
15/10/2021 3:00,275.14545,283.267793
15/10/2021 4:00,274.83936,274.3553066
15/10/2021 5:00,275.29922,276.7981033
15/10/2021 6:00,275.76736,274.6577947
15/10/2021 7:00,277.51474,276.3366172
15/10/2021 8:00,278.40515,277.0025637
15/10/2021 9:00,279.4708,277.4891424
15/10/2021 10:00,280.76352,280.7909078
15/10/2021 11:00,282.12283,279.8119277
15/10/2021 12:00,283.17758,285.1455834
15/10/2021 13:00,283.77243,284.2969102
15/10/2021 14:00,283.85553,284.9845921
15/10/2021 15:00,283.61337,282.8875152
15/10/2021 16:00,282.93692,282.113313
15/10/2021 17:00,282.6391,282.3174259
15/10/2021 18:00,282.4387,278.8933101
15/10/2021 19:00,282.56918,280.952567
15/10/2021 20:00,282.4921,280.141426
15/10/2021 21:00,282.46426,280.1130004
15/10/2021 22:00,282.3398,277.3845571
15/10/2021 23:00,282.13977,283.2336547
16/10/2021 0:00,281.93594,279.3122737
16/10/2021 1:00,281.8495,282.1410925
16/10/2021 2:00,281.6968,281.4283864
16/10/2021 3:00,281.47986,276.8409505
16/10/2021 4:00,281.4287,277.3736401
16/10/2021 5:00,281.29935,283.8411228
16/10/2021 6:00,281.3979,282.8282635
16/10/2021 7:00,281.37192,280.7006546
16/10/2021 8:00,282.45636,283.2525873
16/10/2021 9:00,283.41257,283.3097176
16/10/2021 10:00,284.81363,286.6680561
16/10/2021 11:00,286.56024,285.8140721
16/10/2021 12:00,287.3243,284.1384521
16/10/2021 13:00,287.7488,285.7053885
16/10/2021 14:00,287.78717,288.0179696
16/10/2021 15:00,287.31564,285.4415157
16/10/2021 16:00,286.3034,286.5181225
16/10/2021 17:00,284.96817,283.4647267
16/10/2021 18:00,283.12756,282.1955218
16/10/2021 19:00,281.82617,284.5130284
16/10/2021 20:00,281.13916,283.142738
16/10/2021 21:00,280.33337,281.5275257
16/10/2021 22:00,279.69565,282.1100911
16/10/2021 23:00,279.1756,280.6616403
17/10/2021 0:00,278.77704,281.8399898
17/10/2021 1:00,278.4484,278.4710098
17/10/2021 2:00,278.17953,278.6588179
17/10/2021 3:00,277.92987,277.4699511
17/10/2021 4:00,277.59897,278.7642592
17/10/2021 5:00,277.4279,280.8495166
17/10/2021 6:00,278.3273,281.4292076
17/10/2021 7:00,280.44354,281.8359417
17/10/2021 8:00,282.77298,279.4769094
17/10/2021 9:00,284.74405,286.7103828
17/10/2021 10:00,286.3331,283.1839594
17/10/2021 11:00,287.4781,289.1464583
17/10/2021 12:00,288.08875,287.4413325
17/10/2021 13:00,288.3463,289.4969666
17/10/2021 14:00,288.33954,285.7010042
17/10/2021 15:00,287.87253,289.5470525
17/10/2021 16:00,286.76816,283.2749098
17/10/2021 17:00,285.27386,284.0228125
17/10/2021 18:00,283.88074,283.247152
17/10/2021 19:00,283.9999,281.0088244
17/10/2021 20:00,284.2357,283.4635064
17/10/2021 21:00,283.68707,285.5445582
17/10/2021 22:00,282.1014,286.3012268
17/10/2021 23:00,282.00815,281.3187815
18/10/2021 0:00,281.64154,282.8037093
18/10/2021 1:00,281.28506,280.975718
18/10/2021 2:00,280.67667,281.2310377
18/10/2021 3:00,280.29803,279.5364261
18/10/2021 4:00,280.27658,279.8057915
18/10/2021 5:00,280.0833,280.1968247
18/10/2021 6:00,280.104,278.747034
18/10/2021 7:00,280.1288,279.6377476
18/10/2021 8:00,283.65024,283.1213865
18/10/2021 9:00,285.88715,286.9269459
18/10/2021 10:00,287.35965,285.2146629
18/10/2021 11:00,288.03986,287.8453426
18/10/2021 12:00,288.35345,291.6314497
18/10/2021 13:00,288.46814,290.3539068
18/10/2021 14:00,288.37,290.6073928
18/10/2021 15:00,287.7526,287.4417165
18/10/2021 16:00,286.38538,286.5466407
18/10/2021 17:00,285.06555,286.5596992
18/10/2021 18:00,283.89163,286.0640736
18/10/2021 19:00,282.50375,279.1795548
18/10/2021 20:00,281.34372,281.0075317
18/10/2021 21:00,280.30365,285.1080433
18/10/2021 22:00,279.52643,281.6648914
18/10/2021 23:00,279.08273,280.3848756
19/10/2021 0:00,278.56534,278.8641342
19/10/2021 1:00,278.19156,279.6787454
19/10/2021 2:00,278.3826,277.9986945
19/10/2021 3:00,277.8742,284.0250923
19/10/2021 4:00,277.8573,280.225376
19/10/2021 5:00,277.83737,278.7490678
19/10/2021 6:00,277.9137,280.0329061
19/10/2021 7:00,280.1322,281.7237227
19/10/2021 8:00,283.07492,284.9746715
19/10/2021 9:00,285.28177,287.441999
19/10/2021 10:00,286.69034,285.8204691
19/10/2021 11:00,287.6202,287.2653564
19/10/2021 12:00,288.08875,289.6785112
19/10/2021 13:00,288.3136,287.6501544
19/10/2021 14:00,288.25644,288.4793057
19/10/2021 15:00,287.63412,288.4757057
19/10/2021 16:00,285.93378,287.6052535
19/10/2021 17:00,284.7369,281.6926163
19/10/2021 18:00,283.84048,284.9754735
19/10/2021 19:00,283.0174,282.3252198
19/10/2021 20:00,281.88144,283.0171374
19/10/2021 21:00,280.84775,282.2604338
19/10/2021 22:00,280.25552,283.1252292
19/10/2021 23:00,279.96674,282.3286502
20/10/2021 0:00,279.54337,281.8852247
20/10/2021 1:00,279.45422,281.9835648
20/10/2021 2:00,278.99963,280.0843677
20/10/2021 3:00,278.7635,278.9624885
20/10/2021 4:00,278.52774,279.8313203
20/10/2021 5:00,278.34198,279.7276437
20/10/2021 6:00,278.85675,278.3302574
20/10/2021 7:00,281.2843,282.1563616
20/10/2021 8:00,284.4628,284.6182738
20/10/2021 9:00,287.41302,286.1333491
20/10/2021 10:00,289.62704,292.1178378
20/10/2021 11:00,291.14954,291.3582787
20/10/2021 12:00,292.09183,295.7401572
20/10/2021 13:00,292.54532,289.5768212
20/10/2021 14:00,292.34265,291.1763177
20/10/2021 15:00,291.0232,290.9528039
20/10/2021 16:00,288.85883,290.7687914
20/10/2021 17:00,287.2728,288.1148781
20/10/2021 18:00,286.103,287.2409391
20/10/2021 19:00,285.8251,284.7199668
20/10/2021 20:00,285.53897,284.295489
20/10/2021 21:00,285.01215,286.7148758
20/10/2021 22:00,284.72488,283.7648419
20/10/2021 23:00,284.58386,285.256997
21/10/2021 0:00,284.36502,286.9964283
21/10/2021 1:00,284.00705,284.3928144
21/10/2021 2:00,283.70325,289.1040268
21/10/2021 3:00,283.53217,288.581687
21/10/2021 4:00,283.35992,283.6633095
21/10/2021 5:00,283.22757,284.812171
21/10/2021 6:00,283.46823,282.6826754
21/10/2021 7:00,285.84955,286.3676003
21/10/2021 8:00,287.82516,290.1790395
21/10/2021 9:00,289.51797,289.0653365
21/10/2021 10:00,290.951,291.5416351
21/10/2021 11:00,292.0377,288.5850866
21/10/2021 12:00,292.5803,293.1654861
21/10/2021 13:00,292.6363,291.0014411
21/10/2021 14:00,292.1851,291.6626812
21/10/2021 15:00,291.3146,290.7561678
21/10/2021 16:00,290.2486,287.9962314
21/10/2021 17:00,289.28073,287.4240353
21/10/2021 18:00,288.4937,290.6206052
21/10/2021 19:00,288.15793,289.7559711
21/10/2021 20:00,287.6898,290.863017
21/10/2021 21:00,287.5183,289.3785184
21/10/2021 22:00,286.76328,288.1099084
21/10/2021 23:00,286.95956,283.6799812
22/10/2021 0:00,285.63147,286.9804991
22/10/2021 1:00,285.07233,286.0848428
22/10/2021 2:00,285.1242,289.3274253
22/10/2021 3:00,285.16144,286.801988
22/10/2021 4:00,285.14264,288.2239486
22/10/2021 5:00,285.25018,286.4347294
22/10/2021 6:00,285.1776,283.9748068
22/10/2021 7:00,284.86478,285.2326455
22/10/2021 8:00,285.26334,286.034437
22/10/2021 9:00,286.05148,284.9286689
22/10/2021 10:00,286.60873,286.4709124
22/10/2021 11:00,287.1442,287.7969036
22/10/2021 12:00,287.63263,291.2064252
22/10/2021 13:00,287.72137,284.7035056
22/10/2021 14:00,287.57922,290.3002277
22/10/2021 15:00,287.35852,286.1592685
22/10/2021 16:00,286.85315,284.8661294
22/10/2021 17:00,286.74335,288.9101673
22/10/2021 18:00,285.34192,287.9358991
22/10/2021 19:00,285.18475,286.9383707
22/10/2021 20:00,284.5587,285.064496
22/10/2021 21:00,284.01346,287.1944649
22/10/2021 22:00,283.61713,284.4858748
22/10/2021 23:00,283.31555,282.1899027
23/10/2021 0:00,283.13394,282.6593243
23/10/2021 1:00,283.14636,284.7417077
23/10/2021 2:00,283.44907,281.1672088
23/10/2021 3:00,283.39417,281.6950678
23/10/2021 4:00,283.1238,282.264526
23/10/2021 5:00,282.84854,278.9577255
23/10/2021 6:00,282.78464,282.9384492
23/10/2021 7:00,283.29263,279.9336416
23/10/2021 8:00,283.516,283.5774803
23/10/2021 9:00,284.2323,285.6832293
23/10/2021 10:00,284.56244,283.8199243
23/10/2021 11:00,285.23325,288.3110207
23/10/2021 12:00,285.53256,282.9173809
23/10/2021 13:00,286.0289,287.9859877
23/10/2021 14:00,286.0838,287.0866683
23/10/2021 15:00,285.7296,282.418211
23/10/2021 16:00,284.57486,289.4858799
23/10/2021 17:00,283.431,284.6941021
23/10/2021 18:00,282.7602,282.8756659
23/10/2021 19:00,281.81113,280.0123202
23/10/2021 20:00,281.54865,282.535618
23/10/2021 21:00,281.4242,282.4373028
23/10/2021 22:00,280.55182,282.2955958
23/10/2021 23:00,280.05435,281.0018718
24/10/2021 0:00,278.99475,281.3166749
24/10/2021 1:00,278.36115,278.536077
24/10/2021 2:00,277.8099,275.5683387
24/10/2021 3:00,277.50986,278.3558833
24/10/2021 4:00,277.39178,273.7517072
24/10/2021 5:00,277.70276,278.4029429
24/10/2021 6:00,278.2536,275.5689021
24/10/2021 7:00,279.29593,279.5454846
24/10/2021 8:00,281.81,284.2605531
24/10/2021 9:00,283.03918,281.6442211
24/10/2021 10:00,284.11124,286.3856799
24/10/2021 11:00,284.9565,284.5334935
24/10/2021 12:00,285.3987,288.7543508
24/10/2021 13:00,285.52994,285.0428541
24/10/2021 14:00,285.26334,283.884865
24/10/2021 15:00,284.50793,285.7375182
24/10/2021 16:00,283.03656,282.2075532
24/10/2021 17:00,281.82465,280.1945971
24/10/2021 18:00,280.94064,279.9050343
24/10/2021 19:00,280.13184,279.7469234
24/10/2021 20:00,279.51102,281.5833297
24/10/2021 21:00,278.98047,275.1353243
24/10/2021 22:00,278.533,277.9624482
24/10/2021 23:00,277.9968,278.1962739
25/10/2021 0:00,277.3395,276.6434512
25/10/2021 1:00,276.53595,277.9364107
25/10/2021 2:00,275.77377,274.986567
25/10/2021 3:00,275.15784,274.3768912
25/10/2021 4:00,274.71527,275.3990149
25/10/2021 5:00,274.36182,274.128922
25/10/2021 6:00,274.48178,273.3605545
25/10/2021 7:00,277.53165,277.9882557
25/10/2021 8:00,280.01978,278.4657223
25/10/2021 9:00,282.08298,280.5637206
25/10/2021 10:00,283.70212,282.3525406
25/10/2021 11:00,284.89032,286.8487178
25/10/2021 12:00,285.66943,279.474466
25/10/2021 13:00,286.08606,286.2706379
25/10/2021 14:00,286.0729,285.5821925
25/10/2021 15:00,285.2389,281.6633949
25/10/2021 16:00,283.71002,283.772235
25/10/2021 17:00,282.53345,282.7411298
25/10/2021 18:00,281.61295,281.4642696
25/10/2021 19:00,280.82108,274.4024052
25/10/2021 20:00,279.89005,280.6016712
25/10/2021 21:00,279.15155,276.1112673
25/10/2021 22:00,278.33408,277.9290578
25/10/2021 23:00,277.4493,277.600926
26/10/2021 0:00,277.05035,274.1520627
26/10/2021 1:00,276.44833,276.3977164
26/10/2021 2:00,275.87378,274.2732095
26/10/2021 3:00,275.87192,271.5651255
26/10/2021 4:00,277.12708,277.5100019
26/10/2021 5:00,277.28235,273.9528152
26/10/2021 6:00,276.78864,273.4145741
26/10/2021 7:00,276.89618,275.5031881
26/10/2021 8:00,278.6864,278.7754002
26/10/2021 9:00,280.6327,280.112345
26/10/2021 10:00,282.27286,282.9939388
26/10/2021 11:00,283.65662,281.3467364
26/10/2021 12:00,284.4237,282.9585142
26/10/2021 13:00,284.71738,284.1951652
26/10/2021 14:00,284.56772,287.5556999
26/10/2021 15:00,284.12738,283.6093827
26/10/2021 16:00,283.34866,284.9499495
26/10/2021 17:00,282.8399,282.3417854
26/10/2021 18:00,282.3274,280.3506059
26/10/2021 19:00,281.4302,279.4767341
26/10/2021 20:00,281.14368,278.933415
26/10/2021 21:00,281.1264,280.1084012
26/10/2021 22:00,281.06433,281.535515
26/10/2021 23:00,280.65186,279.4870035
27/10/2021 0:00,280.03442,280.5602829
27/10/2021 1:00,279.76257,276.4929682
27/10/2021 2:00,279.3576,277.2516308
27/10/2021 3:00,278.9703,276.728893
27/10/2021 4:00,278.40515,278.9037391
27/10/2021 5:00,277.8795,276.9592189
27/10/2021 6:00,277.72382,278.363347
27/10/2021 7:00,279.66632,276.764832
27/10/2021 8:00,281.33508,281.10986
27/10/2021 9:00,282.94406,284.1767228
27/10/2021 10:00,284.44965,280.9290876
27/10/2021 11:00,285.2938,289.3399356
27/10/2021 12:00,285.8424,285.6308554
27/10/2021 13:00,286.0526,282.6877242
27/10/2021 14:00,285.88904,286.3587367
27/10/2021 15:00,285.17874,285.3483022
27/10/2021 16:00,284.03714,283.6469975
27/10/2021 17:00,282.65115,283.7644042
27/10/2021 18:00,281.15497,281.7959148
27/10/2021 19:00,279.53958,279.5051102
27/10/2021 20:00,279.29742,279.1263263
27/10/2021 21:00,279.10077,277.5004638
27/10/2021 22:00,278.98422,280.5841963
27/10/2021 23:00,279.323,274.6057271
28/10/2021 0:00,278.6755,276.7348217
28/10/2021 1:00,277.71704,276.0863187
28/10/2021 2:00,277.7892,277.5706527
28/10/2021 3:00,277.49707,274.3164594
28/10/2021 4:00,276.89166,272.2936511
28/10/2021 5:00,276.6198,275.4174309
28/10/2021 6:00,276.4269,275.5175541
28/10/2021 7:00,277.96747,279.942589
28/10/2021 8:00,280.4582,278.2487074
28/10/2021 9:00,282.57895,284.5314214
28/10/2021 10:00,284.44476,288.3636905
28/10/2021 11:00,285.53482,284.5530073
28/10/2021 12:00,286.0981,283.5150776
28/10/2021 13:00,286.30264,285.3434205
28/10/2021 14:00,286.09247,285.8758088
28/10/2021 15:00,285.0881,285.7325035
28/10/2021 16:00,283.4844,282.0602944
28/10/2021 17:00,282.18112,284.4411774
28/10/2021 18:00,281.0294,278.4808451
28/10/2021 19:00,279.86786,276.0189609
28/10/2021 20:00,278.72137,279.806661
28/10/2021 21:00,277.90503,273.0391477
28/10/2021 22:00,277.52264,276.4433297
28/10/2021 23:00,277.18384,281.955424
29/10/2021 0:00,276.77625,276.0149227
29/10/2021 1:00,276.9575,273.9579674
29/10/2021 2:00,277.35266,275.6944795
29/10/2021 3:00,276.97815,275.3523286
29/10/2021 4:00,276.75858,275.2822236
29/10/2021 5:00,276.26184,275.7435968
29/10/2021 6:00,275.66473,272.6123077
29/10/2021 7:00,276.78864,279.6754978
29/10/2021 8:00,278.85147,279.6920979
29/10/2021 9:00,280.89777,282.3728594
29/10/2021 10:00,282.462,281.3183348
29/10/2021 11:00,284.02963,285.9912283
29/10/2021 12:00,285.037,284.151832
29/10/2021 13:00,285.75967,285.6709557
29/10/2021 14:00,286.02252,283.5340167
29/10/2021 15:00,285.45624,282.7536964
29/10/2021 16:00,283.8732,284.4063144
29/10/2021 17:00,282.43945,281.0502479
29/10/2021 18:00,281.60733,279.228724
29/10/2021 19:00,277.93964,276.8650296
29/10/2021 20:00,277.1786,278.4906117
29/10/2021 21:00,276.65027,275.6394378
29/10/2021 22:00,276.372,276.6327125
29/10/2021 23:00,276.22275,277.3637143
30/10/2021 0:00,276.46,273.4584257
30/10/2021 1:00,276.2299,273.9201506
30/10/2021 2:00,275.19357,275.9014933
30/10/2021 3:00,274.91608,273.3850429
30/10/2021 4:00,274.99353,276.9639467
30/10/2021 5:00,275.33795,277.0494526
30/10/2021 6:00,275.53387,276.8875444
30/10/2021 7:00,276.57355,279.9916949
30/10/2021 8:00,277.89,277.6346164
30/10/2021 9:00,279.3388,280.4326654
30/10/2021 10:00,281.05118,279.7951183
30/10/2021 11:00,282.8869,286.7268266
30/10/2021 12:00,284.3267,287.1705497
30/10/2021 13:00,285.2765,284.4613878
30/10/2021 14:00,285.64273,285.5188606
30/10/2021 15:00,285.1355,286.4629232
30/10/2021 16:00,283.42648,282.4445274
30/10/2021 17:00,282.27213,280.3675723
30/10/2021 18:00,281.78253,281.8886318
30/10/2021 19:00,282.61053,281.3173297
30/10/2021 20:00,281.86676,278.9379751
30/10/2021 21:00,278.4183,276.3289184
30/10/2021 22:00,277.4828,275.3423319
30/10/2021 23:00,277.65234,277.8907128
31/10/2021 0:00,278.5732,277.4493876
31/10/2021 1:00,278.39914,275.003593
31/10/2021 2:00,276.7364,278.0627824
31/10/2021 3:00,275.97644,274.7569285
31/10/2021 4:00,276.0302,274.3618496
31/10/2021 5:00,276.1336,276.4669962
31/10/2021 6:00,276.14566,276.5652782
31/10/2021 7:00,277.34177,278.6136745
31/10/2021 8:00,278.99512,277.375111
31/10/2021 9:00,280.753,283.1389973
31/10/2021 10:00,283.11328,286.5545776
31/10/2021 11:00,285.25018,285.5299794
31/10/2021 12:00,286.49292,289.055306
31/10/2021 13:00,287.08704,285.7252177
31/10/2021 14:00,287.00507,289.4036382
31/10/2021 15:00,285.8627,288.0528856
31/10/2021 16:00,284.21463,285.8843512
31/10/2021 17:00,283.15952,283.1055555
31/10/2021 18:00,282.1409,276.9070081
31/10/2021 19:00,281.26627,280.0756543
31/10/2021 20:00,280.00284,279.3533591
31/10/2021 21:00,278.97104,278.0900975
31/10/2021 22:00,278.38635,279.5584413
31/10/2021 23:00,277.8964,278.2685799
01/11/2021 0:00,277.48996,277.2023137
01/11/2021 1:00,277.21353,276.5509897
01/11/2021 2:00,276.83182,276.8484645
01/11/2021 3:00,276.61047,279.7509411
01/11/2021 4:00,276.0873,276.3287605
01/11/2021 5:00,275.92477,276.5072838
01/11/2021 6:00,276.3851,276.8045317
01/11/2021 7:00,277.9862,279.5097635
01/11/2021 8:00,280.13525,282.1786428
01/11/2021 9:00,282.60626,278.5923346
01/11/2021 10:00,285.10202,288.1884625
01/11/2021 11:00,286.3734,289.8745333
01/11/2021 12:00,287.5272,285.8547589
01/11/2021 13:00,288.1299,285.9905706
01/11/2021 14:00,288.00238,286.3245802
01/11/2021 15:00,287.04022,284.9111929
01/11/2021 16:00,286.0852,285.9808402
01/11/2021 17:00,285.56482,281.5780176
01/11/2021 18:00,285.1729,282.7177085
01/11/2021 19:00,284.3278,287.308525
01/11/2021 20:00,283.65662,282.2395896
01/11/2021 21:00,283.20526,285.7250852
01/11/2021 22:00,282.6694,283.7856653
01/11/2021 23:00,282.12796,279.5953498
02/11/2021 0:00,282.16882,284.0119293
02/11/2021 1:00,282.4431,282.6332705
02/11/2021 2:00,282.6437,281.728846
02/11/2021 3:00,282.07535,282.5382988
02/11/2021 4:00,281.6958,282.7557444
02/11/2021 5:00,281.5599,283.0113155
02/11/2021 6:00,281.48624,283.9162588
02/11/2021 7:00,282.49884,283.2233112
02/11/2021 8:00,283.64703,281.6069895
02/11/2021 9:00,284.80884,283.9786793
02/11/2021 10:00,286.37155,290.0908808
02/11/2021 11:00,287.2523,285.9227716
02/11/2021 12:00,287.03467,288.139285
02/11/2021 13:00,286.08923,285.8790555
02/11/2021 14:00,284.93515,283.9322487
02/11/2021 15:00,283.85413,283.6176675
02/11/2021 16:00,282.61584,282.0766704
02/11/2021 17:00,281.63977,277.7900268
02/11/2021 18:00,280.7677,280.1747339
02/11/2021 19:00,280.01575,280.9295473
02/11/2021 20:00,279.31335,276.959939
02/11/2021 21:00,279.44397,278.4683366
02/11/2021 22:00,278.45056,278.7776741
02/11/2021 23:00,277.8568,275.8812872
03/11/2021 0:00,277.98404,276.8686774
03/11/2021 1:00,278.5035,276.4656371
03/11/2021 2:00,278.6707,276.813696
03/11/2021 3:00,278.63754,275.9479006
03/11/2021 4:00,278.81247,276.916204
03/11/2021 5:00,278.85703,281.0663338
03/11/2021 6:00,279.08737,277.0898083
03/11/2021 7:00,280.37888,280.3686951
03/11/2021 8:00,282.0676,281.159688
03/11/2021 9:00,283.93958,286.326287
03/11/2021 10:00,285.901,288.8535931
03/11/2021 11:00,287.6018,289.5696242
03/11/2021 12:00,288.65805,289.2856088
03/11/2021 13:00,288.9314,288.2778293
03/11/2021 14:00,288.8481,285.9886224
03/11/2021 15:00,288.15808,290.7558638
03/11/2021 16:00,287.26807,285.2738604
03/11/2021 17:00,286.26135,287.0628323
03/11/2021 18:00,285.90875,287.5387789
03/11/2021 19:00,286.2499,284.8824771
03/11/2021 20:00,286.2948,287.8316122
03/11/2021 21:00,286.1372,287.3187584
03/11/2021 22:00,285.8354,288.6995858
03/11/2021 23:00,285.54068,284.34757
04/11/2021 0:00,285.44687,282.7424614
04/11/2021 1:00,285.46017,284.0258257
04/11/2021 2:00,285.71063,285.293785
04/11/2021 3:00,286.3722,285.3242276
04/11/2021 4:00,287.23404,285.0688277
04/11/2021 5:00,287.73584,282.8685745
04/11/2021 6:00,287.9838,287.1543773
04/11/2021 7:00,288.3324,290.9581915
04/11/2021 8:00,289.54498,289.8741859
04/11/2021 9:00,291.28848,291.2928155
04/11/2021 10:00,292.35742,290.9807904
04/11/2021 11:00,292.0268,291.2614578
04/11/2021 12:00,291.66614,292.7237771
04/11/2021 13:00,291.40457,291.6898583
04/11/2021 14:00,290.95538,290.119998
04/11/2021 15:00,289.61865,287.8302197
04/11/2021 16:00,288.3463,287.1888118
04/11/2021 17:00,287.67145,287.0490999
04/11/2021 18:00,287.4439,285.0723127
04/11/2021 19:00,285.67905,285.3886512
04/11/2021 20:00,284.91782,284.5154515
04/11/2021 21:00,284.3739,284.7490635
04/11/2021 22:00,284.72992,285.0203411
04/11/2021 23:00,283.87735,282.8833632
05/11/2021 0:00,283.89963,280.5564966
05/11/2021 1:00,284.76767,281.4144202
05/11/2021 2:00,283.94235,280.3888811
05/11/2021 3:00,282.3134,277.3716705
05/11/2021 4:00,282.18585,283.2883095
05/11/2021 5:00,282.35086,281.3474808
05/11/2021 6:00,281.91095,281.9115813
05/11/2021 7:00,281.4856,283.9578395
05/11/2021 8:00,282.2911,281.2462465
05/11/2021 9:00,282.98547,284.2265944
05/11/2021 10:00,283.7789,283.7640912
05/11/2021 11:00,284.8887,284.3475458
05/11/2021 12:00,285.22708,283.5146085
05/11/2021 13:00,284.67294,287.3990757
05/11/2021 14:00,283.7201,283.2603074
05/11/2021 15:00,282.73254,284.690049
05/11/2021 16:00,282.2911,279.2536819
05/11/2021 17:00,282.07037,284.3150296
05/11/2021 18:00,281.9379,283.9321548
05/11/2021 19:00,281.69858,281.9118455
05/11/2021 20:00,281.58096,281.2604771
05/11/2021 21:00,281.45587,282.03034
05/11/2021 22:00,281.3748,285.2347834
05/11/2021 23:00,281.47446,278.0402949
06/11/2021 0:00,281.44287,282.5035786
06/11/2021 1:00,281.38684,279.3470593
06/11/2021 2:00,281.36487,280.7188448
06/11/2021 3:00,281.1488,280.1679128
06/11/2021 4:00,280.60953,279.5909351
06/11/2021 5:00,280.3306,280.0704744
06/11/2021 6:00,280.0851,277.3707462
06/11/2021 7:00,280.80392,281.9661353
06/11/2021 8:00,281.44785,277.6397353
06/11/2021 9:00,281.97595,282.784782
06/11/2021 10:00,282.553,282.0598289
06/11/2021 11:00,282.90466,280.9759283
06/11/2021 12:00,283.13406,283.5300105
06/11/2021 13:00,283.3164,280.6946618
06/11/2021 14:00,283.3712,283.589112
06/11/2021 15:00,283.19537,280.8058135
06/11/2021 16:00,282.3976,283.5511579
06/11/2021 17:00,282.69757,280.3390057
06/11/2021 18:00,282.5527,280.5835156
06/11/2021 19:00,280.98718,282.0634202
06/11/2021 20:00,281.19708,279.2177378
06/11/2021 21:00,280.52283,280.0925439
06/11/2021 22:00,280.0306,277.2166509
06/11/2021 23:00,279.68546,280.9289742
07/11/2021 0:00,280.04703,283.291262
07/11/2021 1:00,279.18457,284.8879007
07/11/2021 2:00,278.86075,279.3012535
07/11/2021 3:00,278.5812,280.0534823
07/11/2021 4:00,277.84567,275.5508194
07/11/2021 5:00,278.39734,281.5028334
07/11/2021 6:00,277.55652,280.0273456
07/11/2021 7:00,279.26752,278.8940981
07/11/2021 8:00,280.6451,283.2126959
07/11/2021 9:00,281.89734,281.852685
07/11/2021 10:00,283.1121,282.4489353
07/11/2021 11:00,284.01355,285.2723195
07/11/2021 12:00,284.99335,283.5456158
07/11/2021 13:00,285.38928,287.644284
07/11/2021 14:00,285.4413,283.9046981
07/11/2021 15:00,284.91348,283.2942527
07/11/2021 16:00,283.53,282.2167006
07/11/2021 17:00,282.3431,284.0265526
07/11/2021 18:00,281.50977,280.6843637
07/11/2021 19:00,280.88348,278.6417075
07/11/2021 20:00,280.32193,279.702618
07/11/2021 21:00,280.0498,280.3671948
07/11/2021 22:00,279.82166,278.1991738
07/11/2021 23:00,280.4925,278.417646
08/11/2021 0:00,279.41922,284.096031
08/11/2021 1:00,278.8623,278.9474764
08/11/2021 2:00,279.2211,280.1719998
08/11/2021 3:00,280.00647,280.3264543
08/11/2021 4:00,280.17487,280.4416317
08/11/2021 5:00,280.65533,282.4921105
08/11/2021 6:00,280.78256,283.0523737
08/11/2021 7:00,281.56485,281.0364009
08/11/2021 8:00,281.8927,279.467021
08/11/2021 9:00,282.23166,284.2979614
08/11/2021 10:00,282.31772,282.0577296
08/11/2021 11:00,282.4236,285.4232812
08/11/2021 12:00,282.42422,278.530045
08/11/2021 13:00,282.8768,283.0850407
08/11/2021 14:00,282.75113,286.0946462
08/11/2021 15:00,282.38458,281.7940962
08/11/2021 16:00,281.9899,281.6715292
08/11/2021 17:00,281.76978,282.3213333
08/11/2021 18:00,281.45743,280.4970574
08/11/2021 19:00,280.29468,279.9061223
08/11/2021 20:00,280.1814,279.4891282
08/11/2021 21:00,279.9984,278.0214882
08/11/2021 22:00,279.92847,281.1447504
08/11/2021 23:00,279.81238,279.6728135
09/11/2021 0:00,279.81888,279.2001651
09/11/2021 1:00,279.7362,279.3491535
09/11/2021 2:00,279.61362,277.1800884
09/11/2021 3:00,279.72818,276.5949082
09/11/2021 4:00,279.5613,276.6247719
09/11/2021 5:00,279.50342,277.6143649
09/11/2021 6:00,279.2985,275.3552192
09/11/2021 7:00,279.50528,276.9601167
09/11/2021 8:00,280.20523,278.771153
09/11/2021 9:00,281.03827,284.7896073
09/11/2021 10:00,281.80383,277.3662385
09/11/2021 11:00,282.66785,283.144005
09/11/2021 12:00,283.2514,287.0283065
09/11/2021 13:00,283.5687,284.2948739
09/11/2021 14:00,283.5198,285.343386
09/11/2021 15:00,282.892,283.5695917
09/11/2021 16:00,281.60046,281.1643832
09/11/2021 17:00,280.35876,277.2006992
09/11/2021 18:00,279.22263,280.3040438
09/11/2021 19:00,279.42664,278.0245983
09/11/2021 20:00,279.09137,277.4069847
09/11/2021 21:00,278.6914,277.5037976
09/11/2021 22:00,278.21652,280.882709
09/11/2021 23:00,277.59555,281.4715866
10/11/2021 0:00,276.92654,276.8849641
10/11/2021 1:00,276.33713,275.1531582
10/11/2021 2:00,276.00064,273.5541231
10/11/2021 3:00,275.93808,276.3015988
10/11/2021 4:00,275.9353,278.4992574
10/11/2021 5:00,275.79846,274.5617308
10/11/2021 6:00,275.65918,270.350642
10/11/2021 7:00,276.89188,276.9802882
10/11/2021 8:00,279.12637,280.6604845
10/11/2021 9:00,280.54852,277.482364
10/11/2021 10:00,281.68033,281.6463894
10/11/2021 11:00,282.64462,283.0809262
10/11/2021 12:00,283.3492,282.7209145
10/11/2021 13:00,283.74918,281.7860516
10/11/2021 14:00,283.62537,284.9612486
10/11/2021 15:00,282.92325,281.824341
10/11/2021 16:00,281.8218,278.8450946
10/11/2021 17:00,280.8869,276.9789128
10/11/2021 18:00,280.11978,282.0792079
10/11/2021 19:00,279.6263,280.7357786
10/11/2021 20:00,279.1561,279.507753
10/11/2021 21:00,278.6722,278.1747125
10/11/2021 22:00,278.05307,277.4880278
10/11/2021 23:00,277.59833,275.8523674
11/11/2021 0:00,277.53455,276.5423662
11/11/2021 1:00,277.24356,273.0834952
11/11/2021 2:00,277.09094,275.307527
11/11/2021 3:00,276.76123,275.7719059
11/11/2021 4:00,276.10806,276.6588571
11/11/2021 5:00,275.79846,275.3807905
11/11/2021 6:00,275.50964,277.1583285
11/11/2021 7:00,277.1129,279.3443948
11/11/2021 8:00,278.26978,279.7455319
11/11/2021 9:00,279.28485,279.823055
11/11/2021 10:00,280.38043,280.0201563
11/11/2021 11:00,281.36148,279.2346613
11/11/2021 12:00,282.0902,282.9797507
11/11/2021 13:00,282.4205,285.0655316
11/11/2021 14:00,282.4623,282.8009682
11/11/2021 15:00,281.95398,285.029835
11/11/2021 16:00,280.79712,277.7872102
11/11/2021 17:00,279.6935,277.72092
11/11/2021 18:00,278.63632,280.5574127
11/11/2021 19:00,278.80225,279.6600651
11/11/2021 20:00,278.45398,281.4482334
11/11/2021 21:00,278.32736,279.0412378
11/11/2021 22:00,277.8955,277.3884236
11/11/2021 23:00,277.69522,278.040552
12/11/2021 0:00,277.74197,275.444926
12/11/2021 1:00,278.06454,276.2673516
12/11/2021 2:00,277.98746,279.8262881
12/11/2021 3:00,277.915,279.4012477
12/11/2021 4:00,278.05865,278.9545726
12/11/2021 5:00,277.92337,275.2187374
12/11/2021 6:00,277.92957,277.7825937
12/11/2021 7:00,278.7524,276.7413052
12/11/2021 8:00,279.62292,281.6179765
12/11/2021 9:00,280.37704,279.2416332
12/11/2021 10:00,281.13672,278.9147978
12/11/2021 11:00,281.5503,281.2268882
12/11/2021 12:00,281.81345,280.3315858
12/11/2021 13:00,282.03015,284.2734454
12/11/2021 14:00,281.94284,280.3074707
12/11/2021 15:00,281.6955,278.9193198
12/11/2021 16:00,281.21286,277.2653985
12/11/2021 17:00,280.79092,280.604154
12/11/2021 18:00,280.08078,279.023934
12/11/2021 19:00,279.10687,276.3958243
12/11/2021 20:00,278.79263,280.648537
12/11/2021 21:00,278.5939,279.4610601
12/11/2021 22:00,278.6586,278.2769133
12/11/2021 23:00,278.18805,280.0783291
13/11/2021 0:00,277.93948,278.7884315
13/11/2021 1:00,277.9076,275.9582808
13/11/2021 2:00,277.64972,275.2242642
13/11/2021 3:00,277.6194,278.4384872
13/11/2021 4:00,277.446,277.4395513
13/11/2021 5:00,277.04327,276.9751023
13/11/2021 6:00,277.11755,275.1666864
13/11/2021 7:00,278.07507,279.0153069
13/11/2021 8:00,279.16165,278.1410895
13/11/2021 9:00,280.69775,281.1563737
13/11/2021 10:00,282.30286,285.6202059
13/11/2021 11:00,283.8529,283.1927992
13/11/2021 12:00,284.8302,282.4663441
13/11/2021 13:00,285.31873,283.8592987
13/11/2021 14:00,285.18777,287.4802404
13/11/2021 15:00,284.10117,285.1974778
13/11/2021 16:00,282.8638,283.0252427
13/11/2021 17:00,282.03726,281.3074785
13/11/2021 18:00,281.45,282.3903538
13/11/2021 19:00,280.21976,278.8574589
13/11/2021 20:00,279.71887,280.2941164
13/11/2021 21:00,279.2474,278.1621631
13/11/2021 22:00,278.8629,277.6021846
13/11/2021 23:00,278.89078,278.1721998
14/11/2021 0:00,278.8425,278.4956518
14/11/2021 1:00,278.6976,278.944847
14/11/2021 2:00,278.50476,279.288474
14/11/2021 3:00,278.34872,272.3993216
14/11/2021 4:00,278.0921,277.2531603
14/11/2021 5:00,277.72278,277.7597033
14/11/2021 6:00,277.5912,280.9302151
14/11/2021 7:00,278.42828,276.8511254
14/11/2021 8:00,279.83838,279.688444
14/11/2021 9:00,280.88968,282.6353988
14/11/2021 10:00,282.03137,278.3795009
14/11/2021 11:00,283.16223,282.237306
14/11/2021 12:00,283.80585,281.0626675
14/11/2021 13:00,284.20053,282.3552251
14/11/2021 14:00,284.09653,281.8412783
14/11/2021 15:00,283.40897,281.5004233
14/11/2021 16:00,282.5592,286.7860941
14/11/2021 17:00,281.62616,282.6948592
14/11/2021 18:00,280.72714,282.5924547
14/11/2021 19:00,279.19324,279.9511384
14/11/2021 20:00,278.0698,275.3554642
14/11/2021 21:00,277.31415,278.0805704
14/11/2021 22:00,276.94916,278.6398301
14/11/2021 23:00,276.35632,274.5858959
15/11/2021 0:00,275.89322,277.4489248
15/11/2021 1:00,275.5573,276.5414968
15/11/2021 2:00,275.57715,278.5280711
15/11/2021 3:00,275.59045,274.5299152
15/11/2021 4:00,275.66537,273.6204705
15/11/2021 5:00,275.30225,275.2347301
15/11/2021 6:00,274.29242,277.5784685
15/11/2021 7:00,276.6046,273.8966396
15/11/2021 8:00,278.1023,274.8519531
15/11/2021 9:00,279.30685,280.0163466
15/11/2021 10:00,280.32843,279.962844
15/11/2021 11:00,281.3429,281.538587
15/11/2021 12:00,282.14282,283.7457684
15/11/2021 13:00,282.54092,281.4244894
15/11/2021 14:00,282.4527,278.9575547
15/11/2021 15:00,281.92456,285.5797348
15/11/2021 16:00,281.1234,279.5889598
15/11/2021 17:00,280.57486,279.1362891
15/11/2021 18:00,280.15475,282.676753
15/11/2021 19:00,279.58792,279.1007918
15/11/2021 20:00,279.61487,279.615583
15/11/2021 21:00,279.52634,280.5902325
15/11/2021 22:00,279.1208,281.53806
15/11/2021 23:00,279.10254,278.8374573
16/11/2021 0:00,279.20377,281.8919148
16/11/2021 1:00,279.45047,275.3739953
16/11/2021 2:00,279.47803,280.5398723
16/11/2021 3:00,279.35266,277.5407386
16/11/2021 4:00,279.3697,281.6413816
16/11/2021 5:00,279.5344,279.5144289
16/11/2021 6:00,279.33997,278.082513
16/11/2021 7:00,279.28455,280.4046929
16/11/2021 8:00,279.8198,281.3269293
16/11/2021 9:00,280.64883,281.7332321
16/11/2021 10:00,281.27014,279.2929592
16/11/2021 11:00,282.0685,280.9894996
16/11/2021 12:00,282.51337,282.2718507
16/11/2021 13:00,282.67746,282.2320641
16/11/2021 14:00,282.58426,283.4772782
16/11/2021 15:00,282.06326,278.0944503
16/11/2021 16:00,281.35217,281.8143805
16/11/2021 17:00,281.07388,280.4931531
16/11/2021 18:00,280.60706,279.2146614
16/11/2021 19:00,280.56308,279.222916
16/11/2021 20:00,280.12225,279.8152356
16/11/2021 21:00,279.5409,273.4072039
16/11/2021 22:00,279.15515,278.151941
16/11/2021 23:00,278.64313,277.3647687
17/11/2021 0:00,278.2283,279.4022602
17/11/2021 1:00,277.76703,276.5246601
17/11/2021 2:00,277.27823,277.397343
17/11/2021 3:00,276.70026,280.049091
17/11/2021 4:00,276.06595,278.5762539
17/11/2021 5:00,275.9409,278.1564317
17/11/2021 6:00,275.79724,275.3740464
17/11/2021 7:00,277.52713,278.2351823
17/11/2021 8:00,278.75644,278.2987014
17/11/2021 9:00,279.67987,279.3531946
17/11/2021 10:00,280.7807,281.5795915
17/11/2021 11:00,281.48746,280.3576064
17/11/2021 12:00,282.02332,284.6648505
17/11/2021 13:00,282.24747,281.866529
17/11/2021 14:00,282.04532,283.05566
17/11/2021 15:00,281.70416,284.0299209
17/11/2021 16:00,281.25156,282.8094854
17/11/2021 17:00,280.8126,278.0345086
17/11/2021 18:00,280.50333,280.9250702
17/11/2021 19:00,280.25073,281.2783669
17/11/2021 20:00,280.14423,281.3053569
17/11/2021 21:00,280.04642,277.4532517
17/11/2021 22:00,279.98077,278.0652625
17/11/2021 23:00,279.891,280.9203109
18/11/2021 0:00,279.98883,277.7531753
18/11/2021 1:00,279.9201,278.1053695
18/11/2021 2:00,279.61673,280.9805796
18/11/2021 3:00,279.257,277.5422363
18/11/2021 4:00,278.98953,276.2361259
18/11/2021 5:00,278.49792,275.7028492
18/11/2021 6:00,277.92926,277.9896268
18/11/2021 7:00,278.632,276.5767623
18/11/2021 8:00,280.65472,280.1572787
18/11/2021 9:00,281.7085,282.1556842
18/11/2021 10:00,282.3007,284.3363209
18/11/2021 11:00,282.58643,283.9172978
18/11/2021 12:00,282.77435,281.6642944
18/11/2021 13:00,283.0743,285.1850443
18/11/2021 14:00,282.9313,282.3970608
18/11/2021 15:00,282.132,280.0351271
18/11/2021 16:00,281.0042,280.9539966
18/11/2021 17:00,280.40582,283.2048503
18/11/2021 18:00,279.99875,280.4250011
18/11/2021 19:00,280.01236,279.9058063
18/11/2021 20:00,279.81827,282.3722707
18/11/2021 21:00,279.65356,276.4374951
18/11/2021 22:00,279.2802,276.0365416
18/11/2021 23:00,279.1434,275.3909025
19/11/2021 0:00,279.2725,278.8543205
19/11/2021 1:00,278.96817,277.8058253
19/11/2021 2:00,278.71463,279.9535571
19/11/2021 3:00,278.1314,277.1343183
19/11/2021 4:00,278.19766,276.219201
19/11/2021 5:00,277.5231,276.4300659
19/11/2021 6:00,277.26895,276.5672107
19/11/2021 7:00,278.01068,274.6807237
19/11/2021 8:00,280.50613,284.8529187
19/11/2021 9:00,281.74255,282.3427711
19/11/2021 10:00,282.7462,282.8899447
19/11/2021 11:00,283.00034,283.9612161
19/11/2021 12:00,283.14987,284.4705345
19/11/2021 13:00,283.0796,283.2929176
19/11/2021 14:00,282.7567,282.154877
19/11/2021 15:00,282.52762,283.731505
19/11/2021 16:00,282.3097,282.5567367
19/11/2021 17:00,281.95987,279.9373451
19/11/2021 18:00,281.53326,283.3577482
19/11/2021 19:00,281.0429,280.9462999
19/11/2021 20:00,280.42966,281.4125294
19/11/2021 21:00,279.92102,281.8984896
19/11/2021 22:00,279.4963,278.5234727
19/11/2021 23:00,279.22202,278.5963098
20/11/2021 0:00,278.5877,279.8144783
20/11/2021 1:00,278.1252,278.1564216
20/11/2021 2:00,277.86826,279.4975417
20/11/2021 3:00,277.66644,279.5518887
20/11/2021 4:00,277.61874,277.5661961
20/11/2021 5:00,277.2027,282.5222053
20/11/2021 6:00,276.65103,275.5116941
20/11/2021 7:00,277.66458,277.4571856
20/11/2021 8:00,281.18686,282.6964522
20/11/2021 9:00,283.46005,284.6072476
20/11/2021 10:00,284.62433,282.6998824
20/11/2021 11:00,285.24533,286.360108
20/11/2021 12:00,285.74747,288.3951645
20/11/2021 13:00,285.74902,285.7061831
20/11/2021 14:00,285.3534,289.7890106
20/11/2021 15:00,284.3473,280.9129303
20/11/2021 16:00,282.73938,282.9566966
20/11/2021 17:00,281.41718,283.0247878
20/11/2021 18:00,280.42007,282.8152854
20/11/2021 19:00,279.05267,280.6430086
20/11/2021 20:00,278.04657,279.6442264
20/11/2021 21:00,277.6324,280.3195177
20/11/2021 22:00,277.95123,280.5032642
20/11/2021 23:00,278.95825,278.7891203
21/11/2021 0:00,278.24472,277.0865028
21/11/2021 1:00,276.58508,272.6130758
21/11/2021 2:00,275.6406,273.8282465
21/11/2021 3:00,275.3304,272.3832717
21/11/2021 4:00,275.11588,273.5761498
21/11/2021 5:00,274.8001,276.4119671
21/11/2021 6:00,274.61438,275.1464115
21/11/2021 7:00,275.7443,280.595555
21/11/2021 8:00,278.32645,277.6841163
21/11/2021 9:00,280.43616,279.1353531
21/11/2021 10:00,282.42764,280.6668047
21/11/2021 11:00,284.06342,280.9031096
21/11/2021 12:00,285.10944,283.02724
21/11/2021 13:00,285.5645,285.8752637
21/11/2021 14:00,285.24255,283.9428379
21/11/2021 15:00,284.09467,281.529479
21/11/2021 16:00,282.13477,279.5816748
21/11/2021 17:00,280.1752,280.2563116
21/11/2021 18:00,278.92886,280.3533676
21/11/2021 19:00,278.2289,282.1253561
21/11/2021 20:00,277.2931,277.0091327
21/11/2021 21:00,276.53494,278.0818484
21/11/2021 22:00,276.07028,277.9200903
21/11/2021 23:00,275.75327,274.4292523
22/11/2021 0:00,275.557,276.123063
22/11/2021 1:00,275.53442,276.0733478
22/11/2021 2:00,275.19635,275.5124526
22/11/2021 3:00,275.44,276.8369739
22/11/2021 4:00,275.56537,276.4851467
22/11/2021 5:00,275.7149,275.8424272
22/11/2021 6:00,276.27768,277.7102337
22/11/2021 7:00,277.3321,280.1578276
22/11/2021 8:00,278.10385,280.4044303
22/11/2021 9:00,278.80966,274.6973401
22/11/2021 10:00,279.59195,279.9076631
22/11/2021 11:00,279.9006,278.9173487
22/11/2021 12:00,280.2919,279.9708707
22/11/2021 13:00,280.40738,279.0165476
22/11/2021 14:00,280.2241,279.7673198
22/11/2021 15:00,279.99316,279.5374281
22/11/2021 16:00,279.6907,277.8176106
22/11/2021 17:00,279.46008,277.1462876
22/11/2021 18:00,279.1725,277.8646952
22/11/2021 19:00,278.74405,278.9964402
22/11/2021 20:00,278.7589,279.7005485
22/11/2021 21:00,278.82236,280.2300944
22/11/2021 22:00,278.92175,277.9257127
22/11/2021 23:00,278.9592,279.3338441
23/11/2021 0:00,278.94278,280.5731921
23/11/2021 1:00,278.94836,280.9989309
23/11/2021 2:00,278.90906,278.7636717
23/11/2021 3:00,278.78305,278.2741462
23/11/2021 4:00,278.59854,278.5138455
23/11/2021 5:00,278.26328,275.6235192
23/11/2021 6:00,278.154,276.7932131
23/11/2021 7:00,278.4778,278.9413909
23/11/2021 8:00,279.09973,278.8488362
23/11/2021 9:00,279.2273,277.400675
23/11/2021 10:00,279.74365,279.1216498
23/11/2021 11:00,280.00525,277.9372456
23/11/2021 12:00,280.16312,281.0191786
23/11/2021 13:00,280.30954,279.654587
23/11/2021 14:00,280.23215,279.1181562
23/11/2021 15:00,279.8554,278.4241902
23/11/2021 16:00,279.45883,278.2608034
23/11/2021 17:00,278.9332,276.7622672
23/11/2021 18:00,278.12677,277.8398639
23/11/2021 19:00,276.75784,274.6000417
23/11/2021 20:00,275.56012,276.9115913
23/11/2021 21:00,274.3627,276.0644486
23/11/2021 22:00,273.99988,272.4592303
23/11/2021 23:00,273.49496,274.6013851
24/11/2021 0:00,272.956,272.9300845
24/11/2021 1:00,272.45883,273.0863406
24/11/2021 2:00,272.20993,276.9799088
24/11/2021 3:00,272.5449,272.7242007
24/11/2021 4:00,273.10306,273.7845412
24/11/2021 5:00,273.47855,273.9898453
24/11/2021 6:00,273.51508,271.1391629
24/11/2021 7:00,272.5458,270.8960255
24/11/2021 8:00,274.3438,271.6928103
24/11/2021 9:00,276.27893,274.2902819
24/11/2021 10:00,277.51288,272.2274466
24/11/2021 11:00,278.5871,279.1549338
24/11/2021 12:00,279.10654,282.2411641
24/11/2021 13:00,279.30188,278.7796218
24/11/2021 14:00,278.775,275.3180628
24/11/2021 15:00,277.4005,275.2127719
24/11/2021 16:00,275.90125,273.7969736
24/11/2021 17:00,275.08585,271.946807
24/11/2021 18:00,274.50107,274.7701442
24/11/2021 19:00,274.98184,275.1967116
24/11/2021 20:00,274.8506,271.9182231
24/11/2021 21:00,274.37753,274.8796989
24/11/2021 22:00,273.90112,276.1341925
24/11/2021 23:00,273.40363,276.5322408
25/11/2021 0:00,272.98633,278.1449213
25/11/2021 1:00,272.53622,271.397763
25/11/2021 2:00,272.08826,277.8215913
25/11/2021 3:00,272.0703,271.8039837
25/11/2021 4:00,272.2765,271.2304738
25/11/2021 5:00,272.43066,272.5474535
25/11/2021 6:00,273.18106,270.7648411
25/11/2021 7:00,273.00647,273.0468033
25/11/2021 8:00,274.9679,272.670443
25/11/2021 9:00,276.5111,276.5655341
25/11/2021 10:00,278.37195,281.0930085
25/11/2021 11:00,279.9102,280.1648562
25/11/2021 12:00,281.00854,281.6359725
25/11/2021 13:00,281.56485,282.844654
25/11/2021 14:00,281.402,283.8189544
25/11/2021 15:00,280.1433,277.4143961
25/11/2021 16:00,278.9911,279.9623302
25/11/2021 17:00,278.38867,277.686133
25/11/2021 18:00,277.97073,277.8887123
25/11/2021 19:00,277.56674,279.0621716
25/11/2021 20:00,277.25995,274.8638387
25/11/2021 21:00,276.9597,275.0391361
25/11/2021 22:00,276.56714,272.9106818
25/11/2021 23:00,275.8053,274.7860129
26/11/2021 0:00,275.68735,277.8695774
26/11/2021 1:00,275.44217,275.0287877
26/11/2021 2:00,275.50934,272.6625983
26/11/2021 3:00,276.18295,274.6023702
26/11/2021 4:00,276.90396,273.5789255
26/11/2021 5:00,277.49277,274.9262547
26/11/2021 6:00,278.0859,278.3394736
26/11/2021 7:00,278.684,276.4256748
26/11/2021 8:00,279.2149,280.9762659
26/11/2021 9:00,279.60526,279.3466915
26/11/2021 10:00,280.10895,279.9669006
26/11/2021 11:00,280.6309,279.369658
26/11/2021 12:00,281.3048,281.6498549
26/11/2021 13:00,281.80847,281.4605388
26/11/2021 14:00,281.6766,280.2142915
26/11/2021 15:00,280.65906,279.9840007
26/11/2021 16:00,279.84396,278.0447408
26/11/2021 17:00,279.13843,278.7720703
26/11/2021 18:00,278.61652,276.6520669
26/11/2021 19:00,278.8886,276.8414611
26/11/2021 20:00,278.48926,275.9912073
26/11/2021 21:00,277.89612,275.3933671
26/11/2021 22:00,277.3587,274.7628766
26/11/2021 23:00,276.91202,276.7530899
27/11/2021 0:00,276.7275,278.3651255
27/11/2021 1:00,276.686,278.174506
27/11/2021 2:00,276.65198,273.9168965
27/11/2021 3:00,276.6659,278.4960054
27/11/2021 4:00,276.72037,275.7469187
27/11/2021 5:00,276.73865,277.4642211
27/11/2021 6:00,276.6148,274.8991278
27/11/2021 7:00,275.18863,275.7609843
27/11/2021 8:00,275.74026,276.7983786
27/11/2021 9:00,276.8888,274.8958665
27/11/2021 10:00,278.3122,280.1090742
27/11/2021 11:00,280.29562,283.2228346
27/11/2021 12:00,281.83295,281.4913999
27/11/2021 13:00,282.77002,284.8735584
27/11/2021 14:00,282.7592,282.039024
27/11/2021 15:00,281.7797,282.8484625
27/11/2021 16:00,281.02435,276.4482983
27/11/2021 17:00,280.6838,283.8092606
27/11/2021 18:00,280.38507,281.2268584
27/11/2021 19:00,279.36874,277.2398497
27/11/2021 20:00,278.18063,272.989502
27/11/2021 21:00,277.49493,276.2296304
27/11/2021 22:00,276.8764,272.2040022
27/11/2021 23:00,276.29132,275.535215
28/11/2021 0:00,276.09225,275.7136292
28/11/2021 1:00,276.026,273.2410894
28/11/2021 2:00,276.06998,276.3798865
28/11/2021 3:00,276.1523,276.5081151
28/11/2021 4:00,276.29782,277.4035364
28/11/2021 5:00,276.36685,276.3712524
28/11/2021 6:00,276.82874,274.5618148
28/11/2021 7:00,278.96912,280.6657233
28/11/2021 8:00,280.68164,280.0194508
28/11/2021 9:00,282.47684,279.4988402
28/11/2021 10:00,284.24667,285.7032499
28/11/2021 11:00,285.53604,287.5751983
28/11/2021 12:00,285.7444,283.6152046
28/11/2021 13:00,285.11563,287.22789
28/11/2021 14:00,284.12378,282.9517836
28/11/2021 15:00,283.2288,281.3367108
28/11/2021 16:00,282.56384,280.1954762
28/11/2021 17:00,281.9645,284.1883513
28/11/2021 18:00,282.11063,278.8579246
28/11/2021 19:00,279.1109,279.524503
28/11/2021 20:00,279.01306,277.2070842
28/11/2021 21:00,278.89606,277.3931955
28/11/2021 22:00,278.85486,279.7420232
28/11/2021 23:00,278.66324,276.5869746
29/11/2021 0:00,278.38464,275.9202182
29/11/2021 1:00,277.9271,277.9351983
29/11/2021 2:00,277.5098,278.2382402
29/11/2021 3:00,277.00766,276.1039544
29/11/2021 4:00,276.52658,273.5641836
29/11/2021 5:00,275.93005,273.5679699
29/11/2021 6:00,275.705,274.6435896
29/11/2021 7:00,275.22824,274.8726309
29/11/2021 8:00,275.57962,273.405238
29/11/2021 9:00,276.24673,277.1779923
29/11/2021 10:00,277.23425,276.8624862
29/11/2021 11:00,278.0667,274.5328977
29/11/2021 12:00,278.42395,276.4574555
29/11/2021 13:00,278.49268,277.4044316
29/11/2021 14:00,278.07196,277.8214776
29/11/2021 15:00,277.29495,280.3443099
29/11/2021 16:00,276.54205,276.4929541
29/11/2021 17:00,276.0672,273.9095799
29/11/2021 18:00,275.68982,275.2942397
29/11/2021 19:00,275.54556,274.2645442
29/11/2021 20:00,275.38428,275.3238859
29/11/2021 21:00,275.223,275.5956676
29/11/2021 22:00,275.07843,276.5152244
29/11/2021 23:00,274.94376,274.0174915
30/11/2021 0:00,274.82828,276.6432849
30/11/2021 1:00,274.71375,275.0797402
30/11/2021 2:00,274.51035,271.5897948
30/11/2021 3:00,274.10388,276.1113338
30/11/2021 4:00,273.62994,272.3421653
30/11/2021 5:00,273.18323,269.851094
30/11/2021 6:00,272.9464,274.0262207
30/11/2021 7:00,273.58752,275.8461052
30/11/2021 8:00,274.99112,274.1303402
30/11/2021 9:00,276.64175,275.2731608
30/11/2021 10:00,277.97134,277.3168345
30/11/2021 11:00,279.03317,279.9623788
30/11/2021 12:00,279.58887,281.4926956
30/11/2021 13:00,279.66223,280.118815
30/11/2021 14:00,279.3183,278.7810187
30/11/2021 15:00,278.37195,280.4436409
30/11/2021 16:00,278.037,277.3812153
30/11/2021 17:00,278.14163,280.2516818
30/11/2021 18:00,278.48618,278.3619885
30/11/2021 19:00,278.51993,279.2246958
30/11/2021 20:00,278.8233,278.4251064
30/11/2021 21:00,279.0663,278.7049624
30/11/2021 22:00,279.4771,278.3396889
30/11/2021 23:00,279.85294,281.7247159
01/12/2021 0:00,280.2762,278.2718563
01/12/2021 1:00,280.44727,278.1009178
01/12/2021 2:00,280.35852,282.8861036
01/12/2021 3:00,279.94278,280.3407494
01/12/2021 4:00,279.68716,274.2051232
01/12/2021 5:00,279.45233,277.2722057
01/12/2021 6:00,279.27286,274.8560189
01/12/2021 7:00,280.26834,277.787774
01/12/2021 8:00,280.8127,274.8414865
01/12/2021 9:00,281.9717,281.3231235
01/12/2021 10:00,283.11465,280.7777733
01/12/2021 11:00,283.9801,283.8825818
01/12/2021 12:00,284.63684,281.6184898
01/12/2021 13:00,284.93542,284.9667685
01/12/2021 14:00,284.51886,283.6601036
01/12/2021 15:00,283.35876,286.0405965
01/12/2021 16:00,282.24445,285.0274984
01/12/2021 17:00,281.2026,283.3233884
01/12/2021 18:00,280.55487,281.1556405
01/12/2021 19:00,280.31833,285.1624202
01/12/2021 20:00,280.07312,278.6662624
01/12/2021 21:00,279.90402,279.0708834
01/12/2021 22:00,279.97705,281.608885
01/12/2021 23:00,280.4369,286.4146176
02/12/2021 0:00,280.5102,282.3060084
02/12/2021 1:00,280.67453,282.3103597
02/12/2021 2:00,280.58435,279.7510291
02/12/2021 3:00,280.52142,283.662365
02/12/2021 4:00,280.213,283.3039479
02/12/2021 5:00,280.29446,283.0338085
02/12/2021 6:00,280.54953,280.6057633
02/12/2021 7:00,279.59503,279.6015955
02/12/2021 8:00,281.4613,279.887508
02/12/2021 9:00,284.09442,284.7909737
02/12/2021 10:00,285.9413,284.152807
02/12/2021 11:00,286.99158,284.7987557
02/12/2021 12:00,287.37164,286.250149
02/12/2021 13:00,287.5017,285.5786778
02/12/2021 14:00,286.66293,284.3356881
02/12/2021 15:00,285.4065,284.6581392
02/12/2021 16:00,284.43347,282.5881098
02/12/2021 17:00,283.28937,280.844783
02/12/2021 18:00,282.44977,280.6634979
02/12/2021 19:00,281.14362,277.8892695
02/12/2021 20:00,281.04166,279.1442396
02/12/2021 21:00,280.63687,277.6165894
02/12/2021 22:00,278.98746,273.6857318
02/12/2021 23:00,277.27484,277.8884764
03/12/2021 0:00,276.51248,274.6419352
03/12/2021 1:00,275.767,276.5667999
03/12/2021 2:00,275.78497,278.8971508
03/12/2021 3:00,276.3004,278.9750162
03/12/2021 4:00,276.92175,277.6562818
03/12/2021 5:00,277.41837,276.9142443
03/12/2021 6:00,277.55966,278.7964336
03/12/2021 7:00,277.43298,277.9479536
03/12/2021 8:00,277.7063,276.0365021
03/12/2021 9:00,277.90546,276.1567838
03/12/2021 10:00,278.481,274.5580696
03/12/2021 11:00,279.04504,278.9874265
03/12/2021 12:00,279.27228,278.8002915
03/12/2021 13:00,279.15796,280.8473097
03/12/2021 14:00,278.77567,279.0209928
03/12/2021 15:00,277.83746,279.6793268
03/12/2021 16:00,276.7566,274.8323385
03/12/2021 17:00,275.72037,276.6470468
03/12/2021 18:00,274.85858,272.2211134
03/12/2021 19:00,273.80408,275.813853
03/12/2021 20:00,272.52853,270.1186239
03/12/2021 21:00,271.66196,272.9043952
03/12/2021 22:00,273.69003,270.3419789
03/12/2021 23:00,273.28415,273.151351
04/12/2021 0:00,272.86758,272.4757283
04/12/2021 1:00,272.56927,271.3642208
04/12/2021 2:00,272.34146,270.7317232
04/12/2021 3:00,272.15887,273.9349603
04/12/2021 4:00,271.91,271.1508535
04/12/2021 5:00,271.69962,270.9530321
04/12/2021 6:00,271.6454,270.7595453
04/12/2021 7:00,270.12405,274.9183877
04/12/2021 8:00,272.4232,274.4843876
04/12/2021 9:00,274.13245,276.4535483
04/12/2021 10:00,275.35126,276.0660347
04/12/2021 11:00,276.21445,276.5285414
04/12/2021 12:00,276.92398,272.5612839
04/12/2021 13:00,277.2108,275.7774499
04/12/2021 14:00,276.5872,275.3028004
04/12/2021 15:00,275.1608,270.9853666
04/12/2021 16:00,274.06277,271.072187
04/12/2021 17:00,273.501,269.1371853
04/12/2021 18:00,273.13696,272.3374752
04/12/2021 19:00,272.7965,274.3116096
04/12/2021 20:00,272.76477,275.0648248
04/12/2021 21:00,272.89117,274.2224424
04/12/2021 22:00,273.30438,272.1881015
04/12/2021 23:00,273.78415,270.8974243
05/12/2021 0:00,273.99286,271.2804881
05/12/2021 1:00,274.4139,272.5066559
05/12/2021 2:00,274.81757,273.259124
05/12/2021 3:00,274.93945,274.5576464
05/12/2021 4:00,275.0923,273.0166585
05/12/2021 5:00,275.28384,275.5575222
05/12/2021 6:00,275.40604,274.6178145
05/12/2021 7:00,275.42456,275.3428486
05/12/2021 8:00,275.68805,277.7299047
05/12/2021 9:00,276.1243,274.2096887
05/12/2021 10:00,276.76276,277.7968206
05/12/2021 11:00,277.03833,277.2610575
05/12/2021 12:00,277.44507,276.7248319
05/12/2021 13:00,278.0987,278.97209
05/12/2021 14:00,277.99307,278.7680701
05/12/2021 15:00,277.46838,275.0727788
05/12/2021 16:00,276.48215,275.925965
05/12/2021 17:00,275.94394,276.5102507
05/12/2021 18:00,275.40295,275.262013
05/12/2021 19:00,275.91754,276.3465529
05/12/2021 20:00,275.76276,275.5975158
05/12/2021 21:00,275.48917,278.0609362
05/12/2021 22:00,275.34143,271.8886545
05/12/2021 23:00,275.13806,274.1902761
06/12/2021 0:00,274.9903,272.684438
06/12/2021 1:00,274.85043,275.3658107
06/12/2021 2:00,274.74454,271.3105799
06/12/2021 3:00,274.56024,274.5960251
06/12/2021 4:00,274.39902,272.749434
06/12/2021 5:00,274.25296,272.5283127
06/12/2021 6:00,274.26083,271.3847957
06/12/2021 7:00,274.99704,273.9346502
06/12/2021 8:00,275.40097,277.1897584
06/12/2021 9:00,275.81165,275.7620501
06/12/2021 10:00,276.2021,277.5623327
06/12/2021 11:00,276.68466,279.9424992
06/12/2021 12:00,277.1532,277.7806062
06/12/2021 13:00,277.35153,276.6227308
06/12/2021 14:00,277.37512,278.2940927
06/12/2021 15:00,277.0018,276.0436143
06/12/2021 16:00,276.674,275.5872897
06/12/2021 17:00,276.5785,273.4802303
06/12/2021 18:00,276.3431,277.316467
06/12/2021 19:00,276.25687,275.1462654
06/12/2021 20:00,275.71277,275.5256744
06/12/2021 21:00,275.11194,272.8254176
06/12/2021 22:00,274.45688,274.804447
06/12/2021 23:00,273.96588,272.1887843
07/12/2021 0:00,273.47375,272.749317
07/12/2021 1:00,273.09454,274.1324412
07/12/2021 2:00,272.79456,273.6396978
07/12/2021 3:00,272.43192,271.7820966
07/12/2021 4:00,272.34933,268.4806174
07/12/2021 5:00,272.33612,276.9299188
07/12/2021 6:00,272.44257,274.7341797
07/12/2021 7:00,272.59482,272.8765878
07/12/2021 8:00,273.37262,271.6330333
07/12/2021 9:00,274.3698,274.2501539
07/12/2021 10:00,275.47205,274.5695787
07/12/2021 11:00,276.24002,278.5143443
07/12/2021 12:00,276.6566,277.1878626
07/12/2021 13:00,276.7681,275.4229892
07/12/2021 14:00,276.43326,275.6175097
07/12/2021 15:00,275.6108,277.432109
07/12/2021 16:00,274.92374,277.3336737
07/12/2021 17:00,274.23187,276.4027885
07/12/2021 18:00,273.7184,274.4763019
07/12/2021 19:00,273.45157,272.6253509
07/12/2021 20:00,273.07657,266.846113
07/12/2021 21:00,272.93753,273.048639
07/12/2021 22:00,272.88358,272.461294
07/12/2021 23:00,272.63416,272.1769982
08/12/2021 0:00,272.27713,271.5027678
08/12/2021 1:00,271.77966,268.7887647
08/12/2021 2:00,270.976,272.6480002
08/12/2021 3:00,270.9867,273.040944
08/12/2021 4:00,270.31226,272.2781713
08/12/2021 5:00,270.37292,272.4550442
08/12/2021 6:00,270.35974,271.4497917
08/12/2021 7:00,270.78107,270.0782578
08/12/2021 8:00,273.12823,273.2412346
08/12/2021 9:00,275.417,275.6051066
08/12/2021 10:00,276.89758,277.2865365
08/12/2021 11:00,277.72202,279.7761063
08/12/2021 12:00,278.04984,279.508572
08/12/2021 13:00,277.93045,281.8677046
08/12/2021 14:00,276.99646,280.9085824
08/12/2021 15:00,275.2886,275.306138
08/12/2021 16:00,274.41925,267.4097364
08/12/2021 17:00,274.05212,276.0758976
08/12/2021 18:00,273.9173,272.658202
08/12/2021 19:00,274.14566,272.695526
08/12/2021 20:00,274.31418,273.8358596
08/12/2021 21:00,274.16223,273.6530086
08/12/2021 22:00,273.78668,275.4179589
08/12/2021 23:00,273.76953,271.2894615
09/12/2021 0:00,273.8052,272.0396457
09/12/2021 1:00,274.0212,274.6316264
09/12/2021 2:00,274.15576,275.0033057
09/12/2021 3:00,274.0434,275.0243864
09/12/2021 4:00,273.93497,272.4634806
09/12/2021 5:00,273.98862,272.2118485
09/12/2021 6:00,274.14508,273.2164732
09/12/2021 7:00,274.87543,274.8658941
09/12/2021 8:00,275.46194,277.5402523
09/12/2021 9:00,276.58356,272.103469
09/12/2021 10:00,277.19226,275.7496565
09/12/2021 11:00,277.76416,273.8667358
09/12/2021 12:00,277.77707,273.4054692
09/12/2021 13:00,277.7209,277.884618
09/12/2021 14:00,277.3858,276.5781086
09/12/2021 15:00,276.79617,275.6901745
09/12/2021 16:00,276.06894,275.9315709
09/12/2021 17:00,275.42148,273.096219
09/12/2021 18:00,274.82092,272.9326284
09/12/2021 19:00,274.8451,277.9276718
09/12/2021 20:00,274.29565,273.4390364
09/12/2021 21:00,274.1479,274.9487795
09/12/2021 22:00,274.0111,272.9235572
09/12/2021 23:00,273.71954,269.0107211
10/12/2021 0:00,273.38666,268.1594835
10/12/2021 1:00,273.18442,270.475353
10/12/2021 2:00,272.8895,273.0830497
10/12/2021 3:00,272.54932,272.2150177
10/12/2021 4:00,272.03387,271.925827
10/12/2021 5:00,271.6878,268.254863
10/12/2021 6:00,271.27463,273.1912937
10/12/2021 7:00,272.45523,269.5085344
10/12/2021 8:00,273.53778,272.4520633
10/12/2021 9:00,274.48526,273.1212447
10/12/2021 10:00,275.59872,274.004674
10/12/2021 11:00,276.15433,277.689541
10/12/2021 12:00,276.57092,274.9354088
10/12/2021 13:00,276.95685,274.4407207
10/12/2021 14:00,276.87653,276.980442
10/12/2021 15:00,276.4945,275.6293075
10/12/2021 16:00,276.18076,281.7279147
10/12/2021 17:00,275.6212,276.3113708
10/12/2021 18:00,275.23694,274.0010805
10/12/2021 19:00,274.78162,272.038702
10/12/2021 20:00,274.70575,270.4798681
10/12/2021 21:00,274.57794,271.9439361
10/12/2021 22:00,274.4948,274.0826216
10/12/2021 23:00,274.34256,276.4836684
11/12/2021 0:00,274.2257,276.0311282
11/12/2021 1:00,274.17993,274.4313433
11/12/2021 2:00,273.93246,273.3437374
11/12/2021 3:00,273.81644,274.3476219
11/12/2021 4:00,273.66953,272.8095176
11/12/2021 5:00,273.7333,276.7433661
11/12/2021 6:00,273.8799,273.3216574
11/12/2021 7:00,274.60266,274.0475903
11/12/2021 8:00,275.0535,270.7338752
11/12/2021 9:00,275.658,274.8441731
11/12/2021 10:00,276.05743,277.2500593
11/12/2021 11:00,276.47064,274.0429924
11/12/2021 12:00,276.77933,274.9723414
11/12/2021 13:00,276.5875,277.8026921
11/12/2021 14:00,276.12738,273.3054734
11/12/2021 15:00,275.7757,277.3168968
11/12/2021 16:00,275.33694,273.9459746
11/12/2021 17:00,275.0243,273.9612614
11/12/2021 18:00,274.6038,272.3129758
11/12/2021 19:00,274.03217,274.8379921
11/12/2021 20:00,274.02094,278.6340328
11/12/2021 21:00,274.10773,275.6169876
11/12/2021 22:00,274.16364,272.5477737
11/12/2021 23:00,274.04257,275.7553265
12/12/2021 0:00,273.8507,272.8059338
12/12/2021 1:00,273.5656,275.6961108
12/12/2021 2:00,273.36588,274.5432706
12/12/2021 3:00,273.1645,267.7982037
12/12/2021 4:00,273.10156,271.2554787
12/12/2021 5:00,273.10886,274.7443338
12/12/2021 6:00,273.1822,273.4228917
12/12/2021 7:00,274.02628,271.9801332
12/12/2021 8:00,274.54678,273.3198386
12/12/2021 9:00,274.94086,271.70803
12/12/2021 10:00,275.4594,275.6089774
12/12/2021 11:00,275.92514,280.2881743
12/12/2021 12:00,276.22458,278.1216868
12/12/2021 13:00,276.21082,280.5800902
12/12/2021 14:00,276.0167,277.8670348
12/12/2021 15:00,275.64648,277.5462458
12/12/2021 16:00,275.3066,278.8454497
12/12/2021 17:00,275.0802,275.6878023
12/12/2021 18:00,274.83694,274.4511515
12/12/2021 19:00,275.1698,276.9638671
12/12/2021 20:00,274.97458,277.6334264
12/12/2021 21:00,274.9153,274.2063228
12/12/2021 22:00,274.81784,273.4449849
12/12/2021 23:00,274.56055,274.5554295
13/12/2021 0:00,274.5027,275.4220105
13/12/2021 1:00,274.32233,274.9635116
13/12/2021 2:00,274.1114,270.2954625
13/12/2021 3:00,273.7243,275.3373408
13/12/2021 4:00,273.26364,270.4552323
13/12/2021 5:00,272.98105,271.4883696
13/12/2021 6:00,272.87292,270.5691185
13/12/2021 7:00,273.0232,277.7370137
13/12/2021 8:00,274.30603,274.8052754
13/12/2021 9:00,276.07794,274.1930392
13/12/2021 10:00,277.29535,278.0288243
13/12/2021 11:00,277.92596,278.193916
13/12/2021 12:00,278.21835,276.7421045
13/12/2021 13:00,278.3094,278.7104569
13/12/2021 14:00,277.97763,275.5055368
13/12/2021 15:00,277.35208,275.7844001
13/12/2021 16:00,276.82202,272.8448654
13/12/2021 17:00,276.29,273.9429268
13/12/2021 18:00,275.9698,279.5895447
13/12/2021 19:00,275.65405,279.1522758
13/12/2021 20:00,275.68552,276.5021249
13/12/2021 21:00,275.76727,279.5148033
13/12/2021 22:00,275.79395,276.3226178
13/12/2021 23:00,275.7257,276.1744267
14/12/2021 0:00,275.66052,276.7030064
14/12/2021 1:00,275.47372,276.2736242
14/12/2021 2:00,275.23666,275.8922565
14/12/2021 3:00,274.99228,278.1633816
14/12/2021 4:00,274.51392,276.0740908
14/12/2021 5:00,273.9496,276.8334751
14/12/2021 6:00,273.33807,276.9822004
14/12/2021 7:00,273.12683,275.7307798
14/12/2021 8:00,274.77936,274.2430684
14/12/2021 9:00,276.36865,274.652283
14/12/2021 10:00,276.9504,277.8450856
14/12/2021 11:00,277.56613,277.6677901
14/12/2021 12:00,277.8279,278.2927198
14/12/2021 13:00,278.02905,278.3606041
14/12/2021 14:00,277.9962,282.9692432
14/12/2021 15:00,277.7369,275.7317484
14/12/2021 16:00,277.4664,274.2669754
14/12/2021 17:00,277.02316,278.0842289
14/12/2021 18:00,277.00714,276.36298
14/12/2021 19:00,276.01868,277.6365805
14/12/2021 20:00,275.76248,277.6561424
14/12/2021 21:00,275.65997,278.4494558
14/12/2021 22:00,275.01138,273.3192442
14/12/2021 23:00,274.8976,275.1340257
15/12/2021 0:00,274.15463,276.6954712
15/12/2021 1:00,273.36646,277.0391129
15/12/2021 2:00,272.90915,279.182523
15/12/2021 3:00,272.82263,276.5337745
15/12/2021 4:00,273.017,274.6436502
15/12/2021 5:00,273.2007,273.1980765
15/12/2021 6:00,273.60858,273.7921455
15/12/2021 7:00,273.7726,274.2885925
15/12/2021 8:00,274.76306,277.7364697
15/12/2021 9:00,275.6549,278.6528705
15/12/2021 10:00,276.7091,276.556122
15/12/2021 11:00,277.15714,278.3148049
15/12/2021 12:00,277.51218,280.7366969
15/12/2021 13:00,277.6872,279.7447007
15/12/2021 14:00,277.8285,280.0702442
15/12/2021 15:00,277.6667,279.454956
15/12/2021 16:00,277.26584,281.0340146
15/12/2021 17:00,277.09592,278.2734064
15/12/2021 18:00,276.85657,276.7182795
15/12/2021 19:00,276.60602,274.6354948
15/12/2021 20:00,276.25742,276.4641768
15/12/2021 21:00,275.7302,271.6414504
15/12/2021 22:00,275.2125,275.294287
15/12/2021 23:00,274.97064,275.2386942
16/12/2021 0:00,274.91418,272.1637242
16/12/2021 1:00,274.85632,272.1268981
16/12/2021 2:00,275.05942,275.1070921
16/12/2021 3:00,275.3246,274.7390734
16/12/2021 4:00,275.37964,275.0779743
16/12/2021 5:00,275.29593,275.8480869
16/12/2021 6:00,275.56503,275.938644
16/12/2021 7:00,275.62878,278.154051
16/12/2021 8:00,276.30405,277.0285368
16/12/2021 9:00,277.9726,275.6769317
16/12/2021 10:00,278.97958,281.9649507
16/12/2021 11:00,279.4588,280.186524
16/12/2021 12:00,279.43997,278.4710746
16/12/2021 13:00,279.32397,277.244232
16/12/2021 14:00,279.1543,279.9167677
16/12/2021 15:00,278.9869,278.8716197
16/12/2021 16:00,278.91162,281.8151705
16/12/2021 17:00,278.8119,278.3423146
16/12/2021 18:00,278.8827,277.4558491
16/12/2021 19:00,278.79504,280.4590883
16/12/2021 20:00,278.84308,280.6011154
16/12/2021 21:00,278.8338,279.3033562
16/12/2021 22:00,278.8338,280.3459838
16/12/2021 23:00,278.92313,279.2509054
17/12/2021 0:00,279.14505,279.9302106
17/12/2021 1:00,279.33435,281.6450088
17/12/2021 2:00,279.38437,280.52531
17/12/2021 3:00,279.11835,278.6151879
17/12/2021 4:00,278.68436,280.7047435
17/12/2021 5:00,278.24927,273.6611417
17/12/2021 6:00,277.76163,281.0838301
17/12/2021 7:00,278.23718,274.4835226
17/12/2021 8:00,278.56555,276.8332102
17/12/2021 9:00,279.00177,278.9213314
17/12/2021 10:00,279.5439,279.4325968
17/12/2021 11:00,279.82117,281.8326096
17/12/2021 12:00,279.88406,278.34637
17/12/2021 13:00,279.87283,280.7063911
17/12/2021 14:00,279.70486,279.0061135
17/12/2021 15:00,279.12537,279.6831452
17/12/2021 16:00,278.42258,278.1069292
17/12/2021 17:00,277.62454,277.7801008
17/12/2021 18:00,277.23328,276.3631434
17/12/2021 19:00,276.93045,276.3114065
17/12/2021 20:00,276.7987,277.5486387
17/12/2021 21:00,276.67203,278.517345
17/12/2021 22:00,276.51837,275.6935742
17/12/2021 23:00,276.49957,275.3337876
18/12/2021 0:00,276.6105,278.1002418
18/12/2021 1:00,276.50433,276.8756056
18/12/2021 2:00,276.2459,278.0264142
18/12/2021 3:00,276.0198,274.7686099
18/12/2021 4:00,275.85828,273.1013559
18/12/2021 5:00,275.69534,275.1785478
18/12/2021 6:00,275.29648,274.3036641
18/12/2021 7:00,275.4375,275.4807206
18/12/2021 8:00,276.13916,275.0744597
18/12/2021 9:00,277.1588,278.5483351
18/12/2021 10:00,278.11023,277.4925333
18/12/2021 11:00,278.6001,278.7055122
18/12/2021 12:00,278.68634,278.6372013
18/12/2021 13:00,278.6327,278.5237753
18/12/2021 14:00,278.1369,277.8503308
18/12/2021 15:00,277.4066,278.3591162
18/12/2021 16:00,276.51334,275.2223821
18/12/2021 17:00,275.65042,278.2183668
18/12/2021 18:00,274.9757,274.8703961
18/12/2021 19:00,274.58188,272.0606403
18/12/2021 20:00,274.54733,275.2181102
18/12/2021 21:00,274.758,273.9156946
18/12/2021 22:00,275.11896,276.8142988
18/12/2021 23:00,275.67148,279.5222999
19/12/2021 0:00,276.02344,274.4024845
19/12/2021 1:00,276.30295,276.7105309
19/12/2021 2:00,276.56586,273.2652776
19/12/2021 3:00,276.6445,277.0010518
19/12/2021 4:00,276.70264,274.447088
19/12/2021 5:00,276.5698,274.4919886
19/12/2021 6:00,276.31137,273.1414365
19/12/2021 7:00,275.94,275.6215284
19/12/2021 8:00,276.45547,277.0977152
19/12/2021 9:00,278.08298,277.7474088
19/12/2021 10:00,279.84448,277.7560826
19/12/2021 11:00,281.0408,283.3004334
19/12/2021 12:00,281.70483,279.783072
19/12/2021 13:00,282.01187,277.4736427
19/12/2021 14:00,281.47424,281.5745005
19/12/2021 15:00,280.11328,277.457355
19/12/2021 16:00,278.24728,279.4124606
19/12/2021 17:00,276.65884,275.3741406
19/12/2021 18:00,275.45267,277.934441
19/12/2021 19:00,275.81473,280.1892331
19/12/2021 20:00,275.88806,272.3214955
19/12/2021 21:00,275.98047,272.7624316
19/12/2021 22:00,276.38635,273.8787138
19/12/2021 23:00,276.68243,277.0532836
20/12/2021 0:00,276.90518,273.7349007
20/12/2021 1:00,277.03326,274.3130559
20/12/2021 2:00,276.73523,275.9746995
20/12/2021 3:00,276.6493,273.853469
20/12/2021 4:00,276.25714,274.5574734
20/12/2021 5:00,276.07513,271.2769211
20/12/2021 6:00,276.00854,277.8610656
20/12/2021 7:00,275.68243,271.7067561
20/12/2021 8:00,276.41867,275.114249
20/12/2021 9:00,277.4945,277.1829462
20/12/2021 10:00,278.2074,281.5594514
20/12/2021 11:00,278.5057,275.9789687
20/12/2021 12:00,278.4251,281.8982448
20/12/2021 13:00,278.21585,279.5157389
20/12/2021 14:00,277.7119,278.2674142
20/12/2021 15:00,277.0018,275.0075252
20/12/2021 16:00,276.43216,277.0517057
20/12/2021 17:00,275.73328,273.8624112
20/12/2021 18:00,275.27036,276.6407537
20/12/2021 19:00,275.18356,273.2186649
20/12/2021 20:00,275.0243,274.7192137
20/12/2021 21:00,274.7201,273.4485603
20/12/2021 22:00,274.13385,272.1704867
20/12/2021 23:00,273.80435,274.8600627
21/12/2021 0:00,273.46194,274.1564393
21/12/2021 1:00,273.20633,275.0051231
21/12/2021 2:00,272.9614,269.3914417
21/12/2021 3:00,272.6993,274.010103
21/12/2021 4:00,272.37656,275.8678218
21/12/2021 5:00,271.99005,269.6577771
21/12/2021 6:00,271.52405,273.7029888
21/12/2021 7:00,271.37378,270.2305487
21/12/2021 8:00,272.63416,269.9255427
21/12/2021 9:00,274.2704,273.7797424
21/12/2021 10:00,274.97345,276.972222
21/12/2021 11:00,275.515,274.1241367
21/12/2021 12:00,275.92484,274.8739389
21/12/2021 13:00,276.0577,277.0299325
21/12/2021 14:00,275.83917,275.6376617
21/12/2021 15:00,275.38974,276.1431057
21/12/2021 16:00,274.8083,274.8974874
21/12/2021 17:00,274.25717,274.8741349
21/12/2021 18:00,273.88498,272.9657654
21/12/2021 19:00,272.60858,273.0059624
21/12/2021 20:00,272.26083,270.5073529
21/12/2021 21:00,272.48163,274.6187297
21/12/2021 22:00,272.60803,271.3021424
21/12/2021 23:00,272.46085,274.5349243
22/12/2021 0:00,272.41394,272.0092476
22/12/2021 1:00,272.37827,272.8729482
22/12/2021 2:00,272.21198,271.4567379
22/12/2021 3:00,272.10046,270.3966781
22/12/2021 4:00,272.0892,268.9600303
22/12/2021 5:00,272.23218,269.9965196
22/12/2021 6:00,272.27573,271.3031618
22/12/2021 7:00,271.72937,271.5501555
22/12/2021 8:00,272.59174,274.0189433
22/12/2021 9:00,274.21954,273.5892805
22/12/2021 10:00,275.17148,273.7564796
22/12/2021 11:00,275.7549,273.3974313
22/12/2021 12:00,276.07568,277.0615829
22/12/2021 13:00,275.95377,278.5857703
22/12/2021 14:00,275.62372,278.0200762
22/12/2021 15:00,274.69592,276.2931806
22/12/2021 16:00,273.07797,274.9225944
22/12/2021 17:00,271.79175,275.5599422
22/12/2021 18:00,271.07657,272.1838446
22/12/2021 19:00,270.52435,271.9567202
22/12/2021 20:00,270.2089,269.7361086
22/12/2021 21:00,269.78223,267.508773
22/12/2021 22:00,269.5985,268.5919682
22/12/2021 23:00,269.53418,269.5543027
23/12/2021 0:00,269.3131,269.575754
23/12/2021 1:00,269.12042,272.6620774
23/12/2021 2:00,269.16257,269.493167
23/12/2021 3:00,269.16846,271.6722171
23/12/2021 4:00,269.09375,269.0083179
23/12/2021 5:00,269.26678,269.4127153
23/12/2021 6:00,269.57745,268.0535814
23/12/2021 7:00,270.25833,270.0523678
23/12/2021 8:00,271.59848,273.189662
23/12/2021 9:00,273.00717,273.4725193
23/12/2021 10:00,274.02402,275.9886161
23/12/2021 11:00,274.65237,275.3136058
23/12/2021 12:00,275.23495,275.1548946
23/12/2021 13:00,275.33047,279.4471069
23/12/2021 14:00,275.1302,275.2956212
23/12/2021 15:00,274.18414,276.5678667
23/12/2021 16:00,273.4774,273.3911237
23/12/2021 17:00,273.0642,275.1991191
23/12/2021 18:00,273.17798,276.0155478
23/12/2021 19:00,272.91168,274.6259332
23/12/2021 20:00,273.5715,270.9402928
23/12/2021 21:00,274.58807,276.0437481
23/12/2021 22:00,275.6372,279.0604666
23/12/2021 23:00,276.75995,278.6148085
24/12/2021 0:00,277.74057,278.743864
24/12/2021 1:00,278.05685,275.1841139
24/12/2021 2:00,278.63635,277.3333122
24/12/2021 3:00,279.16525,279.4184598
24/12/2021 4:00,279.5824,279.4142803
24/12/2021 5:00,279.56302,280.9486335
24/12/2021 6:00,279.42566,278.5325015
24/12/2021 7:00,279.85486,280.0058878
24/12/2021 8:00,281.19052,280.4403643
24/12/2021 9:00,282.6686,280.2840966
24/12/2021 10:00,283.9391,279.3646504
24/12/2021 11:00,284.90454,285.0705422
24/12/2021 12:00,285.49948,285.0977263
24/12/2021 13:00,285.63177,283.7104193
24/12/2021 14:00,285.01297,281.4802678
24/12/2021 15:00,284.22363,284.8460876
24/12/2021 16:00,283.82196,282.8880119
24/12/2021 17:00,283.65088,284.2422326
24/12/2021 18:00,283.4054,286.4388861
24/12/2021 19:00,284.06015,279.9969002
24/12/2021 20:00,283.81186,282.4195586
24/12/2021 21:00,283.69415,283.1775183
24/12/2021 22:00,283.85876,286.1696865
24/12/2021 23:00,283.9287,280.4646146
25/12/2021 0:00,283.82898,286.6858533
25/12/2021 1:00,283.5725,283.3342242
25/12/2021 2:00,283.5745,283.0145388
25/12/2021 3:00,283.49387,282.7829639
25/12/2021 4:00,283.52646,282.2601831
25/12/2021 5:00,283.4433,284.8480472
25/12/2021 6:00,283.2804,280.8376557
25/12/2021 7:00,283.1582,283.3666102
25/12/2021 8:00,283.78067,282.6572175
25/12/2021 9:00,284.55508,283.0034131
25/12/2021 10:00,285.66296,290.2435459
25/12/2021 11:00,285.92896,286.9200151
25/12/2021 12:00,285.87054,287.2612463
25/12/2021 13:00,285.32898,287.8469738
25/12/2021 14:00,285.07867,282.9335538
25/12/2021 15:00,284.75845,287.9261181
25/12/2021 16:00,284.23907,279.584621
25/12/2021 17:00,284.0301,282.3894696
25/12/2021 18:00,283.86493,282.8151188
25/12/2021 19:00,283.3981,284.705289
25/12/2021 20:00,283.06073,283.3425249
25/12/2021 21:00,282.4124,282.0457638
25/12/2021 22:00,282.73825,280.9799547
25/12/2021 23:00,281.59332,277.9579491
26/12/2021 0:00,281.38715,276.0626625
26/12/2021 1:00,280.72592,279.0624181
26/12/2021 2:00,279.5265,278.0451083
26/12/2021 3:00,277.8813,278.4975775
26/12/2021 4:00,276.20715,273.3237197
26/12/2021 5:00,275.1184,275.381787
26/12/2021 6:00,274.43835,273.2216406
26/12/2021 7:00,273.68668,275.4933431
26/12/2021 8:00,273.62543,275.2145539
26/12/2021 9:00,273.74707,273.8635467
26/12/2021 10:00,273.82938,273.031534
26/12/2021 11:00,273.9159,275.4997246
26/12/2021 12:00,273.9774,274.9851355
26/12/2021 13:00,274.08246,272.7653783
26/12/2021 14:00,274.06223,271.6361374
26/12/2021 15:00,274.058,273.4754041
26/12/2021 16:00,273.94342,276.6370295
26/12/2021 17:00,273.88583,275.9344947
26/12/2021 18:00,273.84482,271.8749487
26/12/2021 19:00,273.62234,271.6581606
26/12/2021 20:00,273.52402,275.9219638
26/12/2021 21:00,273.42264,271.5268163
26/12/2021 22:00,273.35242,274.3359992
26/12/2021 23:00,273.29257,272.2197936
27/12/2021 0:00,273.21814,276.0263847
27/12/2021 1:00,273.12854,271.655566
27/12/2021 2:00,273.01813,274.9463067
27/12/2021 3:00,272.90607,273.1026941
27/12/2021 4:00,272.75916,273.0121859
27/12/2021 5:00,272.60886,268.8406823
27/12/2021 6:00,272.4409,268.2657588
27/12/2021 7:00,271.95886,271.3096355
27/12/2021 8:00,272.18808,272.3561983
27/12/2021 9:00,272.51224,270.3180239
27/12/2021 10:00,273.12936,270.8619092
27/12/2021 11:00,273.86224,274.7218339
27/12/2021 12:00,274.29987,275.1793067
27/12/2021 13:00,274.57513,274.1701496
27/12/2021 14:00,274.58948,275.7141381
27/12/2021 15:00,274.40323,271.9678509
27/12/2021 16:00,274.30072,273.3126755
27/12/2021 17:00,274.16672,276.7187828
27/12/2021 18:00,274.05182,273.6120718
27/12/2021 19:00,273.80127,273.5291047
27/12/2021 20:00,273.37936,277.1510952
27/12/2021 21:00,272.99902,270.3899177
27/12/2021 22:00,272.901,274.2505639
27/12/2021 23:00,272.60156,275.5725956
28/12/2021 0:00,272.49707,272.1106972
28/12/2021 1:00,272.25888,273.9966446
28/12/2021 2:00,272.17743,270.6404154
28/12/2021 3:00,272.10074,271.06215
28/12/2021 4:00,271.9895,272.9308154
28/12/2021 5:00,271.74905,273.4302558
28/12/2021 6:00,271.77405,274.2680423
28/12/2021 7:00,271.94427,275.3660907
28/12/2021 8:00,272.5805,273.0117524
28/12/2021 9:00,273.3833,275.8579809
28/12/2021 10:00,274.43582,273.9325389
28/12/2021 11:00,275.71277,276.9974121
28/12/2021 12:00,276.88327,276.7682526
28/12/2021 13:00,277.49954,277.8349283
28/12/2021 14:00,277.71274,277.8305565
28/12/2021 15:00,276.9265,273.3808986
28/12/2021 16:00,276.18945,273.4827437
28/12/2021 17:00,275.55856,275.3411111
28/12/2021 18:00,275.09958,271.9907096
28/12/2021 19:00,274.29086,275.5775997
28/12/2021 20:00,274.09564,275.3676318
28/12/2021 21:00,274.0597,274.6135277
28/12/2021 22:00,274.13553,272.4200171
28/12/2021 23:00,274.11868,277.1776866
29/12/2021 0:00,274.32935,278.4282489
29/12/2021 1:00,274.39902,275.0794814
29/12/2021 2:00,274.4864,276.1422503
29/12/2021 3:00,274.58694,275.8266561
29/12/2021 4:00,274.96136,276.9208053
29/12/2021 5:00,275.54733,276.3471132
29/12/2021 6:00,275.96503,276.6833485
29/12/2021 7:00,275.73975,277.1420687
29/12/2021 8:00,276.7296,280.7529029
29/12/2021 9:00,278.46106,275.8324436
29/12/2021 10:00,280.39728,279.7319028
29/12/2021 11:00,281.5231,278.8701626
29/12/2021 12:00,282.3231,284.6148742
29/12/2021 13:00,282.67957,280.8655651
29/12/2021 14:00,282.32394,278.8330586
29/12/2021 15:00,281.41046,281.6990619
29/12/2021 16:00,280.19785,282.8703222
29/12/2021 17:00,279.37988,280.6596362
29/12/2021 18:00,279.0456,279.3420362
29/12/2021 19:00,277.95544,278.4402751
29/12/2021 20:00,277.85883,280.4961122
29/12/2021 21:00,278.30768,276.2479763
29/12/2021 22:00,278.14365,276.9729714
29/12/2021 23:00,278.25235,276.182895
30/12/2021 0:00,278.42734,275.1245391
30/12/2021 1:00,278.4824,276.2146539
30/12/2021 2:00,278.03186,278.4629349
30/12/2021 3:00,277.69028,277.5997388
30/12/2021 4:00,277.14197,277.6352311
30/12/2021 5:00,276.5861,276.6466942
30/12/2021 6:00,276.31305,277.4353697
30/12/2021 7:00,276.48944,275.2591321
30/12/2021 8:00,277.25293,276.88147
30/12/2021 9:00,278.42313,278.2933075
30/12/2021 10:00,279.29025,279.0212506
30/12/2021 11:00,279.85373,279.8273334
30/12/2021 12:00,280.29138,279.3882549
30/12/2021 13:00,280.68378,279.6836235
30/12/2021 14:00,280.963,286.376224
30/12/2021 15:00,280.5245,281.8178474
30/12/2021 16:00,280.01218,280.4570868
30/12/2021 17:00,279.04617,278.8840849
30/12/2021 18:00,278.62762,278.4025166
30/12/2021 19:00,278.0793,278.4953989
30/12/2021 20:00,277.75656,279.4671312
30/12/2021 21:00,278.32202,275.7773269
30/12/2021 22:00,278.94702,276.6622135
30/12/2021 23:00,279.21863,278.2055038
31/12/2021 0:00,279.3386,279.0272225
31/12/2021 1:00,278.78915,277.0050702
31/12/2021 2:00,278.22397,279.4905652
31/12/2021 3:00,277.67062,273.9920457
31/12/2021 4:00,277.35995,275.0422118
31/12/2021 5:00,277.03326,278.5791628
31/12/2021 6:00,276.5296,275.5544368
31/12/2021 7:00,277.00348,277.7136656
31/12/2021 8:00,278.6987,281.6522833
31/12/2021 9:00,281.6068,279.4849272
31/12/2021 10:00,283.97702,282.4718171
31/12/2021 11:00,285.7332,283.6902423
31/12/2021 12:00,286.66855,281.7065574
31/12/2021 13:00,287.01968,285.0922057
31/12/2021 14:00,286.6781,286.9170654
31/12/2021 15:00,285.92868,284.7902664
31/12/2021 16:00,283.81128,282.5537726
31/12/2021 17:00,280.5675,279.1081916
31/12/2021 18:00,278.86218,277.5982474
31/12/2021 19:00,277.5785,279.4344488
31/12/2021 20:00,277.0167,275.8605821
31/12/2021 21:00,276.5282,277.2094956
31/12/2021 22:00,275.97006,276.8110391
31/12/2021 23:00,275.80408,278.6064477
