datetime,t2m
01/01/2019 0:00,272.0915
01/01/2019 1:00,271.38922
01/01/2019 2:00,271.6804
01/01/2019 3:00,272.7506
01/01/2019 4:00,272.27737
01/01/2019 5:00,272.05786
01/01/2019 6:00,271.2154
01/01/2019 7:00,270.92737
01/01/2019 8:00,272.23868
01/01/2019 9:00,274.90817
01/01/2019 10:00,275.94098
01/01/2019 11:00,276.35965
01/01/2019 12:00,276.52396
01/01/2019 13:00,276.5487
01/01/2019 14:00,276.30447
01/01/2019 15:00,275.99615
01/01/2019 16:00,274.872
01/01/2019 17:00,273.8773
01/01/2019 18:00,273.27844
01/01/2019 19:00,273.05133
01/01/2019 20:00,272.8737
01/01/2019 21:00,272.2431
01/01/2019 22:00,273.03418
01/01/2019 23:00,273.595
02/01/2019 0:00,274.25223
02/01/2019 1:00,273.91916
02/01/2019 2:00,272.9917
02/01/2019 3:00,272.795
02/01/2019 4:00,272.71066
02/01/2019 5:00,272.45944
02/01/2019 6:00,272.17966
02/01/2019 7:00,272.05914
02/01/2019 8:00,273.63812
02/01/2019 9:00,276.75046
02/01/2019 10:00,278.08456
02/01/2019 11:00,278.6587
02/01/2019 12:00,278.77353
02/01/2019 13:00,278.67456
02/01/2019 14:00,278.155
02/01/2019 15:00,277.14758
02/01/2019 16:00,276.1427
02/01/2019 17:00,275.31735
02/01/2019 18:00,274.51105
02/01/2019 19:00,274.6208
02/01/2019 20:00,274.60684
02/01/2019 21:00,274.5161
02/01/2019 22:00,274.15897
02/01/2019 23:00,273.61276
03/01/2019 0:00,273.08432
03/01/2019 1:00,272.56854
03/01/2019 2:00,272.15555
03/01/2019 3:00,271.8295
03/01/2019 4:00,271.5681
03/01/2019 5:00,271.3036
03/01/2019 6:00,271.10437
03/01/2019 7:00,271.45645
03/01/2019 8:00,271.99124
03/01/2019 9:00,272.717
03/01/2019 10:00,273.40088
03/01/2019 11:00,273.76056
03/01/2019 12:00,274.12662
03/01/2019 13:00,274.28775
03/01/2019 14:00,274.20972
03/01/2019 15:00,273.4624
03/01/2019 16:00,272.91238
03/01/2019 17:00,272.5438
03/01/2019 18:00,272.09973
03/01/2019 19:00,271.79587
03/01/2019 20:00,271.636
03/01/2019 21:00,271.58206
03/01/2019 22:00,271.31308
03/01/2019 23:00,271.10312
04/01/2019 0:00,270.84744
04/01/2019 1:00,270.61398
04/01/2019 2:00,270.45413
04/01/2019 3:00,270.29236
04/01/2019 4:00,270.15787
04/01/2019 5:00,270.14963
04/01/2019 6:00,270.1623
04/01/2019 7:00,270.72247
04/01/2019 8:00,271.1526
04/01/2019 9:00,271.6563
04/01/2019 10:00,272.3148
04/01/2019 11:00,272.52225
04/01/2019 12:00,272.6631
04/01/2019 13:00,272.7646
04/01/2019 14:00,272.47403
04/01/2019 15:00,272.0953
04/01/2019 16:00,271.30548
04/01/2019 17:00,270.2029
04/01/2019 18:00,269.4004
04/01/2019 19:00,270.3831
04/01/2019 20:00,270.2048
04/01/2019 21:00,270.56894
04/01/2019 22:00,270.81067
04/01/2019 23:00,271.02698
05/01/2019 0:00,271.09613
05/01/2019 1:00,271.09613
05/01/2019 2:00,271.17288
05/01/2019 3:00,271.2065
05/01/2019 4:00,271.30737
05/01/2019 5:00,271.40634
05/01/2019 6:00,271.55353
05/01/2019 7:00,271.2966
05/01/2019 8:00,271.773
05/01/2019 9:00,272.44293
05/01/2019 10:00,273.04816
05/01/2019 11:00,273.46176
05/01/2019 12:00,273.79926
05/01/2019 13:00,273.99084
05/01/2019 14:00,273.9217
05/01/2019 15:00,273.8056
05/01/2019 16:00,273.69968
05/01/2019 17:00,273.83035
05/01/2019 18:00,273.96674
05/01/2019 19:00,273.9141
05/01/2019 20:00,274.23065
05/01/2019 21:00,274.56433
05/01/2019 22:00,274.9729
05/01/2019 23:00,274.50534
06/01/2019 0:00,274.04922
06/01/2019 1:00,273.86523
06/01/2019 2:00,273.51886
06/01/2019 3:00,273.39578
06/01/2019 4:00,273.52838
06/01/2019 5:00,273.98514
06/01/2019 6:00,274.24524
06/01/2019 7:00,274.5542
06/01/2019 8:00,274.89804
06/01/2019 9:00,275.44678
06/01/2019 10:00,275.80774
06/01/2019 11:00,276.02533
06/01/2019 12:00,275.53812
06/01/2019 13:00,275.40872
06/01/2019 14:00,274.96655
06/01/2019 15:00,274.15707
06/01/2019 16:00,273.3146
06/01/2019 17:00,273.03418
06/01/2019 18:00,272.85782
06/01/2019 19:00,273.36218
06/01/2019 20:00,273.2264
06/01/2019 21:00,272.9143
06/01/2019 22:00,272.48734
06/01/2019 23:00,272.22345
07/01/2019 0:00,271.8441
07/01/2019 1:00,271.2839
07/01/2019 2:00,270.75165
07/01/2019 3:00,270.28284
07/01/2019 4:00,269.64148
07/01/2019 5:00,268.6049
07/01/2019 6:00,267.97366
07/01/2019 7:00,269.1606
07/01/2019 8:00,268.45706
07/01/2019 9:00,269.09717
07/01/2019 10:00,270.92548
07/01/2019 11:00,272.49304
07/01/2019 12:00,272.7595
07/01/2019 13:00,272.91684
07/01/2019 14:00,272.30148
07/01/2019 15:00,271.10883
07/01/2019 16:00,271.19318
07/01/2019 17:00,271.52118
07/01/2019 18:00,271.34418
07/01/2019 19:00,270.75546
07/01/2019 20:00,270.60004
07/01/2019 21:00,270.4846
07/01/2019 22:00,270.54993
07/01/2019 23:00,270.02908
08/01/2019 0:00,269.55838
08/01/2019 1:00,269.33887
08/01/2019 2:00,268.5725
08/01/2019 3:00,269.27924
08/01/2019 4:00,269.73093
08/01/2019 5:00,270.21878
08/01/2019 6:00,270.35135
08/01/2019 7:00,270.05447
08/01/2019 8:00,270.60068
08/01/2019 9:00,272.15048
08/01/2019 10:00,273.95532
08/01/2019 11:00,274.86694
08/01/2019 12:00,275.06488
08/01/2019 13:00,275.08136
08/01/2019 14:00,274.85236
08/01/2019 15:00,275.36432
08/01/2019 16:00,275.42773
08/01/2019 17:00,275.53687
08/01/2019 18:00,275.69037
08/01/2019 19:00,274.93356
08/01/2019 20:00,274.85742
08/01/2019 21:00,274.7134
08/01/2019 22:00,274.36957
08/01/2019 23:00,273.98007
09/01/2019 0:00,273.76755
09/01/2019 1:00,273.67365
09/01/2019 2:00,273.5512
09/01/2019 3:00,273.28857
09/01/2019 4:00,273.43704
09/01/2019 5:00,273.20993
09/01/2019 6:00,272.84958
09/01/2019 7:00,272.4994
09/01/2019 8:00,273.1135
09/01/2019 9:00,274.99954
09/01/2019 10:00,276.55252
09/01/2019 11:00,277.53647
09/01/2019 12:00,277.79782
09/01/2019 13:00,278.01416
09/01/2019 14:00,277.53836
09/01/2019 15:00,276.3825
09/01/2019 16:00,274.30487
09/01/2019 17:00,272.41504
09/01/2019 18:00,271.5992
09/01/2019 19:00,271.1063
09/01/2019 20:00,270.76562
09/01/2019 21:00,270.54422
09/01/2019 22:00,270.5867
09/01/2019 23:00,270.52264
10/01/2019 0:00,270.53595
10/01/2019 1:00,269.9003
10/01/2019 2:00,269.71823
10/01/2019 3:00,269.94534
10/01/2019 4:00,271.22745
10/01/2019 5:00,272.0198
10/01/2019 6:00,272.37125
10/01/2019 7:00,271.77936
10/01/2019 8:00,272.25705
10/01/2019 9:00,272.88892
10/01/2019 10:00,273.5398
10/01/2019 11:00,274.1539
10/01/2019 12:00,274.6633
10/01/2019 13:00,274.71088
10/01/2019 14:00,274.22113
10/01/2019 15:00,273.95532
10/01/2019 16:00,273.33426
10/01/2019 17:00,273.03735
10/01/2019 18:00,272.82993
10/01/2019 19:00,272.92825
10/01/2019 20:00,272.78424
10/01/2019 21:00,272.71255
10/01/2019 22:00,272.50638
10/01/2019 23:00,272.14795
11/01/2019 0:00,271.79395
11/01/2019 1:00,271.5681
11/01/2019 2:00,271.551
11/01/2019 3:00,271.49326
11/01/2019 4:00,271.49832
11/01/2019 5:00,271.5256
11/01/2019 6:00,271.60364
11/01/2019 7:00,272.0141
11/01/2019 8:00,272.74683
11/01/2019 9:00,273.33807
11/01/2019 10:00,273.93628
11/01/2019 11:00,274.1875
11/01/2019 12:00,274.66077
11/01/2019 13:00,274.6119
11/01/2019 14:00,274.4197
11/01/2019 15:00,273.87033
11/01/2019 16:00,273.06464
11/01/2019 17:00,271.3423
11/01/2019 18:00,270.48837
11/01/2019 19:00,271.07455
11/01/2019 20:00,270.69394
11/01/2019 21:00,269.88953
11/01/2019 22:00,269.51776
11/01/2019 23:00,269.54758
12/01/2019 0:00,269.97327
12/01/2019 1:00,270.74088
12/01/2019 2:00,271.76413
12/01/2019 3:00,272.20187
12/01/2019 4:00,272.37
12/01/2019 5:00,272.4829
12/01/2019 6:00,272.58377
12/01/2019 7:00,272.10608
12/01/2019 8:00,272.59265
12/01/2019 9:00,273.8018
12/01/2019 10:00,274.94244
12/01/2019 11:00,275.698
12/01/2019 12:00,275.9708
12/01/2019 13:00,276.347
12/01/2019 14:00,276.071
12/01/2019 15:00,274.70074
12/01/2019 16:00,273.90585
12/01/2019 17:00,273.53854
12/01/2019 18:00,273.47574
12/01/2019 19:00,273.62228
12/01/2019 20:00,273.73645
12/01/2019 21:00,273.52267
12/01/2019 22:00,272.91113
12/01/2019 23:00,272.57617
13/01/2019 0:00,272.3535
13/01/2019 1:00,272.1397
13/01/2019 2:00,272.41946
13/01/2019 3:00,272.85403
13/01/2019 4:00,273.15854
13/01/2019 5:00,272.22406
13/01/2019 6:00,272.62564
13/01/2019 7:00,273.49286
13/01/2019 8:00,274.04352
13/01/2019 9:00,275.07758
13/01/2019 10:00,276.52588
13/01/2019 11:00,278.214
13/01/2019 12:00,279.3489
13/01/2019 13:00,279.50052
13/01/2019 14:00,278.8357
13/01/2019 15:00,276.92236
13/01/2019 16:00,275.07184
13/01/2019 17:00,274.1869
13/01/2019 18:00,273.9217
13/01/2019 19:00,275.56415
13/01/2019 20:00,276.93695
13/01/2019 21:00,277.52884
13/01/2019 22:00,277.749
13/01/2019 23:00,278.15244
14/01/2019 0:00,278.72595
14/01/2019 1:00,278.7234
14/01/2019 2:00,278.62317
14/01/2019 3:00,278.37955
14/01/2019 4:00,277.9577
14/01/2019 5:00,277.35883
14/01/2019 6:00,276.64767
14/01/2019 7:00,276.58615
14/01/2019 8:00,277.0372
14/01/2019 9:00,278.6574
14/01/2019 10:00,280.67923
14/01/2019 11:00,281.9778
14/01/2019 12:00,280.76804
14/01/2019 13:00,280.70776
14/01/2019 14:00,280.24213
14/01/2019 15:00,278.967
14/01/2019 16:00,277.10062
14/01/2019 17:00,277.60245
14/01/2019 18:00,276.84497
14/01/2019 19:00,276.83737
14/01/2019 20:00,273.27716
14/01/2019 21:00,274.52945
14/01/2019 22:00,274.13297
14/01/2019 23:00,273.6527
15/01/2019 0:00,273.2093
15/01/2019 1:00,272.60153
15/01/2019 2:00,272.06802
15/01/2019 3:00,271.39874
15/01/2019 4:00,270.2549
15/01/2019 5:00,269.3135
15/01/2019 6:00,268.9779
15/01/2019 7:00,269.44736
15/01/2019 8:00,272.0826
15/01/2019 9:00,274.34293
15/01/2019 10:00,275.9435
15/01/2019 11:00,277.1222
15/01/2019 12:00,277.87457
15/01/2019 13:00,278.2178
15/01/2019 14:00,278.05792
15/01/2019 15:00,276.90778
15/01/2019 16:00,275.62695
15/01/2019 17:00,275.1321
15/01/2019 18:00,274.86694
15/01/2019 19:00,276.21185
15/01/2019 20:00,276.23026
15/01/2019 21:00,275.93652
15/01/2019 22:00,275.57428
15/01/2019 23:00,275.56287
16/01/2019 0:00,275.99744
16/01/2019 1:00,276.5303
16/01/2019 2:00,276.57156
16/01/2019 3:00,276.67496
16/01/2019 4:00,276.6318
16/01/2019 5:00,276.0025
16/01/2019 6:00,275.698
16/01/2019 7:00,275.77667
16/01/2019 8:00,276.99023
16/01/2019 9:00,278.91626
16/01/2019 10:00,280.7046
16/01/2019 11:00,282.00702
16/01/2019 12:00,282.77145
16/01/2019 13:00,283.05566
16/01/2019 14:00,282.7429
16/01/2019 15:00,281.5547
16/01/2019 16:00,279.89005
16/01/2019 17:00,279.07104
16/01/2019 18:00,278.90863
16/01/2019 19:00,279.2157
16/01/2019 20:00,279.15796
16/01/2019 21:00,279.16812
16/01/2019 22:00,279.2417
16/01/2019 23:00,279.16367
17/01/2019 0:00,279.04758
17/01/2019 1:00,279.05075
17/01/2019 2:00,279.19855
17/01/2019 3:00,279.36603
17/01/2019 4:00,279.49927
17/01/2019 5:00,279.62042
17/01/2019 6:00,279.5716
17/01/2019 7:00,279.7061
17/01/2019 8:00,280.84543
17/01/2019 9:00,282.11676
17/01/2019 10:00,283.27832
17/01/2019 11:00,284.12714
17/01/2019 12:00,284.575
17/01/2019 13:00,284.58517
17/01/2019 14:00,284.18805
17/01/2019 15:00,283.1895
17/01/2019 16:00,281.90613
17/01/2019 17:00,280.95456
17/01/2019 18:00,280.36774
17/01/2019 19:00,280.52444
17/01/2019 20:00,280.0867
17/01/2019 21:00,279.78854
17/01/2019 22:00,279.52084
17/01/2019 23:00,279.41934
18/01/2019 0:00,279.52908
18/01/2019 1:00,279.3502
18/01/2019 2:00,278.78494
18/01/2019 3:00,278.1112
18/01/2019 4:00,277.27637
18/01/2019 5:00,276.76694
18/01/2019 6:00,276.8932
18/01/2019 7:00,276.74728
18/01/2019 8:00,275.43283
18/01/2019 9:00,275.2647
18/01/2019 10:00,275.58127
18/01/2019 11:00,276.29877
18/01/2019 12:00,276.82468
18/01/2019 13:00,276.75046
18/01/2019 14:00,276.93
18/01/2019 15:00,276.56522
18/01/2019 16:00,276.17188
18/01/2019 17:00,275.76715
18/01/2019 18:00,275.46454
18/01/2019 19:00,274.15262
18/01/2019 20:00,273.51697
18/01/2019 21:00,273.1395
18/01/2019 22:00,272.17523
18/01/2019 23:00,271.4628
19/01/2019 0:00,270.75674
19/01/2019 1:00,270.26572
19/01/2019 2:00,270.13123
19/01/2019 3:00,269.82037
19/01/2019 4:00,270.00372
19/01/2019 5:00,270.81445
19/01/2019 6:00,271.38858
19/01/2019 7:00,271.70514
19/01/2019 8:00,272.5349
19/01/2019 9:00,273.57025
19/01/2019 10:00,274.66647
19/01/2019 11:00,275.6206
19/01/2019 12:00,276.17316
19/01/2019 13:00,276.44278
19/01/2019 14:00,276.35016
19/01/2019 15:00,275.91623
19/01/2019 16:00,275.15622
19/01/2019 17:00,274.62335
19/01/2019 18:00,274.5415
19/01/2019 19:00,273.74472
19/01/2019 20:00,273.55566
19/01/2019 21:00,273.42688
19/01/2019 22:00,273.50555
19/01/2019 23:00,273.48334
20/01/2019 0:00,273.52838
20/01/2019 1:00,273.46875
20/01/2019 2:00,273.47192
20/01/2019 3:00,273.385
20/01/2019 4:00,273.2264
20/01/2019 5:00,273.0932
20/01/2019 6:00,273.0678
20/01/2019 7:00,273.11475
20/01/2019 8:00,273.588
20/01/2019 9:00,274.2224
20/01/2019 10:00,274.86313
20/01/2019 11:00,275.34082
20/01/2019 12:00,275.8864
20/01/2019 13:00,276.07608
20/01/2019 14:00,276.19345
20/01/2019 15:00,275.86865
20/01/2019 16:00,275.5324
20/01/2019 17:00,275.1461
20/01/2019 18:00,274.52756
20/01/2019 19:00,274.18243
20/01/2019 20:00,273.7022
20/01/2019 21:00,273.62036
20/01/2019 22:00,273.62164
20/01/2019 23:00,273.54172
21/01/2019 0:00,273.17377
21/01/2019 1:00,272.89462
21/01/2019 2:00,272.24817
21/01/2019 3:00,271.976
21/01/2019 4:00,271.94684
21/01/2019 5:00,271.17606
21/01/2019 6:00,270.85886
21/01/2019 7:00,271.02127
21/01/2019 8:00,272.41946
21/01/2019 9:00,273.27527
21/01/2019 10:00,273.60324
21/01/2019 11:00,274.25348
21/01/2019 12:00,274.66647
21/01/2019 13:00,274.77686
21/01/2019 14:00,274.6874
21/01/2019 15:00,274.40573
21/01/2019 16:00,274.0657
21/01/2019 17:00,273.68823
21/01/2019 18:00,273.39706
21/01/2019 19:00,273.0691
21/01/2019 20:00,272.7633
21/01/2019 21:00,272.64468
21/01/2019 22:00,272.59964
21/01/2019 23:00,272.43152
22/01/2019 0:00,272.41757
22/01/2019 1:00,272.39664
22/01/2019 2:00,272.25452
22/01/2019 3:00,272.2171
22/01/2019 4:00,272.15237
22/01/2019 5:00,271.91766
22/01/2019 6:00,271.68802
22/01/2019 7:00,271.65567
22/01/2019 8:00,271.9462
22/01/2019 9:00,272.44803
22/01/2019 10:00,272.87433
22/01/2019 11:00,273.31903
22/01/2019 12:00,273.57407
22/01/2019 13:00,273.63623
22/01/2019 14:00,273.39517
22/01/2019 15:00,272.9993
22/01/2019 16:00,272.40805
22/01/2019 17:00,272.08386
22/01/2019 18:00,271.8314
22/01/2019 19:00,271.4831
22/01/2019 20:00,271.09106
22/01/2019 21:00,270.72247
22/01/2019 22:00,270.52454
22/01/2019 23:00,270.27206
23/01/2019 0:00,270.1623
23/01/2019 1:00,269.86606
23/01/2019 2:00,269.9111
23/01/2019 3:00,269.84256
23/01/2019 4:00,269.80896
23/01/2019 5:00,269.81973
23/01/2019 6:00,269.80896
23/01/2019 7:00,269.45688
23/01/2019 8:00,269.90094
23/01/2019 9:00,270.55182
23/01/2019 10:00,271.24902
23/01/2019 11:00,271.8885
23/01/2019 12:00,272.21835
23/01/2019 13:00,272.4201
23/01/2019 14:00,272.3757
23/01/2019 15:00,272.17648
23/01/2019 16:00,271.77618
23/01/2019 17:00,271.37527
23/01/2019 18:00,271.1805
23/01/2019 19:00,270.70724
23/01/2019 20:00,270.5937
23/01/2019 21:00,270.5531
23/01/2019 22:00,270.5715
23/01/2019 23:00,270.5677
24/01/2019 0:00,270.52646
24/01/2019 1:00,270.58926
24/01/2019 2:00,270.75165
24/01/2019 3:00,270.82397
24/01/2019 4:00,270.92865
24/01/2019 5:00,270.94452
24/01/2019 6:00,271.0365
24/01/2019 7:00,270.62604
24/01/2019 8:00,271.17798
24/01/2019 9:00,271.9532
24/01/2019 10:00,272.57425
24/01/2019 11:00,273.19406
24/01/2019 12:00,273.59372
24/01/2019 13:00,273.67493
24/01/2019 14:00,273.7682
24/01/2019 15:00,273.55566
24/01/2019 16:00,273.2004
24/01/2019 17:00,272.83182
24/01/2019 18:00,272.41122
24/01/2019 19:00,270.7618
24/01/2019 20:00,270.4351
24/01/2019 21:00,269.96756
24/01/2019 22:00,269.30716
24/01/2019 23:00,268.67087
25/01/2019 0:00,267.85504
25/01/2019 1:00,267.38177
25/01/2019 2:00,267.2517
25/01/2019 3:00,267.0728
25/01/2019 4:00,267.06964
25/01/2019 5:00,267.07855
25/01/2019 6:00,267.35895
25/01/2019 7:00,268.1367
25/01/2019 8:00,268.7311
25/01/2019 9:00,269.5882
25/01/2019 10:00,270.3945
25/01/2019 11:00,270.76245
25/01/2019 12:00,271.2909
25/01/2019 13:00,271.80347
25/01/2019 14:00,271.7946
25/01/2019 15:00,271.43744
25/01/2019 16:00,271.25284
25/01/2019 17:00,271.00732
25/01/2019 18:00,270.7339
25/01/2019 19:00,270.02466
25/01/2019 20:00,269.84448
25/01/2019 21:00,269.6516
25/01/2019 22:00,269.66306
25/01/2019 23:00,269.67447
26/01/2019 0:00,269.7157
26/01/2019 1:00,269.66113
26/01/2019 2:00,269.68652
26/01/2019 3:00,269.65796
26/01/2019 4:00,269.29
26/01/2019 5:00,268.5719
26/01/2019 6:00,267.38367
26/01/2019 7:00,265.2889
26/01/2019 8:00,265.72476
26/01/2019 9:00,267.12357
26/01/2019 10:00,270.96228
26/01/2019 11:00,272.21646
26/01/2019 12:00,272.85782
26/01/2019 13:00,273.0894
26/01/2019 14:00,273.12744
26/01/2019 15:00,272.57742
26/01/2019 16:00,271.6785
26/01/2019 17:00,270.73264
26/01/2019 18:00,270.19974
26/01/2019 19:00,270.0843
26/01/2019 20:00,270.37164
26/01/2019 21:00,270.52075
26/01/2019 22:00,270.47125
26/01/2019 23:00,268.85165
27/01/2019 0:00,267.27774
27/01/2019 1:00,266.73785
27/01/2019 2:00,266.47714
27/01/2019 3:00,264.76175
27/01/2019 4:00,263.54688
27/01/2019 5:00,263.9808
27/01/2019 6:00,263.85455
27/01/2019 7:00,264.704
27/01/2019 8:00,268.268
27/01/2019 9:00,270.89948
27/01/2019 10:00,274.57956
27/01/2019 11:00,276.97693
27/01/2019 12:00,277.20847
27/01/2019 13:00,277.09808
27/01/2019 14:00,276.7073
27/01/2019 15:00,276.04565
27/01/2019 16:00,274.81873
27/01/2019 17:00,274.0397
27/01/2019 18:00,273.5081
27/01/2019 19:00,273.26385
27/01/2019 20:00,273.20483
27/01/2019 21:00,273.47128
27/01/2019 22:00,274.15768
27/01/2019 23:00,274.5085
28/01/2019 0:00,274.5301
28/01/2019 1:00,274.2313
28/01/2019 2:00,273.65842
28/01/2019 3:00,273.03928
28/01/2019 4:00,272.60916
28/01/2019 5:00,272.22916
28/01/2019 6:00,272.43658
28/01/2019 7:00,273.2226
28/01/2019 8:00,274.10504
28/01/2019 9:00,274.9881
28/01/2019 10:00,276.80563
28/01/2019 11:00,276.77518
28/01/2019 12:00,276.52713
28/01/2019 13:00,276.62292
28/01/2019 14:00,276.45737
28/01/2019 15:00,276.15475
28/01/2019 16:00,275.4753
28/01/2019 17:00,274.87772
28/01/2019 18:00,274.41336
28/01/2019 19:00,273.7371
28/01/2019 20:00,273.48398
28/01/2019 21:00,273.3406
28/01/2019 22:00,273.26764
28/01/2019 23:00,273.22577
29/01/2019 0:00,272.90097
29/01/2019 1:00,272.83563
29/01/2019 2:00,272.7316
29/01/2019 3:00,272.58823
29/01/2019 4:00,272.52032
29/01/2019 5:00,272.45944
29/01/2019 6:00,272.33762
29/01/2019 7:00,271.87198
29/01/2019 8:00,272.65482
29/01/2019 9:00,273.68192
29/01/2019 10:00,274.88535
29/01/2019 11:00,275.86737
29/01/2019 12:00,276.661
29/01/2019 13:00,276.7828
29/01/2019 14:00,276.95346
29/01/2019 15:00,276.55188
29/01/2019 16:00,275.83313
29/01/2019 17:00,275.1004
29/01/2019 18:00,274.1672
29/01/2019 19:00,272.6935
29/01/2019 20:00,272.64975
29/01/2019 21:00,272.83817
29/01/2019 22:00,272.4271
29/01/2019 23:00,272.63898
30/01/2019 0:00,272.65674
30/01/2019 1:00,272.12195
30/01/2019 2:00,272.363
30/01/2019 3:00,271.95825
30/01/2019 4:00,271.53766
30/01/2019 5:00,271.6081
30/01/2019 6:00,271.27884
30/01/2019 7:00,271.6899
30/01/2019 8:00,272.88132
30/01/2019 9:00,274.45712
30/01/2019 10:00,275.57428
30/01/2019 11:00,276.28735
30/01/2019 12:00,276.64767
30/01/2019 13:00,276.95218
30/01/2019 14:00,276.76822
30/01/2019 15:00,276.48654
30/01/2019 16:00,275.8369
30/01/2019 17:00,275.318
30/01/2019 18:00,274.6963
30/01/2019 19:00,273.85953
30/01/2019 20:00,273.54678
30/01/2019 21:00,273.24545
30/01/2019 22:00,273.1896
30/01/2019 23:00,272.9676
31/01/2019 0:00,272.84833
31/01/2019 1:00,272.8553
31/01/2019 2:00,272.68274
31/01/2019 3:00,272.67575
31/01/2019 4:00,272.43787
31/01/2019 5:00,272.3947
31/01/2019 6:00,272.07373
31/01/2019 7:00,272.70813
31/01/2019 8:00,272.66498
31/01/2019 9:00,274.29535
31/01/2019 10:00,275.0801
31/01/2019 11:00,275.3548
31/01/2019 12:00,276.04755
31/01/2019 13:00,276.08688
31/01/2019 14:00,276.21884
31/01/2019 15:00,275.9784
31/01/2019 16:00,275.53433
31/01/2019 17:00,275.141
31/01/2019 18:00,274.4914
31/01/2019 19:00,273.24606
31/01/2019 20:00,272.01218
31/01/2019 21:00,271.23697
31/01/2019 22:00,270.92484
31/01/2019 23:00,270.77258
01/02/2019 0:00,270.8373
01/02/2019 1:00,271.5827
01/02/2019 2:00,272.2298
01/02/2019 3:00,272.47845
01/02/2019 4:00,272.93015
01/02/2019 5:00,273.451
01/02/2019 6:00,273.61655
01/02/2019 7:00,273.34125
01/02/2019 8:00,274.66266
01/02/2019 9:00,276.4745
01/02/2019 10:00,278.68408
01/02/2019 11:00,280.6456
01/02/2019 12:00,281.9074
01/02/2019 13:00,282.75812
01/02/2019 14:00,283.0512
01/02/2019 15:00,282.5881
01/02/2019 16:00,281.365
01/02/2019 17:00,281.0605
01/02/2019 18:00,281.09982
01/02/2019 19:00,280.14252
01/02/2019 20:00,280.05624
01/02/2019 21:00,280.01755
01/02/2019 22:00,279.98773
01/02/2019 23:00,280.14127
02/02/2019 0:00,280.71158
02/02/2019 1:00,281.10745
02/02/2019 2:00,281.568
02/02/2019 3:00,281.98163
02/02/2019 4:00,281.89346
02/02/2019 5:00,281.75452
02/02/2019 6:00,281.74374
02/02/2019 7:00,281.81985
02/02/2019 8:00,283.20728
02/02/2019 9:00,285.43716
02/02/2019 10:00,287.48688
02/02/2019 11:00,289.01764
02/02/2019 12:00,289.4979
02/02/2019 13:00,289.61588
02/02/2019 14:00,289.27966
02/02/2019 15:00,288.32172
02/02/2019 16:00,286.51498
02/02/2019 17:00,285.34137
02/02/2019 18:00,285.24048
02/02/2019 19:00,284.33014
02/02/2019 20:00,283.98505
02/02/2019 21:00,283.7427
02/02/2019 22:00,283.5638
02/02/2019 23:00,283.4014
03/02/2019 0:00,283.28848
03/02/2019 1:00,283.02075
03/02/2019 2:00,282.93005
03/02/2019 3:00,282.67566
03/02/2019 4:00,282.2284
03/02/2019 5:00,281.6822
03/02/2019 6:00,281.47348
03/02/2019 7:00,282.16815
03/02/2019 8:00,282.90784
03/02/2019 9:00,283.29736
03/02/2019 10:00,283.15018
03/02/2019 11:00,283.32208
03/02/2019 12:00,283.29227
03/02/2019 13:00,283.31195
03/02/2019 14:00,283.26627
03/02/2019 15:00,282.90402
03/02/2019 16:00,281.306
03/02/2019 17:00,280.80737
03/02/2019 18:00,279.83423
03/02/2019 19:00,278.27045
03/02/2019 20:00,276.76822
03/02/2019 21:00,277.3163
03/02/2019 22:00,276.35712
03/02/2019 23:00,276.1687
04/02/2019 0:00,276.2645
04/02/2019 1:00,276.2461
04/02/2019 2:00,276.2423
04/02/2019 3:00,276.14334
04/02/2019 4:00,276.16046
04/02/2019 5:00,275.95618
04/02/2019 6:00,275.77158
04/02/2019 7:00,275.73605
04/02/2019 8:00,276.08942
04/02/2019 9:00,276.8748
04/02/2019 10:00,277.73376
04/02/2019 11:00,278.51468
04/02/2019 12:00,278.70438
04/02/2019 13:00,278.88452
04/02/2019 14:00,278.7253
04/02/2019 15:00,278.37448
04/02/2019 16:00,277.61893
04/02/2019 17:00,276.71872
04/02/2019 18:00,275.9822
04/02/2019 19:00,275.47787
04/02/2019 20:00,275.2279
04/02/2019 21:00,274.5656
04/02/2019 22:00,274.03653
04/02/2019 23:00,273.30762
05/02/2019 0:00,272.97266
05/02/2019 1:00,272.80453
05/02/2019 2:00,272.9479
05/02/2019 3:00,272.32178
05/02/2019 4:00,272.19363
05/02/2019 5:00,272.13843
05/02/2019 6:00,272.30148
05/02/2019 7:00,273.215
05/02/2019 8:00,274.79272
05/02/2019 9:00,275.74686
05/02/2019 10:00,276.5671
05/02/2019 11:00,276.99658
05/02/2019 12:00,277.37595
05/02/2019 13:00,277.51996
05/02/2019 14:00,277.4007
05/02/2019 15:00,277.24844
05/02/2019 16:00,277.0131
05/02/2019 17:00,276.74664
05/02/2019 18:00,276.5614
05/02/2019 19:00,275.48166
05/02/2019 20:00,275.36176
05/02/2019 21:00,275.21585
05/02/2019 22:00,275.02872
05/02/2019 23:00,274.9012
06/02/2019 0:00,274.8346
06/02/2019 1:00,274.5288
06/02/2019 2:00,274.093
06/02/2019 3:00,273.98325
06/02/2019 4:00,273.44147
06/02/2019 5:00,272.97708
06/02/2019 6:00,272.31607
06/02/2019 7:00,273.0323
06/02/2019 8:00,274.26617
06/02/2019 9:00,275.6206
06/02/2019 10:00,277.07397
06/02/2019 11:00,278.20636
06/02/2019 12:00,278.81982
06/02/2019 13:00,279.15543
06/02/2019 14:00,279.14273
06/02/2019 15:00,278.62317
06/02/2019 16:00,277.30048
06/02/2019 17:00,275.76715
06/02/2019 18:00,274.2408
06/02/2019 19:00,272.67514
06/02/2019 20:00,272.47656
06/02/2019 21:00,272.08008
06/02/2019 22:00,271.78824
06/02/2019 23:00,272.606
07/02/2019 0:00,272.43405
07/02/2019 1:00,272.2888
07/02/2019 2:00,272.2247
07/02/2019 3:00,271.38034
07/02/2019 4:00,270.4757
07/02/2019 5:00,270.28537
07/02/2019 6:00,270.29996
07/02/2019 7:00,269.63956
07/02/2019 8:00,273.11285
07/02/2019 9:00,275.21713
07/02/2019 10:00,276.6997
07/02/2019 11:00,277.7623
07/02/2019 12:00,278.3916
07/02/2019 13:00,278.59018
07/02/2019 14:00,278.34402
07/02/2019 15:00,277.2237
07/02/2019 16:00,275.07883
07/02/2019 17:00,273.6578
07/02/2019 18:00,272.81088
07/02/2019 19:00,272.0071
07/02/2019 20:00,271.28326
07/02/2019 21:00,270.8982
07/02/2019 22:00,270.41034
07/02/2019 23:00,270.48013
08/02/2019 0:00,271.64108
08/02/2019 1:00,272.33636
08/02/2019 2:00,270.97812
08/02/2019 3:00,270.6216
08/02/2019 4:00,270.7707
08/02/2019 5:00,270.91977
08/02/2019 6:00,270.86078
08/02/2019 7:00,271.81363
08/02/2019 8:00,273.2575
08/02/2019 9:00,274.5745
08/02/2019 10:00,276.06213
08/02/2019 11:00,276.7219
08/02/2019 12:00,277.32965
08/02/2019 13:00,277.30872
08/02/2019 14:00,277.17804
08/02/2019 15:00,276.72952
08/02/2019 16:00,276.1611
08/02/2019 17:00,275.08517
08/02/2019 18:00,273.81702
08/02/2019 19:00,273.29492
08/02/2019 20:00,272.38205
08/02/2019 21:00,272.193
08/02/2019 22:00,272.3814
08/02/2019 23:00,272.25452
09/02/2019 0:00,271.87643
09/02/2019 1:00,271.76288
09/02/2019 2:00,272.10608
09/02/2019 3:00,272.38205
09/02/2019 4:00,272.30972
09/02/2019 5:00,272.44992
09/02/2019 6:00,272.04898
09/02/2019 7:00,272.6415
09/02/2019 8:00,274.53705
09/02/2019 9:00,275.25266
09/02/2019 10:00,276.39075
09/02/2019 11:00,277.9393
09/02/2019 12:00,279.30893
09/02/2019 13:00,280.27576
09/02/2019 14:00,280.47623
09/02/2019 15:00,279.616
09/02/2019 16:00,277.82257
09/02/2019 17:00,276.00122
09/02/2019 18:00,274.47488
09/02/2019 19:00,273.04877
09/02/2019 20:00,272.40106
09/02/2019 21:00,271.90625
09/02/2019 22:00,271.72165
09/02/2019 23:00,271.70325
10/02/2019 0:00,271.74448
10/02/2019 1:00,272.016
10/02/2019 2:00,271.59158
10/02/2019 3:00,271.43933
10/02/2019 4:00,271.3486
10/02/2019 5:00,271.78824
10/02/2019 6:00,272.02362
10/02/2019 7:00,273.32156
10/02/2019 8:00,275.9898
10/02/2019 9:00,278.46075
10/02/2019 10:00,280.30368
10/02/2019 11:00,281.1398
10/02/2019 12:00,282.7543
10/02/2019 13:00,283.71924
10/02/2019 14:00,283.48514
10/02/2019 15:00,282.8799
10/02/2019 16:00,281.5515
10/02/2019 17:00,280.50412
10/02/2019 18:00,280.19202
10/02/2019 19:00,280.81244
10/02/2019 20:00,281.32883
10/02/2019 21:00,281.65872
10/02/2019 22:00,282.18652
10/02/2019 23:00,282.24997
11/02/2019 0:00,282.04315
11/02/2019 1:00,281.41068
11/02/2019 2:00,280.70142
11/02/2019 3:00,280.15332
11/02/2019 4:00,279.3819
11/02/2019 5:00,279.78284
11/02/2019 6:00,278.74115
11/02/2019 7:00,276.0152
11/02/2019 8:00,275.8991
11/02/2019 9:00,276.32288
11/02/2019 10:00,277.22815
11/02/2019 11:00,278.49567
11/02/2019 12:00,279.32355
11/02/2019 13:00,279.71115
11/02/2019 14:00,279.94208
11/02/2019 15:00,279.86023
11/02/2019 16:00,278.8858
11/02/2019 17:00,278.6124
11/02/2019 18:00,278.28186
11/02/2019 19:00,277.9583
11/02/2019 20:00,277.8638
11/02/2019 21:00,277.83334
11/02/2019 22:00,277.70837
11/02/2019 23:00,277.55295
12/02/2019 0:00,277.37723
12/02/2019 1:00,277.10443
12/02/2019 2:00,276.7086
12/02/2019 3:00,276.27277
12/02/2019 4:00,275.88895
12/02/2019 5:00,275.6815
12/02/2019 6:00,275.72018
12/02/2019 7:00,276.05515
12/02/2019 8:00,276.8418
12/02/2019 9:00,277.65952
12/02/2019 10:00,278.40112
12/02/2019 11:00,279.02094
12/02/2019 12:00,279.21
12/02/2019 13:00,279.09705
12/02/2019 14:00,279.21948
12/02/2019 15:00,278.74878
12/02/2019 16:00,277.87585
12/02/2019 17:00,277.0334
12/02/2019 18:00,276.63245
12/02/2019 19:00,275.97015
12/02/2019 20:00,275.44614
12/02/2019 21:00,275.02237
12/02/2019 22:00,274.68042
12/02/2019 23:00,274.3753
13/02/2019 0:00,274.12598
13/02/2019 1:00,273.73392
13/02/2019 2:00,273.33615
13/02/2019 3:00,272.8959
13/02/2019 4:00,272.33636
13/02/2019 5:00,271.50085
13/02/2019 6:00,270.69138
13/02/2019 7:00,271.4514
13/02/2019 8:00,275.06107
13/02/2019 9:00,276.68573
13/02/2019 10:00,278.06808
13/02/2019 11:00,279.28357
13/02/2019 12:00,279.57538
13/02/2019 13:00,279.69974
13/02/2019 14:00,279.89764
13/02/2019 15:00,279.59506
13/02/2019 16:00,278.94733
13/02/2019 17:00,278.34467
13/02/2019 18:00,277.61893
13/02/2019 19:00,275.9708
13/02/2019 20:00,274.492
13/02/2019 21:00,273.76373
13/02/2019 22:00,274.31567
13/02/2019 23:00,275.01413
14/02/2019 0:00,275.8509
14/02/2019 1:00,276.2645
14/02/2019 2:00,276.24866
14/02/2019 3:00,275.6333
14/02/2019 4:00,274.99762
14/02/2019 5:00,274.6798
14/02/2019 6:00,274.3829
14/02/2019 7:00,275.7405
14/02/2019 8:00,277.20786
14/02/2019 9:00,279.03235
14/02/2019 10:00,280.54538
14/02/2019 11:00,281.68536
14/02/2019 12:00,282.07742
14/02/2019 13:00,282.31024
14/02/2019 14:00,282.3077
14/02/2019 15:00,282.0032
14/02/2019 16:00,281.4811
14/02/2019 17:00,280.50858
14/02/2019 18:00,279.77585
14/02/2019 19:00,279.26135
14/02/2019 20:00,278.3136
14/02/2019 21:00,277.44003
14/02/2019 22:00,276.57156
14/02/2019 23:00,275.9771
15/02/2019 0:00,276.11734
15/02/2019 1:00,276.02155
15/02/2019 2:00,275.32306
15/02/2019 3:00,274.6893
15/02/2019 4:00,274.40765
15/02/2019 5:00,273.8589
15/02/2019 6:00,273.831
15/02/2019 7:00,274.8365
15/02/2019 8:00,277.17105
15/02/2019 9:00,278.63333
15/02/2019 10:00,279.80124
15/02/2019 11:00,281.02054
15/02/2019 12:00,281.6936
15/02/2019 13:00,282.19098
15/02/2019 14:00,281.9442
15/02/2019 15:00,281.56293
15/02/2019 16:00,280.6564
15/02/2019 17:00,279.72638
15/02/2019 18:00,278.11313
15/02/2019 19:00,275.9784
15/02/2019 20:00,275.55527
15/02/2019 21:00,276.78723
15/02/2019 22:00,276.60645
15/02/2019 23:00,276.1427
16/02/2019 0:00,274.59225
16/02/2019 1:00,273.24606
16/02/2019 2:00,272.66815
16/02/2019 3:00,272.2691
16/02/2019 4:00,271.81805
16/02/2019 5:00,271.5066
16/02/2019 6:00,271.44122
16/02/2019 7:00,272.47467
16/02/2019 8:00,276.864
16/02/2019 9:00,279.7118
16/02/2019 10:00,281.2299
16/02/2019 11:00,282.23285
16/02/2019 12:00,282.82916
16/02/2019 13:00,283.12543
16/02/2019 14:00,283.11337
16/02/2019 15:00,282.597
16/02/2019 16:00,281.18927
16/02/2019 17:00,278.44492
16/02/2019 18:00,276.51254
16/02/2019 19:00,276.21756
16/02/2019 20:00,275.672
16/02/2019 21:00,275.6485
16/02/2019 22:00,275.53687
16/02/2019 23:00,275.20126
17/02/2019 0:00,274.69186
17/02/2019 1:00,274.05048
17/02/2019 2:00,273.48334
17/02/2019 3:00,273.40723
17/02/2019 4:00,273.5125
17/02/2019 5:00,273.62418
17/02/2019 6:00,273.71298
17/02/2019 7:00,273.5265
17/02/2019 8:00,277.07843
17/02/2019 9:00,280.54156
17/02/2019 10:00,282.48154
17/02/2019 11:00,283.7427
17/02/2019 12:00,284.45447
17/02/2019 13:00,284.69745
17/02/2019 14:00,284.4234
17/02/2019 15:00,283.67862
17/02/2019 16:00,281.65112
17/02/2019 17:00,278.8547
17/02/2019 18:00,277.09302
17/02/2019 19:00,279.89447
17/02/2019 20:00,278.80524
17/02/2019 21:00,277.13046
17/02/2019 22:00,275.7424
17/02/2019 23:00,274.96655
18/02/2019 0:00,274.85742
18/02/2019 1:00,275.12894
18/02/2019 2:00,275.4893
18/02/2019 3:00,275.4582
18/02/2019 4:00,275.25076
18/02/2019 5:00,275.03442
18/02/2019 6:00,274.81937
18/02/2019 7:00,275.03253
18/02/2019 8:00,277.64938
18/02/2019 9:00,281.34152
18/02/2019 10:00,283.3773
18/02/2019 11:00,284.75266
18/02/2019 12:00,285.5044
18/02/2019 13:00,285.75244
18/02/2019 14:00,285.41876
18/02/2019 15:00,284.38852
18/02/2019 16:00,281.93533
18/02/2019 17:00,279.22458
18/02/2019 18:00,277.63922
18/02/2019 19:00,277.99576
18/02/2019 20:00,276.63626
18/02/2019 21:00,275.32053
18/02/2019 22:00,274.17862
18/02/2019 23:00,273.22894
19/02/2019 0:00,272.54126
19/02/2019 1:00,272.28055
19/02/2019 2:00,272.20947
19/02/2019 3:00,272.03122
19/02/2019 4:00,271.9811
19/02/2019 5:00,272.03375
19/02/2019 6:00,272.11307
19/02/2019 7:00,273.7041
19/02/2019 8:00,278.35037
19/02/2019 9:00,281.93024
19/02/2019 10:00,284.05164
19/02/2019 11:00,285.34644
19/02/2019 12:00,285.9529
19/02/2019 13:00,286.08105
19/02/2019 14:00,285.7905
19/02/2019 15:00,284.68222
19/02/2019 16:00,282.41556
19/02/2019 17:00,280.39755
19/02/2019 18:00,279.24612
19/02/2019 19:00,279.2918
19/02/2019 20:00,278.06808
19/02/2019 21:00,276.79803
19/02/2019 22:00,275.81027
19/02/2019 23:00,274.99637
20/02/2019 0:00,274.35944
20/02/2019 1:00,273.8868
20/02/2019 2:00,273.49097
20/02/2019 3:00,273.05133
20/02/2019 4:00,272.4956
20/02/2019 5:00,272.02423
20/02/2019 6:00,271.8098
20/02/2019 7:00,274.03082
20/02/2019 8:00,277.49142
20/02/2019 9:00,279.97314
20/02/2019 10:00,282.29755
20/02/2019 11:00,284.01422
20/02/2019 12:00,285.0286
20/02/2019 13:00,285.38385
20/02/2019 14:00,285.39148
20/02/2019 15:00,284.86493
20/02/2019 16:00,283.62344
20/02/2019 17:00,281.44873
20/02/2019 18:00,280.54663
20/02/2019 19:00,278.76718
20/02/2019 20:00,279.25122
20/02/2019 21:00,279.94144
20/02/2019 22:00,279.74414
20/02/2019 23:00,279.30133
21/02/2019 0:00,278.87756
21/02/2019 1:00,278.45758
21/02/2019 2:00,278.10297
21/02/2019 3:00,277.77817
21/02/2019 4:00,277.56628
21/02/2019 5:00,277.3233
21/02/2019 6:00,277.03275
21/02/2019 7:00,277.65826
21/02/2019 8:00,279.33685
21/02/2019 9:00,281.68283
21/02/2019 10:00,283.6558
21/02/2019 11:00,284.7869
21/02/2019 12:00,285.52344
21/02/2019 13:00,285.9066
21/02/2019 14:00,285.97766
21/02/2019 15:00,285.5983
21/02/2019 16:00,284.4088
21/02/2019 17:00,282.17386
21/02/2019 18:00,279.99408
21/02/2019 19:00,278.40305
21/02/2019 20:00,277.70837
21/02/2019 21:00,277.3233
21/02/2019 22:00,277.38547
21/02/2019 23:00,277.5187
22/02/2019 0:00,277.57452
22/02/2019 1:00,277.47427
22/02/2019 2:00,277.78513
22/02/2019 3:00,277.4781
22/02/2019 4:00,277.1038
22/02/2019 5:00,276.982
22/02/2019 6:00,277.09747
22/02/2019 7:00,278.03635
22/02/2019 8:00,279.09833
22/02/2019 9:00,279.8837
22/02/2019 10:00,280.5866
22/02/2019 11:00,281.41766
22/02/2019 12:00,281.93277
22/02/2019 13:00,283.1153
22/02/2019 14:00,283.3037
22/02/2019 15:00,282.42252
22/02/2019 16:00,280.671
22/02/2019 17:00,279.03934
22/02/2019 18:00,277.97925
22/02/2019 19:00,276.7644
22/02/2019 20:00,275.7348
22/02/2019 21:00,274.74323
22/02/2019 22:00,273.60513
22/02/2019 23:00,272.5051
23/02/2019 0:00,271.52625
23/02/2019 1:00,270.82904
23/02/2019 2:00,270.48837
23/02/2019 3:00,270.3044
23/02/2019 4:00,270.2118
23/02/2019 5:00,270.11154
23/02/2019 6:00,270.01956
23/02/2019 7:00,270.10394
23/02/2019 8:00,270.9426
23/02/2019 9:00,271.83392
23/02/2019 10:00,272.80328
23/02/2019 11:00,273.70728
23/02/2019 12:00,274.433
23/02/2019 13:00,274.643
23/02/2019 14:00,274.6487
23/02/2019 15:00,274.29156
23/02/2019 16:00,273.4421
23/02/2019 17:00,272.35284
23/02/2019 18:00,271.69754
23/02/2019 19:00,271.0111
23/02/2019 20:00,269.97134
23/02/2019 21:00,269.33823
23/02/2019 22:00,269.17773
23/02/2019 23:00,269.26782
24/02/2019 0:00,269.1441
24/02/2019 1:00,268.77362
24/02/2019 2:00,268.47992
24/02/2019 3:00,268.58774
24/02/2019 4:00,268.93475
24/02/2019 5:00,269.0921
24/02/2019 6:00,269.4797
24/02/2019 7:00,270.1363
24/02/2019 8:00,272.18793
24/02/2019 9:00,273.75104
24/02/2019 10:00,274.9735
24/02/2019 11:00,275.68405
24/02/2019 12:00,276.19473
24/02/2019 13:00,276.47702
24/02/2019 14:00,276.58105
24/02/2019 15:00,276.22073
24/02/2019 16:00,275.40997
24/02/2019 17:00,273.7098
24/02/2019 18:00,272.1733
24/02/2019 19:00,271.57257
24/02/2019 20:00,271.21222
24/02/2019 21:00,271.22934
24/02/2019 22:00,272.07437
24/02/2019 23:00,272.59964
25/02/2019 0:00,272.48798
25/02/2019 1:00,271.96017
25/02/2019 2:00,271.7819
25/02/2019 3:00,271.77618
25/02/2019 4:00,271.66074
25/02/2019 5:00,271.27438
25/02/2019 6:00,271.07584
25/02/2019 7:00,273.27716
25/02/2019 8:00,274.84348
25/02/2019 9:00,276.569
25/02/2019 10:00,277.70395
25/02/2019 11:00,278.6238
25/02/2019 12:00,279.19855
25/02/2019 13:00,279.39078
25/02/2019 14:00,279.66547
25/02/2019 15:00,279.49417
25/02/2019 16:00,278.59717
25/02/2019 17:00,276.28036
25/02/2019 18:00,274.58084
25/02/2019 19:00,273.55502
25/02/2019 20:00,272.60406
25/02/2019 21:00,272.14667
25/02/2019 22:00,272.0845
25/02/2019 23:00,272.6358
26/02/2019 0:00,272.6821
26/02/2019 1:00,272.69415
26/02/2019 2:00,272.8648
26/02/2019 3:00,272.85464
26/02/2019 4:00,272.99487
26/02/2019 5:00,273.11157
26/02/2019 6:00,273.52014
26/02/2019 7:00,275.65738
26/02/2019 8:00,278.47726
26/02/2019 9:00,281.04782
26/02/2019 10:00,282.2151
26/02/2019 11:00,284.38977
26/02/2019 12:00,286.34686
26/02/2019 13:00,287.55222
26/02/2019 14:00,287.91953
26/02/2019 15:00,287.39743
26/02/2019 16:00,286.04236
26/02/2019 17:00,284.62576
26/02/2019 18:00,283.67102
26/02/2019 19:00,283.57584
26/02/2019 20:00,282.75812
26/02/2019 21:00,281.91818
26/02/2019 22:00,280.98502
26/02/2019 23:00,280.0093
27/02/2019 0:00,279.19983
27/02/2019 1:00,278.51025
27/02/2019 2:00,277.96658
27/02/2019 3:00,277.44827
27/02/2019 4:00,276.82593
27/02/2019 5:00,276.10336
27/02/2019 6:00,275.38208
27/02/2019 7:00,277.07208
27/02/2019 8:00,279.5056
27/02/2019 9:00,280.7471
27/02/2019 10:00,281.92072
27/02/2019 11:00,282.99918
27/02/2019 12:00,283.51367
27/02/2019 13:00,283.9165
27/02/2019 14:00,283.9622
27/02/2019 15:00,283.6742
27/02/2019 16:00,282.75558
27/02/2019 17:00,280.7268
27/02/2019 18:00,278.69614
27/02/2019 19:00,277.42352
27/02/2019 20:00,276.0926
27/02/2019 21:00,275.1074
27/02/2019 22:00,274.5288
27/02/2019 23:00,274.15137
28/02/2019 0:00,273.94263
28/02/2019 1:00,273.75232
28/02/2019 2:00,273.5766
28/02/2019 3:00,273.47446
28/02/2019 4:00,273.3038
28/02/2019 5:00,273.0583
28/02/2019 6:00,272.97076
28/02/2019 7:00,276.38315
28/02/2019 8:00,280.90823
28/02/2019 9:00,283.94
28/02/2019 10:00,286.1388
28/02/2019 11:00,287.71588
28/02/2019 12:00,288.78293
28/02/2019 13:00,289.364
28/02/2019 14:00,289.42874
28/02/2019 15:00,288.7474
28/02/2019 16:00,287.23502
28/02/2019 17:00,285.54626
28/02/2019 18:00,284.53378
28/02/2019 19:00,284.82495
28/02/2019 20:00,283.69574
28/02/2019 21:00,282.67755
28/02/2019 22:00,281.87442
28/02/2019 23:00,281.0199
01/03/2019 0:00,280.13428
01/03/2019 1:00,279.3362
01/03/2019 2:00,278.12836
01/03/2019 3:00,277.63098
01/03/2019 4:00,277.06638
01/03/2019 5:00,276.26578
01/03/2019 6:00,275.85532
01/03/2019 7:00,278.95685
01/03/2019 8:00,282.61285
01/03/2019 9:00,285.16055
01/03/2019 10:00,287.1259
01/03/2019 11:00,287.90872
01/03/2019 12:00,288.16693
01/03/2019 13:00,287.86053
01/03/2019 14:00,287.13477
01/03/2019 15:00,286.45282
01/03/2019 16:00,285.17896
01/03/2019 17:00,283.48322
01/03/2019 18:00,281.7704
01/03/2019 19:00,280.8245
01/03/2019 20:00,279.98773
01/03/2019 21:00,279.30957
01/03/2019 22:00,279.2677
01/03/2019 23:00,278.60605
02/03/2019 0:00,277.65826
02/03/2019 1:00,277.01373
02/03/2019 2:00,276.6058
02/03/2019 3:00,276.35205
02/03/2019 4:00,275.89084
02/03/2019 5:00,275.55588
02/03/2019 6:00,275.43408
02/03/2019 7:00,278.2641
02/03/2019 8:00,280.41342
02/03/2019 9:00,281.2489
02/03/2019 10:00,281.4722
02/03/2019 11:00,281.75833
02/03/2019 12:00,282.51007
02/03/2019 13:00,283.00934
02/03/2019 14:00,283.3132
02/03/2019 15:00,283.24216
02/03/2019 16:00,282.7467
02/03/2019 17:00,281.3079
02/03/2019 18:00,281.38785
02/03/2019 19:00,279.4593
02/03/2019 20:00,279.2049
02/03/2019 21:00,279.86023
02/03/2019 22:00,279.45993
02/03/2019 23:00,279.01523
03/03/2019 0:00,278.43094
03/03/2019 1:00,277.81494
03/03/2019 2:00,277.9818
03/03/2019 3:00,277.66714
03/03/2019 4:00,277.41464
03/03/2019 5:00,276.7885
03/03/2019 6:00,276.10718
03/03/2019 7:00,277.16153
03/03/2019 8:00,281.0383
03/03/2019 9:00,283.34048
03/03/2019 10:00,284.9842
03/03/2019 11:00,286.6704
03/03/2019 12:00,287.57568
03/03/2019 13:00,288.0432
03/03/2019 14:00,288.53424
03/03/2019 15:00,288.33124
03/03/2019 16:00,286.9083
03/03/2019 17:00,284.61307
03/03/2019 18:00,282.3299
03/03/2019 19:00,281.40625
03/03/2019 20:00,280.20914
03/03/2019 21:00,279.70163
03/03/2019 22:00,279.63376
03/03/2019 23:00,279.4815
04/03/2019 0:00,279.43137
04/03/2019 1:00,279.4301
04/03/2019 2:00,279.4961
04/03/2019 3:00,279.63818
04/03/2019 4:00,279.32098
04/03/2019 5:00,279.01712
04/03/2019 6:00,278.95367
04/03/2019 7:00,281.28506
04/03/2019 8:00,284.17853
04/03/2019 9:00,286.51562
04/03/2019 10:00,288.05466
04/03/2019 11:00,289.15024
04/03/2019 12:00,290.0244
04/03/2019 13:00,290.69116
04/03/2019 14:00,290.91193
04/03/2019 15:00,290.28452
04/03/2019 16:00,288.89203
04/03/2019 17:00,287.54712
04/03/2019 18:00,286.6146
04/03/2019 19:00,286.25488
04/03/2019 20:00,285.30585
04/03/2019 21:00,284.3993
04/03/2019 22:00,283.90826
04/03/2019 23:00,282.75305
05/03/2019 0:00,281.5477
05/03/2019 1:00,280.56885
05/03/2019 2:00,279.82788
05/03/2019 3:00,279.55637
05/03/2019 4:00,279.43265
05/03/2019 5:00,279.38696
05/03/2019 6:00,279.3635
05/03/2019 7:00,279.42694
05/03/2019 8:00,281.49124
05/03/2019 9:00,283.58536
05/03/2019 10:00,285.48727
05/03/2019 11:00,286.73956
05/03/2019 12:00,287.51987
05/03/2019 13:00,287.72858
05/03/2019 14:00,287.50653
05/03/2019 15:00,287.2661
05/03/2019 16:00,286.27835
05/03/2019 17:00,284.40817
05/03/2019 18:00,283.09244
05/03/2019 19:00,281.85855
05/03/2019 20:00,281.06302
05/03/2019 21:00,280.07846
05/03/2019 22:00,279.08246
05/03/2019 23:00,278.8725
06/03/2019 0:00,279.29944
06/03/2019 1:00,279.177
06/03/2019 2:00,278.7767
06/03/2019 3:00,277.9412
06/03/2019 4:00,277.10953
06/03/2019 5:00,278.1683
06/03/2019 6:00,276.55695
06/03/2019 7:00,278.58194
06/03/2019 8:00,282.05142
06/03/2019 9:00,283.75854
06/03/2019 10:00,285.04953
06/03/2019 11:00,286.27264
06/03/2019 12:00,287.29147
06/03/2019 13:00,288.0185
06/03/2019 14:00,288.4321
06/03/2019 15:00,288.37183
06/03/2019 16:00,286.83026
06/03/2019 17:00,285.0908
06/03/2019 18:00,283.9235
06/03/2019 19:00,283.6469
06/03/2019 20:00,282.47327
06/03/2019 21:00,281.22543
06/03/2019 22:00,280.22372
06/03/2019 23:00,279.58173
07/03/2019 0:00,279.27216
07/03/2019 1:00,279.34003
07/03/2019 2:00,279.63754
07/03/2019 3:00,279.8469
07/03/2019 4:00,279.9833
07/03/2019 5:00,280.1508
07/03/2019 6:00,280.57645
07/03/2019 7:00,283.40775
07/03/2019 8:00,285.60464
07/03/2019 9:00,287.03708
07/03/2019 10:00,288.66238
07/03/2019 11:00,291.0788
07/03/2019 12:00,292.6616
07/03/2019 13:00,293.85803
07/03/2019 14:00,294.19998
07/03/2019 15:00,293.63602
07/03/2019 16:00,292.13632
07/03/2019 17:00,290.35748
07/03/2019 18:00,289.08932
07/03/2019 19:00,288.5628
07/03/2019 20:00,287.12082
07/03/2019 21:00,285.2741
07/03/2019 22:00,283.7649
07/03/2019 23:00,282.56274
08/03/2019 0:00,281.45383
08/03/2019 1:00,281.09348
08/03/2019 2:00,281.37643
08/03/2019 3:00,281.1785
08/03/2019 4:00,280.78326
08/03/2019 5:00,280.402
08/03/2019 6:00,280.17743
08/03/2019 7:00,283.3817
08/03/2019 8:00,287.57504
08/03/2019 9:00,288.97894
08/03/2019 10:00,289.7066
08/03/2019 11:00,290.30927
08/03/2019 12:00,290.27502
08/03/2019 13:00,290.48627
08/03/2019 14:00,290.2991
08/03/2019 15:00,289.96478
08/03/2019 16:00,288.7747
08/03/2019 17:00,287.22485
08/03/2019 18:00,285.95798
08/03/2019 19:00,285.5209
08/03/2019 20:00,284.78372
08/03/2019 21:00,283.9349
08/03/2019 22:00,283.18253
08/03/2019 23:00,282.4644
09/03/2019 0:00,281.77863
09/03/2019 1:00,280.7097
09/03/2019 2:00,279.5145
09/03/2019 3:00,279.42758
09/03/2019 4:00,280.92917
09/03/2019 5:00,280.808
09/03/2019 6:00,280.69193
09/03/2019 7:00,281.20578
09/03/2019 8:00,284.18866
09/03/2019 9:00,285.94403
09/03/2019 10:00,287.58392
09/03/2019 11:00,288.6478
09/03/2019 12:00,289.4852
09/03/2019 13:00,289.84552
09/03/2019 14:00,289.58734
09/03/2019 15:00,289.24728
09/03/2019 16:00,288.25385
09/03/2019 17:00,286.5962
09/03/2019 18:00,285.8533
09/03/2019 19:00,285.7702
09/03/2019 20:00,285.12375
09/03/2019 21:00,284.7165
09/03/2019 22:00,284.48492
09/03/2019 23:00,284.24323
10/03/2019 0:00,283.9736
10/03/2019 1:00,283.5251
10/03/2019 2:00,283.12924
10/03/2019 3:00,282.6522
10/03/2019 4:00,282.33817
10/03/2019 5:00,282.0178
10/03/2019 6:00,282.0552
10/03/2019 7:00,283.57648
10/03/2019 8:00,285.72708
10/03/2019 9:00,287.40884
10/03/2019 10:00,288.43274
10/03/2019 11:00,289.2752
10/03/2019 12:00,289.79224
10/03/2019 13:00,290.00793
10/03/2019 14:00,289.71356
10/03/2019 15:00,288.87808
10/03/2019 16:00,287.87637
10/03/2019 17:00,287.34793
10/03/2019 18:00,286.6146
10/03/2019 19:00,286.08994
10/03/2019 20:00,285.55197
10/03/2019 21:00,285.0895
10/03/2019 22:00,284.7279
10/03/2019 23:00,284.35297
11/03/2019 0:00,283.89938
11/03/2019 1:00,283.48386
11/03/2019 2:00,283.0899
11/03/2019 3:00,282.42316
11/03/2019 4:00,281.84967
11/03/2019 5:00,281.42273
11/03/2019 6:00,281.25778
11/03/2019 7:00,281.23367
11/03/2019 8:00,281.58322
11/03/2019 9:00,281.52805
11/03/2019 10:00,281.62637
11/03/2019 11:00,281.23306
11/03/2019 12:00,280.70206
11/03/2019 13:00,280.54346
11/03/2019 14:00,280.23007
11/03/2019 15:00,279.78348
11/03/2019 16:00,279.12433
11/03/2019 17:00,278.20383
11/03/2019 18:00,277.6183
11/03/2019 19:00,276.07547
11/03/2019 20:00,275.8826
11/03/2019 21:00,275.55273
11/03/2019 22:00,275.40045
11/03/2019 23:00,275.22348
12/03/2019 0:00,275.21143
12/03/2019 1:00,275.049
12/03/2019 2:00,274.66458
12/03/2019 3:00,274.17926
12/03/2019 4:00,273.64322
12/03/2019 5:00,273.1953
12/03/2019 6:00,273.29175
12/03/2019 7:00,275.7741
12/03/2019 8:00,277.86063
12/03/2019 9:00,279.609
12/03/2019 10:00,280.34363
12/03/2019 11:00,281.13092
12/03/2019 12:00,282.0546
12/03/2019 13:00,282.48914
12/03/2019 14:00,282.77905
12/03/2019 15:00,282.52466
12/03/2019 16:00,281.80145
12/03/2019 17:00,280.25925
12/03/2019 18:00,278.83316
12/03/2019 19:00,279.49734
12/03/2019 20:00,279.01648
12/03/2019 21:00,275.2812
12/03/2019 22:00,273.79672
12/03/2019 23:00,272.8908
13/03/2019 0:00,272.32178
13/03/2019 1:00,272.07056
13/03/2019 2:00,272.06866
13/03/2019 3:00,272.24692
13/03/2019 4:00,272.4607
13/03/2019 5:00,272.55206
13/03/2019 6:00,273.06717
13/03/2019 7:00,276.89
13/03/2019 8:00,280.03848
13/03/2019 9:00,281.9404
13/03/2019 10:00,283.2371
13/03/2019 11:00,283.60312
13/03/2019 12:00,283.3481
13/03/2019 13:00,283.58157
13/03/2019 14:00,283.89178
13/03/2019 15:00,283.78265
13/03/2019 16:00,282.64774
13/03/2019 17:00,280.8594
13/03/2019 18:00,279.2417
13/03/2019 19:00,279.34256
13/03/2019 20:00,278.384
13/03/2019 21:00,277.76993
13/03/2019 22:00,277.13425
13/03/2019 23:00,276.3641
14/03/2019 0:00,275.71194
14/03/2019 1:00,275.20572
14/03/2019 2:00,275.11563
14/03/2019 3:00,274.78384
14/03/2019 4:00,273.9883
14/03/2019 5:00,273.5157
14/03/2019 6:00,273.5912
14/03/2019 7:00,277.15012
14/03/2019 8:00,279.75427
14/03/2019 9:00,281.80273
14/03/2019 10:00,283.5232
14/03/2019 11:00,284.8123
14/03/2019 12:00,285.55325
14/03/2019 13:00,285.87363
14/03/2019 14:00,285.7575
14/03/2019 15:00,285.47775
14/03/2019 16:00,284.60165
14/03/2019 17:00,283.12036
14/03/2019 18:00,281.26477
14/03/2019 19:00,279.9833
14/03/2019 20:00,279.5145
14/03/2019 21:00,279.34637
14/03/2019 22:00,279.44852
14/03/2019 23:00,279.47134
15/03/2019 0:00,279.10468
15/03/2019 1:00,278.86234
15/03/2019 2:00,279.51257
15/03/2019 3:00,280.04483
15/03/2019 4:00,279.9592
15/03/2019 5:00,279.25247
15/03/2019 6:00,278.9892
15/03/2019 7:00,280.5422
15/03/2019 8:00,282.6084
15/03/2019 9:00,284.66763
15/03/2019 10:00,285.90976
15/03/2019 11:00,286.21808
15/03/2019 12:00,286.96732
15/03/2019 13:00,287.0593
15/03/2019 14:00,286.98315
15/03/2019 15:00,286.7313
15/03/2019 16:00,285.8343
15/03/2019 17:00,284.25464
15/03/2019 18:00,282.87674
15/03/2019 19:00,281.60544
15/03/2019 20:00,281.96198
15/03/2019 21:00,282.10153
15/03/2019 22:00,282.07742
15/03/2019 23:00,282.51324
16/03/2019 0:00,283.78076
16/03/2019 1:00,284.1265
16/03/2019 2:00,284.0637
16/03/2019 3:00,283.973
16/03/2019 4:00,283.38617
16/03/2019 5:00,283.33035
16/03/2019 6:00,283.553
16/03/2019 7:00,283.9863
16/03/2019 8:00,284.22357
16/03/2019 9:00,284.69046
16/03/2019 10:00,285.48282
16/03/2019 11:00,286.09818
16/03/2019 12:00,287.471
16/03/2019 13:00,287.98105
16/03/2019 14:00,287.97217
16/03/2019 15:00,288.1498
16/03/2019 16:00,287.52936
16/03/2019 17:00,285.77844
16/03/2019 18:00,284.1671
16/03/2019 19:00,282.94843
16/03/2019 20:00,282.06726
16/03/2019 21:00,281.21338
16/03/2019 22:00,280.58344
16/03/2019 23:00,280.1863
17/03/2019 0:00,280.21677
17/03/2019 1:00,280.46606
17/03/2019 2:00,280.64813
17/03/2019 3:00,280.69193
17/03/2019 4:00,280.73822
17/03/2019 5:00,280.54538
17/03/2019 6:00,281.18167
17/03/2019 7:00,284.38724
17/03/2019 8:00,287.23566
17/03/2019 9:00,289.2435
17/03/2019 10:00,290.71402
17/03/2019 11:00,291.86795
17/03/2019 12:00,292.7003
17/03/2019 13:00,293.35623
17/03/2019 14:00,293.7591
17/03/2019 15:00,293.64554
17/03/2019 16:00,292.39386
17/03/2019 17:00,290.0955
17/03/2019 18:00,288.38962
17/03/2019 19:00,287.9893
17/03/2019 20:00,287.03265
17/03/2019 21:00,286.1299
17/03/2019 22:00,285.4727
17/03/2019 23:00,284.9455
18/03/2019 0:00,284.47668
18/03/2019 1:00,283.96664
18/03/2019 2:00,283.3316
18/03/2019 3:00,282.51135
18/03/2019 4:00,281.51663
18/03/2019 5:00,281.14615
18/03/2019 6:00,282.3591
18/03/2019 7:00,281.68918
18/03/2019 8:00,281.16833
18/03/2019 9:00,280.9
18/03/2019 10:00,280.85306
18/03/2019 11:00,281.0034
18/03/2019 12:00,280.70715
18/03/2019 13:00,280.3963
18/03/2019 14:00,280.29416
18/03/2019 15:00,280.1933
18/03/2019 16:00,279.93573
18/03/2019 17:00,279.46628
18/03/2019 18:00,279.0628
18/03/2019 19:00,278.29074
18/03/2019 20:00,278.18417
18/03/2019 21:00,278.03888
18/03/2019 22:00,277.88663
18/03/2019 23:00,277.8137
19/03/2019 0:00,277.65952
19/03/2019 1:00,277.59293
19/03/2019 2:00,277.2624
19/03/2019 3:00,277.2935
19/03/2019 4:00,277.34235
19/03/2019 5:00,277.18057
19/03/2019 6:00,277.55676
19/03/2019 7:00,277.57834
19/03/2019 8:00,278.27997
19/03/2019 9:00,278.93213
19/03/2019 10:00,279.79172
19/03/2019 11:00,280.9368
19/03/2019 12:00,281.80338
19/03/2019 13:00,282.31277
19/03/2019 14:00,282.715
19/03/2019 15:00,282.71436
19/03/2019 16:00,282.3096
19/03/2019 17:00,281.4792
19/03/2019 18:00,280.82324
19/03/2019 19:00,279.45358
19/03/2019 20:00,278.16705
19/03/2019 21:00,276.92047
19/03/2019 22:00,275.99426
19/03/2019 23:00,275.43854
20/03/2019 0:00,275.049
20/03/2019 1:00,274.7591
20/03/2019 2:00,274.51993
20/03/2019 3:00,274.52185
20/03/2019 4:00,274.19894
20/03/2019 5:00,273.9382
20/03/2019 6:00,274.85425
20/03/2019 7:00,277.5574
20/03/2019 8:00,279.4149
20/03/2019 9:00,281.2343
20/03/2019 10:00,282.7169
20/03/2019 11:00,284.10684
20/03/2019 12:00,284.35995
20/03/2019 13:00,284.31873
20/03/2019 14:00,284.1138
20/03/2019 15:00,283.7376
20/03/2019 16:00,282.99982
20/03/2019 17:00,282.22586
20/03/2019 18:00,281.3834
20/03/2019 19:00,280.7344
20/03/2019 20:00,279.7029
20/03/2019 21:00,278.738
20/03/2019 22:00,277.83905
20/03/2019 23:00,276.64514
21/03/2019 0:00,275.3294
21/03/2019 1:00,274.76733
21/03/2019 2:00,274.61954
21/03/2019 3:00,274.26553
21/03/2019 4:00,273.99908
21/03/2019 5:00,273.69775
21/03/2019 6:00,275.45883
21/03/2019 7:00,277.4324
21/03/2019 8:00,279.92114
21/03/2019 9:00,282.066
21/03/2019 10:00,283.75348
21/03/2019 11:00,284.79578
21/03/2019 12:00,285.46
21/03/2019 13:00,285.85648
21/03/2019 14:00,285.9745
21/03/2019 15:00,285.75372
21/03/2019 16:00,285.021
21/03/2019 17:00,283.47055
21/03/2019 18:00,281.33963
21/03/2019 19:00,279.82977
21/03/2019 20:00,278.72214
21/03/2019 21:00,278.29266
21/03/2019 22:00,278.71133
21/03/2019 23:00,279.20364
22/03/2019 0:00,279.05075
22/03/2019 1:00,278.57178
22/03/2019 2:00,278.07443
22/03/2019 3:00,277.5225
22/03/2019 4:00,276.97757
22/03/2019 5:00,276.52905
22/03/2019 6:00,276.66226
22/03/2019 7:00,279.03488
22/03/2019 8:00,282.33624
22/03/2019 9:00,284.63782
22/03/2019 10:00,286.00873
22/03/2019 11:00,286.9324
22/03/2019 12:00,287.63467
22/03/2019 13:00,288.14917
22/03/2019 14:00,288.3414
22/03/2019 15:00,288.16693
22/03/2019 16:00,287.38092
22/03/2019 17:00,285.51834
22/03/2019 18:00,283.7319
22/03/2019 19:00,284.73297
22/03/2019 20:00,283.92285
22/03/2019 21:00,283.01315
22/03/2019 22:00,282.2525
22/03/2019 23:00,281.64795
23/03/2019 0:00,280.96786
23/03/2019 1:00,280.3652
23/03/2019 2:00,279.79614
23/03/2019 3:00,279.3749
23/03/2019 4:00,278.9854
23/03/2019 5:00,278.5039
23/03/2019 6:00,278.5299
23/03/2019 7:00,281.05606
23/03/2019 8:00,284.4475
23/03/2019 9:00,286.541
23/03/2019 10:00,288.27667
23/03/2019 11:00,289.46237
23/03/2019 12:00,290.24582
23/03/2019 13:00,290.67975
23/03/2019 14:00,290.80093
23/03/2019 15:00,290.58014
23/03/2019 16:00,289.7783
23/03/2019 17:00,287.91318
23/03/2019 18:00,286.99585
23/03/2019 19:00,284.56802
23/03/2019 20:00,285.21954
23/03/2019 21:00,285.2056
23/03/2019 22:00,284.42722
23/03/2019 23:00,283.65704
24/03/2019 0:00,282.98334
24/03/2019 1:00,282.42062
24/03/2019 2:00,281.948
24/03/2019 3:00,281.4462
24/03/2019 4:00,280.92853
24/03/2019 5:00,280.42355
24/03/2019 6:00,280.31317
24/03/2019 7:00,283.41727
24/03/2019 8:00,287.2642
24/03/2019 9:00,289.40463
24/03/2019 10:00,290.79395
24/03/2019 11:00,291.72903
24/03/2019 12:00,292.37485
24/03/2019 13:00,292.77325
24/03/2019 14:00,292.8589
24/03/2019 15:00,292.62607
24/03/2019 16:00,291.62625
24/03/2019 17:00,290.84406
24/03/2019 18:00,289.4078
24/03/2019 19:00,285.57736
24/03/2019 20:00,283.95648
24/03/2019 21:00,282.6782
24/03/2019 22:00,282.11548
24/03/2019 23:00,282.623
25/03/2019 0:00,282.56335
25/03/2019 1:00,281.771
25/03/2019 2:00,281.0643
25/03/2019 3:00,279.34955
25/03/2019 4:00,278.23557
25/03/2019 5:00,277.7642
25/03/2019 6:00,279.40283
25/03/2019 7:00,284.13474
25/03/2019 8:00,285.8438
25/03/2019 9:00,287.09988
25/03/2019 10:00,287.7755
25/03/2019 11:00,288.39722
25/03/2019 12:00,288.39087
25/03/2019 13:00,287.4843
25/03/2019 14:00,286.92798
25/03/2019 15:00,285.92944
25/03/2019 16:00,284.6613
25/03/2019 17:00,282.9643
25/03/2019 18:00,281.67206
25/03/2019 19:00,279.61978
25/03/2019 20:00,279.13196
25/03/2019 21:00,278.9486
25/03/2019 22:00,278.89532
25/03/2019 23:00,278.7253
26/03/2019 0:00,278.56607
26/03/2019 1:00,278.3028
26/03/2019 2:00,278.15436
26/03/2019 3:00,278.07697
26/03/2019 4:00,277.94943
26/03/2019 5:00,277.80862
26/03/2019 6:00,278.14673
26/03/2019 7:00,279.29056
26/03/2019 8:00,280.76486
26/03/2019 9:00,281.77356
26/03/2019 10:00,282.7093
26/03/2019 11:00,283.34494
26/03/2019 12:00,283.85056
26/03/2019 13:00,284.02692
26/03/2019 14:00,283.6913
26/03/2019 15:00,283.42233
26/03/2019 16:00,282.91736
26/03/2019 17:00,281.7044
26/03/2019 18:00,280.0093
26/03/2019 19:00,279.1034
26/03/2019 20:00,280.01694
26/03/2019 21:00,278.74307
26/03/2019 22:00,276.87225
26/03/2019 23:00,275.66754
27/03/2019 0:00,274.86377
27/03/2019 1:00,274.54022
27/03/2019 2:00,274.4533
27/03/2019 3:00,274.5428
27/03/2019 4:00,274.34802
27/03/2019 5:00,273.99338
27/03/2019 6:00,275.23172
27/03/2019 7:00,278.79764
27/03/2019 8:00,280.55933
27/03/2019 9:00,281.86237
27/03/2019 10:00,282.84314
27/03/2019 11:00,283.45532
27/03/2019 12:00,283.72177
27/03/2019 13:00,284.10492
27/03/2019 14:00,283.96094
27/03/2019 15:00,283.7757
27/03/2019 16:00,283.2003
27/03/2019 17:00,282.20557
27/03/2019 18:00,280.99072
27/03/2019 19:00,279.57666
27/03/2019 20:00,278.8414
27/03/2019 21:00,278.33832
27/03/2019 22:00,277.69632
27/03/2019 23:00,277.12473
28/03/2019 0:00,276.2423
28/03/2019 1:00,275.78745
28/03/2019 2:00,275.50195
28/03/2019 3:00,275.21967
28/03/2019 4:00,274.6056
28/03/2019 5:00,274.0175
28/03/2019 6:00,275.40997
28/03/2019 7:00,278.89468
28/03/2019 8:00,281.1328
28/03/2019 9:00,283.02075
28/03/2019 10:00,284.4748
28/03/2019 11:00,285.41623
28/03/2019 12:00,286.10898
28/03/2019 13:00,286.50482
28/03/2019 14:00,286.69135
28/03/2019 15:00,286.37604
28/03/2019 16:00,285.49298
28/03/2019 17:00,284.16647
28/03/2019 18:00,282.89896
28/03/2019 19:00,281.6162
28/03/2019 20:00,280.21295
28/03/2019 21:00,278.80396
28/03/2019 22:00,278.04968
28/03/2019 23:00,277.48633
29/03/2019 0:00,276.98328
29/03/2019 1:00,276.67178
29/03/2019 2:00,276.24738
29/03/2019 3:00,275.74747
29/03/2019 4:00,275.38333
29/03/2019 5:00,275.06107
29/03/2019 6:00,276.7092
29/03/2019 7:00,280.54156
29/03/2019 8:00,283.00998
29/03/2019 9:00,285.09204
29/03/2019 10:00,286.48834
29/03/2019 11:00,287.3251
29/03/2019 12:00,287.84973
29/03/2019 13:00,288.179
29/03/2019 14:00,288.21262
29/03/2019 15:00,287.95633
29/03/2019 16:00,287.2255
29/03/2019 17:00,285.6998
29/03/2019 18:00,283.31003
29/03/2019 19:00,281.8319
29/03/2019 20:00,280.8797
29/03/2019 21:00,280.57138
29/03/2019 22:00,281.64603
29/03/2019 23:00,281.44113
30/03/2019 0:00,281.02878
30/03/2019 1:00,280.5371
30/03/2019 2:00,280.1362
30/03/2019 3:00,279.7321
30/03/2019 4:00,279.3394
30/03/2019 5:00,278.92386
30/03/2019 6:00,279.17383
30/03/2019 7:00,281.65808
30/03/2019 8:00,284.79514
30/03/2019 9:00,286.62155
30/03/2019 10:00,287.7641
30/03/2019 11:00,288.78482
30/03/2019 12:00,289.55118
30/03/2019 13:00,290.02887
30/03/2019 14:00,290.19952
30/03/2019 15:00,290.0555
30/03/2019 16:00,289.4243
30/03/2019 17:00,287.4209
30/03/2019 18:00,286.21173
30/03/2019 19:00,283.154
30/03/2019 20:00,282.2855
30/03/2019 21:00,282.3242
30/03/2019 22:00,283.07278
30/03/2019 23:00,283.7852
31/03/2019 0:00,283.11972
31/03/2019 1:00,282.49612
31/03/2019 2:00,281.896
31/03/2019 3:00,281.3574
31/03/2019 4:00,280.92535
31/03/2019 5:00,280.61072
31/03/2019 6:00,281.02115
31/03/2019 7:00,283.79916
31/03/2019 8:00,287.0098
31/03/2019 9:00,289.11725
31/03/2019 10:00,290.74255
31/03/2019 11:00,291.8153
31/03/2019 12:00,292.47382
31/03/2019 13:00,292.86206
31/03/2019 14:00,292.91852
31/03/2019 15:00,292.64572
31/03/2019 16:00,291.63895
31/03/2019 17:00,289.68884
31/03/2019 18:00,287.25214
31/03/2019 19:00,285.36102
31/03/2019 20:00,283.94696
31/03/2019 21:00,283.09814
31/03/2019 22:00,282.51324
31/03/2019 23:00,281.84586
01/04/2019 0:00,281.16516
01/04/2019 1:00,280.27957
01/04/2019 2:00,279.4631
01/04/2019 3:00,278.67392
01/04/2019 4:00,277.87903
01/04/2019 5:00,277.3252
01/04/2019 6:00,279.54178
01/04/2019 7:00,284.08844
01/04/2019 8:00,286.28217
01/04/2019 9:00,288.3122
01/04/2019 10:00,289.9756
01/04/2019 11:00,291.2082
01/04/2019 12:00,292.02402
01/04/2019 13:00,292.50934
01/04/2019 14:00,292.6711
01/04/2019 15:00,292.477
01/04/2019 16:00,291.684
01/04/2019 17:00,289.8157
01/04/2019 18:00,287.7641
01/04/2019 19:00,286.09375
01/04/2019 20:00,284.4805
01/04/2019 21:00,283.24216
01/04/2019 22:00,282.69467
01/04/2019 23:00,282.13895
02/04/2019 0:00,281.40942
02/04/2019 1:00,280.70334
02/04/2019 2:00,280.0791
02/04/2019 3:00,279.3172
02/04/2019 4:00,278.4741
02/04/2019 5:00,277.86697
02/04/2019 6:00,279.98773
02/04/2019 7:00,283.18634
02/04/2019 8:00,284.82053
02/04/2019 9:00,286.75098
02/04/2019 10:00,288.58118
02/04/2019 11:00,290.15765
02/04/2019 12:00,291.42834
02/04/2019 13:00,292.23212
02/04/2019 14:00,292.63495
02/04/2019 15:00,292.5791
02/04/2019 16:00,291.7024
02/04/2019 17:00,289.89566
02/04/2019 18:00,287.8789
02/04/2019 19:00,285.94592
02/04/2019 20:00,284.54395
02/04/2019 21:00,283.58093
02/04/2019 22:00,283.17365
02/04/2019 23:00,282.9421
03/04/2019 0:00,282.7524
03/04/2019 1:00,282.51706
03/04/2019 2:00,282.09454
03/04/2019 3:00,281.4976
03/04/2019 4:00,281.02115
03/04/2019 5:00,280.63483
03/04/2019 6:00,282.02222
03/04/2019 7:00,285.66745
03/04/2019 8:00,288.13522
03/04/2019 9:00,290.38983
03/04/2019 10:00,291.80643
03/04/2019 11:00,292.80368
03/04/2019 12:00,293.56433
03/04/2019 13:00,293.75464
03/04/2019 14:00,292.24796
03/04/2019 15:00,289.2657
03/04/2019 16:00,288.63702
03/04/2019 17:00,288.028
03/04/2019 18:00,286.45282
03/04/2019 19:00,285.60526
03/04/2019 20:00,283.69067
03/04/2019 21:00,282.33435
03/04/2019 22:00,281.32822
03/04/2019 23:00,280.86572
04/04/2019 0:00,280.51617
04/04/2019 1:00,280.17996
04/04/2019 2:00,279.87988
04/04/2019 3:00,279.85007
04/04/2019 4:00,279.98395
04/04/2019 5:00,280.61896
04/04/2019 6:00,282.9497
04/04/2019 7:00,285.98273
04/04/2019 8:00,288.39276
04/04/2019 9:00,289.85568
04/04/2019 10:00,290.96585
04/04/2019 11:00,292.0145
04/04/2019 12:00,292.78656
04/04/2019 13:00,292.98703
04/04/2019 14:00,293.2332
04/04/2019 15:00,292.9147
04/04/2019 16:00,292.0437
04/04/2019 17:00,290.53003
04/04/2019 18:00,288.7347
04/04/2019 19:00,287.84085
04/04/2019 20:00,286.77444
04/04/2019 21:00,285.98083
04/04/2019 22:00,285.39212
04/04/2019 23:00,284.99118
05/04/2019 0:00,284.64352
05/04/2019 1:00,284.29144
05/04/2019 2:00,284.08145
05/04/2019 3:00,283.87592
05/04/2019 4:00,283.73444
05/04/2019 5:00,283.5156
05/04/2019 6:00,284.08908
05/04/2019 7:00,283.99393
05/04/2019 8:00,284.16266
05/04/2019 9:00,283.9438
05/04/2019 10:00,284.3162
05/04/2019 11:00,284.94678
05/04/2019 12:00,286.62726
05/04/2019 13:00,286.22318
05/04/2019 14:00,285.84634
05/04/2019 15:00,285.5856
05/04/2019 16:00,285.7664
05/04/2019 17:00,284.50778
05/04/2019 18:00,282.76193
05/04/2019 19:00,281.60608
05/04/2019 20:00,280.2897
05/04/2019 21:00,279.22458
05/04/2019 22:00,278.63647
05/04/2019 23:00,278.02368
06/04/2019 0:00,277.6278
06/04/2019 1:00,277.57706
06/04/2019 2:00,277.46857
06/04/2019 3:00,277.84857
06/04/2019 4:00,277.54535
06/04/2019 5:00,277.1907
06/04/2019 6:00,279.53604
06/04/2019 7:00,282.269
06/04/2019 8:00,283.5917
06/04/2019 9:00,285.3274
06/04/2019 10:00,286.31198
06/04/2019 11:00,287.04532
06/04/2019 12:00,287.42532
06/04/2019 13:00,287.9024
06/04/2019 14:00,287.943
06/04/2019 15:00,287.6943
06/04/2019 16:00,287.09546
06/04/2019 17:00,285.9529
06/04/2019 18:00,284.00598
06/04/2019 19:00,282.60968
06/04/2019 20:00,281.41003
06/04/2019 21:00,280.64435
06/04/2019 22:00,279.51132
06/04/2019 23:00,278.8731
07/04/2019 0:00,278.7234
07/04/2019 1:00,278.9759
07/04/2019 2:00,279.06787
07/04/2019 3:00,278.9245
07/04/2019 4:00,278.93784
07/04/2019 5:00,279.48975
07/04/2019 6:00,281.54706
07/04/2019 7:00,284.39166
07/04/2019 8:00,286.60886
07/04/2019 9:00,288.48096
07/04/2019 10:00,289.93307
07/04/2019 11:00,290.5205
07/04/2019 12:00,291.2393
07/04/2019 13:00,291.6104
07/04/2019 14:00,291.73538
07/04/2019 15:00,291.4854
07/04/2019 16:00,290.4869
07/04/2019 17:00,288.5279
07/04/2019 18:00,287.0396
07/04/2019 19:00,286.14005
07/04/2019 20:00,285.434
07/04/2019 21:00,284.62894
07/04/2019 22:00,284.17407
07/04/2019 23:00,283.87085
08/04/2019 0:00,283.4084
08/04/2019 1:00,283.07025
08/04/2019 2:00,282.86786
08/04/2019 3:00,282.64392
08/04/2019 4:00,282.2024
08/04/2019 5:00,281.84332
08/04/2019 6:00,283.29672
08/04/2019 7:00,284.54456
08/04/2019 8:00,286.40714
08/04/2019 9:00,288.49048
08/04/2019 10:00,290.3061
08/04/2019 11:00,291.57108
08/04/2019 12:00,292.1471
08/04/2019 13:00,292.61273
08/04/2019 14:00,292.65967
08/04/2019 15:00,290.90814
08/04/2019 16:00,289.2822
08/04/2019 17:00,288.32553
08/04/2019 18:00,287.2198
08/04/2019 19:00,285.99225
08/04/2019 20:00,285.28745
08/04/2019 21:00,284.3333
08/04/2019 22:00,283.69702
08/04/2019 23:00,283.3868
09/04/2019 0:00,283.37918
09/04/2019 1:00,282.96112
09/04/2019 2:00,282.4682
09/04/2019 3:00,282.14847
09/04/2019 4:00,281.79132
09/04/2019 5:00,282.0178
09/04/2019 6:00,283.60822
09/04/2019 7:00,285.4143
09/04/2019 8:00,287.2179
09/04/2019 9:00,288.7988
09/04/2019 10:00,290.10498
09/04/2019 11:00,290.9145
09/04/2019 12:00,291.54062
09/04/2019 13:00,291.7411
09/04/2019 14:00,291.45816
09/04/2019 15:00,291.38266
09/04/2019 16:00,290.85864
09/04/2019 17:00,289.83664
09/04/2019 18:00,288.7036
09/04/2019 19:00,288.6402
09/04/2019 20:00,287.89795
09/04/2019 21:00,287.22168
09/04/2019 22:00,285.96368
09/04/2019 23:00,284.7241
10/04/2019 0:00,283.82452
10/04/2019 1:00,283.3773
10/04/2019 2:00,282.85327
10/04/2019 3:00,282.40604
10/04/2019 4:00,282.09265
10/04/2019 5:00,282.04315
10/04/2019 6:00,284.20135
10/04/2019 7:00,286.82773
10/04/2019 8:00,288.7918
10/04/2019 9:00,290.08533
10/04/2019 10:00,291.03183
10/04/2019 11:00,291.57425
10/04/2019 12:00,291.49557
10/04/2019 13:00,291.46957
10/04/2019 14:00,291.21518
10/04/2019 15:00,290.0955
10/04/2019 16:00,289.28284
10/04/2019 17:00,288.54758
10/04/2019 18:00,287.57886
10/04/2019 19:00,285.84695
10/04/2019 20:00,285.59766
10/04/2019 21:00,285.1872
10/04/2019 22:00,284.74313
10/04/2019 23:00,284.49255
11/04/2019 0:00,284.16772
11/04/2019 1:00,283.53778
11/04/2019 2:00,283.1045
11/04/2019 3:00,283.20853
11/04/2019 4:00,283.42868
11/04/2019 5:00,283.66022
11/04/2019 6:00,283.97424
11/04/2019 7:00,284.01105
11/04/2019 8:00,284.69046
11/04/2019 9:00,285.07492
11/04/2019 10:00,285.47775
11/04/2019 11:00,285.8717
11/04/2019 12:00,285.76385
11/04/2019 13:00,285.4016
11/04/2019 14:00,284.61624
11/04/2019 15:00,283.8004
11/04/2019 16:00,283.1083
11/04/2019 17:00,282.5437
11/04/2019 18:00,282.1123
11/04/2019 19:00,281.03195
11/04/2019 20:00,280.80292
11/04/2019 21:00,280.4978
11/04/2019 22:00,280.12033
11/04/2019 23:00,279.7822
12/04/2019 0:00,279.52908
12/04/2019 1:00,279.32544
12/04/2019 2:00,279.14908
12/04/2019 3:00,278.9556
12/04/2019 4:00,278.73608
12/04/2019 5:00,278.5115
12/04/2019 6:00,278.36496
12/04/2019 7:00,278.0338
12/04/2019 8:00,278.0097
12/04/2019 9:00,278.28186
12/04/2019 10:00,278.5496
12/04/2019 11:00,278.66122
12/04/2019 12:00,279.1091
12/04/2019 13:00,279.55383
12/04/2019 14:00,279.8691
12/04/2019 15:00,279.9922
12/04/2019 16:00,280.13174
12/04/2019 17:00,280.05246
12/04/2019 18:00,279.87418
12/04/2019 19:00,279.5335
12/04/2019 20:00,279.70163
12/04/2019 21:00,279.83105
12/04/2019 22:00,279.84564
12/04/2019 23:00,279.6883
13/04/2019 0:00,279.35272
13/04/2019 1:00,278.99237
13/04/2019 2:00,278.68726
13/04/2019 3:00,278.41827
13/04/2019 4:00,278.14673
13/04/2019 5:00,277.9856
13/04/2019 6:00,277.95135
13/04/2019 7:00,278.30215
13/04/2019 8:00,278.58765
13/04/2019 9:00,279.02982
13/04/2019 10:00,279.46057
13/04/2019 11:00,279.78094
13/04/2019 12:00,279.83105
13/04/2019 13:00,280.38742
13/04/2019 14:00,280.30112
13/04/2019 15:00,280.291
13/04/2019 16:00,280.15332
13/04/2019 17:00,279.9719
13/04/2019 18:00,279.81583
13/04/2019 19:00,279.76572
13/04/2019 20:00,279.48975
13/04/2019 21:00,279.34637
13/04/2019 22:00,279.2918
13/04/2019 23:00,279.23346
14/04/2019 0:00,279.15607
14/04/2019 1:00,279.04947
14/04/2019 2:00,278.94925
14/04/2019 3:00,278.8547
14/04/2019 4:00,278.79318
14/04/2019 5:00,278.8344
14/04/2019 6:00,279.0831
14/04/2019 7:00,279.09644
14/04/2019 8:00,279.2601
14/04/2019 9:00,279.8209
14/04/2019 10:00,280.4293
14/04/2019 11:00,281.1658
14/04/2019 12:00,281.4646
14/04/2019 13:00,282.1878
14/04/2019 14:00,282.96048
14/04/2019 15:00,283.7129
14/04/2019 16:00,283.71414
14/04/2019 17:00,283.1343
14/04/2019 18:00,282.39398
14/04/2019 19:00,281.42145
14/04/2019 20:00,280.56378
14/04/2019 21:00,280.14886
14/04/2019 22:00,279.8634
14/04/2019 23:00,279.74603
15/04/2019 0:00,279.8006
15/04/2019 1:00,279.71497
15/04/2019 2:00,279.73715
15/04/2019 3:00,279.78665
15/04/2019 4:00,279.52338
15/04/2019 5:00,279.7511
15/04/2019 6:00,280.85876
15/04/2019 7:00,282.06854
15/04/2019 8:00,283.8144
15/04/2019 9:00,285.5742
15/04/2019 10:00,286.9838
15/04/2019 11:00,288.01785
15/04/2019 12:00,288.33823
15/04/2019 13:00,288.1885
15/04/2019 14:00,288.27985
15/04/2019 15:00,288.00198
15/04/2019 16:00,287.39615
15/04/2019 17:00,285.88693
15/04/2019 18:00,284.17407
15/04/2019 19:00,282.5862
15/04/2019 20:00,281.72977
15/04/2019 21:00,282.18146
15/04/2019 22:00,282.3204
15/04/2019 23:00,281.85855
16/04/2019 0:00,281.1544
16/04/2019 1:00,279.94968
16/04/2019 2:00,278.19876
16/04/2019 3:00,276.58298
16/04/2019 4:00,275.71387
16/04/2019 5:00,276.0786
16/04/2019 6:00,279.90845
16/04/2019 7:00,282.45425
16/04/2019 8:00,284.40753
16/04/2019 9:00,286.29422
16/04/2019 10:00,287.81232
16/04/2019 11:00,288.57928
16/04/2019 12:00,289.0151
16/04/2019 13:00,289.29803
16/04/2019 14:00,289.35452
16/04/2019 15:00,289.1718
16/04/2019 16:00,288.68842
16/04/2019 17:00,287.11893
16/04/2019 18:00,285.06604
16/04/2019 19:00,283.44962
16/04/2019 20:00,283.973
16/04/2019 21:00,284.54837
16/04/2019 22:00,283.7205
16/04/2019 23:00,282.9383
17/04/2019 0:00,282.22208
17/04/2019 1:00,281.62067
17/04/2019 2:00,280.9374
17/04/2019 3:00,279.1345
17/04/2019 4:00,277.63986
17/04/2019 5:00,278.02368
17/04/2019 6:00,281.1912
17/04/2019 7:00,284.30603
17/04/2019 8:00,285.81653
17/04/2019 9:00,287.1849
17/04/2019 10:00,288.23798
17/04/2019 11:00,288.84128
17/04/2019 12:00,289.22827
17/04/2019 13:00,289.29297
17/04/2019 14:00,289.27203
17/04/2019 15:00,288.9098
17/04/2019 16:00,288.13458
17/04/2019 17:00,287.03772
17/04/2019 18:00,285.89328
17/04/2019 19:00,284.83005
17/04/2019 20:00,283.26184
17/04/2019 21:00,282.48343
17/04/2019 22:00,281.8281
17/04/2019 23:00,281.1417
18/04/2019 0:00,280.52063
18/04/2019 1:00,280.03976
18/04/2019 2:00,279.42505
18/04/2019 3:00,278.94162
18/04/2019 4:00,278.72403
18/04/2019 5:00,279.17065
18/04/2019 6:00,282.34006
18/04/2019 7:00,284.45575
18/04/2019 8:00,286.0798
18/04/2019 9:00,287.55093
18/04/2019 10:00,288.01215
18/04/2019 11:00,288.80576
18/04/2019 12:00,289.06586
18/04/2019 13:00,289.2657
18/04/2019 14:00,288.92502
18/04/2019 15:00,288.755
18/04/2019 16:00,287.6518
18/04/2019 17:00,287.6569
18/04/2019 18:00,285.5596
18/04/2019 19:00,283.96347
18/04/2019 20:00,283.44135
18/04/2019 21:00,283.8328
18/04/2019 22:00,284.43164
18/04/2019 23:00,283.75095
19/04/2019 0:00,282.28995
19/04/2019 1:00,281.08395
19/04/2019 2:00,280.3487
19/04/2019 3:00,279.63058
19/04/2019 4:00,279.31403
19/04/2019 5:00,280.12793
19/04/2019 6:00,283.1045
19/04/2019 7:00,285.4733
19/04/2019 8:00,287.36633
19/04/2019 9:00,289.8303
19/04/2019 10:00,291.40802
19/04/2019 11:00,292.09952
19/04/2019 12:00,291.9187
19/04/2019 13:00,292.11917
19/04/2019 14:00,292.40085
19/04/2019 15:00,292.4389
19/04/2019 16:00,291.84006
19/04/2019 17:00,290.41394
19/04/2019 18:00,287.83008
19/04/2019 19:00,288.74548
19/04/2019 20:00,289.10455
19/04/2019 21:00,285.3052
19/04/2019 22:00,283.72302
19/04/2019 23:00,283.77505
20/04/2019 0:00,282.38382
20/04/2019 1:00,280.63925
20/04/2019 2:00,280.26498
20/04/2019 3:00,279.635
20/04/2019 4:00,279.03552
20/04/2019 5:00,279.65594
20/04/2019 6:00,283.61075
20/04/2019 7:00,286.32404
20/04/2019 8:00,288.23163
20/04/2019 9:00,289.91086
20/04/2019 10:00,290.8948
20/04/2019 11:00,291.47083
20/04/2019 12:00,291.8743
20/04/2019 13:00,292.11157
20/04/2019 14:00,292.09763
20/04/2019 15:00,291.83624
20/04/2019 16:00,291.16125
20/04/2019 17:00,289.43445
20/04/2019 18:00,288.6218
20/04/2019 19:00,286.26248
20/04/2019 20:00,286.4503
20/04/2019 21:00,286.7789
20/04/2019 22:00,285.33438
20/04/2019 23:00,283.28656
21/04/2019 0:00,282.09647
21/04/2019 1:00,281.339
21/04/2019 2:00,280.31064
21/04/2019 3:00,279.74985
21/04/2019 4:00,279.66547
21/04/2019 5:00,280.3468
21/04/2019 6:00,283.49527
21/04/2019 7:00,287.55475
21/04/2019 8:00,289.72055
21/04/2019 9:00,291.21582
21/04/2019 10:00,292.20926
21/04/2019 11:00,292.91028
21/04/2019 12:00,293.40762
21/04/2019 13:00,293.68295
21/04/2019 14:00,293.71848
21/04/2019 15:00,293.47995
21/04/2019 16:00,292.8722
21/04/2019 17:00,291.8889
21/04/2019 18:00,290.8174
21/04/2019 19:00,286.2593
21/04/2019 20:00,284.71332
21/04/2019 21:00,283.76935
21/04/2019 22:00,282.82474
21/04/2019 23:00,282.17764
22/04/2019 0:00,281.30728
22/04/2019 1:00,280.3595
22/04/2019 2:00,279.40665
22/04/2019 3:00,278.57684
22/04/2019 4:00,278.0338
22/04/2019 5:00,279.19666
22/04/2019 6:00,284.5877
22/04/2019 7:00,287.99692
22/04/2019 8:00,290.2617
22/04/2019 9:00,292.02277
22/04/2019 10:00,293.2395
22/04/2019 11:00,294.05725
22/04/2019 12:00,294.64087
22/04/2019 13:00,295.00504
22/04/2019 14:00,295.1002
22/04/2019 15:00,294.89273
22/04/2019 16:00,294.09088
22/04/2019 17:00,292.41037
22/04/2019 18:00,290.2528
22/04/2019 19:00,288.92184
22/04/2019 20:00,287.75964
22/04/2019 21:00,286.6888
22/04/2019 22:00,286.10135
22/04/2019 23:00,285.94214
23/04/2019 0:00,286.16986
23/04/2019 1:00,285.73215
23/04/2019 2:00,285.37436
23/04/2019 3:00,285.10538
23/04/2019 4:00,284.91696
23/04/2019 5:00,284.55914
23/04/2019 6:00,284.549
23/04/2019 7:00,285.71692
23/04/2019 8:00,286.66534
23/04/2019 9:00,287.62073
23/04/2019 10:00,288.12888
23/04/2019 11:00,289.548
23/04/2019 12:00,290.1253
23/04/2019 13:00,289.03986
23/04/2019 14:00,288.42004
23/04/2019 15:00,288.22784
23/04/2019 16:00,288.28494
23/04/2019 17:00,288.0242
23/04/2019 18:00,287.63974
23/04/2019 19:00,286.53973
23/04/2019 20:00,286.25488
23/04/2019 21:00,285.74738
23/04/2019 22:00,285.15866
23/04/2019 23:00,284.74313
24/04/2019 0:00,284.1633
24/04/2019 1:00,283.94824
24/04/2019 2:00,283.52765
24/04/2019 3:00,283.1781
24/04/2019 4:00,282.97763
24/04/2019 5:00,283.5543
24/04/2019 6:00,286.70212
24/04/2019 7:00,289.5753
24/04/2019 8:00,291.88257
24/04/2019 9:00,293.64996
24/04/2019 10:00,294.63138
24/04/2019 11:00,295.1909
24/04/2019 12:00,295.37994
24/04/2019 13:00,295.9122
24/04/2019 14:00,296.17484
24/04/2019 15:00,295.98135
24/04/2019 16:00,293.66962
24/04/2019 17:00,291.83182
24/04/2019 18:00,290.78125
24/04/2019 19:00,290.75525
24/04/2019 20:00,287.9633
24/04/2019 21:00,286.68436
24/04/2019 22:00,285.8527
24/04/2019 23:00,285.18213
25/04/2019 0:00,284.5839
25/04/2019 1:00,284.1005
25/04/2019 2:00,283.6748
25/04/2019 3:00,283.46356
25/04/2019 4:00,283.19647
25/04/2019 5:00,284.06116
25/04/2019 6:00,287.8916
25/04/2019 7:00,290.3632
25/04/2019 8:00,292.5017
25/04/2019 9:00,294.31735
25/04/2019 10:00,295.74283
25/04/2019 11:00,296.82507
25/04/2019 12:00,297.4893
25/04/2019 13:00,297.868
25/04/2019 14:00,298.12115
25/04/2019 15:00,298.0209
25/04/2019 16:00,297.2387
25/04/2019 17:00,295.5544
25/04/2019 18:00,293.33594
25/04/2019 19:00,291.71
25/04/2019 20:00,289.97748
25/04/2019 21:00,288.59387
25/04/2019 22:00,287.4875
25/04/2019 23:00,286.6406
26/04/2019 0:00,285.96814
26/04/2019 1:00,285.57037
26/04/2019 2:00,285.28806
26/04/2019 3:00,284.81735
26/04/2019 4:00,284.4196
26/04/2019 5:00,285.56784
26/04/2019 6:00,289.14578
26/04/2019 7:00,291.7652
26/04/2019 8:00,294.2368
26/04/2019 9:00,295.99088
26/04/2019 10:00,297.3231
26/04/2019 11:00,298.17062
26/04/2019 12:00,298.9985
26/04/2019 13:00,299.51172
26/04/2019 14:00,298.6071
26/04/2019 15:00,295.2442
26/04/2019 16:00,294.41122
26/04/2019 17:00,293.58905
26/04/2019 18:00,291.99295
26/04/2019 19:00,291.35666
26/04/2019 20:00,290.5478
26/04/2019 21:00,289.87726
26/04/2019 22:00,289.0221
26/04/2019 23:00,288.5152
27/04/2019 0:00,287.84592
27/04/2019 1:00,287.13605
27/04/2019 2:00,286.75604
27/04/2019 3:00,286.43314
27/04/2019 4:00,286.09692
27/04/2019 5:00,286.27393
27/04/2019 6:00,287.07706
27/04/2019 7:00,286.4763
27/04/2019 8:00,286.48135
27/04/2019 9:00,287.38727
27/04/2019 10:00,288.4619
27/04/2019 11:00,290.0701
27/04/2019 12:00,290.6975
27/04/2019 13:00,290.8745
27/04/2019 14:00,290.93414
27/04/2019 15:00,290.81613
27/04/2019 16:00,290.39365
27/04/2019 17:00,289.5702
27/04/2019 18:00,288.56912
27/04/2019 19:00,286.32404
27/04/2019 20:00,285.76703
27/04/2019 21:00,284.9512
27/04/2019 22:00,284.2889
27/04/2019 23:00,283.62152
28/04/2019 0:00,282.95795
28/04/2019 1:00,282.30264
28/04/2019 2:00,281.68094
28/04/2019 3:00,280.96216
28/04/2019 4:00,280.64624
28/04/2019 5:00,282.0679
28/04/2019 6:00,285.2259
28/04/2019 7:00,286.15402
28/04/2019 8:00,287.53635
28/04/2019 9:00,288.6979
28/04/2019 10:00,289.6628
28/04/2019 11:00,290.3245
28/04/2019 12:00,290.82187
28/04/2019 13:00,290.99124
28/04/2019 14:00,290.96967
28/04/2019 15:00,290.7635
28/04/2019 16:00,290.249
28/04/2019 17:00,289.26315
28/04/2019 18:00,287.62454
28/04/2019 19:00,286.91083
28/04/2019 20:00,286.37543
28/04/2019 21:00,285.54184
28/04/2019 22:00,284.42593
28/04/2019 23:00,283.82962
29/04/2019 0:00,283.00998
29/04/2019 1:00,282.19162
29/04/2019 2:00,281.35358
29/04/2019 3:00,280.85367
29/04/2019 4:00,280.44705
29/04/2019 5:00,281.71518
29/04/2019 6:00,284.25845
29/04/2019 7:00,285.0527
29/04/2019 8:00,285.24176
29/04/2019 9:00,285.55072
29/04/2019 10:00,285.61288
29/04/2019 11:00,285.86157
29/04/2019 12:00,285.7277
29/04/2019 13:00,285.6389
29/04/2019 14:00,285.87106
29/04/2019 15:00,285.88504
29/04/2019 16:00,285.7334
29/04/2019 17:00,285.231
29/04/2019 18:00,284.69302
29/04/2019 19:00,282.90973
29/04/2019 20:00,282.5583
29/04/2019 21:00,282.4352
29/04/2019 22:00,282.3813
29/04/2019 23:00,282.38574
30/04/2019 0:00,282.37115
30/04/2019 1:00,282.28488
30/04/2019 2:00,282.20685
30/04/2019 3:00,282.0882
30/04/2019 4:00,281.99557
30/04/2019 5:00,282.0121
30/04/2019 6:00,282.31152
30/04/2019 7:00,282.57162
30/04/2019 8:00,282.76764
30/04/2019 9:00,283.121
30/04/2019 10:00,283.78836
30/04/2019 11:00,284.66193
30/04/2019 12:00,285.18912
30/04/2019 13:00,285.283
30/04/2019 14:00,285.2094
30/04/2019 15:00,285.48535
30/04/2019 16:00,285.41748
30/04/2019 17:00,285.26398
30/04/2019 18:00,284.5655
30/04/2019 19:00,283.80234
30/04/2019 20:00,283.61646
30/04/2019 21:00,283.22568
30/04/2019 22:00,282.99222
30/04/2019 23:00,282.67313
01/05/2019 0:00,282.80634
01/05/2019 1:00,283.09943
01/05/2019 2:00,283.27832
01/05/2019 3:00,283.3557
01/05/2019 4:00,283.2041
01/05/2019 5:00,283.20474
01/05/2019 6:00,284.18994
01/05/2019 7:00,285.9732
01/05/2019 8:00,287.6518
01/05/2019 9:00,289.24286
01/05/2019 10:00,290.15637
01/05/2019 11:00,290.87006
01/05/2019 12:00,291.24564
01/05/2019 13:00,291.4791
01/05/2019 14:00,291.83878
01/05/2019 15:00,291.93585
01/05/2019 16:00,291.4036
01/05/2019 17:00,290.0073
01/05/2019 18:00,288.1333
01/05/2019 19:00,287.3213
01/05/2019 20:00,286.09058
01/05/2019 21:00,284.8053
01/05/2019 22:00,283.75412
01/05/2019 23:00,283.09814
02/05/2019 0:00,282.793
02/05/2019 1:00,282.2379
02/05/2019 2:00,281.9201
02/05/2019 3:00,281.55975
02/05/2019 4:00,281.3574
02/05/2019 5:00,282.84885
02/05/2019 6:00,286.82837
02/05/2019 7:00,289.17688
02/05/2019 8:00,290.97412
02/05/2019 9:00,292.3723
02/05/2019 10:00,293.3277
02/05/2019 11:00,293.9475
02/05/2019 12:00,294.16888
02/05/2019 13:00,294.4252
02/05/2019 14:00,294.4715
02/05/2019 15:00,294.36557
02/05/2019 16:00,293.82697
02/05/2019 17:00,292.40402
02/05/2019 18:00,290.8631
02/05/2019 19:00,290.28833
02/05/2019 20:00,289.39764
02/05/2019 21:00,288.54694
02/05/2019 22:00,287.76028
02/05/2019 23:00,287.14175
03/05/2019 0:00,286.73828
03/05/2019 1:00,286.3748
03/05/2019 2:00,286.18384
03/05/2019 3:00,286.08423
03/05/2019 4:00,286.01443
03/05/2019 5:00,286.27835
03/05/2019 6:00,287.53888
03/05/2019 7:00,289.2435
03/05/2019 8:00,290.52307
03/05/2019 9:00,291.7785
03/05/2019 10:00,292.1731
03/05/2019 11:00,293.06888
03/05/2019 12:00,293.6728
03/05/2019 13:00,294.06104
03/05/2019 14:00,293.11835
03/05/2019 15:00,291.153
03/05/2019 16:00,289.9756
03/05/2019 17:00,289.51373
03/05/2019 18:00,288.38898
03/05/2019 19:00,287.29846
03/05/2019 20:00,285.60208
03/05/2019 21:00,284.4551
03/05/2019 22:00,284.0288
03/05/2019 23:00,284.06815
04/05/2019 0:00,283.95966
04/05/2019 1:00,283.86768
04/05/2019 2:00,283.72873
04/05/2019 3:00,283.59235
04/05/2019 4:00,283.9254
04/05/2019 5:00,284.83005
04/05/2019 6:00,286.73956
04/05/2019 7:00,286.66852
04/05/2019 8:00,287.9265
04/05/2019 9:00,288.73724
04/05/2019 10:00,288.00644
04/05/2019 11:00,288.71442
04/05/2019 12:00,289.20923
04/05/2019 13:00,289.80365
04/05/2019 14:00,290.37524
04/05/2019 15:00,290.0771
04/05/2019 16:00,289.0963
04/05/2019 17:00,288.26337
04/05/2019 18:00,287.51605
04/05/2019 19:00,286.2866
04/05/2019 20:00,286.07217
04/05/2019 21:00,285.79877
04/05/2019 22:00,285.4048
04/05/2019 23:00,285.231
05/05/2019 0:00,285.10345
05/05/2019 1:00,284.7463
05/05/2019 2:00,284.59912
05/05/2019 3:00,284.50522
05/05/2019 4:00,284.32443
05/05/2019 5:00,284.1817
05/05/2019 6:00,283.1914
05/05/2019 7:00,281.39798
05/05/2019 8:00,280.29034
05/05/2019 9:00,279.79044
05/05/2019 10:00,279.74414
05/05/2019 11:00,280.0924
05/05/2019 12:00,280.1622
05/05/2019 13:00,280.26498
05/05/2019 14:00,280.49652
05/05/2019 15:00,280.4743
05/05/2019 16:00,280.33286
05/05/2019 17:00,280.19138
05/05/2019 18:00,280.00677
05/05/2019 19:00,278.98096
05/05/2019 20:00,278.86298
05/05/2019 21:00,278.76718
05/05/2019 22:00,278.71768
05/05/2019 23:00,278.65933
06/05/2019 0:00,278.5648
06/05/2019 1:00,278.4373
06/05/2019 2:00,278.20953
06/05/2019 3:00,278.03635
06/05/2019 4:00,277.86316
06/05/2019 5:00,277.82892
06/05/2019 6:00,277.8955
06/05/2019 7:00,278.12262
06/05/2019 8:00,278.32056
06/05/2019 9:00,278.45886
06/05/2019 10:00,278.60794
06/05/2019 11:00,278.93213
06/05/2019 12:00,279.0076
06/05/2019 13:00,279.3616
06/05/2019 14:00,279.45676
06/05/2019 15:00,279.60837
06/05/2019 16:00,279.62866
06/05/2019 17:00,279.60266
06/05/2019 18:00,279.41806
06/05/2019 19:00,279.36414
06/05/2019 20:00,279.11673
06/05/2019 21:00,278.9486
06/05/2019 22:00,278.85092
06/05/2019 23:00,278.65933
07/05/2019 0:00,278.69168
07/05/2019 1:00,278.7786
07/05/2019 2:00,278.7253
07/05/2019 3:00,278.5813
07/05/2019 4:00,278.1239
07/05/2019 5:00,278.73544
07/05/2019 6:00,280.38803
07/05/2019 7:00,282.10788
07/05/2019 8:00,283.5232
07/05/2019 9:00,284.80783
07/05/2019 10:00,285.2665
07/05/2019 11:00,285.6706
07/05/2019 12:00,286.0119
07/05/2019 13:00,286.45535
07/05/2019 14:00,286.25616
07/05/2019 15:00,286.21936
07/05/2019 16:00,285.91928
07/05/2019 17:00,285.17896
07/05/2019 18:00,284.10492
07/05/2019 19:00,281.97845
07/05/2019 20:00,281.28952
07/05/2019 21:00,281.2559
07/05/2019 22:00,280.61832
07/05/2019 23:00,279.5995
08/05/2019 0:00,278.90863
08/05/2019 1:00,278.50327
08/05/2019 2:00,277.9469
08/05/2019 3:00,277.33664
08/05/2019 4:00,276.4656
08/05/2019 5:00,278.61935
08/05/2019 6:00,283.35065
08/05/2019 7:00,284.81546
08/05/2019 8:00,286.3938
08/05/2019 9:00,287.6125
08/05/2019 10:00,288.59006
08/05/2019 11:00,289.25363
08/05/2019 12:00,289.81635
08/05/2019 13:00,290.43298
08/05/2019 14:00,290.69244
08/05/2019 15:00,290.33084
08/05/2019 16:00,289.98065
08/05/2019 17:00,288.82797
08/05/2019 18:00,287.16333
08/05/2019 19:00,286.66278
08/05/2019 20:00,286.08295
08/05/2019 21:00,285.3629
08/05/2019 22:00,285.07556
08/05/2019 23:00,284.85986
09/05/2019 0:00,284.3035
09/05/2019 1:00,283.83405
09/05/2019 2:00,283.35764
09/05/2019 3:00,283.0125
09/05/2019 4:00,282.8558
09/05/2019 5:00,283.32272
09/05/2019 6:00,283.9051
09/05/2019 7:00,284.24133
09/05/2019 8:00,284.64288
09/05/2019 9:00,285.1739
09/05/2019 10:00,285.5913
09/05/2019 11:00,285.77148
09/05/2019 12:00,285.9174
09/05/2019 13:00,286.02142
09/05/2019 14:00,286.27264
09/05/2019 15:00,286.13943
09/05/2019 16:00,285.83746
09/05/2019 17:00,285.54562
09/05/2019 18:00,285.00766
09/05/2019 19:00,283.7243
09/05/2019 20:00,283.07785
09/05/2019 21:00,282.7226
09/05/2019 22:00,282.36545
09/05/2019 23:00,281.8319
10/05/2019 0:00,281.45255
10/05/2019 1:00,280.9996
10/05/2019 2:00,280.50858
10/05/2019 3:00,280.17932
10/05/2019 4:00,279.81012
10/05/2019 5:00,281.33264
10/05/2019 6:00,283.9216
10/05/2019 7:00,284.39548
10/05/2019 8:00,286.29105
10/05/2019 9:00,288.26526
10/05/2019 10:00,290.26486
10/05/2019 11:00,291.821
10/05/2019 12:00,292.66476
10/05/2019 13:00,293.20337
10/05/2019 14:00,293.3702
10/05/2019 15:00,293.28583
10/05/2019 16:00,292.8906
10/05/2019 17:00,291.77533
10/05/2019 18:00,289.9223
10/05/2019 19:00,287.24896
10/05/2019 20:00,286.8309
10/05/2019 21:00,287.17603
10/05/2019 22:00,286.52512
10/05/2019 23:00,285.97955
11/05/2019 0:00,285.48157
11/05/2019 1:00,284.81546
11/05/2019 2:00,284.42783
11/05/2019 3:00,284.00912
11/05/2019 4:00,283.59424
11/05/2019 5:00,283.89304
11/05/2019 6:00,287.16144
11/05/2019 7:00,288.81146
11/05/2019 8:00,290.59283
11/05/2019 9:00,292.04178
11/05/2019 10:00,293.13992
11/05/2019 11:00,293.91135
11/05/2019 12:00,294.55588
11/05/2019 13:00,294.86545
11/05/2019 14:00,294.9048
11/05/2019 15:00,294.79822
11/05/2019 16:00,294.26343
11/05/2019 17:00,292.88806
11/05/2019 18:00,291.5178
11/05/2019 19:00,289.69202
11/05/2019 20:00,288.4245
11/05/2019 21:00,287.76282
11/05/2019 22:00,286.84232
11/05/2019 23:00,286.21872
12/05/2019 0:00,285.7315
12/05/2019 1:00,285.8343
12/05/2019 2:00,286.02713
12/05/2019 3:00,285.01147
12/05/2019 4:00,283.08865
12/05/2019 5:00,284.24258
12/05/2019 6:00,287.1151
12/05/2019 7:00,287.65878
12/05/2019 8:00,289.16165
12/05/2019 9:00,290.60806
12/05/2019 10:00,291.7138
12/05/2019 11:00,292.80496
12/05/2019 12:00,293.6392
12/05/2019 13:00,294.2057
12/05/2019 14:00,293.7039
12/05/2019 15:00,292.2727
12/05/2019 16:00,290.3226
12/05/2019 17:00,288.68143
12/05/2019 18:00,287.4545
12/05/2019 19:00,286.34686
12/05/2019 20:00,285.31726
12/05/2019 21:00,284.6524
12/05/2019 22:00,284.17282
12/05/2019 23:00,283.60504
13/05/2019 0:00,282.99603
13/05/2019 1:00,282.38574
13/05/2019 2:00,282.19226
13/05/2019 3:00,282.1364
13/05/2019 4:00,282.0844
13/05/2019 5:00,282.0622
13/05/2019 6:00,282.12628
13/05/2019 7:00,282.7854
13/05/2019 8:00,283.5454
13/05/2019 9:00,284.19183
13/05/2019 10:00,285.12503
13/05/2019 11:00,285.4454
13/05/2019 12:00,286.12863
13/05/2019 13:00,287.02377
13/05/2019 14:00,287.1259
13/05/2019 15:00,286.73322
13/05/2019 16:00,285.5342
13/05/2019 17:00,284.33777
13/05/2019 18:00,283.41217
13/05/2019 19:00,281.39862
13/05/2019 20:00,280.7966
13/05/2019 21:00,280.57266
13/05/2019 22:00,280.46606
13/05/2019 23:00,280.27322
14/05/2019 0:00,280.00677
14/05/2019 1:00,279.87418
14/05/2019 2:00,279.66165
14/05/2019 3:00,279.46246
14/05/2019 4:00,279.32986
14/05/2019 5:00,279.41235
14/05/2019 6:00,279.49417
14/05/2019 7:00,279.9427
14/05/2019 8:00,280.2859
14/05/2019 9:00,280.33856
14/05/2019 10:00,280.2453
14/05/2019 11:00,280.35886
14/05/2019 12:00,280.51746
14/05/2019 13:00,280.75156
14/05/2019 14:00,280.94122
14/05/2019 15:00,280.7338
14/05/2019 16:00,280.49652
14/05/2019 17:00,280.3094
14/05/2019 18:00,280.01883
14/05/2019 19:00,279.82025
14/05/2019 20:00,279.70163
14/05/2019 21:00,279.35397
14/05/2019 22:00,279.23663
14/05/2019 23:00,279.1402
15/05/2019 0:00,279.12308
15/05/2019 1:00,279.16177
15/05/2019 2:00,279.19223
15/05/2019 3:00,279.2252
15/05/2019 4:00,279.2861
15/05/2019 5:00,279.39777
15/05/2019 6:00,279.59824
15/05/2019 7:00,280.1495
15/05/2019 8:00,280.24213
15/05/2019 9:00,280.59738
15/05/2019 10:00,280.88666
15/05/2019 11:00,281.11694
15/05/2019 12:00,281.26984
15/05/2019 13:00,281.39545
15/05/2019 14:00,281.28506
15/05/2019 15:00,281.32123
15/05/2019 16:00,281.22418
15/05/2019 17:00,281.1011
15/05/2019 18:00,280.91077
15/05/2019 19:00,280.43182
15/05/2019 20:00,280.40836
15/05/2019 21:00,280.38486
15/05/2019 22:00,280.3855
15/05/2019 23:00,280.3538
16/05/2019 0:00,280.32462
16/05/2019 1:00,280.26752
16/05/2019 2:00,280.2269
16/05/2019 3:00,280.18756
16/05/2019 4:00,280.20407
16/05/2019 5:00,280.29605
16/05/2019 6:00,280.5625
16/05/2019 7:00,280.76105
16/05/2019 8:00,281.49442
16/05/2019 9:00,282.00574
16/05/2019 10:00,283.1064
16/05/2019 11:00,283.90384
16/05/2019 12:00,284.5008
16/05/2019 13:00,284.71713
16/05/2019 14:00,285.2354
16/05/2019 15:00,285.08823
16/05/2019 16:00,284.89664
16/05/2019 17:00,284.5046
16/05/2019 18:00,284.00723
16/05/2019 19:00,283.1616
16/05/2019 20:00,282.6198
16/05/2019 21:00,282.00827
16/05/2019 22:00,281.71835
16/05/2019 23:00,281.58575
17/05/2019 0:00,281.35233
17/05/2019 1:00,281.58768
17/05/2019 2:00,281.2743
17/05/2019 3:00,280.96786
17/05/2019 4:00,281.18292
17/05/2019 5:00,282.1675
17/05/2019 6:00,283.7852
17/05/2019 7:00,284.68158
17/05/2019 8:00,285.9618
17/05/2019 9:00,286.72876
17/05/2019 10:00,287.56427
17/05/2019 11:00,288.45114
17/05/2019 12:00,288.85144
17/05/2019 13:00,289.18387
17/05/2019 14:00,289.06396
17/05/2019 15:00,289.0297
17/05/2019 16:00,288.95166
17/05/2019 17:00,288.62433
17/05/2019 18:00,287.13922
17/05/2019 19:00,285.80954
17/05/2019 20:00,285.18655
17/05/2019 21:00,284.35995
17/05/2019 22:00,283.76172
17/05/2019 23:00,283.03345
18/05/2019 0:00,282.4682
18/05/2019 1:00,281.89917
18/05/2019 2:00,281.51028
18/05/2019 3:00,281.11316
18/05/2019 4:00,280.9926
18/05/2019 5:00,283.13242
18/05/2019 6:00,285.92245
18/05/2019 7:00,286.58792
18/05/2019 8:00,287.936
18/05/2019 9:00,289.48584
18/05/2019 10:00,290.73813
18/05/2019 11:00,291.88763
18/05/2019 12:00,292.86523
18/05/2019 13:00,293.34293
18/05/2019 14:00,293.51736
18/05/2019 15:00,293.70578
18/05/2019 16:00,293.37527
18/05/2019 17:00,292.47064
18/05/2019 18:00,290.91702
18/05/2019 19:00,289.09695
18/05/2019 20:00,287.5871
18/05/2019 21:00,286.83154
18/05/2019 22:00,286.3716
18/05/2019 23:00,286.27264
19/05/2019 0:00,286.21365
19/05/2019 1:00,285.1168
19/05/2019 2:00,284.2578
19/05/2019 3:00,283.7078
19/05/2019 4:00,283.99075
19/05/2019 5:00,285.44412
19/05/2019 6:00,286.81125
19/05/2019 7:00,288.81845
19/05/2019 8:00,290.0809
19/05/2019 9:00,291.53998
19/05/2019 10:00,292.27777
19/05/2019 11:00,293.27884
19/05/2019 12:00,293.78445
19/05/2019 13:00,293.47488
19/05/2019 14:00,293.01813
19/05/2019 15:00,292.37866
19/05/2019 16:00,292.37485
19/05/2019 17:00,291.8502
19/05/2019 18:00,290.28134
19/05/2019 19:00,288.76453
19/05/2019 20:00,287.89352
19/05/2019 21:00,287.17093
19/05/2019 22:00,286.6869
19/05/2019 23:00,286.19336
20/05/2019 0:00,285.7905
20/05/2019 1:00,285.59702
20/05/2019 2:00,284.9861
20/05/2019 3:00,284.34283
20/05/2019 4:00,284.0193
20/05/2019 5:00,285.52026
20/05/2019 6:00,287.7457
20/05/2019 7:00,289.31708
20/05/2019 8:00,290.23505
20/05/2019 9:00,290.9208
20/05/2019 10:00,291.71762
20/05/2019 11:00,291.93585
20/05/2019 12:00,292.39896
20/05/2019 13:00,291.74173
20/05/2019 14:00,291.86163
20/05/2019 15:00,291.9498
20/05/2019 16:00,291.20312
20/05/2019 17:00,290.49768
20/05/2019 18:00,289.3469
20/05/2019 19:00,288.39532
20/05/2019 20:00,287.4323
20/05/2019 21:00,286.76938
20/05/2019 22:00,286.24094
20/05/2019 23:00,285.66553
21/05/2019 0:00,285.0965
21/05/2019 1:00,284.60864
21/05/2019 2:00,284.31937
21/05/2019 3:00,284.25275
21/05/2019 4:00,284.72028
21/05/2019 5:00,286.01443
21/05/2019 6:00,288.0134
21/05/2019 7:00,289.68503
21/05/2019 8:00,290.7914
21/05/2019 9:00,291.69287
21/05/2019 10:00,292.06906
21/05/2019 11:00,292.02402
21/05/2019 12:00,290.8193
21/05/2019 13:00,290.99506
21/05/2019 14:00,290.17224
21/05/2019 15:00,289.61716
21/05/2019 16:00,288.9669
21/05/2019 17:00,288.44986
21/05/2019 18:00,287.92395
21/05/2019 19:00,287.87067
21/05/2019 20:00,287.12082
21/05/2019 21:00,286.69135
21/05/2019 22:00,286.40967
21/05/2019 23:00,286.39825
22/05/2019 0:00,286.2847
22/05/2019 1:00,285.74292
22/05/2019 2:00,285.38577
22/05/2019 3:00,285.05206
22/05/2019 4:00,285.22147
22/05/2019 5:00,286.1426
22/05/2019 6:00,287.8472
22/05/2019 7:00,289.7656
22/05/2019 8:00,291.24628
22/05/2019 9:00,292.40784
22/05/2019 10:00,293.374
22/05/2019 11:00,293.95953
22/05/2019 12:00,292.732
22/05/2019 13:00,293.1044
22/05/2019 14:00,293.23633
22/05/2019 15:00,292.26193
22/05/2019 16:00,291.8356
22/05/2019 17:00,291.65924
22/05/2019 18:00,290.44058
22/05/2019 19:00,288.9834
22/05/2019 20:00,288.29825
22/05/2019 21:00,287.3714
22/05/2019 22:00,286.58667
22/05/2019 23:00,285.79938
23/05/2019 0:00,285.05145
23/05/2019 1:00,284.53885
23/05/2019 2:00,284.4621
23/05/2019 3:00,284.20264
23/05/2019 4:00,284.16013
23/05/2019 5:00,285.5412
23/05/2019 6:00,287.84467
23/05/2019 7:00,288.08636
23/05/2019 8:00,289.4395
23/05/2019 9:00,290.11896
23/05/2019 10:00,290.73685
23/05/2019 11:00,290.8003
23/05/2019 12:00,291.19742
23/05/2019 13:00,291.4594
23/05/2019 14:00,291.50952
23/05/2019 15:00,291.1175
23/05/2019 16:00,290.5256
23/05/2019 17:00,289.87473
23/05/2019 18:00,288.7163
23/05/2019 19:00,287.95633
23/05/2019 20:00,286.9692
23/05/2019 21:00,285.8349
23/05/2019 22:00,285.07935
23/05/2019 23:00,284.5877
24/05/2019 0:00,283.97995
24/05/2019 1:00,283.79028
24/05/2019 2:00,283.58475
24/05/2019 3:00,283.56696
24/05/2019 4:00,283.62723
24/05/2019 5:00,284.84653
24/05/2019 6:00,286.52133
24/05/2019 7:00,287.9265
24/05/2019 8:00,289.3507
24/05/2019 9:00,290.70767
24/05/2019 10:00,291.9625
24/05/2019 11:00,292.37674
24/05/2019 12:00,292.78845
24/05/2019 13:00,292.97052
24/05/2019 14:00,293.22366
24/05/2019 15:00,293.21478
24/05/2019 16:00,292.89252
24/05/2019 17:00,292.24225
24/05/2019 18:00,290.70068
24/05/2019 19:00,291.38013
24/05/2019 20:00,289.40018
24/05/2019 21:00,286.53403
24/05/2019 22:00,285.40924
24/05/2019 23:00,284.76596
25/05/2019 0:00,284.12332
25/05/2019 1:00,283.70972
25/05/2019 2:00,283.3684
25/05/2019 3:00,283.3183
25/05/2019 4:00,283.97995
25/05/2019 5:00,286.3107
25/05/2019 6:00,289.37988
25/05/2019 7:00,291.37885
25/05/2019 8:00,292.9604
25/05/2019 9:00,294.21075
25/05/2019 10:00,295.16934
25/05/2019 11:00,295.73837
25/05/2019 12:00,296.2668
25/05/2019 13:00,296.34296
25/05/2019 14:00,296.41083
25/05/2019 15:00,296.20148
25/05/2019 16:00,295.8183
25/05/2019 17:00,294.7443
25/05/2019 18:00,293.31058
25/05/2019 19:00,293.34482
25/05/2019 20:00,292.57532
25/05/2019 21:00,290.40253
25/05/2019 22:00,288.4651
25/05/2019 23:00,287.8789
26/05/2019 0:00,287.4983
26/05/2019 1:00,287.22168
26/05/2019 2:00,287.31686
26/05/2019 3:00,288.4448
26/05/2019 4:00,288.18915
26/05/2019 5:00,288.62622
26/05/2019 6:00,291.66434
26/05/2019 7:00,293.1228
26/05/2019 8:00,294.91177
26/05/2019 9:00,296.07144
26/05/2019 10:00,296.77496
26/05/2019 11:00,297.19684
26/05/2019 12:00,297.30087
26/05/2019 13:00,297.48294
26/05/2019 14:00,297.38336
26/05/2019 15:00,297.17654
26/05/2019 16:00,296.4527
26/05/2019 17:00,295.23657
26/05/2019 18:00,293.74258
26/05/2019 19:00,292.3501
26/05/2019 20:00,291.51526
26/05/2019 21:00,291.27164
26/05/2019 22:00,290.63724
26/05/2019 23:00,289.65204
27/05/2019 0:00,288.6497
27/05/2019 1:00,288.09143
27/05/2019 2:00,287.98993
27/05/2019 3:00,287.56235
27/05/2019 4:00,287.88907
27/05/2019 5:00,288.79498
27/05/2019 6:00,289.515
27/05/2019 7:00,290.419
27/05/2019 8:00,290.9005
27/05/2019 9:00,290.80725
27/05/2019 10:00,291.20755
27/05/2019 11:00,291.90158
27/05/2019 12:00,291.46576
27/05/2019 13:00,291.72144
27/05/2019 14:00,292.42432
27/05/2019 15:00,292.74597
27/05/2019 16:00,292.82654
27/05/2019 17:00,292.6121
27/05/2019 18:00,291.7842
27/05/2019 19:00,289.52515
27/05/2019 20:00,289.04874
27/05/2019 21:00,288.55518
27/05/2019 22:00,288.15677
27/05/2019 23:00,287.75076
28/05/2019 0:00,287.61185
28/05/2019 1:00,287.35492
28/05/2019 2:00,286.74146
28/05/2019 3:00,285.9307
28/05/2019 4:00,286.01572
28/05/2019 5:00,288.06732
28/05/2019 6:00,289.95337
28/05/2019 7:00,292.51315
28/05/2019 8:00,293.3721
28/05/2019 9:00,294.35477
28/05/2019 10:00,295.18518
28/05/2019 11:00,295.40723
28/05/2019 12:00,296.06952
28/05/2019 13:00,295.163
28/05/2019 14:00,293.14563
28/05/2019 15:00,293.17227
28/05/2019 16:00,293.28265
28/05/2019 17:00,292.67172
28/05/2019 18:00,291.91428
28/05/2019 19:00,290.10245
28/05/2019 20:00,289.11597
28/05/2019 21:00,288.5577
28/05/2019 22:00,287.52493
28/05/2019 23:00,287.18808
29/05/2019 0:00,286.99838
29/05/2019 1:00,287.62326
29/05/2019 2:00,286.54416
29/05/2019 3:00,286.21872
29/05/2019 4:00,286.12228
29/05/2019 5:00,287.55856
29/05/2019 6:00,288.88632
29/05/2019 7:00,289.02716
29/05/2019 8:00,289.59305
29/05/2019 9:00,290.78632
29/05/2019 10:00,290.92398
29/05/2019 11:00,289.82587
29/05/2019 12:00,289.75607
29/05/2019 13:00,290.05234
29/05/2019 14:00,289.76306
29/05/2019 15:00,289.36148
29/05/2019 16:00,289.02844
29/05/2019 17:00,288.52347
29/05/2019 18:00,288.0261
29/05/2019 19:00,287.32574
29/05/2019 20:00,286.8563
29/05/2019 21:00,286.47565
29/05/2019 22:00,286.1375
29/05/2019 23:00,285.8349
30/05/2019 0:00,285.55197
30/05/2019 1:00,285.21576
30/05/2019 2:00,285.01465
30/05/2019 3:00,284.83383
30/05/2019 4:00,284.76343
30/05/2019 5:00,284.89792
30/05/2019 6:00,285.22653
30/05/2019 7:00,285.17896
30/05/2019 8:00,285.27347
30/05/2019 9:00,285.63382
30/05/2019 10:00,285.98462
30/05/2019 11:00,286.12292
30/05/2019 12:00,286.05188
30/05/2019 13:00,286.05252
30/05/2019 14:00,286.12738
30/05/2019 15:00,286.37732
30/05/2019 16:00,286.25488
30/05/2019 17:00,286.15463
30/05/2019 18:00,285.92374
30/05/2019 19:00,285.6801
30/05/2019 20:00,285.57672
30/05/2019 21:00,285.45935
30/05/2019 22:00,285.3109
30/05/2019 23:00,285.1593
31/05/2019 0:00,284.9715
31/05/2019 1:00,284.89474
31/05/2019 2:00,284.74948
31/05/2019 3:00,284.64734
31/05/2019 4:00,284.52744
31/05/2019 5:00,284.62704
31/05/2019 6:00,284.77295
31/05/2019 7:00,285.5932
31/05/2019 8:00,286.14575
31/05/2019 9:00,286.9083
31/05/2019 10:00,288.0369
31/05/2019 11:00,289.15594
31/05/2019 12:00,289.40652
31/05/2019 13:00,290.52496
31/05/2019 14:00,290.92398
31/05/2019 15:00,291.13016
31/05/2019 16:00,291.22217
31/05/2019 17:00,290.6588
31/05/2019 18:00,289.79605
31/05/2019 19:00,288.4061
31/05/2019 20:00,287.09546
31/05/2019 21:00,286.54034
31/05/2019 22:00,286.30692
31/05/2019 23:00,286.22
01/06/2019 0:00,285.9028
01/06/2019 1:00,285.64206
01/06/2019 2:00,285.83112
01/06/2019 3:00,285.84253
01/06/2019 4:00,286.14133
01/06/2019 5:00,286.98315
01/06/2019 6:00,288.7347
01/06/2019 7:00,290.34354
01/06/2019 8:00,291.4626
01/06/2019 9:00,293.36386
01/06/2019 10:00,294.71637
01/06/2019 11:00,295.4307
01/06/2019 12:00,296.10062
01/06/2019 13:00,296.1114
01/06/2019 14:00,296.0543
01/06/2019 15:00,295.55124
01/06/2019 16:00,295.30127
01/06/2019 17:00,293.9957
01/06/2019 18:00,292.58228
01/06/2019 19:00,292.89694
01/06/2019 20:00,292.1972
01/06/2019 21:00,291.51016
01/06/2019 22:00,290.9481
01/06/2019 23:00,290.55667
02/06/2019 0:00,290.072
02/06/2019 1:00,289.42682
02/06/2019 2:00,288.74423
02/06/2019 3:00,288.0356
02/06/2019 4:00,287.65625
02/06/2019 5:00,288.09906
02/06/2019 6:00,290.70004
02/06/2019 7:00,292.4059
02/06/2019 8:00,293.7407
02/06/2019 9:00,295.0526
02/06/2019 10:00,295.8069
02/06/2019 11:00,295.70096
02/06/2019 12:00,295.94138
02/06/2019 13:00,296.22433
02/06/2019 14:00,295.52713
02/06/2019 15:00,295.3273
02/06/2019 16:00,294.3351
02/06/2019 17:00,293.60684
02/06/2019 18:00,293.05554
02/06/2019 19:00,290.7324
02/06/2019 20:00,289.22827
02/06/2019 21:00,288.69473
02/06/2019 22:00,288.0426
02/06/2019 23:00,287.497
03/06/2019 0:00,287.09546
03/06/2019 1:00,286.93875
03/06/2019 2:00,286.40967
03/06/2019 3:00,286.81125
03/06/2019 4:00,287.16333
03/06/2019 5:00,289.50995
03/06/2019 6:00,291.44736
03/06/2019 7:00,293.39432
03/06/2019 8:00,294.6688
03/06/2019 9:00,296.0543
03/06/2019 10:00,297.12704
03/06/2019 11:00,297.82172
03/06/2019 12:00,298.6242
03/06/2019 13:00,298.5925
03/06/2019 14:00,298.71558
03/06/2019 15:00,298.3971
03/06/2019 16:00,297.33386
03/06/2019 17:00,296.11838
03/06/2019 18:00,295.1097
03/06/2019 19:00,293.87897
03/06/2019 20:00,294.21902
03/06/2019 21:00,293.2763
03/06/2019 22:00,292.66476
03/06/2019 23:00,292.03543
04/06/2019 0:00,291.49557
04/06/2019 1:00,291.28815
04/06/2019 2:00,291.06546
04/06/2019 3:00,290.59537
04/06/2019 4:00,290.03268
04/06/2019 5:00,290.74826
04/06/2019 6:00,292.9737
04/06/2019 7:00,294.60474
04/06/2019 8:00,295.42435
04/06/2019 9:00,295.53473
04/06/2019 10:00,295.89508
04/06/2019 11:00,296.59482
04/06/2019 12:00,297.0706
04/06/2019 13:00,297.0617
04/06/2019 14:00,295.48715
04/06/2019 15:00,294.57047
04/06/2019 16:00,294.37
04/06/2019 17:00,294.10672
04/06/2019 18:00,293.39685
04/06/2019 19:00,292.90964
04/06/2019 20:00,293.04413
04/06/2019 21:00,292.4459
04/06/2019 22:00,291.65607
04/06/2019 23:00,289.69772
05/06/2019 0:00,288.94788
05/06/2019 1:00,288.991
05/06/2019 2:00,288.5393
05/06/2019 3:00,288.51584
05/06/2019 4:00,288.4283
05/06/2019 5:00,289.3596
05/06/2019 6:00,290.62582
05/06/2019 7:00,295.0228
05/06/2019 8:00,296.6278
05/06/2019 9:00,297.51785
05/06/2019 10:00,298.29498
05/06/2019 11:00,298.81454
05/06/2019 12:00,298.93698
05/06/2019 13:00,299.1552
05/06/2019 14:00,298.9966
05/06/2019 15:00,297.60794
05/06/2019 16:00,295.59628
05/06/2019 17:00,294.5838
05/06/2019 18:00,293.43744
05/06/2019 19:00,291.97202
05/06/2019 20:00,291.13843
05/06/2019 21:00,290.41647
05/06/2019 22:00,289.58417
05/06/2019 23:00,288.89648
06/06/2019 0:00,288.6789
06/06/2019 1:00,288.54565
06/06/2019 2:00,288.55075
06/06/2019 3:00,288.5704
06/06/2019 4:00,288.98022
06/06/2019 5:00,289.73706
06/06/2019 6:00,291.20502
06/06/2019 7:00,292.25558
06/06/2019 8:00,294.22662
06/06/2019 9:00,295.79294
06/06/2019 10:00,297.36304
06/06/2019 11:00,298.4669
06/06/2019 12:00,299.11905
06/06/2019 13:00,299.21356
06/06/2019 14:00,299.1387
06/06/2019 15:00,299.18756
06/06/2019 16:00,298.89575
06/06/2019 17:00,297.9581
06/06/2019 18:00,296.50156
06/06/2019 19:00,295.38312
06/06/2019 20:00,294.50702
06/06/2019 21:00,293.68167
06/06/2019 22:00,292.92676
06/06/2019 23:00,292.3133
07/06/2019 0:00,291.6624
07/06/2019 1:00,291.04898
07/06/2019 2:00,290.5275
07/06/2019 3:00,290.13226
07/06/2019 4:00,290.19888
07/06/2019 5:00,291.7379
07/06/2019 6:00,293.89673
07/06/2019 7:00,295.6775
07/06/2019 8:00,296.9412
07/06/2019 9:00,298.0152
07/06/2019 10:00,298.89954
07/06/2019 11:00,299.5961
07/06/2019 12:00,300.09155
07/06/2019 13:00,300.3066
07/06/2019 14:00,300.40686
07/06/2019 15:00,300.28442
07/06/2019 16:00,299.7661
07/06/2019 17:00,298.70035
07/06/2019 18:00,297.07504
07/06/2019 19:00,295.4935
07/06/2019 20:00,294.285
07/06/2019 21:00,293.27567
07/06/2019 22:00,292.51694
07/06/2019 23:00,292.03226
08/06/2019 0:00,291.62372
08/06/2019 1:00,291.304
08/06/2019 2:00,291.0921
08/06/2019 3:00,290.98172
08/06/2019 4:00,291.35092
08/06/2019 5:00,292.8887
08/06/2019 6:00,294.69608
08/06/2019 7:00,296.92026
08/06/2019 8:00,298.347
08/06/2019 9:00,299.25418
08/06/2019 10:00,299.6551
08/06/2019 11:00,299.90314
08/06/2019 12:00,300.13913
08/06/2019 13:00,300.13977
08/06/2019 14:00,299.83084
08/06/2019 15:00,299.26367
08/06/2019 16:00,298.5462
08/06/2019 17:00,297.48358
08/06/2019 18:00,296.1983
08/06/2019 19:00,295.49857
08/06/2019 20:00,294.38522
08/06/2019 21:00,293.33594
08/06/2019 22:00,292.29745
08/06/2019 23:00,291.04517
09/06/2019 0:00,290.32578
09/06/2019 1:00,289.4998
09/06/2019 2:00,289.25745
09/06/2019 3:00,289.2048
09/06/2019 4:00,289.31583
09/06/2019 5:00,291.4683
09/06/2019 6:00,292.73074
09/06/2019 7:00,293.8352
09/06/2019 8:00,295.23846
09/06/2019 9:00,296.70773
09/06/2019 10:00,298.0761
09/06/2019 11:00,299.2161
09/06/2019 12:00,300.06683
09/06/2019 13:00,300.58322
09/06/2019 14:00,300.79953
09/06/2019 15:00,300.804
09/06/2019 16:00,300.5591
09/06/2019 17:00,299.82132
09/06/2019 18:00,298.22073
09/06/2019 19:00,295.70667
09/06/2019 20:00,294.54
09/06/2019 21:00,293.79016
09/06/2019 22:00,292.5918
09/06/2019 23:00,291.89777
10/06/2019 0:00,291.24628
10/06/2019 1:00,290.81677
10/06/2019 2:00,290.83517
10/06/2019 3:00,290.38602
10/06/2019 4:00,290.30737
10/06/2019 5:00,293.289
10/06/2019 6:00,296.0822
10/06/2019 7:00,297.55908
10/06/2019 8:00,299.03973
10/06/2019 9:00,300.1848
10/06/2019 10:00,301.08502
10/06/2019 11:00,301.80823
10/06/2019 12:00,302.43753
10/06/2019 13:00,302.7097
10/06/2019 14:00,302.74966
10/06/2019 15:00,302.5308
10/06/2019 16:00,301.90656
10/06/2019 17:00,300.80716
10/06/2019 18:00,299.2586
10/06/2019 19:00,297.31546
10/06/2019 20:00,296.22687
10/06/2019 21:00,295.22833
10/06/2019 22:00,294.37634
10/06/2019 23:00,293.6595
11/06/2019 0:00,293.21478
11/06/2019 1:00,293.00607
11/06/2019 2:00,292.85696
11/06/2019 3:00,292.74533
11/06/2019 4:00,293.01556
11/06/2019 5:00,294.285
11/06/2019 6:00,296.08667
11/06/2019 7:00,298.04312
11/06/2019 8:00,299.25418
11/06/2019 9:00,300.95752
11/06/2019 10:00,302.08862
11/06/2019 11:00,302.44388
11/06/2019 12:00,302.10385
11/06/2019 13:00,302.2339
11/06/2019 14:00,302.31827
11/06/2019 15:00,302.02518
11/06/2019 16:00,301.2195
11/06/2019 17:00,300.25525
11/06/2019 18:00,298.67813
11/06/2019 19:00,297.58127
11/06/2019 20:00,296.55103
11/06/2019 21:00,295.65338
11/06/2019 22:00,294.82358
11/06/2019 23:00,294.11053
12/06/2019 0:00,293.6563
12/06/2019 1:00,293.26236
12/06/2019 2:00,292.7834
12/06/2019 3:00,292.20355
12/06/2019 4:00,292.1401
12/06/2019 5:00,293.34357
12/06/2019 6:00,294.97266
12/06/2019 7:00,296.6519
12/06/2019 8:00,298.2696
12/06/2019 9:00,299.67413
12/06/2019 10:00,300.83887
12/06/2019 11:00,301.78223
12/06/2019 12:00,302.61072
12/06/2019 13:00,303.07257
12/06/2019 14:00,303.2724
12/06/2019 15:00,303.16898
12/06/2019 16:00,302.697
12/06/2019 17:00,301.6471
12/06/2019 18:00,300.10742
12/06/2019 19:00,298.5855
12/06/2019 20:00,297.76715
12/06/2019 21:00,297.05475
12/06/2019 22:00,296.4026
12/06/2019 23:00,295.63815
13/06/2019 0:00,294.7462
13/06/2019 1:00,293.7591
13/06/2019 2:00,292.5347
13/06/2019 3:00,291.7969
13/06/2019 4:00,291.98215
13/06/2019 5:00,294.573
13/06/2019 6:00,297.3529
13/06/2019 7:00,299.00357
13/06/2019 8:00,300.63968
13/06/2019 9:00,302.14127
13/06/2019 10:00,303.3574
13/06/2019 11:00,304.2741
13/06/2019 12:00,304.80063
13/06/2019 13:00,304.859
13/06/2019 14:00,303.7501
13/06/2019 15:00,303.43417
13/06/2019 16:00,303.1506
13/06/2019 17:00,301.89197
13/06/2019 18:00,300.4208
13/06/2019 19:00,298.87164
13/06/2019 20:00,297.68594
13/06/2019 21:00,296.7198
13/06/2019 22:00,295.53156
13/06/2019 23:00,294.20822
14/06/2019 0:00,292.8589
14/06/2019 1:00,291.63452
14/06/2019 2:00,290.7952
14/06/2019 3:00,290.22363
14/06/2019 4:00,290.22617
14/06/2019 5:00,292.70154
14/06/2019 6:00,295.59247
14/06/2019 7:00,297.3269
14/06/2019 8:00,298.65213
14/06/2019 9:00,299.93613
14/06/2019 10:00,301.21317
14/06/2019 11:00,302.29608
14/06/2019 12:00,303.14233
14/06/2019 13:00,303.7241
14/06/2019 14:00,304.0032
14/06/2019 15:00,304.03177
14/06/2019 16:00,303.76404
14/06/2019 17:00,302.9235
14/06/2019 18:00,301.02347
14/06/2019 19:00,298.41678
14/06/2019 20:00,296.63477
14/06/2019 21:00,295.0672
14/06/2019 22:00,294.21393
14/06/2019 23:00,293.53452
15/06/2019 0:00,292.3926
15/06/2019 1:00,291.73157
15/06/2019 2:00,291.27164
15/06/2019 3:00,291.08704
15/06/2019 4:00,290.94238
15/06/2019 5:00,294.1099
15/06/2019 6:00,297.2831
15/06/2019 7:00,298.53604
15/06/2019 8:00,300.18356
15/06/2019 9:00,301.6363
15/06/2019 10:00,302.81055
15/06/2019 11:00,303.73993
15/06/2019 12:00,304.53293
15/06/2019 13:00,304.9307
15/06/2019 14:00,305.09372
15/06/2019 15:00,304.90848
15/06/2019 16:00,304.21765
15/06/2019 17:00,302.82324
15/06/2019 18:00,301.15988
15/06/2019 19:00,298.57916
15/06/2019 20:00,299.54153
15/06/2019 21:00,298.83865
15/06/2019 22:00,297.88895
15/06/2019 23:00,297.09406
16/06/2019 0:00,295.94772
16/06/2019 1:00,294.01474
16/06/2019 2:00,293.17038
16/06/2019 3:00,292.7815
16/06/2019 4:00,292.9534
16/06/2019 5:00,295.61404
16/06/2019 6:00,298.13068
16/06/2019 7:00,299.0353
16/06/2019 8:00,300.5166
16/06/2019 9:00,301.61346
16/06/2019 10:00,302.2745
16/06/2019 11:00,302.0385
16/06/2019 12:00,302.02454
16/06/2019 13:00,301.0698
16/06/2019 14:00,299.00867
16/06/2019 15:00,297.45758
16/06/2019 16:00,296.92722
16/06/2019 17:00,296.08157
16/06/2019 18:00,294.5413
16/06/2019 19:00,294.74365
16/06/2019 20:00,293.66708
16/06/2019 21:00,293.0511
16/06/2019 22:00,292.91406
16/06/2019 23:00,292.8386
17/06/2019 0:00,292.6895
17/06/2019 1:00,292.3368
17/06/2019 2:00,292.08047
17/06/2019 3:00,292.0386
17/06/2019 4:00,292.1896
17/06/2019 5:00,292.4814
17/06/2019 6:00,292.90582
17/06/2019 7:00,292.85254
17/06/2019 8:00,293.08408
17/06/2019 9:00,293.44568
17/06/2019 10:00,293.74893
17/06/2019 11:00,293.59668
17/06/2019 12:00,294.33765
17/06/2019 13:00,293.94305
17/06/2019 14:00,294.2095
17/06/2019 15:00,294.3383
17/06/2019 16:00,294.43155
17/06/2019 17:00,293.9951
17/06/2019 18:00,293.46918
17/06/2019 19:00,293.0359
17/06/2019 20:00,292.53723
17/06/2019 21:00,292.1344
17/06/2019 22:00,291.71063
17/06/2019 23:00,291.1232
18/06/2019 0:00,290.73367
18/06/2019 1:00,290.94238
18/06/2019 2:00,291.2951
18/06/2019 3:00,291.13586
18/06/2019 4:00,291.1695
18/06/2019 5:00,291.60406
18/06/2019 6:00,292.5011
18/06/2019 7:00,293.54276
18/06/2019 8:00,294.554
18/06/2019 9:00,295.46686
18/06/2019 10:00,296.23065
18/06/2019 11:00,296.96402
18/06/2019 12:00,297.30597
18/06/2019 13:00,298.22202
18/06/2019 14:00,298.4022
18/06/2019 15:00,298.3527
18/06/2019 16:00,297.75638
18/06/2019 17:00,296.75784
18/06/2019 18:00,296.07968
18/06/2019 19:00,294.93652
18/06/2019 20:00,294.56223
18/06/2019 21:00,294.19427
18/06/2019 22:00,292.5601
18/06/2019 23:00,291.91617
19/06/2019 0:00,291.29446
19/06/2019 1:00,291.37186
19/06/2019 2:00,291.79565
19/06/2019 3:00,291.2082
19/06/2019 4:00,291.1562
19/06/2019 5:00,293.02127
19/06/2019 6:00,294.7005
19/06/2019 7:00,296.23193
19/06/2019 8:00,297.11374
19/06/2019 9:00,298.1846
19/06/2019 10:00,298.99344
19/06/2019 11:00,299.69125
19/06/2019 12:00,300.3022
19/06/2019 13:00,300.64603
19/06/2019 14:00,300.53436
19/06/2019 15:00,299.92282
19/06/2019 16:00,298.32922
19/06/2019 17:00,297.6663
19/06/2019 18:00,296.853
19/06/2019 19:00,296.28775
19/06/2019 20:00,295.3127
19/06/2019 21:00,293.5326
19/06/2019 22:00,292.56198
19/06/2019 23:00,292.16296
20/06/2019 0:00,291.65988
20/06/2019 1:00,291.11874
20/06/2019 2:00,290.84024
20/06/2019 3:00,290.89038
20/06/2019 4:00,291.52286
20/06/2019 5:00,293.70453
20/06/2019 6:00,296.2167
20/06/2019 7:00,296.24017
20/06/2019 8:00,297.70627
20/06/2019 9:00,298.84244
20/06/2019 10:00,299.5923
20/06/2019 11:00,300.39288
20/06/2019 12:00,301.02032
20/06/2019 13:00,301.42694
20/06/2019 14:00,301.4333
20/06/2019 15:00,301.44092
20/06/2019 16:00,301.37048
20/06/2019 17:00,300.72214
20/06/2019 18:00,299.30872
20/06/2019 19:00,297.82236
20/06/2019 20:00,297.59332
20/06/2019 21:00,296.9139
20/06/2019 22:00,295.28668
20/06/2019 23:00,293.83966
21/06/2019 0:00,294.13336
21/06/2019 1:00,294.32495
21/06/2019 2:00,293.9678
21/06/2019 3:00,293.56116
21/06/2019 4:00,292.85
21/06/2019 5:00,294.37317
21/06/2019 6:00,296.88474
21/06/2019 7:00,296.90375
21/06/2019 8:00,297.9207
21/06/2019 9:00,298.99786
21/06/2019 10:00,299.7236
21/06/2019 11:00,300.39987
21/06/2019 12:00,300.74054
21/06/2019 13:00,300.7469
21/06/2019 14:00,300.85028
21/06/2019 15:00,300.65363
21/06/2019 16:00,300.5661
21/06/2019 17:00,299.92218
21/06/2019 18:00,298.8767
21/06/2019 19:00,296.84665
21/06/2019 20:00,295.54996
21/06/2019 21:00,294.50955
21/06/2019 22:00,294.03632
21/06/2019 23:00,293.73816
22/06/2019 0:00,294.52795
22/06/2019 1:00,294.10355
22/06/2019 2:00,293.73434
22/06/2019 3:00,293.45142
22/06/2019 4:00,293.38544
22/06/2019 5:00,294.29767
22/06/2019 6:00,297.20383
22/06/2019 7:00,297.69482
22/06/2019 8:00,298.81262
22/06/2019 9:00,299.6786
22/06/2019 10:00,300.3339
22/06/2019 11:00,300.8268
22/06/2019 12:00,301.05203
22/06/2019 13:00,301.24298
22/06/2019 14:00,300.96323
22/06/2019 15:00,300.26413
22/06/2019 16:00,299.45526
22/06/2019 17:00,297.60477
22/06/2019 18:00,295.9192
22/06/2019 19:00,294.02045
22/06/2019 20:00,293.58273
22/06/2019 21:00,292.92358
22/06/2019 22:00,292.63113
22/06/2019 23:00,292.34946
23/06/2019 0:00,291.98215
23/06/2019 1:00,291.80832
23/06/2019 2:00,291.7652
23/06/2019 3:00,291.5609
23/06/2019 4:00,291.80896
23/06/2019 5:00,292.28857
23/06/2019 6:00,292.82083
23/06/2019 7:00,292.35645
23/06/2019 8:00,292.31647
23/06/2019 9:00,292.49347
23/06/2019 10:00,292.90076
23/06/2019 11:00,292.9788
23/06/2019 12:00,293.09235
23/06/2019 13:00,293.41272
23/06/2019 14:00,293.55545
23/06/2019 15:00,293.9456
23/06/2019 16:00,294.29514
23/06/2019 17:00,294.06485
23/06/2019 18:00,293.3791
23/06/2019 19:00,293.75592
23/06/2019 20:00,292.9902
23/06/2019 21:00,292.3171
23/06/2019 22:00,291.82925
23/06/2019 23:00,291.60724
24/06/2019 0:00,291.10733
24/06/2019 1:00,290.85104
24/06/2019 2:00,290.65375
24/06/2019 3:00,291.15237
24/06/2019 4:00,291.51968
24/06/2019 5:00,292.19214
24/06/2019 6:00,292.77957
24/06/2019 7:00,294.554
24/06/2019 8:00,295.4751
24/06/2019 9:00,296.23575
24/06/2019 10:00,297.20508
24/06/2019 11:00,297.6701
24/06/2019 12:00,298.06024
24/06/2019 13:00,298.48654
24/06/2019 14:00,297.99237
24/06/2019 15:00,298.42377
24/06/2019 16:00,297.98538
24/06/2019 17:00,297.74814
24/06/2019 18:00,296.5041
24/06/2019 19:00,295.07355
24/06/2019 20:00,293.82126
24/06/2019 21:00,293.2008
24/06/2019 22:00,292.5658
24/06/2019 23:00,292.11792
25/06/2019 0:00,291.88953
25/06/2019 1:00,291.67447
25/06/2019 2:00,291.36426
25/06/2019 3:00,291.507
25/06/2019 4:00,292.30634
25/06/2019 5:00,293.2776
25/06/2019 6:00,294.90543
25/06/2019 7:00,295.63306
25/06/2019 8:00,296.9596
25/06/2019 9:00,298.24994
25/06/2019 10:00,299.54218
25/06/2019 11:00,300.08585
25/06/2019 12:00,300.6124
25/06/2019 13:00,301.0184
25/06/2019 14:00,301
25/06/2019 15:00,301.14972
25/06/2019 16:00,300.85474
25/06/2019 17:00,300.20703
25/06/2019 18:00,299.29224
25/06/2019 19:00,297.89722
25/06/2019 20:00,296.68045
25/06/2019 21:00,295.65973
25/06/2019 22:00,295.15918
25/06/2019 23:00,294.80518
26/06/2019 0:00,295.00122
26/06/2019 1:00,295.2575
26/06/2019 2:00,294.79886
26/06/2019 3:00,293.43237
26/06/2019 4:00,293.289
26/06/2019 5:00,295.17694
26/06/2019 6:00,297.76462
26/06/2019 7:00,299.15268
26/06/2019 8:00,300.41956
26/06/2019 9:00,301.59125
26/06/2019 10:00,302.57077
26/06/2019 11:00,303.2578
26/06/2019 12:00,303.77167
26/06/2019 13:00,304.1231
26/06/2019 14:00,304.22018
26/06/2019 15:00,304.04443
26/06/2019 16:00,303.70633
26/06/2019 17:00,302.76932
26/06/2019 18:00,301.26392
26/06/2019 19:00,299.107
26/06/2019 20:00,297.3415
26/06/2019 21:00,297.2647
26/06/2019 22:00,296.63095
26/06/2019 23:00,294.8661
27/06/2019 0:00,293.85233
27/06/2019 1:00,293.3277
27/06/2019 2:00,292.81573
27/06/2019 3:00,292.43573
27/06/2019 4:00,292.76752
27/06/2019 5:00,295.62482
27/06/2019 6:00,298.89636
27/06/2019 7:00,300.4665
27/06/2019 8:00,301.57605
27/06/2019 9:00,302.46927
27/06/2019 10:00,303.33267
27/06/2019 11:00,304.05078
27/06/2019 12:00,304.73657
27/06/2019 13:00,305.12036
27/06/2019 14:00,304.32104
27/06/2019 15:00,303.01166
27/06/2019 16:00,302.94186
27/06/2019 17:00,302.51175
27/06/2019 18:00,301.43268
27/06/2019 19:00,300.9683
27/06/2019 20:00,299.6659
27/06/2019 21:00,297.9194
27/06/2019 22:00,297.28058
27/06/2019 23:00,296.95386
28/06/2019 0:00,296.5967
28/06/2019 1:00,295.9192
28/06/2019 2:00,294.77475
28/06/2019 3:00,293.66013
28/06/2019 4:00,292.76752
28/06/2019 5:00,293.37717
28/06/2019 6:00,294.71384
28/06/2019 7:00,295.55313
28/06/2019 8:00,296.82
28/06/2019 9:00,297.99554
28/06/2019 10:00,298.74603
28/06/2019 11:00,299.30618
28/06/2019 12:00,299.65637
28/06/2019 13:00,299.78452
28/06/2019 14:00,299.73566
28/06/2019 15:00,299.41022
28/06/2019 16:00,298.80438
28/06/2019 17:00,297.87817
28/06/2019 18:00,296.47998
28/06/2019 19:00,294.45627
28/06/2019 20:00,292.89948
28/06/2019 21:00,291.95486
28/06/2019 22:00,291.14096
28/06/2019 23:00,290.59476
29/06/2019 0:00,290.03903
29/06/2019 1:00,289.3152
29/06/2019 2:00,288.92755
29/06/2019 3:00,288.4632
29/06/2019 4:00,288.58945
29/06/2019 5:00,290.73367
29/06/2019 6:00,292.9401
29/06/2019 7:00,294.29007
29/06/2019 8:00,295.63434
29/06/2019 9:00,296.76862
29/06/2019 10:00,297.77795
29/06/2019 11:00,298.4009
29/06/2019 12:00,298.82343
29/06/2019 13:00,299.15204
29/06/2019 14:00,299.5244
29/06/2019 15:00,299.39755
29/06/2019 16:00,299.166
29/06/2019 17:00,298.29306
29/06/2019 18:00,296.95325
29/06/2019 19:00,295.0031
29/06/2019 20:00,293.74133
29/06/2019 21:00,293.02383
29/06/2019 22:00,292.7301
29/06/2019 23:00,291.82736
30/06/2019 0:00,290.54654
30/06/2019 1:00,289.63998
30/06/2019 2:00,289.16672
30/06/2019 3:00,288.8749
30/06/2019 4:00,289.0538
30/06/2019 5:00,291.43277
30/06/2019 6:00,295.32794
30/06/2019 7:00,296.6151
30/06/2019 8:00,298.11545
30/06/2019 9:00,299.20215
30/06/2019 10:00,300.10236
30/06/2019 11:00,300.91943
30/06/2019 12:00,301.66803
30/06/2019 13:00,302.14127
30/06/2019 14:00,302.36014
30/06/2019 15:00,302.2637
30/06/2019 16:00,301.73654
30/06/2019 17:00,300.70566
30/06/2019 18:00,299.0759
30/06/2019 19:00,297.1385
30/06/2019 20:00,295.84875
30/06/2019 21:00,294.75507
30/06/2019 22:00,293.64807
30/06/2019 23:00,292.38943
01/07/2019 0:00,292.0307
01/07/2019 1:00,291.53027
01/07/2019 2:00,290.81403
01/07/2019 3:00,290.20184
01/07/2019 4:00,290.4106
01/07/2019 5:00,293.40262
01/07/2019 6:00,296.9633
01/07/2019 7:00,298.6604
01/07/2019 8:00,300.66214
01/07/2019 9:00,302.50098
01/07/2019 10:00,304.09695
01/07/2019 11:00,305.39185
01/07/2019 12:00,306.28275
01/07/2019 13:00,306.75494
01/07/2019 14:00,306.8761
01/07/2019 15:00,306.63675
01/07/2019 16:00,305.91403
01/07/2019 17:00,304.58798
01/07/2019 18:00,303.22604
01/07/2019 19:00,300.64743
01/07/2019 20:00,298.78036
01/07/2019 21:00,297.4396
01/07/2019 22:00,296.33994
01/07/2019 23:00,295.44553
02/07/2019 0:00,294.65753
02/07/2019 1:00,293.92188
02/07/2019 2:00,293.65137
02/07/2019 3:00,293.64725
02/07/2019 4:00,293.48495
02/07/2019 5:00,294.76984
02/07/2019 6:00,297.8677
02/07/2019 7:00,298.71863
02/07/2019 8:00,300.47043
02/07/2019 9:00,302.1305
02/07/2019 10:00,303.3901
02/07/2019 11:00,304.23398
02/07/2019 12:00,304.8379
02/07/2019 13:00,304.97256
02/07/2019 14:00,303.39365
02/07/2019 15:00,302.2687
02/07/2019 16:00,301.82883
02/07/2019 17:00,301.1067
02/07/2019 18:00,300.06937
02/07/2019 19:00,298.9609
02/07/2019 20:00,298.0353
02/07/2019 21:00,297.38138
02/07/2019 22:00,296.71808
02/07/2019 23:00,296.17822
03/07/2019 0:00,295.0586
03/07/2019 1:00,295.49374
03/07/2019 2:00,293.60843
03/07/2019 3:00,293.2515
03/07/2019 4:00,292.734
03/07/2019 5:00,294.34705
03/07/2019 6:00,296.11768
03/07/2019 7:00,296.3141
03/07/2019 8:00,297.41196
03/07/2019 9:00,298.76154
03/07/2019 10:00,300.04938
03/07/2019 11:00,301.04614
03/07/2019 12:00,301.6777
03/07/2019 13:00,301.93762
03/07/2019 14:00,302.07935
03/07/2019 15:00,301.9382
03/07/2019 16:00,301.1755
03/07/2019 17:00,299.97116
03/07/2019 18:00,298.92975
03/07/2019 19:00,297.97592
03/07/2019 20:00,297.0656
03/07/2019 21:00,296.3035
03/07/2019 22:00,295.78778
03/07/2019 23:00,294.95978
04/07/2019 0:00,294.4664
04/07/2019 1:00,293.35205
04/07/2019 2:00,291.9554
04/07/2019 3:00,290.89163
04/07/2019 4:00,290.3659
04/07/2019 5:00,290.50116
04/07/2019 6:00,291.12332
04/07/2019 7:00,291.4209
04/07/2019 8:00,292.26062
04/07/2019 9:00,293.088
04/07/2019 10:00,293.2862
04/07/2019 11:00,293.7978
04/07/2019 12:00,294.44818
04/07/2019 13:00,295.1803
04/07/2019 14:00,295.9189
04/07/2019 15:00,296.44992
04/07/2019 16:00,296.5593
04/07/2019 17:00,296.22644
04/07/2019 18:00,295.21323
04/07/2019 19:00,292.3994
04/07/2019 20:00,291.34796
04/07/2019 21:00,290.78815
04/07/2019 22:00,290.03366
04/07/2019 23:00,289.76962
05/07/2019 0:00,290.00778
05/07/2019 1:00,290.39355
05/07/2019 2:00,290.09482
05/07/2019 3:00,289.73022
05/07/2019 4:00,289.23804
05/07/2019 5:00,291.10156
05/07/2019 6:00,293.66666
05/07/2019 7:00,295.44553
05/07/2019 8:00,296.90506
05/07/2019 9:00,298.29053
05/07/2019 10:00,299.43195
05/07/2019 11:00,300.4087
05/07/2019 12:00,301.21255
05/07/2019 13:00,301.7418
05/07/2019 14:00,302.0517
05/07/2019 15:00,302.13226
05/07/2019 16:00,301.8459
05/07/2019 17:00,300.97556
05/07/2019 18:00,299.46545
05/07/2019 19:00,297.30493
05/07/2019 20:00,295.97418
05/07/2019 21:00,295.1374
05/07/2019 22:00,294.634
05/07/2019 23:00,295.31143
06/07/2019 0:00,295.31204
06/07/2019 1:00,294.6746
06/07/2019 2:00,294.24588
06/07/2019 3:00,293.9695
06/07/2019 4:00,293.31146
06/07/2019 5:00,294.62576
06/07/2019 6:00,297.74774
06/07/2019 7:00,298.56573
06/07/2019 8:00,299.89532
06/07/2019 9:00,300.79208
06/07/2019 10:00,301.90057
06/07/2019 11:00,302.77325
06/07/2019 12:00,303.46127
06/07/2019 13:00,303.9664
06/07/2019 14:00,304.38568
06/07/2019 15:00,304.2275
06/07/2019 16:00,304.01523
06/07/2019 17:00,302.66858
06/07/2019 18:00,301.4084
06/07/2019 19:00,299.35547
06/07/2019 20:00,297.7801
06/07/2019 21:00,296.554
06/07/2019 22:00,295.6437
06/07/2019 23:00,295.0574
07/07/2019 0:00,294.41406
07/07/2019 1:00,294.09653
07/07/2019 2:00,294.10712
07/07/2019 3:00,294.42172
07/07/2019 4:00,294.58286
07/07/2019 5:00,294.17004
07/07/2019 6:00,294.5793
07/07/2019 7:00,298.7739
07/07/2019 8:00,300.37692
07/07/2019 9:00,301.6536
07/07/2019 10:00,302.36102
07/07/2019 11:00,302.8591
07/07/2019 12:00,303.11374
07/07/2019 13:00,302.48746
07/07/2019 14:00,300.4375
07/07/2019 15:00,299.96
07/07/2019 16:00,298.51987
07/07/2019 17:00,295.26263
07/07/2019 18:00,293.70312
07/07/2019 19:00,293.2262
07/07/2019 20:00,292.62344
07/07/2019 21:00,291.9384
07/07/2019 22:00,291.36386
07/07/2019 23:00,290.85342
08/07/2019 0:00,290.4106
08/07/2019 1:00,290.0513
08/07/2019 2:00,289.8449
08/07/2019 3:00,289.64615
08/07/2019 4:00,289.63675
08/07/2019 5:00,291.268
08/07/2019 6:00,292.6599
08/07/2019 7:00,293.15918
08/07/2019 8:00,294.52347
08/07/2019 9:00,295.47314
08/07/2019 10:00,295.9048
08/07/2019 11:00,296.0712
08/07/2019 12:00,296.85803
08/07/2019 13:00,297.35315
08/07/2019 14:00,297.67896
08/07/2019 15:00,297.83713
08/07/2019 16:00,297.5425
08/07/2019 17:00,296.75217
08/07/2019 18:00,295.84482
08/07/2019 19:00,293.47437
08/07/2019 20:00,292.1789
08/07/2019 21:00,291.2521
08/07/2019 22:00,290.50647
08/07/2019 23:00,290.46353
09/07/2019 0:00,290.56586
09/07/2019 1:00,290.4359
09/07/2019 2:00,290.23303
09/07/2019 3:00,290.41943
09/07/2019 4:00,290.32004
09/07/2019 5:00,290.87695
09/07/2019 6:00,291.6661
09/07/2019 7:00,291.85547
09/07/2019 8:00,293.50613
09/07/2019 9:00,294.7775
09/07/2019 10:00,295.01624
09/07/2019 11:00,295.5596
09/07/2019 12:00,295.4708
09/07/2019 13:00,295.5296
09/07/2019 14:00,295.33145
09/07/2019 15:00,294.91156
09/07/2019 16:00,294.18356
09/07/2019 17:00,293.77487
09/07/2019 18:00,293.0792
09/07/2019 19:00,292.4782
09/07/2019 20:00,292.41116
09/07/2019 21:00,292.71344
09/07/2019 22:00,291.9625
09/07/2019 23:00,291.1039
10/07/2019 0:00,290.87457
10/07/2019 1:00,290.54822
10/07/2019 2:00,290.15012
10/07/2019 3:00,289.74435
10/07/2019 4:00,289.8649
10/07/2019 5:00,290.07306
10/07/2019 6:00,290.39178
10/07/2019 7:00,289.64203
10/07/2019 8:00,290.67877
10/07/2019 9:00,291.47794
10/07/2019 10:00,292.93277
10/07/2019 11:00,293.94186
10/07/2019 12:00,294.84277
10/07/2019 13:00,294.8651
10/07/2019 14:00,294.95743
10/07/2019 15:00,294.62402
10/07/2019 16:00,293.97656
10/07/2019 17:00,293.3003
10/07/2019 18:00,292.29355
10/07/2019 19:00,290.48
10/07/2019 20:00,291.72314
10/07/2019 21:00,291.3409
10/07/2019 22:00,290.41003
10/07/2019 23:00,287.1981
11/07/2019 0:00,286.0008
11/07/2019 1:00,285.27634
11/07/2019 2:00,284.7959
11/07/2019 3:00,284.62476
11/07/2019 4:00,285.0764
11/07/2019 5:00,286.97992
11/07/2019 6:00,290.4212
11/07/2019 7:00,292.0454
11/07/2019 8:00,293.61374
11/07/2019 9:00,294.7922
11/07/2019 10:00,295.48434
11/07/2019 11:00,296.06357
11/07/2019 12:00,296.0124
11/07/2019 13:00,296.46167
11/07/2019 14:00,296.10886
11/07/2019 15:00,295.94653
11/07/2019 16:00,295.95123
11/07/2019 17:00,295.4808
11/07/2019 18:00,294.23825
11/07/2019 19:00,292.3653
11/07/2019 20:00,290.78403
11/07/2019 21:00,289.8208
11/07/2019 22:00,289.2151
11/07/2019 23:00,288.77405
12/07/2019 0:00,288.5747
12/07/2019 1:00,288.62292
12/07/2019 2:00,288.7864
12/07/2019 3:00,288.98694
12/07/2019 4:00,289.2845
12/07/2019 5:00,290.7893
12/07/2019 6:00,292.38705
12/07/2019 7:00,292.4253
12/07/2019 8:00,293.68018
12/07/2019 9:00,294.7675
12/07/2019 10:00,295.12915
12/07/2019 11:00,294.871
12/07/2019 12:00,295.50314
12/07/2019 13:00,295.9589
12/07/2019 14:00,296.19824
12/07/2019 15:00,294.9692
12/07/2019 16:00,294.94333
12/07/2019 17:00,294.70163
12/07/2019 18:00,293.94305
12/07/2019 19:00,292.6011
12/07/2019 20:00,291.1304
12/07/2019 21:00,290.15775
12/07/2019 22:00,289.52087
12/07/2019 23:00,289.25687
13/07/2019 0:00,289.54263
13/07/2019 1:00,289.0134
13/07/2019 2:00,288.19305
13/07/2019 3:00,287.95374
13/07/2019 4:00,287.93198
13/07/2019 5:00,289.57382
13/07/2019 6:00,291.80194
13/07/2019 7:00,292.70285
13/07/2019 8:00,293.57846
13/07/2019 9:00,294.52286
13/07/2019 10:00,295.38614
13/07/2019 11:00,296.16647
13/07/2019 12:00,296.36407
13/07/2019 13:00,296.24292
13/07/2019 14:00,296.52283
13/07/2019 15:00,293.04745
13/07/2019 16:00,291.7796
13/07/2019 17:00,291.76254
13/07/2019 18:00,291.6314
13/07/2019 19:00,291.14392
13/07/2019 20:00,290.46118
13/07/2019 21:00,289.88724
13/07/2019 22:00,289.46445
13/07/2019 23:00,289.1416
14/07/2019 0:00,288.8029
14/07/2019 1:00,288.6635
14/07/2019 2:00,288.70642
14/07/2019 3:00,288.62057
14/07/2019 4:00,288.8352
14/07/2019 5:00,289.54205
14/07/2019 6:00,290.53116
14/07/2019 7:00,291.33798
14/07/2019 8:00,292.22827
14/07/2019 9:00,293.16034
14/07/2019 10:00,294.1771
14/07/2019 11:00,295.0586
14/07/2019 12:00,295.51666
14/07/2019 13:00,294.84454
14/07/2019 14:00,295.31085
14/07/2019 15:00,295.64722
14/07/2019 16:00,295.27145
14/07/2019 17:00,294.92038
14/07/2019 18:00,293.92834
14/07/2019 19:00,292.5476
14/07/2019 20:00,291.50146
14/07/2019 21:00,290.4594
14/07/2019 22:00,289.41974
14/07/2019 23:00,288.77524
15/07/2019 0:00,288.08133
15/07/2019 1:00,287.67322
15/07/2019 2:00,287.2563
15/07/2019 3:00,286.8488
15/07/2019 4:00,286.69705
15/07/2019 5:00,288.994
15/07/2019 6:00,290.77344
15/07/2019 7:00,291.77136
15/07/2019 8:00,293.17624
15/07/2019 9:00,294.33762
15/07/2019 10:00,294.51935
15/07/2019 11:00,294.79102
15/07/2019 12:00,295.5396
15/07/2019 13:00,295.70425
15/07/2019 14:00,295.903
15/07/2019 15:00,295.80188
15/07/2019 16:00,295.44788
15/07/2019 17:00,294.9833
15/07/2019 18:00,293.79367
15/07/2019 19:00,292.2718
15/07/2019 20:00,291.59082
15/07/2019 21:00,291.12686
15/07/2019 22:00,290.75403
15/07/2019 23:00,289.95898
16/07/2019 0:00,288.9799
16/07/2019 1:00,288.2701
16/07/2019 2:00,287.72733
16/07/2019 3:00,287.5221
16/07/2019 4:00,287.45682
16/07/2019 5:00,288.84875
16/07/2019 6:00,292.03424
16/07/2019 7:00,293.30737
16/07/2019 8:00,294.8551
16/07/2019 9:00,296.39227
16/07/2019 10:00,297.20557
16/07/2019 11:00,297.82773
16/07/2019 12:00,298.3452
16/07/2019 13:00,298.69803
16/07/2019 14:00,298.9268
16/07/2019 15:00,298.86328
16/07/2019 16:00,298.49692
16/07/2019 17:00,297.11325
16/07/2019 18:00,295.83716
16/07/2019 19:00,294.73398
16/07/2019 20:00,293.49496
16/07/2019 21:00,292.56937
16/07/2019 22:00,291.3368
16/07/2019 23:00,290.33887
17/07/2019 0:00,289.92017
17/07/2019 1:00,289.70554
17/07/2019 2:00,289.38034
17/07/2019 3:00,289.5497
17/07/2019 4:00,289.66672
17/07/2019 5:00,291.01456
17/07/2019 6:00,293.64844
17/07/2019 7:00,294.57462
17/07/2019 8:00,295.796
17/07/2019 9:00,296.9627
17/07/2019 10:00,298.05588
17/07/2019 11:00,298.9915
17/07/2019 12:00,299.62482
17/07/2019 13:00,300.12936
17/07/2019 14:00,300.29636
17/07/2019 15:00,300.30814
17/07/2019 16:00,299.96707
17/07/2019 17:00,299.51956
17/07/2019 18:00,297.81302
17/07/2019 19:00,295.6043
17/07/2019 20:00,294.1771
17/07/2019 21:00,293.10153
17/07/2019 22:00,292.19476
17/07/2019 23:00,291.39972
18/07/2019 0:00,290.83694
18/07/2019 1:00,290.6123
18/07/2019 2:00,290.1736
18/07/2019 3:00,290.47235
18/07/2019 4:00,289.7755
18/07/2019 5:00,290.89047
18/07/2019 6:00,292.91632
18/07/2019 7:00,295.94067
18/07/2019 8:00,297.095
18/07/2019 9:00,297.99707
18/07/2019 10:00,297.9812
18/07/2019 11:00,297.73364
18/07/2019 12:00,297.4255
18/07/2019 13:00,297.9271
18/07/2019 14:00,298.16174
18/07/2019 15:00,298.25583
18/07/2019 16:00,297.3567
18/07/2019 17:00,296.92566
18/07/2019 18:00,296.31174
18/07/2019 19:00,294.63696
18/07/2019 20:00,293.45145
18/07/2019 21:00,292.41647
18/07/2019 22:00,292.10892
18/07/2019 23:00,291.62378
19/07/2019 0:00,291.58966
19/07/2019 1:00,290.5694
19/07/2019 2:00,290.14835
19/07/2019 3:00,289.24216
19/07/2019 4:00,288.99048
19/07/2019 5:00,290.904
19/07/2019 6:00,293.6502
19/07/2019 7:00,295.16327
19/07/2019 8:00,296.7804
19/07/2019 9:00,298.11353
19/07/2019 10:00,299.09793
19/07/2019 11:00,299.9594
19/07/2019 12:00,300.52808
19/07/2019 13:00,300.99084
19/07/2019 14:00,301.209
19/07/2019 15:00,301.14963
19/07/2019 16:00,300.88855
19/07/2019 17:00,299.85004
19/07/2019 18:00,298.26053
19/07/2019 19:00,296.19647
19/07/2019 20:00,294.78278
19/07/2019 21:00,293.80368
19/07/2019 22:00,293.12976
19/07/2019 23:00,292.6164
20/07/2019 0:00,292.06305
20/07/2019 1:00,291.46558
20/07/2019 2:00,291.05923
20/07/2019 3:00,290.8005
20/07/2019 4:00,290.43118
20/07/2019 5:00,292.7687
20/07/2019 6:00,296.44403
20/07/2019 7:00,298.03354
20/07/2019 8:00,299.46133
20/07/2019 9:00,300.551
20/07/2019 10:00,301.47128
20/07/2019 11:00,302.29517
20/07/2019 12:00,302.94556
20/07/2019 13:00,303.37366
20/07/2019 14:00,303.55243
20/07/2019 15:00,303.34836
20/07/2019 16:00,302.85794
20/07/2019 17:00,301.60303
20/07/2019 18:00,300.3434
20/07/2019 19:00,297.87302
20/07/2019 20:00,296.34875
20/07/2019 21:00,295.1562
20/07/2019 22:00,294.08594
20/07/2019 23:00,293.13388
21/07/2019 0:00,292.32355
21/07/2019 1:00,291.83194
21/07/2019 2:00,291.25742
21/07/2019 3:00,290.95633
21/07/2019 4:00,291.0322
21/07/2019 5:00,293.00687
21/07/2019 6:00,297.46194
21/07/2019 7:00,299.4525
21/07/2019 8:00,300.94205
21/07/2019 9:00,302.07935
21/07/2019 10:00,302.962
21/07/2019 11:00,303.76822
21/07/2019 12:00,304.41684
21/07/2019 13:00,304.72852
21/07/2019 14:00,304.43213
21/07/2019 15:00,301.6289
21/07/2019 16:00,300.18286
21/07/2019 17:00,299.6207
21/07/2019 18:00,298.7098
21/07/2019 19:00,297.81714
21/07/2019 20:00,297.00446
21/07/2019 21:00,295.92773
21/07/2019 22:00,294.63223
21/07/2019 23:00,293.7872
22/07/2019 0:00,293.12918
22/07/2019 1:00,292.6023
22/07/2019 2:00,292.62228
22/07/2019 3:00,292.3906
22/07/2019 4:00,292.21005
22/07/2019 5:00,293.512
22/07/2019 6:00,296.564
22/07/2019 7:00,297.69128
22/07/2019 8:00,298.95267
22/07/2019 9:00,300.14465
22/07/2019 10:00,300.91205
22/07/2019 11:00,301.62537
22/07/2019 12:00,301.92352
22/07/2019 13:00,302.14343
22/07/2019 14:00,302.3222
22/07/2019 15:00,302.10464
22/07/2019 16:00,301.7265
22/07/2019 17:00,300.62744
22/07/2019 18:00,299.03088
22/07/2019 19:00,299.3055
22/07/2019 20:00,298.55984
22/07/2019 21:00,297.77597
22/07/2019 22:00,296.8739
22/07/2019 23:00,295.82718
23/07/2019 0:00,295.38318
23/07/2019 1:00,294.0536
23/07/2019 2:00,293.34793
23/07/2019 3:00,292.7828
23/07/2019 4:00,292.49408
23/07/2019 5:00,293.98245
23/07/2019 6:00,297.66425
23/07/2019 7:00,299.17847
23/07/2019 8:00,300.39282
23/07/2019 9:00,301.63242
23/07/2019 10:00,302.25928
23/07/2019 11:00,302.3857
23/07/2019 12:00,303.1349
23/07/2019 13:00,303.87762
23/07/2019 14:00,303.82233
23/07/2019 15:00,303.1549
23/07/2019 16:00,302.431
23/07/2019 17:00,301.693
23/07/2019 18:00,299.83298
23/07/2019 19:00,298.3411
23/07/2019 20:00,298.61807
23/07/2019 21:00,296.2147
23/07/2019 22:00,296.0118
23/07/2019 23:00,295.16913
24/07/2019 0:00,294.22473
24/07/2019 1:00,294.12946
24/07/2019 2:00,294.51288
24/07/2019 3:00,294.1965
24/07/2019 4:00,293.78192
24/07/2019 5:00,294.80515
24/07/2019 6:00,297.06503
24/07/2019 7:00,298.06
24/07/2019 8:00,299.32373
24/07/2019 9:00,300.51514
24/07/2019 10:00,301.57245
24/07/2019 11:00,302.53625
24/07/2019 12:00,303.16608
24/07/2019 13:00,303.60065
24/07/2019 14:00,303.68884
24/07/2019 15:00,303.61768
24/07/2019 16:00,303.1208
24/07/2019 17:00,302.21402
24/07/2019 18:00,300.62863
24/07/2019 19:00,298.5334
24/07/2019 20:00,297.34433
24/07/2019 21:00,296.24704
24/07/2019 22:00,295.20148
24/07/2019 23:00,294.21356
25/07/2019 0:00,293.40085
25/07/2019 1:00,292.69107
25/07/2019 2:00,292.16772
25/07/2019 3:00,291.79254
25/07/2019 4:00,291.76373
25/07/2019 5:00,294.21002
25/07/2019 6:00,297.80066
25/07/2019 7:00,299.83005
25/07/2019 8:00,301.44955
25/07/2019 9:00,302.55685
25/07/2019 10:00,303.58417
25/07/2019 11:00,304.42743
25/07/2019 12:00,305.1578
25/07/2019 13:00,305.33893
25/07/2019 14:00,305.7388
25/07/2019 15:00,305.64587
25/07/2019 16:00,304.85318
25/07/2019 17:00,304.13458
25/07/2019 18:00,301.75415
25/07/2019 19:00,299.49545
25/07/2019 20:00,298.01355
25/07/2019 21:00,297.09912
25/07/2019 22:00,296.44873
25/07/2019 23:00,295.66016
26/07/2019 0:00,294.99097
26/07/2019 1:00,294.5999
26/07/2019 2:00,294.16003
26/07/2019 3:00,293.64725
26/07/2019 4:00,293.24268
26/07/2019 5:00,294.62576
26/07/2019 6:00,298.05823
26/07/2019 7:00,300.2352
26/07/2019 8:00,301.15433
26/07/2019 9:00,301.73004
26/07/2019 10:00,301.4766
26/07/2019 11:00,301.9741
26/07/2019 12:00,301.63654
26/07/2019 13:00,302.11993
26/07/2019 14:00,302.92496
26/07/2019 15:00,302.97787
26/07/2019 16:00,302.2934
26/07/2019 17:00,301.34546
26/07/2019 18:00,300.2905
26/07/2019 19:00,298.21112
26/07/2019 20:00,296.7939
26/07/2019 21:00,295.81836
26/07/2019 22:00,295.14856
26/07/2019 23:00,294.56226
27/07/2019 0:00,294.07007
27/07/2019 1:00,293.74606
27/07/2019 2:00,293.6296
27/07/2019 3:00,293.6549
27/07/2019 4:00,293.8425
27/07/2019 5:00,294.9245
27/07/2019 6:00,297.72952
27/07/2019 7:00,298.93973
27/07/2019 8:00,297.88593
27/07/2019 9:00,297.84244
27/07/2019 10:00,298.84152
27/07/2019 11:00,301.42072
27/07/2019 12:00,303.3072
27/07/2019 13:00,304.55682
27/07/2019 14:00,305.2019
27/07/2019 15:00,304.29926
27/07/2019 16:00,301.5307
27/07/2019 17:00,300.7292
27/07/2019 18:00,299.65186
27/07/2019 19:00,298.86682
27/07/2019 20:00,298.55984
27/07/2019 21:00,296.8098
27/07/2019 22:00,296.564
27/07/2019 23:00,296.1312
28/07/2019 0:00,295.0574
28/07/2019 1:00,293.58374
28/07/2019 2:00,293.0392
28/07/2019 3:00,292.6011
28/07/2019 4:00,292.50348
28/07/2019 5:00,294.43112
28/07/2019 6:00,298.27875
28/07/2019 7:00,296.21823
28/07/2019 8:00,297.26614
28/07/2019 9:00,297.99533
28/07/2019 10:00,298.83035
28/07/2019 11:00,299.98117
28/07/2019 12:00,301.28842
28/07/2019 13:00,301.29312
28/07/2019 14:00,300.86914
28/07/2019 15:00,300.61392
28/07/2019 16:00,299.1197
28/07/2019 17:00,298.27347
28/07/2019 18:00,297.87595
28/07/2019 19:00,294.4023
28/07/2019 20:00,294.09125
28/07/2019 21:00,293.8619
28/07/2019 22:00,293.44968
28/07/2019 23:00,292.6452
29/07/2019 0:00,292.86044
29/07/2019 1:00,292.66522
29/07/2019 2:00,291.69022
29/07/2019 3:00,290.9375
29/07/2019 4:00,291.37268
29/07/2019 5:00,292.754
29/07/2019 6:00,293.8901
29/07/2019 7:00,295.07562
29/07/2019 8:00,295.99948
29/07/2019 9:00,297.19968
29/07/2019 10:00,297.78128
29/07/2019 11:00,299.1038
29/07/2019 12:00,299.2702
29/07/2019 13:00,298.05588
29/07/2019 14:00,296.92035
29/07/2019 15:00,296.38934
29/07/2019 16:00,296.7769
29/07/2019 17:00,296.95328
29/07/2019 18:00,296.43344
29/07/2019 19:00,294.63577
29/07/2019 20:00,293.9648
29/07/2019 21:00,293.29147
29/07/2019 22:00,292.8234
29/07/2019 23:00,292.61932
30/07/2019 0:00,292.82104
30/07/2019 1:00,293.15683
30/07/2019 2:00,293.0927
30/07/2019 3:00,292.91632
30/07/2019 4:00,292.8669
30/07/2019 5:00,293.57434
30/07/2019 6:00,295.17502
30/07/2019 7:00,296.46698
30/07/2019 8:00,297.34024
30/07/2019 9:00,298.33344
30/07/2019 10:00,299.6454
30/07/2019 11:00,300.6039
30/07/2019 12:00,301.40192
30/07/2019 13:00,301.83826
30/07/2019 14:00,302.18637
30/07/2019 15:00,302.28046
30/07/2019 16:00,302.08524
30/07/2019 17:00,301.5301
30/07/2019 18:00,300.2017
30/07/2019 19:00,298.3164
30/07/2019 20:00,297.4396
30/07/2019 21:00,296.6916
30/07/2019 22:00,295.94595
30/07/2019 23:00,295.37967
31/07/2019 0:00,294.87216
31/07/2019 1:00,294.47995
31/07/2019 2:00,294.11887
31/07/2019 3:00,293.91425
31/07/2019 4:00,293.95773
31/07/2019 5:00,294.56168
31/07/2019 6:00,297.42316
31/07/2019 7:00,298.94562
31/07/2019 8:00,300.10876
31/07/2019 9:00,301.07083
31/07/2019 10:00,301.80707
31/07/2019 11:00,302.1905
31/07/2019 12:00,302.63742
31/07/2019 13:00,302.77325
31/07/2019 14:00,302.85794
31/07/2019 15:00,302.94144
31/07/2019 16:00,302.5204
31/07/2019 17:00,301.51834
31/07/2019 18:00,299.99176
31/07/2019 19:00,298.61865
31/07/2019 20:00,297.16794
31/07/2019 21:00,296.25644
31/07/2019 22:00,295.38614
31/07/2019 23:00,295.0433
01/08/2019 0:00,295.1803
01/08/2019 1:00,295.0515
01/08/2019 2:00,294.74515
01/08/2019 3:00,294.2559
01/08/2019 4:00,293.84543
01/08/2019 5:00,294.12476
01/08/2019 6:00,294.91568
01/08/2019 7:00,295.7854
01/08/2019 8:00,297.08325
01/08/2019 9:00,297.9918
01/08/2019 10:00,299.09616
01/08/2019 11:00,300.0835
01/08/2019 12:00,300.83032
01/08/2019 13:00,301.24902
01/08/2019 14:00,301.3919
01/08/2019 15:00,301.44012
01/08/2019 16:00,301.20844
01/08/2019 17:00,300.56863
01/08/2019 18:00,299.56424
01/08/2019 19:00,297.8089
01/08/2019 20:00,297.37903
01/08/2019 21:00,296.04416
01/08/2019 22:00,294.9151
01/08/2019 23:00,294.4329
02/08/2019 0:00,294.21472
02/08/2019 1:00,294.91922
02/08/2019 2:00,294.53168
02/08/2019 3:00,294.17944
02/08/2019 4:00,293.78192
02/08/2019 5:00,294.1277
02/08/2019 6:00,296.52225
02/08/2019 7:00,298.1682
02/08/2019 8:00,299.31668
02/08/2019 9:00,299.97705
02/08/2019 10:00,300.3346
02/08/2019 11:00,300.75446
02/08/2019 12:00,301.29782
02/08/2019 13:00,301.14786
02/08/2019 14:00,299.51367
02/08/2019 15:00,298.36813
02/08/2019 16:00,297.48077
02/08/2019 17:00,296.48813
02/08/2019 18:00,295.42142
02/08/2019 19:00,293.27972
02/08/2019 20:00,292.66403
02/08/2019 21:00,292.35413
02/08/2019 22:00,292.01776
02/08/2019 23:00,291.8725
03/08/2019 0:00,291.70786
03/08/2019 1:00,291.67435
03/08/2019 2:00,291.4709
03/08/2019 3:00,291.26328
03/08/2019 4:00,290.92575
03/08/2019 5:00,291.288
03/08/2019 6:00,292.1589
03/08/2019 7:00,293.36322
03/08/2019 8:00,294.88217
03/08/2019 9:00,296.22998
03/08/2019 10:00,297.66425
03/08/2019 11:00,298.36227
03/08/2019 12:00,296.10413
03/08/2019 13:00,297.08972
03/08/2019 14:00,297.913
03/08/2019 15:00,298.01825
03/08/2019 16:00,297.79715
03/08/2019 17:00,296.938
03/08/2019 18:00,295.70013
03/08/2019 19:00,293.375
03/08/2019 20:00,292.46
03/08/2019 21:00,291.8249
03/08/2019 22:00,291.5179
03/08/2019 23:00,291.25037
04/08/2019 0:00,290.94928
04/08/2019 1:00,290.67288
04/08/2019 2:00,290.2871
04/08/2019 3:00,289.9055
04/08/2019 4:00,289.57498
04/08/2019 5:00,290.21774
04/08/2019 6:00,291.6955
04/08/2019 7:00,293.07565
04/08/2019 8:00,294.54932
04/08/2019 9:00,295.6743
04/08/2019 10:00,296.54517
04/08/2019 11:00,297.12793
04/08/2019 12:00,297.64542
04/08/2019 13:00,297.8689
04/08/2019 14:00,298.03708
04/08/2019 15:00,297.94885
04/08/2019 16:00,297.4549
04/08/2019 17:00,296.68924
04/08/2019 18:00,295.09152
04/08/2019 19:00,293.40027
04/08/2019 20:00,293.8219
04/08/2019 21:00,294.39407
04/08/2019 22:00,293.9695
04/08/2019 23:00,293.36734
05/08/2019 0:00,291.03394
05/08/2019 1:00,290.05484
05/08/2019 2:00,289.36447
05/08/2019 3:00,288.68292
05/08/2019 4:00,288.24774
05/08/2019 5:00,289.57794
05/08/2019 6:00,293.51376
05/08/2019 7:00,295.66135
05/08/2019 8:00,297.27612
05/08/2019 9:00,298.44458
05/08/2019 10:00,299.13907
05/08/2019 11:00,299.5266
05/08/2019 12:00,300.08762
05/08/2019 13:00,300.31284
05/08/2019 14:00,300.50278
05/08/2019 15:00,300.4969
05/08/2019 16:00,300.2358
05/08/2019 17:00,298.93503
05/08/2019 18:00,297.55838
05/08/2019 19:00,295.63663
05/08/2019 20:00,294.22824
05/08/2019 21:00,293.13095
05/08/2019 22:00,292.11774
05/08/2019 23:00,291.28622
06/08/2019 0:00,290.75168
06/08/2019 1:00,290.29065
06/08/2019 2:00,289.9725
06/08/2019 3:00,289.65613
06/08/2019 4:00,289.48914
06/08/2019 5:00,291.15567
06/08/2019 6:00,295.2491
06/08/2019 7:00,297.58075
06/08/2019 8:00,299.4478
06/08/2019 9:00,300.7386
06/08/2019 10:00,301.7077
06/08/2019 11:00,302.53745
06/08/2019 12:00,303.22427
06/08/2019 13:00,303.49185
06/08/2019 14:00,303.67413
06/08/2019 15:00,303.2419
06/08/2019 16:00,302.07053
06/08/2019 17:00,300.96674
06/08/2019 18:00,299.7989
06/08/2019 19:00,298.07294
06/08/2019 20:00,297.19263
06/08/2019 21:00,296.26056
06/08/2019 22:00,295.34732
06/08/2019 23:00,294.62283
07/08/2019 0:00,294.18826
07/08/2019 1:00,293.94363
07/08/2019 2:00,293.73486
07/08/2019 3:00,293.45496
07/08/2019 4:00,293.23563
07/08/2019 5:00,294.1953
07/08/2019 6:00,297.66895
07/08/2019 7:00,299.85123
07/08/2019 8:00,301.43954
07/08/2019 9:00,302.69092
07/08/2019 10:00,303.61182
07/08/2019 11:00,304.35452
07/08/2019 12:00,304.98785
07/08/2019 13:00,305.29834
07/08/2019 14:00,305.3748
07/08/2019 15:00,305.06372
07/08/2019 16:00,304.35864
07/08/2019 17:00,303.022
07/08/2019 18:00,301.33194
07/08/2019 19:00,299.78595
07/08/2019 20:00,298.34344
07/08/2019 21:00,297.2385
07/08/2019 22:00,296.22705
07/08/2019 23:00,295.3479
08/08/2019 0:00,295.2785
08/08/2019 1:00,295.619
08/08/2019 2:00,295.94067
08/08/2019 3:00,294.5117
08/08/2019 4:00,294.00302
08/08/2019 5:00,294.70987
08/08/2019 6:00,296.14355
08/08/2019 7:00,296.64456
08/08/2019 8:00,297.3273
08/08/2019 9:00,298.07178
08/08/2019 10:00,299.03204
08/08/2019 11:00,299.72125
08/08/2019 12:00,300.8409
08/08/2019 13:00,301.60303
08/08/2019 14:00,302.11285
08/08/2019 15:00,301.7518
08/08/2019 16:00,300.84854
08/08/2019 17:00,299.82593
08/08/2019 18:00,298.59866
08/08/2019 19:00,296.1453
08/08/2019 20:00,295.17972
08/08/2019 21:00,294.9451
08/08/2019 22:00,294.46582
08/08/2019 23:00,294.01068
09/08/2019 0:00,293.4773
09/08/2019 1:00,293.2468
09/08/2019 2:00,292.70578
09/08/2019 3:00,292.85162
09/08/2019 4:00,291.68198
09/08/2019 5:00,292.6811
09/08/2019 6:00,294.30765
09/08/2019 7:00,296.6122
09/08/2019 8:00,297.88065
09/08/2019 9:00,299.4431
09/08/2019 10:00,300.6504
09/08/2019 11:00,301.46246
09/08/2019 12:00,302.21225
09/08/2019 13:00,302.90967
09/08/2019 14:00,303.22192
09/08/2019 15:00,303.17606
09/08/2019 16:00,302.69974
09/08/2019 17:00,301.74652
09/08/2019 18:00,300.40692
09/08/2019 19:00,298.76096
09/08/2019 20:00,297.74188
09/08/2019 21:00,296.86038
09/08/2019 22:00,296.10413
09/08/2019 23:00,295.31616
10/08/2019 0:00,294.4976
10/08/2019 1:00,293.79898
10/08/2019 2:00,293.09918
10/08/2019 3:00,292.55112
10/08/2019 4:00,292.2183
10/08/2019 5:00,293.40674
10/08/2019 6:00,297.29672
10/08/2019 7:00,298.86386
10/08/2019 8:00,300.81738
10/08/2019 9:00,302.30045
10/08/2019 10:00,303.49478
10/08/2019 11:00,304.49155
10/08/2019 12:00,305.33423
10/08/2019 13:00,305.91992
10/08/2019 14:00,306.20218
10/08/2019 15:00,306.10162
10/08/2019 16:00,305.4724
10/08/2019 17:00,304.14282
10/08/2019 18:00,302.31396
10/08/2019 19:00,300.6639
10/08/2019 20:00,299.22318
10/08/2019 21:00,298.3652
10/08/2019 22:00,297.98413
10/08/2019 23:00,298.45282
11/08/2019 0:00,297.53723
11/08/2019 1:00,296.75394
11/08/2019 2:00,296.2582
11/08/2019 3:00,295.78836
11/08/2019 4:00,295.3338
11/08/2019 5:00,295.5796
11/08/2019 6:00,296.4311
11/08/2019 7:00,297.13794
11/08/2019 8:00,298.15408
11/08/2019 9:00,299.34842
11/08/2019 10:00,301.10025
11/08/2019 11:00,302.25458
11/08/2019 12:00,303.34543
11/08/2019 13:00,304.03992
11/08/2019 14:00,304.3745
11/08/2019 15:00,304.47742
11/08/2019 16:00,304.1987
11/08/2019 17:00,303.0661
11/08/2019 18:00,301.40192
11/08/2019 19:00,299.09616
11/08/2019 20:00,297.92004
11/08/2019 21:00,297.18674
11/08/2019 22:00,296.81686
11/08/2019 23:00,296.514
12/08/2019 0:00,296.08298
12/08/2019 1:00,295.44318
12/08/2019 2:00,294.71457
12/08/2019 3:00,294.53345
12/08/2019 4:00,294.11475
12/08/2019 5:00,295.2156
12/08/2019 6:00,298.33228
12/08/2019 7:00,300.0635
12/08/2019 8:00,301.9135
12/08/2019 9:00,303.46304
12/08/2019 10:00,304.8373
12/08/2019 11:00,305.9652
12/08/2019 12:00,306.87903
12/08/2019 13:00,307.48062
12/08/2019 14:00,307.7776
12/08/2019 15:00,307.73584
12/08/2019 16:00,307.1654
12/08/2019 17:00,305.6941
12/08/2019 18:00,303.96463
12/08/2019 19:00,302.1158
12/08/2019 20:00,300.73917
12/08/2019 21:00,300.72623
12/08/2019 22:00,300.708
12/08/2019 23:00,299.95
13/08/2019 0:00,299.42548
13/08/2019 1:00,298.1153
13/08/2019 2:00,296.38464
13/08/2019 3:00,295.6002
13/08/2019 4:00,295.9342
13/08/2019 5:00,295.88834
13/08/2019 6:00,296.1612
13/08/2019 7:00,296.45932
13/08/2019 8:00,297.47488
13/08/2019 9:00,298.5757
13/08/2019 10:00,299.8171
13/08/2019 11:00,300.33282
13/08/2019 12:00,300.82092
13/08/2019 13:00,301.05084
13/08/2019 14:00,301.07788
13/08/2019 15:00,300.7033
13/08/2019 16:00,300.03586
13/08/2019 17:00,299.01028
13/08/2019 18:00,297.90768
13/08/2019 19:00,295.85892
13/08/2019 20:00,295.51608
13/08/2019 21:00,295.26028
13/08/2019 22:00,294.73926
13/08/2019 23:00,294.1136
14/08/2019 0:00,293.42496
14/08/2019 1:00,292.5029
14/08/2019 2:00,291.87897
14/08/2019 3:00,291.29385
14/08/2019 4:00,290.86105
14/08/2019 5:00,290.53882
14/08/2019 6:00,290.17657
14/08/2019 7:00,289.78317
14/08/2019 8:00,290.46823
14/08/2019 9:00,291.25565
14/08/2019 10:00,292.14597
14/08/2019 11:00,293.22974
14/08/2019 12:00,294.52405
14/08/2019 13:00,294.78986
14/08/2019 14:00,295.1515
14/08/2019 15:00,295.5308
14/08/2019 16:00,295.26263
14/08/2019 17:00,294.8216
14/08/2019 18:00,293.80133
14/08/2019 19:00,292.87396
14/08/2019 20:00,291.95602
14/08/2019 21:00,290.89987
14/08/2019 22:00,289.90665
14/08/2019 23:00,289.22568
15/08/2019 0:00,288.8511
15/08/2019 1:00,289.02692
15/08/2019 2:00,289.90607
15/08/2019 3:00,289.62616
15/08/2019 4:00,289.25275
15/08/2019 5:00,289.10278
15/08/2019 6:00,290.7417
15/08/2019 7:00,292.0895
15/08/2019 8:00,293.492
15/08/2019 9:00,294.53464
15/08/2019 10:00,295.40143
15/08/2019 11:00,295.93713
15/08/2019 12:00,296.51813
15/08/2019 13:00,296.63162
15/08/2019 14:00,296.72983
15/08/2019 15:00,296.5258
15/08/2019 16:00,296.26703
15/08/2019 17:00,295.66782
15/08/2019 18:00,294.03537
15/08/2019 19:00,292.3559
15/08/2019 20:00,290.9187
15/08/2019 21:00,290.11072
15/08/2019 22:00,289.68143
15/08/2019 23:00,288.87814
16/08/2019 0:00,288.2219
16/08/2019 1:00,288.0631
16/08/2019 2:00,288.3401
16/08/2019 3:00,288.81464
16/08/2019 4:00,288.91284
16/08/2019 5:00,289.2792
16/08/2019 6:00,291.1686
16/08/2019 7:00,293.0686
16/08/2019 8:00,294.38113
16/08/2019 9:00,294.8557
16/08/2019 10:00,295.09268
16/08/2019 11:00,295.29733
16/08/2019 12:00,295.37436
16/08/2019 13:00,295.50668
16/08/2019 14:00,295.6825
16/08/2019 15:00,295.64252
16/08/2019 16:00,295.47726
16/08/2019 17:00,294.9592
16/08/2019 18:00,293.75076
16/08/2019 19:00,292.53348
16/08/2019 20:00,291.59436
16/08/2019 21:00,290.95044
16/08/2019 22:00,290.63113
16/08/2019 23:00,290.0084
17/08/2019 0:00,289.53146
17/08/2019 1:00,289.40094
17/08/2019 2:00,288.87344
17/08/2019 3:00,288.66467
17/08/2019 4:00,288.80936
17/08/2019 5:00,289.57086
17/08/2019 6:00,291.8584
17/08/2019 7:00,293.23386
17/08/2019 8:00,294.95862
17/08/2019 9:00,296.32056
17/08/2019 10:00,296.87802
17/08/2019 11:00,297.4837
17/08/2019 12:00,298.18408
17/08/2019 13:00,298.74274
17/08/2019 14:00,299.01794
17/08/2019 15:00,299.00208
17/08/2019 16:00,298.6404
17/08/2019 17:00,297.4802
17/08/2019 18:00,295.679
17/08/2019 19:00,294.40524
17/08/2019 20:00,293.1633
17/08/2019 21:00,292.2518
17/08/2019 22:00,291.51556
17/08/2019 23:00,290.7799
18/08/2019 0:00,289.949
18/08/2019 1:00,289.63086
18/08/2019 2:00,289.11984
18/08/2019 3:00,288.76758
18/08/2019 4:00,288.5753
18/08/2019 5:00,289.33624
18/08/2019 6:00,292.981
18/08/2019 7:00,295.5108
18/08/2019 8:00,297.4355
18/08/2019 9:00,299.25198
18/08/2019 10:00,300.56863
18/08/2019 11:00,301.58655
18/08/2019 12:00,302.34103
18/08/2019 13:00,302.81442
18/08/2019 14:00,303.03787
18/08/2019 15:00,302.8603
18/08/2019 16:00,302.11285
18/08/2019 17:00,300.5263
18/08/2019 18:00,298.454
18/08/2019 19:00,296.8057
18/08/2019 20:00,295.4796
18/08/2019 21:00,294.2847
18/08/2019 22:00,293.2468
18/08/2019 23:00,292.4
19/08/2019 0:00,291.7355
19/08/2019 1:00,291.57614
19/08/2019 2:00,291.48734
19/08/2019 3:00,291.37442
19/08/2019 4:00,291.00513
19/08/2019 5:00,291.62848
19/08/2019 6:00,295.03622
19/08/2019 7:00,298.13586
19/08/2019 8:00,300.1323
19/08/2019 9:00,301.6924
19/08/2019 10:00,302.93262
19/08/2019 11:00,303.81705
19/08/2019 12:00,304.44626
19/08/2019 13:00,304.8679
19/08/2019 14:00,305.00607
19/08/2019 15:00,304.8479
19/08/2019 16:00,304.124
19/08/2019 17:00,302.5539
19/08/2019 18:00,300.47397
19/08/2019 19:00,298.30524
19/08/2019 20:00,297.24908
19/08/2019 21:00,297.0703
19/08/2019 22:00,296.61044
19/08/2019 23:00,295.68015
20/08/2019 0:00,295.27557
20/08/2019 1:00,294.66165
20/08/2019 2:00,293.87012
20/08/2019 3:00,293.41968
20/08/2019 4:00,293.3344
20/08/2019 5:00,294.19592
20/08/2019 6:00,296.42874
20/08/2019 7:00,298.27054
20/08/2019 8:00,300.04056
20/08/2019 9:00,301.6636
20/08/2019 10:00,303.07727
20/08/2019 11:00,304.25925
20/08/2019 12:00,305.06607
20/08/2019 13:00,305.4724
20/08/2019 14:00,305.52768
20/08/2019 15:00,305.2213
20/08/2019 16:00,304.22574
20/08/2019 17:00,302.68268
20/08/2019 18:00,300.8703
20/08/2019 19:00,299.4525
20/08/2019 20:00,298.09882
20/08/2019 21:00,296.87036
20/08/2019 22:00,296.08884
20/08/2019 23:00,295.2791
21/08/2019 0:00,294.56522
21/08/2019 1:00,293.71664
21/08/2019 2:00,293.41733
21/08/2019 3:00,293.77664
21/08/2019 4:00,294.55228
21/08/2019 5:00,293.71664
21/08/2019 6:00,295.19913
21/08/2019 7:00,295.92477
21/08/2019 8:00,296.61633
21/08/2019 9:00,297.3367
21/08/2019 10:00,298.17468
21/08/2019 11:00,298.99973
21/08/2019 12:00,299.75653
21/08/2019 13:00,300.11996
21/08/2019 14:00,300.15875
21/08/2019 15:00,299.86356
21/08/2019 16:00,299.09555
21/08/2019 17:00,297.91888
21/08/2019 18:00,296.66397
21/08/2019 19:00,294.89923
21/08/2019 20:00,294.1918
21/08/2019 21:00,293.47202
21/08/2019 22:00,292.82162
21/08/2019 23:00,292.30472
22/08/2019 0:00,291.92484
22/08/2019 1:00,291.52966
22/08/2019 2:00,291.2733
22/08/2019 3:00,291.001
22/08/2019 4:00,290.57938
22/08/2019 5:00,290.81226
22/08/2019 6:00,291.85428
22/08/2019 7:00,292.4735
22/08/2019 8:00,294.13065
22/08/2019 9:00,295.53607
22/08/2019 10:00,297.41315
22/08/2019 11:00,298.34933
22/08/2019 12:00,299.39783
22/08/2019 13:00,300.30283
22/08/2019 14:00,300.69037
22/08/2019 15:00,300.5116
22/08/2019 16:00,300.27637
22/08/2019 17:00,299.1867
22/08/2019 18:00,298.09763
22/08/2019 19:00,297.25906
22/08/2019 20:00,296.2976
22/08/2019 21:00,295.4555
22/08/2019 22:00,294.8557
22/08/2019 23:00,294.29822
23/08/2019 0:00,293.7719
23/08/2019 1:00,293.51083
23/08/2019 2:00,293.1439
23/08/2019 3:00,292.8728
23/08/2019 4:00,292.49466
23/08/2019 5:00,292.76517
23/08/2019 6:00,294.11594
23/08/2019 7:00,294.9692
23/08/2019 8:00,296.04474
23/08/2019 9:00,297.56134
23/08/2019 10:00,299.12085
23/08/2019 11:00,300.334
23/08/2019 12:00,300.9897
23/08/2019 13:00,301.40427
23/08/2019 14:00,301.43484
23/08/2019 15:00,301.4366
23/08/2019 16:00,300.8991
23/08/2019 17:00,300.0988
23/08/2019 18:00,299.04733
23/08/2019 19:00,298.15643
23/08/2019 20:00,297.26907
23/08/2019 21:00,296.21
23/08/2019 22:00,295.81836
23/08/2019 23:00,295.22382
24/08/2019 0:00,294.8351
24/08/2019 1:00,294.26648
24/08/2019 2:00,293.6155
24/08/2019 3:00,293.0245
24/08/2019 4:00,292.6599
24/08/2019 5:00,293.06744
24/08/2019 6:00,295.33438
24/08/2019 7:00,296.57224
24/08/2019 8:00,298.03766
24/08/2019 9:00,299.71948
24/08/2019 10:00,301.20255
24/08/2019 11:00,301.80707
24/08/2019 12:00,301.82178
24/08/2019 13:00,301.5548
24/08/2019 14:00,300.71094
24/08/2019 15:00,300.63626
24/08/2019 16:00,300.1711
24/08/2019 17:00,299.40253
24/08/2019 18:00,298.24524
24/08/2019 19:00,297.37964
24/08/2019 20:00,297.51193
24/08/2019 21:00,297.6125
24/08/2019 22:00,295.5455
24/08/2019 23:00,295.09326
25/08/2019 0:00,294.5511
25/08/2019 1:00,293.77075
25/08/2019 2:00,292.981
25/08/2019 3:00,293.3497
25/08/2019 4:00,293.78955
25/08/2019 5:00,293.7925
25/08/2019 6:00,295.1468
25/08/2019 7:00,295.80246
25/08/2019 8:00,297.50546
25/08/2019 9:00,299.12085
25/08/2019 10:00,300.49512
25/08/2019 11:00,301.1273
25/08/2019 12:00,301.13965
25/08/2019 13:00,301.36368
25/08/2019 14:00,301.6577
25/08/2019 15:00,301.7018
25/08/2019 16:00,301.13257
25/08/2019 17:00,299.47073
25/08/2019 18:00,298.15704
25/08/2019 19:00,297.87595
25/08/2019 20:00,296.79626
25/08/2019 21:00,295.64136
25/08/2019 22:00,295.15326
25/08/2019 23:00,294.6234
26/08/2019 0:00,294.11124
26/08/2019 1:00,293.58258
26/08/2019 2:00,293.10153
26/08/2019 3:00,292.7646
26/08/2019 4:00,292.59286
26/08/2019 5:00,292.99158
26/08/2019 6:00,295.46082
26/08/2019 7:00,296.87625
26/08/2019 8:00,298.4934
26/08/2019 9:00,299.99353
26/08/2019 10:00,301.10376
26/08/2019 11:00,301.74475
26/08/2019 12:00,302.24634
26/08/2019 13:00,302.2599
26/08/2019 14:00,301.92056
26/08/2019 15:00,301.76416
26/08/2019 16:00,300.60568
26/08/2019 17:00,299.46722
26/08/2019 18:00,296.51285
26/08/2019 19:00,297.05444
26/08/2019 20:00,296.22882
26/08/2019 21:00,295.38318
26/08/2019 22:00,294.39642
26/08/2019 23:00,293.8413
27/08/2019 0:00,293.33734
27/08/2019 1:00,293.1521
27/08/2019 2:00,293.041
27/08/2019 3:00,292.5823
27/08/2019 4:00,292.15656
27/08/2019 5:00,292.56348
27/08/2019 6:00,295.16736
27/08/2019 7:00,296.8286
27/08/2019 8:00,297.6166
27/08/2019 9:00,298.5769
27/08/2019 10:00,300.23404
27/08/2019 11:00,301.5413
27/08/2019 12:00,302.16342
27/08/2019 13:00,302.56625
27/08/2019 14:00,302.96085
27/08/2019 15:00,302.9085
27/08/2019 16:00,302.54684
27/08/2019 17:00,301.14023
27/08/2019 18:00,299.6601
27/08/2019 19:00,297.25085
27/08/2019 20:00,296.1753
27/08/2019 21:00,295.55783
27/08/2019 22:00,295.07974
27/08/2019 23:00,295.1174
28/08/2019 0:00,295.47903
28/08/2019 1:00,295.51666
28/08/2019 2:00,295.12857
28/08/2019 3:00,294.6987
28/08/2019 4:00,294.3447
28/08/2019 5:00,294.22412
28/08/2019 6:00,295.5102
28/08/2019 7:00,298.0888
28/08/2019 8:00,299.90295
28/08/2019 9:00,301.4413
28/08/2019 10:00,302.74973
28/08/2019 11:00,303.71118
28/08/2019 12:00,304.37628
28/08/2019 13:00,304.7297
28/08/2019 14:00,304.90787
28/08/2019 15:00,304.72736
28/08/2019 16:00,303.88818
28/08/2019 17:00,302.6233
28/08/2019 18:00,300.60275
28/08/2019 19:00,300.64743
28/08/2019 20:00,300.04703
28/08/2019 21:00,299.2467
28/08/2019 22:00,298.4893
28/08/2019 23:00,297.7936
29/08/2019 0:00,297.09088
29/08/2019 1:00,295.81424
29/08/2019 2:00,294.84277
29/08/2019 3:00,294.29175
29/08/2019 4:00,293.2615
29/08/2019 5:00,293.03864
29/08/2019 6:00,296.10004
29/08/2019 7:00,297.57486
29/08/2019 8:00,299.50073
29/08/2019 9:00,301.0967
29/08/2019 10:00,302.35983
29/08/2019 11:00,302.93497
29/08/2019 12:00,303.44363
29/08/2019 13:00,303.51538
29/08/2019 14:00,303.3719
29/08/2019 15:00,303.0455
29/08/2019 16:00,301.88647
29/08/2019 17:00,301.05084
29/08/2019 18:00,300.97852
29/08/2019 19:00,299.90942
29/08/2019 20:00,298.31406
29/08/2019 21:00,296.34937
29/08/2019 22:00,295.44083
29/08/2019 23:00,295.10858
30/08/2019 0:00,294.63754
30/08/2019 1:00,294.3253
30/08/2019 2:00,293.35324
30/08/2019 3:00,293.218
30/08/2019 4:00,293.158
30/08/2019 5:00,292.94983
30/08/2019 6:00,294.6193
30/08/2019 7:00,297.459
30/08/2019 8:00,299.94296
30/08/2019 9:00,302.10403
30/08/2019 10:00,303.80588
30/08/2019 11:00,304.7544
30/08/2019 12:00,304.64795
30/08/2019 13:00,304.70734
30/08/2019 14:00,304.26868
30/08/2019 15:00,303.1343
30/08/2019 16:00,302.20813
30/08/2019 17:00,301.1655
30/08/2019 18:00,299.72244
30/08/2019 19:00,299.08087
30/08/2019 20:00,298.02002
30/08/2019 21:00,296.89038
30/08/2019 22:00,295.74014
30/08/2019 23:00,295.58255
31/08/2019 0:00,295.2785
31/08/2019 1:00,294.58636
31/08/2019 2:00,294.1136
31/08/2019 3:00,293.75192
31/08/2019 4:00,293.65668
31/08/2019 5:00,294.1759
31/08/2019 6:00,295.8942
31/08/2019 7:00,297.4255
31/08/2019 8:00,299.2461
31/08/2019 9:00,300.89853
31/08/2019 10:00,302.42807
31/08/2019 11:00,303.45892
31/08/2019 12:00,304.04874
31/08/2019 13:00,304.1087
31/08/2019 14:00,303.97345
31/08/2019 15:00,302.91263
31/08/2019 16:00,301.9276
31/08/2019 17:00,300.6839
31/08/2019 18:00,298.9268
31/08/2019 19:00,297.64426
31/08/2019 20:00,297.0068
31/08/2019 21:00,296.9621
31/08/2019 22:00,296.2188
31/08/2019 23:00,295.44495
01/09/2019 0:00,295.39084
01/09/2019 1:00,295.64136
01/09/2019 2:00,295.6913
01/09/2019 3:00,295.20972
01/09/2019 4:00,294.7969
01/09/2019 5:00,294.49933
01/09/2019 6:00,295.37906
01/09/2019 7:00,298.43518
01/09/2019 8:00,300.33813
01/09/2019 9:00,301.96878
01/09/2019 10:00,303.3019
01/09/2019 11:00,304.2422
01/09/2019 12:00,304.57797
01/09/2019 13:00,304.4539
01/09/2019 14:00,304.6109
01/09/2019 15:00,304.02344
01/09/2019 16:00,301.76886
01/09/2019 17:00,300.75446
01/09/2019 18:00,299.0297
01/09/2019 19:00,297.39963
01/09/2019 20:00,297.15793
01/09/2019 21:00,297.18204
01/09/2019 22:00,296.59692
01/09/2019 23:00,296.1206
02/09/2019 0:00,295.6631
02/09/2019 1:00,295.1015
02/09/2019 2:00,294.64636
02/09/2019 3:00,294.20944
02/09/2019 4:00,292.46585
02/09/2019 5:00,291.84665
02/09/2019 6:00,294.37466
02/09/2019 7:00,296.5246
02/09/2019 8:00,298.3987
02/09/2019 9:00,300.344
02/09/2019 10:00,301.88293
02/09/2019 11:00,303.03317
02/09/2019 12:00,303.66943
02/09/2019 13:00,303.48068
02/09/2019 14:00,301.69534
02/09/2019 15:00,300.53452
02/09/2019 16:00,299.79007
02/09/2019 17:00,298.8686
02/09/2019 18:00,297.7554
02/09/2019 19:00,294.18063
02/09/2019 20:00,293.1786
02/09/2019 21:00,292.1107
02/09/2019 22:00,290.7605
02/09/2019 23:00,289.87314
03/09/2019 0:00,289.2886
03/09/2019 1:00,288.76758
03/09/2019 2:00,288.3889
03/09/2019 3:00,288.0637
03/09/2019 4:00,287.7626
03/09/2019 5:00,287.5556
03/09/2019 6:00,287.76144
03/09/2019 7:00,288.47473
03/09/2019 8:00,289.51852
03/09/2019 9:00,291.25037
03/09/2019 10:00,292.87396
03/09/2019 11:00,293.96893
03/09/2019 12:00,294.70163
03/09/2019 13:00,295.2156
03/09/2019 14:00,295.5608
03/09/2019 15:00,295.44022
03/09/2019 16:00,294.94803
03/09/2019 17:00,293.93127
03/09/2019 18:00,292.7899
03/09/2019 19:00,291.37384
03/09/2019 20:00,290.12247
03/09/2019 21:00,288.88284
03/09/2019 22:00,288.24423
03/09/2019 23:00,288.09662
04/09/2019 0:00,287.9802
04/09/2019 1:00,288.21777
04/09/2019 2:00,288.93283
04/09/2019 3:00,288.61707
04/09/2019 4:00,287.8567
04/09/2019 5:00,287.58914
04/09/2019 6:00,289.01752
04/09/2019 7:00,290.3524
04/09/2019 8:00,291.9713
04/09/2019 9:00,293.47437
04/09/2019 10:00,294.08417
04/09/2019 11:00,294.6593
04/09/2019 12:00,295.23618
04/09/2019 13:00,295.6884
04/09/2019 14:00,295.96713
04/09/2019 15:00,295.86658
04/09/2019 16:00,295.37497
04/09/2019 17:00,294.30823
04/09/2019 18:00,292.56055
04/09/2019 19:00,290.75168
04/09/2019 20:00,290.01132
04/09/2019 21:00,290.6423
04/09/2019 22:00,290.75873
04/09/2019 23:00,290.23068
05/09/2019 0:00,289.82138
05/09/2019 1:00,288.2854
05/09/2019 2:00,287.61618
05/09/2019 3:00,287.03696
05/09/2019 4:00,286.9264
05/09/2019 5:00,287.09634
05/09/2019 6:00,288.5506
05/09/2019 7:00,291.48206
05/09/2019 8:00,293.41968
05/09/2019 9:00,295.0862
05/09/2019 10:00,296.33054
05/09/2019 11:00,297.23672
05/09/2019 12:00,297.82538
05/09/2019 13:00,298.2129
05/09/2019 14:00,298.29465
05/09/2019 15:00,298.09412
05/09/2019 16:00,297.40314
05/09/2019 17:00,296.0083
05/09/2019 18:00,294.29764
05/09/2019 19:00,292.94043
05/09/2019 20:00,291.61377
05/09/2019 21:00,290.5335
05/09/2019 22:00,289.6438
05/09/2019 23:00,289.1716
06/09/2019 0:00,288.46356
06/09/2019 1:00,288.3401
06/09/2019 2:00,288.3248
06/09/2019 3:00,287.69382
06/09/2019 4:00,287.5962
06/09/2019 5:00,287.96136
06/09/2019 6:00,289.62027
06/09/2019 7:00,291.7249
06/09/2019 8:00,292.57407
06/09/2019 9:00,294.4929
06/09/2019 10:00,296.17822
06/09/2019 11:00,297.19263
06/09/2019 12:00,297.90417
06/09/2019 13:00,297.42963
06/09/2019 14:00,297.1109
06/09/2019 15:00,296.26526
06/09/2019 16:00,295.3632
06/09/2019 17:00,294.06595
06/09/2019 18:00,292.78812
06/09/2019 19:00,291.07745
06/09/2019 20:00,290.69464
06/09/2019 21:00,290.24536
06/09/2019 22:00,289.54324
06/09/2019 23:00,288.81464
07/09/2019 0:00,288.6341
07/09/2019 1:00,288.29422
07/09/2019 2:00,288.25012
07/09/2019 3:00,287.88727
07/09/2019 4:00,287.9467
07/09/2019 5:00,289.30154
07/09/2019 6:00,289.9055
07/09/2019 7:00,290.20184
07/09/2019 8:00,290.7011
07/09/2019 9:00,291.56613
07/09/2019 10:00,292.5435
07/09/2019 11:00,294.18945
07/09/2019 12:00,295.1115
07/09/2019 13:00,295.7219
07/09/2019 14:00,296.10413
07/09/2019 15:00,295.6672
07/09/2019 16:00,294.93686
07/09/2019 17:00,294.1771
07/09/2019 18:00,293.2815
07/09/2019 19:00,291.238
07/09/2019 20:00,290.25125
07/09/2019 21:00,289.96075
07/09/2019 22:00,289.38446
07/09/2019 23:00,288.58472
08/09/2019 0:00,287.79907
08/09/2019 1:00,287.46918
08/09/2019 2:00,287.04166
08/09/2019 3:00,287.3586
08/09/2019 4:00,287.39743
08/09/2019 5:00,287.78024
08/09/2019 6:00,288.25012
08/09/2019 7:00,289.2692
08/09/2019 8:00,290.52292
08/09/2019 9:00,291.46735
08/09/2019 10:00,292.57993
08/09/2019 11:00,294.04654
08/09/2019 12:00,295.01624
08/09/2019 13:00,295.61664
08/09/2019 14:00,296.00653
08/09/2019 15:00,296.0718
08/09/2019 16:00,295.67194
08/09/2019 17:00,294.63284
08/09/2019 18:00,293.74194
08/09/2019 19:00,292.85104
08/09/2019 20:00,291.87134
08/09/2019 21:00,290.81342
08/09/2019 22:00,289.7285
08/09/2019 23:00,289.07397
09/09/2019 0:00,288.79407
09/09/2019 1:00,288.83405
09/09/2019 2:00,288.6641
09/09/2019 3:00,288.0531
09/09/2019 4:00,287.36685
09/09/2019 5:00,287.782
09/09/2019 6:00,289.0581
09/09/2019 7:00,289.5244
09/09/2019 8:00,291.789
09/09/2019 9:00,293.158
09/09/2019 10:00,293.61374
09/09/2019 11:00,294.4223
09/09/2019 12:00,294.7869
09/09/2019 13:00,294.72046
09/09/2019 14:00,292.784
09/09/2019 15:00,292.82397
09/09/2019 16:00,292.6311
09/09/2019 17:00,291.7555
09/09/2019 18:00,290.46823
09/09/2019 19:00,289.3827
09/09/2019 20:00,288.42828
09/09/2019 21:00,287.40567
09/09/2019 22:00,288.08017
09/09/2019 23:00,287.7732
10/09/2019 0:00,287.37213
10/09/2019 1:00,286.22015
10/09/2019 2:00,285.29163
10/09/2019 3:00,284.46188
10/09/2019 4:00,283.90262
10/09/2019 5:00,284.06082
10/09/2019 6:00,287.1375
10/09/2019 7:00,288.8999
10/09/2019 8:00,290.7511
10/09/2019 9:00,292.3212
10/09/2019 10:00,293.48965
10/09/2019 11:00,294.40115
10/09/2019 12:00,294.94922
10/09/2019 13:00,295.27438
10/09/2019 14:00,295.2738
10/09/2019 15:00,294.94214
10/09/2019 16:00,294.1606
10/09/2019 17:00,292.71814
10/09/2019 18:00,291.39206
10/09/2019 19:00,290.57468
10/09/2019 20:00,289.73434
10/09/2019 21:00,288.96164
10/09/2019 22:00,288.18542
10/09/2019 23:00,287.39096
11/09/2019 0:00,286.62357
11/09/2019 1:00,285.99905
11/09/2019 2:00,285.48685
11/09/2019 3:00,285.05582
11/09/2019 4:00,284.89114
11/09/2019 5:00,284.96054
11/09/2019 6:00,287.58383
11/09/2019 7:00,290.23477
11/09/2019 8:00,292.09656
11/09/2019 9:00,293.74664
11/09/2019 10:00,295.0427
11/09/2019 11:00,296.11414
11/09/2019 12:00,296.83157
11/09/2019 13:00,297.2567
11/09/2019 14:00,297.4602
11/09/2019 15:00,297.35788
11/09/2019 16:00,296.58105
11/09/2019 17:00,295.756
11/09/2019 18:00,294.8663
11/09/2019 19:00,293.1727
11/09/2019 20:00,292.52408
11/09/2019 21:00,291.91898
11/09/2019 22:00,291.1345
11/09/2019 23:00,290.59116
12/09/2019 0:00,290.45706
12/09/2019 1:00,290.05072
12/09/2019 2:00,289.9919
12/09/2019 3:00,289.8849
12/09/2019 4:00,289.5603
12/09/2019 5:00,289.52734
12/09/2019 6:00,290.51175
12/09/2019 7:00,292.55466
12/09/2019 8:00,293.19504
12/09/2019 9:00,294.23706
12/09/2019 10:00,295.03387
12/09/2019 11:00,295.74542
12/09/2019 12:00,296.534
12/09/2019 13:00,297.10324
12/09/2019 14:00,297.2326
12/09/2019 15:00,296.9333
12/09/2019 16:00,296.21176
12/09/2019 17:00,294.9798
12/09/2019 18:00,293.63257
12/09/2019 19:00,292.5423
12/09/2019 20:00,291.30093
12/09/2019 21:00,290.01602
12/09/2019 22:00,289.10983
12/09/2019 23:00,288.54413
13/09/2019 0:00,288.1631
13/09/2019 1:00,287.852
13/09/2019 2:00,287.47858
13/09/2019 3:00,287.18866
13/09/2019 4:00,286.86172
13/09/2019 5:00,286.8523
13/09/2019 6:00,288.82993
13/09/2019 7:00,292.3059
13/09/2019 8:00,294.05008
13/09/2019 9:00,295.55606
13/09/2019 10:00,296.661
13/09/2019 11:00,297.45724
13/09/2019 12:00,297.49017
13/09/2019 13:00,297.53604
13/09/2019 14:00,297.302
13/09/2019 15:00,297.19675
13/09/2019 16:00,296.23822
13/09/2019 17:00,294.9792
13/09/2019 18:00,295.02213
13/09/2019 19:00,294.65753
13/09/2019 20:00,293.86777
13/09/2019 21:00,291.4803
13/09/2019 22:00,290.31888
13/09/2019 23:00,290.05542
14/09/2019 0:00,289.71024
14/09/2019 1:00,289.88724
14/09/2019 2:00,289.9531
14/09/2019 3:00,290.10013
14/09/2019 4:00,290.0866
14/09/2019 5:00,290.32593
14/09/2019 6:00,291.62964
14/09/2019 7:00,293.3356
14/09/2019 8:00,294.63754
14/09/2019 9:00,295.8307
14/09/2019 10:00,296.80627
14/09/2019 11:00,297.50195
14/09/2019 12:00,297.90768
14/09/2019 13:00,298.08707
14/09/2019 14:00,297.8842
14/09/2019 15:00,297.29907
14/09/2019 16:00,296.34232
14/09/2019 17:00,295.07974
14/09/2019 18:00,293.84836
14/09/2019 19:00,293.10272
14/09/2019 20:00,291.9766
14/09/2019 21:00,291.02338
14/09/2019 22:00,290.12366
14/09/2019 23:00,289.09924
15/09/2019 0:00,288.15836
15/09/2019 1:00,288.01312
15/09/2019 2:00,289.1951
15/09/2019 3:00,289.27567
15/09/2019 4:00,288.97342
15/09/2019 5:00,288.5853
15/09/2019 6:00,288.5947
15/09/2019 7:00,290.56705
15/09/2019 8:00,292.07834
15/09/2019 9:00,293.729
15/09/2019 10:00,295.195
15/09/2019 11:00,296.33347
15/09/2019 12:00,297.10913
15/09/2019 13:00,297.55194
15/09/2019 14:00,297.6678
15/09/2019 15:00,297.47195
15/09/2019 16:00,296.67807
15/09/2019 17:00,294.94156
15/09/2019 18:00,292.95453
15/09/2019 19:00,291.3268
15/09/2019 20:00,290.09012
15/09/2019 21:00,289.14688
15/09/2019 22:00,288.2348
15/09/2019 23:00,287.78848
16/09/2019 0:00,287.19925
16/09/2019 1:00,286.5918
16/09/2019 2:00,286.3948
16/09/2019 3:00,286.57416
16/09/2019 4:00,286.77234
16/09/2019 5:00,287.23572
16/09/2019 6:00,288.10428
16/09/2019 7:00,292.68225
16/09/2019 8:00,295.2585
16/09/2019 9:00,296.94916
16/09/2019 10:00,298.1735
16/09/2019 11:00,299.15613
16/09/2019 12:00,299.87943
16/09/2019 13:00,300.29462
16/09/2019 14:00,300.34283
16/09/2019 15:00,300.0188
16/09/2019 16:00,298.90915
16/09/2019 17:00,297.12265
16/09/2019 18:00,296.7663
16/09/2019 19:00,295.51492
16/09/2019 20:00,293.2168
16/09/2019 21:00,291.43088
16/09/2019 22:00,291.3462
16/09/2019 23:00,291.76724
17/09/2019 0:00,289.65674
17/09/2019 1:00,288.87463
17/09/2019 2:00,288.73584
17/09/2019 3:00,288.6335
17/09/2019 4:00,288.333
17/09/2019 5:00,288.47946
17/09/2019 6:00,290.37064
17/09/2019 7:00,292.17477
17/09/2019 8:00,294.9651
17/09/2019 9:00,297.07324
17/09/2019 10:00,298.1394
17/09/2019 11:00,299.0744
17/09/2019 12:00,299.596
17/09/2019 13:00,299.93884
17/09/2019 14:00,299.96942
17/09/2019 15:00,299.58246
17/09/2019 16:00,298.82742
17/09/2019 17:00,297.00916
17/09/2019 18:00,295.17502
17/09/2019 19:00,294.02948
17/09/2019 20:00,293.28973
17/09/2019 21:00,292.52173
17/09/2019 22:00,292.03247
17/09/2019 23:00,291.42795
18/09/2019 0:00,290.86105
18/09/2019 1:00,290.50998
18/09/2019 2:00,289.8396
18/09/2019 3:00,289.04926
18/09/2019 4:00,288.9099
18/09/2019 5:00,288.64764
18/09/2019 6:00,288.3389
18/09/2019 7:00,288.1284
18/09/2019 8:00,287.51917
18/09/2019 9:00,287.51212
18/09/2019 10:00,287.2663
18/09/2019 11:00,287.5562
18/09/2019 12:00,287.62323
18/09/2019 13:00,287.79025
18/09/2019 14:00,287.8955
18/09/2019 15:00,287.97018
18/09/2019 16:00,287.84436
18/09/2019 17:00,287.68735
18/09/2019 18:00,287.5309
18/09/2019 19:00,287.64383
18/09/2019 20:00,287.53033
18/09/2019 21:00,287.45212
18/09/2019 22:00,287.40155
18/09/2019 23:00,287.35568
19/09/2019 0:00,287.28864
19/09/2019 1:00,287.2763
19/09/2019 2:00,287.18103
19/09/2019 3:00,287.12222
19/09/2019 4:00,286.99756
19/09/2019 5:00,286.92227
19/09/2019 6:00,286.94638
19/09/2019 7:00,286.4042
19/09/2019 8:00,286.6794
19/09/2019 9:00,287.16397
19/09/2019 10:00,288.20834
19/09/2019 11:00,289.01224
19/09/2019 12:00,289.6626
19/09/2019 13:00,290.31888
19/09/2019 14:00,290.2248
19/09/2019 15:00,290.19833
19/09/2019 16:00,289.70554
19/09/2019 17:00,288.76053
19/09/2019 18:00,287.5474
19/09/2019 19:00,286.38834
19/09/2019 20:00,285.538
19/09/2019 21:00,284.46716
19/09/2019 22:00,283.1611
19/09/2019 23:00,282.1173
20/09/2019 0:00,281.32227
20/09/2019 1:00,280.823
20/09/2019 2:00,280.39844
20/09/2019 3:00,279.93976
20/09/2019 4:00,279.61044
20/09/2019 5:00,279.54163
20/09/2019 6:00,281.394
20/09/2019 7:00,284.3672
20/09/2019 8:00,285.83438
20/09/2019 9:00,287.1193
20/09/2019 10:00,288.20422
20/09/2019 11:00,289.03635
20/09/2019 12:00,289.55206
20/09/2019 13:00,289.7167
20/09/2019 14:00,289.8549
20/09/2019 15:00,289.62262
20/09/2019 16:00,289.05457
20/09/2019 17:00,287.78732
20/09/2019 18:00,285.85498
20/09/2019 19:00,284.2578
20/09/2019 20:00,283.5698
20/09/2019 21:00,283.45572
20/09/2019 22:00,284.29074
20/09/2019 23:00,284.5542
21/09/2019 0:00,284.23254
21/09/2019 1:00,283.86206
21/09/2019 2:00,283.44455
21/09/2019 3:00,283.04172
21/09/2019 4:00,282.703
21/09/2019 5:00,282.49777
21/09/2019 6:00,283.03644
21/09/2019 7:00,285.28516
21/09/2019 8:00,287.72675
21/09/2019 9:00,289.21274
21/09/2019 10:00,290.12894
21/09/2019 11:00,290.82697
21/09/2019 12:00,291.3156
21/09/2019 13:00,291.59436
21/09/2019 14:00,291.58612
21/09/2019 15:00,291.2974
21/09/2019 16:00,290.42532
21/09/2019 17:00,288.89578
21/09/2019 18:00,287.35214
21/09/2019 19:00,286.2119
21/09/2019 20:00,284.95114
21/09/2019 21:00,283.8309
21/09/2019 22:00,282.9288
21/09/2019 23:00,282.1867
22/09/2019 0:00,281.6051
22/09/2019 1:00,281.13818
22/09/2019 2:00,280.75537
22/09/2019 3:00,280.33667
22/09/2019 4:00,279.9227
22/09/2019 5:00,279.63513
22/09/2019 6:00,281.70627
22/09/2019 7:00,285.7309
22/09/2019 8:00,288.40594
22/09/2019 9:00,290.647
22/09/2019 10:00,292.41174
22/09/2019 11:00,293.65256
22/09/2019 12:00,294.5058
22/09/2019 13:00,295.02213
22/09/2019 14:00,295.07153
22/09/2019 15:00,294.63284
22/09/2019 16:00,293.53906
22/09/2019 17:00,291.99542
22/09/2019 18:00,290.7905
22/09/2019 19:00,290.30887
22/09/2019 20:00,289.6638
22/09/2019 21:00,289.15924
22/09/2019 22:00,288.86108
22/09/2019 23:00,288.974
23/09/2019 0:00,289.14572
23/09/2019 1:00,289.14218
23/09/2019 2:00,288.89108
23/09/2019 3:00,288.6582
23/09/2019 4:00,288.17776
23/09/2019 5:00,288.0196
23/09/2019 6:00,288.93695
23/09/2019 7:00,290.4712
23/09/2019 8:00,292.0207
23/09/2019 9:00,293.81366
23/09/2019 10:00,294.38113
23/09/2019 11:00,293.7731
23/09/2019 12:00,293.2903
23/09/2019 13:00,293.0839
23/09/2019 14:00,292.43997
23/09/2019 15:00,292.10068
23/09/2019 16:00,291.48557
23/09/2019 17:00,290.7317
23/09/2019 18:00,290.0472
23/09/2019 19:00,289.73376
23/09/2019 20:00,289.16513
23/09/2019 21:00,288.68408
23/09/2019 22:00,288.44592
23/09/2019 23:00,288.20013
24/09/2019 0:00,287.93375
24/09/2019 1:00,287.58383
24/09/2019 2:00,287.17572
24/09/2019 3:00,286.82172
24/09/2019 4:00,286.56592
24/09/2019 5:00,286.4289
24/09/2019 6:00,286.6888
24/09/2019 7:00,287.16162
24/09/2019 8:00,287.86612
24/09/2019 9:00,288.76877
24/09/2019 10:00,289.70554
24/09/2019 11:00,290.0466
24/09/2019 12:00,290.4759
24/09/2019 13:00,290.7664
24/09/2019 14:00,291.28857
24/09/2019 15:00,291.32327
24/09/2019 16:00,290.89105
24/09/2019 17:00,289.83902
24/09/2019 18:00,288.9546
24/09/2019 19:00,288.53885
24/09/2019 20:00,288.00546
24/09/2019 21:00,287.39685
24/09/2019 22:00,286.97287
24/09/2019 23:00,286.23956
25/09/2019 0:00,285.5974
25/09/2019 1:00,284.84647
25/09/2019 2:00,284.32837
25/09/2019 3:00,283.77856
25/09/2019 4:00,283.37045
25/09/2019 5:00,283.13345
25/09/2019 6:00,285.28574
25/09/2019 7:00,288.0578
25/09/2019 8:00,290.1407
25/09/2019 9:00,291.64258
25/09/2019 10:00,293.14624
25/09/2019 11:00,294.2024
25/09/2019 12:00,294.70398
25/09/2019 13:00,294.81454
25/09/2019 14:00,294.67987
25/09/2019 15:00,294.11948
25/09/2019 16:00,293.0639
25/09/2019 17:00,291.69434
25/09/2019 18:00,290.74756
25/09/2019 19:00,289.64966
25/09/2019 20:00,289.57794
25/09/2019 21:00,289.4174
25/09/2019 22:00,289.21216
25/09/2019 23:00,288.92285
26/09/2019 0:00,288.57825
26/09/2019 1:00,288.4177
26/09/2019 2:00,288.09662
26/09/2019 3:00,287.9602
26/09/2019 4:00,287.66263
26/09/2019 5:00,287.76202
26/09/2019 6:00,288.22598
26/09/2019 7:00,288.30362
26/09/2019 8:00,288.7864
26/09/2019 9:00,290.02133
26/09/2019 10:00,291.4109
26/09/2019 11:00,292.29004
26/09/2019 12:00,292.8881
26/09/2019 13:00,293.3003
26/09/2019 14:00,293.16095
26/09/2019 15:00,292.68933
26/09/2019 16:00,292.10773
26/09/2019 17:00,290.97162
26/09/2019 18:00,289.63968
26/09/2019 19:00,288.93988
26/09/2019 20:00,288.16956
26/09/2019 21:00,287.3692
26/09/2019 22:00,286.88876
26/09/2019 23:00,286.21014
27/09/2019 0:00,285.65033
27/09/2019 1:00,285.36218
27/09/2019 2:00,284.9282
27/09/2019 3:00,284.84058
27/09/2019 4:00,284.6559
27/09/2019 5:00,284.072
27/09/2019 6:00,285.86438
27/09/2019 7:00,288.5206
27/09/2019 8:00,291.16037
27/09/2019 9:00,293.26385
27/09/2019 10:00,294.59402
27/09/2019 11:00,295.3326
27/09/2019 12:00,295.7178
27/09/2019 13:00,295.9148
27/09/2019 14:00,295.89774
27/09/2019 15:00,295.40906
27/09/2019 16:00,294.12183
27/09/2019 17:00,292.58405
27/09/2019 18:00,291.385
27/09/2019 19:00,290.72757
27/09/2019 20:00,289.8155
27/09/2019 21:00,288.91873
27/09/2019 22:00,288.17776
27/09/2019 23:00,287.50388
28/09/2019 0:00,286.9711
28/09/2019 1:00,286.9746
28/09/2019 2:00,287.00345
28/09/2019 3:00,287.1075
28/09/2019 4:00,287.11987
28/09/2019 5:00,287.0258
28/09/2019 6:00,287.98843
28/09/2019 7:00,290.5888
28/09/2019 8:00,292.3212
28/09/2019 9:00,293.65903
28/09/2019 10:00,294.39114
28/09/2019 11:00,294.8516
28/09/2019 12:00,295.1315
28/09/2019 13:00,294.94803
28/09/2019 14:00,294.8022
28/09/2019 15:00,294.2453
28/09/2019 16:00,293.33087
28/09/2019 17:00,292.15594
28/09/2019 18:00,291.39206
28/09/2019 19:00,289.75552
28/09/2019 20:00,289.62732
28/09/2019 21:00,289.36154
28/09/2019 22:00,289.14746
28/09/2019 23:00,288.91696
29/09/2019 0:00,288.79758
29/09/2019 1:00,288.71585
29/09/2019 2:00,288.4224
29/09/2019 3:00,288.2254
29/09/2019 4:00,287.72205
29/09/2019 5:00,287.40918
29/09/2019 6:00,287.69205
29/09/2019 7:00,289.1116
29/09/2019 8:00,290.68112
29/09/2019 9:00,291.43793
29/09/2019 10:00,293.03275
29/09/2019 11:00,294.10242
29/09/2019 12:00,295.62488
29/09/2019 13:00,296.36642
29/09/2019 14:00,296.55695
29/09/2019 15:00,296.1647
29/09/2019 16:00,295.11798
29/09/2019 17:00,293.46143
29/09/2019 18:00,291.85135
29/09/2019 19:00,290.61465
29/09/2019 20:00,290.09894
29/09/2019 21:00,290.2189
29/09/2019 22:00,290.15305
29/09/2019 23:00,289.9619
30/09/2019 0:00,289.85843
30/09/2019 1:00,289.80316
30/09/2019 2:00,289.64322
30/09/2019 3:00,289.4068
30/09/2019 4:00,289.42386
30/09/2019 5:00,289.4609
30/09/2019 6:00,290.33533
30/09/2019 7:00,291.98483
30/09/2019 8:00,293.76663
30/09/2019 9:00,295.08798
30/09/2019 10:00,296.13177
30/09/2019 11:00,297.06912
30/09/2019 12:00,297.31848
30/09/2019 13:00,297.17087
30/09/2019 14:00,296.9333
30/09/2019 15:00,296.49048
30/09/2019 16:00,295.46198
30/09/2019 17:00,294.05713
30/09/2019 18:00,292.9316
30/09/2019 19:00,291.86957
30/09/2019 20:00,291.6026
30/09/2019 21:00,291.70844
30/09/2019 22:00,291.69492
30/09/2019 23:00,291.49026
01/10/2019 0:00,291.11862
01/10/2019 1:00,290.6711
01/10/2019 2:00,290.20245
01/10/2019 3:00,289.9137
01/10/2019 4:00,289.75082
01/10/2019 5:00,289.76788
01/10/2019 6:00,289.90665
01/10/2019 7:00,290.34827
01/10/2019 8:00,291.72137
01/10/2019 9:00,293.0927
01/10/2019 10:00,293.95773
01/10/2019 11:00,295.21207
01/10/2019 12:00,296.02533
01/10/2019 13:00,296.5234
01/10/2019 14:00,296.65808
01/10/2019 15:00,296.21823
01/10/2019 16:00,294.98978
01/10/2019 17:00,293.33087
01/10/2019 18:00,292.12302
01/10/2019 19:00,291.17154
01/10/2019 20:00,290.31595
01/10/2019 21:00,289.68143
01/10/2019 22:00,288.9934
01/10/2019 23:00,288.2854
02/10/2019 0:00,287.71262
02/10/2019 1:00,287.23514
02/10/2019 2:00,286.8429
02/10/2019 3:00,286.6371
02/10/2019 4:00,286.46478
02/10/2019 5:00,286.27954
02/10/2019 6:00,287.59326
02/10/2019 7:00,291.79077
02/10/2019 8:00,294.68634
02/10/2019 9:00,296.12415
02/10/2019 10:00,296.98682
02/10/2019 11:00,297.5337
02/10/2019 12:00,297.88123
02/10/2019 13:00,297.60425
02/10/2019 14:00,296.22
02/10/2019 15:00,295.37143
02/10/2019 16:00,294.1518
02/10/2019 17:00,292.43057
02/10/2019 18:00,290.62173
02/10/2019 19:00,289.00693
02/10/2019 20:00,287.4827
02/10/2019 21:00,286.6959
02/10/2019 22:00,286.54886
02/10/2019 23:00,286.55298
03/10/2019 0:00,286.48596
03/10/2019 1:00,286.4295
03/10/2019 2:00,286.19897
03/10/2019 3:00,284.85294
03/10/2019 4:00,283.68036
03/10/2019 5:00,283.07407
03/10/2019 6:00,282.9694
03/10/2019 7:00,284.01318
03/10/2019 8:00,284.7465
03/10/2019 9:00,285.62326
03/10/2019 10:00,286.49948
03/10/2019 11:00,287.16043
03/10/2019 12:00,287.2998
03/10/2019 13:00,287.38626
03/10/2019 14:00,287.22632
03/10/2019 15:00,287.2316
03/10/2019 16:00,286.93286
03/10/2019 17:00,286.32306
03/10/2019 18:00,285.7979
03/10/2019 19:00,284.6177
03/10/2019 20:00,284.25192
03/10/2019 21:00,283.9485
03/10/2019 22:00,283.6921
03/10/2019 23:00,283.51923
04/10/2019 0:00,283.4757
04/10/2019 1:00,283.00763
04/10/2019 2:00,282.0144
04/10/2019 3:00,281.26758
04/10/2019 4:00,280.4919
04/10/2019 5:00,280.065
04/10/2019 6:00,280.9065
04/10/2019 7:00,283.5639
04/10/2019 8:00,284.977
04/10/2019 9:00,286.28073
04/10/2019 10:00,287.3392
04/10/2019 11:00,288.00546
04/10/2019 12:00,287.97607
04/10/2019 13:00,288.01077
04/10/2019 14:00,287.86786
04/10/2019 15:00,287.73203
04/10/2019 16:00,287.08517
04/10/2019 17:00,286.58652
04/10/2019 18:00,285.11813
04/10/2019 19:00,282.71652
04/10/2019 20:00,281.90677
04/10/2019 21:00,281.28287
04/10/2019 22:00,280.81125
04/10/2019 23:00,280.40018
05/10/2019 0:00,280.3208
05/10/2019 1:00,280.20966
05/10/2019 2:00,280.59543
05/10/2019 3:00,281.07645
05/10/2019 4:00,281.1664
05/10/2019 5:00,281.4834
05/10/2019 6:00,282.36722
05/10/2019 7:00,283.78973
05/10/2019 8:00,285.80322
05/10/2019 9:00,287.0834
05/10/2019 10:00,287.55032
05/10/2019 11:00,288.2754
05/10/2019 12:00,289.30035
05/10/2019 13:00,289.33505
05/10/2019 14:00,289.08572
05/10/2019 15:00,288.85403
05/10/2019 16:00,287.9996
05/10/2019 17:00,286.76587
05/10/2019 18:00,285.361
05/10/2019 19:00,285.39804
05/10/2019 20:00,284.88525
05/10/2019 21:00,284.4395
05/10/2019 22:00,283.77383
05/10/2019 23:00,283.20813
06/10/2019 0:00,282.69946
06/10/2019 1:00,282.36136
06/10/2019 2:00,282.31137
06/10/2019 3:00,282.5019
06/10/2019 4:00,282.57892
06/10/2019 5:00,282.5854
06/10/2019 6:00,282.64008
06/10/2019 7:00,282.85178
06/10/2019 8:00,283.97906
06/10/2019 9:00,285.06815
06/10/2019 10:00,286.03372
06/10/2019 11:00,286.73117
06/10/2019 12:00,287.0834
06/10/2019 13:00,287.23572
06/10/2019 14:00,287.1728
06/10/2019 15:00,286.64294
06/10/2019 16:00,285.84262
06/10/2019 17:00,284.62595
06/10/2019 18:00,283.46335
06/10/2019 19:00,283.1905
06/10/2019 20:00,283.08643
06/10/2019 21:00,282.2902
06/10/2019 22:00,281.2011
06/10/2019 23:00,280.30844
07/10/2019 0:00,279.32642
07/10/2019 1:00,279.18234
07/10/2019 2:00,279.17645
07/10/2019 3:00,279.77332
07/10/2019 4:00,280.49838
07/10/2019 5:00,281.1282
07/10/2019 6:00,281.72803
07/10/2019 7:00,282.24902
07/10/2019 8:00,283.1164
07/10/2019 9:00,284.41013
07/10/2019 10:00,285.58328
07/10/2019 11:00,286.28543
07/10/2019 12:00,286.2619
07/10/2019 13:00,286.08197
07/10/2019 14:00,285.87674
07/10/2019 15:00,285.4045
07/10/2019 16:00,284.98053
07/10/2019 17:00,284.4942
07/10/2019 18:00,284.21783
07/10/2019 19:00,282.58188
07/10/2019 20:00,282.28726
07/10/2019 21:00,282.28314
07/10/2019 22:00,282.09497
07/10/2019 23:00,281.96793
08/10/2019 0:00,281.48398
08/10/2019 1:00,281.13113
08/10/2019 2:00,280.77948
08/10/2019 3:00,280.2026
08/10/2019 4:00,280.01266
08/10/2019 5:00,279.45755
08/10/2019 6:00,280.46075
08/10/2019 7:00,281.9397
08/10/2019 8:00,283.38162
08/10/2019 9:00,284.65768
08/10/2019 10:00,285.69913
08/10/2019 11:00,286.50534
08/10/2019 12:00,287.0987
08/10/2019 13:00,287.43918
08/10/2019 14:00,287.44623
08/10/2019 15:00,286.94992
08/10/2019 16:00,285.81146
08/10/2019 17:00,284.4995
08/10/2019 18:00,283.43277
08/10/2019 19:00,282.91528
08/10/2019 20:00,282.17728
08/10/2019 21:00,281.44223
08/10/2019 22:00,280.8918
08/10/2019 23:00,280.49664
09/10/2019 0:00,280.23907
09/10/2019 1:00,280.12558
09/10/2019 2:00,280.08618
09/10/2019 3:00,280.18378
09/10/2019 4:00,280.37784
09/10/2019 5:00,280.5125
09/10/2019 6:00,281.3387
09/10/2019 7:00,284.67944
09/10/2019 8:00,287.89728
09/10/2019 9:00,290.01016
09/10/2019 10:00,291.28857
09/10/2019 11:00,292.1489
09/10/2019 12:00,292.63345
09/10/2019 13:00,292.8181
09/10/2019 14:00,292.74872
09/10/2019 15:00,292.2171
09/10/2019 16:00,290.80756
09/10/2019 17:00,288.964
09/10/2019 18:00,287.65265
09/10/2019 19:00,288.20187
09/10/2019 20:00,287.98724
09/10/2019 21:00,287.69028
09/10/2019 22:00,287.4721
09/10/2019 23:00,287.281
10/10/2019 0:00,286.94403
10/10/2019 1:00,287.7826
10/10/2019 2:00,286.7935
10/10/2019 3:00,286.80704
10/10/2019 4:00,286.68942
10/10/2019 5:00,286.41302
10/10/2019 6:00,286.0602
10/10/2019 7:00,286.75528
10/10/2019 8:00,287.01285
10/10/2019 9:00,287.38095
10/10/2019 10:00,287.50623
10/10/2019 11:00,287.09927
10/10/2019 12:00,287.06635
10/10/2019 13:00,286.3695
10/10/2019 14:00,285.7462
10/10/2019 15:00,285.21457
10/10/2019 16:00,284.86646
10/10/2019 17:00,284.62476
10/10/2019 18:00,284.5889
10/10/2019 19:00,284.13022
10/10/2019 20:00,283.33987
10/10/2019 21:00,283.5392
10/10/2019 22:00,283.24225
10/10/2019 23:00,282.3837
11/10/2019 0:00,282.26315
11/10/2019 1:00,281.85974
11/10/2019 2:00,281.57217
11/10/2019 3:00,281.34988
11/10/2019 4:00,281.1923
11/10/2019 5:00,281.1582
11/10/2019 6:00,281.1623
11/10/2019 7:00,282.2749
11/10/2019 8:00,284.16962
11/10/2019 9:00,285.83557
11/10/2019 10:00,287.54855
11/10/2019 11:00,289.2798
11/10/2019 12:00,290.59644
11/10/2019 13:00,291.1892
11/10/2019 14:00,291.22272
11/10/2019 15:00,290.53174
11/10/2019 16:00,288.98575
11/10/2019 17:00,287.38037
11/10/2019 18:00,286.19308
11/10/2019 19:00,285.1793
11/10/2019 20:00,284.12256
11/10/2019 21:00,283.18756
11/10/2019 22:00,282.32547
11/10/2019 23:00,281.57748
12/10/2019 0:00,280.98236
12/10/2019 1:00,280.4684
12/10/2019 2:00,280.1926
12/10/2019 3:00,279.8639
12/10/2019 4:00,279.48578
12/10/2019 5:00,279.31583
12/10/2019 6:00,280.46722
12/10/2019 7:00,284.22958
12/10/2019 8:00,287.58972
12/10/2019 9:00,290.3036
12/10/2019 10:00,292.19006
12/10/2019 11:00,293.38675
12/10/2019 12:00,294.053
12/10/2019 13:00,294.3294
12/10/2019 14:00,294.17767
12/10/2019 15:00,293.30676
12/10/2019 16:00,291.7702
12/10/2019 17:00,289.7755
12/10/2019 18:00,288.11426
12/10/2019 19:00,286.46243
12/10/2019 20:00,285.6068
12/10/2019 21:00,285.12167
12/10/2019 22:00,284.80295
12/10/2019 23:00,284.53833
13/10/2019 0:00,284.2984
13/10/2019 1:00,284.07376
13/10/2019 2:00,283.86206
13/10/2019 3:00,283.51218
13/10/2019 4:00,283.35104
13/10/2019 5:00,283.1905
13/10/2019 6:00,283.5745
13/10/2019 7:00,286.6265
13/10/2019 8:00,289.6079
13/10/2019 9:00,291.7743
13/10/2019 10:00,293.37088
13/10/2019 11:00,294.377
13/10/2019 12:00,294.9351
13/10/2019 13:00,295.14386
13/10/2019 14:00,295.008
13/10/2019 15:00,294.21414
13/10/2019 16:00,292.6811
13/10/2019 17:00,290.4794
13/10/2019 18:00,288.7564
13/10/2019 19:00,287.39096
13/10/2019 20:00,286.42303
13/10/2019 21:00,285.60623
13/10/2019 22:00,284.92114
13/10/2019 23:00,284.35367
14/10/2019 0:00,283.90027
14/10/2019 1:00,283.58215
14/10/2019 2:00,283.5498
14/10/2019 3:00,283.4851
14/10/2019 4:00,283.4622
14/10/2019 5:00,283.0964
14/10/2019 6:00,283.42514
14/10/2019 7:00,286.9705
14/10/2019 8:00,290.00485
14/10/2019 9:00,292.1836
14/10/2019 10:00,293.71957
14/10/2019 11:00,294.84158
14/10/2019 12:00,295.4714
14/10/2019 13:00,295.66486
14/10/2019 14:00,295.51608
14/10/2019 15:00,294.7675
14/10/2019 16:00,293.03452
14/10/2019 17:00,290.84048
14/10/2019 18:00,289.22217
14/10/2019 19:00,287.85083
14/10/2019 20:00,286.74292
14/10/2019 21:00,285.90143
14/10/2019 22:00,285.3563
14/10/2019 23:00,284.93524
15/10/2019 0:00,284.61887
15/10/2019 1:00,284.32074
15/10/2019 2:00,283.80032
15/10/2019 3:00,283.27518
15/10/2019 4:00,282.70712
15/10/2019 5:00,282.2608
15/10/2019 6:00,282.8618
15/10/2019 7:00,286.85583
15/10/2019 8:00,289.76434
15/10/2019 9:00,292.13068
15/10/2019 10:00,293.99243
15/10/2019 11:00,295.14032
15/10/2019 12:00,295.67487
15/10/2019 13:00,295.7519
15/10/2019 14:00,295.4267
15/10/2019 15:00,294.47876
15/10/2019 16:00,292.73636
15/10/2019 17:00,290.59763
15/10/2019 18:00,288.87344
15/10/2019 19:00,287.63794
15/10/2019 20:00,286.45947
15/10/2019 21:00,285.43332
15/10/2019 22:00,284.5483
15/10/2019 23:00,283.85675
16/10/2019 0:00,283.66034
16/10/2019 1:00,283.7374
16/10/2019 2:00,284.05612
16/10/2019 3:00,284.03024
16/10/2019 4:00,283.79385
16/10/2019 5:00,283.4757
16/10/2019 6:00,283.78384
16/10/2019 7:00,286.72293
16/10/2019 8:00,289.7814
16/10/2019 9:00,292.1442
16/10/2019 10:00,293.37262
16/10/2019 11:00,293.0339
16/10/2019 12:00,292.8322
16/10/2019 13:00,292.8234
16/10/2019 14:00,292.28827
16/10/2019 15:00,291.35208
16/10/2019 16:00,290.1901
16/10/2019 17:00,289.07043
16/10/2019 18:00,288.1472
16/10/2019 19:00,287.2663
16/10/2019 20:00,286.96933
16/10/2019 21:00,286.2772
16/10/2019 22:00,286.28073
16/10/2019 23:00,286.38422
17/10/2019 0:00,286.1137
17/10/2019 1:00,285.745
17/10/2019 2:00,285.2281
17/10/2019 3:00,284.8676
17/10/2019 4:00,284.60184
17/10/2019 5:00,284.30368
17/10/2019 6:00,284.79706
17/10/2019 7:00,284.97995
17/10/2019 8:00,286.2572
17/10/2019 9:00,287.53445
17/10/2019 10:00,289.5491
17/10/2019 11:00,290.98337
17/10/2019 12:00,291.87192
17/10/2019 13:00,292.38293
17/10/2019 14:00,292.54172
17/10/2019 15:00,292.09186
17/10/2019 16:00,291.19272
17/10/2019 17:00,290.51117
17/10/2019 18:00,289.63556
17/10/2019 19:00,286.95874
17/10/2019 20:00,285.715
17/10/2019 21:00,284.8929
17/10/2019 22:00,284.39426
17/10/2019 23:00,284.02493
18/10/2019 0:00,283.6533
18/10/2019 1:00,283.29694
18/10/2019 2:00,282.81473
18/10/2019 3:00,282.49777
18/10/2019 4:00,282.19434
18/10/2019 5:00,282.142
18/10/2019 6:00,282.576
18/10/2019 7:00,285.36276
18/10/2019 8:00,287.39685
18/10/2019 9:00,290.0672
18/10/2019 10:00,292.41882
18/10/2019 11:00,293.68314
18/10/2019 12:00,294.14594
18/10/2019 13:00,294.19296
18/10/2019 14:00,293.94482
18/10/2019 15:00,293.0392
18/10/2019 16:00,291.4926
18/10/2019 17:00,289.8302
18/10/2019 18:00,288.2195
18/10/2019 19:00,287.1816
18/10/2019 20:00,286.68942
18/10/2019 21:00,286.30777
18/10/2019 22:00,286.0955
18/10/2019 23:00,285.65326
19/10/2019 0:00,285.2681
19/10/2019 1:00,284.7906
19/10/2019 2:00,284.23077
19/10/2019 3:00,283.71857
19/10/2019 4:00,283.23813
19/10/2019 5:00,282.8365
19/10/2019 6:00,283.02408
19/10/2019 7:00,286.51123
19/10/2019 8:00,289.78198
19/10/2019 9:00,292.25534
19/10/2019 10:00,293.6543
19/10/2019 11:00,294.3347
19/10/2019 12:00,294.82043
19/10/2019 13:00,294.96155
19/10/2019 14:00,294.7334
19/10/2019 15:00,293.77545
19/10/2019 16:00,292.05658
19/10/2019 17:00,290.3471
19/10/2019 18:00,288.81876
19/10/2019 19:00,288.06546
19/10/2019 20:00,286.84232
19/10/2019 21:00,285.88495
19/10/2019 22:00,285.14636
19/10/2019 23:00,284.60184
20/10/2019 0:00,284.24722
20/10/2019 1:00,283.93967
20/10/2019 2:00,283.638
20/10/2019 3:00,283.34808
20/10/2019 4:00,283.0688
20/10/2019 5:00,282.80945
20/10/2019 6:00,283.13815
20/10/2019 7:00,286.76468
20/10/2019 8:00,290.62585
20/10/2019 9:00,293.148
20/10/2019 10:00,294.62402
20/10/2019 11:00,295.412
20/10/2019 12:00,295.8048
20/10/2019 13:00,295.86658
20/10/2019 14:00,295.54138
20/10/2019 15:00,294.41818
20/10/2019 16:00,292.53583
20/10/2019 17:00,290.81403
20/10/2019 18:00,289.70026
20/10/2019 19:00,288.86227
20/10/2019 20:00,287.99725
20/10/2019 21:00,287.31274
20/10/2019 22:00,286.7882
20/10/2019 23:00,286.35364
21/10/2019 0:00,286.04254
21/10/2019 1:00,285.8479
21/10/2019 2:00,285.82144
21/10/2019 3:00,285.86908
21/10/2019 4:00,285.86554
21/10/2019 5:00,285.79144
21/10/2019 6:00,286.00726
21/10/2019 7:00,287.92667
21/10/2019 8:00,291.36914
21/10/2019 9:00,293.71664
21/10/2019 10:00,295.3026
21/10/2019 11:00,296.34467
21/10/2019 12:00,296.93918
21/10/2019 13:00,297.16086
21/10/2019 14:00,296.83627
21/10/2019 15:00,295.68134
21/10/2019 16:00,293.83838
21/10/2019 17:00,292.16653
21/10/2019 18:00,290.7999
21/10/2019 19:00,290.00778
21/10/2019 20:00,289.23038
21/10/2019 21:00,288.5471
21/10/2019 22:00,287.85788
21/10/2019 23:00,287.0881
22/10/2019 0:00,286.3466
22/10/2019 1:00,285.78616
22/10/2019 2:00,285.28928
22/10/2019 3:00,284.92056
22/10/2019 4:00,284.60596
22/10/2019 5:00,284.33603
22/10/2019 6:00,284.7459
22/10/2019 7:00,287.68793
22/10/2019 8:00,291.849
22/10/2019 9:00,294.44937
22/10/2019 10:00,296.11298
22/10/2019 11:00,297.2567
22/10/2019 12:00,297.93475
22/10/2019 13:00,298.16055
22/10/2019 14:00,297.89005
22/10/2019 15:00,296.771
22/10/2019 16:00,294.79514
22/10/2019 17:00,292.75812
22/10/2019 18:00,291.40677
22/10/2019 19:00,290.3477
22/10/2019 20:00,289.09338
22/10/2019 21:00,287.75555
22/10/2019 22:00,286.9911
22/10/2019 23:00,286.4242
23/10/2019 0:00,286.26837
23/10/2019 1:00,285.99963
23/10/2019 2:00,285.42746
23/10/2019 3:00,284.70416
23/10/2019 4:00,284.06436
23/10/2019 5:00,283.66153
23/10/2019 6:00,283.8044
23/10/2019 7:00,286.2813
23/10/2019 8:00,290.4559
23/10/2019 9:00,292.74048
23/10/2019 10:00,294.45053
23/10/2019 11:00,295.6196
23/10/2019 12:00,296.27408
23/10/2019 13:00,296.48932
23/10/2019 14:00,296.1212
23/10/2019 15:00,294.76514
23/10/2019 16:00,292.74753
23/10/2019 17:00,290.87518
23/10/2019 18:00,289.46738
23/10/2019 19:00,288.216
23/10/2019 20:00,286.83527
23/10/2019 21:00,286.41772
23/10/2019 22:00,285.8673
23/10/2019 23:00,284.9582
24/10/2019 0:00,284.44952
24/10/2019 1:00,284.05023
24/10/2019 2:00,283.68683
24/10/2019 3:00,283.37985
24/10/2019 4:00,283.1758
24/10/2019 5:00,282.56833
24/10/2019 6:00,282.7318
24/10/2019 7:00,285.31454
24/10/2019 8:00,289.32507
24/10/2019 9:00,291.8178
24/10/2019 10:00,293.94305
24/10/2019 11:00,295.3679
24/10/2019 12:00,296.15942
24/10/2019 13:00,296.4705
24/10/2019 14:00,296.2294
24/10/2019 15:00,295.06622
24/10/2019 16:00,292.8222
24/10/2019 17:00,290.34888
24/10/2019 18:00,288.7182
24/10/2019 19:00,287.19925
24/10/2019 20:00,287.2557
24/10/2019 21:00,288.07956
24/10/2019 22:00,288.1372
24/10/2019 23:00,287.62265
25/10/2019 0:00,287.1969
25/10/2019 1:00,286.85114
25/10/2019 2:00,286.4883
25/10/2019 3:00,286.1696
25/10/2019 4:00,283.77914
25/10/2019 5:00,281.87915
25/10/2019 6:00,282.12555
25/10/2019 7:00,284.31192
25/10/2019 8:00,287.4327
25/10/2019 9:00,289.9831
25/10/2019 10:00,292.36472
25/10/2019 11:00,293.77133
25/10/2019 12:00,294.5158
25/10/2019 13:00,294.68106
25/10/2019 14:00,294.29648
25/10/2019 15:00,292.9904
25/10/2019 16:00,291.32504
25/10/2019 17:00,289.2739
25/10/2019 18:00,287.76437
25/10/2019 19:00,286.97168
25/10/2019 20:00,285.65738
25/10/2019 21:00,285.12814
25/10/2019 22:00,284.64594
25/10/2019 23:00,284.96347
26/10/2019 0:00,285.64328
26/10/2019 1:00,285.10342
26/10/2019 2:00,284.83588
26/10/2019 3:00,284.5936
26/10/2019 4:00,284.2349
26/10/2019 5:00,283.7521
26/10/2019 6:00,283.1852
26/10/2019 7:00,283.06055
26/10/2019 8:00,285.68796
26/10/2019 9:00,287.86258
26/10/2019 10:00,290.25244
26/10/2019 11:00,291.95895
26/10/2019 12:00,292.97806
26/10/2019 13:00,293.4438
26/10/2019 14:00,293.3297
26/10/2019 15:00,292.48526
26/10/2019 16:00,290.43765
26/10/2019 17:00,287.91257
26/10/2019 18:00,286.45947
26/10/2019 19:00,286.49478
26/10/2019 20:00,286.7629
26/10/2019 21:00,285.79733
26/10/2019 22:00,283.83737
26/10/2019 23:00,282.6742
27/10/2019 0:00,281.73096
27/10/2019 1:00,281.06174
27/10/2019 2:00,280.853
27/10/2019 3:00,281.0788
27/10/2019 4:00,281.72095
27/10/2019 5:00,281.92148
27/10/2019 6:00,281.6792
27/10/2019 7:00,282.9194
27/10/2019 8:00,284.4695
27/10/2019 9:00,286.86523
27/10/2019 10:00,289.24686
27/10/2019 11:00,291.20508
27/10/2019 12:00,292.4729
27/10/2019 13:00,293.02863
27/10/2019 14:00,292.8928
27/10/2019 15:00,292.00128
27/10/2019 16:00,290.32358
27/10/2019 17:00,289.56558
27/10/2019 18:00,288.73526
27/10/2019 19:00,287.595
27/10/2019 20:00,286.59003
27/10/2019 21:00,285.7979
27/10/2019 22:00,285.2534
27/10/2019 23:00,284.6677
28/10/2019 0:00,282.8765
28/10/2019 1:00,282.63773
28/10/2019 2:00,283.10522
28/10/2019 3:00,282.4666
28/10/2019 4:00,281.364
28/10/2019 5:00,280.81476
28/10/2019 6:00,281.31168
28/10/2019 7:00,282.7518
28/10/2019 8:00,284.82883
28/10/2019 9:00,287.43976
28/10/2019 10:00,289.73022
28/10/2019 11:00,290.99454
28/10/2019 12:00,291.5738
28/10/2019 13:00,291.76785
28/10/2019 14:00,291.29446
28/10/2019 15:00,290.0825
28/10/2019 16:00,288.66528
28/10/2019 17:00,287.6056
28/10/2019 18:00,286.8764
28/10/2019 19:00,285.83203
28/10/2019 20:00,285.31866
28/10/2019 21:00,284.73355
28/10/2019 22:00,284.43658
28/10/2019 23:00,284.32016
29/10/2019 0:00,284.01495
29/10/2019 1:00,283.52158
29/10/2019 2:00,283.2352
29/10/2019 3:00,282.673
29/10/2019 4:00,282.2508
29/10/2019 5:00,282.08026
29/10/2019 6:00,282.269
29/10/2019 7:00,282.29254
29/10/2019 8:00,282.8312
29/10/2019 9:00,283.21756
29/10/2019 10:00,283.36984
29/10/2019 11:00,283.71976
29/10/2019 12:00,283.9385
29/10/2019 13:00,283.65625
29/10/2019 14:00,283.36102
29/10/2019 15:00,283.05936
29/10/2019 16:00,282.7577
29/10/2019 17:00,282.4625
29/10/2019 18:00,282.14377
29/10/2019 19:00,281.08057
29/10/2019 20:00,280.97708
29/10/2019 21:00,280.92825
29/10/2019 22:00,280.90063
29/10/2019 23:00,280.9018
30/10/2019 0:00,280.89062
30/10/2019 1:00,281.04294
30/10/2019 2:00,281.11234
30/10/2019 3:00,281.1723
30/10/2019 4:00,281.22583
30/10/2019 5:00,281.24875
30/10/2019 6:00,281.3052
30/10/2019 7:00,281.3099
30/10/2019 8:00,281.7198
30/10/2019 9:00,282.19965
30/10/2019 10:00,282.3084
30/10/2019 11:00,282.23608
30/10/2019 12:00,282.2508
30/10/2019 13:00,282.16376
30/10/2019 14:00,281.88797
30/10/2019 15:00,281.6492
30/10/2019 16:00,281.28226
30/10/2019 17:00,280.85593
30/10/2019 18:00,280.59073
30/10/2019 19:00,279.3417
30/10/2019 20:00,278.75894
30/10/2019 21:00,278.46667
30/10/2019 22:00,278.07385
30/10/2019 23:00,277.97977
31/10/2019 0:00,277.8845
31/10/2019 1:00,277.87274
31/10/2019 2:00,277.62518
31/10/2019 3:00,277.60577
31/10/2019 4:00,277.32468
31/10/2019 5:00,277.0177
31/10/2019 6:00,277.18353
31/10/2019 7:00,277.68103
31/10/2019 8:00,278.2497
31/10/2019 9:00,278.54782
31/10/2019 10:00,278.90887
31/10/2019 11:00,279.52283
31/10/2019 12:00,280.41785
31/10/2019 13:00,280.78537
31/10/2019 14:00,280.9065
31/10/2019 15:00,280.5419
31/10/2019 16:00,279.70923
31/10/2019 17:00,278.7801
31/10/2019 18:00,277.56226
31/10/2019 19:00,276.94595
31/10/2019 20:00,276.48904
31/10/2019 21:00,275.96097
31/10/2019 22:00,275.5617
31/10/2019 23:00,275.37
01/11/2019 0:00,275.12888
01/11/2019 1:00,275.1571
01/11/2019 2:00,275.497
01/11/2019 3:00,275.40234
01/11/2019 4:00,275.57346
01/11/2019 5:00,275.4929
01/11/2019 6:00,276.25793
01/11/2019 7:00,277.6875
01/11/2019 8:00,279.1441
01/11/2019 9:00,280.3843
01/11/2019 10:00,281.44104
01/11/2019 11:00,281.96146
01/11/2019 12:00,282.2114
01/11/2019 13:00,282.18906
01/11/2019 14:00,282.1614
01/11/2019 15:00,281.9591
01/11/2019 16:00,281.5851
01/11/2019 17:00,281.26816
01/11/2019 18:00,280.95825
01/11/2019 19:00,280.64423
01/11/2019 20:00,280.29492
01/11/2019 21:00,279.95093
01/11/2019 22:00,280.00797
01/11/2019 23:00,279.65396
02/11/2019 0:00,279.47107
02/11/2019 1:00,279.4793
02/11/2019 2:00,279.62985
02/11/2019 3:00,279.69748
02/11/2019 4:00,279.8386
02/11/2019 5:00,279.80566
02/11/2019 6:00,279.8127
02/11/2019 7:00,280.08322
02/11/2019 8:00,281.59686
02/11/2019 9:00,283.85794
02/11/2019 10:00,285.74734
02/11/2019 11:00,287.21454
02/11/2019 12:00,287.32745
02/11/2019 13:00,286.51416
02/11/2019 14:00,285.95258
02/11/2019 15:00,285.51273
02/11/2019 16:00,285.1393
02/11/2019 17:00,284.96112
02/11/2019 18:00,284.86057
02/11/2019 19:00,283.4028
02/11/2019 20:00,283.01584
02/11/2019 21:00,282.73712
02/11/2019 22:00,282.86884
02/11/2019 23:00,283.06818
03/11/2019 0:00,283.36984
03/11/2019 1:00,283.6827
03/11/2019 2:00,283.9838
03/11/2019 3:00,284.40366
03/11/2019 4:00,285.03052
03/11/2019 5:00,285.48685
03/11/2019 6:00,285.87436
03/11/2019 7:00,286.32776
03/11/2019 8:00,288.17838
03/11/2019 9:00,289.85785
03/11/2019 10:00,291.50732
03/11/2019 11:00,292.70636
03/11/2019 12:00,293.118
03/11/2019 13:00,292.78046
03/11/2019 14:00,292.3606
03/11/2019 15:00,291.41736
03/11/2019 16:00,289.94604
03/11/2019 17:00,289.07867
03/11/2019 18:00,288.27893
03/11/2019 19:00,289.13043
03/11/2019 20:00,288.97693
03/11/2019 21:00,288.90402
03/11/2019 22:00,288.89462
03/11/2019 23:00,288.91696
04/11/2019 0:00,288.77466
04/11/2019 1:00,288.48062
04/11/2019 2:00,288.17484
04/11/2019 3:00,287.5668
04/11/2019 4:00,287.22043
04/11/2019 5:00,286.87875
04/11/2019 6:00,286.4495
04/11/2019 7:00,286.68118
04/11/2019 8:00,287.20572
04/11/2019 9:00,287.87198
04/11/2019 10:00,287.8961
04/11/2019 11:00,286.73822
04/11/2019 12:00,286.6794
04/11/2019 13:00,286.59003
04/11/2019 14:00,286.2619
04/11/2019 15:00,286.02667
04/11/2019 16:00,284.78766
04/11/2019 17:00,283.82443
04/11/2019 18:00,283.32635
04/11/2019 19:00,283.1717
04/11/2019 20:00,283.4898
04/11/2019 21:00,284.05847
04/11/2019 22:00,284.63477
04/11/2019 23:00,284.81528
05/11/2019 0:00,285.14578
05/11/2019 1:00,285.03464
05/11/2019 2:00,284.79117
05/11/2019 3:00,284.63242
05/11/2019 4:00,284.39426
05/11/2019 5:00,284.2278
05/11/2019 6:00,284.69415
05/11/2019 7:00,286.54358
05/11/2019 8:00,288.72055
05/11/2019 9:00,290.28125
05/11/2019 10:00,291.415
05/11/2019 11:00,292.64404
05/11/2019 12:00,293.41144
05/11/2019 13:00,293.72192
05/11/2019 14:00,293.59845
05/11/2019 15:00,292.51407
05/11/2019 16:00,290.90692
05/11/2019 17:00,289.8637
05/11/2019 18:00,289.02988
05/11/2019 19:00,287.1669
05/11/2019 20:00,286.7341
05/11/2019 21:00,286.69235
05/11/2019 22:00,286.67236
05/11/2019 23:00,286.46185
06/11/2019 0:00,286.12958
06/11/2019 1:00,286.01022
06/11/2019 2:00,285.95377
06/11/2019 3:00,285.0852
06/11/2019 4:00,285.02582
06/11/2019 5:00,284.78824
06/11/2019 6:00,284.31897
06/11/2019 7:00,283.66034
06/11/2019 8:00,284.52008
06/11/2019 9:00,285.72855
06/11/2019 10:00,286.95285
06/11/2019 11:00,288.0337
06/11/2019 12:00,288.67822
06/11/2019 13:00,288.9981
06/11/2019 14:00,288.78995
06/11/2019 15:00,287.88846
06/11/2019 16:00,286.7094
06/11/2019 17:00,285.93552
06/11/2019 18:00,285.4045
06/11/2019 19:00,284.56183
06/11/2019 20:00,284.12903
06/11/2019 21:00,283.61743
06/11/2019 22:00,283.06406
06/11/2019 23:00,283.24048
07/11/2019 0:00,282.61597
07/11/2019 1:00,282.25195
07/11/2019 2:00,281.89737
07/11/2019 3:00,281.80563
07/11/2019 4:00,281.22876
07/11/2019 5:00,281.03293
07/11/2019 6:00,281.27286
07/11/2019 7:00,283.13168
07/11/2019 8:00,283.83795
07/11/2019 9:00,285.0858
07/11/2019 10:00,285.93024
07/11/2019 11:00,286.68646
07/11/2019 12:00,287.3204
07/11/2019 13:00,287.53738
07/11/2019 14:00,287.32275
07/11/2019 15:00,286.6659
07/11/2019 16:00,285.50333
07/11/2019 17:00,285.1734
07/11/2019 18:00,283.284
07/11/2019 19:00,281.48926
07/11/2019 20:00,280.99118
07/11/2019 21:00,280.1244
07/11/2019 22:00,279.5769
07/11/2019 23:00,279.3664
08/11/2019 0:00,279.16528
08/11/2019 1:00,279.15292
08/11/2019 2:00,279.47577
08/11/2019 3:00,280.19437
08/11/2019 4:00,281.00766
08/11/2019 5:00,281.37634
08/11/2019 6:00,281.69745
08/11/2019 7:00,282.39075
08/11/2019 8:00,282.8759
08/11/2019 9:00,283.4898
08/11/2019 10:00,284.45068
08/11/2019 11:00,285.47098
08/11/2019 12:00,286.16898
08/11/2019 13:00,286.8582
08/11/2019 14:00,287.11868
08/11/2019 15:00,286.67
08/11/2019 16:00,285.695
08/11/2019 17:00,284.75177
08/11/2019 18:00,284.16785
08/11/2019 19:00,283.3581
08/11/2019 20:00,283.04407
08/11/2019 21:00,282.85062
08/11/2019 22:00,282.9841
08/11/2019 23:00,283.07465
09/11/2019 0:00,282.8612
09/11/2019 1:00,282.80298
09/11/2019 2:00,282.89706
09/11/2019 3:00,283.03583
09/11/2019 4:00,283.12112
09/11/2019 5:00,283.24518
09/11/2019 6:00,283.55157
09/11/2019 7:00,283.8938
09/11/2019 8:00,285.44275
09/11/2019 9:00,286.28247
09/11/2019 10:00,287.49976
09/11/2019 11:00,288.5806
09/11/2019 12:00,288.74585
09/11/2019 13:00,288.61646
09/11/2019 14:00,288.57706
09/11/2019 15:00,288.059
09/11/2019 16:00,285.91553
09/11/2019 17:00,284.5883
09/11/2019 18:00,283.74152
09/11/2019 19:00,281.27875
09/11/2019 20:00,280.62247
09/11/2019 21:00,280.32257
09/11/2019 22:00,280.50427
09/11/2019 23:00,280.3461
10/11/2019 0:00,280.80948
10/11/2019 1:00,280.92944
10/11/2019 2:00,280.9853
10/11/2019 3:00,281.0788
10/11/2019 4:00,280.99472
10/11/2019 5:00,281.0247
10/11/2019 6:00,280.97354
10/11/2019 7:00,280.90002
10/11/2019 8:00,280.9406
10/11/2019 9:00,281.06882
10/11/2019 10:00,281.13055
10/11/2019 11:00,281.31168
10/11/2019 12:00,281.37164
10/11/2019 13:00,281.50104
10/11/2019 14:00,281.69156
10/11/2019 15:00,281.51572
10/11/2019 16:00,280.8183
10/11/2019 17:00,280.32962
10/11/2019 18:00,279.89624
10/11/2019 19:00,279.7004
10/11/2019 20:00,279.06943
10/11/2019 21:00,278.35437
10/11/2019 22:00,278.66898
10/11/2019 23:00,277.72513
11/11/2019 0:00,278.16852
11/11/2019 1:00,278.80832
11/11/2019 2:00,278.32907
11/11/2019 3:00,278.51254
11/11/2019 4:00,278.8307
11/11/2019 5:00,279.02414
11/11/2019 6:00,279.1635
11/11/2019 7:00,279.18115
11/11/2019 8:00,280.57544
11/11/2019 9:00,281.9697
11/11/2019 10:00,283.20343
11/11/2019 11:00,284.48715
11/11/2019 12:00,285.53036
11/11/2019 13:00,285.87378
11/11/2019 14:00,285.8479
11/11/2019 15:00,285.2581
11/11/2019 16:00,284.13196
11/11/2019 17:00,283.3034
11/11/2019 18:00,282.9341
11/11/2019 19:00,281.76447
11/11/2019 20:00,281.37695
11/11/2019 21:00,281.09644
11/11/2019 22:00,280.853
11/11/2019 23:00,280.6019
12/11/2019 0:00,280.35727
12/11/2019 1:00,280.1932
12/11/2019 2:00,279.97562
12/11/2019 3:00,279.77097
12/11/2019 4:00,279.7986
12/11/2019 5:00,280.17438
12/11/2019 6:00,280.59485
12/11/2019 7:00,280.15143
12/11/2019 8:00,280.68362
12/11/2019 9:00,281.2664
12/11/2019 10:00,282.04144
12/11/2019 11:00,282.3384
12/11/2019 12:00,282.87238
12/11/2019 13:00,283.25226
12/11/2019 14:00,283.7556
12/11/2019 15:00,284.25076
12/11/2019 16:00,284.88702
12/11/2019 17:00,285.74796
12/11/2019 18:00,286.8335
12/11/2019 19:00,286.9411
12/11/2019 20:00,286.9264
12/11/2019 21:00,286.65707
12/11/2019 22:00,286.23544
12/11/2019 23:00,286.19193
13/11/2019 0:00,286.1049
13/11/2019 1:00,286.1149
13/11/2019 2:00,286.1396
13/11/2019 3:00,286.08313
13/11/2019 4:00,285.99728
13/11/2019 5:00,285.95612
13/11/2019 6:00,285.84616
13/11/2019 7:00,286.01196
13/11/2019 8:00,286.3607
13/11/2019 9:00,286.31717
13/11/2019 10:00,286.8182
13/11/2019 11:00,287.8814
13/11/2019 12:00,289.11218
13/11/2019 13:00,289.15866
13/11/2019 14:00,288.91638
13/11/2019 15:00,288.27246
13/11/2019 16:00,286.8488
13/11/2019 17:00,285.74557
13/11/2019 18:00,284.9129
13/11/2019 19:00,281.54807
13/11/2019 20:00,280.18967
13/11/2019 21:00,279.29465
13/11/2019 22:00,279.05356
13/11/2019 23:00,279.07706
14/11/2019 0:00,279.0218
14/11/2019 1:00,278.95535
14/11/2019 2:00,279.0112
14/11/2019 3:00,278.92007
14/11/2019 4:00,278.863
14/11/2019 5:00,278.50314
14/11/2019 6:00,278.06973
14/11/2019 7:00,278.07327
14/11/2019 8:00,279.6322
14/11/2019 9:00,280.7336
14/11/2019 10:00,282.2161
14/11/2019 11:00,283.3322
14/11/2019 12:00,284.082
14/11/2019 13:00,284.51422
14/11/2019 14:00,284.34485
14/11/2019 15:00,283.8209
14/11/2019 16:00,282.90942
14/11/2019 17:00,281.81857
14/11/2019 18:00,281.01294
14/11/2019 19:00,280.36078
14/11/2019 20:00,279.78156
14/11/2019 21:00,279.1682
14/11/2019 22:00,278.79364
14/11/2019 23:00,278.6584
15/11/2019 0:00,278.63428
15/11/2019 1:00,278.72717
15/11/2019 2:00,278.54782
15/11/2019 3:00,278.54193
15/11/2019 4:00,278.69482
15/11/2019 5:00,279.27878
15/11/2019 6:00,279.61044
15/11/2019 7:00,281.20172
15/11/2019 8:00,282.21317
15/11/2019 9:00,283.87616
15/11/2019 10:00,285.34454
15/11/2019 11:00,286.74588
15/11/2019 12:00,287.62207
15/11/2019 13:00,288.10605
15/11/2019 14:00,287.82788
15/11/2019 15:00,286.7153
15/11/2019 16:00,285.78735
15/11/2019 17:00,285.6068
15/11/2019 18:00,285.4439
15/11/2019 19:00,283.86322
15/11/2019 20:00,283.85205
15/11/2019 21:00,284.0114
15/11/2019 22:00,284.1714
15/11/2019 23:00,284.3325
16/11/2019 0:00,284.63065
16/11/2019 1:00,285.15106
16/11/2019 2:00,285.6421
16/11/2019 3:00,285.8838
16/11/2019 4:00,286.17133
16/11/2019 5:00,286.51242
16/11/2019 6:00,286.63004
16/11/2019 7:00,284.29956
16/11/2019 8:00,285.0229
16/11/2019 9:00,285.8779
16/11/2019 10:00,286.2913
16/11/2019 11:00,286.36246
16/11/2019 12:00,286.15604
16/11/2019 13:00,286.45065
16/11/2019 14:00,286.07373
16/11/2019 15:00,285.35983
16/11/2019 16:00,284.5389
16/11/2019 17:00,284.09903
16/11/2019 18:00,283.90323
16/11/2019 19:00,284.032
16/11/2019 20:00,283.75446
16/11/2019 21:00,283.38278
16/11/2019 22:00,282.91058
16/11/2019 23:00,282.5513
17/11/2019 0:00,282.58835
17/11/2019 1:00,282.69418
17/11/2019 2:00,282.8106
17/11/2019 3:00,282.85178
17/11/2019 4:00,282.79416
17/11/2019 5:00,282.7624
17/11/2019 6:00,282.79532
17/11/2019 7:00,283.71152
17/11/2019 8:00,285.49097
17/11/2019 9:00,287.38214
17/11/2019 10:00,288.78818
17/11/2019 11:00,289.68262
17/11/2019 12:00,290.12836
17/11/2019 13:00,290.00073
17/11/2019 14:00,289.69202
17/11/2019 15:00,288.89636
17/11/2019 16:00,288.216
17/11/2019 17:00,287.7438
17/11/2019 18:00,287.43683
17/11/2019 19:00,286.9852
17/11/2019 20:00,286.71118
17/11/2019 21:00,286.4001
17/11/2019 22:00,286.2019
17/11/2019 23:00,286.0655
18/11/2019 0:00,285.9267
18/11/2019 1:00,285.79733
18/11/2019 2:00,285.17578
18/11/2019 3:00,284.2672
18/11/2019 4:00,284.032
18/11/2019 5:00,283.99026
18/11/2019 6:00,283.92203
18/11/2019 7:00,284.6871
18/11/2019 8:00,284.8835
18/11/2019 9:00,285.21518
18/11/2019 10:00,286.4136
18/11/2019 11:00,287.42508
18/11/2019 12:00,288.06427
18/11/2019 13:00,288.33655
18/11/2019 14:00,287.95312
18/11/2019 15:00,286.6794
18/11/2019 16:00,284.56183
18/11/2019 17:00,282.79004
18/11/2019 18:00,281.57983
18/11/2019 19:00,280.85004
18/11/2019 20:00,280.77066
18/11/2019 21:00,280.2908
18/11/2019 22:00,279.8533
18/11/2019 23:00,279.83566
19/11/2019 0:00,279.83035
19/11/2019 1:00,279.8127
19/11/2019 2:00,279.76804
19/11/2019 3:00,279.70688
19/11/2019 4:00,279.55692
19/11/2019 5:00,279.39404
19/11/2019 6:00,279.5134
19/11/2019 7:00,280.25964
19/11/2019 8:00,281.90738
19/11/2019 9:00,283.88324
19/11/2019 10:00,285.52917
19/11/2019 11:00,286.7582
19/11/2019 12:00,287.41272
19/11/2019 13:00,287.54797
19/11/2019 14:00,286.9305
19/11/2019 15:00,285.538
19/11/2019 16:00,284.22488
19/11/2019 17:00,283.36633
19/11/2019 18:00,282.72064
19/11/2019 19:00,281.98676
19/11/2019 20:00,281.6492
19/11/2019 21:00,281.60452
19/11/2019 22:00,281.50867
19/11/2019 23:00,281.2217
20/11/2019 0:00,280.80536
20/11/2019 1:00,280.86005
20/11/2019 2:00,281.0241
20/11/2019 3:00,281.32166
20/11/2019 4:00,281.69568
20/11/2019 5:00,281.64627
20/11/2019 6:00,281.84503
20/11/2019 7:00,282.49777
20/11/2019 8:00,282.99585
20/11/2019 9:00,283.35104
20/11/2019 10:00,283.6621
20/11/2019 11:00,283.8044
20/11/2019 12:00,283.95322
20/11/2019 13:00,284.2825
20/11/2019 14:00,284.43246
20/11/2019 15:00,284.3425
20/11/2019 16:00,283.98615
20/11/2019 17:00,283.62448
20/11/2019 18:00,282.95587
20/11/2019 19:00,282.8118
20/11/2019 20:00,282.6295
20/11/2019 21:00,282.53836
20/11/2019 22:00,282.56952
20/11/2019 23:00,282.46838
21/11/2019 0:00,282.44543
21/11/2019 1:00,282.4366
21/11/2019 2:00,282.269
21/11/2019 3:00,281.89444
21/11/2019 4:00,281.3734
21/11/2019 5:00,280.42255
21/11/2019 6:00,280.0003
21/11/2019 7:00,280.5525
21/11/2019 8:00,281.85562
21/11/2019 9:00,283.46924
21/11/2019 10:00,284.8747
21/11/2019 11:00,286.24777
21/11/2019 12:00,287.21924
21/11/2019 13:00,287.4974
21/11/2019 14:00,287.18045
21/11/2019 15:00,285.99786
21/11/2019 16:00,284.41776
21/11/2019 17:00,283.18875
21/11/2019 18:00,282.56482
21/11/2019 19:00,282.31784
21/11/2019 20:00,281.68097
21/11/2019 21:00,281.20758
21/11/2019 22:00,281.06293
21/11/2019 23:00,280.6401
22/11/2019 0:00,279.88446
22/11/2019 1:00,279.43872
22/11/2019 2:00,279.12234
22/11/2019 3:00,278.89832
22/11/2019 4:00,278.83008
22/11/2019 5:00,279.3499
22/11/2019 6:00,279.68393
22/11/2019 7:00,280.11615
22/11/2019 8:00,280.6066
22/11/2019 9:00,281.6592
22/11/2019 10:00,283.24814
22/11/2019 11:00,284.32428
22/11/2019 12:00,285.56564
22/11/2019 13:00,285.97083
22/11/2019 14:00,285.6556
22/11/2019 15:00,284.47952
22/11/2019 16:00,283.24048
22/11/2019 17:00,282.3049
22/11/2019 18:00,281.561
22/11/2019 19:00,281.46634
22/11/2019 20:00,280.75714
22/11/2019 21:00,280.09204
22/11/2019 22:00,279.50812
22/11/2019 23:00,279.02298
23/11/2019 0:00,278.64014
23/11/2019 1:00,278.19736
23/11/2019 2:00,277.84686
23/11/2019 3:00,277.66867
23/11/2019 4:00,277.36523
23/11/2019 5:00,277.19177
23/11/2019 6:00,276.91656
23/11/2019 7:00,277.27292
23/11/2019 8:00,278.72012
23/11/2019 9:00,280.68127
23/11/2019 10:00,282.45367
23/11/2019 11:00,284.01376
23/11/2019 12:00,285.0458
23/11/2019 13:00,285.33102
23/11/2019 14:00,284.7565
23/11/2019 15:00,283.44394
23/11/2019 16:00,282.37134
23/11/2019 17:00,281.78622
23/11/2019 18:00,281.29462
23/11/2019 19:00,280.8677
23/11/2019 20:00,280.4643
23/11/2019 21:00,280.03854
23/11/2019 22:00,279.66806
23/11/2019 23:00,279.3752
24/11/2019 0:00,279.10883
24/11/2019 1:00,278.83127
24/11/2019 2:00,278.63956
24/11/2019 3:00,278.5149
24/11/2019 4:00,278.28674
24/11/2019 5:00,278.12912
24/11/2019 6:00,277.98975
24/11/2019 7:00,277.88745
24/11/2019 8:00,279.50165
24/11/2019 9:00,281.77036
24/11/2019 10:00,283.73682
24/11/2019 11:00,285.1346
24/11/2019 12:00,285.9114
24/11/2019 13:00,286.07785
24/11/2019 14:00,285.46155
24/11/2019 15:00,283.92734
24/11/2019 16:00,282.6295
24/11/2019 17:00,281.78387
24/11/2019 18:00,281.0394
24/11/2019 19:00,279.87036
24/11/2019 20:00,279.26584
24/11/2019 21:00,278.69482
24/11/2019 22:00,278.17853
24/11/2019 23:00,277.71927
25/11/2019 0:00,277.29468
25/11/2019 1:00,276.84952
25/11/2019 2:00,276.45554
25/11/2019 3:00,276.3338
25/11/2019 4:00,276.2691
25/11/2019 5:00,275.88864
25/11/2019 6:00,275.42526
25/11/2019 7:00,277.03772
25/11/2019 8:00,278.77127
25/11/2019 9:00,279.63336
25/11/2019 10:00,280.08618
25/11/2019 11:00,280.4643
25/11/2019 12:00,281.00412
25/11/2019 13:00,281.4481
25/11/2019 14:00,281.5369
25/11/2019 15:00,281.34167
25/11/2019 16:00,281.0994
25/11/2019 17:00,281.25168
25/11/2019 18:00,280.37314
25/11/2019 19:00,279.51694
25/11/2019 20:00,279.17526
25/11/2019 21:00,279.07883
25/11/2019 22:00,279.2864
25/11/2019 23:00,279.2241
26/11/2019 0:00,279.1406
26/11/2019 1:00,279.33582
26/11/2019 2:00,279.357
26/11/2019 3:00,279.47107
26/11/2019 4:00,279.1988
26/11/2019 5:00,279.26877
26/11/2019 6:00,279.5928
26/11/2019 7:00,279.6163
26/11/2019 8:00,280.2332
26/11/2019 9:00,281.0394
26/11/2019 10:00,281.6351
26/11/2019 11:00,282.03674
26/11/2019 12:00,282.68478
26/11/2019 13:00,282.9788
26/11/2019 14:00,282.9553
26/11/2019 15:00,282.8012
26/11/2019 16:00,282.3896
26/11/2019 17:00,281.95618
26/11/2019 18:00,281.94913
26/11/2019 19:00,281.434
26/11/2019 20:00,281.364
26/11/2019 21:00,281.19818
26/11/2019 22:00,281.05057
26/11/2019 23:00,280.76242
27/11/2019 0:00,280.21732
27/11/2019 1:00,279.81097
27/11/2019 2:00,278.94946
27/11/2019 3:00,278.29965
27/11/2019 4:00,278.04974
27/11/2019 5:00,277.6928
27/11/2019 6:00,277.79395
27/11/2019 7:00,278.97357
27/11/2019 8:00,280.2085
27/11/2019 9:00,281.28345
27/11/2019 10:00,282.8759
27/11/2019 11:00,284.4695
27/11/2019 12:00,285.29456
27/11/2019 13:00,285.46332
27/11/2019 14:00,285.18283
27/11/2019 15:00,284.27603
27/11/2019 16:00,283.57568
27/11/2019 17:00,283.2793
27/11/2019 18:00,283.1252
27/11/2019 19:00,282.59952
27/11/2019 20:00,282.5848
27/11/2019 21:00,282.57715
27/11/2019 22:00,282.68124
27/11/2019 23:00,282.72006
28/11/2019 0:00,282.7365
28/11/2019 1:00,282.32724
28/11/2019 2:00,282.40662
28/11/2019 3:00,282.40897
28/11/2019 4:00,281.96265
28/11/2019 5:00,281.64273
28/11/2019 6:00,281.26874
28/11/2019 7:00,282.01086
28/11/2019 8:00,283.47748
28/11/2019 9:00,285.9508
28/11/2019 10:00,287.89493
28/11/2019 11:00,288.70407
28/11/2019 12:00,288.70526
28/11/2019 13:00,288.46887
28/11/2019 14:00,287.73907
28/11/2019 15:00,286.81467
28/11/2019 16:00,285.90555
28/11/2019 17:00,285.0705
28/11/2019 18:00,284.67004
28/11/2019 19:00,283.45218
28/11/2019 20:00,282.5513
28/11/2019 21:00,281.80917
28/11/2019 22:00,280.96884
28/11/2019 23:00,280.44604
29/11/2019 0:00,280.44077
29/11/2019 1:00,280.4243
29/11/2019 2:00,280.1291
29/11/2019 3:00,280.00677
29/11/2019 4:00,280.40314
29/11/2019 5:00,279.76215
29/11/2019 6:00,279.3964
29/11/2019 7:00,279.83566
29/11/2019 8:00,282.22726
29/11/2019 9:00,284.8253
29/11/2019 10:00,285.94495
29/11/2019 11:00,286.6518
29/11/2019 12:00,287.0258
29/11/2019 13:00,287.07928
29/11/2019 14:00,286.57004
29/11/2019 15:00,285.74265
29/11/2019 16:00,284.2637
29/11/2019 17:00,283.26108
29/11/2019 18:00,282.27197
29/11/2019 19:00,280.11264
29/11/2019 20:00,280.31787
29/11/2019 21:00,280.38254
29/11/2019 22:00,279.5187
29/11/2019 23:00,280.0791
30/11/2019 0:00,280.6207
30/11/2019 1:00,280.38962
30/11/2019 2:00,279.47812
30/11/2019 3:00,278.5978
30/11/2019 4:00,277.91037
30/11/2019 5:00,277.417
30/11/2019 6:00,276.98477
30/11/2019 7:00,277.7604
30/11/2019 8:00,278.35788
30/11/2019 9:00,279.08588
30/11/2019 10:00,279.64453
30/11/2019 11:00,280.11145
30/11/2019 12:00,280.32846
30/11/2019 13:00,280.34784
30/11/2019 14:00,280.11734
30/11/2019 15:00,279.3176
30/11/2019 16:00,278.4855
30/11/2019 17:00,278.46844
30/11/2019 18:00,278.02856
30/11/2019 19:00,277.91684
30/11/2019 20:00,277.417
30/11/2019 21:00,276.7966
30/11/2019 22:00,276.5202
30/11/2019 23:00,276.0874
01/12/2019 0:00,275.6346
01/12/2019 1:00,275.14594
01/12/2019 2:00,274.75958
01/12/2019 3:00,272.3315
01/12/2019 4:00,271.56412
01/12/2019 5:00,271.186
01/12/2019 6:00,270.72968
01/12/2019 7:00,271.08838
01/12/2019 8:00,274.2821
01/12/2019 9:00,276.0286
01/12/2019 10:00,277.46463
01/12/2019 11:00,278.29437
01/12/2019 12:00,278.70837
01/12/2019 13:00,278.4167
01/12/2019 14:00,277.44406
01/12/2019 15:00,276.0586
01/12/2019 16:00,275.08597
01/12/2019 17:00,274.8237
01/12/2019 18:00,274.34265
01/12/2019 19:00,275.29
01/12/2019 20:00,275.42056
01/12/2019 21:00,275.5264
01/12/2019 22:00,275.39526
01/12/2019 23:00,275.1383
02/12/2019 0:00,274.93423
02/12/2019 1:00,274.7637
02/12/2019 2:00,274.9407
02/12/2019 3:00,274.9907
02/12/2019 4:00,275.14478
02/12/2019 5:00,275.37585
02/12/2019 6:00,275.54877
02/12/2019 7:00,275.99628
02/12/2019 8:00,276.54785
02/12/2019 9:00,276.8854
02/12/2019 10:00,276.6831
02/12/2019 11:00,276.37085
02/12/2019 12:00,275.97333
02/12/2019 13:00,275.1536
02/12/2019 14:00,275.01538
02/12/2019 15:00,275.1389
02/12/2019 16:00,275.18182
02/12/2019 17:00,275.28354
02/12/2019 18:00,275.31354
02/12/2019 19:00,275.01187
02/12/2019 20:00,275.03656
02/12/2019 21:00,274.90897
02/12/2019 22:00,274.4338
02/12/2019 23:00,274.26974
03/12/2019 0:00,273.6217
03/12/2019 1:00,272.73022
03/12/2019 2:00,272.03104
03/12/2019 3:00,271.52884
03/12/2019 4:00,271.0472
03/12/2019 5:00,270.76434
03/12/2019 6:00,270.6679
03/12/2019 7:00,271.81168
03/12/2019 8:00,273.5917
03/12/2019 9:00,274.65668
03/12/2019 10:00,275.3647
03/12/2019 11:00,276.19974
03/12/2019 12:00,276.9495
03/12/2019 13:00,277.3982
03/12/2019 14:00,277.42465
03/12/2019 15:00,276.9736
03/12/2019 16:00,276.1268
03/12/2019 17:00,275.0601
03/12/2019 18:00,274.26917
03/12/2019 19:00,273.13068
03/12/2019 20:00,272.4409
03/12/2019 21:00,272.08218
03/12/2019 22:00,272.12805
03/12/2019 23:00,272.84076
04/12/2019 0:00,273.12244
04/12/2019 1:00,272.70728
04/12/2019 2:00,272.49265
04/12/2019 3:00,272.3433
04/12/2019 4:00,271.96164
04/12/2019 5:00,271.41296
04/12/2019 6:00,271.06662
04/12/2019 7:00,270.98782
04/12/2019 8:00,272.96545
04/12/2019 9:00,274.88248
04/12/2019 10:00,275.6211
04/12/2019 11:00,276.1462
04/12/2019 12:00,276.31146
04/12/2019 13:00,276.30557
04/12/2019 14:00,275.7828
04/12/2019 15:00,274.61435
04/12/2019 16:00,274.09097
04/12/2019 17:00,273.86398
04/12/2019 18:00,273.5735
04/12/2019 19:00,273.29828
04/12/2019 20:00,273.1242
04/12/2019 21:00,273.17773
04/12/2019 22:00,273.0607
04/12/2019 23:00,272.7461
05/12/2019 0:00,272.45383
05/12/2019 1:00,271.96222
05/12/2019 2:00,271.56824
05/12/2019 3:00,270.93137
05/12/2019 4:00,270.37155
05/12/2019 5:00,270.2704
05/12/2019 6:00,270.398
05/12/2019 7:00,272.39325
05/12/2019 8:00,272.82196
05/12/2019 9:00,273.20184
05/12/2019 10:00,273.6082
05/12/2019 11:00,274.1286
05/12/2019 12:00,274.5067
05/12/2019 13:00,274.75546
05/12/2019 14:00,274.8184
05/12/2019 15:00,274.69315
05/12/2019 16:00,274.41086
05/12/2019 17:00,273.8152
05/12/2019 18:00,272.8108
05/12/2019 19:00,272.46326
05/12/2019 20:00,272.09335
05/12/2019 21:00,271.86755
05/12/2019 22:00,271.73758
05/12/2019 23:00,271.0384
06/12/2019 0:00,270.57147
06/12/2019 1:00,270.378
06/12/2019 2:00,270.13925
06/12/2019 3:00,270.00635
06/12/2019 4:00,269.99637
06/12/2019 5:00,269.8758
06/12/2019 6:00,270.03223
06/12/2019 7:00,270.87256
06/12/2019 8:00,273.28946
06/12/2019 9:00,275.6352
06/12/2019 10:00,277.77277
06/12/2019 11:00,279.45932
06/12/2019 12:00,280.76007
06/12/2019 13:00,281.20407
06/12/2019 14:00,280.8677
06/12/2019 15:00,279.58337
06/12/2019 16:00,278.46783
06/12/2019 17:00,277.9433
06/12/2019 18:00,277.40582
06/12/2019 19:00,275.94745
06/12/2019 20:00,276.08035
06/12/2019 21:00,275.9657
06/12/2019 22:00,276.22913
06/12/2019 23:00,275.9069
07/12/2019 0:00,275.68402
07/12/2019 1:00,275.20355
07/12/2019 2:00,274.56494
07/12/2019 3:00,274.45322
07/12/2019 4:00,274.55084
07/12/2019 5:00,274.3997
07/12/2019 6:00,274.4732
07/12/2019 7:00,274.6596
07/12/2019 8:00,276.52844
07/12/2019 9:00,278.96887
07/12/2019 10:00,279.84564
07/12/2019 11:00,280.17908
07/12/2019 12:00,280.6713
07/12/2019 13:00,280.93884
07/12/2019 14:00,280.8865
07/12/2019 15:00,280.25552
07/12/2019 16:00,279.6116
07/12/2019 17:00,278.7307
07/12/2019 18:00,277.51108
07/12/2019 19:00,277.49286
07/12/2019 20:00,277.1759
07/12/2019 21:00,276.9889
07/12/2019 22:00,276.53552
07/12/2019 23:00,275.614
08/12/2019 0:00,275.29236
08/12/2019 1:00,275.39175
08/12/2019 2:00,275.7181
08/12/2019 3:00,275.99744
08/12/2019 4:00,276.15326
08/12/2019 5:00,276.18915
08/12/2019 6:00,276.38144
08/12/2019 7:00,276.10092
08/12/2019 8:00,276.88187
08/12/2019 9:00,277.9586
08/12/2019 10:00,278.75598
08/12/2019 11:00,279.46576
08/12/2019 12:00,280.18262
08/12/2019 13:00,280.4884
08/12/2019 14:00,280.3508
08/12/2019 15:00,279.76392
08/12/2019 16:00,279.11707
08/12/2019 17:00,278.686
08/12/2019 18:00,278.08914
08/12/2019 19:00,277.49756
08/12/2019 20:00,277.4464
08/12/2019 21:00,277.7769
08/12/2019 22:00,278.30612
08/12/2019 23:00,278.6631
09/12/2019 0:00,278.86713
09/12/2019 1:00,279.06766
09/12/2019 2:00,279.02063
09/12/2019 3:00,278.9724
09/12/2019 4:00,279.46283
09/12/2019 5:00,279.46106
09/12/2019 6:00,279.49695
09/12/2019 7:00,278.78186
09/12/2019 8:00,279.69336
09/12/2019 9:00,281.581
09/12/2019 10:00,282.91
09/12/2019 11:00,283.78207
09/12/2019 12:00,284.0814
09/12/2019 13:00,284.26074
09/12/2019 14:00,283.81442
09/12/2019 15:00,281.9709
09/12/2019 16:00,280.7189
09/12/2019 17:00,280.0109
09/12/2019 18:00,279.50635
09/12/2019 19:00,279.6857
09/12/2019 20:00,279.2435
09/12/2019 21:00,279.6022
09/12/2019 22:00,279.6522
09/12/2019 23:00,279.56046
10/12/2019 0:00,279.34583
10/12/2019 1:00,279.2123
10/12/2019 2:00,278.90887
10/12/2019 3:00,278.44785
10/12/2019 4:00,277.928
10/12/2019 5:00,277.31644
10/12/2019 6:00,276.97244
10/12/2019 7:00,277.86334
10/12/2019 8:00,278.35083
10/12/2019 9:00,278.94006
10/12/2019 10:00,279.46048
10/12/2019 11:00,279.7745
10/12/2019 12:00,279.9321
10/12/2019 13:00,279.98737
10/12/2019 14:00,279.67865
10/12/2019 15:00,278.81186
10/12/2019 16:00,277.92273
10/12/2019 17:00,277.29526
10/12/2019 18:00,276.7131
10/12/2019 19:00,277.21942
10/12/2019 20:00,276.68723
10/12/2019 21:00,276.1468
10/12/2019 22:00,275.62167
10/12/2019 23:00,275.1577
11/12/2019 0:00,274.7684
11/12/2019 1:00,274.31268
11/12/2019 2:00,273.75638
11/12/2019 3:00,273.22006
11/12/2019 4:00,272.5873
11/12/2019 5:00,271.76053
11/12/2019 6:00,271.15778
11/12/2019 7:00,271.77933
11/12/2019 8:00,273.3665
11/12/2019 9:00,274.81488
11/12/2019 10:00,275.89865
11/12/2019 11:00,276.6925
11/12/2019 12:00,277.1553
11/12/2019 13:00,277.31467
11/12/2019 14:00,276.99655
11/12/2019 15:00,276.24207
11/12/2019 16:00,275.4141
11/12/2019 17:00,274.67725
11/12/2019 18:00,274.24445
11/12/2019 19:00,274.08804
11/12/2019 20:00,274.25034
11/12/2019 21:00,274.34442
11/12/2019 22:00,274.40265
11/12/2019 23:00,274.39206
12/12/2019 0:00,274.5173
12/12/2019 1:00,274.50143
12/12/2019 2:00,274.57904
12/12/2019 3:00,274.73724
12/12/2019 4:00,274.9013
12/12/2019 5:00,275.00775
12/12/2019 6:00,275.06833
12/12/2019 7:00,275.28766
12/12/2019 8:00,275.6246
12/12/2019 9:00,276.14035
12/12/2019 10:00,276.66254
12/12/2019 11:00,277.14
12/12/2019 12:00,277.2929
12/12/2019 13:00,277.33585
12/12/2019 14:00,277.19177
12/12/2019 15:00,276.72485
12/12/2019 16:00,276.41144
12/12/2019 17:00,276.0239
12/12/2019 18:00,275.70166
12/12/2019 19:00,275.04126
12/12/2019 20:00,274.73666
12/12/2019 21:00,274.47498
12/12/2019 22:00,274.1527
12/12/2019 23:00,274.06393
13/12/2019 0:00,273.9369
13/12/2019 1:00,273.81635
13/12/2019 2:00,273.49176
13/12/2019 3:00,273.44705
13/12/2019 4:00,273.29535
13/12/2019 5:00,273.19772
13/12/2019 6:00,273.2136
13/12/2019 7:00,272.89194
13/12/2019 8:00,273.65112
13/12/2019 9:00,274.91544
13/12/2019 10:00,276.81366
13/12/2019 11:00,278.38083
13/12/2019 12:00,279.1835
13/12/2019 13:00,279.40933
13/12/2019 14:00,279.1247
13/12/2019 15:00,278.1262
13/12/2019 16:00,278.00388
13/12/2019 17:00,278.18146
13/12/2019 18:00,278.20676
13/12/2019 19:00,277.61752
13/12/2019 20:00,277.7469
13/12/2019 21:00,277.75278
13/12/2019 22:00,277.70163
13/12/2019 23:00,277.5452
14/12/2019 0:00,277.31528
14/12/2019 1:00,277.18472
14/12/2019 2:00,277.18707
14/12/2019 3:00,277.11005
14/12/2019 4:00,277.14355
14/12/2019 5:00,277.20236
14/12/2019 6:00,277.2212
14/12/2019 7:00,277.40994
14/12/2019 8:00,277.66574
14/12/2019 9:00,278.60074
14/12/2019 10:00,279.59692
14/12/2019 11:00,280.38315
14/12/2019 12:00,280.77655
14/12/2019 13:00,280.98
14/12/2019 14:00,280.69067
14/12/2019 15:00,279.5293
14/12/2019 16:00,278.13678
14/12/2019 17:00,276.98477
14/12/2019 18:00,276.0874
14/12/2019 19:00,275.23413
14/12/2019 20:00,274.51965
14/12/2019 21:00,273.91397
14/12/2019 22:00,273.33356
14/12/2019 23:00,273.34003
15/12/2019 0:00,273.3324
15/12/2019 1:00,272.7849
15/12/2019 2:00,272.22098
15/12/2019 3:00,272.47147
15/12/2019 4:00,272.47913
15/12/2019 5:00,272.79785
15/12/2019 6:00,272.90604
15/12/2019 7:00,271.95047
15/12/2019 8:00,274.295
15/12/2019 9:00,277.87216
15/12/2019 10:00,280.44843
15/12/2019 11:00,282.52072
15/12/2019 12:00,283.8056
15/12/2019 13:00,284.2137
15/12/2019 14:00,283.46866
15/12/2019 15:00,281.78918
15/12/2019 16:00,280.52838
15/12/2019 17:00,279.92975
15/12/2019 18:00,279.868
15/12/2019 19:00,279.7657
15/12/2019 20:00,279.39343
15/12/2019 21:00,278.9471
15/12/2019 22:00,278.71542
15/12/2019 23:00,278.58252
16/12/2019 0:00,278.7019
16/12/2019 1:00,278.97003
16/12/2019 2:00,279.2041
16/12/2019 3:00,279.35934
16/12/2019 4:00,279.2776
16/12/2019 5:00,279.01767
16/12/2019 6:00,278.6025
16/12/2019 7:00,278.8789
16/12/2019 8:00,280.2085
16/12/2019 9:00,283.35516
16/12/2019 10:00,285.74557
16/12/2019 11:00,287.1287
16/12/2019 12:00,287.55914
16/12/2019 13:00,287.37802
16/12/2019 14:00,286.50125
16/12/2019 15:00,284.5789
16/12/2019 16:00,283.01172
16/12/2019 17:00,281.94736
16/12/2019 18:00,281.1664
16/12/2019 19:00,281.83386
16/12/2019 20:00,281.31757
16/12/2019 21:00,280.8777
16/12/2019 22:00,280.69186
16/12/2019 23:00,281.01706
17/12/2019 0:00,280.88358
17/12/2019 1:00,280.64423
17/12/2019 2:00,280.4678
17/12/2019 3:00,280.439
17/12/2019 4:00,280.18848
17/12/2019 5:00,279.88858
17/12/2019 6:00,279.76157
17/12/2019 7:00,280.45016
17/12/2019 8:00,281.6063
17/12/2019 9:00,284.12668
17/12/2019 10:00,286.3154
17/12/2019 11:00,287.68088
17/12/2019 12:00,288.36124
17/12/2019 13:00,288.36832
17/12/2019 14:00,287.55798
17/12/2019 15:00,285.60034
17/12/2019 16:00,283.94086
17/12/2019 17:00,283.01056
17/12/2019 18:00,282.37488
17/12/2019 19:00,282.60892
17/12/2019 20:00,282.0338
17/12/2019 21:00,281.5957
17/12/2019 22:00,281.3781
17/12/2019 23:00,281.13348
18/12/2019 0:00,280.71304
18/12/2019 1:00,280.4331
18/12/2019 2:00,280.0403
18/12/2019 3:00,279.671
18/12/2019 4:00,279.60043
18/12/2019 5:00,279.4946
18/12/2019 6:00,279.7004
18/12/2019 7:00,280.38373
18/12/2019 8:00,281.42633
18/12/2019 9:00,283.18286
18/12/2019 10:00,285.25693
18/12/2019 11:00,286.68118
18/12/2019 12:00,287.53033
18/12/2019 13:00,287.7291
18/12/2019 14:00,287.02283
18/12/2019 15:00,285.0946
18/12/2019 16:00,283.32574
18/12/2019 17:00,282.08496
18/12/2019 18:00,281.3546
18/12/2019 19:00,281.5034
18/12/2019 20:00,280.88885
18/12/2019 21:00,280.5613
18/12/2019 22:00,280.25317
18/12/2019 23:00,279.91153
19/12/2019 0:00,279.9762
19/12/2019 1:00,279.79272
19/12/2019 2:00,279.7845
19/12/2019 3:00,279.37875
19/12/2019 4:00,279.2035
19/12/2019 5:00,279.1594
19/12/2019 6:00,278.7701
19/12/2019 7:00,278.5937
19/12/2019 8:00,280.03854
19/12/2019 9:00,282.40604
19/12/2019 10:00,284.51773
19/12/2019 11:00,285.7703
19/12/2019 12:00,286.45065
19/12/2019 13:00,286.55652
19/12/2019 14:00,285.745
19/12/2019 15:00,284.30368
19/12/2019 16:00,282.5413
19/12/2019 17:00,281.37872
19/12/2019 18:00,280.7848
19/12/2019 19:00,280.73245
19/12/2019 20:00,280.49664
19/12/2019 21:00,280.16086
19/12/2019 22:00,279.908
19/12/2019 23:00,279.5234
20/12/2019 0:00,279.23938
20/12/2019 1:00,279.2576
20/12/2019 2:00,279.28055
20/12/2019 3:00,279.69275
20/12/2019 4:00,280.1585
20/12/2019 5:00,280.77536
20/12/2019 6:00,280.89474
20/12/2019 7:00,279.97208
20/12/2019 8:00,280.9712
20/12/2019 9:00,283.7421
20/12/2019 10:00,286.30835
20/12/2019 11:00,287.84082
20/12/2019 12:00,288.44827
20/12/2019 13:00,288.21542
20/12/2019 14:00,287.5068
20/12/2019 15:00,286.0049
20/12/2019 16:00,284.59183
20/12/2019 17:00,283.9297
20/12/2019 18:00,283.4422
20/12/2019 19:00,283.668
20/12/2019 20:00,283.431
20/12/2019 21:00,282.92764
20/12/2019 22:00,282.74005
20/12/2019 23:00,283.10583
21/12/2019 0:00,283.81326
21/12/2019 1:00,284.12668
21/12/2019 2:00,284.11258
21/12/2019 3:00,283.74268
21/12/2019 4:00,282.733
21/12/2019 5:00,281.83444
21/12/2019 6:00,281.8662
21/12/2019 7:00,282.01144
21/12/2019 8:00,283.14404
21/12/2019 9:00,284.56183
21/12/2019 10:00,285.26514
21/12/2019 11:00,284.7612
21/12/2019 12:00,284.11023
21/12/2019 13:00,284.31604
21/12/2019 14:00,284.50363
21/12/2019 15:00,284.45422
21/12/2019 16:00,284.33957
21/12/2019 17:00,284.42896
21/12/2019 18:00,284.7553
21/12/2019 19:00,283.75385
21/12/2019 20:00,284.36777
21/12/2019 21:00,284.73648
21/12/2019 22:00,284.4895
21/12/2019 23:00,284.2696
22/12/2019 0:00,284.4407
22/12/2019 1:00,284.40247
22/12/2019 2:00,284.04022
22/12/2019 3:00,283.0923
22/12/2019 4:00,282.29312
22/12/2019 5:00,281.16467
22/12/2019 6:00,279.93857
22/12/2019 7:00,280.73184
22/12/2019 8:00,281.54044
22/12/2019 9:00,282.07614
22/12/2019 10:00,282.56894
22/12/2019 11:00,282.97116
22/12/2019 12:00,283.5698
22/12/2019 13:00,283.84793
22/12/2019 14:00,283.69153
22/12/2019 15:00,283.3822
22/12/2019 16:00,282.88354
22/12/2019 17:00,282.51837
22/12/2019 18:00,282.02026
22/12/2019 19:00,280.72302
22/12/2019 20:00,280.11792
22/12/2019 21:00,279.69336
22/12/2019 22:00,279.36404
22/12/2019 23:00,279.0259
23/12/2019 0:00,278.9971
23/12/2019 1:00,279.26407
23/12/2019 2:00,279.5434
23/12/2019 3:00,279.77158
23/12/2019 4:00,279.918
23/12/2019 5:00,279.9033
23/12/2019 6:00,279.83447
23/12/2019 7:00,280.1691
23/12/2019 8:00,280.6213
23/12/2019 9:00,281.08762
23/12/2019 10:00,281.49927
23/12/2019 11:00,281.6098
23/12/2019 12:00,281.73273
23/12/2019 13:00,282.00204
23/12/2019 14:00,282.07495
23/12/2019 15:00,281.90912
23/12/2019 16:00,281.86737
23/12/2019 17:00,281.82504
23/12/2019 18:00,281.69568
23/12/2019 19:00,281.37988
23/12/2019 20:00,281.40753
23/12/2019 21:00,281.3587
23/12/2019 22:00,281.29108
23/12/2019 23:00,280.95062
24/12/2019 0:00,280.813
24/12/2019 1:00,280.53778
24/12/2019 2:00,280.34784
24/12/2019 3:00,279.89505
24/12/2019 4:00,279.36816
24/12/2019 5:00,278.98416
24/12/2019 6:00,278.68307
24/12/2019 7:00,279.02472
24/12/2019 8:00,279.64395
24/12/2019 9:00,280.95706
24/12/2019 10:00,281.96146
24/12/2019 11:00,282.73535
24/12/2019 12:00,283.06113
24/12/2019 13:00,283.11935
24/12/2019 14:00,282.67712
24/12/2019 15:00,281.5957
24/12/2019 16:00,280.02148
24/12/2019 17:00,278.31613
24/12/2019 18:00,276.99066
24/12/2019 19:00,276.24854
24/12/2019 20:00,276.59668
24/12/2019 21:00,277.0577
24/12/2019 22:00,277.04242
24/12/2019 23:00,277.10004
25/12/2019 0:00,276.76367
25/12/2019 1:00,275.47583
25/12/2019 2:00,274.54672
25/12/2019 3:00,274.9607
25/12/2019 4:00,275.44113
25/12/2019 5:00,275.103
25/12/2019 6:00,274.9348
25/12/2019 7:00,275.11948
25/12/2019 8:00,276.86423
25/12/2019 9:00,278.78952
25/12/2019 10:00,280.48544
25/12/2019 11:00,281.88208
25/12/2019 12:00,282.6101
25/12/2019 13:00,282.80414
25/12/2019 14:00,282.5366
25/12/2019 15:00,281.19464
25/12/2019 16:00,280.3855
25/12/2019 17:00,280.21143
25/12/2019 18:00,279.9815
25/12/2019 19:00,279.88916
25/12/2019 20:00,279.1535
25/12/2019 21:00,278.7566
25/12/2019 22:00,278.50018
25/12/2019 23:00,278.90067
26/12/2019 0:00,278.50488
26/12/2019 1:00,277.80865
26/12/2019 2:00,277.18414
26/12/2019 3:00,276.76074
26/12/2019 4:00,276.45612
26/12/2019 5:00,276.21915
26/12/2019 6:00,275.92746
26/12/2019 7:00,276.10858
26/12/2019 8:00,277.04007
26/12/2019 9:00,278.4408
26/12/2019 10:00,279.4787
26/12/2019 11:00,280.1032
26/12/2019 12:00,280.3314
26/12/2019 13:00,280.45428
26/12/2019 14:00,280.28906
26/12/2019 15:00,279.40286
26/12/2019 16:00,278.2385
26/12/2019 17:00,277.1953
26/12/2019 18:00,275.96628
26/12/2019 19:00,274.8631
26/12/2019 20:00,274.6755
26/12/2019 21:00,273.95865
26/12/2019 22:00,273.23123
26/12/2019 23:00,273.86633
27/12/2019 0:00,275.1859
27/12/2019 1:00,275.76398
27/12/2019 2:00,275.8663
27/12/2019 3:00,275.89453
27/12/2019 4:00,275.41763
27/12/2019 5:00,275.66696
27/12/2019 6:00,276.11328
27/12/2019 7:00,275.70694
27/12/2019 8:00,276.34497
27/12/2019 9:00,277.57166
27/12/2019 10:00,278.71307
27/12/2019 11:00,279.534
27/12/2019 12:00,279.96796
27/12/2019 13:00,280.05618
27/12/2019 14:00,279.60043
27/12/2019 15:00,278.79538
27/12/2019 16:00,277.6099
27/12/2019 17:00,276.72897
27/12/2019 18:00,276.0927
27/12/2019 19:00,275.16357
27/12/2019 20:00,274.8231
27/12/2019 21:00,274.699
27/12/2019 22:00,274.56613
27/12/2019 23:00,274.51318
28/12/2019 0:00,274.39676
28/12/2019 1:00,274.2662
28/12/2019 2:00,274.30032
28/12/2019 3:00,274.22977
28/12/2019 4:00,274.22388
28/12/2019 5:00,274.0351
28/12/2019 6:00,273.8628
28/12/2019 7:00,274.2086
28/12/2019 8:00,274.6955
28/12/2019 9:00,275.4429
28/12/2019 10:00,276.02448
28/12/2019 11:00,276.47318
28/12/2019 12:00,276.87247
28/12/2019 13:00,276.91364
28/12/2019 14:00,276.56668
28/12/2019 15:00,276.03918
28/12/2019 16:00,275.35822
28/12/2019 17:00,274.7737
28/12/2019 18:00,274.35324
28/12/2019 19:00,273.89514
28/12/2019 20:00,273.67993
28/12/2019 21:00,273.59055
28/12/2019 22:00,273.61288
28/12/2019 23:00,273.4941
29/12/2019 0:00,273.11597
29/12/2019 1:00,273.06128
29/12/2019 2:00,272.93958
29/12/2019 3:00,272.9043
29/12/2019 4:00,272.90076
29/12/2019 5:00,272.76315
29/12/2019 6:00,272.87253
29/12/2019 7:00,272.9566
29/12/2019 8:00,273.37473
29/12/2019 9:00,273.93103
29/12/2019 10:00,274.38266
29/12/2019 11:00,274.4244
29/12/2019 12:00,274.74487
29/12/2019 13:00,274.85663
29/12/2019 14:00,274.89014
29/12/2019 15:00,274.49142
29/12/2019 16:00,273.98688
29/12/2019 17:00,273.5782
29/12/2019 18:00,273.24652
29/12/2019 19:00,272.8455
29/12/2019 20:00,271.92694
29/12/2019 21:00,270.9737
29/12/2019 22:00,270.2998
29/12/2019 23:00,269.7388
30/12/2019 0:00,269.43948
30/12/2019 1:00,269.24072
30/12/2019 2:00,269.63
30/12/2019 3:00,269.7182
30/12/2019 4:00,270.13513
30/12/2019 5:00,270.9637
30/12/2019 6:00,270.65967
30/12/2019 7:00,269.2901
30/12/2019 8:00,270.66556
30/12/2019 9:00,272.3621
30/12/2019 10:00,273.4053
30/12/2019 11:00,274.2174
30/12/2019 12:00,274.73254
30/12/2019 13:00,274.9178
30/12/2019 14:00,274.56787
30/12/2019 15:00,273.4829
30/12/2019 16:00,272.21802
30/12/2019 17:00,271.4606
30/12/2019 18:00,270.84668
30/12/2019 19:00,270.36508
30/12/2019 20:00,269.92816
30/12/2019 21:00,269.6453
30/12/2019 22:00,269.55414
30/12/2019 23:00,269.72174
31/12/2019 0:00,269.7529
31/12/2019 1:00,269.8211
31/12/2019 2:00,269.777
31/12/2019 3:00,269.57355
31/12/2019 4:00,269.5077
31/12/2019 5:00,269.60297
31/12/2019 6:00,269.67233
31/12/2019 7:00,269.72174
31/12/2019 8:00,272.10452
31/12/2019 9:00,274.39618
31/12/2019 10:00,276.1821
31/12/2019 11:00,277.22354
31/12/2019 12:00,277.5152
31/12/2019 13:00,277.39935
31/12/2019 14:00,276.9207
31/12/2019 15:00,275.62048
31/12/2019 16:00,274.05038
31/12/2019 17:00,273.1054
31/12/2019 18:00,272.9913
31/12/2019 19:00,272.9078
31/12/2019 20:00,272.24802
31/12/2019 21:00,272.11865
31/12/2019 22:00,271.77405
31/12/2019 23:00,271.35828
01/01/2020 0:00,270.88623
01/01/2020 1:00,270.6658
01/01/2020 2:00,270.36755
01/01/2020 3:00,270.44156
01/01/2020 4:00,270.31406
01/01/2020 5:00,269.93198
01/01/2020 6:00,269.59543
01/01/2020 7:00,269.35754
01/01/2020 8:00,271.43222
01/01/2020 9:00,274.5583
01/01/2020 10:00,276.18793
01/01/2020 11:00,277.04996
01/01/2020 12:00,277.46088
01/01/2020 13:00,277.49692
01/01/2020 14:00,276.7821
01/01/2020 15:00,275.46512
01/01/2020 16:00,273.90607
01/01/2020 17:00,272.77463
01/01/2020 18:00,271.67468
01/01/2020 19:00,271.3605
01/01/2020 20:00,270.98373
01/01/2020 21:00,270.99512
01/01/2020 22:00,271.016
01/01/2020 23:00,270.58194
02/01/2020 0:00,270.48517
02/01/2020 1:00,270.2602
02/01/2020 2:00,270.26132
02/01/2020 3:00,269.9779
02/01/2020 4:00,269.67853
02/01/2020 5:00,269.68384
02/01/2020 6:00,269.70435
02/01/2020 7:00,269.07562
02/01/2020 8:00,271.30435
02/01/2020 9:00,274.97186
02/01/2020 10:00,276.9843
02/01/2020 11:00,278.23642
02/01/2020 12:00,278.9232
02/01/2020 13:00,278.8473
02/01/2020 14:00,278.00308
02/01/2020 15:00,276.40836
02/01/2020 16:00,274.14246
02/01/2020 17:00,272.05295
02/01/2020 18:00,271.00916
02/01/2020 19:00,271.62686
02/01/2020 20:00,271.34952
02/01/2020 21:00,270.56525
02/01/2020 22:00,270.10007
02/01/2020 23:00,269.89517
03/01/2020 0:00,269.84167
03/01/2020 1:00,269.98624
03/01/2020 2:00,270.20782
03/01/2020 3:00,270.39185
03/01/2020 4:00,270.36453
03/01/2020 5:00,270.89078
03/01/2020 6:00,271.76953
03/01/2020 7:00,269.9411
03/01/2020 8:00,271.5468
03/01/2020 9:00,275.0045
03/01/2020 10:00,277.3167
03/01/2020 11:00,278.64847
03/01/2020 12:00,279.23392
03/01/2020 13:00,279.06244
03/01/2020 14:00,278.45496
03/01/2020 15:00,276.42392
03/01/2020 16:00,273.56686
03/01/2020 17:00,272.2146
03/01/2020 18:00,271.13702
03/01/2020 19:00,269.98056
03/01/2020 20:00,270.19415
03/01/2020 21:00,270.31406
03/01/2020 22:00,270.9052
03/01/2020 23:00,270.8149
04/01/2020 0:00,270.714
04/01/2020 1:00,271.5377
04/01/2020 2:00,271.52594
04/01/2020 3:00,271.50848
04/01/2020 4:00,271.46448
04/01/2020 5:00,271.20078
04/01/2020 6:00,270.50073
04/01/2020 7:00,270.0291
04/01/2020 8:00,271.77713
04/01/2020 9:00,273.69284
04/01/2020 10:00,275.5429
04/01/2020 11:00,276.9794
04/01/2020 12:00,277.245
04/01/2020 13:00,276.9741
04/01/2020 14:00,277.0105
04/01/2020 15:00,275.6814
04/01/2020 16:00,274.82654
04/01/2020 17:00,273.11154
04/01/2020 18:00,272.51093
04/01/2020 19:00,274.28702
04/01/2020 20:00,273.63782
04/01/2020 21:00,272.83307
04/01/2020 22:00,272.163
04/01/2020 23:00,272.2658
05/01/2020 0:00,272.71393
05/01/2020 1:00,273.5638
05/01/2020 2:00,273.4022
05/01/2020 3:00,273.41736
05/01/2020 4:00,273.5103
05/01/2020 5:00,274.04874
05/01/2020 6:00,274.0734
05/01/2020 7:00,274.02216
05/01/2020 8:00,274.66263
05/01/2020 9:00,275.67267
05/01/2020 10:00,276.4228
05/01/2020 11:00,276.86215
05/01/2020 12:00,277.138
05/01/2020 13:00,277.15924
05/01/2020 14:00,276.93842
05/01/2020 15:00,275.91095
05/01/2020 16:00,274.89105
05/01/2020 17:00,274.0324
05/01/2020 18:00,273.5441
05/01/2020 19:00,273.40332
05/01/2020 20:00,273.0459
05/01/2020 21:00,272.66382
05/01/2020 22:00,272.26962
05/01/2020 23:00,271.77637
06/01/2020 0:00,271.22012
06/01/2020 1:00,270.3611
06/01/2020 2:00,269.6239
06/01/2020 3:00,269.37802
06/01/2020 4:00,269.88077
06/01/2020 5:00,270.34064
06/01/2020 6:00,270.97388
06/01/2020 7:00,270.13763
06/01/2020 8:00,271.35483
06/01/2020 9:00,273.01138
06/01/2020 10:00,274.40158
06/01/2020 11:00,275.3323
06/01/2020 12:00,275.63736
06/01/2020 13:00,275.66013
06/01/2020 14:00,275.29892
06/01/2020 15:00,274.15497
06/01/2020 16:00,272.03018
06/01/2020 17:00,271.16132
06/01/2020 18:00,270.97427
06/01/2020 19:00,271.06912
06/01/2020 20:00,270.7538
06/01/2020 21:00,270.14484
06/01/2020 22:00,269.76465
06/01/2020 23:00,269.6865
07/01/2020 0:00,269.8087
07/01/2020 1:00,269.60074
07/01/2020 2:00,269.39206
07/01/2020 3:00,269.2437
07/01/2020 4:00,269.26535
07/01/2020 5:00,269.42734
07/01/2020 6:00,269.5184
07/01/2020 7:00,268.06787
07/01/2020 8:00,270.26892
07/01/2020 9:00,273.50842
07/01/2020 10:00,275.34293
07/01/2020 11:00,276.4611
07/01/2020 12:00,277.0936
07/01/2020 13:00,277.26624
07/01/2020 14:00,276.79688
07/01/2020 15:00,275.32056
07/01/2020 16:00,273.38702
07/01/2020 17:00,272.2772
07/01/2020 18:00,273.03302
07/01/2020 19:00,272.65436
07/01/2020 20:00,271.73502
07/01/2020 21:00,271.02435
07/01/2020 22:00,271.11996
07/01/2020 23:00,270.9124
08/01/2020 0:00,271.05698
08/01/2020 1:00,271.31915
08/01/2020 2:00,271.32977
08/01/2020 3:00,270.81757
08/01/2020 4:00,271.0308
08/01/2020 5:00,270.91205
08/01/2020 6:00,270.38123
08/01/2020 7:00,271.1021
08/01/2020 8:00,272.6054
08/01/2020 9:00,275.05118
08/01/2020 10:00,275.89157
08/01/2020 11:00,276.71722
08/01/2020 12:00,277.42407
08/01/2020 13:00,277.30228
08/01/2020 14:00,277.05414
08/01/2020 15:00,275.86502
08/01/2020 16:00,273.67233
08/01/2020 17:00,272.6092
08/01/2020 18:00,271.99567
08/01/2020 19:00,271.22733
08/01/2020 20:00,271.403
08/01/2020 21:00,271.83707
08/01/2020 22:00,271.52972
08/01/2020 23:00,270.3004
09/01/2020 0:00,270.24008
09/01/2020 1:00,271.54453
09/01/2020 2:00,271.7627
09/01/2020 3:00,270.88358
09/01/2020 4:00,270.86954
09/01/2020 5:00,271.78586
09/01/2020 6:00,270.8847
09/01/2020 7:00,271.36356
09/01/2020 8:00,272.6369
09/01/2020 9:00,274.49646
09/01/2020 10:00,276.31046
09/01/2020 11:00,278.03152
09/01/2020 12:00,279.07306
09/01/2020 13:00,279.21304
09/01/2020 14:00,278.47583
09/01/2020 15:00,276.5643
09/01/2020 16:00,274.26917
09/01/2020 17:00,273.00644
09/01/2020 18:00,272.3026
09/01/2020 19:00,271.8549
09/01/2020 20:00,271.3146
09/01/2020 21:00,270.86725
09/01/2020 22:00,270.55804
09/01/2020 23:00,270.40512
10/01/2020 0:00,270.35315
10/01/2020 1:00,270.23895
10/01/2020 2:00,270.30875
10/01/2020 3:00,270.5584
10/01/2020 4:00,270.8278
10/01/2020 5:00,270.99664
10/01/2020 6:00,270.96097
10/01/2020 7:00,270.91962
10/01/2020 8:00,273.1032
10/01/2020 9:00,277.44116
10/01/2020 10:00,280.0531
10/01/2020 11:00,281.60608
10/01/2020 12:00,281.94452
10/01/2020 13:00,281.74722
10/01/2020 14:00,280.51257
10/01/2020 15:00,278.23984
10/01/2020 16:00,276.34195
10/01/2020 17:00,275.39453
10/01/2020 18:00,274.85272
10/01/2020 19:00,274.67554
10/01/2020 20:00,275.29968
10/01/2020 21:00,275.0857
10/01/2020 22:00,274.80948
10/01/2020 23:00,274.07263
11/01/2020 0:00,273.35895
11/01/2020 1:00,273.354
11/01/2020 2:00,273.44128
11/01/2020 3:00,272.74237
11/01/2020 4:00,272.63614
11/01/2020 5:00,272.72037
11/01/2020 6:00,272.4506
11/01/2020 7:00,272.04498
11/01/2020 8:00,273.9611
11/01/2020 9:00,276.6102
11/01/2020 10:00,278.62344
11/01/2020 11:00,280.27887
11/01/2020 12:00,281.0195
11/01/2020 13:00,281.0009
11/01/2020 14:00,280.24963
11/01/2020 15:00,278.36658
11/01/2020 16:00,276.56772
11/01/2020 17:00,275.36722
11/01/2020 18:00,274.20618
11/01/2020 19:00,273.35437
11/01/2020 20:00,272.22144
11/01/2020 21:00,272.07117
11/01/2020 22:00,272.40582
11/01/2020 23:00,272.17438
12/01/2020 0:00,271.10516
12/01/2020 1:00,271.13513
12/01/2020 2:00,272.14288
12/01/2020 3:00,272.92563
12/01/2020 4:00,272.74124
12/01/2020 5:00,272.49802
12/01/2020 6:00,272.22522
12/01/2020 7:00,272.2347
12/01/2020 8:00,272.5261
12/01/2020 9:00,274.71234
12/01/2020 10:00,276.22546
12/01/2020 11:00,277.10535
12/01/2020 12:00,277.91467
12/01/2020 13:00,278.11462
12/01/2020 14:00,277.71356
12/01/2020 15:00,276.48917
12/01/2020 16:00,274.4437
12/01/2020 17:00,272.79092
12/01/2020 18:00,271.98163
12/01/2020 19:00,271.63635
12/01/2020 20:00,271.48154
12/01/2020 21:00,271.45953
12/01/2020 22:00,271.54642
12/01/2020 23:00,271.73386
13/01/2020 0:00,271.95734
13/01/2020 1:00,271.8898
13/01/2020 2:00,271.6997
13/01/2020 3:00,271.57336
13/01/2020 4:00,271.48685
13/01/2020 5:00,271.4679
13/01/2020 6:00,271.41895
13/01/2020 7:00,271.14615
13/01/2020 8:00,271.38632
13/01/2020 9:00,271.93497
13/01/2020 10:00,272.83038
13/01/2020 11:00,273.6268
13/01/2020 12:00,274.3686
13/01/2020 13:00,274.7294
13/01/2020 14:00,274.65997
13/01/2020 15:00,274.27753
13/01/2020 16:00,273.40787
13/01/2020 17:00,272.80612
13/01/2020 18:00,271.97137
13/01/2020 19:00,271.47623
13/01/2020 20:00,271.08618
13/01/2020 21:00,270.80313
13/01/2020 22:00,270.7242
13/01/2020 23:00,270.87106
14/01/2020 0:00,270.8426
14/01/2020 1:00,271.0752
14/01/2020 2:00,271.09946
14/01/2020 3:00,271.2209
14/01/2020 4:00,271.34155
14/01/2020 5:00,271.5267
14/01/2020 6:00,271.5825
14/01/2020 7:00,270.82477
14/01/2020 8:00,272.16528
14/01/2020 9:00,274.2855
14/01/2020 10:00,275.79218
14/01/2020 11:00,277.88052
14/01/2020 12:00,279.17358
14/01/2020 13:00,279.7784
14/01/2020 14:00,279.22748
14/01/2020 15:00,277.6005
14/01/2020 16:00,275.5558
14/01/2020 17:00,274.0973
14/01/2020 18:00,273.20184
14/01/2020 19:00,271.466
14/01/2020 20:00,270.94543
14/01/2020 21:00,270.5478
14/01/2020 22:00,270.24994
14/01/2020 23:00,270.29547
15/01/2020 0:00,270.37097
15/01/2020 1:00,270.22034
15/01/2020 2:00,270.19946
15/01/2020 3:00,270.32242
15/01/2020 4:00,270.33493
15/01/2020 5:00,270.45786
15/01/2020 6:00,270.6472
15/01/2020 7:00,270.90103
15/01/2020 8:00,271.82266
15/01/2020 9:00,273.25195
15/01/2020 10:00,274.68008
15/01/2020 11:00,276.1181
15/01/2020 12:00,277.2484
15/01/2020 13:00,278.04672
15/01/2020 14:00,277.9966
15/01/2020 15:00,276.5734
15/01/2020 16:00,274.57498
15/01/2020 17:00,273.37448
15/01/2020 18:00,272.7682
15/01/2020 19:00,272.12048
15/01/2020 20:00,271.86627
15/01/2020 21:00,271.79532
15/01/2020 22:00,271.70087
15/01/2020 23:00,271.64545
16/01/2020 0:00,271.4345
16/01/2020 1:00,271.43146
16/01/2020 2:00,271.18066
16/01/2020 3:00,271.1852
16/01/2020 4:00,271.10098
16/01/2020 5:00,270.8244
16/01/2020 6:00,270.5254
16/01/2020 7:00,271.51456
16/01/2020 8:00,272.97647
16/01/2020 9:00,274.01117
16/01/2020 10:00,274.6156
16/01/2020 11:00,274.99426
16/01/2020 12:00,275.379
16/01/2020 13:00,275.6613
16/01/2020 14:00,275.54706
16/01/2020 15:00,275.0117
16/01/2020 16:00,274.33063
16/01/2020 17:00,273.67688
16/01/2020 18:00,273.65298
16/01/2020 19:00,273.45682
16/01/2020 20:00,273.51868
16/01/2020 21:00,273.82675
16/01/2020 22:00,273.83966
16/01/2020 23:00,273.56876
17/01/2020 0:00,273.5316
17/01/2020 1:00,273.3521
17/01/2020 2:00,273.2212
17/01/2020 3:00,273.1461
17/01/2020 4:00,273.0368
17/01/2020 5:00,272.94196
17/01/2020 6:00,272.85242
17/01/2020 7:00,272.81827
17/01/2020 8:00,273.3024
17/01/2020 9:00,273.76492
17/01/2020 10:00,274.53326
17/01/2020 11:00,274.87814
17/01/2020 12:00,275.3695
17/01/2020 13:00,275.29816
17/01/2020 14:00,275.16498
17/01/2020 15:00,274.63342
17/01/2020 16:00,273.96524
17/01/2020 17:00,273.6689
17/01/2020 18:00,273.46176
17/01/2020 19:00,272.39066
17/01/2020 20:00,272.2051
17/01/2020 21:00,272.14517
17/01/2020 22:00,272.0412
17/01/2020 23:00,271.98087
18/01/2020 0:00,271.95963
18/01/2020 1:00,271.85565
18/01/2020 2:00,271.91296
18/01/2020 3:00,271.78168
18/01/2020 4:00,271.70694
18/01/2020 5:00,271.74942
18/01/2020 6:00,271.71945
18/01/2020 7:00,272.0556
18/01/2020 8:00,272.4783
18/01/2020 9:00,272.84482
18/01/2020 10:00,273.23788
18/01/2020 11:00,273.58734
18/01/2020 12:00,273.63742
18/01/2020 13:00,273.6879
18/01/2020 14:00,273.57483
18/01/2020 15:00,273.48605
18/01/2020 16:00,273.18365
18/01/2020 17:00,273.00986
18/01/2020 18:00,272.84253
18/01/2020 19:00,272.00363
18/01/2020 20:00,271.95657
18/01/2020 21:00,271.91788
18/01/2020 22:00,271.8754
18/01/2020 23:00,271.89322
19/01/2020 0:00,271.81583
19/01/2020 1:00,271.91296
19/01/2020 2:00,271.9782
19/01/2020 3:00,271.92584
19/01/2020 4:00,271.89816
19/01/2020 5:00,271.82416
19/01/2020 6:00,271.71793
19/01/2020 7:00,271.88638
19/01/2020 8:00,272.3861
19/01/2020 9:00,272.9666
19/01/2020 10:00,273.91934
19/01/2020 11:00,274.6539
19/01/2020 12:00,274.84705
19/01/2020 13:00,274.97983
19/01/2020 14:00,275.0079
19/01/2020 15:00,274.39438
19/01/2020 16:00,273.7763
19/01/2020 17:00,272.8319
19/01/2020 18:00,271.91296
19/01/2020 19:00,272.38535
19/01/2020 20:00,272.03018
19/01/2020 21:00,272.4635
19/01/2020 22:00,272.51395
19/01/2020 23:00,272.46616
20/01/2020 0:00,272.4506
20/01/2020 1:00,272.48663
20/01/2020 2:00,272.46426
20/01/2020 3:00,272.34018
20/01/2020 4:00,272.3459
20/01/2020 5:00,272.3178
20/01/2020 6:00,271.71072
20/01/2020 7:00,271.3385
20/01/2020 8:00,272.6365
20/01/2020 9:00,273.527
20/01/2020 10:00,274.2172
20/01/2020 11:00,275.3179
20/01/2020 12:00,276.22662
20/01/2020 13:00,276.5298
20/01/2020 14:00,276.42468
20/01/2020 15:00,275.925
20/01/2020 16:00,275.4913
20/01/2020 17:00,274.9301
20/01/2020 18:00,274.41183
20/01/2020 19:00,273.3043
20/01/2020 20:00,273.21817
20/01/2020 21:00,273.16885
20/01/2020 22:00,272.92792
20/01/2020 23:00,272.83307
21/01/2020 0:00,273.0736
21/01/2020 1:00,272.88617
21/01/2020 2:00,272.98294
21/01/2020 3:00,273.00607
21/01/2020 4:00,272.9799
21/01/2020 5:00,272.85657
21/01/2020 6:00,272.89337
21/01/2020 7:00,272.52307
21/01/2020 8:00,273.6052
21/01/2020 9:00,275.59906
21/01/2020 10:00,276.14276
21/01/2020 11:00,276.65878
21/01/2020 12:00,276.76843
21/01/2020 13:00,277.07654
21/01/2020 14:00,276.87695
21/01/2020 15:00,276.08093
21/01/2020 16:00,274.56058
21/01/2020 17:00,272.808
21/01/2020 18:00,271.37985
21/01/2020 19:00,270.7208
21/01/2020 20:00,270.47607
21/01/2020 21:00,270.32355
21/01/2020 22:00,270.26096
21/01/2020 23:00,270.17102
22/01/2020 0:00,270.00104
22/01/2020 1:00,270.0128
22/01/2020 2:00,270.09818
22/01/2020 3:00,270.0143
22/01/2020 4:00,270.60925
22/01/2020 5:00,270.714
22/01/2020 6:00,269.75177
22/01/2020 7:00,269.63412
22/01/2020 8:00,270.67188
22/01/2020 9:00,272.21082
22/01/2020 10:00,273.85028
22/01/2020 11:00,275.2253
22/01/2020 12:00,276.3355
22/01/2020 13:00,277.17935
22/01/2020 14:00,277.14633
22/01/2020 15:00,275.67456
22/01/2020 16:00,273.71597
22/01/2020 17:00,272.3842
22/01/2020 18:00,271.34988
22/01/2020 19:00,270.80655
22/01/2020 20:00,270.5311
22/01/2020 21:00,269.90466
22/01/2020 22:00,270.2306
22/01/2020 23:00,270.86157
23/01/2020 0:00,271.2706
23/01/2020 1:00,270.75003
23/01/2020 2:00,270.4237
23/01/2020 3:00,270.15546
23/01/2020 4:00,269.89594
23/01/2020 5:00,269.83826
23/01/2020 6:00,269.89972
23/01/2020 7:00,270.12738
23/01/2020 8:00,271.49066
23/01/2020 9:00,273.50085
23/01/2020 10:00,274.8398
23/01/2020 11:00,275.76675
23/01/2020 12:00,276.3427
23/01/2020 13:00,276.27557
23/01/2020 14:00,275.96936
23/01/2020 15:00,275.49814
23/01/2020 16:00,274.38074
23/01/2020 17:00,273.55774
23/01/2020 18:00,272.69305
23/01/2020 19:00,271.76575
23/01/2020 20:00,271.48383
23/01/2020 21:00,271.37418
23/01/2020 22:00,270.9845
23/01/2020 23:00,270.2617
24/01/2020 0:00,269.6186
24/01/2020 1:00,268.98077
24/01/2020 2:00,268.76337
24/01/2020 3:00,268.63586
24/01/2020 4:00,268.42566
24/01/2020 5:00,268.2352
24/01/2020 6:00,268.28528
24/01/2020 7:00,269.35184
24/01/2020 8:00,270.00635
24/01/2020 9:00,271.08276
24/01/2020 10:00,272.75528
24/01/2020 11:00,274.15192
24/01/2020 12:00,275.79218
24/01/2020 13:00,276.85837
24/01/2020 14:00,276.9646
24/01/2020 15:00,276.57797
24/01/2020 16:00,274.4938
24/01/2020 17:00,272.28214
24/01/2020 18:00,271.36697
24/01/2020 19:00,270.72803
24/01/2020 20:00,270.79138
24/01/2020 21:00,270.94086
24/01/2020 22:00,270.78265
24/01/2020 23:00,270.77505
25/01/2020 0:00,270.93747
25/01/2020 1:00,271.11615
25/01/2020 2:00,271.11996
25/01/2020 3:00,271.20154
25/01/2020 4:00,271.1799
25/01/2020 5:00,271.13553
25/01/2020 6:00,271.25922
25/01/2020 7:00,271.746
25/01/2020 8:00,274.08438
25/01/2020 9:00,276.5939
25/01/2020 10:00,278.46786
25/01/2020 11:00,279.9355
25/01/2020 12:00,280.52625
25/01/2020 13:00,280.53723
25/01/2020 14:00,280.35703
25/01/2020 15:00,279.22064
25/01/2020 16:00,277.13876
25/01/2020 17:00,275.22797
25/01/2020 18:00,273.4557
25/01/2020 19:00,273.25003
25/01/2020 20:00,273.0391
25/01/2020 21:00,272.98444
25/01/2020 22:00,272.69
25/01/2020 23:00,272.64447
26/01/2020 0:00,272.69647
26/01/2020 1:00,272.74274
26/01/2020 2:00,272.86835
26/01/2020 3:00,272.8653
26/01/2020 4:00,272.5534
26/01/2020 5:00,272.39633
26/01/2020 6:00,272.27682
26/01/2020 7:00,272.61716
26/01/2020 8:00,273.7372
26/01/2020 9:00,275.33307
26/01/2020 10:00,276.90692
26/01/2020 11:00,278.21176
26/01/2020 12:00,279.2404
26/01/2020 13:00,279.65585
26/01/2020 14:00,279.4411
26/01/2020 15:00,278.7828
26/01/2020 16:00,277.78452
26/01/2020 17:00,276.77716
26/01/2020 18:00,276.3006
26/01/2020 19:00,274.85956
26/01/2020 20:00,274.0658
26/01/2020 21:00,273.47314
26/01/2020 22:00,272.69418
26/01/2020 23:00,272.84518
27/01/2020 0:00,272.92603
27/01/2020 1:00,272.7473
27/01/2020 2:00,272.67636
27/01/2020 3:00,272.79092
27/01/2020 4:00,272.55835
27/01/2020 5:00,272.79892
27/01/2020 6:00,273.03415
27/01/2020 7:00,273.12482
27/01/2020 8:00,273.9076
27/01/2020 9:00,274.47104
27/01/2020 10:00,275.61877
27/01/2020 11:00,276.15567
27/01/2020 12:00,276.52408
27/01/2020 13:00,276.79385
27/01/2020 14:00,277.04504
27/01/2020 15:00,276.80258
27/01/2020 16:00,276.23724
27/01/2020 17:00,275.93597
27/01/2020 18:00,275.77625
27/01/2020 19:00,275.10315
27/01/2020 20:00,274.96503
27/01/2020 21:00,274.99692
27/01/2020 22:00,274.7446
27/01/2020 23:00,274.4422
28/01/2020 0:00,274.32648
28/01/2020 1:00,274.31052
28/01/2020 2:00,274.32306
28/01/2020 3:00,274.41904
28/01/2020 4:00,274.7294
28/01/2020 5:00,275.21774
28/01/2020 6:00,275.5706
28/01/2020 7:00,276.2953
28/01/2020 8:00,277.89304
28/01/2020 9:00,280.04208
28/01/2020 10:00,281.7753
28/01/2020 11:00,283.0107
28/01/2020 12:00,283.9904
28/01/2020 13:00,284.62592
28/01/2020 14:00,284.742
28/01/2020 15:00,284.39142
28/01/2020 16:00,283.85947
28/01/2020 17:00,283.19397
28/01/2020 18:00,282.47913
28/01/2020 19:00,281.75784
28/01/2020 20:00,281.57306
28/01/2020 21:00,280.0186
28/01/2020 22:00,277.599
28/01/2020 23:00,275.70984
29/01/2020 0:00,275.39377
29/01/2020 1:00,274.63986
29/01/2020 2:00,274.5226
29/01/2020 3:00,273.91705
29/01/2020 4:00,272.97003
29/01/2020 5:00,272.1004
29/01/2020 6:00,271.34268
29/01/2020 7:00,271.6113
29/01/2020 8:00,274.103
29/01/2020 9:00,275.8343
29/01/2020 10:00,277.93744
29/01/2020 11:00,279.18802
29/01/2020 12:00,280.23676
29/01/2020 13:00,281.03278
29/01/2020 14:00,280.95422
29/01/2020 15:00,280.03488
29/01/2020 16:00,278.42764
29/01/2020 17:00,276.40344
29/01/2020 18:00,273.79944
29/01/2020 19:00,272.336
29/01/2020 20:00,271.72324
29/01/2020 21:00,271.4087
29/01/2020 22:00,272.11517
29/01/2020 23:00,272.35687
30/01/2020 0:00,272.46198
30/01/2020 1:00,272.42252
30/01/2020 2:00,272.91425
30/01/2020 3:00,272.9412
30/01/2020 4:00,272.46652
30/01/2020 5:00,271.95734
30/01/2020 6:00,271.45346
30/01/2020 7:00,272.15427
30/01/2020 8:00,273.39612
30/01/2020 9:00,275.0132
30/01/2020 10:00,276.83295
30/01/2020 11:00,278.89853
30/01/2020 12:00,280.54065
30/01/2020 13:00,281.42053
30/01/2020 14:00,281.50742
30/01/2020 15:00,280.44427
30/01/2020 16:00,278.4235
30/01/2020 17:00,276.6956
30/01/2020 18:00,275.59412
30/01/2020 19:00,276.12643
30/01/2020 20:00,276.03424
30/01/2020 21:00,276.3594
30/01/2020 22:00,276.6933
30/01/2020 23:00,276.88757
31/01/2020 0:00,277.2484
31/01/2020 1:00,277.2981
31/01/2020 2:00,277.32468
31/01/2020 3:00,277.38614
31/01/2020 4:00,277.74887
31/01/2020 5:00,278.34305
31/01/2020 6:00,279.18118
31/01/2020 7:00,279.8653
31/01/2020 8:00,281.4266
31/01/2020 9:00,282.8449
31/01/2020 10:00,284.11066
31/01/2020 11:00,285.49442
31/01/2020 12:00,286.5989
31/01/2020 13:00,286.93054
31/01/2020 14:00,286.87512
31/01/2020 15:00,286.1527
31/01/2020 16:00,285.0129
31/01/2020 17:00,284.0374
31/01/2020 18:00,283.18295
31/01/2020 19:00,283.22964
31/01/2020 20:00,282.50644
31/01/2020 21:00,281.8827
31/01/2020 22:00,281.3515
31/01/2020 23:00,280.85596
01/02/2020 0:00,280.45984
01/02/2020 1:00,280.23334
01/02/2020 2:00,280.014
01/02/2020 3:00,279.8801
01/02/2020 4:00,279.8482
01/02/2020 5:00,279.84137
01/02/2020 6:00,279.82733
01/02/2020 7:00,280.79868
01/02/2020 8:00,282.52466
01/02/2020 9:00,284.53903
01/02/2020 10:00,286.27072
01/02/2020 11:00,287.4105
01/02/2020 12:00,288.2475
01/02/2020 13:00,288.4615
01/02/2020 14:00,287.95572
01/02/2020 15:00,287.5232
01/02/2020 16:00,286.69568
01/02/2020 17:00,285.57486
01/02/2020 18:00,284.70938
01/02/2020 19:00,284.88467
01/02/2020 20:00,284.50677
01/02/2020 21:00,284.21613
01/02/2020 22:00,283.9073
01/02/2020 23:00,283.81168
02/02/2020 0:00,283.72516
02/02/2020 1:00,283.6398
02/02/2020 2:00,283.75665
02/02/2020 3:00,283.42578
02/02/2020 4:00,283.00882
02/02/2020 5:00,282.48444
02/02/2020 6:00,282.05988
02/02/2020 7:00,282.4355
02/02/2020 8:00,283.65726
02/02/2020 9:00,285.45
02/02/2020 10:00,286.74918
02/02/2020 11:00,287.76868
02/02/2020 12:00,288.4839
02/02/2020 13:00,288.8337
02/02/2020 14:00,288.8504
02/02/2020 15:00,287.91815
02/02/2020 16:00,286.29688
02/02/2020 17:00,285.61316
02/02/2020 18:00,285.58432
02/02/2020 19:00,285.82907
02/02/2020 20:00,285.2011
02/02/2020 21:00,284.95108
02/02/2020 22:00,284.94614
02/02/2020 23:00,284.5136
03/02/2020 0:00,283.95242
03/02/2020 1:00,283.7168
03/02/2020 2:00,283.87048
03/02/2020 3:00,283.83444
03/02/2020 4:00,283.74756
03/02/2020 5:00,283.57074
03/02/2020 6:00,283.24518
03/02/2020 7:00,284.39673
03/02/2020 8:00,284.72382
03/02/2020 9:00,285.5331
03/02/2020 10:00,286.10376
03/02/2020 11:00,286.7575
03/02/2020 12:00,287.05878
03/02/2020 13:00,286.98935
03/02/2020 14:00,286.67404
03/02/2020 15:00,285.99033
03/02/2020 16:00,285.15216
03/02/2020 17:00,284.98788
03/02/2020 18:00,284.22598
03/02/2020 19:00,282.75952
03/02/2020 20:00,282.31598
03/02/2020 21:00,282.0853
03/02/2020 22:00,281.60266
03/02/2020 23:00,281.21756
04/02/2020 0:00,280.826
04/02/2020 1:00,280.85596
04/02/2020 2:00,280.91666
04/02/2020 3:00,280.8958
04/02/2020 4:00,280.97623
04/02/2020 5:00,281.35947
04/02/2020 6:00,281.58295
04/02/2020 7:00,281.61633
04/02/2020 8:00,282.4169
04/02/2020 9:00,283.7172
04/02/2020 10:00,284.98257
04/02/2020 11:00,284.45288
04/02/2020 12:00,282.17978
04/02/2020 13:00,280.6454
04/02/2020 14:00,280.1658
04/02/2020 15:00,280.2705
04/02/2020 16:00,280.0459
04/02/2020 17:00,279.82773
04/02/2020 18:00,279.40012
04/02/2020 19:00,279.21686
04/02/2020 20:00,278.77026
04/02/2020 21:00,278.3032
04/02/2020 22:00,277.90366
04/02/2020 23:00,277.52234
05/02/2020 0:00,277.2226
05/02/2020 1:00,276.9847
05/02/2020 2:00,276.95016
05/02/2020 3:00,276.9221
05/02/2020 4:00,276.6546
05/02/2020 5:00,276.49866
05/02/2020 6:00,276.18982
05/02/2020 7:00,276.75668
05/02/2020 8:00,277.18808
05/02/2020 9:00,278.02203
05/02/2020 10:00,278.43866
05/02/2020 11:00,279.03094
05/02/2020 12:00,279.86264
05/02/2020 13:00,279.90057
05/02/2020 14:00,279.20773
05/02/2020 15:00,278.64734
05/02/2020 16:00,277.78717
05/02/2020 17:00,277.00558
05/02/2020 18:00,276.05777
05/02/2020 19:00,275.22495
05/02/2020 20:00,274.64594
05/02/2020 21:00,274.1246
05/02/2020 22:00,273.7391
05/02/2020 23:00,273.40787
06/02/2020 0:00,273.18668
06/02/2020 1:00,272.9871
06/02/2020 2:00,272.91806
06/02/2020 3:00,272.8782
06/02/2020 4:00,272.78183
06/02/2020 5:00,272.63538
06/02/2020 6:00,272.3827
06/02/2020 7:00,272.74084
06/02/2020 8:00,273.89468
06/02/2020 9:00,275.44955
06/02/2020 10:00,276.9373
06/02/2020 11:00,278.15637
06/02/2020 12:00,279.02563
06/02/2020 13:00,279.4722
06/02/2020 14:00,279.49384
06/02/2020 15:00,279.01273
06/02/2020 16:00,277.85245
06/02/2020 17:00,276.59125
06/02/2020 18:00,275.15625
06/02/2020 19:00,274.26993
06/02/2020 20:00,273.6989
06/02/2020 21:00,273.06525
06/02/2020 22:00,272.55798
06/02/2020 23:00,272.19904
07/02/2020 0:00,272.0966
07/02/2020 1:00,272.10342
07/02/2020 2:00,272.2658
07/02/2020 3:00,273.05463
07/02/2020 4:00,273.76263
07/02/2020 5:00,273.86166
07/02/2020 6:00,273.59305
07/02/2020 7:00,274.07983
07/02/2020 8:00,275.46094
07/02/2020 9:00,276.7711
07/02/2020 10:00,278.2664
07/02/2020 11:00,279.42932
07/02/2020 12:00,280.11267
07/02/2020 13:00,280.83167
07/02/2020 14:00,280.848
07/02/2020 15:00,280.38852
07/02/2020 16:00,279.4684
07/02/2020 17:00,278.46143
07/02/2020 18:00,277.97577
07/02/2020 19:00,277.02682
07/02/2020 20:00,276.53546
07/02/2020 21:00,275.91095
07/02/2020 22:00,275.19116
07/02/2020 23:00,274.66528
08/02/2020 0:00,275.0819
08/02/2020 1:00,275.4063
08/02/2020 2:00,274.55298
08/02/2020 3:00,274.21225
08/02/2020 4:00,274.12158
08/02/2020 5:00,274.0472
08/02/2020 6:00,273.7854
08/02/2020 7:00,274.07605
08/02/2020 8:00,274.84512
08/02/2020 9:00,275.81607
08/02/2020 10:00,277.4017
08/02/2020 11:00,278.50656
08/02/2020 12:00,279.27527
08/02/2020 13:00,279.74692
08/02/2020 14:00,279.6877
08/02/2020 15:00,279.13907
08/02/2020 16:00,277.84143
08/02/2020 17:00,276.3932
08/02/2020 18:00,275.26212
08/02/2020 19:00,274.56967
08/02/2020 20:00,273.63327
08/02/2020 21:00,272.657
08/02/2020 22:00,271.88223
08/02/2020 23:00,271.25085
09/02/2020 0:00,270.84335
09/02/2020 1:00,270.62292
09/02/2020 2:00,270.4461
09/02/2020 3:00,270.37628
09/02/2020 4:00,270.5072
09/02/2020 5:00,270.79898
09/02/2020 6:00,270.77505
09/02/2020 7:00,271.02625
09/02/2020 8:00,275.13766
09/02/2020 9:00,278.48874
09/02/2020 10:00,280.90567
09/02/2020 11:00,282.6366
09/02/2020 12:00,283.60413
09/02/2020 13:00,283.968
09/02/2020 14:00,283.53583
09/02/2020 15:00,282.0777
09/02/2020 16:00,279.54504
09/02/2020 17:00,278.01712
09/02/2020 18:00,278.2425
09/02/2020 19:00,279.23203
09/02/2020 20:00,279.48132
09/02/2020 21:00,279.56363
09/02/2020 22:00,279.734
09/02/2020 23:00,279.94687
10/02/2020 0:00,280.13202
10/02/2020 1:00,280.5141
10/02/2020 2:00,281.0043
10/02/2020 3:00,281.20578
10/02/2020 4:00,281.42358
10/02/2020 5:00,281.81363
10/02/2020 6:00,282.3433
10/02/2020 7:00,283.63522
10/02/2020 8:00,284.30643
10/02/2020 9:00,284.9765
10/02/2020 10:00,285.5373
10/02/2020 11:00,285.8082
10/02/2020 12:00,286.7283
10/02/2020 13:00,287.1373
10/02/2020 14:00,287.22952
10/02/2020 15:00,286.69568
10/02/2020 16:00,286.04608
10/02/2020 17:00,285.1017
10/02/2020 18:00,283.5753
10/02/2020 19:00,283.6299
10/02/2020 20:00,283.09607
10/02/2020 21:00,282.73184
10/02/2020 22:00,282.0652
10/02/2020 23:00,281.67325
11/02/2020 0:00,281.35376
11/02/2020 1:00,281.246
11/02/2020 2:00,281.30292
11/02/2020 3:00,281.08627
11/02/2020 4:00,281.08286
11/02/2020 5:00,281.46304
11/02/2020 6:00,281.73773
11/02/2020 7:00,282.56335
11/02/2020 8:00,283.5248
11/02/2020 9:00,283.34726
11/02/2020 10:00,283.37305
11/02/2020 11:00,283.19852
11/02/2020 12:00,283.5548
11/02/2020 13:00,283.44705
11/02/2020 14:00,283.529
11/02/2020 15:00,282.86502
11/02/2020 16:00,281.43915
11/02/2020 17:00,280.17337
11/02/2020 18:00,279.04422
11/02/2020 19:00,277.22375
11/02/2020 20:00,276.79916
11/02/2020 21:00,276.4277
11/02/2020 22:00,276.47894
11/02/2020 23:00,276.22244
12/02/2020 0:00,275.74097
12/02/2020 1:00,275.0098
12/02/2020 2:00,273.39157
12/02/2020 3:00,273.1051
12/02/2020 4:00,272.82507
12/02/2020 5:00,272.62665
12/02/2020 6:00,272.57922
12/02/2020 7:00,274.63113
12/02/2020 8:00,276.66486
12/02/2020 9:00,279.08936
12/02/2020 10:00,281.07336
12/02/2020 11:00,282.66315
12/02/2020 12:00,283.62195
12/02/2020 13:00,283.905
12/02/2020 14:00,283.88943
12/02/2020 15:00,283.2835
12/02/2020 16:00,281.69183
12/02/2020 17:00,279.16867
12/02/2020 18:00,278.41324
12/02/2020 19:00,276.23877
12/02/2020 20:00,275.45526
12/02/2020 21:00,274.91913
12/02/2020 22:00,275.16196
12/02/2020 23:00,274.86942
13/02/2020 0:00,274.1766
13/02/2020 1:00,274.7169
13/02/2020 2:00,274.03088
13/02/2020 3:00,273.65298
13/02/2020 4:00,273.6708
13/02/2020 5:00,273.25043
13/02/2020 6:00,271.99643
13/02/2020 7:00,272.57657
13/02/2020 8:00,276.7935
13/02/2020 9:00,279.8353
13/02/2020 10:00,281.86826
13/02/2020 11:00,283.2892
13/02/2020 12:00,284.14252
13/02/2020 13:00,284.5284
13/02/2020 14:00,284.48325
13/02/2020 15:00,283.75513
13/02/2020 16:00,281.83258
13/02/2020 17:00,280.39343
13/02/2020 18:00,279.44983
13/02/2020 19:00,279.4312
13/02/2020 20:00,279.03244
13/02/2020 21:00,278.72324
13/02/2020 22:00,279.10532
13/02/2020 23:00,279.5993
14/02/2020 0:00,279.2658
14/02/2020 1:00,278.40942
14/02/2020 2:00,278.0528
14/02/2020 3:00,277.8642
14/02/2020 4:00,278.00763
14/02/2020 5:00,278.35367
14/02/2020 6:00,278.70728
14/02/2020 7:00,278.7915
14/02/2020 8:00,279.6729
14/02/2020 9:00,281.2722
14/02/2020 10:00,282.27994
14/02/2020 11:00,283.3958
14/02/2020 12:00,284.3884
14/02/2020 13:00,284.78186
14/02/2020 14:00,284.37625
14/02/2020 15:00,283.7449
14/02/2020 16:00,282.541
14/02/2020 17:00,281.41977
14/02/2020 18:00,280.49893
14/02/2020 19:00,279.63498
14/02/2020 20:00,278.15863
14/02/2020 21:00,276.94638
14/02/2020 22:00,276.1568
14/02/2020 23:00,275.69202
15/02/2020 0:00,275.59564
15/02/2020 1:00,275.39493
15/02/2020 2:00,274.9984
15/02/2020 3:00,274.63342
15/02/2020 4:00,274.5196
15/02/2020 5:00,274.61862
15/02/2020 6:00,274.8512
15/02/2020 7:00,275.7736
15/02/2020 8:00,278.71298
15/02/2020 9:00,281.25284
15/02/2020 10:00,282.6419
15/02/2020 11:00,283.61285
15/02/2020 12:00,284.09927
15/02/2020 13:00,284.26508
15/02/2020 14:00,284.0325
15/02/2020 15:00,283.64587
15/02/2020 16:00,282.62787
15/02/2020 17:00,280.90378
15/02/2020 18:00,279.2237
15/02/2020 19:00,277.44342
15/02/2020 20:00,276.1659
15/02/2020 21:00,275.23444
15/02/2020 22:00,274.66074
15/02/2020 23:00,274.33444
16/02/2020 0:00,274.18417
16/02/2020 1:00,273.90228
16/02/2020 2:00,273.0144
16/02/2020 3:00,272.5295
16/02/2020 4:00,272.3531
16/02/2020 5:00,272.04233
16/02/2020 6:00,271.56918
16/02/2020 7:00,273.10547
16/02/2020 8:00,277.36755
16/02/2020 9:00,280.1969
16/02/2020 10:00,282.2272
16/02/2020 11:00,283.58365
16/02/2020 12:00,284.56216
16/02/2020 13:00,285.20224
16/02/2020 14:00,285.32632
16/02/2020 15:00,284.57773
16/02/2020 16:00,282.5273
16/02/2020 17:00,280.47617
16/02/2020 18:00,279.0533
16/02/2020 19:00,278.30966
16/02/2020 20:00,277.68018
16/02/2020 21:00,277.38614
16/02/2020 22:00,277.1027
16/02/2020 23:00,276.52255
17/02/2020 0:00,275.80698
17/02/2020 1:00,275.3957
17/02/2020 2:00,275.0709
17/02/2020 3:00,274.7939
17/02/2020 4:00,274.81857
17/02/2020 5:00,274.9567
17/02/2020 6:00,275.11224
17/02/2020 7:00,277.61227
17/02/2020 8:00,281.66678
17/02/2020 9:00,284.5982
17/02/2020 10:00,286.21606
17/02/2020 11:00,287.21054
17/02/2020 12:00,287.7937
17/02/2020 13:00,288.01794
17/02/2020 14:00,287.9011
17/02/2020 15:00,287.41846
17/02/2020 16:00,285.96225
17/02/2020 17:00,284.33148
17/02/2020 18:00,283.304
17/02/2020 19:00,283.0418
17/02/2020 20:00,282.651
17/02/2020 21:00,282.41235
17/02/2020 22:00,282.27576
17/02/2020 23:00,282.16953
18/02/2020 0:00,281.97525
18/02/2020 1:00,281.81628
18/02/2020 2:00,281.65997
18/02/2020 3:00,281.10675
18/02/2020 4:00,280.6245
18/02/2020 5:00,280.66852
18/02/2020 6:00,280.67572
18/02/2020 7:00,281.43762
18/02/2020 8:00,281.65125
18/02/2020 9:00,282.8339
18/02/2020 10:00,283.3006
18/02/2020 11:00,283.38937
18/02/2020 12:00,283.67697
18/02/2020 13:00,283.71796
18/02/2020 14:00,283.66446
18/02/2020 15:00,283.488
18/02/2020 16:00,282.55655
18/02/2020 17:00,282.59827
18/02/2020 18:00,282.3046
18/02/2020 19:00,281.63303
18/02/2020 20:00,281.01038
18/02/2020 21:00,279.79926
18/02/2020 22:00,278.45953
18/02/2020 23:00,277.8828
19/02/2020 0:00,277.14822
19/02/2020 1:00,276.90692
19/02/2020 2:00,276.6918
19/02/2020 3:00,276.12643
19/02/2020 4:00,275.69467
19/02/2020 5:00,275.24164
19/02/2020 6:00,275.0785
19/02/2020 7:00,276.45502
19/02/2020 8:00,280.18628
19/02/2020 9:00,282.18546
19/02/2020 10:00,283.1124
19/02/2020 11:00,283.65155
19/02/2020 12:00,283.96838
19/02/2020 13:00,284.09015
19/02/2020 14:00,284.02414
19/02/2020 15:00,283.3662
19/02/2020 16:00,282.10693
19/02/2020 17:00,280.69775
19/02/2020 18:00,279.94232
19/02/2020 19:00,279.28705
19/02/2020 20:00,278.34872
19/02/2020 21:00,278.74673
19/02/2020 22:00,278.62723
19/02/2020 23:00,278.22845
20/02/2020 0:00,277.69763
20/02/2020 1:00,277.35312
20/02/2020 2:00,277.0128
20/02/2020 3:00,276.5662
20/02/2020 4:00,275.9872
20/02/2020 5:00,275.36115
20/02/2020 6:00,274.76166
20/02/2020 7:00,275.13388
20/02/2020 8:00,277.74847
20/02/2020 9:00,279.402
20/02/2020 10:00,280.6484
20/02/2020 11:00,281.5761
20/02/2020 12:00,282.1149
20/02/2020 13:00,282.09174
20/02/2020 14:00,282.13385
20/02/2020 15:00,281.63303
20/02/2020 16:00,280.60022
20/02/2020 17:00,280.4052
20/02/2020 18:00,277.1452
20/02/2020 19:00,275.05307
20/02/2020 20:00,274.0897
20/02/2020 21:00,273.3802
20/02/2020 22:00,272.9757
20/02/2020 23:00,273.06186
21/02/2020 0:00,273.29974
21/02/2020 1:00,273.25534
21/02/2020 2:00,272.80383
21/02/2020 3:00,272.13605
21/02/2020 4:00,271.80557
21/02/2020 5:00,271.78964
21/02/2020 6:00,271.35974
21/02/2020 7:00,272.97116
21/02/2020 8:00,277.70258
21/02/2020 9:00,279.74615
21/02/2020 10:00,279.85922
21/02/2020 11:00,281.3731
21/02/2020 12:00,282.88586
21/02/2020 13:00,283.82913
21/02/2020 14:00,283.75095
21/02/2020 15:00,282.8741
21/02/2020 16:00,281.22134
21/02/2020 17:00,279.5382
21/02/2020 18:00,277.8642
21/02/2020 19:00,276.04184
21/02/2020 20:00,275.2754
21/02/2020 21:00,274.83603
21/02/2020 22:00,273.89468
21/02/2020 23:00,273.06033
22/02/2020 0:00,272.5367
22/02/2020 1:00,272.14743
22/02/2020 2:00,272.0905
22/02/2020 3:00,272.21686
22/02/2020 4:00,272.87518
22/02/2020 5:00,272.46198
22/02/2020 6:00,272.17438
22/02/2020 7:00,273.3005
22/02/2020 8:00,277.08145
22/02/2020 9:00,279.27792
22/02/2020 10:00,280.58658
22/02/2020 11:00,281.41333
22/02/2020 12:00,282.37518
22/02/2020 13:00,282.9299
22/02/2020 14:00,283.17953
22/02/2020 15:00,282.82364
22/02/2020 16:00,281.21716
22/02/2020 17:00,279.30487
22/02/2020 18:00,277.91696
22/02/2020 19:00,277.41763
22/02/2020 20:00,276.6789
22/02/2020 21:00,276.36737
22/02/2020 22:00,276.0479
22/02/2020 23:00,276.03424
23/02/2020 0:00,276.3029
23/02/2020 1:00,275.98682
23/02/2020 2:00,275.6032
23/02/2020 3:00,275.03067
23/02/2020 4:00,274.53476
23/02/2020 5:00,274.74155
23/02/2020 6:00,275.62524
23/02/2020 7:00,277.4738
23/02/2020 8:00,279.8869
23/02/2020 9:00,281.93237
23/02/2020 10:00,283.2046
23/02/2020 11:00,283.26187
23/02/2020 12:00,283.8534
23/02/2020 13:00,285.47507
23/02/2020 14:00,286.05557
23/02/2020 15:00,285.9228
23/02/2020 16:00,284.66348
23/02/2020 17:00,284.108
23/02/2020 18:00,284.506
23/02/2020 19:00,284.81335
23/02/2020 20:00,284.50107
23/02/2020 21:00,283.98392
23/02/2020 22:00,283.62045
23/02/2020 23:00,283.40872
24/02/2020 0:00,283.12225
24/02/2020 1:00,283.02893
24/02/2020 2:00,282.97275
24/02/2020 3:00,282.8521
24/02/2020 4:00,282.50113
24/02/2020 5:00,281.8857
24/02/2020 6:00,281.59546
24/02/2020 7:00,281.49796
24/02/2020 8:00,281.52603
24/02/2020 9:00,281.70056
24/02/2020 10:00,281.71118
24/02/2020 11:00,282.26666
24/02/2020 12:00,282.8999
24/02/2020 13:00,283.26303
24/02/2020 14:00,283.16437
24/02/2020 15:00,283.12604
24/02/2020 16:00,282.1536
24/02/2020 17:00,280.22003
24/02/2020 18:00,278.47546
24/02/2020 19:00,277.57092
24/02/2020 20:00,276.71646
24/02/2020 21:00,276.0741
24/02/2020 22:00,274.8034
24/02/2020 23:00,274.43726
25/02/2020 0:00,274.2168
25/02/2020 1:00,274.029
25/02/2020 2:00,273.87836
25/02/2020 3:00,273.6712
25/02/2020 4:00,273.44543
25/02/2020 5:00,273.48187
25/02/2020 6:00,273.80704
25/02/2020 7:00,275.96558
25/02/2020 8:00,280.95346
25/02/2020 9:00,284.5417
25/02/2020 10:00,286.73438
25/02/2020 11:00,288.08093
25/02/2020 12:00,288.79083
25/02/2020 13:00,289.04657
25/02/2020 14:00,288.88077
25/02/2020 15:00,288.30823
25/02/2020 16:00,287.1942
25/02/2020 17:00,285.90076
25/02/2020 18:00,284.6813
25/02/2020 19:00,284.2662
25/02/2020 20:00,283.81622
25/02/2020 21:00,283.62347
25/02/2020 22:00,283.54456
25/02/2020 23:00,283.40228
26/02/2020 0:00,282.8077
26/02/2020 1:00,282.50986
26/02/2020 2:00,282.29285
26/02/2020 3:00,281.9077
26/02/2020 4:00,281.5727
26/02/2020 5:00,281.1026
26/02/2020 6:00,280.8438
26/02/2020 7:00,282.6028
26/02/2020 8:00,284.18994
26/02/2020 9:00,285.17343
26/02/2020 10:00,285.12448
26/02/2020 11:00,284.22107
26/02/2020 12:00,281.58902
26/02/2020 13:00,280.5733
26/02/2020 14:00,279.42856
26/02/2020 15:00,278.8287
26/02/2020 16:00,278.56995
26/02/2020 17:00,277.82968
26/02/2020 18:00,276.69595
26/02/2020 19:00,276.10596
26/02/2020 20:00,275.83353
26/02/2020 21:00,275.4985
26/02/2020 22:00,275.3107
26/02/2020 23:00,275.0485
27/02/2020 0:00,274.97983
27/02/2020 1:00,274.7317
27/02/2020 2:00,274.3553
27/02/2020 3:00,274.27032
27/02/2020 4:00,274.18646
27/02/2020 5:00,274.26007
27/02/2020 6:00,274.18988
27/02/2020 7:00,274.8497
27/02/2020 8:00,276.4467
27/02/2020 9:00,278.5157
27/02/2020 10:00,280.0808
27/02/2020 11:00,280.78806
27/02/2020 12:00,281.47595
27/02/2020 13:00,282.03598
27/02/2020 14:00,282.20102
27/02/2020 15:00,281.87927
27/02/2020 16:00,280.8165
27/02/2020 17:00,279.16638
27/02/2020 18:00,278.41742
27/02/2020 19:00,278.63367
27/02/2020 20:00,278.79077
27/02/2020 21:00,278.9615
27/02/2020 22:00,279.3379
27/02/2020 23:00,279.94003
28/02/2020 0:00,280.11646
28/02/2020 1:00,280.0512
28/02/2020 2:00,279.11783
28/02/2020 3:00,278.8253
28/02/2020 4:00,278.88864
28/02/2020 5:00,278.58246
28/02/2020 6:00,278.30054
28/02/2020 7:00,279.12656
28/02/2020 8:00,279.64447
28/02/2020 9:00,280.57404
28/02/2020 10:00,281.34998
28/02/2020 11:00,281.87546
28/02/2020 12:00,282.3175
28/02/2020 13:00,282.51215
28/02/2020 14:00,282.44348
28/02/2020 15:00,281.39587
28/02/2020 16:00,280.71594
28/02/2020 17:00,279.6915
28/02/2020 18:00,278.8063
28/02/2020 19:00,277.6339
28/02/2020 20:00,276.67926
28/02/2020 21:00,275.22647
28/02/2020 22:00,274.73547
28/02/2020 23:00,273.6219
29/02/2020 0:00,272.7682
29/02/2020 1:00,272.01083
29/02/2020 2:00,271.7828
29/02/2020 3:00,271.2357
29/02/2020 4:00,270.82172
29/02/2020 5:00,270.9348
29/02/2020 6:00,271.4626
29/02/2020 7:00,274.27487
29/02/2020 8:00,278.37796
29/02/2020 9:00,280.28986
29/02/2020 10:00,282.124
29/02/2020 11:00,283.4975
29/02/2020 12:00,284.2173
29/02/2020 13:00,284.64108
29/02/2020 14:00,284.90366
29/02/2020 15:00,284.4711
29/02/2020 16:00,283.37115
29/02/2020 17:00,282.1976
29/02/2020 18:00,281.2054
29/02/2020 19:00,281.5006
29/02/2020 20:00,281.11206
29/02/2020 21:00,280.62604
29/02/2020 22:00,280.12482
29/02/2020 23:00,279.8968
01/03/2020 0:00,279.73895
01/03/2020 1:00,279.63004
01/03/2020 2:00,279.65887
01/03/2020 3:00,279.86984
01/03/2020 4:00,279.75525
01/03/2020 5:00,279.47714
01/03/2020 6:00,278.9156
01/03/2020 7:00,280.25647
01/03/2020 8:00,283.28882
01/03/2020 9:00,284.6483
01/03/2020 10:00,284.82016
01/03/2020 11:00,284.59366
01/03/2020 12:00,284.79095
01/03/2020 13:00,285.06186
01/03/2020 14:00,285.30243
01/03/2020 15:00,285.0448
01/03/2020 16:00,284.24307
01/03/2020 17:00,283.18372
01/03/2020 18:00,282.50342
01/03/2020 19:00,282.3304
01/03/2020 20:00,281.7347
01/03/2020 21:00,281.5116
01/03/2020 22:00,281.45544
01/03/2020 23:00,281.42358
02/03/2020 0:00,281.37616
02/03/2020 1:00,281.2904
02/03/2020 2:00,281.42093
02/03/2020 3:00,281.99576
02/03/2020 4:00,282.34824
02/03/2020 5:00,282.32242
02/03/2020 6:00,282.10883
02/03/2020 7:00,281.66754
02/03/2020 8:00,281.94604
02/03/2020 9:00,283.03043
02/03/2020 10:00,285.48947
02/03/2020 11:00,287.72958
02/03/2020 12:00,289.00256
02/03/2020 13:00,289.36414
02/03/2020 14:00,289.77582
02/03/2020 15:00,289.38046
02/03/2020 16:00,287.82065
02/03/2020 17:00,286.17395
02/03/2020 18:00,285.36615
02/03/2020 19:00,285.1981
02/03/2020 20:00,284.78223
02/03/2020 21:00,284.5489
02/03/2020 22:00,284.55002
02/03/2020 23:00,284.49576
03/03/2020 0:00,284.29013
03/03/2020 1:00,283.84808
03/03/2020 2:00,283.24747
03/03/2020 3:00,282.7971
03/03/2020 4:00,282.39377
03/03/2020 5:00,282.20328
03/03/2020 6:00,282.24426
03/03/2020 7:00,283.7058
03/03/2020 8:00,284.83118
03/03/2020 9:00,286.4847
03/03/2020 10:00,287.33347
03/03/2020 11:00,288.10068
03/03/2020 12:00,288.59543
03/03/2020 13:00,288.71762
03/03/2020 14:00,288.9995
03/03/2020 15:00,288.66296
03/03/2020 16:00,286.48053
03/03/2020 17:00,284.4271
03/03/2020 18:00,283.17422
03/03/2020 19:00,282.29285
03/03/2020 20:00,281.6019
03/03/2020 21:00,281.30066
03/03/2020 22:00,280.69092
03/03/2020 23:00,280.0975
04/03/2020 0:00,279.72604
04/03/2020 1:00,279.49496
04/03/2020 2:00,279.31625
04/03/2020 3:00,279.13376
04/03/2020 4:00,278.99298
04/03/2020 5:00,278.88828
04/03/2020 6:00,278.84576
04/03/2020 7:00,278.255
04/03/2020 8:00,278.80405
04/03/2020 9:00,279.84442
04/03/2020 10:00,281.0119
04/03/2020 11:00,282.38617
04/03/2020 12:00,283.14465
04/03/2020 13:00,283.71
04/03/2020 14:00,283.48688
04/03/2020 15:00,283.22357
04/03/2020 16:00,282.46698
04/03/2020 17:00,281.03656
04/03/2020 18:00,280.3092
04/03/2020 19:00,279.30334
04/03/2020 20:00,277.49426
04/03/2020 21:00,276.25848
04/03/2020 22:00,275.7087
04/03/2020 23:00,275.52582
05/03/2020 0:00,275.15247
05/03/2020 1:00,275.25302
05/03/2020 2:00,275.1927
05/03/2020 3:00,276.0039
05/03/2020 4:00,275.83542
05/03/2020 5:00,275.66885
05/03/2020 6:00,275.5228
05/03/2020 7:00,276.4182
05/03/2020 8:00,279.34775
05/03/2020 9:00,281.51312
05/03/2020 10:00,282.7709
05/03/2020 11:00,283.65952
05/03/2020 12:00,284.26926
05/03/2020 13:00,284.6536
05/03/2020 14:00,284.72
05/03/2020 15:00,284.35956
05/03/2020 16:00,283.05017
05/03/2020 17:00,281.20844
05/03/2020 18:00,279.98178
05/03/2020 19:00,280.03754
05/03/2020 20:00,279.4794
05/03/2020 21:00,279.43427
05/03/2020 22:00,279.28476
05/03/2020 23:00,279.0317
06/03/2020 0:00,278.93115
06/03/2020 1:00,278.69513
06/03/2020 2:00,278.47357
06/03/2020 3:00,278.34454
06/03/2020 4:00,278.33887
06/03/2020 5:00,278.211
06/03/2020 6:00,278.07022
06/03/2020 7:00,278.06683
06/03/2020 8:00,278.87537
06/03/2020 9:00,280.848
06/03/2020 10:00,283.2122
06/03/2020 11:00,285.27548
06/03/2020 12:00,286.77194
06/03/2020 13:00,286.9381
06/03/2020 14:00,287.2743
06/03/2020 15:00,285.97476
06/03/2020 16:00,284.71317
06/03/2020 17:00,283.44818
06/03/2020 18:00,282.23895
06/03/2020 19:00,281.0468
06/03/2020 20:00,279.77536
06/03/2020 21:00,279.0628
06/03/2020 22:00,278.66556
06/03/2020 23:00,279.0063
07/03/2020 0:00,279.20282
07/03/2020 1:00,279.36026
07/03/2020 2:00,279.10947
07/03/2020 3:00,278.99792
07/03/2020 4:00,278.9596
07/03/2020 5:00,278.96832
07/03/2020 6:00,279.16678
07/03/2020 7:00,279.78296
07/03/2020 8:00,281.10526
07/03/2020 9:00,282.42828
07/03/2020 10:00,283.26227
07/03/2020 11:00,284.36752
07/03/2020 12:00,285.06757
07/03/2020 13:00,284.8251
07/03/2020 14:00,284.43088
07/03/2020 15:00,284.0268
07/03/2020 16:00,283.38177
07/03/2020 17:00,281.86295
07/03/2020 18:00,281.03503
07/03/2020 19:00,278.56918
07/03/2020 20:00,277.82513
07/03/2020 21:00,277.36945
07/03/2020 22:00,277.11865
07/03/2020 23:00,277.03137
08/03/2020 0:00,276.95282
08/03/2020 1:00,276.78284
08/03/2020 2:00,276.4611
08/03/2020 3:00,276.0517
08/03/2020 4:00,275.65332
08/03/2020 5:00,275.2424
08/03/2020 6:00,275.25946
08/03/2020 7:00,277.31177
08/03/2020 8:00,278.93
08/03/2020 9:00,280.38928
08/03/2020 10:00,281.77493
08/03/2020 11:00,282.5277
08/03/2020 12:00,282.34216
08/03/2020 13:00,282.58878
08/03/2020 14:00,282.40326
08/03/2020 15:00,282.2511
08/03/2020 16:00,281.67474
08/03/2020 17:00,280.81348
08/03/2020 18:00,279.71313
08/03/2020 19:00,279.26276
08/03/2020 20:00,280.16504
08/03/2020 21:00,279.79776
08/03/2020 22:00,279.21155
08/03/2020 23:00,277.75418
09/03/2020 0:00,277.61493
09/03/2020 1:00,277.15317
09/03/2020 2:00,276.4262
09/03/2020 3:00,275.9633
09/03/2020 4:00,275.8764
09/03/2020 5:00,275.7049
09/03/2020 6:00,275.6275
09/03/2020 7:00,275.7379
09/03/2020 8:00,279.83606
09/03/2020 9:00,281.59357
09/03/2020 10:00,282.61572
09/03/2020 11:00,283.2323
09/03/2020 12:00,283.50433
09/03/2020 13:00,284.1129
09/03/2020 14:00,283.9251
09/03/2020 15:00,283.60715
09/03/2020 16:00,282.57172
09/03/2020 17:00,280.79144
09/03/2020 18:00,279.3083
09/03/2020 19:00,277.99207
09/03/2020 20:00,276.99835
09/03/2020 21:00,276.64853
09/03/2020 22:00,277.16757
09/03/2020 23:00,277.26434
10/03/2020 0:00,276.8724
10/03/2020 1:00,276.42203
10/03/2020 2:00,275.22495
10/03/2020 3:00,274.25818
10/03/2020 4:00,274.37616
10/03/2020 5:00,275.0318
10/03/2020 6:00,275.64194
10/03/2020 7:00,278.15295
10/03/2020 8:00,280.87418
10/03/2020 9:00,282.5072
10/03/2020 10:00,284.19983
10/03/2020 11:00,285.36615
10/03/2020 12:00,285.88672
10/03/2020 13:00,286.00055
10/03/2020 14:00,286.23657
10/03/2020 15:00,286.05292
10/03/2020 16:00,285.20035
10/03/2020 17:00,283.26038
10/03/2020 18:00,280.7721
10/03/2020 19:00,279.82925
10/03/2020 20:00,279.1383
10/03/2020 21:00,278.75015
10/03/2020 22:00,278.2721
10/03/2020 23:00,277.73178
11/03/2020 0:00,277.47986
11/03/2020 1:00,277.65933
11/03/2020 2:00,278.30585
11/03/2020 3:00,279.1846
11/03/2020 4:00,279.8854
11/03/2020 5:00,280.25153
11/03/2020 6:00,280.71252
11/03/2020 7:00,281.4027
11/03/2020 8:00,282.24084
11/03/2020 9:00,283.8496
11/03/2020 10:00,285.63367
11/03/2020 11:00,287.8017
11/03/2020 12:00,289.86612
11/03/2020 13:00,291.0947
11/03/2020 14:00,291.40695
11/03/2020 15:00,291.29504
11/03/2020 16:00,289.84335
11/03/2020 17:00,287.94092
11/03/2020 18:00,286.54617
11/03/2020 19:00,287.50763
11/03/2020 20:00,287.31528
11/03/2020 21:00,286.1125
11/03/2020 22:00,282.8316
11/03/2020 23:00,281.3416
12/03/2020 0:00,280.3976
12/03/2020 1:00,279.7636
12/03/2020 2:00,279.17245
12/03/2020 3:00,278.4891
12/03/2020 4:00,277.99472
12/03/2020 5:00,277.61948
12/03/2020 6:00,278.0873
12/03/2020 7:00,282.26892
12/03/2020 8:00,286.34583
12/03/2020 9:00,288.77112
12/03/2020 10:00,290.47208
12/03/2020 11:00,291.64487
12/03/2020 12:00,292.3946
12/03/2020 13:00,292.8078
12/03/2020 14:00,292.93262
12/03/2020 15:00,292.5517
12/03/2020 16:00,291.1869
12/03/2020 17:00,288.94943
12/03/2020 18:00,287.4769
12/03/2020 19:00,287.132
12/03/2020 20:00,286.15536
12/03/2020 21:00,285.25006
12/03/2020 22:00,284.4586
12/03/2020 23:00,283.81052
13/03/2020 0:00,283.3078
13/03/2020 1:00,282.93976
13/03/2020 2:00,282.4856
13/03/2020 3:00,282.14374
13/03/2020 4:00,281.72675
13/03/2020 5:00,281.364
13/03/2020 6:00,281.58975
13/03/2020 7:00,283.77942
13/03/2020 8:00,285.36996
13/03/2020 9:00,286.51013
13/03/2020 10:00,286.72412
13/03/2020 11:00,286.5086
13/03/2020 12:00,285.75696
13/03/2020 13:00,284.68738
13/03/2020 14:00,284.07422
13/03/2020 15:00,283.51077
13/03/2020 16:00,283.1765
13/03/2020 17:00,282.74625
13/03/2020 18:00,282.2435
13/03/2020 19:00,280.82977
13/03/2020 20:00,280.61768
13/03/2020 21:00,280.29025
13/03/2020 22:00,280.03336
13/03/2020 23:00,279.54922
14/03/2020 0:00,279.1091
14/03/2020 1:00,278.9854
14/03/2020 2:00,278.79303
14/03/2020 3:00,278.9581
14/03/2020 4:00,278.78925
14/03/2020 5:00,278.50543
14/03/2020 6:00,278.54526
14/03/2020 7:00,278.80594
14/03/2020 8:00,280.483
14/03/2020 9:00,282.33875
14/03/2020 10:00,284.02945
14/03/2020 11:00,284.88922
14/03/2020 12:00,285.42004
14/03/2020 13:00,285.642
14/03/2020 14:00,285.48038
14/03/2020 15:00,284.80765
14/03/2020 16:00,284.0541
14/03/2020 17:00,282.88055
14/03/2020 18:00,282.18658
14/03/2020 19:00,281.5537
14/03/2020 20:00,280.9994
14/03/2020 21:00,280.60895
14/03/2020 22:00,280.14984
14/03/2020 23:00,279.56213
15/03/2020 0:00,278.87802
15/03/2020 1:00,278.19885
15/03/2020 2:00,277.59747
15/03/2020 3:00,277.21576
15/03/2020 4:00,276.65955
15/03/2020 5:00,276.02893
15/03/2020 6:00,275.72842
15/03/2020 7:00,276.37155
15/03/2020 8:00,277.5599
15/03/2020 9:00,278.90533
15/03/2020 10:00,280.1749
15/03/2020 11:00,281.17886
15/03/2020 12:00,281.84283
15/03/2020 13:00,282.08
15/03/2020 14:00,281.9908
15/03/2020 15:00,281.56207
15/03/2020 16:00,280.80777
15/03/2020 17:00,279.40164
15/03/2020 18:00,278.0285
15/03/2020 19:00,276.77716
15/03/2020 20:00,275.26135
15/03/2020 21:00,274.19214
15/03/2020 22:00,273.50577
15/03/2020 23:00,273.04742
16/03/2020 0:00,272.75565
16/03/2020 1:00,272.56177
16/03/2020 2:00,272.5682
16/03/2020 3:00,272.8213
16/03/2020 4:00,273.24854
16/03/2020 5:00,273.47314
16/03/2020 6:00,274.0931
16/03/2020 7:00,275.99442
16/03/2020 8:00,277.95413
16/03/2020 9:00,279.87894
16/03/2020 10:00,281.6922
16/03/2020 11:00,283.27972
16/03/2020 12:00,284.4658
16/03/2020 13:00,285.23904
16/03/2020 14:00,285.53577
16/03/2020 15:00,285.36542
16/03/2020 16:00,284.3937
16/03/2020 17:00,282.6146
16/03/2020 18:00,280.63437
16/03/2020 19:00,279.07608
16/03/2020 20:00,277.8384
16/03/2020 21:00,277.1801
16/03/2020 22:00,276.2323
16/03/2020 23:00,275.07013
17/03/2020 0:00,274.53665
17/03/2020 1:00,274.26917
17/03/2020 2:00,274.0032
17/03/2020 3:00,273.83853
17/03/2020 4:00,273.5585
17/03/2020 5:00,273.13016
17/03/2020 6:00,274.1098
17/03/2020 7:00,279.09924
17/03/2020 8:00,281.94528
17/03/2020 9:00,284.0025
17/03/2020 10:00,285.68793
17/03/2020 11:00,287.03107
17/03/2020 12:00,288.00772
17/03/2020 13:00,288.60947
17/03/2020 14:00,288.8307
17/03/2020 15:00,288.5704
17/03/2020 16:00,287.7
17/03/2020 17:00,285.68942
17/03/2020 18:00,285.6033
17/03/2020 19:00,284.21954
17/03/2020 20:00,284.1524
17/03/2020 21:00,282.2845
17/03/2020 22:00,281.29724
17/03/2020 23:00,280.7577
18/03/2020 0:00,280.39194
18/03/2020 1:00,279.7048
18/03/2020 2:00,279.1941
18/03/2020 3:00,279.28894
18/03/2020 4:00,279.43085
18/03/2020 5:00,279.4354
18/03/2020 6:00,279.7359
18/03/2020 7:00,282.82516
18/03/2020 8:00,285.65985
18/03/2020 9:00,287.47653
18/03/2020 10:00,288.751
18/03/2020 11:00,289.6491
18/03/2020 12:00,290.17422
18/03/2020 13:00,290.3996
18/03/2020 14:00,289.96744
18/03/2020 15:00,289.64682
18/03/2020 16:00,288.66183
18/03/2020 17:00,286.91043
18/03/2020 18:00,285.47354
18/03/2020 19:00,284.4085
18/03/2020 20:00,282.6491
18/03/2020 21:00,281.22665
18/03/2020 22:00,280.35284
18/03/2020 23:00,279.5109
19/03/2020 0:00,278.7695
19/03/2020 1:00,278.35785
19/03/2020 2:00,278.19052
19/03/2020 3:00,278.19128
19/03/2020 4:00,278.26562
19/03/2020 5:00,278.0983
19/03/2020 6:00,278.67163
19/03/2020 7:00,282.42603
19/03/2020 8:00,287.06485
19/03/2020 9:00,289.07843
19/03/2020 10:00,290.11957
19/03/2020 11:00,290.82266
19/03/2020 12:00,291.2882
19/03/2020 13:00,291.473
19/03/2020 14:00,291.41226
19/03/2020 15:00,291.03552
19/03/2020 16:00,289.86877
19/03/2020 17:00,287.6867
19/03/2020 18:00,285.653
19/03/2020 19:00,284.4658
19/03/2020 20:00,282.64685
19/03/2020 21:00,281.17734
19/03/2020 22:00,280.162
19/03/2020 23:00,279.5257
20/03/2020 0:00,278.8727
20/03/2020 1:00,278.35745
20/03/2020 2:00,277.9602
20/03/2020 3:00,277.71396
20/03/2020 4:00,277.43393
20/03/2020 5:00,277.27078
20/03/2020 6:00,278.4652
20/03/2020 7:00,282.90787
20/03/2020 8:00,287.6188
20/03/2020 9:00,289.824
20/03/2020 10:00,291.2438
20/03/2020 11:00,292.08536
20/03/2020 12:00,292.63858
20/03/2020 13:00,292.88898
20/03/2020 14:00,292.91632
20/03/2020 15:00,292.58734
20/03/2020 16:00,291.2586
20/03/2020 17:00,288.6971
20/03/2020 18:00,285.71713
20/03/2020 19:00,283.97784
20/03/2020 20:00,282.6996
20/03/2020 21:00,281.6854
20/03/2020 22:00,280.7778
20/03/2020 23:00,280.02844
21/03/2020 0:00,279.40048
21/03/2020 1:00,278.98578
21/03/2020 2:00,278.78088
21/03/2020 3:00,278.6185
21/03/2020 4:00,278.3768
21/03/2020 5:00,278.12222
21/03/2020 6:00,279.3265
21/03/2020 7:00,284.47528
21/03/2020 8:00,287.24924
21/03/2020 9:00,289.00333
21/03/2020 10:00,290.01334
21/03/2020 11:00,290.50623
21/03/2020 12:00,290.4049
21/03/2020 13:00,288.7119
21/03/2020 14:00,287.40366
21/03/2020 15:00,285.7376
21/03/2020 16:00,284.17514
21/03/2020 17:00,282.34027
21/03/2020 18:00,281.34427
21/03/2020 19:00,281.69373
21/03/2020 20:00,281.12875
21/03/2020 21:00,280.32895
21/03/2020 22:00,279.57047
21/03/2020 23:00,279.11783
22/03/2020 0:00,278.83856
22/03/2020 1:00,278.7111
22/03/2020 2:00,278.56046
22/03/2020 3:00,278.40073
22/03/2020 4:00,278.14423
22/03/2020 5:00,277.76556
22/03/2020 6:00,277.43964
22/03/2020 7:00,277.1228
22/03/2020 8:00,278.02737
22/03/2020 9:00,278.99072
22/03/2020 10:00,279.80914
22/03/2020 11:00,279.9036
22/03/2020 12:00,279.79282
22/03/2020 13:00,279.76398
22/03/2020 14:00,279.43198
22/03/2020 15:00,279.1459
22/03/2020 16:00,278.8655
22/03/2020 17:00,278.30814
22/03/2020 18:00,277.63882
22/03/2020 19:00,276.54608
22/03/2020 20:00,275.89273
22/03/2020 21:00,275.21356
22/03/2020 22:00,274.7829
22/03/2020 23:00,274.42776
23/03/2020 0:00,274.12766
23/03/2020 1:00,273.7979
23/03/2020 2:00,273.37714
23/03/2020 3:00,273.0482
23/03/2020 4:00,272.4931
23/03/2020 5:00,271.98694
23/03/2020 6:00,272.30643
23/03/2020 7:00,272.99203
23/03/2020 8:00,274.13522
23/03/2020 9:00,275.15094
23/03/2020 10:00,276.16174
23/03/2020 11:00,276.9164
23/03/2020 12:00,277.29166
23/03/2020 13:00,277.23663
23/03/2020 14:00,276.90125
23/03/2020 15:00,275.9576
23/03/2020 16:00,275.38922
23/03/2020 17:00,274.35492
23/03/2020 18:00,273.70837
23/03/2020 19:00,273.20108
23/03/2020 20:00,273.1176
23/03/2020 21:00,273.15784
23/03/2020 22:00,273.08612
23/03/2020 23:00,273.0421
24/03/2020 0:00,272.9875
24/03/2020 1:00,272.86417
24/03/2020 2:00,272.68243
24/03/2020 3:00,272.73022
24/03/2020 4:00,272.7143
24/03/2020 5:00,272.65436
24/03/2020 6:00,272.7067
24/03/2020 7:00,272.63348
24/03/2020 8:00,272.84824
24/03/2020 9:00,273.1028
24/03/2020 10:00,273.4151
24/03/2020 11:00,273.98233
24/03/2020 12:00,274.15952
24/03/2020 13:00,274.46268
24/03/2020 14:00,274.888
24/03/2020 15:00,274.78482
24/03/2020 16:00,274.6027
24/03/2020 17:00,274.28018
24/03/2020 18:00,273.97855
24/03/2020 19:00,273.36615
24/03/2020 20:00,273.27356
24/03/2020 21:00,273.23257
24/03/2020 22:00,273.22577
24/03/2020 23:00,273.19427
25/03/2020 0:00,273.0975
25/03/2020 1:00,272.92374
25/03/2020 2:00,272.59286
25/03/2020 3:00,272.39102
25/03/2020 4:00,272.2404
25/03/2020 5:00,271.92737
25/03/2020 6:00,272.3952
25/03/2020 7:00,273.05084
25/03/2020 8:00,273.6325
25/03/2020 9:00,274.02255
25/03/2020 10:00,274.80264
25/03/2020 11:00,275.17258
25/03/2020 12:00,275.45563
25/03/2020 13:00,275.22076
25/03/2020 14:00,275.00903
25/03/2020 15:00,274.87473
25/03/2020 16:00,274.51807
25/03/2020 17:00,274.18192
25/03/2020 18:00,273.95767
25/03/2020 19:00,273.66513
25/03/2020 20:00,273.51184
25/03/2020 21:00,273.54144
25/03/2020 22:00,273.59836
25/03/2020 23:00,273.5714
26/03/2020 0:00,273.50085
26/03/2020 1:00,273.38245
26/03/2020 2:00,273.14685
26/03/2020 3:00,273.332
26/03/2020 4:00,273.32593
26/03/2020 5:00,273.81424
26/03/2020 6:00,274.66415
26/03/2020 7:00,275.4078
26/03/2020 8:00,276.0058
26/03/2020 9:00,276.6808
26/03/2020 10:00,277.48364
26/03/2020 11:00,278.1264
26/03/2020 12:00,279.11023
26/03/2020 13:00,279.55377
26/03/2020 14:00,279.65585
26/03/2020 15:00,279.40088
26/03/2020 16:00,279.07153
26/03/2020 17:00,278.62192
26/03/2020 18:00,278.5058
26/03/2020 19:00,277.7667
26/03/2020 20:00,277.60583
26/03/2020 21:00,277.56976
26/03/2020 22:00,277.47113
26/03/2020 23:00,277.25598
27/03/2020 0:00,277.204
27/03/2020 1:00,277.68134
27/03/2020 2:00,277.50793
27/03/2020 3:00,277.10156
27/03/2020 4:00,277.12927
27/03/2020 5:00,276.84506
27/03/2020 6:00,277.64566
27/03/2020 7:00,280.0531
27/03/2020 8:00,281.7977
27/03/2020 9:00,283.14957
27/03/2020 10:00,284.61414
27/03/2020 11:00,285.86664
27/03/2020 12:00,286.8349
27/03/2020 13:00,287.41696
27/03/2020 14:00,287.37482
27/03/2020 15:00,287.1335
27/03/2020 16:00,286.36026
27/03/2020 17:00,284.85773
27/03/2020 18:00,283.47928
27/03/2020 19:00,281.6827
27/03/2020 20:00,279.8167
27/03/2020 21:00,279.0188
27/03/2020 22:00,278.93988
27/03/2020 23:00,278.59384
28/03/2020 0:00,278.43372
28/03/2020 1:00,278.77292
28/03/2020 2:00,278.54944
28/03/2020 3:00,277.87634
28/03/2020 4:00,277.5231
28/03/2020 5:00,277.70712
28/03/2020 6:00,278.27853
28/03/2020 7:00,281.28204
28/03/2020 8:00,284.5561
28/03/2020 9:00,286.9863
28/03/2020 10:00,288.37576
28/03/2020 11:00,289.18658
28/03/2020 12:00,289.65668
28/03/2020 13:00,289.60507
28/03/2020 14:00,289.3968
28/03/2020 15:00,289.1046
28/03/2020 16:00,288.2995
28/03/2020 17:00,287.2849
28/03/2020 18:00,285.8981
28/03/2020 19:00,284.75037
28/03/2020 20:00,282.16043
28/03/2020 21:00,280.30844
28/03/2020 22:00,279.10074
28/03/2020 23:00,278.36884
29/03/2020 0:00,277.7921
29/03/2020 1:00,277.40244
29/03/2020 2:00,277.07236
29/03/2020 3:00,276.64893
29/03/2020 4:00,276.3025
29/03/2020 5:00,276.33057
29/03/2020 6:00,278.11957
29/03/2020 7:00,283.0202
29/03/2020 8:00,285.14874
29/03/2020 9:00,286.78937
29/03/2020 10:00,288.14963
29/03/2020 11:00,289.1805
29/03/2020 12:00,289.66846
29/03/2020 13:00,289.53262
29/03/2020 14:00,289.256
29/03/2020 15:00,288.65274
29/03/2020 16:00,287.73413
29/03/2020 17:00,285.8226
29/03/2020 18:00,284.16833
29/03/2020 19:00,283.67395
29/03/2020 20:00,282.62823
29/03/2020 21:00,281.66983
29/03/2020 22:00,280.97208
29/03/2020 23:00,280.4166
30/03/2020 0:00,279.948
30/03/2020 1:00,279.57312
30/03/2020 2:00,279.0427
30/03/2020 3:00,278.40753
30/03/2020 4:00,278.0748
30/03/2020 5:00,277.73407
30/03/2020 6:00,277.34555
30/03/2020 7:00,277.06287
30/03/2020 8:00,276.93005
30/03/2020 9:00,277.62177
30/03/2020 10:00,278.63898
30/03/2020 11:00,279.94763
30/03/2020 12:00,279.96774
30/03/2020 13:00,279.91956
30/03/2020 14:00,280.22574
30/03/2020 15:00,280.01517
30/03/2020 16:00,279.55075
30/03/2020 17:00,279.04193
30/03/2020 18:00,278.46976
30/03/2020 19:00,277.77505
30/03/2020 20:00,277.52158
30/03/2020 21:00,277.3277
30/03/2020 22:00,276.9919
30/03/2020 23:00,276.62918
31/03/2020 0:00,276.31427
31/03/2020 1:00,276.0077
31/03/2020 2:00,275.61575
31/03/2020 3:00,275.41275
31/03/2020 4:00,275.30804
31/03/2020 5:00,275.24808
31/03/2020 6:00,275.58313
31/03/2020 7:00,275.4059
31/03/2020 8:00,276.55215
31/03/2020 9:00,278.0748
31/03/2020 10:00,278.96643
31/03/2020 11:00,279.5697
31/03/2020 12:00,280.1267
31/03/2020 13:00,280.3388
31/03/2020 14:00,280.49133
31/03/2020 15:00,280.3483
31/03/2020 16:00,279.85617
31/03/2020 17:00,278.80783
31/03/2020 18:00,277.48138
31/03/2020 19:00,276.36624
31/03/2020 20:00,274.84174
31/03/2020 21:00,273.6249
31/03/2020 22:00,272.7587
31/03/2020 23:00,272.07382
01/04/2020 0:00,271.51398
01/04/2020 1:00,271.0089
01/04/2020 2:00,270.55142
01/04/2020 3:00,270.20062
01/04/2020 4:00,269.9386
01/04/2020 5:00,269.88525
01/04/2020 6:00,272.78717
01/04/2020 7:00,275.65262
01/04/2020 8:00,277.43402
01/04/2020 9:00,279.06854
01/04/2020 10:00,280.141
01/04/2020 11:00,280.59058
01/04/2020 12:00,281.0951
01/04/2020 13:00,281.1907
01/04/2020 14:00,281.36557
01/04/2020 15:00,281.32013
01/04/2020 16:00,280.36816
01/04/2020 17:00,278.675
01/04/2020 18:00,277.06
01/04/2020 19:00,275.91147
01/04/2020 20:00,274.35934
01/04/2020 21:00,274.49936
01/04/2020 22:00,274.83905
01/04/2020 23:00,274.2162
02/04/2020 0:00,273.615
02/04/2020 1:00,272.53833
02/04/2020 2:00,271.37292
02/04/2020 3:00,270.73105
02/04/2020 4:00,270.5884
02/04/2020 5:00,270.88266
02/04/2020 6:00,273.40155
02/04/2020 7:00,277.1572
02/04/2020 8:00,278.91113
02/04/2020 9:00,279.98724
02/04/2020 10:00,280.95404
02/04/2020 11:00,281.8685
02/04/2020 12:00,282.58224
02/04/2020 13:00,282.79672
02/04/2020 14:00,282.72433
02/04/2020 15:00,282.41687
02/04/2020 16:00,281.39938
02/04/2020 17:00,279.93497
02/04/2020 18:00,278.36804
02/04/2020 19:00,278.77536
02/04/2020 20:00,277.7996
02/04/2020 21:00,276.8962
02/04/2020 22:00,275.96747
02/04/2020 23:00,275.64944
03/04/2020 0:00,276.50052
03/04/2020 1:00,276.30453
03/04/2020 2:00,276.11118
03/04/2020 3:00,275.89774
03/04/2020 4:00,275.70227
03/04/2020 5:00,275.59238
03/04/2020 6:00,276.16348
03/04/2020 7:00,279.44363
03/04/2020 8:00,282.07718
03/04/2020 9:00,283.71964
03/04/2020 10:00,284.88928
03/04/2020 11:00,285.8022
03/04/2020 12:00,286.43878
03/04/2020 13:00,286.77475
03/04/2020 14:00,286.8186
03/04/2020 15:00,286.5703
03/04/2020 16:00,285.82965
03/04/2020 17:00,284.03452
03/04/2020 18:00,281.91287
03/04/2020 19:00,283.36832
03/04/2020 20:00,282.46918
03/04/2020 21:00,281.17062
03/04/2020 22:00,279.07755
03/04/2020 23:00,275.95322
04/04/2020 0:00,274.7994
04/04/2020 1:00,274.39633
04/04/2020 2:00,273.99377
04/04/2020 3:00,273.66147
04/04/2020 4:00,273.38464
04/04/2020 5:00,273.32602
04/04/2020 6:00,276.27917
04/04/2020 7:00,281.4575
04/04/2020 8:00,283.3488
04/04/2020 9:00,284.84225
04/04/2020 10:00,286.03516
04/04/2020 11:00,287.02676
04/04/2020 12:00,287.73627
04/04/2020 13:00,288.17368
04/04/2020 14:00,287.74734
04/04/2020 15:00,287.51068
04/04/2020 16:00,286.75998
04/04/2020 17:00,285.14392
04/04/2020 18:00,283.5194
04/04/2020 19:00,282.77188
04/04/2020 20:00,281.59116
04/04/2020 21:00,280.46906
04/04/2020 22:00,279.39505
04/04/2020 23:00,278.42984
05/04/2020 0:00,277.62262
05/04/2020 1:00,276.87244
05/04/2020 2:00,276.183
05/04/2020 3:00,275.58078
05/04/2020 4:00,275.0377
05/04/2020 5:00,274.88184
05/04/2020 6:00,277.6237
05/04/2020 7:00,281.77448
05/04/2020 8:00,283.46765
05/04/2020 9:00,285.29977
05/04/2020 10:00,287.01724
05/04/2020 11:00,288.4463
05/04/2020 12:00,289.37448
05/04/2020 13:00,289.87848
05/04/2020 14:00,289.82935
05/04/2020 15:00,289.5911
05/04/2020 16:00,288.7886
05/04/2020 17:00,287.01407
05/04/2020 18:00,285.21948
05/04/2020 19:00,284.3758
05/04/2020 20:00,283.26425
05/04/2020 21:00,282.33447
05/04/2020 22:00,281.4015
05/04/2020 23:00,280.24875
06/04/2020 0:00,279.03687
06/04/2020 1:00,278.0405
06/04/2020 2:00,277.27182
06/04/2020 3:00,276.6553
06/04/2020 4:00,276.33676
06/04/2020 5:00,276.67645
06/04/2020 6:00,280.11298
06/04/2020 7:00,283.66364
06/04/2020 8:00,285.36423
06/04/2020 9:00,286.64005
06/04/2020 10:00,287.66968
06/04/2020 11:00,288.44363
06/04/2020 12:00,288.98935
06/04/2020 13:00,289.2699
06/04/2020 14:00,289.18958
06/04/2020 15:00,288.7733
06/04/2020 16:00,287.83557
06/04/2020 17:00,286.1931
06/04/2020 18:00,284.70862
06/04/2020 19:00,284.2437
06/04/2020 20:00,283.4576
06/04/2020 21:00,282.64667
06/04/2020 22:00,281.7671
06/04/2020 23:00,280.79343
07/04/2020 0:00,279.81396
07/04/2020 1:00,278.8868
07/04/2020 2:00,278.16675
07/04/2020 3:00,277.6448
07/04/2020 4:00,277.28714
07/04/2020 5:00,277.2697
07/04/2020 6:00,279.0469
07/04/2020 7:00,281.95093
07/04/2020 8:00,283.79465
07/04/2020 9:00,285.61304
07/04/2020 10:00,287.31732
07/04/2020 11:00,288.70938
07/04/2020 12:00,289.69254
07/04/2020 13:00,290.12943
07/04/2020 14:00,290.0951
07/04/2020 15:00,289.69885
07/04/2020 16:00,288.60477
07/04/2020 17:00,286.5196
07/04/2020 18:00,284.4508
07/04/2020 19:00,283.7603
07/04/2020 20:00,282.19342
07/04/2020 21:00,280.76807
07/04/2020 22:00,279.46954
07/04/2020 23:00,278.29196
08/04/2020 0:00,277.24594
08/04/2020 1:00,276.55548
08/04/2020 2:00,276.07736
08/04/2020 3:00,275.73767
08/04/2020 4:00,275.4001
08/04/2020 5:00,275.70334
08/04/2020 6:00,279.0173
08/04/2020 7:00,283.93835
08/04/2020 8:00,286.45355
08/04/2020 9:00,288.32953
08/04/2020 10:00,289.56995
08/04/2020 11:00,290.27576
08/04/2020 12:00,290.72058
08/04/2020 13:00,290.9467
08/04/2020 14:00,290.9287
08/04/2020 15:00,290.60965
08/04/2020 16:00,289.75644
08/04/2020 17:00,287.76953
08/04/2020 18:00,285.99554
08/04/2020 19:00,284.52316
08/04/2020 20:00,283.75293
08/04/2020 21:00,282.5928
08/04/2020 22:00,281.49924
08/04/2020 23:00,281.23508
09/04/2020 0:00,281.38934
09/04/2020 1:00,282.0217
09/04/2020 2:00,281.36664
09/04/2020 3:00,280.84784
09/04/2020 4:00,280.47488
09/04/2020 5:00,280.27252
09/04/2020 6:00,281.1701
09/04/2020 7:00,285.463
09/04/2020 8:00,288.6671
09/04/2020 9:00,290.5996
09/04/2020 10:00,291.89655
09/04/2020 11:00,292.7038
09/04/2020 12:00,293.26166
09/04/2020 13:00,293.54114
09/04/2020 14:00,293.58762
09/04/2020 15:00,293.33035
09/04/2020 16:00,292.6626
09/04/2020 17:00,291.52148
09/04/2020 18:00,290.07025
09/04/2020 19:00,289.53827
09/04/2020 20:00,288.29095
09/04/2020 21:00,286.16248
09/04/2020 22:00,283.42062
09/04/2020 23:00,282.57062
10/04/2020 0:00,281.90866
10/04/2020 1:00,281.0449
10/04/2020 2:00,280.72687
10/04/2020 3:00,280.08447
10/04/2020 4:00,279.38763
10/04/2020 5:00,278.9016
10/04/2020 6:00,281.69998
10/04/2020 7:00,286.5571
10/04/2020 8:00,288.81186
10/04/2020 9:00,291.0851
10/04/2020 10:00,292.84695
10/04/2020 11:00,293.8692
10/04/2020 12:00,294.35522
10/04/2020 13:00,294.4662
10/04/2020 14:00,294.2966
10/04/2020 15:00,293.81427
10/04/2020 16:00,292.9135
10/04/2020 17:00,291.186
10/04/2020 18:00,288.8182
10/04/2020 19:00,286.93536
10/04/2020 20:00,285.12543
10/04/2020 21:00,284.34937
10/04/2020 22:00,284.0086
10/04/2020 23:00,284.0155
11/04/2020 0:00,284.89246
11/04/2020 1:00,285.43924
11/04/2020 2:00,284.8507
11/04/2020 3:00,284.1201
11/04/2020 4:00,283.54056
11/04/2020 5:00,283.31128
11/04/2020 6:00,283.9489
11/04/2020 7:00,286.52646
11/04/2020 8:00,289.38135
11/04/2020 9:00,290.8706
11/04/2020 10:00,291.86697
11/04/2020 11:00,292.4962
11/04/2020 12:00,292.876
11/04/2020 13:00,293.20724
11/04/2020 14:00,293.28702
11/04/2020 15:00,293.05933
11/04/2020 16:00,292.31128
11/04/2020 17:00,290.7375
11/04/2020 18:00,288.75745
11/04/2020 19:00,287.42404
11/04/2020 20:00,285.8867
11/04/2020 21:00,284.55225
11/04/2020 22:00,283.39157
11/04/2020 23:00,282.43115
12/04/2020 0:00,281.76392
12/04/2020 1:00,281.67252
12/04/2020 2:00,280.94348
12/04/2020 3:00,280.29208
12/04/2020 4:00,279.71573
12/04/2020 5:00,279.9302
12/04/2020 6:00,284.02817
12/04/2020 7:00,287.57248
12/04/2020 8:00,290.39197
12/04/2020 9:00,292.3657
12/04/2020 10:00,293.6188
12/04/2020 11:00,294.47357
12/04/2020 12:00,295.13605
12/04/2020 13:00,295.5344
12/04/2020 14:00,295.67807
12/04/2020 15:00,295.4583
12/04/2020 16:00,294.48254
12/04/2020 17:00,292.409
12/04/2020 18:00,290.50397
12/04/2020 19:00,289.46747
12/04/2020 20:00,288.24976
12/04/2020 21:00,286.87778
12/04/2020 22:00,285.41336
12/04/2020 23:00,284.1375
13/04/2020 0:00,283.2933
13/04/2020 1:00,282.7962
13/04/2020 2:00,282.70532
13/04/2020 3:00,282.6113
13/04/2020 4:00,282.6097
13/04/2020 5:00,283.32077
13/04/2020 6:00,286.3125
13/04/2020 7:00,288.9154
13/04/2020 8:00,291.57852
13/04/2020 9:00,293.13223
13/04/2020 10:00,294.31137
13/04/2020 11:00,294.9575
13/04/2020 12:00,295.33575
13/04/2020 13:00,295.42767
13/04/2020 14:00,295.37485
13/04/2020 15:00,295.04202
13/04/2020 16:00,294.01077
13/04/2020 17:00,292.3102
13/04/2020 18:00,290.9467
13/04/2020 19:00,290.0676
13/04/2020 20:00,289.34753
13/04/2020 21:00,288.6021
13/04/2020 22:00,288.1668
13/04/2020 23:00,287.7278
14/04/2020 0:00,287.05475
14/04/2020 1:00,286.13025
14/04/2020 2:00,285.47516
14/04/2020 3:00,284.33142
14/04/2020 4:00,283.01068
14/04/2020 5:00,281.0655
14/04/2020 6:00,279.21014
14/04/2020 7:00,277.39914
14/04/2020 8:00,277.35532
14/04/2020 9:00,277.7737
14/04/2020 10:00,279.26877
14/04/2020 11:00,280.4416
14/04/2020 12:00,281.58957
14/04/2020 13:00,282.42374
14/04/2020 14:00,283.3287
14/04/2020 15:00,283.58017
14/04/2020 16:00,283.38577
14/04/2020 17:00,282.81732
14/04/2020 18:00,281.98578
14/04/2020 19:00,280.12143
14/04/2020 20:00,278.66705
14/04/2020 21:00,277.0769
14/04/2020 22:00,276.03616
14/04/2020 23:00,275.3177
15/04/2020 0:00,274.98538
15/04/2020 1:00,274.6774
15/04/2020 2:00,274.24734
15/04/2020 3:00,274.1269
15/04/2020 4:00,273.94464
15/04/2020 5:00,274.78833
15/04/2020 6:00,277.8107
15/04/2020 7:00,279.2376
15/04/2020 8:00,281.21976
15/04/2020 9:00,282.4639
15/04/2020 10:00,283.35986
15/04/2020 11:00,284.2157
15/04/2020 12:00,285.00815
15/04/2020 13:00,285.56128
15/04/2020 14:00,285.81854
15/04/2020 15:00,285.85236
15/04/2020 16:00,285.58136
15/04/2020 17:00,284.65207
15/04/2020 18:00,282.60178
15/04/2020 19:00,281.1104
15/04/2020 20:00,280.24454
15/04/2020 21:00,279.05695
15/04/2020 22:00,278.11658
15/04/2020 23:00,277.51483
16/04/2020 0:00,277.05682
16/04/2020 1:00,276.3304
16/04/2020 2:00,275.91516
16/04/2020 3:00,275.67004
16/04/2020 4:00,275.6743
16/04/2020 5:00,276.29343
16/04/2020 6:00,280.10507
16/04/2020 7:00,284.1391
16/04/2020 8:00,286.135
16/04/2020 9:00,287.7204
16/04/2020 10:00,289.09976
16/04/2020 11:00,290.35605
16/04/2020 12:00,291.37885
16/04/2020 13:00,292.1269
16/04/2020 14:00,292.51096
16/04/2020 15:00,292.48456
16/04/2020 16:00,291.76978
16/04/2020 17:00,290.20178
16/04/2020 18:00,287.99194
16/04/2020 19:00,286.17038
16/04/2020 20:00,284.74347
16/04/2020 21:00,284.16342
16/04/2020 22:00,284.3235
16/04/2020 23:00,284.18033
17/04/2020 0:00,284.04083
17/04/2020 1:00,284.0213
17/04/2020 2:00,283.71436
17/04/2020 3:00,283.30386
17/04/2020 4:00,282.74335
17/04/2020 5:00,282.67416
17/04/2020 6:00,284.32983
17/04/2020 7:00,286.77423
17/04/2020 8:00,288.83932
17/04/2020 9:00,290.86798
17/04/2020 10:00,292.72122
17/04/2020 11:00,294.24536
17/04/2020 12:00,295.3669
17/04/2020 13:00,296.01514
17/04/2020 14:00,296.27664
17/04/2020 15:00,296.11127
17/04/2020 16:00,295.25543
17/04/2020 17:00,293.50308
17/04/2020 18:00,291.41476
17/04/2020 19:00,289.7015
17/04/2020 20:00,287.8493
17/04/2020 21:00,286.24963
17/04/2020 22:00,285.02505
17/04/2020 23:00,284.10107
18/04/2020 0:00,283.42856
18/04/2020 1:00,282.8062
18/04/2020 2:00,282.22668
18/04/2020 3:00,281.69153
18/04/2020 4:00,281.27365
18/04/2020 5:00,281.91025
18/04/2020 6:00,285.94586
18/04/2020 7:00,289.50128
18/04/2020 8:00,291.5648
18/04/2020 9:00,293.29758
18/04/2020 10:00,294.5993
18/04/2020 11:00,295.5946
18/04/2020 12:00,296.17786
18/04/2020 13:00,296.29987
18/04/2020 14:00,296.3802
18/04/2020 15:00,296.1715
18/04/2020 16:00,295.2935
18/04/2020 17:00,294.5972
18/04/2020 18:00,293.68906
18/04/2020 19:00,292.21564
18/04/2020 20:00,291.19077
18/04/2020 21:00,290.1421
18/04/2020 22:00,289.05753
18/04/2020 23:00,288.15573
19/04/2020 0:00,287.1023
19/04/2020 1:00,286.33365
19/04/2020 2:00,285.78528
19/04/2020 3:00,284.94107
19/04/2020 4:00,283.3229
19/04/2020 5:00,283.22992
19/04/2020 6:00,286.18307
19/04/2020 7:00,289.7464
19/04/2020 8:00,291.90765
19/04/2020 9:00,293.809
19/04/2020 10:00,295.1841
19/04/2020 11:00,296.18787
19/04/2020 12:00,296.72726
19/04/2020 13:00,297.08017
19/04/2020 14:00,297.16153
19/04/2020 15:00,297.0712
19/04/2020 16:00,294.4424
19/04/2020 17:00,292.82425
19/04/2020 18:00,291.09778
19/04/2020 19:00,289.47803
19/04/2020 20:00,288.24817
19/04/2020 21:00,286.97815
19/04/2020 22:00,285.80112
19/04/2020 23:00,285.06097
20/04/2020 0:00,284.61353
20/04/2020 1:00,284.20724
20/04/2020 2:00,283.9167
20/04/2020 3:00,283.44916
20/04/2020 4:00,283.52417
20/04/2020 5:00,283.43173
20/04/2020 6:00,283.43066
20/04/2020 7:00,282.8897
20/04/2020 8:00,283.56168
20/04/2020 9:00,285.65372
20/04/2020 10:00,287.60153
20/04/2020 11:00,288.9471
20/04/2020 12:00,289.7448
20/04/2020 13:00,290.1067
20/04/2020 14:00,290.23297
20/04/2020 15:00,289.9667
20/04/2020 16:00,289.42203
20/04/2020 17:00,288.34326
20/04/2020 18:00,287.06848
20/04/2020 19:00,285.82858
20/04/2020 20:00,284.87238
20/04/2020 21:00,284.28174
20/04/2020 22:00,283.74658
20/04/2020 23:00,283.045
21/04/2020 0:00,282.4322
21/04/2020 1:00,281.95197
21/04/2020 2:00,281.5267
21/04/2020 3:00,281.13577
21/04/2020 4:00,280.71103
21/04/2020 5:00,280.7744
21/04/2020 6:00,281.9842
21/04/2020 7:00,283.33823
21/04/2020 8:00,285.16135
21/04/2020 9:00,286.95227
21/04/2020 10:00,288.3158
21/04/2020 11:00,289.41623
21/04/2020 12:00,290.45114
21/04/2020 13:00,290.6276
21/04/2020 14:00,290.79877
21/04/2020 15:00,290.65982
21/04/2020 16:00,290.34497
21/04/2020 17:00,289.2176
21/04/2020 18:00,288.04846
21/04/2020 19:00,286.667
21/04/2020 20:00,285.50632
21/04/2020 21:00,284.23578
21/04/2020 22:00,283.2183
21/04/2020 23:00,282.15167
22/04/2020 0:00,280.97623
22/04/2020 1:00,279.97247
22/04/2020 2:00,279.34592
22/04/2020 3:00,278.937
22/04/2020 4:00,278.68924
22/04/2020 5:00,279.60056
22/04/2020 6:00,282.4866
22/04/2020 7:00,284.47192
22/04/2020 8:00,286.15506
22/04/2020 9:00,287.62585
22/04/2020 10:00,288.79602
22/04/2020 11:00,289.68195
22/04/2020 12:00,290.31696
22/04/2020 13:00,290.738
22/04/2020 14:00,290.88382
22/04/2020 15:00,290.73062
22/04/2020 16:00,290.3048
22/04/2020 17:00,289.04114
22/04/2020 18:00,287.31415
22/04/2020 19:00,285.78897
22/04/2020 20:00,284.49728
22/04/2020 21:00,283.57013
22/04/2020 22:00,282.78616
22/04/2020 23:00,282.03122
23/04/2020 0:00,281.28104
23/04/2020 1:00,280.37448
23/04/2020 2:00,279.6291
23/04/2020 3:00,279.03845
23/04/2020 4:00,278.6158
23/04/2020 5:00,279.76062
23/04/2020 6:00,283.77036
23/04/2020 7:00,285.83652
23/04/2020 8:00,288.0976
23/04/2020 9:00,289.86792
23/04/2020 10:00,291.02435
23/04/2020 11:00,291.4116
23/04/2020 12:00,291.71167
23/04/2020 13:00,291.48395
23/04/2020 14:00,291.40048
23/04/2020 15:00,291.3408
23/04/2020 16:00,290.89334
23/04/2020 17:00,289.54672
23/04/2020 18:00,287.68765
23/04/2020 19:00,285.94427
23/04/2020 20:00,284.05988
23/04/2020 21:00,283.21777
23/04/2020 22:00,282.91718
23/04/2020 23:00,283.28064
24/04/2020 0:00,284.716
24/04/2020 1:00,284.27225
24/04/2020 2:00,283.73285
24/04/2020 3:00,282.88495
24/04/2020 4:00,282.82208
24/04/2020 5:00,282.6097
24/04/2020 6:00,284.49252
24/04/2020 7:00,287.11868
24/04/2020 8:00,289.4062
24/04/2020 9:00,291.14902
24/04/2020 10:00,292.40054
24/04/2020 11:00,293.0942
24/04/2020 12:00,293.60718
24/04/2020 13:00,293.9236
24/04/2020 14:00,294.00763
24/04/2020 15:00,293.8259
24/04/2020 16:00,293.25375
24/04/2020 17:00,291.62238
24/04/2020 18:00,289.18484
24/04/2020 19:00,287.26712
24/04/2020 20:00,286.04254
24/04/2020 21:00,285.06784
24/04/2020 22:00,284.4043
24/04/2020 23:00,284.0567
25/04/2020 0:00,284.01654
25/04/2020 1:00,284.0192
25/04/2020 2:00,284.044
25/04/2020 3:00,284.05142
25/04/2020 4:00,284.04242
25/04/2020 5:00,284.76724
25/04/2020 6:00,286.92215
25/04/2020 7:00,288.91013
25/04/2020 8:00,290.9076
25/04/2020 9:00,292.38998
25/04/2020 10:00,294.32617
25/04/2020 11:00,295.5402
25/04/2020 12:00,296.3696
25/04/2020 13:00,296.21378
25/04/2020 14:00,296.54605
25/04/2020 15:00,296.16992
25/04/2020 16:00,294.3864
25/04/2020 17:00,292.9843
25/04/2020 18:00,291.4343
25/04/2020 19:00,289.46167
25/04/2020 20:00,288.26825
25/04/2020 21:00,286.83447
25/04/2020 22:00,285.64896
25/04/2020 23:00,284.49783
26/04/2020 0:00,283.86755
26/04/2020 1:00,283.27377
26/04/2020 2:00,282.2441
26/04/2020 3:00,281.81885
26/04/2020 4:00,281.6403
26/04/2020 5:00,282.31967
26/04/2020 6:00,284.54324
26/04/2020 7:00,284.7556
26/04/2020 8:00,286.20367
26/04/2020 9:00,287.44992
26/04/2020 10:00,288.6724
26/04/2020 11:00,289.8378
26/04/2020 12:00,290.719
26/04/2020 13:00,291.38623
26/04/2020 14:00,291.75922
26/04/2020 15:00,291.63928
26/04/2020 16:00,291.38464
26/04/2020 17:00,290.71054
26/04/2020 18:00,289.10294
26/04/2020 19:00,286.53915
26/04/2020 20:00,284.9474
26/04/2020 21:00,283.69904
26/04/2020 22:00,282.92932
26/04/2020 23:00,282.47974
27/04/2020 0:00,281.74542
27/04/2020 1:00,280.8568
27/04/2020 2:00,280.42468
27/04/2020 3:00,280.28363
27/04/2020 4:00,280.07336
27/04/2020 5:00,281.4168
27/04/2020 6:00,285.85553
27/04/2020 7:00,287.71777
27/04/2020 8:00,289.64285
27/04/2020 9:00,291.2737
27/04/2020 10:00,292.30756
27/04/2020 11:00,293.5501
27/04/2020 12:00,294.4947
27/04/2020 13:00,294.81116
27/04/2020 14:00,295.30563
27/04/2020 15:00,295.15244
27/04/2020 16:00,294.81485
27/04/2020 17:00,293.61298
27/04/2020 18:00,291.08298
27/04/2020 19:00,290.24246
27/04/2020 20:00,288.85464
27/04/2020 21:00,287.4177
27/04/2020 22:00,286.219
27/04/2020 23:00,285.5412
28/04/2020 0:00,284.6933
28/04/2020 1:00,283.99435
28/04/2020 2:00,283.55746
28/04/2020 3:00,283.33505
28/04/2020 4:00,283.2146
28/04/2020 5:00,284.6917
28/04/2020 6:00,288.80234
28/04/2020 7:00,290.74857
28/04/2020 8:00,292.71753
28/04/2020 9:00,294.2929
28/04/2020 10:00,295.54126
28/04/2020 11:00,296.31784
28/04/2020 12:00,296.5207
28/04/2020 13:00,296.90424
28/04/2020 14:00,296.86145
28/04/2020 15:00,296.5714
28/04/2020 16:00,295.70398
28/04/2020 17:00,294.2052
28/04/2020 18:00,292.5522
28/04/2020 19:00,291.72433
28/04/2020 20:00,290.88065
28/04/2020 21:00,289.91177
28/04/2020 22:00,288.84778
28/04/2020 23:00,287.9259
29/04/2020 0:00,287.2333
29/04/2020 1:00,286.8392
29/04/2020 2:00,286.67334
29/04/2020 3:00,286.45355
29/04/2020 4:00,286.32254
29/04/2020 5:00,287.34744
29/04/2020 6:00,288.8816
29/04/2020 7:00,288.23285
29/04/2020 8:00,289.37976
29/04/2020 9:00,290.51083
29/04/2020 10:00,291.7502
29/04/2020 11:00,292.52893
29/04/2020 12:00,293.03186
29/04/2020 13:00,293.55698
29/04/2020 14:00,293.48724
29/04/2020 15:00,292.64462
29/04/2020 16:00,290.6218
29/04/2020 17:00,289.44897
29/04/2020 18:00,288.5456
29/04/2020 19:00,287.37384
29/04/2020 20:00,286.85083
29/04/2020 21:00,286.08905
29/04/2020 22:00,286.05258
29/04/2020 23:00,286.00293
30/04/2020 0:00,285.90573
30/04/2020 1:00,285.76572
30/04/2020 2:00,285.50897
30/04/2020 3:00,285.22052
30/04/2020 4:00,284.98438
30/04/2020 5:00,285.491
30/04/2020 6:00,286.16617
30/04/2020 7:00,287.47104
30/04/2020 8:00,288.32
30/04/2020 9:00,289.00732
30/04/2020 10:00,290.36768
30/04/2020 11:00,291.85535
30/04/2020 12:00,292.88184
30/04/2020 13:00,293.35306
30/04/2020 14:00,293.4735
30/04/2020 15:00,293.22098
30/04/2020 16:00,292.91034
30/04/2020 17:00,292.21564
30/04/2020 18:00,290.58798
30/04/2020 19:00,288.4653
30/04/2020 20:00,287.28458
30/04/2020 21:00,286.59937
30/04/2020 22:00,286.48315
30/04/2020 23:00,286.84134
01/05/2020 0:00,287.1023
01/05/2020 1:00,287.31625
01/05/2020 2:00,287.40186
01/05/2020 3:00,287.24493
01/05/2020 4:00,287.2814
01/05/2020 5:00,287.48163
01/05/2020 6:00,287.7146
01/05/2020 7:00,287.1879
01/05/2020 8:00,287.52176
01/05/2020 9:00,287.46524
01/05/2020 10:00,287.65067
01/05/2020 11:00,287.2856
01/05/2020 12:00,288.6259
01/05/2020 13:00,290.0074
01/05/2020 14:00,290.76233
01/05/2020 15:00,290.65137
01/05/2020 16:00,290.60434
01/05/2020 17:00,290.12466
01/05/2020 18:00,288.8055
01/05/2020 19:00,286.94858
01/05/2020 20:00,286.00504
01/05/2020 21:00,285.31772
01/05/2020 22:00,284.91675
01/05/2020 23:00,284.74557
02/05/2020 0:00,285.0351
02/05/2020 1:00,284.80475
02/05/2020 2:00,284.84122
02/05/2020 3:00,285.01978
02/05/2020 4:00,285.05835
02/05/2020 5:00,285.37848
02/05/2020 6:00,285.8793
02/05/2020 7:00,286.6649
02/05/2020 8:00,287.2624
02/05/2020 9:00,288.44788
02/05/2020 10:00,290.1495
02/05/2020 11:00,291.2626
02/05/2020 12:00,292.054
02/05/2020 13:00,292.51837
02/05/2020 14:00,292.80365
02/05/2020 15:00,292.58017
02/05/2020 16:00,292.19504
02/05/2020 17:00,290.71848
02/05/2020 18:00,289.09924
02/05/2020 19:00,288.47217
02/05/2020 20:00,287.06427
02/05/2020 21:00,286.59567
02/05/2020 22:00,287.09753
02/05/2020 23:00,286.20474
03/05/2020 0:00,283.97427
03/05/2020 1:00,284.06992
03/05/2020 2:00,284.3721
03/05/2020 3:00,283.6436
03/05/2020 4:00,282.65778
03/05/2020 5:00,282.12155
03/05/2020 6:00,282.10623
03/05/2020 7:00,283.52417
03/05/2020 8:00,285.62204
03/05/2020 9:00,287.34586
03/05/2020 10:00,288.0136
03/05/2020 11:00,288.44522
03/05/2020 12:00,288.74002
03/05/2020 13:00,289.5187
03/05/2020 14:00,289.79395
03/05/2020 15:00,289.73215
03/05/2020 16:00,289.2139
03/05/2020 17:00,288.32
03/05/2020 18:00,287.17944
03/05/2020 19:00,285.5095
03/05/2020 20:00,284.62198
03/05/2020 21:00,283.75662
03/05/2020 22:00,282.6525
03/05/2020 23:00,281.50027
04/05/2020 0:00,280.60907
04/05/2020 1:00,279.9883
04/05/2020 2:00,279.5604
04/05/2020 3:00,279.2244
04/05/2020 4:00,278.993
04/05/2020 5:00,280.6492
04/05/2020 6:00,284.63834
04/05/2020 7:00,286.1614
04/05/2020 8:00,287.71353
04/05/2020 9:00,288.9545
04/05/2020 10:00,290.12994
04/05/2020 11:00,290.68677
04/05/2020 12:00,290.738
04/05/2020 13:00,290.84314
04/05/2020 14:00,291.09885
04/05/2020 15:00,290.89966
04/05/2020 16:00,290.90866
04/05/2020 17:00,289.85312
04/05/2020 18:00,288.13196
04/05/2020 19:00,286.60675
04/05/2020 20:00,285.07895
04/05/2020 21:00,283.79254
04/05/2020 22:00,282.8786
04/05/2020 23:00,282.2156
05/05/2020 0:00,281.81464
05/05/2020 1:00,281.2784
05/05/2020 2:00,280.78497
05/05/2020 3:00,280.27466
05/05/2020 4:00,280.20862
05/05/2020 5:00,282.2605
05/05/2020 6:00,286.2903
05/05/2020 7:00,287.7315
05/05/2020 8:00,289.8996
05/05/2020 9:00,291.30222
05/05/2020 10:00,292.12054
05/05/2020 11:00,292.76297
05/05/2020 12:00,293.5649
05/05/2020 13:00,293.80212
05/05/2020 14:00,293.11374
05/05/2020 15:00,291.66885
05/05/2020 16:00,289.21283
05/05/2020 17:00,287.4177
05/05/2020 18:00,286.30988
05/05/2020 19:00,285.49313
05/05/2020 20:00,284.68854
05/05/2020 21:00,284.38742
05/05/2020 22:00,284.3943
05/05/2020 23:00,283.86545
06/05/2020 0:00,283.30652
06/05/2020 1:00,282.93195
06/05/2020 2:00,282.4095
06/05/2020 3:00,281.87906
06/05/2020 4:00,281.64767
06/05/2020 5:00,281.85056
06/05/2020 6:00,282.55054
06/05/2020 7:00,282.57114
06/05/2020 8:00,283.6869
06/05/2020 9:00,284.99918
06/05/2020 10:00,286.45724
06/05/2020 11:00,287.4235
06/05/2020 12:00,287.78223
06/05/2020 13:00,288.17844
06/05/2020 14:00,288.6703
06/05/2020 15:00,288.83087
06/05/2020 16:00,288.53662
06/05/2020 17:00,287.58832
06/05/2020 18:00,286.29614
06/05/2020 19:00,284.91675
06/05/2020 20:00,283.3472
06/05/2020 21:00,282.09146
06/05/2020 22:00,281.45114
06/05/2020 23:00,280.972
07/05/2020 0:00,280.59216
07/05/2020 1:00,280.28152
07/05/2020 2:00,280.04324
07/05/2020 3:00,279.82083
07/05/2020 4:00,279.7495
07/05/2020 5:00,281.41946
07/05/2020 6:00,284.7699
07/05/2020 7:00,286.3796
07/05/2020 8:00,287.93332
07/05/2020 9:00,289.02634
07/05/2020 10:00,289.91916
07/05/2020 11:00,290.78397
07/05/2020 12:00,291.57324
07/05/2020 13:00,292.11685
07/05/2020 14:00,292.4798
07/05/2020 15:00,292.55692
07/05/2020 16:00,292.2706
07/05/2020 17:00,291.13687
07/05/2020 18:00,289.28046
07/05/2020 19:00,288.096
07/05/2020 20:00,286.72827
07/05/2020 21:00,285.0372
07/05/2020 22:00,284.30765
07/05/2020 23:00,283.99805
08/05/2020 0:00,284.28967
08/05/2020 1:00,285.09003
08/05/2020 2:00,284.77887
08/05/2020 3:00,284.14124
08/05/2020 4:00,283.54953
08/05/2020 5:00,283.50885
08/05/2020 6:00,286.76947
08/05/2020 7:00,288.86996
08/05/2020 8:00,290.73273
08/05/2020 9:00,292.29858
08/05/2020 10:00,293.6579
08/05/2020 11:00,294.73877
08/05/2020 12:00,295.6131
08/05/2020 13:00,296.28613
08/05/2020 14:00,296.70984
08/05/2020 15:00,296.82025
08/05/2020 16:00,296.517
08/05/2020 17:00,295.13605
08/05/2020 18:00,292.93307
08/05/2020 19:00,290.99634
08/05/2020 20:00,289.50604
08/05/2020 21:00,288.17633
08/05/2020 22:00,286.74783
08/05/2020 23:00,285.5243
09/05/2020 0:00,284.63254
09/05/2020 1:00,283.90085
09/05/2020 2:00,283.30862
09/05/2020 3:00,283.00012
09/05/2020 4:00,282.79248
09/05/2020 5:00,284.6204
09/05/2020 6:00,289.37238
09/05/2020 7:00,291.79355
09/05/2020 8:00,293.68695
09/05/2020 9:00,295.2063
09/05/2020 10:00,296.3004
09/05/2020 11:00,297.14883
09/05/2020 12:00,297.6349
09/05/2020 13:00,297.7289
09/05/2020 14:00,297.66922
09/05/2020 15:00,297.57043
09/05/2020 16:00,296.99405
09/05/2020 17:00,295.65854
09/05/2020 18:00,293.94318
09/05/2020 19:00,292.1834
09/05/2020 20:00,290.79083
09/05/2020 21:00,290.2916
09/05/2020 22:00,289.74112
09/05/2020 23:00,288.82718
10/05/2020 0:00,287.94388
10/05/2020 1:00,287.11975
10/05/2020 2:00,286.25967
10/05/2020 3:00,285.34045
10/05/2020 4:00,284.78732
10/05/2020 5:00,286.3627
10/05/2020 6:00,289.83517
10/05/2020 7:00,291.5442
10/05/2020 8:00,293.417
10/05/2020 9:00,294.63522
10/05/2020 10:00,296.48373
10/05/2020 11:00,297.56726
10/05/2020 12:00,297.8013
10/05/2020 13:00,297.805
10/05/2020 14:00,297.4732
10/05/2020 15:00,297.04477
10/05/2020 16:00,296.65646
10/05/2020 17:00,295.4409
10/05/2020 18:00,293.87872
10/05/2020 19:00,291.4322
10/05/2020 20:00,289.97623
10/05/2020 21:00,288.90588
10/05/2020 22:00,287.91006
10/05/2020 23:00,287.05316
11/05/2020 0:00,286.45514
11/05/2020 1:00,285.87823
11/05/2020 2:00,285.4519
11/05/2020 3:00,284.9009
11/05/2020 4:00,284.44498
11/05/2020 5:00,286.26602
11/05/2020 6:00,290.65033
11/05/2020 7:00,291.69318
11/05/2020 8:00,293.40747
11/05/2020 9:00,294.72238
11/05/2020 10:00,294.88458
11/05/2020 11:00,294.01132
11/05/2020 12:00,295.11807
11/05/2020 13:00,295.92953
11/05/2020 14:00,296.1155
11/05/2020 15:00,296.23755
11/05/2020 16:00,296.21695
11/05/2020 17:00,295.23694
11/05/2020 18:00,294.10114
11/05/2020 19:00,292.72122
11/05/2020 20:00,291.85535
11/05/2020 21:00,291.0904
11/05/2020 22:00,290.59116
11/05/2020 23:00,290.24246
12/05/2020 0:00,290.0227
12/05/2020 1:00,289.4997
12/05/2020 2:00,289.1225
12/05/2020 3:00,288.73895
12/05/2020 4:00,286.19788
12/05/2020 5:00,282.1823
12/05/2020 6:00,280.72687
12/05/2020 7:00,280.9313
12/05/2020 8:00,281.14844
12/05/2020 9:00,281.5246
12/05/2020 10:00,281.5288
12/05/2020 11:00,281.53778
12/05/2020 12:00,282.1707
12/05/2020 13:00,282.47604
12/05/2020 14:00,283.00644
12/05/2020 15:00,283.3995
12/05/2020 16:00,283.4571
12/05/2020 17:00,283.47345
12/05/2020 18:00,283.05136
12/05/2020 19:00,282.51566
12/05/2020 20:00,282.186
12/05/2020 21:00,281.52512
12/05/2020 22:00,280.5916
12/05/2020 23:00,280.0797
13/05/2020 0:00,279.60425
13/05/2020 1:00,280.41147
13/05/2020 2:00,281.06287
13/05/2020 3:00,281.495
13/05/2020 4:00,281.61545
13/05/2020 5:00,282.13846
13/05/2020 6:00,283.8903
13/05/2020 7:00,284.772
13/05/2020 8:00,287.53128
13/05/2020 9:00,290.04382
13/05/2020 10:00,292.44598
13/05/2020 11:00,294.2649
13/05/2020 12:00,295.3664
13/05/2020 13:00,294.8064
13/05/2020 14:00,295.12497
13/05/2020 15:00,295.2338
13/05/2020 16:00,295.35794
13/05/2020 17:00,294.4276
13/05/2020 18:00,292.92197
13/05/2020 19:00,290.30374
13/05/2020 20:00,288.98038
13/05/2020 21:00,287.63165
13/05/2020 22:00,286.4805
13/05/2020 23:00,285.4852
14/05/2020 0:00,285.239
14/05/2020 1:00,285.34204
14/05/2020 2:00,285.5861
14/05/2020 3:00,285.86557
14/05/2020 4:00,286.2491
14/05/2020 5:00,288.2809
14/05/2020 6:00,291.63348
14/05/2020 7:00,292.31073
14/05/2020 8:00,291.47867
14/05/2020 9:00,291.83316
14/05/2020 10:00,292.71436
14/05/2020 11:00,293.85495
14/05/2020 12:00,294.13123
14/05/2020 13:00,293.78943
14/05/2020 14:00,293.90036
14/05/2020 15:00,293.75034
14/05/2020 16:00,293.24002
14/05/2020 17:00,292.45178
14/05/2020 18:00,291.15112
14/05/2020 19:00,290.26202
14/05/2020 20:00,289.48703
14/05/2020 21:00,288.50333
14/05/2020 22:00,287.7785
14/05/2020 23:00,287.34268
15/05/2020 0:00,286.83817
15/05/2020 1:00,286.39175
15/05/2020 2:00,286.00186
15/05/2020 3:00,285.58716
15/05/2020 4:00,285.31244
15/05/2020 5:00,285.6553
15/05/2020 6:00,286.60095
15/05/2020 7:00,287.5466
15/05/2020 8:00,288.67188
15/05/2020 9:00,290.01004
15/05/2020 10:00,291.23566
15/05/2020 11:00,293.31555
15/05/2020 12:00,294.9184
15/05/2020 13:00,295.2195
15/05/2020 14:00,295.11545
15/05/2020 15:00,294.98972
15/05/2020 16:00,293.8095
15/05/2020 17:00,290.9393
15/05/2020 18:00,288.15256
15/05/2020 19:00,285.6326
15/05/2020 20:00,284.29654
15/05/2020 21:00,283.6103
15/05/2020 22:00,283.42273
15/05/2020 23:00,283.53104
16/05/2020 0:00,283.7038
16/05/2020 1:00,283.8908
16/05/2020 2:00,283.9711
16/05/2020 3:00,284.0192
16/05/2020 4:00,283.87973
16/05/2020 5:00,283.98697
16/05/2020 6:00,284.7588
16/05/2020 7:00,285.48044
16/05/2020 8:00,286.8186
16/05/2020 9:00,288.19534
16/05/2020 10:00,289.2382
16/05/2020 11:00,290.19333
16/05/2020 12:00,290.87695
16/05/2020 13:00,291.3054
16/05/2020 14:00,291.47656
16/05/2020 15:00,291.45068
16/05/2020 16:00,291.17862
16/05/2020 17:00,290.75916
16/05/2020 18:00,289.80664
16/05/2020 19:00,287.9217
16/05/2020 20:00,287.05475
16/05/2020 21:00,286.67596
16/05/2020 22:00,286.08905
16/05/2020 23:00,285.71182
17/05/2020 0:00,285.41495
17/05/2020 1:00,285.34415
17/05/2020 2:00,284.97012
17/05/2020 3:00,284.66528
17/05/2020 4:00,284.7477
17/05/2020 5:00,285.34204
17/05/2020 6:00,286.34155
17/05/2020 7:00,287.84296
17/05/2020 8:00,288.41565
17/05/2020 9:00,289.60007
17/05/2020 10:00,290.8627
17/05/2020 11:00,292.28223
17/05/2020 12:00,292.8908
17/05/2020 13:00,293.59872
17/05/2020 14:00,293.7123
17/05/2020 15:00,293.32928
17/05/2020 16:00,293.16815
17/05/2020 17:00,292.35458
17/05/2020 18:00,291.17966
17/05/2020 19:00,289.5615
17/05/2020 20:00,288.74054
17/05/2020 21:00,288.13617
17/05/2020 22:00,287.76532
17/05/2020 23:00,286.74252
18/05/2020 0:00,285.95697
18/05/2020 1:00,285.1809
18/05/2020 2:00,284.42703
18/05/2020 3:00,284.08786
18/05/2020 4:00,283.9241
18/05/2020 5:00,286.62103
18/05/2020 6:00,288.8758
18/05/2020 7:00,290.6968
18/05/2020 8:00,292.11896
18/05/2020 9:00,293.41382
18/05/2020 10:00,294.59824
18/05/2020 11:00,295.09747
18/05/2020 12:00,296.10968
18/05/2020 13:00,296.79065
18/05/2020 14:00,297.05902
18/05/2020 15:00,296.965
18/05/2020 16:00,296.54553
18/05/2020 17:00,295.4319
18/05/2020 18:00,293.75772
18/05/2020 19:00,292.41165
18/05/2020 20:00,290.4189
18/05/2020 21:00,289.4585
18/05/2020 22:00,288.95184
18/05/2020 23:00,288.3385
19/05/2020 0:00,287.937
19/05/2020 1:00,287.4927
19/05/2020 2:00,287.02252
19/05/2020 3:00,286.57666
19/05/2020 4:00,286.58932
19/05/2020 5:00,288.1182
19/05/2020 6:00,290.047
19/05/2020 7:00,291.5706
19/05/2020 8:00,292.91617
19/05/2020 9:00,294.02982
19/05/2020 10:00,294.76202
19/05/2020 11:00,294.85184
19/05/2020 12:00,295.14557
19/05/2020 13:00,294.9226
19/05/2020 14:00,294.67328
19/05/2020 15:00,294.248
19/05/2020 16:00,293.6637
19/05/2020 17:00,292.7767
19/05/2020 18:00,292.11264
19/05/2020 19:00,291.15958
19/05/2020 20:00,290.42316
19/05/2020 21:00,289.9424
19/05/2020 22:00,289.63547
19/05/2020 23:00,289.37817
20/05/2020 0:00,289.1389
20/05/2020 1:00,288.8985
20/05/2020 2:00,288.68823
20/05/2020 3:00,288.35013
20/05/2020 4:00,287.9856
20/05/2020 5:00,288.19058
20/05/2020 6:00,288.66553
20/05/2020 7:00,288.2186
20/05/2020 8:00,288.5028
20/05/2020 9:00,289.16
20/05/2020 10:00,289.53772
20/05/2020 11:00,289.73953
20/05/2020 12:00,289.14575
20/05/2020 13:00,288.9693
20/05/2020 14:00,289.20966
20/05/2020 15:00,289.30475
20/05/2020 16:00,289.46378
20/05/2020 17:00,289.6249
20/05/2020 18:00,289.1917
20/05/2020 19:00,288.17685
20/05/2020 20:00,287.7146
20/05/2020 21:00,287.6834
20/05/2020 22:00,287.40503
20/05/2020 23:00,286.99136
21/05/2020 0:00,286.33945
21/05/2020 1:00,285.67856
21/05/2020 2:00,285.18567
21/05/2020 3:00,285.0203
21/05/2020 4:00,284.9939
21/05/2020 5:00,285.8307
21/05/2020 6:00,287.134
21/05/2020 7:00,288.24976
21/05/2020 8:00,289.44687
21/05/2020 9:00,290.67938
21/05/2020 10:00,290.91183
21/05/2020 11:00,291.5669
21/05/2020 12:00,292.0656
21/05/2020 13:00,292.27692
21/05/2020 14:00,292.17496
21/05/2020 15:00,292.1396
21/05/2020 16:00,292.02124
21/05/2020 17:00,291.31543
21/05/2020 18:00,289.8996
21/05/2020 19:00,288.24658
21/05/2020 20:00,286.8561
21/05/2020 21:00,285.44293
21/05/2020 22:00,284.39957
21/05/2020 23:00,283.26532
22/05/2020 0:00,282.3292
22/05/2020 1:00,281.94247
22/05/2020 2:00,281.50345
22/05/2020 3:00,280.89594
22/05/2020 4:00,280.9461
22/05/2020 5:00,282.95944
22/05/2020 6:00,286.06528
22/05/2020 7:00,287.28827
22/05/2020 8:00,288.77963
22/05/2020 9:00,290.13205
22/05/2020 10:00,291.25363
22/05/2020 11:00,292.10892
22/05/2020 12:00,292.69217
22/05/2020 13:00,293.17557
22/05/2020 14:00,293.49835
22/05/2020 15:00,293.65417
22/05/2020 16:00,293.4883
22/05/2020 17:00,292.79147
22/05/2020 18:00,291.28375
22/05/2020 19:00,289.62384
22/05/2020 20:00,287.9761
22/05/2020 21:00,287.0537
22/05/2020 22:00,286.68918
22/05/2020 23:00,286.0975
23/05/2020 0:00,285.5243
23/05/2020 1:00,285.58875
23/05/2020 2:00,285.6194
23/05/2020 3:00,286.1989
23/05/2020 4:00,286.58194
23/05/2020 5:00,287.4948
23/05/2020 6:00,289.13254
23/05/2020 7:00,289.43524
23/05/2020 8:00,290.07184
23/05/2020 9:00,290.5906
23/05/2020 10:00,291.19656
23/05/2020 11:00,292.21722
23/05/2020 12:00,293.305
23/05/2020 13:00,294.0874
23/05/2020 14:00,294.30292
23/05/2020 15:00,294.20413
23/05/2020 16:00,294.04248
23/05/2020 17:00,293.56122
23/05/2020 18:00,292.25632
23/05/2020 19:00,291.14163
23/05/2020 20:00,290.16006
23/05/2020 21:00,289.76648
23/05/2020 22:00,289.47803
23/05/2020 23:00,290.15796
24/05/2020 0:00,289.97568
24/05/2020 1:00,288.17316
24/05/2020 2:00,286.41922
24/05/2020 3:00,285.80377
24/05/2020 4:00,285.4625
24/05/2020 5:00,285.4609
24/05/2020 6:00,285.82858
24/05/2020 7:00,287.1192
24/05/2020 8:00,288.3137
24/05/2020 9:00,289.46588
24/05/2020 10:00,290.7993
24/05/2020 11:00,291.51407
24/05/2020 12:00,291.92773
24/05/2020 13:00,292.4465
24/05/2020 14:00,292.56168
24/05/2020 15:00,292.45233
24/05/2020 16:00,292.03973
24/05/2020 17:00,291.33975
24/05/2020 18:00,289.92023
24/05/2020 19:00,289.77335
24/05/2020 20:00,289.29736
24/05/2020 21:00,288.55722
24/05/2020 22:00,287.29248
24/05/2020 23:00,284.9585
25/05/2020 0:00,283.39474
25/05/2020 1:00,283.08728
25/05/2020 2:00,283.02548
25/05/2020 3:00,282.64615
25/05/2020 4:00,282.99905
25/05/2020 5:00,284.93262
25/05/2020 6:00,288.40878
25/05/2020 7:00,289.216
25/05/2020 8:00,289.6661
25/05/2020 9:00,289.54196
25/05/2020 10:00,289.132
25/05/2020 11:00,290.187
25/05/2020 12:00,291.25363
25/05/2020 13:00,291.78244
25/05/2020 14:00,292.09625
25/05/2020 15:00,290.1965
25/05/2020 16:00,289.25458
25/05/2020 17:00,288.9175
25/05/2020 18:00,288.17737
25/05/2020 19:00,286.3648
25/05/2020 20:00,285.88986
25/05/2020 21:00,285.34625
25/05/2020 22:00,285.07153
25/05/2020 23:00,284.82852
26/05/2020 0:00,284.45557
26/05/2020 1:00,284.1782
26/05/2020 2:00,284.01495
26/05/2020 3:00,283.60132
26/05/2020 4:00,283.49512
26/05/2020 5:00,284.2548
26/05/2020 6:00,285.28497
26/05/2020 7:00,286.06155
26/05/2020 8:00,287.11075
26/05/2020 9:00,288.41565
26/05/2020 10:00,289.32376
26/05/2020 11:00,290.12677
26/05/2020 12:00,290.49023
26/05/2020 13:00,290.70737
26/05/2020 14:00,289.99734
26/05/2020 15:00,290.17697
26/05/2020 16:00,289.48755
26/05/2020 17:00,288.73685
26/05/2020 18:00,287.79068
26/05/2020 19:00,286.92798
26/05/2020 20:00,286.27078
26/05/2020 21:00,285.94482
26/05/2020 22:00,285.32617
26/05/2020 23:00,284.90512
27/05/2020 0:00,284.69223
27/05/2020 1:00,284.44077
27/05/2020 2:00,284.14386
27/05/2020 3:00,283.8142
27/05/2020 4:00,283.9093
27/05/2020 5:00,284.6558
27/05/2020 6:00,285.97388
27/05/2020 7:00,287.07324
27/05/2020 8:00,288.3929
27/05/2020 9:00,289.6286
27/05/2020 10:00,290.6424
27/05/2020 11:00,291.41318
27/05/2020 12:00,291.998
27/05/2020 13:00,292.40424
27/05/2020 14:00,292.484
27/05/2020 15:00,291.92087
27/05/2020 16:00,291.17966
27/05/2020 17:00,290.84738
27/05/2020 18:00,289.8769
27/05/2020 19:00,288.8256
27/05/2020 20:00,287.65964
27/05/2020 21:00,286.86246
27/05/2020 22:00,285.8735
27/05/2020 23:00,285.10693
28/05/2020 0:00,284.19986
28/05/2020 1:00,283.5939
28/05/2020 2:00,283.11
28/05/2020 3:00,282.6007
28/05/2020 4:00,282.46283
28/05/2020 5:00,284.89932
28/05/2020 6:00,287.6956
28/05/2020 7:00,289.89117
28/05/2020 8:00,291.68893
28/05/2020 9:00,292.8961
28/05/2020 10:00,293.14862
28/05/2020 11:00,293.2886
28/05/2020 12:00,293.27225
28/05/2020 13:00,293.28702
28/05/2020 14:00,293.33353
28/05/2020 15:00,293.2363
28/05/2020 16:00,292.60446
28/05/2020 17:00,291.46652
28/05/2020 18:00,290.15955
28/05/2020 19:00,288.9899
28/05/2020 20:00,288.07278
28/05/2020 21:00,287.37225
28/05/2020 22:00,286.8857
28/05/2020 23:00,286.30087
29/05/2020 0:00,285.7483
29/05/2020 1:00,285.29343
29/05/2020 2:00,284.83752
29/05/2020 3:00,284.3404
29/05/2020 4:00,284.3816
29/05/2020 5:00,284.74136
29/05/2020 6:00,285.63312
29/05/2020 7:00,287.5429
29/05/2020 8:00,288.32214
29/05/2020 9:00,288.9809
29/05/2020 10:00,289.5351
29/05/2020 11:00,290.22714
29/05/2020 12:00,291.35928
29/05/2020 13:00,292.13165
29/05/2020 14:00,291.93408
29/05/2020 15:00,291.77875
29/05/2020 16:00,291.2383
29/05/2020 17:00,290.691
29/05/2020 18:00,289.89273
29/05/2020 19:00,288.74847
29/05/2020 20:00,287.87836
29/05/2020 21:00,287.27982
29/05/2020 22:00,286.66647
29/05/2020 23:00,286.11914
30/05/2020 0:00,285.67273
30/05/2020 1:00,285.00708
30/05/2020 2:00,284.52847
30/05/2020 3:00,283.8549
30/05/2020 4:00,283.70114
30/05/2020 5:00,284.9067
30/05/2020 6:00,286.24805
30/05/2020 7:00,287.64804
30/05/2020 8:00,289.132
30/05/2020 9:00,290.29688
30/05/2020 10:00,291.08984
30/05/2020 11:00,291.4343
30/05/2020 12:00,292.1105
30/05/2020 13:00,291.88705
30/05/2020 14:00,291.68314
30/05/2020 15:00,291.43326
30/05/2020 16:00,290.97363
30/05/2020 17:00,290.20654
30/05/2020 18:00,289.24982
30/05/2020 19:00,287.41135
30/05/2020 20:00,286.35635
30/05/2020 21:00,285.6701
30/05/2020 22:00,285.05835
30/05/2020 23:00,284.62567
31/05/2020 0:00,284.30078
31/05/2020 1:00,284.09683
31/05/2020 2:00,283.89767
31/05/2020 3:00,283.4925
31/05/2020 4:00,283.42328
31/05/2020 5:00,284.77728
31/05/2020 6:00,286.6934
31/05/2020 7:00,287.3807
31/05/2020 8:00,288.56726
31/05/2020 9:00,289.44052
31/05/2020 10:00,289.63705
31/05/2020 11:00,289.20386
31/05/2020 12:00,288.57465
31/05/2020 13:00,288.27563
31/05/2020 14:00,287.67023
31/05/2020 15:00,287.19897
31/05/2020 16:00,286.4599
31/05/2020 17:00,286.02142
31/05/2020 18:00,285.6981
31/05/2020 19:00,285.03192
31/05/2020 20:00,284.8148
31/05/2020 21:00,284.44025
31/05/2020 22:00,284.39902
31/05/2020 23:00,284.4355
01/06/2020 0:00,284.4561
01/06/2020 1:00,284.56702
01/06/2020 2:00,284.6579
01/06/2020 3:00,284.7176
01/06/2020 4:00,284.7942
01/06/2020 5:00,285.15027
01/06/2020 6:00,285.75464
01/06/2020 7:00,286.48578
01/06/2020 8:00,287.7162
01/06/2020 9:00,289.16476
01/06/2020 10:00,290.95038
01/06/2020 11:00,292.521
01/06/2020 12:00,293.25003
01/06/2020 13:00,293.9976
01/06/2020 14:00,294.1101
01/06/2020 15:00,294.30716
01/06/2020 16:00,293.28543
01/06/2020 17:00,292.26318
01/06/2020 18:00,291.1321
01/06/2020 19:00,289.57523
01/06/2020 20:00,288.38712
01/06/2020 21:00,287.6771
01/06/2020 22:00,287.3004
01/06/2020 23:00,286.99295
02/06/2020 0:00,286.48526
02/06/2020 1:00,286.0584
02/06/2020 2:00,285.49155
02/06/2020 3:00,284.99493
02/06/2020 4:00,284.9289
02/06/2020 5:00,285.9126
02/06/2020 6:00,287.62372
02/06/2020 7:00,289.07864
02/06/2020 8:00,290.68042
02/06/2020 9:00,292.03497
02/06/2020 10:00,292.98007
02/06/2020 11:00,293.15125
02/06/2020 12:00,293.2268
02/06/2020 13:00,293.4397
02/06/2020 14:00,293.85864
02/06/2020 15:00,293.5929
02/06/2020 16:00,292.64514
02/06/2020 17:00,291.942
02/06/2020 18:00,290.8141
02/06/2020 19:00,289.86105
02/06/2020 20:00,288.73788
02/06/2020 21:00,287.8229
02/06/2020 22:00,287.26025
02/06/2020 23:00,287.36487
03/06/2020 0:00,286.92056
03/06/2020 1:00,286.39334
03/06/2020 2:00,286.0267
03/06/2020 3:00,285.8381
03/06/2020 4:00,285.97598
03/06/2020 5:00,286.7832
03/06/2020 6:00,288.74106
03/06/2020 7:00,290.663
03/06/2020 8:00,291.8247
03/06/2020 9:00,293.43335
03/06/2020 10:00,294.5264
03/06/2020 11:00,295.34735
03/06/2020 12:00,295.5513
03/06/2020 13:00,295.87302
03/06/2020 14:00,296.1176
03/06/2020 15:00,296.0632
03/06/2020 16:00,295.6469
03/06/2020 17:00,294.56128
03/06/2020 18:00,293.3108
03/06/2020 19:00,290.42844
03/06/2020 20:00,289.6809
03/06/2020 21:00,288.94235
03/06/2020 22:00,288.4315
03/06/2020 23:00,287.95074
04/06/2020 0:00,288.02206
04/06/2020 1:00,288.2017
04/06/2020 2:00,288.05746
04/06/2020 3:00,287.89526
04/06/2020 4:00,288.10132
04/06/2020 5:00,289.59213
04/06/2020 6:00,291.6731
04/06/2020 7:00,292.7471
04/06/2020 8:00,294.398
04/06/2020 9:00,295.97974
04/06/2020 10:00,297.31683
04/06/2020 11:00,298.3132
04/06/2020 12:00,298.82196
04/06/2020 13:00,298.7427
04/06/2020 14:00,297.6169
04/06/2020 15:00,297.37125
04/06/2020 16:00,296.72885
04/06/2020 17:00,295.89627
04/06/2020 18:00,294.8835
04/06/2020 19:00,293.81003
04/06/2020 20:00,292.93518
04/06/2020 21:00,291.7708
04/06/2020 22:00,290.24988
04/06/2020 23:00,289.59058
05/06/2020 0:00,289.41992
05/06/2020 1:00,289.2778
05/06/2020 2:00,289.10083
05/06/2020 3:00,288.8816
05/06/2020 4:00,288.8779
05/06/2020 5:00,289.7781
05/06/2020 6:00,291.32916
05/06/2020 7:00,292.7207
05/06/2020 8:00,293.67215
05/06/2020 9:00,294.14813
05/06/2020 10:00,295.21793
05/06/2020 11:00,295.47943
05/06/2020 12:00,296.14877
05/06/2020 13:00,296.36273
05/06/2020 14:00,294.47885
05/06/2020 15:00,294.24747
05/06/2020 16:00,294.2818
05/06/2020 17:00,293.61404
05/06/2020 18:00,292.81104
05/06/2020 19:00,291.03384
05/06/2020 20:00,290.57635
05/06/2020 21:00,290.28262
05/06/2020 22:00,289.8156
05/06/2020 23:00,289.57153
06/06/2020 0:00,289.26883
06/06/2020 1:00,288.7115
06/06/2020 2:00,288.5625
06/06/2020 3:00,289.24664
06/06/2020 4:00,289.23926
06/06/2020 5:00,289.9255
06/06/2020 6:00,291.02856
06/06/2020 7:00,291.3746
06/06/2020 8:00,292.53738
06/06/2020 9:00,293.57758
06/06/2020 10:00,294.57974
06/06/2020 11:00,295.77
06/06/2020 12:00,296.60577
06/06/2020 13:00,296.98615
06/06/2020 14:00,297.3163
06/06/2020 15:00,297.32425
06/06/2020 16:00,297.10974
06/06/2020 17:00,296.5751
06/06/2020 18:00,295.2771
06/06/2020 19:00,295.63052
06/06/2020 20:00,294.74353
06/06/2020 21:00,294.14075
06/06/2020 22:00,293.42017
06/06/2020 23:00,292.7096
07/06/2020 0:00,291.92563
07/06/2020 1:00,290.67725
07/06/2020 2:00,289.73584
07/06/2020 3:00,288.58945
07/06/2020 4:00,288.30258
07/06/2020 5:00,290.83838
07/06/2020 6:00,294.26913
07/06/2020 7:00,295.67017
07/06/2020 8:00,296.8118
07/06/2020 9:00,297.7738
07/06/2020 10:00,298.73267
07/06/2020 11:00,299.3418
07/06/2020 12:00,299.93875
07/06/2020 13:00,300.16116
07/06/2020 14:00,300.2996
07/06/2020 15:00,300.0946
07/06/2020 16:00,299.39673
07/06/2020 17:00,298.30527
07/06/2020 18:00,296.769
07/06/2020 19:00,295.2026
07/06/2020 20:00,293.7868
07/06/2020 21:00,293.0461
07/06/2020 22:00,292.62823
07/06/2020 23:00,292.02917
08/06/2020 0:00,291.06924
08/06/2020 1:00,290.16376
08/06/2020 2:00,290.42896
08/06/2020 3:00,289.43103
08/06/2020 4:00,288.94922
08/06/2020 5:00,288.9207
08/06/2020 6:00,289.13623
08/06/2020 7:00,289.07178
08/06/2020 8:00,289.6994
08/06/2020 9:00,290.4686
08/06/2020 10:00,290.7903
08/06/2020 11:00,291.9066
08/06/2020 12:00,293.17184
08/06/2020 13:00,294.2776
08/06/2020 14:00,294.50842
08/06/2020 15:00,294.51318
08/06/2020 16:00,294.15976
08/06/2020 17:00,293.6394
08/06/2020 18:00,292.8496
08/06/2020 19:00,291.5442
08/06/2020 20:00,290.84314
08/06/2020 21:00,290.24246
08/06/2020 22:00,289.92126
08/06/2020 23:00,289.30157
09/06/2020 0:00,288.75903
09/06/2020 1:00,288.32742
09/06/2020 2:00,287.6417
09/06/2020 3:00,287.10654
09/06/2020 4:00,287.03998
09/06/2020 5:00,288.24448
09/06/2020 6:00,288.76852
09/06/2020 7:00,289.7031
09/06/2020 8:00,291.07825
09/06/2020 9:00,292.4835
09/06/2020 10:00,293.96854
09/06/2020 11:00,294.84866
09/06/2020 12:00,295.19998
09/06/2020 13:00,295.2961
09/06/2020 14:00,295.406
09/06/2020 15:00,294.27017
09/06/2020 16:00,293.6003
09/06/2020 17:00,292.72122
09/06/2020 18:00,291.66306
09/06/2020 19:00,290.40256
09/06/2020 20:00,290.12943
09/06/2020 21:00,289.63705
09/06/2020 22:00,289.44794
09/06/2020 23:00,289.12936
10/06/2020 0:00,288.6856
10/06/2020 1:00,288.0527
10/06/2020 2:00,287.5112
10/06/2020 3:00,287.1356
10/06/2020 4:00,287.12503
10/06/2020 5:00,288.28198
10/06/2020 6:00,289.62332
10/06/2020 7:00,290.97574
10/06/2020 8:00,292.166
10/06/2020 9:00,293.40112
10/06/2020 10:00,294.33832
10/06/2020 11:00,295.32306
10/06/2020 12:00,295.84976
10/06/2020 13:00,296.35114
10/06/2020 14:00,296.18735
10/06/2020 15:00,296.27557
10/06/2020 16:00,295.0959
10/06/2020 17:00,293.82852
10/06/2020 18:00,292.86914
10/06/2020 19:00,291.46863
10/06/2020 20:00,289.73056
10/06/2020 21:00,288.30786
10/06/2020 22:00,287.45413
10/06/2020 23:00,286.76947
11/06/2020 0:00,286.2338
11/06/2020 1:00,285.73087
11/06/2020 2:00,285.37744
11/06/2020 3:00,285.033
11/06/2020 4:00,285.5
11/06/2020 5:00,288.25134
11/06/2020 6:00,290.69415
11/06/2020 7:00,292.08463
11/06/2020 8:00,293.4809
11/06/2020 9:00,294.65637
11/06/2020 10:00,295.43454
11/06/2020 11:00,296.19
11/06/2020 12:00,296.70032
11/06/2020 13:00,297.12402
11/06/2020 14:00,297.19427
11/06/2020 15:00,297.12772
11/06/2020 16:00,296.61157
11/06/2020 17:00,295.47415
11/06/2020 18:00,294.02875
11/06/2020 19:00,292.39368
11/06/2020 20:00,291.4264
11/06/2020 21:00,290.41998
11/06/2020 22:00,289.67404
11/06/2020 23:00,289.0538
12/06/2020 0:00,288.60318
12/06/2020 1:00,288.03052
12/06/2020 2:00,287.56403
12/06/2020 3:00,287.15988
12/06/2020 4:00,287.4737
12/06/2020 5:00,289.11615
12/06/2020 6:00,290.9636
12/06/2020 7:00,292.49246
12/06/2020 8:00,294.1096
12/06/2020 9:00,295.6691
12/06/2020 10:00,296.93118
12/06/2020 11:00,297.8235
12/06/2020 12:00,298.43417
12/06/2020 13:00,298.7258
12/06/2020 14:00,298.57947
12/06/2020 15:00,298.34174
12/06/2020 16:00,297.8668
12/06/2020 17:00,297.12982
12/06/2020 18:00,295.92163
12/06/2020 19:00,294.0351
12/06/2020 20:00,292.96475
12/06/2020 21:00,292.42062
12/06/2020 22:00,292.41534
12/06/2020 23:00,291.7497
13/06/2020 0:00,290.9784
13/06/2020 1:00,290.30588
13/06/2020 2:00,289.79922
13/06/2020 3:00,289.41623
13/06/2020 4:00,289.45636
13/06/2020 5:00,290.68256
13/06/2020 6:00,292.50726
13/06/2020 7:00,293.61826
13/06/2020 8:00,295.41394
13/06/2020 9:00,297.03632
13/06/2020 10:00,298.38345
13/06/2020 11:00,299.47598
13/06/2020 12:00,300.31174
13/06/2020 13:00,300.89392
13/06/2020 14:00,301.21194
13/06/2020 15:00,301.19556
13/06/2020 16:00,300.9383
13/06/2020 17:00,300.01324
13/06/2020 18:00,298.41992
13/06/2020 19:00,296.106
13/06/2020 20:00,294.60196
13/06/2020 21:00,293.63464
13/06/2020 22:00,293.16498
13/06/2020 23:00,292.94257
14/06/2020 0:00,292.68423
14/06/2020 1:00,292.36673
14/06/2020 2:00,291.90607
14/06/2020 3:00,291.5315
14/06/2020 4:00,291.53308
14/06/2020 5:00,292.465
14/06/2020 6:00,293.96906
14/06/2020 7:00,295.2021
14/06/2020 8:00,296.5524
14/06/2020 9:00,297.81448
14/06/2020 10:00,298.93817
14/06/2020 11:00,299.8933
14/06/2020 12:00,300.2478
14/06/2020 13:00,300.36404
14/06/2020 14:00,300.25995
14/06/2020 15:00,300.22986
14/06/2020 16:00,298.2762
14/06/2020 17:00,295.7642
14/06/2020 18:00,294.88565
14/06/2020 19:00,293.46875
14/06/2020 20:00,291.87753
14/06/2020 21:00,291.28745
14/06/2020 22:00,291.03226
14/06/2020 23:00,290.9615
15/06/2020 0:00,290.85846
15/06/2020 1:00,290.59695
15/06/2020 2:00,290.53726
15/06/2020 3:00,290.56738
15/06/2020 4:00,290.57214
15/06/2020 5:00,290.77023
15/06/2020 6:00,290.68307
15/06/2020 7:00,290.88858
15/06/2020 8:00,290.82043
15/06/2020 9:00,291.0513
15/06/2020 10:00,291.18335
15/06/2020 11:00,291.6382
15/06/2020 12:00,292.12427
15/06/2020 13:00,292.09732
15/06/2020 14:00,292.32977
15/06/2020 15:00,292.45602
15/06/2020 16:00,292.5564
15/06/2020 17:00,292.37466
15/06/2020 18:00,291.8955
15/06/2020 19:00,291.72644
15/06/2020 20:00,291.36615
15/06/2020 21:00,291.10782
15/06/2020 22:00,290.9488
15/06/2020 23:00,290.82413
16/06/2020 0:00,290.78186
16/06/2020 1:00,290.59274
16/06/2020 2:00,290.0824
16/06/2020 3:00,289.72897
16/06/2020 4:00,289.52188
16/06/2020 5:00,289.35864
16/06/2020 6:00,289.43103
16/06/2020 7:00,289.6994
16/06/2020 8:00,289.86423
16/06/2020 9:00,290.50873
16/06/2020 10:00,290.8146
16/06/2020 11:00,291.1094
16/06/2020 12:00,291.28586
16/06/2020 13:00,291.10834
16/06/2020 14:00,291.23462
16/06/2020 15:00,291.83685
16/06/2020 16:00,292.04977
16/06/2020 17:00,291.96945
16/06/2020 18:00,291.6562
16/06/2020 19:00,291.31598
16/06/2020 20:00,290.96466
16/06/2020 21:00,290.4395
16/06/2020 22:00,290.14844
16/06/2020 23:00,289.96777
17/06/2020 0:00,289.88324
17/06/2020 1:00,289.72897
17/06/2020 2:00,289.5747
17/06/2020 3:00,289.44052
17/06/2020 4:00,289.39508
17/06/2020 5:00,289.56363
17/06/2020 6:00,290.10724
17/06/2020 7:00,291.2061
17/06/2020 8:00,292.17023
17/06/2020 9:00,293.0287
17/06/2020 10:00,293.0086
17/06/2020 11:00,292.99963
17/06/2020 12:00,293.61932
17/06/2020 13:00,293.4788
17/06/2020 14:00,293.8708
17/06/2020 15:00,294.2369
17/06/2020 16:00,294.1698
17/06/2020 17:00,293.84702
17/06/2020 18:00,293.20145
17/06/2020 19:00,291.96735
17/06/2020 20:00,291.51196
17/06/2020 21:00,291.06503
17/06/2020 22:00,290.6572
17/06/2020 23:00,290.45114
18/06/2020 0:00,290.26837
18/06/2020 1:00,289.9894
18/06/2020 2:00,289.89697
18/06/2020 3:00,289.6994
18/06/2020 4:00,289.68353
18/06/2020 5:00,290.42316
18/06/2020 6:00,291.64404
18/06/2020 7:00,291.74072
18/06/2020 8:00,292.07986
18/06/2020 9:00,292.36145
18/06/2020 10:00,292.8612
18/06/2020 11:00,293.3821
18/06/2020 12:00,294.55176
18/06/2020 13:00,295.20578
18/06/2020 14:00,295.98553
18/06/2020 15:00,296.1361
18/06/2020 16:00,296.2386
18/06/2020 17:00,295.50003
18/06/2020 18:00,293.63464
18/06/2020 19:00,294.49628
18/06/2020 20:00,292.53683
18/06/2020 21:00,292.64514
18/06/2020 22:00,291.93036
18/06/2020 23:00,291.06448
19/06/2020 0:00,289.4812
19/06/2020 1:00,288.71466
19/06/2020 2:00,288.52924
19/06/2020 3:00,288.01044
19/06/2020 4:00,288.18265
19/06/2020 5:00,290.69788
19/06/2020 6:00,292.40213
19/06/2020 7:00,293.64786
19/06/2020 8:00,294.88565
19/06/2020 9:00,295.61996
19/06/2020 10:00,296.51013
19/06/2020 11:00,297.30258
19/06/2020 12:00,297.98038
19/06/2020 13:00,297.75955
19/06/2020 14:00,297.93124
19/06/2020 15:00,297.80392
19/06/2020 16:00,297.08597
19/06/2020 17:00,294.8085
19/06/2020 18:00,293.1856
19/06/2020 19:00,293.18295
19/06/2020 20:00,292.06982
19/06/2020 21:00,290.76233
19/06/2020 22:00,290.22928
19/06/2020 23:00,289.57523
20/06/2020 0:00,289.16846
20/06/2020 1:00,288.98514
20/06/2020 2:00,288.87473
20/06/2020 3:00,288.56937
20/06/2020 4:00,288.77963
20/06/2020 5:00,289.38083
20/06/2020 6:00,290.12677
20/06/2020 7:00,290.4686
20/06/2020 8:00,290.67303
20/06/2020 9:00,291.18073
20/06/2020 10:00,291.37778
20/06/2020 11:00,292.43015
20/06/2020 12:00,292.99066
20/06/2020 13:00,293.73132
20/06/2020 14:00,293.6595
20/06/2020 15:00,292.24048
20/06/2020 16:00,291.50986
20/06/2020 17:00,291.26947
20/06/2020 18:00,290.96887
20/06/2020 19:00,290.42633
20/06/2020 20:00,290.06918
20/06/2020 21:00,289.6117
20/06/2020 22:00,289.1806
20/06/2020 23:00,288.5757
21/06/2020 0:00,288.34326
21/06/2020 1:00,288.01044
21/06/2020 2:00,287.84668
21/06/2020 3:00,287.79596
21/06/2020 4:00,287.86093
21/06/2020 5:00,288.021
21/06/2020 6:00,288.38025
21/06/2020 7:00,288.32056
21/06/2020 8:00,288.77277
21/06/2020 9:00,289.0369
21/06/2020 10:00,289.45374
21/06/2020 11:00,289.93765
21/06/2020 12:00,290.2129
21/06/2020 13:00,290.37244
21/06/2020 14:00,290.38037
21/06/2020 15:00,290.29953
21/06/2020 16:00,290.03592
21/06/2020 17:00,289.6904
21/06/2020 18:00,289.1933
21/06/2020 19:00,289.25775
21/06/2020 20:00,289.29312
21/06/2020 21:00,289.48227
21/06/2020 22:00,289.59637
21/06/2020 23:00,289.5018
22/06/2020 0:00,289.3111
22/06/2020 1:00,289.40353
22/06/2020 2:00,289.41727
22/06/2020 3:00,289.52927
22/06/2020 4:00,289.5911
22/06/2020 5:00,289.9292
22/06/2020 6:00,290.64557
22/06/2020 7:00,291.4142
22/06/2020 8:00,292.1454
22/06/2020 9:00,293.59448
22/06/2020 10:00,294.68173
22/06/2020 11:00,295.24066
22/06/2020 12:00,295.5365
22/06/2020 13:00,295.75943
22/06/2020 14:00,295.84396
22/06/2020 15:00,295.82178
22/06/2020 16:00,295.6089
22/06/2020 17:00,295.40866
22/06/2020 18:00,294.90518
22/06/2020 19:00,294.08423
22/06/2020 20:00,293.99493
22/06/2020 21:00,293.9268
22/06/2020 22:00,293.77887
22/06/2020 23:00,293.42966
23/06/2020 0:00,293.137
23/06/2020 1:00,292.94998
23/06/2020 2:00,292.33347
23/06/2020 3:00,291.74072
23/06/2020 4:00,291.45227
23/06/2020 5:00,291.5426
23/06/2020 6:00,292.28223
23/06/2020 7:00,293.8528
23/06/2020 8:00,294.7002
23/06/2020 9:00,295.2898
23/06/2020 10:00,295.8207
23/06/2020 11:00,296.54764
23/06/2020 12:00,297.11768
23/06/2020 13:00,297.2228
23/06/2020 14:00,297.1108
23/06/2020 15:00,296.82077
23/06/2020 16:00,296.27982
23/06/2020 17:00,295.4224
23/06/2020 18:00,294.32883
23/06/2020 19:00,293.20093
23/06/2020 20:00,292.20456
23/06/2020 21:00,291.3482
23/06/2020 22:00,290.5452
23/06/2020 23:00,289.95404
24/06/2020 0:00,289.3037
24/06/2020 1:00,288.58734
24/06/2020 2:00,287.93066
24/06/2020 3:00,287.32526
24/06/2020 4:00,287.23965
24/06/2020 5:00,288.77805
24/06/2020 6:00,290.55206
24/06/2020 7:00,292.4016
24/06/2020 8:00,293.9083
24/06/2020 9:00,295.0737
24/06/2020 10:00,295.9454
24/06/2020 11:00,296.5339
24/06/2020 12:00,296.91797
24/06/2020 13:00,296.97925
24/06/2020 14:00,296.79965
24/06/2020 15:00,296.73837
24/06/2020 16:00,296.3712
24/06/2020 17:00,295.69128
24/06/2020 18:00,294.62097
24/06/2020 19:00,294.1862
24/06/2020 20:00,293.54114
24/06/2020 21:00,292.8591
24/06/2020 22:00,291.42267
24/06/2020 23:00,289.79395
25/06/2020 0:00,288.73947
25/06/2020 1:00,288.21014
25/06/2020 2:00,287.6174
25/06/2020 3:00,286.73883
25/06/2020 4:00,286.58932
25/06/2020 5:00,289.0982
25/06/2020 6:00,291.97632
25/06/2020 7:00,292.85013
25/06/2020 8:00,294.51
25/06/2020 9:00,295.75467
25/06/2020 10:00,296.722
25/06/2020 11:00,297.59366
25/06/2020 12:00,298.32217
25/06/2020 13:00,298.81772
25/06/2020 14:00,299.09454
25/06/2020 15:00,299.1368
25/06/2020 16:00,299.06708
25/06/2020 17:00,298.2593
25/06/2020 18:00,296.9016
25/06/2020 19:00,294.81592
25/06/2020 20:00,293.3182
25/06/2020 21:00,292.38788
25/06/2020 22:00,292.47293
25/06/2020 23:00,292.67578
26/06/2020 0:00,292.41217
26/06/2020 1:00,291.57166
26/06/2020 2:00,291.17807
26/06/2020 3:00,290.93716
26/06/2020 4:00,290.72955
26/06/2020 5:00,291.52887
26/06/2020 6:00,293.9812
26/06/2020 7:00,293.79312
26/06/2020 8:00,295.5201
26/06/2020 9:00,297.50916
26/06/2020 10:00,298.9704
26/06/2020 11:00,300.28427
26/06/2020 12:00,301.3303
26/06/2020 13:00,302.02075
26/06/2020 14:00,302.39005
26/06/2020 15:00,302.39108
26/06/2020 16:00,301.82635
26/06/2020 17:00,300.8094
26/06/2020 18:00,299.30533
26/06/2020 19:00,297.84195
26/06/2020 20:00,296.50696
26/06/2020 21:00,295.5381
26/06/2020 22:00,294.51215
26/06/2020 23:00,293.59766
27/06/2020 0:00,292.6351
27/06/2020 1:00,291.7312
27/06/2020 2:00,291.10516
27/06/2020 3:00,290.95407
27/06/2020 4:00,291.09302
27/06/2020 5:00,293.58762
27/06/2020 6:00,296.50378
27/06/2020 7:00,298.11563
27/06/2020 8:00,299.61862
27/06/2020 9:00,300.87595
27/06/2020 10:00,301.92462
27/06/2020 11:00,302.75827
27/06/2020 12:00,303.37106
27/06/2020 13:00,303.73718
27/06/2020 14:00,303.89673
27/06/2020 15:00,303.6923
27/06/2020 16:00,303.16556
27/06/2020 17:00,302.20145
27/06/2020 18:00,300.27582
27/06/2020 19:00,298.7068
27/06/2020 20:00,297.0152
27/06/2020 21:00,295.6918
27/06/2020 22:00,294.87402
27/06/2020 23:00,294.41333
28/06/2020 0:00,293.45978
28/06/2020 1:00,292.60553
28/06/2020 2:00,292.14273
28/06/2020 3:00,291.80832
28/06/2020 4:00,291.88654
28/06/2020 5:00,294.36475
28/06/2020 6:00,296.9819
28/06/2020 7:00,298.9725
28/06/2020 8:00,300.42584
28/06/2020 9:00,301.5189
28/06/2020 10:00,302.46188
28/06/2020 11:00,303.30927
28/06/2020 12:00,303.9411
28/06/2020 13:00,304.2755
28/06/2020 14:00,304.39807
28/06/2020 15:00,304.29242
28/06/2020 16:00,303.92578
28/06/2020 17:00,302.98755
28/06/2020 18:00,302.01178
28/06/2020 19:00,300.10992
28/06/2020 20:00,297.91116
28/06/2020 21:00,295.9845
28/06/2020 22:00,294.3304
28/06/2020 23:00,293.5913
29/06/2020 0:00,293.1766
29/06/2020 1:00,292.7207
29/06/2020 2:00,292.15277
29/06/2020 3:00,291.83423
29/06/2020 4:00,291.94623
29/06/2020 5:00,294.6553
29/06/2020 6:00,298.05276
29/06/2020 7:00,299.3661
29/06/2020 8:00,300.79987
29/06/2020 9:00,301.9431
29/06/2020 10:00,302.87924
29/06/2020 11:00,303.73242
29/06/2020 12:00,304.3537
29/06/2020 13:00,304.2248
29/06/2020 14:00,304.50586
29/06/2020 15:00,303.84338
29/06/2020 16:00,297.66235
29/06/2020 17:00,295.15137
29/06/2020 18:00,294.51743
29/06/2020 19:00,293.05353
29/06/2020 20:00,292.71487
29/06/2020 21:00,291.89023
29/06/2020 22:00,291.28903
29/06/2020 23:00,290.67038
30/06/2020 0:00,290.03802
30/06/2020 1:00,289.84467
30/06/2020 2:00,289.66083
30/06/2020 3:00,289.6249
30/06/2020 4:00,290.16428
30/06/2020 5:00,291.4454
30/06/2020 6:00,293.04138
30/06/2020 7:00,294.31137
30/06/2020 8:00,295.2713
30/06/2020 9:00,296.19632
30/06/2020 10:00,296.75314
30/06/2020 11:00,298.02158
30/06/2020 12:00,299.49075
30/06/2020 13:00,300.2832
30/06/2020 14:00,300.737
30/06/2020 15:00,300.80252
30/06/2020 16:00,300.43008
30/06/2020 17:00,299.5341
30/06/2020 18:00,297.98407
30/06/2020 19:00,296.26077
30/06/2020 20:00,295.2401
30/06/2020 21:00,294.3172
30/06/2020 22:00,293.60504
30/06/2020 23:00,293.00916
01/07/2020 0:00,292.47186
01/07/2020 1:00,291.94955
01/07/2020 2:00,291.31458
01/07/2020 3:00,290.68716
01/07/2020 4:00,290.58484
01/07/2020 5:00,293.27243
01/07/2020 6:00,295.66544
01/07/2020 7:00,297.6842
01/07/2020 8:00,299.17273
01/07/2020 9:00,300.61545
01/07/2020 10:00,301.83325
01/07/2020 11:00,302.77237
01/07/2020 12:00,303.19275
01/07/2020 13:00,303.67447
01/07/2020 14:00,303.7975
01/07/2020 15:00,303.81738
01/07/2020 16:00,303.68085
01/07/2020 17:00,302.8277
01/07/2020 18:00,301.51715
01/07/2020 19:00,299.99997
01/07/2020 20:00,298.63608
01/07/2020 21:00,298.37332
01/07/2020 22:00,295.80597
01/07/2020 23:00,295.4871
02/07/2020 0:00,295.6877
02/07/2020 1:00,294.9198
02/07/2020 2:00,294.65506
02/07/2020 3:00,294.5165
02/07/2020 4:00,292.91254
02/07/2020 5:00,295.22394
02/07/2020 6:00,297.08466
02/07/2020 7:00,295.8609
02/07/2020 8:00,297.5413
02/07/2020 9:00,298.99954
02/07/2020 10:00,300.44864
02/07/2020 11:00,301.3543
02/07/2020 12:00,301.89615
02/07/2020 13:00,302.20786
02/07/2020 14:00,302.2389
02/07/2020 15:00,301.98212
02/07/2020 16:00,301.55655
02/07/2020 17:00,300.918
02/07/2020 18:00,299.98444
02/07/2020 19:00,298.0688
02/07/2020 20:00,296.94733
02/07/2020 21:00,295.96082
02/07/2020 22:00,296.2379
02/07/2020 23:00,295.97357
03/07/2020 0:00,294.10168
03/07/2020 1:00,293.45953
03/07/2020 2:00,293.0897
03/07/2020 3:00,293.06503
03/07/2020 4:00,292.95914
03/07/2020 5:00,294.60608
03/07/2020 6:00,295.45444
03/07/2020 7:00,295.3374
03/07/2020 8:00,295.22354
03/07/2020 9:00,294.20758
03/07/2020 10:00,293.45197
03/07/2020 11:00,293.366
03/07/2020 12:00,294.15982
03/07/2020 13:00,294.75537
03/07/2020 14:00,294.99982
03/07/2020 15:00,294.79678
03/07/2020 16:00,295.03204
03/07/2020 17:00,294.67377
03/07/2020 18:00,293.93765
03/07/2020 19:00,293.16138
03/07/2020 20:00,292.46588
03/07/2020 21:00,291.70392
03/07/2020 22:00,291.34164
03/07/2020 23:00,291.02158
04/07/2020 0:00,290.65372
04/07/2020 1:00,290.4244
04/07/2020 2:00,290.04184
04/07/2020 3:00,289.63895
04/07/2020 4:00,289.61826
04/07/2020 5:00,291.0988
04/07/2020 6:00,292.66772
04/07/2020 7:00,294.30032
04/07/2020 8:00,295.65707
04/07/2020 9:00,296.69812
04/07/2020 10:00,297.49152
04/07/2020 11:00,298.43622
04/07/2020 12:00,298.67468
04/07/2020 13:00,298.2989
04/07/2020 14:00,298.97925
04/07/2020 15:00,298.9872
04/07/2020 16:00,298.40518
04/07/2020 17:00,298.01065
04/07/2020 18:00,296.77216
04/07/2020 19:00,296.77814
04/07/2020 20:00,295.2701
04/07/2020 21:00,294.48825
04/07/2020 22:00,293.62396
04/07/2020 23:00,292.8437
05/07/2020 0:00,292.20352
05/07/2020 1:00,291.52795
05/07/2020 2:00,290.95032
05/07/2020 3:00,290.74487
05/07/2020 4:00,290.34677
05/07/2020 5:00,292.317
05/07/2020 6:00,294.50894
05/07/2020 7:00,295.77252
05/07/2020 8:00,297.65515
05/07/2020 9:00,299.07797
05/07/2020 10:00,299.93826
05/07/2020 11:00,300.67834
05/07/2020 12:00,301.129
05/07/2020 13:00,301.56372
05/07/2020 14:00,301.74686
05/07/2020 15:00,301.5709
05/07/2020 16:00,301.24405
05/07/2020 17:00,300.328
05/07/2020 18:00,300.05093
05/07/2020 19:00,298.5907
05/07/2020 20:00,297.5795
05/07/2020 21:00,296.45328
05/07/2020 22:00,295.7124
05/07/2020 23:00,295.20444
06/07/2020 0:00,294.77765
06/07/2020 1:00,294.14587
06/07/2020 2:00,293.69403
06/07/2020 3:00,293.4711
06/07/2020 4:00,293.31982
06/07/2020 5:00,293.28278
06/07/2020 6:00,296.41388
06/07/2020 7:00,297.63922
06/07/2020 8:00,298.2981
06/07/2020 9:00,298.99
06/07/2020 10:00,300.2042
06/07/2020 11:00,301.36945
06/07/2020 12:00,301.68356
06/07/2020 13:00,302.0558
06/07/2020 14:00,302.24887
06/07/2020 15:00,302.04303
06/07/2020 16:00,301.59796
06/07/2020 17:00,300.7946
06/07/2020 18:00,299.5931
06/07/2020 19:00,298.26862
06/07/2020 20:00,297.46008
06/07/2020 21:00,295.81232
06/07/2020 22:00,294.6176
06/07/2020 23:00,293.0065
07/07/2020 0:00,291.897
07/07/2020 1:00,291.39658
07/07/2020 2:00,291.1585
07/07/2020 3:00,290.90613
07/07/2020 4:00,290.00958
07/07/2020 5:00,289.43433
07/07/2020 6:00,289.4626
07/07/2020 7:00,288.44904
07/07/2020 8:00,289.2106
07/07/2020 9:00,290.85397
07/07/2020 10:00,292.20154
07/07/2020 11:00,293.7446
07/07/2020 12:00,294.7661
07/07/2020 13:00,295.2267
07/07/2020 14:00,295.49026
07/07/2020 15:00,295.548
07/07/2020 16:00,295.41104
07/07/2020 17:00,294.72552
07/07/2020 18:00,293.52603
07/07/2020 19:00,292.1275
07/07/2020 20:00,290.34
07/07/2020 21:00,289.25797
07/07/2020 22:00,288.79895
07/07/2020 23:00,288.47968
08/07/2020 0:00,287.54773
08/07/2020 1:00,286.87094
08/07/2020 2:00,287.56802
08/07/2020 3:00,288.11142
08/07/2020 4:00,287.85147
08/07/2020 5:00,288.39688
08/07/2020 6:00,291.08246
08/07/2020 7:00,292.15097
08/07/2020 8:00,293.64584
08/07/2020 9:00,294.98428
08/07/2020 10:00,296.0719
08/07/2020 11:00,296.9505
08/07/2020 12:00,297.69656
08/07/2020 13:00,298.2081
08/07/2020 14:00,298.51068
08/07/2020 15:00,298.53375
08/07/2020 16:00,298.28732
08/07/2020 17:00,297.64
08/07/2020 18:00,296.06235
08/07/2020 19:00,294.3051
08/07/2020 20:00,292.51645
08/07/2020 21:00,290.99966
08/07/2020 22:00,290.03864
08/07/2020 23:00,289.04816
09/07/2020 0:00,288.43668
09/07/2020 1:00,287.92273
09/07/2020 2:00,287.58633
09/07/2020 3:00,287.38092
09/07/2020 4:00,287.4247
09/07/2020 5:00,289.70743
09/07/2020 6:00,293.83655
09/07/2020 7:00,294.82306
09/07/2020 8:00,296.41187
09/07/2020 9:00,297.91232
09/07/2020 10:00,299.35226
09/07/2020 11:00,300.62302
09/07/2020 12:00,301.64136
09/07/2020 13:00,302.41406
09/07/2020 14:00,302.83884
09/07/2020 15:00,302.88144
09/07/2020 16:00,302.5486
09/07/2020 17:00,301.38538
09/07/2020 18:00,299.56006
09/07/2020 19:00,297.87808
09/07/2020 20:00,296.4075
09/07/2020 21:00,295.17496
09/07/2020 22:00,294.11163
09/07/2020 23:00,293.25333
10/07/2020 0:00,292.46906
10/07/2020 1:00,291.67126
10/07/2020 2:00,290.8472
10/07/2020 3:00,290.07806
10/07/2020 4:00,289.7524
10/07/2020 5:00,291.98895
10/07/2020 6:00,295.5882
10/07/2020 7:00,297.9621
10/07/2020 8:00,300.04257
10/07/2020 9:00,301.8814
10/07/2020 10:00,303.40894
10/07/2020 11:00,304.62195
10/07/2020 12:00,305.5141
10/07/2020 13:00,306.0794
10/07/2020 14:00,306.329
10/07/2020 15:00,306.19803
10/07/2020 16:00,305.6829
10/07/2020 17:00,304.21906
10/07/2020 18:00,302.27792
10/07/2020 19:00,300.40128
10/07/2020 20:00,298.94022
10/07/2020 21:00,297.94934
10/07/2020 22:00,296.8307
10/07/2020 23:00,295.53525
11/07/2020 0:00,294.25018
11/07/2020 1:00,293.05945
11/07/2020 2:00,292.1466
11/07/2020 3:00,291.98538
11/07/2020 4:00,291.7879
11/07/2020 5:00,293.81226
11/07/2020 6:00,297.2228
11/07/2020 7:00,298.37332
11/07/2020 8:00,299.88333
11/07/2020 9:00,301.3969
11/07/2020 10:00,302.66766
11/07/2020 11:00,303.67566
11/07/2020 12:00,304.3568
11/07/2020 13:00,304.5455
11/07/2020 14:00,303.93204
11/07/2020 15:00,301.74924
11/07/2020 16:00,299.01865
11/07/2020 17:00,295.83463
11/07/2020 18:00,293.89346
11/07/2020 19:00,292.01285
11/07/2020 20:00,291.23773
11/07/2020 21:00,290.7178
11/07/2020 22:00,290.35513
11/07/2020 23:00,289.7142
12/07/2020 0:00,288.82483
12/07/2020 1:00,288.3073
12/07/2020 2:00,288.05212
12/07/2020 3:00,287.8821
12/07/2020 4:00,287.6986
12/07/2020 5:00,287.85464
12/07/2020 6:00,288.45657
12/07/2020 7:00,288.4144
12/07/2020 8:00,289.45224
12/07/2020 9:00,290.87585
12/07/2020 10:00,292.87115
12/07/2020 11:00,294.54794
12/07/2020 12:00,295.59695
12/07/2020 13:00,296.14832
12/07/2020 14:00,296.35095
12/07/2020 15:00,296.26498
12/07/2020 16:00,295.9278
12/07/2020 17:00,295.37244
12/07/2020 18:00,294.21356
12/07/2020 19:00,292.41135
12/07/2020 20:00,291.2035
12/07/2020 21:00,289.81293
12/07/2020 22:00,288.99283
12/07/2020 23:00,288.65445
13/07/2020 0:00,288.4335
13/07/2020 1:00,288.03302
13/07/2020 2:00,287.48523
13/07/2020 3:00,287.4036
13/07/2020 4:00,287.70737
13/07/2020 5:00,288.08157
13/07/2020 6:00,291.25485
13/07/2020 7:00,292.6458
13/07/2020 8:00,293.60526
13/07/2020 9:00,294.4333
13/07/2020 10:00,295.11606
13/07/2020 11:00,295.3557
13/07/2020 12:00,295.8378
13/07/2020 13:00,296.20764
13/07/2020 14:00,296.14276
13/07/2020 15:00,296.13757
13/07/2020 16:00,295.7968
13/07/2020 17:00,295.28683
13/07/2020 18:00,294.17413
13/07/2020 19:00,292.9249
13/07/2020 20:00,291.6024
13/07/2020 21:00,290.50922
13/07/2020 22:00,289.4423
13/07/2020 23:00,288.63733
14/07/2020 0:00,287.73203
14/07/2020 1:00,287.13687
14/07/2020 2:00,286.45374
14/07/2020 3:00,285.9581
14/07/2020 4:00,286.1229
14/07/2020 5:00,288.36026
14/07/2020 6:00,290.89536
14/07/2020 7:00,291.9364
14/07/2020 8:00,293.18564
14/07/2020 9:00,294.27167
14/07/2020 10:00,295.49106
14/07/2020 11:00,295.73868
14/07/2020 12:00,295.98312
14/07/2020 13:00,296.18216
14/07/2020 14:00,296.47955
14/07/2020 15:00,296.7188
14/07/2020 16:00,296.4501
14/07/2020 17:00,295.67538
14/07/2020 18:00,294.57025
14/07/2020 19:00,293.4854
14/07/2020 20:00,292.47983
14/07/2020 21:00,291.6243
14/07/2020 22:00,290.6983
14/07/2020 23:00,289.44348
15/07/2020 0:00,288.42474
15/07/2020 1:00,287.93668
15/07/2020 2:00,287.73602
15/07/2020 3:00,287.64407
15/07/2020 4:00,287.4251
15/07/2020 5:00,288.61862
15/07/2020 6:00,291.9555
15/07/2020 7:00,293.52283
15/07/2020 8:00,295.01892
15/07/2020 9:00,296.30838
15/07/2020 10:00,297.392
15/07/2020 11:00,298.22205
15/07/2020 12:00,298.4406
15/07/2020 13:00,298.6735
15/07/2020 14:00,298.861
15/07/2020 15:00,299.0477
15/07/2020 16:00,298.94022
15/07/2020 17:00,298.21686
15/07/2020 18:00,296.30917
15/07/2020 19:00,294.2442
15/07/2020 20:00,293.48224
15/07/2020 21:00,292.92807
15/07/2020 22:00,292.3592
15/07/2020 23:00,291.95114
16/07/2020 0:00,291.00842
16/07/2020 1:00,289.81174
16/07/2020 2:00,288.83878
16/07/2020 3:00,289.207
16/07/2020 4:00,290.06772
16/07/2020 5:00,289.52112
16/07/2020 6:00,292.99774
16/07/2020 7:00,292.7131
16/07/2020 8:00,294.16776
16/07/2020 9:00,295.72354
16/07/2020 10:00,296.79684
16/07/2020 11:00,297.78574
16/07/2020 12:00,298.47125
16/07/2020 13:00,298.78458
16/07/2020 14:00,298.74594
16/07/2020 15:00,298.30127
16/07/2020 16:00,297.99792
16/07/2020 17:00,297.3088
16/07/2020 18:00,296.16983
16/07/2020 19:00,295.17935
16/07/2020 20:00,293.6586
16/07/2020 21:00,292.44836
16/07/2020 22:00,291.95392
16/07/2020 23:00,292.192
17/07/2020 0:00,291.86633
17/07/2020 1:00,291.30463
17/07/2020 2:00,290.78867
17/07/2020 3:00,290.33084
17/07/2020 4:00,289.84637
17/07/2020 5:00,289.2054
17/07/2020 6:00,289.13855
17/07/2020 7:00,288.29935
17/07/2020 8:00,288.3666
17/07/2020 9:00,288.46176
17/07/2020 10:00,288.57483
17/07/2020 11:00,289.3571
17/07/2020 12:00,290.1127
17/07/2020 13:00,291.33408
17/07/2020 14:00,292.5232
17/07/2020 15:00,293.0121
17/07/2020 16:00,293.32816
17/07/2020 17:00,293.31305
17/07/2020 18:00,292.28635
17/07/2020 19:00,289.81094
17/07/2020 20:00,289.33838
17/07/2020 21:00,288.97372
17/07/2020 22:00,288.6019
17/07/2020 23:00,288.35626
18/07/2020 0:00,288.04813
18/07/2020 1:00,287.52542
18/07/2020 2:00,287.20218
18/07/2020 3:00,286.87372
18/07/2020 4:00,286.75906
18/07/2020 5:00,287.81644
18/07/2020 6:00,289.38177
18/07/2020 7:00,290.37106
18/07/2020 8:00,291.4515
18/07/2020 9:00,292.3365
18/07/2020 10:00,293.29114
18/07/2020 11:00,293.81506
18/07/2020 12:00,294.30908
18/07/2020 13:00,294.31427
18/07/2020 14:00,294.7283
18/07/2020 15:00,294.41022
18/07/2020 16:00,293.57578
18/07/2020 17:00,292.96548
18/07/2020 18:00,292.58612
18/07/2020 19:00,291.77914
18/07/2020 20:00,290.88382
18/07/2020 21:00,289.93314
18/07/2020 22:00,289.2094
18/07/2020 23:00,288.62338
19/07/2020 0:00,288.61462
19/07/2020 1:00,288.0175
19/07/2020 2:00,287.912
19/07/2020 3:00,287.6146
19/07/2020 4:00,287.1345
19/07/2020 5:00,288.74402
19/07/2020 6:00,290.7186
19/07/2020 7:00,292.23856
19/07/2020 8:00,293.8712
19/07/2020 9:00,294.51532
19/07/2020 10:00,294.997
19/07/2020 11:00,295.72794
19/07/2020 12:00,295.8406
19/07/2020 13:00,295.93295
19/07/2020 14:00,296.18854
19/07/2020 15:00,295.7367
19/07/2020 16:00,295.51575
19/07/2020 17:00,295.20563
19/07/2020 18:00,294.27606
19/07/2020 19:00,293.07697
19/07/2020 20:00,292.41412
19/07/2020 21:00,291.85638
19/07/2020 22:00,291.25046
19/07/2020 23:00,290.7373
20/07/2020 0:00,290.24567
20/07/2020 1:00,290.06174
20/07/2020 2:00,289.57843
20/07/2020 3:00,289.04697
20/07/2020 4:00,288.9359
20/07/2020 5:00,290.55777
20/07/2020 6:00,292.28555
20/07/2020 7:00,294.11124
20/07/2020 8:00,295.47275
20/07/2020 9:00,296.44293
20/07/2020 10:00,297.24512
20/07/2020 11:00,298.36856
20/07/2020 12:00,298.94778
20/07/2020 13:00,299.4454
20/07/2020 14:00,299.73883
20/07/2020 15:00,299.955
20/07/2020 16:00,299.703
20/07/2020 17:00,299.01187
20/07/2020 18:00,297.5604
20/07/2020 19:00,295.68732
20/07/2020 20:00,293.9894
20/07/2020 21:00,292.93286
20/07/2020 22:00,292.30307
20/07/2020 23:00,291.6386
21/07/2020 0:00,291.26758
21/07/2020 1:00,291.32492
21/07/2020 2:00,291.2405
21/07/2020 3:00,290.87585
21/07/2020 4:00,290.49725
21/07/2020 5:00,292.47623
21/07/2020 6:00,295.84695
21/07/2020 7:00,297.54288
21/07/2020 8:00,299.12097
21/07/2020 9:00,300.48248
21/07/2020 10:00,301.51794
21/07/2020 11:00,302.29263
21/07/2020 12:00,302.8468
21/07/2020 13:00,303.18558
21/07/2020 14:00,303.30145
21/07/2020 15:00,303.27914
21/07/2020 16:00,302.89816
21/07/2020 17:00,302.10434
21/07/2020 18:00,300.44107
21/07/2020 19:00,298.64484
21/07/2020 20:00,296.95886
21/07/2020 21:00,295.59775
21/07/2020 22:00,294.42853
21/07/2020 23:00,293.96274
22/07/2020 0:00,293.64865
22/07/2020 1:00,293.0921
22/07/2020 2:00,292.26007
22/07/2020 3:00,291.70908
22/07/2020 4:00,291.139
22/07/2020 5:00,293.20834
22/07/2020 6:00,295.97278
22/07/2020 7:00,296.33145
22/07/2020 8:00,298.0254
22/07/2020 9:00,299.63293
22/07/2020 10:00,300.3503
22/07/2020 11:00,300.96936
22/07/2020 12:00,301.49524
22/07/2020 13:00,301.85632
22/07/2020 14:00,302.16684
22/07/2020 15:00,302.10315
22/07/2020 16:00,301.80457
22/07/2020 17:00,301.15646
22/07/2020 18:00,299.9538
22/07/2020 19:00,298.2101
22/07/2020 20:00,297.23593
22/07/2020 21:00,296.5536
22/07/2020 22:00,295.8812
22/07/2020 23:00,295.20123
23/07/2020 0:00,294.38553
23/07/2020 1:00,294.05432
23/07/2020 2:00,293.2573
23/07/2020 3:00,292.8333
23/07/2020 4:00,292.51923
23/07/2020 5:00,293.04312
23/07/2020 6:00,294.22708
23/07/2020 7:00,295.64713
23/07/2020 8:00,295.93216
23/07/2020 9:00,296.2216
23/07/2020 10:00,297.0357
23/07/2020 11:00,298.09467
23/07/2020 12:00,299.16116
23/07/2020 13:00,299.79614
23/07/2020 14:00,300.14847
23/07/2020 15:00,300.2261
23/07/2020 16:00,299.7213
23/07/2020 17:00,298.91635
23/07/2020 18:00,297.61414
23/07/2020 19:00,296.61212
23/07/2020 20:00,295.53763
23/07/2020 21:00,294.44565
23/07/2020 22:00,293.4906
23/07/2020 23:00,293.27402
24/07/2020 0:00,294.1578
24/07/2020 1:00,293.6355
24/07/2020 2:00,292.9822
24/07/2020 3:00,291.7298
24/07/2020 4:00,291.02036
24/07/2020 5:00,293.01328
24/07/2020 6:00,295.462
24/07/2020 7:00,294.04156
24/07/2020 8:00,295.86407
24/07/2020 9:00,297.80084
24/07/2020 10:00,299.11063
24/07/2020 11:00,299.90204
24/07/2020 12:00,300.11304
24/07/2020 13:00,299.617
24/07/2020 14:00,299.5541
24/07/2020 15:00,299.152
24/07/2020 16:00,299.37576
24/07/2020 17:00,299.01944
24/07/2020 18:00,298.0672
24/07/2020 19:00,293.89148
24/07/2020 20:00,293.35086
24/07/2020 21:00,292.77402
24/07/2020 22:00,292.51843
24/07/2020 23:00,292.3337
25/07/2020 0:00,292.3293
25/07/2020 1:00,292.11038
25/07/2020 2:00,292.0025
25/07/2020 3:00,291.88943
25/07/2020 4:00,291.85242
25/07/2020 5:00,291.83847
25/07/2020 6:00,292.0666
25/07/2020 7:00,291.44235
25/07/2020 8:00,291.6454
25/07/2020 9:00,291.9185
25/07/2020 10:00,291.73495
25/07/2020 11:00,291.7688
25/07/2020 12:00,292.0475
25/07/2020 13:00,292.77402
25/07/2020 14:00,292.56183
25/07/2020 15:00,292.68124
25/07/2020 16:00,292.66614
25/07/2020 17:00,292.91174
25/07/2020 18:00,292.72226
25/07/2020 19:00,292.09045
25/07/2020 20:00,291.83807
25/07/2020 21:00,291.72223
25/07/2020 22:00,291.52078
25/07/2020 23:00,290.86868
26/07/2020 0:00,290.30737
26/07/2020 1:00,290.07767
26/07/2020 2:00,289.94748
26/07/2020 3:00,289.59875
26/07/2020 4:00,289.40247
26/07/2020 5:00,290.65292
26/07/2020 6:00,292.5252
26/07/2020 7:00,293.92493
26/07/2020 8:00,295.32425
26/07/2020 9:00,296.55478
26/07/2020 10:00,297.67703
26/07/2020 11:00,298.5923
26/07/2020 12:00,299.1767
26/07/2020 13:00,299.4267
26/07/2020 14:00,299.70697
26/07/2020 15:00,299.54214
26/07/2020 16:00,299.35425
26/07/2020 17:00,298.5489
26/07/2020 18:00,297.26382
26/07/2020 19:00,295.71518
26/07/2020 20:00,294.37717
26/07/2020 21:00,294.10687
26/07/2020 22:00,293.28717
26/07/2020 23:00,292.5841
27/07/2020 0:00,292.30185
27/07/2020 1:00,291.9782
27/07/2020 2:00,291.16727
27/07/2020 3:00,290.45825
27/07/2020 4:00,290.15012
27/07/2020 5:00,291.58887
27/07/2020 6:00,294.70044
27/07/2020 7:00,295.9847
27/07/2020 8:00,297.51184
27/07/2020 9:00,298.8423
27/07/2020 10:00,299.7866
27/07/2020 11:00,300.21295
27/07/2020 12:00,300.75436
27/07/2020 13:00,300.77188
27/07/2020 14:00,300.86307
27/07/2020 15:00,300.84357
27/07/2020 16:00,300.55612
27/07/2020 17:00,299.45416
27/07/2020 18:00,298.5668
27/07/2020 19:00,296.28726
27/07/2020 20:00,294.29358
27/07/2020 21:00,293.0292
27/07/2020 22:00,292.2903
27/07/2020 23:00,291.63544
28/07/2020 0:00,291.15573
28/07/2020 1:00,290.76917
28/07/2020 2:00,290.35632
28/07/2020 3:00,289.89612
28/07/2020 4:00,289.62064
28/07/2020 5:00,291.4085
28/07/2020 6:00,295.5882
28/07/2020 7:00,298.32675
28/07/2020 8:00,300.10904
28/07/2020 9:00,301.40607
28/07/2020 10:00,302.53192
28/07/2020 11:00,303.4579
28/07/2020 12:00,304.1466
28/07/2020 13:00,304.64264
28/07/2020 14:00,304.83255
28/07/2020 15:00,304.68762
28/07/2020 16:00,304.15417
28/07/2020 17:00,302.53748
28/07/2020 18:00,300.73846
28/07/2020 19:00,298.96133
28/07/2020 20:00,297.5807
28/07/2020 21:00,296.37445
28/07/2020 22:00,295.04837
28/07/2020 23:00,293.8278
29/07/2020 0:00,292.8636
29/07/2020 1:00,292.08688
29/07/2020 2:00,291.50168
29/07/2020 3:00,291.16965
29/07/2020 4:00,291.2469
29/07/2020 5:00,292.80865
29/07/2020 6:00,296.54562
29/07/2020 7:00,297.97006
29/07/2020 8:00,299.78976
29/07/2020 9:00,301.35233
29/07/2020 10:00,302.48135
29/07/2020 11:00,303.34525
29/07/2020 12:00,303.9651
29/07/2020 13:00,304.44717
29/07/2020 14:00,304.65897
29/07/2020 15:00,304.59088
29/07/2020 16:00,304.1462
29/07/2020 17:00,302.9093
29/07/2020 18:00,301.2325
29/07/2020 19:00,299.90005
29/07/2020 20:00,298.53934
29/07/2020 21:00,297.44177
29/07/2020 22:00,296.45886
29/07/2020 23:00,295.462
30/07/2020 0:00,294.74222
30/07/2020 1:00,294.2195
30/07/2020 2:00,293.80072
30/07/2020 3:00,293.33295
30/07/2020 4:00,293.32697
30/07/2020 5:00,294.86484
30/07/2020 6:00,297.37448
30/07/2020 7:00,299.12653
30/07/2020 8:00,300.8539
30/07/2020 9:00,302.50204
30/07/2020 10:00,303.856
30/07/2020 11:00,304.87714
30/07/2020 12:00,305.5089
30/07/2020 13:00,305.84372
30/07/2020 14:00,305.85846
30/07/2020 15:00,305.65182
30/07/2020 16:00,304.75253
30/07/2020 17:00,303.26163
30/07/2020 18:00,301.68753
30/07/2020 19:00,300.48007
30/07/2020 20:00,299.33316
30/07/2020 21:00,298.20096
30/07/2020 22:00,297.21326
30/07/2020 23:00,296.41147
31/07/2020 0:00,295.80637
31/07/2020 1:00,295.2948
31/07/2020 2:00,295.15506
31/07/2020 3:00,294.96
31/07/2020 4:00,294.71915
31/07/2020 5:00,296.08264
31/07/2020 6:00,298.81522
31/07/2020 7:00,300.2066
31/07/2020 8:00,301.6147
31/07/2020 9:00,302.68478
31/07/2020 10:00,301.24246
31/07/2020 11:00,301.37183
31/07/2020 12:00,302.14575
31/07/2020 13:00,302.98016
31/07/2020 14:00,303.05582
31/07/2020 15:00,303.02237
31/07/2020 16:00,302.66287
31/07/2020 17:00,301.84796
31/07/2020 18:00,300.69864
31/07/2020 19:00,300.08038
31/07/2020 20:00,300.51273
31/07/2020 21:00,299.73962
31/07/2020 22:00,298.45932
31/07/2020 23:00,297.63126
01/08/2020 0:00,296.20407
01/08/2020 1:00,294.83658
01/08/2020 2:00,294.5599
01/08/2020 3:00,294.08536
01/08/2020 4:00,293.6148
01/08/2020 5:00,294.4735
01/08/2020 6:00,296.75424
01/08/2020 7:00,297.5819
01/08/2020 8:00,298.78458
01/08/2020 9:00,300.08914
01/08/2020 10:00,301.05017
01/08/2020 11:00,302.00043
01/08/2020 12:00,302.60516
01/08/2020 13:00,302.89856
01/08/2020 14:00,302.9519
01/08/2020 15:00,302.7417
01/08/2020 16:00,302.26358
01/08/2020 17:00,301.36148
01/08/2020 18:00,299.91357
01/08/2020 19:00,297.89203
01/08/2020 20:00,297.94577
01/08/2020 21:00,298.16074
01/08/2020 22:00,297.50903
01/08/2020 23:00,294.15146
02/08/2020 0:00,292.8429
02/08/2020 1:00,292.2298
02/08/2020 2:00,292.10083
02/08/2020 3:00,291.5367
02/08/2020 4:00,290.66406
02/08/2020 5:00,291.94754
02/08/2020 6:00,295.13675
02/08/2020 7:00,296.07626
02/08/2020 8:00,297.5357
02/08/2020 9:00,298.9856
02/08/2020 10:00,300.20102
02/08/2020 11:00,301.1903
02/08/2020 12:00,301.89694
02/08/2020 13:00,302.31534
02/08/2020 14:00,302.50125
02/08/2020 15:00,302.471
02/08/2020 16:00,302.00482
02/08/2020 17:00,300.8304
02/08/2020 18:00,299.1369
02/08/2020 19:00,297.74115
02/08/2020 20:00,296.89557
02/08/2020 21:00,296.4083
02/08/2020 22:00,296.10214
02/08/2020 23:00,295.76773
03/08/2020 0:00,295.34457
03/08/2020 1:00,294.96915
03/08/2020 2:00,294.7701
03/08/2020 3:00,294.3879
03/08/2020 4:00,293.64624
03/08/2020 5:00,293.82422
03/08/2020 6:00,295.0014
03/08/2020 7:00,296.77374
03/08/2020 8:00,298.42072
03/08/2020 9:00,299.90802
03/08/2020 10:00,301.086
03/08/2020 11:00,302.39893
03/08/2020 12:00,303.50366
03/08/2020 13:00,304.3003
03/08/2020 14:00,304.62115
03/08/2020 15:00,304.72467
03/08/2020 16:00,303.139
03/08/2020 17:00,299.05847
03/08/2020 18:00,296.89755
03/08/2020 19:00,297.4549
03/08/2020 20:00,296.84222
03/08/2020 21:00,296.01935
03/08/2020 22:00,295.18253
03/08/2020 23:00,294.53003
04/08/2020 0:00,294.0328
04/08/2020 1:00,293.59412
04/08/2020 2:00,293.30508
04/08/2020 3:00,293.1956
04/08/2020 4:00,292.4794
04/08/2020 5:00,293.41815
04/08/2020 6:00,294.99542
04/08/2020 7:00,294.68372
04/08/2020 8:00,296.35773
04/08/2020 9:00,298.05884
04/08/2020 10:00,299.0931
04/08/2020 11:00,299.85587
04/08/2020 12:00,300.69824
04/08/2020 13:00,300.68192
04/08/2020 14:00,299.22366
04/08/2020 15:00,297.5397
04/08/2020 16:00,296.85217
04/08/2020 17:00,296.429
04/08/2020 18:00,295.1276
04/08/2020 19:00,293.27643
04/08/2020 20:00,292.0216
04/08/2020 21:00,290.94196
04/08/2020 22:00,290.21222
04/08/2020 23:00,289.82965
05/08/2020 0:00,289.6859
05/08/2020 1:00,289.64172
05/08/2020 2:00,289.74524
05/08/2020 3:00,289.76395
05/08/2020 4:00,289.6051
05/08/2020 5:00,289.65607
05/08/2020 6:00,289.93274
05/08/2020 7:00,288.8328
05/08/2020 8:00,289.50836
05/08/2020 9:00,290.05737
05/08/2020 10:00,290.7819
05/08/2020 11:00,291.30502
05/08/2020 12:00,291.99414
05/08/2020 13:00,292.18085
05/08/2020 14:00,292.6319
05/08/2020 15:00,292.9209
05/08/2020 16:00,292.77283
05/08/2020 17:00,292.65417
05/08/2020 18:00,292.40497
05/08/2020 19:00,291.29227
05/08/2020 20:00,291.02435
05/08/2020 21:00,291.0136
05/08/2020 22:00,290.8456
05/08/2020 23:00,290.83047
06/08/2020 0:00,290.81335
06/08/2020 1:00,291.0956
06/08/2020 2:00,291.31616
06/08/2020 3:00,291.3898
06/08/2020 4:00,291.57294
06/08/2020 5:00,291.6832
06/08/2020 6:00,292.02676
06/08/2020 7:00,292.1044
06/08/2020 8:00,293.00928
06/08/2020 9:00,293.75055
06/08/2020 10:00,295.18094
06/08/2020 11:00,295.7128
06/08/2020 12:00,296.2391
06/08/2020 13:00,297.03333
06/08/2020 14:00,297.95172
06/08/2020 15:00,298.27777
06/08/2020 16:00,297.9143
06/08/2020 17:00,297.30682
06/08/2020 18:00,296.34937
06/08/2020 19:00,295.26654
06/08/2020 20:00,295.30832
06/08/2020 21:00,294.11362
06/08/2020 22:00,292.76804
06/08/2020 23:00,292.20154
07/08/2020 0:00,291.49252
07/08/2020 1:00,290.8858
07/08/2020 2:00,290.37784
07/08/2020 3:00,289.83005
07/08/2020 4:00,289.51752
07/08/2020 5:00,290.7556
07/08/2020 6:00,294.1817
07/08/2020 7:00,296.13956
07/08/2020 8:00,297.76382
07/08/2020 9:00,299.3244
07/08/2020 10:00,300.59674
07/08/2020 11:00,301.3575
07/08/2020 12:00,301.63617
07/08/2020 13:00,301.86508
07/08/2020 14:00,301.85992
07/08/2020 15:00,301.42477
07/08/2020 16:00,300.7878
07/08/2020 17:00,299.89407
07/08/2020 18:00,298.6966
07/08/2020 19:00,296.78012
07/08/2020 20:00,295.51456
07/08/2020 21:00,294.46634
07/08/2020 22:00,293.7613
07/08/2020 23:00,293.35684
08/08/2020 0:00,293.02243
08/08/2020 1:00,292.5642
08/08/2020 2:00,292.18045
08/08/2020 3:00,291.8325
08/08/2020 4:00,291.516
08/08/2020 5:00,292.55188
08/08/2020 6:00,295.2892
08/08/2020 7:00,296.5094
08/08/2020 8:00,297.50427
08/08/2020 9:00,298.8837
08/08/2020 10:00,300.13654
08/08/2020 11:00,300.82324
08/08/2020 12:00,301.53226
08/08/2020 13:00,301.756
08/08/2020 14:00,301.58084
08/08/2020 15:00,301.463
08/08/2020 16:00,301.09238
08/08/2020 17:00,300.42395
08/08/2020 18:00,299.1146
08/08/2020 19:00,296.64157
08/08/2020 20:00,296.81155
08/08/2020 21:00,297.2288
08/08/2020 22:00,296.0719
08/08/2020 23:00,294.02765
09/08/2020 0:00,293.2601
09/08/2020 1:00,292.95514
09/08/2020 2:00,292.84128
09/08/2020 3:00,292.90857
09/08/2020 4:00,293.1367
09/08/2020 5:00,293.8839
09/08/2020 6:00,296.2821
09/08/2020 7:00,298.34387
09/08/2020 8:00,300.09113
09/08/2020 9:00,301.7142
09/08/2020 10:00,302.932
09/08/2020 11:00,303.6227
09/08/2020 12:00,303.71347
09/08/2020 13:00,303.77597
09/08/2020 14:00,303.3301
09/08/2020 15:00,302.5932
09/08/2020 16:00,301.8814
09/08/2020 17:00,300.89252
09/08/2020 18:00,299.23282
09/08/2020 19:00,297.69815
09/08/2020 20:00,297.76422
09/08/2020 21:00,297.976
09/08/2020 22:00,297.44855
09/08/2020 23:00,296.888
10/08/2020 0:00,296.5341
10/08/2020 1:00,296.2972
10/08/2020 2:00,295.93176
10/08/2020 3:00,295.5492
10/08/2020 4:00,295.1642
10/08/2020 5:00,295.14154
10/08/2020 6:00,297.1185
10/08/2020 7:00,298.55804
10/08/2020 8:00,299.9745
10/08/2020 9:00,301.2532
10/08/2020 10:00,302.46024
10/08/2020 11:00,303.1187
10/08/2020 12:00,303.2931
10/08/2020 13:00,303.46506
10/08/2020 14:00,303.42007
10/08/2020 15:00,303.06097
10/08/2020 16:00,301.75403
10/08/2020 17:00,300.7874
10/08/2020 18:00,299.75793
10/08/2020 19:00,298.57477
10/08/2020 20:00,297.29605
10/08/2020 21:00,296.2347
10/08/2020 22:00,295.96878
10/08/2020 23:00,296.83783
11/08/2020 0:00,296.6173
11/08/2020 1:00,296.10294
11/08/2020 2:00,295.44766
11/08/2020 3:00,294.3744
11/08/2020 4:00,293.79874
11/08/2020 5:00,294.327
11/08/2020 6:00,297.0166
11/08/2020 7:00,298.35065
11/08/2020 8:00,299.98285
11/08/2020 9:00,301.00558
11/08/2020 10:00,301.64334
11/08/2020 11:00,302.1955
11/08/2020 12:00,302.7409
11/08/2020 13:00,302.97778
11/08/2020 14:00,302.19034
11/08/2020 15:00,300.93353
11/08/2020 16:00,300.12976
11/08/2020 17:00,299.369
11/08/2020 18:00,298.47046
11/08/2020 19:00,296.85974
11/08/2020 20:00,295.966
11/08/2020 21:00,295.35452
11/08/2020 22:00,294.84732
11/08/2020 23:00,294.2446
12/08/2020 0:00,294.30234
12/08/2020 1:00,293.1757
12/08/2020 2:00,293.29315
12/08/2020 3:00,293.08652
12/08/2020 4:00,292.9054
12/08/2020 5:00,293.29553
12/08/2020 6:00,294.34534
12/08/2020 7:00,296.77255
12/08/2020 8:00,298.19458
12/08/2020 9:00,299.11102
12/08/2020 10:00,299.66476
12/08/2020 11:00,300.2476
12/08/2020 12:00,300.77945
12/08/2020 13:00,301.215
12/08/2020 14:00,301.41046
12/08/2020 15:00,301.19388
12/08/2020 16:00,300.6055
12/08/2020 17:00,299.45697
12/08/2020 18:00,298.443
12/08/2020 19:00,298.13724
12/08/2020 20:00,298.38568
12/08/2020 21:00,297.92386
12/08/2020 22:00,297.21564
12/08/2020 23:00,296.6396
13/08/2020 0:00,295.97397
13/08/2020 1:00,295.24463
13/08/2020 2:00,294.92813
13/08/2020 3:00,294.081
13/08/2020 4:00,292.64343
13/08/2020 5:00,292.95078
13/08/2020 6:00,296.15588
13/08/2020 7:00,297.04526
13/08/2020 8:00,298.60782
13/08/2020 9:00,300.14407
13/08/2020 10:00,301.34595
13/08/2020 11:00,301.89175
13/08/2020 12:00,302.55777
13/08/2020 13:00,302.9312
13/08/2020 14:00,303.01202
13/08/2020 15:00,302.76917
13/08/2020 16:00,302.21463
13/08/2020 17:00,300.91998
13/08/2020 18:00,299.4908
13/08/2020 19:00,298.07156
13/08/2020 20:00,296.8008
13/08/2020 21:00,295.8163
13/08/2020 22:00,295.04916
13/08/2020 23:00,295.95764
14/08/2020 0:00,294.14108
14/08/2020 1:00,293.45636
14/08/2020 2:00,292.82138
14/08/2020 3:00,292.28036
14/08/2020 4:00,292.1287
14/08/2020 5:00,293.2561
14/08/2020 6:00,294.38315
14/08/2020 7:00,294.50458
14/08/2020 8:00,295.5209
14/08/2020 9:00,297.1436
14/08/2020 10:00,298.51147
14/08/2020 11:00,299.4454
14/08/2020 12:00,299.70538
14/08/2020 13:00,300.48645
14/08/2020 14:00,300.59314
14/08/2020 15:00,299.58875
14/08/2020 16:00,299.20816
14/08/2020 17:00,298.5226
14/08/2020 18:00,297.46725
14/08/2020 19:00,296.25183
14/08/2020 20:00,295.1706
14/08/2020 21:00,295.70923
14/08/2020 22:00,294.27606
14/08/2020 23:00,293.66815
15/08/2020 0:00,292.93964
15/08/2020 1:00,292.23538
15/08/2020 2:00,291.7728
15/08/2020 3:00,291.58926
15/08/2020 4:00,291.38464
15/08/2020 5:00,292.3966
15/08/2020 6:00,294.2645
15/08/2020 7:00,294.9365
15/08/2020 8:00,296.16623
15/08/2020 9:00,297.18976
15/08/2020 10:00,298.20892
15/08/2020 11:00,299.10065
15/08/2020 12:00,298.85464
15/08/2020 13:00,298.28574
15/08/2020 14:00,296.81793
15/08/2020 15:00,296.7061
15/08/2020 16:00,296.58585
15/08/2020 17:00,296.3637
15/08/2020 18:00,295.7347
15/08/2020 19:00,294.83896
15/08/2020 20:00,294.04276
15/08/2020 21:00,293.43765
15/08/2020 22:00,292.71548
15/08/2020 23:00,292.46866
16/08/2020 0:00,292.23856
16/08/2020 1:00,292.2768
16/08/2020 2:00,292.47504
16/08/2020 3:00,292.32297
16/08/2020 4:00,292.60403
16/08/2020 5:00,292.92648
16/08/2020 6:00,294.18567
16/08/2020 7:00,295.5926
16/08/2020 8:00,296.85535
16/08/2020 9:00,298.04968
16/08/2020 10:00,299.17273
16/08/2020 11:00,299.84073
16/08/2020 12:00,300.40762
16/08/2020 13:00,300.21097
16/08/2020 14:00,300.24243
16/08/2020 15:00,299.8853
16/08/2020 16:00,299.19183
16/08/2020 17:00,298.2527
16/08/2020 18:00,297.3474
16/08/2020 19:00,296.98553
16/08/2020 20:00,295.93814
16/08/2020 21:00,295.30994
16/08/2020 22:00,294.6459
16/08/2020 23:00,294.1144
17/08/2020 0:00,293.52203
17/08/2020 1:00,292.80746
17/08/2020 2:00,292.4818
17/08/2020 3:00,291.9786
17/08/2020 4:00,291.61713
17/08/2020 5:00,292.30585
17/08/2020 6:00,294.76215
17/08/2020 7:00,296.5094
17/08/2020 8:00,298.2977
17/08/2020 9:00,299.6588
17/08/2020 10:00,300.92078
17/08/2020 11:00,301.5084
17/08/2020 12:00,301.72815
17/08/2020 13:00,301.8635
17/08/2020 14:00,301.6525
17/08/2020 15:00,301.676
17/08/2020 16:00,301.21417
17/08/2020 17:00,300.07242
17/08/2020 18:00,298.8459
17/08/2020 19:00,297.80524
17/08/2020 20:00,297.27893
17/08/2020 21:00,295.9039
17/08/2020 22:00,295.26813
17/08/2020 23:00,294.72552
18/08/2020 0:00,295.03442
18/08/2020 1:00,293.50174
18/08/2020 2:00,293.1984
18/08/2020 3:00,293.29514
18/08/2020 4:00,293.02362
18/08/2020 5:00,293.33972
18/08/2020 6:00,294.35886
18/08/2020 7:00,293.76965
18/08/2020 8:00,295.128
18/08/2020 9:00,296.36212
18/08/2020 10:00,297.38843
18/08/2020 11:00,298.1249
18/08/2020 12:00,298.27182
18/08/2020 13:00,296.24585
18/08/2020 14:00,295.00418
18/08/2020 15:00,294.0957
18/08/2020 16:00,293.78717
18/08/2020 17:00,293.6534
18/08/2020 18:00,293.16098
18/08/2020 19:00,292.6291
18/08/2020 20:00,292.25687
18/08/2020 21:00,291.7915
18/08/2020 22:00,291.53113
18/08/2020 23:00,291.32928
19/08/2020 0:00,291.33725
19/08/2020 1:00,291.21027
19/08/2020 2:00,291.0558
19/08/2020 3:00,290.93198
19/08/2020 4:00,290.7823
19/08/2020 5:00,291.141
19/08/2020 6:00,292.19595
19/08/2020 7:00,293.49857
19/08/2020 8:00,295.24185
19/08/2020 9:00,296.73315
19/08/2020 10:00,297.5648
19/08/2020 11:00,298.2746
19/08/2020 12:00,298.609
19/08/2020 13:00,298.40756
19/08/2020 14:00,298.42587
19/08/2020 15:00,298.0851
19/08/2020 16:00,297.71008
19/08/2020 17:00,296.89914
19/08/2020 18:00,295.86688
19/08/2020 19:00,294.88992
19/08/2020 20:00,293.8648
19/08/2020 21:00,293.14465
19/08/2020 22:00,292.61874
19/08/2020 23:00,291.69156
20/08/2020 0:00,290.86072
20/08/2020 1:00,290.43915
20/08/2020 2:00,290.19708
20/08/2020 3:00,290.28586
20/08/2020 4:00,291.4077
20/08/2020 5:00,291.50964
20/08/2020 6:00,293.23938
20/08/2020 7:00,295.42856
20/08/2020 8:00,296.89636
20/08/2020 9:00,298.1046
20/08/2020 10:00,299.1385
20/08/2020 11:00,299.8475
20/08/2020 12:00,300.3499
20/08/2020 13:00,300.6238
20/08/2020 14:00,300.70184
20/08/2020 15:00,300.55093
20/08/2020 16:00,300.08795
20/08/2020 17:00,298.82758
20/08/2020 18:00,297.41788
20/08/2020 19:00,297.31436
20/08/2020 20:00,295.52173
20/08/2020 21:00,294.0571
20/08/2020 22:00,293.35922
20/08/2020 23:00,293.09488
21/08/2020 0:00,292.54987
21/08/2020 1:00,291.69318
21/08/2020 2:00,291.00644
21/08/2020 3:00,290.47934
21/08/2020 4:00,289.9272
21/08/2020 5:00,290.24207
21/08/2020 6:00,294.16815
21/08/2020 7:00,296.68536
21/08/2020 8:00,298.3598
21/08/2020 9:00,299.62735
21/08/2020 10:00,300.62262
21/08/2020 11:00,301.42758
21/08/2020 12:00,302.03506
21/08/2020 13:00,302.49728
21/08/2020 14:00,302.6613
21/08/2020 15:00,302.5148
21/08/2020 16:00,301.9029
21/08/2020 17:00,300.55692
21/08/2020 18:00,298.80008
21/08/2020 19:00,297.3936
21/08/2020 20:00,296.3422
21/08/2020 21:00,295.40506
21/08/2020 22:00,294.48386
21/08/2020 23:00,293.60406
22/08/2020 0:00,292.84924
22/08/2020 1:00,292.2923
22/08/2020 2:00,291.81577
22/08/2020 3:00,291.3942
22/08/2020 4:00,291.06696
22/08/2020 5:00,291.67685
22/08/2020 6:00,294.96915
22/08/2020 7:00,297.47202
22/08/2020 8:00,299.64566
22/08/2020 9:00,301.34915
22/08/2020 10:00,302.53906
22/08/2020 11:00,303.4145
22/08/2020 12:00,304.01166
22/08/2020 13:00,304.41772
22/08/2020 14:00,304.51486
22/08/2020 15:00,304.29987
22/08/2020 16:00,303.50766
22/08/2020 17:00,301.9634
22/08/2020 18:00,300.1178
22/08/2020 19:00,298.73798
22/08/2020 20:00,297.38007
22/08/2020 21:00,296.17938
22/08/2020 22:00,295.5683
22/08/2020 23:00,295.61804
23/08/2020 0:00,295.1256
23/08/2020 1:00,294.85608
23/08/2020 2:00,294.54794
23/08/2020 3:00,293.96036
23/08/2020 4:00,293.59412
23/08/2020 5:00,293.20236
23/08/2020 6:00,293.2848
23/08/2020 7:00,294.41418
23/08/2020 8:00,294.10486
23/08/2020 9:00,294.02603
23/08/2020 10:00,294.6479
23/08/2020 11:00,295.0786
23/08/2020 12:00,296.05756
23/08/2020 13:00,296.83505
23/08/2020 14:00,297.66867
23/08/2020 15:00,298.0242
23/08/2020 16:00,297.96567
23/08/2020 17:00,297.27377
23/08/2020 18:00,296.32867
23/08/2020 19:00,294.329
23/08/2020 20:00,293.27722
23/08/2020 21:00,292.66412
23/08/2020 22:00,292.4595
23/08/2020 23:00,292.60602
24/08/2020 0:00,292.61676
24/08/2020 1:00,292.68204
24/08/2020 2:00,292.78555
24/08/2020 3:00,292.97507
24/08/2020 4:00,292.92886
24/08/2020 5:00,292.90857
24/08/2020 6:00,293.55112
24/08/2020 7:00,293.8465
24/08/2020 8:00,294.17255
24/08/2020 9:00,294.85648
24/08/2020 10:00,295.23032
24/08/2020 11:00,295.544
24/08/2020 12:00,296.08942
24/08/2020 13:00,296.70926
24/08/2020 14:00,296.61053
24/08/2020 15:00,296.4274
24/08/2020 16:00,295.9477
24/08/2020 17:00,295.20242
24/08/2020 18:00,294.17056
24/08/2020 19:00,293.86005
24/08/2020 20:00,293.06183
24/08/2020 21:00,292.31262
24/08/2020 22:00,291.63742
24/08/2020 23:00,291.2692
25/08/2020 0:00,291.06177
25/08/2020 1:00,291.00446
25/08/2020 2:00,290.93
25/08/2020 3:00,291.1195
25/08/2020 4:00,291.3078
25/08/2020 5:00,291.33966
25/08/2020 6:00,292.20352
25/08/2020 7:00,293.98743
25/08/2020 8:00,295.4819
25/08/2020 9:00,296.64874
25/08/2020 10:00,297.40634
25/08/2020 11:00,297.98358
25/08/2020 12:00,298.52063
25/08/2020 13:00,298.70813
25/08/2020 14:00,298.6715
25/08/2020 15:00,298.39203
25/08/2020 16:00,297.80005
25/08/2020 17:00,296.52176
25/08/2020 18:00,296.5504
25/08/2020 19:00,294.10327
25/08/2020 20:00,291.91492
25/08/2020 21:00,290.76837
25/08/2020 22:00,289.97137
25/08/2020 23:00,289.52988
26/08/2020 0:00,288.90802
26/08/2020 1:00,288.20538
26/08/2020 2:00,287.72766
26/08/2020 3:00,287.53656
26/08/2020 4:00,287.27423
26/08/2020 5:00,287.73602
26/08/2020 6:00,291.76642
26/08/2020 7:00,294.6009
26/08/2020 8:00,296.5532
26/08/2020 9:00,298.1297
26/08/2020 10:00,299.33713
26/08/2020 11:00,300.36066
26/08/2020 12:00,301.14093
26/08/2020 13:00,301.7397
26/08/2020 14:00,302.06454
26/08/2020 15:00,301.9264
26/08/2020 16:00,301.03146
26/08/2020 17:00,299.47647
26/08/2020 18:00,297.34543
26/08/2020 19:00,295.27768
26/08/2020 20:00,293.86243
26/08/2020 21:00,292.89264
26/08/2020 22:00,292.32693
26/08/2020 23:00,292.14462
27/08/2020 0:00,291.80264
27/08/2020 1:00,291.8731
27/08/2020 2:00,291.38782
27/08/2020 3:00,290.90173
27/08/2020 4:00,290.65253
27/08/2020 5:00,290.674
27/08/2020 6:00,293.47784
27/08/2020 7:00,295.9007
27/08/2020 8:00,296.93857
27/08/2020 9:00,297.69894
27/08/2020 10:00,298.5724
27/08/2020 11:00,299.27982
27/08/2020 12:00,299.81485
27/08/2020 13:00,300.15643
27/08/2020 14:00,300.16956
27/08/2020 15:00,299.9486
27/08/2020 16:00,299.2607
27/08/2020 17:00,297.8522
27/08/2020 18:00,296.3836
27/08/2020 19:00,295.19287
27/08/2020 20:00,294.10806
27/08/2020 21:00,293.45477
27/08/2020 22:00,292.97028
27/08/2020 23:00,292.231
28/08/2020 0:00,291.8317
28/08/2020 1:00,291.18875
28/08/2020 2:00,290.6752
28/08/2020 3:00,290.17242
28/08/2020 4:00,289.8344
28/08/2020 5:00,289.9455
28/08/2020 6:00,292.48102
28/08/2020 7:00,294.31427
28/08/2020 8:00,296.07828
28/08/2020 9:00,297.79886
28/08/2020 10:00,299.2615
28/08/2020 11:00,300.40683
28/08/2020 12:00,301.28983
28/08/2020 13:00,301.75522
28/08/2020 14:00,302.06732
28/08/2020 15:00,301.95663
28/08/2020 16:00,301.31332
28/08/2020 17:00,299.98206
28/08/2020 18:00,298.5003
28/08/2020 19:00,297.25388
28/08/2020 20:00,296.50104
28/08/2020 21:00,295.92062
28/08/2020 22:00,295.30316
28/08/2020 23:00,294.5181
29/08/2020 0:00,293.68448
29/08/2020 1:00,293.0455
29/08/2020 2:00,292.51883
29/08/2020 3:00,292.11954
29/08/2020 4:00,291.77795
29/08/2020 5:00,292.05106
29/08/2020 6:00,295.55914
29/08/2020 7:00,298.90958
29/08/2020 8:00,301.32803
29/08/2020 9:00,303.02396
29/08/2020 10:00,304.3373
29/08/2020 11:00,305.3421
29/08/2020 12:00,305.92532
29/08/2020 13:00,305.77048
29/08/2020 14:00,305.4488
29/08/2020 15:00,305.2398
29/08/2020 16:00,304.07574
29/08/2020 17:00,302.424
29/08/2020 18:00,300.51233
29/08/2020 19:00,299.44223
29/08/2020 20:00,298.6297
29/08/2020 21:00,297.93222
29/08/2020 22:00,297.2658
29/08/2020 23:00,296.56235
30/08/2020 0:00,295.81274
30/08/2020 1:00,295.1085
30/08/2020 2:00,294.55753
30/08/2020 3:00,293.92096
30/08/2020 4:00,293.0929
30/08/2020 5:00,292.6916
30/08/2020 6:00,295.70206
30/08/2020 7:00,298.70377
30/08/2020 8:00,301.00955
30/08/2020 9:00,302.7859
30/08/2020 10:00,304.14502
30/08/2020 11:00,305.25372
30/08/2020 12:00,306.1666
30/08/2020 13:00,306.8995
30/08/2020 14:00,307.36768
30/08/2020 15:00,306.50577
30/08/2020 16:00,305.24936
30/08/2020 17:00,303.59045
30/08/2020 18:00,301.95346
30/08/2020 19:00,299.54654
30/08/2020 20:00,297.52496
30/08/2020 21:00,296.72836
30/08/2020 22:00,296.76102
30/08/2020 23:00,296.7387
31/08/2020 0:00,296.32388
31/08/2020 1:00,296.03287
31/08/2020 2:00,295.91983
31/08/2020 3:00,295.4441
31/08/2020 4:00,294.833
31/08/2020 5:00,294.32822
31/08/2020 6:00,295.62045
31/08/2020 7:00,296.6957
31/08/2020 8:00,296.6006
31/08/2020 9:00,296.14474
31/08/2020 10:00,295.1503
31/08/2020 11:00,292.61118
31/08/2020 12:00,291.46902
31/08/2020 13:00,290.9511
31/08/2020 14:00,290.6995
31/08/2020 15:00,290.52512
31/08/2020 16:00,290.4738
31/08/2020 17:00,290.5721
31/08/2020 18:00,290.37463
31/08/2020 19:00,289.7727
31/08/2020 20:00,289.39014
31/08/2020 21:00,289.27866
31/08/2020 22:00,289.12857
31/08/2020 23:00,289.03583
01/09/2020 0:00,288.918
01/09/2020 1:00,288.95343
01/09/2020 2:00,288.5541
01/09/2020 3:00,288.29257
01/09/2020 4:00,288.3089
01/09/2020 5:00,288.4586
01/09/2020 6:00,288.8531
01/09/2020 7:00,288.9152
01/09/2020 8:00,289.53305
01/09/2020 9:00,290.34796
01/09/2020 10:00,291.66132
01/09/2020 11:00,292.52957
01/09/2020 12:00,293.31146
01/09/2020 13:00,293.4042
01/09/2020 14:00,293.50772
01/09/2020 15:00,292.2047
01/09/2020 16:00,291.31177
01/09/2020 17:00,290.66885
01/09/2020 18:00,289.95505
01/09/2020 19:00,289.3989
01/09/2020 20:00,288.12457
01/09/2020 21:00,287.35464
01/09/2020 22:00,286.88806
01/09/2020 23:00,287.18427
02/09/2020 0:00,287.8658
02/09/2020 1:00,287.6329
02/09/2020 2:00,287.38092
02/09/2020 3:00,287.38052
02/09/2020 4:00,287.2157
02/09/2020 5:00,287.0672
02/09/2020 6:00,287.16913
02/09/2020 7:00,289.47653
02/09/2020 8:00,290.4483
02/09/2020 9:00,291.46426
02/09/2020 10:00,292.42688
02/09/2020 11:00,293.16257
02/09/2020 12:00,293.62555
02/09/2020 13:00,293.97906
02/09/2020 14:00,294.03998
02/09/2020 15:00,293.87317
02/09/2020 16:00,293.44043
02/09/2020 17:00,292.28873
02/09/2020 18:00,290.3424
02/09/2020 19:00,288.7683
02/09/2020 20:00,287.67392
02/09/2020 21:00,287.25153
02/09/2020 22:00,286.76147
02/09/2020 23:00,286.55603
03/09/2020 0:00,286.23596
03/09/2020 1:00,285.8721
03/09/2020 2:00,285.7463
03/09/2020 3:00,286.4816
03/09/2020 4:00,287.0692
03/09/2020 5:00,286.523
03/09/2020 6:00,287.7189
03/09/2020 7:00,289.9017
03/09/2020 8:00,291.74692
03/09/2020 9:00,292.91095
03/09/2020 10:00,293.85168
03/09/2020 11:00,294.55792
03/09/2020 12:00,294.915
03/09/2020 13:00,294.88596
03/09/2020 14:00,294.53958
03/09/2020 15:00,293.68884
03/09/2020 16:00,293.10007
03/09/2020 17:00,292.21268
03/09/2020 18:00,291.1386
03/09/2020 19:00,289.75998
03/09/2020 20:00,288.8097
03/09/2020 21:00,288.0772
03/09/2020 22:00,287.37335
03/09/2020 23:00,286.85144
04/09/2020 0:00,286.66354
04/09/2020 1:00,286.4864
04/09/2020 2:00,285.88446
04/09/2020 3:00,285.80682
04/09/2020 4:00,285.8331
04/09/2020 5:00,285.78452
04/09/2020 6:00,288.19623
04/09/2020 7:00,290.77356
04/09/2020 8:00,292.69
04/09/2020 9:00,294.37598
04/09/2020 10:00,295.55316
04/09/2020 11:00,296.3263
04/09/2020 12:00,296.92462
04/09/2020 13:00,297.24033
04/09/2020 14:00,297.31277
04/09/2020 15:00,297.10895
04/09/2020 16:00,296.5723
04/09/2020 17:00,295.1224
04/09/2020 18:00,293.27322
04/09/2020 19:00,291.6247
04/09/2020 20:00,290.52792
04/09/2020 21:00,289.88458
04/09/2020 22:00,289.47614
04/09/2020 23:00,288.9801
05/09/2020 0:00,288.50436
05/09/2020 1:00,287.9056
05/09/2020 2:00,287.4227
05/09/2020 3:00,287.08353
05/09/2020 4:00,286.8371
05/09/2020 5:00,286.8781
05/09/2020 6:00,289.95465
05/09/2020 7:00,293.34012
05/09/2020 8:00,295.34735
05/09/2020 9:00,296.77493
05/09/2020 10:00,297.78812
05/09/2020 11:00,298.56122
05/09/2020 12:00,299.12177
05/09/2020 13:00,299.47208
05/09/2020 14:00,299.56644
05/09/2020 15:00,299.3053
05/09/2020 16:00,298.5441
05/09/2020 17:00,297.02933
05/09/2020 18:00,295.2765
05/09/2020 19:00,293.7884
05/09/2020 20:00,292.53116
05/09/2020 21:00,291.21744
05/09/2020 22:00,290.0502
05/09/2020 23:00,289.15524
06/09/2020 0:00,288.60867
06/09/2020 1:00,288.25714
06/09/2020 2:00,287.9251
06/09/2020 3:00,287.73083
06/09/2020 4:00,287.5561
06/09/2020 5:00,287.8057
06/09/2020 6:00,290.5303
06/09/2020 7:00,293.6351
06/09/2020 8:00,295.64514
06/09/2020 9:00,297.27576
06/09/2020 10:00,298.48758
06/09/2020 11:00,299.42828
06/09/2020 12:00,300.0211
06/09/2020 13:00,300.36343
06/09/2020 14:00,300.40326
06/09/2020 15:00,300.15283
06/09/2020 16:00,299.27542
06/09/2020 17:00,297.78574
06/09/2020 18:00,296.11288
06/09/2020 19:00,294.56506
06/09/2020 20:00,293.0889
06/09/2020 21:00,292.28116
06/09/2020 22:00,291.5956
06/09/2020 23:00,291.2222
07/09/2020 0:00,290.7843
07/09/2020 1:00,290.45386
07/09/2020 2:00,290.26318
07/09/2020 3:00,289.99646
07/09/2020 4:00,289.74088
07/09/2020 5:00,289.76276
07/09/2020 6:00,290.59998
07/09/2020 7:00,291.2039
07/09/2020 8:00,292.26245
07/09/2020 9:00,293.50174
07/09/2020 10:00,294.54794
07/09/2020 11:00,295.4835
07/09/2020 12:00,295.88956
07/09/2020 13:00,296.28528
07/09/2020 14:00,296.49905
07/09/2020 15:00,295.7932
07/09/2020 16:00,295.17615
07/09/2020 17:00,294.35687
07/09/2020 18:00,293.47308
07/09/2020 19:00,292.80386
07/09/2020 20:00,292.149
07/09/2020 21:00,291.62787
07/09/2020 22:00,290.94473
07/09/2020 23:00,290.2819
08/09/2020 0:00,289.68472
08/09/2020 1:00,289.18433
08/09/2020 2:00,288.57043
08/09/2020 3:00,288.08636
08/09/2020 4:00,287.64725
08/09/2020 5:00,287.2778
08/09/2020 6:00,288.9809
08/09/2020 7:00,289.87064
08/09/2020 8:00,291.42047
08/09/2020 9:00,293.12234
08/09/2020 10:00,294.44327
08/09/2020 11:00,295.1049
08/09/2020 12:00,295.66144
08/09/2020 13:00,296.20486
08/09/2020 14:00,296.51617
08/09/2020 15:00,296.46164
08/09/2020 16:00,295.85892
08/09/2020 17:00,294.59415
08/09/2020 18:00,292.65976
08/09/2020 19:00,291.31018
08/09/2020 20:00,290.48215
08/09/2020 21:00,289.85632
08/09/2020 22:00,289.35074
08/09/2020 23:00,288.77866
09/09/2020 0:00,288.21335
09/09/2020 1:00,287.9542
09/09/2020 2:00,287.62177
09/09/2020 3:00,287.3435
09/09/2020 4:00,287.01385
09/09/2020 5:00,286.66153
09/09/2020 6:00,288.89886
09/09/2020 7:00,292.15216
09/09/2020 8:00,294.16656
09/09/2020 9:00,295.88876
09/09/2020 10:00,297.181
09/09/2020 11:00,298.05923
09/09/2020 12:00,298.60782
09/09/2020 13:00,298.93265
09/09/2020 14:00,299.03616
09/09/2020 15:00,298.84427
09/09/2020 16:00,297.99792
09/09/2020 17:00,296.50104
09/09/2020 18:00,294.3935
09/09/2020 19:00,295.29837
09/09/2020 20:00,294.39587
09/09/2020 21:00,293.52444
09/09/2020 22:00,292.68005
09/09/2020 23:00,292.0037
10/09/2020 0:00,291.57413
10/09/2020 1:00,291.2652
10/09/2020 2:00,290.92682
10/09/2020 3:00,290.6736
10/09/2020 4:00,290.4264
10/09/2020 5:00,289.87265
10/09/2020 6:00,290.16882
10/09/2020 7:00,293.56265
10/09/2020 8:00,295.55795
10/09/2020 9:00,297.08347
10/09/2020 10:00,298.22046
10/09/2020 11:00,299.05847
10/09/2020 12:00,299.4689
10/09/2020 13:00,299.5987
10/09/2020 14:00,299.42194
10/09/2020 15:00,298.87256
10/09/2020 16:00,297.7041
10/09/2020 17:00,296.1288
10/09/2020 18:00,294.67017
10/09/2020 19:00,293.30548
10/09/2020 20:00,292.7573
10/09/2020 21:00,291.64578
10/09/2020 22:00,290.2803
10/09/2020 23:00,289.43195
11/09/2020 0:00,288.87738
11/09/2020 1:00,288.52704
11/09/2020 2:00,288.35107
11/09/2020 3:00,288.17075
11/09/2020 4:00,288.0772
11/09/2020 5:00,288.0752
11/09/2020 6:00,290.2763
11/09/2020 7:00,292.40894
11/09/2020 8:00,294.22867
11/09/2020 9:00,295.587
11/09/2020 10:00,297.09103
11/09/2020 11:00,298.47205
11/09/2020 12:00,299.34866
11/09/2020 13:00,299.7181
11/09/2020 14:00,299.79813
11/09/2020 15:00,299.43268
11/09/2020 16:00,298.2523
11/09/2020 17:00,296.57867
11/09/2020 18:00,295.43732
11/09/2020 19:00,294.46515
11/09/2020 20:00,293.58893
11/09/2020 21:00,293.06464
11/09/2020 22:00,292.57895
11/09/2020 23:00,292.02756
12/09/2020 0:00,291.55304
12/09/2020 1:00,290.69434
12/09/2020 2:00,289.99246
12/09/2020 3:00,289.65686
12/09/2020 4:00,289.28146
12/09/2020 5:00,289.1302
12/09/2020 6:00,291.29984
12/09/2020 7:00,293.5917
12/09/2020 8:00,295.56232
12/09/2020 9:00,297.31238
12/09/2020 10:00,298.76187
12/09/2020 11:00,299.88373
12/09/2020 12:00,300.54498
12/09/2020 13:00,300.9558
12/09/2020 14:00,301.03784
12/09/2020 15:00,300.75677
12/09/2020 16:00,299.75714
12/09/2020 17:00,298.10422
12/09/2020 18:00,296.55002
12/09/2020 19:00,295.2331
12/09/2020 20:00,293.9719
12/09/2020 21:00,292.74057
12/09/2020 22:00,291.774
12/09/2020 23:00,291.0952
13/09/2020 0:00,290.69153
13/09/2020 1:00,290.3181
13/09/2020 2:00,289.7325
13/09/2020 3:00,289.36108
13/09/2020 4:00,289.2054
13/09/2020 5:00,289.16522
13/09/2020 6:00,291.17523
13/09/2020 7:00,293.87677
13/09/2020 8:00,295.36166
13/09/2020 9:00,297.59146
13/09/2020 10:00,299.4303
13/09/2020 11:00,300.7321
13/09/2020 12:00,301.5052
13/09/2020 13:00,301.22055
13/09/2020 14:00,301.0876
13/09/2020 15:00,300.82605
13/09/2020 16:00,299.828
13/09/2020 17:00,298.3383
13/09/2020 18:00,296.82907
13/09/2020 19:00,295.66425
13/09/2020 20:00,294.71118
13/09/2020 21:00,293.85446
13/09/2020 22:00,293.0304
13/09/2020 23:00,292.1263
14/09/2020 0:00,291.35318
14/09/2020 1:00,290.7596
14/09/2020 2:00,290.27155
14/09/2020 3:00,289.85712
14/09/2020 4:00,289.49683
14/09/2020 5:00,289.49603
14/09/2020 6:00,291.35556
14/09/2020 7:00,294.7267
14/09/2020 8:00,296.6575
14/09/2020 9:00,298.3558
14/09/2020 10:00,299.6608
14/09/2020 11:00,300.48764
14/09/2020 12:00,300.9188
14/09/2020 13:00,301.06808
14/09/2020 14:00,300.9196
14/09/2020 15:00,300.5597
14/09/2020 16:00,299.44104
14/09/2020 17:00,298.0258
14/09/2020 18:00,296.7841
14/09/2020 19:00,295.3756
14/09/2020 20:00,294.11563
14/09/2020 21:00,292.95514
14/09/2020 22:00,292.11673
14/09/2020 23:00,291.4965
15/09/2020 0:00,291.04703
15/09/2020 1:00,290.5753
15/09/2020 2:00,290.16684
15/09/2020 3:00,289.74286
15/09/2020 4:00,289.36865
15/09/2020 5:00,289.17117
15/09/2020 6:00,291.14417
15/09/2020 7:00,294.56946
15/09/2020 8:00,296.2813
15/09/2020 9:00,298.0401
15/09/2020 10:00,299.54095
15/09/2020 11:00,300.668
15/09/2020 12:00,301.43353
15/09/2020 13:00,301.83484
15/09/2020 14:00,301.83005
15/09/2020 15:00,301.41364
15/09/2020 16:00,300.25238
15/09/2020 17:00,298.5656
15/09/2020 18:00,297.19852
15/09/2020 19:00,296.2383
15/09/2020 20:00,295.30435
15/09/2020 21:00,294.51013
15/09/2020 22:00,293.7219
15/09/2020 23:00,292.78793
16/09/2020 0:00,291.8134
16/09/2020 1:00,291.0156
16/09/2020 2:00,290.4256
16/09/2020 3:00,290.09238
16/09/2020 4:00,289.85272
16/09/2020 5:00,289.84558
16/09/2020 6:00,291.48337
16/09/2020 7:00,294.3505
16/09/2020 8:00,295.95724
16/09/2020 9:00,297.3932
16/09/2020 10:00,298.70096
16/09/2020 11:00,299.705
16/09/2020 12:00,300.38852
16/09/2020 13:00,300.76035
16/09/2020 14:00,300.8762
16/09/2020 15:00,300.6879
16/09/2020 16:00,299.54575
16/09/2020 17:00,297.99274
16/09/2020 18:00,296.07706
16/09/2020 19:00,294.3883
16/09/2020 20:00,293.46234
16/09/2020 21:00,293.16296
16/09/2020 22:00,293.90344
16/09/2020 23:00,293.6534
17/09/2020 0:00,293.28397
17/09/2020 1:00,292.87314
17/09/2020 2:00,292.45395
17/09/2020 3:00,292.0992
17/09/2020 4:00,291.1593
17/09/2020 5:00,290.0263
17/09/2020 6:00,291.54388
17/09/2020 7:00,293.37833
17/09/2020 8:00,294.82385
17/09/2020 9:00,296.53528
17/09/2020 10:00,297.9187
17/09/2020 11:00,299.06085
17/09/2020 12:00,299.6982
17/09/2020 13:00,299.90482
17/09/2020 14:00,300.06726
17/09/2020 15:00,299.79376
17/09/2020 16:00,298.55963
17/09/2020 17:00,297.15393
17/09/2020 18:00,295.91464
17/09/2020 19:00,295.49106
17/09/2020 20:00,294.58337
17/09/2020 21:00,293.5726
17/09/2020 22:00,292.51324
17/09/2020 23:00,291.73257
18/09/2020 0:00,291.21185
18/09/2020 1:00,290.71622
18/09/2020 2:00,290.29462
18/09/2020 3:00,289.85712
18/09/2020 4:00,289.48608
18/09/2020 5:00,289.26236
18/09/2020 6:00,289.6859
18/09/2020 7:00,289.25916
18/09/2020 8:00,289.59555
18/09/2020 9:00,290.14532
18/09/2020 10:00,291.29504
18/09/2020 11:00,291.8329
18/09/2020 12:00,292.30823
18/09/2020 13:00,292.68326
18/09/2020 14:00,293.0316
18/09/2020 15:00,293.00253
18/09/2020 16:00,292.60483
18/09/2020 17:00,291.69156
18/09/2020 18:00,290.62903
18/09/2020 19:00,289.95862
18/09/2020 20:00,289.0179
18/09/2020 21:00,287.96613
18/09/2020 22:00,286.85065
18/09/2020 23:00,285.9203
19/09/2020 0:00,285.10178
19/09/2020 1:00,284.53964
19/09/2020 2:00,283.9019
19/09/2020 3:00,283.31906
19/09/2020 4:00,282.79437
19/09/2020 5:00,282.495
19/09/2020 6:00,284.1949
19/09/2020 7:00,287.22208
19/09/2020 8:00,288.65683
19/09/2020 9:00,289.78943
19/09/2020 10:00,291.19592
19/09/2020 11:00,292.0045
19/09/2020 12:00,293.01447
19/09/2020 13:00,293.5049
19/09/2020 14:00,293.62158
19/09/2020 15:00,293.2593
19/09/2020 16:00,292.5081
19/09/2020 17:00,291.17285
19/09/2020 18:00,290.4439
19/09/2020 19:00,289.2257
19/09/2020 20:00,287.60944
19/09/2020 21:00,286.34824
19/09/2020 22:00,286.46567
19/09/2020 23:00,286.55167
20/09/2020 0:00,286.51425
20/09/2020 1:00,286.38565
20/09/2020 2:00,286.15356
20/09/2020 3:00,286.34784
20/09/2020 4:00,286.39243
20/09/2020 5:00,285.52814
20/09/2020 6:00,286.4864
20/09/2020 7:00,288.5796
20/09/2020 8:00,291.04266
20/09/2020 9:00,292.90857
20/09/2020 10:00,294.42734
20/09/2020 11:00,295.59378
20/09/2020 12:00,296.35336
20/09/2020 13:00,296.724
20/09/2020 14:00,296.82312
20/09/2020 15:00,296.54483
20/09/2020 16:00,295.58142
20/09/2020 17:00,294.1813
20/09/2020 18:00,292.6279
20/09/2020 19:00,292.89462
20/09/2020 20:00,291.94595
20/09/2020 21:00,290.94354
20/09/2020 22:00,290.29663
20/09/2020 23:00,288.19504
21/09/2020 0:00,286.8976
21/09/2020 1:00,286.62213
21/09/2020 2:00,286.2937
21/09/2020 3:00,286.0385
21/09/2020 4:00,285.84503
21/09/2020 5:00,285.70053
21/09/2020 6:00,287.31842
21/09/2020 7:00,290.48572
21/09/2020 8:00,292.46548
21/09/2020 9:00,294.31506
21/09/2020 10:00,295.89832
21/09/2020 11:00,297.15155
21/09/2020 12:00,298.03732
21/09/2020 13:00,298.49356
21/09/2020 14:00,298.49634
21/09/2020 15:00,298.1082
21/09/2020 16:00,297.04922
21/09/2020 17:00,295.49863
21/09/2020 18:00,293.86243
21/09/2020 19:00,292.70712
21/09/2020 20:00,291.69516
21/09/2020 21:00,290.87585
21/09/2020 22:00,290.2174
21/09/2020 23:00,289.62103
22/09/2020 0:00,289.08002
22/09/2020 1:00,288.60867
22/09/2020 2:00,288.15085
22/09/2020 3:00,287.60464
22/09/2020 4:00,287.04572
22/09/2020 5:00,286.6285
22/09/2020 6:00,288.02664
22/09/2020 7:00,290.81097
22/09/2020 8:00,293.0069
22/09/2020 9:00,294.94247
22/09/2020 10:00,296.50742
22/09/2020 11:00,297.74274
22/09/2020 12:00,298.4999
22/09/2020 13:00,298.82437
22/09/2020 14:00,298.8212
22/09/2020 15:00,297.44772
22/09/2020 16:00,295.97156
22/09/2020 17:00,294.7108
22/09/2020 18:00,293.5085
22/09/2020 19:00,293.16376
22/09/2020 20:00,291.8926
22/09/2020 21:00,291.09482
22/09/2020 22:00,290.56216
22/09/2020 23:00,289.87024
23/09/2020 0:00,289.33957
23/09/2020 1:00,289.34634
23/09/2020 2:00,289.6497
23/09/2020 3:00,289.5219
23/09/2020 4:00,288.7874
23/09/2020 5:00,288.47888
23/09/2020 6:00,290.0064
23/09/2020 7:00,291.4376
23/09/2020 8:00,292.8624
23/09/2020 9:00,294.5181
23/09/2020 10:00,295.7801
23/09/2020 11:00,296.8641
23/09/2020 12:00,297.46127
23/09/2020 13:00,297.42267
23/09/2020 14:00,297.30243
23/09/2020 15:00,296.7423
23/09/2020 16:00,295.7972
23/09/2020 17:00,294.71237
23/09/2020 18:00,293.4269
23/09/2020 19:00,292.01166
23/09/2020 20:00,291.4754
23/09/2020 21:00,290.9487
23/09/2020 22:00,290.68475
23/09/2020 23:00,290.39056
24/09/2020 0:00,290.02353
24/09/2020 1:00,289.6859
24/09/2020 2:00,289.38455
24/09/2020 3:00,289.03503
24/09/2020 4:00,288.81766
24/09/2020 5:00,288.4725
24/09/2020 6:00,289.5478
24/09/2020 7:00,291.43637
24/09/2020 8:00,293.3859
24/09/2020 9:00,294.91898
24/09/2020 10:00,296.2773
24/09/2020 11:00,297.3538
24/09/2020 12:00,297.98477
24/09/2020 13:00,298.38406
24/09/2020 14:00,298.28455
24/09/2020 15:00,297.7897
24/09/2020 16:00,296.85736
24/09/2020 17:00,295.59775
24/09/2020 18:00,294.2669
24/09/2020 19:00,293.0495
24/09/2020 20:00,291.98297
24/09/2020 21:00,291.32413
24/09/2020 22:00,290.84122
24/09/2020 23:00,290.53268
25/09/2020 0:00,290.14096
25/09/2020 1:00,289.6915
25/09/2020 2:00,289.6772
25/09/2020 3:00,289.7731
25/09/2020 4:00,290.14615
25/09/2020 5:00,290.4113
25/09/2020 6:00,291.03192
25/09/2020 7:00,291.46902
25/09/2020 8:00,290.98016
25/09/2020 9:00,290.94394
25/09/2020 10:00,291.727
25/09/2020 11:00,294.26013
25/09/2020 12:00,295.87762
25/09/2020 13:00,297.04922
25/09/2020 14:00,296.43137
25/09/2020 15:00,294.2864
25/09/2020 16:00,293.64346
25/09/2020 17:00,292.6892
25/09/2020 18:00,292.03632
25/09/2020 19:00,290.73294
25/09/2020 20:00,290.1716
25/09/2020 21:00,289.58084
25/09/2020 22:00,289.1294
25/09/2020 23:00,288.93552
26/09/2020 0:00,288.83957
26/09/2020 1:00,288.23126
26/09/2020 2:00,287.28656
26/09/2020 3:00,285.7714
26/09/2020 4:00,284.71045
26/09/2020 5:00,284.06473
26/09/2020 6:00,284.0436
26/09/2020 7:00,284.20325
26/09/2020 8:00,284.46002
26/09/2020 9:00,285.44257
26/09/2020 10:00,286.7993
26/09/2020 11:00,287.39963
26/09/2020 12:00,287.8443
26/09/2020 13:00,288.33237
26/09/2020 14:00,288.4132
26/09/2020 15:00,287.96692
26/09/2020 16:00,287.51428
26/09/2020 17:00,286.9904
26/09/2020 18:00,286.55286
26/09/2020 19:00,285.4923
26/09/2020 20:00,284.8685
26/09/2020 21:00,284.66785
26/09/2020 22:00,284.33383
26/09/2020 23:00,283.6507
27/09/2020 0:00,282.98068
27/09/2020 1:00,283.22394
27/09/2020 2:00,282.71356
27/09/2020 3:00,282.62836
27/09/2020 4:00,282.63235
27/09/2020 5:00,282.62
27/09/2020 6:00,283.07425
27/09/2020 7:00,285.2188
27/09/2020 8:00,286.5664
27/09/2020 9:00,287.72647
27/09/2020 10:00,288.92276
27/09/2020 11:00,289.75162
27/09/2020 12:00,290.13937
27/09/2020 13:00,290.41006
27/09/2020 14:00,290.35434
27/09/2020 15:00,290.0518
27/09/2020 16:00,289.3304
27/09/2020 17:00,288.3925
27/09/2020 18:00,287.574
27/09/2020 19:00,286.4864
27/09/2020 20:00,285.81638
27/09/2020 21:00,285.66907
27/09/2020 22:00,285.68182
27/09/2020 23:00,285.72562
28/09/2020 0:00,285.6647
28/09/2020 1:00,285.78094
28/09/2020 2:00,286.22086
28/09/2020 3:00,286.70493
28/09/2020 4:00,286.66513
28/09/2020 5:00,286.4613
28/09/2020 6:00,287.0688
28/09/2020 7:00,289.53107
28/09/2020 8:00,291.33527
28/09/2020 9:00,291.8074
28/09/2020 10:00,291.30103
28/09/2020 11:00,291.06335
28/09/2020 12:00,291.6669
28/09/2020 13:00,292.10123
28/09/2020 14:00,291.7477
28/09/2020 15:00,290.62546
28/09/2020 16:00,290.01117
28/09/2020 17:00,288.9562
28/09/2020 18:00,288.10147
28/09/2020 19:00,287.11258
28/09/2020 20:00,285.6209
28/09/2020 21:00,284.6165
28/09/2020 22:00,283.87283
28/09/2020 23:00,283.1037
29/09/2020 0:00,282.48544
29/09/2020 1:00,282.16855
29/09/2020 2:00,282.13312
29/09/2020 3:00,281.77762
29/09/2020 4:00,281.2788
29/09/2020 5:00,281.51965
29/09/2020 6:00,283.80197
29/09/2020 7:00,285.2682
29/09/2020 8:00,286.93185
29/09/2020 9:00,288.43826
29/09/2020 10:00,289.52667
29/09/2020 11:00,289.79858
29/09/2020 12:00,290.27075
29/09/2020 13:00,290.5697
29/09/2020 14:00,290.41763
29/09/2020 15:00,289.95862
29/09/2020 16:00,289.1242
29/09/2020 17:00,288.1385
29/09/2020 18:00,286.76663
29/09/2020 19:00,285.50226
29/09/2020 20:00,285.15076
29/09/2020 21:00,284.41544
29/09/2020 22:00,283.88278
29/09/2020 23:00,283.87125
30/09/2020 0:00,284.05276
30/09/2020 1:00,284.47955
30/09/2020 2:00,285.15033
30/09/2020 3:00,284.79324
30/09/2020 4:00,284.72916
30/09/2020 5:00,284.5707
30/09/2020 6:00,285.50864
30/09/2020 7:00,287.3264
30/09/2020 8:00,288.9964
30/09/2020 9:00,290.45746
30/09/2020 10:00,291.59006
30/09/2020 11:00,291.94037
30/09/2020 12:00,292.47702
30/09/2020 13:00,292.21347
30/09/2020 14:00,291.69397
30/09/2020 15:00,291.10318
30/09/2020 16:00,290.49448
30/09/2020 17:00,289.70386
30/09/2020 18:00,288.83676
30/09/2020 19:00,287.58276
30/09/2020 20:00,286.87015
30/09/2020 21:00,286.48438
30/09/2020 22:00,286.40436
30/09/2020 23:00,286.36972
01/10/2020 0:00,286.1776
01/10/2020 1:00,285.79877
01/10/2020 2:00,285.78687
01/10/2020 3:00,285.5451
01/10/2020 4:00,285.62698
01/10/2020 5:00,285.46518
01/10/2020 6:00,285.74692
01/10/2020 7:00,287.25552
01/10/2020 8:00,288.42722
01/10/2020 9:00,289.91968
01/10/2020 10:00,291.09088
01/10/2020 11:00,292.06506
01/10/2020 12:00,292.4163
01/10/2020 13:00,293.0678
01/10/2020 14:00,293.1435
01/10/2020 15:00,292.92407
01/10/2020 16:00,291.899
01/10/2020 17:00,290.6402
01/10/2020 18:00,289.55228
01/10/2020 19:00,288.78558
01/10/2020 20:00,288.71704
01/10/2020 21:00,288.481
01/10/2020 22:00,288.21686
01/10/2020 23:00,287.99557
02/10/2020 0:00,287.8233
02/10/2020 1:00,287.63577
02/10/2020 2:00,287.4059
02/10/2020 3:00,287.27695
02/10/2020 4:00,287.1018
02/10/2020 5:00,286.9757
02/10/2020 6:00,287.918
02/10/2020 7:00,289.73312
02/10/2020 8:00,291.78952
02/10/2020 9:00,293.26245
02/10/2020 10:00,294.0201
02/10/2020 11:00,294.9253
02/10/2020 12:00,295.5749
02/10/2020 13:00,295.7096
02/10/2020 14:00,295.86234
02/10/2020 15:00,295.61392
02/10/2020 16:00,294.269
02/10/2020 17:00,292.98026
02/10/2020 18:00,292.10123
02/10/2020 19:00,291.59296
02/10/2020 20:00,290.9586
02/10/2020 21:00,290.26422
02/10/2020 22:00,289.60605
02/10/2020 23:00,289.15775
03/10/2020 0:00,288.89313
03/10/2020 1:00,288.46292
03/10/2020 2:00,288.30206
03/10/2020 3:00,288.3311
03/10/2020 4:00,288.22687
03/10/2020 5:00,288.2026
03/10/2020 6:00,289.10825
03/10/2020 7:00,291.11612
03/10/2020 8:00,294.08292
03/10/2020 9:00,296.46103
03/10/2020 10:00,298.28473
03/10/2020 11:00,299.80667
03/10/2020 12:00,301.12543
03/10/2020 13:00,301.80884
03/10/2020 14:00,301.60135
03/10/2020 15:00,300.5372
03/10/2020 16:00,298.70352
03/10/2020 17:00,297.2477
03/10/2020 18:00,296.3892
03/10/2020 19:00,295.9799
03/10/2020 20:00,295.62296
03/10/2020 21:00,295.761
03/10/2020 22:00,295.9956
03/10/2020 23:00,295.36075
04/10/2020 0:00,293.25247
04/10/2020 1:00,291.24936
04/10/2020 2:00,290.2785
04/10/2020 3:00,289.74072
04/10/2020 4:00,289.32764
04/10/2020 5:00,288.9274
04/10/2020 6:00,289.14395
04/10/2020 7:00,290.28043
04/10/2020 8:00,291.62628
04/10/2020 9:00,292.75275
04/10/2020 10:00,293.81595
04/10/2020 11:00,294.7806
04/10/2020 12:00,295.4721
04/10/2020 13:00,295.76813
04/10/2020 14:00,295.49924
04/10/2020 15:00,294.81012
04/10/2020 16:00,293.51993
04/10/2020 17:00,291.64532
04/10/2020 18:00,290.10574
04/10/2020 19:00,288.3644
04/10/2020 20:00,287.21747
04/10/2020 21:00,286.4836
04/10/2020 22:00,285.93442
04/10/2020 23:00,285.49564
05/10/2020 0:00,285.40854
05/10/2020 1:00,285.70074
05/10/2020 2:00,285.67123
05/10/2020 3:00,285.4818
05/10/2020 4:00,285.1468
05/10/2020 5:00,284.8265
05/10/2020 6:00,285.7764
05/10/2020 7:00,288.36346
05/10/2020 8:00,291.10327
05/10/2020 9:00,293.2872
05/10/2020 10:00,294.4727
05/10/2020 11:00,295.06186
05/10/2020 12:00,295.316
05/10/2020 13:00,295.27127
05/10/2020 14:00,295.0038
05/10/2020 15:00,294.0225
05/10/2020 16:00,292.7718
05/10/2020 17:00,291.23557
05/10/2020 18:00,289.96298
05/10/2020 19:00,288.50003
05/10/2020 20:00,287.90753
05/10/2020 21:00,287.57678
05/10/2020 22:00,286.60306
05/10/2020 23:00,285.6622
06/10/2020 0:00,286.20282
06/10/2020 1:00,286.5093
06/10/2020 2:00,286.68158
06/10/2020 3:00,286.4422
06/10/2020 4:00,285.53845
06/10/2020 5:00,284.53238
06/10/2020 6:00,285.25433
06/10/2020 7:00,288.6033
06/10/2020 8:00,290.3851
06/10/2020 9:00,291.98273
06/10/2020 10:00,292.9874
06/10/2020 11:00,293.66983
06/10/2020 12:00,294.17667
06/10/2020 13:00,294.23856
06/10/2020 14:00,294.12814
06/10/2020 15:00,293.4019
06/10/2020 16:00,292.1098
06/10/2020 17:00,290.61972
06/10/2020 18:00,289.48328
06/10/2020 19:00,288.87076
06/10/2020 20:00,288.343
06/10/2020 21:00,287.84518
06/10/2020 22:00,287.54916
06/10/2020 23:00,287.43353
07/10/2020 0:00,287.37833
07/10/2020 1:00,287.56726
07/10/2020 2:00,287.67337
07/10/2020 3:00,287.46588
07/10/2020 4:00,286.50504
07/10/2020 5:00,286.14954
07/10/2020 6:00,286.12335
07/10/2020 7:00,286.2352
07/10/2020 8:00,286.67303
07/10/2020 9:00,286.8215
07/10/2020 10:00,286.83246
07/10/2020 11:00,286.61163
07/10/2020 12:00,286.1305
07/10/2020 13:00,285.70978
07/10/2020 14:00,285.5751
07/10/2020 15:00,285.58508
07/10/2020 16:00,285.6241
07/10/2020 17:00,285.6265
07/10/2020 18:00,285.67694
07/10/2020 19:00,285.27908
07/10/2020 20:00,285.2572
07/10/2020 21:00,284.99448
07/10/2020 22:00,284.7727
07/10/2020 23:00,284.3839
08/10/2020 0:00,284.2611
08/10/2020 1:00,284.0384
08/10/2020 2:00,283.79807
08/10/2020 3:00,283.4402
08/10/2020 4:00,283.11133
08/10/2020 5:00,282.8748
08/10/2020 6:00,283.2917
08/10/2020 7:00,284.9231
08/10/2020 8:00,286.72394
08/10/2020 9:00,288.2045
08/10/2020 10:00,289.21915
08/10/2020 11:00,289.7431
08/10/2020 12:00,290.26138
08/10/2020 13:00,290.46982
08/10/2020 14:00,290.3951
08/10/2020 15:00,289.89874
08/10/2020 16:00,288.72943
08/10/2020 17:00,287.29123
08/10/2020 18:00,286.63544
08/10/2020 19:00,284.45004
08/10/2020 20:00,283.71097
08/10/2020 21:00,282.87527
08/10/2020 22:00,282.3632
08/10/2020 23:00,282.12048
09/10/2020 0:00,281.9777
09/10/2020 1:00,281.83112
09/10/2020 2:00,281.88443
09/10/2020 3:00,281.9011
09/10/2020 4:00,281.7445
09/10/2020 5:00,281.3419
09/10/2020 6:00,282.02243
09/10/2020 7:00,284.89218
09/10/2020 8:00,287.36832
09/10/2020 9:00,289.24628
09/10/2020 10:00,290.65353
09/10/2020 11:00,291.81378
09/10/2020 12:00,292.58856
09/10/2020 13:00,292.8584
09/10/2020 14:00,292.8008
09/10/2020 15:00,292.15405
09/10/2020 16:00,290.7449
09/10/2020 17:00,289.01022
09/10/2020 18:00,288.08505
09/10/2020 19:00,286.71158
09/10/2020 20:00,285.35904
09/10/2020 21:00,284.46527
09/10/2020 22:00,283.9075
09/10/2020 23:00,283.47635
10/10/2020 0:00,283.1099
10/10/2020 1:00,282.94284
10/10/2020 2:00,282.8862
10/10/2020 3:00,282.89383
10/10/2020 4:00,282.93048
10/10/2020 5:00,282.88763
10/10/2020 6:00,283.5201
10/10/2020 7:00,286.12906
10/10/2020 8:00,289.24817
10/10/2020 9:00,291.19177
10/10/2020 10:00,292.14645
10/10/2020 11:00,292.81653
10/10/2020 12:00,293.13635
10/10/2020 13:00,293.07922
10/10/2020 14:00,292.82416
10/10/2020 15:00,292.11075
10/10/2020 16:00,290.7411
10/10/2020 17:00,289.26672
10/10/2020 18:00,288.16833
10/10/2020 19:00,287.20175
10/10/2020 20:00,286.74536
10/10/2020 21:00,286.18045
10/10/2020 22:00,285.69217
10/10/2020 23:00,286.29514
11/10/2020 0:00,285.97916
11/10/2020 1:00,285.72263
11/10/2020 2:00,285.21103
11/10/2020 3:00,284.68088
11/10/2020 4:00,284.33585
11/10/2020 5:00,284.1883
11/10/2020 6:00,284.28302
11/10/2020 7:00,284.44766
11/10/2020 8:00,284.97403
11/10/2020 9:00,285.7231
11/10/2020 10:00,286.5055
11/10/2020 11:00,287.1656
11/10/2020 12:00,287.58676
11/10/2020 13:00,287.77808
11/10/2020 14:00,287.59723
11/10/2020 15:00,287.3388
11/10/2020 16:00,286.72488
11/10/2020 17:00,285.95822
11/10/2020 18:00,285.4647
11/10/2020 19:00,284.8165
11/10/2020 20:00,284.68277
11/10/2020 21:00,284.5481
11/10/2020 22:00,284.4724
11/10/2020 23:00,283.93085
12/10/2020 0:00,282.79245
12/10/2020 1:00,281.36426
12/10/2020 2:00,280.59756
12/10/2020 3:00,280.1764
12/10/2020 4:00,280.01837
12/10/2020 5:00,280.0398
12/10/2020 6:00,280.16782
12/10/2020 7:00,279.8166
12/10/2020 8:00,280.01602
12/10/2020 9:00,280.27396
12/10/2020 10:00,280.5671
12/10/2020 11:00,280.88455
12/10/2020 12:00,281.06586
12/10/2020 13:00,281.38376
12/10/2020 14:00,281.35284
12/10/2020 15:00,281.39853
12/10/2020 16:00,281.22244
12/10/2020 17:00,281.073
12/10/2020 18:00,280.96164
12/10/2020 19:00,280.6566
12/10/2020 20:00,280.6166
12/10/2020 21:00,280.51855
12/10/2020 22:00,280.42673
12/10/2020 23:00,280.34534
13/10/2020 0:00,280.2768
13/10/2020 1:00,280.35532
13/10/2020 2:00,280.3187
13/10/2020 3:00,280.26587
13/10/2020 4:00,280.22064
13/10/2020 5:00,280.1369
13/10/2020 6:00,280.1012
13/10/2020 7:00,279.8347
13/10/2020 8:00,279.8066
13/10/2020 9:00,279.78995
13/10/2020 10:00,279.8185
13/10/2020 11:00,279.9965
13/10/2020 12:00,280.26825
13/10/2020 13:00,280.51953
13/10/2020 14:00,280.7803
13/10/2020 15:00,281.0292
13/10/2020 16:00,281.08823
13/10/2020 17:00,281.083
13/10/2020 18:00,281.07443
13/10/2020 19:00,281.59317
13/10/2020 20:00,281.6065
13/10/2020 21:00,281.53177
13/10/2020 22:00,281.17484
13/10/2020 23:00,280.82315
14/10/2020 0:00,280.50525
14/10/2020 1:00,280.3506
14/10/2020 2:00,280.27014
14/10/2020 3:00,280.01028
14/10/2020 4:00,279.96603
14/10/2020 5:00,279.9527
14/10/2020 6:00,280.4886
14/10/2020 7:00,282.4812
14/10/2020 8:00,285.04208
14/10/2020 9:00,286.98236
14/10/2020 10:00,288.32394
14/10/2020 11:00,288.96594
14/10/2020 12:00,289.26767
14/10/2020 13:00,289.59796
14/10/2020 14:00,289.2334
14/10/2020 15:00,288.63568
14/10/2020 16:00,287.14847
14/10/2020 17:00,285.88016
14/10/2020 18:00,284.97308
14/10/2020 19:00,284.244
14/10/2020 20:00,282.71155
14/10/2020 21:00,281.64075
14/10/2020 22:00,281.2267
14/10/2020 23:00,280.47858
15/10/2020 0:00,280.312
15/10/2020 1:00,280.68417
15/10/2020 2:00,281.43518
15/10/2020 3:00,282.18423
15/10/2020 4:00,282.56165
15/10/2020 5:00,282.49072
15/10/2020 6:00,282.62067
15/10/2020 7:00,283.23553
15/10/2020 8:00,283.60815
15/10/2020 9:00,283.99316
15/10/2020 10:00,284.12833
15/10/2020 11:00,284.30966
15/10/2020 12:00,284.39627
15/10/2020 13:00,284.65042
15/10/2020 14:00,284.78366
15/10/2020 15:00,284.81174
15/10/2020 16:00,284.38293
15/10/2020 17:00,283.9946
15/10/2020 18:00,283.69907
15/10/2020 19:00,283.29456
15/10/2020 20:00,282.94095
15/10/2020 21:00,282.64493
15/10/2020 22:00,282.45837
15/10/2020 23:00,282.36606
16/10/2020 0:00,282.4241
16/10/2020 1:00,282.44077
16/10/2020 2:00,282.5231
16/10/2020 3:00,282.56784
16/10/2020 4:00,282.55927
16/10/2020 5:00,282.54166
16/10/2020 6:00,282.64255
16/10/2020 7:00,282.8467
16/10/2020 8:00,283.06467
16/10/2020 9:00,283.34595
16/10/2020 10:00,283.85422
16/10/2020 11:00,284.37817
16/10/2020 12:00,284.59854
16/10/2020 13:00,284.4862
16/10/2020 14:00,284.45624
16/10/2020 15:00,284.22495
16/10/2020 16:00,283.4768
16/10/2020 17:00,282.71536
16/10/2020 18:00,282.5293
16/10/2020 19:00,282.12143
16/10/2020 20:00,281.0735
16/10/2020 21:00,280.74414
16/10/2020 22:00,280.57187
16/10/2020 23:00,280.41245
17/10/2020 0:00,280.12546
17/10/2020 1:00,280.10834
17/10/2020 2:00,280.26205
17/10/2020 3:00,280.549
17/10/2020 4:00,280.5381
17/10/2020 5:00,280.30725
17/10/2020 6:00,279.98032
17/10/2020 7:00,281.13724
17/10/2020 8:00,282.16806
17/10/2020 9:00,283.61627
17/10/2020 10:00,284.83173
17/10/2020 11:00,285.48135
17/10/2020 12:00,285.51895
17/10/2020 13:00,285.8573
17/10/2020 14:00,285.81686
17/10/2020 15:00,285.3243
17/10/2020 16:00,284.3563
17/10/2020 17:00,283.21222
17/10/2020 18:00,283.34595
17/10/2020 19:00,282.19568
17/10/2020 20:00,281.62125
17/10/2020 21:00,280.95355
17/10/2020 22:00,280.4691
17/10/2020 23:00,280.31726
18/10/2020 0:00,280.33676
18/10/2020 1:00,280.451
18/10/2020 2:00,280.58044
18/10/2020 3:00,280.62994
18/10/2020 4:00,280.63803
18/10/2020 5:00,280.599
18/10/2020 6:00,280.32867
18/10/2020 7:00,279.9984
18/10/2020 8:00,282.15283
18/10/2020 9:00,283.92892
18/10/2020 10:00,285.3257
18/10/2020 11:00,286.2985
18/10/2020 12:00,286.83292
18/10/2020 13:00,286.88242
18/10/2020 14:00,286.77344
18/10/2020 15:00,286.30087
18/10/2020 16:00,285.08017
18/10/2020 17:00,283.87326
18/10/2020 18:00,282.4993
18/10/2020 19:00,281.5508
18/10/2020 20:00,280.96783
18/10/2020 21:00,280.5119
18/10/2020 22:00,279.98508
18/10/2020 23:00,279.46442
19/10/2020 0:00,278.96185
19/10/2020 1:00,278.21136
19/10/2020 2:00,277.66168
19/10/2020 3:00,277.14105
19/10/2020 4:00,276.89355
19/10/2020 5:00,276.7784
19/10/2020 6:00,277.2367
19/10/2020 7:00,280.62326
19/10/2020 8:00,283.81757
19/10/2020 9:00,285.90158
19/10/2020 10:00,286.9976
19/10/2020 11:00,287.70764
19/10/2020 12:00,288.135
19/10/2020 13:00,288.18164
19/10/2020 14:00,287.98892
19/10/2020 15:00,287.0628
19/10/2020 16:00,285.31906
19/10/2020 17:00,283.87704
19/10/2020 18:00,282.87433
19/10/2020 19:00,282.12714
19/10/2020 20:00,281.52512
19/10/2020 21:00,281.1915
19/10/2020 22:00,280.8422
19/10/2020 23:00,280.69226
20/10/2020 0:00,280.24777
20/10/2020 1:00,279.908
20/10/2020 2:00,279.8004
20/10/2020 3:00,279.21362
20/10/2020 4:00,278.85385
20/10/2020 5:00,278.42172
20/10/2020 6:00,278.60495
20/10/2020 7:00,280.757
20/10/2020 8:00,283.48727
20/10/2020 9:00,285.62936
20/10/2020 10:00,287.12228
20/10/2020 11:00,288.07172
20/10/2020 12:00,288.61758
20/10/2020 13:00,288.73703
20/10/2020 14:00,288.45624
20/10/2020 15:00,287.365
20/10/2020 16:00,285.6065
20/10/2020 17:00,284.32062
20/10/2020 18:00,283.2817
20/10/2020 19:00,282.47455
20/10/2020 20:00,281.97247
20/10/2020 21:00,281.6198
20/10/2020 22:00,281.20673
20/10/2020 23:00,280.60757
21/10/2020 0:00,279.8756
21/10/2020 1:00,279.11798
21/10/2020 2:00,278.6749
21/10/2020 3:00,278.4579
21/10/2020 4:00,278.27893
21/10/2020 5:00,278.2004
21/10/2020 6:00,278.65347
21/10/2020 7:00,281.9796
21/10/2020 8:00,285.69836
21/10/2020 9:00,288.29205
21/10/2020 10:00,289.85352
21/10/2020 11:00,290.67636
21/10/2020 12:00,291.13037
21/10/2020 13:00,291.3355
21/10/2020 14:00,291.0999
21/10/2020 15:00,290.348
21/10/2020 16:00,289.06543
21/10/2020 17:00,287.95227
21/10/2020 18:00,287.10324
21/10/2020 19:00,286.62637
21/10/2020 20:00,286.03674
21/10/2020 21:00,285.53656
21/10/2020 22:00,285.1382
21/10/2020 23:00,284.82126
22/10/2020 0:00,284.47433
22/10/2020 1:00,284.04315
22/10/2020 2:00,283.89563
22/10/2020 3:00,283.9732
22/10/2020 4:00,284.0422
22/10/2020 5:00,284.0146
22/10/2020 6:00,284.19498
22/10/2020 7:00,285.61365
22/10/2020 8:00,287.90564
22/10/2020 9:00,289.77975
22/10/2020 10:00,290.98904
22/10/2020 11:00,291.81284
22/10/2020 12:00,292.19977
22/10/2020 13:00,292.234
22/10/2020 14:00,291.9475
22/10/2020 15:00,290.93622
22/10/2020 16:00,289.30338
22/10/2020 17:00,288.15738
22/10/2020 18:00,287.32455
22/10/2020 19:00,286.989
22/10/2020 20:00,286.4522
22/10/2020 21:00,285.992
22/10/2020 22:00,285.55322
22/10/2020 23:00,285.1401
23/10/2020 0:00,284.79462
23/10/2020 1:00,284.50574
23/10/2020 2:00,284.18353
23/10/2020 3:00,283.82947
23/10/2020 4:00,283.52917
23/10/2020 5:00,283.30597
23/10/2020 6:00,283.53534
23/10/2020 7:00,285.88824
23/10/2020 8:00,288.58713
23/10/2020 9:00,290.73062
23/10/2020 10:00,292.03128
23/10/2020 11:00,292.74277
23/10/2020 12:00,293.0421
23/10/2020 13:00,293.0602
23/10/2020 14:00,292.7404
23/10/2020 15:00,291.86853
23/10/2020 16:00,290.6088
23/10/2020 17:00,289.93015
23/10/2020 18:00,289.76596
23/10/2020 19:00,289.6917
23/10/2020 20:00,289.45898
23/10/2020 21:00,288.87744
23/10/2020 22:00,288.54764
23/10/2020 23:00,288.4001
24/10/2020 0:00,288.21402
24/10/2020 1:00,288.22687
24/10/2020 2:00,287.97986
24/10/2020 3:00,287.67337
24/10/2020 4:00,287.3017
24/10/2020 5:00,286.9976
24/10/2020 6:00,286.96808
24/10/2020 7:00,288.04553
24/10/2020 8:00,289.40237
24/10/2020 9:00,290.29422
24/10/2020 10:00,290.38272
24/10/2020 11:00,290.13907
24/10/2020 12:00,289.73407
24/10/2020 13:00,289.4366
24/10/2020 14:00,289.05115
24/10/2020 15:00,288.70563
24/10/2020 16:00,288.26352
24/10/2020 17:00,287.73288
24/10/2020 18:00,287.10657
24/10/2020 19:00,286.81055
24/10/2020 20:00,286.7035
24/10/2020 21:00,286.56357
24/10/2020 22:00,286.39746
24/10/2020 23:00,286.25565
25/10/2020 0:00,286.0967
25/10/2020 1:00,285.96725
25/10/2020 2:00,285.8416
25/10/2020 3:00,285.74832
25/10/2020 4:00,285.68695
25/10/2020 5:00,285.6241
25/10/2020 6:00,285.5832
25/10/2020 7:00,285.95724
25/10/2020 8:00,286.16522
25/10/2020 9:00,286.61783
25/10/2020 10:00,286.9581
25/10/2020 11:00,287.55154
25/10/2020 12:00,287.77664
25/10/2020 13:00,288.0736
25/10/2020 14:00,288.20737
25/10/2020 15:00,288.02554
25/10/2020 16:00,287.612
25/10/2020 17:00,287.2265
25/10/2020 18:00,286.5393
25/10/2020 19:00,285.06683
25/10/2020 20:00,284.35583
25/10/2020 21:00,283.87802
25/10/2020 22:00,283.4711
25/10/2020 23:00,283.21268
26/10/2020 0:00,282.86957
26/10/2020 1:00,282.89383
26/10/2020 2:00,282.9714
26/10/2020 3:00,282.8748
26/10/2020 4:00,282.92523
26/10/2020 5:00,283.00708
26/10/2020 6:00,283.29312
26/10/2020 7:00,284.47195
26/10/2020 8:00,286.22614
26/10/2020 9:00,288.29825
26/10/2020 10:00,290.0553
26/10/2020 11:00,291.14563
26/10/2020 12:00,291.82285
26/10/2020 13:00,292.01843
26/10/2020 14:00,291.89468
26/10/2020 15:00,290.90482
26/10/2020 16:00,289.222
26/10/2020 17:00,287.95892
26/10/2020 18:00,287.02185
26/10/2020 19:00,286.45697
26/10/2020 20:00,285.42758
26/10/2020 21:00,284.64804
26/10/2020 22:00,284.06314
26/10/2020 23:00,283.61008
27/10/2020 0:00,283.19794
27/10/2020 1:00,282.81198
27/10/2020 2:00,282.5607
27/10/2020 3:00,282.46124
27/10/2020 4:00,282.43552
27/10/2020 5:00,282.49072
27/10/2020 6:00,282.69205
27/10/2020 7:00,284.84314
27/10/2020 8:00,288.15787
27/10/2020 9:00,290.27707
27/10/2020 10:00,291.55728
27/10/2020 11:00,292.60284
27/10/2020 12:00,292.8884
27/10/2020 13:00,292.67422
27/10/2020 14:00,292.35965
27/10/2020 15:00,291.3374
27/10/2020 16:00,289.61508
27/10/2020 17:00,289.06732
27/10/2020 18:00,287.4554
27/10/2020 19:00,286.0177
27/10/2020 20:00,285.84494
27/10/2020 21:00,285.65125
27/10/2020 22:00,284.9526
27/10/2020 23:00,284.30252
28/10/2020 0:00,284.00507
28/10/2020 1:00,283.66052
28/10/2020 2:00,283.20413
28/10/2020 3:00,282.77008
28/10/2020 4:00,282.4341
28/10/2020 5:00,282.09048
28/10/2020 6:00,281.88727
28/10/2020 7:00,282.72726
28/10/2020 8:00,284.2359
28/10/2020 9:00,286.07196
28/10/2020 10:00,287.69003
28/10/2020 11:00,289.0259
28/10/2020 12:00,289.93967
28/10/2020 13:00,290.36465
28/10/2020 14:00,290.338
28/10/2020 15:00,289.7003
28/10/2020 16:00,288.37677
28/10/2020 17:00,286.72488
28/10/2020 18:00,285.65173
28/10/2020 19:00,285.5018
28/10/2020 20:00,285.58652
28/10/2020 21:00,285.66742
28/10/2020 22:00,285.49704
28/10/2020 23:00,285.55417
29/10/2020 0:00,285.7074
29/10/2020 1:00,285.82162
29/10/2020 2:00,285.68695
29/10/2020 3:00,285.55655
29/10/2020 4:00,285.58844
29/10/2020 5:00,285.47467
29/10/2020 6:00,285.58795
29/10/2020 7:00,285.65933
29/10/2020 8:00,287.15988
29/10/2020 9:00,288.15356
29/10/2020 10:00,288.40915
29/10/2020 11:00,288.2183
29/10/2020 12:00,288.25305
29/10/2020 13:00,288.17355
29/10/2020 14:00,287.4197
29/10/2020 15:00,286.4503
29/10/2020 16:00,285.6565
29/10/2020 17:00,285.26385
29/10/2020 18:00,284.58664
29/10/2020 19:00,284.09503
29/10/2020 20:00,283.84042
29/10/2020 21:00,282.9081
29/10/2020 22:00,282.00958
29/10/2020 23:00,282.15475
30/10/2020 0:00,282.6535
30/10/2020 1:00,282.95712
30/10/2020 2:00,282.91144
30/10/2020 3:00,282.54498
30/10/2020 4:00,282.33463
30/10/2020 5:00,282.20282
30/10/2020 6:00,282.14807
30/10/2020 7:00,283.2227
30/10/2020 8:00,284.18497
30/10/2020 9:00,285.0954
30/10/2020 10:00,286.00674
30/10/2020 11:00,286.48837
30/10/2020 12:00,286.70682
30/10/2020 13:00,286.89148
30/10/2020 14:00,286.81628
30/10/2020 15:00,286.6226
30/10/2020 16:00,285.962
30/10/2020 17:00,285.4709
30/10/2020 18:00,285.0259
30/10/2020 19:00,285.45135
30/10/2020 20:00,285.36902
30/10/2020 21:00,284.96262
30/10/2020 22:00,284.8598
30/10/2020 23:00,284.5062
31/10/2020 0:00,283.75952
31/10/2020 1:00,283.3464
31/10/2020 2:00,283.3326
31/10/2020 3:00,283.68097
31/10/2020 4:00,283.94986
31/10/2020 5:00,284.21735
31/10/2020 6:00,284.19305
31/10/2020 7:00,285.61316
31/10/2020 8:00,287.4816
31/10/2020 9:00,288.817
31/10/2020 10:00,290.28088
31/10/2020 11:00,290.9762
31/10/2020 12:00,291.06757
31/10/2020 13:00,290.8886
31/10/2020 14:00,290.31467
31/10/2020 15:00,289.2439
31/10/2020 16:00,288.25305
31/10/2020 17:00,287.4183
31/10/2020 18:00,286.41174
31/10/2020 19:00,286.9024
31/10/2020 20:00,285.9487
31/10/2020 21:00,285.08826
31/10/2020 22:00,285.08063
31/10/2020 23:00,284.6623
01/11/2020 0:00,284.5124
01/11/2020 1:00,283.9513
01/11/2020 2:00,283.75427
01/11/2020 3:00,283.38736
01/11/2020 4:00,283.42874
01/11/2020 5:00,283.37164
01/11/2020 6:00,283.15607
01/11/2020 7:00,284.02698
01/11/2020 8:00,285.09348
01/11/2020 9:00,286.5588
01/11/2020 10:00,288.02365
01/11/2020 11:00,289.2439
01/11/2020 12:00,289.6736
01/11/2020 13:00,289.94012
01/11/2020 14:00,289.8597
01/11/2020 15:00,288.81555
01/11/2020 16:00,287.4635
01/11/2020 17:00,286.52548
01/11/2020 18:00,285.8459
01/11/2020 19:00,285.28433
01/11/2020 20:00,284.48004
01/11/2020 21:00,284.05267
01/11/2020 22:00,283.83136
01/11/2020 23:00,283.71478
02/11/2020 0:00,283.77853
02/11/2020 1:00,283.8442
02/11/2020 2:00,284.33823
02/11/2020 3:00,284.10883
02/11/2020 4:00,284.2378
02/11/2020 5:00,284.34677
02/11/2020 6:00,284.5186
02/11/2020 7:00,284.5024
02/11/2020 8:00,285.6679
02/11/2020 9:00,286.6121
02/11/2020 10:00,287.59485
02/11/2020 11:00,288.45816
02/11/2020 12:00,288.89362
02/11/2020 13:00,289.07684
02/11/2020 14:00,288.89313
02/11/2020 15:00,288.38773
02/11/2020 16:00,287.7043
02/11/2020 17:00,287.41638
02/11/2020 18:00,287.4735
02/11/2020 19:00,287.40164
02/11/2020 20:00,287.59772
02/11/2020 21:00,287.57584
02/11/2020 22:00,286.88098
02/11/2020 23:00,286.22946
03/11/2020 0:00,285.59222
03/11/2020 1:00,285.15677
03/11/2020 2:00,284.84412
03/11/2020 3:00,285.23672
03/11/2020 4:00,285.44803
03/11/2020 5:00,285.52274
03/11/2020 6:00,285.41568
03/11/2020 7:00,286.06433
03/11/2020 8:00,287.12656
03/11/2020 9:00,288.56094
03/11/2020 10:00,289.89398
03/11/2020 11:00,290.9505
03/11/2020 12:00,291.3807
03/11/2020 13:00,291.47446
03/11/2020 14:00,291.3988
03/11/2020 15:00,290.6521
03/11/2020 16:00,290.25137
03/11/2020 17:00,289.7041
03/11/2020 18:00,289.15726
03/11/2020 19:00,288.77463
03/11/2020 20:00,286.50027
03/11/2020 21:00,284.93594
03/11/2020 22:00,284.42578
03/11/2020 23:00,284.12167
04/11/2020 0:00,283.83136
04/11/2020 1:00,283.5439
04/11/2020 2:00,283.17462
04/11/2020 3:00,282.7972
04/11/2020 4:00,282.36508
04/11/2020 5:00,282.19708
04/11/2020 6:00,282.9162
04/11/2020 7:00,284.69894
04/11/2020 8:00,285.60507
04/11/2020 9:00,286.1557
04/11/2020 10:00,286.31418
04/11/2020 11:00,286.41223
04/11/2020 12:00,286.4974
04/11/2020 13:00,286.54596
04/11/2020 14:00,286.32608
04/11/2020 15:00,286.04578
04/11/2020 16:00,285.6798
04/11/2020 17:00,285.24957
04/11/2020 18:00,284.99402
04/11/2020 19:00,284.39294
04/11/2020 20:00,284.28015
04/11/2020 21:00,284.19305
04/11/2020 22:00,284.11404
04/11/2020 23:00,283.9827
05/11/2020 0:00,283.7895
05/11/2020 1:00,283.49728
05/11/2020 2:00,283.27264
05/11/2020 3:00,283.09323
05/11/2020 4:00,283.0661
05/11/2020 5:00,283.02707
05/11/2020 6:00,282.90097
05/11/2020 7:00,282.80246
05/11/2020 8:00,282.89194
05/11/2020 9:00,283.0861
05/11/2020 10:00,283.20984
05/11/2020 11:00,283.42352
05/11/2020 12:00,283.7119
05/11/2020 13:00,283.52298
05/11/2020 14:00,283.37402
05/11/2020 15:00,283.18414
05/11/2020 16:00,283.07895
05/11/2020 17:00,283.029
05/11/2020 18:00,282.9343
05/11/2020 19:00,282.8967
05/11/2020 20:00,282.90143
05/11/2020 21:00,282.86526
05/11/2020 22:00,282.79578
05/11/2020 23:00,282.63828
06/11/2020 0:00,282.52692
06/11/2020 1:00,282.3556
06/11/2020 2:00,282.14618
06/11/2020 3:00,281.89014
06/11/2020 4:00,281.56747
06/11/2020 5:00,281.32047
06/11/2020 6:00,280.9626
06/11/2020 7:00,280.46622
06/11/2020 8:00,281.22958
06/11/2020 9:00,282.36795
06/11/2020 10:00,283.5639
06/11/2020 11:00,284.52762
06/11/2020 12:00,285.0335
06/11/2020 13:00,285.2586
06/11/2020 14:00,285.0911
06/11/2020 15:00,284.5243
06/11/2020 16:00,283.08752
06/11/2020 17:00,282.10144
06/11/2020 18:00,280.93738
06/11/2020 19:00,281.4423
06/11/2020 20:00,280.90692
06/11/2020 21:00,280.49905
06/11/2020 22:00,280.00888
06/11/2020 23:00,279.61813
07/11/2020 0:00,279.26263
07/11/2020 1:00,278.9395
07/11/2020 2:00,278.594
07/11/2020 3:00,278.00433
07/11/2020 4:00,278.14902
07/11/2020 5:00,278.1942
07/11/2020 6:00,278.1747
07/11/2020 7:00,277.15198
07/11/2020 8:00,279.44778
07/11/2020 9:00,281.74402
07/11/2020 10:00,283.45587
07/11/2020 11:00,284.69418
07/11/2020 12:00,285.51276
07/11/2020 13:00,285.8868
07/11/2020 14:00,285.7393
07/11/2020 15:00,284.6623
07/11/2020 16:00,283.21793
07/11/2020 17:00,282.13617
07/11/2020 18:00,281.1658
07/11/2020 19:00,280.25967
07/11/2020 20:00,279.51154
07/11/2020 21:00,278.71487
07/11/2020 22:00,278.0348
07/11/2020 23:00,277.53128
08/11/2020 0:00,277.14627
08/11/2020 1:00,276.91354
08/11/2020 2:00,276.66608
08/11/2020 3:00,276.39148
08/11/2020 4:00,276.03265
08/11/2020 5:00,276.02884
08/11/2020 6:00,276.33722
08/11/2020 7:00,277.478
08/11/2020 8:00,278.50214
08/11/2020 9:00,279.66858
08/11/2020 10:00,281.27145
08/11/2020 11:00,282.59497
08/11/2020 12:00,283.6805
08/11/2020 13:00,284.31775
08/11/2020 14:00,284.37485
08/11/2020 15:00,283.8147
08/11/2020 16:00,282.051
08/11/2020 17:00,280.9469
08/11/2020 18:00,280.72177
08/11/2020 19:00,279.17365
08/11/2020 20:00,278.1495
08/11/2020 21:00,278.2694
08/11/2020 22:00,277.89346
08/11/2020 23:00,277.72592
09/11/2020 0:00,277.62885
09/11/2020 1:00,277.81256
09/11/2020 2:00,278.3094
09/11/2020 3:00,278.51736
09/11/2020 4:00,278.8034
09/11/2020 5:00,279.06848
09/11/2020 6:00,279.28357
09/11/2020 7:00,280.07217
09/11/2020 8:00,280.94592
09/11/2020 9:00,281.66312
09/11/2020 10:00,282.1752
09/11/2020 11:00,282.7111
09/11/2020 12:00,283.0528
09/11/2020 13:00,283.1075
09/11/2020 14:00,283.18652
09/11/2020 15:00,283.0228
09/11/2020 16:00,282.50357
09/11/2020 17:00,282.23755
09/11/2020 18:00,282.0562
09/11/2020 19:00,281.7502
09/11/2020 20:00,281.56415
09/11/2020 21:00,281.44278
09/11/2020 22:00,281.4166
09/11/2020 23:00,281.36475
10/11/2020 0:00,281.31668
10/11/2020 1:00,281.32
10/11/2020 2:00,281.30334
10/11/2020 3:00,281.1996
10/11/2020 4:00,281.20865
10/11/2020 5:00,281.123
10/11/2020 6:00,281.02826
10/11/2020 7:00,280.93738
10/11/2020 8:00,281.07016
10/11/2020 9:00,281.24005
10/11/2020 10:00,281.41327
10/11/2020 11:00,281.63028
10/11/2020 12:00,281.57507
10/11/2020 13:00,281.56366
10/11/2020 14:00,281.3752
10/11/2020 15:00,281.10345
10/11/2020 16:00,280.81934
10/11/2020 17:00,280.62994
10/11/2020 18:00,280.46146
10/11/2020 19:00,280.1826
10/11/2020 20:00,280.08072
10/11/2020 21:00,279.99173
10/11/2020 22:00,279.86514
10/11/2020 23:00,279.70047
11/11/2020 0:00,279.58435
11/11/2020 1:00,279.6172
11/11/2020 2:00,279.68573
11/11/2020 3:00,279.48584
11/11/2020 4:00,279.58722
11/11/2020 5:00,279.503
11/11/2020 6:00,279.48965
11/11/2020 7:00,280.12878
11/11/2020 8:00,280.4805
11/11/2020 9:00,281.04398
11/11/2020 10:00,281.30142
11/11/2020 11:00,281.57175
11/11/2020 12:00,281.46848
11/11/2020 13:00,281.42612
11/11/2020 14:00,281.3395
11/11/2020 15:00,281.11823
11/11/2020 16:00,280.91406
11/11/2020 17:00,280.747
11/11/2020 18:00,280.63516
11/11/2020 19:00,280.1707
11/11/2020 20:00,280.0717
11/11/2020 21:00,279.94937
11/11/2020 22:00,279.94177
11/11/2020 23:00,279.75806
12/11/2020 0:00,279.7314
12/11/2020 1:00,279.6272
12/11/2020 2:00,279.3716
12/11/2020 3:00,278.73343
12/11/2020 4:00,278.03384
12/11/2020 5:00,277.96628
12/11/2020 6:00,277.8035
12/11/2020 7:00,279.1051
12/11/2020 8:00,279.73093
12/11/2020 9:00,280.23303
12/11/2020 10:00,281.13486
12/11/2020 11:00,281.76117
12/11/2020 12:00,282.22995
12/11/2020 13:00,282.7801
12/11/2020 14:00,282.82672
12/11/2020 15:00,282.54785
12/11/2020 16:00,282.00674
12/11/2020 17:00,281.91916
12/11/2020 18:00,281.66455
12/11/2020 19:00,280.53427
12/11/2020 20:00,280.40768
12/11/2020 21:00,280.46622
12/11/2020 22:00,280.3306
12/11/2020 23:00,279.6205
13/11/2020 0:00,278.67584
13/11/2020 1:00,279.18173
13/11/2020 2:00,278.23563
13/11/2020 3:00,276.92163
13/11/2020 4:00,276.9735
13/11/2020 5:00,276.6223
13/11/2020 6:00,276.74985
13/11/2020 7:00,277.64645
13/11/2020 8:00,278.949
13/11/2020 9:00,280.19305
13/11/2020 10:00,281.59317
13/11/2020 11:00,283.08325
13/11/2020 12:00,283.8942
13/11/2020 13:00,284.72702
13/11/2020 14:00,284.57092
13/11/2020 15:00,284.0998
13/11/2020 16:00,282.90717
13/11/2020 17:00,281.91583
13/11/2020 18:00,280.67563
13/11/2020 19:00,280.994
13/11/2020 20:00,280.9307
13/11/2020 21:00,280.8755
13/11/2020 22:00,280.05264
13/11/2020 23:00,279.7119
14/11/2020 0:00,279.2855
14/11/2020 1:00,279.22552
14/11/2020 2:00,278.88287
14/11/2020 3:00,278.8881
14/11/2020 4:00,278.19138
14/11/2020 5:00,277.7859
14/11/2020 6:00,277.89868
14/11/2020 7:00,279.29214
14/11/2020 8:00,280.2397
14/11/2020 9:00,281.6717
14/11/2020 10:00,282.76532
14/11/2020 11:00,283.98557
14/11/2020 12:00,284.6742
14/11/2020 13:00,285.33142
14/11/2020 14:00,285.24957
14/11/2020 15:00,284.74084
14/11/2020 16:00,283.5244
14/11/2020 17:00,282.55832
14/11/2020 18:00,281.6027
14/11/2020 19:00,281.5213
14/11/2020 20:00,281.3214
14/11/2020 21:00,281.1044
14/11/2020 22:00,281.0849
14/11/2020 23:00,280.76318
15/11/2020 0:00,280.54712
15/11/2020 1:00,280.21112
15/11/2020 2:00,279.8523
15/11/2020 3:00,279.36496
15/11/2020 4:00,279.33975
15/11/2020 5:00,279.16888
15/11/2020 6:00,279.1603
15/11/2020 7:00,279.8385
15/11/2020 8:00,280.82028
15/11/2020 9:00,282.01578
15/11/2020 10:00,282.8529
15/11/2020 11:00,283.93463
15/11/2020 12:00,284.66992
15/11/2020 13:00,284.92215
15/11/2020 14:00,284.69894
15/11/2020 15:00,284.01364
15/11/2020 16:00,283.11322
15/11/2020 17:00,282.7087
15/11/2020 18:00,282.15475
15/11/2020 19:00,282.18997
15/11/2020 20:00,281.81827
15/11/2020 21:00,281.44705
15/11/2020 22:00,280.86502
15/11/2020 23:00,280.75082
16/11/2020 0:00,280.32486
16/11/2020 1:00,279.99744
16/11/2020 2:00,279.57626
16/11/2020 3:00,279.28595
16/11/2020 4:00,279.14508
16/11/2020 5:00,279.01706
16/11/2020 6:00,279.2041
16/11/2020 7:00,280.0888
16/11/2020 8:00,282.505
16/11/2020 9:00,283.8523
16/11/2020 10:00,284.93216
16/11/2020 11:00,286.27374
16/11/2020 12:00,286.3413
16/11/2020 13:00,286.0886
16/11/2020 14:00,285.51324
16/11/2020 15:00,284.57712
16/11/2020 16:00,283.59485
16/11/2020 17:00,282.98093
16/11/2020 18:00,282.6654
16/11/2020 19:00,282.34653
16/11/2020 20:00,282.05148
16/11/2020 21:00,281.84396
16/11/2020 22:00,281.52844
16/11/2020 23:00,281.2586
17/11/2020 0:00,281.14487
17/11/2020 1:00,281.2391
17/11/2020 2:00,281.28525
17/11/2020 3:00,281.28146
17/11/2020 4:00,281.34998
17/11/2020 5:00,281.3752
17/11/2020 6:00,281.13058
17/11/2020 7:00,280.86218
17/11/2020 8:00,281.21005
17/11/2020 9:00,282.07193
17/11/2020 10:00,282.8862
17/11/2020 11:00,283.82184
17/11/2020 12:00,284.6975
17/11/2020 13:00,285.18484
17/11/2020 14:00,285.1349
17/11/2020 15:00,284.56808
17/11/2020 16:00,283.0975
17/11/2020 17:00,282.45172
17/11/2020 18:00,281.38235
17/11/2020 19:00,279.55865
17/11/2020 20:00,279.641
17/11/2020 21:00,280.23825
17/11/2020 22:00,280.32153
17/11/2020 23:00,279.86847
18/11/2020 0:00,279.19363
18/11/2020 1:00,278.55258
18/11/2020 2:00,278.23895
18/11/2020 3:00,277.86966
18/11/2020 4:00,277.43704
18/11/2020 5:00,277.10486
18/11/2020 6:00,277.03302
18/11/2020 7:00,277.81113
18/11/2020 8:00,279.64288
18/11/2020 9:00,281.37234
18/11/2020 10:00,282.64206
18/11/2020 11:00,283.93845
18/11/2020 12:00,284.66183
18/11/2020 13:00,284.8641
18/11/2020 14:00,284.50763
18/11/2020 15:00,283.50348
18/11/2020 16:00,282.17996
18/11/2020 17:00,281.13345
18/11/2020 18:00,280.45004
18/11/2020 19:00,279.64813
18/11/2020 20:00,279.5677
18/11/2020 21:00,279.48395
18/11/2020 22:00,279.4911
18/11/2020 23:00,279.7162
19/11/2020 0:00,279.72046
19/11/2020 1:00,279.6329
19/11/2020 2:00,279.73093
19/11/2020 3:00,279.7195
19/11/2020 4:00,279.1432
19/11/2020 5:00,278.39267
19/11/2020 6:00,277.76544
19/11/2020 7:00,278.9295
19/11/2020 8:00,280.05835
19/11/2020 9:00,280.5376
19/11/2020 10:00,281.01257
19/11/2020 11:00,281.35284
19/11/2020 12:00,281.5903
19/11/2020 13:00,281.8083
19/11/2020 14:00,281.77353
19/11/2020 15:00,281.51132
19/11/2020 16:00,281.18674
19/11/2020 17:00,280.98685
19/11/2020 18:00,280.7213
19/11/2020 19:00,279.4216
19/11/2020 20:00,279.09225
19/11/2020 21:00,278.88953
19/11/2020 22:00,279.04562
19/11/2020 23:00,279.0975
20/11/2020 0:00,279.03943
20/11/2020 1:00,279.47348
20/11/2020 2:00,280.13116
20/11/2020 3:00,280.4943
20/11/2020 4:00,280.5909
20/11/2020 5:00,280.55615
20/11/2020 6:00,280.44336
20/11/2020 7:00,280.2925
20/11/2020 8:00,280.45004
20/11/2020 9:00,280.63516
20/11/2020 10:00,280.74844
20/11/2020 11:00,280.95306
20/11/2020 12:00,281.0278
20/11/2020 13:00,281.03683
20/11/2020 14:00,280.80936
20/11/2020 15:00,280.3953
20/11/2020 16:00,279.79947
20/11/2020 17:00,279.31168
20/11/2020 18:00,278.92902
20/11/2020 19:00,278.5245
20/11/2020 20:00,278.18994
20/11/2020 21:00,277.7464
20/11/2020 22:00,277.27905
20/11/2020 23:00,276.72604
21/11/2020 0:00,276.12497
21/11/2020 1:00,275.65048
21/11/2020 2:00,275.22028
21/11/2020 3:00,274.7772
21/11/2020 4:00,274.3955
21/11/2020 5:00,274.0105
21/11/2020 6:00,273.50842
21/11/2020 7:00,273.5046
21/11/2020 8:00,275.18887
21/11/2020 9:00,276.54996
21/11/2020 10:00,277.86063
21/11/2020 11:00,278.7758
21/11/2020 12:00,279.20935
21/11/2020 13:00,279.30118
21/11/2020 14:00,278.96185
21/11/2020 15:00,277.92676
21/11/2020 16:00,276.66132
21/11/2020 17:00,275.59387
21/11/2020 18:00,274.54733
21/11/2020 19:00,273.56458
21/11/2020 20:00,272.72174
21/11/2020 21:00,272.065
21/11/2020 22:00,271.8475
21/11/2020 23:00,271.75327
22/11/2020 0:00,271.87177
22/11/2020 1:00,271.94934
22/11/2020 2:00,272.0293
22/11/2020 3:00,272.03357
22/11/2020 4:00,271.8237
22/11/2020 5:00,271.35733
22/11/2020 6:00,271.64285
22/11/2020 7:00,272.2325
22/11/2020 8:00,274.1466
22/11/2020 9:00,275.6895
22/11/2020 10:00,276.5928
22/11/2020 11:00,277.2167
22/11/2020 12:00,277.4737
22/11/2020 13:00,277.53177
22/11/2020 14:00,277.26382
22/11/2020 15:00,276.48383
22/11/2020 16:00,275.76422
22/11/2020 17:00,274.8129
22/11/2020 18:00,273.5998
22/11/2020 19:00,273.1415
22/11/2020 20:00,273.0663
22/11/2020 21:00,272.33435
22/11/2020 22:00,272.07355
22/11/2020 23:00,271.59384
23/11/2020 0:00,271.32733
23/11/2020 1:00,271.29688
23/11/2020 2:00,271.0199
23/11/2020 3:00,271.008
23/11/2020 4:00,271.84988
23/11/2020 5:00,271.92175
23/11/2020 6:00,271.6086
23/11/2020 7:00,272.18634
23/11/2020 8:00,274.46643
23/11/2020 9:00,276.8022
23/11/2020 10:00,278.69156
23/11/2020 11:00,279.8304
23/11/2020 12:00,280.28442
23/11/2020 13:00,280.25253
23/11/2020 14:00,279.72238
23/11/2020 15:00,278.44266
23/11/2020 16:00,276.92737
23/11/2020 17:00,276.13925
23/11/2020 18:00,275.47964
23/11/2020 19:00,275.38208
23/11/2020 20:00,275.42206
23/11/2020 21:00,275.6224
23/11/2020 22:00,275.67477
23/11/2020 23:00,275.52057
24/11/2020 0:00,275.0161
24/11/2020 1:00,274.35458
24/11/2020 2:00,273.9158
24/11/2020 3:00,273.8668
24/11/2020 4:00,274.64395
24/11/2020 5:00,274.67868
24/11/2020 6:00,274.4969
24/11/2020 7:00,274.91522
24/11/2020 8:00,275.492
24/11/2020 9:00,278.40363
24/11/2020 10:00,279.57913
24/11/2020 11:00,280.30585
24/11/2020 12:00,280.75223
24/11/2020 13:00,280.737
24/11/2020 14:00,280.2811
24/11/2020 15:00,279.08084
24/11/2020 16:00,277.7664
24/11/2020 17:00,276.92688
24/11/2020 18:00,276.38528
24/11/2020 19:00,275.31497
24/11/2020 20:00,274.92853
24/11/2020 21:00,274.7453
24/11/2020 22:00,274.85764
24/11/2020 23:00,275.05322
25/11/2020 0:00,275.17126
25/11/2020 1:00,275.1194
25/11/2020 2:00,275.19504
25/11/2020 3:00,275.13318
25/11/2020 4:00,275.05893
25/11/2020 5:00,275.05228
25/11/2020 6:00,275.05417
25/11/2020 7:00,275.6205
25/11/2020 8:00,276.0217
25/11/2020 9:00,276.45715
25/11/2020 10:00,276.83218
25/11/2020 11:00,277.4775
25/11/2020 12:00,277.873
25/11/2020 13:00,278.08524
25/11/2020 14:00,278.24182
25/11/2020 15:00,277.9572
25/11/2020 16:00,277.3528
25/11/2020 17:00,276.37436
25/11/2020 18:00,275.64194
25/11/2020 19:00,275.89844
25/11/2020 20:00,275.1879
25/11/2020 21:00,274.9119
25/11/2020 22:00,274.53162
25/11/2020 23:00,274.19803
26/11/2020 0:00,273.82492
26/11/2020 1:00,273.45752
26/11/2020 2:00,273.14435
26/11/2020 3:00,272.68176
26/11/2020 4:00,272.4267
26/11/2020 5:00,272.28915
26/11/2020 6:00,271.94745
26/11/2020 7:00,273.43655
26/11/2020 8:00,274.6801
26/11/2020 9:00,275.76282
26/11/2020 10:00,276.74792
26/11/2020 11:00,277.64835
26/11/2020 12:00,278.43503
26/11/2020 13:00,278.74533
26/11/2020 14:00,278.61636
26/11/2020 15:00,278.10715
26/11/2020 16:00,277.17865
26/11/2020 17:00,276.5728
26/11/2020 18:00,276.0631
26/11/2020 19:00,275.33496
26/11/2020 20:00,275.32355
26/11/2020 21:00,275.11224
26/11/2020 22:00,274.72296
26/11/2020 23:00,274.90427
27/11/2020 0:00,274.6392
27/11/2020 1:00,274.91428
27/11/2020 2:00,274.82623
27/11/2020 3:00,274.77054
27/11/2020 4:00,274.81003
27/11/2020 5:00,274.7696
27/11/2020 6:00,274.85144
27/11/2020 7:00,275.35544
27/11/2020 8:00,275.80945
27/11/2020 9:00,276.25443
27/11/2020 10:00,276.76175
27/11/2020 11:00,277.2167
27/11/2020 12:00,277.5527
27/11/2020 13:00,277.79114
27/11/2020 14:00,277.81207
27/11/2020 15:00,277.70355
27/11/2020 16:00,277.54843
27/11/2020 17:00,277.30762
27/11/2020 18:00,277.1791
27/11/2020 19:00,275.95697
27/11/2020 20:00,275.77042
27/11/2020 21:00,275.68668
27/11/2020 22:00,275.6957
27/11/2020 23:00,275.65192
28/11/2020 0:00,275.57245
28/11/2020 1:00,275.56055
28/11/2020 2:00,275.55484
28/11/2020 3:00,275.5967
28/11/2020 4:00,275.6348
28/11/2020 5:00,275.65668
28/11/2020 6:00,275.61288
28/11/2020 7:00,275.1289
28/11/2020 8:00,275.4944
28/11/2020 9:00,275.68143
28/11/2020 10:00,275.88226
28/11/2020 11:00,276.04883
28/11/2020 12:00,276.1345
28/11/2020 13:00,275.99124
28/11/2020 14:00,276.01788
28/11/2020 15:00,275.82706
28/11/2020 16:00,275.4963
28/11/2020 17:00,275.0656
28/11/2020 18:00,274.58066
28/11/2020 19:00,273.82776
28/11/2020 20:00,273.6669
28/11/2020 21:00,273.74448
28/11/2020 22:00,273.81586
28/11/2020 23:00,273.79398
29/11/2020 0:00,273.73114
29/11/2020 1:00,273.55222
29/11/2020 2:00,273.47986
29/11/2020 3:00,273.4908
29/11/2020 4:00,273.04202
29/11/2020 5:00,272.73557
29/11/2020 6:00,272.46762
29/11/2020 7:00,272.64417
29/11/2020 8:00,274.38028
29/11/2020 9:00,275.7276
29/11/2020 10:00,276.5319
29/11/2020 11:00,277.4661
29/11/2020 12:00,277.8292
29/11/2020 13:00,278.0391
29/11/2020 14:00,277.82443
29/11/2020 15:00,277.39136
29/11/2020 16:00,276.83978
29/11/2020 17:00,275.96698
29/11/2020 18:00,275.11508
29/11/2020 19:00,274.66678
29/11/2020 20:00,274.5578
29/11/2020 21:00,274.17566
29/11/2020 22:00,274.35126
29/11/2020 23:00,274.26038
30/11/2020 0:00,274.14804
30/11/2020 1:00,274.27225
30/11/2020 2:00,274.62204
30/11/2020 3:00,274.59018
30/11/2020 4:00,274.34317
30/11/2020 5:00,274.08713
30/11/2020 6:00,273.63217
30/11/2020 7:00,273.71735
30/11/2020 8:00,275.33307
30/11/2020 9:00,276.49094
30/11/2020 10:00,277.40756
30/11/2020 11:00,278.22992
30/11/2020 12:00,278.6078
30/11/2020 13:00,278.65158
30/11/2020 14:00,278.3746
30/11/2020 15:00,277.8844
30/11/2020 16:00,276.77936
30/11/2020 17:00,276.0531
30/11/2020 18:00,275.423
30/11/2020 19:00,275.2417
30/11/2020 20:00,274.92093
30/11/2020 21:00,274.663
30/11/2020 22:00,274.0462
30/11/2020 23:00,273.74973
01/12/2020 0:00,273.35614
01/12/2020 1:00,273.32092
01/12/2020 2:00,272.98587
01/12/2020 3:00,272.98398
01/12/2020 4:00,272.7941
01/12/2020 5:00,272.49332
01/12/2020 6:00,272.24298
01/12/2020 7:00,271.64478
01/12/2020 8:00,273.0511
01/12/2020 9:00,274.75818
01/12/2020 10:00,275.71664
01/12/2020 11:00,276.2249
01/12/2020 12:00,276.4881
01/12/2020 13:00,276.3315
01/12/2020 14:00,275.68286
01/12/2020 15:00,273.98956
01/12/2020 16:00,272.79648
01/12/2020 17:00,272.4262
01/12/2020 18:00,272.0355
01/12/2020 19:00,272.50806
01/12/2020 20:00,272.42096
01/12/2020 21:00,272.371
01/12/2020 22:00,271.83466
01/12/2020 23:00,271.46298
02/12/2020 0:00,271.18265
02/12/2020 1:00,270.77194
02/12/2020 2:00,270.68533
02/12/2020 3:00,270.63013
02/12/2020 4:00,270.6211
02/12/2020 5:00,270.69818
02/12/2020 6:00,270.7967
02/12/2020 7:00,271.33542
02/12/2020 8:00,271.91223
02/12/2020 9:00,272.4952
02/12/2020 10:00,272.84357
02/12/2020 11:00,273.33188
02/12/2020 12:00,273.9215
02/12/2020 13:00,274.28845
02/12/2020 14:00,274.29367
02/12/2020 15:00,273.69354
02/12/2020 16:00,273.13675
02/12/2020 17:00,272.66702
02/12/2020 18:00,272.5371
02/12/2020 19:00,272.57755
02/12/2020 20:00,272.51044
02/12/2020 21:00,272.29962
02/12/2020 22:00,271.84894
02/12/2020 23:00,272.035
03/12/2020 0:00,272.2863
03/12/2020 1:00,272.26535
03/12/2020 2:00,272.21158
03/12/2020 3:00,272.31485
03/12/2020 4:00,272.48618
03/12/2020 5:00,272.64655
03/12/2020 6:00,272.96588
03/12/2020 7:00,273.03015
03/12/2020 8:00,273.61502
03/12/2020 9:00,274.13138
03/12/2020 10:00,274.58826
03/12/2020 11:00,275.0361
03/12/2020 12:00,275.3835
03/12/2020 13:00,275.58435
03/12/2020 14:00,275.52057
03/12/2020 15:00,275.0123
03/12/2020 16:00,274.53305
03/12/2020 17:00,274.27322
03/12/2020 18:00,274.06192
03/12/2020 19:00,273.8268
03/12/2020 20:00,273.71115
03/12/2020 21:00,273.65167
03/12/2020 22:00,273.62216
03/12/2020 23:00,273.57886
04/12/2020 0:00,273.5541
04/12/2020 1:00,273.56888
04/12/2020 2:00,273.7854
04/12/2020 3:00,273.87344
04/12/2020 4:00,273.9653
04/12/2020 5:00,274.02145
04/12/2020 6:00,273.9715
04/12/2020 7:00,273.26096
04/12/2020 8:00,273.53128
04/12/2020 9:00,273.9972
04/12/2020 10:00,274.8838
04/12/2020 11:00,275.74188
04/12/2020 12:00,276.51285
04/12/2020 13:00,276.7446
04/12/2020 14:00,276.91354
04/12/2020 15:00,276.15115
04/12/2020 16:00,275.4725
04/12/2020 17:00,275.1389
04/12/2020 18:00,275.48773
04/12/2020 19:00,275.07654
04/12/2020 20:00,274.87332
04/12/2020 21:00,274.93234
04/12/2020 22:00,275.16745
04/12/2020 23:00,275.54294
05/12/2020 0:00,276.03122
05/12/2020 1:00,276.57565
05/12/2020 2:00,276.36865
05/12/2020 3:00,276.41672
05/12/2020 4:00,276.4619
05/12/2020 5:00,276.5709
05/12/2020 6:00,276.81598
05/12/2020 7:00,276.39386
05/12/2020 8:00,278.0348
05/12/2020 9:00,280.13165
05/12/2020 10:00,282.32465
05/12/2020 11:00,283.908
05/12/2020 12:00,284.9669
05/12/2020 13:00,285.08728
05/12/2020 14:00,284.5238
05/12/2020 15:00,283.2579
05/12/2020 16:00,282.36795
05/12/2020 17:00,281.88348
05/12/2020 18:00,281.48132
05/12/2020 19:00,280.83694
05/12/2020 20:00,280.38104
05/12/2020 21:00,280.04837
05/12/2020 22:00,279.83707
05/12/2020 23:00,279.8347
06/12/2020 0:00,279.90225
06/12/2020 1:00,280.03696
06/12/2020 2:00,280.10263
06/12/2020 3:00,280.01315
06/12/2020 4:00,279.99222
06/12/2020 5:00,279.92938
06/12/2020 6:00,279.8261
06/12/2020 7:00,279.80374
06/12/2020 8:00,281.10345
06/12/2020 9:00,282.71347
06/12/2020 10:00,284.14166
06/12/2020 11:00,285.28528
06/12/2020 12:00,285.92203
06/12/2020 13:00,285.75165
06/12/2020 14:00,285.0635
06/12/2020 15:00,284.10455
06/12/2020 16:00,283.38116
06/12/2020 17:00,283.08514
06/12/2020 18:00,282.78152
06/12/2020 19:00,282.33224
06/12/2020 20:00,282.19235
06/12/2020 21:00,281.8749
06/12/2020 22:00,281.55176
06/12/2020 23:00,281.2091
07/12/2020 0:00,281.0097
07/12/2020 1:00,281.14294
07/12/2020 2:00,281.21814
07/12/2020 3:00,281.09586
07/12/2020 4:00,280.81314
07/12/2020 5:00,280.49524
07/12/2020 6:00,280.28015
07/12/2020 7:00,280.8065
07/12/2020 8:00,281.37473
07/12/2020 9:00,282.1871
07/12/2020 10:00,282.9695
07/12/2020 11:00,283.6334
07/12/2020 12:00,284.0446
07/12/2020 13:00,284.28586
07/12/2020 14:00,283.80472
07/12/2020 15:00,282.37747
07/12/2020 16:00,280.9802
07/12/2020 17:00,280.02124
07/12/2020 18:00,279.4092
07/12/2020 19:00,278.72202
07/12/2020 20:00,278.24942
07/12/2020 21:00,277.8568
07/12/2020 22:00,277.2548
07/12/2020 23:00,276.94876
08/12/2020 0:00,276.88358
08/12/2020 1:00,276.57043
08/12/2020 2:00,276.72272
08/12/2020 3:00,276.58612
08/12/2020 4:00,276.64563
08/12/2020 5:00,276.67703
08/12/2020 6:00,276.62134
08/12/2020 7:00,276.1521
08/12/2020 8:00,276.67038
08/12/2020 9:00,277.19244
08/12/2020 10:00,277.91248
08/12/2020 11:00,278.72153
08/12/2020 12:00,279.3207
08/12/2020 13:00,279.8009
08/12/2020 14:00,279.88037
08/12/2020 15:00,279.34784
08/12/2020 16:00,278.94998
08/12/2020 17:00,278.82004
08/12/2020 18:00,278.6178
08/12/2020 19:00,277.89917
08/12/2020 20:00,277.6907
08/12/2020 21:00,277.35474
08/12/2020 22:00,277.14056
08/12/2020 23:00,277.12915
09/12/2020 0:00,277.10678
09/12/2020 1:00,277.14343
09/12/2020 2:00,277.2053
09/12/2020 3:00,277.0059
09/12/2020 4:00,276.77603
09/12/2020 5:00,276.6047
09/12/2020 6:00,276.56757
09/12/2020 7:00,276.49762
09/12/2020 8:00,276.70605
09/12/2020 9:00,277.17816
09/12/2020 10:00,277.98865
09/12/2020 11:00,278.97614
09/12/2020 12:00,279.5301
09/12/2020 13:00,279.46634
09/12/2020 14:00,279.0818
09/12/2020 15:00,278.56686
09/12/2020 16:00,277.9558
09/12/2020 17:00,277.49225
09/12/2020 18:00,277.20956
09/12/2020 19:00,276.55328
09/12/2020 20:00,276.5214
09/12/2020 21:00,275.77374
09/12/2020 22:00,274.8562
09/12/2020 23:00,274.5283
10/12/2020 0:00,274.3784
10/12/2020 1:00,274.29843
10/12/2020 2:00,274.29224
10/12/2020 3:00,274.27084
10/12/2020 4:00,274.25226
10/12/2020 5:00,274.24084
10/12/2020 6:00,274.27844
10/12/2020 7:00,274.6844
10/12/2020 8:00,275.2574
10/12/2020 9:00,275.9051
10/12/2020 10:00,276.52332
10/12/2020 11:00,277.02728
10/12/2020 12:00,277.33615
10/12/2020 13:00,277.56412
10/12/2020 14:00,277.65692
10/12/2020 15:00,277.44467
10/12/2020 16:00,277.1377
10/12/2020 17:00,276.9364
10/12/2020 18:00,276.58804
10/12/2020 19:00,276.24918
10/12/2020 20:00,276.0155
10/12/2020 21:00,275.73853
10/12/2020 22:00,275.31497
10/12/2020 23:00,275.5734
11/12/2020 0:00,275.34875
11/12/2020 1:00,275.44775
11/12/2020 2:00,275.77234
11/12/2020 3:00,275.9522
11/12/2020 4:00,276.10928
11/12/2020 5:00,276.22824
11/12/2020 6:00,276.25586
11/12/2020 7:00,276.282
11/12/2020 8:00,276.65228
11/12/2020 9:00,277.17197
11/12/2020 10:00,277.8763
11/12/2020 11:00,278.26846
11/12/2020 12:00,278.42172
11/12/2020 13:00,278.36603
11/12/2020 14:00,278.10046
11/12/2020 15:00,277.8016
11/12/2020 16:00,277.58554
11/12/2020 17:00,277.38138
11/12/2020 18:00,277.24954
11/12/2020 19:00,276.7922
11/12/2020 20:00,276.57376
11/12/2020 21:00,276.5709
11/12/2020 22:00,276.39862
11/12/2020 23:00,276.22064
12/12/2020 0:00,276.29962
12/12/2020 1:00,276.2449
12/12/2020 2:00,276.2568
12/12/2020 3:00,276.2192
12/12/2020 4:00,276.065
12/12/2020 5:00,276.00266
12/12/2020 6:00,276.06595
12/12/2020 7:00,276.4305
12/12/2020 8:00,276.77936
12/12/2020 9:00,277.0116
12/12/2020 10:00,277.3971
12/12/2020 11:00,277.71738
12/12/2020 12:00,277.88013
12/12/2020 13:00,278.03717
12/12/2020 14:00,277.9896
12/12/2020 15:00,277.72736
12/12/2020 16:00,277.61267
12/12/2020 17:00,277.56842
12/12/2020 18:00,277.51035
12/12/2020 19:00,277.3114
12/12/2020 20:00,277.20673
12/12/2020 21:00,277.2524
12/12/2020 22:00,277.32523
12/12/2020 23:00,277.37375
13/12/2020 0:00,277.34473
13/12/2020 1:00,277.4656
13/12/2020 2:00,277.53033
13/12/2020 3:00,277.56982
13/12/2020 4:00,277.56366
13/12/2020 5:00,277.58792
13/12/2020 6:00,277.56268
13/12/2020 7:00,277.36566
13/12/2020 8:00,277.63266
13/12/2020 9:00,277.9144
13/12/2020 10:00,278.2637
13/12/2020 11:00,278.67917
13/12/2020 12:00,278.91095
13/12/2020 13:00,279.22363
13/12/2020 14:00,279.25742
13/12/2020 15:00,279.05753
13/12/2020 16:00,278.80103
13/12/2020 17:00,278.37317
13/12/2020 18:00,278.27704
13/12/2020 19:00,277.952
13/12/2020 20:00,277.8254
13/12/2020 21:00,277.6593
13/12/2020 22:00,277.64978
13/12/2020 23:00,277.49463
14/12/2020 0:00,277.55603
14/12/2020 1:00,277.468
14/12/2020 2:00,277.55936
14/12/2020 3:00,277.53748
14/12/2020 4:00,277.5227
14/12/2020 5:00,277.478
14/12/2020 6:00,277.33902
14/12/2020 7:00,277.43658
14/12/2020 8:00,277.72784
14/12/2020 9:00,278.63873
14/12/2020 10:00,279.56674
14/12/2020 11:00,280.28964
14/12/2020 12:00,280.648
14/12/2020 13:00,280.65326
14/12/2020 14:00,280.57043
14/12/2020 15:00,280.23492
14/12/2020 16:00,279.2598
14/12/2020 17:00,278.57306
14/12/2020 18:00,277.89822
14/12/2020 19:00,277.17435
14/12/2020 20:00,276.86026
14/12/2020 21:00,276.51712
14/12/2020 22:00,276.00504
14/12/2020 23:00,276.3006
15/12/2020 0:00,276.34247
15/12/2020 1:00,276.09406
15/12/2020 2:00,275.88748
15/12/2020 3:00,275.5539
15/12/2020 4:00,275.30307
15/12/2020 5:00,275.06512
15/12/2020 6:00,274.9214
15/12/2020 7:00,275.33163
15/12/2020 8:00,275.78757
15/12/2020 9:00,276.20016
15/12/2020 10:00,276.58328
15/12/2020 11:00,277.20956
15/12/2020 12:00,277.68787
15/12/2020 13:00,278.00577
15/12/2020 14:00,278.06146
15/12/2020 15:00,277.79352
15/12/2020 16:00,277.4718
15/12/2020 17:00,277.00922
15/12/2020 18:00,276.36008
15/12/2020 19:00,276.49762
15/12/2020 20:00,276.33344
15/12/2020 21:00,276.03693
15/12/2020 22:00,275.84134
15/12/2020 23:00,275.74234
16/12/2020 0:00,275.15222
16/12/2020 1:00,274.69296
16/12/2020 2:00,274.56448
16/12/2020 3:00,274.27844
16/12/2020 4:00,274.3584
16/12/2020 5:00,274.17944
16/12/2020 6:00,273.83777
16/12/2020 7:00,274.56113
16/12/2020 8:00,275.54245
16/12/2020 9:00,276.2744
16/12/2020 10:00,277.45703
16/12/2020 11:00,278.48264
16/12/2020 12:00,279.30786
16/12/2020 13:00,279.79898
16/12/2020 14:00,279.76044
16/12/2020 15:00,279.03705
16/12/2020 16:00,277.4228
16/12/2020 17:00,276.18637
16/12/2020 18:00,275.45157
16/12/2020 19:00,274.8367
16/12/2020 20:00,274.26178
16/12/2020 21:00,273.73495
16/12/2020 22:00,273.59552
16/12/2020 23:00,273.4304
17/12/2020 0:00,273.17197
17/12/2020 1:00,273.3366
17/12/2020 2:00,274.01288
17/12/2020 3:00,274.08856
17/12/2020 4:00,274.16327
17/12/2020 5:00,274.2832
17/12/2020 6:00,274.34366
17/12/2020 7:00,274.6549
17/12/2020 8:00,275.3426
17/12/2020 9:00,276.0331
17/12/2020 10:00,276.8236
17/12/2020 11:00,277.68073
17/12/2020 12:00,278.34415
17/12/2020 13:00,278.73392
17/12/2020 14:00,278.69678
17/12/2020 15:00,278.37698
17/12/2020 16:00,277.99243
17/12/2020 17:00,277.71594
17/12/2020 18:00,277.46085
17/12/2020 19:00,277.112
17/12/2020 20:00,276.93735
17/12/2020 21:00,276.77078
17/12/2020 22:00,276.5885
17/12/2020 23:00,276.48383
18/12/2020 0:00,276.2706
18/12/2020 1:00,276.11926
18/12/2020 2:00,276.04123
18/12/2020 3:00,276.01456
18/12/2020 4:00,275.94174
18/12/2020 5:00,275.94843
18/12/2020 6:00,276.00742
18/12/2020 7:00,275.8718
18/12/2020 8:00,276.25537
18/12/2020 9:00,276.92926
18/12/2020 10:00,277.56223
18/12/2020 11:00,278.0229
18/12/2020 12:00,278.59113
18/12/2020 13:00,278.76675
18/12/2020 14:00,278.77197
18/12/2020 15:00,278.61206
18/12/2020 16:00,278.44455
18/12/2020 17:00,278.25656
18/12/2020 18:00,277.95294
18/12/2020 19:00,277.18958
18/12/2020 20:00,277.0059
18/12/2020 21:00,276.9973
18/12/2020 22:00,276.97162
18/12/2020 23:00,276.95163
19/12/2020 0:00,276.90213
19/12/2020 1:00,276.86884
19/12/2020 2:00,276.69702
19/12/2020 3:00,276.75507
19/12/2020 4:00,276.7527
19/12/2020 5:00,276.75745
19/12/2020 6:00,276.71652
19/12/2020 7:00,276.33582
19/12/2020 8:00,276.67227
19/12/2020 9:00,277.08823
19/12/2020 10:00,277.6336
19/12/2020 11:00,277.99103
19/12/2020 12:00,278.17804
19/12/2020 13:00,278.41077
19/12/2020 14:00,278.46646
19/12/2020 15:00,278.13522
19/12/2020 16:00,277.6988
19/12/2020 17:00,277.2105
19/12/2020 18:00,276.688
19/12/2020 19:00,276.62753
19/12/2020 20:00,276.42432
19/12/2020 21:00,276.3434
19/12/2020 22:00,276.10022
19/12/2020 23:00,275.90414
20/12/2020 0:00,275.90558
20/12/2020 1:00,275.66238
20/12/2020 2:00,275.4116
20/12/2020 3:00,275.22885
20/12/2020 4:00,275.3045
20/12/2020 5:00,275.45013
20/12/2020 6:00,275.44632
20/12/2020 7:00,275.6981
20/12/2020 8:00,275.97507
20/12/2020 9:00,276.69177
20/12/2020 10:00,277.28
20/12/2020 11:00,277.56366
20/12/2020 12:00,277.9439
20/12/2020 13:00,278.2385
20/12/2020 14:00,278.23135
20/12/2020 15:00,277.79303
20/12/2020 16:00,277.6141
20/12/2020 17:00,277.51416
20/12/2020 18:00,277.52414
20/12/2020 19:00,276.82693
20/12/2020 20:00,276.7503
20/12/2020 21:00,276.71463
20/12/2020 22:00,276.6956
20/12/2020 23:00,276.74033
21/12/2020 0:00,276.82693
21/12/2020 1:00,276.89737
21/12/2020 2:00,276.97543
21/12/2020 3:00,276.99255
21/12/2020 4:00,277.01968
21/12/2020 5:00,277.0035
21/12/2020 6:00,277.04727
21/12/2020 7:00,277.00873
21/12/2020 8:00,277.2267
21/12/2020 9:00,277.46323
21/12/2020 10:00,277.86063
21/12/2020 11:00,278.16757
21/12/2020 12:00,278.35983
21/12/2020 13:00,278.58447
21/12/2020 14:00,278.55923
21/12/2020 15:00,278.4255
21/12/2020 16:00,278.08618
21/12/2020 17:00,277.81207
21/12/2020 18:00,277.54224
21/12/2020 19:00,277.50275
21/12/2020 20:00,277.42087
21/12/2020 21:00,277.3528
21/12/2020 22:00,277.15436
21/12/2020 23:00,277.09964
22/12/2020 0:00,276.92688
22/12/2020 1:00,276.87024
22/12/2020 2:00,276.8117
22/12/2020 3:00,276.6937
22/12/2020 4:00,276.6147
22/12/2020 5:00,276.65656
22/12/2020 6:00,276.7232
22/12/2020 7:00,276.89072
22/12/2020 8:00,277.34283
22/12/2020 9:00,278.13284
22/12/2020 10:00,279.1356
22/12/2020 11:00,280.04504
22/12/2020 12:00,281.5013
22/12/2020 13:00,282.12524
22/12/2020 14:00,282.20758
22/12/2020 15:00,281.65076
22/12/2020 16:00,281.18484
22/12/2020 17:00,281.38806
22/12/2020 18:00,281.6717
22/12/2020 19:00,281.71594
22/12/2020 20:00,281.59555
22/12/2020 21:00,281.626
22/12/2020 22:00,281.25717
22/12/2020 23:00,280.95688
23/12/2020 0:00,280.69324
23/12/2020 1:00,280.68848
23/12/2020 2:00,280.59756
23/12/2020 3:00,280.7213
23/12/2020 4:00,280.28348
23/12/2020 5:00,279.89798
23/12/2020 6:00,279.76996
23/12/2020 7:00,279.8328
23/12/2020 8:00,280.92975
23/12/2020 9:00,282.62207
23/12/2020 10:00,284.21875
23/12/2020 11:00,285.23627
23/12/2020 12:00,285.71454
23/12/2020 13:00,285.76215
23/12/2020 14:00,285.4009
23/12/2020 15:00,284.51904
23/12/2020 16:00,284.03888
23/12/2020 17:00,283.8628
23/12/2020 18:00,283.4454
23/12/2020 19:00,283.41208
23/12/2020 20:00,283.26123
23/12/2020 21:00,283.26886
23/12/2020 22:00,283.2722
23/12/2020 23:00,283.15176
24/12/2020 0:00,283.16605
24/12/2020 1:00,283.4535
24/12/2020 2:00,283.69812
24/12/2020 3:00,283.87326
24/12/2020 4:00,283.937
24/12/2020 5:00,284.23257
24/12/2020 6:00,284.16452
24/12/2020 7:00,284.7061
24/12/2020 8:00,285.63412
24/12/2020 9:00,286.36606
24/12/2020 10:00,287.00522
24/12/2020 11:00,287.48065
24/12/2020 12:00,287.61008
24/12/2020 13:00,287.49112
24/12/2020 14:00,287.31122
24/12/2020 15:00,286.93097
24/12/2020 16:00,286.35703
24/12/2020 17:00,285.5194
24/12/2020 18:00,285.1425
24/12/2020 19:00,284.81366
24/12/2020 20:00,283.8485
24/12/2020 21:00,283.03897
24/12/2020 22:00,282.041
24/12/2020 23:00,281.14294
25/12/2020 0:00,280.44812
25/12/2020 1:00,280.10547
25/12/2020 2:00,279.90036
25/12/2020 3:00,279.86942
25/12/2020 4:00,279.84134
25/12/2020 5:00,279.67194
25/12/2020 6:00,279.56674
25/12/2020 7:00,279.55533
25/12/2020 8:00,279.78473
25/12/2020 9:00,280.1012
25/12/2020 10:00,280.52856
25/12/2020 11:00,280.79077
25/12/2020 12:00,280.64468
25/12/2020 13:00,280.5138
25/12/2020 14:00,280.04028
25/12/2020 15:00,279.7076
25/12/2020 16:00,279.23932
25/12/2020 17:00,278.7358
25/12/2020 18:00,278.33508
25/12/2020 19:00,277.75925
25/12/2020 20:00,277.458
25/12/2020 21:00,277.20767
25/12/2020 22:00,277.00827
25/12/2020 23:00,276.8098
26/12/2020 0:00,276.6299
26/12/2020 1:00,276.411
26/12/2020 2:00,276.09357
26/12/2020 3:00,275.64334
26/12/2020 4:00,275.29022
26/12/2020 5:00,275.04562
26/12/2020 6:00,274.8181
26/12/2020 7:00,274.801
26/12/2020 8:00,275.01517
26/12/2020 9:00,275.52295
26/12/2020 10:00,276.1031
26/12/2020 11:00,276.51712
26/12/2020 12:00,276.7703
26/12/2020 13:00,276.72986
26/12/2020 14:00,276.47476
26/12/2020 15:00,276.01886
26/12/2020 16:00,275.49963
26/12/2020 17:00,275.18933
26/12/2020 18:00,274.80338
26/12/2020 19:00,274.60968
26/12/2020 20:00,274.25226
26/12/2020 21:00,273.9848
26/12/2020 22:00,273.71497
26/12/2020 23:00,273.418
27/12/2020 0:00,273.23477
27/12/2020 1:00,272.8864
27/12/2020 2:00,272.47476
27/12/2020 3:00,272.22586
27/12/2020 4:00,271.97504
27/12/2020 5:00,271.95505
27/12/2020 6:00,271.7861
27/12/2020 7:00,272.49045
27/12/2020 8:00,273.18527
27/12/2020 9:00,273.8387
27/12/2020 10:00,274.51068
27/12/2020 11:00,274.69772
27/12/2020 12:00,275.02182
27/12/2020 13:00,275.26358
27/12/2020 14:00,275.32544
27/12/2020 15:00,275.3854
27/12/2020 16:00,275.31308
27/12/2020 17:00,275.18933
27/12/2020 18:00,275.12177
27/12/2020 19:00,274.92853
27/12/2020 20:00,275.07178
27/12/2020 21:00,275.02896
27/12/2020 22:00,274.8481
27/12/2020 23:00,274.48593
28/12/2020 0:00,274.1352
28/12/2020 1:00,273.76447
28/12/2020 2:00,273.9334
28/12/2020 3:00,274.22656
28/12/2020 4:00,274.31937
28/12/2020 5:00,274.28607
28/12/2020 6:00,274.0048
28/12/2020 7:00,273.98434
28/12/2020 8:00,275.19696
28/12/2020 9:00,276.89355
28/12/2020 10:00,278.7972
28/12/2020 11:00,279.99173
28/12/2020 12:00,280.2711
28/12/2020 13:00,280.82697
28/12/2020 14:00,281.20245
28/12/2020 15:00,280.85312
28/12/2020 16:00,280.57236
28/12/2020 17:00,280.29202
28/12/2020 18:00,280.0379
28/12/2020 19:00,280.36438
28/12/2020 20:00,279.79282
28/12/2020 21:00,279.6843
28/12/2020 22:00,280.29395
28/12/2020 23:00,280.61517
29/12/2020 0:00,280.55997
29/12/2020 1:00,280.40338
29/12/2020 2:00,279.88562
29/12/2020 3:00,279.39972
29/12/2020 4:00,279.22696
29/12/2020 5:00,279.18744
29/12/2020 6:00,279.40112
29/12/2020 7:00,279.8466
29/12/2020 8:00,280.9112
29/12/2020 9:00,282.34225
29/12/2020 10:00,283.7067
29/12/2020 11:00,284.79745
29/12/2020 12:00,285.4628
29/12/2020 13:00,285.5627
29/12/2020 14:00,285.11774
29/12/2020 15:00,283.6196
29/12/2020 16:00,281.9991
29/12/2020 17:00,280.81552
29/12/2020 18:00,280.10168
29/12/2020 19:00,279.641
29/12/2020 20:00,279.00757
29/12/2020 21:00,278.26657
29/12/2020 22:00,277.75876
29/12/2020 23:00,277.9025
30/12/2020 0:00,278.5426
30/12/2020 1:00,279.15558
30/12/2020 2:00,279.15936
30/12/2020 3:00,279.19934
30/12/2020 4:00,279.11606
30/12/2020 5:00,279.14175
30/12/2020 6:00,279.1227
30/12/2020 7:00,277.9972
30/12/2020 8:00,278.90332
30/12/2020 9:00,280.95117
30/12/2020 10:00,282.3551
30/12/2020 11:00,283.06134
30/12/2020 12:00,283.6505
30/12/2020 13:00,283.55392
30/12/2020 14:00,282.67157
30/12/2020 15:00,281.78354
30/12/2020 16:00,280.26157
30/12/2020 17:00,278.99756
30/12/2020 18:00,278.0448
30/12/2020 19:00,277.2976
30/12/2020 20:00,277.4837
30/12/2020 21:00,277.07965
30/12/2020 22:00,276.7741
30/12/2020 23:00,277.0116
31/12/2020 0:00,277.50082
31/12/2020 1:00,277.44943
31/12/2020 2:00,277.21765
31/12/2020 3:00,276.91592
31/12/2020 4:00,276.5928
31/12/2020 5:00,276.2625
31/12/2020 6:00,275.99933
31/12/2020 7:00,277.2738
31/12/2020 8:00,277.35236
31/12/2020 9:00,277.55554
31/12/2020 10:00,277.78876
31/12/2020 11:00,277.97913
31/12/2020 12:00,278.0205
31/12/2020 13:00,277.9972
31/12/2020 14:00,277.8644
31/12/2020 15:00,277.46753
31/12/2020 16:00,276.9992
31/12/2020 17:00,276.53235
31/12/2020 18:00,276.1064
31/12/2020 19:00,275.26547
31/12/2020 20:00,274.7263
31/12/2020 21:00,274.16803
31/12/2020 22:00,273.5608
31/12/2020 23:00,273.03824
